LocalDateTime,ODO_QC1,QualifierCode
2024-01-01 00:00:00,11.045645347494805,
2024-01-01 00:15:00,11.05549526668206,
2024-01-01 00:30:00,11.065345185869312,
2024-01-01 00:45:00,11.075195105056569,
2024-01-01 01:00:00,11.075045024243824,
2024-01-01 01:15:00,11.074894943431078,
2024-01-01 01:30:00,11.094744862618333,
2024-01-01 01:45:00,11.104594781805588,
2024-01-01 02:00:00,11.104444700992843,
2024-01-01 02:15:00,11.114294620180097,
2024-01-01 02:30:00,11.124144539367352,
2024-01-01 02:45:00,11.133994458554607,
2024-01-01 03:00:00,11.14384437774186,
2024-01-01 03:15:00,11.143694296929116,
2024-01-01 03:30:00,11.15354421611637,
2024-01-01 03:45:00,11.163394135303625,
2024-01-01 04:00:00,11.17324405449088,
2024-01-01 04:15:00,11.183093973678137,
2024-01-01 04:30:00,11.19294389286539,
2024-01-01 04:45:00,11.202793812052644,
2024-01-01 05:00:00,11.2026437312399,
2024-01-01 05:15:00,11.222493650427152,
2024-01-01 05:30:00,11.232343569614407,
2024-01-01 05:45:00,11.242193488801664,
2024-01-01 06:00:00,11.242043407988916,
2024-01-01 06:15:00,11.251893327176171,
2024-01-01 06:30:00,11.261743246363428,
2024-01-01 06:45:00,11.271593165550682,
2024-01-01 07:00:00,11.281443084737935,
2024-01-01 07:15:00,11.29129300392519,
2024-01-01 07:30:00,11.301142923112446,
2024-01-01 07:45:00,11.3109928422997,
2024-01-01 08:00:00,11.320842761486954,
2024-01-01 08:15:00,11.34069268067421,
2024-01-01 08:30:00,11.380542599861464,
2024-01-01 08:45:00,11.420392519048718,
2024-01-01 09:00:00,11.470242438235973,
2024-01-01 09:15:00,11.530092357423229,
2024-01-01 09:30:00,11.58994227661048,
2024-01-01 09:45:00,11.659792195797737,
2024-01-01 10:00:00,11.709642114984993,
2024-01-01 10:15:00,11.769492034172249,
2024-01-01 10:30:00,11.8193419533595,
2024-01-01 10:45:00,11.859191872546756,
2024-01-01 11:00:00,11.88904179173401,
2024-01-01 11:15:00,11.908891710921266,
2024-01-01 11:30:00,11.92874163010852,
2024-01-01 11:45:00,11.938591549295776,
2024-01-01 12:00:00,11.94844146848303,
2024-01-01 12:15:00,11.948291387670285,
2024-01-01 12:30:00,11.948141306857538,
2024-01-01 12:45:00,11.937991226044794,
2024-01-01 13:00:00,11.917841145232048,
2024-01-01 13:15:00,11.897691064419302,
2024-01-01 13:30:00,11.877540983606558,
2024-01-01 13:45:00,11.857390902793812,
2024-01-01 14:00:00,11.817240821981066,
2024-01-01 14:15:00,11.787090741168322,
2024-01-01 14:30:00,11.756940660355577,
2024-01-01 14:45:00,11.72679057954283,
2024-01-01 15:00:00,11.676640498730086,
2024-01-01 15:15:00,11.64649041791734,
2024-01-01 15:30:00,11.606340337104596,
2024-01-01 15:45:00,11.556190256291847,
2024-01-01 16:00:00,11.506040175479106,
2024-01-01 16:15:00,11.465890094666358,
2024-01-01 16:30:00,11.415740013853611,
2024-01-01 16:45:00,11.365589933040868,
2024-01-01 17:00:00,11.315439852228122,
2024-01-01 17:15:00,11.25528977141538,
2024-01-01 17:30:00,11.215139690602632,
2024-01-01 17:45:00,11.164989609789886,
2024-01-01 18:00:00,11.14483952897714,
2024-01-01 18:15:00,11.124689448164396,
2024-01-01 18:30:00,11.114539367351652,
2024-01-01 18:45:00,11.114389286538906,
2024-01-01 19:00:00,11.12423920572616,
2024-01-01 19:15:00,11.134089124913414,
2024-01-01 19:30:00,11.14393904410067,
2024-01-01 19:45:00,11.153788963287925,
2024-01-01 20:00:00,11.17363888247518,
2024-01-01 20:15:00,11.193488801662436,
2024-01-01 20:30:00,11.203338720849688,
2024-01-01 20:45:00,11.213188640036943,
2024-01-01 21:00:00,11.223038559224197,
2024-01-01 21:15:00,11.232888478411452,
2024-01-01 21:30:00,11.242738397598709,
2024-01-01 21:45:00,11.252588316785962,
2024-01-01 22:00:00,11.252438235973218,
2024-01-01 22:15:00,11.27228815516047,
2024-01-01 22:30:00,11.272138074347726,
2024-01-01 22:45:00,11.28198799353498,
2024-01-01 23:00:00,11.281837912722237,
2024-01-01 23:15:00,11.29168783190949,
2024-01-01 23:30:00,11.301537751096744,
2024-01-01 23:45:00,11.301387670284,
2024-01-02 00:00:00,11.311237589471254,
2024-01-02 00:15:00,11.311087508658508,
2024-01-02 00:30:00,11.320937427845765,
2024-01-02 00:45:00,11.330787347033016,
2024-01-02 01:00:00,11.340637266220272,
2024-01-02 01:15:00,11.350487185407529,
2024-01-02 01:30:00,11.360337104594782,
2024-01-02 01:45:00,11.380187023782035,
2024-01-02 02:00:00,11.38003694296929,
2024-01-02 02:15:00,11.399886862156546,
2024-01-02 02:30:00,11.4097367813438,
2024-01-02 02:45:00,11.419586700531056,
2024-01-02 03:00:00,11.429436619718311,
2024-01-02 03:15:00,11.429286538905563,
2024-01-02 03:30:00,11.43913645809282,
2024-01-02 03:45:00,11.438986377280074,
2024-01-02 04:00:00,11.43883629646733,
2024-01-02 04:15:00,11.438686215654585,
2024-01-02 04:30:00,11.448536134841838,
2024-01-02 04:45:00,11.448386054029092,
2024-01-02 05:00:00,11.448235973216349,
2024-01-02 05:15:00,11.468085892403602,
2024-01-02 05:30:00,11.477935811590855,
2024-01-02 05:45:00,11.47778573077811,
2024-01-02 06:00:00,11.487635649965366,
2024-01-02 06:15:00,11.48748556915262,
2024-01-02 06:30:00,11.497335488339877,
2024-01-02 06:45:00,11.49718540752713,
2024-01-02 07:00:00,11.507035326714384,
2024-01-02 07:15:00,11.51688524590164,
2024-01-02 07:30:00,11.516735165088894,
2024-01-02 07:45:00,11.51658508427615,
2024-01-02 08:00:00,11.526435003463405,
2024-01-02 08:15:00,11.546284922650658,
2024-01-02 08:30:00,11.566134841837911,
2024-01-02 08:45:00,11.605984761025168,
2024-01-02 09:00:00,11.655834680212422,
2024-01-02 09:15:00,11.715684599399676,
2024-01-02 09:30:00,11.775534518586932,
2024-01-02 09:45:00,11.835384437774186,
2024-01-02 10:00:00,11.89523435696144,
2024-01-02 10:15:00,11.955084276148696,
2024-01-02 10:30:00,12.00493419533595,
2024-01-02 10:45:00,12.034784114523204,
2024-01-02 11:00:00,12.064634033710458,
2024-01-02 11:15:00,12.084483952897717,
2024-01-02 11:30:00,12.104333872084968,
2024-01-02 11:45:00,12.124183791272223,
2024-01-02 12:00:00,12.11403371045948,
2024-01-02 12:15:00,12.123883629646732,
2024-01-02 12:30:00,12.113733548833988,
2024-01-02 12:45:00,12.103583468021242,
2024-01-02 13:00:00,12.083433387208498,
2024-01-02 13:15:00,12.053283306395752,
2024-01-02 13:30:00,12.023133225583006,
2024-01-02 13:45:00,11.992983144770262,
2024-01-02 14:00:00,11.952833063957517,
2024-01-02 14:15:00,11.922682983144773,
2024-01-02 14:30:00,11.882532902332024,
2024-01-02 14:45:00,11.84238282151928,
2024-01-02 15:00:00,11.812232740706534,
2024-01-02 15:15:00,11.772082659893789,
2024-01-02 15:30:00,11.721932579081043,
2024-01-02 15:45:00,11.691782498268298,
2024-01-02 16:00:00,11.641632417455552,
2024-01-02 16:15:00,11.591482336642809,
2024-01-02 16:30:00,11.551332255830062,
2024-01-02 16:45:00,11.501182175017318,
2024-01-02 17:00:00,11.441032094204571,
2024-01-02 17:15:00,11.380882013391826,
2024-01-02 17:30:00,11.330731932579084,
2024-01-02 17:45:00,11.280581851766335,
2024-01-02 18:00:00,11.250431770953591,
2024-01-02 18:15:00,11.220281690140844,
2024-01-02 18:30:00,11.2201316093281,
2024-01-02 18:45:00,11.219981528515357,
2024-01-02 19:00:00,11.209831447702609,
2024-01-02 19:15:00,11.229681366889864,
2024-01-02 19:30:00,11.23953128607712,
2024-01-02 19:45:00,11.249381205264374,
2024-01-02 20:00:00,11.259231124451627,
2024-01-02 20:15:00,11.279081043638882,
2024-01-02 20:30:00,11.288930962826138,
2024-01-02 20:45:00,11.298780882013393,
2024-01-02 21:00:00,11.308630801200646,
2024-01-02 21:15:00,11.3184807203879,
2024-01-02 21:30:00,11.328330639575157,
2024-01-02 21:45:00,11.328180558762412,
2024-01-02 22:00:00,11.338030477949664,
2024-01-02 22:15:00,11.33788039713692,
2024-01-02 22:30:00,11.337730316324174,
2024-01-02 22:45:00,11.33758023551143,
2024-01-02 23:00:00,11.347430154698683,
2024-01-02 23:15:00,11.35728007388594,
2024-01-02 23:30:00,11.357129993073194,
2024-01-02 23:45:00,11.356979912260448,
2024-01-03 00:00:00,11.356829831447705,
2024-01-03 00:15:00,11.366679750634956,
2024-01-03 00:30:00,11.366529669822212,
2024-01-03 00:45:00,11.376379589009469,
2024-01-03 01:00:00,11.38622950819672,
2024-01-03 01:15:00,11.386079427383976,
2024-01-03 01:30:00,11.39592934657123,
2024-01-03 01:45:00,11.405779265758486,
2024-01-03 02:00:00,11.41562918494574,
2024-01-03 02:15:00,11.425479104132997,
2024-01-03 02:30:00,11.43532902332025,
2024-01-03 02:45:00,11.435178942507504,
2024-01-03 03:00:00,11.44502886169476,
2024-01-03 03:15:00,11.454878780882012,
2024-01-03 03:30:00,11.454728700069268,
2024-01-03 03:45:00,11.464578619256525,
2024-01-03 04:00:00,11.464428538443777,
2024-01-03 04:15:00,11.464278457631032,
2024-01-03 04:30:00,11.464128376818286,
2024-01-03 04:45:00,11.47397829600554,
2024-01-03 05:00:00,11.463828215192796,
2024-01-03 05:15:00,11.47367813438005,
2024-01-03 05:30:00,11.473528053567303,
2024-01-03 05:45:00,11.46337797275456,
2024-01-03 06:00:00,11.463227891941814,
2024-01-03 06:15:00,11.46307781112907,
2024-01-03 06:30:00,11.462927730316324,
2024-01-03 06:45:00,11.46277764950358,
2024-01-03 07:00:00,11.462627568690833,
2024-01-03 07:15:00,11.462477487878088,
2024-01-03 07:30:00,11.462327407065342,
2024-01-03 07:45:00,11.462177326252595,
2024-01-03 08:00:00,11.472027245439852,
2024-01-03 08:15:00,11.491877164627107,
2024-01-03 08:30:00,11.511727083814362,
2024-01-03 08:45:00,11.551577003001617,
2024-01-03 09:00:00,11.601426922188873,
2024-01-03 09:15:00,11.661276841376129,
2024-01-03 09:30:00,11.74112676056338,
2024-01-03 09:45:00,11.820976679750636,
2024-01-03 10:00:00,11.880826598937889,
2024-01-03 10:15:00,11.930676518125145,
2024-01-03 10:30:00,11.9805264373124,
2024-01-03 10:45:00,12.020376356499654,
2024-01-03 11:00:00,12.030226275686909,
2024-01-03 11:15:00,12.040076194874162,
2024-01-03 11:30:00,12.079926114061418,
2024-01-03 11:45:00,12.099776033248672,
2024-01-03 12:00:00,12.099625952435929,
2024-01-03 12:15:00,12.079475871623185,
2024-01-03 12:30:00,12.059325790810435,
2024-01-03 12:45:00,12.029175709997691,
2024-01-03 13:00:00,11.999025629184946,
2024-01-03 13:15:00,11.9588755483722,
2024-01-03 13:30:00,11.938725467559456,
2024-01-03 13:45:00,11.91857538674671,
2024-01-03 14:00:00,11.878425305933964,
2024-01-03 14:15:00,11.81827522512122,
2024-01-03 14:30:00,11.758125144308474,
2024-01-03 14:45:00,11.727975063495728,
2024-01-03 15:00:00,11.707824982682984,
2024-01-03 15:15:00,11.707674901870238,
2024-01-03 15:30:00,11.717524821057491,
2024-01-03 15:45:00,11.717374740244749,
2024-01-03 16:00:00,11.707224659432,
2024-01-03 16:15:00,11.657074578619255,
2024-01-03 16:30:00,11.606924497806512,
2024-01-03 16:45:00,11.536774416993763,
2024-01-03 17:00:00,11.45662433618102,
2024-01-03 17:15:00,11.386474255368274,
2024-01-03 17:30:00,11.31632417455553,
2024-01-03 17:45:00,11.256174093742786,
2024-01-03 18:00:00,11.19602401293004,
2024-01-03 18:15:00,11.155873932117297,
2024-01-03 18:30:00,11.115723851304548,
2024-01-03 18:45:00,11.085573770491804,
2024-01-03 19:00:00,11.065423689679058,
2024-01-03 19:15:00,11.055273608866312,
2024-01-03 19:30:00,11.045123528053567,
2024-01-03 19:45:00,11.03497344724082,
2024-01-03 20:00:00,11.034823366428077,
2024-01-03 20:15:00,11.03467328561533,
2024-01-03 20:30:00,11.034523204802586,
2024-01-03 20:45:00,11.03437312398984,
2024-01-03 21:00:00,11.034223043177096,
2024-01-03 21:15:00,11.04407296236435,
2024-01-03 21:30:00,11.033922881551604,
2024-01-03 21:45:00,11.02377280073886,
2024-01-03 22:00:00,11.023622719926117,
2024-01-03 22:15:00,11.023472639113368,
2024-01-03 22:30:00,11.023322558300624,
2024-01-03 22:45:00,11.023172477487876,
2024-01-03 23:00:00,11.013022396675131,
2024-01-03 23:15:00,11.012872315862388,
2024-01-03 23:30:00,11.002722235049642,
2024-01-03 23:45:00,11.002572154236898,
2024-01-04 00:00:00,10.992422073424152,
2024-01-04 00:15:00,10.992271992611409,
2024-01-04 00:30:00,10.98212191179866,
2024-01-04 00:45:00,10.981971830985916,
2024-01-04 01:00:00,10.981821750173172,
2024-01-04 01:15:00,10.981671669360423,
2024-01-04 01:30:00,10.98152158854768,
2024-01-04 01:45:00,10.981371507734934,
2024-01-04 02:00:00,10.98122142692219,
2024-01-04 02:15:00,10.981071346109443,
2024-01-04 02:30:00,10.9809212652967,
2024-01-04 02:45:00,10.980771184483954,
2024-01-04 03:00:00,10.970621103671208,
2024-01-04 03:15:00,10.970471022858463,
2024-01-04 03:30:00,10.970320942045715,
2024-01-04 03:45:00,10.960170861232973,
2024-01-04 04:00:00,10.960020780420226,
2024-01-04 04:15:00,10.95987069960748,
2024-01-04 04:30:00,10.959720618794735,
2024-01-04 04:45:00,10.94957053798199,
2024-01-04 05:00:00,10.949420457169245,
2024-01-04 05:15:00,10.9392703763565,
2024-01-04 05:30:00,10.939120295543754,
2024-01-04 05:45:00,10.93897021473101,
2024-01-04 06:00:00,10.938820133918265,
2024-01-04 06:15:00,10.938670053105518,
2024-01-04 06:30:00,10.938519972292772,
2024-01-04 06:45:00,10.948369891480027,
2024-01-04 07:00:00,10.948219810667284,
2024-01-04 07:15:00,10.948069729854536,
2024-01-04 07:30:00,10.947919649041792,
2024-01-04 07:45:00,10.957769568229043,
2024-01-04 08:00:00,10.9576194874163,
2024-01-04 08:15:00,10.977469406603555,
2024-01-04 08:30:00,11.01731932579081,
2024-01-04 08:45:00,11.057169244978066,
2024-01-04 09:00:00,11.10701916416532,
2024-01-04 09:15:00,11.186869083352574,
2024-01-04 09:30:00,11.256719002539828,
2024-01-04 09:45:00,11.316568921727084,
2024-01-04 10:00:00,11.36641884091434,
2024-01-04 10:15:00,11.416268760101593,
2024-01-04 10:30:00,11.476118679288849,
2024-01-04 10:45:00,11.515968598476102,
2024-01-04 11:00:00,11.525818517663357,
2024-01-04 11:15:00,11.535668436850612,
2024-01-04 11:30:00,11.555518356037869,
2024-01-04 11:45:00,11.575368275225122,
2024-01-04 12:00:00,11.595218194412375,
2024-01-04 12:15:00,11.59506811359963,
2024-01-04 12:30:00,11.584918032786886,
2024-01-04 12:45:00,11.57476795197414,
2024-01-04 13:00:00,11.554617871161396,
2024-01-04 13:15:00,11.544467790348648,
2024-01-04 13:30:00,11.514317709535904,
2024-01-04 13:45:00,11.474167628723158,
2024-01-04 14:00:00,11.444017547910413,
2024-01-04 14:15:00,11.403867467097667,
2024-01-04 14:30:00,11.353717386284922,
2024-01-04 14:45:00,11.303567305472178,
2024-01-04 15:00:00,11.263417224659433,
2024-01-04 15:15:00,11.233267143846687,
2024-01-04 15:30:00,11.20311706303394,
2024-01-04 15:45:00,11.182966982221195,
2024-01-04 16:00:00,11.162816901408451,
2024-01-04 16:15:00,11.142666820595704,
2024-01-04 16:30:00,11.10251673978296,
2024-01-04 16:45:00,11.052366658970216,
2024-01-04 17:00:00,11.00221657815747,
2024-01-04 17:15:00,10.952066497344724,
2024-01-04 17:30:00,10.90191641653198,
2024-01-04 17:45:00,10.861766335719231,
2024-01-04 18:00:00,10.831616254906487,
2024-01-04 18:15:00,10.801466174093743,
2024-01-04 18:30:00,10.781316093280996,
2024-01-04 18:45:00,10.771166012468251,
2024-01-04 19:00:00,10.761015931655509,
2024-01-04 19:15:00,10.74086585084276,
2024-01-04 19:30:00,10.740715770030016,
2024-01-04 19:45:00,10.730565689217272,
2024-01-04 20:00:00,10.730415608404526,
2024-01-04 20:15:00,10.73026552759178,
2024-01-04 20:30:00,10.730115446779037,
2024-01-04 20:45:00,10.73996536596629,
2024-01-04 21:00:00,10.739815285153544,
2024-01-04 21:15:00,10.7396652043408,
2024-01-04 21:30:00,10.739515123528054,
2024-01-04 21:45:00,10.739365042715308,
2024-01-04 22:00:00,10.749214961902563,
2024-01-04 22:15:00,10.749064881089817,
2024-01-04 22:30:00,10.748914800277072,
2024-01-04 22:45:00,10.758764719464327,
2024-01-04 23:00:00,10.75861463865158,
2024-01-04 23:15:00,10.758464557838836,
2024-01-04 23:30:00,10.75831447702609,
2024-01-04 23:45:00,10.748164396213346,
2024-01-05 00:00:00,10.7580143154006,
2024-01-05 00:15:00,10.757864234587856,
2024-01-05 00:30:00,10.75771415377511,
2024-01-05 00:45:00,10.757564072962364,
2024-01-05 01:00:00,10.76741399214962,
2024-01-05 01:15:00,10.767263911336872,
2024-01-05 01:30:00,10.767113830524128,
2024-01-05 01:45:00,10.766963749711383,
2024-01-05 02:00:00,10.766813668898635,
2024-01-05 02:15:00,10.766663588085892,
2024-01-05 02:30:00,10.766513507273146,
2024-01-05 02:45:00,10.7763634264604,
2024-01-05 03:00:00,10.776213345647657,
2024-01-05 03:15:00,10.76606326483491,
2024-01-05 03:30:00,10.765913184022166,
2024-01-05 03:45:00,10.76576310320942,
2024-01-05 04:00:00,10.755613022396677,
2024-01-05 04:15:00,10.75546294158393,
2024-01-05 04:30:00,10.755312860771184,
2024-01-05 04:45:00,10.75516277995844,
2024-01-05 05:00:00,10.755012699145691,
2024-01-05 05:15:00,10.744862618332949,
2024-01-05 05:30:00,10.744712537520202,
2024-01-05 05:45:00,10.744562456707458,
2024-01-05 06:00:00,10.744412375894711,
2024-01-05 06:15:00,10.754262295081968,
2024-01-05 06:30:00,10.754112214269222,
2024-01-05 06:45:00,10.753962133456476,
2024-01-05 07:00:00,10.753812052643733,
2024-01-05 07:15:00,10.753661971830986,
2024-01-05 07:30:00,10.75351189101824,
2024-01-05 07:45:00,10.753361810205496,
2024-01-05 08:00:00,10.763211729392747,
2024-01-05 08:15:00,10.763061648580004,
2024-01-05 08:30:00,10.77291156776726,
2024-01-05 08:45:00,10.792761486954516,
2024-01-05 09:00:00,10.82261140614177,
2024-01-05 09:15:00,10.852461325329022,
2024-01-05 09:30:00,10.902311244516278,
2024-01-05 09:45:00,10.952161163703533,
2024-01-05 10:00:00,11.022011082890788,
2024-01-05 10:15:00,11.091861002078042,
2024-01-05 10:30:00,11.161710921265296,
2024-01-05 10:45:00,11.221560840452552,
2024-01-05 11:00:00,11.251410759639803,
2024-01-05 11:15:00,11.28126067882706,
2024-01-05 11:30:00,11.311110598014317,
2024-01-05 11:45:00,11.33096051720157,
2024-01-05 12:00:00,11.340810436388823,
2024-01-05 12:15:00,11.33066035557608,
2024-01-05 12:30:00,11.350510274763334,
2024-01-05 12:45:00,11.380360193950589,
2024-01-05 13:00:00,11.390210113137844,
2024-01-05 13:15:00,11.3900600323251,
2024-01-05 13:30:00,11.419909951512352,
2024-01-05 13:45:00,11.439759870699609,
2024-01-05 14:00:00,11.43960978988686,
2024-01-05 14:15:00,11.419459709074117,
2024-01-05 14:30:00,11.389309628261373,
2024-01-05 14:45:00,11.349159547448624,
2024-01-05 15:00:00,11.309009466635882,
2024-01-05 15:15:00,11.228859385823135,
2024-01-05 15:30:00,11.14870930501039,
2024-01-05 15:45:00,11.148559224197646,
2024-01-05 16:00:00,11.1484091433849,
2024-01-05 16:15:00,11.148259062572157,
2024-01-05 16:30:00,11.11810898175941,
2024-01-05 16:45:00,11.087958900946663,
2024-01-05 17:00:00,11.037808820133918,
2024-01-05 17:15:00,10.987658739321173,
2024-01-05 17:30:00,10.927508658508428,
2024-01-05 17:45:00,10.877358577695682,
2024-01-05 18:00:00,10.827208496882935,
2024-01-05 18:15:00,10.797058416070191,
2024-01-05 18:30:00,10.776908335257446,
2024-01-05 18:45:00,10.7567582544447,
2024-01-05 19:00:00,10.746608173631955,
2024-01-05 19:15:00,10.726458092819213,
2024-01-05 19:30:00,10.736308012006464,
2024-01-05 19:45:00,10.72615793119372,
2024-01-05 20:00:00,10.726007850380974,
2024-01-05 20:15:00,10.735857769568227,
2024-01-05 20:30:00,10.735707688755484,
2024-01-05 20:45:00,10.735557607942738,
2024-01-05 21:00:00,10.755407527129991,
2024-01-05 21:15:00,10.765257446317246,
2024-01-05 21:30:00,10.755107365504502,
2024-01-05 21:45:00,10.764957284691755,
2024-01-05 22:00:00,10.77480720387901,
2024-01-05 22:15:00,10.774657123066266,
2024-01-05 22:30:00,10.78450704225352,
2024-01-05 22:45:00,10.784356961440777,
2024-01-05 23:00:00,10.794206880628032,
2024-01-05 23:15:00,10.804056799815283,
2024-01-05 23:30:00,10.80390671900254,
2024-01-05 23:45:00,10.803756638189794,
2024-01-06 00:00:00,10.80360655737705,
2024-01-06 00:15:00,10.803456476564303,
2024-01-06 00:30:00,10.813306395751558,
2024-01-06 00:45:00,10.823156314938814,
2024-01-06 01:00:00,10.813006234126068,
2024-01-06 01:15:00,10.812856153313325,
2024-01-06 01:30:00,10.822706072500576,
2024-01-06 01:45:00,10.822555991687832,
2024-01-06 02:00:00,10.832405910875089,
2024-01-06 02:15:00,10.84225583006234,
2024-01-06 02:30:00,10.842105749249596,
2024-01-06 02:45:00,10.84195566843685,
2024-01-06 03:00:00,10.851805587624105,
2024-01-06 03:15:00,10.85165550681136,
2024-01-06 03:30:00,10.851505425998614,
2024-01-06 03:45:00,10.86135534518587,
2024-01-06 04:00:00,10.861205264373124,
2024-01-06 04:15:00,10.87105518356038,
2024-01-06 04:30:00,10.880905102747631,
2024-01-06 04:45:00,10.880755021934888,
2024-01-06 05:00:00,10.890604941122144,
2024-01-06 05:15:00,10.900454860309395,
2024-01-06 05:30:00,10.900304779496652,
2024-01-06 05:45:00,10.910154698683906,
2024-01-06 06:00:00,10.91000461787116,
2024-01-06 06:15:00,10.919854537058416,
2024-01-06 06:30:00,10.92970445624567,
2024-01-06 06:45:00,10.939554375432929,
2024-01-06 07:00:00,10.94940429462018,
2024-01-06 07:15:00,10.969254213807435,
2024-01-06 07:30:00,10.98910413299469,
2024-01-06 07:45:00,11.008954052181943,
2024-01-06 08:00:00,11.0288039713692,
2024-01-06 08:15:00,11.058653890556451,
2024-01-06 08:30:00,11.10850380974371,
2024-01-06 08:45:00,11.168353728930962,
2024-01-06 09:00:00,11.228203648118216,
2024-01-06 09:15:00,11.288053567305472,
2024-01-06 09:30:00,11.367903486492729,
2024-01-06 09:45:00,11.447753405679984,
2024-01-06 10:00:00,11.527603324867236,
2024-01-06 10:15:00,11.58745324405449,
2024-01-06 10:30:00,11.637303163241748,
2024-01-06 10:45:00,11.687153082429,
2024-01-06 11:00:00,11.727003001616255,
2024-01-06 11:15:00,11.746852920803509,
2024-01-06 11:30:00,11.776702839990763,
2024-01-06 11:45:00,11.796552759178018,
2024-01-06 12:00:00,11.796402678365274,
2024-01-06 12:15:00,11.79625259755253,
2024-01-06 12:30:00,11.786102516739785,
2024-01-06 12:45:00,11.785952435927038,
2024-01-06 13:00:00,11.755802355114293,
2024-01-06 13:15:00,11.735652274301549,
2024-01-06 13:30:00,11.715502193488804,
2024-01-06 13:45:00,11.665352112676056,
2024-01-06 14:00:00,11.645202031863311,
2024-01-06 14:15:00,11.625051951050564,
2024-01-06 14:30:00,11.60490187023782,
2024-01-06 14:45:00,11.574751789425076,
2024-01-06 15:00:00,11.55460170861233,
2024-01-06 15:15:00,11.524451627799586,
2024-01-06 15:30:00,11.47430154698684,
2024-01-06 15:45:00,11.414151466174092,
2024-01-06 16:00:00,11.354001385361348,
2024-01-06 16:15:00,11.293851304548603,
2024-01-06 16:30:00,11.223701223735858,
2024-01-06 16:45:00,11.143551142923112,
2024-01-06 17:00:00,11.073401062110367,
2024-01-06 17:15:00,11.00325098129762,
2024-01-06 17:30:00,10.953100900484875,
2024-01-06 17:45:00,10.892950819672132,
2024-01-06 18:00:00,10.852800738859386,
2024-01-06 18:15:00,10.82265065804664,
2024-01-06 18:30:00,10.802500577233896,
2024-01-06 18:45:00,10.79235049642115,
2024-01-06 19:00:00,10.782200415608404,
2024-01-06 19:15:00,10.77205033479566,
2024-01-06 19:30:00,10.771900253982915,
2024-01-06 19:45:00,10.771750173170169,
2024-01-06 20:00:00,10.781600092357424,
2024-01-06 20:15:00,10.781450011544678,
2024-01-06 20:30:00,10.791299930731933,
2024-01-06 20:45:00,10.791149849919188,
2024-01-06 21:00:00,10.800999769106442,
2024-01-06 21:15:00,10.790849688293696,
2024-01-06 21:30:00,10.80069960748095,
2024-01-06 21:45:00,10.790549526668206,
2024-01-06 22:00:00,10.790399445855462,
2024-01-06 22:15:00,10.790249365042715,
2024-01-06 22:30:00,10.79009928422997,
2024-01-06 22:45:00,10.789949203417224,
2024-01-06 23:00:00,10.78979912260448,
2024-01-06 23:15:00,10.789649041791732,
2024-01-06 23:30:00,10.789498960978989,
2024-01-06 23:45:00,10.789348880166244,
2024-01-07 00:00:00,10.779198799353498,
2024-01-07 00:15:00,10.769048718540754,
2024-01-07 00:30:00,10.768898637728007,
2024-01-07 00:45:00,10.768748556915265,
2024-01-07 01:00:00,10.758598476102517,
2024-01-07 01:15:00,10.768448395289772,
2024-01-07 01:30:00,10.768298314477027,
2024-01-07 01:45:00,10.77814823366428,
2024-01-07 02:00:00,10.787998152851536,
2024-01-07 02:15:00,10.797848072038793,
2024-01-07 02:30:00,10.807697991226044,
2024-01-07 02:45:00,10.8175479104133,
2024-01-07 03:00:00,10.827397829600551,
2024-01-07 03:15:00,10.827247748787808,
2024-01-07 03:30:00,10.827097667975062,
2024-01-07 03:45:00,10.826947587162318,
2024-01-07 04:00:00,10.816797506349571,
2024-01-07 04:15:00,10.816647425536829,
2024-01-07 04:30:00,10.816497344724082,
2024-01-07 04:45:00,10.816347263911336,
2024-01-07 05:00:00,10.826197183098593,
2024-01-07 05:15:00,10.826047102285846,
2024-01-07 05:30:00,10.8358970214731,
2024-01-07 05:45:00,10.835746940660355,
2024-01-07 06:00:00,10.835596859847607,
2024-01-07 06:15:00,10.845446779034866,
2024-01-07 06:30:00,10.85529669822212,
2024-01-07 06:45:00,10.855146617409376,
2024-01-07 07:00:00,10.86499653659663,
2024-01-07 07:15:00,10.864846455783884,
2024-01-07 07:30:00,10.86469637497114,
2024-01-07 07:45:00,10.874546294158392,
2024-01-07 08:00:00,10.884396213345648,
2024-01-07 08:15:00,10.894246132532905,
2024-01-07 08:30:00,10.924096051720158,
2024-01-07 08:45:00,10.973945970907412,
2024-01-07 09:00:00,11.023795890094666,
2024-01-07 09:15:00,11.07364580928192,
2024-01-07 09:30:00,11.163495728469176,
2024-01-07 09:45:00,11.24334564765643,
2024-01-07 10:00:00,11.313195566843683,
2024-01-07 10:15:00,11.38304548603094,
2024-01-07 10:30:00,11.422895405218195,
2024-01-07 10:45:00,11.48274532440545,
2024-01-07 11:00:00,11.552595243592704,
2024-01-07 11:15:00,11.60244516277996,
2024-01-07 11:30:00,11.652295081967212,
2024-01-07 11:45:00,11.672145001154467,
2024-01-07 12:00:00,11.691994920341722,
2024-01-07 12:15:00,11.701844839528976,
2024-01-07 12:30:00,11.701694758716233,
2024-01-07 12:45:00,11.701544677903486,
2024-01-07 13:00:00,11.691394597090742,
2024-01-07 13:15:00,11.671244516277996,
2024-01-07 13:30:00,11.64109443546525,
2024-01-07 13:45:00,11.620944354652506,
2024-01-07 14:00:00,11.59079427383976,
2024-01-07 14:15:00,11.570644193027016,
2024-01-07 14:30:00,11.560494112214268,
2024-01-07 14:45:00,11.560344031401524,
2024-01-07 15:00:00,11.560193950588776,
2024-01-07 15:15:00,11.570043869776033,
2024-01-07 15:30:00,11.549893788963288,
2024-01-07 15:45:00,11.509743708150545,
2024-01-07 16:00:00,11.459593627337798,
2024-01-07 16:15:00,11.39944354652505,
2024-01-07 16:30:00,11.339293465712307,
2024-01-07 16:45:00,11.269143384899564,
2024-01-07 17:00:00,11.188993304086816,
2024-01-07 17:15:00,11.108843223274071,
2024-01-07 17:30:00,11.038693142461325,
2024-01-07 17:45:00,10.97854306164858,
2024-01-07 18:00:00,10.928392980835834,
2024-01-07 18:15:00,10.888242900023087,
2024-01-07 18:30:00,10.858092819210343,
2024-01-07 18:45:00,10.8379427383976,
2024-01-07 19:00:00,10.827792657584853,
2024-01-07 19:15:00,10.807642576772109,
2024-01-07 19:30:00,10.807492495959362,
2024-01-07 19:45:00,10.807342415146618,
2024-01-07 20:00:00,10.807192334333871,
2024-01-07 20:15:00,10.817042253521128,
2024-01-07 20:30:00,10.836892172708382,
2024-01-07 20:45:00,10.836742091895635,
2024-01-07 21:00:00,10.846592011082892,
2024-01-07 21:15:00,10.856441930270146,
2024-01-07 21:30:00,10.8662918494574,
2024-01-07 21:45:00,10.876141768644654,
2024-01-07 22:00:00,10.88599168783191,
2024-01-07 22:15:00,10.885841607019165,
2024-01-07 22:30:00,10.895691526206418,
2024-01-07 22:45:00,10.905541445393672,
2024-01-07 23:00:00,10.905391364580929,
2024-01-07 23:15:00,10.915241283768184,
2024-01-07 23:30:00,10.915091202955438,
2024-01-07 23:45:00,10.924941122142693,
2024-01-08 00:00:00,10.924791041329948,
2024-01-08 00:15:00,10.924640960517202,
2024-01-08 00:30:00,10.924490879704456,
2024-01-08 00:45:00,10.924340798891713,
2024-01-08 01:00:00,10.914190718078968,
2024-01-08 01:15:00,10.934040637266222,
2024-01-08 01:30:00,10.933890556453475,
2024-01-08 01:45:00,10.94374047564073,
2024-01-08 02:00:00,10.943590394827984,
2024-01-08 02:15:00,10.95344031401524,
2024-01-08 02:30:00,10.963290233202493,
2024-01-08 02:45:00,10.973140152389748,
2024-01-08 03:00:00,10.982990071577005,
2024-01-08 03:15:00,10.992839990764256,
2024-01-08 03:30:00,10.992689909951512,
2024-01-08 03:45:00,11.012539829138769,
2024-01-08 04:00:00,11.012389748326022,
2024-01-08 04:15:00,11.022239667513276,
2024-01-08 04:30:00,11.03208958670053,
2024-01-08 04:45:00,11.041939505887786,
2024-01-08 05:00:00,11.04178942507504,
2024-01-08 05:15:00,11.051639344262297,
2024-01-08 05:30:00,11.06148926344955,
2024-01-08 05:45:00,11.081339182636803,
2024-01-08 06:00:00,11.09118910182406,
2024-01-08 06:15:00,11.101039021011314,
2024-01-08 06:30:00,11.120888940198569,
2024-01-08 06:45:00,11.130738859385822,
2024-01-08 07:00:00,11.16058877857308,
2024-01-08 07:15:00,11.170438697760334,
2024-01-08 07:30:00,11.190288616947589,
2024-01-08 07:45:00,11.210138536134842,
2024-01-08 08:00:00,11.229988455322095,
2024-01-08 08:15:00,11.23983837450935,
2024-01-08 08:30:00,11.279688293696609,
2024-01-08 08:45:00,11.32953821288386,
2024-01-08 09:00:00,11.379388132071115,
2024-01-08 09:15:00,11.45923805125837,
2024-01-08 09:30:00,11.549087970445624,
2024-01-08 09:45:00,11.62893788963288,
2024-01-08 10:00:00,11.698787808820134,
2024-01-08 10:15:00,11.76863772800739,
2024-01-08 10:30:00,11.818487647194642,
2024-01-08 10:45:00,11.878337566381898,
2024-01-08 11:00:00,11.918187485569153,
2024-01-08 11:15:00,11.948037404756407,
2024-01-08 11:30:00,11.977887323943662,
2024-01-08 11:45:00,11.997737243130915,
2024-01-08 12:00:00,12.027587162318172,
2024-01-08 12:15:00,12.037437081505423,
2024-01-08 12:30:00,12.03728700069268,
2024-01-08 12:45:00,12.047136919879936,
2024-01-08 13:00:00,12.03698683906719,
2024-01-08 13:15:00,12.036836758254443,
2024-01-08 13:30:00,12.0266866774417,
2024-01-08 13:45:00,12.006536596628957,
2024-01-08 14:00:00,11.986386515816209,
2024-01-08 14:15:00,11.956236435003463,
2024-01-08 14:30:00,11.91608635419072,
2024-01-08 14:45:00,11.875936273377972,
2024-01-08 15:00:00,11.855786192565228,
2024-01-08 15:15:00,11.845636111752482,
2024-01-08 15:30:00,11.815486030939736,
2024-01-08 15:45:00,11.785335950126992,
2024-01-08 16:00:00,11.745185869314248,
2024-01-08 16:15:00,11.7050357885015,
2024-01-08 16:30:00,11.674885707688755,
2024-01-08 16:45:00,11.62473562687601,
2024-01-08 17:00:00,11.574585546063268,
2024-01-08 17:15:00,11.51443546525052,
2024-01-08 17:30:00,11.454285384437776,
2024-01-08 17:45:00,11.40413530362503,
2024-01-08 18:00:00,11.363985222812284,
2024-01-08 18:15:00,11.343835141999538,
2024-01-08 18:30:00,11.333685061186792,
2024-01-08 18:45:00,11.333534980374049,
2024-01-08 19:00:00,11.333384899561302,
2024-01-08 19:15:00,11.333234818748558,
2024-01-08 19:30:00,11.343084737935811,
2024-01-08 19:45:00,11.352934657123066,
2024-01-08 20:00:00,11.362784576310322,
2024-01-08 20:15:00,11.372634495497577,
2024-01-08 20:30:00,11.39248441468483,
2024-01-08 20:45:00,11.392334333872084,
2024-01-08 21:00:00,11.41218425305934,
2024-01-08 21:15:00,11.412034172246596,
2024-01-08 21:30:00,11.41188409143385,
2024-01-08 21:45:00,11.421734010621105,
2024-01-08 22:00:00,11.431583929808358,
2024-01-08 22:15:00,11.431433848995614,
2024-01-08 22:30:00,11.431283768182867,
2024-01-08 22:45:00,11.441133687370122,
2024-01-08 23:00:00,11.450983606557378,
2024-01-08 23:15:00,11.460833525744633,
2024-01-08 23:30:00,11.470683444931886,
2024-01-08 23:45:00,11.48053336411914,
2024-01-09 00:00:00,11.490383283306397,
2024-01-09 00:15:00,11.500233202493652,
2024-01-09 00:30:00,11.500083121680904,
2024-01-09 00:45:00,11.50993304086816,
2024-01-09 01:00:00,11.519782960055414,
2024-01-09 01:15:00,11.51963287924267,
2024-01-09 01:30:00,11.529482798429925,
2024-01-09 01:45:00,11.529332717617178,
2024-01-09 02:00:00,11.529182636804434,
2024-01-09 02:15:00,11.529032555991687,
2024-01-09 02:30:00,11.538882475178942,
2024-01-09 02:45:00,11.528732394366196,
2024-01-09 03:00:00,11.538582313553452,
2024-01-09 03:15:00,11.528432232740707,
2024-01-09 03:30:00,11.52828215192796,
2024-01-09 03:45:00,11.528132071115216,
2024-01-09 04:00:00,11.51798199030247,
2024-01-09 04:15:00,11.507831909489726,
2024-01-09 04:30:00,11.49768182867698,
2024-01-09 04:45:00,11.497531747864237,
2024-01-09 05:00:00,11.48738166705149,
2024-01-09 05:15:00,11.477231586238744,
2024-01-09 05:30:00,11.467081505425998,
2024-01-09 05:45:00,11.466931424613252,
2024-01-09 06:00:00,11.456781343800507,
2024-01-09 06:15:00,11.446631262987763,
2024-01-09 06:30:00,11.436481182175015,
2024-01-09 06:45:00,11.436331101362272,
2024-01-09 07:00:00,11.416181020549526,
2024-01-09 07:15:00,11.416030939736782,
2024-01-09 07:30:00,11.395880858924038,
2024-01-09 07:45:00,11.38573077811129,
2024-01-09 08:00:00,11.385580697298543,
2024-01-09 08:15:00,11.3754306164858,
2024-01-09 08:30:00,11.385280535673054,
2024-01-09 08:45:00,11.40513045486031,
2024-01-09 09:00:00,11.434980374047564,
2024-01-09 09:15:00,11.49483029323482,
2024-01-09 09:30:00,11.554680212422072,
2024-01-09 09:45:00,11.594530131609329,
2024-01-09 10:00:00,11.63438005079658,
2024-01-09 10:15:00,11.694229969983835,
2024-01-09 10:30:00,11.744079889171092,
2024-01-09 10:45:00,11.803929808358346,
2024-01-09 11:00:00,11.843779727545602,
2024-01-09 11:15:00,11.853629646732855,
2024-01-09 11:30:00,11.86347956592011,
2024-01-09 11:45:00,11.853329485107366,
2024-01-09 12:00:00,11.84317940429462,
2024-01-09 12:15:00,11.833029323481876,
2024-01-09 12:30:00,11.83287924266913,
2024-01-09 12:45:00,11.842729161856385,
2024-01-09 13:00:00,11.852579081043638,
2024-01-09 13:15:00,11.862429000230891,
2024-01-09 13:30:00,11.852278919418149,
2024-01-09 13:45:00,11.842128838605404,
2024-01-09 14:00:00,11.841978757792658,
2024-01-09 14:15:00,11.821828676979912,
2024-01-09 14:30:00,11.791678596167166,
2024-01-09 14:45:00,11.771528515354422,
2024-01-09 15:00:00,11.751378434541676,
2024-01-09 15:15:00,11.731228353728932,
2024-01-09 15:30:00,11.701078272916185,
2024-01-09 15:45:00,11.64092819210344,
2024-01-09 16:00:00,11.570778111290696,
2024-01-09 16:15:00,11.470628030477949,
2024-01-09 16:30:00,11.380477949665204,
2024-01-09 16:45:00,11.32032786885246,
2024-01-09 17:00:00,11.230177788039716,
2024-01-09 17:15:00,11.150027707226968,
2024-01-09 17:30:00,11.089877626414223,
2024-01-09 17:45:00,11.049727545601478,
2024-01-09 18:00:00,11.019577464788732,
2024-01-09 18:15:00,10.999427383975988,
2024-01-09 18:30:00,10.99927730316324,
2024-01-09 18:45:00,10.999127222350497,
2024-01-09 19:00:00,10.998977141537752,
2024-01-09 19:15:00,10.998827060725006,
2024-01-09 19:30:00,11.00867697991226,
2024-01-09 19:45:00,11.008526899099516,
2024-01-09 20:00:00,11.01837681828677,
2024-01-09 20:15:00,11.018226737474023,
2024-01-09 20:30:00,11.038076656661278,
2024-01-09 20:45:00,11.047926575848534,
2024-01-09 21:00:00,11.057776495035789,
2024-01-09 21:15:00,11.067626414223044,
2024-01-09 21:30:00,11.057476333410298,
2024-01-09 21:45:00,11.057326252597552,
2024-01-09 22:00:00,11.057176171784809,
2024-01-09 22:15:00,11.057026090972062,
2024-01-09 22:30:00,11.056876010159318,
2024-01-09 22:45:00,11.056725929346571,
2024-01-09 23:00:00,11.066575848533828,
2024-01-09 23:15:00,11.066425767721082,
2024-01-09 23:30:00,11.076275686908335,
2024-01-09 23:45:00,11.07612560609559,
2024-01-10 00:00:00,11.075975525282844,
2024-01-10 00:15:00,11.0758254444701,
2024-01-10 00:30:00,11.075675363657354,
2024-01-10 00:45:00,11.06552528284461,
2024-01-10 01:00:00,11.055375202031865,
2024-01-10 01:15:00,11.055225121219118,
2024-01-10 01:30:00,11.055075040406374,
2024-01-10 01:45:00,11.054924959593627,
2024-01-10 02:00:00,11.054774878780885,
2024-01-10 02:15:00,11.054624797968138,
2024-01-10 02:30:00,11.054474717155392,
2024-01-10 02:45:00,11.054324636342647,
2024-01-10 03:00:00,11.0541745555299,
2024-01-10 03:15:00,11.054024474717156,
2024-01-10 03:30:00,11.053874393904412,
2024-01-10 03:45:00,11.053724313091664,
2024-01-10 04:00:00,11.06357423227892,
2024-01-10 04:15:00,11.063424151466174,
2024-01-10 04:30:00,11.07327407065343,
2024-01-10 04:45:00,11.073123989840685,
2024-01-10 05:00:00,11.082973909027938,
2024-01-10 05:15:00,11.082823828215194,
2024-01-10 05:30:00,11.082673747402447,
2024-01-10 05:45:00,11.082523666589704,
2024-01-10 06:00:00,11.082373585776956,
2024-01-10 06:15:00,11.082223504964212,
2024-01-10 06:30:00,11.092073424151469,
2024-01-10 06:45:00,11.09192334333872,
2024-01-10 07:00:00,11.091773262525976,
2024-01-10 07:15:00,11.09162318171323,
2024-01-10 07:30:00,11.091473100900483,
2024-01-10 07:45:00,11.09132302008774,
2024-01-10 08:00:00,11.091172939274994,
2024-01-10 08:15:00,11.10102285846225,
2024-01-10 08:30:00,11.120872777649502,
2024-01-10 08:45:00,11.14072269683676,
2024-01-10 09:00:00,11.180572616024012,
2024-01-10 09:15:00,11.210422535211269,
2024-01-10 09:30:00,11.260272454398525,
2024-01-10 09:45:00,11.300122373585776,
2024-01-10 10:00:00,11.349972292773032,
2024-01-10 10:15:00,11.409822211960286,
2024-01-10 10:30:00,11.44967213114754,
2024-01-10 10:45:00,11.499522050334797,
2024-01-10 11:00:00,11.55937196952205,
2024-01-10 11:15:00,11.599221888709303,
2024-01-10 11:30:00,11.619071807896558,
2024-01-10 11:45:00,11.638921727083815,
2024-01-10 12:00:00,11.668771646271068,
2024-01-10 12:15:00,11.698621565458325,
2024-01-10 12:30:00,11.71847148464558,
2024-01-10 12:45:00,11.758321403832833,
2024-01-10 13:00:00,11.788171323020087,
2024-01-10 13:15:00,11.77802124220734,
2024-01-10 13:30:00,11.757871161394595,
2024-01-10 13:45:00,11.727721080581851,
2024-01-10 14:00:00,11.687570999769106,
2024-01-10 14:15:00,11.657420918956362,
2024-01-10 14:30:00,11.627270838143616,
2024-01-10 14:45:00,11.58712075733087,
2024-01-10 15:00:00,11.486970676518126,
2024-01-10 15:15:00,11.41682059570538,
2024-01-10 15:30:00,11.376670514892636,
2024-01-10 15:45:00,11.326520434079889,
2024-01-10 16:00:00,11.286370353267143,
2024-01-10 16:15:00,11.266220272454396,
2024-01-10 16:30:00,11.226070191641654,
2024-01-10 16:45:00,11.185920110828908,
2024-01-10 17:00:00,11.145770030016164,
2024-01-10 17:15:00,11.105619949203415,
2024-01-10 17:30:00,11.055469868390672,
2024-01-10 17:45:00,11.035319787577926,
2024-01-10 18:00:00,11.015169706765182,
2024-01-10 18:15:00,11.005019625952436,
2024-01-10 18:30:00,10.984869545139691,
2024-01-10 18:45:00,10.984719464326943,
2024-01-10 19:00:00,10.9645693835142,
2024-01-10 19:15:00,10.954419302701451,
2024-01-10 19:30:00,10.944269221888709,
2024-01-10 19:45:00,10.944119141075964,
2024-01-10 20:00:00,10.953969060263216,
2024-01-10 20:15:00,10.953818979450473,
2024-01-10 20:30:00,10.963668898637728,
2024-01-10 20:45:00,10.973518817824983,
2024-01-10 21:00:00,10.97336873701224,
2024-01-10 21:15:00,10.983218656199492,
2024-01-10 21:30:00,10.983068575386747,
2024-01-10 21:45:00,10.992918494574,
2024-01-10 22:00:00,10.992768413761256,
2024-01-10 22:15:00,11.002618332948511,
2024-01-10 22:30:00,11.002468252135763,
2024-01-10 22:45:00,11.01231817132302,
2024-01-10 23:00:00,11.012168090510274,
2024-01-10 23:15:00,11.022018009697527,
2024-01-10 23:30:00,11.031867928884784,
2024-01-10 23:45:00,11.031717848072038,
2024-01-11 00:00:00,11.051567767259296,
2024-01-11 00:15:00,11.051417686446548,
2024-01-11 00:30:00,11.061267605633804,
2024-01-11 00:45:00,11.071117524821055,
2024-01-11 01:00:00,11.080967444008312,
2024-01-11 01:15:00,11.090817363195567,
2024-01-11 01:30:00,11.10066728238282,
2024-01-11 01:45:00,11.100517201570076,
2024-01-11 02:00:00,11.120367120757331,
2024-01-11 02:15:00,11.120217039944588,
2024-01-11 02:30:00,11.12006695913184,
2024-01-11 02:45:00,11.119916878319096,
2024-01-11 03:00:00,11.12976679750635,
2024-01-11 03:15:00,11.129616716693604,
2024-01-11 03:30:00,11.13946663588086,
2024-01-11 03:45:00,11.139316555068111,
2024-01-11 04:00:00,11.139166474255369,
2024-01-11 04:15:00,11.149016393442624,
2024-01-11 04:30:00,11.148866312629876,
2024-01-11 04:45:00,11.148716231817131,
2024-01-11 05:00:00,11.158566151004386,
2024-01-11 05:15:00,11.158416070191642,
2024-01-11 05:30:00,11.158265989378895,
2024-01-11 05:45:00,11.15811590856615,
2024-01-11 06:00:00,11.157965827753406,
2024-01-11 06:15:00,11.15781574694066,
2024-01-11 06:30:00,11.167665666127917,
2024-01-11 06:45:00,11.15751558531517,
2024-01-11 07:00:00,11.157365504502424,
2024-01-11 07:15:00,11.16721542368968,
2024-01-11 07:30:00,11.167065342876931,
2024-01-11 07:45:00,11.166915262064188,
2024-01-11 08:00:00,11.176765181251442,
2024-01-11 08:15:00,11.196615100438695,
2024-01-11 08:30:00,11.216465019625954,
2024-01-11 08:45:00,11.246314938813208,
2024-01-11 09:00:00,11.286164858000465,
2024-01-11 09:15:00,11.326014777187716,
2024-01-11 09:30:00,11.375864696374972,
2024-01-11 09:45:00,11.435714615562226,
2024-01-11 10:00:00,11.49556453474948,
2024-01-11 10:15:00,11.555414453936736,
2024-01-11 10:30:00,11.62526437312399,
2024-01-11 10:45:00,11.675114292311244,
2024-01-11 11:00:00,11.734964211498498,
2024-01-11 11:15:00,11.774814130685751,
2024-01-11 11:30:00,11.80466404987301,
2024-01-11 11:45:00,11.824513969060265,
2024-01-11 12:00:00,11.854363888247518,
2024-01-11 12:15:00,11.874213807434773,
2024-01-11 12:30:00,11.864063726622028,
2024-01-11 12:45:00,11.863913645809284,
2024-01-11 13:00:00,11.863763564996535,
2024-01-11 13:15:00,11.863613484183793,
2024-01-11 13:30:00,11.853463403371045,
2024-01-11 13:45:00,11.8233133225583,
2024-01-11 14:00:00,11.813163241745556,
2024-01-11 14:15:00,11.78301316093281,
2024-01-11 14:30:00,11.752863080120065,
2024-01-11 14:45:00,11.73271299930732,
2024-01-11 15:00:00,11.722562918494576,
2024-01-11 15:15:00,11.702412837681829,
2024-01-11 15:30:00,11.662262756869085,
2024-01-11 15:45:00,11.63211267605634,
2024-01-11 16:00:00,11.591962595243592,
2024-01-11 16:15:00,11.551812514430848,
2024-01-11 16:30:00,11.5016624336181,
2024-01-11 16:45:00,11.451512352805358,
2024-01-11 17:00:00,11.401362271992612,
2024-01-11 17:15:00,11.331212191179866,
2024-01-11 17:30:00,11.26106211036712,
2024-01-11 17:45:00,11.210912029554375,
2024-01-11 18:00:00,11.16076194874163,
2024-01-11 18:15:00,11.130611867928884,
2024-01-11 18:30:00,11.10046178711614,
2024-01-11 18:45:00,11.080311706303394,
2024-01-11 19:00:00,11.080161625490648,
2024-01-11 19:15:00,11.070011544677904,
2024-01-11 19:30:00,11.069861463865156,
2024-01-11 19:45:00,11.079711383052413,
2024-01-11 20:00:00,11.079561302239668,
2024-01-11 20:15:00,11.09941122142692,
2024-01-11 20:30:00,11.109261140614178,
2024-01-11 20:45:00,11.119111059801432,
2024-01-11 21:00:00,11.138960978988688,
2024-01-11 21:15:00,11.148810898175942,
2024-01-11 21:30:00,11.168660817363197,
2024-01-11 21:45:00,11.18851073655045,
2024-01-11 22:00:00,11.198360655737703,
2024-01-11 22:15:00,11.20821057492496,
2024-01-11 22:30:00,11.218060494112216,
2024-01-11 22:45:00,11.227910413299467,
2024-01-11 23:00:00,11.237760332486724,
2024-01-11 23:15:00,11.247610251673978,
2024-01-11 23:30:00,11.247460170861231,
2024-01-11 23:45:00,11.257310090048486,
2024-01-12 00:00:00,11.267160009235742,
2024-01-12 00:15:00,11.267009928422995,
2024-01-12 00:30:00,11.26685984761025,
2024-01-12 00:45:00,11.276709766797508,
2024-01-12 01:00:00,11.27655968598476,
2024-01-12 01:15:00,11.286409605172016,
2024-01-12 01:30:00,11.286259524359272,
2024-01-12 01:45:00,11.286109443546524,
2024-01-12 02:00:00,11.28595936273378,
2024-01-12 02:15:00,11.285809281921034,
2024-01-12 02:30:00,11.29565920110829,
2024-01-12 02:45:00,11.295509120295543,
2024-01-12 03:00:00,11.2953590394828,
2024-01-12 03:15:00,11.295208958670054,
2024-01-12 03:30:00,11.285058877857308,
2024-01-12 03:45:00,11.294908797044563,
2024-01-12 04:00:00,11.294758716231817,
2024-01-12 04:15:00,11.294608635419072,
2024-01-12 04:30:00,11.304458554606327,
2024-01-12 04:45:00,11.30430847379358,
2024-01-12 05:00:00,11.304158392980836,
2024-01-12 05:15:00,11.30400831216809,
2024-01-12 05:30:00,11.303858231355346,
2024-01-12 05:45:00,11.3037081505426,
2024-01-12 06:00:00,11.313558069729854,
2024-01-12 06:15:00,11.31340798891711,
2024-01-12 06:30:00,11.313257908104363,
2024-01-12 06:45:00,11.31310782729162,
2024-01-12 07:00:00,11.312957746478872,
2024-01-12 07:15:00,11.312807665666128,
2024-01-12 07:30:00,11.312657584853383,
2024-01-12 07:45:00,11.312507504040637,
2024-01-12 08:00:00,11.322357423227892,
2024-01-12 08:15:00,11.342207342415144,
2024-01-12 08:30:00,11.362057261602402,
2024-01-12 08:45:00,11.391907180789657,
2024-01-12 09:00:00,11.441757099976911,
2024-01-12 09:15:00,11.481607019164166,
2024-01-12 09:30:00,11.53145693835142,
2024-01-12 09:45:00,11.591306857538674,
2024-01-12 10:00:00,11.651156776725928,
2024-01-12 10:15:00,11.691006695913185,
2024-01-12 10:30:00,11.74085661510044,
2024-01-12 10:45:00,11.780706534287694,
2024-01-12 11:00:00,11.810556453474948,
2024-01-12 11:15:00,11.8404063726622,
2024-01-12 11:30:00,11.880256291849458,
2024-01-12 11:45:00,11.900106211036713,
2024-01-12 12:00:00,11.919956130223966,
2024-01-12 12:15:00,11.92980604941122,
2024-01-12 12:30:00,11.949655968598476,
2024-01-12 12:45:00,11.949505887785731,
2024-01-12 13:00:00,11.949355806972989,
2024-01-12 13:15:00,11.94920572616024,
2024-01-12 13:30:00,11.929055645347496,
2024-01-12 13:45:00,11.908905564534749,
2024-01-12 14:00:00,11.888755483722004,
2024-01-12 14:15:00,11.85860540290926,
2024-01-12 14:30:00,11.808455322096512,
2024-01-12 14:45:00,11.76830524128377,
2024-01-12 15:00:00,11.748155160471022,
2024-01-12 15:15:00,11.718005079658278,
2024-01-12 15:30:00,11.687854998845532,
2024-01-12 15:45:00,11.667704918032786,
2024-01-12 16:00:00,11.617554837220045,
2024-01-12 16:15:00,11.547404756407296,
2024-01-12 16:30:00,11.487254675594553,
2024-01-12 16:45:00,11.437104594781806,
2024-01-12 17:00:00,11.36695451396906,
2024-01-12 17:15:00,11.296804433156314,
2024-01-12 17:30:00,11.23665435234357,
2024-01-12 17:45:00,11.176504271530824,
2024-01-12 18:00:00,11.13635419071808,
2024-01-12 18:15:00,11.086204109905331,
2024-01-12 18:30:00,11.056054029092587,
2024-01-12 18:45:00,11.045903948279843,
2024-01-12 19:00:00,11.0357538674671,
2024-01-12 19:15:00,11.055603786654352,
2024-01-12 19:30:00,11.075453705841609,
2024-01-12 19:45:00,11.105303625028862,
2024-01-12 20:00:00,11.125153544216117,
2024-01-12 20:15:00,11.155003463403371,
2024-01-12 20:30:00,11.184853382590626,
2024-01-12 20:45:00,11.20470330177788,
2024-01-12 21:00:00,11.224553220965134,
2024-01-12 21:15:00,11.24440314015239,
2024-01-12 21:30:00,11.254253059339645,
2024-01-12 21:45:00,11.2741029785269,
2024-01-12 22:00:00,11.293952897714156,
2024-01-12 22:15:00,11.313802816901408,
2024-01-12 22:30:00,11.323652736088665,
2024-01-12 22:45:00,11.333502655275916,
2024-01-12 23:00:00,11.353352574463171,
2024-01-12 23:15:00,11.363202493650428,
2024-01-12 23:30:00,11.363052412837682,
2024-01-12 23:45:00,11.382902332024935,
2024-01-13 00:00:00,11.39275225121219,
2024-01-13 00:15:00,11.402602170399446,
2024-01-13 00:30:00,11.4224520895867,
2024-01-13 00:45:00,11.432302008773956,
2024-01-13 01:00:00,11.442151927961213,
2024-01-13 01:15:00,11.442001847148465,
2024-01-13 01:30:00,11.46185176633572,
2024-01-13 01:45:00,11.461701685522971,
2024-01-13 02:00:00,11.471551604710228,
2024-01-13 02:15:00,11.481401523897484,
2024-01-13 02:30:00,11.481251443084735,
2024-01-13 02:45:00,11.491101362271992,
2024-01-13 03:00:00,11.500951281459246,
2024-01-13 03:15:00,11.510801200646505,
2024-01-13 03:30:00,11.530651119833758,
2024-01-13 03:45:00,11.540501039021011,
2024-01-13 04:00:00,11.540350958208268,
2024-01-13 04:15:00,11.56020087739552,
2024-01-13 04:30:00,11.560050796582775,
2024-01-13 04:45:00,11.56990071577003,
2024-01-13 05:00:00,11.569750634957284,
2024-01-13 05:15:00,11.56960055414454,
2024-01-13 05:30:00,11.569450473331791,
2024-01-13 05:45:00,11.569300392519049,
2024-01-13 06:00:00,11.559150311706302,
2024-01-13 06:15:00,11.579000230893556,
2024-01-13 06:30:00,11.588850150080814,
2024-01-13 06:45:00,11.598700069268068,
2024-01-13 07:00:00,11.608549988455325,
2024-01-13 07:15:00,11.618399907642576,
2024-01-13 07:30:00,11.618249826829832,
2024-01-13 07:45:00,11.628099746017089,
2024-01-13 08:00:00,11.64794966520434,
2024-01-13 08:15:00,11.677799584391597,
2024-01-13 08:30:00,11.72764950357885,
2024-01-13 08:45:00,11.777499422766104,
2024-01-13 09:00:00,11.827349341953358,
2024-01-13 09:15:00,11.887199261140614,
2024-01-13 09:30:00,11.95704918032787,
2024-01-13 09:45:00,12.026899099515123,
2024-01-13 10:00:00,12.076749018702378,
2024-01-13 10:15:00,12.136598937889632,
2024-01-13 10:30:00,12.176448857076888,
2024-01-13 10:45:00,12.216298776264145,
2024-01-13 11:00:00,12.236148695451396,
2024-01-13 11:15:00,12.265998614638653,
2024-01-13 11:30:00,12.285848533825906,
2024-01-13 11:45:00,12.28569845301316,
2024-01-13 12:00:00,12.255548372200415,
2024-01-13 12:15:00,12.24539829138767,
2024-01-13 12:30:00,12.225248210574923,
2024-01-13 12:45:00,12.20509812976218,
2024-01-13 13:00:00,12.184948048949437,
2024-01-13 13:15:00,12.154797968136688,
2024-01-13 13:30:00,12.134647887323943,
2024-01-13 13:45:00,12.1144978065112,
2024-01-13 14:00:00,12.094347725698452,
2024-01-13 14:15:00,12.084197644885707,
2024-01-13 14:30:00,12.06404756407296,
2024-01-13 14:45:00,12.043897483260215,
2024-01-13 15:00:00,12.033747402447473,
2024-01-13 15:15:00,12.023597321634726,
2024-01-13 15:30:00,12.003447240821982,
2024-01-13 15:45:00,11.983297160009236,
2024-01-13 16:00:00,11.95314707919649,
2024-01-13 16:15:00,11.932996998383748,
2024-01-13 16:30:00,11.902846917571,
2024-01-13 16:45:00,11.872696836758257,
2024-01-13 17:00:00,11.84254675594551,
2024-01-13 17:15:00,11.802396675132764,
2024-01-13 17:30:00,11.762246594320018,
2024-01-13 17:45:00,11.732096513507273,
2024-01-13 18:00:00,11.691946432694529,
2024-01-13 18:15:00,11.66179635188178,
2024-01-13 18:30:00,11.641646271069035,
2024-01-13 18:45:00,11.621496190256291,
2024-01-13 19:00:00,11.611346109443549,
2024-01-13 19:15:00,11.611196028630802,
2024-01-13 19:30:00,11.611045947818056,
2024-01-13 19:45:00,11.610895867005311,
2024-01-13 20:00:00,11.620745786192565,
2024-01-13 20:15:00,11.63059570537982,
2024-01-13 20:30:00,11.640445624567072,
2024-01-13 20:45:00,11.640295543754329,
2024-01-13 21:00:00,11.650145462941584,
2024-01-13 21:15:00,11.659995382128836,
2024-01-13 21:30:00,11.669845301316094,
2024-01-13 21:45:00,11.689695220503348,
2024-01-13 22:00:00,11.689545139690605,
2024-01-13 22:15:00,11.689395058877858,
2024-01-13 22:30:00,11.679244978065112,
2024-01-13 22:45:00,11.679094897252368,
2024-01-13 23:00:00,11.68894481643962,
2024-01-13 23:15:00,11.688794735626876,
2024-01-13 23:30:00,11.708644654814131,
2024-01-13 23:45:00,11.718494574001385,
2024-01-14 00:00:00,11.73834449318864,
2024-01-14 00:15:00,11.748194412375897,
2024-01-14 00:30:00,11.75804433156315,
2024-01-14 00:45:00,11.777894250750403,
2024-01-14 01:00:00,11.78774416993766,
2024-01-14 01:15:00,11.807594089124914,
2024-01-14 01:30:00,11.827444008312169,
2024-01-14 01:45:00,11.847293927499424,
2024-01-14 02:00:00,11.857143846686675,
2024-01-14 02:15:00,11.876993765873932,
2024-01-14 02:30:00,11.886843685061187,
2024-01-14 02:45:00,11.90669360424844,
2024-01-14 03:00:00,11.906543523435696,
2024-01-14 03:15:00,11.916393442622953,
2024-01-14 03:30:00,11.906243361810205,
2024-01-14 03:45:00,11.90609328099746,
2024-01-14 04:00:00,11.895943200184714,
2024-01-14 04:15:00,11.88579311937197,
2024-01-14 04:30:00,11.875643038559224,
2024-01-14 04:45:00,11.85549295774648,
2024-01-14 05:00:00,11.825342876933734,
2024-01-14 05:15:00,11.795192796120988,
2024-01-14 05:30:00,11.785042715308244,
2024-01-14 05:45:00,11.764892634495498,
2024-01-14 06:00:00,11.734742553682752,
2024-01-14 06:15:00,11.714592472870006,
2024-01-14 06:30:00,11.704442392057262,
2024-01-14 06:45:00,11.684292311244516,
2024-01-14 07:00:00,11.664142230431771,
2024-01-14 07:15:00,11.653992149619024,
2024-01-14 07:30:00,11.62384206880628,
2024-01-14 07:45:00,11.603691987993535,
2024-01-14 08:00:00,11.59354190718079,
2024-01-14 08:15:00,11.583391826368045,
2024-01-14 08:30:00,11.5832417455553,
2024-01-14 08:45:00,11.593091664742554,
2024-01-14 09:00:00,11.632941583929808,
2024-01-14 09:15:00,11.672791503117065,
2024-01-14 09:30:00,11.712641422304316,
2024-01-14 09:45:00,11.752491341491574,
2024-01-14 10:00:00,11.822341260678828,
2024-01-14 10:15:00,11.872191179866082,
2024-01-14 10:30:00,11.912041099053337,
2024-01-14 10:45:00,11.97189101824059,
2024-01-14 11:00:00,11.951740937427846,
2024-01-14 11:15:00,12.0315908566151,
2024-01-14 11:30:00,12.031440775802356,
2024-01-14 11:45:00,12.041290694989607,
2024-01-14 12:00:00,12.041140614176864,
2024-01-14 12:15:00,12.050990533364118,
2024-01-14 12:30:00,12.040840452551372,
2024-01-14 12:45:00,12.02069037173863,
2024-01-14 13:00:00,12.000540290925883,
2024-01-14 13:15:00,12.00039021011314,
2024-01-14 13:30:00,11.980240129300393,
2024-01-14 13:45:00,11.950090048487649,
2024-01-14 14:00:00,11.939939967674905,
2024-01-14 14:15:00,11.919789886862157,
2024-01-14 14:30:00,11.89963980604941,
2024-01-14 14:45:00,11.879489725236663,
2024-01-14 15:00:00,11.85933964442392,
2024-01-14 15:15:00,11.829189563611177,
2024-01-14 15:30:00,11.809039482798427,
2024-01-14 15:45:00,11.778889401985683,
2024-01-14 16:00:00,11.74873932117294,
2024-01-14 16:15:00,11.708589240360194,
2024-01-14 16:30:00,11.658439159547449,
2024-01-14 16:45:00,11.608289078734703,
2024-01-14 17:00:00,11.538138997921958,
2024-01-14 17:15:00,11.467988917109212,
2024-01-14 17:30:00,11.397838836296469,
2024-01-14 17:45:00,11.337688755483722,
2024-01-14 18:00:00,11.277538674670977,
2024-01-14 18:15:00,11.237388593858231,
2024-01-14 18:30:00,11.187238513045486,
2024-01-14 18:45:00,11.157088432232742,
2024-01-14 19:00:00,11.126938351419994,
2024-01-14 19:15:00,11.09678827060725,
2024-01-14 19:30:00,11.066638189794508,
2024-01-14 19:45:00,11.05648810898176,
2024-01-14 20:00:00,11.046338028169014,
2024-01-14 20:15:00,11.046187947356268,
2024-01-14 20:30:00,11.036037866543523,
2024-01-14 20:45:00,11.035887785730775,
2024-01-14 21:00:00,11.025737704918033,
2024-01-14 21:15:00,11.015587624105288,
2024-01-14 21:30:00,11.015437543292542,
2024-01-14 21:45:00,11.015287462479796,
2024-01-14 22:00:00,11.015137381667053,
2024-01-14 22:15:00,11.004987300854308,
2024-01-14 22:30:00,11.004837220041562,
2024-01-14 22:45:00,10.994687139228816,
2024-01-14 23:00:00,10.984537058416072,
2024-01-14 23:15:00,10.984386977603323,
2024-01-14 23:30:00,10.99423689679058,
2024-01-14 23:45:00,10.984086815977834,
2024-01-15 00:00:00,10.98393673516509,
2024-01-15 00:15:00,10.983786654352343,
2024-01-15 00:30:00,10.9836365735396,
2024-01-15 00:45:00,10.983486492726854,
2024-01-15 01:00:00,10.983336411914108,
2024-01-15 01:15:00,10.973186331101362,
2024-01-15 01:30:00,10.973036250288615,
2024-01-15 01:45:00,10.97288616947587,
2024-01-15 02:00:00,10.962736088663126,
2024-01-15 02:15:00,10.96258600785038,
2024-01-15 02:30:00,10.952435927037635,
2024-01-15 02:45:00,10.952285846224887,
2024-01-15 03:00:00,10.932135765412143,
2024-01-15 03:15:00,10.9319856845994,
2024-01-15 03:30:00,10.931835603786654,
2024-01-15 03:45:00,10.92168552297391,
2024-01-15 04:00:00,10.921535442161163,
2024-01-15 04:15:00,10.92138536134842,
2024-01-15 04:30:00,10.921235280535674,
2024-01-15 04:45:00,10.921085199722928,
2024-01-15 05:00:00,10.920935118910185,
2024-01-15 05:15:00,10.910785038097435,
2024-01-15 05:30:00,10.910634957284692,
2024-01-15 05:45:00,10.910484876471948,
2024-01-15 06:00:00,10.9103347956592,
2024-01-15 06:15:00,10.910184714846457,
2024-01-15 06:30:00,10.92003463403371,
2024-01-15 06:45:00,10.919884553220966,
2024-01-15 07:00:00,10.93973447240822,
2024-01-15 07:15:00,10.949584391595474,
2024-01-15 07:30:00,10.969434310782727,
2024-01-15 07:45:00,10.979284229969984,
2024-01-15 08:00:00,10.99913414915724,
2024-01-15 08:15:00,11.038984068344492,
2024-01-15 08:30:00,11.078833987531748,
2024-01-15 08:45:00,11.138683906719002,
2024-01-15 09:00:00,11.208533825906256,
2024-01-15 09:15:00,11.278383745093512,
2024-01-15 09:30:00,11.358233664280766,
2024-01-15 09:45:00,11.45808358346802,
2024-01-15 10:00:00,11.547933502655276,
2024-01-15 10:15:00,11.647783421842531,
2024-01-15 10:30:00,11.717633341029783,
2024-01-15 10:45:00,11.76748326021704,
2024-01-15 11:00:00,11.787333179404294,
2024-01-15 11:15:00,11.80718309859155,
2024-01-15 11:30:00,11.817033017778805,
2024-01-15 11:45:00,11.82688293696606,
2024-01-15 12:00:00,11.836732856153311,
2024-01-15 12:15:00,11.836582775340569,
2024-01-15 12:30:00,11.846432694527822,
2024-01-15 12:45:00,11.846282613715076,
2024-01-15 13:00:00,11.846132532902333,
2024-01-15 13:15:00,11.835982452089588,
2024-01-15 13:30:00,11.825832371276842,
2024-01-15 13:45:00,11.815682290464096,
2024-01-15 14:00:00,11.78553220965135,
2024-01-15 14:15:00,11.765382128838606,
2024-01-15 14:30:00,11.73523204802586,
2024-01-15 14:45:00,11.695081967213117,
2024-01-15 15:00:00,11.66493188640037,
2024-01-15 15:15:00,11.624781805587624,
2024-01-15 15:30:00,11.584631724774878,
2024-01-15 15:45:00,11.564481643962134,
2024-01-15 16:00:00,11.534331563149388,
2024-01-15 16:15:00,11.504181482336644,
2024-01-15 16:30:00,11.494031401523898,
2024-01-15 16:45:00,11.46388132071115,
2024-01-15 17:00:00,11.443731239898408,
2024-01-15 17:15:00,11.413581159085664,
2024-01-15 17:30:00,11.393431078272917,
2024-01-15 17:45:00,11.363280997460173,
2024-01-15 18:00:00,11.343130916647423,
2024-01-15 18:15:00,11.34298083583468,
2024-01-15 18:30:00,11.342830755021934,
2024-01-15 18:45:00,11.35268067420919,
2024-01-15 19:00:00,11.382530593396444,
2024-01-15 19:15:00,11.4023805125837,
2024-01-15 19:30:00,11.432230431770954,
2024-01-15 19:45:00,11.472080350958208,
2024-01-15 20:00:00,11.501930270145465,
2024-01-15 20:15:00,11.531780189332718,
2024-01-15 20:30:00,11.561630108519973,
2024-01-15 20:45:00,11.591480027707227,
2024-01-15 21:00:00,11.62132994689448,
2024-01-15 21:15:00,11.651179866081735,
2024-01-15 21:30:00,11.681029785268992,
2024-01-15 21:45:00,11.710879704456245,
2024-01-15 22:00:00,11.7307296236435,
2024-01-15 22:15:00,11.750579542830756,
2024-01-15 22:30:00,11.77042946201801,
2024-01-15 22:45:00,11.790279381205265,
2024-01-15 23:00:00,11.81012930039252,
2024-01-15 23:15:00,11.829979219579776,
2024-01-15 23:30:00,11.849829138767028,
2024-01-15 23:45:00,11.869679057954285,
2024-01-16 00:00:00,11.879528977141536,
2024-01-16 00:15:00,11.899378896328791,
2024-01-16 00:30:00,11.909228815516048,
2024-01-16 00:45:00,11.9290787347033,
2024-01-16 01:00:00,11.938928653890557,
2024-01-16 01:15:00,11.93877857307781,
2024-01-16 01:30:00,11.948628492265064,
2024-01-16 01:45:00,11.95847841145232,
2024-01-16 02:00:00,11.968328330639576,
2024-01-16 02:15:00,11.978178249826833,
2024-01-16 02:30:00,11.988028169014084,
2024-01-16 02:45:00,11.99787808820134,
2024-01-16 03:00:00,12.017728007388593,
2024-01-16 03:15:00,12.017577926575848,
2024-01-16 03:30:00,12.037427845763103,
2024-01-16 03:45:00,12.047277764950358,
2024-01-16 04:00:00,12.057127684137614,
2024-01-16 04:15:00,12.066977603324869,
2024-01-16 04:30:00,12.086827522512122,
2024-01-16 04:45:00,12.096677441699375,
2024-01-16 05:00:00,12.10652736088663,
2024-01-16 05:15:00,12.116377280073886,
2024-01-16 05:30:00,12.12622719926114,
2024-01-16 05:45:00,12.126077118448396,
2024-01-16 06:00:00,12.13592703763565,
2024-01-16 06:15:00,12.145776956822903,
2024-01-16 06:30:00,12.14562687601016,
2024-01-16 06:45:00,12.155476795197414,
2024-01-16 07:00:00,12.14532671438467,
2024-01-16 07:15:00,12.145176633571923,
2024-01-16 07:30:00,12.14502655275918,
2024-01-16 07:45:00,12.144876471946434,
2024-01-16 08:00:00,12.144726391133688,
2024-01-16 08:15:00,12.164576310320944,
2024-01-16 08:30:00,12.184426229508196,
2024-01-16 08:45:00,12.20427614869545,
2024-01-16 09:00:00,12.244126067882709,
2024-01-16 09:15:00,12.29397598706996,
2024-01-16 09:30:00,12.343825906257216,
2024-01-16 09:45:00,12.39367582544447,
2024-01-16 10:00:00,12.433525744631725,
2024-01-16 10:15:00,12.46337566381898,
2024-01-16 10:30:00,12.493225583006234,
2024-01-16 10:45:00,12.51307550219349,
2024-01-16 11:00:00,12.532925421380742,
2024-01-16 11:15:00,12.532775340567998,
2024-01-16 11:30:00,12.552625259755253,
2024-01-16 11:45:00,12.572475178942508,
2024-01-16 12:00:00,12.562325098129763,
2024-01-16 12:15:00,12.552175017317015,
2024-01-16 12:30:00,12.532024936504271,
2024-01-16 12:45:00,12.501874855691526,
2024-01-16 13:00:00,12.471724774878782,
2024-01-16 13:15:00,12.431574694066036,
2024-01-16 13:30:00,12.39142461325329,
2024-01-16 13:45:00,12.341274532440544,
2024-01-16 14:00:00,12.2911244516278,
2024-01-16 14:15:00,12.240974370815056,
2024-01-16 14:30:00,12.200824290002307,
2024-01-16 14:45:00,12.150674209189564,
2024-01-16 15:00:00,12.110524128376818,
2024-01-16 15:15:00,12.070374047564073,
2024-01-16 15:30:00,12.030223966751327,
2024-01-16 15:45:00,11.990073885938582,
2024-01-16 16:00:00,11.949923805125836,
2024-01-16 16:15:00,11.909773724313093,
2024-01-16 16:30:00,11.869623643500343,
2024-01-16 16:45:00,11.819473562687602,
2024-01-16 17:00:00,11.779323481874854,
2024-01-16 17:15:00,11.73917340106211,
2024-01-16 17:30:00,11.699023320249363,
2024-01-16 17:45:00,11.65887323943662,
2024-01-16 18:00:00,11.638723158623876,
2024-01-16 18:15:00,11.62857307781113,
2024-01-16 18:30:00,11.628422996998385,
2024-01-16 18:45:00,11.628272916185638,
2024-01-16 19:00:00,11.638122835372894,
2024-01-16 19:15:00,11.657972754560149,
2024-01-16 19:30:00,11.667822673747402,
2024-01-16 19:45:00,11.687672592934655,
2024-01-16 20:00:00,11.707522512121912,
2024-01-16 20:15:00,11.727372431309169,
2024-01-16 20:30:00,11.737222350496422,
2024-01-16 20:45:00,11.767072269683675,
2024-01-16 21:00:00,11.786922188870932,
2024-01-16 21:15:00,11.796772108058184,
2024-01-16 21:30:00,11.80662202724544,
2024-01-16 21:45:00,11.816471946432694,
2024-01-16 22:00:00,11.836321865619947,
2024-01-16 22:15:00,11.846171784807204,
2024-01-16 22:30:00,11.846021703994458,
2024-01-16 22:45:00,11.855871623181711,
2024-01-16 23:00:00,11.855721542368968,
2024-01-16 23:15:00,11.865571461556222,
2024-01-16 23:30:00,11.865421380743475,
2024-01-16 23:45:00,11.86527129993073,
2024-01-17 00:00:00,11.865121219117986,
2024-01-17 00:15:00,11.85497113830524,
2024-01-17 00:30:00,11.844821057492496,
2024-01-17 00:45:00,11.844670976679753,
2024-01-17 01:00:00,11.834520895867003,
2024-01-17 01:15:00,11.83437081505426,
2024-01-17 01:30:00,11.824220734241514,
2024-01-17 01:45:00,11.81407065342877,
2024-01-17 02:00:00,11.803920572616024,
2024-01-17 02:15:00,11.80377049180328,
2024-01-17 02:30:00,11.793620410990536,
2024-01-17 02:45:00,11.773470330177789,
2024-01-17 03:00:00,11.773320249365042,
2024-01-17 03:15:00,11.763170168552296,
2024-01-17 03:30:00,11.753020087739552,
2024-01-17 03:45:00,11.752870006926807,
2024-01-17 04:00:00,11.74271992611406,
2024-01-17 04:15:00,11.752569845301316,
2024-01-17 04:30:00,11.76241976448857,
2024-01-17 04:45:00,11.772269683675823,
2024-01-17 05:00:00,11.80211960286308,
2024-01-17 05:15:00,11.811969522050337,
2024-01-17 05:30:00,11.84181944123759,
2024-01-17 05:45:00,11.851669360424845,
2024-01-17 06:00:00,11.8915192796121,
2024-01-17 06:15:00,11.901369198799353,
2024-01-17 06:30:00,11.921219117986608,
2024-01-17 06:45:00,11.941069037173865,
2024-01-17 07:00:00,11.950918956361118,
2024-01-17 07:15:00,11.960768875548371,
2024-01-17 07:30:00,11.970618794735628,
2024-01-17 07:45:00,11.980468713922882,
2024-01-17 08:00:00,11.990318633110135,
2024-01-17 08:15:00,12.00016855229739,
2024-01-17 08:30:00,12.030018471484649,
2024-01-17 08:45:00,12.0398683906719,
2024-01-17 09:00:00,12.069718309859155,
2024-01-17 09:15:00,12.099568229046408,
2024-01-17 09:30:00,12.129418148233665,
2024-01-17 09:45:00,12.14926806742092,
2024-01-17 10:00:00,12.159117986608171,
2024-01-17 10:15:00,12.148967905795429,
2024-01-17 10:30:00,12.168817824982682,
2024-01-17 10:45:00,12.168667744169936,
2024-01-17 11:00:00,12.208517663357194,
2024-01-17 11:15:00,12.238367582544448,
2024-01-17 11:30:00,12.248217501731702,
2024-01-17 11:45:00,12.268067420918957,
2024-01-17 12:00:00,12.277917340106212,
2024-01-17 12:15:00,12.297767259293469,
2024-01-17 12:30:00,12.32761717848072,
2024-01-17 12:45:00,12.337467097667975,
2024-01-17 13:00:00,12.347317016855229,
2024-01-17 13:15:00,12.337166936042484,
2024-01-17 13:30:00,12.317016855229738,
2024-01-17 13:45:00,12.296866774416994,
2024-01-17 14:00:00,12.27671669360425,
2024-01-17 14:15:00,12.246566612791502,
2024-01-17 14:30:00,12.226416531978758,
2024-01-17 14:45:00,12.186266451166013,
2024-01-17 15:00:00,12.136116370353268,
2024-01-17 15:15:00,12.105966289540522,
2024-01-17 15:30:00,12.065816208727776,
2024-01-17 15:45:00,12.035666127915032,
2024-01-17 16:00:00,12.005516047102285,
2024-01-17 16:15:00,11.92536596628954,
2024-01-17 16:30:00,11.845215885476794,
2024-01-17 16:45:00,11.78506580466405,
2024-01-17 17:00:00,11.714915723851306,
2024-01-17 17:15:00,11.63476564303856,
2024-01-17 17:30:00,11.564615562225814,
2024-01-17 17:45:00,11.494465481413068,
2024-01-17 18:00:00,11.434315400600322,
2024-01-17 18:15:00,11.39416531978758,
2024-01-17 18:30:00,11.344015238974832,
2024-01-17 18:45:00,11.313865158162088,
2024-01-17 19:00:00,11.283715077349342,
2024-01-17 19:15:00,11.263564996536596,
2024-01-17 19:30:00,11.263414915723851,
2024-01-17 19:45:00,11.263264834911103,
2024-01-17 20:00:00,11.26311475409836,
2024-01-17 20:15:00,11.272964673285616,
2024-01-17 20:30:00,11.272814592472873,
2024-01-17 20:45:00,11.282664511660125,
2024-01-17 21:00:00,11.29251443084738,
2024-01-17 21:15:00,11.302364350034637,
2024-01-17 21:30:00,11.302214269221889,
2024-01-17 21:45:00,11.302064188409144,
2024-01-17 22:00:00,11.291914107596398,
2024-01-17 22:15:00,11.281764026783652,
2024-01-17 22:30:00,11.281613945970909,
2024-01-17 22:45:00,11.271463865158164,
2024-01-17 23:00:00,11.261313784345417,
2024-01-17 23:15:00,11.25116370353267,
2024-01-17 23:30:00,11.241013622719926,
2024-01-17 23:45:00,11.230863541907182,
2024-01-18 00:00:00,11.220713461094435,
2024-01-18 00:15:00,11.210563380281693,
2024-01-18 00:30:00,11.210413299468945,
2024-01-18 00:45:00,11.2002632186562,
2024-01-18 01:00:00,11.200113137843454,
2024-01-18 01:15:00,11.19996305703071,
2024-01-18 01:30:00,11.189812976217963,
2024-01-18 01:45:00,11.18966289540522,
2024-01-18 02:00:00,11.189512814592474,
2024-01-18 02:15:00,11.189362733779728,
2024-01-18 02:30:00,11.189212652966985,
2024-01-18 02:45:00,11.199062572154238,
2024-01-18 03:00:00,11.208912491341492,
2024-01-18 03:15:00,11.208762410528749,
2024-01-18 03:30:00,11.218612329716,
2024-01-18 03:45:00,11.218462248903256,
2024-01-18 04:00:00,11.228312168090511,
2024-01-18 04:15:00,11.238162087277765,
2024-01-18 04:30:00,11.22801200646502,
2024-01-18 04:45:00,11.237861925652274,
2024-01-18 05:00:00,11.237711844839527,
2024-01-18 05:15:00,11.237561764026784,
2024-01-18 05:30:00,11.247411683214038,
2024-01-18 05:45:00,11.247261602401291,
2024-01-18 06:00:00,11.247111521588549,
2024-01-18 06:15:00,11.256961440775802,
2024-01-18 06:30:00,11.256811359963056,
2024-01-18 06:45:00,11.256661279150311,
2024-01-18 07:00:00,11.246511198337569,
2024-01-18 07:15:00,11.24636111752482,
2024-01-18 07:30:00,11.246211036712076,
2024-01-18 07:45:00,11.24606095589933,
2024-01-18 08:00:00,11.245910875086585,
2024-01-18 08:15:00,11.255760794273838,
2024-01-18 08:30:00,11.275610713461097,
2024-01-18 08:45:00,11.30546063264835,
2024-01-18 09:00:00,11.305310551835603,
2024-01-18 09:15:00,11.325160471022858,
2024-01-18 09:30:00,11.335010390210112,
2024-01-18 09:45:00,11.334860309397367,
2024-01-18 10:00:00,11.364710228584624,
2024-01-18 10:15:00,11.404560147771877,
2024-01-18 10:30:00,11.394410066959132,
2024-01-18 10:45:00,11.384259986146386,
2024-01-18 11:00:00,11.39410990533364,
2024-01-18 11:15:00,11.373959824520895,
2024-01-18 11:30:00,11.37380974370815,
2024-01-18 11:45:00,11.353659662895408,
2024-01-18 12:00:00,11.32350958208266,
2024-01-18 12:15:00,11.333359501269914,
2024-01-18 12:30:00,11.333209420457168,
2024-01-18 12:45:00,11.313059339644424,
2024-01-18 13:00:00,11.29290925883168,
2024-01-18 13:15:00,11.282759178018932,
2024-01-18 13:30:00,11.26260909720619,
2024-01-18 13:45:00,11.222459016393442,
2024-01-18 14:00:00,11.182308935580698,
2024-01-18 14:15:00,11.172158854767952,
2024-01-18 14:30:00,11.132008773955206,
2024-01-18 14:45:00,11.021858693142462,
2024-01-18 15:00:00,11.071708612329717,
2024-01-18 15:15:00,11.05155853151697,
2024-01-18 15:30:00,11.031408450704223,
2024-01-18 15:45:00,11.00125836989148,
2024-01-18 16:00:00,10.911108289078737,
2024-01-18 16:15:00,10.880958208265987,
2024-01-18 16:30:00,10.880808127453244,
2024-01-18 16:45:00,10.8506580466405,
2024-01-18 17:00:00,10.800507965827752,
2024-01-18 17:15:00,10.76035788501501,
2024-01-18 17:30:00,10.720207804202262,
2024-01-18 17:45:00,10.670057723389515,
2024-01-18 18:00:00,10.639907642576771,
2024-01-18 18:15:00,10.609757561764027,
2024-01-18 18:30:00,10.58960748095128,
2024-01-18 18:45:00,10.569457400138536,
2024-01-18 19:00:00,10.559307319325791,
2024-01-18 19:15:00,10.559157238513045,
2024-01-18 19:30:00,10.5690071577003,
2024-01-18 19:45:00,10.578857076887555,
2024-01-18 20:00:00,10.588706996074809,
2024-01-18 20:15:00,10.598556915262066,
2024-01-18 20:30:00,10.60840683444932,
2024-01-18 20:45:00,10.628256753636574,
2024-01-18 21:00:00,10.628106672823828,
2024-01-18 21:15:00,10.647956592011084,
2024-01-18 21:30:00,10.647806511198338,
2024-01-18 21:45:00,10.657656430385591,
2024-01-18 22:00:00,10.667506349572848,
2024-01-18 22:15:00,10.677356268760102,
2024-01-18 22:30:00,10.677206187947355,
2024-01-18 22:45:00,10.687056107134612,
2024-01-18 23:00:00,10.686906026321866,
2024-01-18 23:15:00,10.68675594550912,
2024-01-18 23:30:00,10.686605864696377,
2024-01-18 23:45:00,10.67645578388363,
2024-01-19 00:00:00,10.666305703070885,
2024-01-19 00:15:00,10.666155622258138,
2024-01-19 00:30:00,10.656005541445394,
2024-01-19 00:45:00,10.645855460632648,
2024-01-19 01:00:00,10.645705379819905,
2024-01-19 01:15:00,10.635555299007155,
2024-01-19 01:30:00,10.635405218194412,
2024-01-19 01:45:00,10.635255137381668,
2024-01-19 02:00:00,10.625105056568922,
2024-01-19 02:15:00,10.624954975756175,
2024-01-19 02:30:00,10.62480489494343,
2024-01-19 02:45:00,10.624654814130686,
2024-01-19 03:00:00,10.62450473331794,
2024-01-19 03:15:00,10.614354652505195,
2024-01-19 03:30:00,10.61420457169245,
2024-01-19 03:45:00,10.604054490879705,
2024-01-19 04:00:00,10.60390441006696,
2024-01-19 04:15:00,10.603754329254214,
2024-01-19 04:30:00,10.603604248441467,
2024-01-19 04:45:00,10.603454167628724,
2024-01-19 05:00:00,10.603304086815978,
2024-01-19 05:15:00,10.603154006003232,
2024-01-19 05:30:00,10.593003925190487,
2024-01-19 05:45:00,10.592853844377744,
2024-01-19 06:00:00,10.592703763564998,
2024-01-19 06:15:00,10.592553682752252,
2024-01-19 06:30:00,10.592403601939507,
2024-01-19 06:45:00,10.59225352112676,
2024-01-19 07:00:00,10.592103440314016,
2024-01-19 07:15:00,10.59195335950127,
2024-01-19 07:30:00,10.591803278688523,
2024-01-19 07:45:00,10.59165319787578,
2024-01-19 08:00:00,10.591503117063034,
2024-01-19 08:15:00,10.61135303625029,
2024-01-19 08:30:00,10.651202955437542,
2024-01-19 08:45:00,10.701052874624798,
2024-01-19 09:00:00,10.770902793812054,
2024-01-19 09:15:00,10.840752712999308,
2024-01-19 09:30:00,10.930602632186565,
2024-01-19 09:45:00,11.010452551373817,
2024-01-19 10:00:00,11.07030247056107,
2024-01-19 10:15:00,11.140152389748328,
2024-01-19 10:30:00,11.19000230893558,
2024-01-19 10:45:00,11.229852228122835,
2024-01-19 11:00:00,11.26970214731009,
2024-01-19 11:15:00,11.299552066497345,
2024-01-19 11:30:00,11.329401985684598,
2024-01-19 11:45:00,11.349251904871856,
2024-01-19 12:00:00,11.36910182405911,
2024-01-19 12:15:00,11.368951743246363,
2024-01-19 12:30:00,11.378801662433618,
2024-01-19 12:45:00,11.388651581620872,
2024-01-19 13:00:00,11.358501500808128,
2024-01-19 13:15:00,11.348351419995383,
2024-01-19 13:30:00,11.318201339182636,
2024-01-19 13:45:00,11.288051258369892,
2024-01-19 14:00:00,11.267901177557146,
2024-01-19 14:15:00,11.247751096744402,
2024-01-19 14:30:00,11.217601015931656,
2024-01-19 14:45:00,11.19745093511891,
2024-01-19 15:00:00,11.167300854306166,
2024-01-19 15:15:00,11.12715077349342,
2024-01-19 15:30:00,11.087000692680675,
2024-01-19 15:45:00,11.036850611867928,
2024-01-19 16:00:00,10.976700531055185,
2024-01-19 16:15:00,10.92655045024244,
2024-01-19 16:30:00,10.866400369429693,
2024-01-19 16:45:00,10.796250288616948,
2024-01-19 17:00:00,10.7361002078042,
2024-01-19 17:15:00,10.665950126991458,
2024-01-19 17:30:00,10.585800046178711,
2024-01-19 17:45:00,10.505649965365969,
2024-01-19 18:00:00,10.445499884553222,
2024-01-19 18:15:00,10.395349803740476,
2024-01-19 18:30:00,10.35519972292773,
2024-01-19 18:45:00,10.335049642114983,
2024-01-19 19:00:00,10.30489956130224,
2024-01-19 19:15:00,10.284749480489497,
2024-01-19 19:30:00,10.274599399676749,
2024-01-19 19:45:00,10.264449318864004,
2024-01-19 20:00:00,10.264299238051258,
2024-01-19 20:15:00,10.264149157238514,
2024-01-19 20:30:00,10.273999076425769,
2024-01-19 20:45:00,10.273848995613022,
2024-01-19 21:00:00,10.283698914800278,
2024-01-19 21:15:00,10.283548833987531,
2024-01-19 21:30:00,10.293398753174786,
2024-01-19 21:45:00,10.303248672362042,
2024-01-19 22:00:00,10.303098591549295,
2024-01-19 22:15:00,10.31294851073655,
2024-01-19 22:30:00,10.322798429923804,
2024-01-19 22:45:00,10.33264834911106,
2024-01-19 23:00:00,10.332498268298314,
2024-01-19 23:15:00,10.33234818748557,
2024-01-19 23:30:00,10.332198106672823,
2024-01-19 23:45:00,10.34204802586008,
2024-01-20 00:00:00,10.351897945047334,
2024-01-20 00:15:00,10.351747864234587,
2024-01-20 00:30:00,10.361597783421844,
2024-01-20 00:45:00,10.361447702609098,
2024-01-20 01:00:00,10.361297621796352,
2024-01-20 01:15:00,10.361147540983607,
2024-01-20 01:30:00,10.37099746017086,
2024-01-20 01:45:00,10.370847379358116,
2024-01-20 02:00:00,10.37069729854537,
2024-01-20 02:15:00,10.370547217732623,
2024-01-20 02:30:00,10.38039713691988,
2024-01-20 02:45:00,10.380247056107134,
2024-01-20 03:00:00,10.38009697529439,
2024-01-20 03:15:00,10.379946894481645,
2024-01-20 03:30:00,10.379796813668898,
2024-01-20 03:45:00,10.379646732856154,
2024-01-20 04:00:00,10.379496652043407,
2024-01-20 04:15:00,10.379346571230665,
2024-01-20 04:30:00,10.379196490417916,
2024-01-20 04:45:00,10.389046409605172,
2024-01-20 05:00:00,10.388896328792429,
2024-01-20 05:15:00,10.39874624797968,
2024-01-20 05:30:00,10.398596167166936,
2024-01-20 05:45:00,10.408446086354193,
2024-01-20 06:00:00,10.408296005541446,
2024-01-20 06:15:00,10.418145924728702,
2024-01-20 06:30:00,10.407995843915955,
2024-01-20 06:45:00,10.41784576310321,
2024-01-20 07:00:00,10.417695682290464,
2024-01-20 07:15:00,10.42754560147772,
2024-01-20 07:30:00,10.437395520664971,
2024-01-20 07:45:00,10.437245439852228,
2024-01-20 08:00:00,10.447095359039483,
2024-01-20 08:15:00,10.466945278226737,
2024-01-20 08:30:00,10.506795197413991,
2024-01-20 08:45:00,10.546645116601246,
2024-01-20 09:00:00,10.616495035788502,
2024-01-20 09:15:00,10.686344954975755,
2024-01-20 09:30:00,10.77619487416301,
2024-01-20 09:45:00,10.866044793350266,
2024-01-20 10:00:00,10.92589471253752,
2024-01-20 10:15:00,10.995744631724776,
2024-01-20 10:30:00,11.055594550912028,
2024-01-20 10:45:00,11.115444470099284,
2024-01-20 11:00:00,11.15529438928654,
2024-01-20 11:15:00,11.195144308473791,
2024-01-20 11:30:00,11.24499422766105,
2024-01-20 11:45:00,11.274844146848302,
2024-01-20 12:00:00,11.294694066035555,
2024-01-20 12:15:00,11.284543985222813,
2024-01-20 12:30:00,11.264393904410069,
2024-01-20 12:45:00,11.244243823597325,
2024-01-20 13:00:00,11.214093742784575,
2024-01-20 13:15:00,11.193943661971833,
2024-01-20 13:30:00,11.153793581159086,
2024-01-20 13:45:00,11.12364350034634,
2024-01-20 14:00:00,11.073493419533596,
2024-01-20 14:15:00,11.043343338720849,
2024-01-20 14:30:00,11.013193257908105,
2024-01-20 14:45:00,10.973043177095358,
2024-01-20 15:00:00,10.942893096282614,
2024-01-20 15:15:00,10.92274301546987,
2024-01-20 15:30:00,10.912592934657123,
2024-01-20 15:45:00,10.862442853844378,
2024-01-20 16:00:00,10.792292773031631,
2024-01-20 16:15:00,10.762142692218887,
2024-01-20 16:30:00,10.701992611406142,
2024-01-20 16:45:00,10.621842530593396,
2024-01-20 17:00:00,10.571692449780652,
2024-01-20 17:15:00,10.491542368967906,
2024-01-20 17:30:00,10.41139228815516,
2024-01-20 17:45:00,10.341242207342416,
2024-01-20 18:00:00,10.28109212652967,
2024-01-20 18:15:00,10.230942045716926,
2024-01-20 18:30:00,10.18079196490418,
2024-01-20 18:45:00,10.160641884091437,
2024-01-20 19:00:00,10.130491803278687,
2024-01-20 19:15:00,10.110341722465945,
2024-01-20 19:30:00,10.0901916416532,
2024-01-20 19:45:00,10.080041560840453,
2024-01-20 20:00:00,10.079891480027708,
2024-01-20 20:15:00,10.079741399214962,
2024-01-20 20:30:00,10.069591318402216,
2024-01-20 20:45:00,10.079441237589473,
2024-01-20 21:00:00,10.079291156776726,
2024-01-20 21:15:00,10.079141075963982,
2024-01-20 21:30:00,10.088990995151237,
2024-01-20 21:45:00,10.08884091433849,
2024-01-20 22:00:00,10.088690833525744,
2024-01-20 22:15:00,10.098540752713,
2024-01-20 22:30:00,10.098390671900257,
2024-01-20 22:45:00,10.098240591087508,
2024-01-20 23:00:00,10.108090510274764,
2024-01-20 23:15:00,10.107940429462015,
2024-01-20 23:30:00,10.117790348649272,
2024-01-20 23:45:00,10.117640267836528,
2024-01-21 00:00:00,10.11749018702378,
2024-01-21 00:15:00,10.117340106211037,
2024-01-21 00:30:00,10.12719002539829,
2024-01-21 00:45:00,10.117039944585546,
2024-01-21 01:00:00,10.1268898637728,
2024-01-21 01:15:00,10.126739782960057,
2024-01-21 01:30:00,10.13658970214731,
2024-01-21 01:45:00,10.136439621334564,
2024-01-21 02:00:00,10.14628954052182,
2024-01-21 02:15:00,10.146139459709074,
2024-01-21 02:30:00,10.14598937889633,
2024-01-21 02:45:00,10.145839298083583,
2024-01-21 03:00:00,10.155689217270838,
2024-01-21 03:15:00,10.155539136458094,
2024-01-21 03:30:00,10.165389055645347,
2024-01-21 03:45:00,10.175238974832602,
2024-01-21 04:00:00,10.165088894019858,
2024-01-21 04:15:00,10.174938813207111,
2024-01-21 04:30:00,10.184788732394368,
2024-01-21 04:45:00,10.18463865158162,
2024-01-21 05:00:00,10.184488570768876,
2024-01-21 05:15:00,10.19433848995613,
2024-01-21 05:30:00,10.204188409143384,
2024-01-21 05:45:00,10.20403832833064,
2024-01-21 06:00:00,10.213888247517891,
2024-01-21 06:15:00,10.213738166705149,
2024-01-21 06:30:00,10.213588085892402,
2024-01-21 06:45:00,10.213438005079658,
2024-01-21 07:00:00,10.213287924266911,
2024-01-21 07:15:00,10.213137843454168,
2024-01-21 07:30:00,10.212987762641422,
2024-01-21 07:45:00,10.202837681828676,
2024-01-21 08:00:00,10.212687601015933,
2024-01-21 08:15:00,10.222537520203186,
2024-01-21 08:30:00,10.26238743939044,
2024-01-21 08:45:00,10.312237358577695,
2024-01-21 09:00:00,10.35208727776495,
2024-01-21 09:15:00,10.401937196952206,
2024-01-21 09:30:00,10.50178711613946,
2024-01-21 09:45:00,10.571637035326717,
2024-01-21 10:00:00,10.64148695451397,
2024-01-21 10:15:00,10.671336873701224,
2024-01-21 10:30:00,10.711186792888478,
2024-01-21 10:45:00,10.761036712075732,
2024-01-21 11:00:00,10.810886631262989,
2024-01-21 11:15:00,10.850736550450245,
2024-01-21 11:30:00,10.890586469637498,
2024-01-21 11:45:00,10.920436388824752,
2024-01-21 12:00:00,10.930286308012006,
2024-01-21 12:15:00,10.93013622719926,
2024-01-21 12:30:00,10.909986146386515,
2024-01-21 12:45:00,10.889836065573771,
2024-01-21 13:00:00,10.879685984761023,
2024-01-21 13:15:00,10.88953590394828,
2024-01-21 13:30:00,10.889385823135536,
2024-01-21 13:45:00,10.88923574232279,
2024-01-21 14:00:00,10.869085661510043,
2024-01-21 14:15:00,10.8289355806973,
2024-01-21 14:30:00,10.798785499884552,
2024-01-21 14:45:00,10.758635419071808,
2024-01-21 15:00:00,10.728485338259064,
2024-01-21 15:15:00,10.698335257446317,
2024-01-21 15:30:00,10.608185176633572,
2024-01-21 15:45:00,10.578035095820828,
2024-01-21 16:00:00,10.54788501500808,
2024-01-21 16:15:00,10.507734934195335,
2024-01-21 16:30:00,10.43758485338259,
2024-01-21 16:45:00,10.377434772569844,
2024-01-21 17:00:00,10.3172846917571,
2024-01-21 17:15:00,10.257134610944355,
2024-01-21 17:30:00,10.206984530131608,
2024-01-21 17:45:00,10.156834449318865,
2024-01-21 18:00:00,10.116684368506116,
2024-01-21 18:15:00,10.066534287693374,
2024-01-21 18:30:00,10.046384206880628,
2024-01-21 18:45:00,10.016234126067882,
2024-01-21 19:00:00,9.996084045255138,
2024-01-21 19:15:00,9.985933964442392,
2024-01-21 19:30:00,9.965783883629648,
2024-01-21 19:45:00,9.955633802816902,
2024-01-21 20:00:00,9.965483722004157,
2024-01-21 20:15:00,9.965333641191412,
2024-01-21 20:30:00,9.965183560378666,
2024-01-21 20:45:00,9.96503347956592,
2024-01-21 21:00:00,9.964883398753177,
2024-01-21 21:15:00,9.97473331794043,
2024-01-21 21:30:00,9.974583237127684,
2024-01-21 21:45:00,9.96443315631494,
2024-01-21 22:00:00,9.974283075502196,
2024-01-21 22:15:00,9.974132994689448,
2024-01-21 22:30:00,9.973982913876704,
2024-01-21 22:45:00,9.98383283306396,
2024-01-21 23:00:00,9.983682752251212,
2024-01-21 23:15:00,9.993532671438468,
2024-01-21 23:30:00,9.99338259062572,
2024-01-21 23:45:00,9.993232509812977,
2024-01-22 00:00:00,10.00308242900023,
2024-01-22 00:15:00,10.012932348187483,
2024-01-22 00:30:00,10.01278226737474,
2024-01-22 00:45:00,10.022632186561994,
2024-01-22 01:00:00,10.02248210574925,
2024-01-22 01:15:00,10.022332024936505,
2024-01-22 01:30:00,10.01218194412376,
2024-01-22 01:45:00,10.022031863311014,
2024-01-22 02:00:00,10.021881782498268,
2024-01-22 02:15:00,10.011731701685523,
2024-01-22 02:30:00,10.011581620872777,
2024-01-22 02:45:00,10.011431540060032,
2024-01-22 03:00:00,10.011281459247288,
2024-01-22 03:15:00,10.01113137843454,
2024-01-22 03:30:00,10.010981297621797,
2024-01-22 03:45:00,10.02083121680905,
2024-01-22 04:00:00,10.010681135996306,
2024-01-22 04:15:00,10.02053105518356,
2024-01-22 04:30:00,10.010380974370817,
2024-01-22 04:45:00,10.01023089355807,
2024-01-22 05:00:00,10.010080812745324,
2024-01-22 05:15:00,10.01993073193258,
2024-01-22 05:30:00,10.009780651119833,
2024-01-22 05:45:00,10.019630570307088,
2024-01-22 06:00:00,10.029480489494343,
2024-01-22 06:15:00,10.029330408681597,
2024-01-22 06:30:00,10.029180327868852,
2024-01-22 06:45:00,10.029030247056106,
2024-01-22 07:00:00,10.02888016624336,
2024-01-22 07:15:00,10.018730085430615,
2024-01-22 07:30:00,10.01858000461787,
2024-01-22 07:45:00,10.028429923805126,
2024-01-22 08:00:00,10.03827984299238,
2024-01-22 08:15:00,10.058129762179636,
2024-01-22 08:30:00,10.097979681366889,
2024-01-22 08:45:00,10.157829600554145,
2024-01-22 09:00:00,10.2176795197414,
2024-01-22 09:15:00,10.267529438928651,
2024-01-22 09:30:00,10.347379358115909,
2024-01-22 09:45:00,10.437229277303162,
2024-01-22 10:00:00,10.527079196490416,
2024-01-22 10:15:00,10.596929115677671,
2024-01-22 10:30:00,10.666779034864929,
2024-01-22 10:45:00,10.726628954052185,
2024-01-22 11:00:00,10.786478873239435,
2024-01-22 11:15:00,10.826328792426692,
2024-01-22 11:30:00,10.876178711613946,
2024-01-22 11:45:00,10.9060286308012,
2024-01-22 12:00:00,10.915878549988456,
2024-01-22 12:15:00,10.935728469175707,
2024-01-22 12:30:00,10.925578388362965,
2024-01-22 12:45:00,10.90542830755022,
2024-01-22 13:00:00,10.915278226737474,
2024-01-22 13:15:00,10.91512814592473,
2024-01-22 13:30:00,10.894978065111983,
2024-01-22 13:45:00,10.87482798429924,
2024-01-22 14:00:00,10.854677903486492,
2024-01-22 14:15:00,10.824527822673748,
2024-01-22 14:30:00,10.804377741861003,
2024-01-22 14:45:00,10.794227661048255,
2024-01-22 15:00:00,10.784077580235513,
2024-01-22 15:15:00,10.763927499422763,
2024-01-22 15:30:00,10.72377741861002,
2024-01-22 15:45:00,10.693627337797274,
2024-01-22 16:00:00,10.66347725698453,
2024-01-22 16:15:00,10.623327176171786,
2024-01-22 16:30:00,10.54317709535904,
2024-01-22 16:45:00,10.453027014546295,
2024-01-22 17:00:00,10.352876933733548,
2024-01-22 17:15:00,10.272726852920805,
2024-01-22 17:30:00,10.17257677210806,
2024-01-22 17:45:00,10.092426691295312,
2024-01-22 18:00:00,10.022276610482567,
2024-01-22 18:15:00,9.962126529669822,
2024-01-22 18:30:00,9.911976448857075,
2024-01-22 18:45:00,9.871826368044331,
2024-01-22 19:00:00,9.841676287231586,
2024-01-22 19:15:00,9.83152620641884,
2024-01-22 19:30:00,9.811376125606095,
2024-01-22 19:45:00,9.801226044793353,
2024-01-22 20:00:00,9.801075963980605,
2024-01-22 20:15:00,9.81092588316786,
2024-01-22 20:30:00,9.810775802355115,
2024-01-22 20:45:00,9.820625721542369,
2024-01-22 21:00:00,9.820475640729624,
2024-01-22 21:15:00,9.830325559916878,
2024-01-22 21:30:00,9.840175479104133,
2024-01-22 21:45:00,9.850025398291388,
2024-01-22 22:00:00,9.849875317478642,
2024-01-22 22:15:00,9.859725236665897,
2024-01-22 22:30:00,9.869575155853152,
2024-01-22 22:45:00,9.869425075040407,
2024-01-22 23:00:00,9.87927499422766,
2024-01-22 23:15:00,9.879124913414916,
2024-01-22 23:30:00,9.888974832602171,
2024-01-22 23:45:00,9.898824751789425,
2024-01-23 00:00:00,9.90867467097668,
2024-01-23 00:15:00,9.908524590163934,
2024-01-23 00:30:00,9.908374509351187,
2024-01-23 00:45:00,9.918224428538444,
2024-01-23 01:00:00,9.928074347725698,
2024-01-23 01:15:00,9.937924266912953,
2024-01-23 01:30:00,9.937774186100206,
2024-01-23 01:45:00,9.937624105287462,
2024-01-23 02:00:00,9.94747402447472,
2024-01-23 02:15:00,9.947323943661972,
2024-01-23 02:30:00,9.947173862849228,
2024-01-23 02:45:00,9.95702378203648,
2024-01-23 03:00:00,9.956873701223737,
2024-01-23 03:15:00,9.966723620410992,
2024-01-23 03:30:00,9.956573539598246,
2024-01-23 03:45:00,9.9664234587855,
2024-01-23 04:00:00,9.966273377972756,
2024-01-23 04:15:00,9.96612329716001,
2024-01-23 04:30:00,9.975973216347263,
2024-01-23 04:45:00,9.97582313553452,
2024-01-23 05:00:00,9.975673054721774,
2024-01-23 05:15:00,9.985522973909028,
2024-01-23 05:30:00,9.975372893096283,
2024-01-23 05:45:00,9.985222812283537,
2024-01-23 06:00:00,9.985072731470792,
2024-01-23 06:15:00,9.984922650658048,
2024-01-23 06:30:00,9.9947725698453,
2024-01-23 06:45:00,9.994622489032556,
2024-01-23 07:00:00,10.00447240821981,
2024-01-23 07:15:00,10.004322327407063,
2024-01-23 07:30:00,10.00417224659432,
2024-01-23 07:45:00,10.014022165781574,
2024-01-23 08:00:00,10.02387208496883,
2024-01-23 08:15:00,10.043722004156084,
2024-01-23 08:30:00,10.08357192334334,
2024-01-23 08:45:00,10.133421842530591,
2024-01-23 09:00:00,10.193271761717847,
2024-01-23 09:15:00,10.263121680905105,
2024-01-23 09:30:00,10.362971600092358,
2024-01-23 09:45:00,10.442821519279612,
2024-01-23 10:00:00,10.532671438466869,
2024-01-23 10:15:00,10.632521357654122,
2024-01-23 10:30:00,10.702371276841376,
2024-01-23 10:45:00,10.792221196028631,
2024-01-23 11:00:00,10.832071115215886,
2024-01-23 11:15:00,10.85192103440314,
2024-01-23 11:30:00,10.901770953590397,
2024-01-23 11:45:00,10.911620872777648,
2024-01-23 12:00:00,10.941470791964903,
2024-01-23 12:15:00,10.95132071115216,
2024-01-23 12:30:00,10.941170630339414,
2024-01-23 12:45:00,10.95102054952667,
2024-01-23 13:00:00,10.960870468713924,
2024-01-23 13:15:00,10.960720387901178,
2024-01-23 13:30:00,10.950570307088434,
2024-01-23 13:45:00,10.930420226275686,
2024-01-23 14:00:00,10.920270145462942,
2024-01-23 14:15:00,10.900120064650196,
2024-01-23 14:30:00,10.879969983837452,
2024-01-23 14:45:00,10.849819903024706,
2024-01-23 15:00:00,10.81966982221196,
2024-01-23 15:15:00,10.779519741399216,
2024-01-23 15:30:00,10.72936966058647,
2024-01-23 15:45:00,10.669219579773724,
2024-01-23 16:00:00,10.61906949896098,
2024-01-23 16:15:00,10.568919418148234,
2024-01-23 16:30:00,10.508769337335488,
2024-01-23 16:45:00,10.438619256522744,
2024-01-23 17:00:00,10.35846917571,
2024-01-23 17:15:00,10.278319094897252,
2024-01-23 17:30:00,10.198169014084508,
2024-01-23 17:45:00,10.118018933271763,
2024-01-23 18:00:00,10.057868852459016,
2024-01-23 18:15:00,9.987718771646271,
2024-01-23 18:30:00,9.947568690833526,
2024-01-23 18:45:00,9.90741861002078,
2024-01-23 19:00:00,9.877268529208036,
2024-01-23 19:15:00,9.85711844839529,
2024-01-23 19:30:00,9.836968367582545,
2024-01-23 19:45:00,9.826818286769798,
2024-01-23 20:00:00,9.826668205957054,
2024-01-23 20:15:00,9.836518125144307,
2024-01-23 20:30:00,9.826368044331565,
2024-01-23 20:45:00,9.836217963518818,
2024-01-23 21:00:00,9.836067882706072,
2024-01-23 21:15:00,9.845917801893329,
2024-01-23 21:30:00,9.855767721080582,
2024-01-23 21:45:00,9.855617640267836,
2024-01-23 22:00:00,9.865467559455093,
2024-01-23 22:15:00,9.875317478642346,
2024-01-23 22:30:00,9.8851673978296,
2024-01-23 22:45:00,9.885017317016857,
2024-01-23 23:00:00,9.89486723620411,
2024-01-23 23:15:00,9.894717155391364,
2024-01-23 23:30:00,9.91456707457862,
2024-01-23 23:45:00,9.914416993765874,
2024-01-24 00:00:00,9.924266912953128,
2024-01-24 00:15:00,9.924116832140385,
2024-01-24 00:30:00,9.923966751327637,
2024-01-24 00:45:00,9.933816670514894,
2024-01-24 01:00:00,9.933666589702147,
2024-01-24 01:15:00,9.943516508889402,
2024-01-24 01:30:00,9.943366428076658,
2024-01-24 01:45:00,9.943216347263911,
2024-01-24 02:00:00,9.943066266451169,
2024-01-24 02:15:00,9.94291618563842,
2024-01-24 02:30:00,9.952766104825676,
2024-01-24 02:45:00,9.952616024012933,
2024-01-24 03:00:00,9.962465943200185,
2024-01-24 03:15:00,9.96231586238744,
2024-01-24 03:30:00,9.982165781574691,
2024-01-24 03:45:00,9.972015700761949,
2024-01-24 04:00:00,9.991865619949204,
2024-01-24 04:15:00,9.991715539136456,
2024-01-24 04:30:00,9.991565458323713,
2024-01-24 04:45:00,10.001415377510966,
2024-01-24 05:00:00,10.001265296698222,
2024-01-24 05:15:00,10.021115215885477,
2024-01-24 05:30:00,10.030965135072732,
2024-01-24 05:45:00,10.030815054259987,
2024-01-24 06:00:00,10.03066497344724,
2024-01-24 06:15:00,10.030514892634496,
2024-01-24 06:30:00,10.030364811821752,
2024-01-24 06:45:00,10.040214731009003,
2024-01-24 07:00:00,10.04006465019626,
2024-01-24 07:15:00,10.039914569383514,
2024-01-24 07:30:00,10.03976448857077,
2024-01-24 07:45:00,10.049614407758025,
2024-01-24 08:00:00,10.059464326945278,
2024-01-24 08:15:00,10.079314246132531,
2024-01-24 08:30:00,10.109164165319788,
2024-01-24 08:45:00,10.159014084507042,
2024-01-24 09:00:00,10.218864003694296,
2024-01-24 09:15:00,10.298713922881552,
2024-01-24 09:30:00,10.378563842068807,
2024-01-24 09:45:00,10.45841376125606,
2024-01-24 10:00:00,10.548263680443316,
2024-01-24 10:15:00,10.63811359963057,
2024-01-24 10:30:00,10.727963518817823,
2024-01-24 10:45:00,10.79781343800508,
2024-01-24 11:00:00,10.857663357192337,
2024-01-24 11:15:00,10.89751327637959,
2024-01-24 11:30:00,10.937363195566844,
2024-01-24 11:45:00,10.9572131147541,
2024-01-24 12:00:00,10.977063033941352,
2024-01-24 12:15:00,10.986912953128607,
2024-01-24 12:30:00,10.996762872315864,
2024-01-24 12:45:00,10.986612791503116,
2024-01-24 13:00:00,10.996462710690372,
2024-01-24 13:15:00,10.966312629877626,
2024-01-24 13:30:00,10.946162549064882,
2024-01-24 13:45:00,10.926012468252136,
2024-01-24 14:00:00,10.90586238743939,
2024-01-24 14:15:00,10.855712306626646,
2024-01-24 14:30:00,10.8155622258139,
2024-01-24 14:45:00,10.795412145001157,
2024-01-24 15:00:00,10.755262064188408,
2024-01-24 15:15:00,10.695111983375664,
2024-01-24 15:30:00,10.63496190256292,
2024-01-24 15:45:00,10.574811821750172,
2024-01-24 16:00:00,10.534661740937429,
2024-01-24 16:15:00,10.514511660124684,
2024-01-24 16:30:00,10.484361579311935,
2024-01-24 16:45:00,10.404211498499192,
2024-01-24 17:00:00,10.304061417686446,
2024-01-24 17:15:00,10.2339113368737,
2024-01-24 17:30:00,10.143761256060955,
2024-01-24 17:45:00,10.06361117524821,
2024-01-24 18:00:00,9.993461094435464,
2024-01-24 18:15:00,9.95331101362272,
2024-01-24 18:30:00,9.913160932809976,
2024-01-24 18:45:00,9.883010851997229,
2024-01-24 19:00:00,9.862860771184485,
2024-01-24 19:15:00,9.85271069037174,
2024-01-24 19:30:00,9.842560609558994,
2024-01-24 19:45:00,9.84241052874625,
2024-01-24 20:00:00,9.842260447933503,
2024-01-24 20:15:00,9.852110367120758,
2024-01-24 20:30:00,9.861960286308012,
2024-01-24 20:45:00,9.871810205495269,
2024-01-24 21:00:00,9.881660124682522,
2024-01-24 21:15:00,9.891510043869776,
2024-01-24 21:30:00,9.91135996305703,
2024-01-24 21:45:00,9.921209882244286,
2024-01-24 22:00:00,9.93105980143154,
2024-01-24 22:15:00,9.950909720618794,
2024-01-24 22:30:00,9.96075963980605,
2024-01-24 22:45:00,9.970609558993305,
2024-01-24 23:00:00,9.980459478180558,
2024-01-24 23:15:00,9.990309397367811,
2024-01-24 23:30:00,10.000159316555068,
2024-01-24 23:45:00,10.020009235742323,
2024-01-25 00:00:00,10.02985915492958,
2024-01-25 00:15:00,10.029709074116832,
2024-01-25 00:30:00,10.039558993304087,
2024-01-25 00:45:00,10.03940891249134,
2024-01-25 01:00:00,10.039258831678596,
2024-01-25 01:15:00,10.03910875086585,
2024-01-25 01:30:00,10.048958670053104,
2024-01-25 01:45:00,10.04880858924036,
2024-01-25 02:00:00,10.048658508427614,
2024-01-25 02:15:00,10.05850842761487,
2024-01-25 02:30:00,10.058358346802123,
2024-01-25 02:45:00,10.068208265989378,
2024-01-25 03:00:00,10.078058185176634,
2024-01-25 03:15:00,10.067908104363887,
2024-01-25 03:30:00,10.077758023551144,
2024-01-25 03:45:00,10.077607942738396,
2024-01-25 04:00:00,10.077457861925652,
2024-01-25 04:15:00,10.087307781112909,
2024-01-25 04:30:00,10.087157700300162,
2024-01-25 04:45:00,10.087007619487418,
2024-01-25 05:00:00,10.086857538674671,
2024-01-25 05:15:00,10.086707457861928,
2024-01-25 05:30:00,10.09655737704918,
2024-01-25 05:45:00,10.096407296236436,
2024-01-25 06:00:00,10.096257215423693,
2024-01-25 06:15:00,10.096107134610945,
2024-01-25 06:30:00,10.1059570537982,
2024-01-25 06:45:00,10.115806972985451,
2024-01-25 07:00:00,10.115656892172709,
2024-01-25 07:15:00,10.125506811359964,
2024-01-25 07:30:00,10.125356730547216,
2024-01-25 07:45:00,10.135206649734473,
2024-01-25 08:00:00,10.145056568921726,
2024-01-25 08:15:00,10.164906488108985,
2024-01-25 08:30:00,10.194756407296236,
2024-01-25 08:45:00,10.24460632648349,
2024-01-25 09:00:00,10.294456245670746,
2024-01-25 09:15:00,10.354306164858,
2024-01-25 09:30:00,10.414156084045256,
2024-01-25 09:45:00,10.474006003232509,
2024-01-25 10:00:00,10.523855922419765,
2024-01-25 10:15:00,10.56370584160702,
2024-01-25 10:30:00,10.623555760794272,
2024-01-25 10:45:00,10.69340567998153,
2024-01-25 11:00:00,10.753255599168783,
2024-01-25 11:15:00,10.793105518356038,
2024-01-25 11:30:00,10.842955437543294,
2024-01-25 11:45:00,10.862805356730547,
2024-01-25 12:00:00,10.892655275917802,
2024-01-25 12:15:00,10.942505195105056,
2024-01-25 12:30:00,10.962355114292311,
2024-01-25 12:45:00,10.962205033479568,
2024-01-25 13:00:00,10.97205495266682,
2024-01-25 13:15:00,10.971904871854075,
2024-01-25 13:30:00,10.96175479104133,
2024-01-25 13:45:00,10.961604710228585,
2024-01-25 14:00:00,10.961454629415838,
2024-01-25 14:15:00,10.951304548603094,
2024-01-25 14:30:00,10.93115446779035,
2024-01-25 14:45:00,10.901004386977602,
2024-01-25 15:00:00,10.84085430616486,
2024-01-25 15:15:00,10.800704225352112,
2024-01-25 15:30:00,10.790554144539367,
2024-01-25 15:45:00,10.770404063726623,
2024-01-25 16:00:00,10.720253982913876,
2024-01-25 16:15:00,10.670103902101133,
2024-01-25 16:30:00,10.629953821288384,
2024-01-25 16:45:00,10.579803740475642,
2024-01-25 17:00:00,10.519653659662897,
2024-01-25 17:15:00,10.43950357885015,
2024-01-25 17:30:00,10.369353498037404,
2024-01-25 17:45:00,10.319203417224658,
2024-01-25 18:00:00,10.259053336411917,
2024-01-25 18:15:00,10.198903255599168,
2024-01-25 18:30:00,10.168753174786424,
2024-01-25 18:45:00,10.138603093973678,
2024-01-25 19:00:00,10.128453013160932,
2024-01-25 19:15:00,10.108302932348188,
2024-01-25 19:30:00,10.108152851535442,
2024-01-25 19:45:00,10.118002770722695,
2024-01-25 20:00:00,10.117852689909952,
2024-01-25 20:15:00,10.117702609097206,
2024-01-25 20:30:00,10.13755252828446,
2024-01-25 20:45:00,10.137402447471716,
2024-01-25 21:00:00,10.14725236665897,
2024-01-25 21:15:00,10.157102285846223,
2024-01-25 21:30:00,10.16695220503348,
2024-01-25 21:45:00,10.176802124220735,
2024-01-25 22:00:00,10.186652043407989,
2024-01-25 22:15:00,10.186501962595244,
2024-01-25 22:30:00,10.186351881782498,
2024-01-25 22:45:00,10.196201800969751,
2024-01-25 23:00:00,10.196051720157008,
2024-01-25 23:15:00,10.195901639344262,
2024-01-25 23:30:00,10.195751558531516,
2024-01-25 23:45:00,10.195601477718771,
2024-01-26 00:00:00,10.195451396906028,
2024-01-26 00:15:00,10.20530131609328,
2024-01-26 00:30:00,10.205151235280535,
2024-01-26 00:45:00,10.195001154467793,
2024-01-26 01:00:00,10.194851073655045,
2024-01-26 01:15:00,10.1947009928423,
2024-01-26 01:30:00,10.194550912029554,
2024-01-26 01:45:00,10.194400831216807,
2024-01-26 02:00:00,10.194250750404064,
2024-01-26 02:15:00,10.184100669591318,
2024-01-26 02:30:00,10.183950588778574,
2024-01-26 02:45:00,10.193800507965827,
2024-01-26 03:00:00,10.183650427153085,
2024-01-26 03:15:00,10.183500346340338,
2024-01-26 03:30:00,10.183350265527592,
2024-01-26 03:45:00,10.183200184714847,
2024-01-26 04:00:00,10.1730501039021,
2024-01-26 04:15:00,10.172900023089356,
2024-01-26 04:30:00,10.17274994227661,
2024-01-26 04:45:00,10.172599861463866,
2024-01-26 05:00:00,10.17244978065112,
2024-01-26 05:15:00,10.172299699838376,
2024-01-26 05:30:00,10.17214961902563,
2024-01-26 05:45:00,10.171999538212884,
2024-01-26 06:00:00,10.17184945740014,
2024-01-26 06:15:00,10.171699376587394,
2024-01-26 06:30:00,10.171549295774648,
2024-01-26 06:45:00,10.171399214961903,
2024-01-26 07:00:00,10.181249134149157,
2024-01-26 07:15:00,10.181099053336412,
2024-01-26 07:30:00,10.180948972523666,
2024-01-26 07:45:00,10.18079889171092,
2024-01-26 08:00:00,10.190648810898177,
2024-01-26 08:15:00,10.22049873008543,
2024-01-26 08:30:00,10.260348649272686,
2024-01-26 08:45:00,10.29019856845994,
2024-01-26 09:00:00,10.340048487647197,
2024-01-26 09:15:00,10.40989840683445,
2024-01-26 09:30:00,10.479748326021705,
2024-01-26 09:45:00,10.60959824520896,
2024-01-26 10:00:00,10.649448164396214,
2024-01-26 10:15:00,10.729298083583467,
2024-01-26 10:30:00,10.799148002770725,
2024-01-26 10:45:00,10.858997921957975,
2024-01-26 11:00:00,10.898847841145232,
2024-01-26 11:15:00,10.948697760332486,
2024-01-26 11:30:00,10.97854767951974,
2024-01-26 11:45:00,10.998397598706998,
2024-01-26 12:00:00,11.03824751789425,
2024-01-26 12:15:00,11.038097437081506,
2024-01-26 12:30:00,11.03794735626876,
2024-01-26 12:45:00,11.037797275456017,
2024-01-26 13:00:00,11.027647194643269,
2024-01-26 13:15:00,11.007497113830524,
2024-01-26 13:30:00,10.97734703301778,
2024-01-26 13:45:00,10.927196952205032,
2024-01-26 14:00:00,10.957046871392288,
2024-01-26 14:15:00,10.906896790579545,
2024-01-26 14:30:00,10.856746709766798,
2024-01-26 14:45:00,10.796596628954052,
2024-01-26 15:00:00,10.756446548141309,
2024-01-26 15:15:00,10.736296467328565,
2024-01-26 15:30:00,10.706146386515815,
2024-01-26 15:45:00,10.685996305703071,
2024-01-26 16:00:00,10.645846224890326,
2024-01-26 16:15:00,10.57569614407758,
2024-01-26 16:30:00,10.545546063264837,
2024-01-26 16:45:00,10.50539598245209,
2024-01-26 17:00:00,10.435245901639345,
2024-01-26 17:15:00,10.375095820826598,
2024-01-26 17:30:00,10.324945740013854,
2024-01-26 17:45:00,10.274795659201107,
2024-01-26 18:00:00,10.214645578388362,
2024-01-26 18:15:00,10.184495497575618,
2024-01-26 18:30:00,10.144345416762873,
2024-01-26 18:45:00,10.134195335950126,
2024-01-26 19:00:00,10.11404525513738,
2024-01-26 19:15:00,10.113895174324636,
2024-01-26 19:30:00,10.113745093511891,
2024-01-26 19:45:00,10.123595012699145,
2024-01-26 20:00:00,10.1334449318864,
2024-01-26 20:15:00,10.133294851073654,
2024-01-26 20:30:00,10.14314477026091,
2024-01-26 20:45:00,10.162994689448166,
2024-01-26 21:00:00,10.18284460863542,
2024-01-26 21:15:00,10.192694527822674,
2024-01-26 21:30:00,10.202544447009927,
2024-01-26 21:45:00,10.212394366197184,
2024-01-26 22:00:00,10.23224428538444,
2024-01-26 22:15:00,10.242094204571693,
2024-01-26 22:30:00,10.241944123758948,
2024-01-26 22:45:00,10.251794042946202,
2024-01-26 23:00:00,10.251643962133455,
2024-01-26 23:15:00,10.26149388132071,
2024-01-26 23:30:00,10.271343800507966,
2024-01-26 23:45:00,10.28119371969522,
2024-01-27 00:00:00,10.281043638882474,
2024-01-27 00:15:00,10.29089355806973,
2024-01-27 00:30:00,10.290743477256983,
2024-01-27 00:45:00,10.29059339644424,
2024-01-27 01:00:00,10.290443315631494,
2024-01-27 01:15:00,10.300293234818747,
2024-01-27 01:30:00,10.310143154006004,
2024-01-27 01:45:00,10.309993073193258,
2024-01-27 02:00:00,10.309842992380512,
2024-01-27 02:15:00,10.319692911567769,
2024-01-27 02:30:00,10.329542830755022,
2024-01-27 02:45:00,10.319392749942278,
2024-01-27 03:00:00,10.339242669129533,
2024-01-27 03:15:00,10.339092588316786,
2024-01-27 03:30:00,10.348942507504042,
2024-01-27 03:45:00,10.358792426691297,
2024-01-27 04:00:00,10.35864234587855,
2024-01-27 04:15:00,10.368492265065804,
2024-01-27 04:30:00,10.36834218425306,
2024-01-27 04:45:00,10.378192103440313,
2024-01-27 05:00:00,10.38804202262757,
2024-01-27 05:15:00,10.397891941814825,
2024-01-27 05:30:00,10.397741861002078,
2024-01-27 05:45:00,10.407591780189334,
2024-01-27 06:00:00,10.407441699376587,
2024-01-27 06:15:00,10.407291618563844,
2024-01-27 06:30:00,10.407141537751098,
2024-01-27 06:45:00,10.416991456938351,
2024-01-27 07:00:00,10.416841376125609,
2024-01-27 07:15:00,10.42669129531286,
2024-01-27 07:30:00,10.426541214500116,
2024-01-27 07:45:00,10.42639113368737,
2024-01-27 08:00:00,10.446241052874624,
2024-01-27 08:15:00,10.47609097206188,
2024-01-27 08:30:00,10.525940891249132,
2024-01-27 08:45:00,10.58579081043639,
2024-01-27 09:00:00,10.645640729623643,
2024-01-27 09:15:00,10.705490648810898,
2024-01-27 09:30:00,10.795340567998151,
2024-01-27 09:45:00,10.885190487185408,
2024-01-27 10:00:00,10.955040406372662,
2024-01-27 10:15:00,11.034890325559916,
2024-01-27 10:30:00,11.094740244747172,
2024-01-27 10:45:00,11.154590163934426,
2024-01-27 11:00:00,11.20444008312168,
2024-01-27 11:15:00,11.234290002308937,
2024-01-27 11:30:00,11.26413992149619,
2024-01-27 11:45:00,11.273989840683443,
2024-01-27 12:00:00,11.293839759870698,
2024-01-27 12:15:00,11.283689679057954,
2024-01-27 12:30:00,11.28353959824521,
2024-01-27 12:45:00,11.273389517432465,
2024-01-27 13:00:00,11.26323943661972,
2024-01-27 13:15:00,11.283089355806972,
2024-01-27 13:30:00,11.272939274994227,
2024-01-27 13:45:00,11.242789194181483,
2024-01-27 14:00:00,11.212639113368736,
2024-01-27 14:15:00,11.162489032555992,
2024-01-27 14:30:00,11.122338951743243,
2024-01-27 14:45:00,11.0921888709305,
2024-01-27 15:00:00,11.022038790117756,
2024-01-27 15:15:00,10.971888709305013,
2024-01-27 15:30:00,10.951738628492263,
2024-01-27 15:45:00,10.93158854767952,
2024-01-27 16:00:00,10.891438466866775,
2024-01-27 16:15:00,10.821288386054029,
2024-01-27 16:30:00,10.771138305241283,
2024-01-27 16:45:00,10.70098822442854,
2024-01-27 17:00:00,10.620838143615792,
2024-01-27 17:15:00,10.540688062803047,
2024-01-27 17:30:00,10.4605379819903,
2024-01-27 17:45:00,10.400387901177558,
2024-01-27 18:00:00,10.330237820364813,
2024-01-27 18:15:00,10.280087739552066,
2024-01-27 18:30:00,10.229937658739322,
2024-01-27 18:45:00,10.189787577926577,
2024-01-27 19:00:00,10.16963749711383,
2024-01-27 19:15:00,10.159487416301085,
2024-01-27 19:30:00,10.14933733548834,
2024-01-27 19:45:00,10.139187254675596,
2024-01-27 20:00:00,10.13903717386285,
2024-01-27 20:15:00,10.128887093050103,
2024-01-27 20:30:00,10.12873701223736,
2024-01-27 20:45:00,10.138586931424614,
2024-01-27 21:00:00,10.13843685061187,
2024-01-27 21:15:00,10.148286769799125,
2024-01-27 21:30:00,10.148136688986378,
2024-01-27 21:45:00,10.157986608173632,
2024-01-27 22:00:00,10.147836527360887,
2024-01-27 22:15:00,10.15768644654814,
2024-01-27 22:30:00,10.167536365735396,
2024-01-27 22:45:00,10.157386284922651,
2024-01-27 23:00:00,10.167236204109903,
2024-01-27 23:15:00,10.16708612329716,
2024-01-27 23:30:00,10.166936042484414,
2024-01-27 23:45:00,10.17678596167167,
2024-01-28 00:00:00,10.176635880858925,
2024-01-28 00:15:00,10.186485800046178,
2024-01-28 00:30:00,10.186335719233432,
2024-01-28 00:45:00,10.196185638420689,
2024-01-28 01:00:00,10.206035557607942,
2024-01-28 01:15:00,10.195885476795198,
2024-01-28 01:30:00,10.195735395982451,
2024-01-28 01:45:00,10.195585315169708,
2024-01-28 02:00:00,10.19543523435696,
2024-01-28 02:15:00,10.195285153544216,
2024-01-28 02:30:00,10.19513507273147,
2024-01-28 02:45:00,10.194984991918725,
2024-01-28 03:00:00,10.19483491110598,
2024-01-28 03:15:00,10.194684830293234,
2024-01-28 03:30:00,10.19453474948049,
2024-01-28 03:45:00,10.194384668667745,
2024-01-28 04:00:00,10.184234587854998,
2024-01-28 04:15:00,10.194084507042254,
2024-01-28 04:30:00,10.173934426229508,
2024-01-28 04:45:00,10.183784345416765,
2024-01-28 05:00:00,10.183634264604017,
2024-01-28 05:15:00,10.183484183791272,
2024-01-28 05:30:00,10.183334102978527,
2024-01-28 05:45:00,10.18318402216578,
2024-01-28 06:00:00,10.183033941353036,
2024-01-28 06:15:00,10.18288386054029,
2024-01-28 06:30:00,10.182733779727544,
2024-01-28 06:45:00,10.1825836989148,
2024-01-28 07:00:00,10.192433618102054,
2024-01-28 07:15:00,10.19228353728931,
2024-01-28 07:30:00,10.192133456476563,
2024-01-28 07:45:00,10.20198337566382,
2024-01-28 08:00:00,10.201833294851072,
2024-01-28 08:15:00,10.241683214038328,
2024-01-28 08:30:00,10.291533133225585,
2024-01-28 08:45:00,10.341383052412835,
2024-01-28 09:00:00,10.401232971600091,
2024-01-28 09:15:00,10.491082890787348,
2024-01-28 09:30:00,10.550932809974602,
2024-01-28 09:45:00,10.630782729161858,
2024-01-28 10:00:00,10.710632648349112,
2024-01-28 10:15:00,10.790482567536367,
2024-01-28 10:30:00,10.84033248672362,
2024-01-28 10:45:00,10.880182405910876,
2024-01-28 11:00:00,10.930032325098129,
2024-01-28 11:15:00,10.969882244285383,
2024-01-28 11:30:00,10.99973216347264,
2024-01-28 11:45:00,11.019582082659891,
2024-01-28 12:00:00,11.03943200184715,
2024-01-28 12:15:00,11.059281921034405,
2024-01-28 12:30:00,11.04913184022166,
2024-01-28 12:45:00,11.048981759408914,
2024-01-28 13:00:00,11.038831678596168,
2024-01-28 13:15:00,11.028681597783422,
2024-01-28 13:30:00,11.018531516970675,
2024-01-28 13:45:00,10.998381436157931,
2024-01-28 14:00:00,10.968231355345186,
2024-01-28 14:15:00,10.95808127453244,
2024-01-28 14:30:00,10.937931193719695,
2024-01-28 14:45:00,10.91778111290695,
2024-01-28 15:00:00,10.877631032094206,
2024-01-28 15:15:00,10.837480951281458,
2024-01-28 15:30:00,10.807330870468714,
2024-01-28 15:45:00,10.767180789655969,
2024-01-28 16:00:00,10.727030708843223,
2024-01-28 16:15:00,10.686880628030478,
2024-01-28 16:30:00,10.626730547217733,
2024-01-28 16:45:00,10.566580466404988,
2024-01-28 17:00:00,10.496430385592245,
2024-01-28 17:15:00,10.426280304779496,
2024-01-28 17:30:00,10.326130223966752,
2024-01-28 17:45:00,10.235980143154006,
2024-01-28 18:00:00,10.14583006234126,
2024-01-28 18:15:00,10.085679981528514,
2024-01-28 18:30:00,10.02552990071577,
2024-01-28 18:45:00,9.975379819903026,
2024-01-28 19:00:00,9.935229739090278,
2024-01-28 19:15:00,9.915079658277534,
2024-01-28 19:30:00,9.894929577464788,
2024-01-28 19:45:00,9.884779496652044,
2024-01-28 20:00:00,9.8846294158393,
2024-01-28 20:15:00,9.884479335026551,
2024-01-28 20:30:00,9.894329254213808,
2024-01-28 20:45:00,9.904179173401062,
2024-01-28 21:00:00,9.924029092588317,
2024-01-28 21:15:00,9.93387901177557,
2024-01-28 21:30:00,9.943728930962823,
2024-01-28 21:45:00,9.963578850150082,
2024-01-28 22:00:00,9.963428769337336,
2024-01-28 22:15:00,9.97327868852459,
2024-01-28 22:30:00,9.983128607711844,
2024-01-28 22:45:00,9.9829785268991,
2024-01-28 23:00:00,9.982828446086357,
2024-01-28 23:15:00,9.982678365273609,
2024-01-28 23:30:00,9.992528284460864,
2024-01-28 23:45:00,10.002378203648115,
2024-01-29 00:00:00,9.992228122835373,
2024-01-29 00:15:00,9.992078042022628,
2024-01-29 00:30:00,10.01192796120988,
2024-01-29 00:45:00,10.021777880397137,
2024-01-29 01:00:00,10.02162779958439,
2024-01-29 01:15:00,10.031477718771647,
2024-01-29 01:30:00,10.031327637958904,
2024-01-29 01:45:00,10.051177557146156,
2024-01-29 02:00:00,10.061027476333413,
2024-01-29 02:15:00,10.060877395520665,
2024-01-29 02:30:00,10.06072731470792,
2024-01-29 02:45:00,10.080577233895172,
2024-01-29 03:00:00,10.090427153082429,
2024-01-29 03:15:00,10.100277072269684,
2024-01-29 03:30:00,10.11012699145694,
2024-01-29 03:45:00,10.119976910644194,
2024-01-29 04:00:00,10.129826829831448,
2024-01-29 04:15:00,10.139676749018705,
2024-01-29 04:30:00,10.149526668205958,
2024-01-29 04:45:00,10.159376587393211,
2024-01-29 05:00:00,10.159226506580469,
2024-01-29 05:15:00,10.15907642576772,
2024-01-29 05:30:00,10.168926344954976,
2024-01-29 05:45:00,10.16877626414223,
2024-01-29 06:00:00,10.168626183329485,
2024-01-29 06:15:00,10.17847610251674,
2024-01-29 06:30:00,10.188326021703991,
2024-01-29 06:45:00,10.19817594089125,
2024-01-29 07:00:00,10.198025860078504,
2024-01-29 07:15:00,10.19787577926576,
2024-01-29 07:30:00,10.207725698453014,
2024-01-29 07:45:00,10.227575617640268,
2024-01-29 08:00:00,10.237425536827525,
2024-01-29 08:15:00,10.277275456014776,
2024-01-29 08:30:00,10.317125375202032,
2024-01-29 08:45:00,10.356975294389288,
2024-01-29 09:00:00,10.40682521357654,
2024-01-29 09:15:00,10.476675132763797,
2024-01-29 09:30:00,10.53652505195105,
2024-01-29 09:45:00,10.606374971138306,
2024-01-29 10:00:00,10.67622489032556,
2024-01-29 10:15:00,10.746074809512814,
2024-01-29 10:30:00,10.79592472870007,
2024-01-29 10:45:00,10.835774647887323,
2024-01-29 11:00:00,10.86562456707458,
2024-01-29 11:15:00,10.905474486261832,
2024-01-29 11:30:00,10.925324405449087,
2024-01-29 11:45:00,10.945174324636344,
2024-01-29 12:00:00,10.955024243823598,
2024-01-29 12:15:00,10.964874163010853,
2024-01-29 12:30:00,10.954724082198108,
2024-01-29 12:45:00,10.944574001385362,
2024-01-29 13:00:00,10.934423920572616,
2024-01-29 13:15:00,10.91427383975987,
2024-01-29 13:30:00,10.884123758947126,
2024-01-29 13:45:00,10.86397367813438,
2024-01-29 14:00:00,10.823823597321637,
2024-01-29 14:15:00,10.793673516508887,
2024-01-29 14:30:00,10.763523435696143,
2024-01-29 14:45:00,10.7233733548834,
2024-01-29 15:00:00,10.683223274070652,
2024-01-29 15:15:00,10.643073193257909,
2024-01-29 15:30:00,10.602923112445165,
2024-01-29 15:45:00,10.562773031632418,
2024-01-29 16:00:00,10.522622950819674,
2024-01-29 16:15:00,10.472472870006929,
2024-01-29 16:30:00,10.42232278919418,
2024-01-29 16:45:00,10.372172708381436,
2024-01-29 17:00:00,10.32202262756869,
2024-01-29 17:15:00,10.271872546755947,
2024-01-29 17:30:00,10.1917224659432,
2024-01-29 17:45:00,10.141572385130456,
2024-01-29 18:00:00,10.091422304317708,
2024-01-29 18:15:00,10.051272223504965,
2024-01-29 18:30:00,10.011122142692216,
2024-01-29 18:45:00,9.990972061879472,
2024-01-29 19:00:00,9.980821981066727,
2024-01-29 19:15:00,9.980671900253984,
2024-01-29 19:30:00,9.980521819441238,
2024-01-29 19:45:00,10.000371738628491,
2024-01-29 20:00:00,10.010221657815746,
2024-01-29 20:15:00,10.030071577003003,
2024-01-29 20:30:00,10.049921496190256,
2024-01-29 20:45:00,10.059771415377512,
2024-01-29 21:00:00,10.079621334564765,
2024-01-29 21:15:00,10.08947125375202,
2024-01-29 21:30:00,10.099321172939275,
2024-01-29 21:45:00,10.10917109212653,
2024-01-29 22:00:00,10.119021011313786,
2024-01-29 22:15:00,10.12887093050104,
2024-01-29 22:30:00,10.148720849688294,
2024-01-29 22:45:00,10.148570768875548,
2024-01-29 23:00:00,10.158420688062805,
2024-01-29 23:15:00,10.168270607250058,
2024-01-29 23:30:00,10.178120526437311,
2024-01-29 23:45:00,10.177970445624569,
2024-01-30 00:00:00,10.187820364811822,
2024-01-30 00:15:00,10.187670283999076,
2024-01-30 00:30:00,10.20752020318633,
2024-01-30 00:45:00,10.217370122373586,
2024-01-30 01:00:00,10.22722004156084,
2024-01-30 01:15:00,10.237069960748094,
2024-01-30 01:30:00,10.24691987993535,
2024-01-30 01:45:00,10.256769799122605,
2024-01-30 02:00:00,10.26661971830986,
2024-01-30 02:15:00,10.276469637497115,
2024-01-30 02:30:00,10.286319556684369,
2024-01-30 02:45:00,10.296169475871624,
2024-01-30 03:00:00,10.296019395058876,
2024-01-30 03:15:00,10.305869314246133,
2024-01-30 03:30:00,10.315719233433388,
2024-01-30 03:45:00,10.32556915262064,
2024-01-30 04:00:00,10.335419071807896,
2024-01-30 04:15:00,10.345268990995152,
2024-01-30 04:30:00,10.355118910182409,
2024-01-30 04:45:00,10.364968829369662,
2024-01-30 05:00:00,10.364818748556916,
2024-01-30 05:15:00,10.37466866774417,
2024-01-30 05:30:00,10.374518586931424,
2024-01-30 05:45:00,10.39436850611868,
2024-01-30 06:00:00,10.394218425305931,
2024-01-30 06:15:00,10.404068344493188,
2024-01-30 06:30:00,10.403918263680444,
2024-01-30 06:45:00,10.423768182867695,
2024-01-30 07:00:00,10.423618102054952,
2024-01-30 07:15:00,10.433468021242208,
2024-01-30 07:30:00,10.433317940429465,
2024-01-30 07:45:00,10.453167859616716,
2024-01-30 08:00:00,10.463017778803971,
2024-01-30 08:15:00,10.482867697991226,
2024-01-30 08:30:00,10.51271761717848,
2024-01-30 08:45:00,10.562567536365735,
2024-01-30 09:00:00,10.63241745555299,
2024-01-30 09:15:00,10.702267374740243,
2024-01-30 09:30:00,10.7721172939275,
2024-01-30 09:45:00,10.861967213114754,
2024-01-30 10:00:00,10.901817132302009,
2024-01-30 10:15:00,10.971667051489264,
2024-01-30 10:30:00,11.041516970676518,
2024-01-30 10:45:00,11.101366889863774,
2024-01-30 11:00:00,11.151216809051029,
2024-01-30 11:15:00,11.201066728238285,
2024-01-30 11:30:00,11.240916647425536,
2024-01-30 11:45:00,11.260766566612793,
2024-01-30 12:00:00,11.230616485800043,
2024-01-30 12:15:00,11.2104664049873,
2024-01-30 12:30:00,11.260316324174555,
2024-01-30 12:45:00,11.27016624336181,
2024-01-30 13:00:00,11.270016162549066,
2024-01-30 13:15:00,11.25986608173632,
2024-01-30 13:30:00,11.189716000923577,
2024-01-30 13:45:00,11.12956592011083,
2024-01-30 14:00:00,11.149415839298085,
2024-01-30 14:15:00,11.09926575848534,
2024-01-30 14:30:00,11.039115677672592,
2024-01-30 14:45:00,10.978965596859847,
2024-01-30 15:00:00,10.8788155160471,
2024-01-30 15:15:00,10.868665435234355,
2024-01-30 15:30:00,10.828515354421612,
2024-01-30 15:45:00,10.788365273608866,
2024-01-30 16:00:00,10.74821519279612,
2024-01-30 16:15:00,10.618065111983377,
2024-01-30 16:30:00,10.60791503117063,
2024-01-30 16:45:00,10.577764950357883,
2024-01-30 17:00:00,10.52761486954514,
2024-01-30 17:15:00,10.477464788732394,
2024-01-30 17:30:00,10.427314707919647,
2024-01-30 17:45:00,10.377164627106904,
2024-01-30 18:00:00,10.33701454629416,
2024-01-30 18:15:00,10.306864465481413,
2024-01-30 18:30:00,10.266714384668669,
2024-01-30 18:45:00,10.24656430385592,
2024-01-30 19:00:00,10.236414223043177,
2024-01-30 19:15:00,10.23626414223043,
2024-01-30 19:30:00,10.236114061417686,
2024-01-30 19:45:00,10.24596398060494,
2024-01-30 20:00:00,10.255813899792196,
2024-01-30 20:15:00,10.265663818979451,
2024-01-30 20:30:00,10.285513738166705,
2024-01-30 20:45:00,10.29536365735396,
2024-01-30 21:00:00,10.305213576541217,
2024-01-30 21:15:00,10.315063495728468,
2024-01-30 21:30:00,10.334913414915723,
2024-01-30 21:45:00,10.33476333410298,
2024-01-30 22:00:00,10.344613253290234,
2024-01-30 22:15:00,10.354463172477487,
2024-01-30 22:30:00,10.354313091664745,
2024-01-30 22:45:00,10.354163010851998,
2024-01-30 23:00:00,10.364012930039252,
2024-01-30 23:15:00,10.363862849226509,
2024-01-30 23:30:00,10.37371276841376,
2024-01-30 23:45:00,10.383562687601016,
2024-01-31 00:00:00,10.383412606788273,
2024-01-31 00:15:00,10.393262525975524,
2024-01-31 00:30:00,10.40311244516278,
2024-01-31 00:45:00,10.402962364350032,
2024-01-31 01:00:00,10.402812283537289,
2024-01-31 01:15:00,10.412662202724544,
2024-01-31 01:30:00,10.4225121219118,
2024-01-31 01:45:00,10.422362041099056,
2024-01-31 02:00:00,10.422211960286308,
2024-01-31 02:15:00,10.432061879473563,
2024-01-31 02:30:00,10.431911798660815,
2024-01-31 02:45:00,10.431761717848072,
2024-01-31 03:00:00,10.441611637035328,
2024-01-31 03:15:00,10.44146155622258,
2024-01-31 03:30:00,10.451311475409836,
2024-01-31 03:45:00,10.45116139459709,
2024-01-31 04:00:00,10.451011313784344,
2024-01-31 04:15:00,10.4608612329716,
2024-01-31 04:30:00,10.470711152158854,
2024-01-31 04:45:00,10.47056107134611,
2024-01-31 05:00:00,10.490410990533364,
2024-01-31 05:15:00,10.50026090972062,
2024-01-31 05:30:00,10.510110828907871,
2024-01-31 05:45:00,10.529960748095128,
2024-01-31 06:00:00,10.539810667282383,
2024-01-31 06:15:00,10.549660586469637,
2024-01-31 06:30:00,10.569510505656892,
2024-01-31 06:45:00,10.579360424844149,
2024-01-31 07:00:00,10.589210344031402,
2024-01-31 07:15:00,10.599060263218655,
2024-01-31 07:30:00,10.60891018240591,
2024-01-31 07:45:00,10.618760101593166,
2024-01-31 08:00:00,10.63861002078042,
2024-01-31 08:15:00,10.658459939967674,
2024-01-31 08:30:00,10.68830985915493,
2024-01-31 08:45:00,10.738159778342183,
2024-01-31 09:00:00,10.79800969752944,
2024-01-31 09:15:00,10.867859616716691,
2024-01-31 09:30:00,10.937709535903949,
2024-01-31 09:45:00,10.997559455091205,
2024-01-31 10:00:00,11.077409374278458,
2024-01-31 10:15:00,11.147259293465712,
2024-01-31 10:30:00,11.207109212652966,
2024-01-31 10:45:00,11.256959131840222,
2024-01-31 11:00:00,11.306809051027477,
2024-01-31 11:15:00,11.346658970214731,
2024-01-31 11:30:00,11.376508889401986,
2024-01-31 11:45:00,11.38635880858924,
2024-01-31 12:00:00,11.406208727776496,
2024-01-31 12:15:00,11.406058646963748,
2024-01-31 12:30:00,11.385908566151004,
2024-01-31 12:45:00,11.37575848533826,
2024-01-31 13:00:00,11.355608404525514,
2024-01-31 13:15:00,11.32545832371277,
2024-01-31 13:30:00,11.285308242900022,
2024-01-31 13:45:00,11.225158162087276,
2024-01-31 14:00:00,11.15500808127453,
2024-01-31 14:15:00,11.114858000461789,
2024-01-31 14:30:00,11.094707919649045,
2024-01-31 14:45:00,10.994557838836297,
2024-01-31 15:00:00,10.954407758023551,
2024-01-31 15:15:00,10.924257677210806,
2024-01-31 15:30:00,10.88410759639806,
2024-01-31 15:45:00,10.853957515585316,
2024-01-31 16:00:00,10.82380743477257,
2024-01-31 16:15:00,10.763657353959823,
2024-01-31 16:30:00,10.713507273147078,
2024-01-31 16:45:00,10.673357192334334,
2024-01-31 17:00:00,10.62320711152159,
2024-01-31 17:15:00,10.553057030708842,
2024-01-31 17:30:00,10.5029069498961,
2024-01-31 17:45:00,10.452756869083352,
2024-01-31 18:00:00,10.382606788270609,
2024-01-31 18:15:00,10.342456707457863,
2024-01-31 18:30:00,10.312306626645116,
2024-01-31 18:45:00,10.282156545832372,
2024-01-31 19:00:00,10.282006465019624,
2024-01-31 19:15:00,10.28185638420688,
2024-01-31 19:30:00,10.281706303394134,
2024-01-31 19:45:00,10.28155622258139,
2024-01-31 20:00:00,10.291406141768643,
2024-01-31 20:15:00,10.311256060955898,
2024-01-31 20:30:00,10.311105980143154,
2024-01-31 20:45:00,10.320955899330407,
2024-01-31 21:00:00,10.330805818517664,
2024-01-31 21:15:00,10.340655737704918,
2024-01-31 21:30:00,10.340505656892171,
2024-01-31 21:45:00,10.350355576079428,
2024-01-31 22:00:00,10.360205495266682,
2024-01-31 22:15:00,10.370055414453937,
2024-01-31 22:30:00,10.36990533364119,
2024-01-31 22:45:00,10.379755252828446,
2024-01-31 23:00:00,10.3996051720157,
2024-01-31 23:15:00,10.409455091202956,
2024-01-31 23:30:00,10.419305010390213,
2024-01-31 23:45:00,10.409154929577465,
2024-02-01 00:00:00,10.40900484876472,
2024-02-01 00:15:00,10.408854767951976,
2024-02-01 00:30:00,10.428704687139229,
2024-02-01 00:45:00,10.428554606326484,
2024-02-01 01:00:00,10.438404525513738,
2024-02-01 01:15:00,10.418254444700992,
2024-02-01 01:30:00,10.418104363888247,
2024-02-01 01:45:00,10.437954283075502,
2024-02-01 02:00:00,10.447804202262756,
2024-02-01 02:15:00,10.447654121450013,
2024-02-01 02:30:00,10.457504040637266,
2024-02-01 02:45:00,10.45735395982452,
2024-02-01 03:00:00,10.467203879011777,
2024-02-01 03:15:00,10.46705379819903,
2024-02-01 03:30:00,10.476903717386284,
2024-02-01 03:45:00,10.48675363657354,
2024-02-01 04:00:00,10.486603555760794,
2024-02-01 04:15:00,10.49645347494805,
2024-02-01 04:30:00,10.486303394135303,
2024-02-01 04:45:00,10.49615331332256,
2024-02-01 05:00:00,10.496003232509814,
2024-02-01 05:15:00,10.505853151697067,
2024-02-01 05:30:00,10.505703070884325,
2024-02-01 05:45:00,10.505552990071577,
2024-02-01 06:00:00,10.505402909258832,
2024-02-01 06:15:00,10.505252828446087,
2024-02-01 06:30:00,10.49510274763334,
2024-02-01 06:45:00,10.494952666820597,
2024-02-01 07:00:00,10.49480258600785,
2024-02-01 07:15:00,10.494652505195106,
2024-02-01 07:30:00,10.49450242438236,
2024-02-01 07:45:00,10.504352343569614,
2024-02-01 08:00:00,10.51420226275687,
2024-02-01 08:15:00,10.534052181944125,
2024-02-01 08:30:00,10.543902101131378,
2024-02-01 08:45:00,10.583752020318634,
2024-02-01 09:00:00,10.633601939505889,
2024-02-01 09:15:00,10.693451858693145,
2024-02-01 09:30:00,10.763301777880397,
2024-02-01 09:45:00,10.833151697067652,
2024-02-01 10:00:00,10.893001616254905,
2024-02-01 10:15:00,10.93285153544216,
2024-02-01 10:30:00,10.982701454629415,
2024-02-01 10:45:00,11.05255137381667,
2024-02-01 11:00:00,11.072401293003926,
2024-02-01 11:15:00,11.09225121219118,
2024-02-01 11:30:00,11.102101131378436,
2024-02-01 11:45:00,11.13195105056569,
2024-02-01 12:00:00,11.151800969752944,
2024-02-01 12:15:00,11.1616508889402,
2024-02-01 12:30:00,11.131500808127452,
2024-02-01 12:45:00,11.121350727314708,
2024-02-01 13:00:00,11.091200646501964,
2024-02-01 13:15:00,11.061050565689218,
2024-02-01 13:30:00,11.020900484876472,
2024-02-01 13:45:00,10.970750404063724,
2024-02-01 14:00:00,10.900600323250982,
2024-02-01 14:15:00,10.900450242438236,
2024-02-01 14:30:00,10.85030016162549,
2024-02-01 14:45:00,10.830150080812746,
2024-02-01 15:00:00,10.77,
2024-02-01 15:15:00,10.746666666666666,LI
2024-02-01 15:30:00,10.723333333333333,LI
2024-02-01 15:45:00,10.7,
2024-02-01 16:00:00,10.67,
2024-02-01 16:15:00,10.61,
2024-02-01 16:30:00,10.52,
2024-02-01 16:45:00,10.48,
2024-02-01 17:00:00,10.44,
2024-02-01 17:15:00,10.39,
2024-02-01 17:30:00,10.35,
2024-02-01 17:45:00,10.3,
2024-02-01 18:00:00,10.26,
2024-02-01 18:15:00,10.21,
2024-02-01 18:30:00,10.19,
2024-02-01 18:45:00,10.16,
2024-02-01 19:00:00,10.13,
2024-02-01 19:15:00,10.11,
2024-02-01 19:30:00,10.1,
2024-02-01 19:45:00,10.09,
2024-02-01 20:00:00,10.09,
2024-02-01 20:15:00,10.08,
2024-02-01 20:30:00,10.08,
2024-02-01 20:45:00,10.07,
2024-02-01 21:00:00,10.07,
2024-02-01 21:15:00,10.07,
2024-02-01 21:30:00,10.07,
2024-02-01 21:45:00,10.07,
2024-02-01 22:00:00,10.06,
2024-02-01 22:15:00,10.06,
2024-02-01 22:30:00,10.05,
2024-02-01 22:45:00,10.06,
2024-02-01 23:00:00,10.06,
2024-02-01 23:15:00,10.06,
2024-02-01 23:30:00,10.07,
2024-02-01 23:45:00,10.05,
2024-02-02 00:00:00,10.05,
2024-02-02 00:15:00,10.05,
2024-02-02 00:30:00,10.04,
2024-02-02 00:45:00,10.04,
2024-02-02 01:00:00,10.02,
2024-02-02 01:15:00,10.03,
2024-02-02 01:30:00,10.02,
2024-02-02 01:45:00,10.02,
2024-02-02 02:00:00,10.02,
2024-02-02 02:15:00,10.01,
2024-02-02 02:30:00,10.01,
2024-02-02 02:45:00,10.01,
2024-02-02 03:00:00,10.01,
2024-02-02 03:15:00,10.01,
2024-02-02 03:30:00,10.0,
2024-02-02 03:45:00,10.01,
2024-02-02 04:00:00,10.0,
2024-02-02 04:15:00,10.0,
2024-02-02 04:30:00,10.0,
2024-02-02 04:45:00,10.0,
2024-02-02 05:00:00,9.99,
2024-02-02 05:15:00,9.99,
2024-02-02 05:30:00,9.98,
2024-02-02 05:45:00,9.98,
2024-02-02 06:00:00,9.97,
2024-02-02 06:15:00,9.97,
2024-02-02 06:30:00,9.97,
2024-02-02 06:45:00,9.97,
2024-02-02 07:00:00,9.96,
2024-02-02 07:15:00,9.96,
2024-02-02 07:30:00,9.95,
2024-02-02 07:45:00,9.95,
2024-02-02 08:00:00,9.95,
2024-02-02 08:15:00,9.95,
2024-02-02 08:30:00,9.96,
2024-02-02 08:45:00,9.99,
2024-02-02 09:00:00,10.02,
2024-02-02 09:15:00,10.07,
2024-02-02 09:30:00,10.11,
2024-02-02 09:45:00,10.16,
2024-02-02 10:00:00,10.21,
2024-02-02 10:15:00,10.28,
2024-02-02 10:30:00,10.35,
2024-02-02 10:45:00,10.4,
2024-02-02 11:00:00,10.47,
2024-02-02 11:15:00,10.52,
2024-02-02 11:30:00,10.56,
2024-02-02 11:45:00,10.6,
2024-02-02 12:00:00,10.6,
2024-02-02 12:15:00,10.57,
2024-02-02 12:30:00,10.56,
2024-02-02 12:45:00,10.55,
2024-02-02 13:00:00,10.55,
2024-02-02 13:15:00,10.54,
2024-02-02 13:30:00,10.53,
2024-02-02 13:45:00,10.51,
2024-02-02 14:00:00,10.45,
2024-02-02 14:15:00,10.43,
2024-02-02 14:30:00,10.42,
2024-02-02 14:45:00,10.4,
2024-02-02 15:00:00,10.38,
2024-02-02 15:15:00,10.35,
2024-02-02 15:30:00,10.32,
2024-02-02 15:45:00,10.32,
2024-02-02 16:00:00,10.32,
2024-02-02 16:15:00,10.32,
2024-02-02 16:30:00,10.12,
2024-02-02 16:45:00,10.06,
2024-02-02 17:00:00,10.01,
2024-02-02 17:15:00,9.96,
2024-02-02 17:30:00,9.9,
2024-02-02 17:45:00,9.85,
2024-02-02 18:00:00,9.81,
2024-02-02 18:15:00,9.78,
2024-02-02 18:30:00,9.75,
2024-02-02 18:45:00,9.73,
2024-02-02 19:00:00,9.71,
2024-02-02 19:15:00,9.69,
2024-02-02 19:30:00,9.69,
2024-02-02 19:45:00,9.68,
2024-02-02 20:00:00,9.68,
2024-02-02 20:15:00,9.68,
2024-02-02 20:30:00,9.68,
2024-02-02 20:45:00,9.68,
2024-02-02 21:00:00,9.69,
2024-02-02 21:15:00,9.69,
2024-02-02 21:30:00,9.69,
2024-02-02 21:45:00,9.69,
2024-02-02 22:00:00,9.7,
2024-02-02 22:15:00,9.71,
2024-02-02 22:30:00,9.72,
2024-02-02 22:45:00,9.71,
2024-02-02 23:00:00,9.73,
2024-02-02 23:15:00,9.73,
2024-02-02 23:30:00,9.75,
2024-02-02 23:45:00,9.75,
2024-02-03 00:00:00,9.76,
2024-02-03 00:15:00,9.78,
2024-02-03 00:30:00,9.79,
2024-02-03 00:45:00,9.78,
2024-02-03 01:00:00,9.81,
2024-02-03 01:15:00,9.82,
2024-02-03 01:30:00,9.83,
2024-02-03 01:45:00,9.83,
2024-02-03 02:00:00,9.85,
2024-02-03 02:15:00,9.86,
2024-02-03 02:30:00,9.87,
2024-02-03 02:45:00,9.87,
2024-02-03 03:00:00,9.88,
2024-02-03 03:15:00,9.88,
2024-02-03 03:30:00,9.9,
2024-02-03 03:45:00,9.9,
2024-02-03 04:00:00,9.91,
2024-02-03 04:15:00,9.9,
2024-02-03 04:30:00,9.91,
2024-02-03 04:45:00,9.91,
2024-02-03 05:00:00,9.91,
2024-02-03 05:15:00,9.92,
2024-02-03 05:30:00,9.92,
2024-02-03 05:45:00,9.92,
2024-02-03 06:00:00,9.92,
2024-02-03 06:15:00,9.92,
2024-02-03 06:30:00,9.92,
2024-02-03 06:45:00,9.93,
2024-02-03 07:00:00,9.93,
2024-02-03 07:15:00,9.93,
2024-02-03 07:30:00,9.93,
2024-02-03 07:45:00,9.94,
2024-02-03 08:00:00,9.94,
2024-02-03 08:15:00,9.96,
2024-02-03 08:30:00,9.99,
2024-02-03 08:45:00,10.03,
2024-02-03 09:00:00,10.08,
2024-02-03 09:15:00,10.14,
2024-02-03 09:30:00,10.21,
2024-02-03 09:45:00,10.28,
2024-02-03 10:00:00,10.36,
2024-02-03 10:15:00,10.43,
2024-02-03 10:30:00,10.48,
2024-02-03 10:45:00,10.52,
2024-02-03 11:00:00,10.55,
2024-02-03 11:15:00,10.59,
2024-02-03 11:30:00,10.62,
2024-02-03 11:45:00,10.63,
2024-02-03 12:00:00,10.68,
2024-02-03 12:15:00,10.7,
2024-02-03 12:30:00,10.7,
2024-02-03 12:45:00,10.7,
2024-02-03 13:00:00,10.7,
2024-02-03 13:15:00,10.68,
2024-02-03 13:30:00,10.65,
2024-02-03 13:45:00,10.61,
2024-02-03 14:00:00,10.59,
2024-02-03 14:15:00,10.57,
2024-02-03 14:30:00,10.56,
2024-02-03 14:45:00,10.54,
2024-02-03 15:00:00,10.53,
2024-02-03 15:15:00,10.54,
2024-02-03 15:30:00,10.54,
2024-02-03 15:45:00,10.55,
2024-02-03 16:00:00,10.55,
2024-02-03 16:15:00,10.53,
2024-02-03 16:30:00,10.49,
2024-02-03 16:45:00,10.45,
2024-02-03 17:00:00,10.39,
2024-02-03 17:15:00,10.33,
2024-02-03 17:30:00,10.26,
2024-02-03 17:45:00,10.19,
2024-02-03 18:00:00,10.13,
2024-02-03 18:15:00,10.07,
2024-02-03 18:30:00,10.02,
2024-02-03 18:45:00,9.98,
2024-02-03 19:00:00,9.96,
2024-02-03 19:15:00,9.95,
2024-02-03 19:30:00,9.93,
2024-02-03 19:45:00,9.94,
2024-02-03 20:00:00,9.96,
2024-02-03 20:15:00,9.97,
2024-02-03 20:30:00,9.99,
2024-02-03 20:45:00,10.0,
2024-02-03 21:00:00,10.0,
2024-02-03 21:15:00,10.02,
2024-02-03 21:30:00,10.03,
2024-02-03 21:45:00,10.05,
2024-02-03 22:00:00,10.06,
2024-02-03 22:15:00,10.08,
2024-02-03 22:30:00,10.08,
2024-02-03 22:45:00,10.08,
2024-02-03 23:00:00,10.1,
2024-02-03 23:15:00,10.1,
2024-02-03 23:30:00,10.11,
2024-02-03 23:45:00,10.12,
2024-02-04 00:00:00,10.13,
2024-02-04 00:15:00,10.13,
2024-02-04 00:30:00,10.13,
2024-02-04 00:45:00,10.14,
2024-02-04 01:00:00,10.13,
2024-02-04 01:15:00,10.14,
2024-02-04 01:30:00,10.14,
2024-02-04 01:45:00,10.14,
2024-02-04 02:00:00,10.14,
2024-02-04 02:15:00,10.14,
2024-02-04 02:30:00,10.14,
2024-02-04 02:45:00,10.13,
2024-02-04 03:00:00,10.15,
2024-02-04 03:15:00,10.15,
2024-02-04 03:30:00,10.15,
2024-02-04 03:45:00,10.16,
2024-02-04 04:00:00,10.17,
2024-02-04 04:15:00,10.18,
2024-02-04 04:30:00,10.19,
2024-02-04 04:45:00,10.2,
2024-02-04 05:00:00,10.2,
2024-02-04 05:15:00,10.22,
2024-02-04 05:30:00,10.22,
2024-02-04 05:45:00,10.23,
2024-02-04 06:00:00,10.24,
2024-02-04 06:15:00,10.24,
2024-02-04 06:30:00,10.26,
2024-02-04 06:45:00,10.28,
2024-02-04 07:00:00,10.29,
2024-02-04 07:15:00,10.31,
2024-02-04 07:30:00,10.32,
2024-02-04 07:45:00,10.34,
2024-02-04 08:00:00,10.35,
2024-02-04 08:15:00,10.38,
2024-02-04 08:30:00,10.42,
2024-02-04 08:45:00,10.46,
2024-02-04 09:00:00,10.51,
2024-02-04 09:15:00,10.58,
2024-02-04 09:30:00,10.64,
2024-02-04 09:45:00,10.69,
2024-02-04 10:00:00,10.76,
2024-02-04 10:15:00,10.8,
2024-02-04 10:30:00,10.84,
2024-02-04 10:45:00,10.88,
2024-02-04 11:00:00,10.91,
2024-02-04 11:15:00,10.92,
2024-02-04 11:30:00,10.94,
2024-02-04 11:45:00,10.95,
2024-02-04 12:00:00,10.95,
2024-02-04 12:15:00,10.95,
2024-02-04 12:30:00,10.95,
2024-02-04 12:45:00,10.92,
2024-02-04 13:00:00,10.9,
2024-02-04 13:15:00,10.88,
2024-02-04 13:30:00,10.85,
2024-02-04 13:45:00,10.83,
2024-02-04 14:00:00,10.79,
2024-02-04 14:15:00,10.76,
2024-02-04 14:30:00,10.73,
2024-02-04 14:45:00,10.7,
2024-02-04 15:00:00,10.64,
2024-02-04 15:15:00,10.6,
2024-02-04 15:30:00,10.59,
2024-02-04 15:45:00,10.56,
2024-02-04 16:00:00,10.53,
2024-02-04 16:15:00,10.5,
2024-02-04 16:30:00,10.46,
2024-02-04 16:45:00,10.43,
2024-02-04 17:00:00,10.41,
2024-02-04 17:15:00,10.37,
2024-02-04 17:30:00,10.33,
2024-02-04 17:45:00,10.29,
2024-02-04 18:00:00,10.26,
2024-02-04 18:15:00,10.22,
2024-02-04 18:30:00,10.2,
2024-02-04 18:45:00,10.18,
2024-02-04 19:00:00,10.18,
2024-02-04 19:15:00,10.19,
2024-02-04 19:30:00,10.19,
2024-02-04 19:45:00,10.19,
2024-02-04 20:00:00,10.2,
2024-02-04 20:15:00,10.2,
2024-02-04 20:30:00,10.22,
2024-02-04 20:45:00,10.23,
2024-02-04 21:00:00,10.23,
2024-02-04 21:15:00,10.24,
2024-02-04 21:30:00,10.24,
2024-02-04 21:45:00,10.25,
2024-02-04 22:00:00,10.25,
2024-02-04 22:15:00,10.25,
2024-02-04 22:30:00,10.25,
2024-02-04 22:45:00,10.25,
2024-02-04 23:00:00,10.26,
2024-02-04 23:15:00,10.26,
2024-02-04 23:30:00,10.25,
2024-02-04 23:45:00,10.24,
2024-02-05 00:00:00,10.24,
2024-02-05 00:15:00,10.25,
2024-02-05 00:30:00,10.25,
2024-02-05 00:45:00,10.25,
2024-02-05 01:00:00,10.25,
2024-02-05 01:15:00,10.26,
2024-02-05 01:30:00,10.25,
2024-02-05 01:45:00,10.25,
2024-02-05 02:00:00,10.25,
2024-02-05 02:15:00,10.26,
2024-02-05 02:30:00,10.26,
2024-02-05 02:45:00,10.26,
2024-02-05 03:00:00,10.27,
2024-02-05 03:15:00,10.26,
2024-02-05 03:30:00,10.27,
2024-02-05 03:45:00,10.27,
2024-02-05 04:00:00,10.27,
2024-02-05 04:15:00,10.27,
2024-02-05 04:30:00,10.28,
2024-02-05 04:45:00,10.28,
2024-02-05 05:00:00,10.29,
2024-02-05 05:15:00,10.28,
2024-02-05 05:30:00,10.28,
2024-02-05 05:45:00,10.28,
2024-02-05 06:00:00,10.28,
2024-02-05 06:15:00,10.29,
2024-02-05 06:30:00,10.3,
2024-02-05 06:45:00,10.29,
2024-02-05 07:00:00,10.3,
2024-02-05 07:15:00,10.3,
2024-02-05 07:30:00,10.31,
2024-02-05 07:45:00,10.31,
2024-02-05 08:00:00,10.32,
2024-02-05 08:15:00,10.32,
2024-02-05 08:30:00,10.32,
2024-02-05 08:45:00,10.33,
2024-02-05 09:00:00,10.35,
2024-02-05 09:15:00,10.38,
2024-02-05 09:30:00,10.41,
2024-02-05 09:45:00,10.44,
2024-02-05 10:00:00,10.49,
2024-02-05 10:15:00,10.54,
2024-02-05 10:30:00,10.58,
2024-02-05 10:45:00,10.61,
2024-02-05 11:00:00,10.65,
2024-02-05 11:15:00,10.67,
2024-02-05 11:30:00,10.73,
2024-02-05 11:45:00,10.76,
2024-02-05 12:00:00,10.8,
2024-02-05 12:15:00,10.81,
2024-02-05 12:30:00,10.83,
2024-02-05 12:45:00,10.86,
2024-02-05 13:00:00,10.88,
2024-02-05 13:15:00,10.87,
2024-02-05 13:30:00,10.84,
2024-02-05 13:45:00,10.81,
2024-02-05 14:00:00,10.8,
2024-02-05 14:15:00,10.77,
2024-02-05 14:30:00,10.75,
2024-02-05 14:45:00,10.74,
2024-02-05 15:00:00,10.73,
2024-02-05 15:15:00,10.71,
2024-02-05 15:30:00,10.65,
2024-02-05 15:45:00,10.61,
2024-02-05 16:00:00,10.57,
2024-02-05 16:15:00,10.52,
2024-02-05 16:30:00,10.48,
2024-02-05 16:45:00,10.45,
2024-02-05 17:00:00,10.4,
2024-02-05 17:15:00,10.36,
2024-02-05 17:30:00,10.33,
2024-02-05 17:45:00,10.28,
2024-02-05 18:00:00,10.24,
2024-02-05 18:15:00,10.19,
2024-02-05 18:30:00,10.15,
2024-02-05 18:45:00,10.11,
2024-02-05 19:00:00,10.08,
2024-02-05 19:15:00,10.05,
2024-02-05 19:30:00,10.03,
2024-02-05 19:45:00,10.01,
2024-02-05 20:00:00,10.01,
2024-02-05 20:15:00,10.0,
2024-02-05 20:30:00,10.0,
2024-02-05 20:45:00,9.99,
2024-02-05 21:00:00,9.99,
2024-02-05 21:15:00,9.99,
2024-02-05 21:30:00,9.99,
2024-02-05 21:45:00,9.99,
2024-02-05 22:00:00,9.99,
2024-02-05 22:15:00,9.99,
2024-02-05 22:30:00,9.99,
2024-02-05 22:45:00,9.99,
2024-02-05 23:00:00,9.98,
2024-02-05 23:15:00,9.98,
2024-02-05 23:30:00,9.98,
2024-02-05 23:45:00,9.97,
2024-02-06 00:00:00,9.98,
2024-02-06 00:15:00,9.98,
2024-02-06 00:30:00,9.98,
2024-02-06 00:45:00,9.98,
2024-02-06 01:00:00,9.98,
2024-02-06 01:15:00,9.98,
2024-02-06 01:30:00,9.98,
2024-02-06 01:45:00,9.98,
2024-02-06 02:00:00,9.98,
2024-02-06 02:15:00,9.97,
2024-02-06 02:30:00,9.97,
2024-02-06 02:45:00,9.97,
2024-02-06 03:00:00,9.97,
2024-02-06 03:15:00,9.96,
2024-02-06 03:30:00,9.96,
2024-02-06 03:45:00,9.96,
2024-02-06 04:00:00,9.95,
2024-02-06 04:15:00,9.95,
2024-02-06 04:30:00,9.95,
2024-02-06 04:45:00,9.94,
2024-02-06 05:00:00,9.94,
2024-02-06 05:15:00,9.94,
2024-02-06 05:30:00,9.94,
2024-02-06 05:45:00,9.94,
2024-02-06 06:00:00,9.94,
2024-02-06 06:15:00,9.95,
2024-02-06 06:30:00,9.94,
2024-02-06 06:45:00,9.93,
2024-02-06 07:00:00,9.93,
2024-02-06 07:15:00,9.94,
2024-02-06 07:30:00,9.94,
2024-02-06 07:45:00,9.94,
2024-02-06 08:00:00,9.96,
2024-02-06 08:15:00,9.98,
2024-02-06 08:30:00,10.02,
2024-02-06 08:45:00,10.06,
2024-02-06 09:00:00,10.1,
2024-02-06 09:15:00,10.12,
2024-02-06 09:30:00,10.17,
2024-02-06 09:45:00,10.24,
2024-02-06 10:00:00,10.31,
2024-02-06 10:15:00,10.35,
2024-02-06 10:30:00,10.39,
2024-02-06 10:45:00,10.4,
2024-02-06 11:00:00,10.45,
2024-02-06 11:15:00,10.5,
2024-02-06 11:30:00,10.5,
2024-02-06 11:45:00,10.55,
2024-02-06 12:00:00,10.59,
2024-02-06 12:15:00,10.61,
2024-02-06 12:30:00,10.61,
2024-02-06 12:45:00,10.6,
2024-02-06 13:00:00,10.58,
2024-02-06 13:15:00,10.59,
2024-02-06 13:30:00,10.57,
2024-02-06 13:45:00,10.55,
2024-02-06 14:00:00,10.52,
2024-02-06 14:15:00,10.45,
2024-02-06 14:30:00,10.44,
2024-02-06 14:45:00,10.39,
2024-02-06 15:00:00,10.34,
2024-02-06 15:15:00,10.27,
2024-02-06 15:30:00,10.2,
2024-02-06 15:45:00,10.15,
2024-02-06 16:00:00,10.08,
2024-02-06 16:15:00,10.03,
2024-02-06 16:30:00,9.98,
2024-02-06 16:45:00,9.93,
2024-02-06 17:00:00,9.87,
2024-02-06 17:15:00,9.82,
2024-02-06 17:30:00,9.77,
2024-02-06 17:45:00,9.71,
2024-02-06 18:00:00,9.66,
2024-02-06 18:15:00,9.62,
2024-02-06 18:30:00,9.58,
2024-02-06 18:45:00,9.55,
2024-02-06 19:00:00,9.52,
2024-02-06 19:15:00,9.5,
2024-02-06 19:30:00,9.5,
2024-02-06 19:45:00,9.48,
2024-02-06 20:00:00,9.48,
2024-02-06 20:15:00,9.48,
2024-02-06 20:30:00,9.48,
2024-02-06 20:45:00,9.48,
2024-02-06 21:00:00,9.49,
2024-02-06 21:15:00,9.49,
2024-02-06 21:30:00,9.49,
2024-02-06 21:45:00,9.5,
2024-02-06 22:00:00,9.5,
2024-02-06 22:15:00,9.5,
2024-02-06 22:30:00,9.5,
2024-02-06 22:45:00,9.5,
2024-02-06 23:00:00,9.5,
2024-02-06 23:15:00,9.51,
2024-02-06 23:30:00,9.51,
2024-02-06 23:45:00,9.5,
2024-02-07 00:00:00,9.51,
2024-02-07 00:15:00,9.51,
2024-02-07 00:30:00,9.52,
2024-02-07 00:45:00,9.51,
2024-02-07 01:00:00,9.51,
2024-02-07 01:15:00,9.53,
2024-02-07 01:30:00,9.54,
2024-02-07 01:45:00,9.55,
2024-02-07 02:00:00,9.54,
2024-02-07 02:15:00,9.54,
2024-02-07 02:30:00,9.54,
2024-02-07 02:45:00,9.55,
2024-02-07 03:00:00,9.56,
2024-02-07 03:15:00,9.55,
2024-02-07 03:30:00,9.56,
2024-02-07 03:45:00,9.57,
2024-02-07 04:00:00,9.57,
2024-02-07 04:15:00,9.57,
2024-02-07 04:30:00,9.58,
2024-02-07 04:45:00,9.57,
2024-02-07 05:00:00,9.57,
2024-02-07 05:15:00,9.57,
2024-02-07 05:30:00,9.57,
2024-02-07 05:45:00,9.57,
2024-02-07 06:00:00,9.57,
2024-02-07 06:15:00,9.58,
2024-02-07 06:30:00,9.58,
2024-02-07 06:45:00,9.59,
2024-02-07 07:00:00,9.59,
2024-02-07 07:15:00,9.59,
2024-02-07 07:30:00,9.59,
2024-02-07 07:45:00,9.6,
2024-02-07 08:00:00,9.61,
2024-02-07 08:15:00,9.62,
2024-02-07 08:30:00,9.63,
2024-02-07 08:45:00,9.65,
2024-02-07 09:00:00,9.68,
2024-02-07 09:15:00,9.71,
2024-02-07 09:30:00,9.75,
2024-02-07 09:45:00,9.79,
2024-02-07 10:00:00,9.85,
2024-02-07 10:15:00,9.94,
2024-02-07 10:30:00,10.0,
2024-02-07 10:45:00,10.02,
2024-02-07 11:00:00,10.06,
2024-02-07 11:15:00,10.09,
2024-02-07 11:30:00,10.12,
2024-02-07 11:45:00,10.15,
2024-02-07 12:00:00,10.17,
2024-02-07 12:15:00,10.17,
2024-02-07 12:30:00,10.16,
2024-02-07 12:45:00,10.14,
2024-02-07 13:00:00,10.13,
2024-02-07 13:15:00,10.11,
2024-02-07 13:30:00,10.12,
2024-02-07 13:45:00,10.11,
2024-02-07 14:00:00,10.08,
2024-02-07 14:15:00,10.08,
2024-02-07 14:30:00,10.07,
2024-02-07 14:45:00,10.1,
2024-02-07 15:00:00,10.13,
2024-02-07 15:15:00,10.14,
2024-02-07 15:30:00,10.15,
2024-02-07 15:45:00,10.15,
2024-02-07 16:00:00,10.15,
2024-02-07 16:15:00,10.13,
2024-02-07 16:30:00,10.13,
2024-02-07 16:45:00,10.14,
2024-02-07 17:00:00,10.13,
2024-02-07 17:15:00,10.13,
2024-02-07 17:30:00,10.12,
2024-02-07 17:45:00,10.09,
2024-02-07 18:00:00,10.06,
2024-02-07 18:15:00,10.03,
2024-02-07 18:30:00,9.99,
2024-02-07 18:45:00,9.96,
2024-02-07 19:00:00,9.93,
2024-02-07 19:15:00,9.91,
2024-02-07 19:30:00,9.89,
2024-02-07 19:45:00,9.86,
2024-02-07 20:00:00,9.84,
2024-02-07 20:15:00,9.84,
2024-02-07 20:30:00,9.82,
2024-02-07 20:45:00,9.81,
2024-02-07 21:00:00,9.8,
2024-02-07 21:15:00,9.8,
2024-02-07 21:30:00,9.8,
2024-02-07 21:45:00,9.8,
2024-02-07 22:00:00,9.8,
2024-02-07 22:15:00,9.81,
2024-02-07 22:30:00,9.81,
2024-02-07 22:45:00,9.81,
2024-02-07 23:00:00,9.82,
2024-02-07 23:15:00,9.83,
2024-02-07 23:30:00,9.83,
2024-02-07 23:45:00,9.84,
2024-02-08 00:00:00,9.84,
2024-02-08 00:15:00,9.85,
2024-02-08 00:30:00,9.86,
2024-02-08 00:45:00,9.86,
2024-02-08 01:00:00,9.86,
2024-02-08 01:15:00,9.87,
2024-02-08 01:30:00,9.88,
2024-02-08 01:45:00,9.89,
2024-02-08 02:00:00,9.91,
2024-02-08 02:15:00,9.91,
2024-02-08 02:30:00,9.91,
2024-02-08 02:45:00,9.91,
2024-02-08 03:00:00,9.91,
2024-02-08 03:15:00,9.92,
2024-02-08 03:30:00,9.92,
2024-02-08 03:45:00,9.93,
2024-02-08 04:00:00,9.93,
2024-02-08 04:15:00,9.94,
2024-02-08 04:30:00,9.94,
2024-02-08 04:45:00,9.94,
2024-02-08 05:00:00,9.95,
2024-02-08 05:15:00,9.96,
2024-02-08 05:30:00,9.96,
2024-02-08 05:45:00,9.97,
2024-02-08 06:00:00,9.97,
2024-02-08 06:15:00,9.98,
2024-02-08 06:30:00,9.98,
2024-02-08 06:45:00,9.98,
2024-02-08 07:00:00,9.99,
2024-02-08 07:15:00,10.0,
2024-02-08 07:30:00,10.0,
2024-02-08 07:45:00,10.01,
2024-02-08 08:00:00,10.02,
2024-02-08 08:15:00,10.03,
2024-02-08 08:30:00,10.06,
2024-02-08 08:45:00,10.08,
2024-02-08 09:00:00,10.13,
2024-02-08 09:15:00,10.19,
2024-02-08 09:30:00,10.24,
2024-02-08 09:45:00,10.27,
2024-02-08 10:00:00,10.35,
2024-02-08 10:15:00,10.41,
2024-02-08 10:30:00,10.49,
2024-02-08 10:45:00,10.55,
2024-02-08 11:00:00,10.58,
2024-02-08 11:15:00,10.63,
2024-02-08 11:30:00,10.65,
2024-02-08 11:45:00,10.65,
2024-02-08 12:00:00,10.64,
2024-02-08 12:15:00,10.58,
2024-02-08 12:30:00,10.6,
2024-02-08 12:45:00,10.63,
2024-02-08 13:00:00,10.63,
2024-02-08 13:15:00,10.61,
2024-02-08 13:30:00,10.58,
2024-02-08 13:45:00,10.51,
2024-02-08 14:00:00,10.49,
2024-02-08 14:15:00,10.48,
2024-02-08 14:30:00,10.47,
2024-02-08 14:45:00,10.42,
2024-02-08 15:00:00,10.37,
2024-02-08 15:15:00,10.29,
2024-02-08 15:30:00,10.34,
2024-02-08 15:45:00,10.38,
2024-02-08 16:00:00,10.29,
2024-02-08 16:15:00,10.33,
2024-02-08 16:30:00,10.25,
2024-02-08 16:45:00,10.22,
2024-02-08 17:00:00,10.2,
2024-02-08 17:15:00,10.19,
2024-02-08 17:30:00,10.17,
2024-02-08 17:45:00,10.14,
2024-02-08 18:00:00,10.08,
2024-02-08 18:15:00,10.03,
2024-02-08 18:30:00,9.99,
2024-02-08 18:45:00,9.96,
2024-02-08 19:00:00,9.93,
2024-02-08 19:15:00,9.9,
2024-02-08 19:30:00,9.89,
2024-02-08 19:45:00,9.89,
2024-02-08 20:00:00,9.89,
2024-02-08 20:15:00,9.9,
2024-02-08 20:30:00,9.91,
2024-02-08 20:45:00,9.92,
2024-02-08 21:00:00,9.93,
2024-02-08 21:15:00,9.94,
2024-02-08 21:30:00,9.95,
2024-02-08 21:45:00,9.96,
2024-02-08 22:00:00,9.96,
2024-02-08 22:15:00,9.97,
2024-02-08 22:30:00,9.98,
2024-02-08 22:45:00,9.99,
2024-02-08 23:00:00,9.99,
2024-02-08 23:15:00,10.01,
2024-02-08 23:30:00,10.01,
2024-02-08 23:45:00,10.02,
2024-02-09 00:00:00,10.02,
2024-02-09 00:15:00,10.03,
2024-02-09 00:30:00,10.04,
2024-02-09 00:45:00,10.04,
2024-02-09 01:00:00,10.06,
2024-02-09 01:15:00,10.06,
2024-02-09 01:30:00,10.07,
2024-02-09 01:45:00,10.08,
2024-02-09 02:00:00,10.07,
2024-02-09 02:15:00,10.09,
2024-02-09 02:30:00,10.09,
2024-02-09 02:45:00,10.11,
2024-02-09 03:00:00,10.11,
2024-02-09 03:15:00,10.12,
2024-02-09 03:30:00,10.14,
2024-02-09 03:45:00,10.15,
2024-02-09 04:00:00,10.17,
2024-02-09 04:15:00,10.19,
2024-02-09 04:30:00,10.21,
2024-02-09 04:45:00,10.23,
2024-02-09 05:00:00,10.25,
2024-02-09 05:15:00,10.27,
2024-02-09 05:30:00,10.3,
2024-02-09 05:45:00,10.31,
2024-02-09 06:00:00,10.33,
2024-02-09 06:15:00,10.34,
2024-02-09 06:30:00,10.35,
2024-02-09 06:45:00,10.36,
2024-02-09 07:00:00,10.37,
2024-02-09 07:15:00,10.38,
2024-02-09 07:30:00,10.38,
2024-02-09 07:45:00,10.38,
2024-02-09 08:00:00,10.39,
2024-02-09 08:15:00,10.42,
2024-02-09 08:30:00,10.45,
2024-02-09 08:45:00,10.48,
2024-02-09 09:00:00,10.54,
2024-02-09 09:15:00,10.59,
2024-02-09 09:30:00,10.64,
2024-02-09 09:45:00,10.67,
2024-02-09 10:00:00,10.73,
2024-02-09 10:15:00,10.75,
2024-02-09 10:30:00,10.77,
2024-02-09 10:45:00,10.81,
2024-02-09 11:00:00,10.81,
2024-02-09 11:15:00,10.83,
2024-02-09 11:30:00,10.84,
2024-02-09 11:45:00,10.84,
2024-02-09 12:00:00,10.82,
2024-02-09 12:15:00,10.85,
2024-02-09 12:30:00,10.87,
2024-02-09 12:45:00,10.89,
2024-02-09 13:00:00,10.92,
2024-02-09 13:15:00,10.93,
2024-02-09 13:30:00,10.97,
2024-02-09 13:45:00,10.97,
2024-02-09 14:00:00,10.96,
2024-02-09 14:15:00,10.94,
2024-02-09 14:30:00,10.9,
2024-02-09 14:45:00,10.87,
2024-02-09 15:00:00,10.84,
2024-02-09 15:15:00,10.81,
2024-02-09 15:30:00,10.79,
2024-02-09 15:45:00,10.76,
2024-02-09 16:00:00,10.76,
2024-02-09 16:15:00,10.73,
2024-02-09 16:30:00,10.73,
2024-02-09 16:45:00,10.7,
2024-02-09 17:00:00,10.67,
2024-02-09 17:15:00,10.62,
2024-02-09 17:30:00,10.57,
2024-02-09 17:45:00,10.51,
2024-02-09 18:00:00,10.45,
2024-02-09 18:15:00,10.39,
2024-02-09 18:30:00,10.34,
2024-02-09 18:45:00,10.3,
2024-02-09 19:00:00,10.26,
2024-02-09 19:15:00,10.25,
2024-02-09 19:30:00,10.23,
2024-02-09 19:45:00,10.22,
2024-02-09 20:00:00,10.23,
2024-02-09 20:15:00,10.22,
2024-02-09 20:30:00,10.24,
2024-02-09 20:45:00,10.26,
2024-02-09 21:00:00,10.27,
2024-02-09 21:15:00,10.29,
2024-02-09 21:30:00,10.31,
2024-02-09 21:45:00,10.33,
2024-02-09 22:00:00,10.35,
2024-02-09 22:15:00,10.36,
2024-02-09 22:30:00,10.38,
2024-02-09 22:45:00,10.38,
2024-02-09 23:00:00,10.4,
2024-02-09 23:15:00,10.41,
2024-02-09 23:30:00,10.43,
2024-02-09 23:45:00,10.44,
2024-02-10 00:00:00,10.46,
2024-02-10 00:15:00,10.46,
2024-02-10 00:30:00,10.5,
2024-02-10 00:45:00,10.52,
2024-02-10 01:00:00,10.52,
2024-02-10 01:15:00,10.55,
2024-02-10 01:30:00,10.57,
2024-02-10 01:45:00,10.59,
2024-02-10 02:00:00,10.6,
2024-02-10 02:15:00,10.6,
2024-02-10 02:30:00,10.63,
2024-02-10 02:45:00,10.64,
2024-02-10 03:00:00,10.65,
2024-02-10 03:15:00,10.68,
2024-02-10 03:30:00,10.69,
2024-02-10 03:45:00,10.69,
2024-02-10 04:00:00,10.71,
2024-02-10 04:15:00,10.72,
2024-02-10 04:30:00,10.72,
2024-02-10 04:45:00,10.73,
2024-02-10 05:00:00,10.75,
2024-02-10 05:15:00,10.76,
2024-02-10 05:30:00,10.79,
2024-02-10 05:45:00,10.81,
2024-02-10 06:00:00,10.82,
2024-02-10 06:15:00,10.83,
2024-02-10 06:30:00,10.85,
2024-02-10 06:45:00,10.88,
2024-02-10 07:00:00,10.9,
2024-02-10 07:15:00,10.91,
2024-02-10 07:30:00,10.93,
2024-02-10 07:45:00,10.96,
2024-02-10 08:00:00,10.99,
2024-02-10 08:15:00,11.02,
2024-02-10 08:30:00,11.05,
2024-02-10 08:45:00,11.13,
2024-02-10 09:00:00,11.17,
2024-02-10 09:15:00,11.23,
2024-02-10 09:30:00,11.3,
2024-02-10 09:45:00,11.36,
2024-02-10 10:00:00,11.4,
2024-02-10 10:15:00,11.45,
2024-02-10 10:30:00,11.46,
2024-02-10 10:45:00,11.49,
2024-02-10 11:00:00,11.51,
2024-02-10 11:15:00,11.55,
2024-02-10 11:30:00,11.54,
2024-02-10 11:45:00,11.54,
2024-02-10 12:00:00,11.53,
2024-02-10 12:15:00,11.52,
2024-02-10 12:30:00,11.49,
2024-02-10 12:45:00,11.46,
2024-02-10 13:00:00,11.42,
2024-02-10 13:15:00,11.39,
2024-02-10 13:30:00,11.35,
2024-02-10 13:45:00,11.32,
2024-02-10 14:00:00,11.28,
2024-02-10 14:15:00,11.24,
2024-02-10 14:30:00,11.21,
2024-02-10 14:45:00,11.16,
2024-02-10 15:00:00,11.13,
2024-02-10 15:15:00,11.11,
2024-02-10 15:30:00,11.07,
2024-02-10 15:45:00,11.04,
2024-02-10 16:00:00,11.01,
2024-02-10 16:15:00,10.99,
2024-02-10 16:30:00,10.97,
2024-02-10 16:45:00,10.95,
2024-02-10 17:00:00,10.92,
2024-02-10 17:15:00,10.88,
2024-02-10 17:30:00,10.84,
2024-02-10 17:45:00,10.8,
2024-02-10 18:00:00,10.76,
2024-02-10 18:15:00,10.72,
2024-02-10 18:30:00,10.68,
2024-02-10 18:45:00,10.66,
2024-02-10 19:00:00,10.65,
2024-02-10 19:15:00,10.64,
2024-02-10 19:30:00,10.65,
2024-02-10 19:45:00,10.65,
2024-02-10 20:00:00,10.66,
2024-02-10 20:15:00,10.68,
2024-02-10 20:30:00,10.69,
2024-02-10 20:45:00,10.71,
2024-02-10 21:00:00,10.74,
2024-02-10 21:15:00,10.75,
2024-02-10 21:30:00,10.78,
2024-02-10 21:45:00,10.79,
2024-02-10 22:00:00,10.81,
2024-02-10 22:15:00,10.83,
2024-02-10 22:30:00,10.85,
2024-02-10 22:45:00,10.86,
2024-02-10 23:00:00,10.86,
2024-02-10 23:15:00,10.87,
2024-02-10 23:30:00,10.87,
2024-02-10 23:45:00,10.87,
2024-02-11 00:00:00,10.88,
2024-02-11 00:15:00,10.87,
2024-02-11 00:30:00,10.87,
2024-02-11 00:45:00,10.87,
2024-02-11 01:00:00,10.87,
2024-02-11 01:15:00,10.87,
2024-02-11 01:30:00,10.87,
2024-02-11 01:45:00,10.88,
2024-02-11 02:00:00,10.89,
2024-02-11 02:15:00,10.9,
2024-02-11 02:30:00,10.9,
2024-02-11 02:45:00,10.92,
2024-02-11 03:00:00,10.94,
2024-02-11 03:15:00,10.96,
2024-02-11 03:30:00,10.97,
2024-02-11 03:45:00,10.98,
2024-02-11 04:00:00,11.0,
2024-02-11 04:15:00,11.02,
2024-02-11 04:30:00,11.03,
2024-02-11 04:45:00,11.05,
2024-02-11 05:00:00,11.06,
2024-02-11 05:15:00,11.06,
2024-02-11 05:30:00,11.08,
2024-02-11 05:45:00,11.09,
2024-02-11 06:00:00,11.11,
2024-02-11 06:15:00,11.12,
2024-02-11 06:30:00,11.13,
2024-02-11 06:45:00,11.14,
2024-02-11 07:00:00,11.15,
2024-02-11 07:15:00,11.17,
2024-02-11 07:30:00,11.17,
2024-02-11 07:45:00,11.18,
2024-02-11 08:00:00,11.21,
2024-02-11 08:15:00,11.24,
2024-02-11 08:30:00,11.27,
2024-02-11 08:45:00,11.31,
2024-02-11 09:00:00,11.36,
2024-02-11 09:15:00,11.41,
2024-02-11 09:30:00,11.47,
2024-02-11 09:45:00,11.51,
2024-02-11 10:00:00,11.55,
2024-02-11 10:15:00,11.58,
2024-02-11 10:30:00,11.62,
2024-02-11 10:45:00,11.64,
2024-02-11 11:00:00,11.65,
2024-02-11 11:15:00,11.65,
2024-02-11 11:30:00,11.65,
2024-02-11 11:45:00,11.65,
2024-02-11 12:00:00,11.64,
2024-02-11 12:15:00,11.61,
2024-02-11 12:30:00,11.6,
2024-02-11 12:45:00,11.56,
2024-02-11 13:00:00,11.53,
2024-02-11 13:15:00,11.51,
2024-02-11 13:30:00,11.47,
2024-02-11 13:45:00,11.45,
2024-02-11 14:00:00,11.42,
2024-02-11 14:15:00,11.39,
2024-02-11 14:30:00,11.36,
2024-02-11 14:45:00,11.32,
2024-02-11 15:00:00,11.29,
2024-02-11 15:15:00,11.27,
2024-02-11 15:30:00,11.24,
2024-02-11 15:45:00,11.21,
2024-02-11 16:00:00,11.19,
2024-02-11 16:15:00,11.17,
2024-02-11 16:30:00,11.14,
2024-02-11 16:45:00,11.12,
2024-02-11 17:00:00,11.08,
2024-02-11 17:15:00,11.04,
2024-02-11 17:30:00,11.0,
2024-02-11 17:45:00,10.95,
2024-02-11 18:00:00,10.9,
2024-02-11 18:15:00,10.85,
2024-02-11 18:30:00,10.81,
2024-02-11 18:45:00,10.78,
2024-02-11 19:00:00,10.75,
2024-02-11 19:15:00,10.74,
2024-02-11 19:30:00,10.72,
2024-02-11 19:45:00,10.71,
2024-02-11 20:00:00,10.71,
2024-02-11 20:15:00,10.72,
2024-02-11 20:30:00,10.72,
2024-02-11 20:45:00,10.72,
2024-02-11 21:00:00,10.73,
2024-02-11 21:15:00,10.73,
2024-02-11 21:30:00,10.73,
2024-02-11 21:45:00,10.75,
2024-02-11 22:00:00,10.76,
2024-02-11 22:15:00,10.78,
2024-02-11 22:30:00,10.79,
2024-02-11 22:45:00,10.8,
2024-02-11 23:00:00,10.82,
2024-02-11 23:15:00,10.84,
2024-02-11 23:30:00,10.85,
2024-02-11 23:45:00,10.86,
2024-02-12 00:00:00,10.86,
2024-02-12 00:15:00,10.88,
2024-02-12 00:30:00,10.89,
2024-02-12 00:45:00,10.9,
2024-02-12 01:00:00,10.91,
2024-02-12 01:15:00,10.92,
2024-02-12 01:30:00,10.93,
2024-02-12 01:45:00,10.94,
2024-02-12 02:00:00,10.95,
2024-02-12 02:15:00,10.96,
2024-02-12 02:30:00,10.96,
2024-02-12 02:45:00,10.96,
2024-02-12 03:00:00,10.97,
2024-02-12 03:15:00,10.98,
2024-02-12 03:30:00,10.99,
2024-02-12 03:45:00,11.0,
2024-02-12 04:00:00,11.01,
2024-02-12 04:15:00,11.01,
2024-02-12 04:30:00,11.0,
2024-02-12 04:45:00,11.01,
2024-02-12 05:00:00,11.01,
2024-02-12 05:15:00,11.02,
2024-02-12 05:30:00,11.03,
2024-02-12 05:45:00,11.03,
2024-02-12 06:00:00,11.03,
2024-02-12 06:15:00,11.04,
2024-02-12 06:30:00,11.06,
2024-02-12 06:45:00,11.06,
2024-02-12 07:00:00,11.07,
2024-02-12 07:15:00,11.07,
2024-02-12 07:30:00,11.08,
2024-02-12 07:45:00,11.09,
2024-02-12 08:00:00,11.12,
2024-02-12 08:15:00,11.14,
2024-02-12 08:30:00,11.18,
2024-02-12 08:45:00,11.24,
2024-02-12 09:00:00,11.28,
2024-02-12 09:15:00,11.31,
2024-02-12 09:30:00,11.36,
2024-02-12 09:45:00,11.41,
2024-02-12 10:00:00,11.43,
2024-02-12 10:15:00,11.45,
2024-02-12 10:30:00,11.48,
2024-02-12 10:45:00,11.51,
2024-02-12 11:00:00,11.55,
2024-02-12 11:15:00,11.56,
2024-02-12 11:30:00,11.55,
2024-02-12 11:45:00,11.55,
2024-02-12 12:00:00,11.54,
2024-02-12 12:15:00,11.54,
2024-02-12 12:30:00,11.52,
2024-02-12 12:45:00,11.5,
2024-02-12 13:00:00,11.46,
2024-02-12 13:15:00,11.43,
2024-02-12 13:30:00,11.4,
2024-02-12 13:45:00,11.36,
2024-02-12 14:00:00,11.33,
2024-02-12 14:15:00,11.28,
2024-02-12 14:30:00,11.25,
2024-02-12 14:45:00,11.22,
2024-02-12 15:00:00,11.18,
2024-02-12 15:15:00,11.14,
2024-02-12 15:30:00,11.1,
2024-02-12 15:45:00,11.05,
2024-02-12 16:00:00,11.0,
2024-02-12 16:15:00,10.97,
2024-02-12 16:30:00,10.95,
2024-02-12 16:45:00,10.91,
2024-02-12 17:00:00,10.87,
2024-02-12 17:15:00,10.83,
2024-02-12 17:30:00,10.79,
2024-02-12 17:45:00,10.74,
2024-02-12 18:00:00,10.68,
2024-02-12 18:15:00,10.63,
2024-02-12 18:30:00,10.57,
2024-02-12 18:45:00,10.55,
2024-02-12 19:00:00,10.55,
2024-02-12 19:15:00,10.55,
2024-02-12 19:30:00,10.55,
2024-02-12 19:45:00,10.55,
2024-02-12 20:00:00,10.55,
2024-02-12 20:15:00,10.56,
2024-02-12 20:30:00,10.57,
2024-02-12 20:45:00,10.58,
2024-02-12 21:00:00,10.6,
2024-02-12 21:15:00,10.61,
2024-02-12 21:30:00,10.63,
2024-02-12 21:45:00,10.65,
2024-02-12 22:00:00,10.66,
2024-02-12 22:15:00,10.67,
2024-02-12 22:30:00,10.67,
2024-02-12 22:45:00,10.69,
2024-02-12 23:00:00,10.71,
2024-02-12 23:15:00,10.72,
2024-02-12 23:30:00,10.73,
2024-02-12 23:45:00,10.74,
2024-02-13 00:00:00,10.75,
2024-02-13 00:15:00,10.76,
2024-02-13 00:30:00,10.76,
2024-02-13 00:45:00,10.77,
2024-02-13 01:00:00,10.77,
2024-02-13 01:15:00,10.77,
2024-02-13 01:30:00,10.78,
2024-02-13 01:45:00,10.79,
2024-02-13 02:00:00,10.79,
2024-02-13 02:15:00,10.79,
2024-02-13 02:30:00,10.79,
2024-02-13 02:45:00,10.8,
2024-02-13 03:00:00,10.8,
2024-02-13 03:15:00,10.81,
2024-02-13 03:30:00,10.81,
2024-02-13 03:45:00,10.81,
2024-02-13 04:00:00,10.82,
2024-02-13 04:15:00,10.82,
2024-02-13 04:30:00,10.82,
2024-02-13 04:45:00,10.82,
2024-02-13 05:00:00,10.83,
2024-02-13 05:15:00,10.84,
2024-02-13 05:30:00,10.84,
2024-02-13 05:45:00,10.84,
2024-02-13 06:00:00,10.84,
2024-02-13 06:15:00,10.85,
2024-02-13 06:30:00,10.85,
2024-02-13 06:45:00,10.86,
2024-02-13 07:00:00,10.86,
2024-02-13 07:15:00,10.87,
2024-02-13 07:30:00,10.88,
2024-02-13 07:45:00,10.9,
2024-02-13 08:00:00,10.93,
2024-02-13 08:15:00,10.98,
2024-02-13 08:30:00,11.02,
2024-02-13 08:45:00,11.08,
2024-02-13 09:00:00,11.14,
2024-02-13 09:15:00,11.17,
2024-02-13 09:30:00,11.22,
2024-02-13 09:45:00,11.27,
2024-02-13 10:00:00,11.3,
2024-02-13 10:15:00,11.33,
2024-02-13 10:30:00,11.36,
2024-02-13 10:45:00,11.38,
2024-02-13 11:00:00,11.38,
2024-02-13 11:15:00,11.4,
2024-02-13 11:30:00,11.39,
2024-02-13 11:45:00,11.38,
2024-02-13 12:00:00,11.37,
2024-02-13 12:15:00,11.37,
2024-02-13 12:30:00,11.36,
2024-02-13 12:45:00,11.31,
2024-02-13 13:00:00,11.28,
2024-02-13 13:15:00,11.26,
2024-02-13 13:30:00,11.24,
2024-02-13 13:45:00,11.22,
2024-02-13 14:00:00,11.19,
2024-02-13 14:15:00,11.17,
2024-02-13 14:30:00,11.14,
2024-02-13 14:45:00,11.1,
2024-02-13 15:00:00,11.05,
2024-02-13 15:15:00,11.02,
2024-02-13 15:30:00,10.97,
2024-02-13 15:45:00,10.92,
2024-02-13 16:00:00,10.87,
2024-02-13 16:15:00,10.81,
2024-02-13 16:30:00,10.78,
2024-02-13 16:45:00,10.77,
2024-02-13 17:00:00,10.7,
2024-02-13 17:15:00,10.66,
2024-02-13 17:30:00,10.63,
2024-02-13 17:45:00,10.55,
2024-02-13 18:00:00,10.52,
2024-02-13 18:15:00,10.48,
2024-02-13 18:30:00,10.44,
2024-02-13 18:45:00,10.4,
2024-02-13 19:00:00,10.37,
2024-02-13 19:15:00,10.35,
2024-02-13 19:30:00,10.33,
2024-02-13 19:45:00,10.33,
2024-02-13 20:00:00,10.33,
2024-02-13 20:15:00,10.31,
2024-02-13 20:30:00,10.33,
2024-02-13 20:45:00,10.32,
2024-02-13 21:00:00,10.33,
2024-02-13 21:15:00,10.33,
2024-02-13 21:30:00,10.34,
2024-02-13 21:45:00,10.34,
2024-02-13 22:00:00,10.35,
2024-02-13 22:15:00,10.35,
2024-02-13 22:30:00,10.36,
2024-02-13 22:45:00,10.36,
2024-02-13 23:00:00,10.36,
2024-02-13 23:15:00,10.36,
2024-02-13 23:30:00,10.37,
2024-02-13 23:45:00,10.38,
2024-02-14 00:00:00,10.38,
2024-02-14 00:15:00,10.38,
2024-02-14 00:30:00,10.39,
2024-02-14 00:45:00,10.39,
2024-02-14 01:00:00,10.39,
2024-02-14 01:15:00,10.4,
2024-02-14 01:30:00,10.39,
2024-02-14 01:45:00,10.39,
2024-02-14 02:00:00,10.39,
2024-02-14 02:15:00,10.39,
2024-02-14 02:30:00,10.39,
2024-02-14 02:45:00,10.39,
2024-02-14 03:00:00,10.39,
2024-02-14 03:15:00,10.39,
2024-02-14 03:30:00,10.38,
2024-02-14 03:45:00,10.38,
2024-02-14 04:00:00,10.38,
2024-02-14 04:15:00,10.37,
2024-02-14 04:30:00,10.37,
2024-02-14 04:45:00,10.36,
2024-02-14 05:00:00,10.36,
2024-02-14 05:15:00,10.36,
2024-02-14 05:30:00,10.36,
2024-02-14 05:45:00,10.36,
2024-02-14 06:00:00,10.36,
2024-02-14 06:15:00,10.35,
2024-02-14 06:30:00,10.35,
2024-02-14 06:45:00,10.34,
2024-02-14 07:00:00,10.35,
2024-02-14 07:15:00,10.35,
2024-02-14 07:30:00,10.36,
2024-02-14 07:45:00,10.37,
2024-02-14 08:00:00,10.4,
2024-02-14 08:15:00,10.44,
2024-02-14 08:30:00,10.48,
2024-02-14 08:45:00,10.54,
2024-02-14 09:00:00,10.59,
2024-02-14 09:15:00,10.64,
2024-02-14 09:30:00,10.69,
2024-02-14 09:45:00,10.74,
2024-02-14 10:00:00,10.79,
2024-02-14 10:15:00,10.85,
2024-02-14 10:30:00,10.88,
2024-02-14 10:45:00,10.91,
2024-02-14 11:00:00,10.92,
2024-02-14 11:15:00,10.94,
2024-02-14 11:30:00,10.95,
2024-02-14 11:45:00,10.96,
2024-02-14 12:00:00,10.96,
2024-02-14 12:15:00,10.97,
2024-02-14 12:30:00,10.97,
2024-02-14 12:45:00,10.98,
2024-02-14 13:00:00,10.96,
2024-02-14 13:15:00,10.94,
2024-02-14 13:30:00,10.91,
2024-02-14 13:45:00,10.87,
2024-02-14 14:00:00,10.86,
2024-02-14 14:15:00,10.82,
2024-02-14 14:30:00,10.78,
2024-02-14 14:45:00,10.73,
2024-02-14 15:00:00,10.68,
2024-02-14 15:15:00,10.62,
2024-02-14 15:30:00,10.57,
2024-02-14 15:45:00,10.52,
2024-02-14 16:00:00,10.48,
2024-02-14 16:15:00,10.45,
2024-02-14 16:30:00,10.4,
2024-02-14 16:45:00,10.36,
2024-02-14 17:00:00,10.32,
2024-02-14 17:15:00,10.28,
2024-02-14 17:30:00,10.23,
2024-02-14 17:45:00,10.18,
2024-02-14 18:00:00,10.13,
2024-02-14 18:15:00,10.09,
2024-02-14 18:30:00,10.05,
2024-02-14 18:45:00,10.02,
2024-02-14 19:00:00,9.98,
2024-02-14 19:15:00,9.97,
2024-02-14 19:30:00,9.97,
2024-02-14 19:45:00,9.96,
2024-02-14 20:00:00,9.96,
2024-02-14 20:15:00,9.96,
2024-02-14 20:30:00,9.97,
2024-02-14 20:45:00,9.97,
2024-02-14 21:00:00,9.99,
2024-02-14 21:15:00,10.0,
2024-02-14 21:30:00,10.0,
2024-02-14 21:45:00,10.01,
2024-02-14 22:00:00,10.0,
2024-02-14 22:15:00,10.0,
2024-02-14 22:30:00,10.02,
2024-02-14 22:45:00,10.02,
2024-02-14 23:00:00,10.01,
2024-02-14 23:15:00,10.01,
2024-02-14 23:30:00,10.01,
2024-02-14 23:45:00,10.02,
2024-02-15 00:00:00,10.01,
2024-02-15 00:15:00,10.01,
2024-02-15 00:30:00,10.01,
2024-02-15 00:45:00,10.02,
2024-02-15 01:00:00,10.02,
2024-02-15 01:15:00,10.01,
2024-02-15 01:30:00,10.02,
2024-02-15 01:45:00,10.02,
2024-02-15 02:00:00,10.02,
2024-02-15 02:15:00,10.01,
2024-02-15 02:30:00,10.01,
2024-02-15 02:45:00,10.01,
2024-02-15 03:00:00,10.0,
2024-02-15 03:15:00,10.01,
2024-02-15 03:30:00,9.99,
2024-02-15 03:45:00,9.99,
2024-02-15 04:00:00,9.99,
2024-02-15 04:15:00,9.98,
2024-02-15 04:30:00,9.98,
2024-02-15 04:45:00,9.97,
2024-02-15 05:00:00,9.97,
2024-02-15 05:15:00,9.97,
2024-02-15 05:30:00,9.97,
2024-02-15 05:45:00,9.96,
2024-02-15 06:00:00,9.97,
2024-02-15 06:15:00,9.97,
2024-02-15 06:30:00,9.97,
2024-02-15 06:45:00,9.98,
2024-02-15 07:00:00,9.97,
2024-02-15 07:15:00,9.97,
2024-02-15 07:30:00,9.96,
2024-02-15 07:45:00,9.97,
2024-02-15 08:00:00,9.96,
2024-02-15 08:15:00,9.98,
2024-02-15 08:30:00,9.99,
2024-02-15 08:45:00,10.02,
2024-02-15 09:00:00,10.05,
2024-02-15 09:15:00,10.06,
2024-02-15 09:30:00,10.08,
2024-02-15 09:45:00,10.1,
2024-02-15 10:00:00,10.11,
2024-02-15 10:15:00,10.14,
2024-02-15 10:30:00,10.17,
2024-02-15 10:45:00,10.18,
2024-02-15 11:00:00,10.22,
2024-02-15 11:15:00,10.26,
2024-02-15 11:30:00,10.32,
2024-02-15 11:45:00,10.41,
2024-02-15 12:00:00,10.48,
2024-02-15 12:15:00,10.55,
2024-02-15 12:30:00,10.63,
2024-02-15 12:45:00,10.69,
2024-02-15 13:00:00,10.71,
2024-02-15 13:15:00,10.74,
2024-02-15 13:30:00,10.76,
2024-02-15 13:45:00,10.78,
2024-02-15 14:00:00,10.78,
2024-02-15 14:15:00,10.79,
2024-02-15 14:30:00,10.76,
2024-02-15 14:45:00,10.74,
2024-02-15 15:00:00,10.7,
2024-02-15 15:15:00,10.66,
2024-02-15 15:30:00,10.57,
2024-02-15 15:45:00,10.47,
2024-02-15 16:00:00,10.41,
2024-02-15 16:15:00,10.35,
2024-02-15 16:30:00,10.29,
2024-02-15 16:45:00,10.22,
2024-02-15 17:00:00,10.16,
2024-02-15 17:15:00,10.1,
2024-02-15 17:30:00,10.07,
2024-02-15 17:45:00,10.02,
2024-02-15 18:00:00,9.99,
2024-02-15 18:15:00,9.99,
2024-02-15 18:30:00,9.98,
2024-02-15 18:45:00,9.98,
2024-02-15 19:00:00,9.97,
2024-02-15 19:15:00,9.97,
2024-02-15 19:30:00,9.97,
2024-02-15 19:45:00,9.99,
2024-02-15 20:00:00,9.98,
2024-02-15 20:15:00,10.0,
2024-02-15 20:30:00,10.0,
2024-02-15 20:45:00,10.02,
2024-02-15 21:00:00,10.02,
2024-02-15 21:15:00,10.04,
2024-02-15 21:30:00,10.03,
2024-02-15 21:45:00,10.05,
2024-02-15 22:00:00,10.05,
2024-02-15 22:15:00,10.06,
2024-02-15 22:30:00,10.05,
2024-02-15 22:45:00,10.06,
2024-02-15 23:00:00,10.06,
2024-02-15 23:15:00,10.06,
2024-02-15 23:30:00,10.06,
2024-02-15 23:45:00,10.07,
2024-02-16 00:00:00,10.07,
2024-02-16 00:15:00,10.08,
2024-02-16 00:30:00,10.09,
2024-02-16 00:45:00,10.08,
2024-02-16 01:00:00,10.09,
2024-02-16 01:15:00,10.08,
2024-02-16 01:30:00,10.09,
2024-02-16 01:45:00,10.09,
2024-02-16 02:00:00,10.09,
2024-02-16 02:15:00,10.09,
2024-02-16 02:30:00,10.09,
2024-02-16 02:45:00,10.1,
2024-02-16 03:00:00,10.1,
2024-02-16 03:15:00,10.1,
2024-02-16 03:30:00,10.09,
2024-02-16 03:45:00,10.1,
2024-02-16 04:00:00,10.1,
2024-02-16 04:15:00,10.1,
2024-02-16 04:30:00,10.1,
2024-02-16 04:45:00,10.1,
2024-02-16 05:00:00,10.09,
2024-02-16 05:15:00,10.1,
2024-02-16 05:30:00,10.09,
2024-02-16 05:45:00,10.1,
2024-02-16 06:00:00,10.09,
2024-02-16 06:15:00,10.09,
2024-02-16 06:30:00,10.09,
2024-02-16 06:45:00,10.1,
2024-02-16 07:00:00,10.1,
2024-02-16 07:15:00,10.1,
2024-02-16 07:30:00,10.11,
2024-02-16 07:45:00,10.11,
2024-02-16 08:00:00,10.11,
2024-02-16 08:15:00,10.12,
2024-02-16 08:30:00,10.13,
2024-02-16 08:45:00,10.16,
2024-02-16 09:00:00,10.19,
2024-02-16 09:15:00,10.22,
2024-02-16 09:30:00,10.26,
2024-02-16 09:45:00,10.31,
2024-02-16 10:00:00,10.36,
2024-02-16 10:15:00,10.41,
2024-02-16 10:30:00,10.45,
2024-02-16 10:45:00,10.47,
2024-02-16 11:00:00,10.5,
2024-02-16 11:15:00,10.54,
2024-02-16 11:30:00,10.55,
2024-02-16 11:45:00,10.53,
2024-02-16 12:00:00,10.53,
2024-02-16 12:15:00,10.54,
2024-02-16 12:30:00,10.55,
2024-02-16 12:45:00,10.62,
2024-02-16 13:00:00,10.7,
2024-02-16 13:15:00,10.76,
2024-02-16 13:30:00,10.79,
2024-02-16 13:45:00,10.82,
2024-02-16 14:00:00,10.84,
2024-02-16 14:15:00,10.86,
2024-02-16 14:30:00,10.86,
2024-02-16 14:45:00,10.88,
2024-02-16 15:00:00,10.89,
2024-02-16 15:15:00,10.88,
2024-02-16 15:30:00,10.88,
2024-02-16 15:45:00,10.86,
2024-02-16 16:00:00,10.83,
2024-02-16 16:15:00,10.84,
2024-02-16 16:30:00,10.78,
2024-02-16 16:45:00,10.72,
2024-02-16 17:00:00,10.64,
2024-02-16 17:15:00,10.58,
2024-02-16 17:30:00,10.5,
2024-02-16 17:45:00,10.44,
2024-02-16 18:00:00,10.37,
2024-02-16 18:15:00,10.32,
2024-02-16 18:30:00,10.25,
2024-02-16 18:45:00,10.23,
2024-02-16 19:00:00,10.19,
2024-02-16 19:15:00,10.18,
2024-02-16 19:30:00,10.17,
2024-02-16 19:45:00,10.18,
2024-02-16 20:00:00,10.17,
2024-02-16 20:15:00,10.18,
2024-02-16 20:30:00,10.18,
2024-02-16 20:45:00,10.2,
2024-02-16 21:00:00,10.21,
2024-02-16 21:15:00,10.21,
2024-02-16 21:30:00,10.24,
2024-02-16 21:45:00,10.25,
2024-02-16 22:00:00,10.26,
2024-02-16 22:15:00,10.29,
2024-02-16 22:30:00,10.29,
2024-02-16 22:45:00,10.31,
2024-02-16 23:00:00,10.32,
2024-02-16 23:15:00,10.34,
2024-02-16 23:30:00,10.35,
2024-02-16 23:45:00,10.36,
2024-02-17 00:00:00,10.36,
2024-02-17 00:15:00,10.38,
2024-02-17 00:30:00,10.41,
2024-02-17 00:45:00,10.41,
2024-02-17 01:00:00,10.42,
2024-02-17 01:15:00,10.44,
2024-02-17 01:30:00,10.46,
2024-02-17 01:45:00,10.48,
2024-02-17 02:00:00,10.5,
2024-02-17 02:15:00,10.51,
2024-02-17 02:30:00,10.51,
2024-02-17 02:45:00,10.54,
2024-02-17 03:00:00,10.56,
2024-02-17 03:15:00,10.57,
2024-02-17 03:30:00,10.57,
2024-02-17 03:45:00,10.59,
2024-02-17 04:00:00,10.61,
2024-02-17 04:15:00,10.62,
2024-02-17 04:30:00,10.63,
2024-02-17 04:45:00,10.63,
2024-02-17 05:00:00,10.66,
2024-02-17 05:15:00,10.67,
2024-02-17 05:30:00,10.68,
2024-02-17 05:45:00,10.69,
2024-02-17 06:00:00,10.69,
2024-02-17 06:15:00,10.71,
2024-02-17 06:30:00,10.72,
2024-02-17 06:45:00,10.73,
2024-02-17 07:00:00,10.74,
2024-02-17 07:15:00,10.75,
2024-02-17 07:30:00,10.77,
2024-02-17 07:45:00,10.8,
2024-02-17 08:00:00,10.83,
2024-02-17 08:15:00,10.87,
2024-02-17 08:30:00,10.92,
2024-02-17 08:45:00,10.98,
2024-02-17 09:00:00,11.04,
2024-02-17 09:15:00,11.1,
2024-02-17 09:30:00,11.17,
2024-02-17 09:45:00,11.23,
2024-02-17 10:00:00,11.29,
2024-02-17 10:15:00,11.33,
2024-02-17 10:30:00,11.37,
2024-02-17 10:45:00,11.4,
2024-02-17 11:00:00,11.42,
2024-02-17 11:15:00,11.44,
2024-02-17 11:30:00,11.46,
2024-02-17 11:45:00,11.47,
2024-02-17 12:00:00,11.46,
2024-02-17 12:15:00,11.45,
2024-02-17 12:30:00,11.44,
2024-02-17 12:45:00,11.41,
2024-02-17 13:00:00,11.38,
2024-02-17 13:15:00,11.34,
2024-02-17 13:30:00,11.29,
2024-02-17 13:45:00,11.23,
2024-02-17 14:00:00,11.17,
2024-02-17 14:15:00,11.12,
2024-02-17 14:30:00,11.09,
2024-02-17 14:45:00,11.04,
2024-02-17 15:00:00,11.0,
2024-02-17 15:15:00,10.97,
2024-02-17 15:30:00,10.93,
2024-02-17 15:45:00,10.89,
2024-02-17 16:00:00,10.85,
2024-02-17 16:15:00,10.82,
2024-02-17 16:30:00,10.78,
2024-02-17 16:45:00,10.75,
2024-02-17 17:00:00,10.71,
2024-02-17 17:15:00,10.66,
2024-02-17 17:30:00,10.62,
2024-02-17 17:45:00,10.57,
2024-02-17 18:00:00,10.53,
2024-02-17 18:15:00,10.49,
2024-02-17 18:30:00,10.46,
2024-02-17 18:45:00,10.43,
2024-02-17 19:00:00,10.41,
2024-02-17 19:15:00,10.41,
2024-02-17 19:30:00,10.4,
2024-02-17 19:45:00,10.41,
2024-02-17 20:00:00,10.41,
2024-02-17 20:15:00,10.43,
2024-02-17 20:30:00,10.45,
2024-02-17 20:45:00,10.46,
2024-02-17 21:00:00,10.48,
2024-02-17 21:15:00,10.49,
2024-02-17 21:30:00,10.49,
2024-02-17 21:45:00,10.51,
2024-02-17 22:00:00,10.51,
2024-02-17 22:15:00,10.52,
2024-02-17 22:30:00,10.53,
2024-02-17 22:45:00,10.54,
2024-02-17 23:00:00,10.54,
2024-02-17 23:15:00,10.54,
2024-02-17 23:30:00,10.55,
2024-02-17 23:45:00,10.55,
2024-02-18 00:00:00,10.56,
2024-02-18 00:15:00,10.56,
2024-02-18 00:30:00,10.57,
2024-02-18 00:45:00,10.56,
2024-02-18 01:00:00,10.57,
2024-02-18 01:15:00,10.59,
2024-02-18 01:30:00,10.6,
2024-02-18 01:45:00,10.62,
2024-02-18 02:00:00,10.63,
2024-02-18 02:15:00,10.61,
2024-02-18 02:30:00,10.62,
2024-02-18 02:45:00,10.62,
2024-02-18 03:00:00,10.63,
2024-02-18 03:15:00,10.64,
2024-02-18 03:30:00,10.63,
2024-02-18 03:45:00,10.63,
2024-02-18 04:00:00,10.64,
2024-02-18 04:15:00,10.63,
2024-02-18 04:30:00,10.64,
2024-02-18 04:45:00,10.64,
2024-02-18 05:00:00,10.63,
2024-02-18 05:15:00,10.63,
2024-02-18 05:30:00,10.63,
2024-02-18 05:45:00,10.64,
2024-02-18 06:00:00,10.64,
2024-02-18 06:15:00,10.64,
2024-02-18 06:30:00,10.64,
2024-02-18 06:45:00,10.63,
2024-02-18 07:00:00,10.64,
2024-02-18 07:15:00,10.65,
2024-02-18 07:30:00,10.67,
2024-02-18 07:45:00,10.68,
2024-02-18 08:00:00,10.7,
2024-02-18 08:15:00,10.73,
2024-02-18 08:30:00,10.76,
2024-02-18 08:45:00,10.82,
2024-02-18 09:00:00,10.89,
2024-02-18 09:15:00,10.95,
2024-02-18 09:30:00,11.01,
2024-02-18 09:45:00,11.06,
2024-02-18 10:00:00,11.08,
2024-02-18 10:15:00,11.09,
2024-02-18 10:30:00,11.14,
2024-02-18 10:45:00,11.15,
2024-02-18 11:00:00,11.18,
2024-02-18 11:15:00,11.18,
2024-02-18 11:30:00,11.19,
2024-02-18 11:45:00,11.2,
2024-02-18 12:00:00,11.23,
2024-02-18 12:15:00,11.24,
2024-02-18 12:30:00,11.26,
2024-02-18 12:45:00,11.28,
2024-02-18 13:00:00,11.29,
2024-02-18 13:15:00,11.31,
2024-02-18 13:30:00,11.31,
2024-02-18 13:45:00,11.31,
2024-02-18 14:00:00,11.32,
2024-02-18 14:15:00,11.32,
2024-02-18 14:30:00,11.28,
2024-02-18 14:45:00,11.27,
2024-02-18 15:00:00,11.29,
2024-02-18 15:15:00,11.29,
2024-02-18 15:30:00,11.29,
2024-02-18 15:45:00,11.27,
2024-02-18 16:00:00,11.26,
2024-02-18 16:15:00,11.23,
2024-02-18 16:30:00,11.21,
2024-02-18 16:45:00,11.18,
2024-02-18 17:00:00,11.14,
2024-02-18 17:15:00,11.05,
2024-02-18 17:30:00,10.99,
2024-02-18 17:45:00,10.9,
2024-02-18 18:00:00,10.82,
2024-02-18 18:15:00,10.75,
2024-02-18 18:30:00,10.68,
2024-02-18 18:45:00,10.62,
2024-02-18 19:00:00,10.57,
2024-02-18 19:15:00,10.54,
2024-02-18 19:30:00,10.51,
2024-02-18 19:45:00,10.48,
2024-02-18 20:00:00,10.47,
2024-02-18 20:15:00,10.47,
2024-02-18 20:30:00,10.47,
2024-02-18 20:45:00,10.46,
2024-02-18 21:00:00,10.47,
2024-02-18 21:15:00,10.48,
2024-02-18 21:30:00,10.49,
2024-02-18 21:45:00,10.52,
2024-02-18 22:00:00,10.52,
2024-02-18 22:15:00,10.53,
2024-02-18 22:30:00,10.54,
2024-02-18 22:45:00,10.55,
2024-02-18 23:00:00,10.56,
2024-02-18 23:15:00,10.56,
2024-02-18 23:30:00,10.58,
2024-02-18 23:45:00,10.6,
2024-02-19 00:00:00,10.61,
2024-02-19 00:15:00,10.62,
2024-02-19 00:30:00,10.64,
2024-02-19 00:45:00,10.65,
2024-02-19 01:00:00,10.65,
2024-02-19 01:15:00,10.65,
2024-02-19 01:30:00,10.66,
2024-02-19 01:45:00,10.68,
2024-02-19 02:00:00,10.69,
2024-02-19 02:15:00,10.7,
2024-02-19 02:30:00,10.71,
2024-02-19 02:45:00,10.72,
2024-02-19 03:00:00,10.73,
2024-02-19 03:15:00,10.73,
2024-02-19 03:30:00,10.72,
2024-02-19 03:45:00,10.73,
2024-02-19 04:00:00,10.75,
2024-02-19 04:15:00,10.75,
2024-02-19 04:30:00,10.76,
2024-02-19 04:45:00,10.77,
2024-02-19 05:00:00,10.77,
2024-02-19 05:15:00,10.78,
2024-02-19 05:30:00,10.78,
2024-02-19 05:45:00,10.78,
2024-02-19 06:00:00,10.79,
2024-02-19 06:15:00,10.8,
2024-02-19 06:30:00,10.79,
2024-02-19 06:45:00,10.81,
2024-02-19 07:00:00,10.81,
2024-02-19 07:15:00,10.82,
2024-02-19 07:30:00,10.84,
2024-02-19 07:45:00,10.86,
2024-02-19 08:00:00,10.9,
2024-02-19 08:15:00,10.94,
2024-02-19 08:30:00,10.97,
2024-02-19 08:45:00,11.04,
2024-02-19 09:00:00,11.1,
2024-02-19 09:15:00,11.16,
2024-02-19 09:30:00,11.19,
2024-02-19 09:45:00,11.28,
2024-02-19 10:00:00,11.34,
2024-02-19 10:15:00,11.38,
2024-02-19 10:30:00,11.41,
2024-02-19 10:45:00,11.44,
2024-02-19 11:00:00,11.46,
2024-02-19 11:15:00,11.47,
2024-02-19 11:30:00,11.48,
2024-02-19 11:45:00,11.47,
2024-02-19 12:00:00,11.46,
2024-02-19 12:15:00,11.46,
2024-02-19 12:30:00,11.46,
2024-02-19 12:45:00,11.42,
2024-02-19 13:00:00,11.53,
2024-02-19 13:15:00,11.54,
2024-02-19 13:30:00,11.52,
2024-02-19 13:45:00,11.49,
2024-02-19 14:00:00,11.45,
2024-02-19 14:15:00,11.43,
2024-02-19 14:30:00,11.41,
2024-02-19 14:45:00,11.34,
2024-02-19 15:00:00,11.3,
2024-02-19 15:15:00,11.25,
2024-02-19 15:30:00,11.18,
2024-02-19 15:45:00,11.12,
2024-02-19 16:00:00,11.06,
2024-02-19 16:15:00,10.99,
2024-02-19 16:30:00,10.97,
2024-02-19 16:45:00,10.93,
2024-02-19 17:00:00,10.88,
2024-02-19 17:15:00,10.81,
2024-02-19 17:30:00,10.74,
2024-02-19 17:45:00,10.68,
2024-02-19 18:00:00,10.63,
2024-02-19 18:15:00,10.58,
2024-02-19 18:30:00,10.56,
2024-02-19 18:45:00,10.55,
2024-02-19 19:00:00,10.56,
2024-02-19 19:15:00,10.54,
2024-02-19 19:30:00,10.55,
2024-02-19 19:45:00,10.55,
2024-02-19 20:00:00,10.56,
2024-02-19 20:15:00,10.56,
2024-02-19 20:30:00,10.56,
2024-02-19 20:45:00,10.58,
2024-02-19 21:00:00,10.56,
2024-02-19 21:15:00,10.55,
2024-02-19 21:30:00,10.55,
2024-02-19 21:45:00,10.57,
2024-02-19 22:00:00,10.55,
2024-02-19 22:15:00,10.56,
2024-02-19 22:30:00,10.55,
2024-02-19 22:45:00,10.56,
2024-02-19 23:00:00,10.55,
2024-02-19 23:15:00,10.55,
2024-02-19 23:30:00,10.56,
2024-02-19 23:45:00,10.56,
2024-02-20 00:00:00,10.55,
2024-02-20 00:15:00,10.53,
2024-02-20 00:30:00,10.54,
2024-02-20 00:45:00,10.54,
2024-02-20 01:00:00,10.52,
2024-02-20 01:15:00,10.51,
2024-02-20 01:30:00,10.51,
2024-02-20 01:45:00,10.5,
2024-02-20 02:00:00,10.5,
2024-02-20 02:15:00,10.49,
2024-02-20 02:30:00,10.48,
2024-02-20 02:45:00,10.48,
2024-02-20 03:00:00,10.47,
2024-02-20 03:15:00,10.47,
2024-02-20 03:30:00,10.45,
2024-02-20 03:45:00,10.45,
2024-02-20 04:00:00,10.44,
2024-02-20 04:15:00,10.44,
2024-02-20 04:30:00,10.44,
2024-02-20 04:45:00,10.43,
2024-02-20 05:00:00,10.43,
2024-02-20 05:15:00,10.42,
2024-02-20 05:30:00,10.42,
2024-02-20 05:45:00,10.41,
2024-02-20 06:00:00,10.41,
2024-02-20 06:15:00,10.41,
2024-02-20 06:30:00,10.4,
2024-02-20 06:45:00,10.4,
2024-02-20 07:00:00,10.39,
2024-02-20 07:15:00,10.39,
2024-02-20 07:30:00,10.39,
2024-02-20 07:45:00,10.41,
2024-02-20 08:00:00,10.44,
2024-02-20 08:15:00,10.5,
2024-02-20 08:30:00,10.56,
2024-02-20 08:45:00,10.61,
2024-02-20 09:00:00,10.69,
2024-02-20 09:15:00,10.75,
2024-02-20 09:30:00,10.79,
2024-02-20 09:45:00,10.85,
2024-02-20 10:00:00,10.88,
2024-02-20 10:15:00,10.92,
2024-02-20 10:30:00,10.94,
2024-02-20 10:45:00,10.94,
2024-02-20 11:00:00,10.98,
2024-02-20 11:15:00,11.01,
2024-02-20 11:30:00,11.04,
2024-02-20 11:45:00,11.06,
2024-02-20 12:00:00,11.06,
2024-02-20 12:15:00,11.07,
2024-02-20 12:30:00,11.05,
2024-02-20 12:45:00,11.03,
2024-02-20 13:00:00,10.98,
2024-02-20 13:15:00,10.93,
2024-02-20 13:30:00,10.86,
2024-02-20 13:45:00,10.81,
2024-02-20 14:00:00,10.74,
2024-02-20 14:15:00,10.7,
2024-02-20 14:30:00,10.66,
2024-02-20 14:45:00,10.66,
2024-02-20 15:00:00,10.66,
2024-02-20 15:15:00,10.64,
2024-02-20 15:30:00,10.63,
2024-02-20 15:45:00,10.61,
2024-02-20 16:00:00,10.61,
2024-02-20 16:15:00,10.61,
2024-02-20 16:30:00,10.58,
2024-02-20 16:45:00,10.55,
2024-02-20 17:00:00,10.5,
2024-02-20 17:15:00,10.44,
2024-02-20 17:30:00,10.4,
2024-02-20 17:45:00,10.34,
2024-02-20 18:00:00,10.27,
2024-02-20 18:15:00,10.19,
2024-02-20 18:30:00,10.12,
2024-02-20 18:45:00,10.07,
2024-02-20 19:00:00,10.03,
2024-02-20 19:15:00,9.98,
2024-02-20 19:30:00,9.96,
2024-02-20 19:45:00,9.94,
2024-02-20 20:00:00,9.93,
2024-02-20 20:15:00,9.91,
2024-02-20 20:30:00,9.91,
2024-02-20 20:45:00,9.92,
2024-02-20 21:00:00,9.93,
2024-02-20 21:15:00,9.93,
2024-02-20 21:30:00,9.94,
2024-02-20 21:45:00,9.94,
2024-02-20 22:00:00,9.95,
2024-02-20 22:15:00,9.96,
2024-02-20 22:30:00,9.96,
2024-02-20 22:45:00,9.97,
2024-02-20 23:00:00,9.97,
2024-02-20 23:15:00,9.97,
2024-02-20 23:30:00,9.97,
2024-02-20 23:45:00,9.98,
2024-02-21 00:00:00,9.98,
2024-02-21 00:15:00,9.98,
2024-02-21 00:30:00,9.98,
2024-02-21 00:45:00,9.98,
2024-02-21 01:00:00,9.98,
2024-02-21 01:15:00,9.97,
2024-02-21 01:30:00,9.97,
2024-02-21 01:45:00,9.98,
2024-02-21 02:00:00,9.97,
2024-02-21 02:15:00,9.97,
2024-02-21 02:30:00,9.97,
2024-02-21 02:45:00,9.98,
2024-02-21 03:00:00,9.98,
2024-02-21 03:15:00,9.99,
2024-02-21 03:30:00,9.98,
2024-02-21 03:45:00,9.98,
2024-02-21 04:00:00,9.98,
2024-02-21 04:15:00,9.99,
2024-02-21 04:30:00,10.0,
2024-02-21 04:45:00,10.01,
2024-02-21 05:00:00,10.05,
2024-02-21 05:15:00,10.08,
2024-02-21 05:30:00,10.11,
2024-02-21 05:45:00,10.14,
2024-02-21 06:00:00,10.17,
2024-02-21 06:15:00,10.2,
2024-02-21 06:30:00,10.24,
2024-02-21 06:45:00,10.28,
2024-02-21 07:00:00,10.32,
2024-02-21 07:15:00,10.35,
2024-02-21 07:30:00,10.37,
2024-02-21 07:45:00,10.39,
2024-02-21 08:00:00,10.41,
2024-02-21 08:15:00,10.42,
2024-02-21 08:30:00,10.46,
2024-02-21 08:45:00,10.49,
2024-02-21 09:00:00,10.51,
2024-02-21 09:15:00,10.55,
2024-02-21 09:30:00,10.55,
2024-02-21 09:45:00,10.57,
2024-02-21 10:00:00,10.59,
2024-02-21 10:15:00,10.64,
2024-02-21 10:30:00,10.71,
2024-02-21 10:45:00,10.78,
2024-02-21 11:00:00,10.82,
2024-02-21 11:15:00,10.84,
2024-02-21 11:30:00,10.9,
2024-02-21 11:45:00,10.96,
2024-02-21 12:00:00,11.03,
2024-02-21 12:15:00,11.09,
2024-02-21 12:30:00,11.15,
2024-02-21 12:45:00,11.21,
2024-02-21 13:00:00,11.24,
2024-02-21 13:15:00,11.25,
2024-02-21 13:30:00,11.25,
2024-02-21 13:45:00,11.25,
2024-02-21 14:00:00,11.25,
2024-02-21 14:15:00,11.24,
2024-02-21 14:30:00,11.21,
2024-02-21 14:45:00,11.15,
2024-02-21 15:00:00,11.08,
2024-02-21 15:15:00,11.04,
2024-02-21 15:30:00,11.0,
2024-02-21 15:45:00,11.02,
2024-02-21 16:00:00,11.01,
2024-02-21 16:15:00,10.95,
2024-02-21 16:30:00,10.89,
2024-02-21 16:45:00,10.83,
2024-02-21 17:00:00,10.74,
2024-02-21 17:15:00,10.69,
2024-02-21 17:30:00,10.65,
2024-02-21 17:45:00,10.59,
2024-02-21 18:00:00,10.54,
2024-02-21 18:15:00,10.49,
2024-02-21 18:30:00,10.45,
2024-02-21 18:45:00,10.41,
2024-02-21 19:00:00,10.38,
2024-02-21 19:15:00,10.37,
2024-02-21 19:30:00,10.36,
2024-02-21 19:45:00,10.35,
2024-02-21 20:00:00,10.34,
2024-02-21 20:15:00,10.34,
2024-02-21 20:30:00,10.34,
2024-02-21 20:45:00,10.33,
2024-02-21 21:00:00,10.33,
2024-02-21 21:15:00,10.34,
2024-02-21 21:30:00,10.34,
2024-02-21 21:45:00,10.34,
2024-02-21 22:00:00,10.34,
2024-02-21 22:15:00,10.34,
2024-02-21 22:30:00,10.34,
2024-02-21 22:45:00,10.35,
2024-02-21 23:00:00,10.37,
2024-02-21 23:15:00,10.38,
2024-02-21 23:30:00,10.38,
2024-02-21 23:45:00,10.39,
2024-02-22 00:00:00,10.38,
2024-02-22 00:15:00,10.38,
2024-02-22 00:30:00,10.38,
2024-02-22 00:45:00,10.38,
2024-02-22 01:00:00,10.39,
2024-02-22 01:15:00,10.39,
2024-02-22 01:30:00,10.4,
2024-02-22 01:45:00,10.4,
2024-02-22 02:00:00,10.4,
2024-02-22 02:15:00,10.39,
2024-02-22 02:30:00,10.39,
2024-02-22 02:45:00,10.38,
2024-02-22 03:00:00,10.38,
2024-02-22 03:15:00,10.38,
2024-02-22 03:30:00,10.38,
2024-02-22 03:45:00,10.37,
2024-02-22 04:00:00,10.37,
2024-02-22 04:15:00,10.37,
2024-02-22 04:30:00,10.36,
2024-02-22 04:45:00,10.36,
2024-02-22 05:00:00,10.36,
2024-02-22 05:15:00,10.36,
2024-02-22 05:30:00,10.36,
2024-02-22 05:45:00,10.36,
2024-02-22 06:00:00,10.35,
2024-02-22 06:15:00,10.35,
2024-02-22 06:30:00,10.35,
2024-02-22 06:45:00,10.34,
2024-02-22 07:00:00,10.35,
2024-02-22 07:15:00,10.35,
2024-02-22 07:30:00,10.36,
2024-02-22 07:45:00,10.37,
2024-02-22 08:00:00,10.4,
2024-02-22 08:15:00,10.44,
2024-02-22 08:30:00,10.5,
2024-02-22 08:45:00,10.56,
2024-02-22 09:00:00,10.63,
2024-02-22 09:15:00,10.71,
2024-02-22 09:30:00,10.77,
2024-02-22 09:45:00,10.85,
2024-02-22 10:00:00,10.93,
2024-02-22 10:15:00,10.96,
2024-02-22 10:30:00,11.01,
2024-02-22 10:45:00,11.06,
2024-02-22 11:00:00,11.09,
2024-02-22 11:15:00,11.1,
2024-02-22 11:30:00,11.1,
2024-02-22 11:45:00,11.08,
2024-02-22 12:00:00,11.09,
2024-02-22 12:15:00,11.08,
2024-02-22 12:30:00,11.06,
2024-02-22 12:45:00,11.07,
2024-02-22 13:00:00,11.08,
2024-02-22 13:15:00,11.1,
2024-02-22 13:30:00,11.06,
2024-02-22 13:45:00,10.99,
2024-02-22 14:00:00,10.94,
2024-02-22 14:15:00,10.89,
2024-02-22 14:30:00,10.84,
2024-02-22 14:45:00,10.82,
2024-02-22 15:00:00,10.81,
2024-02-22 15:15:00,10.77,
2024-02-22 15:30:00,10.72,
2024-02-22 15:45:00,10.66,
2024-02-22 16:00:00,10.59,
2024-02-22 16:15:00,10.55,
2024-02-22 16:30:00,10.47,
2024-02-22 16:45:00,10.4,
2024-02-22 17:00:00,10.33,
2024-02-22 17:15:00,10.27,
2024-02-22 17:30:00,10.21,
2024-02-22 17:45:00,10.15,
2024-02-22 18:00:00,10.09,
2024-02-22 18:15:00,10.03,
2024-02-22 18:30:00,9.98,
2024-02-22 18:45:00,9.94,
2024-02-22 19:00:00,9.92,
2024-02-22 19:15:00,9.9,
2024-02-22 19:30:00,9.9,
2024-02-22 19:45:00,9.89,
2024-02-22 20:00:00,9.9,
2024-02-22 20:15:00,9.89,
2024-02-22 20:30:00,9.89,
2024-02-22 20:45:00,9.92,
2024-02-22 21:00:00,9.93,
2024-02-22 21:15:00,9.94,
2024-02-22 21:30:00,9.94,
2024-02-22 21:45:00,9.96,
2024-02-22 22:00:00,9.95,
2024-02-22 22:15:00,9.97,
2024-02-22 22:30:00,9.97,
2024-02-22 22:45:00,9.98,
2024-02-22 23:00:00,9.99,
2024-02-22 23:15:00,10.0,
2024-02-22 23:30:00,10.02,
2024-02-22 23:45:00,10.02,
2024-02-23 00:00:00,10.04,
2024-02-23 00:15:00,10.05,
2024-02-23 00:30:00,10.06,
2024-02-23 00:45:00,10.07,
2024-02-23 01:00:00,10.09,
2024-02-23 01:15:00,10.1,
2024-02-23 01:30:00,10.11,
2024-02-23 01:45:00,10.13,
2024-02-23 02:00:00,10.14,
2024-02-23 02:15:00,10.15,
2024-02-23 02:30:00,10.17,
2024-02-23 02:45:00,10.18,
2024-02-23 03:00:00,10.2,
2024-02-23 03:15:00,10.22,
2024-02-23 03:30:00,10.23,
2024-02-23 03:45:00,10.25,
2024-02-23 04:00:00,10.27,
2024-02-23 04:15:00,10.28,
2024-02-23 04:30:00,10.29,
2024-02-23 04:45:00,10.3,
2024-02-23 05:00:00,10.32,
2024-02-23 05:15:00,10.33,
2024-02-23 05:30:00,10.35,
2024-02-23 05:45:00,10.36,
2024-02-23 06:00:00,10.37,
2024-02-23 06:15:00,10.39,
2024-02-23 06:30:00,10.4,
2024-02-23 06:45:00,10.41,
2024-02-23 07:00:00,10.43,
2024-02-23 07:15:00,10.45,
2024-02-23 07:30:00,10.47,
2024-02-23 07:45:00,10.5,
2024-02-23 08:00:00,10.54,
2024-02-23 08:15:00,10.59,
2024-02-23 08:30:00,10.65,
2024-02-23 08:45:00,10.71,
2024-02-23 09:00:00,10.78,
2024-02-23 09:15:00,10.86,
2024-02-23 09:30:00,10.94,
2024-02-23 09:45:00,11.0,
2024-02-23 10:00:00,11.08,
2024-02-23 10:15:00,11.14,
2024-02-23 10:30:00,11.19,
2024-02-23 10:45:00,11.24,
2024-02-23 11:00:00,11.28,
2024-02-23 11:15:00,11.3,
2024-02-23 11:30:00,11.31,
2024-02-23 11:45:00,11.31,
2024-02-23 12:00:00,11.32,
2024-02-23 12:15:00,11.32,
2024-02-23 12:30:00,11.3,
2024-02-23 12:45:00,11.26,
2024-02-23 13:00:00,11.24,
2024-02-23 13:15:00,11.2,
2024-02-23 13:30:00,11.15,
2024-02-23 13:45:00,11.11,
2024-02-23 14:00:00,11.06,
2024-02-23 14:15:00,11.01,
2024-02-23 14:30:00,10.96,
2024-02-23 14:45:00,10.91,
2024-02-23 15:00:00,10.87,
2024-02-23 15:15:00,10.8,
2024-02-23 15:30:00,10.73,
2024-02-23 15:45:00,10.66,
2024-02-23 16:00:00,10.59,
2024-02-23 16:15:00,10.54,
2024-02-23 16:30:00,10.49,
2024-02-23 16:45:00,10.45,
2024-02-23 17:00:00,10.41,
2024-02-23 17:15:00,10.37,
2024-02-23 17:30:00,10.33,
2024-02-23 17:45:00,10.29,
2024-02-23 18:00:00,10.25,
2024-02-23 18:15:00,10.2,
2024-02-23 18:30:00,10.16,
2024-02-23 18:45:00,10.13,
2024-02-23 19:00:00,10.11,
2024-02-23 19:15:00,10.1,
2024-02-23 19:30:00,10.08,
2024-02-23 19:45:00,10.07,
2024-02-23 20:00:00,10.06,
2024-02-23 20:15:00,10.05,
2024-02-23 20:30:00,10.05,
2024-02-23 20:45:00,10.06,
2024-02-23 21:00:00,10.06,
2024-02-23 21:15:00,10.07,
2024-02-23 21:30:00,10.09,
2024-02-23 21:45:00,10.1,
2024-02-23 22:00:00,10.11,
2024-02-23 22:15:00,10.12,
2024-02-23 22:30:00,10.14,
2024-02-23 22:45:00,10.15,
2024-02-23 23:00:00,10.16,
2024-02-23 23:15:00,10.17,
2024-02-23 23:30:00,10.18,
2024-02-23 23:45:00,10.19,
2024-02-24 00:00:00,10.21,
2024-02-24 00:15:00,10.23,
2024-02-24 00:30:00,10.25,
2024-02-24 00:45:00,10.26,
2024-02-24 01:00:00,10.28,
2024-02-24 01:15:00,10.3,
2024-02-24 01:30:00,10.31,
2024-02-24 01:45:00,10.33,
2024-02-24 02:00:00,10.35,
2024-02-24 02:15:00,10.36,
2024-02-24 02:30:00,10.38,
2024-02-24 02:45:00,10.4,
2024-02-24 03:00:00,10.41,
2024-02-24 03:15:00,10.42,
2024-02-24 03:30:00,10.44,
2024-02-24 03:45:00,10.46,
2024-02-24 04:00:00,10.47,
2024-02-24 04:15:00,10.48,
2024-02-24 04:30:00,10.49,
2024-02-24 04:45:00,10.5,
2024-02-24 05:00:00,10.51,
2024-02-24 05:15:00,10.52,
2024-02-24 05:30:00,10.53,
2024-02-24 05:45:00,10.54,
2024-02-24 06:00:00,10.55,
2024-02-24 06:15:00,10.57,
2024-02-24 06:30:00,10.58,
2024-02-24 06:45:00,10.59,
2024-02-24 07:00:00,10.6,
2024-02-24 07:15:00,10.61,
2024-02-24 07:30:00,10.63,
2024-02-24 07:45:00,10.67,
2024-02-24 08:00:00,10.72,
2024-02-24 08:15:00,10.77,
2024-02-24 08:30:00,10.83,
2024-02-24 08:45:00,10.9,
2024-02-24 09:00:00,10.97,
2024-02-24 09:15:00,11.04,
2024-02-24 09:30:00,11.1,
2024-02-24 09:45:00,11.16,
2024-02-24 10:00:00,11.22,
2024-02-24 10:15:00,11.26,
2024-02-24 10:30:00,11.29,
2024-02-24 10:45:00,11.33,
2024-02-24 11:00:00,11.34,
2024-02-24 11:15:00,11.35,
2024-02-24 11:30:00,11.36,
2024-02-24 11:45:00,11.35,
2024-02-24 12:00:00,11.34,
2024-02-24 12:15:00,11.32,
2024-02-24 12:30:00,11.3,
2024-02-24 12:45:00,11.28,
2024-02-24 13:00:00,11.25,
2024-02-24 13:15:00,11.21,
2024-02-24 13:30:00,11.18,
2024-02-24 13:45:00,11.13,
2024-02-24 14:00:00,11.1,
2024-02-24 14:15:00,11.05,
2024-02-24 14:30:00,11.01,
2024-02-24 14:45:00,10.97,
2024-02-24 15:00:00,10.93,
2024-02-24 15:15:00,10.89,
2024-02-24 15:30:00,10.84,
2024-02-24 15:45:00,10.79,
2024-02-24 16:00:00,10.75,
2024-02-24 16:15:00,10.69,
2024-02-24 16:30:00,10.64,
2024-02-24 16:45:00,10.6,
2024-02-24 17:00:00,10.56,
2024-02-24 17:15:00,10.5,
2024-02-24 17:30:00,10.44,
2024-02-24 17:45:00,10.38,
2024-02-24 18:00:00,10.33,
2024-02-24 18:15:00,10.27,
2024-02-24 18:30:00,10.21,
2024-02-24 18:45:00,10.16,
2024-02-24 19:00:00,10.13,
2024-02-24 19:15:00,10.11,
2024-02-24 19:30:00,10.1,
2024-02-24 19:45:00,10.09,
2024-02-24 20:00:00,10.1,
2024-02-24 20:15:00,10.09,
2024-02-24 20:30:00,10.11,
2024-02-24 20:45:00,10.12,
2024-02-24 21:00:00,10.14,
2024-02-24 21:15:00,10.15,
2024-02-24 21:30:00,10.17,
2024-02-24 21:45:00,10.19,
2024-02-24 22:00:00,10.21,
2024-02-24 22:15:00,10.23,
2024-02-24 22:30:00,10.23,
2024-02-24 22:45:00,10.25,
2024-02-24 23:00:00,10.26,
2024-02-24 23:15:00,10.28,
2024-02-24 23:30:00,10.28,
2024-02-24 23:45:00,10.29,
2024-02-25 00:00:00,10.3,
2024-02-25 00:15:00,10.31,
2024-02-25 00:30:00,10.33,
2024-02-25 00:45:00,10.33,
2024-02-25 01:00:00,10.35,
2024-02-25 01:15:00,10.38,
2024-02-25 01:30:00,10.39,
2024-02-25 01:45:00,10.38,
2024-02-25 02:00:00,10.41,
2024-02-25 02:15:00,10.43,
2024-02-25 02:30:00,10.44,
2024-02-25 02:45:00,10.45,
2024-02-25 03:00:00,10.46,
2024-02-25 03:15:00,10.47,
2024-02-25 03:30:00,10.47,
2024-02-25 03:45:00,10.49,
2024-02-25 04:00:00,10.5,
2024-02-25 04:15:00,10.51,
2024-02-25 04:30:00,10.52,
2024-02-25 04:45:00,10.53,
2024-02-25 05:00:00,10.52,
2024-02-25 05:15:00,10.54,
2024-02-25 05:30:00,10.55,
2024-02-25 05:45:00,10.56,
2024-02-25 06:00:00,10.57,
2024-02-25 06:15:00,10.57,
2024-02-25 06:30:00,10.58,
2024-02-25 06:45:00,10.58,
2024-02-25 07:00:00,10.6,
2024-02-25 07:15:00,10.61,
2024-02-25 07:30:00,10.64,
2024-02-25 07:45:00,10.67,
2024-02-25 08:00:00,10.7,
2024-02-25 08:15:00,10.74,
2024-02-25 08:30:00,10.79,
2024-02-25 08:45:00,10.85,
2024-02-25 09:00:00,10.91,
2024-02-25 09:15:00,10.97,
2024-02-25 09:30:00,11.03,
2024-02-25 09:45:00,11.08,
2024-02-25 10:00:00,11.13,
2024-02-25 10:15:00,11.18,
2024-02-25 10:30:00,11.21,
2024-02-25 10:45:00,11.25,
2024-02-25 11:00:00,11.26,
2024-02-25 11:15:00,11.27,
2024-02-25 11:30:00,11.28,
2024-02-25 11:45:00,11.28,
2024-02-25 12:00:00,11.26,
2024-02-25 12:15:00,11.23,
2024-02-25 12:30:00,11.21,
2024-02-25 12:45:00,11.18,
2024-02-25 13:00:00,11.15,
2024-02-25 13:15:00,11.11,
2024-02-25 13:30:00,11.07,
2024-02-25 13:45:00,11.02,
2024-02-25 14:00:00,10.97,
2024-02-25 14:15:00,10.92,
2024-02-25 14:30:00,10.87,
2024-02-25 14:45:00,10.82,
2024-02-25 15:00:00,10.77,
2024-02-25 15:15:00,10.73,
2024-02-25 15:30:00,10.68,
2024-02-25 15:45:00,10.63,
2024-02-25 16:00:00,10.58,
2024-02-25 16:15:00,10.52,
2024-02-25 16:30:00,10.47,
2024-02-25 16:45:00,10.42,
2024-02-25 17:00:00,10.37,
2024-02-25 17:15:00,10.29,
2024-02-25 17:30:00,10.25,
2024-02-25 17:45:00,10.18,
2024-02-25 18:00:00,10.11,
2024-02-25 18:15:00,10.06,
2024-02-25 18:30:00,10.01,
2024-02-25 18:45:00,9.97,
2024-02-25 19:00:00,9.94,
2024-02-25 19:15:00,9.92,
2024-02-25 19:30:00,9.89,
2024-02-25 19:45:00,9.89,
2024-02-25 20:00:00,9.89,
2024-02-25 20:15:00,9.9,
2024-02-25 20:30:00,9.91,
2024-02-25 20:45:00,9.92,
2024-02-25 21:00:00,9.93,
2024-02-25 21:15:00,9.94,
2024-02-25 21:30:00,9.95,
2024-02-25 21:45:00,9.97,
2024-02-25 22:00:00,9.97,
2024-02-25 22:15:00,9.98,
2024-02-25 22:30:00,10.0,
2024-02-25 22:45:00,10.0,
2024-02-25 23:00:00,10.02,
2024-02-25 23:15:00,10.02,
2024-02-25 23:30:00,10.03,
2024-02-25 23:45:00,10.04,
2024-02-26 00:00:00,10.05,
2024-02-26 00:15:00,10.06,
2024-02-26 00:30:00,10.06,
2024-02-26 00:45:00,10.07,
2024-02-26 01:00:00,10.08,
2024-02-26 01:15:00,10.09,
2024-02-26 01:30:00,10.1,
2024-02-26 01:45:00,10.11,
2024-02-26 02:00:00,10.11,
2024-02-26 02:15:00,10.12,
2024-02-26 02:30:00,10.12,
2024-02-26 02:45:00,10.12,
2024-02-26 03:00:00,10.12,
2024-02-26 03:15:00,10.12,
2024-02-26 03:30:00,10.11,
2024-02-26 03:45:00,10.11,
2024-02-26 04:00:00,10.12,
2024-02-26 04:15:00,10.11,
2024-02-26 04:30:00,10.11,
2024-02-26 04:45:00,10.11,
2024-02-26 05:00:00,10.12,
2024-02-26 05:15:00,10.12,
2024-02-26 05:30:00,10.11,
2024-02-26 05:45:00,10.12,
2024-02-26 06:00:00,10.11,
2024-02-26 06:15:00,10.12,
2024-02-26 06:30:00,10.11,
2024-02-26 06:45:00,10.12,
2024-02-26 07:00:00,10.12,
2024-02-26 07:15:00,10.13,
2024-02-26 07:30:00,10.14,
2024-02-26 07:45:00,10.17,
2024-02-26 08:00:00,10.21,
2024-02-26 08:15:00,10.26,
2024-02-26 08:30:00,10.33,
2024-02-26 08:45:00,10.4,
2024-02-26 09:00:00,10.48,
2024-02-26 09:15:00,10.56,
2024-02-26 09:30:00,10.62,
2024-02-26 09:45:00,10.68,
2024-02-26 10:00:00,10.72,
2024-02-26 10:15:00,10.74,
2024-02-26 10:30:00,10.76,
2024-02-26 10:45:00,10.81,
2024-02-26 11:00:00,10.85,
2024-02-26 11:15:00,10.85,
2024-02-26 11:30:00,10.86,
2024-02-26 11:45:00,10.89,
2024-02-26 12:00:00,10.9,
2024-02-26 12:15:00,10.91,
2024-02-26 12:30:00,10.88,
2024-02-26 12:45:00,10.83,
2024-02-26 13:00:00,10.73,
2024-02-26 13:15:00,10.64,
2024-02-26 13:30:00,10.54,
2024-02-26 13:45:00,10.47,
2024-02-26 14:00:00,10.43,
2024-02-26 14:15:00,10.36,
2024-02-26 14:30:00,10.27,
2024-02-26 14:45:00,10.22,
2024-02-26 15:00:00,10.19,
2024-02-26 15:15:00,10.16,
2024-02-26 15:30:00,10.13,
2024-02-26 15:45:00,10.16,
2024-02-26 16:00:00,10.18,
2024-02-26 16:15:00,10.19,
2024-02-26 16:30:00,10.19,
2024-02-26 16:45:00,10.18,
2024-02-26 17:00:00,10.16,
2024-02-26 17:15:00,10.12,
2024-02-26 17:30:00,10.06,
2024-02-26 17:45:00,10.0,
2024-02-26 18:00:00,9.96,
2024-02-26 18:15:00,9.9,
2024-02-26 18:30:00,9.85,
2024-02-26 18:45:00,9.82,
2024-02-26 19:00:00,9.79,
2024-02-26 19:15:00,9.76,
2024-02-26 19:30:00,9.74,
2024-02-26 19:45:00,9.72,
2024-02-26 20:00:00,9.72,
2024-02-26 20:15:00,9.71,
2024-02-26 20:30:00,9.73,
2024-02-26 20:45:00,9.75,
2024-02-26 21:00:00,9.78,
2024-02-26 21:15:00,9.81,
2024-02-26 21:30:00,9.84,
2024-02-26 21:45:00,9.87,
2024-02-26 22:00:00,9.89,
2024-02-26 22:15:00,9.92,
2024-02-26 22:30:00,9.95,
2024-02-26 22:45:00,9.99,
2024-02-26 23:00:00,10.02,
2024-02-26 23:15:00,10.05,
2024-02-26 23:30:00,10.08,
2024-02-26 23:45:00,10.11,
2024-02-27 00:00:00,10.14,
2024-02-27 00:15:00,10.16,
2024-02-27 00:30:00,10.17,
2024-02-27 00:45:00,10.18,
2024-02-27 01:00:00,10.19,
2024-02-27 01:15:00,10.19,
2024-02-27 01:30:00,10.2,
2024-02-27 01:45:00,10.2,
2024-02-27 02:00:00,10.21,
2024-02-27 02:15:00,10.21,
2024-02-27 02:30:00,10.2,
2024-02-27 02:45:00,10.2,
2024-02-27 03:00:00,10.21,
2024-02-27 03:15:00,10.21,
2024-02-27 03:30:00,10.21,
2024-02-27 03:45:00,10.21,
2024-02-27 04:00:00,10.21,
2024-02-27 04:15:00,10.22,
2024-02-27 04:30:00,10.23,
2024-02-27 04:45:00,10.24,
2024-02-27 05:00:00,10.26,
2024-02-27 05:15:00,10.28,
2024-02-27 05:30:00,10.29,
2024-02-27 05:45:00,10.3,
2024-02-27 06:00:00,10.32,
2024-02-27 06:15:00,10.33,
2024-02-27 06:30:00,10.34,
2024-02-27 06:45:00,10.35,
2024-02-27 07:00:00,10.37,
2024-02-27 07:15:00,10.39,
2024-02-27 07:30:00,10.4,
2024-02-27 07:45:00,10.44,
2024-02-27 08:00:00,10.47,
2024-02-27 08:15:00,10.51,
2024-02-27 08:30:00,10.55,
2024-02-27 08:45:00,10.55,
2024-02-27 09:00:00,10.63,
2024-02-27 09:15:00,10.72,
2024-02-27 09:30:00,10.8,
2024-02-27 09:45:00,10.88,
2024-02-27 10:00:00,10.97,
2024-02-27 10:15:00,11.03,
2024-02-27 10:30:00,11.1,
2024-02-27 10:45:00,11.16,
2024-02-27 11:00:00,11.21,
2024-02-27 11:15:00,11.26,
2024-02-27 11:30:00,11.26,
2024-02-27 11:45:00,11.27,
2024-02-27 12:00:00,11.3,
2024-02-27 12:15:00,11.31,
2024-02-27 12:30:00,11.29,
2024-02-27 12:45:00,11.29,
2024-02-27 13:00:00,11.26,
2024-02-27 13:15:00,11.28,
2024-02-27 13:30:00,11.24,
2024-02-27 13:45:00,11.23,
2024-02-27 14:00:00,11.24,
2024-02-27 14:15:00,11.22,
2024-02-27 14:30:00,11.2,
2024-02-27 14:45:00,11.19,
2024-02-27 15:00:00,11.18,
2024-02-27 15:15:00,11.17,
2024-02-27 15:30:00,11.17,
2024-02-27 15:45:00,11.16,
2024-02-27 16:00:00,11.13,
2024-02-27 16:15:00,11.11,
2024-02-27 16:30:00,11.1,
2024-02-27 16:45:00,11.07,
2024-02-27 17:00:00,11.03,
2024-02-27 17:15:00,10.99,
2024-02-27 17:30:00,10.96,
2024-02-27 17:45:00,10.92,
2024-02-27 18:00:00,10.87,
2024-02-27 18:15:00,10.82,
2024-02-27 18:30:00,10.77,
2024-02-27 18:45:00,10.72,
2024-02-27 19:00:00,10.68,
2024-02-27 19:15:00,10.64,
2024-02-27 19:30:00,10.62,
2024-02-27 19:45:00,10.61,
2024-02-27 20:00:00,10.6,
2024-02-27 20:15:00,10.59,
2024-02-27 20:30:00,10.59,
2024-02-27 20:45:00,10.6,
2024-02-27 21:00:00,10.61,
2024-02-27 21:15:00,10.62,
2024-02-27 21:30:00,10.63,
2024-02-27 21:45:00,10.64,
2024-02-27 22:00:00,10.66,
2024-02-27 22:15:00,10.67,
2024-02-27 22:30:00,10.69,
2024-02-27 22:45:00,10.7,
2024-02-27 23:00:00,10.71,
2024-02-27 23:15:00,10.73,
2024-02-27 23:30:00,10.74,
2024-02-27 23:45:00,10.76,
2024-02-28 00:00:00,10.77,
2024-02-28 00:15:00,10.78,
2024-02-28 00:30:00,10.8,
2024-02-28 00:45:00,10.82,
2024-02-28 01:00:00,10.83,
2024-02-28 01:15:00,10.84,
2024-02-28 01:30:00,10.86,
2024-02-28 01:45:00,10.87,
2024-02-28 02:00:00,10.89,
2024-02-28 02:15:00,10.91,
2024-02-28 02:30:00,10.92,
2024-02-28 02:45:00,10.94,
2024-02-28 03:00:00,10.96,
2024-02-28 03:15:00,10.98,
2024-02-28 03:30:00,10.99,
2024-02-28 03:45:00,11.01,
2024-02-28 04:00:00,11.02,
2024-02-28 04:15:00,11.03,
2024-02-28 04:30:00,11.05,
2024-02-28 04:45:00,11.06,
2024-02-28 05:00:00,11.06,
2024-02-28 05:15:00,11.07,
2024-02-28 05:30:00,11.08,
2024-02-28 05:45:00,11.09,
2024-02-28 06:00:00,11.09,
2024-02-28 06:15:00,11.1,
2024-02-28 06:30:00,11.11,
2024-02-28 06:45:00,11.11,
2024-02-28 07:00:00,11.11,
2024-02-28 07:15:00,11.12,
2024-02-28 07:30:00,11.14,
2024-02-28 07:45:00,11.17,
2024-02-28 08:00:00,11.21,
2024-02-28 08:15:00,11.26,
2024-02-28 08:30:00,11.32,
2024-02-28 08:45:00,11.38,
2024-02-28 09:00:00,11.45,
2024-02-28 09:15:00,11.5,
2024-02-28 09:30:00,11.56,
2024-02-28 09:45:00,11.61,
2024-02-28 10:00:00,11.65,
2024-02-28 10:15:00,11.68,
2024-02-28 10:30:00,11.67,
2024-02-28 10:45:00,11.72,
2024-02-28 11:00:00,11.75,
2024-02-28 11:15:00,11.76,
2024-02-28 11:30:00,11.76,
2024-02-28 11:45:00,11.75,
2024-02-28 12:00:00,11.74,
2024-02-28 12:15:00,11.73,
2024-02-28 12:30:00,11.7,
2024-02-28 12:45:00,11.67,
2024-02-28 13:00:00,11.62,
2024-02-28 13:15:00,11.58,
2024-02-28 13:30:00,11.53,
2024-02-28 13:45:00,11.49,
2024-02-28 14:00:00,11.41,
2024-02-28 14:15:00,11.29,
2024-02-28 14:30:00,11.33,
2024-02-28 14:45:00,11.3,
2024-02-28 15:00:00,11.25,
2024-02-28 15:15:00,11.21,
2024-02-28 15:30:00,11.14,
2024-02-28 15:45:00,11.09,
2024-02-28 16:00:00,11.03,
2024-02-28 16:15:00,10.98,
2024-02-28 16:30:00,10.93,
2024-02-28 16:45:00,10.88,
2024-02-28 17:00:00,10.82,
2024-02-28 17:15:00,10.76,
2024-02-28 17:30:00,10.7,
2024-02-28 17:45:00,10.64,
2024-02-28 18:00:00,10.59,
2024-02-28 18:15:00,10.52,
2024-02-28 18:30:00,10.48,
2024-02-28 18:45:00,10.44,
2024-02-28 19:00:00,10.41,
2024-02-28 19:15:00,10.39,
2024-02-28 19:30:00,10.38,
2024-02-28 19:45:00,10.37,
2024-02-28 20:00:00,10.37,
2024-02-28 20:15:00,10.39,
2024-02-28 20:30:00,10.4,
2024-02-28 20:45:00,10.41,
2024-02-28 21:00:00,10.43,
2024-02-28 21:15:00,10.45,
2024-02-28 21:30:00,10.47,
2024-02-28 21:45:00,10.48,
2024-02-28 22:00:00,10.49,
2024-02-28 22:15:00,10.5,
2024-02-28 22:30:00,10.51,
2024-02-28 22:45:00,10.52,
2024-02-28 23:00:00,10.53,
2024-02-28 23:15:00,10.54,
2024-02-28 23:30:00,10.56,
2024-02-28 23:45:00,10.56,
2024-02-29 00:00:00,10.57,
2024-02-29 00:15:00,10.58,
2024-02-29 00:30:00,10.6,
2024-02-29 00:45:00,10.61,
2024-02-29 01:00:00,10.62,
2024-02-29 01:15:00,10.63,
2024-02-29 01:30:00,10.64,
2024-02-29 01:45:00,10.65,
2024-02-29 02:00:00,10.66,
2024-02-29 02:15:00,10.67,
2024-02-29 02:30:00,10.67,
2024-02-29 02:45:00,10.67,
2024-02-29 03:00:00,10.67,
2024-02-29 03:15:00,10.68,
2024-02-29 03:30:00,10.67,
2024-02-29 03:45:00,10.69,
2024-02-29 04:00:00,10.69,
2024-02-29 04:15:00,10.7,
2024-02-29 04:30:00,10.7,
2024-02-29 04:45:00,10.7,
2024-02-29 05:00:00,10.71,
2024-02-29 05:15:00,10.7,
2024-02-29 05:30:00,10.71,
2024-02-29 05:45:00,10.7,
2024-02-29 06:00:00,10.71,
2024-02-29 06:15:00,10.7,
2024-02-29 06:30:00,10.71,
2024-02-29 06:45:00,10.71,
2024-02-29 07:00:00,10.71,
2024-02-29 07:15:00,10.71,
2024-02-29 07:30:00,10.72,
2024-02-29 07:45:00,10.74,
2024-02-29 08:00:00,10.77,
2024-02-29 08:15:00,10.81,
2024-02-29 08:30:00,10.87,
2024-02-29 08:45:00,10.92,
2024-02-29 09:00:00,10.97,
2024-02-29 09:15:00,11.04,
2024-02-29 09:30:00,11.11,
2024-02-29 09:45:00,11.16,
2024-02-29 10:00:00,11.22,
2024-02-29 10:15:00,11.29,
2024-02-29 10:30:00,11.34,
2024-02-29 10:45:00,11.36,
2024-02-29 11:00:00,11.38,
2024-02-29 11:15:00,11.39,
2024-02-29 11:30:00,11.39,
2024-02-29 11:45:00,11.38,
2024-02-29 12:00:00,11.37,
2024-02-29 12:15:00,11.34,
2024-02-29 12:30:00,11.31,
2024-02-29 12:45:00,11.27,
2024-02-29 13:00:00,11.24,
2024-02-29 13:15:00,11.21,
2024-02-29 13:30:00,11.15,
2024-02-29 13:45:00,11.08,
2024-02-29 14:00:00,11.03,
2024-02-29 14:15:00,10.99,
2024-02-29 14:30:00,10.96,
2024-02-29 14:45:00,10.94,
2024-02-29 15:00:00,10.91,
2024-02-29 15:15:00,10.88,
2024-02-29 15:30:00,10.85,
2024-02-29 15:45:00,10.8,
2024-02-29 16:00:00,10.75,
2024-02-29 16:15:00,10.71,
2024-02-29 16:30:00,10.7,
2024-02-29 16:45:00,10.7,
2024-02-29 17:00:00,10.65,
2024-02-29 17:15:00,10.6,
2024-02-29 17:30:00,10.54,
2024-02-29 17:45:00,10.46,
2024-02-29 18:00:00,10.37,
2024-02-29 18:15:00,10.27,
2024-02-29 18:30:00,10.18,
2024-02-29 18:45:00,10.09,
2024-02-29 19:00:00,10.03,
2024-02-29 19:15:00,9.97,
2024-02-29 19:30:00,9.93,
2024-02-29 19:45:00,9.91,
2024-02-29 20:00:00,9.89,
2024-02-29 20:15:00,9.87,
2024-02-29 20:30:00,9.87,
2024-02-29 20:45:00,9.88,
2024-02-29 21:00:00,9.88,
2024-02-29 21:15:00,9.87,
2024-02-29 21:30:00,9.89,
2024-02-29 21:45:00,9.88,
2024-02-29 22:00:00,9.89,
2024-02-29 22:15:00,9.9,
2024-02-29 22:30:00,9.89,
2024-02-29 22:45:00,9.89,
2024-02-29 23:00:00,9.89,
2024-02-29 23:15:00,9.89,
2024-02-29 23:30:00,9.9,
2024-02-29 23:45:00,9.9,
2024-03-01 00:00:00,9.9,
2024-03-01 00:15:00,9.9,
2024-03-01 00:30:00,9.9,
2024-03-01 00:45:00,9.9,
2024-03-01 01:00:00,9.91,
2024-03-01 01:15:00,9.91,
2024-03-01 01:30:00,9.91,
2024-03-01 01:45:00,9.91,
2024-03-01 02:00:00,9.92,
2024-03-01 02:15:00,9.91,
2024-03-01 02:30:00,9.92,
2024-03-01 02:45:00,9.91,
2024-03-01 03:00:00,9.92,
2024-03-01 03:15:00,9.92,
2024-03-01 03:30:00,9.92,
2024-03-01 03:45:00,9.91,
2024-03-01 04:00:00,9.92,
2024-03-01 04:15:00,9.91,
2024-03-01 04:30:00,9.92,
2024-03-01 04:45:00,9.93,
2024-03-01 05:00:00,9.93,
2024-03-01 05:15:00,9.93,
2024-03-01 05:30:00,9.93,
2024-03-01 05:45:00,9.93,
2024-03-01 06:00:00,9.93,
2024-03-01 06:15:00,9.93,
2024-03-01 06:30:00,9.94,
2024-03-01 06:45:00,9.93,
2024-03-01 07:00:00,9.93,
2024-03-01 07:15:00,9.94,
2024-03-01 07:30:00,9.95,
2024-03-01 07:45:00,9.99,
2024-03-01 08:00:00,10.03,
2024-03-01 08:15:00,10.07,
2024-03-01 08:30:00,10.13,
2024-03-01 08:45:00,10.22,
2024-03-01 09:00:00,10.3,
2024-03-01 09:15:00,10.39,
2024-03-01 09:30:00,10.45,
2024-03-01 09:45:00,10.52,
2024-03-01 10:00:00,10.6,
2024-03-01 10:15:00,10.65,
2024-03-01 10:30:00,10.71,
2024-03-01 10:45:00,10.75,
2024-03-01 11:00:00,10.76,
2024-03-01 11:15:00,10.75,
2024-03-01 11:30:00,10.76,
2024-03-01 11:45:00,10.77,
2024-03-01 12:00:00,10.77,
2024-03-01 12:15:00,10.75,
2024-03-01 12:30:00,10.73,
2024-03-01 12:45:00,10.72,
2024-03-01 13:00:00,10.7,
2024-03-01 13:15:00,10.69,
2024-03-01 13:30:00,10.66,
2024-03-01 13:45:00,10.64,
2024-03-01 14:00:00,10.62,
2024-03-01 14:15:00,10.52,
2024-03-01 14:30:00,10.5,
2024-03-01 14:45:00,10.46,
2024-03-01 15:00:00,10.4,
2024-03-01 15:15:00,10.35,
2024-03-01 15:30:00,10.27,
2024-03-01 15:45:00,10.21,
2024-03-01 16:00:00,10.17,
2024-03-01 16:15:00,10.13,
2024-03-01 16:30:00,10.06,
2024-03-01 16:45:00,10.01,
2024-03-01 17:00:00,9.95,
2024-03-01 17:15:00,9.89,
2024-03-01 17:30:00,9.82,
2024-03-01 17:45:00,9.76,
2024-03-01 18:00:00,9.7,
2024-03-01 18:15:00,9.65,
2024-03-01 18:30:00,9.61,
2024-03-01 18:45:00,9.58,
2024-03-01 19:00:00,9.55,
2024-03-01 19:15:00,9.53,
2024-03-01 19:30:00,9.51,
2024-03-01 19:45:00,9.5,
2024-03-01 20:00:00,9.5,
2024-03-01 20:15:00,9.49,
2024-03-01 20:30:00,9.49,
2024-03-01 20:45:00,9.48,
2024-03-01 21:00:00,9.5,
2024-03-01 21:15:00,9.51,
2024-03-01 21:30:00,9.52,
2024-03-01 21:45:00,9.52,
2024-03-01 22:00:00,9.53,
2024-03-01 22:15:00,9.54,
2024-03-01 22:30:00,9.55,
2024-03-01 22:45:00,9.55,
2024-03-01 23:00:00,9.55,
2024-03-01 23:15:00,9.56,
2024-03-01 23:30:00,9.57,
2024-03-01 23:45:00,9.57,
2024-03-02 00:00:00,9.57,
2024-03-02 00:15:00,9.58,
2024-03-02 00:30:00,9.59,
2024-03-02 00:45:00,9.6,
2024-03-02 01:00:00,9.6,
2024-03-02 01:15:00,9.6,
2024-03-02 01:30:00,9.62,
2024-03-02 01:45:00,9.63,
2024-03-02 02:00:00,9.63,
2024-03-02 02:15:00,9.64,
2024-03-02 02:30:00,9.65,
2024-03-02 02:45:00,9.65,
2024-03-02 03:00:00,9.65,
2024-03-02 03:15:00,9.66,
2024-03-02 03:30:00,9.67,
2024-03-02 03:45:00,9.67,
2024-03-02 04:00:00,9.68,
2024-03-02 04:15:00,9.69,
2024-03-02 04:30:00,9.69,
2024-03-02 04:45:00,9.7,
2024-03-02 05:00:00,9.7,
2024-03-02 05:15:00,9.7,
2024-03-02 05:30:00,9.71,
2024-03-02 05:45:00,9.71,
2024-03-02 06:00:00,9.71,
2024-03-02 06:15:00,9.72,
2024-03-02 06:30:00,9.72,
2024-03-02 06:45:00,9.73,
2024-03-02 07:00:00,9.73,
2024-03-02 07:15:00,9.74,
2024-03-02 07:30:00,9.75,
2024-03-02 07:45:00,9.75,
2024-03-02 08:00:00,9.77,
2024-03-02 08:15:00,9.79,
2024-03-02 08:30:00,9.83,
2024-03-02 08:45:00,9.86,
2024-03-02 09:00:00,9.94,
2024-03-02 09:15:00,9.96,
2024-03-02 09:30:00,10.01,
2024-03-02 09:45:00,10.11,
2024-03-02 10:00:00,10.2,
2024-03-02 10:15:00,10.24,
2024-03-02 10:30:00,10.27,
2024-03-02 10:45:00,10.33,
2024-03-02 11:00:00,10.36,
2024-03-02 11:15:00,10.37,
2024-03-02 11:30:00,10.43,
2024-03-02 11:45:00,10.46,
2024-03-02 12:00:00,10.44,
2024-03-02 12:15:00,10.35,
2024-03-02 12:30:00,10.27,
2024-03-02 12:45:00,10.22,
2024-03-02 13:00:00,10.14,
2024-03-02 13:15:00,10.09,
2024-03-02 13:30:00,10.05,
2024-03-02 13:45:00,10.03,
2024-03-02 14:00:00,10.01,
2024-03-02 14:15:00,10.02,
2024-03-02 14:30:00,10.05,
2024-03-02 14:45:00,10.08,
2024-03-02 15:00:00,10.12,
2024-03-02 15:15:00,10.19,
2024-03-02 15:30:00,10.27,
2024-03-02 15:45:00,10.35,
2024-03-02 16:00:00,10.42,
2024-03-02 16:15:00,10.49,
2024-03-02 16:30:00,10.55,
2024-03-02 16:45:00,10.58,
2024-03-02 17:00:00,10.62,
2024-03-02 17:15:00,10.63,
2024-03-02 17:30:00,10.62,
2024-03-02 17:45:00,10.61,
2024-03-02 18:00:00,10.62,
2024-03-02 18:15:00,10.62,
2024-03-02 18:30:00,10.59,
2024-03-02 18:45:00,10.58,
2024-03-02 19:00:00,10.56,
2024-03-02 19:15:00,10.54,
2024-03-02 19:30:00,10.51,
2024-03-02 19:45:00,10.48,
2024-03-02 20:00:00,10.45,
2024-03-02 20:15:00,10.45,
2024-03-02 20:30:00,10.46,
2024-03-02 20:45:00,10.46,
2024-03-02 21:00:00,10.46,
2024-03-02 21:15:00,10.46,
2024-03-02 21:30:00,10.47,
2024-03-02 21:45:00,10.49,
2024-03-02 22:00:00,10.5,
2024-03-02 22:15:00,10.5,
2024-03-02 22:30:00,10.51,
2024-03-02 22:45:00,10.52,
2024-03-02 23:00:00,10.52,
2024-03-02 23:15:00,10.52,
2024-03-02 23:30:00,10.53,
2024-03-02 23:45:00,10.54,
2024-03-03 00:00:00,10.56,
2024-03-03 00:15:00,10.57,
2024-03-03 00:30:00,10.58,
2024-03-03 00:45:00,10.58,
2024-03-03 01:00:00,10.59,
2024-03-03 01:15:00,10.6,
2024-03-03 01:30:00,10.6,
2024-03-03 01:45:00,10.61,
2024-03-03 02:00:00,10.62,
2024-03-03 02:15:00,10.62,
2024-03-03 02:30:00,10.62,
2024-03-03 02:45:00,10.61,
2024-03-03 03:00:00,10.61,
2024-03-03 03:15:00,10.62,
2024-03-03 03:30:00,10.61,
2024-03-03 03:45:00,10.61,
2024-03-03 04:00:00,10.61,
2024-03-03 04:15:00,10.61,
2024-03-03 04:30:00,10.61,
2024-03-03 04:45:00,10.61,
2024-03-03 05:00:00,10.61,
2024-03-03 05:15:00,10.6,
2024-03-03 05:30:00,10.61,
2024-03-03 05:45:00,10.62,
2024-03-03 06:00:00,10.63,
2024-03-03 06:15:00,10.63,
2024-03-03 06:30:00,10.63,
2024-03-03 06:45:00,10.63,
2024-03-03 07:00:00,10.65,
2024-03-03 07:15:00,10.65,
2024-03-03 07:30:00,10.66,
2024-03-03 07:45:00,10.69,
2024-03-03 08:00:00,10.73,
2024-03-03 08:15:00,10.78,
2024-03-03 08:30:00,10.85,
2024-03-03 08:45:00,10.92,
2024-03-03 09:00:00,10.99,
2024-03-03 09:15:00,11.05,
2024-03-03 09:30:00,11.12,
2024-03-03 09:45:00,11.18,
2024-03-03 10:00:00,11.23,
2024-03-03 10:15:00,11.27,
2024-03-03 10:30:00,11.32,
2024-03-03 10:45:00,11.34,
2024-03-03 11:00:00,11.37,
2024-03-03 11:15:00,11.39,
2024-03-03 11:30:00,11.39,
2024-03-03 11:45:00,11.41,
2024-03-03 12:00:00,11.41,
2024-03-03 12:15:00,11.41,
2024-03-03 12:30:00,11.41,
2024-03-03 12:45:00,11.41,
2024-03-03 13:00:00,11.41,
2024-03-03 13:15:00,11.41,
2024-03-03 13:30:00,11.39,
2024-03-03 13:45:00,11.37,
2024-03-03 14:00:00,11.35,
2024-03-03 14:15:00,11.35,
2024-03-03 14:30:00,11.34,
2024-03-03 14:45:00,11.32,
2024-03-03 15:00:00,11.29,
2024-03-03 15:15:00,11.26,
2024-03-03 15:30:00,11.24,
2024-03-03 15:45:00,11.22,
2024-03-03 16:00:00,11.19,
2024-03-03 16:15:00,11.18,
2024-03-03 16:30:00,11.16,
2024-03-03 16:45:00,11.11,
2024-03-03 17:00:00,11.07,
2024-03-03 17:15:00,11.02,
2024-03-03 17:30:00,10.97,
2024-03-03 17:45:00,10.91,
2024-03-03 18:00:00,10.85,
2024-03-03 18:15:00,10.79,
2024-03-03 18:30:00,10.73,
2024-03-03 18:45:00,10.68,
2024-03-03 19:00:00,10.64,
2024-03-03 19:15:00,10.6,
2024-03-03 19:30:00,10.58,
2024-03-03 19:45:00,10.57,
2024-03-03 20:00:00,10.56,
2024-03-03 20:15:00,10.56,
2024-03-03 20:30:00,10.57,
2024-03-03 20:45:00,10.58,
2024-03-03 21:00:00,10.6,
2024-03-03 21:15:00,10.61,
2024-03-03 21:30:00,10.63,
2024-03-03 21:45:00,10.65,
2024-03-03 22:00:00,10.67,
2024-03-03 22:15:00,10.68,
2024-03-03 22:30:00,10.7,
2024-03-03 22:45:00,10.72,
2024-03-03 23:00:00,10.74,
2024-03-03 23:15:00,10.76,
2024-03-03 23:30:00,10.78,
2024-03-03 23:45:00,10.8,
2024-03-04 00:00:00,10.81,
2024-03-04 00:15:00,10.83,
2024-03-04 00:30:00,10.85,
2024-03-04 00:45:00,10.86,
2024-03-04 01:00:00,10.88,
2024-03-04 01:15:00,10.89,
2024-03-04 01:30:00,10.91,
2024-03-04 01:45:00,10.91,
2024-03-04 02:00:00,10.92,
2024-03-04 02:15:00,10.93,
2024-03-04 02:30:00,10.93,
2024-03-04 02:45:00,10.94,
2024-03-04 03:00:00,10.95,
2024-03-04 03:15:00,10.95,
2024-03-04 03:30:00,10.95,
2024-03-04 03:45:00,10.96,
2024-03-04 04:00:00,10.97,
2024-03-04 04:15:00,10.97,
2024-03-04 04:30:00,10.98,
2024-03-04 04:45:00,10.98,
2024-03-04 05:00:00,10.99,
2024-03-04 05:15:00,10.99,
2024-03-04 05:30:00,11.0,
2024-03-04 05:45:00,11.01,
2024-03-04 06:00:00,11.01,
2024-03-04 06:15:00,11.01,
2024-03-04 06:30:00,11.02,
2024-03-04 06:45:00,11.03,
2024-03-04 07:00:00,11.04,
2024-03-04 07:15:00,11.04,
2024-03-04 07:30:00,11.06,
2024-03-04 07:45:00,11.09,
2024-03-04 08:00:00,11.13,
2024-03-04 08:15:00,11.15,
2024-03-04 08:30:00,11.19,
2024-03-04 08:45:00,11.24,
2024-03-04 09:00:00,11.3,
2024-03-04 09:15:00,11.34,
2024-03-04 09:30:00,11.41,
2024-03-04 09:45:00,11.47,
2024-03-04 10:00:00,11.53,
2024-03-04 10:15:00,11.58,
2024-03-04 10:30:00,11.62,
2024-03-04 10:45:00,11.65,
2024-03-04 11:00:00,11.66,
2024-03-04 11:15:00,11.66,
2024-03-04 11:30:00,11.66,
2024-03-04 11:45:00,11.65,
2024-03-04 12:00:00,11.63,
2024-03-04 12:15:00,11.62,
2024-03-04 12:30:00,11.61,
2024-03-04 12:45:00,11.59,
2024-03-04 13:00:00,11.56,
2024-03-04 13:15:00,11.51,
2024-03-04 13:30:00,11.52,
2024-03-04 13:45:00,11.49,
2024-03-04 14:00:00,11.45,
2024-03-04 14:15:00,11.46,
2024-03-04 14:30:00,11.44,
2024-03-04 14:45:00,11.39,
2024-03-04 15:00:00,11.39,
2024-03-04 15:15:00,11.35,
2024-03-04 15:30:00,11.32,
2024-03-04 15:45:00,11.3,
2024-03-04 16:00:00,11.27,
2024-03-04 16:15:00,11.23,
2024-03-04 16:30:00,11.2,
2024-03-04 16:45:00,11.16,
2024-03-04 17:00:00,11.13,
2024-03-04 17:15:00,11.1,
2024-03-04 17:30:00,11.07,
2024-03-04 17:45:00,11.02,
2024-03-04 18:00:00,10.97,
2024-03-04 18:15:00,10.91,
2024-03-04 18:30:00,10.85,
2024-03-04 18:45:00,10.8,
2024-03-04 19:00:00,10.76,
2024-03-04 19:15:00,10.73,
2024-03-04 19:30:00,10.72,
2024-03-04 19:45:00,10.7,
2024-03-04 20:00:00,10.71,
2024-03-04 20:15:00,10.71,
2024-03-04 20:30:00,10.73,
2024-03-04 20:45:00,10.75,
2024-03-04 21:00:00,10.77,
2024-03-04 21:15:00,10.8,
2024-03-04 21:30:00,10.82,
2024-03-04 21:45:00,10.85,
2024-03-04 22:00:00,10.86,
2024-03-04 22:15:00,10.88,
2024-03-04 22:30:00,10.9,
2024-03-04 22:45:00,10.91,
2024-03-04 23:00:00,10.92,
2024-03-04 23:15:00,10.94,
2024-03-04 23:30:00,10.96,
2024-03-04 23:45:00,10.97,
2024-03-05 00:00:00,10.99,
2024-03-05 00:15:00,11.0,
2024-03-05 00:30:00,11.01,
2024-03-05 00:45:00,11.02,
2024-03-05 01:00:00,11.03,
2024-03-05 01:15:00,11.04,
2024-03-05 01:30:00,11.06,
2024-03-05 01:45:00,11.07,
2024-03-05 02:00:00,11.07,
2024-03-05 02:15:00,11.08,
2024-03-05 02:30:00,11.09,
2024-03-05 02:45:00,11.1,
2024-03-05 03:00:00,11.11,
2024-03-05 03:15:00,11.12,
2024-03-05 03:30:00,11.13,
2024-03-05 03:45:00,11.13,
2024-03-05 04:00:00,11.14,
2024-03-05 04:15:00,11.14,
2024-03-05 04:30:00,11.15,
2024-03-05 04:45:00,11.16,
2024-03-05 05:00:00,11.16,
2024-03-05 05:15:00,11.17,
2024-03-05 05:30:00,11.18,
2024-03-05 05:45:00,11.18,
2024-03-05 06:00:00,11.19,
2024-03-05 06:15:00,11.19,
2024-03-05 06:30:00,11.2,
2024-03-05 06:45:00,11.2,
2024-03-05 07:00:00,11.21,
2024-03-05 07:15:00,11.22,
2024-03-05 07:30:00,11.26,
2024-03-05 07:45:00,11.29,
2024-03-05 08:00:00,11.34,
2024-03-05 08:15:00,11.39,
2024-03-05 08:30:00,11.45,
2024-03-05 08:45:00,11.51,
2024-03-05 09:00:00,11.57,
2024-03-05 09:15:00,11.63,
2024-03-05 09:30:00,11.68,
2024-03-05 09:45:00,11.72,
2024-03-05 10:00:00,11.75,
2024-03-05 10:15:00,11.77,
2024-03-05 10:30:00,11.78,
2024-03-05 10:45:00,11.78,
2024-03-05 11:00:00,11.78,
2024-03-05 11:15:00,11.76,
2024-03-05 11:30:00,11.73,
2024-03-05 11:45:00,11.69,
2024-03-05 12:00:00,11.65,
2024-03-05 12:15:00,11.64,
2024-03-05 12:30:00,11.63,
2024-03-05 12:45:00,11.63,
2024-03-05 13:00:00,11.6,
2024-03-05 13:15:00,11.57,
2024-03-05 13:30:00,11.54,
2024-03-05 13:45:00,11.51,
2024-03-05 14:00:00,11.48,
2024-03-05 14:15:00,11.45,
2024-03-05 14:30:00,11.42,
2024-03-05 14:45:00,11.39,
2024-03-05 15:00:00,11.35,
2024-03-05 15:15:00,11.31,
2024-03-05 15:30:00,11.27,
2024-03-05 15:45:00,11.22,
2024-03-05 16:00:00,11.18,
2024-03-05 16:15:00,11.14,
2024-03-05 16:30:00,11.1,
2024-03-05 16:45:00,11.09,
2024-03-05 17:00:00,11.07,
2024-03-05 17:15:00,11.04,
2024-03-05 17:30:00,10.99,
2024-03-05 17:45:00,10.93,
2024-03-05 18:00:00,10.88,
2024-03-05 18:15:00,10.82,
2024-03-05 18:30:00,10.75,
2024-03-05 18:45:00,10.71,
2024-03-05 19:00:00,10.66,
2024-03-05 19:15:00,10.62,
2024-03-05 19:30:00,10.58,
2024-03-05 19:45:00,10.56,
2024-03-05 20:00:00,10.53,
2024-03-05 20:15:00,10.52,
2024-03-05 20:30:00,10.5,
2024-03-05 20:45:00,10.48,
2024-03-05 21:00:00,10.46,
2024-03-05 21:15:00,10.45,
2024-03-05 21:30:00,10.47,
2024-03-05 21:45:00,10.48,
2024-03-05 22:00:00,10.47,
2024-03-05 22:15:00,10.47,
2024-03-05 22:30:00,10.48,
2024-03-05 22:45:00,10.47,
2024-03-05 23:00:00,10.43,
2024-03-05 23:15:00,10.42,
2024-03-05 23:30:00,10.43,
2024-03-05 23:45:00,10.44,
2024-03-06 00:00:00,10.45,
2024-03-06 00:15:00,10.45,
2024-03-06 00:30:00,10.44,
2024-03-06 00:45:00,10.43,
2024-03-06 01:00:00,10.43,
2024-03-06 01:15:00,10.43,
2024-03-06 01:30:00,10.42,
2024-03-06 01:45:00,10.42,
2024-03-06 02:00:00,10.41,
2024-03-06 02:15:00,10.41,
2024-03-06 02:30:00,10.4,
2024-03-06 02:45:00,10.39,
2024-03-06 03:00:00,10.37,
2024-03-06 03:15:00,10.36,
2024-03-06 03:30:00,10.36,
2024-03-06 03:45:00,10.34,
2024-03-06 04:00:00,10.33,
2024-03-06 04:15:00,10.32,
2024-03-06 04:30:00,10.32,
2024-03-06 04:45:00,10.31,
2024-03-06 05:00:00,10.3,
2024-03-06 05:15:00,10.28,
2024-03-06 05:30:00,10.28,
2024-03-06 05:45:00,10.26,
2024-03-06 06:00:00,10.25,
2024-03-06 06:15:00,10.25,
2024-03-06 06:30:00,10.25,
2024-03-06 06:45:00,10.24,
2024-03-06 07:00:00,10.24,
2024-03-06 07:15:00,10.23,
2024-03-06 07:30:00,10.24,
2024-03-06 07:45:00,10.26,
2024-03-06 08:00:00,10.27,
2024-03-06 08:15:00,10.31,
2024-03-06 08:30:00,10.34,
2024-03-06 08:45:00,10.39,
2024-03-06 09:00:00,10.45,
2024-03-06 09:15:00,10.5,
2024-03-06 09:30:00,10.55,
2024-03-06 09:45:00,10.61,
2024-03-06 10:00:00,10.67,
2024-03-06 10:15:00,10.73,
2024-03-06 10:30:00,10.79,
2024-03-06 10:45:00,10.84,
2024-03-06 11:00:00,10.9,
2024-03-06 11:15:00,10.93,
2024-03-06 11:30:00,10.96,
2024-03-06 11:45:00,10.96,
2024-03-06 12:00:00,10.95,
2024-03-06 12:15:00,10.95,
2024-03-06 12:30:00,10.96,
2024-03-06 12:45:00,10.96,
2024-03-06 13:00:00,10.95,
2024-03-06 13:15:00,10.92,
2024-03-06 13:30:00,10.91,
2024-03-06 13:45:00,10.92,
2024-03-06 14:00:00,10.87,
2024-03-06 14:15:00,10.82,
2024-03-06 14:30:00,10.77,
2024-03-06 14:45:00,10.74,
2024-03-06 15:00:00,10.71,
2024-03-06 15:15:00,10.69,
2024-03-06 15:30:00,10.66,
2024-03-06 15:45:00,10.62,
2024-03-06 16:00:00,10.57,
2024-03-06 16:15:00,10.52,
2024-03-06 16:30:00,10.49,
2024-03-06 16:45:00,10.46,
2024-03-06 17:00:00,10.43,
2024-03-06 17:15:00,10.37,
2024-03-06 17:30:00,10.32,
2024-03-06 17:45:00,10.25,
2024-03-06 18:00:00,10.18,
2024-03-06 18:15:00,10.11,
2024-03-06 18:30:00,10.04,
2024-03-06 18:45:00,9.97,
2024-03-06 19:00:00,9.93,
2024-03-06 19:15:00,9.88,
2024-03-06 19:30:00,9.84,
2024-03-06 19:45:00,9.8,
2024-03-06 20:00:00,9.79,
2024-03-06 20:15:00,9.78,
2024-03-06 20:30:00,9.77,
2024-03-06 20:45:00,9.77,
2024-03-06 21:00:00,9.77,
2024-03-06 21:15:00,9.78,
2024-03-06 21:30:00,9.79,
2024-03-06 21:45:00,9.8,
2024-03-06 22:00:00,9.8,
2024-03-06 22:15:00,9.81,
2024-03-06 22:30:00,9.81,
2024-03-06 22:45:00,9.83,
2024-03-06 23:00:00,9.83,
2024-03-06 23:15:00,9.84,
2024-03-06 23:30:00,9.85,
2024-03-06 23:45:00,9.85,
2024-03-07 00:00:00,9.86,
2024-03-07 00:15:00,9.87,
2024-03-07 00:30:00,9.87,
2024-03-07 00:45:00,9.87,
2024-03-07 01:00:00,9.89,
2024-03-07 01:15:00,9.89,
2024-03-07 01:30:00,9.89,
2024-03-07 01:45:00,9.9,
2024-03-07 02:00:00,9.9,
2024-03-07 02:15:00,9.9,
2024-03-07 02:30:00,9.91,
2024-03-07 02:45:00,9.91,
2024-03-07 03:00:00,9.92,
2024-03-07 03:15:00,9.91,
2024-03-07 03:30:00,9.91,
2024-03-07 03:45:00,9.92,
2024-03-07 04:00:00,9.93,
2024-03-07 04:15:00,9.94,
2024-03-07 04:30:00,9.95,
2024-03-07 04:45:00,9.95,
2024-03-07 05:00:00,9.95,
2024-03-07 05:15:00,9.96,
2024-03-07 05:30:00,9.97,
2024-03-07 05:45:00,9.98,
2024-03-07 06:00:00,9.99,
2024-03-07 06:15:00,9.99,
2024-03-07 06:30:00,10.0,
2024-03-07 06:45:00,10.02,
2024-03-07 07:00:00,10.03,
2024-03-07 07:15:00,10.06,
2024-03-07 07:30:00,10.08,
2024-03-07 07:45:00,10.12,
2024-03-07 08:00:00,10.16,
2024-03-07 08:15:00,10.22,
2024-03-07 08:30:00,10.29,
2024-03-07 08:45:00,10.36,
2024-03-07 09:00:00,10.41,
2024-03-07 09:15:00,10.49,
2024-03-07 09:30:00,10.57,
2024-03-07 09:45:00,10.67,
2024-03-07 10:00:00,10.73,
2024-03-07 10:15:00,10.78,
2024-03-07 10:30:00,10.72,
2024-03-07 10:45:00,10.84,
2024-03-07 11:00:00,10.89,
2024-03-07 11:15:00,10.94,
2024-03-07 11:30:00,10.95,
2024-03-07 11:45:00,10.96,
2024-03-07 12:00:00,11.02,
2024-03-07 12:15:00,11.03,
2024-03-07 12:30:00,11.02,
2024-03-07 12:45:00,11.02,
2024-03-07 13:00:00,11.0,
2024-03-07 13:15:00,10.96,
2024-03-07 13:30:00,10.95,
2024-03-07 13:45:00,10.96,
2024-03-07 14:00:00,10.9,
2024-03-07 14:15:00,10.9,
2024-03-07 14:30:00,10.89,
2024-03-07 14:45:00,10.87,
2024-03-07 15:00:00,10.84,
2024-03-07 15:15:00,10.81,
2024-03-07 15:30:00,10.78,
2024-03-07 15:45:00,10.76,
2024-03-07 16:00:00,10.71,
2024-03-07 16:15:00,10.67,
2024-03-07 16:30:00,10.64,
2024-03-07 16:45:00,10.61,
2024-03-07 17:00:00,10.57,
2024-03-07 17:15:00,10.52,
2024-03-07 17:30:00,10.46,
2024-03-07 17:45:00,10.42,
2024-03-07 18:00:00,10.36,
2024-03-07 18:15:00,10.29,
2024-03-07 18:30:00,10.23,
2024-03-07 18:45:00,10.17,
2024-03-07 19:00:00,10.13,
2024-03-07 19:15:00,10.09,
2024-03-07 19:30:00,10.06,
2024-03-07 19:45:00,10.05,
2024-03-07 20:00:00,10.04,
2024-03-07 20:15:00,10.03,
2024-03-07 20:30:00,10.04,
2024-03-07 20:45:00,10.03,
2024-03-07 21:00:00,10.05,
2024-03-07 21:15:00,10.05,
2024-03-07 21:30:00,10.07,
2024-03-07 21:45:00,10.07,
2024-03-07 22:00:00,10.08,
2024-03-07 22:15:00,10.09,
2024-03-07 22:30:00,10.09,
2024-03-07 22:45:00,10.1,
2024-03-07 23:00:00,10.11,
2024-03-07 23:15:00,10.13,
2024-03-07 23:30:00,10.14,
2024-03-07 23:45:00,10.15,
2024-03-08 00:00:00,10.16,
2024-03-08 00:15:00,10.18,
2024-03-08 00:30:00,10.19,
2024-03-08 00:45:00,10.2,
2024-03-08 01:00:00,10.22,
2024-03-08 01:15:00,10.23,
2024-03-08 01:30:00,10.25,
2024-03-08 01:45:00,10.26,
2024-03-08 02:00:00,10.28,
2024-03-08 02:15:00,10.28,
2024-03-08 02:30:00,10.3,
2024-03-08 02:45:00,10.31,
2024-03-08 03:00:00,10.31,
2024-03-08 03:15:00,10.31,
2024-03-08 03:30:00,10.32,
2024-03-08 03:45:00,10.33,
2024-03-08 04:00:00,10.34,
2024-03-08 04:15:00,10.36,
2024-03-08 04:30:00,10.36,
2024-03-08 04:45:00,10.38,
2024-03-08 05:00:00,10.39,
2024-03-08 05:15:00,10.4,
2024-03-08 05:30:00,10.41,
2024-03-08 05:45:00,10.43,
2024-03-08 06:00:00,10.43,
2024-03-08 06:15:00,10.45,
2024-03-08 06:30:00,10.46,
2024-03-08 06:45:00,10.47,
2024-03-08 07:00:00,10.5,
2024-03-08 07:15:00,10.52,
2024-03-08 07:30:00,10.57,
2024-03-08 07:45:00,10.62,
2024-03-08 08:00:00,10.67,
2024-03-08 08:15:00,10.74,
2024-03-08 08:30:00,10.83,
2024-03-08 08:45:00,10.9,
2024-03-08 09:00:00,10.96,
2024-03-08 09:15:00,11.01,
2024-03-08 09:30:00,11.09,
2024-03-08 09:45:00,11.15,
2024-03-08 10:00:00,11.23,
2024-03-08 10:15:00,11.23,
2024-03-08 10:30:00,11.3,
2024-03-08 10:45:00,11.31,
2024-03-08 11:00:00,11.3,
2024-03-08 11:15:00,11.33,
2024-03-08 11:30:00,11.34,
2024-03-08 11:45:00,11.36,
2024-03-08 12:00:00,11.31,
2024-03-08 12:15:00,11.33,
2024-03-08 12:30:00,11.32,
2024-03-08 12:45:00,11.3,
2024-03-08 13:00:00,11.28,
2024-03-08 13:15:00,11.26,
2024-03-08 13:30:00,11.22,
2024-03-08 13:45:00,11.16,
2024-03-08 14:00:00,11.16,
2024-03-08 14:15:00,11.12,
2024-03-08 14:30:00,11.08,
2024-03-08 14:45:00,11.04,
2024-03-08 15:00:00,11.02,
2024-03-08 15:15:00,10.99,
2024-03-08 15:30:00,10.98,
2024-03-08 15:45:00,10.95,
2024-03-08 16:00:00,10.91,
2024-03-08 16:15:00,10.87,
2024-03-08 16:30:00,10.84,
2024-03-08 16:45:00,10.78,
2024-03-08 17:00:00,10.73,
2024-03-08 17:15:00,10.66,
2024-03-08 17:30:00,10.61,
2024-03-08 17:45:00,10.56,
2024-03-08 18:00:00,10.51,
2024-03-08 18:15:00,10.44,
2024-03-08 18:30:00,10.38,
2024-03-08 18:45:00,10.32,
2024-03-08 19:00:00,10.29,
2024-03-08 19:15:00,10.26,
2024-03-08 19:30:00,10.24,
2024-03-08 19:45:00,10.22,
2024-03-08 20:00:00,10.21,
2024-03-08 20:15:00,10.21,
2024-03-08 20:30:00,10.21,
2024-03-08 20:45:00,10.23,
2024-03-08 21:00:00,10.24,
2024-03-08 21:15:00,10.26,
2024-03-08 21:30:00,10.27,
2024-03-08 21:45:00,10.29,
2024-03-08 22:00:00,10.3,
2024-03-08 22:15:00,10.32,
2024-03-08 22:30:00,10.33,
2024-03-08 22:45:00,10.34,
2024-03-08 23:00:00,10.35,
2024-03-08 23:15:00,10.36,
2024-03-08 23:30:00,10.37,
2024-03-08 23:45:00,10.38,
2024-03-09 00:00:00,10.39,
2024-03-09 00:15:00,10.41,
2024-03-09 00:30:00,10.42,
2024-03-09 00:45:00,10.44,
2024-03-09 01:00:00,10.45,
2024-03-09 01:15:00,10.47,
2024-03-09 01:30:00,10.49,
2024-03-09 01:45:00,10.5,
2024-03-09 02:00:00,10.52,
2024-03-09 02:15:00,10.53,
2024-03-09 02:30:00,10.55,
2024-03-09 02:45:00,10.56,
2024-03-09 03:00:00,10.58,
2024-03-09 03:15:00,10.59,
2024-03-09 03:30:00,10.61,
2024-03-09 03:45:00,10.62,
2024-03-09 04:00:00,10.63,
2024-03-09 04:15:00,10.65,
2024-03-09 04:30:00,10.66,
2024-03-09 04:45:00,10.67,
2024-03-09 05:00:00,10.69,
2024-03-09 05:15:00,10.71,
2024-03-09 05:30:00,10.72,
2024-03-09 05:45:00,10.74,
2024-03-09 06:00:00,10.75,
2024-03-09 06:15:00,10.77,
2024-03-09 06:30:00,10.78,
2024-03-09 06:45:00,10.8,
2024-03-09 07:00:00,10.82,
2024-03-09 07:15:00,10.85,
2024-03-09 07:30:00,10.89,
2024-03-09 07:45:00,10.95,
2024-03-09 08:00:00,11.01,
2024-03-09 08:15:00,11.08,
2024-03-09 08:30:00,11.14,
2024-03-09 08:45:00,11.21,
2024-03-09 09:00:00,11.28,
2024-03-09 09:15:00,11.34,
2024-03-09 09:30:00,11.4,
2024-03-09 09:45:00,11.45,
2024-03-09 10:00:00,11.49,
2024-03-09 10:15:00,11.52,
2024-03-09 10:30:00,11.54,
2024-03-09 10:45:00,11.55,
2024-03-09 11:00:00,11.56,
2024-03-09 11:15:00,11.57,
2024-03-09 11:30:00,11.56,
2024-03-09 11:45:00,11.54,
2024-03-09 12:00:00,11.52,
2024-03-09 12:15:00,11.49,
2024-03-09 12:30:00,11.45,
2024-03-09 12:45:00,11.41,
2024-03-09 13:00:00,11.36,
2024-03-09 13:15:00,11.32,
2024-03-09 13:30:00,11.26,
2024-03-09 13:45:00,11.23,
2024-03-09 14:00:00,11.18,
2024-03-09 14:15:00,11.13,
2024-03-09 14:30:00,11.07,
2024-03-09 14:45:00,11.02,
2024-03-09 15:00:00,10.97,
2024-03-09 15:15:00,10.92,
2024-03-09 15:30:00,10.88,
2024-03-09 15:45:00,10.83,
2024-03-09 16:00:00,10.78,
2024-03-09 16:15:00,10.74,
2024-03-09 16:30:00,10.7,
2024-03-09 16:45:00,10.65,
2024-03-09 17:00:00,10.6,
2024-03-09 17:15:00,10.54,
2024-03-09 17:30:00,10.49,
2024-03-09 17:45:00,10.45,
2024-03-09 18:00:00,10.41,
2024-03-09 18:15:00,10.35,
2024-03-09 18:30:00,10.31,
2024-03-09 18:45:00,10.26,
2024-03-09 19:00:00,10.22,
2024-03-09 19:15:00,10.18,
2024-03-09 19:30:00,10.16,
2024-03-09 19:45:00,10.14,
2024-03-09 20:00:00,10.13,
2024-03-09 20:15:00,10.14,
2024-03-09 20:30:00,10.14,
2024-03-09 20:45:00,10.15,
2024-03-09 21:00:00,10.17,
2024-03-09 21:15:00,10.18,
2024-03-09 21:30:00,10.19,
2024-03-09 21:45:00,10.21,
2024-03-09 22:00:00,10.23,
2024-03-09 22:15:00,10.24,
2024-03-09 22:30:00,10.25,
2024-03-09 22:45:00,10.26,
2024-03-09 23:00:00,10.28,
2024-03-09 23:15:00,10.28,
2024-03-09 23:30:00,10.3,
2024-03-09 23:45:00,10.31,
2024-03-10 00:00:00,10.32,
2024-03-10 00:15:00,10.34,
2024-03-10 00:30:00,10.36,
2024-03-10 00:45:00,10.36,
2024-03-10 01:00:00,10.39,
2024-03-10 01:15:00,10.41,
2024-03-10 01:30:00,10.41,
2024-03-10 01:45:00,10.43,
2024-03-10 02:00:00,10.45,
2024-03-10 02:15:00,10.46,
2024-03-10 02:30:00,10.47,
2024-03-10 02:45:00,10.47,
2024-03-10 03:00:00,10.48,
2024-03-10 03:15:00,10.51,
2024-03-10 03:30:00,10.51,
2024-03-10 03:45:00,10.53,
2024-03-10 04:00:00,10.54,
2024-03-10 04:15:00,10.55,
2024-03-10 04:30:00,10.54,
2024-03-10 04:45:00,10.55,
2024-03-10 05:00:00,10.57,
2024-03-10 05:15:00,10.58,
2024-03-10 05:30:00,10.59,
2024-03-10 05:45:00,10.6,
2024-03-10 06:00:00,10.61,
2024-03-10 06:15:00,10.62,
2024-03-10 06:30:00,10.62,
2024-03-10 06:45:00,10.63,
2024-03-10 07:00:00,10.65,
2024-03-10 07:15:00,10.68,
2024-03-10 07:30:00,10.72,
2024-03-10 07:45:00,10.77,
2024-03-10 08:00:00,10.82,
2024-03-10 08:15:00,10.89,
2024-03-10 08:30:00,10.97,
2024-03-10 08:45:00,11.03,
2024-03-10 09:00:00,11.09,
2024-03-10 09:15:00,11.15,
2024-03-10 09:30:00,11.19,
2024-03-10 09:45:00,11.23,
2024-03-10 10:00:00,11.26,
2024-03-10 10:15:00,11.29,
2024-03-10 10:30:00,11.3,
2024-03-10 10:45:00,11.33,
2024-03-10 11:00:00,11.32,
2024-03-10 11:15:00,11.33,
2024-03-10 11:30:00,11.31,
2024-03-10 11:45:00,11.31,
2024-03-10 12:00:00,11.3,
2024-03-10 12:15:00,11.3,
2024-03-10 12:30:00,11.29,
2024-03-10 12:45:00,11.25,
2024-03-10 13:00:00,11.22,
2024-03-10 13:15:00,11.18,
2024-03-10 13:30:00,11.15,
2024-03-10 13:45:00,11.11,
2024-03-10 14:00:00,11.05,
2024-03-10 14:15:00,10.99,
2024-03-10 14:30:00,10.94,
2024-03-10 14:45:00,10.9,
2024-03-10 15:00:00,10.84,
2024-03-10 15:15:00,10.79,
2024-03-10 15:30:00,10.74,
2024-03-10 15:45:00,10.67,
2024-03-10 16:00:00,10.64,
2024-03-10 16:15:00,10.6,
2024-03-10 16:30:00,10.56,
2024-03-10 16:45:00,10.52,
2024-03-10 17:00:00,10.46,
2024-03-10 17:15:00,10.41,
2024-03-10 17:30:00,10.35,
2024-03-10 17:45:00,10.28,
2024-03-10 18:00:00,10.2,
2024-03-10 18:15:00,10.12,
2024-03-10 18:30:00,10.06,
2024-03-10 18:45:00,9.98,
2024-03-10 19:00:00,9.92,
2024-03-10 19:15:00,9.88,
2024-03-10 19:30:00,9.84,
2024-03-10 19:45:00,9.8,
2024-03-10 20:00:00,9.79,
2024-03-10 20:15:00,9.78,
2024-03-10 20:30:00,9.78,
2024-03-10 20:45:00,9.78,
2024-03-10 21:00:00,9.79,
2024-03-10 21:15:00,9.8,
2024-03-10 21:30:00,9.81,
2024-03-10 21:45:00,9.82,
2024-03-10 22:00:00,9.83,
2024-03-10 22:15:00,9.84,
2024-03-10 22:30:00,9.85,
2024-03-10 22:45:00,9.86,
2024-03-10 23:00:00,9.87,
2024-03-10 23:15:00,9.88,
2024-03-10 23:30:00,9.89,
2024-03-10 23:45:00,9.9,
2024-03-11 00:00:00,9.91,
2024-03-11 00:15:00,9.93,
2024-03-11 00:30:00,9.94,
2024-03-11 00:45:00,9.95,
2024-03-11 01:00:00,9.95,
2024-03-11 01:15:00,9.96,
2024-03-11 01:30:00,9.97,
2024-03-11 01:45:00,9.98,
2024-03-11 02:00:00,9.98,
2024-03-11 02:15:00,10.0,
2024-03-11 02:30:00,9.99,
2024-03-11 02:45:00,10.0,
2024-03-11 03:00:00,10.01,
2024-03-11 03:15:00,10.01,
2024-03-11 03:30:00,10.02,
2024-03-11 03:45:00,10.02,
2024-03-11 04:00:00,10.02,
2024-03-11 04:15:00,10.03,
2024-03-11 04:30:00,10.03,
2024-03-11 04:45:00,10.04,
2024-03-11 05:00:00,10.04,
2024-03-11 05:15:00,10.04,
2024-03-11 05:30:00,10.05,
2024-03-11 05:45:00,10.06,
2024-03-11 06:00:00,10.05,
2024-03-11 06:15:00,10.07,
2024-03-11 06:30:00,10.08,
2024-03-11 06:45:00,10.08,
2024-03-11 07:00:00,10.11,
2024-03-11 07:15:00,10.14,
2024-03-11 07:30:00,10.17,
2024-03-11 07:45:00,10.22,
2024-03-11 08:00:00,10.28,
2024-03-11 08:15:00,10.38,
2024-03-11 08:30:00,10.43,
2024-03-11 08:45:00,10.46,
2024-03-11 09:00:00,10.53,
2024-03-11 09:15:00,10.6,
2024-03-11 09:30:00,10.66,
2024-03-11 09:45:00,10.72,
2024-03-11 10:00:00,10.79,
2024-03-11 10:15:00,10.84,
2024-03-11 10:30:00,10.87,
2024-03-11 10:45:00,10.9,
2024-03-11 11:00:00,10.91,
2024-03-11 11:15:00,10.91,
2024-03-11 11:30:00,10.91,
2024-03-11 11:45:00,10.91,
2024-03-11 12:00:00,10.88,
2024-03-11 12:15:00,10.86,
2024-03-11 12:30:00,10.88,
2024-03-11 12:45:00,10.85,
2024-03-11 13:00:00,10.8,
2024-03-11 13:15:00,10.82,
2024-03-11 13:30:00,10.81,
2024-03-11 13:45:00,10.78,
2024-03-11 14:00:00,10.73,
2024-03-11 14:15:00,10.64,
2024-03-11 14:30:00,10.58,
2024-03-11 14:45:00,10.52,
2024-03-11 15:00:00,10.44,
2024-03-11 15:15:00,10.45,
2024-03-11 15:30:00,10.42,
2024-03-11 15:45:00,10.39,
2024-03-11 16:00:00,10.39,
2024-03-11 16:15:00,10.38,
2024-03-11 16:30:00,10.28,
2024-03-11 16:45:00,10.2,
2024-03-11 17:00:00,10.13,
2024-03-11 17:15:00,10.09,
2024-03-11 17:30:00,10.08,
2024-03-11 17:45:00,10.01,
2024-03-11 18:00:00,9.96,
2024-03-11 18:15:00,9.92,
2024-03-11 18:30:00,9.82,
2024-03-11 18:45:00,9.75,
2024-03-11 19:00:00,9.72,
2024-03-11 19:15:00,9.71,
2024-03-11 19:30:00,9.72,
2024-03-11 19:45:00,9.73,
2024-03-11 20:00:00,9.74,
2024-03-11 20:15:00,9.74,
2024-03-11 20:30:00,9.75,
2024-03-11 20:45:00,9.75,
2024-03-11 21:00:00,9.76,
2024-03-11 21:15:00,9.78,
2024-03-11 21:30:00,9.8,
2024-03-11 21:45:00,9.81,
2024-03-11 22:00:00,9.83,
2024-03-11 22:15:00,9.84,
2024-03-11 22:30:00,9.85,
2024-03-11 22:45:00,9.87,
2024-03-11 23:00:00,9.88,
2024-03-11 23:15:00,9.88,
2024-03-11 23:30:00,9.9,
2024-03-11 23:45:00,9.91,
2024-03-12 00:00:00,9.91,
2024-03-12 00:15:00,9.92,
2024-03-12 00:30:00,9.93,
2024-03-12 00:45:00,9.94,
2024-03-12 01:00:00,9.95,
2024-03-12 01:15:00,9.96,
2024-03-12 01:30:00,9.97,
2024-03-12 01:45:00,9.98,
2024-03-12 02:00:00,9.99,
2024-03-12 02:15:00,9.99,
2024-03-12 02:30:00,10.0,
2024-03-12 02:45:00,10.01,
2024-03-12 03:00:00,10.02,
2024-03-12 03:15:00,10.03,
2024-03-12 03:30:00,10.03,
2024-03-12 03:45:00,10.04,
2024-03-12 04:00:00,10.05,
2024-03-12 04:15:00,10.05,
2024-03-12 04:30:00,10.05,
2024-03-12 04:45:00,10.05,
2024-03-12 05:00:00,10.06,
2024-03-12 05:15:00,10.06,
2024-03-12 05:30:00,10.07,
2024-03-12 05:45:00,10.06,
2024-03-12 06:00:00,10.06,
2024-03-12 06:15:00,10.06,
2024-03-12 06:30:00,10.06,
2024-03-12 06:45:00,10.06,
2024-03-12 07:00:00,10.06,
2024-03-12 07:15:00,10.07,
2024-03-12 07:30:00,10.1,
2024-03-12 07:45:00,10.13,
2024-03-12 08:00:00,10.17,
2024-03-12 08:15:00,10.21,
2024-03-12 08:30:00,10.27,
2024-03-12 08:45:00,10.34,
2024-03-12 09:00:00,10.4,
2024-03-12 09:15:00,10.48,
2024-03-12 09:30:00,10.57,
2024-03-12 09:45:00,10.62,
2024-03-12 10:00:00,10.64,
2024-03-12 10:15:00,10.64,
2024-03-12 10:30:00,10.64,
2024-03-12 10:45:00,10.61,
2024-03-12 11:00:00,10.61,
2024-03-12 11:15:00,10.61,
2024-03-12 11:30:00,10.61,
2024-03-12 11:45:00,10.65,
2024-03-12 12:00:00,10.66,
2024-03-12 12:15:00,10.65,
2024-03-12 12:30:00,10.65,
2024-03-12 12:45:00,10.66,
2024-03-12 13:00:00,10.65,
2024-03-12 13:15:00,10.64,
2024-03-12 13:30:00,10.61,
2024-03-12 13:45:00,10.59,
2024-03-12 14:00:00,10.56,
2024-03-12 14:15:00,10.56,
2024-03-12 14:30:00,10.59,
2024-03-12 14:45:00,10.6,
2024-03-12 15:00:00,10.6,
2024-03-12 15:15:00,10.6,
2024-03-12 15:30:00,10.59,
2024-03-12 15:45:00,10.6,
2024-03-12 16:00:00,10.63,
2024-03-12 16:15:00,10.62,
2024-03-12 16:30:00,10.59,
2024-03-12 16:45:00,10.54,
2024-03-12 17:00:00,10.48,
2024-03-12 17:15:00,10.4,
2024-03-12 17:30:00,10.33,
2024-03-12 17:45:00,10.26,
2024-03-12 18:00:00,10.2,
2024-03-12 18:15:00,10.14,
2024-03-12 18:30:00,10.08,
2024-03-12 18:45:00,10.03,
2024-03-12 19:00:00,9.99,
2024-03-12 19:15:00,9.95,
2024-03-12 19:30:00,9.92,
2024-03-12 19:45:00,9.9,
2024-03-12 20:00:00,9.88,
2024-03-12 20:15:00,9.89,
2024-03-12 20:30:00,9.88,
2024-03-12 20:45:00,9.89,
2024-03-12 21:00:00,9.9,
2024-03-12 21:15:00,9.89,
2024-03-12 21:30:00,9.9,
2024-03-12 21:45:00,9.9,
2024-03-12 22:00:00,9.91,
2024-03-12 22:15:00,9.92,
2024-03-12 22:30:00,9.93,
2024-03-12 22:45:00,9.94,
2024-03-12 23:00:00,9.95,
2024-03-12 23:15:00,9.96,
2024-03-12 23:30:00,9.96,
2024-03-12 23:45:00,9.98,
2024-03-13 00:00:00,9.99,
2024-03-13 00:15:00,10.01,
2024-03-13 00:30:00,10.02,
2024-03-13 00:45:00,10.04,
2024-03-13 01:00:00,10.06,
2024-03-13 01:15:00,10.07,
2024-03-13 01:30:00,10.09,
2024-03-13 01:45:00,10.09,
2024-03-13 02:00:00,10.1,
2024-03-13 02:15:00,10.11,
2024-03-13 02:30:00,10.13,
2024-03-13 02:45:00,10.13,
2024-03-13 03:00:00,10.14,
2024-03-13 03:15:00,10.15,
2024-03-13 03:30:00,10.15,
2024-03-13 03:45:00,10.15,
2024-03-13 04:00:00,10.16,
2024-03-13 04:15:00,10.17,
2024-03-13 04:30:00,10.16,
2024-03-13 04:45:00,10.17,
2024-03-13 05:00:00,10.17,
2024-03-13 05:15:00,10.17,
2024-03-13 05:30:00,10.18,
2024-03-13 05:45:00,10.17,
2024-03-13 06:00:00,10.17,
2024-03-13 06:15:00,10.17,
2024-03-13 06:30:00,10.17,
2024-03-13 06:45:00,10.17,
2024-03-13 07:00:00,10.18,
2024-03-13 07:15:00,10.2,
2024-03-13 07:30:00,10.24,
2024-03-13 07:45:00,10.28,
2024-03-13 08:00:00,10.34,
2024-03-13 08:15:00,10.39,
2024-03-13 08:30:00,10.46,
2024-03-13 08:45:00,10.54,
2024-03-13 09:00:00,10.61,
2024-03-13 09:15:00,10.66,
2024-03-13 09:30:00,10.72,
2024-03-13 09:45:00,10.7,
2024-03-13 10:00:00,10.79,
2024-03-13 10:15:00,10.77,
2024-03-13 10:30:00,10.82,
2024-03-13 10:45:00,10.87,
2024-03-13 11:00:00,10.89,
2024-03-13 11:15:00,10.91,
2024-03-13 11:30:00,10.95,
2024-03-13 11:45:00,10.95,
2024-03-13 12:00:00,10.96,
2024-03-13 12:15:00,10.92,
2024-03-13 12:30:00,10.86,
2024-03-13 12:45:00,10.83,
2024-03-13 13:00:00,10.83,
2024-03-13 13:15:00,10.84,
2024-03-13 13:30:00,10.82,
2024-03-13 13:45:00,10.79,
2024-03-13 14:00:00,10.82,
2024-03-13 14:15:00,10.82,
2024-03-13 14:30:00,10.82,
2024-03-13 14:45:00,10.82,
2024-03-13 15:00:00,10.83,
2024-03-13 15:15:00,10.85,
2024-03-13 15:30:00,10.85,
2024-03-13 15:45:00,10.88,
2024-03-13 16:00:00,10.86,
2024-03-13 16:15:00,10.84,
2024-03-13 16:30:00,10.8,
2024-03-13 16:45:00,10.76,
2024-03-13 17:00:00,10.72,
2024-03-13 17:15:00,10.67,
2024-03-13 17:30:00,10.61,
2024-03-13 17:45:00,10.55,
2024-03-13 18:00:00,10.5,
2024-03-13 18:15:00,10.44,
2024-03-13 18:30:00,10.39,
2024-03-13 18:45:00,10.33,
2024-03-13 19:00:00,10.27,
2024-03-13 19:15:00,10.24,
2024-03-13 19:30:00,10.21,
2024-03-13 19:45:00,10.17,
2024-03-13 20:00:00,10.16,
2024-03-13 20:15:00,10.14,
2024-03-13 20:30:00,10.14,
2024-03-13 20:45:00,10.14,
2024-03-13 21:00:00,10.15,
2024-03-13 21:15:00,10.15,
2024-03-13 21:30:00,10.17,
2024-03-13 21:45:00,10.18,
2024-03-13 22:00:00,10.19,
2024-03-13 22:15:00,10.2,
2024-03-13 22:30:00,10.22,
2024-03-13 22:45:00,10.22,
2024-03-13 23:00:00,10.22,
2024-03-13 23:15:00,10.24,
2024-03-13 23:30:00,10.26,
2024-03-13 23:45:00,10.26,
2024-03-14 00:00:00,10.26,
2024-03-14 00:15:00,10.27,
2024-03-14 00:30:00,10.28,
2024-03-14 00:45:00,10.29,
2024-03-14 01:00:00,10.29,
2024-03-14 01:15:00,10.3,
2024-03-14 01:30:00,10.3,
2024-03-14 01:45:00,10.31,
2024-03-14 02:00:00,10.32,
2024-03-14 02:15:00,10.33,
2024-03-14 02:30:00,10.32,
2024-03-14 02:45:00,10.34,
2024-03-14 03:00:00,10.35,
2024-03-14 03:15:00,10.35,
2024-03-14 03:30:00,10.36,
2024-03-14 03:45:00,10.37,
2024-03-14 04:00:00,10.37,
2024-03-14 04:15:00,10.39,
2024-03-14 04:30:00,10.4,
2024-03-14 04:45:00,10.4,
2024-03-14 05:00:00,10.41,
2024-03-14 05:15:00,10.42,
2024-03-14 05:30:00,10.42,
2024-03-14 05:45:00,10.43,
2024-03-14 06:00:00,10.44,
2024-03-14 06:15:00,10.44,
2024-03-14 06:30:00,10.45,
2024-03-14 06:45:00,10.46,
2024-03-14 07:00:00,10.48,
2024-03-14 07:15:00,10.51,
2024-03-14 07:30:00,10.57,
2024-03-14 07:45:00,10.61,
2024-03-14 08:00:00,10.67,
2024-03-14 08:15:00,10.75,
2024-03-14 08:30:00,10.8,
2024-03-14 08:45:00,10.85,
2024-03-14 09:00:00,10.9,
2024-03-14 09:15:00,10.96,
2024-03-14 09:30:00,10.99,
2024-03-14 09:45:00,11.04,
2024-03-14 10:00:00,11.07,
2024-03-14 10:15:00,11.1,
2024-03-14 10:30:00,11.11,
2024-03-14 10:45:00,11.12,
2024-03-14 11:00:00,11.12,
2024-03-14 11:15:00,11.12,
2024-03-14 11:30:00,11.12,
2024-03-14 11:45:00,11.14,
2024-03-14 12:00:00,11.14,
2024-03-14 12:15:00,11.15,
2024-03-14 12:30:00,11.14,
2024-03-14 12:45:00,11.15,
2024-03-14 13:00:00,11.16,
2024-03-14 13:15:00,11.16,
2024-03-14 13:30:00,11.12,
2024-03-14 13:45:00,11.1,
2024-03-14 14:00:00,11.08,
2024-03-14 14:15:00,11.06,
2024-03-14 14:30:00,11.03,
2024-03-14 14:45:00,11.02,
2024-03-14 15:00:00,11.02,
2024-03-14 15:15:00,10.99,
2024-03-14 15:30:00,10.96,
2024-03-14 15:45:00,10.93,
2024-03-14 16:00:00,10.9,
2024-03-14 16:15:00,10.86,
2024-03-14 16:30:00,10.82,
2024-03-14 16:45:00,10.75,
2024-03-14 17:00:00,10.73,
2024-03-14 17:15:00,10.69,
2024-03-14 17:30:00,10.64,
2024-03-14 17:45:00,10.58,
2024-03-14 18:00:00,10.52,
2024-03-14 18:15:00,10.44,
2024-03-14 18:30:00,10.38,
2024-03-14 18:45:00,10.3,
2024-03-14 19:00:00,10.25,
2024-03-14 19:15:00,10.2,
2024-03-14 19:30:00,10.15,
2024-03-14 19:45:00,10.11,
2024-03-14 20:00:00,10.09,
2024-03-14 20:15:00,10.09,
2024-03-14 20:30:00,10.08,
2024-03-14 20:45:00,10.08,
2024-03-14 21:00:00,10.09,
2024-03-14 21:15:00,10.08,
2024-03-14 21:30:00,10.09,
2024-03-14 21:45:00,10.1,
2024-03-14 22:00:00,10.1,
2024-03-14 22:15:00,10.11,
2024-03-14 22:30:00,10.13,
2024-03-14 22:45:00,10.13,
2024-03-14 23:00:00,10.14,
2024-03-14 23:15:00,10.14,
2024-03-14 23:30:00,10.14,
2024-03-14 23:45:00,10.15,
2024-03-15 00:00:00,10.16,
2024-03-15 00:15:00,10.16,
2024-03-15 00:30:00,10.17,
2024-03-15 00:45:00,10.17,
2024-03-15 01:00:00,10.18,
2024-03-15 01:15:00,10.2,
2024-03-15 01:30:00,10.19,
2024-03-15 01:45:00,10.22,
2024-03-15 02:00:00,10.21,
2024-03-15 02:15:00,10.23,
2024-03-15 02:30:00,10.24,
2024-03-15 02:45:00,10.25,
2024-03-15 03:00:00,10.27,
2024-03-15 03:15:00,10.29,
2024-03-15 03:30:00,10.3,
2024-03-15 03:45:00,10.31,
2024-03-15 04:00:00,10.32,
2024-03-15 04:15:00,10.33,
2024-03-15 04:30:00,10.35,
2024-03-15 04:45:00,10.36,
2024-03-15 05:00:00,10.38,
2024-03-15 05:15:00,10.39,
2024-03-15 05:30:00,10.4,
2024-03-15 05:45:00,10.41,
2024-03-15 06:00:00,10.43,
2024-03-15 06:15:00,10.44,
2024-03-15 06:30:00,10.45,
2024-03-15 06:45:00,10.47,
2024-03-15 07:00:00,10.49,
2024-03-15 07:15:00,10.52,
2024-03-15 07:30:00,10.57,
2024-03-15 07:45:00,10.6,
2024-03-15 08:00:00,10.67,
2024-03-15 08:15:00,10.72,
2024-03-15 08:30:00,10.79,
2024-03-15 08:45:00,10.86,
2024-03-15 09:00:00,10.92,
2024-03-15 09:15:00,10.97,
2024-03-15 09:30:00,11.01,
2024-03-15 09:45:00,11.06,
2024-03-15 10:00:00,11.09,
2024-03-15 10:15:00,11.12,
2024-03-15 10:30:00,11.13,
2024-03-15 10:45:00,11.15,
2024-03-15 11:00:00,11.15,
2024-03-15 11:15:00,11.15,
2024-03-15 11:30:00,11.15,
2024-03-15 11:45:00,11.13,
2024-03-15 12:00:00,11.1,
2024-03-15 12:15:00,11.07,
2024-03-15 12:30:00,11.03,
2024-03-15 12:45:00,11.0,
2024-03-15 13:00:00,10.95,
2024-03-15 13:15:00,10.91,
2024-03-15 13:30:00,10.86,
2024-03-15 13:45:00,10.81,
2024-03-15 14:00:00,10.77,
2024-03-15 14:15:00,10.72,
2024-03-15 14:30:00,10.67,
2024-03-15 14:45:00,10.62,
2024-03-15 15:00:00,10.57,
2024-03-15 15:15:00,10.53,
2024-03-15 15:30:00,10.49,
2024-03-15 15:45:00,10.44,
2024-03-15 16:00:00,10.41,
2024-03-15 16:15:00,10.36,
2024-03-15 16:30:00,10.3,
2024-03-15 16:45:00,10.27,
2024-03-15 17:00:00,10.23,
2024-03-15 17:15:00,10.18,
2024-03-15 17:30:00,10.13,
2024-03-15 17:45:00,10.08,
2024-03-15 18:00:00,10.03,
2024-03-15 18:15:00,9.97,
2024-03-15 18:30:00,9.93,
2024-03-15 18:45:00,9.88,
2024-03-15 19:00:00,9.84,
2024-03-15 19:15:00,9.81,
2024-03-15 19:30:00,9.78,
2024-03-15 19:45:00,9.77,
2024-03-15 20:00:00,9.76,
2024-03-15 20:15:00,9.76,
2024-03-15 20:30:00,9.77,
2024-03-15 20:45:00,9.78,
2024-03-15 21:00:00,9.79,
2024-03-15 21:15:00,9.8,
2024-03-15 21:30:00,9.81,
2024-03-15 21:45:00,9.83,
2024-03-15 22:00:00,9.84,
2024-03-15 22:15:00,9.86,
2024-03-15 22:30:00,9.87,
2024-03-15 22:45:00,9.88,
2024-03-15 23:00:00,9.88,
2024-03-15 23:15:00,9.9,
2024-03-15 23:30:00,9.9,
2024-03-15 23:45:00,9.91,
2024-03-16 00:00:00,9.92,
2024-03-16 00:15:00,9.93,
2024-03-16 00:30:00,9.95,
2024-03-16 00:45:00,9.96,
2024-03-16 01:00:00,9.96,
2024-03-16 01:15:00,9.98,
2024-03-16 01:30:00,9.99,
2024-03-16 01:45:00,10.0,
2024-03-16 02:00:00,10.01,
2024-03-16 02:15:00,10.02,
2024-03-16 02:30:00,10.03,
2024-03-16 02:45:00,10.04,
2024-03-16 03:00:00,10.04,
2024-03-16 03:15:00,10.06,
2024-03-16 03:30:00,10.06,
2024-03-16 03:45:00,10.07,
2024-03-16 04:00:00,10.08,
2024-03-16 04:15:00,10.08,
2024-03-16 04:30:00,10.1,
2024-03-16 04:45:00,10.11,
2024-03-16 05:00:00,10.11,
2024-03-16 05:15:00,10.11,
2024-03-16 05:30:00,10.13,
2024-03-16 05:45:00,10.13,
2024-03-16 06:00:00,10.14,
2024-03-16 06:15:00,10.15,
2024-03-16 06:30:00,10.16,
2024-03-16 06:45:00,10.17,
2024-03-16 07:00:00,10.19,
2024-03-16 07:15:00,10.22,
2024-03-16 07:30:00,10.26,
2024-03-16 07:45:00,10.3,
2024-03-16 08:00:00,10.37,
2024-03-16 08:15:00,10.43,
2024-03-16 08:30:00,10.49,
2024-03-16 08:45:00,10.56,
2024-03-16 09:00:00,10.62,
2024-03-16 09:15:00,10.67,
2024-03-16 09:30:00,10.72,
2024-03-16 09:45:00,10.77,
2024-03-16 10:00:00,10.81,
2024-03-16 10:15:00,10.84,
2024-03-16 10:30:00,10.86,
2024-03-16 10:45:00,10.88,
2024-03-16 11:00:00,10.89,
2024-03-16 11:15:00,10.89,
2024-03-16 11:30:00,10.88,
2024-03-16 11:45:00,10.86,
2024-03-16 12:00:00,10.85,
2024-03-16 12:15:00,10.83,
2024-03-16 12:30:00,10.8,
2024-03-16 12:45:00,10.77,
2024-03-16 13:00:00,10.73,
2024-03-16 13:15:00,10.7,
2024-03-16 13:30:00,10.66,
2024-03-16 13:45:00,10.62,
2024-03-16 14:00:00,10.57,
2024-03-16 14:15:00,10.53,
2024-03-16 14:30:00,10.49,
2024-03-16 14:45:00,10.43,
2024-03-16 15:00:00,10.39,
2024-03-16 15:15:00,10.35,
2024-03-16 15:30:00,10.31,
2024-03-16 15:45:00,10.26,
2024-03-16 16:00:00,10.22,
2024-03-16 16:15:00,10.14,
2024-03-16 16:30:00,10.03,
2024-03-16 16:45:00,9.93,
2024-03-16 17:00:00,9.91,
2024-03-16 17:15:00,9.92,
2024-03-16 17:30:00,9.91,
2024-03-16 17:45:00,9.88,
2024-03-16 18:00:00,9.85,
2024-03-16 18:15:00,9.79,
2024-03-16 18:30:00,9.75,
2024-03-16 18:45:00,9.7,
2024-03-16 19:00:00,9.66,
2024-03-16 19:15:00,9.63,
2024-03-16 19:30:00,9.61,
2024-03-16 19:45:00,9.59,
2024-03-16 20:00:00,9.59,
2024-03-16 20:15:00,9.59,
2024-03-16 20:30:00,9.59,
2024-03-16 20:45:00,9.61,
2024-03-16 21:00:00,9.62,
2024-03-16 21:15:00,9.63,
2024-03-16 21:30:00,9.64,
2024-03-16 21:45:00,9.66,
2024-03-16 22:00:00,9.67,
2024-03-16 22:15:00,9.69,
2024-03-16 22:30:00,9.7,
2024-03-16 22:45:00,9.71,
2024-03-16 23:00:00,9.72,
2024-03-16 23:15:00,9.73,
2024-03-16 23:30:00,9.73,
2024-03-16 23:45:00,9.75,
2024-03-17 00:00:00,9.77,
2024-03-17 00:15:00,9.78,
2024-03-17 00:30:00,9.79,
2024-03-17 00:45:00,9.81,
2024-03-17 01:00:00,9.83,
2024-03-17 01:15:00,9.84,
2024-03-17 01:30:00,9.86,
2024-03-17 01:45:00,9.88,
2024-03-17 02:00:00,9.89,
2024-03-17 02:15:00,9.89,
2024-03-17 02:30:00,9.91,
2024-03-17 02:45:00,9.92,
2024-03-17 03:00:00,9.93,
2024-03-17 03:15:00,9.94,
2024-03-17 03:30:00,9.94,
2024-03-17 03:45:00,9.95,
2024-03-17 04:00:00,9.96,
2024-03-17 04:15:00,9.97,
2024-03-17 04:30:00,9.97,
2024-03-17 04:45:00,9.98,
2024-03-17 05:00:00,9.99,
2024-03-17 05:15:00,9.99,
2024-03-17 05:30:00,10.01,
2024-03-17 05:45:00,10.01,
2024-03-17 06:00:00,10.02,
2024-03-17 06:15:00,10.03,
2024-03-17 06:30:00,10.04,
2024-03-17 06:45:00,10.05,
2024-03-17 07:00:00,10.07,
2024-03-17 07:15:00,10.09,
2024-03-17 07:30:00,10.13,
2024-03-17 07:45:00,10.18,
2024-03-17 08:00:00,10.23,
2024-03-17 08:15:00,10.28,
2024-03-17 08:30:00,10.34,
2024-03-17 08:45:00,10.4,
2024-03-17 09:00:00,10.47,
2024-03-17 09:15:00,10.53,
2024-03-17 09:30:00,10.57,
2024-03-17 09:45:00,10.62,
2024-03-17 10:00:00,10.66,
2024-03-17 10:15:00,10.69,
2024-03-17 10:30:00,10.72,
2024-03-17 10:45:00,10.75,
2024-03-17 11:00:00,10.77,
2024-03-17 11:15:00,10.78,
2024-03-17 11:30:00,10.79,
2024-03-17 11:45:00,10.78,
2024-03-17 12:00:00,10.78,
2024-03-17 12:15:00,10.76,
2024-03-17 12:30:00,10.74,
2024-03-17 12:45:00,10.71,
2024-03-17 13:00:00,10.68,
2024-03-17 13:15:00,10.65,
2024-03-17 13:30:00,10.62,
2024-03-17 13:45:00,10.57,
2024-03-17 14:00:00,10.53,
2024-03-17 14:15:00,10.49,
2024-03-17 14:30:00,10.45,
2024-03-17 14:45:00,10.4,
2024-03-17 15:00:00,10.36,
2024-03-17 15:15:00,10.32,
2024-03-17 15:30:00,10.28,
2024-03-17 15:45:00,10.24,
2024-03-17 16:00:00,10.19,
2024-03-17 16:15:00,10.16,
2024-03-17 16:30:00,10.1,
2024-03-17 16:45:00,10.06,
2024-03-17 17:00:00,10.01,
2024-03-17 17:15:00,9.97,
2024-03-17 17:30:00,9.93,
2024-03-17 17:45:00,9.87,
2024-03-17 18:00:00,9.82,
2024-03-17 18:15:00,9.76,
2024-03-17 18:30:00,9.71,
2024-03-17 18:45:00,9.65,
2024-03-17 19:00:00,9.6,
2024-03-17 19:15:00,9.57,
2024-03-17 19:30:00,9.54,
2024-03-17 19:45:00,9.53,
2024-03-17 20:00:00,9.52,
2024-03-17 20:15:00,9.52,
2024-03-17 20:30:00,9.54,
2024-03-17 20:45:00,9.54,
2024-03-17 21:00:00,9.56,
2024-03-17 21:15:00,9.58,
2024-03-17 21:30:00,9.59,
2024-03-17 21:45:00,9.61,
2024-03-17 22:00:00,9.62,
2024-03-17 22:15:00,9.64,
2024-03-17 22:30:00,9.65,
2024-03-17 22:45:00,9.66,
2024-03-17 23:00:00,9.67,
2024-03-17 23:15:00,9.68,
2024-03-17 23:30:00,9.7,
2024-03-17 23:45:00,9.72,
2024-03-18 00:00:00,9.74,
2024-03-18 00:15:00,9.76,
2024-03-18 00:30:00,9.78,
2024-03-18 00:45:00,9.8,
2024-03-18 01:00:00,9.82,
2024-03-18 01:15:00,9.84,
2024-03-18 01:30:00,9.86,
2024-03-18 01:45:00,9.87,
2024-03-18 02:00:00,9.89,
2024-03-18 02:15:00,9.9,
2024-03-18 02:30:00,9.91,
2024-03-18 02:45:00,9.92,
2024-03-18 03:00:00,9.93,
2024-03-18 03:15:00,9.94,
2024-03-18 03:30:00,9.95,
2024-03-18 03:45:00,9.95,
2024-03-18 04:00:00,9.96,
2024-03-18 04:15:00,9.96,
2024-03-18 04:30:00,9.98,
2024-03-18 04:45:00,9.98,
2024-03-18 05:00:00,9.99,
2024-03-18 05:15:00,10.0,
2024-03-18 05:30:00,10.02,
2024-03-18 05:45:00,10.03,
2024-03-18 06:00:00,10.04,
2024-03-18 06:15:00,10.05,
2024-03-18 06:30:00,10.06,
2024-03-18 06:45:00,10.09,
2024-03-18 07:00:00,10.11,
2024-03-18 07:15:00,10.11,
2024-03-18 07:30:00,10.13,
2024-03-18 07:45:00,10.16,
2024-03-18 08:00:00,10.2,
2024-03-18 08:15:00,10.25,
2024-03-18 08:30:00,10.31,
2024-03-18 08:45:00,10.37,
2024-03-18 09:00:00,10.42,
2024-03-18 09:15:00,10.47,
2024-03-18 09:30:00,10.52,
2024-03-18 09:45:00,10.56,
2024-03-18 10:00:00,10.6,
2024-03-18 10:15:00,10.64,
2024-03-18 10:30:00,10.67,
2024-03-18 10:45:00,10.71,
2024-03-18 11:00:00,10.73,
2024-03-18 11:15:00,10.74,
2024-03-18 11:30:00,10.75,
2024-03-18 11:45:00,10.77,
2024-03-18 12:00:00,10.76,
2024-03-18 12:15:00,10.76,
2024-03-18 12:30:00,10.74,
2024-03-18 12:45:00,10.72,
2024-03-18 13:00:00,10.71,
2024-03-18 13:15:00,10.67,
2024-03-18 13:30:00,10.62,
2024-03-18 13:45:00,10.56,
2024-03-18 14:00:00,10.51,
2024-03-18 14:15:00,10.47,
2024-03-18 14:30:00,10.43,
2024-03-18 14:45:00,10.4,
2024-03-18 15:00:00,10.38,
2024-03-18 15:15:00,10.34,
2024-03-18 15:30:00,10.31,
2024-03-18 15:45:00,10.27,
2024-03-18 16:00:00,10.23,
2024-03-18 16:15:00,10.19,
2024-03-18 16:30:00,10.15,
2024-03-18 16:45:00,10.1,
2024-03-18 17:00:00,10.04,
2024-03-18 17:15:00,9.99,
2024-03-18 17:30:00,9.94,
2024-03-18 17:45:00,9.89,
2024-03-18 18:00:00,9.84,
2024-03-18 18:15:00,9.79,
2024-03-18 18:30:00,9.73,
2024-03-18 18:45:00,9.68,
2024-03-18 19:00:00,9.64,
2024-03-18 19:15:00,9.6,
2024-03-18 19:30:00,9.58,
2024-03-18 19:45:00,9.57,
2024-03-18 20:00:00,9.55,
2024-03-18 20:15:00,9.55,
2024-03-18 20:30:00,9.56,
2024-03-18 20:45:00,9.57,
2024-03-18 21:00:00,9.57,
2024-03-18 21:15:00,9.58,
2024-03-18 21:30:00,9.6,
2024-03-18 21:45:00,9.61,
2024-03-18 22:00:00,9.62,
2024-03-18 22:15:00,9.63,
2024-03-18 22:30:00,9.65,
2024-03-18 22:45:00,9.66,
2024-03-18 23:00:00,9.67,
2024-03-18 23:15:00,9.68,
2024-03-18 23:30:00,9.7,
2024-03-18 23:45:00,9.72,
2024-03-19 00:00:00,9.74,
2024-03-19 00:15:00,9.76,
2024-03-19 00:30:00,9.79,
2024-03-19 00:45:00,9.8,
2024-03-19 01:00:00,9.82,
2024-03-19 01:15:00,9.84,
2024-03-19 01:30:00,9.86,
2024-03-19 01:45:00,9.88,
2024-03-19 02:00:00,9.89,
2024-03-19 02:15:00,9.9,
2024-03-19 02:30:00,9.91,
2024-03-19 02:45:00,9.92,
2024-03-19 03:00:00,9.94,
2024-03-19 03:15:00,9.94,
2024-03-19 03:30:00,9.94,
2024-03-19 03:45:00,9.95,
2024-03-19 04:00:00,9.96,
2024-03-19 04:15:00,9.96,
2024-03-19 04:30:00,9.97,
2024-03-19 04:45:00,9.98,
2024-03-19 05:00:00,9.98,
2024-03-19 05:15:00,9.99,
2024-03-19 05:30:00,10.0,
2024-03-19 05:45:00,10.01,
2024-03-19 06:00:00,10.01,
2024-03-19 06:15:00,10.02,
2024-03-19 06:30:00,10.04,
2024-03-19 06:45:00,10.04,
2024-03-19 07:00:00,10.05,
2024-03-19 07:15:00,10.08,
2024-03-19 07:30:00,10.11,
2024-03-19 07:45:00,10.15,
2024-03-19 08:00:00,10.19,
2024-03-19 08:15:00,10.24,
2024-03-19 08:30:00,10.28,
2024-03-19 08:45:00,10.34,
2024-03-19 09:00:00,10.4,
2024-03-19 09:15:00,10.44,
2024-03-19 09:30:00,10.49,
2024-03-19 09:45:00,10.53,
2024-03-19 10:00:00,10.56,
2024-03-19 10:15:00,10.6,
2024-03-19 10:30:00,10.64,
2024-03-19 10:45:00,10.67,
2024-03-19 11:00:00,10.69,
2024-03-19 11:15:00,10.71,
2024-03-19 11:30:00,10.71,
2024-03-19 11:45:00,10.71,
2024-03-19 12:00:00,10.71,
2024-03-19 12:15:00,10.69,
2024-03-19 12:30:00,10.68,
2024-03-19 12:45:00,10.66,
2024-03-19 13:00:00,10.63,
2024-03-19 13:15:00,10.61,
2024-03-19 13:30:00,10.58,
2024-03-19 13:45:00,10.54,
2024-03-19 14:00:00,10.5,
2024-03-19 14:15:00,10.46,
2024-03-19 14:30:00,10.41,
2024-03-19 14:45:00,10.38,
2024-03-19 15:00:00,10.35,
2024-03-19 15:15:00,10.3,
2024-03-19 15:30:00,10.26,
2024-03-19 15:45:00,10.22,
2024-03-19 16:00:00,10.17,
2024-03-19 16:15:00,10.12,
2024-03-19 16:30:00,10.07,
2024-03-19 16:45:00,10.03,
2024-03-19 17:00:00,9.99,
2024-03-19 17:15:00,9.94,
2024-03-19 17:30:00,9.89,
2024-03-19 17:45:00,9.84,
2024-03-19 18:00:00,9.78,
2024-03-19 18:15:00,9.73,
2024-03-19 18:30:00,9.68,
2024-03-19 18:45:00,9.63,
2024-03-19 19:00:00,9.59,
2024-03-19 19:15:00,9.56,
2024-03-19 19:30:00,9.54,
2024-03-19 19:45:00,9.52,
2024-03-19 20:00:00,9.52,
2024-03-19 20:15:00,9.52,
2024-03-19 20:30:00,9.52,
2024-03-19 20:45:00,9.54,
2024-03-19 21:00:00,9.54,
2024-03-19 21:15:00,9.56,
2024-03-19 21:30:00,9.57,
2024-03-19 21:45:00,9.59,
2024-03-19 22:00:00,9.59,
2024-03-19 22:15:00,9.61,
2024-03-19 22:30:00,9.63,
2024-03-19 22:45:00,9.64,
2024-03-19 23:00:00,9.66,
2024-03-19 23:15:00,9.68,
2024-03-19 23:30:00,9.69,
2024-03-19 23:45:00,9.72,
2024-03-20 00:00:00,9.73,
2024-03-20 00:15:00,9.75,
2024-03-20 00:30:00,9.77,
2024-03-20 00:45:00,9.79,
2024-03-20 01:00:00,9.81,
2024-03-20 01:15:00,9.82,
2024-03-20 01:30:00,9.84,
2024-03-20 01:45:00,9.84,
2024-03-20 02:00:00,9.86,
2024-03-20 02:15:00,9.86,
2024-03-20 02:30:00,9.87,
2024-03-20 02:45:00,9.88,
2024-03-20 03:00:00,9.88,
2024-03-20 03:15:00,9.88,
2024-03-20 03:30:00,9.89,
2024-03-20 03:45:00,9.89,
2024-03-20 04:00:00,9.89,
2024-03-20 04:15:00,9.89,
2024-03-20 04:30:00,9.9,
2024-03-20 04:45:00,9.9,
2024-03-20 05:00:00,9.91,
2024-03-20 05:15:00,9.91,
2024-03-20 05:30:00,9.92,
2024-03-20 05:45:00,9.93,
2024-03-20 06:00:00,9.95,
2024-03-20 06:15:00,9.97,
2024-03-20 06:30:00,9.98,
2024-03-20 06:45:00,10.01,
2024-03-20 07:00:00,10.02,
2024-03-20 07:15:00,10.04,
2024-03-20 07:30:00,10.08,
2024-03-20 07:45:00,10.12,
2024-03-20 08:00:00,10.16,
2024-03-20 08:15:00,10.2,
2024-03-20 08:30:00,10.24,
2024-03-20 08:45:00,10.28,
2024-03-20 09:00:00,10.33,
2024-03-20 09:15:00,10.37,
2024-03-20 09:30:00,10.41,
2024-03-20 09:45:00,10.44,
2024-03-20 10:00:00,10.48,
2024-03-20 10:15:00,10.51,
2024-03-20 10:30:00,10.54,
2024-03-20 10:45:00,10.57,
2024-03-20 11:00:00,10.58,
2024-03-20 11:15:00,10.59,
2024-03-20 11:30:00,10.59,
2024-03-20 11:45:00,10.59,
2024-03-20 12:00:00,10.59,
2024-03-20 12:15:00,10.58,
2024-03-20 12:30:00,10.57,
2024-03-20 12:45:00,10.54,
2024-03-20 13:00:00,10.52,
2024-03-20 13:15:00,10.5,
2024-03-20 13:30:00,10.45,
2024-03-20 13:45:00,10.33,
2024-03-20 14:00:00,10.38,
2024-03-20 14:15:00,10.33,
2024-03-20 14:30:00,10.31,
2024-03-20 14:45:00,10.26,
2024-03-20 15:00:00,10.23,
2024-03-20 15:15:00,10.19,
2024-03-20 15:30:00,10.17,
2024-03-20 15:45:00,10.13,
2024-03-20 16:00:00,10.09,
2024-03-20 16:15:00,10.05,
2024-03-20 16:30:00,10.01,
2024-03-20 16:45:00,9.98,
2024-03-20 17:00:00,9.94,
2024-03-20 17:15:00,9.92,
2024-03-20 17:30:00,9.86,
2024-03-20 17:45:00,9.81,
2024-03-20 18:00:00,9.76,
2024-03-20 18:15:00,9.7,
2024-03-20 18:30:00,9.66,
2024-03-20 18:45:00,9.61,
2024-03-20 19:00:00,9.58,
2024-03-20 19:15:00,9.54,
2024-03-20 19:30:00,9.52,
2024-03-20 19:45:00,9.5,
2024-03-20 20:00:00,9.51,
2024-03-20 20:15:00,9.51,
2024-03-20 20:30:00,9.51,
2024-03-20 20:45:00,9.52,
2024-03-20 21:00:00,9.54,
2024-03-20 21:15:00,9.54,
2024-03-20 21:30:00,9.57,
2024-03-20 21:45:00,9.57,
2024-03-20 22:00:00,9.59,
2024-03-20 22:15:00,9.6,
2024-03-20 22:30:00,9.61,
2024-03-20 22:45:00,9.62,
2024-03-20 23:00:00,9.64,
2024-03-20 23:15:00,9.65,
2024-03-20 23:30:00,9.67,
2024-03-20 23:45:00,9.68,
2024-03-21 00:00:00,9.7,
2024-03-21 00:15:00,9.72,
2024-03-21 00:30:00,9.73,
2024-03-21 00:45:00,9.74,
2024-03-21 01:00:00,9.76,
2024-03-21 01:15:00,9.76,
2024-03-21 01:30:00,9.77,
2024-03-21 01:45:00,9.78,
2024-03-21 02:00:00,9.78,
2024-03-21 02:15:00,9.78,
2024-03-21 02:30:00,9.78,
2024-03-21 02:45:00,9.78,
2024-03-21 03:00:00,9.78,
2024-03-21 03:15:00,9.78,
2024-03-21 03:30:00,9.78,
2024-03-21 03:45:00,9.78,
2024-03-21 04:00:00,9.79,
2024-03-21 04:15:00,9.8,
2024-03-21 04:30:00,9.8,
2024-03-21 04:45:00,9.82,
2024-03-21 05:00:00,9.83,
2024-03-21 05:15:00,9.85,
2024-03-21 05:30:00,9.87,
2024-03-21 05:45:00,9.9,
2024-03-21 06:00:00,9.91,
2024-03-21 06:15:00,9.94,
2024-03-21 06:30:00,9.96,
2024-03-21 06:45:00,9.99,
2024-03-21 07:00:00,10.02,
2024-03-21 07:15:00,10.05,
2024-03-21 07:30:00,10.08,
2024-03-21 07:45:00,10.12,
2024-03-21 08:00:00,10.15,
2024-03-21 08:15:00,10.19,
2024-03-21 08:30:00,10.23,
2024-03-21 08:45:00,10.26,
2024-03-21 09:00:00,10.3,
2024-03-21 09:15:00,10.33,
2024-03-21 09:30:00,10.35,
2024-03-21 09:45:00,10.38,
2024-03-21 10:00:00,10.42,
2024-03-21 10:15:00,10.43,
2024-03-21 10:30:00,10.46,
2024-03-21 10:45:00,10.47,
2024-03-21 11:00:00,10.48,
2024-03-21 11:15:00,10.48,
2024-03-21 11:30:00,10.49,
2024-03-21 11:45:00,10.5,
2024-03-21 12:00:00,10.5,
2024-03-21 12:15:00,10.51,
2024-03-21 12:30:00,10.51,
2024-03-21 12:45:00,10.51,
2024-03-21 13:00:00,10.52,
2024-03-21 13:15:00,10.53,
2024-03-21 13:30:00,10.51,
2024-03-21 13:45:00,10.5,
2024-03-21 14:00:00,10.47,
2024-03-21 14:15:00,10.44,
2024-03-21 14:30:00,10.38,
2024-03-21 14:45:00,10.34,
2024-03-21 15:00:00,10.3,
2024-03-21 15:15:00,10.26,
2024-03-21 15:30:00,10.24,
2024-03-21 15:45:00,10.23,
2024-03-21 16:00:00,10.2,
2024-03-21 16:15:00,10.17,
2024-03-21 16:30:00,10.13,
2024-03-21 16:45:00,10.09,
2024-03-21 17:00:00,10.06,
2024-03-21 17:15:00,10.02,
2024-03-21 17:30:00,9.98,
2024-03-21 17:45:00,9.94,
2024-03-21 18:00:00,9.9,
2024-03-21 18:15:00,9.88,
2024-03-21 18:30:00,9.86,
2024-03-21 18:45:00,9.83,
2024-03-21 19:00:00,9.81,
2024-03-21 19:15:00,9.78,
2024-03-21 19:30:00,9.76,
2024-03-21 19:45:00,9.75,
2024-03-21 20:00:00,9.74,
2024-03-21 20:15:00,9.73,
2024-03-21 20:30:00,9.73,
2024-03-21 20:45:00,9.73,
2024-03-21 21:00:00,9.74,
2024-03-21 21:15:00,9.75,
2024-03-21 21:30:00,9.77,
2024-03-21 21:45:00,9.79,
2024-03-21 22:00:00,9.81,
2024-03-21 22:15:00,9.84,
2024-03-21 22:30:00,9.85,
2024-03-21 22:45:00,9.87,
2024-03-21 23:00:00,9.89,
2024-03-21 23:15:00,9.9,
2024-03-21 23:30:00,9.92,
2024-03-21 23:45:00,9.93,
2024-03-22 00:00:00,9.95,
2024-03-22 00:15:00,9.96,
2024-03-22 00:30:00,9.97,
2024-03-22 00:45:00,9.98,
2024-03-22 01:00:00,9.97,
2024-03-22 01:15:00,9.98,
2024-03-22 01:30:00,9.99,
2024-03-22 01:45:00,9.98,
2024-03-22 02:00:00,9.98,
2024-03-22 02:15:00,9.97,
2024-03-22 02:30:00,9.97,
2024-03-22 02:45:00,9.96,
2024-03-22 03:00:00,9.96,
2024-03-22 03:15:00,9.95,
2024-03-22 03:30:00,9.95,
2024-03-22 03:45:00,9.95,
2024-03-22 04:00:00,9.95,
2024-03-22 04:15:00,9.96,
2024-03-22 04:30:00,9.97,
2024-03-22 04:45:00,9.98,
2024-03-22 05:00:00,9.99,
2024-03-22 05:15:00,10.01,
2024-03-22 05:30:00,10.03,
2024-03-22 05:45:00,10.05,
2024-03-22 06:00:00,10.07,
2024-03-22 06:15:00,10.1,
2024-03-22 06:30:00,10.12,
2024-03-22 06:45:00,10.15,
2024-03-22 07:00:00,10.18,
2024-03-22 07:15:00,10.21,
2024-03-22 07:30:00,10.24,
2024-03-22 07:45:00,10.28,
2024-03-22 08:00:00,10.32,
2024-03-22 08:15:00,10.35,
2024-03-22 08:30:00,10.39,
2024-03-22 08:45:00,10.42,
2024-03-22 09:00:00,10.46,
2024-03-22 09:15:00,10.49,
2024-03-22 09:30:00,10.53,
2024-03-22 09:45:00,10.56,
2024-03-22 10:00:00,10.58,
2024-03-22 10:15:00,10.6,
2024-03-22 10:30:00,10.62,
2024-03-22 10:45:00,10.63,
2024-03-22 11:00:00,10.64,
2024-03-22 11:15:00,10.65,
2024-03-22 11:30:00,10.64,
2024-03-22 11:45:00,10.63,
2024-03-22 12:00:00,10.62,
2024-03-22 12:15:00,10.6,
2024-03-22 12:30:00,10.58,
2024-03-22 12:45:00,10.55,
2024-03-22 13:00:00,10.51,
2024-03-22 13:15:00,10.47,
2024-03-22 13:30:00,10.45,
2024-03-22 13:45:00,10.41,
2024-03-22 14:00:00,10.37,
2024-03-22 14:15:00,10.32,
2024-03-22 14:30:00,10.29,
2024-03-22 14:45:00,10.25,
2024-03-22 15:00:00,10.21,
2024-03-22 15:15:00,10.17,
2024-03-22 15:30:00,10.15,
2024-03-22 15:45:00,10.13,
2024-03-22 16:00:00,10.11,
2024-03-22 16:15:00,10.12,
2024-03-22 16:30:00,10.1,
2024-03-22 16:45:00,10.08,
2024-03-22 17:00:00,10.05,
2024-03-22 17:15:00,10.01,
2024-03-22 17:30:00,9.96,
2024-03-22 17:45:00,9.91,
2024-03-22 18:00:00,9.86,
2024-03-22 18:15:00,9.81,
2024-03-22 18:30:00,9.77,
2024-03-22 18:45:00,9.73,
2024-03-22 19:00:00,9.7,
2024-03-22 19:15:00,9.68,
2024-03-22 19:30:00,9.65,
2024-03-22 19:45:00,9.64,
2024-03-22 20:00:00,9.63,
2024-03-22 20:15:00,9.63,
2024-03-22 20:30:00,9.63,
2024-03-22 20:45:00,9.62,
2024-03-22 21:00:00,9.63,
2024-03-22 21:15:00,9.63,
2024-03-22 21:30:00,9.62,
2024-03-22 21:45:00,9.6,
2024-03-22 22:00:00,9.6,
2024-03-22 22:15:00,9.64,
2024-03-22 22:30:00,9.64,
2024-03-22 22:45:00,9.62,
2024-03-22 23:00:00,9.62,
2024-03-22 23:15:00,9.63,
2024-03-22 23:30:00,9.65,
2024-03-22 23:45:00,9.66,
2024-03-23 00:00:00,9.68,
2024-03-23 00:15:00,9.68,
2024-03-23 00:30:00,9.67,
2024-03-23 00:45:00,9.68,
2024-03-23 01:00:00,9.68,
2024-03-23 01:15:00,9.68,
2024-03-23 01:30:00,9.68,
2024-03-23 01:45:00,9.67,
2024-03-23 02:00:00,9.67,
2024-03-23 02:15:00,9.66,
2024-03-23 02:30:00,9.66,
2024-03-23 02:45:00,9.66,
2024-03-23 03:00:00,9.65,
2024-03-23 03:15:00,9.65,
2024-03-23 03:30:00,9.65,
2024-03-23 03:45:00,9.66,
2024-03-23 04:00:00,9.67,
2024-03-23 04:15:00,9.68,
2024-03-23 04:30:00,9.69,
2024-03-23 04:45:00,9.71,
2024-03-23 05:00:00,9.72,
2024-03-23 05:15:00,9.74,
2024-03-23 05:30:00,9.76,
2024-03-23 05:45:00,9.78,
2024-03-23 06:00:00,9.81,
2024-03-23 06:15:00,9.83,
2024-03-23 06:30:00,9.86,
2024-03-23 06:45:00,9.89,
2024-03-23 07:00:00,9.92,
2024-03-23 07:15:00,9.95,
2024-03-23 07:30:00,9.98,
2024-03-23 07:45:00,10.01,
2024-03-23 08:00:00,10.04,
2024-03-23 08:15:00,10.07,
2024-03-23 08:30:00,10.1,
2024-03-23 08:45:00,10.13,
2024-03-23 09:00:00,10.16,
2024-03-23 09:15:00,10.18,
2024-03-23 09:30:00,10.2,
2024-03-23 09:45:00,10.22,
2024-03-23 10:00:00,10.23,
2024-03-23 10:15:00,10.25,
2024-03-23 10:30:00,10.26,
2024-03-23 10:45:00,10.27,
2024-03-23 11:00:00,10.28,
2024-03-23 11:15:00,10.28,
2024-03-23 11:30:00,10.29,
2024-03-23 11:45:00,10.29,
2024-03-23 12:00:00,10.28,
2024-03-23 12:15:00,10.26,
2024-03-23 12:30:00,10.24,
2024-03-23 12:45:00,10.21,
2024-03-23 13:00:00,10.17,
2024-03-23 13:15:00,10.13,
2024-03-23 13:30:00,10.09,
2024-03-23 13:45:00,10.08,
2024-03-23 14:00:00,10.08,
2024-03-23 14:15:00,10.08,
2024-03-23 14:30:00,10.1,
2024-03-23 14:45:00,10.11,
2024-03-23 15:00:00,10.11,
2024-03-23 15:15:00,10.1,
2024-03-23 15:30:00,10.09,
2024-03-23 15:45:00,10.07,
2024-03-23 16:00:00,10.05,
2024-03-23 16:15:00,10.03,
2024-03-23 16:30:00,10.0,
2024-03-23 16:45:00,9.97,
2024-03-23 17:00:00,9.94,
2024-03-23 17:15:00,9.91,
2024-03-23 17:30:00,9.87,
2024-03-23 17:45:00,9.84,
2024-03-23 18:00:00,9.83,
2024-03-23 18:15:00,9.82,
2024-03-23 18:30:00,9.81,
2024-03-23 18:45:00,9.83,
2024-03-23 19:00:00,9.82,
2024-03-23 19:15:00,9.84,
2024-03-23 19:30:00,9.85,
2024-03-23 19:45:00,9.84,
2024-03-23 20:00:00,9.86,
2024-03-23 20:15:00,9.87,
2024-03-23 20:30:00,9.87,
2024-03-23 20:45:00,9.89,
2024-03-23 21:00:00,9.89,
2024-03-23 21:15:00,9.91,
2024-03-23 21:30:00,9.94,
2024-03-23 21:45:00,9.95,
2024-03-23 22:00:00,9.95,
2024-03-23 22:15:00,9.94,
2024-03-23 22:30:00,9.93,
2024-03-23 22:45:00,9.93,
2024-03-23 23:00:00,9.94,
2024-03-23 23:15:00,9.95,
2024-03-23 23:30:00,9.96,
2024-03-23 23:45:00,9.96,
2024-03-24 00:00:00,9.96,
2024-03-24 00:15:00,9.96,
2024-03-24 00:30:00,9.97,
2024-03-24 00:45:00,9.97,
2024-03-24 01:00:00,9.97,
2024-03-24 01:15:00,9.98,
2024-03-24 01:30:00,9.98,
2024-03-24 01:45:00,9.98,
2024-03-24 02:00:00,9.98,
2024-03-24 02:15:00,9.98,
2024-03-24 02:30:00,9.98,
2024-03-24 02:45:00,9.98,
2024-03-24 03:00:00,9.98,
2024-03-24 03:15:00,9.98,
2024-03-24 03:30:00,9.99,
2024-03-24 03:45:00,9.99,
2024-03-24 04:00:00,9.99,
2024-03-24 04:15:00,9.99,
2024-03-24 04:30:00,10.0,
2024-03-24 04:45:00,10.0,
2024-03-24 05:00:00,10.0,
2024-03-24 05:15:00,10.01,
2024-03-24 05:30:00,10.01,
2024-03-24 05:45:00,10.02,
2024-03-24 06:00:00,10.03,
2024-03-24 06:15:00,10.04,
2024-03-24 06:30:00,10.05,
2024-03-24 06:45:00,10.07,
2024-03-24 07:00:00,10.08,
2024-03-24 07:15:00,10.1,
2024-03-24 07:30:00,10.12,
2024-03-24 07:45:00,10.15,
2024-03-24 08:00:00,10.17,
2024-03-24 08:15:00,10.19,
2024-03-24 08:30:00,10.22,
2024-03-24 08:45:00,10.25,
2024-03-24 09:00:00,10.27,
2024-03-24 09:15:00,10.29,
2024-03-24 09:30:00,10.31,
2024-03-24 09:45:00,10.32,
2024-03-24 10:00:00,10.34,
2024-03-24 10:15:00,10.35,
2024-03-24 10:30:00,10.36,
2024-03-24 10:45:00,10.36,
2024-03-24 11:00:00,10.36,
2024-03-24 11:15:00,10.35,
2024-03-24 11:30:00,10.36,
2024-03-24 11:45:00,10.38,
2024-03-24 12:00:00,10.38,
2024-03-24 12:15:00,10.38,
2024-03-24 12:30:00,10.37,
2024-03-24 12:45:00,10.36,
2024-03-24 13:00:00,10.36,
2024-03-24 13:15:00,10.38,
2024-03-24 13:30:00,10.41,
2024-03-24 13:45:00,10.42,
2024-03-24 14:00:00,10.45,
2024-03-24 14:15:00,10.47,
2024-03-24 14:30:00,10.48,
2024-03-24 14:45:00,10.49,
2024-03-24 15:00:00,10.48,
2024-03-24 15:15:00,10.47,
2024-03-24 15:30:00,10.46,
2024-03-24 15:45:00,10.45,
2024-03-24 16:00:00,10.43,
2024-03-24 16:15:00,10.41,
2024-03-24 16:30:00,10.41,
2024-03-24 16:45:00,10.4,
2024-03-24 17:00:00,10.38,
2024-03-24 17:15:00,10.37,
2024-03-24 17:30:00,10.35,
2024-03-24 17:45:00,10.34,
2024-03-24 18:00:00,10.3,
2024-03-24 18:15:00,10.27,
2024-03-24 18:30:00,10.23,
2024-03-24 18:45:00,10.2,
2024-03-24 19:00:00,10.16,
2024-03-24 19:15:00,10.12,
2024-03-24 19:30:00,10.1,
2024-03-24 19:45:00,10.08,
2024-03-24 20:00:00,10.06,
2024-03-24 20:15:00,10.05,
2024-03-24 20:30:00,10.05,
2024-03-24 20:45:00,10.05,
2024-03-24 21:00:00,10.04,
2024-03-24 21:15:00,10.04,
2024-03-24 21:30:00,10.03,
2024-03-24 21:45:00,10.04,
2024-03-24 22:00:00,10.04,
2024-03-24 22:15:00,10.04,
2024-03-24 22:30:00,10.04,
2024-03-24 22:45:00,10.04,
2024-03-24 23:00:00,10.04,
2024-03-24 23:15:00,10.04,
2024-03-24 23:30:00,10.05,
2024-03-24 23:45:00,10.05,
2024-03-25 00:00:00,10.06,
2024-03-25 00:15:00,10.06,
2024-03-25 00:30:00,10.06,
2024-03-25 00:45:00,10.06,
2024-03-25 01:00:00,10.06,
2024-03-25 01:15:00,10.06,
2024-03-25 01:30:00,10.06,
2024-03-25 01:45:00,10.06,
2024-03-25 02:00:00,10.06,
2024-03-25 02:15:00,10.07,
2024-03-25 02:30:00,10.07,
2024-03-25 02:45:00,10.08,
2024-03-25 03:00:00,10.08,
2024-03-25 03:15:00,10.08,
2024-03-25 03:30:00,10.08,
2024-03-25 03:45:00,10.09,
2024-03-25 04:00:00,10.09,
2024-03-25 04:15:00,10.09,
2024-03-25 04:30:00,10.1,
2024-03-25 04:45:00,10.1,
2024-03-25 05:00:00,10.1,
2024-03-25 05:15:00,10.1,
2024-03-25 05:30:00,10.1,
2024-03-25 05:45:00,10.1,
2024-03-25 06:00:00,10.11,
2024-03-25 06:15:00,10.12,
2024-03-25 06:30:00,10.13,
2024-03-25 06:45:00,10.13,
2024-03-25 07:00:00,10.14,
2024-03-25 07:15:00,10.16,
2024-03-25 07:30:00,10.19,
2024-03-25 07:45:00,10.22,
2024-03-25 08:00:00,10.24,
2024-03-25 08:15:00,10.29,
2024-03-25 08:30:00,10.34,
2024-03-25 08:45:00,10.37,
2024-03-25 09:00:00,10.4,
2024-03-25 09:15:00,10.41,
2024-03-25 09:30:00,10.43,
2024-03-25 09:45:00,10.45,
2024-03-25 10:00:00,10.49,
2024-03-25 10:15:00,10.51,
2024-03-25 10:30:00,10.54,
2024-03-25 10:45:00,10.57,
2024-03-25 11:00:00,10.6,
2024-03-25 11:15:00,10.62,
2024-03-25 11:30:00,10.65,
2024-03-25 11:45:00,10.65,
2024-03-25 12:00:00,10.64,
2024-03-25 12:15:00,10.62,
2024-03-25 12:30:00,10.61,
2024-03-25 12:45:00,10.6,
2024-03-25 13:00:00,10.58,
2024-03-25 13:15:00,10.58,
2024-03-25 13:30:00,10.56,
2024-03-25 13:45:00,10.53,
2024-03-25 14:00:00,10.51,
2024-03-25 14:15:00,10.46,
2024-03-25 14:30:00,10.42,
2024-03-25 14:45:00,10.39,
2024-03-25 15:00:00,10.37,
2024-03-25 15:15:00,10.38,
2024-03-25 15:30:00,10.38,
2024-03-25 15:45:00,10.36,
2024-03-25 16:00:00,10.37,
2024-03-25 16:15:00,10.38,
2024-03-25 16:30:00,10.39,
2024-03-25 16:45:00,10.41,
2024-03-25 17:00:00,10.42,
2024-03-25 17:15:00,10.42,
2024-03-25 17:30:00,10.4,
2024-03-25 17:45:00,10.38,
2024-03-25 18:00:00,10.35,
2024-03-25 18:15:00,10.31,
2024-03-25 18:30:00,10.26,
2024-03-25 18:45:00,10.21,
2024-03-25 19:00:00,10.18,
2024-03-25 19:15:00,10.15,
2024-03-25 19:30:00,10.13,
2024-03-25 19:45:00,10.11,
2024-03-25 20:00:00,10.1,
2024-03-25 20:15:00,10.09,
2024-03-25 20:30:00,10.09,
2024-03-25 20:45:00,10.09,
2024-03-25 21:00:00,10.09,
2024-03-25 21:15:00,10.09,
2024-03-25 21:30:00,10.1,
2024-03-25 21:45:00,10.1,
2024-03-25 22:00:00,10.11,
2024-03-25 22:15:00,10.12,
2024-03-25 22:30:00,10.12,
2024-03-25 22:45:00,10.13,
2024-03-25 23:00:00,10.13,
2024-03-25 23:15:00,10.14,
2024-03-25 23:30:00,10.14,
2024-03-25 23:45:00,10.15,
2024-03-26 00:00:00,10.16,
2024-03-26 00:15:00,10.15,
2024-03-26 00:30:00,10.16,
2024-03-26 00:45:00,10.16,
2024-03-26 01:00:00,10.16,
2024-03-26 01:15:00,10.16,
2024-03-26 01:30:00,10.17,
2024-03-26 01:45:00,10.18,
2024-03-26 02:00:00,10.18,
2024-03-26 02:15:00,10.19,
2024-03-26 02:30:00,10.19,
2024-03-26 02:45:00,10.2,
2024-03-26 03:00:00,10.2,
2024-03-26 03:15:00,10.2,
2024-03-26 03:30:00,10.21,
2024-03-26 03:45:00,10.22,
2024-03-26 04:00:00,10.22,
2024-03-26 04:15:00,10.23,
2024-03-26 04:30:00,10.23,
2024-03-26 04:45:00,10.23,
2024-03-26 05:00:00,10.24,
2024-03-26 05:15:00,10.24,
2024-03-26 05:30:00,10.25,
2024-03-26 05:45:00,10.26,
2024-03-26 06:00:00,10.26,
2024-03-26 06:15:00,10.27,
2024-03-26 06:30:00,10.27,
2024-03-26 06:45:00,10.27,
2024-03-26 07:00:00,10.27,
2024-03-26 07:15:00,10.31,
2024-03-26 07:30:00,10.33,
2024-03-26 07:45:00,10.35,
2024-03-26 08:00:00,10.38,
2024-03-26 08:15:00,10.42,
2024-03-26 08:30:00,10.47,
2024-03-26 08:45:00,10.52,
2024-03-26 09:00:00,10.56,
2024-03-26 09:15:00,10.58,
2024-03-26 09:30:00,10.6,
2024-03-26 09:45:00,10.63,
2024-03-26 10:00:00,10.65,
2024-03-26 10:15:00,10.66,
2024-03-26 10:30:00,10.68,
2024-03-26 10:45:00,10.69,
2024-03-26 11:00:00,10.69,
2024-03-26 11:15:00,10.66,
2024-03-26 11:30:00,10.62,
2024-03-26 11:45:00,10.56,
2024-03-26 12:00:00,10.51,
2024-03-26 12:15:00,10.47,
2024-03-26 12:30:00,10.46,
2024-03-26 12:45:00,10.48,
2024-03-26 13:00:00,10.49,
2024-03-26 13:15:00,10.51,
2024-03-26 13:30:00,10.54,
2024-03-26 13:45:00,10.57,
2024-03-26 14:00:00,10.6,
2024-03-26 14:15:00,10.59,
2024-03-26 14:30:00,10.59,
2024-03-26 14:45:00,10.63,
2024-03-26 15:00:00,10.63,
2024-03-26 15:15:00,10.61,
2024-03-26 15:30:00,10.59,
2024-03-26 15:45:00,10.58,
2024-03-26 16:00:00,10.58,
2024-03-26 16:15:00,10.56,
2024-03-26 16:30:00,10.54,
2024-03-26 16:45:00,10.52,
2024-03-26 17:00:00,10.48,
2024-03-26 17:15:00,10.44,
2024-03-26 17:30:00,10.43,
2024-03-26 17:45:00,10.4,
2024-03-26 18:00:00,10.38,
2024-03-26 18:15:00,10.36,
2024-03-26 18:30:00,10.33,
2024-03-26 18:45:00,10.31,
2024-03-26 19:00:00,10.29,
2024-03-26 19:15:00,10.27,
2024-03-26 19:30:00,10.25,
2024-03-26 19:45:00,10.26,
2024-03-26 20:00:00,10.24,
2024-03-26 20:15:00,10.24,
2024-03-26 20:30:00,10.25,
2024-03-26 20:45:00,10.25,
2024-03-26 21:00:00,10.25,
2024-03-26 21:15:00,10.25,
2024-03-26 21:30:00,10.26,
2024-03-26 21:45:00,10.26,
2024-03-26 22:00:00,10.26,
2024-03-26 22:15:00,10.26,
2024-03-26 22:30:00,10.27,
2024-03-26 22:45:00,10.27,
2024-03-26 23:00:00,10.28,
2024-03-26 23:15:00,10.29,
2024-03-26 23:30:00,10.3,
2024-03-26 23:45:00,10.31,
2024-03-27 00:00:00,10.32,
2024-03-27 00:15:00,10.34,
2024-03-27 00:30:00,10.34,
2024-03-27 00:45:00,10.35,
2024-03-27 01:00:00,10.36,
2024-03-27 01:15:00,10.37,
2024-03-27 01:30:00,10.37,
2024-03-27 01:45:00,10.37,
2024-03-27 02:00:00,10.38,
2024-03-27 02:15:00,10.39,
2024-03-27 02:30:00,10.39,
2024-03-27 02:45:00,10.4,
2024-03-27 03:00:00,10.4,
2024-03-27 03:15:00,10.41,
2024-03-27 03:30:00,10.42,
2024-03-27 03:45:00,10.42,
2024-03-27 04:00:00,10.43,
2024-03-27 04:15:00,10.44,
2024-03-27 04:30:00,10.44,
2024-03-27 04:45:00,10.46,
2024-03-27 05:00:00,10.46,
2024-03-27 05:15:00,10.46,
2024-03-27 05:30:00,10.47,
2024-03-27 05:45:00,10.48,
2024-03-27 06:00:00,10.49,
2024-03-27 06:15:00,10.49,
2024-03-27 06:30:00,10.51,
2024-03-27 06:45:00,10.52,
2024-03-27 07:00:00,10.54,
2024-03-27 07:15:00,10.56,
2024-03-27 07:30:00,10.57,
2024-03-27 07:45:00,10.6,
2024-03-27 08:00:00,10.64,
2024-03-27 08:15:00,10.7,
2024-03-27 08:30:00,10.76,
2024-03-27 08:45:00,10.8,
2024-03-27 09:00:00,10.84,
2024-03-27 09:15:00,10.88,
2024-03-27 09:30:00,10.9,
2024-03-27 09:45:00,10.92,
2024-03-27 10:00:00,10.94,
2024-03-27 10:15:00,10.97,
2024-03-27 10:30:00,10.97,
2024-03-27 10:45:00,10.98,
2024-03-27 11:00:00,10.96,
2024-03-27 11:15:00,10.93,
2024-03-27 11:30:00,10.94,
2024-03-27 11:45:00,10.93,
2024-03-27 12:00:00,10.91,
2024-03-27 12:15:00,10.89,
2024-03-27 12:30:00,10.85,
2024-03-27 12:45:00,10.83,
2024-03-27 13:00:00,10.82,
2024-03-27 13:15:00,10.8,
2024-03-27 13:30:00,10.78,
2024-03-27 13:45:00,10.72,
2024-03-27 14:00:00,10.67,
2024-03-27 14:15:00,10.63,
2024-03-27 14:30:00,10.59,
2024-03-27 14:45:00,10.56,
2024-03-27 15:00:00,10.51,
2024-03-27 15:15:00,10.46,
2024-03-27 15:30:00,10.44,
2024-03-27 15:45:00,10.41,
2024-03-27 16:00:00,10.39,
2024-03-27 16:15:00,10.37,
2024-03-27 16:30:00,10.35,
2024-03-27 16:45:00,10.35,
2024-03-27 17:00:00,10.34,
2024-03-27 17:15:00,10.33,
2024-03-27 17:30:00,10.32,
2024-03-27 17:45:00,10.29,
2024-03-27 18:00:00,10.26,
2024-03-27 18:15:00,10.22,
2024-03-27 18:30:00,10.17,
2024-03-27 18:45:00,10.13,
2024-03-27 19:00:00,10.09,
2024-03-27 19:15:00,10.05,
2024-03-27 19:30:00,10.03,
2024-03-27 19:45:00,10.0,
2024-03-27 20:00:00,10.0,
2024-03-27 20:15:00,9.99,
2024-03-27 20:30:00,9.98,
2024-03-27 20:45:00,9.98,
2024-03-27 21:00:00,9.99,
2024-03-27 21:15:00,9.99,
2024-03-27 21:30:00,10.0,
2024-03-27 21:45:00,10.01,
2024-03-27 22:00:00,10.02,
2024-03-27 22:15:00,10.02,
2024-03-27 22:30:00,10.02,
2024-03-27 22:45:00,10.02,
2024-03-27 23:00:00,10.02,
2024-03-27 23:15:00,10.03,
2024-03-27 23:30:00,10.02,
2024-03-27 23:45:00,10.02,
2024-03-28 00:00:00,10.02,
2024-03-28 00:15:00,10.02,
2024-03-28 00:30:00,10.03,
2024-03-28 00:45:00,10.03,
2024-03-28 01:00:00,10.03,
2024-03-28 01:15:00,10.04,
2024-03-28 01:30:00,10.04,
2024-03-28 01:45:00,10.04,
2024-03-28 02:00:00,10.05,
2024-03-28 02:15:00,10.05,
2024-03-28 02:30:00,10.05,
2024-03-28 02:45:00,10.05,
2024-03-28 03:00:00,10.05,
2024-03-28 03:15:00,10.05,
2024-03-28 03:30:00,10.04,
2024-03-28 03:45:00,10.04,
2024-03-28 04:00:00,10.04,
2024-03-28 04:15:00,10.03,
2024-03-28 04:30:00,10.04,
2024-03-28 04:45:00,10.04,
2024-03-28 05:00:00,10.03,
2024-03-28 05:15:00,10.04,
2024-03-28 05:30:00,10.04,
2024-03-28 05:45:00,10.04,
2024-03-28 06:00:00,10.04,
2024-03-28 06:15:00,10.04,
2024-03-28 06:30:00,10.03,
2024-03-28 06:45:00,10.03,
2024-03-28 07:00:00,10.03,
2024-03-28 07:15:00,10.03,
2024-03-28 07:30:00,10.05,
2024-03-28 07:45:00,10.06,
2024-03-28 08:00:00,10.08,
2024-03-28 08:15:00,10.1,
2024-03-28 08:30:00,10.13,
2024-03-28 08:45:00,10.17,
2024-03-28 09:00:00,10.22,
2024-03-28 09:15:00,10.25,
2024-03-28 09:30:00,10.29,
2024-03-28 09:45:00,10.3,
2024-03-28 10:00:00,10.29,
2024-03-28 10:15:00,10.29,
2024-03-28 10:30:00,10.29,
2024-03-28 10:45:00,10.27,
2024-03-28 11:00:00,10.26,
2024-03-28 11:15:00,10.26,
2024-03-28 11:30:00,10.26,
2024-03-28 11:45:00,10.24,
2024-03-28 12:00:00,10.24,
2024-03-28 12:15:00,10.25,
2024-03-28 12:30:00,10.24,
2024-03-28 12:45:00,10.25,
2024-03-28 13:00:00,10.26,
2024-03-28 13:15:00,10.27,
2024-03-28 13:30:00,10.32,
2024-03-28 13:45:00,10.36,
2024-03-28 14:00:00,10.39,
2024-03-28 14:15:00,10.43,
2024-03-28 14:30:00,10.46,
2024-03-28 14:45:00,10.49,
2024-03-28 15:00:00,10.51,
2024-03-28 15:15:00,10.54,
2024-03-28 15:30:00,10.57,
2024-03-28 15:45:00,10.58,
2024-03-28 16:00:00,10.58,
2024-03-28 16:15:00,10.59,
2024-03-28 16:30:00,10.59,
2024-03-28 16:45:00,10.58,
2024-03-28 17:00:00,10.58,
2024-03-28 17:15:00,10.57,
2024-03-28 17:30:00,10.56,
2024-03-28 17:45:00,10.54,
2024-03-28 18:00:00,10.51,
2024-03-28 18:15:00,10.48,
2024-03-28 18:30:00,10.45,
2024-03-28 18:45:00,10.41,
2024-03-28 19:00:00,10.36,
2024-03-28 19:15:00,10.32,
2024-03-28 19:30:00,10.28,
2024-03-28 19:45:00,10.25,
2024-03-28 20:00:00,10.23,
2024-03-28 20:15:00,10.21,
2024-03-28 20:30:00,10.2,
2024-03-28 20:45:00,10.2,
2024-03-28 21:00:00,10.2,
2024-03-28 21:15:00,10.2,
2024-03-28 21:30:00,10.21,
2024-03-28 21:45:00,10.22,
2024-03-28 22:00:00,10.23,
2024-03-28 22:15:00,10.23,
2024-03-28 22:30:00,10.24,
2024-03-28 22:45:00,10.25,
2024-03-28 23:00:00,10.25,
2024-03-28 23:15:00,10.25,
2024-03-28 23:30:00,10.25,
2024-03-28 23:45:00,10.26,
2024-03-29 00:00:00,10.26,
2024-03-29 00:15:00,10.27,
2024-03-29 00:30:00,10.28,
2024-03-29 00:45:00,10.28,
2024-03-29 01:00:00,10.29,
2024-03-29 01:15:00,10.3,
2024-03-29 01:30:00,10.31,
2024-03-29 01:45:00,10.31,
2024-03-29 02:00:00,10.32,
2024-03-29 02:15:00,10.33,
2024-03-29 02:30:00,10.34,
2024-03-29 02:45:00,10.35,
2024-03-29 03:00:00,10.35,
2024-03-29 03:15:00,10.36,
2024-03-29 03:30:00,10.36,
2024-03-29 03:45:00,10.37,
2024-03-29 04:00:00,10.37,
2024-03-29 04:15:00,10.38,
2024-03-29 04:30:00,10.37,
2024-03-29 04:45:00,10.39,
2024-03-29 05:00:00,10.38,
2024-03-29 05:15:00,10.4,
2024-03-29 05:30:00,10.4,
2024-03-29 05:45:00,10.4,
2024-03-29 06:00:00,10.41,
2024-03-29 06:15:00,10.41,
2024-03-29 06:30:00,10.43,
2024-03-29 06:45:00,10.44,
2024-03-29 07:00:00,10.46,
2024-03-29 07:15:00,10.5,
2024-03-29 07:30:00,10.53,
2024-03-29 07:45:00,10.58,
2024-03-29 08:00:00,10.62,
2024-03-29 08:15:00,10.68,
2024-03-29 08:30:00,10.73,
2024-03-29 08:45:00,10.77,
2024-03-29 09:00:00,10.81,
2024-03-29 09:15:00,10.85,
2024-03-29 09:30:00,10.89,
2024-03-29 09:45:00,10.91,
2024-03-29 10:00:00,10.94,
2024-03-29 10:15:00,10.95,
2024-03-29 10:30:00,10.96,
2024-03-29 10:45:00,10.96,
2024-03-29 11:00:00,10.97,
2024-03-29 11:15:00,10.96,
2024-03-29 11:30:00,10.94,
2024-03-29 11:45:00,10.92,
2024-03-29 12:00:00,10.88,
2024-03-29 12:15:00,10.85,
2024-03-29 12:30:00,10.82,
2024-03-29 12:45:00,10.78,
2024-03-29 13:00:00,10.73,
2024-03-29 13:15:00,10.68,
2024-03-29 13:30:00,10.63,
2024-03-29 13:45:00,10.57,
2024-03-29 14:00:00,10.53,
2024-03-29 14:15:00,10.49,
2024-03-29 14:30:00,10.43,
2024-03-29 14:45:00,10.39,
2024-03-29 15:00:00,10.35,
2024-03-29 15:15:00,10.3,
2024-03-29 15:30:00,10.28,
2024-03-29 15:45:00,10.24,
2024-03-29 16:00:00,10.21,
2024-03-29 16:15:00,10.18,
2024-03-29 16:30:00,10.13,
2024-03-29 16:45:00,10.1,
2024-03-29 17:00:00,10.09,
2024-03-29 17:15:00,10.07,
2024-03-29 17:30:00,10.05,
2024-03-29 17:45:00,10.03,
2024-03-29 18:00:00,10.0,
2024-03-29 18:15:00,9.96,
2024-03-29 18:30:00,9.9,
2024-03-29 18:45:00,9.85,
2024-03-29 19:00:00,9.81,
2024-03-29 19:15:00,9.77,
2024-03-29 19:30:00,9.74,
2024-03-29 19:45:00,9.72,
2024-03-29 20:00:00,9.71,
2024-03-29 20:15:00,9.7,
2024-03-29 20:30:00,9.69,
2024-03-29 20:45:00,9.69,
2024-03-29 21:00:00,9.69,
2024-03-29 21:15:00,9.69,
2024-03-29 21:30:00,9.69,
2024-03-29 21:45:00,9.7,
2024-03-29 22:00:00,9.71,
2024-03-29 22:15:00,9.72,
2024-03-29 22:30:00,9.72,
2024-03-29 22:45:00,9.73,
2024-03-29 23:00:00,9.74,
2024-03-29 23:15:00,9.75,
2024-03-29 23:30:00,9.75,
2024-03-29 23:45:00,9.76,
2024-03-30 00:00:00,9.77,
2024-03-30 00:15:00,9.78,
2024-03-30 00:30:00,9.78,
2024-03-30 00:45:00,9.79,
2024-03-30 01:00:00,9.8,
2024-03-30 01:15:00,9.8,
2024-03-30 01:30:00,9.81,
2024-03-30 01:45:00,9.82,
2024-03-30 02:00:00,9.82,
2024-03-30 02:15:00,9.81,
2024-03-30 02:30:00,9.83,
2024-03-30 02:45:00,9.82,
2024-03-30 03:00:00,9.83,
2024-03-30 03:15:00,9.82,
2024-03-30 03:30:00,9.82,
2024-03-30 03:45:00,9.82,
2024-03-30 04:00:00,9.81,
2024-03-30 04:15:00,9.82,
2024-03-30 04:30:00,9.82,
2024-03-30 04:45:00,9.82,
2024-03-30 05:00:00,9.82,
2024-03-30 05:15:00,9.82,
2024-03-30 05:30:00,9.82,
2024-03-30 05:45:00,9.82,
2024-03-30 06:00:00,9.82,
2024-03-30 06:15:00,9.82,
2024-03-30 06:30:00,9.82,
2024-03-30 06:45:00,9.84,
2024-03-30 07:00:00,9.85,
2024-03-30 07:15:00,9.87,
2024-03-30 07:30:00,9.88,
2024-03-30 07:45:00,9.9,
2024-03-30 08:00:00,9.92,
2024-03-30 08:15:00,9.94,
2024-03-30 08:30:00,9.97,
2024-03-30 08:45:00,10.01,
2024-03-30 09:00:00,10.06,
2024-03-30 09:15:00,10.11,
2024-03-30 09:30:00,10.16,
2024-03-30 09:45:00,10.2,
2024-03-30 10:00:00,10.25,
2024-03-30 10:15:00,10.29,
2024-03-30 10:30:00,10.32,
2024-03-30 10:45:00,10.35,
2024-03-30 11:00:00,10.39,
2024-03-30 11:15:00,10.42,
2024-03-30 11:30:00,10.43,
2024-03-30 11:45:00,10.42,
2024-03-30 12:00:00,10.42,
2024-03-30 12:15:00,10.41,
2024-03-30 12:30:00,10.4,
2024-03-30 12:45:00,10.36,
2024-03-30 13:00:00,10.34,
2024-03-30 13:15:00,10.32,
2024-03-30 13:30:00,10.31,
2024-03-30 13:45:00,10.27,
2024-03-30 14:00:00,10.21,
2024-03-30 14:15:00,10.17,
2024-03-30 14:30:00,10.16,
2024-03-30 14:45:00,10.16,
2024-03-30 15:00:00,10.15,
2024-03-30 15:15:00,10.14,
2024-03-30 15:30:00,10.13,
2024-03-30 15:45:00,10.11,
2024-03-30 16:00:00,10.08,
2024-03-30 16:15:00,10.04,
2024-03-30 16:30:00,10.02,
2024-03-30 16:45:00,9.98,
2024-03-30 17:00:00,9.95,
2024-03-30 17:15:00,9.93,
2024-03-30 17:30:00,9.92,
2024-03-30 17:45:00,9.91,
2024-03-30 18:00:00,9.89,
2024-03-30 18:15:00,9.85,
2024-03-30 18:30:00,9.83,
2024-03-30 18:45:00,9.79,
2024-03-30 19:00:00,9.75,
2024-03-30 19:15:00,9.71,
2024-03-30 19:30:00,9.68,
2024-03-30 19:45:00,9.66,
2024-03-30 20:00:00,9.64,
2024-03-30 20:15:00,9.63,
2024-03-30 20:30:00,9.62,
2024-03-30 20:45:00,9.62,
2024-03-30 21:00:00,9.62,
2024-03-30 21:15:00,9.63,
2024-03-30 21:30:00,9.63,
2024-03-30 21:45:00,9.63,
2024-03-30 22:00:00,9.64,
2024-03-30 22:15:00,9.64,
2024-03-30 22:30:00,9.64,
2024-03-30 22:45:00,9.65,
2024-03-30 23:00:00,9.64,
2024-03-30 23:15:00,9.65,
2024-03-30 23:30:00,9.66,
2024-03-30 23:45:00,9.67,
2024-03-31 00:00:00,9.66,
2024-03-31 00:15:00,9.67,
2024-03-31 00:30:00,9.67,
2024-03-31 00:45:00,9.68,
2024-03-31 01:00:00,9.68,
2024-03-31 01:15:00,9.68,
2024-03-31 01:30:00,9.68,
2024-03-31 01:45:00,9.68,
2024-03-31 02:00:00,9.69,
2024-03-31 02:15:00,9.69,
2024-03-31 02:30:00,9.69,
2024-03-31 02:45:00,9.69,
2024-03-31 03:00:00,9.69,
2024-03-31 03:15:00,9.69,
2024-03-31 03:30:00,9.69,
2024-03-31 03:45:00,9.69,
2024-03-31 04:00:00,9.69,
2024-03-31 04:15:00,9.69,
2024-03-31 04:30:00,9.69,
2024-03-31 04:45:00,9.69,
2024-03-31 05:00:00,9.68,
2024-03-31 05:15:00,9.67,
2024-03-31 05:30:00,9.67,
2024-03-31 05:45:00,9.68,
2024-03-31 06:00:00,9.7,
2024-03-31 06:15:00,9.7,
2024-03-31 06:30:00,9.7,
2024-03-31 06:45:00,9.7,
2024-03-31 07:00:00,9.72,
2024-03-31 07:15:00,9.74,
2024-03-31 07:30:00,9.77,
2024-03-31 07:45:00,9.81,
2024-03-31 08:00:00,9.85,
2024-03-31 08:15:00,9.88,
2024-03-31 08:30:00,9.92,
2024-03-31 08:45:00,9.96,
2024-03-31 09:00:00,10.0,
2024-03-31 09:15:00,10.05,
2024-03-31 09:30:00,10.08,
2024-03-31 09:45:00,10.14,
2024-03-31 10:00:00,10.18,
2024-03-31 10:15:00,10.2,
2024-03-31 10:30:00,10.21,
2024-03-31 10:45:00,10.21,
2024-03-31 11:00:00,10.2,
2024-03-31 11:15:00,10.2,
2024-03-31 11:30:00,10.22,
2024-03-31 11:45:00,10.23,
2024-03-31 12:00:00,10.21,
2024-03-31 12:15:00,10.2,
2024-03-31 12:30:00,10.21,
2024-03-31 12:45:00,10.19,
2024-03-31 13:00:00,10.2,
2024-03-31 13:15:00,10.22,
2024-03-31 13:30:00,10.22,
2024-03-31 13:45:00,10.27,
2024-03-31 14:00:00,10.31,
2024-03-31 14:15:00,10.33,
2024-03-31 14:30:00,10.35,
2024-03-31 14:45:00,10.36,
2024-03-31 15:00:00,10.36,
2024-03-31 15:15:00,10.36,
2024-03-31 15:30:00,10.34,
2024-03-31 15:45:00,10.3,
2024-03-31 16:00:00,10.27,
2024-03-31 16:15:00,10.22,
2024-03-31 16:30:00,10.15,
2024-03-31 16:45:00,10.12,
2024-03-31 17:00:00,10.07,
2024-03-31 17:15:00,10.04,
2024-03-31 17:30:00,10.01,
2024-03-31 17:45:00,9.99,
2024-03-31 18:00:00,9.98,
2024-03-31 18:15:00,9.97,
2024-03-31 18:30:00,9.97,
2024-03-31 18:45:00,9.95,
2024-03-31 19:00:00,9.92,
2024-03-31 19:15:00,9.9,
2024-03-31 19:30:00,9.88,
2024-03-31 19:45:00,9.86,
2024-03-31 20:00:00,9.85,
2024-03-31 20:15:00,9.83,
2024-03-31 20:30:00,9.81,
2024-03-31 20:45:00,9.8,
2024-03-31 21:00:00,9.82,
2024-03-31 21:15:00,9.81,
2024-03-31 21:30:00,9.83,
2024-03-31 21:45:00,9.84,
2024-03-31 22:00:00,9.85,
2024-03-31 22:15:00,9.86,
2024-03-31 22:30:00,9.88,
2024-03-31 22:45:00,9.89,
2024-03-31 23:00:00,9.9,
2024-03-31 23:15:00,9.91,
2024-03-31 23:30:00,9.94,
2024-03-31 23:45:00,9.94,
2024-04-01 00:00:00,9.95,
2024-04-01 00:15:00,9.94,
2024-04-01 00:30:00,9.93,
2024-04-01 00:45:00,9.93,
2024-04-01 01:00:00,9.92,
2024-04-01 01:15:00,9.93,
2024-04-01 01:30:00,9.93,
2024-04-01 01:45:00,9.93,
2024-04-01 02:00:00,9.93,
2024-04-01 02:15:00,9.93,
2024-04-01 02:30:00,9.93,
2024-04-01 02:45:00,9.93,
2024-04-01 03:00:00,9.94,
2024-04-01 03:15:00,9.94,
2024-04-01 03:30:00,9.95,
2024-04-01 03:45:00,9.95,
2024-04-01 04:00:00,9.96,
2024-04-01 04:15:00,9.97,
2024-04-01 04:30:00,9.98,
2024-04-01 04:45:00,9.98,
2024-04-01 05:00:00,9.98,
2024-04-01 05:15:00,9.98,
2024-04-01 05:30:00,9.98,
2024-04-01 05:45:00,9.98,
2024-04-01 06:00:00,9.99,
2024-04-01 06:15:00,10.0,
2024-04-01 06:30:00,10.01,
2024-04-01 06:45:00,10.02,
2024-04-01 07:00:00,10.04,
2024-04-01 07:15:00,10.06,
2024-04-01 07:30:00,10.1,
2024-04-01 07:45:00,10.16,
2024-04-01 08:00:00,10.21,
2024-04-01 08:15:00,10.25,
2024-04-01 08:30:00,10.28,
2024-04-01 08:45:00,10.32,
2024-04-01 09:00:00,10.34,
2024-04-01 09:15:00,10.38,
2024-04-01 09:30:00,10.42,
2024-04-01 09:45:00,10.48,
2024-04-01 10:00:00,10.5,
2024-04-01 10:15:00,10.5,
2024-04-01 10:30:00,10.51,
2024-04-01 10:45:00,10.51,
2024-04-01 11:00:00,10.53,
2024-04-01 11:15:00,10.53,
2024-04-01 11:30:00,10.53,
2024-04-01 11:45:00,10.52,
2024-04-01 12:00:00,10.51,
2024-04-01 12:15:00,10.52,
2024-04-01 12:30:00,10.5,
2024-04-01 12:45:00,10.49,
2024-04-01 13:00:00,10.5,
2024-04-01 13:15:00,10.47,
2024-04-01 13:30:00,10.44,
2024-04-01 13:45:00,10.44,
2024-04-01 14:00:00,10.45,
2024-04-01 14:15:00,10.4,
2024-04-01 14:30:00,10.33,
2024-04-01 14:45:00,10.31,
2024-04-01 15:00:00,10.27,
2024-04-01 15:15:00,10.22,
2024-04-01 15:30:00,10.17,
2024-04-01 15:45:00,10.14,
2024-04-01 16:00:00,10.13,
2024-04-01 16:15:00,10.13,
2024-04-01 16:30:00,10.11,
2024-04-01 16:45:00,10.09,
2024-04-01 17:00:00,10.06,
2024-04-01 17:15:00,10.05,
2024-04-01 17:30:00,10.01,
2024-04-01 17:45:00,9.99,
2024-04-01 18:00:00,9.96,
2024-04-01 18:15:00,9.92,
2024-04-01 18:30:00,9.89,
2024-04-01 18:45:00,9.86,
2024-04-01 19:00:00,9.83,
2024-04-01 19:15:00,9.82,
2024-04-01 19:30:00,9.79,
2024-04-01 19:45:00,9.78,
2024-04-01 20:00:00,9.77,
2024-04-01 20:15:00,9.76,
2024-04-01 20:30:00,9.75,
2024-04-01 20:45:00,9.76,
2024-04-01 21:00:00,9.76,
2024-04-01 21:15:00,9.77,
2024-04-01 21:30:00,9.78,
2024-04-01 21:45:00,9.78,
2024-04-01 22:00:00,9.8,
2024-04-01 22:15:00,9.81,
2024-04-01 22:30:00,9.81,
2024-04-01 22:45:00,9.82,
2024-04-01 23:00:00,9.83,
2024-04-01 23:15:00,9.85,
2024-04-01 23:30:00,9.85,
2024-04-01 23:45:00,9.87,
2024-04-02 00:00:00,9.88,
2024-04-02 00:15:00,9.89,
2024-04-02 00:30:00,9.9,
2024-04-02 00:45:00,9.92,
2024-04-02 01:00:00,9.94,
2024-04-02 01:15:00,9.96,
2024-04-02 01:30:00,9.98,
2024-04-02 01:45:00,10.0,
2024-04-02 02:00:00,10.02,
2024-04-02 02:15:00,10.03,
2024-04-02 02:30:00,10.05,
2024-04-02 02:45:00,10.06,
2024-04-02 03:00:00,10.08,
2024-04-02 03:15:00,10.09,
2024-04-02 03:30:00,10.1,
2024-04-02 03:45:00,10.12,
2024-04-02 04:00:00,10.13,
2024-04-02 04:15:00,10.14,
2024-04-02 04:30:00,10.16,
2024-04-02 04:45:00,10.17,
2024-04-02 05:00:00,10.18,
2024-04-02 05:15:00,10.18,
2024-04-02 05:30:00,10.19,
2024-04-02 05:45:00,10.2,
2024-04-02 06:00:00,10.21,
2024-04-02 06:15:00,10.23,
2024-04-02 06:30:00,10.23,
2024-04-02 06:45:00,10.25,
2024-04-02 07:00:00,10.28,
2024-04-02 07:15:00,10.31,
2024-04-02 07:30:00,10.35,
2024-04-02 07:45:00,10.39,
2024-04-02 08:00:00,10.45,
2024-04-02 08:15:00,10.49,
2024-04-02 08:30:00,10.54,
2024-04-02 08:45:00,10.59,
2024-04-02 09:00:00,10.63,
2024-04-02 09:15:00,10.66,
2024-04-02 09:30:00,10.7,
2024-04-02 09:45:00,10.72,
2024-04-02 10:00:00,10.76,
2024-04-02 10:15:00,10.77,
2024-04-02 10:30:00,10.79,
2024-04-02 10:45:00,10.79,
2024-04-02 11:00:00,10.81,
2024-04-02 11:15:00,10.8,
2024-04-02 11:30:00,10.79,
2024-04-02 11:45:00,10.76,
2024-04-02 12:00:00,10.74,
2024-04-02 12:15:00,10.72,
2024-04-02 12:30:00,10.69,
2024-04-02 12:45:00,10.65,
2024-04-02 13:00:00,10.61,
2024-04-02 13:15:00,10.57,
2024-04-02 13:30:00,10.53,
2024-04-02 13:45:00,10.5,
2024-04-02 14:00:00,10.46,
2024-04-02 14:15:00,10.42,
2024-04-02 14:30:00,10.38,
2024-04-02 14:45:00,10.32,
2024-04-02 15:00:00,10.28,
2024-04-02 15:15:00,10.26,
2024-04-02 15:30:00,10.22,
2024-04-02 15:45:00,10.17,
2024-04-02 16:00:00,10.13,
2024-04-02 16:15:00,10.08,
2024-04-02 16:30:00,10.03,
2024-04-02 16:45:00,10.0,
2024-04-02 17:00:00,9.95,
2024-04-02 17:15:00,9.94,
2024-04-02 17:30:00,9.91,
2024-04-02 17:45:00,9.88,
2024-04-02 18:00:00,9.85,
2024-04-02 18:15:00,9.82,
2024-04-02 18:30:00,9.78,
2024-04-02 18:45:00,9.74,
2024-04-02 19:00:00,9.69,
2024-04-02 19:15:00,9.64,
2024-04-02 19:30:00,9.61,
2024-04-02 19:45:00,9.59,
2024-04-02 20:00:00,9.57,
2024-04-02 20:15:00,9.55,
2024-04-02 20:30:00,9.54,
2024-04-02 20:45:00,9.54,
2024-04-02 21:00:00,9.55,
2024-04-02 21:15:00,9.56,
2024-04-02 21:30:00,9.57,
2024-04-02 21:45:00,9.57,
2024-04-02 22:00:00,9.58,
2024-04-02 22:15:00,9.58,
2024-04-02 22:30:00,9.6,
2024-04-02 22:45:00,9.61,
2024-04-02 23:00:00,9.62,
2024-04-02 23:15:00,9.63,
2024-04-02 23:30:00,9.66,
2024-04-02 23:45:00,9.68,
2024-04-03 00:00:00,9.69,
2024-04-03 00:15:00,9.71,
2024-04-03 00:30:00,9.72,
2024-04-03 00:45:00,9.73,
2024-04-03 01:00:00,9.75,
2024-04-03 01:15:00,9.77,
2024-04-03 01:30:00,9.78,
2024-04-03 01:45:00,9.79,
2024-04-03 02:00:00,9.8,
2024-04-03 02:15:00,9.81,
2024-04-03 02:30:00,9.82,
2024-04-03 02:45:00,9.83,
2024-04-03 03:00:00,9.84,
2024-04-03 03:15:00,9.84,
2024-04-03 03:30:00,9.84,
2024-04-03 03:45:00,9.84,
2024-04-03 04:00:00,9.85,
2024-04-03 04:15:00,9.85,
2024-04-03 04:30:00,9.86,
2024-04-03 04:45:00,9.85,
2024-04-03 05:00:00,9.86,
2024-04-03 05:15:00,9.86,
2024-04-03 05:30:00,9.87,
2024-04-03 05:45:00,9.88,
2024-04-03 06:00:00,9.88,
2024-04-03 06:15:00,9.89,
2024-04-03 06:30:00,9.91,
2024-04-03 06:45:00,9.93,
2024-04-03 07:00:00,9.95,
2024-04-03 07:15:00,9.98,
2024-04-03 07:30:00,10.02,
2024-04-03 07:45:00,10.06,
2024-04-03 08:00:00,10.11,
2024-04-03 08:15:00,10.16,
2024-04-03 08:30:00,10.2,
2024-04-03 08:45:00,10.25,
2024-04-03 09:00:00,10.29,
2024-04-03 09:15:00,10.33,
2024-04-03 09:30:00,10.36,
2024-04-03 09:45:00,10.4,
2024-04-03 10:00:00,10.43,
2024-04-03 10:15:00,10.46,
2024-04-03 10:30:00,10.47,
2024-04-03 10:45:00,10.48,
2024-04-03 11:00:00,10.49,
2024-04-03 11:15:00,10.49,
2024-04-03 11:30:00,10.49,
2024-04-03 11:45:00,10.46,
2024-04-03 12:00:00,10.45,
2024-04-03 12:15:00,10.43,
2024-04-03 12:30:00,10.4,
2024-04-03 12:45:00,10.37,
2024-04-03 13:00:00,10.33,
2024-04-03 13:15:00,10.31,
2024-04-03 13:30:00,10.28,
2024-04-03 13:45:00,10.24,
2024-04-03 14:00:00,10.2,
2024-04-03 14:15:00,10.16,
2024-04-03 14:30:00,10.12,
2024-04-03 14:45:00,10.08,
2024-04-03 15:00:00,10.03,
2024-04-03 15:15:00,9.99,
2024-04-03 15:30:00,9.95,
2024-04-03 15:45:00,9.91,
2024-04-03 16:00:00,9.87,
2024-04-03 16:15:00,9.83,
2024-04-03 16:30:00,9.78,
2024-04-03 16:45:00,9.74,
2024-04-03 17:00:00,9.69,
2024-04-03 17:15:00,9.65,
2024-04-03 17:30:00,9.6,
2024-04-03 17:45:00,9.56,
2024-04-03 18:00:00,9.51,
2024-04-03 18:15:00,9.46,
2024-04-03 18:30:00,9.41,
2024-04-03 18:45:00,9.37,
2024-04-03 19:00:00,9.32,
2024-04-03 19:15:00,9.28,
2024-04-03 19:30:00,9.25,
2024-04-03 19:45:00,9.24,
2024-04-03 20:00:00,9.23,
2024-04-03 20:15:00,9.22,
2024-04-03 20:30:00,9.22,
2024-04-03 20:45:00,9.22,
2024-04-03 21:00:00,9.23,
2024-04-03 21:15:00,9.23,
2024-04-03 21:30:00,9.24,
2024-04-03 21:45:00,9.25,
2024-04-03 22:00:00,9.26,
2024-04-03 22:15:00,9.27,
2024-04-03 22:30:00,9.29,
2024-04-03 22:45:00,9.31,
2024-04-03 23:00:00,9.33,
2024-04-03 23:15:00,9.34,
2024-04-03 23:30:00,9.36,
2024-04-03 23:45:00,9.38,
2024-04-04 00:00:00,9.4,
2024-04-04 00:15:00,9.41,
2024-04-04 00:30:00,9.42,
2024-04-04 00:45:00,9.43,
2024-04-04 01:00:00,9.44,
2024-04-04 01:15:00,9.45,
2024-04-04 01:30:00,9.45,
2024-04-04 01:45:00,9.46,
2024-04-04 02:00:00,9.46,
2024-04-04 02:15:00,9.46,
2024-04-04 02:30:00,9.46,
2024-04-04 02:45:00,9.46,
2024-04-04 03:00:00,9.45,
2024-04-04 03:15:00,9.45,
2024-04-04 03:30:00,9.45,
2024-04-04 03:45:00,9.46,
2024-04-04 04:00:00,9.46,
2024-04-04 04:15:00,9.47,
2024-04-04 04:30:00,9.48,
2024-04-04 04:45:00,9.5,
2024-04-04 05:00:00,9.52,
2024-04-04 05:15:00,9.53,
2024-04-04 05:30:00,9.55,
2024-04-04 05:45:00,9.58,
2024-04-04 06:00:00,9.6,
2024-04-04 06:15:00,9.62,
2024-04-04 06:30:00,9.65,
2024-04-04 06:45:00,9.68,
2024-04-04 07:00:00,9.71,
2024-04-04 07:15:00,9.74,
2024-04-04 07:30:00,9.77,
2024-04-04 07:45:00,9.8,
2024-04-04 08:00:00,9.84,
2024-04-04 08:15:00,9.88,
2024-04-04 08:30:00,9.91,
2024-04-04 08:45:00,9.94,
2024-04-04 09:00:00,9.96,
2024-04-04 09:15:00,9.99,
2024-04-04 09:30:00,10.02,
2024-04-04 09:45:00,10.05,
2024-04-04 10:00:00,10.08,
2024-04-04 10:15:00,10.11,
2024-04-04 10:30:00,10.13,
2024-04-04 10:45:00,10.16,
2024-04-04 11:00:00,10.17,
2024-04-04 11:15:00,10.18,
2024-04-04 11:30:00,10.19,
2024-04-04 11:45:00,10.21,
2024-04-04 12:00:00,10.21,
2024-04-04 12:15:00,10.21,
2024-04-04 12:30:00,10.19,
2024-04-04 12:45:00,10.18,
2024-04-04 13:00:00,10.16,
2024-04-04 13:15:00,10.12,
2024-04-04 13:30:00,10.1,
2024-04-04 13:45:00,10.08,
2024-04-04 14:00:00,10.06,
2024-04-04 14:15:00,10.03,
2024-04-04 14:30:00,10.01,
2024-04-04 14:45:00,9.99,
2024-04-04 15:00:00,9.97,
2024-04-04 15:15:00,9.96,
2024-04-04 15:30:00,9.92,
2024-04-04 15:45:00,9.88,
2024-04-04 16:00:00,9.86,
2024-04-04 16:15:00,9.83,
2024-04-04 16:30:00,9.79,
2024-04-04 16:45:00,9.77,
2024-04-04 17:00:00,9.73,
2024-04-04 17:15:00,9.7,
2024-04-04 17:30:00,9.67,
2024-04-04 17:45:00,9.64,
2024-04-04 18:00:00,9.61,
2024-04-04 18:15:00,9.58,
2024-04-04 18:30:00,9.54,
2024-04-04 18:45:00,9.5,
2024-04-04 19:00:00,9.47,
2024-04-04 19:15:00,9.44,
2024-04-04 19:30:00,9.41,
2024-04-04 19:45:00,9.39,
2024-04-04 20:00:00,9.37,
2024-04-04 20:15:00,9.35,
2024-04-04 20:30:00,9.35,
2024-04-04 20:45:00,9.33,
2024-04-04 21:00:00,9.32,
2024-04-04 21:15:00,9.31,
2024-04-04 21:30:00,9.31,
2024-04-04 21:45:00,9.31,
2024-04-04 22:00:00,9.33,
2024-04-04 22:15:00,9.34,
2024-04-04 22:30:00,9.36,
2024-04-04 22:45:00,9.36,
2024-04-04 23:00:00,9.38,
2024-04-04 23:15:00,9.39,
2024-04-04 23:30:00,9.4,
2024-04-04 23:45:00,9.42,
2024-04-05 00:00:00,9.43,
2024-04-05 00:15:00,9.43,
2024-04-05 00:30:00,9.44,
2024-04-05 00:45:00,9.45,
2024-04-05 01:00:00,9.46,
2024-04-05 01:15:00,9.47,
2024-04-05 01:30:00,9.48,
2024-04-05 01:45:00,9.47,
2024-04-05 02:00:00,9.47,
2024-04-05 02:15:00,9.48,
2024-04-05 02:30:00,9.47,
2024-04-05 02:45:00,9.48,
2024-04-05 03:00:00,9.48,
2024-04-05 03:15:00,9.49,
2024-04-05 03:30:00,9.49,
2024-04-05 03:45:00,9.51,
2024-04-05 04:00:00,9.51,
2024-04-05 04:15:00,9.52,
2024-04-05 04:30:00,9.53,
2024-04-05 04:45:00,9.54,
2024-04-05 05:00:00,9.57,
2024-04-05 05:15:00,9.58,
2024-04-05 05:30:00,9.6,
2024-04-05 05:45:00,9.62,
2024-04-05 06:00:00,9.64,
2024-04-05 06:15:00,9.65,
2024-04-05 06:30:00,9.68,
2024-04-05 06:45:00,9.7,
2024-04-05 07:00:00,9.73,
2024-04-05 07:15:00,9.76,
2024-04-05 07:30:00,9.78,
2024-04-05 07:45:00,9.82,
2024-04-05 08:00:00,9.85,
2024-04-05 08:15:00,9.88,
2024-04-05 08:30:00,9.9,
2024-04-05 08:45:00,9.93,
2024-04-05 09:00:00,9.96,
2024-04-05 09:15:00,9.99,
2024-04-05 09:30:00,10.01,
2024-04-05 09:45:00,10.05,
2024-04-05 10:00:00,10.08,
2024-04-05 10:15:00,10.11,
2024-04-05 10:30:00,10.12,
2024-04-05 10:45:00,10.12,
2024-04-05 11:00:00,10.1,
2024-04-05 11:15:00,10.09,
2024-04-05 11:30:00,10.1,
2024-04-05 11:45:00,10.1,
2024-04-05 12:00:00,10.11,
2024-04-05 12:15:00,10.11,
2024-04-05 12:30:00,10.11,
2024-04-05 12:45:00,10.1,
2024-04-05 13:00:00,10.11,
2024-04-05 13:15:00,10.09,
2024-04-05 13:30:00,10.08,
2024-04-05 13:45:00,10.07,
2024-04-05 14:00:00,10.07,
2024-04-05 14:15:00,10.07,
2024-04-05 14:30:00,10.08,
2024-04-05 14:45:00,10.08,
2024-04-05 15:00:00,10.07,
2024-04-05 15:15:00,10.06,
2024-04-05 15:30:00,10.05,
2024-04-05 15:45:00,10.05,
2024-04-05 16:00:00,10.06,
2024-04-05 16:15:00,10.06,
2024-04-05 16:30:00,10.08,
2024-04-05 16:45:00,10.08,
2024-04-05 17:00:00,10.09,
2024-04-05 17:15:00,10.11,
2024-04-05 17:30:00,10.12,
2024-04-05 17:45:00,10.11,
2024-04-05 18:00:00,10.1,
2024-04-05 18:15:00,10.08,
2024-04-05 18:30:00,10.06,
2024-04-05 18:45:00,10.05,
2024-04-05 19:00:00,10.04,
2024-04-05 19:15:00,10.03,
2024-04-05 19:30:00,10.03,
2024-04-05 19:45:00,10.02,
2024-04-05 20:00:00,10.03,
2024-04-05 20:15:00,10.03,
2024-04-05 20:30:00,10.03,
2024-04-05 20:45:00,10.04,
2024-04-05 21:00:00,10.04,
2024-04-05 21:15:00,10.05,
2024-04-05 21:30:00,10.06,
2024-04-05 21:45:00,10.07,
2024-04-05 22:00:00,10.08,
2024-04-05 22:15:00,10.09,
2024-04-05 22:30:00,10.1,
2024-04-05 22:45:00,10.11,
2024-04-05 23:00:00,10.12,
2024-04-05 23:15:00,10.14,
2024-04-05 23:30:00,10.15,
2024-04-05 23:45:00,10.15,
2024-04-06 00:00:00,10.16,
2024-04-06 00:15:00,10.16,
2024-04-06 00:30:00,10.16,
2024-04-06 00:45:00,10.17,
2024-04-06 01:00:00,10.17,
2024-04-06 01:15:00,10.18,
2024-04-06 01:30:00,10.18,
2024-04-06 01:45:00,10.18,
2024-04-06 02:00:00,10.18,
2024-04-06 02:15:00,10.19,
2024-04-06 02:30:00,10.19,
2024-04-06 02:45:00,10.19,
2024-04-06 03:00:00,10.19,
2024-04-06 03:15:00,10.19,
2024-04-06 03:30:00,10.2,
2024-04-06 03:45:00,10.21,
2024-04-06 04:00:00,10.22,
2024-04-06 04:15:00,10.22,
2024-04-06 04:30:00,10.23,
2024-04-06 04:45:00,10.24,
2024-04-06 05:00:00,10.25,
2024-04-06 05:15:00,10.27,
2024-04-06 05:30:00,10.28,
2024-04-06 05:45:00,10.29,
2024-04-06 06:00:00,10.31,
2024-04-06 06:15:00,10.32,
2024-04-06 06:30:00,10.35,
2024-04-06 06:45:00,10.37,
2024-04-06 07:00:00,10.39,
2024-04-06 07:15:00,10.42,
2024-04-06 07:30:00,10.46,
2024-04-06 07:45:00,10.5,
2024-04-06 08:00:00,10.53,
2024-04-06 08:15:00,10.56,
2024-04-06 08:30:00,10.6,
2024-04-06 08:45:00,10.63,
2024-04-06 09:00:00,10.67,
2024-04-06 09:15:00,10.71,
2024-04-06 09:30:00,10.73,
2024-04-06 09:45:00,10.77,
2024-04-06 10:00:00,10.79,
2024-04-06 10:15:00,10.81,
2024-04-06 10:30:00,10.83,
2024-04-06 10:45:00,10.85,
2024-04-06 11:00:00,10.86,
2024-04-06 11:15:00,10.86,
2024-04-06 11:30:00,10.85,
2024-04-06 11:45:00,10.86,
2024-04-06 12:00:00,10.85,
2024-04-06 12:15:00,10.83,
2024-04-06 12:30:00,10.84,
2024-04-06 12:45:00,10.85,
2024-04-06 13:00:00,10.82,
2024-04-06 13:15:00,10.78,
2024-04-06 13:30:00,10.76,
2024-04-06 13:45:00,10.71,
2024-04-06 14:00:00,10.66,
2024-04-06 14:15:00,10.66,
2024-04-06 14:30:00,10.66,
2024-04-06 14:45:00,10.62,
2024-04-06 15:00:00,10.62,
2024-04-06 15:15:00,10.61,
2024-04-06 15:30:00,10.59,
2024-04-06 15:45:00,10.59,
2024-04-06 16:00:00,10.62,
2024-04-06 16:15:00,10.62,
2024-04-06 16:30:00,10.62,
2024-04-06 16:45:00,10.64,
2024-04-06 17:00:00,10.64,
2024-04-06 17:15:00,10.65,
2024-04-06 17:30:00,10.65,
2024-04-06 17:45:00,10.64,
2024-04-06 18:00:00,10.63,
2024-04-06 18:15:00,10.61,
2024-04-06 18:30:00,10.57,
2024-04-06 18:45:00,10.52,
2024-04-06 19:00:00,10.49,
2024-04-06 19:15:00,10.46,
2024-04-06 19:30:00,10.43,
2024-04-06 19:45:00,10.41,
2024-04-06 20:00:00,10.39,
2024-04-06 20:15:00,10.38,
2024-04-06 20:30:00,10.38,
2024-04-06 20:45:00,10.39,
2024-04-06 21:00:00,10.4,
2024-04-06 21:15:00,10.4,
2024-04-06 21:30:00,10.4,
2024-04-06 21:45:00,10.41,
2024-04-06 22:00:00,10.42,
2024-04-06 22:15:00,10.43,
2024-04-06 22:30:00,10.44,
2024-04-06 22:45:00,10.45,
2024-04-06 23:00:00,10.44,
2024-04-06 23:15:00,10.44,
2024-04-06 23:30:00,10.44,
2024-04-06 23:45:00,10.45,
2024-04-07 00:00:00,10.44,
2024-04-07 00:15:00,10.44,
2024-04-07 00:30:00,10.44,
2024-04-07 00:45:00,10.44,
2024-04-07 01:00:00,10.45,
2024-04-07 01:15:00,10.45,
2024-04-07 01:30:00,10.45,
2024-04-07 01:45:00,10.46,
2024-04-07 02:00:00,10.46,
2024-04-07 02:15:00,10.46,
2024-04-07 02:30:00,10.46,
2024-04-07 02:45:00,10.46,
2024-04-07 03:00:00,10.46,
2024-04-07 03:15:00,10.46,
2024-04-07 03:30:00,10.47,
2024-04-07 03:45:00,10.47,
2024-04-07 04:00:00,10.48,
2024-04-07 04:15:00,10.49,
2024-04-07 04:30:00,10.49,
2024-04-07 04:45:00,10.5,
2024-04-07 05:00:00,10.5,
2024-04-07 05:15:00,10.51,
2024-04-07 05:30:00,10.51,
2024-04-07 05:45:00,10.53,
2024-04-07 06:00:00,10.53,
2024-04-07 06:15:00,10.54,
2024-04-07 06:30:00,10.56,
2024-04-07 06:45:00,10.58,
2024-04-07 07:00:00,10.61,
2024-04-07 07:15:00,10.64,
2024-04-07 07:30:00,10.68,
2024-04-07 07:45:00,10.72,
2024-04-07 08:00:00,10.77,
2024-04-07 08:15:00,10.8,
2024-04-07 08:30:00,10.84,
2024-04-07 08:45:00,10.86,
2024-04-07 09:00:00,10.88,
2024-04-07 09:15:00,10.9,
2024-04-07 09:30:00,10.91,
2024-04-07 09:45:00,10.93,
2024-04-07 10:00:00,10.94,
2024-04-07 10:15:00,10.94,
2024-04-07 10:30:00,10.95,
2024-04-07 10:45:00,10.92,
2024-04-07 11:00:00,10.89,
2024-04-07 11:15:00,10.91,
2024-04-07 11:30:00,10.92,
2024-04-07 11:45:00,10.89,
2024-04-07 12:00:00,10.89,
2024-04-07 12:15:00,10.89,
2024-04-07 12:30:00,10.85,
2024-04-07 12:45:00,10.82,
2024-04-07 13:00:00,10.79,
2024-04-07 13:15:00,10.78,
2024-04-07 13:30:00,10.77,
2024-04-07 13:45:00,10.78,
2024-04-07 14:00:00,10.75,
2024-04-07 14:15:00,10.72,
2024-04-07 14:30:00,10.72,
2024-04-07 14:45:00,10.71,
2024-04-07 15:00:00,10.67,
2024-04-07 15:15:00,10.62,
2024-04-07 15:30:00,10.57,
2024-04-07 15:45:00,10.52,
2024-04-07 16:00:00,10.51,
2024-04-07 16:15:00,10.55,
2024-04-07 16:30:00,10.57,
2024-04-07 16:45:00,10.56,
2024-04-07 17:00:00,10.54,
2024-04-07 17:15:00,10.5,
2024-04-07 17:30:00,10.46,
2024-04-07 17:45:00,10.44,
2024-04-07 18:00:00,10.44,
2024-04-07 18:15:00,10.41,
2024-04-07 18:30:00,10.38,
2024-04-07 18:45:00,10.33,
2024-04-07 19:00:00,10.29,
2024-04-07 19:15:00,10.25,
2024-04-07 19:30:00,10.22,
2024-04-07 19:45:00,10.21,
2024-04-07 20:00:00,10.2,
2024-04-07 20:15:00,10.19,
2024-04-07 20:30:00,10.19,
2024-04-07 20:45:00,10.19,
2024-04-07 21:00:00,10.2,
2024-04-07 21:15:00,10.2,
2024-04-07 21:30:00,10.2,
2024-04-07 21:45:00,10.2,
2024-04-07 22:00:00,10.2,
2024-04-07 22:15:00,10.21,
2024-04-07 22:30:00,10.2,
2024-04-07 22:45:00,10.21,
2024-04-07 23:00:00,10.21,
2024-04-07 23:15:00,10.22,
2024-04-07 23:30:00,10.23,
2024-04-07 23:45:00,10.23,
2024-04-08 00:00:00,10.24,
2024-04-08 00:15:00,10.24,
2024-04-08 00:30:00,10.25,
2024-04-08 00:45:00,10.25,
2024-04-08 01:00:00,10.25,
2024-04-08 01:15:00,10.25,
2024-04-08 01:30:00,10.26,
2024-04-08 01:45:00,10.26,
2024-04-08 02:00:00,10.27,
2024-04-08 02:15:00,10.27,
2024-04-08 02:30:00,10.27,
2024-04-08 02:45:00,10.28,
2024-04-08 03:00:00,10.28,
2024-04-08 03:15:00,10.28,
2024-04-08 03:30:00,10.29,
2024-04-08 03:45:00,10.29,
2024-04-08 04:00:00,10.29,
2024-04-08 04:15:00,10.29,
2024-04-08 04:30:00,10.3,
2024-04-08 04:45:00,10.31,
2024-04-08 05:00:00,10.31,
2024-04-08 05:15:00,10.31,
2024-04-08 05:30:00,10.31,
2024-04-08 05:45:00,10.32,
2024-04-08 06:00:00,10.32,
2024-04-08 06:15:00,10.33,
2024-04-08 06:30:00,10.35,
2024-04-08 06:45:00,10.36,
2024-04-08 07:00:00,10.39,
2024-04-08 07:15:00,10.41,
2024-04-08 07:30:00,10.45,
2024-04-08 07:45:00,10.49,
2024-04-08 08:00:00,10.52,
2024-04-08 08:15:00,10.56,
2024-04-08 08:30:00,10.61,
2024-04-08 08:45:00,10.64,
2024-04-08 09:00:00,10.68,
2024-04-08 09:15:00,10.71,
2024-04-08 09:30:00,10.72,
2024-04-08 09:45:00,10.76,
2024-04-08 10:00:00,10.8,
2024-04-08 10:15:00,10.8,
2024-04-08 10:30:00,10.81,
2024-04-08 10:45:00,10.81,
2024-04-08 11:00:00,10.79,
2024-04-08 11:15:00,10.76,
2024-04-08 11:30:00,10.72,
2024-04-08 11:45:00,10.7,
2024-04-08 12:00:00,10.68,
2024-04-08 12:15:00,10.66,
2024-04-08 12:30:00,10.64,
2024-04-08 12:45:00,10.62,
2024-04-08 13:00:00,10.58,
2024-04-08 13:15:00,10.56,
2024-04-08 13:30:00,10.57,
2024-04-08 13:45:00,10.57,
2024-04-08 14:00:00,10.54,
2024-04-08 14:15:00,10.48,
2024-04-08 14:30:00,10.46,
2024-04-08 14:45:00,10.42,
2024-04-08 15:00:00,10.44,
2024-04-08 15:15:00,10.28,
2024-04-08 15:30:00,10.25,
2024-04-08 15:45:00,10.23,
2024-04-08 16:00:00,10.17,
2024-04-08 16:15:00,10.11,
2024-04-08 16:30:00,10.08,
2024-04-08 16:45:00,10.06,
2024-04-08 17:00:00,10.03,
2024-04-08 17:15:00,10.04,
2024-04-08 17:30:00,10.05,
2024-04-08 17:45:00,10.07,
2024-04-08 18:00:00,10.07,
2024-04-08 18:15:00,10.05,
2024-04-08 18:30:00,10.03,
2024-04-08 18:45:00,10.02,
2024-04-08 19:00:00,10.01,
2024-04-08 19:15:00,10.0,
2024-04-08 19:30:00,9.99,
2024-04-08 19:45:00,9.98,
2024-04-08 20:00:00,9.96,
2024-04-08 20:15:00,9.95,
2024-04-08 20:30:00,9.95,
2024-04-08 20:45:00,9.96,
2024-04-08 21:00:00,9.97,
2024-04-08 21:15:00,9.97,
2024-04-08 21:30:00,9.99,
2024-04-08 21:45:00,10.0,
2024-04-08 22:00:00,10.01,
2024-04-08 22:15:00,10.02,
2024-04-08 22:30:00,10.02,
2024-04-08 22:45:00,10.03,
2024-04-08 23:00:00,10.04,
2024-04-08 23:15:00,10.04,
2024-04-08 23:30:00,10.05,
2024-04-08 23:45:00,10.06,
2024-04-09 00:00:00,10.07,
2024-04-09 00:15:00,10.08,
2024-04-09 00:30:00,10.09,
2024-04-09 00:45:00,10.1,
2024-04-09 01:00:00,10.11,
2024-04-09 01:15:00,10.12,
2024-04-09 01:30:00,10.12,
2024-04-09 01:45:00,10.13,
2024-04-09 02:00:00,10.14,
2024-04-09 02:15:00,10.16,
2024-04-09 02:30:00,10.16,
2024-04-09 02:45:00,10.18,
2024-04-09 03:00:00,10.19,
2024-04-09 03:15:00,10.21,
2024-04-09 03:30:00,10.22,
2024-04-09 03:45:00,10.23,
2024-04-09 04:00:00,10.25,
2024-04-09 04:15:00,10.26,
2024-04-09 04:30:00,10.26,
2024-04-09 04:45:00,10.28,
2024-04-09 05:00:00,10.28,
2024-04-09 05:15:00,10.29,
2024-04-09 05:30:00,10.3,
2024-04-09 05:45:00,10.31,
2024-04-09 06:00:00,10.33,
2024-04-09 06:15:00,10.34,
2024-04-09 06:30:00,10.36,
2024-04-09 06:45:00,10.38,
2024-04-09 07:00:00,10.41,
2024-04-09 07:15:00,10.44,
2024-04-09 07:30:00,10.48,
2024-04-09 07:45:00,10.54,
2024-04-09 08:00:00,10.58,
2024-04-09 08:15:00,10.61,
2024-04-09 08:30:00,10.64,
2024-04-09 08:45:00,10.69,
2024-04-09 09:00:00,10.73,
2024-04-09 09:15:00,10.76,
2024-04-09 09:30:00,10.78,
2024-04-09 09:45:00,10.81,
2024-04-09 10:00:00,10.83,
2024-04-09 10:15:00,10.84,
2024-04-09 10:30:00,10.84,
2024-04-09 10:45:00,10.84,
2024-04-09 11:00:00,10.81,
2024-04-09 11:15:00,10.82,
2024-04-09 11:30:00,10.81,
2024-04-09 11:45:00,10.78,
2024-04-09 12:00:00,10.74,
2024-04-09 12:15:00,10.73,
2024-04-09 12:30:00,10.72,
2024-04-09 12:45:00,10.67,
2024-04-09 13:00:00,10.64,
2024-04-09 13:15:00,10.62,
2024-04-09 13:30:00,10.61,
2024-04-09 13:45:00,10.57,
2024-04-09 14:00:00,10.53,
2024-04-09 14:15:00,10.48,
2024-04-09 14:30:00,10.44,
2024-04-09 14:45:00,10.44,
2024-04-09 15:00:00,10.44,
2024-04-09 15:15:00,10.43,
2024-04-09 15:30:00,10.39,
2024-04-09 15:45:00,10.34,
2024-04-09 16:00:00,10.29,
2024-04-09 16:15:00,10.23,
2024-04-09 16:30:00,10.21,
2024-04-09 16:45:00,10.18,
2024-04-09 17:00:00,10.17,
2024-04-09 17:15:00,10.13,
2024-04-09 17:30:00,10.09,
2024-04-09 17:45:00,10.02,
2024-04-09 18:00:00,9.97,
2024-04-09 18:15:00,9.93,
2024-04-09 18:30:00,9.88,
2024-04-09 18:45:00,9.84,
2024-04-09 19:00:00,9.81,
2024-04-09 19:15:00,9.77,
2024-04-09 19:30:00,9.74,
2024-04-09 19:45:00,9.71,
2024-04-09 20:00:00,9.68,
2024-04-09 20:15:00,9.68,
2024-04-09 20:30:00,9.67,
2024-04-09 20:45:00,9.66,
2024-04-09 21:00:00,9.66,
2024-04-09 21:15:00,9.67,
2024-04-09 21:30:00,9.67,
2024-04-09 21:45:00,9.68,
2024-04-09 22:00:00,9.71,
2024-04-09 22:15:00,9.73,
2024-04-09 22:30:00,9.74,
2024-04-09 22:45:00,9.76,
2024-04-09 23:00:00,9.77,
2024-04-09 23:15:00,9.78,
2024-04-09 23:30:00,9.79,
2024-04-09 23:45:00,9.79,
2024-04-10 00:00:00,9.78,
2024-04-10 00:15:00,9.79,
2024-04-10 00:30:00,9.78,
2024-04-10 00:45:00,9.78,
2024-04-10 01:00:00,9.78,
2024-04-10 01:15:00,9.78,
2024-04-10 01:30:00,9.78,
2024-04-10 01:45:00,9.78,
2024-04-10 02:00:00,9.79,
2024-04-10 02:15:00,9.79,
2024-04-10 02:30:00,9.79,
2024-04-10 02:45:00,9.79,
2024-04-10 03:00:00,9.79,
2024-04-10 03:15:00,9.79,
2024-04-10 03:30:00,9.79,
2024-04-10 03:45:00,9.79,
2024-04-10 04:00:00,9.8,
2024-04-10 04:15:00,9.8,
2024-04-10 04:30:00,9.8,
2024-04-10 04:45:00,9.81,
2024-04-10 05:00:00,9.82,
2024-04-10 05:15:00,9.82,
2024-04-10 05:30:00,9.83,
2024-04-10 05:45:00,9.84,
2024-04-10 06:00:00,9.85,
2024-04-10 06:15:00,9.88,
2024-04-10 06:30:00,9.9,
2024-04-10 06:45:00,9.92,
2024-04-10 07:00:00,9.96,
2024-04-10 07:15:00,10.0,
2024-04-10 07:30:00,10.04,
2024-04-10 07:45:00,10.09,
2024-04-10 08:00:00,10.14,
2024-04-10 08:15:00,10.19,
2024-04-10 08:30:00,10.23,
2024-04-10 08:45:00,10.28,
2024-04-10 09:00:00,10.32,
2024-04-10 09:15:00,10.35,
2024-04-10 09:30:00,10.38,
2024-04-10 09:45:00,10.41,
2024-04-10 10:00:00,10.43,
2024-04-10 10:15:00,10.45,
2024-04-10 10:30:00,10.46,
2024-04-10 10:45:00,10.46,
2024-04-10 11:00:00,10.47,
2024-04-10 11:15:00,10.45,
2024-04-10 11:30:00,10.43,
2024-04-10 11:45:00,10.42,
2024-04-10 12:00:00,10.4,
2024-04-10 12:15:00,10.35,
2024-04-10 12:30:00,10.32,
2024-04-10 12:45:00,10.31,
2024-04-10 13:00:00,10.28,
2024-04-10 13:15:00,10.25,
2024-04-10 13:30:00,10.2,
2024-04-10 13:45:00,10.14,
2024-04-10 14:00:00,10.11,
2024-04-10 14:15:00,10.1,
2024-04-10 14:30:00,10.08,
2024-04-10 14:45:00,10.02,
2024-04-10 15:00:00,9.97,
2024-04-10 15:15:00,9.92,
2024-04-10 15:30:00,9.88,
2024-04-10 15:45:00,9.87,
2024-04-10 16:00:00,9.83,
2024-04-10 16:15:00,9.79,
2024-04-10 16:30:00,9.75,
2024-04-10 16:45:00,9.7,
2024-04-10 17:00:00,9.68,
2024-04-10 17:15:00,9.66,
2024-04-10 17:30:00,9.63,
2024-04-10 17:45:00,9.59,
2024-04-10 18:00:00,9.55,
2024-04-10 18:15:00,9.51,
2024-04-10 18:30:00,9.47,
2024-04-10 18:45:00,9.43,
2024-04-10 19:00:00,9.39,
2024-04-10 19:15:00,9.36,
2024-04-10 19:30:00,9.33,
2024-04-10 19:45:00,9.32,
2024-04-10 20:00:00,9.31,
2024-04-10 20:15:00,9.31,
2024-04-10 20:30:00,9.31,
2024-04-10 20:45:00,9.32,
2024-04-10 21:00:00,9.33,
2024-04-10 21:15:00,9.34,
2024-04-10 21:30:00,9.35,
2024-04-10 21:45:00,9.36,
2024-04-10 22:00:00,9.38,
2024-04-10 22:15:00,9.39,
2024-04-10 22:30:00,9.41,
2024-04-10 22:45:00,9.43,
2024-04-10 23:00:00,9.45,
2024-04-10 23:15:00,9.47,
2024-04-10 23:30:00,9.49,
2024-04-10 23:45:00,9.51,
2024-04-11 00:00:00,9.52,
2024-04-11 00:15:00,9.54,
2024-04-11 00:30:00,9.55,
2024-04-11 00:45:00,9.56,
2024-04-11 01:00:00,9.57,
2024-04-11 01:15:00,9.59,
2024-04-11 01:30:00,9.6,
2024-04-11 01:45:00,9.6,
2024-04-11 02:00:00,9.62,
2024-04-11 02:15:00,9.62,
2024-04-11 02:30:00,9.64,
2024-04-11 02:45:00,9.64,
2024-04-11 03:00:00,9.64,
2024-04-11 03:15:00,9.64,
2024-04-11 03:30:00,9.66,
2024-04-11 03:45:00,9.66,
2024-04-11 04:00:00,9.67,
2024-04-11 04:15:00,9.68,
2024-04-11 04:30:00,9.7,
2024-04-11 04:45:00,9.71,
2024-04-11 05:00:00,9.72,
2024-04-11 05:15:00,9.74,
2024-04-11 05:30:00,9.76,
2024-04-11 05:45:00,9.79,
2024-04-11 06:00:00,9.81,
2024-04-11 06:15:00,9.84,
2024-04-11 06:30:00,9.87,
2024-04-11 06:45:00,9.9,
2024-04-11 07:00:00,9.93,
2024-04-11 07:15:00,9.97,
2024-04-11 07:30:00,10.0,
2024-04-11 07:45:00,10.04,
2024-04-11 08:00:00,10.08,
2024-04-11 08:15:00,10.12,
2024-04-11 08:30:00,10.16,
2024-04-11 08:45:00,10.19,
2024-04-11 09:00:00,10.22,
2024-04-11 09:15:00,10.25,
2024-04-11 09:30:00,10.28,
2024-04-11 09:45:00,10.29,
2024-04-11 10:00:00,10.31,
2024-04-11 10:15:00,10.35,
2024-04-11 10:30:00,10.38,
2024-04-11 10:45:00,10.39,
2024-04-11 11:00:00,10.4,
2024-04-11 11:15:00,10.41,
2024-04-11 11:30:00,10.4,
2024-04-11 11:45:00,10.39,
2024-04-11 12:00:00,10.35,
2024-04-11 12:15:00,10.34,
2024-04-11 12:30:00,10.33,
2024-04-11 12:45:00,10.26,
2024-04-11 13:00:00,10.26,
2024-04-11 13:15:00,10.23,
2024-04-11 13:30:00,10.21,
2024-04-11 13:45:00,10.17,
2024-04-11 14:00:00,10.13,
2024-04-11 14:15:00,10.1,
2024-04-11 14:30:00,10.06,
2024-04-11 14:45:00,10.02,
2024-04-11 15:00:00,9.98,
2024-04-11 15:15:00,9.95,
2024-04-11 15:30:00,9.91,
2024-04-11 15:45:00,9.87,
2024-04-11 16:00:00,9.83,
2024-04-11 16:15:00,9.8,
2024-04-11 16:30:00,9.76,
2024-04-11 16:45:00,9.71,
2024-04-11 17:00:00,9.68,
2024-04-11 17:15:00,9.65,
2024-04-11 17:30:00,9.61,
2024-04-11 17:45:00,9.57,
2024-04-11 18:00:00,9.52,
2024-04-11 18:15:00,9.48,
2024-04-11 18:30:00,9.44,
2024-04-11 18:45:00,9.41,
2024-04-11 19:00:00,9.37,
2024-04-11 19:15:00,9.34,
2024-04-11 19:30:00,9.31,
2024-04-11 19:45:00,9.3,
2024-04-11 20:00:00,9.29,
2024-04-11 20:15:00,9.28,
2024-04-11 20:30:00,9.28,
2024-04-11 20:45:00,9.29,
2024-04-11 21:00:00,9.29,
2024-04-11 21:15:00,9.3,
2024-04-11 21:30:00,9.32,
2024-04-11 21:45:00,9.33,
2024-04-11 22:00:00,9.35,
2024-04-11 22:15:00,9.36,
2024-04-11 22:30:00,9.38,
2024-04-11 22:45:00,9.4,
2024-04-11 23:00:00,9.41,
2024-04-11 23:15:00,9.42,
2024-04-11 23:30:00,9.44,
2024-04-11 23:45:00,9.45,
2024-04-12 00:00:00,9.46,
2024-04-12 00:15:00,9.47,
2024-04-12 00:30:00,9.47,
2024-04-12 00:45:00,9.48,
2024-04-12 01:00:00,9.48,
2024-04-12 01:15:00,9.49,
2024-04-12 01:30:00,9.49,
2024-04-12 01:45:00,9.49,
2024-04-12 02:00:00,9.49,
2024-04-12 02:15:00,9.49,
2024-04-12 02:30:00,9.49,
2024-04-12 02:45:00,9.49,
2024-04-12 03:00:00,9.49,
2024-04-12 03:15:00,9.5,
2024-04-12 03:30:00,9.5,
2024-04-12 03:45:00,9.51,
2024-04-12 04:00:00,9.52,
2024-04-12 04:15:00,9.53,
2024-04-12 04:30:00,9.55,
2024-04-12 04:45:00,9.58,
2024-04-12 05:00:00,9.59,
2024-04-12 05:15:00,9.62,
2024-04-12 05:30:00,9.64,
2024-04-12 05:45:00,9.68,
2024-04-12 06:00:00,9.7,
2024-04-12 06:15:00,9.72,
2024-04-12 06:30:00,9.75,
2024-04-12 06:45:00,9.77,
2024-04-12 07:00:00,9.8,
2024-04-12 07:15:00,9.83,
2024-04-12 07:30:00,9.86,
2024-04-12 07:45:00,9.88,
2024-04-12 08:00:00,9.91,
2024-04-12 08:15:00,9.94,
2024-04-12 08:30:00,9.96,
2024-04-12 08:45:00,9.98,
2024-04-12 09:00:00,10.0,
2024-04-12 09:15:00,10.02,
2024-04-12 09:30:00,10.05,
2024-04-12 09:45:00,10.07,
2024-04-12 10:00:00,10.09,
2024-04-12 10:15:00,10.11,
2024-04-12 10:30:00,10.13,
2024-04-12 10:45:00,10.13,
2024-04-12 11:00:00,10.14,
2024-04-12 11:15:00,10.15,
2024-04-12 11:30:00,10.15,
2024-04-12 11:45:00,10.14,
2024-04-12 12:00:00,10.13,
2024-04-12 12:15:00,10.11,
2024-04-12 12:30:00,10.08,
2024-04-12 12:45:00,10.05,
2024-04-12 13:00:00,10.02,
2024-04-12 13:15:00,9.98,
2024-04-12 13:30:00,9.94,
2024-04-12 13:45:00,9.9,
2024-04-12 14:00:00,9.86,
2024-04-12 14:15:00,9.83,
2024-04-12 14:30:00,9.77,
2024-04-12 14:45:00,9.75,
2024-04-12 15:00:00,9.71,
2024-04-12 15:15:00,9.67,
2024-04-12 15:30:00,9.64,
2024-04-12 15:45:00,9.6,
2024-04-12 16:00:00,9.57,
2024-04-12 16:15:00,9.53,
2024-04-12 16:30:00,9.49,
2024-04-12 16:45:00,9.46,
2024-04-12 17:00:00,9.42,
2024-04-12 17:15:00,9.39,
2024-04-12 17:30:00,9.35,
2024-04-12 17:45:00,9.31,
2024-04-12 18:00:00,9.27,
2024-04-12 18:15:00,9.23,
2024-04-12 18:30:00,9.2,
2024-04-12 18:45:00,9.16,
2024-04-12 19:00:00,9.13,
2024-04-12 19:15:00,9.1,
2024-04-12 19:30:00,9.07,
2024-04-12 19:45:00,9.06,
2024-04-12 20:00:00,9.05,
2024-04-12 20:15:00,9.05,
2024-04-12 20:30:00,9.05,
2024-04-12 20:45:00,9.06,
2024-04-12 21:00:00,9.06,
2024-04-12 21:15:00,9.07,
2024-04-12 21:30:00,9.09,
2024-04-12 21:45:00,9.1,
2024-04-12 22:00:00,9.11,
2024-04-12 22:15:00,9.12,
2024-04-12 22:30:00,9.13,
2024-04-12 22:45:00,9.13,
2024-04-12 23:00:00,9.14,
2024-04-12 23:15:00,9.15,
2024-04-12 23:30:00,9.16,
2024-04-12 23:45:00,9.16,
2024-04-13 00:00:00,9.17,
2024-04-13 00:15:00,9.17,
2024-04-13 00:30:00,9.17,
2024-04-13 00:45:00,9.18,
2024-04-13 01:00:00,9.18,
2024-04-13 01:15:00,9.18,
2024-04-13 01:30:00,9.19,
2024-04-13 01:45:00,9.2,
2024-04-13 02:00:00,9.22,
2024-04-13 02:15:00,9.24,
2024-04-13 02:30:00,9.25,
2024-04-13 02:45:00,9.28,
2024-04-13 03:00:00,9.31,
2024-04-13 03:15:00,9.33,
2024-04-13 03:30:00,9.36,
2024-04-13 03:45:00,9.39,
2024-04-13 04:00:00,9.42,
2024-04-13 04:15:00,9.45,
2024-04-13 04:30:00,9.48,
2024-04-13 04:45:00,9.51,
2024-04-13 05:00:00,9.54,
2024-04-13 05:15:00,9.58,
2024-04-13 05:30:00,9.61,
2024-04-13 05:45:00,9.64,
2024-04-13 06:00:00,9.68,
2024-04-13 06:15:00,9.71,
2024-04-13 06:30:00,9.74,
2024-04-13 06:45:00,9.77,
2024-04-13 07:00:00,9.81,
2024-04-13 07:15:00,9.84,
2024-04-13 07:30:00,9.87,
2024-04-13 07:45:00,9.9,
2024-04-13 08:00:00,9.92,
2024-04-13 08:15:00,9.95,
2024-04-13 08:30:00,9.98,
2024-04-13 08:45:00,10.0,
2024-04-13 09:00:00,10.02,
2024-04-13 09:15:00,10.04,
2024-04-13 09:30:00,10.05,
2024-04-13 09:45:00,10.06,
2024-04-13 10:00:00,10.06,
2024-04-13 10:15:00,10.06,
2024-04-13 10:30:00,10.05,
2024-04-13 10:45:00,10.05,
2024-04-13 11:00:00,10.04,
2024-04-13 11:15:00,10.01,
2024-04-13 11:30:00,10.0,
2024-04-13 11:45:00,9.97,
2024-04-13 12:00:00,9.95,
2024-04-13 12:15:00,9.92,
2024-04-13 12:30:00,9.89,
2024-04-13 12:45:00,9.86,
2024-04-13 13:00:00,9.84,
2024-04-13 13:15:00,9.81,
2024-04-13 13:30:00,9.78,
2024-04-13 13:45:00,9.76,
2024-04-13 14:00:00,9.72,
2024-04-13 14:15:00,9.68,
2024-04-13 14:30:00,9.65,
2024-04-13 14:45:00,9.61,
2024-04-13 15:00:00,9.57,
2024-04-13 15:15:00,9.54,
2024-04-13 15:30:00,9.51,
2024-04-13 15:45:00,9.49,
2024-04-13 16:00:00,9.45,
2024-04-13 16:15:00,9.43,
2024-04-13 16:30:00,9.41,
2024-04-13 16:45:00,9.39,
2024-04-13 17:00:00,9.36,
2024-04-13 17:15:00,9.34,
2024-04-13 17:30:00,9.32,
2024-04-13 17:45:00,9.29,
2024-04-13 18:00:00,9.27,
2024-04-13 18:15:00,9.25,
2024-04-13 18:30:00,9.23,
2024-04-13 18:45:00,9.22,
2024-04-13 19:00:00,9.2,
2024-04-13 19:15:00,9.19,
2024-04-13 19:30:00,9.18,
2024-04-13 19:45:00,9.17,
2024-04-13 20:00:00,9.17,
2024-04-13 20:15:00,9.18,
2024-04-13 20:30:00,9.19,
2024-04-13 20:45:00,9.19,
2024-04-13 21:00:00,9.2,
2024-04-13 21:15:00,9.2,
2024-04-13 21:30:00,9.21,
2024-04-13 21:45:00,9.21,
2024-04-13 22:00:00,9.22,
2024-04-13 22:15:00,9.23,
2024-04-13 22:30:00,9.24,
2024-04-13 22:45:00,9.25,
2024-04-13 23:00:00,9.25,
2024-04-13 23:15:00,9.26,
2024-04-13 23:30:00,9.27,
2024-04-13 23:45:00,9.28,
2024-04-14 00:00:00,9.29,
2024-04-14 00:15:00,9.3,
2024-04-14 00:30:00,9.32,
2024-04-14 00:45:00,9.34,
2024-04-14 01:00:00,9.36,
2024-04-14 01:15:00,9.38,
2024-04-14 01:30:00,9.4,
2024-04-14 01:45:00,9.42,
2024-04-14 02:00:00,9.45,
2024-04-14 02:15:00,9.47,
2024-04-14 02:30:00,9.49,
2024-04-14 02:45:00,9.52,
2024-04-14 03:00:00,9.54,
2024-04-14 03:15:00,9.57,
2024-04-14 03:30:00,9.6,
2024-04-14 03:45:00,9.62,
2024-04-14 04:00:00,9.66,
2024-04-14 04:15:00,9.68,
2024-04-14 04:30:00,9.71,
2024-04-14 04:45:00,9.73,
2024-04-14 05:00:00,9.76,
2024-04-14 05:15:00,9.79,
2024-04-14 05:30:00,9.82,
2024-04-14 05:45:00,9.84,
2024-04-14 06:00:00,9.87,
2024-04-14 06:15:00,9.9,
2024-04-14 06:30:00,9.93,
2024-04-14 06:45:00,9.96,
2024-04-14 07:00:00,9.99,
2024-04-14 07:15:00,10.02,
2024-04-14 07:30:00,10.04,
2024-04-14 07:45:00,10.07,
2024-04-14 08:00:00,10.09,
2024-04-14 08:15:00,10.12,
2024-04-14 08:30:00,10.14,
2024-04-14 08:45:00,10.16,
2024-04-14 09:00:00,10.18,
2024-04-14 09:15:00,10.2,
2024-04-14 09:30:00,10.21,
2024-04-14 09:45:00,10.21,
2024-04-14 10:00:00,10.21,
2024-04-14 10:15:00,10.2,
2024-04-14 10:30:00,10.2,
2024-04-14 10:45:00,10.18,
2024-04-14 11:00:00,10.16,
2024-04-14 11:15:00,10.14,
2024-04-14 11:30:00,10.11,
2024-04-14 11:45:00,10.08,
2024-04-14 12:00:00,10.07,
2024-04-14 12:15:00,10.04,
2024-04-14 12:30:00,10.02,
2024-04-14 12:45:00,9.98,
2024-04-14 13:00:00,9.94,
2024-04-14 13:15:00,9.9,
2024-04-14 13:30:00,9.86,
2024-04-14 13:45:00,9.84,
2024-04-14 14:00:00,9.81,
2024-04-14 14:15:00,9.77,
2024-04-14 14:30:00,9.74,
2024-04-14 14:45:00,9.71,
2024-04-14 15:00:00,9.69,
2024-04-14 15:15:00,9.66,
2024-04-14 15:30:00,9.64,
2024-04-14 15:45:00,9.62,
2024-04-14 16:00:00,9.59,
2024-04-14 16:15:00,9.57,
2024-04-14 16:30:00,9.55,
2024-04-14 16:45:00,9.53,
2024-04-14 17:00:00,9.52,
2024-04-14 17:15:00,9.51,
2024-04-14 17:30:00,9.5,
2024-04-14 17:45:00,9.5,
2024-04-14 18:00:00,9.49,
2024-04-14 18:15:00,9.49,
2024-04-14 18:30:00,9.48,
2024-04-14 18:45:00,9.47,
2024-04-14 19:00:00,9.46,
2024-04-14 19:15:00,9.46,
2024-04-14 19:30:00,9.45,
2024-04-14 19:45:00,9.44,
2024-04-14 20:00:00,9.43,
2024-04-14 20:15:00,9.43,
2024-04-14 20:30:00,9.43,
2024-04-14 20:45:00,9.42,
2024-04-14 21:00:00,9.42,
2024-04-14 21:15:00,9.42,
2024-04-14 21:30:00,9.43,
2024-04-14 21:45:00,9.42,
2024-04-14 22:00:00,9.42,
2024-04-14 22:15:00,9.42,
2024-04-14 22:30:00,9.43,
2024-04-14 22:45:00,9.42,
2024-04-14 23:00:00,9.43,
2024-04-14 23:15:00,9.44,
2024-04-14 23:30:00,9.44,
2024-04-14 23:45:00,9.44,
2024-04-15 00:00:00,9.46,
2024-04-15 00:15:00,9.48,
2024-04-15 00:30:00,9.49,
2024-04-15 00:45:00,9.51,
2024-04-15 01:00:00,9.51,
2024-04-15 01:15:00,9.53,
2024-04-15 01:30:00,9.55,
2024-04-15 01:45:00,9.56,
2024-04-15 02:00:00,9.58,
2024-04-15 02:15:00,9.6,
2024-04-15 02:30:00,9.61,
2024-04-15 02:45:00,9.63,
2024-04-15 03:00:00,9.65,
2024-04-15 03:15:00,9.66,
2024-04-15 03:30:00,9.67,
2024-04-15 03:45:00,9.69,
2024-04-15 04:00:00,9.72,
2024-04-15 04:15:00,9.73,
2024-04-15 04:30:00,9.76,
2024-04-15 04:45:00,9.77,
2024-04-15 05:00:00,9.8,
2024-04-15 05:15:00,9.82,
2024-04-15 05:30:00,9.84,
2024-04-15 05:45:00,9.85,
2024-04-15 06:00:00,9.87,
2024-04-15 06:15:00,9.88,
2024-04-15 06:30:00,9.9,
2024-04-15 06:45:00,9.93,
2024-04-15 07:00:00,9.95,
2024-04-15 07:15:00,9.97,
2024-04-15 07:30:00,9.99,
2024-04-15 07:45:00,10.02,
2024-04-15 08:00:00,10.04,
2024-04-15 08:15:00,10.06,
2024-04-15 08:30:00,10.08,
2024-04-15 08:45:00,10.1,
2024-04-15 09:00:00,10.12,
2024-04-15 09:15:00,10.13,
2024-04-15 09:30:00,10.15,
2024-04-15 09:45:00,10.16,
2024-04-15 10:00:00,10.18,
2024-04-15 10:15:00,10.18,
2024-04-15 10:30:00,10.19,
2024-04-15 10:45:00,10.2,
2024-04-15 11:00:00,10.2,
2024-04-15 11:15:00,10.19,
2024-04-15 11:30:00,10.19,
2024-04-15 11:45:00,10.2,
2024-04-15 12:00:00,10.21,
2024-04-15 12:15:00,10.21,
2024-04-15 12:30:00,10.21,
2024-04-15 12:45:00,10.21,
2024-04-15 13:00:00,10.22,
2024-04-15 13:15:00,10.21,
2024-04-15 13:30:00,10.2,
2024-04-15 13:45:00,10.18,
2024-04-15 14:00:00,10.17,
2024-04-15 14:15:00,10.17,
2024-04-15 14:30:00,10.17,
2024-04-15 14:45:00,10.16,
2024-04-15 15:00:00,10.17,
2024-04-15 15:15:00,10.18,
2024-04-15 15:30:00,10.18,
2024-04-15 15:45:00,10.17,
2024-04-15 16:00:00,10.18,
2024-04-15 16:15:00,10.16,
2024-04-15 16:30:00,10.14,
2024-04-15 16:45:00,10.13,
2024-04-15 17:00:00,10.11,
2024-04-15 17:15:00,10.09,
2024-04-15 17:30:00,10.08,
2024-04-15 17:45:00,10.07,
2024-04-15 18:00:00,10.06,
2024-04-15 18:15:00,10.06,
2024-04-15 18:30:00,10.06,
2024-04-15 18:45:00,10.05,
2024-04-15 19:00:00,10.04,
2024-04-15 19:15:00,10.04,
2024-04-15 19:30:00,10.02,
2024-04-15 19:45:00,10.02,
2024-04-15 20:00:00,10.01,
2024-04-15 20:15:00,9.99,
2024-04-15 20:30:00,9.98,
2024-04-15 20:45:00,9.98,
2024-04-15 21:00:00,9.97,
2024-04-15 21:15:00,9.96,
2024-04-15 21:30:00,9.95,
2024-04-15 21:45:00,9.95,
2024-04-15 22:00:00,9.96,
2024-04-15 22:15:00,9.97,
2024-04-15 22:30:00,9.98,
2024-04-15 22:45:00,9.98,
2024-04-15 23:00:00,9.99,
2024-04-15 23:15:00,9.99,
2024-04-15 23:30:00,10.0,
2024-04-15 23:45:00,10.0,
2024-04-16 00:00:00,10.01,
2024-04-16 00:15:00,10.0,
2024-04-16 00:30:00,10.0,
2024-04-16 00:45:00,10.01,
2024-04-16 01:00:00,10.01,
2024-04-16 01:15:00,10.02,
2024-04-16 01:30:00,10.02,
2024-04-16 01:45:00,10.03,
2024-04-16 02:00:00,10.04,
2024-04-16 02:15:00,10.04,
2024-04-16 02:30:00,10.05,
2024-04-16 02:45:00,10.06,
2024-04-16 03:00:00,10.07,
2024-04-16 03:15:00,10.08,
2024-04-16 03:30:00,10.09,
2024-04-16 03:45:00,10.1,
2024-04-16 04:00:00,10.11,
2024-04-16 04:15:00,10.13,
2024-04-16 04:30:00,10.13,
2024-04-16 04:45:00,10.14,
2024-04-16 05:00:00,10.16,
2024-04-16 05:15:00,10.16,
2024-04-16 05:30:00,10.18,
2024-04-16 05:45:00,10.2,
2024-04-16 06:00:00,10.21,
2024-04-16 06:15:00,10.22,
2024-04-16 06:30:00,10.23,
2024-04-16 06:45:00,10.25,
2024-04-16 07:00:00,10.27,
2024-04-16 07:15:00,10.28,
2024-04-16 07:30:00,10.29,
2024-04-16 07:45:00,10.32,
2024-04-16 08:00:00,10.34,
2024-04-16 08:15:00,10.35,
2024-04-16 08:30:00,10.37,
2024-04-16 08:45:00,10.38,
2024-04-16 09:00:00,10.39,
2024-04-16 09:15:00,10.4,
2024-04-16 09:30:00,10.4,
2024-04-16 09:45:00,10.4,
2024-04-16 10:00:00,10.4,
2024-04-16 10:15:00,10.39,
2024-04-16 10:30:00,10.37,
2024-04-16 10:45:00,10.35,
2024-04-16 11:00:00,10.33,
2024-04-16 11:15:00,10.3,
2024-04-16 11:30:00,10.28,
2024-04-16 11:45:00,10.25,
2024-04-16 12:00:00,10.23,
2024-04-16 12:15:00,10.19,
2024-04-16 12:30:00,10.16,
2024-04-16 12:45:00,10.13,
2024-04-16 13:00:00,10.11,
2024-04-16 13:15:00,10.08,
2024-04-16 13:30:00,10.04,
2024-04-16 13:45:00,10.0,
2024-04-16 14:00:00,9.97,
2024-04-16 14:15:00,9.95,
2024-04-16 14:30:00,9.92,
2024-04-16 14:45:00,9.89,
2024-04-16 15:00:00,9.86,
2024-04-16 15:15:00,9.83,
2024-04-16 15:30:00,9.81,
2024-04-16 15:45:00,9.79,
2024-04-16 16:00:00,9.78,
2024-04-16 16:15:00,9.75,
2024-04-16 16:30:00,9.74,
2024-04-16 16:45:00,9.73,
2024-04-16 17:00:00,9.74,
2024-04-16 17:15:00,9.74,
2024-04-16 17:30:00,9.73,
2024-04-16 17:45:00,9.72,
2024-04-16 18:00:00,9.71,
2024-04-16 18:15:00,9.7,
2024-04-16 18:30:00,9.69,
2024-04-16 18:45:00,9.68,
2024-04-16 19:00:00,9.67,
2024-04-16 19:15:00,9.66,
2024-04-16 19:30:00,9.66,
2024-04-16 19:45:00,9.65,
2024-04-16 20:00:00,9.65,
2024-04-16 20:15:00,9.64,
2024-04-16 20:30:00,9.64,
2024-04-16 20:45:00,9.63,
2024-04-16 21:00:00,9.63,
2024-04-16 21:15:00,9.63,
2024-04-16 21:30:00,9.63,
2024-04-16 21:45:00,9.63,
2024-04-16 22:00:00,9.63,
2024-04-16 22:15:00,9.63,
2024-04-16 22:30:00,9.64,
2024-04-16 22:45:00,9.64,
2024-04-16 23:00:00,9.64,
2024-04-16 23:15:00,9.65,
2024-04-16 23:30:00,9.67,
2024-04-16 23:45:00,9.68,
2024-04-17 00:00:00,9.69,
2024-04-17 00:15:00,9.71,
2024-04-17 00:30:00,9.73,
2024-04-17 00:45:00,9.76,
2024-04-17 01:00:00,9.78,
2024-04-17 01:15:00,9.8,
2024-04-17 01:30:00,9.83,
2024-04-17 01:45:00,9.84,
2024-04-17 02:00:00,9.86,
2024-04-17 02:15:00,9.88,
2024-04-17 02:30:00,9.91,
2024-04-17 02:45:00,9.93,
2024-04-17 03:00:00,9.95,
2024-04-17 03:15:00,9.97,
2024-04-17 03:30:00,10.0,
2024-04-17 03:45:00,10.02,
2024-04-17 04:00:00,10.04,
2024-04-17 04:15:00,10.06,
2024-04-17 04:30:00,10.08,
2024-04-17 04:45:00,10.1,
2024-04-17 05:00:00,10.12,
2024-04-17 05:15:00,10.13,
2024-04-17 05:30:00,10.15,
2024-04-17 05:45:00,10.16,
2024-04-17 06:00:00,10.17,
2024-04-17 06:15:00,10.18,
2024-04-17 06:30:00,10.19,
2024-04-17 06:45:00,10.19,
2024-04-17 07:00:00,10.2,
2024-04-17 07:15:00,10.21,
2024-04-17 07:30:00,10.23,
2024-04-17 07:45:00,10.24,
2024-04-17 08:00:00,10.25,
2024-04-17 08:15:00,10.26,
2024-04-17 08:30:00,10.27,
2024-04-17 08:45:00,10.28,
2024-04-17 09:00:00,10.29,
2024-04-17 09:15:00,10.29,
2024-04-17 09:30:00,10.29,
2024-04-17 09:45:00,10.3,
2024-04-17 10:00:00,10.31,
2024-04-17 10:15:00,10.31,
2024-04-17 10:30:00,10.31,
2024-04-17 10:45:00,10.31,
2024-04-17 11:00:00,10.32,
2024-04-17 11:15:00,10.32,
2024-04-17 11:30:00,10.32,
2024-04-17 11:45:00,10.32,
2024-04-17 12:00:00,10.31,
2024-04-17 12:15:00,10.31,
2024-04-17 12:30:00,10.29,
2024-04-17 12:45:00,10.28,
2024-04-17 13:00:00,10.27,
2024-04-17 13:15:00,10.26,
2024-04-17 13:30:00,10.25,
2024-04-17 13:45:00,10.25,
2024-04-17 14:00:00,10.23,
2024-04-17 14:15:00,10.22,
2024-04-17 14:30:00,10.21,
2024-04-17 14:45:00,10.19,
2024-04-17 15:00:00,10.17,
2024-04-17 15:15:00,10.15,
2024-04-17 15:30:00,10.12,
2024-04-17 15:45:00,10.1,
2024-04-17 16:00:00,10.06,
2024-04-17 16:15:00,10.0,
2024-04-17 16:30:00,9.97,
2024-04-17 16:45:00,9.92,
2024-04-17 17:00:00,9.89,
2024-04-17 17:15:00,9.87,
2024-04-17 17:30:00,9.85,
2024-04-17 17:45:00,9.84,
2024-04-17 18:00:00,9.83,
2024-04-17 18:15:00,9.83,
2024-04-17 18:30:00,9.84,
2024-04-17 18:45:00,9.86,
2024-04-17 19:00:00,9.87,
2024-04-17 19:15:00,9.88,
2024-04-17 19:30:00,9.9,
2024-04-17 19:45:00,9.9,
2024-04-17 20:00:00,9.92,
2024-04-17 20:15:00,9.92,
2024-04-17 20:30:00,9.93,
2024-04-17 20:45:00,9.95,
2024-04-17 21:00:00,9.96,
2024-04-17 21:15:00,9.98,
2024-04-17 21:30:00,9.99,
2024-04-17 21:45:00,10.01,
2024-04-17 22:00:00,10.03,
2024-04-17 22:15:00,10.05,
2024-04-17 22:30:00,10.06,
2024-04-17 22:45:00,10.08,
2024-04-17 23:00:00,10.09,
2024-04-17 23:15:00,10.1,
2024-04-17 23:30:00,10.12,
2024-04-17 23:45:00,10.14,
2024-04-18 00:00:00,10.16,
2024-04-18 00:15:00,10.18,
2024-04-18 00:30:00,10.19,
2024-04-18 00:45:00,10.21,
2024-04-18 01:00:00,10.23,
2024-04-18 01:15:00,10.24,
2024-04-18 01:30:00,10.26,
2024-04-18 01:45:00,10.28,
2024-04-18 02:00:00,10.29,
2024-04-18 02:15:00,10.31,
2024-04-18 02:30:00,10.32,
2024-04-18 02:45:00,10.33,
2024-04-18 03:00:00,10.35,
2024-04-18 03:15:00,10.37,
2024-04-18 03:30:00,10.38,
2024-04-18 03:45:00,10.4,
2024-04-18 04:00:00,10.41,
2024-04-18 04:15:00,10.43,
2024-04-18 04:30:00,10.45,
2024-04-18 04:45:00,10.46,
2024-04-18 05:00:00,10.47,
2024-04-18 05:15:00,10.49,
2024-04-18 05:30:00,10.5,
2024-04-18 05:45:00,10.52,
2024-04-18 06:00:00,10.53,
2024-04-18 06:15:00,10.55,
2024-04-18 06:30:00,10.58,
2024-04-18 06:45:00,10.59,
2024-04-18 07:00:00,10.62,
2024-04-18 07:15:00,10.65,
2024-04-18 07:30:00,10.67,
2024-04-18 07:45:00,10.69,
2024-04-18 08:00:00,10.72,
2024-04-18 08:15:00,10.74,
2024-04-18 08:30:00,10.76,
2024-04-18 08:45:00,10.78,
2024-04-18 09:00:00,10.79,
2024-04-18 09:15:00,10.8,
2024-04-18 09:30:00,10.79,
2024-04-18 09:45:00,10.8,
2024-04-18 10:00:00,10.8,
2024-04-18 10:15:00,10.79,
2024-04-18 10:30:00,10.77,
2024-04-18 10:45:00,10.76,
2024-04-18 11:00:00,10.74,
2024-04-18 11:15:00,10.73,
2024-04-18 11:30:00,10.71,
2024-04-18 11:45:00,10.68,
2024-04-18 12:00:00,10.64,
2024-04-18 12:15:00,10.61,
2024-04-18 12:30:00,10.57,
2024-04-18 12:45:00,10.55,
2024-04-18 13:00:00,10.52,
2024-04-18 13:15:00,10.48,
2024-04-18 13:30:00,10.44,
2024-04-18 13:45:00,10.4,
2024-04-18 14:00:00,10.36,
2024-04-18 14:15:00,10.32,
2024-04-18 14:30:00,10.28,
2024-04-18 14:45:00,10.23,
2024-04-18 15:00:00,10.2,
2024-04-18 15:15:00,10.16,
2024-04-18 15:30:00,10.14,
2024-04-18 15:45:00,10.1,
2024-04-18 16:00:00,10.08,
2024-04-18 16:15:00,10.06,
2024-04-18 16:30:00,10.03,
2024-04-18 16:45:00,10.01,
2024-04-18 17:00:00,9.99,
2024-04-18 17:15:00,9.96,
2024-04-18 17:30:00,9.95,
2024-04-18 17:45:00,9.93,
2024-04-18 18:00:00,9.91,
2024-04-18 18:15:00,9.9,
2024-04-18 18:30:00,9.87,
2024-04-18 18:45:00,9.87,
2024-04-18 19:00:00,9.85,
2024-04-18 19:15:00,9.85,
2024-04-18 19:30:00,9.84,
2024-04-18 19:45:00,9.84,
2024-04-18 20:00:00,9.84,
2024-04-18 20:15:00,9.85,
2024-04-18 20:30:00,9.84,
2024-04-18 20:45:00,9.85,
2024-04-18 21:00:00,9.86,
2024-04-18 21:15:00,9.87,
2024-04-18 21:30:00,9.87,
2024-04-18 21:45:00,9.89,
2024-04-18 22:00:00,9.9,
2024-04-18 22:15:00,9.91,
2024-04-18 22:30:00,9.93,
2024-04-18 22:45:00,9.94,
2024-04-18 23:00:00,9.95,
2024-04-18 23:15:00,9.96,
2024-04-18 23:30:00,9.98,
2024-04-18 23:45:00,9.99,
2024-04-19 00:00:00,10.01,
2024-04-19 00:15:00,10.02,
2024-04-19 00:30:00,10.04,
2024-04-19 00:45:00,10.05,
2024-04-19 01:00:00,10.07,
2024-04-19 01:15:00,10.08,
2024-04-19 01:30:00,10.09,
2024-04-19 01:45:00,10.11,
2024-04-19 02:00:00,10.12,
2024-04-19 02:15:00,10.13,
2024-04-19 02:30:00,10.15,
2024-04-19 02:45:00,10.17,
2024-04-19 03:00:00,10.19,
2024-04-19 03:15:00,10.2,
2024-04-19 03:30:00,10.22,
2024-04-19 03:45:00,10.23,
2024-04-19 04:00:00,10.25,
2024-04-19 04:15:00,10.27,
2024-04-19 04:30:00,10.29,
2024-04-19 04:45:00,10.3,
2024-04-19 05:00:00,10.32,
2024-04-19 05:15:00,10.33,
2024-04-19 05:30:00,10.35,
2024-04-19 05:45:00,10.36,
2024-04-19 06:00:00,10.37,
2024-04-19 06:15:00,10.39,
2024-04-19 06:30:00,10.41,
2024-04-19 06:45:00,10.43,
2024-04-19 07:00:00,10.45,
2024-04-19 07:15:00,10.46,
2024-04-19 07:30:00,10.49,
2024-04-19 07:45:00,10.51,
2024-04-19 08:00:00,10.53,
2024-04-19 08:15:00,10.56,
2024-04-19 08:30:00,10.57,
2024-04-19 08:45:00,10.6,
2024-04-19 09:00:00,10.62,
2024-04-19 09:15:00,10.62,
2024-04-19 09:30:00,10.63,
2024-04-19 09:45:00,10.63,
2024-04-19 10:00:00,10.63,
2024-04-19 10:15:00,10.63,
2024-04-19 10:30:00,10.62,
2024-04-19 10:45:00,10.61,
2024-04-19 11:00:00,10.59,
2024-04-19 11:15:00,10.58,
2024-04-19 11:30:00,10.56,
2024-04-19 11:45:00,10.53,
2024-04-19 12:00:00,10.5,
2024-04-19 12:15:00,10.46,
2024-04-19 12:30:00,10.43,
2024-04-19 12:45:00,10.39,
2024-04-19 13:00:00,10.36,
2024-04-19 13:15:00,10.31,
2024-04-19 13:30:00,10.28,
2024-04-19 13:45:00,10.25,
2024-04-19 14:00:00,10.2,
2024-04-19 14:15:00,10.16,
2024-04-19 14:30:00,10.13,
2024-04-19 14:45:00,10.08,
2024-04-19 15:00:00,10.05,
2024-04-19 15:15:00,10.01,
2024-04-19 15:30:00,9.99,
2024-04-19 15:45:00,9.96,
2024-04-19 16:00:00,9.94,
2024-04-19 16:15:00,9.91,
2024-04-19 16:30:00,9.88,
2024-04-19 16:45:00,9.86,
2024-04-19 17:00:00,9.84,
2024-04-19 17:15:00,9.82,
2024-04-19 17:30:00,9.8,
2024-04-19 17:45:00,9.78,
2024-04-19 18:00:00,9.77,
2024-04-19 18:15:00,9.75,
2024-04-19 18:30:00,9.73,
2024-04-19 18:45:00,9.72,
2024-04-19 19:00:00,9.71,
2024-04-19 19:15:00,9.7,
2024-04-19 19:30:00,9.69,
2024-04-19 19:45:00,9.68,
2024-04-19 20:00:00,9.68,
2024-04-19 20:15:00,9.67,
2024-04-19 20:30:00,9.67,
2024-04-19 20:45:00,9.67,
2024-04-19 21:00:00,9.68,
2024-04-19 21:15:00,9.68,
2024-04-19 21:30:00,9.69,
2024-04-19 21:45:00,9.7,
2024-04-19 22:00:00,9.71,
2024-04-19 22:15:00,9.72,
2024-04-19 22:30:00,9.73,
2024-04-19 22:45:00,9.74,
2024-04-19 23:00:00,9.75,
2024-04-19 23:15:00,9.76,
2024-04-19 23:30:00,9.77,
2024-04-19 23:45:00,9.78,
2024-04-20 00:00:00,9.79,
2024-04-20 00:15:00,9.79,
2024-04-20 00:30:00,9.8,
2024-04-20 00:45:00,9.81,
2024-04-20 01:00:00,9.82,
2024-04-20 01:15:00,9.83,
2024-04-20 01:30:00,9.84,
2024-04-20 01:45:00,9.85,
2024-04-20 02:00:00,9.86,
2024-04-20 02:15:00,9.87,
2024-04-20 02:30:00,9.89,
2024-04-20 02:45:00,9.89,
2024-04-20 03:00:00,9.91,
2024-04-20 03:15:00,9.93,
2024-04-20 03:30:00,9.94,
2024-04-20 03:45:00,9.96,
2024-04-20 04:00:00,9.97,
2024-04-20 04:15:00,9.98,
2024-04-20 04:30:00,9.99,
2024-04-20 04:45:00,10.0,
2024-04-20 05:00:00,10.01,
2024-04-20 05:15:00,10.01,
2024-04-20 05:30:00,10.03,
2024-04-20 05:45:00,10.03,
2024-04-20 06:00:00,10.04,
2024-04-20 06:15:00,10.05,
2024-04-20 06:30:00,10.07,
2024-04-20 06:45:00,10.08,
2024-04-20 07:00:00,10.1,
2024-04-20 07:15:00,10.12,
2024-04-20 07:30:00,10.14,
2024-04-20 07:45:00,10.16,
2024-04-20 08:00:00,10.18,
2024-04-20 08:15:00,10.2,
2024-04-20 08:30:00,10.22,
2024-04-20 08:45:00,10.24,
2024-04-20 09:00:00,10.25,
2024-04-20 09:15:00,10.27,
2024-04-20 09:30:00,10.28,
2024-04-20 09:45:00,10.29,
2024-04-20 10:00:00,10.3,
2024-04-20 10:15:00,10.31,
2024-04-20 10:30:00,10.32,
2024-04-20 10:45:00,10.32,
2024-04-20 11:00:00,10.32,
2024-04-20 11:15:00,10.31,
2024-04-20 11:30:00,10.3,
2024-04-20 11:45:00,10.27,
2024-04-20 12:00:00,10.25,
2024-04-20 12:15:00,10.23,
2024-04-20 12:30:00,10.2,
2024-04-20 12:45:00,10.16,
2024-04-20 13:00:00,10.12,
2024-04-20 13:15:00,10.09,
2024-04-20 13:30:00,10.05,
2024-04-20 13:45:00,10.01,
2024-04-20 14:00:00,9.97,
2024-04-20 14:15:00,9.94,
2024-04-20 14:30:00,9.9,
2024-04-20 14:45:00,9.87,
2024-04-20 15:00:00,9.86,
2024-04-20 15:15:00,9.86,
2024-04-20 15:30:00,9.83,
2024-04-20 15:45:00,9.81,
2024-04-20 16:00:00,9.79,
2024-04-20 16:15:00,9.76,
2024-04-20 16:30:00,9.72,
2024-04-20 16:45:00,9.68,
2024-04-20 17:00:00,9.65,
2024-04-20 17:15:00,9.63,
2024-04-20 17:30:00,9.62,
2024-04-20 17:45:00,9.61,
2024-04-20 18:00:00,9.59,
2024-04-20 18:15:00,9.57,
2024-04-20 18:30:00,9.55,
2024-04-20 18:45:00,9.54,
2024-04-20 19:00:00,9.53,
2024-04-20 19:15:00,9.52,
2024-04-20 19:30:00,9.51,
2024-04-20 19:45:00,9.51,
2024-04-20 20:00:00,9.5,
2024-04-20 20:15:00,9.49,
2024-04-20 20:30:00,9.5,
2024-04-20 20:45:00,9.5,
2024-04-20 21:00:00,9.51,
2024-04-20 21:15:00,9.52,
2024-04-20 21:30:00,9.53,
2024-04-20 21:45:00,9.54,
2024-04-20 22:00:00,9.56,
2024-04-20 22:15:00,9.56,
2024-04-20 22:30:00,9.57,
2024-04-20 22:45:00,9.58,
2024-04-20 23:00:00,9.59,
2024-04-20 23:15:00,9.61,
2024-04-20 23:30:00,9.63,
2024-04-20 23:45:00,9.64,
2024-04-21 00:00:00,9.66,
2024-04-21 00:15:00,9.67,
2024-04-21 00:30:00,9.69,
2024-04-21 00:45:00,9.71,
2024-04-21 01:00:00,9.73,
2024-04-21 01:15:00,9.75,
2024-04-21 01:30:00,9.77,
2024-04-21 01:45:00,9.79,
2024-04-21 02:00:00,9.82,
2024-04-21 02:15:00,9.83,
2024-04-21 02:30:00,9.85,
2024-04-21 02:45:00,9.87,
2024-04-21 03:00:00,9.89,
2024-04-21 03:15:00,9.92,
2024-04-21 03:30:00,9.93,
2024-04-21 03:45:00,9.96,
2024-04-21 04:00:00,9.97,
2024-04-21 04:15:00,9.99,
2024-04-21 04:30:00,10.01,
2024-04-21 04:45:00,10.02,
2024-04-21 05:00:00,10.03,
2024-04-21 05:15:00,10.04,
2024-04-21 05:30:00,10.05,
2024-04-21 05:45:00,10.06,
2024-04-21 06:00:00,10.08,
2024-04-21 06:15:00,10.1,
2024-04-21 06:30:00,10.12,
2024-04-21 06:45:00,10.14,
2024-04-21 07:00:00,10.16,
2024-04-21 07:15:00,10.19,
2024-04-21 07:30:00,10.21,
2024-04-21 07:45:00,10.23,
2024-04-21 08:00:00,10.25,
2024-04-21 08:15:00,10.28,
2024-04-21 08:30:00,10.3,
2024-04-21 08:45:00,10.32,
2024-04-21 09:00:00,10.33,
2024-04-21 09:15:00,10.35,
2024-04-21 09:30:00,10.35,
2024-04-21 09:45:00,10.36,
2024-04-21 10:00:00,10.36,
2024-04-21 10:15:00,10.35,
2024-04-21 10:30:00,10.34,
2024-04-21 10:45:00,10.33,
2024-04-21 11:00:00,10.31,
2024-04-21 11:15:00,10.29,
2024-04-21 11:30:00,10.27,
2024-04-21 11:45:00,10.23,
2024-04-21 12:00:00,10.21,
2024-04-21 12:15:00,10.17,
2024-04-21 12:30:00,10.13,
2024-04-21 12:45:00,10.09,
2024-04-21 13:00:00,10.05,
2024-04-21 13:15:00,10.01,
2024-04-21 13:30:00,9.97,
2024-04-21 13:45:00,9.93,
2024-04-21 14:00:00,9.9,
2024-04-21 14:15:00,9.87,
2024-04-21 14:30:00,9.85,
2024-04-21 14:45:00,9.84,
2024-04-21 15:00:00,9.84,
2024-04-21 15:15:00,9.82,
2024-04-21 15:30:00,9.8,
2024-04-21 15:45:00,9.78,
2024-04-21 16:00:00,9.75,
2024-04-21 16:15:00,9.72,
2024-04-21 16:30:00,9.67,
2024-04-21 16:45:00,9.63,
2024-04-21 17:00:00,9.59,
2024-04-21 17:15:00,9.56,
2024-04-21 17:30:00,9.52,
2024-04-21 17:45:00,9.49,
2024-04-21 18:00:00,9.47,
2024-04-21 18:15:00,9.44,
2024-04-21 18:30:00,9.41,
2024-04-21 18:45:00,9.39,
2024-04-21 19:00:00,9.37,
2024-04-21 19:15:00,9.35,
2024-04-21 19:30:00,9.33,
2024-04-21 19:45:00,9.32,
2024-04-21 20:00:00,9.32,
2024-04-21 20:15:00,9.32,
2024-04-21 20:30:00,9.32,
2024-04-21 20:45:00,9.32,
2024-04-21 21:00:00,9.33,
2024-04-21 21:15:00,9.34,
2024-04-21 21:30:00,9.35,
2024-04-21 21:45:00,9.36,
2024-04-21 22:00:00,9.36,
2024-04-21 22:15:00,9.37,
2024-04-21 22:30:00,9.38,
2024-04-21 22:45:00,9.39,
2024-04-21 23:00:00,9.4,
2024-04-21 23:15:00,9.41,
2024-04-21 23:30:00,9.42,
2024-04-21 23:45:00,9.43,
2024-04-22 00:00:00,9.44,
2024-04-22 00:15:00,9.45,
2024-04-22 00:30:00,9.47,
2024-04-22 00:45:00,9.49,
2024-04-22 01:00:00,9.51,
2024-04-22 01:15:00,9.53,
2024-04-22 01:30:00,9.55,
2024-04-22 01:45:00,9.57,
2024-04-22 02:00:00,9.58,
2024-04-22 02:15:00,9.59,
2024-04-22 02:30:00,9.6,
2024-04-22 02:45:00,9.6,
2024-04-22 03:00:00,9.61,
2024-04-22 03:15:00,9.62,
2024-04-22 03:30:00,9.64,
2024-04-22 03:45:00,9.65,
2024-04-22 04:00:00,9.67,
2024-04-22 04:15:00,9.69,
2024-04-22 04:30:00,9.72,
2024-04-22 04:45:00,9.75,
2024-04-22 05:00:00,9.77,
2024-04-22 05:15:00,9.8,
2024-04-22 05:30:00,9.83,
2024-04-22 05:45:00,9.85,
2024-04-22 06:00:00,9.87,
2024-04-22 06:15:00,9.9,
2024-04-22 06:30:00,9.93,
2024-04-22 06:45:00,9.94,
2024-04-22 07:00:00,9.97,
2024-04-22 07:15:00,10.0,
2024-04-22 07:30:00,10.02,
2024-04-22 07:45:00,10.04,
2024-04-22 08:00:00,10.06,
2024-04-22 08:15:00,10.08,
2024-04-22 08:30:00,10.09,
2024-04-22 08:45:00,10.1,
2024-04-22 09:00:00,10.12,
2024-04-22 09:15:00,10.13,
2024-04-22 09:30:00,10.14,
2024-04-22 09:45:00,10.14,
2024-04-22 10:00:00,10.14,
2024-04-22 10:15:00,10.14,
2024-04-22 10:30:00,10.13,
2024-04-22 10:45:00,10.12,
2024-04-22 11:00:00,10.1,
2024-04-22 11:15:00,10.08,
2024-04-22 11:30:00,10.06,
2024-04-22 11:45:00,10.04,
2024-04-22 12:00:00,10.02,
2024-04-22 12:15:00,9.99,
2024-04-22 12:30:00,9.98,
2024-04-22 12:45:00,9.95,
2024-04-22 13:00:00,9.91,
2024-04-22 13:15:00,9.87,
2024-04-22 13:30:00,9.83,
2024-04-22 13:45:00,9.8,
2024-04-22 14:00:00,9.77,
2024-04-22 14:15:00,9.74,
2024-04-22 14:30:00,9.71,
2024-04-22 14:45:00,9.68,
2024-04-22 15:00:00,9.65,
2024-04-22 15:15:00,9.62,
2024-04-22 15:30:00,9.59,
2024-04-22 15:45:00,9.57,
2024-04-22 16:00:00,9.54,
2024-04-22 16:15:00,9.52,
2024-04-22 16:30:00,9.49,
2024-04-22 16:45:00,9.47,
2024-04-22 17:00:00,9.46,
2024-04-22 17:15:00,9.44,
2024-04-22 17:30:00,9.43,
2024-04-22 17:45:00,9.41,
2024-04-22 18:00:00,9.4,
2024-04-22 18:15:00,9.39,
2024-04-22 18:30:00,9.38,
2024-04-22 18:45:00,9.37,
2024-04-22 19:00:00,9.36,
2024-04-22 19:15:00,9.36,
2024-04-22 19:30:00,9.35,
2024-04-22 19:45:00,9.35,
2024-04-22 20:00:00,9.35,
2024-04-22 20:15:00,9.35,
2024-04-22 20:30:00,9.36,
2024-04-22 20:45:00,9.36,
2024-04-22 21:00:00,9.37,
2024-04-22 21:15:00,9.38,
2024-04-22 21:30:00,9.39,
2024-04-22 21:45:00,9.4,
2024-04-22 22:00:00,9.41,
2024-04-22 22:15:00,9.42,
2024-04-22 22:30:00,9.43,
2024-04-22 22:45:00,9.45,
2024-04-22 23:00:00,9.46,
2024-04-22 23:15:00,9.47,
2024-04-22 23:30:00,9.49,
2024-04-22 23:45:00,9.5,
2024-04-23 00:00:00,9.52,
2024-04-23 00:15:00,9.54,
2024-04-23 00:30:00,9.55,
2024-04-23 00:45:00,9.57,
2024-04-23 01:00:00,9.59,
2024-04-23 01:15:00,9.6,
2024-04-23 01:30:00,9.62,
2024-04-23 01:45:00,9.63,
2024-04-23 02:00:00,9.64,
2024-04-23 02:15:00,9.65,
2024-04-23 02:30:00,9.66,
2024-04-23 02:45:00,9.67,
2024-04-23 03:00:00,9.68,
2024-04-23 03:15:00,9.69,
2024-04-23 03:30:00,9.7,
2024-04-23 03:45:00,9.71,
2024-04-23 04:00:00,9.73,
2024-04-23 04:15:00,9.76,
2024-04-23 04:30:00,9.78,
2024-04-23 04:45:00,9.8,
2024-04-23 05:00:00,9.82,
2024-04-23 05:15:00,9.83,
2024-04-23 05:30:00,9.85,
2024-04-23 05:45:00,9.88,
2024-04-23 06:00:00,9.9,
2024-04-23 06:15:00,9.92,
2024-04-23 06:30:00,9.95,
2024-04-23 06:45:00,9.97,
2024-04-23 07:00:00,10.0,
2024-04-23 07:15:00,10.02,
2024-04-23 07:30:00,10.05,
2024-04-23 07:45:00,10.07,
2024-04-23 08:00:00,10.1,
2024-04-23 08:15:00,10.12,
2024-04-23 08:30:00,10.13,
2024-04-23 08:45:00,10.15,
2024-04-23 09:00:00,10.17,
2024-04-23 09:15:00,10.18,
2024-04-23 09:30:00,10.19,
2024-04-23 09:45:00,10.2,
2024-04-23 10:00:00,10.2,
2024-04-23 10:15:00,10.2,
2024-04-23 10:30:00,10.2,
2024-04-23 10:45:00,10.21,
2024-04-23 11:00:00,10.22,
2024-04-23 11:15:00,10.22,
2024-04-23 11:30:00,10.22,
2024-04-23 11:45:00,10.22,
2024-04-23 12:00:00,10.22,
2024-04-23 12:15:00,10.21,
2024-04-23 12:30:00,10.19,
2024-04-23 12:45:00,10.18,
2024-04-23 13:00:00,10.16,
2024-04-23 13:15:00,10.14,
2024-04-23 13:30:00,10.12,
2024-04-23 13:45:00,10.1,
2024-04-23 14:00:00,10.07,
2024-04-23 14:15:00,10.02,
2024-04-23 14:30:00,10.0,
2024-04-23 14:45:00,9.98,
2024-04-23 15:00:00,9.95,
2024-04-23 15:15:00,9.9,
2024-04-23 15:30:00,9.86,
2024-04-23 15:45:00,9.82,
2024-04-23 16:00:00,9.79,
2024-04-23 16:15:00,9.77,
2024-04-23 16:30:00,9.75,
2024-04-23 16:45:00,9.73,
2024-04-23 17:00:00,9.71,
2024-04-23 17:15:00,9.69,
2024-04-23 17:30:00,9.67,
2024-04-23 17:45:00,9.65,
2024-04-23 18:00:00,9.63,
2024-04-23 18:15:00,9.61,
2024-04-23 18:30:00,9.58,
2024-04-23 18:45:00,9.57,
2024-04-23 19:00:00,9.55,
2024-04-23 19:15:00,9.54,
2024-04-23 19:30:00,9.52,
2024-04-23 19:45:00,9.5,
2024-04-23 20:00:00,9.49,
2024-04-23 20:15:00,9.48,
2024-04-23 20:30:00,9.47,
2024-04-23 20:45:00,9.47,
2024-04-23 21:00:00,9.48,
2024-04-23 21:15:00,9.48,
2024-04-23 21:30:00,9.5,
2024-04-23 21:45:00,9.51,
2024-04-23 22:00:00,9.52,
2024-04-23 22:15:00,9.53,
2024-04-23 22:30:00,9.53,
2024-04-23 22:45:00,9.54,
2024-04-23 23:00:00,9.55,
2024-04-23 23:15:00,9.55,
2024-04-23 23:30:00,9.55,
2024-04-23 23:45:00,9.55,
2024-04-24 00:00:00,9.55,
2024-04-24 00:15:00,9.55,
2024-04-24 00:30:00,9.56,
2024-04-24 00:45:00,9.56,
2024-04-24 01:00:00,9.56,
2024-04-24 01:15:00,9.56,
2024-04-24 01:30:00,9.57,
2024-04-24 01:45:00,9.58,
2024-04-24 02:00:00,9.58,
2024-04-24 02:15:00,9.58,
2024-04-24 02:30:00,9.58,
2024-04-24 02:45:00,9.58,
2024-04-24 03:00:00,9.58,
2024-04-24 03:15:00,9.58,
2024-04-24 03:30:00,9.58,
2024-04-24 03:45:00,9.59,
2024-04-24 04:00:00,9.59,
2024-04-24 04:15:00,9.59,
2024-04-24 04:30:00,9.6,
2024-04-24 04:45:00,9.6,
2024-04-24 05:00:00,9.61,
2024-04-24 05:15:00,9.61,
2024-04-24 05:30:00,9.62,
2024-04-24 05:45:00,9.63,
2024-04-24 06:00:00,9.64,
2024-04-24 06:15:00,9.65,
2024-04-24 06:30:00,9.66,
2024-04-24 06:45:00,9.68,
2024-04-24 07:00:00,9.7,
2024-04-24 07:15:00,9.71,
2024-04-24 07:30:00,9.73,
2024-04-24 07:45:00,9.75,
2024-04-24 08:00:00,9.77,
2024-04-24 08:15:00,9.78,
2024-04-24 08:30:00,9.8,
2024-04-24 08:45:00,9.81,
2024-04-24 09:00:00,9.83,
2024-04-24 09:15:00,9.83,
2024-04-24 09:30:00,9.84,
2024-04-24 09:45:00,9.84,
2024-04-24 10:00:00,9.84,
2024-04-24 10:15:00,9.83,
2024-04-24 10:30:00,9.83,
2024-04-24 10:45:00,9.82,
2024-04-24 11:00:00,9.83,
2024-04-24 11:15:00,9.83,
2024-04-24 11:30:00,9.81,
2024-04-24 11:45:00,9.8,
2024-04-24 12:00:00,9.77,
2024-04-24 12:15:00,9.74,
2024-04-24 12:30:00,9.7,
2024-04-24 12:45:00,9.66,
2024-04-24 13:00:00,9.62,
2024-04-24 13:15:00,9.58,
2024-04-24 13:30:00,9.55,
2024-04-24 13:45:00,9.51,
2024-04-24 14:00:00,9.47,
2024-04-24 14:15:00,9.45,
2024-04-24 14:30:00,9.43,
2024-04-24 14:45:00,9.41,
2024-04-24 15:00:00,9.37,
2024-04-24 15:15:00,9.32,
2024-04-24 15:30:00,9.28,
2024-04-24 15:45:00,9.25,
2024-04-24 16:00:00,9.22,
2024-04-24 16:15:00,9.2,
2024-04-24 16:30:00,9.19,
2024-04-24 16:45:00,9.18,
2024-04-24 17:00:00,9.17,
2024-04-24 17:15:00,9.17,
2024-04-24 17:30:00,9.17,
2024-04-24 17:45:00,9.15,
2024-04-24 18:00:00,9.14,
2024-04-24 18:15:00,9.13,
2024-04-24 18:30:00,9.13,
2024-04-24 18:45:00,9.14,
2024-04-24 19:00:00,9.13,
2024-04-24 19:15:00,9.12,
2024-04-24 19:30:00,9.11,
2024-04-24 19:45:00,9.1,
2024-04-24 20:00:00,9.1,
2024-04-24 20:15:00,9.11,
2024-04-24 20:30:00,9.1,
2024-04-24 20:45:00,9.1,
2024-04-24 21:00:00,9.09,
2024-04-24 21:15:00,9.09,
2024-04-24 21:30:00,9.09,
2024-04-24 21:45:00,9.1,
2024-04-24 22:00:00,9.11,
2024-04-24 22:15:00,9.12,
2024-04-24 22:30:00,9.13,
2024-04-24 22:45:00,9.13,
2024-04-24 23:00:00,9.14,
2024-04-24 23:15:00,9.15,
2024-04-24 23:30:00,9.16,
2024-04-24 23:45:00,9.17,
2024-04-25 00:00:00,9.18,
2024-04-25 00:15:00,9.19,
2024-04-25 00:30:00,9.21,
2024-04-25 00:45:00,9.22,
2024-04-25 01:00:00,9.24,
2024-04-25 01:15:00,9.25,
2024-04-25 01:30:00,9.26,
2024-04-25 01:45:00,9.27,
2024-04-25 02:00:00,9.28,
2024-04-25 02:15:00,9.29,
2024-04-25 02:30:00,9.3,
2024-04-25 02:45:00,9.31,
2024-04-25 03:00:00,9.32,
2024-04-25 03:15:00,9.33,
2024-04-25 03:30:00,9.35,
2024-04-25 03:45:00,9.36,
2024-04-25 04:00:00,9.38,
2024-04-25 04:15:00,9.4,
2024-04-25 04:30:00,9.41,
2024-04-25 04:45:00,9.42,
2024-04-25 05:00:00,9.45,
2024-04-25 05:15:00,9.46,
2024-04-25 05:30:00,9.49,
2024-04-25 05:45:00,9.5,
2024-04-25 06:00:00,9.52,
2024-04-25 06:15:00,9.54,
2024-04-25 06:30:00,9.57,
2024-04-25 06:45:00,9.59,
2024-04-25 07:00:00,9.61,
2024-04-25 07:15:00,9.64,
2024-04-25 07:30:00,9.65,
2024-04-25 07:45:00,9.68,
2024-04-25 08:00:00,9.7,
2024-04-25 08:15:00,9.72,
2024-04-25 08:30:00,9.73,
2024-04-25 08:45:00,9.75,
2024-04-25 09:00:00,9.76,
2024-04-25 09:15:00,9.77,
2024-04-25 09:30:00,9.79,
2024-04-25 09:45:00,9.79,
2024-04-25 10:00:00,9.8,
2024-04-25 10:15:00,9.81,
2024-04-25 10:30:00,9.8,
2024-04-25 10:45:00,9.79,
2024-04-25 11:00:00,9.79,
2024-04-25 11:15:00,9.8,
2024-04-25 11:30:00,9.8,
2024-04-25 11:45:00,9.8,
2024-04-25 12:00:00,9.8,
2024-04-25 12:15:00,9.81,
2024-04-25 12:30:00,9.81,
2024-04-25 12:45:00,9.79,
2024-04-25 13:00:00,9.75,
2024-04-25 13:15:00,9.73,
2024-04-25 13:30:00,9.72,
2024-04-25 13:45:00,9.71,
2024-04-25 14:00:00,9.7,
2024-04-25 14:15:00,9.69,
2024-04-25 14:30:00,9.66,
2024-04-25 14:45:00,9.63,
2024-04-25 15:00:00,9.62,
2024-04-25 15:15:00,9.61,
2024-04-25 15:30:00,9.61,
2024-04-25 15:45:00,9.61,
2024-04-25 16:00:00,9.6,
2024-04-25 16:15:00,9.61,
2024-04-25 16:30:00,9.61,
2024-04-25 16:45:00,9.61,
2024-04-25 17:00:00,9.61,
2024-04-25 17:15:00,9.62,
2024-04-25 17:30:00,9.63,
2024-04-25 17:45:00,9.64,
2024-04-25 18:00:00,9.65,
2024-04-25 18:15:00,9.65,
2024-04-25 18:30:00,9.66,
2024-04-25 18:45:00,9.66,
2024-04-25 19:00:00,9.66,
2024-04-25 19:15:00,9.66,
2024-04-25 19:30:00,9.67,
2024-04-25 19:45:00,9.67,
2024-04-25 20:00:00,9.67,
2024-04-25 20:15:00,9.68,
2024-04-25 20:30:00,9.69,
2024-04-25 20:45:00,9.69,
2024-04-25 21:00:00,9.7,
2024-04-25 21:15:00,9.7,
2024-04-25 21:30:00,9.71,
2024-04-25 21:45:00,9.72,
2024-04-25 22:00:00,9.72,
2024-04-25 22:15:00,9.72,
2024-04-25 22:30:00,9.72,
2024-04-25 22:45:00,9.73,
2024-04-25 23:00:00,9.73,
2024-04-25 23:15:00,9.74,
2024-04-25 23:30:00,9.75,
2024-04-25 23:45:00,9.75,
2024-04-26 00:00:00,9.75,
2024-04-26 00:15:00,9.75,
2024-04-26 00:30:00,9.76,
2024-04-26 00:45:00,9.76,
2024-04-26 01:00:00,9.76,
2024-04-26 01:15:00,9.77,
2024-04-26 01:30:00,9.77,
2024-04-26 01:45:00,9.78,
2024-04-26 02:00:00,9.79,
2024-04-26 02:15:00,9.78,
2024-04-26 02:30:00,9.79,
2024-04-26 02:45:00,9.8,
2024-04-26 03:00:00,9.81,
2024-04-26 03:15:00,9.81,
2024-04-26 03:30:00,9.82,
2024-04-26 03:45:00,9.82,
2024-04-26 04:00:00,9.83,
2024-04-26 04:15:00,9.82,
2024-04-26 04:30:00,9.82,
2024-04-26 04:45:00,9.82,
2024-04-26 05:00:00,9.83,
2024-04-26 05:15:00,9.84,
2024-04-26 05:30:00,9.84,
2024-04-26 05:45:00,9.85,
2024-04-26 06:00:00,9.85,
2024-04-26 06:15:00,9.85,
2024-04-26 06:30:00,9.86,
2024-04-26 06:45:00,9.86,
2024-04-26 07:00:00,9.87,
2024-04-26 07:15:00,9.88,
2024-04-26 07:30:00,9.89,
2024-04-26 07:45:00,9.9,
2024-04-26 08:00:00,9.92,
2024-04-26 08:15:00,9.93,
2024-04-26 08:30:00,9.93,
2024-04-26 08:45:00,9.95,
2024-04-26 09:00:00,9.96,
2024-04-26 09:15:00,9.97,
2024-04-26 09:30:00,9.97,
2024-04-26 09:45:00,9.98,
2024-04-26 10:00:00,9.98,
2024-04-26 10:15:00,9.99,
2024-04-26 10:30:00,9.99,
2024-04-26 10:45:00,10.0,
2024-04-26 11:00:00,10.01,
2024-04-26 11:15:00,10.01,
2024-04-26 11:30:00,10.02,
2024-04-26 11:45:00,10.03,
2024-04-26 12:00:00,10.02,
2024-04-26 12:15:00,10.02,
2024-04-26 12:30:00,10.01,
2024-04-26 12:45:00,10.01,
2024-04-26 13:00:00,10.0,
2024-04-26 13:15:00,9.98,
2024-04-26 13:30:00,9.96,
2024-04-26 13:45:00,9.94,
2024-04-26 14:00:00,9.93,
2024-04-26 14:15:00,9.9,
2024-04-26 14:30:00,9.86,
2024-04-26 14:45:00,9.83,
2024-04-26 15:00:00,9.81,
2024-04-26 15:15:00,9.8,
2024-04-26 15:30:00,9.78,
2024-04-26 15:45:00,9.76,
2024-04-26 16:00:00,9.75,
2024-04-26 16:15:00,9.75,
2024-04-26 16:30:00,9.75,
2024-04-26 16:45:00,9.75,
2024-04-26 17:00:00,9.75,
2024-04-26 17:15:00,9.74,
2024-04-26 17:30:00,9.73,
2024-04-26 17:45:00,9.73,
2024-04-26 18:00:00,9.75,
2024-04-26 18:15:00,9.75,
2024-04-26 18:30:00,9.75,
2024-04-26 18:45:00,9.75,
2024-04-26 19:00:00,9.74,
2024-04-26 19:15:00,9.75,
2024-04-26 19:30:00,9.74,
2024-04-26 19:45:00,9.74,
2024-04-26 20:00:00,9.73,
2024-04-26 20:15:00,9.73,
2024-04-26 20:30:00,9.72,
2024-04-26 20:45:00,9.72,
2024-04-26 21:00:00,9.73,
2024-04-26 21:15:00,9.72,
2024-04-26 21:30:00,9.72,
2024-04-26 21:45:00,9.73,
2024-04-26 22:00:00,9.73,
2024-04-26 22:15:00,9.72,
2024-04-26 22:30:00,9.73,
2024-04-26 22:45:00,9.73,
2024-04-26 23:00:00,9.71,
2024-04-26 23:15:00,9.71,
2024-04-26 23:30:00,9.72,
2024-04-26 23:45:00,9.71,
2024-04-27 00:00:00,9.7,
2024-04-27 00:15:00,9.7,
2024-04-27 00:30:00,9.7,
2024-04-27 00:45:00,9.69,
2024-04-27 01:00:00,9.7,
2024-04-27 01:15:00,9.7,
2024-04-27 01:30:00,9.7,
2024-04-27 01:45:00,9.7,
2024-04-27 02:00:00,9.7,
2024-04-27 02:15:00,9.7,
2024-04-27 02:30:00,9.7,
2024-04-27 02:45:00,9.7,
2024-04-27 03:00:00,9.71,
2024-04-27 03:15:00,9.7,
2024-04-27 03:30:00,9.71,
2024-04-27 03:45:00,9.71,
2024-04-27 04:00:00,9.71,
2024-04-27 04:15:00,9.72,
2024-04-27 04:30:00,9.73,
2024-04-27 04:45:00,9.73,
2024-04-27 05:00:00,9.74,
2024-04-27 05:15:00,9.74,
2024-04-27 05:30:00,9.75,
2024-04-27 05:45:00,9.77,
2024-04-27 06:00:00,9.78,
2024-04-27 06:15:00,9.79,
2024-04-27 06:30:00,9.8,
2024-04-27 06:45:00,9.81,
2024-04-27 07:00:00,9.83,
2024-04-27 07:15:00,9.84,
2024-04-27 07:30:00,9.85,
2024-04-27 07:45:00,9.87,
2024-04-27 08:00:00,9.88,
2024-04-27 08:15:00,9.89,
2024-04-27 08:30:00,9.9,
2024-04-27 08:45:00,9.92,
2024-04-27 09:00:00,9.93,
2024-04-27 09:15:00,9.93,
2024-04-27 09:30:00,9.95,
2024-04-27 09:45:00,9.95,
2024-04-27 10:00:00,9.97,
2024-04-27 10:15:00,9.98,
2024-04-27 10:30:00,9.98,
2024-04-27 10:45:00,9.98,
2024-04-27 11:00:00,9.97,
2024-04-27 11:15:00,9.97,
2024-04-27 11:30:00,9.97,
2024-04-27 11:45:00,9.97,
2024-04-27 12:00:00,9.97,
2024-04-27 12:15:00,9.97,
2024-04-27 12:30:00,9.96,
2024-04-27 12:45:00,9.95,
2024-04-27 13:00:00,9.93,
2024-04-27 13:15:00,9.94,
2024-04-27 13:30:00,9.94,
2024-04-27 13:45:00,9.94,
2024-04-27 14:00:00,9.94,
2024-04-27 14:15:00,9.92,
2024-04-27 14:30:00,9.91,
2024-04-27 14:45:00,9.91,
2024-04-27 15:00:00,9.9,
2024-04-27 15:15:00,9.89,
2024-04-27 15:30:00,9.89,
2024-04-27 15:45:00,9.89,
2024-04-27 16:00:00,9.88,
2024-04-27 16:15:00,9.89,
2024-04-27 16:30:00,9.88,
2024-04-27 16:45:00,9.88,
2024-04-27 17:00:00,9.86,
2024-04-27 17:15:00,9.86,
2024-04-27 17:30:00,9.86,
2024-04-27 17:45:00,9.87,
2024-04-27 18:00:00,9.87,
2024-04-27 18:15:00,9.86,
2024-04-27 18:30:00,9.86,
2024-04-27 18:45:00,9.86,
2024-04-27 19:00:00,9.86,
2024-04-27 19:15:00,9.86,
2024-04-27 19:30:00,9.85,
2024-04-27 19:45:00,9.86,
2024-04-27 20:00:00,9.86,
2024-04-27 20:15:00,9.86,
2024-04-27 20:30:00,9.86,
2024-04-27 20:45:00,9.86,
2024-04-27 21:00:00,9.86,
2024-04-27 21:15:00,9.87,
2024-04-27 21:30:00,9.86,
2024-04-27 21:45:00,9.87,
2024-04-27 22:00:00,9.87,
2024-04-27 22:15:00,9.87,
2024-04-27 22:30:00,9.88,
2024-04-27 22:45:00,9.88,
2024-04-27 23:00:00,9.88,
2024-04-27 23:15:00,9.88,
2024-04-27 23:30:00,9.88,
2024-04-27 23:45:00,9.88,
2024-04-28 00:00:00,9.89,
2024-04-28 00:15:00,9.89,
2024-04-28 00:30:00,9.89,
2024-04-28 00:45:00,9.89,
2024-04-28 01:00:00,9.9,
2024-04-28 01:15:00,9.9,
2024-04-28 01:30:00,9.91,
2024-04-28 01:45:00,9.92,
2024-04-28 02:00:00,9.92,
2024-04-28 02:15:00,9.93,
2024-04-28 02:30:00,9.93,
2024-04-28 02:45:00,9.94,
2024-04-28 03:00:00,9.94,
2024-04-28 03:15:00,9.95,
2024-04-28 03:30:00,9.96,
2024-04-28 03:45:00,9.98,
2024-04-28 04:00:00,9.99,
2024-04-28 04:15:00,10.0,
2024-04-28 04:30:00,10.01,
2024-04-28 04:45:00,10.03,
2024-04-28 05:00:00,10.04,
2024-04-28 05:15:00,10.06,
2024-04-28 05:30:00,10.07,
2024-04-28 05:45:00,10.08,
2024-04-28 06:00:00,10.09,
2024-04-28 06:15:00,10.1,
2024-04-28 06:30:00,10.13,
2024-04-28 06:45:00,10.13,
2024-04-28 07:00:00,10.15,
2024-04-28 07:15:00,10.16,
2024-04-28 07:30:00,10.18,
2024-04-28 07:45:00,10.2,
2024-04-28 08:00:00,10.21,
2024-04-28 08:15:00,10.22,
2024-04-28 08:30:00,10.23,
2024-04-28 08:45:00,10.23,
2024-04-28 09:00:00,10.24,
2024-04-28 09:15:00,10.24,
2024-04-28 09:30:00,10.25,
2024-04-28 09:45:00,10.25,
2024-04-28 10:00:00,10.26,
2024-04-28 10:15:00,10.25,
2024-04-28 10:30:00,10.25,
2024-04-28 10:45:00,10.25,
2024-04-28 11:00:00,10.24,
2024-04-28 11:15:00,10.23,
2024-04-28 11:30:00,10.22,
2024-04-28 11:45:00,10.21,
2024-04-28 12:00:00,10.18,
2024-04-28 12:15:00,10.16,
2024-04-28 12:30:00,10.16,
2024-04-28 12:45:00,10.13,
2024-04-28 13:00:00,10.13,
2024-04-28 13:15:00,10.11,
2024-04-28 13:30:00,10.09,
2024-04-28 13:45:00,10.06,
2024-04-28 14:00:00,10.01,
2024-04-28 14:15:00,9.96,
2024-04-28 14:30:00,9.95,
2024-04-28 14:45:00,9.92,
2024-04-28 15:00:00,9.91,
2024-04-28 15:15:00,9.9,
2024-04-28 15:30:00,9.87,
2024-04-28 15:45:00,9.84,
2024-04-28 16:00:00,9.82,
2024-04-28 16:15:00,9.79,
2024-04-28 16:30:00,9.77,
2024-04-28 16:45:00,9.76,
2024-04-28 17:00:00,9.78,
2024-04-28 17:15:00,9.78,
2024-04-28 17:30:00,9.78,
2024-04-28 17:45:00,9.77,
2024-04-28 18:00:00,9.76,
2024-04-28 18:15:00,9.75,
2024-04-28 18:30:00,9.75,
2024-04-28 18:45:00,9.74,
2024-04-28 19:00:00,9.74,
2024-04-28 19:15:00,9.73,
2024-04-28 19:30:00,9.72,
2024-04-28 19:45:00,9.71,
2024-04-28 20:00:00,9.71,
2024-04-28 20:15:00,9.71,
2024-04-28 20:30:00,9.71,
2024-04-28 20:45:00,9.71,
2024-04-28 21:00:00,9.72,
2024-04-28 21:15:00,9.72,
2024-04-28 21:30:00,9.72,
2024-04-28 21:45:00,9.73,
2024-04-28 22:00:00,9.75,
2024-04-28 22:15:00,9.76,
2024-04-28 22:30:00,9.76,
2024-04-28 22:45:00,9.78,
2024-04-28 23:00:00,9.79,
2024-04-28 23:15:00,9.79,
2024-04-28 23:30:00,9.79,
2024-04-28 23:45:00,9.8,
2024-04-29 00:00:00,9.8,
2024-04-29 00:15:00,9.8,
2024-04-29 00:30:00,9.8,
2024-04-29 00:45:00,9.8,
2024-04-29 01:00:00,9.8,
2024-04-29 01:15:00,9.8,
2024-04-29 01:30:00,9.81,
2024-04-29 01:45:00,9.81,
2024-04-29 02:00:00,9.81,
2024-04-29 02:15:00,9.83,
2024-04-29 02:30:00,9.84,
2024-04-29 02:45:00,9.84,
2024-04-29 03:00:00,9.84,
2024-04-29 03:15:00,9.84,
2024-04-29 03:30:00,9.84,
2024-04-29 03:45:00,9.85,
2024-04-29 04:00:00,9.85,
2024-04-29 04:15:00,9.86,
2024-04-29 04:30:00,9.86,
2024-04-29 04:45:00,9.87,
2024-04-29 05:00:00,9.88,
2024-04-29 05:15:00,9.89,
2024-04-29 05:30:00,9.9,
2024-04-29 05:45:00,9.91,
2024-04-29 06:00:00,9.92,
2024-04-29 06:15:00,9.94,
2024-04-29 06:30:00,9.95,
2024-04-29 06:45:00,9.97,
2024-04-29 07:00:00,9.98,
2024-04-29 07:15:00,10.0,
2024-04-29 07:30:00,10.01,
2024-04-29 07:45:00,10.02,
2024-04-29 08:00:00,10.04,
2024-04-29 08:15:00,10.05,
2024-04-29 08:30:00,10.06,
2024-04-29 08:45:00,10.07,
2024-04-29 09:00:00,10.07,
2024-04-29 09:15:00,10.08,
2024-04-29 09:30:00,10.08,
2024-04-29 09:45:00,10.08,
2024-04-29 10:00:00,10.07,
2024-04-29 10:15:00,10.08,
2024-04-29 10:30:00,10.07,
2024-04-29 10:45:00,10.06,
2024-04-29 11:00:00,10.05,
2024-04-29 11:15:00,10.04,
2024-04-29 11:30:00,10.03,
2024-04-29 11:45:00,10.02,
2024-04-29 12:00:00,9.99,
2024-04-29 12:15:00,9.96,
2024-04-29 12:30:00,9.92,
2024-04-29 12:45:00,9.87,
2024-04-29 13:00:00,9.83,
2024-04-29 13:15:00,9.78,
2024-04-29 13:30:00,9.74,
2024-04-29 13:45:00,9.7,
2024-04-29 14:00:00,9.66,
2024-04-29 14:15:00,9.64,
2024-04-29 14:30:00,9.61,
2024-04-29 14:45:00,9.58,
2024-04-29 15:00:00,9.57,
2024-04-29 15:15:00,9.57,
2024-04-29 15:30:00,9.57,
2024-04-29 15:45:00,9.54,
2024-04-29 16:00:00,9.52,
2024-04-29 16:15:00,9.49,
2024-04-29 16:30:00,9.46,
2024-04-29 16:45:00,9.43,
2024-04-29 17:00:00,9.41,
2024-04-29 17:15:00,9.4,
2024-04-29 17:30:00,9.39,
2024-04-29 17:45:00,9.39,
2024-04-29 18:00:00,9.41,
2024-04-29 18:15:00,9.42,
2024-04-29 18:30:00,9.44,
2024-04-29 18:45:00,9.45,
2024-04-29 19:00:00,9.46,
2024-04-29 19:15:00,9.46,
2024-04-29 19:30:00,9.47,
2024-04-29 19:45:00,9.48,
2024-04-29 20:00:00,9.5,
2024-04-29 20:15:00,9.51,
2024-04-29 20:30:00,9.52,
2024-04-29 20:45:00,9.53,
2024-04-29 21:00:00,9.54,
2024-04-29 21:15:00,9.55,
2024-04-29 21:30:00,9.56,
2024-04-29 21:45:00,9.57,
2024-04-29 22:00:00,9.57,
2024-04-29 22:15:00,9.58,
2024-04-29 22:30:00,9.6,
2024-04-29 22:45:00,9.6,
2024-04-29 23:00:00,9.62,
2024-04-29 23:15:00,9.63,
2024-04-29 23:30:00,9.64,
2024-04-29 23:45:00,9.65,
2024-04-30 00:00:00,9.66,
2024-04-30 00:15:00,9.68,
2024-04-30 00:30:00,9.68,
2024-04-30 00:45:00,9.69,
2024-04-30 01:00:00,9.71,
2024-04-30 01:15:00,9.72,
2024-04-30 01:30:00,9.74,
2024-04-30 01:45:00,9.75,
2024-04-30 02:00:00,9.76,
2024-04-30 02:15:00,9.78,
2024-04-30 02:30:00,9.8,
2024-04-30 02:45:00,9.81,
2024-04-30 03:00:00,9.84,
2024-04-30 03:15:00,9.84,
2024-04-30 03:30:00,9.86,
2024-04-30 03:45:00,9.87,
2024-04-30 04:00:00,9.89,
2024-04-30 04:15:00,9.9,
2024-04-30 04:30:00,9.92,
2024-04-30 04:45:00,9.94,
2024-04-30 05:00:00,9.95,
2024-04-30 05:15:00,9.97,
2024-04-30 05:30:00,9.99,
2024-04-30 05:45:00,10.01,
2024-04-30 06:00:00,10.04,
2024-04-30 06:15:00,10.05,
2024-04-30 06:30:00,10.08,
2024-04-30 06:45:00,10.11,
2024-04-30 07:00:00,10.13,
2024-04-30 07:15:00,10.15,
2024-04-30 07:30:00,10.17,
2024-04-30 07:45:00,10.19,
2024-04-30 08:00:00,10.22,
2024-04-30 08:15:00,10.24,
2024-04-30 08:30:00,10.25,
2024-04-30 08:45:00,10.27,
2024-04-30 09:00:00,10.28,
2024-04-30 09:15:00,10.29,
2024-04-30 09:30:00,10.29,
2024-04-30 09:45:00,10.3,
2024-04-30 10:00:00,10.29,
2024-04-30 10:15:00,10.29,
2024-04-30 10:30:00,10.27,
2024-04-30 10:45:00,10.26,
2024-04-30 11:00:00,10.24,
2024-04-30 11:15:00,10.23,
2024-04-30 11:30:00,10.21,
2024-04-30 11:45:00,10.18,
2024-04-30 12:00:00,10.15,
2024-04-30 12:15:00,10.13,
2024-04-30 12:30:00,10.11,
2024-04-30 12:45:00,10.08,
2024-04-30 13:00:00,10.05,
2024-04-30 13:15:00,10.03,
2024-04-30 13:30:00,10.0,
2024-04-30 13:45:00,9.98,
2024-04-30 14:00:00,9.97,
2024-04-30 14:15:00,9.95,
2024-04-30 14:30:00,9.94,
2024-04-30 14:45:00,9.92,
2024-04-30 15:00:00,9.89,
2024-04-30 15:15:00,9.86,
2024-04-30 15:30:00,9.83,
2024-04-30 15:45:00,9.82,
2024-04-30 16:00:00,9.8,
2024-04-30 16:15:00,9.78,
2024-04-30 16:30:00,9.76,
2024-04-30 16:45:00,9.74,
2024-04-30 17:00:00,9.74,
2024-04-30 17:15:00,9.72,
2024-04-30 17:30:00,9.71,
2024-04-30 17:45:00,9.69,
2024-04-30 18:00:00,9.67,
2024-04-30 18:15:00,9.65,
2024-04-30 18:30:00,9.63,
2024-04-30 18:45:00,9.61,
2024-04-30 19:00:00,9.6,
2024-04-30 19:15:00,9.6,
2024-04-30 19:30:00,9.6,
2024-04-30 19:45:00,9.6,
2024-04-30 20:00:00,9.6,
2024-04-30 20:15:00,9.61,
2024-04-30 20:30:00,9.61,
2024-04-30 20:45:00,9.62,
2024-04-30 21:00:00,9.63,
2024-04-30 21:15:00,9.64,
2024-04-30 21:30:00,9.64,
2024-04-30 21:45:00,9.65,
2024-04-30 22:00:00,9.67,
2024-04-30 22:15:00,9.68,
2024-04-30 22:30:00,9.69,
2024-04-30 22:45:00,9.7,
2024-04-30 23:00:00,9.72,
2024-04-30 23:15:00,9.73,
2024-04-30 23:30:00,9.74,
2024-04-30 23:45:00,9.75,
2024-05-01 00:00:00,9.76,
2024-05-01 00:15:00,9.77,
2024-05-01 00:30:00,9.77,
2024-05-01 00:45:00,9.79,
2024-05-01 01:00:00,9.8,
2024-05-01 01:15:00,9.81,
2024-05-01 01:30:00,9.81,
2024-05-01 01:45:00,9.83,
2024-05-01 02:00:00,9.84,
2024-05-01 02:15:00,9.85,
2024-05-01 02:30:00,9.87,
2024-05-01 02:45:00,9.87,
2024-05-01 03:00:00,9.88,
2024-05-01 03:15:00,9.9,
2024-05-01 03:30:00,9.91,
2024-05-01 03:45:00,9.92,
2024-05-01 04:00:00,9.93,
2024-05-01 04:15:00,9.94,
2024-05-01 04:30:00,9.95,
2024-05-01 04:45:00,9.96,
2024-05-01 05:00:00,9.97,
2024-05-01 05:15:00,9.99,
2024-05-01 05:30:00,10.0,
2024-05-01 05:45:00,10.01,
2024-05-01 06:00:00,10.03,
2024-05-01 06:15:00,10.04,
2024-05-01 06:30:00,10.06,
2024-05-01 06:45:00,10.08,
2024-05-01 07:00:00,10.1,
2024-05-01 07:15:00,10.12,
2024-05-01 07:30:00,10.14,
2024-05-01 07:45:00,10.16,
2024-05-01 08:00:00,10.18,
2024-05-01 08:15:00,10.19,
2024-05-01 08:30:00,10.21,
2024-05-01 08:45:00,10.23,
2024-05-01 09:00:00,10.24,
2024-05-01 09:15:00,10.25,
2024-05-01 09:30:00,10.26,
2024-05-01 09:45:00,10.26,
2024-05-01 10:00:00,10.26,
2024-05-01 10:15:00,10.26,
2024-05-01 10:30:00,10.25,
2024-05-01 10:45:00,10.23,
2024-05-01 11:00:00,10.22,
2024-05-01 11:15:00,10.2,
2024-05-01 11:30:00,10.17,
2024-05-01 11:45:00,10.15,
2024-05-01 12:00:00,10.13,
2024-05-01 12:15:00,10.12,
2024-05-01 12:30:00,10.12,
2024-05-01 12:45:00,10.14,
2024-05-01 13:00:00,10.14,
2024-05-01 13:15:00,10.14,
2024-05-01 13:30:00,10.14,
2024-05-01 13:45:00,10.13,
2024-05-01 14:00:00,10.12,
2024-05-01 14:15:00,10.1,
2024-05-01 14:30:00,10.08,
2024-05-01 14:45:00,10.05,
2024-05-01 15:00:00,10.03,
2024-05-01 15:15:00,10.01,
2024-05-01 15:30:00,9.99,
2024-05-01 15:45:00,9.96,
2024-05-01 16:00:00,9.95,
2024-05-01 16:15:00,9.96,
2024-05-01 16:30:00,9.96,
2024-05-01 16:45:00,9.95,
2024-05-01 17:00:00,9.95,
2024-05-01 17:15:00,9.94,
2024-05-01 17:30:00,9.93,
2024-05-01 17:45:00,9.93,
2024-05-01 18:00:00,9.93,
2024-05-01 18:15:00,9.92,
2024-05-01 18:30:00,9.92,
2024-05-01 18:45:00,9.93,
2024-05-01 19:00:00,9.92,
2024-05-01 19:15:00,9.92,
2024-05-01 19:30:00,9.92,
2024-05-01 19:45:00,9.91,
2024-05-01 20:00:00,9.92,
2024-05-01 20:15:00,9.93,
2024-05-01 20:30:00,9.94,
2024-05-01 20:45:00,9.95,
2024-05-01 21:00:00,9.97,
2024-05-01 21:15:00,9.98,
2024-05-01 21:30:00,10.0,
2024-05-01 21:45:00,10.01,
2024-05-01 22:00:00,10.01,
2024-05-01 22:15:00,10.02,
2024-05-01 22:30:00,10.03,
2024-05-01 22:45:00,10.03,
2024-05-01 23:00:00,10.03,
2024-05-01 23:15:00,10.03,
2024-05-01 23:30:00,10.04,
2024-05-01 23:45:00,10.04,
2024-05-02 00:00:00,10.05,
2024-05-02 00:15:00,10.05,
2024-05-02 00:30:00,10.06,
2024-05-02 00:45:00,10.07,
2024-05-02 01:00:00,10.08,
2024-05-02 01:15:00,10.08,
2024-05-02 01:30:00,10.09,
2024-05-02 01:45:00,10.09,
2024-05-02 02:00:00,10.1,
2024-05-02 02:15:00,10.11,
2024-05-02 02:30:00,10.11,
2024-05-02 02:45:00,10.12,
2024-05-02 03:00:00,10.12,
2024-05-02 03:15:00,10.13,
2024-05-02 03:30:00,10.14,
2024-05-02 03:45:00,10.15,
2024-05-02 04:00:00,10.16,
2024-05-02 04:15:00,10.17,
2024-05-02 04:30:00,10.18,
2024-05-02 04:45:00,10.19,
2024-05-02 05:00:00,10.21,
2024-05-02 05:15:00,10.22,
2024-05-02 05:30:00,10.24,
2024-05-02 05:45:00,10.26,
2024-05-02 06:00:00,10.27,
2024-05-02 06:15:00,10.29,
2024-05-02 06:30:00,10.31,
2024-05-02 06:45:00,10.33,
2024-05-02 07:00:00,10.36,
2024-05-02 07:15:00,10.38,
2024-05-02 07:30:00,10.4,
2024-05-02 07:45:00,10.42,
2024-05-02 08:00:00,10.44,
2024-05-02 08:15:00,10.46,
2024-05-02 08:30:00,10.47,
2024-05-02 08:45:00,10.48,
2024-05-02 09:00:00,10.49,
2024-05-02 09:15:00,10.5,
2024-05-02 09:30:00,10.51,
2024-05-02 09:45:00,10.51,
2024-05-02 10:00:00,10.51,
2024-05-02 10:15:00,10.5,
2024-05-02 10:30:00,10.49,
2024-05-02 10:45:00,10.47,
2024-05-02 11:00:00,10.45,
2024-05-02 11:15:00,10.42,
2024-05-02 11:30:00,10.4,
2024-05-02 11:45:00,10.39,
2024-05-02 12:00:00,10.37,
2024-05-02 12:15:00,10.34,
2024-05-02 12:30:00,10.31,
2024-05-02 12:45:00,10.29,
2024-05-02 13:00:00,10.27,
2024-05-02 13:15:00,10.25,
2024-05-02 13:30:00,10.22,
2024-05-02 13:45:00,10.18,
2024-05-02 14:00:00,10.16,
2024-05-02 14:15:00,10.13,
2024-05-02 14:30:00,10.12,
2024-05-02 14:45:00,10.11,
2024-05-02 15:00:00,10.09,
2024-05-02 15:15:00,10.08,
2024-05-02 15:30:00,10.07,
2024-05-02 15:45:00,10.06,
2024-05-02 16:00:00,10.05,
2024-05-02 16:15:00,10.04,
2024-05-02 16:30:00,10.02,
2024-05-02 16:45:00,10.0,
2024-05-02 17:00:00,9.98,
2024-05-02 17:15:00,9.96,
2024-05-02 17:30:00,9.95,
2024-05-02 17:45:00,9.93,
2024-05-02 18:00:00,9.92,
2024-05-02 18:15:00,9.91,
2024-05-02 18:30:00,9.9,
2024-05-02 18:45:00,9.88,
2024-05-02 19:00:00,9.87,
2024-05-02 19:15:00,9.85,
2024-05-02 19:30:00,9.84,
2024-05-02 19:45:00,9.84,
2024-05-02 20:00:00,9.84,
2024-05-02 20:15:00,9.83,
2024-05-02 20:30:00,9.82,
2024-05-02 20:45:00,9.82,
2024-05-02 21:00:00,9.82,
2024-05-02 21:15:00,9.82,
2024-05-02 21:30:00,9.82,
2024-05-02 21:45:00,9.83,
2024-05-02 22:00:00,9.83,
2024-05-02 22:15:00,9.83,
2024-05-02 22:30:00,9.84,
2024-05-02 22:45:00,9.84,
2024-05-02 23:00:00,9.84,
2024-05-02 23:15:00,9.84,
2024-05-02 23:30:00,9.84,
2024-05-02 23:45:00,9.84,
2024-05-03 00:00:00,9.83,
2024-05-03 00:15:00,9.83,
2024-05-03 00:30:00,9.83,
2024-05-03 00:45:00,9.83,
2024-05-03 01:00:00,9.83,
2024-05-03 01:15:00,9.83,
2024-05-03 01:30:00,9.82,
2024-05-03 01:45:00,9.83,
2024-05-03 02:00:00,9.84,
2024-05-03 02:15:00,9.84,
2024-05-03 02:30:00,9.84,
2024-05-03 02:45:00,9.84,
2024-05-03 03:00:00,9.84,
2024-05-03 03:15:00,9.85,
2024-05-03 03:30:00,9.86,
2024-05-03 03:45:00,9.86,
2024-05-03 04:00:00,9.85,
2024-05-03 04:15:00,9.87,
2024-05-03 04:30:00,9.86,
2024-05-03 04:45:00,9.88,
2024-05-03 05:00:00,9.89,
2024-05-03 05:15:00,9.89,
2024-05-03 05:30:00,9.9,
2024-05-03 05:45:00,9.9,
2024-05-03 06:00:00,9.92,
2024-05-03 06:15:00,9.93,
2024-05-03 06:30:00,9.95,
2024-05-03 06:45:00,9.96,
2024-05-03 07:00:00,9.98,
2024-05-03 07:15:00,10.0,
2024-05-03 07:30:00,10.02,
2024-05-03 07:45:00,10.04,
2024-05-03 08:00:00,10.05,
2024-05-03 08:15:00,10.07,
2024-05-03 08:30:00,10.09,
2024-05-03 08:45:00,10.11,
2024-05-03 09:00:00,10.13,
2024-05-03 09:15:00,10.13,
2024-05-03 09:30:00,10.14,
2024-05-03 09:45:00,10.14,
2024-05-03 10:00:00,10.14,
2024-05-03 10:15:00,10.14,
2024-05-03 10:30:00,10.14,
2024-05-03 10:45:00,10.15,
2024-05-03 11:00:00,10.16,
2024-05-03 11:15:00,10.17,
2024-05-03 11:30:00,10.18,
2024-05-03 11:45:00,10.18,
2024-05-03 12:00:00,10.18,
2024-05-03 12:15:00,10.17,
2024-05-03 12:30:00,10.15,
2024-05-03 12:45:00,10.14,
2024-05-03 13:00:00,10.12,
2024-05-03 13:15:00,10.09,
2024-05-03 13:30:00,10.03,
2024-05-03 13:45:00,9.99,
2024-05-03 14:00:00,9.96,
2024-05-03 14:15:00,9.94,
2024-05-03 14:30:00,9.9,
2024-05-03 14:45:00,9.87,
2024-05-03 15:00:00,9.83,
2024-05-03 15:15:00,9.81,
2024-05-03 15:30:00,9.79,
2024-05-03 15:45:00,9.76,
2024-05-03 16:00:00,9.73,
2024-05-03 16:15:00,9.73,
2024-05-03 16:30:00,9.7,
2024-05-03 16:45:00,9.67,
2024-05-03 17:00:00,9.66,
2024-05-03 17:15:00,9.65,
2024-05-03 17:30:00,9.64,
2024-05-03 17:45:00,9.62,
2024-05-03 18:00:00,9.61,
2024-05-03 18:15:00,9.6,
2024-05-03 18:30:00,9.59,
2024-05-03 18:45:00,9.58,
2024-05-03 19:00:00,9.57,
2024-05-03 19:15:00,9.56,
2024-05-03 19:30:00,9.54,
2024-05-03 19:45:00,9.53,
2024-05-03 20:00:00,9.53,
2024-05-03 20:15:00,9.54,
2024-05-03 20:30:00,9.55,
2024-05-03 20:45:00,9.56,
2024-05-03 21:00:00,9.57,
2024-05-03 21:15:00,9.59,
2024-05-03 21:30:00,9.61,
2024-05-03 21:45:00,9.63,
2024-05-03 22:00:00,9.65,
2024-05-03 22:15:00,9.67,
2024-05-03 22:30:00,9.68,
2024-05-03 22:45:00,9.69,
2024-05-03 23:00:00,9.69,
2024-05-03 23:15:00,9.7,
2024-05-03 23:30:00,9.71,
2024-05-03 23:45:00,9.74,
2024-05-04 00:00:00,9.75,
2024-05-04 00:15:00,9.76,
2024-05-04 00:30:00,9.78,
2024-05-04 00:45:00,9.8,
2024-05-04 01:00:00,9.82,
2024-05-04 01:15:00,9.82,
2024-05-04 01:30:00,9.84,
2024-05-04 01:45:00,9.86,
2024-05-04 02:00:00,9.87,
2024-05-04 02:15:00,9.88,
2024-05-04 02:30:00,9.9,
2024-05-04 02:45:00,9.92,
2024-05-04 03:00:00,9.93,
2024-05-04 03:15:00,9.95,
2024-05-04 03:30:00,9.96,
2024-05-04 03:45:00,9.98,
2024-05-04 04:00:00,10.0,
2024-05-04 04:15:00,10.02,
2024-05-04 04:30:00,10.02,
2024-05-04 04:45:00,10.04,
2024-05-04 05:00:00,10.05,
2024-05-04 05:15:00,10.06,
2024-05-04 05:30:00,10.08,
2024-05-04 05:45:00,10.09,
2024-05-04 06:00:00,10.1,
2024-05-04 06:15:00,10.12,
2024-05-04 06:30:00,10.13,
2024-05-04 06:45:00,10.15,
2024-05-04 07:00:00,10.17,
2024-05-04 07:15:00,10.19,
2024-05-04 07:30:00,10.21,
2024-05-04 07:45:00,10.24,
2024-05-04 08:00:00,10.25,
2024-05-04 08:15:00,10.26,
2024-05-04 08:30:00,10.28,
2024-05-04 08:45:00,10.28,
2024-05-04 09:00:00,10.29,
2024-05-04 09:15:00,10.3,
2024-05-04 09:30:00,10.3,
2024-05-04 09:45:00,10.29,
2024-05-04 10:00:00,10.28,
2024-05-04 10:15:00,10.27,
2024-05-04 10:30:00,10.24,
2024-05-04 10:45:00,10.21,
2024-05-04 11:00:00,10.19,
2024-05-04 11:15:00,10.15,
2024-05-04 11:30:00,10.12,
2024-05-04 11:45:00,10.08,
2024-05-04 12:00:00,10.03,
2024-05-04 12:15:00,9.99,
2024-05-04 12:30:00,9.95,
2024-05-04 12:45:00,9.91,
2024-05-04 13:00:00,9.86,
2024-05-04 13:15:00,9.82,
2024-05-04 13:30:00,9.78,
2024-05-04 13:45:00,9.74,
2024-05-04 14:00:00,9.69,
2024-05-04 14:15:00,9.64,
2024-05-04 14:30:00,9.6,
2024-05-04 14:45:00,9.57,
2024-05-04 15:00:00,9.54,
2024-05-04 15:15:00,9.52,
2024-05-04 15:30:00,9.49,
2024-05-04 15:45:00,9.45,
2024-05-04 16:00:00,9.42,
2024-05-04 16:15:00,9.39,
2024-05-04 16:30:00,9.36,
2024-05-04 16:45:00,9.32,
2024-05-04 17:00:00,9.27,
2024-05-04 17:15:00,9.25,
2024-05-04 17:30:00,9.23,
2024-05-04 17:45:00,9.21,
2024-05-04 18:00:00,9.19,
2024-05-04 18:15:00,9.18,
2024-05-04 18:30:00,9.16,
2024-05-04 18:45:00,9.14,
2024-05-04 19:00:00,9.13,
2024-05-04 19:15:00,9.12,
2024-05-04 19:30:00,9.1,
2024-05-04 19:45:00,9.08,
2024-05-04 20:00:00,9.07,
2024-05-04 20:15:00,9.06,
2024-05-04 20:30:00,9.05,
2024-05-04 20:45:00,9.05,
2024-05-04 21:00:00,9.04,
2024-05-04 21:15:00,9.04,
2024-05-04 21:30:00,9.04,
2024-05-04 21:45:00,9.05,
2024-05-04 22:00:00,9.05,
2024-05-04 22:15:00,9.06,
2024-05-04 22:30:00,9.06,
2024-05-04 22:45:00,9.07,
2024-05-04 23:00:00,9.07,
2024-05-04 23:15:00,9.07,
2024-05-04 23:30:00,9.07,
2024-05-04 23:45:00,9.07,
2024-05-05 00:00:00,9.07,
2024-05-05 00:15:00,9.07,
2024-05-05 00:30:00,9.08,
2024-05-05 00:45:00,9.08,
2024-05-05 01:00:00,9.08,
2024-05-05 01:15:00,9.09,
2024-05-05 01:30:00,9.09,
2024-05-05 01:45:00,9.1,
2024-05-05 02:00:00,9.1,
2024-05-05 02:15:00,9.1,
2024-05-05 02:30:00,9.11,
2024-05-05 02:45:00,9.12,
2024-05-05 03:00:00,9.12,
2024-05-05 03:15:00,9.12,
2024-05-05 03:30:00,9.13,
2024-05-05 03:45:00,9.13,
2024-05-05 04:00:00,9.14,
2024-05-05 04:15:00,9.14,
2024-05-05 04:30:00,9.15,
2024-05-05 04:45:00,9.15,
2024-05-05 05:00:00,9.17,
2024-05-05 05:15:00,9.17,
2024-05-05 05:30:00,9.18,
2024-05-05 05:45:00,9.19,
2024-05-05 06:00:00,9.2,
2024-05-05 06:15:00,9.21,
2024-05-05 06:30:00,9.23,
2024-05-05 06:45:00,9.24,
2024-05-05 07:00:00,9.25,
2024-05-05 07:15:00,9.27,
2024-05-05 07:30:00,9.3,
2024-05-05 07:45:00,9.32,
2024-05-05 08:00:00,9.35,
2024-05-05 08:15:00,9.37,
2024-05-05 08:30:00,9.38,
2024-05-05 08:45:00,9.4,
2024-05-05 09:00:00,9.4,
2024-05-05 09:15:00,9.41,
2024-05-05 09:30:00,9.43,
2024-05-05 09:45:00,9.45,
2024-05-05 10:00:00,9.48,
2024-05-05 10:15:00,9.49,
2024-05-05 10:30:00,9.5,
2024-05-05 10:45:00,9.52,
2024-05-05 11:00:00,9.53,
2024-05-05 11:15:00,9.54,
2024-05-05 11:30:00,9.54,
2024-05-05 11:45:00,9.54,
2024-05-05 12:00:00,9.53,
2024-05-05 12:15:00,9.53,
2024-05-05 12:30:00,9.52,
2024-05-05 12:45:00,9.52,
2024-05-05 13:00:00,9.52,
2024-05-05 13:15:00,9.52,
2024-05-05 13:30:00,9.54,
2024-05-05 13:45:00,9.54,
2024-05-05 14:00:00,9.55,
2024-05-05 14:15:00,9.56,
2024-05-05 14:30:00,9.57,
2024-05-05 14:45:00,9.58,
2024-05-05 15:00:00,9.6,
2024-05-05 15:15:00,9.61,
2024-05-05 15:30:00,9.62,
2024-05-05 15:45:00,9.63,
2024-05-05 16:00:00,9.63,
2024-05-05 16:15:00,9.63,
2024-05-05 16:30:00,9.62,
2024-05-05 16:45:00,9.61,
2024-05-05 17:00:00,9.61,
2024-05-05 17:15:00,9.62,
2024-05-05 17:30:00,9.6,
2024-05-05 17:45:00,9.6,
2024-05-05 18:00:00,9.58,
2024-05-05 18:15:00,9.58,
2024-05-05 18:30:00,9.58,
2024-05-05 18:45:00,9.58,
2024-05-05 19:00:00,9.58,
2024-05-05 19:15:00,9.57,
2024-05-05 19:30:00,9.56,
2024-05-05 19:45:00,9.55,
2024-05-05 20:00:00,9.54,
2024-05-05 20:15:00,9.54,
2024-05-05 20:30:00,9.53,
2024-05-05 20:45:00,9.53,
2024-05-05 21:00:00,9.53,
2024-05-05 21:15:00,9.52,
2024-05-05 21:30:00,9.52,
2024-05-05 21:45:00,9.53,
2024-05-05 22:00:00,9.54,
2024-05-05 22:15:00,9.55,
2024-05-05 22:30:00,9.55,
2024-05-05 22:45:00,9.56,
2024-05-05 23:00:00,9.57,
2024-05-05 23:15:00,9.58,
2024-05-05 23:30:00,9.58,
2024-05-05 23:45:00,9.61,
2024-05-06 00:00:00,9.61,
2024-05-06 00:15:00,9.62,
2024-05-06 00:30:00,9.63,
2024-05-06 00:45:00,9.64,
2024-05-06 01:00:00,9.65,
2024-05-06 01:15:00,9.67,
2024-05-06 01:30:00,9.69,
2024-05-06 01:45:00,9.7,
2024-05-06 02:00:00,9.7,
2024-05-06 02:15:00,9.72,
2024-05-06 02:30:00,9.74,
2024-05-06 02:45:00,9.75,
2024-05-06 03:00:00,9.76,
2024-05-06 03:15:00,9.77,
2024-05-06 03:30:00,9.79,
2024-05-06 03:45:00,9.8,
2024-05-06 04:00:00,9.8,
2024-05-06 04:15:00,9.81,
2024-05-06 04:30:00,9.82,
2024-05-06 04:45:00,9.84,
2024-05-06 05:00:00,9.85,
2024-05-06 05:15:00,9.86,
2024-05-06 05:30:00,9.87,
2024-05-06 05:45:00,9.89,
2024-05-06 06:00:00,9.9,
2024-05-06 06:15:00,9.92,
2024-05-06 06:30:00,9.93,
2024-05-06 06:45:00,9.94,
2024-05-06 07:00:00,9.96,
2024-05-06 07:15:00,9.97,
2024-05-06 07:30:00,9.98,
2024-05-06 07:45:00,9.99,
2024-05-06 08:00:00,10.01,
2024-05-06 08:15:00,10.03,
2024-05-06 08:30:00,10.04,
2024-05-06 08:45:00,10.06,
2024-05-06 09:00:00,10.07,
2024-05-06 09:15:00,10.08,
2024-05-06 09:30:00,10.1,
2024-05-06 09:45:00,10.11,
2024-05-06 10:00:00,10.13,
2024-05-06 10:15:00,10.13,
2024-05-06 10:30:00,10.16,
2024-05-06 10:45:00,10.18,
2024-05-06 11:00:00,10.19,
2024-05-06 11:15:00,10.2,
2024-05-06 11:30:00,10.21,
2024-05-06 11:45:00,10.21,
2024-05-06 12:00:00,10.21,
2024-05-06 12:15:00,10.22,
2024-05-06 12:30:00,10.22,
2024-05-06 12:45:00,10.23,
2024-05-06 13:00:00,10.23,
2024-05-06 13:15:00,10.24,
2024-05-06 13:30:00,10.24,
2024-05-06 13:45:00,10.25,
2024-05-06 14:00:00,10.25,
2024-05-06 14:15:00,10.26,
2024-05-06 14:30:00,10.26,
2024-05-06 14:45:00,10.26,
2024-05-06 15:00:00,10.27,
2024-05-06 15:15:00,10.29,
2024-05-06 15:30:00,10.3,
2024-05-06 15:45:00,10.31,
2024-05-06 16:00:00,10.31,
2024-05-06 16:15:00,10.31,
2024-05-06 16:30:00,10.31,
2024-05-06 16:45:00,10.3,
2024-05-06 17:00:00,10.29,
2024-05-06 17:15:00,10.27,
2024-05-06 17:30:00,10.25,
2024-05-06 17:45:00,10.23,
2024-05-06 18:00:00,10.21,
2024-05-06 18:15:00,10.19,
2024-05-06 18:30:00,10.18,
2024-05-06 18:45:00,10.16,
2024-05-06 19:00:00,10.14,
2024-05-06 19:15:00,10.13,
2024-05-06 19:30:00,10.12,
2024-05-06 19:45:00,10.11,
2024-05-06 20:00:00,10.11,
2024-05-06 20:15:00,10.1,
2024-05-06 20:30:00,10.1,
2024-05-06 20:45:00,10.1,
2024-05-06 21:00:00,10.09,
2024-05-06 21:15:00,10.09,
2024-05-06 21:30:00,10.09,
2024-05-06 21:45:00,10.08,
2024-05-06 22:00:00,10.08,
2024-05-06 22:15:00,10.08,
2024-05-06 22:30:00,10.08,
2024-05-06 22:45:00,10.07,
2024-05-06 23:00:00,10.08,
2024-05-06 23:15:00,10.08,
2024-05-06 23:30:00,10.08,
2024-05-06 23:45:00,10.09,
2024-05-07 00:00:00,10.09,
2024-05-07 00:15:00,10.1,
2024-05-07 00:30:00,10.1,
2024-05-07 00:45:00,10.1,
2024-05-07 01:00:00,10.09,
2024-05-07 01:15:00,10.09,
2024-05-07 01:30:00,10.1,
2024-05-07 01:45:00,10.1,
2024-05-07 02:00:00,10.1,
2024-05-07 02:15:00,10.1,
2024-05-07 02:30:00,10.1,
2024-05-07 02:45:00,10.11,
2024-05-07 03:00:00,10.11,
2024-05-07 03:15:00,10.11,
2024-05-07 03:30:00,10.12,
2024-05-07 03:45:00,10.12,
2024-05-07 04:00:00,10.12,
2024-05-07 04:15:00,10.13,
2024-05-07 04:30:00,10.14,
2024-05-07 04:45:00,10.14,
2024-05-07 05:00:00,10.15,
2024-05-07 05:15:00,10.16,
2024-05-07 05:30:00,10.16,
2024-05-07 05:45:00,10.17,
2024-05-07 06:00:00,10.18,
2024-05-07 06:15:00,10.18,
2024-05-07 06:30:00,10.19,
2024-05-07 06:45:00,10.2,
2024-05-07 07:00:00,10.21,
2024-05-07 07:15:00,10.22,
2024-05-07 07:30:00,10.22,
2024-05-07 07:45:00,10.23,
2024-05-07 08:00:00,10.24,
2024-05-07 08:15:00,10.26,
2024-05-07 08:30:00,10.27,
2024-05-07 08:45:00,10.28,
2024-05-07 09:00:00,10.3,
2024-05-07 09:15:00,10.31,
2024-05-07 09:30:00,10.32,
2024-05-07 09:45:00,10.33,
2024-05-07 10:00:00,10.34,
2024-05-07 10:15:00,10.35,
2024-05-07 10:30:00,10.36,
2024-05-07 10:45:00,10.37,
2024-05-07 11:00:00,10.37,
2024-05-07 11:15:00,10.36,
2024-05-07 11:30:00,10.37,
2024-05-07 11:45:00,10.38,
2024-05-07 12:00:00,10.38,
2024-05-07 12:15:00,10.37,
2024-05-07 12:30:00,10.36,
2024-05-07 12:45:00,10.35,
2024-05-07 13:00:00,10.34,
2024-05-07 13:15:00,10.34,
2024-05-07 13:30:00,10.3,
2024-05-07 13:45:00,10.27,
2024-05-07 14:00:00,10.26,
2024-05-07 14:15:00,10.26,
2024-05-07 14:30:00,10.26,
2024-05-07 14:45:00,10.25,
2024-05-07 15:00:00,10.24,
2024-05-07 15:15:00,10.22,
2024-05-07 15:30:00,10.25,
2024-05-07 15:45:00,10.26,
2024-05-07 16:00:00,10.24,
2024-05-07 16:15:00,10.23,
2024-05-07 16:30:00,10.24,
2024-05-07 16:45:00,10.24,
2024-05-07 17:00:00,10.23,
2024-05-07 17:15:00,10.22,
2024-05-07 17:30:00,10.2,
2024-05-07 17:45:00,10.18,
2024-05-07 18:00:00,10.16,
2024-05-07 18:15:00,10.14,
2024-05-07 18:30:00,10.13,
2024-05-07 18:45:00,10.13,
2024-05-07 19:00:00,10.12,
2024-05-07 19:15:00,10.1,
2024-05-07 19:30:00,10.1,
2024-05-07 19:45:00,10.1,
2024-05-07 20:00:00,10.09,
2024-05-07 20:15:00,10.09,
2024-05-07 20:30:00,10.1,
2024-05-07 20:45:00,10.11,
2024-05-07 21:00:00,10.12,
2024-05-07 21:15:00,10.13,
2024-05-07 21:30:00,10.14,
2024-05-07 21:45:00,10.15,
2024-05-07 22:00:00,10.17,
2024-05-07 22:15:00,10.18,
2024-05-07 22:30:00,10.19,
2024-05-07 22:45:00,10.2,
2024-05-07 23:00:00,10.21,
2024-05-07 23:15:00,10.21,
2024-05-07 23:30:00,10.22,
2024-05-07 23:45:00,10.23,
2024-05-08 00:00:00,10.25,
2024-05-08 00:15:00,10.25,
2024-05-08 00:30:00,10.25,
2024-05-08 00:45:00,10.26,
2024-05-08 01:00:00,10.26,
2024-05-08 01:15:00,10.27,
2024-05-08 01:30:00,10.27,
2024-05-08 01:45:00,10.28,
2024-05-08 02:00:00,10.28,
2024-05-08 02:15:00,10.28,
2024-05-08 02:30:00,10.29,
2024-05-08 02:45:00,10.29,
2024-05-08 03:00:00,10.3,
2024-05-08 03:15:00,10.31,
2024-05-08 03:30:00,10.32,
2024-05-08 03:45:00,10.32,
2024-05-08 04:00:00,10.32,
2024-05-08 04:15:00,10.33,
2024-05-08 04:30:00,10.33,
2024-05-08 04:45:00,10.34,
2024-05-08 05:00:00,10.34,
2024-05-08 05:15:00,10.36,
2024-05-08 05:30:00,10.36,
2024-05-08 05:45:00,10.38,
2024-05-08 06:00:00,10.39,
2024-05-08 06:15:00,10.41,
2024-05-08 06:30:00,10.42,
2024-05-08 06:45:00,10.44,
2024-05-08 07:00:00,10.46,
2024-05-08 07:15:00,10.48,
2024-05-08 07:30:00,10.49,
2024-05-08 07:45:00,10.51,
2024-05-08 08:00:00,10.52,
2024-05-08 08:15:00,10.52,
2024-05-08 08:30:00,10.54,
2024-05-08 08:45:00,10.55,
2024-05-08 09:00:00,10.55,
2024-05-08 09:15:00,10.56,
2024-05-08 09:30:00,10.55,
2024-05-08 09:45:00,10.54,
2024-05-08 10:00:00,10.54,
2024-05-08 10:15:00,10.54,
2024-05-08 10:30:00,10.53,
2024-05-08 10:45:00,10.51,
2024-05-08 11:00:00,10.48,
2024-05-08 11:15:00,10.45,
2024-05-08 11:30:00,10.43,
2024-05-08 11:45:00,10.41,
2024-05-08 12:00:00,10.41,
2024-05-08 12:15:00,10.41,
2024-05-08 12:30:00,10.41,
2024-05-08 12:45:00,10.4,
2024-05-08 13:00:00,10.38,
2024-05-08 13:15:00,10.36,
2024-05-08 13:30:00,10.34,
2024-05-08 13:45:00,10.32,
2024-05-08 14:00:00,10.3,
2024-05-08 14:15:00,10.27,
2024-05-08 14:30:00,10.25,
2024-05-08 14:45:00,10.23,
2024-05-08 15:00:00,10.2,
2024-05-08 15:15:00,10.17,
2024-05-08 15:30:00,10.14,
2024-05-08 15:45:00,10.11,
2024-05-08 16:00:00,10.08,
2024-05-08 16:15:00,10.07,
2024-05-08 16:30:00,10.08,
2024-05-08 16:45:00,10.07,
2024-05-08 17:00:00,10.05,
2024-05-08 17:15:00,10.04,
2024-05-08 17:30:00,10.02,
2024-05-08 17:45:00,10.0,
2024-05-08 18:00:00,9.97,
2024-05-08 18:15:00,9.96,
2024-05-08 18:30:00,9.93,
2024-05-08 18:45:00,9.91,
2024-05-08 19:00:00,9.89,
2024-05-08 19:15:00,9.88,
2024-05-08 19:30:00,9.87,
2024-05-08 19:45:00,9.86,
2024-05-08 20:00:00,9.86,
2024-05-08 20:15:00,9.85,
2024-05-08 20:30:00,9.86,
2024-05-08 20:45:00,9.86,
2024-05-08 21:00:00,9.86,
2024-05-08 21:15:00,9.86,
2024-05-08 21:30:00,9.87,
2024-05-08 21:45:00,9.87,
2024-05-08 22:00:00,9.88,
2024-05-08 22:15:00,9.87,
2024-05-08 22:30:00,9.88,
2024-05-08 22:45:00,9.88,
2024-05-08 23:00:00,9.89,
2024-05-08 23:15:00,9.9,
2024-05-08 23:30:00,9.91,
2024-05-08 23:45:00,9.92,
2024-05-09 00:00:00,9.92,
2024-05-09 00:15:00,9.93,
2024-05-09 00:30:00,9.95,
2024-05-09 00:45:00,9.96,
2024-05-09 01:00:00,9.97,
2024-05-09 01:15:00,9.97,
2024-05-09 01:30:00,9.99,
2024-05-09 01:45:00,9.99,
2024-05-09 02:00:00,10.0,
2024-05-09 02:15:00,10.0,
2024-05-09 02:30:00,10.01,
2024-05-09 02:45:00,10.01,
2024-05-09 03:00:00,10.02,
2024-05-09 03:15:00,10.02,
2024-05-09 03:30:00,10.03,
2024-05-09 03:45:00,10.03,
2024-05-09 04:00:00,10.04,
2024-05-09 04:15:00,10.04,
2024-05-09 04:30:00,10.05,
2024-05-09 04:45:00,10.05,
2024-05-09 05:00:00,10.06,
2024-05-09 05:15:00,10.06,
2024-05-09 05:30:00,10.07,
2024-05-09 05:45:00,10.08,
2024-05-09 06:00:00,10.09,
2024-05-09 06:15:00,10.11,
2024-05-09 06:30:00,10.12,
2024-05-09 06:45:00,10.15,
2024-05-09 07:00:00,10.17,
2024-05-09 07:15:00,10.19,
2024-05-09 07:30:00,10.22,
2024-05-09 07:45:00,10.23,
2024-05-09 08:00:00,10.24,
2024-05-09 08:15:00,10.25,
2024-05-09 08:30:00,10.26,
2024-05-09 08:45:00,10.27,
2024-05-09 09:00:00,10.27,
2024-05-09 09:15:00,10.27,
2024-05-09 09:30:00,10.27,
2024-05-09 09:45:00,10.26,
2024-05-09 10:00:00,10.25,
2024-05-09 10:15:00,10.25,
2024-05-09 10:30:00,10.25,
2024-05-09 10:45:00,10.24,
2024-05-09 11:00:00,10.23,
2024-05-09 11:15:00,10.22,
2024-05-09 11:30:00,10.2,
2024-05-09 11:45:00,10.18,
2024-05-09 12:00:00,10.17,
2024-05-09 12:15:00,10.15,
2024-05-09 12:30:00,10.11,
2024-05-09 12:45:00,10.08,
2024-05-09 13:00:00,10.07,
2024-05-09 13:15:00,10.05,
2024-05-09 13:30:00,10.0,
2024-05-09 13:45:00,9.96,
2024-05-09 14:00:00,9.92,
2024-05-09 14:15:00,9.89,
2024-05-09 14:30:00,9.87,
2024-05-09 14:45:00,9.83,
2024-05-09 15:00:00,9.79,
2024-05-09 15:15:00,9.75,
2024-05-09 15:30:00,9.72,
2024-05-09 15:45:00,9.7,
2024-05-09 16:00:00,9.68,
2024-05-09 16:15:00,9.69,
2024-05-09 16:30:00,9.72,
2024-05-09 16:45:00,9.71,
2024-05-09 17:00:00,9.7,
2024-05-09 17:15:00,9.68,
2024-05-09 17:30:00,9.67,
2024-05-09 17:45:00,9.63,
2024-05-09 18:00:00,9.6,
2024-05-09 18:15:00,9.6,
2024-05-09 18:30:00,9.59,
2024-05-09 18:45:00,9.58,
2024-05-09 19:00:00,9.58,
2024-05-09 19:15:00,9.56,
2024-05-09 19:30:00,9.55,
2024-05-09 19:45:00,9.53,
2024-05-09 20:00:00,9.52,
2024-05-09 20:15:00,9.52,
2024-05-09 20:30:00,9.51,
2024-05-09 20:45:00,9.51,
2024-05-09 21:00:00,9.51,
2024-05-09 21:15:00,9.52,
2024-05-09 21:30:00,9.52,
2024-05-09 21:45:00,9.52,
2024-05-09 22:00:00,9.54,
2024-05-09 22:15:00,9.55,
2024-05-09 22:30:00,9.56,
2024-05-09 22:45:00,9.58,
2024-05-09 23:00:00,9.59,
2024-05-09 23:15:00,9.6,
2024-05-09 23:30:00,9.6,
2024-05-09 23:45:00,9.61,
2024-05-10 00:00:00,9.62,
2024-05-10 00:15:00,9.63,
2024-05-10 00:30:00,9.63,
2024-05-10 00:45:00,9.64,
2024-05-10 01:00:00,9.65,
2024-05-10 01:15:00,9.65,
2024-05-10 01:30:00,9.66,
2024-05-10 01:45:00,9.67,
2024-05-10 02:00:00,9.68,
2024-05-10 02:15:00,9.69,
2024-05-10 02:30:00,9.7,
2024-05-10 02:45:00,9.71,
2024-05-10 03:00:00,9.72,
2024-05-10 03:15:00,9.72,
2024-05-10 03:30:00,9.73,
2024-05-10 03:45:00,9.73,
2024-05-10 04:00:00,9.74,
2024-05-10 04:15:00,9.75,
2024-05-10 04:30:00,9.75,
2024-05-10 04:45:00,9.76,
2024-05-10 05:00:00,9.76,
2024-05-10 05:15:00,9.77,
2024-05-10 05:30:00,9.78,
2024-05-10 05:45:00,9.79,
2024-05-10 06:00:00,9.8,
2024-05-10 06:15:00,9.83,
2024-05-10 06:30:00,9.84,
2024-05-10 06:45:00,9.86,
2024-05-10 07:00:00,9.88,
2024-05-10 07:15:00,9.9,
2024-05-10 07:30:00,9.94,
2024-05-10 07:45:00,9.96,
2024-05-10 08:00:00,9.96,
2024-05-10 08:15:00,9.98,
2024-05-10 08:30:00,9.99,
2024-05-10 08:45:00,10.01,
2024-05-10 09:00:00,10.02,
2024-05-10 09:15:00,10.03,
2024-05-10 09:30:00,10.03,
2024-05-10 09:45:00,10.02,
2024-05-10 10:00:00,10.04,
2024-05-10 10:15:00,10.04,
2024-05-10 10:30:00,10.04,
2024-05-10 10:45:00,10.02,
2024-05-10 11:00:00,10.0,
2024-05-10 11:15:00,9.99,
2024-05-10 11:30:00,10.0,
2024-05-10 11:45:00,9.99,
2024-05-10 12:00:00,9.98,
2024-05-10 12:15:00,9.94,
2024-05-10 12:30:00,9.9,
2024-05-10 12:45:00,9.86,
2024-05-10 13:00:00,9.83,
2024-05-10 13:15:00,9.81,
2024-05-10 13:30:00,9.78,
2024-05-10 13:45:00,9.74,
2024-05-10 14:00:00,9.67,
2024-05-10 14:15:00,9.62,
2024-05-10 14:30:00,9.55,
2024-05-10 14:45:00,9.49,LI
2024-05-10 15:00:00,9.43,
2024-05-10 15:15:00,9.39,
2024-05-10 15:30:00,9.34,
2024-05-10 15:45:00,9.3,
2024-05-10 16:00:00,9.29,
2024-05-10 16:15:00,9.3,
2024-05-10 16:30:00,9.33,
2024-05-10 16:45:00,9.34,
2024-05-10 17:00:00,9.34,
2024-05-10 17:15:00,9.36,
2024-05-10 17:30:00,9.37,
2024-05-10 17:45:00,9.37,
2024-05-10 18:00:00,9.36,
2024-05-10 18:15:00,9.35,
2024-05-10 18:30:00,9.34,
2024-05-10 18:45:00,9.34,
2024-05-10 19:00:00,9.34,
2024-05-10 19:15:00,9.31,
2024-05-10 19:30:00,9.3,
2024-05-10 19:45:00,9.3,
2024-05-10 20:00:00,9.3,
2024-05-10 20:15:00,9.29,
2024-05-10 20:30:00,9.28,
2024-05-10 20:45:00,9.28,
2024-05-10 21:00:00,9.27,
2024-05-10 21:15:00,9.27,
2024-05-10 21:30:00,9.28,
2024-05-10 21:45:00,9.29,
2024-05-10 22:00:00,9.29,
2024-05-10 22:15:00,9.32,
2024-05-10 22:30:00,9.33,
2024-05-10 22:45:00,9.35,
2024-05-10 23:00:00,9.36,
2024-05-10 23:15:00,9.37,
2024-05-10 23:30:00,9.37,
2024-05-10 23:45:00,9.37,
2024-05-11 00:00:00,9.38,
2024-05-11 00:15:00,9.39,
2024-05-11 00:30:00,9.39,
2024-05-11 00:45:00,9.39,
2024-05-11 01:00:00,9.41,
2024-05-11 01:15:00,9.43,
2024-05-11 01:30:00,9.43,
2024-05-11 01:45:00,9.44,
2024-05-11 02:00:00,9.46,
2024-05-11 02:15:00,9.47,
2024-05-11 02:30:00,9.5,
2024-05-11 02:45:00,9.51,
2024-05-11 03:00:00,9.53,
2024-05-11 03:15:00,9.54,
2024-05-11 03:30:00,9.55,
2024-05-11 03:45:00,9.56,
2024-05-11 04:00:00,9.58,
2024-05-11 04:15:00,9.59,
2024-05-11 04:30:00,9.6,
2024-05-11 04:45:00,9.61,
2024-05-11 05:00:00,9.63,
2024-05-11 05:15:00,9.64,
2024-05-11 05:30:00,9.66,
2024-05-11 05:45:00,9.67,
2024-05-11 06:00:00,9.7,
2024-05-11 06:15:00,9.71,
2024-05-11 06:30:00,9.73,
2024-05-11 06:45:00,9.76,
2024-05-11 07:00:00,9.78,
2024-05-11 07:15:00,9.81,
2024-05-11 07:30:00,9.84,
2024-05-11 07:45:00,9.86,
2024-05-11 08:00:00,9.87,
2024-05-11 08:15:00,9.89,
2024-05-11 08:30:00,9.9,
2024-05-11 08:45:00,9.92,
2024-05-11 09:00:00,9.93,
2024-05-11 09:15:00,9.94,
2024-05-11 09:30:00,9.95,
2024-05-11 09:45:00,9.95,
2024-05-11 10:00:00,9.95,
2024-05-11 10:15:00,9.93,
2024-05-11 10:30:00,9.92,
2024-05-11 10:45:00,9.9,
2024-05-11 11:00:00,9.88,
2024-05-11 11:15:00,9.85,
2024-05-11 11:30:00,9.82,
2024-05-11 11:45:00,9.77,
2024-05-11 12:00:00,9.74,
2024-05-11 12:15:00,9.7,
2024-05-11 12:30:00,9.67,
2024-05-11 12:45:00,9.62,
2024-05-11 13:00:00,9.58,
2024-05-11 13:15:00,9.54,
2024-05-11 13:30:00,9.5,
2024-05-11 13:45:00,9.46,
2024-05-11 14:00:00,9.43,
2024-05-11 14:15:00,9.39,
2024-05-11 14:30:00,9.35,
2024-05-11 14:45:00,9.33,
2024-05-11 15:00:00,9.3,
2024-05-11 15:15:00,9.26,
2024-05-11 15:30:00,9.22,
2024-05-11 15:45:00,9.16,
2024-05-11 16:00:00,9.14,
2024-05-11 16:15:00,9.11,
2024-05-11 16:30:00,9.08,
2024-05-11 16:45:00,9.07,
2024-05-11 17:00:00,9.05,
2024-05-11 17:15:00,9.03,
2024-05-11 17:30:00,9.02,
2024-05-11 17:45:00,8.98,
2024-05-11 18:00:00,8.96,
2024-05-11 18:15:00,8.94,
2024-05-11 18:30:00,8.92,
2024-05-11 18:45:00,8.9,
2024-05-11 19:00:00,8.88,
2024-05-11 19:15:00,8.88,
2024-05-11 19:30:00,8.9,
2024-05-11 19:45:00,8.88,
2024-05-11 20:00:00,8.89,
2024-05-11 20:15:00,8.89,
2024-05-11 20:30:00,8.9,
2024-05-11 20:45:00,8.91,
2024-05-11 21:00:00,8.93,
2024-05-11 21:15:00,8.94,
2024-05-11 21:30:00,8.96,
2024-05-11 21:45:00,8.98,
2024-05-11 22:00:00,8.99,
2024-05-11 22:15:00,9.01,
2024-05-11 22:30:00,9.02,
2024-05-11 22:45:00,9.03,
2024-05-11 23:00:00,9.05,
2024-05-11 23:15:00,9.05,
2024-05-11 23:30:00,9.07,
2024-05-11 23:45:00,9.09,
2024-05-12 00:00:00,9.08,
2024-05-12 00:15:00,9.1,
2024-05-12 00:30:00,9.1,
2024-05-12 00:45:00,9.11,
2024-05-12 01:00:00,9.11,
2024-05-12 01:15:00,9.11,
2024-05-12 01:30:00,9.13,
2024-05-12 01:45:00,9.14,
2024-05-12 02:00:00,9.14,
2024-05-12 02:15:00,9.15,
2024-05-12 02:30:00,9.17,
2024-05-12 02:45:00,9.18,
2024-05-12 03:00:00,9.19,
2024-05-12 03:15:00,9.2,
2024-05-12 03:30:00,9.22,
2024-05-12 03:45:00,9.24,
2024-05-12 04:00:00,9.25,
2024-05-12 04:15:00,9.26,
2024-05-12 04:30:00,9.28,
2024-05-12 04:45:00,9.29,
2024-05-12 05:00:00,9.32,
2024-05-12 05:15:00,9.33,
2024-05-12 05:30:00,9.35,
2024-05-12 05:45:00,9.36,
2024-05-12 06:00:00,9.39,
2024-05-12 06:15:00,9.42,
2024-05-12 06:30:00,9.43,
2024-05-12 06:45:00,9.47,
2024-05-12 07:00:00,9.5,
2024-05-12 07:15:00,9.52,
2024-05-12 07:30:00,9.56,
2024-05-12 07:45:00,9.58,
2024-05-12 08:00:00,9.61,
2024-05-12 08:15:00,9.63,
2024-05-12 08:30:00,9.65,
2024-05-12 08:45:00,9.66,
2024-05-12 09:00:00,9.68,
2024-05-12 09:15:00,9.7,
2024-05-12 09:30:00,9.71,
2024-05-12 09:45:00,9.7,
2024-05-12 10:00:00,9.72,
2024-05-12 10:15:00,9.71,
2024-05-12 10:30:00,9.7,
2024-05-12 10:45:00,9.69,
2024-05-12 11:00:00,9.68,
2024-05-12 11:15:00,9.66,
2024-05-12 11:30:00,9.63,
2024-05-12 11:45:00,9.59,
2024-05-12 12:00:00,9.57,
2024-05-12 12:15:00,9.54,
2024-05-12 12:30:00,9.51,
2024-05-12 12:45:00,9.47,
2024-05-12 13:00:00,9.44,
2024-05-12 13:15:00,9.4,
2024-05-12 13:30:00,9.39,
2024-05-12 13:45:00,9.33,
2024-05-12 14:00:00,9.3,
2024-05-12 14:15:00,9.26,
2024-05-12 14:30:00,9.23,
2024-05-12 14:45:00,9.19,
2024-05-12 15:00:00,9.16,
2024-05-12 15:15:00,9.13,
2024-05-12 15:30:00,9.1,
2024-05-12 15:45:00,9.07,
2024-05-12 16:00:00,9.04,
2024-05-12 16:15:00,9.01,
2024-05-12 16:30:00,8.99,
2024-05-12 16:45:00,8.96,
2024-05-12 17:00:00,8.93,
2024-05-12 17:15:00,8.91,
2024-05-12 17:30:00,8.89,
2024-05-12 17:45:00,8.87,
2024-05-12 18:00:00,8.85,
2024-05-12 18:15:00,8.82,
2024-05-12 18:30:00,8.8,
2024-05-12 18:45:00,8.77,
2024-05-12 19:00:00,8.75,
2024-05-12 19:15:00,8.73,
2024-05-12 19:30:00,8.72,
2024-05-12 19:45:00,8.71,
2024-05-12 20:00:00,8.69,
2024-05-12 20:15:00,8.69,
2024-05-12 20:30:00,8.67,
2024-05-12 20:45:00,8.68,
2024-05-12 21:00:00,8.68,
2024-05-12 21:15:00,8.69,
2024-05-12 21:30:00,8.7,
2024-05-12 21:45:00,8.71,
2024-05-12 22:00:00,8.73,
2024-05-12 22:15:00,8.74,
2024-05-12 22:30:00,8.75,
2024-05-12 22:45:00,8.75,
2024-05-12 23:00:00,8.78,
2024-05-12 23:15:00,8.79,
2024-05-12 23:30:00,8.81,
2024-05-12 23:45:00,8.81,
2024-05-13 00:00:00,8.83,
2024-05-13 00:15:00,8.85,
2024-05-13 00:30:00,8.86,
2024-05-13 00:45:00,8.87,
2024-05-13 01:00:00,8.88,
2024-05-13 01:15:00,8.9,
2024-05-13 01:30:00,8.9,
2024-05-13 01:45:00,8.92,
2024-05-13 02:00:00,8.94,
2024-05-13 02:15:00,8.95,
2024-05-13 02:30:00,8.97,
2024-05-13 02:45:00,8.98,
2024-05-13 03:00:00,9.0,
2024-05-13 03:15:00,9.01,
2024-05-13 03:30:00,9.02,
2024-05-13 03:45:00,9.05,
2024-05-13 04:00:00,9.06,
2024-05-13 04:15:00,9.08,
2024-05-13 04:30:00,9.1,
2024-05-13 04:45:00,9.12,
2024-05-13 05:00:00,9.14,
2024-05-13 05:15:00,9.16,
2024-05-13 05:30:00,9.18,
2024-05-13 05:45:00,9.2,
2024-05-13 06:00:00,9.22,
2024-05-13 06:15:00,9.27,
2024-05-13 06:30:00,9.3,
2024-05-13 06:45:00,9.32,
2024-05-13 07:00:00,9.36,
2024-05-13 07:15:00,9.38,
2024-05-13 07:30:00,9.4,
2024-05-13 07:45:00,9.43,
2024-05-13 08:00:00,9.45,
2024-05-13 08:15:00,9.48,
2024-05-13 08:30:00,9.5,
2024-05-13 08:45:00,9.52,
2024-05-13 09:00:00,9.54,
2024-05-13 09:15:00,9.56,
2024-05-13 09:30:00,9.57,
2024-05-13 09:45:00,9.58,
2024-05-13 10:00:00,9.59,
2024-05-13 10:15:00,9.59,
2024-05-13 10:30:00,9.59,
2024-05-13 10:45:00,9.59,
2024-05-13 11:00:00,9.56,
2024-05-13 11:15:00,9.56,
2024-05-13 11:30:00,9.53,
2024-05-13 11:45:00,9.51,
2024-05-13 12:00:00,9.47,
2024-05-13 12:15:00,9.44,
2024-05-13 12:30:00,9.41,
2024-05-13 12:45:00,9.37,
2024-05-13 13:00:00,9.36,
2024-05-13 13:15:00,9.33,
2024-05-13 13:30:00,9.28,
2024-05-13 13:45:00,9.26,
2024-05-13 14:00:00,9.2,
2024-05-13 14:15:00,9.16,
2024-05-13 14:30:00,9.12,
2024-05-13 14:45:00,9.1,
2024-05-13 15:00:00,9.05,
2024-05-13 15:15:00,9.06,
2024-05-13 15:30:00,9.06,
2024-05-13 15:45:00,9.08,
2024-05-13 16:00:00,9.05,
2024-05-13 16:15:00,9.06,
2024-05-13 16:30:00,9.06,
2024-05-13 16:45:00,9.09,
2024-05-13 17:00:00,9.12,
2024-05-13 17:15:00,9.08,
2024-05-13 17:30:00,9.04,
2024-05-13 17:45:00,9.02,
2024-05-13 18:00:00,8.98,
2024-05-13 18:15:00,8.97,
2024-05-13 18:30:00,8.96,
2024-05-13 18:45:00,8.91,
2024-05-13 19:00:00,8.89,
2024-05-13 19:15:00,8.87,
2024-05-13 19:30:00,8.86,
2024-05-13 19:45:00,8.87,
2024-05-13 20:00:00,8.86,
2024-05-13 20:15:00,8.88,
2024-05-13 20:30:00,8.86,
2024-05-13 20:45:00,8.89,
2024-05-13 21:00:00,8.9,
2024-05-13 21:15:00,8.9,
2024-05-13 21:30:00,8.91,
2024-05-13 21:45:00,8.92,
2024-05-13 22:00:00,8.93,
2024-05-13 22:15:00,8.93,
2024-05-13 22:30:00,8.94,
2024-05-13 22:45:00,8.95,
2024-05-13 23:00:00,8.96,
2024-05-13 23:15:00,8.96,
2024-05-13 23:30:00,8.97,
2024-05-13 23:45:00,8.99,
2024-05-14 00:00:00,8.99,
2024-05-14 00:15:00,9.0,
2024-05-14 00:30:00,9.01,
2024-05-14 00:45:00,9.03,
2024-05-14 01:00:00,9.03,
2024-05-14 01:15:00,9.05,
2024-05-14 01:30:00,9.06,
2024-05-14 01:45:00,9.08,
2024-05-14 02:00:00,9.1,
2024-05-14 02:15:00,9.1,
2024-05-14 02:30:00,9.12,
2024-05-14 02:45:00,9.13,
2024-05-14 03:00:00,9.15,
2024-05-14 03:15:00,9.16,
2024-05-14 03:30:00,9.18,
2024-05-14 03:45:00,9.2,
2024-05-14 04:00:00,9.21,
2024-05-14 04:15:00,9.23,
2024-05-14 04:30:00,9.24,
2024-05-14 04:45:00,9.26,
2024-05-14 05:00:00,9.28,
2024-05-14 05:15:00,9.3,
2024-05-14 05:30:00,9.33,
2024-05-14 05:45:00,9.34,
2024-05-14 06:00:00,9.36,
2024-05-14 06:15:00,9.4,
2024-05-14 06:30:00,9.43,
2024-05-14 06:45:00,9.45,
2024-05-14 07:00:00,9.48,
2024-05-14 07:15:00,9.51,
2024-05-14 07:30:00,9.54,
2024-05-14 07:45:00,9.56,
2024-05-14 08:00:00,9.6,
2024-05-14 08:15:00,9.63,
2024-05-14 08:30:00,9.66,
2024-05-14 08:45:00,9.65,
2024-05-14 09:00:00,9.67,
2024-05-14 09:15:00,9.69,
2024-05-14 09:30:00,9.69,
2024-05-14 09:45:00,9.69,
2024-05-14 10:00:00,9.71,
2024-05-14 10:15:00,9.7,
2024-05-14 10:30:00,9.7,
2024-05-14 10:45:00,9.68,
2024-05-14 11:00:00,9.67,
2024-05-14 11:15:00,9.65,
2024-05-14 11:30:00,9.62,
2024-05-14 11:45:00,9.61,
2024-05-14 12:00:00,9.58,
2024-05-14 12:15:00,9.52,
2024-05-14 12:30:00,9.47,
2024-05-14 12:45:00,9.41,
2024-05-14 13:00:00,9.35,
2024-05-14 13:15:00,9.3,
2024-05-14 13:30:00,9.3,
2024-05-14 13:45:00,9.28,
2024-05-14 14:00:00,9.23,
2024-05-14 14:15:00,9.24,
2024-05-14 14:30:00,9.25,
2024-05-14 14:45:00,9.27,
2024-05-14 15:00:00,9.29,
2024-05-14 15:15:00,9.28,
2024-05-14 15:30:00,9.27,
2024-05-14 15:45:00,9.25,
2024-05-14 16:00:00,9.26,
2024-05-14 16:15:00,9.29,
2024-05-14 16:30:00,9.28,
2024-05-14 16:45:00,9.26,
2024-05-14 17:00:00,9.24,
2024-05-14 17:15:00,9.22,
2024-05-14 17:30:00,9.2,
2024-05-14 17:45:00,9.2,
2024-05-14 18:00:00,9.19,
2024-05-14 18:15:00,9.18,
2024-05-14 18:30:00,9.18,
2024-05-14 18:45:00,9.16,
2024-05-14 19:00:00,9.16,
2024-05-14 19:15:00,9.15,
2024-05-14 19:30:00,9.14,
2024-05-14 19:45:00,9.14,
2024-05-14 20:00:00,9.13,
2024-05-14 20:15:00,9.12,
2024-05-14 20:30:00,9.12,
2024-05-14 20:45:00,9.13,
2024-05-14 21:00:00,9.13,
2024-05-14 21:15:00,9.14,
2024-05-14 21:30:00,9.16,
2024-05-14 21:45:00,9.17,
2024-05-14 22:00:00,9.18,
2024-05-14 22:15:00,9.19,
2024-05-14 22:30:00,9.21,
2024-05-14 22:45:00,9.22,
2024-05-14 23:00:00,9.24,
2024-05-14 23:15:00,9.25,
2024-05-14 23:30:00,9.26,
2024-05-14 23:45:00,9.27,
2024-05-15 00:00:00,9.28,
2024-05-15 00:15:00,9.3,
2024-05-15 00:30:00,9.31,
2024-05-15 00:45:00,9.31,
2024-05-15 01:00:00,9.32,
2024-05-15 01:15:00,9.34,
2024-05-15 01:30:00,9.35,
2024-05-15 01:45:00,9.36,
2024-05-15 02:00:00,9.38,
2024-05-15 02:15:00,9.39,
2024-05-15 02:30:00,9.41,
2024-05-15 02:45:00,9.41,
2024-05-15 03:00:00,9.42,
2024-05-15 03:15:00,9.46,
2024-05-15 03:30:00,9.45,
2024-05-15 03:45:00,9.48,
2024-05-15 04:00:00,9.49,
2024-05-15 04:15:00,9.49,
2024-05-15 04:30:00,9.51,
2024-05-15 04:45:00,9.52,
2024-05-15 05:00:00,9.52,
2024-05-15 05:15:00,9.54,
2024-05-15 05:30:00,9.55,
2024-05-15 05:45:00,9.57,
2024-05-15 06:00:00,9.58,
2024-05-15 06:15:00,9.61,
2024-05-15 06:30:00,9.64,
2024-05-15 06:45:00,9.66,
2024-05-15 07:00:00,9.67,
2024-05-15 07:15:00,9.68,
2024-05-15 07:30:00,9.7,
2024-05-15 07:45:00,9.72,
2024-05-15 08:00:00,9.75,
2024-05-15 08:15:00,9.77,
2024-05-15 08:30:00,9.78,
2024-05-15 08:45:00,9.8,
2024-05-15 09:00:00,9.82,
2024-05-15 09:15:00,9.84,
2024-05-15 09:30:00,9.85,
2024-05-15 09:45:00,9.85,
2024-05-15 10:00:00,9.86,
2024-05-15 10:15:00,9.85,
2024-05-15 10:30:00,9.85,
2024-05-15 10:45:00,9.82,
2024-05-15 11:00:00,9.81,
2024-05-15 11:15:00,9.8,
2024-05-15 11:30:00,9.78,
2024-05-15 11:45:00,9.76,
2024-05-15 12:00:00,9.73,
2024-05-15 12:15:00,9.69,
2024-05-15 12:30:00,9.66,
2024-05-15 12:45:00,9.63,
2024-05-15 13:00:00,9.59,
2024-05-15 13:15:00,9.56,
2024-05-15 13:30:00,9.53,
2024-05-15 13:45:00,9.5,
2024-05-15 14:00:00,9.48,
2024-05-15 14:15:00,9.45,
2024-05-15 14:30:00,9.42,
2024-05-15 14:45:00,9.36,
2024-05-15 15:00:00,9.36,
2024-05-15 15:15:00,9.3,
2024-05-15 15:30:00,9.28,
2024-05-15 15:45:00,9.25,
2024-05-15 16:00:00,9.22,
2024-05-15 16:15:00,9.21,
2024-05-15 16:30:00,9.18,
2024-05-15 16:45:00,9.16,
2024-05-15 17:00:00,9.13,
2024-05-15 17:15:00,9.11,
2024-05-15 17:30:00,9.09,
2024-05-15 17:45:00,9.06,
2024-05-15 18:00:00,9.03,
2024-05-15 18:15:00,9.01,
2024-05-15 18:30:00,8.98,
2024-05-15 18:45:00,8.97,
2024-05-15 19:00:00,8.96,
2024-05-15 19:15:00,8.94,
2024-05-15 19:30:00,8.95,
2024-05-15 19:45:00,8.95,
2024-05-15 20:00:00,8.96,
2024-05-15 20:15:00,8.97,
2024-05-15 20:30:00,8.99,
2024-05-15 20:45:00,9.0,
2024-05-15 21:00:00,9.01,
2024-05-15 21:15:00,9.02,
2024-05-15 21:30:00,9.02,
2024-05-15 21:45:00,9.04,
2024-05-15 22:00:00,9.05,
2024-05-15 22:15:00,9.06,
2024-05-15 22:30:00,9.08,
2024-05-15 22:45:00,9.11,
2024-05-15 23:00:00,9.12,
2024-05-15 23:15:00,9.14,
2024-05-15 23:30:00,9.15,
2024-05-15 23:45:00,9.17,
2024-05-16 00:00:00,9.18,
2024-05-16 00:15:00,9.19,
2024-05-16 00:30:00,9.21,
2024-05-16 00:45:00,9.22,
2024-05-16 01:00:00,9.23,
2024-05-16 01:15:00,9.23,
2024-05-16 01:30:00,9.25,
2024-05-16 01:45:00,9.26,
2024-05-16 02:00:00,9.26,
2024-05-16 02:15:00,9.28,
2024-05-16 02:30:00,9.29,
2024-05-16 02:45:00,9.31,
2024-05-16 03:00:00,9.32,
2024-05-16 03:15:00,9.34,
2024-05-16 03:30:00,9.36,
2024-05-16 03:45:00,9.36,
2024-05-16 04:00:00,9.39,
2024-05-16 04:15:00,9.41,
2024-05-16 04:30:00,9.41,
2024-05-16 04:45:00,9.43,
2024-05-16 05:00:00,9.43,
2024-05-16 05:15:00,9.46,
2024-05-16 05:30:00,9.48,
2024-05-16 05:45:00,9.49,
2024-05-16 06:00:00,9.52,
2024-05-16 06:15:00,9.54,
2024-05-16 06:30:00,9.56,
2024-05-16 06:45:00,9.59,
2024-05-16 07:00:00,9.61,
2024-05-16 07:15:00,9.64,
2024-05-16 07:30:00,9.67,
2024-05-16 07:45:00,9.69,
2024-05-16 08:00:00,9.72,
2024-05-16 08:15:00,9.74,
2024-05-16 08:30:00,9.77,
2024-05-16 08:45:00,9.79,
2024-05-16 09:00:00,9.82,
2024-05-16 09:15:00,9.83,
2024-05-16 09:30:00,9.84,
2024-05-16 09:45:00,9.85,
2024-05-16 10:00:00,9.85,
2024-05-16 10:15:00,9.84,
2024-05-16 10:30:00,9.84,
2024-05-16 10:45:00,9.83,
2024-05-16 11:00:00,9.81,
2024-05-16 11:15:00,9.79,
2024-05-16 11:30:00,9.77,
2024-05-16 11:45:00,9.75,
2024-05-16 12:00:00,9.71,
2024-05-16 12:15:00,9.69,
2024-05-16 12:30:00,9.65,
2024-05-16 12:45:00,9.62,
2024-05-16 13:00:00,9.58,
2024-05-16 13:15:00,9.55,
2024-05-16 13:30:00,9.51,
2024-05-16 13:45:00,9.48,
2024-05-16 14:00:00,9.42,
2024-05-16 14:15:00,9.4,
2024-05-16 14:30:00,9.35,
2024-05-16 14:45:00,9.32,
2024-05-16 15:00:00,9.29,
2024-05-16 15:15:00,9.26,
2024-05-16 15:30:00,9.23,
2024-05-16 15:45:00,9.19,
2024-05-16 16:00:00,9.16,
2024-05-16 16:15:00,9.13,
2024-05-16 16:30:00,9.09,
2024-05-16 16:45:00,9.07,
2024-05-16 17:00:00,9.04,
2024-05-16 17:15:00,9.01,
2024-05-16 17:30:00,8.99,
2024-05-16 17:45:00,8.96,
2024-05-16 18:00:00,8.94,
2024-05-16 18:15:00,8.91,
2024-05-16 18:30:00,8.89,
2024-05-16 18:45:00,8.87,
2024-05-16 19:00:00,8.85,
2024-05-16 19:15:00,8.84,
2024-05-16 19:30:00,8.82,
2024-05-16 19:45:00,8.82,
2024-05-16 20:00:00,8.81,
2024-05-16 20:15:00,8.8,
2024-05-16 20:30:00,8.8,
2024-05-16 20:45:00,8.79,
2024-05-16 21:00:00,8.79,
2024-05-16 21:15:00,8.8,
2024-05-16 21:30:00,8.79,
2024-05-16 21:45:00,8.8,
2024-05-16 22:00:00,8.81,
2024-05-16 22:15:00,8.84,
2024-05-16 22:30:00,8.85,
2024-05-16 22:45:00,8.86,
2024-05-16 23:00:00,8.88,
2024-05-16 23:15:00,8.88,
2024-05-16 23:30:00,8.89,
2024-05-16 23:45:00,8.91,
2024-05-17 00:00:00,8.91,
2024-05-17 00:15:00,8.93,
2024-05-17 00:30:00,8.94,
2024-05-17 00:45:00,8.95,
2024-05-17 01:00:00,8.97,
2024-05-17 01:15:00,8.98,
2024-05-17 01:30:00,8.99,
2024-05-17 01:45:00,9.01,
2024-05-17 02:00:00,9.03,
2024-05-17 02:15:00,9.04,
2024-05-17 02:30:00,9.06,
2024-05-17 02:45:00,9.06,
2024-05-17 03:00:00,9.07,
2024-05-17 03:15:00,9.1,
2024-05-17 03:30:00,9.11,
2024-05-17 03:45:00,9.12,
2024-05-17 04:00:00,9.14,
2024-05-17 04:15:00,9.16,
2024-05-17 04:30:00,9.17,
2024-05-17 04:45:00,9.19,
2024-05-17 05:00:00,9.2,
2024-05-17 05:15:00,9.22,
2024-05-17 05:30:00,9.23,
2024-05-17 05:45:00,9.25,
2024-05-17 06:00:00,9.28,
2024-05-17 06:15:00,9.31,
2024-05-17 06:30:00,9.33,
2024-05-17 06:45:00,9.37,
2024-05-17 07:00:00,9.39,
2024-05-17 07:15:00,9.42,
2024-05-17 07:30:00,9.44,
2024-05-17 07:45:00,9.47,
2024-05-17 08:00:00,9.5,
2024-05-17 08:15:00,9.52,
2024-05-17 08:30:00,9.54,
2024-05-17 08:45:00,9.58,
2024-05-17 09:00:00,9.61,
2024-05-17 09:15:00,9.64,
2024-05-17 09:30:00,9.65,
2024-05-17 09:45:00,9.68,
2024-05-17 10:00:00,9.69,
2024-05-17 10:15:00,9.68,
2024-05-17 10:30:00,9.68,
2024-05-17 10:45:00,9.67,
2024-05-17 11:00:00,9.66,
2024-05-17 11:15:00,9.64,
2024-05-17 11:30:00,9.62,
2024-05-17 11:45:00,9.6,
2024-05-17 12:00:00,9.58,
2024-05-17 12:15:00,9.55,
2024-05-17 12:30:00,9.5,
2024-05-17 12:45:00,9.49,
2024-05-17 13:00:00,9.45,
2024-05-17 13:15:00,9.42,
2024-05-17 13:30:00,9.41,
2024-05-17 13:45:00,9.38,
2024-05-17 14:00:00,9.35,
2024-05-17 14:15:00,9.33,
2024-05-17 14:30:00,9.31,
2024-05-17 14:45:00,9.29,
2024-05-17 15:00:00,9.24,
2024-05-17 15:15:00,9.23,
2024-05-17 15:30:00,9.23,
2024-05-17 15:45:00,9.2,
2024-05-17 16:00:00,9.18,
2024-05-17 16:15:00,9.15,
2024-05-17 16:30:00,9.13,
2024-05-17 16:45:00,9.1,
2024-05-17 17:00:00,9.06,
2024-05-17 17:15:00,9.05,
2024-05-17 17:30:00,9.04,
2024-05-17 17:45:00,9.02,
2024-05-17 18:00:00,9.0,
2024-05-17 18:15:00,8.99,
2024-05-17 18:30:00,8.97,
2024-05-17 18:45:00,8.96,
2024-05-17 19:00:00,8.94,
2024-05-17 19:15:00,8.94,
2024-05-17 19:30:00,8.95,
2024-05-17 19:45:00,8.93,
2024-05-17 20:00:00,8.94,
2024-05-17 20:15:00,8.93,
2024-05-17 20:30:00,8.91,
2024-05-17 20:45:00,8.94,
2024-05-17 21:00:00,8.93,
2024-05-17 21:15:00,8.94,
2024-05-17 21:30:00,8.95,
2024-05-17 21:45:00,8.95,
2024-05-17 22:00:00,8.96,
2024-05-17 22:15:00,8.98,
2024-05-17 22:30:00,8.99,
2024-05-17 22:45:00,9.01,
2024-05-17 23:00:00,9.02,
2024-05-17 23:15:00,9.02,
2024-05-17 23:30:00,9.04,
2024-05-17 23:45:00,9.05,
2024-05-18 00:00:00,9.07,
2024-05-18 00:15:00,9.08,
2024-05-18 00:30:00,9.1,
2024-05-18 00:45:00,9.11,
2024-05-18 01:00:00,9.14,
2024-05-18 01:15:00,9.14,
2024-05-18 01:30:00,9.16,
2024-05-18 01:45:00,9.19,
2024-05-18 02:00:00,9.21,
2024-05-18 02:15:00,9.22,
2024-05-18 02:30:00,9.24,
2024-05-18 02:45:00,9.25,
2024-05-18 03:00:00,9.27,
2024-05-18 03:15:00,9.29,
2024-05-18 03:30:00,9.31,
2024-05-18 03:45:00,9.34,
2024-05-18 04:00:00,9.35,
2024-05-18 04:15:00,9.37,
2024-05-18 04:30:00,9.39,
2024-05-18 04:45:00,9.41,
2024-05-18 05:00:00,9.44,
2024-05-18 05:15:00,9.46,
2024-05-18 05:30:00,9.48,
2024-05-18 05:45:00,9.51,
2024-05-18 06:00:00,9.54,
2024-05-18 06:15:00,9.57,
2024-05-18 06:30:00,9.59,
2024-05-18 06:45:00,9.63,
2024-05-18 07:00:00,9.66,
2024-05-18 07:15:00,9.69,
2024-05-18 07:30:00,9.72,
2024-05-18 07:45:00,9.75,
2024-05-18 08:00:00,9.77,
2024-05-18 08:15:00,9.81,
2024-05-18 08:30:00,9.84,
2024-05-18 08:45:00,9.85,
2024-05-18 09:00:00,9.89,
2024-05-18 09:15:00,9.91,
2024-05-18 09:30:00,9.91,
2024-05-18 09:45:00,9.93,
2024-05-18 10:00:00,9.93,
2024-05-18 10:15:00,9.93,
2024-05-18 10:30:00,9.9,
2024-05-18 10:45:00,9.89,
2024-05-18 11:00:00,9.89,
2024-05-18 11:15:00,9.88,
2024-05-18 11:30:00,9.86,
2024-05-18 11:45:00,9.84,
2024-05-18 12:00:00,9.82,
2024-05-18 12:15:00,9.79,
2024-05-18 12:30:00,9.77,
2024-05-18 12:45:00,9.75,
2024-05-18 13:00:00,9.71,
2024-05-18 13:15:00,9.68,
2024-05-18 13:30:00,9.63,
2024-05-18 13:45:00,9.61,
2024-05-18 14:00:00,9.57,
2024-05-18 14:15:00,9.54,
2024-05-18 14:30:00,9.51,
2024-05-18 14:45:00,9.46,
2024-05-18 15:00:00,9.42,
2024-05-18 15:15:00,9.39,
2024-05-18 15:30:00,9.38,
2024-05-18 15:45:00,9.34,
2024-05-18 16:00:00,9.31,
2024-05-18 16:15:00,9.28,
2024-05-18 16:30:00,9.24,
2024-05-18 16:45:00,9.22,
2024-05-18 17:00:00,9.2,
2024-05-18 17:15:00,9.16,
2024-05-18 17:30:00,9.13,
2024-05-18 17:45:00,9.1,
2024-05-18 18:00:00,9.07,
2024-05-18 18:15:00,9.04,
2024-05-18 18:30:00,9.03,
2024-05-18 18:45:00,8.99,
2024-05-18 19:00:00,8.99,
2024-05-18 19:15:00,8.98,
2024-05-18 19:30:00,8.93,
2024-05-18 19:45:00,8.94,
2024-05-18 20:00:00,8.92,
2024-05-18 20:15:00,8.91,
2024-05-18 20:30:00,8.9,
2024-05-18 20:45:00,8.92,
2024-05-18 21:00:00,8.91,
2024-05-18 21:15:00,8.91,
2024-05-18 21:30:00,8.92,
2024-05-18 21:45:00,8.93,
2024-05-18 22:00:00,8.94,
2024-05-18 22:15:00,8.95,
2024-05-18 22:30:00,8.96,
2024-05-18 22:45:00,8.97,
2024-05-18 23:00:00,8.99,
2024-05-18 23:15:00,8.99,
2024-05-18 23:30:00,9.0,
2024-05-18 23:45:00,9.01,
2024-05-19 00:00:00,9.02,
2024-05-19 00:15:00,9.03,
2024-05-19 00:30:00,9.04,
2024-05-19 00:45:00,9.05,
2024-05-19 01:00:00,9.05,
2024-05-19 01:15:00,9.06,
2024-05-19 01:30:00,9.07,
2024-05-19 01:45:00,9.07,
2024-05-19 02:00:00,9.09,
2024-05-19 02:15:00,9.1,
2024-05-19 02:30:00,9.12,
2024-05-19 02:45:00,9.13,
2024-05-19 03:00:00,9.14,
2024-05-19 03:15:00,9.15,
2024-05-19 03:30:00,9.15,
2024-05-19 03:45:00,9.17,
2024-05-19 04:00:00,9.17,
2024-05-19 04:15:00,9.18,
2024-05-19 04:30:00,9.19,
2024-05-19 04:45:00,9.2,
2024-05-19 05:00:00,9.21,
2024-05-19 05:15:00,9.22,
2024-05-19 05:30:00,9.24,
2024-05-19 05:45:00,9.25,
2024-05-19 06:00:00,9.26,
2024-05-19 06:15:00,9.29,
2024-05-19 06:30:00,9.3,
2024-05-19 06:45:00,9.33,
2024-05-19 07:00:00,9.37,
2024-05-19 07:15:00,9.4,
2024-05-19 07:30:00,9.44,
2024-05-19 07:45:00,9.47,
2024-05-19 08:00:00,9.51,
2024-05-19 08:15:00,9.54,
2024-05-19 08:30:00,9.57,
2024-05-19 08:45:00,9.59,
2024-05-19 09:00:00,9.62,
2024-05-19 09:15:00,9.64,
2024-05-19 09:30:00,9.65,
2024-05-19 09:45:00,9.67,
2024-05-19 10:00:00,9.68,
2024-05-19 10:15:00,9.68,
2024-05-19 10:30:00,9.69,
2024-05-19 10:45:00,9.69,
2024-05-19 11:00:00,9.68,
2024-05-19 11:15:00,9.68,
2024-05-19 11:30:00,9.66,
2024-05-19 11:45:00,9.66,
2024-05-19 12:00:00,9.63,
2024-05-19 12:15:00,9.61,
2024-05-19 12:30:00,9.59,
2024-05-19 12:45:00,9.58,
2024-05-19 13:00:00,9.55,
2024-05-19 13:15:00,9.51,
2024-05-19 13:30:00,9.5,
2024-05-19 13:45:00,9.45,
2024-05-19 14:00:00,9.44,
2024-05-19 14:15:00,9.42,
2024-05-19 14:30:00,9.39,
2024-05-19 14:45:00,9.36,
2024-05-19 15:00:00,9.34,
2024-05-19 15:15:00,9.32,
2024-05-19 15:30:00,9.28,
2024-05-19 15:45:00,9.25,
2024-05-19 16:00:00,9.23,
2024-05-19 16:15:00,9.21,
2024-05-19 16:30:00,9.19,
2024-05-19 16:45:00,9.17,
2024-05-19 17:00:00,9.15,
2024-05-19 17:15:00,9.13,
2024-05-19 17:30:00,9.11,
2024-05-19 17:45:00,9.11,
2024-05-19 18:00:00,9.07,
2024-05-19 18:15:00,9.08,
2024-05-19 18:30:00,9.05,
2024-05-19 18:45:00,9.02,
2024-05-19 19:00:00,9.03,
2024-05-19 19:15:00,9.02,
2024-05-19 19:30:00,8.99,
2024-05-19 19:45:00,8.98,
2024-05-19 20:00:00,8.99,
2024-05-19 20:15:00,8.98,
2024-05-19 20:30:00,8.99,
2024-05-19 20:45:00,8.99,
2024-05-19 21:00:00,9.0,
2024-05-19 21:15:00,9.0,
2024-05-19 21:30:00,9.02,
2024-05-19 21:45:00,9.02,
2024-05-19 22:00:00,9.03,
2024-05-19 22:15:00,9.04,
2024-05-19 22:30:00,9.05,
2024-05-19 22:45:00,9.06,
2024-05-19 23:00:00,9.07,
2024-05-19 23:15:00,9.08,
2024-05-19 23:30:00,9.09,
2024-05-19 23:45:00,9.1,
2024-05-20 00:00:00,9.1,
2024-05-20 00:15:00,9.12,
2024-05-20 00:30:00,9.12,
2024-05-20 00:45:00,9.14,
2024-05-20 01:00:00,9.14,
2024-05-20 01:15:00,9.16,
2024-05-20 01:30:00,9.16,
2024-05-20 01:45:00,9.18,
2024-05-20 02:00:00,9.18,
2024-05-20 02:15:00,9.19,
2024-05-20 02:30:00,9.2,
2024-05-20 02:45:00,9.21,
2024-05-20 03:00:00,9.22,
2024-05-20 03:15:00,9.23,
2024-05-20 03:30:00,9.24,
2024-05-20 03:45:00,9.25,
2024-05-20 04:00:00,9.26,
2024-05-20 04:15:00,9.27,
2024-05-20 04:30:00,9.3,
2024-05-20 04:45:00,9.31,
2024-05-20 05:00:00,9.32,
2024-05-20 05:15:00,9.34,
2024-05-20 05:30:00,9.36,
2024-05-20 05:45:00,9.37,
2024-05-20 06:00:00,9.4,
2024-05-20 06:15:00,9.43,
2024-05-20 06:30:00,9.45,
2024-05-20 06:45:00,9.49,
2024-05-20 07:00:00,9.51,
2024-05-20 07:15:00,9.55,
2024-05-20 07:30:00,9.57,
2024-05-20 07:45:00,9.62,
2024-05-20 08:00:00,9.62,
2024-05-20 08:15:00,9.66,
2024-05-20 08:30:00,9.69,
2024-05-20 08:45:00,9.71,
2024-05-20 09:00:00,9.75,
2024-05-20 09:15:00,9.77,
2024-05-20 09:30:00,9.79,
2024-05-20 09:45:00,9.8,
2024-05-20 10:00:00,9.81,
2024-05-20 10:15:00,9.82,
2024-05-20 10:30:00,9.83,
2024-05-20 10:45:00,9.82,
2024-05-20 11:00:00,9.81,
2024-05-20 11:15:00,9.82,
2024-05-20 11:30:00,9.82,
2024-05-20 11:45:00,9.81,
2024-05-20 12:00:00,9.81,
2024-05-20 12:15:00,9.79,
2024-05-20 12:30:00,9.78,
2024-05-20 12:45:00,9.77,
2024-05-20 13:00:00,9.75,
2024-05-20 13:15:00,9.73,
2024-05-20 13:30:00,9.72,
2024-05-20 13:45:00,9.7,
2024-05-20 14:00:00,9.65,
2024-05-20 14:15:00,9.6,
2024-05-20 14:30:00,9.59,
2024-05-20 14:45:00,9.58,
2024-05-20 15:00:00,9.57,
2024-05-20 15:15:00,9.56,
2024-05-20 15:30:00,9.55,
2024-05-20 15:45:00,9.52,
2024-05-20 16:00:00,9.47,
2024-05-20 16:15:00,9.45,
2024-05-20 16:30:00,9.42,
2024-05-20 16:45:00,9.4,
2024-05-20 17:00:00,9.37,
2024-05-20 17:15:00,9.35,
2024-05-20 17:30:00,9.32,
2024-05-20 17:45:00,9.3,
2024-05-20 18:00:00,9.29,
2024-05-20 18:15:00,9.29,
2024-05-20 18:30:00,9.29,
2024-05-20 18:45:00,9.31,
2024-05-20 19:00:00,9.31,
2024-05-20 19:15:00,9.32,
2024-05-20 19:30:00,9.32,
2024-05-20 19:45:00,9.33,
2024-05-20 20:00:00,9.35,
2024-05-20 20:15:00,9.35,
2024-05-20 20:30:00,9.36,
2024-05-20 20:45:00,9.36,
2024-05-20 21:00:00,9.38,
2024-05-20 21:15:00,9.38,
2024-05-20 21:30:00,9.39,
2024-05-20 21:45:00,9.4,
2024-05-20 22:00:00,9.41,
2024-05-20 22:15:00,9.41,
2024-05-20 22:30:00,9.44,
2024-05-20 22:45:00,9.44,
2024-05-20 23:00:00,9.44,
2024-05-20 23:15:00,9.47,
2024-05-20 23:30:00,9.47,
2024-05-20 23:45:00,9.5,
2024-05-21 00:00:00,9.52,
2024-05-21 00:15:00,9.52,
2024-05-21 00:30:00,9.53,
2024-05-21 00:45:00,9.55,
2024-05-21 01:00:00,9.56,
2024-05-21 01:15:00,9.58,
2024-05-21 01:30:00,9.6,
2024-05-21 01:45:00,9.61,
2024-05-21 02:00:00,9.63,
2024-05-21 02:15:00,9.65,
2024-05-21 02:30:00,9.67,
2024-05-21 02:45:00,9.68,
2024-05-21 03:00:00,9.7,
2024-05-21 03:15:00,9.71,
2024-05-21 03:30:00,9.74,
2024-05-21 03:45:00,9.74,
2024-05-21 04:00:00,9.76,
2024-05-21 04:15:00,9.77,
2024-05-21 04:30:00,9.8,
2024-05-21 04:45:00,9.81,
2024-05-21 05:00:00,9.83,
2024-05-21 05:15:00,9.85,
2024-05-21 05:30:00,9.87,
2024-05-21 05:45:00,9.89,
2024-05-21 06:00:00,9.92,
2024-05-21 06:15:00,9.94,
2024-05-21 06:30:00,9.97,
2024-05-21 06:45:00,9.98,
2024-05-21 07:00:00,10.02,
2024-05-21 07:15:00,10.05,
2024-05-21 07:30:00,10.08,
2024-05-21 07:45:00,10.1,
2024-05-21 08:00:00,10.13,
2024-05-21 08:15:00,10.15,
2024-05-21 08:30:00,10.18,
2024-05-21 08:45:00,10.2,
2024-05-21 09:00:00,10.22,
2024-05-21 09:15:00,10.24,
2024-05-21 09:30:00,10.25,
2024-05-21 09:45:00,10.26,
2024-05-21 10:00:00,10.27,
2024-05-21 10:15:00,10.25,
2024-05-21 10:30:00,10.26,
2024-05-21 10:45:00,10.24,
2024-05-21 11:00:00,10.23,
2024-05-21 11:15:00,10.21,
2024-05-21 11:30:00,10.18,
2024-05-21 11:45:00,10.17,
2024-05-21 12:00:00,10.14,
2024-05-21 12:15:00,10.1,
2024-05-21 12:30:00,10.05,
2024-05-21 12:45:00,10.03,
2024-05-21 13:00:00,10.0,
2024-05-21 13:15:00,9.97,
2024-05-21 13:30:00,9.94,
2024-05-21 13:45:00,9.89,
2024-05-21 14:00:00,9.88,
2024-05-21 14:15:00,9.87,
2024-05-21 14:30:00,9.86,
2024-05-21 14:45:00,9.83,
2024-05-21 15:00:00,9.8,
2024-05-21 15:15:00,9.78,
2024-05-21 15:30:00,9.76,
2024-05-21 15:45:00,9.73,
2024-05-21 16:00:00,9.71,
2024-05-21 16:15:00,9.69,
2024-05-21 16:30:00,9.68,
2024-05-21 16:45:00,9.65,
2024-05-21 17:00:00,9.62,
2024-05-21 17:15:00,9.59,
2024-05-21 17:30:00,9.56,
2024-05-21 17:45:00,9.52,
2024-05-21 18:00:00,9.49,
2024-05-21 18:15:00,9.47,
2024-05-21 18:30:00,9.46,
2024-05-21 18:45:00,9.44,
2024-05-21 19:00:00,9.43,
2024-05-21 19:15:00,9.41,
2024-05-21 19:30:00,9.39,
2024-05-21 19:45:00,9.38,
2024-05-21 20:00:00,9.37,
2024-05-21 20:15:00,9.36,
2024-05-21 20:30:00,9.37,
2024-05-21 20:45:00,9.36,
2024-05-21 21:00:00,9.37,
2024-05-21 21:15:00,9.38,
2024-05-21 21:30:00,9.38,
2024-05-21 21:45:00,9.4,
2024-05-21 22:00:00,9.41,
2024-05-21 22:15:00,9.42,
2024-05-21 22:30:00,9.43,
2024-05-21 22:45:00,9.44,
2024-05-21 23:00:00,9.44,
2024-05-21 23:15:00,9.46,
2024-05-21 23:30:00,9.45,
2024-05-21 23:45:00,9.46,
2024-05-22 00:00:00,9.47,
2024-05-22 00:15:00,9.49,
2024-05-22 00:30:00,9.5,
2024-05-22 00:45:00,9.5,
2024-05-22 01:00:00,9.51,
2024-05-22 01:15:00,9.52,
2024-05-22 01:30:00,9.53,
2024-05-22 01:45:00,9.54,
2024-05-22 02:00:00,9.55,
2024-05-22 02:15:00,9.56,
2024-05-22 02:30:00,9.57,
2024-05-22 02:45:00,9.58,
2024-05-22 03:00:00,9.59,
2024-05-22 03:15:00,9.6,
2024-05-22 03:30:00,9.61,
2024-05-22 03:45:00,9.62,
2024-05-22 04:00:00,9.64,
2024-05-22 04:15:00,9.65,
2024-05-22 04:30:00,9.66,
2024-05-22 04:45:00,9.67,
2024-05-22 05:00:00,9.69,
2024-05-22 05:15:00,9.69,
2024-05-22 05:30:00,9.71,
2024-05-22 05:45:00,9.73,
2024-05-22 06:00:00,9.74,
2024-05-22 06:15:00,9.77,
2024-05-22 06:30:00,9.78,
2024-05-22 06:45:00,9.82,
2024-05-22 07:00:00,9.84,
2024-05-22 07:15:00,9.86,
2024-05-22 07:30:00,9.88,
2024-05-22 07:45:00,9.93,
2024-05-22 08:00:00,9.95,
2024-05-22 08:15:00,9.98,
2024-05-22 08:30:00,9.99,
2024-05-22 08:45:00,10.01,
2024-05-22 09:00:00,10.02,
2024-05-22 09:15:00,10.04,
2024-05-22 09:30:00,10.06,
2024-05-22 09:45:00,10.07,
2024-05-22 10:00:00,10.09,
2024-05-22 10:15:00,10.09,
2024-05-22 10:30:00,10.1,
2024-05-22 10:45:00,10.11,
2024-05-22 11:00:00,10.1,
2024-05-22 11:15:00,10.11,
2024-05-22 11:30:00,10.11,
2024-05-22 11:45:00,10.09,
2024-05-22 12:00:00,10.06,
2024-05-22 12:15:00,10.04,
2024-05-22 12:30:00,10.03,
2024-05-22 12:45:00,10.01,
2024-05-22 13:00:00,10.01,
2024-05-22 13:15:00,10.01,
2024-05-22 13:30:00,10.01,
2024-05-22 13:45:00,10.02,
2024-05-22 14:00:00,10.02,
2024-05-22 14:15:00,10.01,
2024-05-22 14:30:00,9.99,
2024-05-22 14:45:00,9.98,
2024-05-22 15:00:00,9.95,
2024-05-22 15:15:00,9.91,
2024-05-22 15:30:00,9.9,
2024-05-22 15:45:00,9.88,
2024-05-22 16:00:00,9.87,
2024-05-22 16:15:00,9.84,
2024-05-22 16:30:00,9.8,
2024-05-22 16:45:00,9.73,
2024-05-22 17:00:00,9.67,
2024-05-22 17:15:00,9.61,
2024-05-22 17:30:00,9.58,
2024-05-22 17:45:00,9.54,
2024-05-22 18:00:00,9.5,
2024-05-22 18:15:00,9.46,
2024-05-22 18:30:00,9.42,
2024-05-22 18:45:00,9.39,
2024-05-22 19:00:00,9.36,
2024-05-22 19:15:00,9.33,
2024-05-22 19:30:00,9.31,
2024-05-22 19:45:00,9.29,
2024-05-22 20:00:00,9.27,
2024-05-22 20:15:00,9.26,
2024-05-22 20:30:00,9.24,
2024-05-22 20:45:00,9.24,
2024-05-22 21:00:00,9.23,
2024-05-22 21:15:00,9.23,
2024-05-22 21:30:00,9.24,
2024-05-22 21:45:00,9.25,
2024-05-22 22:00:00,9.27,
2024-05-22 22:15:00,9.28,
2024-05-22 22:30:00,9.29,
2024-05-22 22:45:00,9.32,
2024-05-22 23:00:00,9.32,
2024-05-22 23:15:00,9.33,
2024-05-22 23:30:00,9.34,
2024-05-22 23:45:00,9.38,
2024-05-23 00:00:00,9.39,
2024-05-23 00:15:00,9.4,
2024-05-23 00:30:00,9.41,
2024-05-23 00:45:00,9.43,
2024-05-23 01:00:00,9.42,
2024-05-23 01:15:00,9.43,
2024-05-23 01:30:00,9.44,
2024-05-23 01:45:00,9.45,
2024-05-23 02:00:00,9.46,
2024-05-23 02:15:00,9.46,
2024-05-23 02:30:00,9.47,
2024-05-23 02:45:00,9.48,
2024-05-23 03:00:00,9.49,
2024-05-23 03:15:00,9.49,
2024-05-23 03:30:00,9.5,
2024-05-23 03:45:00,9.5,
2024-05-23 04:00:00,9.51,
2024-05-23 04:15:00,9.52,
2024-05-23 04:30:00,9.53,
2024-05-23 04:45:00,9.54,
2024-05-23 05:00:00,9.55,
2024-05-23 05:15:00,9.57,
2024-05-23 05:30:00,9.58,
2024-05-23 05:45:00,9.6,
2024-05-23 06:00:00,9.62,
2024-05-23 06:15:00,9.64,
2024-05-23 06:30:00,9.67,
2024-05-23 06:45:00,9.7,
2024-05-23 07:00:00,9.72,
2024-05-23 07:15:00,9.78,
2024-05-23 07:30:00,9.82,
2024-05-23 07:45:00,9.86,
2024-05-23 08:00:00,9.9,
2024-05-23 08:15:00,9.93,
2024-05-23 08:30:00,9.95,
2024-05-23 08:45:00,9.97,
2024-05-23 09:00:00,10.0,
2024-05-23 09:15:00,10.01,
2024-05-23 09:30:00,10.02,
2024-05-23 09:45:00,10.03,
2024-05-23 10:00:00,10.02,
2024-05-23 10:15:00,10.02,
2024-05-23 10:30:00,10.03,
2024-05-23 10:45:00,10.05,
2024-05-23 11:00:00,10.04,
2024-05-23 11:15:00,10.06,
2024-05-23 11:30:00,10.06,
2024-05-23 11:45:00,10.06,
2024-05-23 12:00:00,10.07,
2024-05-23 12:15:00,10.07,
2024-05-23 12:30:00,10.09,
2024-05-23 12:45:00,10.09,
2024-05-23 13:00:00,10.09,
2024-05-23 13:15:00,10.08,
2024-05-23 13:30:00,10.08,
2024-05-23 13:45:00,10.07,
2024-05-23 14:00:00,10.07,
2024-05-23 14:15:00,10.03,
2024-05-23 14:30:00,10.01,
2024-05-23 14:45:00,9.97,
2024-05-23 15:00:00,9.97,
2024-05-23 15:15:00,9.96,
2024-05-23 15:30:00,9.95,
2024-05-23 15:45:00,9.93,
2024-05-23 16:00:00,9.91,
2024-05-23 16:15:00,9.91,
2024-05-23 16:30:00,9.9,
2024-05-23 16:45:00,9.9,
2024-05-23 17:00:00,9.91,
2024-05-23 17:15:00,9.89,
2024-05-23 17:30:00,9.87,
2024-05-23 17:45:00,9.83,
2024-05-23 18:00:00,9.81,
2024-05-23 18:15:00,9.79,
2024-05-23 18:30:00,9.76,
2024-05-23 18:45:00,9.74,
2024-05-23 19:00:00,9.71,
2024-05-23 19:15:00,9.71,
2024-05-23 19:30:00,9.69,
2024-05-23 19:45:00,9.68,
2024-05-23 20:00:00,9.66,
2024-05-23 20:15:00,9.66,
2024-05-23 20:30:00,9.65,
2024-05-23 20:45:00,9.65,
2024-05-23 21:00:00,9.65,
2024-05-23 21:15:00,9.66,
2024-05-23 21:30:00,9.66,
2024-05-23 21:45:00,9.67,
2024-05-23 22:00:00,9.68,
2024-05-23 22:15:00,9.69,
2024-05-23 22:30:00,9.7,
2024-05-23 22:45:00,9.71,
2024-05-23 23:00:00,9.73,
2024-05-23 23:15:00,9.74,
2024-05-23 23:30:00,9.77,
2024-05-23 23:45:00,9.78,
2024-05-24 00:00:00,9.79,
2024-05-24 00:15:00,9.8,
2024-05-24 00:30:00,9.81,
2024-05-24 00:45:00,9.82,
2024-05-24 01:00:00,9.82,
2024-05-24 01:15:00,9.82,
2024-05-24 01:30:00,9.83,
2024-05-24 01:45:00,9.84,
2024-05-24 02:00:00,9.85,
2024-05-24 02:15:00,9.87,
2024-05-24 02:30:00,9.87,
2024-05-24 02:45:00,9.88,
2024-05-24 03:00:00,9.9,
2024-05-24 03:15:00,9.91,
2024-05-24 03:30:00,9.93,
2024-05-24 03:45:00,9.94,
2024-05-24 04:00:00,9.95,
2024-05-24 04:15:00,9.96,
2024-05-24 04:30:00,9.98,
2024-05-24 04:45:00,9.99,
2024-05-24 05:00:00,10.0,
2024-05-24 05:15:00,10.01,
2024-05-24 05:30:00,10.02,
2024-05-24 05:45:00,10.04,
2024-05-24 06:00:00,10.06,
2024-05-24 06:15:00,10.08,
2024-05-24 06:30:00,10.11,
2024-05-24 06:45:00,10.13,
2024-05-24 07:00:00,10.16,
2024-05-24 07:15:00,10.19,
2024-05-24 07:30:00,10.23,
2024-05-24 07:45:00,10.25,
2024-05-24 08:00:00,10.28,
2024-05-24 08:15:00,10.29,
2024-05-24 08:30:00,10.31,
2024-05-24 08:45:00,10.32,
2024-05-24 09:00:00,10.34,
2024-05-24 09:15:00,10.36,
2024-05-24 09:30:00,10.37,
2024-05-24 09:45:00,10.37,
2024-05-24 10:00:00,10.36,
2024-05-24 10:15:00,10.36,
2024-05-24 10:30:00,10.34,
2024-05-24 10:45:00,10.31,
2024-05-24 11:00:00,10.28,
2024-05-24 11:15:00,10.25,
2024-05-24 11:30:00,10.24,
2024-05-24 11:45:00,10.2,
2024-05-24 12:00:00,10.17,
2024-05-24 12:15:00,10.13,
2024-05-24 12:30:00,10.09,
2024-05-24 12:45:00,10.05,
2024-05-24 13:00:00,10.0,
2024-05-24 13:15:00,9.97,
2024-05-24 13:30:00,9.93,
2024-05-24 13:45:00,9.88,
2024-05-24 14:00:00,9.84,
2024-05-24 14:15:00,9.79,
2024-05-24 14:30:00,9.76,
2024-05-24 14:45:00,9.72,
2024-05-24 15:00:00,9.68,
2024-05-24 15:15:00,9.62,
2024-05-24 15:30:00,9.57,
2024-05-24 15:45:00,9.54,
2024-05-24 16:00:00,9.49,
2024-05-24 16:15:00,9.46,
2024-05-24 16:30:00,9.43,
2024-05-24 16:45:00,9.41,
2024-05-24 17:00:00,9.39,
2024-05-24 17:15:00,9.38,
2024-05-24 17:30:00,9.37,
2024-05-24 17:45:00,9.37,
2024-05-24 18:00:00,9.34,
2024-05-24 18:15:00,9.32,
2024-05-24 18:30:00,9.29,
2024-05-24 18:45:00,9.27,
2024-05-24 19:00:00,9.23,
2024-05-24 19:15:00,9.21,
2024-05-24 19:30:00,9.18,
2024-05-24 19:45:00,9.18,
2024-05-24 20:00:00,9.15,
2024-05-24 20:15:00,9.13,
2024-05-24 20:30:00,9.12,
2024-05-24 20:45:00,9.1,
2024-05-24 21:00:00,9.11,
2024-05-24 21:15:00,9.1,
2024-05-24 21:30:00,9.11,
2024-05-24 21:45:00,9.11,
2024-05-24 22:00:00,9.1,
2024-05-24 22:15:00,9.11,
2024-05-24 22:30:00,9.12,
2024-05-24 22:45:00,9.12,
2024-05-24 23:00:00,9.13,
2024-05-24 23:15:00,9.13,
2024-05-24 23:30:00,9.14,
2024-05-24 23:45:00,9.14,
2024-05-25 00:00:00,9.14,
2024-05-25 00:15:00,9.14,
2024-05-25 00:30:00,9.14,
2024-05-25 00:45:00,9.14,
2024-05-25 01:00:00,9.15,
2024-05-25 01:15:00,9.15,
2024-05-25 01:30:00,9.15,
2024-05-25 01:45:00,9.16,
2024-05-25 02:00:00,9.16,
2024-05-25 02:15:00,9.17,
2024-05-25 02:30:00,9.17,
2024-05-25 02:45:00,9.18,
2024-05-25 03:00:00,9.19,
2024-05-25 03:15:00,9.2,
2024-05-25 03:30:00,9.21,
2024-05-25 03:45:00,9.23,
2024-05-25 04:00:00,9.23,
2024-05-25 04:15:00,9.25,
2024-05-25 04:30:00,9.25,
2024-05-25 04:45:00,9.26,
2024-05-25 05:00:00,9.27,
2024-05-25 05:15:00,9.29,
2024-05-25 05:30:00,9.3,
2024-05-25 05:45:00,9.31,
2024-05-25 06:00:00,9.33,
2024-05-25 06:15:00,9.36,
2024-05-25 06:30:00,9.4,
2024-05-25 06:45:00,9.43,
2024-05-25 07:00:00,9.46,
2024-05-25 07:15:00,9.49,
2024-05-25 07:30:00,9.51,
2024-05-25 07:45:00,9.55,
2024-05-25 08:00:00,9.58,
2024-05-25 08:15:00,9.59,
2024-05-25 08:30:00,9.61,
2024-05-25 08:45:00,9.62,
2024-05-25 09:00:00,9.63,
2024-05-25 09:15:00,9.64,
2024-05-25 09:30:00,9.65,
2024-05-25 09:45:00,9.64,
2024-05-25 10:00:00,9.62,
2024-05-25 10:15:00,9.61,
2024-05-25 10:30:00,9.63,
2024-05-25 10:45:00,9.61,
2024-05-25 11:00:00,9.61,
2024-05-25 11:15:00,9.6,
2024-05-25 11:30:00,9.58,
2024-05-25 11:45:00,9.56,
2024-05-25 12:00:00,9.54,
2024-05-25 12:15:00,9.53,
2024-05-25 12:30:00,9.53,
2024-05-25 12:45:00,9.53,
2024-05-25 13:00:00,9.53,
2024-05-25 13:15:00,9.53,
2024-05-25 13:30:00,9.56,
2024-05-25 13:45:00,9.59,
2024-05-25 14:00:00,9.62,
2024-05-25 14:15:00,9.66,
2024-05-25 14:30:00,9.66,
2024-05-25 14:45:00,9.66,
2024-05-25 15:00:00,9.67,
2024-05-25 15:15:00,9.68,
2024-05-25 15:30:00,9.7,
2024-05-25 15:45:00,9.72,
2024-05-25 16:00:00,9.74,
2024-05-25 16:15:00,9.75,
2024-05-25 16:30:00,9.77,
2024-05-25 16:45:00,9.79,
2024-05-25 17:00:00,9.77,
2024-05-25 17:15:00,9.76,
2024-05-25 17:30:00,9.73,
2024-05-25 17:45:00,9.72,
2024-05-25 18:00:00,9.69,
2024-05-25 18:15:00,9.67,
2024-05-25 18:30:00,9.65,
2024-05-25 18:45:00,9.63,
2024-05-25 19:00:00,9.6,
2024-05-25 19:15:00,9.59,
2024-05-25 19:30:00,9.59,
2024-05-25 19:45:00,9.55,
2024-05-25 20:00:00,9.54,
2024-05-25 20:15:00,9.52,
2024-05-25 20:30:00,9.5,
2024-05-25 20:45:00,9.47,
2024-05-25 21:00:00,9.48,
2024-05-25 21:15:00,9.48,
2024-05-25 21:30:00,9.48,
2024-05-25 21:45:00,9.49,
2024-05-25 22:00:00,9.5,
2024-05-25 22:15:00,9.51,
2024-05-25 22:30:00,9.52,
2024-05-25 22:45:00,9.54,
2024-05-25 23:00:00,9.54,
2024-05-25 23:15:00,9.55,
2024-05-25 23:30:00,9.55,
2024-05-25 23:45:00,9.57,
2024-05-26 00:00:00,9.58,
2024-05-26 00:15:00,9.58,
2024-05-26 00:30:00,9.58,
2024-05-26 00:45:00,9.59,
2024-05-26 01:00:00,9.6,
2024-05-26 01:15:00,9.6,
2024-05-26 01:30:00,9.61,
2024-05-26 01:45:00,9.61,
2024-05-26 02:00:00,9.62,
2024-05-26 02:15:00,9.62,
2024-05-26 02:30:00,9.63,
2024-05-26 02:45:00,9.64,
2024-05-26 03:00:00,9.65,
2024-05-26 03:15:00,9.65,
2024-05-26 03:30:00,9.66,
2024-05-26 03:45:00,9.66,
2024-05-26 04:00:00,9.68,
2024-05-26 04:15:00,9.7,
2024-05-26 04:30:00,9.7,
2024-05-26 04:45:00,9.72,
2024-05-26 05:00:00,9.72,
2024-05-26 05:15:00,9.74,
2024-05-26 05:30:00,9.76,
2024-05-26 05:45:00,9.78,
2024-05-26 06:00:00,9.8,
2024-05-26 06:15:00,9.82,
2024-05-26 06:30:00,9.85,
2024-05-26 06:45:00,9.88,
2024-05-26 07:00:00,9.91,
2024-05-26 07:15:00,9.94,
2024-05-26 07:30:00,9.97,
2024-05-26 07:45:00,9.99,
2024-05-26 08:00:00,10.01,
2024-05-26 08:15:00,10.03,
2024-05-26 08:30:00,10.06,
2024-05-26 08:45:00,10.07,
2024-05-26 09:00:00,10.08,
2024-05-26 09:15:00,10.1,
2024-05-26 09:30:00,10.11,
2024-05-26 09:45:00,10.11,
2024-05-26 10:00:00,10.11,
2024-05-26 10:15:00,10.1,
2024-05-26 10:30:00,10.11,
2024-05-26 10:45:00,10.09,
2024-05-26 11:00:00,10.06,
2024-05-26 11:15:00,10.05,
2024-05-26 11:30:00,10.03,
2024-05-26 11:45:00,10.01,
2024-05-26 12:00:00,9.97,
2024-05-26 12:15:00,9.93,
2024-05-26 12:30:00,9.9,
2024-05-26 12:45:00,9.84,
2024-05-26 13:00:00,9.81,
2024-05-26 13:15:00,9.77,
2024-05-26 13:30:00,9.73,
2024-05-26 13:45:00,9.68,
2024-05-26 14:00:00,9.64,
2024-05-26 14:15:00,9.62,
2024-05-26 14:30:00,9.59,
2024-05-26 14:45:00,9.56,
2024-05-26 15:00:00,9.54,
2024-05-26 15:15:00,9.49,
2024-05-26 15:30:00,9.44,
2024-05-26 15:45:00,9.43,
2024-05-26 16:00:00,9.41,
2024-05-26 16:15:00,9.38,
2024-05-26 16:30:00,9.38,
2024-05-26 16:45:00,9.35,
2024-05-26 17:00:00,9.33,
2024-05-26 17:15:00,9.31,
2024-05-26 17:30:00,9.28,
2024-05-26 17:45:00,9.23,
2024-05-26 18:00:00,9.2,
2024-05-26 18:15:00,9.17,
2024-05-26 18:30:00,9.15,
2024-05-26 18:45:00,9.11,
2024-05-26 19:00:00,9.1,
2024-05-26 19:15:00,9.07,
2024-05-26 19:30:00,9.07,
2024-05-26 19:45:00,9.04,
2024-05-26 20:00:00,9.02,
2024-05-26 20:15:00,9.01,
2024-05-26 20:30:00,9.0,
2024-05-26 20:45:00,9.0,
2024-05-26 21:00:00,9.0,
2024-05-26 21:15:00,9.0,
2024-05-26 21:30:00,9.01,
2024-05-26 21:45:00,9.02,
2024-05-26 22:00:00,9.03,
2024-05-26 22:15:00,9.04,
2024-05-26 22:30:00,9.06,
2024-05-26 22:45:00,9.08,
2024-05-26 23:00:00,9.1,
2024-05-26 23:15:00,9.12,
2024-05-26 23:30:00,9.14,
2024-05-26 23:45:00,9.16,
2024-05-27 00:00:00,9.18,
2024-05-27 00:15:00,9.19,
2024-05-27 00:30:00,9.21,
2024-05-27 00:45:00,9.23,
2024-05-27 01:00:00,9.24,
2024-05-27 01:15:00,9.25,
2024-05-27 01:30:00,9.27,
2024-05-27 01:45:00,9.29,
2024-05-27 02:00:00,9.31,
2024-05-27 02:15:00,9.32,
2024-05-27 02:30:00,9.33,
2024-05-27 02:45:00,9.34,
2024-05-27 03:00:00,9.36,
2024-05-27 03:15:00,9.37,
2024-05-27 03:30:00,9.39,
2024-05-27 03:45:00,9.4,
2024-05-27 04:00:00,9.41,
2024-05-27 04:15:00,9.42,
2024-05-27 04:30:00,9.43,
2024-05-27 04:45:00,9.45,
2024-05-27 05:00:00,9.46,
2024-05-27 05:15:00,9.47,
2024-05-27 05:30:00,9.49,
2024-05-27 05:45:00,9.49,
2024-05-27 06:00:00,9.52,
2024-05-27 06:15:00,9.55,
2024-05-27 06:30:00,9.57,
2024-05-27 06:45:00,9.61,
2024-05-27 07:00:00,9.65,
2024-05-27 07:15:00,9.69,
2024-05-27 07:30:00,9.72,
2024-05-27 07:45:00,9.75,
2024-05-27 08:00:00,9.78,
2024-05-27 08:15:00,9.81,
2024-05-27 08:30:00,9.83,
2024-05-27 08:45:00,9.87,
2024-05-27 09:00:00,9.89,
2024-05-27 09:15:00,9.9,
2024-05-27 09:30:00,9.92,
2024-05-27 09:45:00,9.94,
2024-05-27 10:00:00,9.95,
2024-05-27 10:15:00,9.95,
2024-05-27 10:30:00,9.94,
2024-05-27 10:45:00,9.94,
2024-05-27 11:00:00,9.93,
2024-05-27 11:15:00,9.91,
2024-05-27 11:30:00,9.89,
2024-05-27 11:45:00,9.86,
2024-05-27 12:00:00,9.84,
2024-05-27 12:15:00,9.81,
2024-05-27 12:30:00,9.77,
2024-05-27 12:45:00,9.73,
2024-05-27 13:00:00,9.69,
2024-05-27 13:15:00,9.65,
2024-05-27 13:30:00,9.6,
2024-05-27 13:45:00,9.57,
2024-05-27 14:00:00,9.54,
2024-05-27 14:15:00,9.5,
2024-05-27 14:30:00,9.46,
2024-05-27 14:45:00,9.43,
2024-05-27 15:00:00,9.39,
2024-05-27 15:15:00,9.36,
2024-05-27 15:30:00,9.32,
2024-05-27 15:45:00,9.28,
2024-05-27 16:00:00,9.25,
2024-05-27 16:15:00,9.22,
2024-05-27 16:30:00,9.2,
2024-05-27 16:45:00,9.16,
2024-05-27 17:00:00,9.13,
2024-05-27 17:15:00,9.11,
2024-05-27 17:30:00,9.08,
2024-05-27 17:45:00,9.06,
2024-05-27 18:00:00,9.03,
2024-05-27 18:15:00,9.01,
2024-05-27 18:30:00,8.99,
2024-05-27 18:45:00,8.97,
2024-05-27 19:00:00,8.95,
2024-05-27 19:15:00,8.93,
2024-05-27 19:30:00,8.91,
2024-05-27 19:45:00,8.89,
2024-05-27 20:00:00,8.88,
2024-05-27 20:15:00,8.87,
2024-05-27 20:30:00,8.86,
2024-05-27 20:45:00,8.84,
2024-05-27 21:00:00,8.84,
2024-05-27 21:15:00,8.86,
2024-05-27 21:30:00,8.86,
2024-05-27 21:45:00,8.86,
2024-05-27 22:00:00,8.89,
2024-05-27 22:15:00,8.89,
2024-05-27 22:30:00,8.88,
2024-05-27 22:45:00,8.9,
2024-05-27 23:00:00,8.93,
2024-05-27 23:15:00,8.95,
2024-05-27 23:30:00,8.96,
2024-05-27 23:45:00,8.97,
2024-05-28 00:00:00,8.99,
2024-05-28 00:15:00,9.01,
2024-05-28 00:30:00,9.03,
2024-05-28 00:45:00,9.04,
2024-05-28 01:00:00,9.06,
2024-05-28 01:15:00,9.07,
2024-05-28 01:30:00,9.08,
2024-05-28 01:45:00,9.09,
2024-05-28 02:00:00,9.11,
2024-05-28 02:15:00,9.11,
2024-05-28 02:30:00,9.13,
2024-05-28 02:45:00,9.15,
2024-05-28 03:00:00,9.16,
2024-05-28 03:15:00,9.17,
2024-05-28 03:30:00,9.18,
2024-05-28 03:45:00,9.19,
2024-05-28 04:00:00,9.21,
2024-05-28 04:15:00,9.21,
2024-05-28 04:30:00,9.23,
2024-05-28 04:45:00,9.24,
2024-05-28 05:00:00,9.26,
2024-05-28 05:15:00,9.28,
2024-05-28 05:30:00,9.3,
2024-05-28 05:45:00,9.32,
2024-05-28 06:00:00,9.34,
2024-05-28 06:15:00,9.38,
2024-05-28 06:30:00,9.41,
2024-05-28 06:45:00,9.44,
2024-05-28 07:00:00,9.48,
2024-05-28 07:15:00,9.51,
2024-05-28 07:30:00,9.55,
2024-05-28 07:45:00,9.58,
2024-05-28 08:00:00,9.61,
2024-05-28 08:15:00,9.64,
2024-05-28 08:30:00,9.67,
2024-05-28 08:45:00,9.69,
2024-05-28 09:00:00,9.71,
2024-05-28 09:15:00,9.73,
2024-05-28 09:30:00,9.74,
2024-05-28 09:45:00,9.76,
2024-05-28 10:00:00,9.77,
2024-05-28 10:15:00,9.78,
2024-05-28 10:30:00,9.78,
2024-05-28 10:45:00,9.77,
2024-05-28 11:00:00,9.75,
2024-05-28 11:15:00,9.75,
2024-05-28 11:30:00,9.74,
2024-05-28 11:45:00,9.72,
2024-05-28 12:00:00,9.69,
2024-05-28 12:15:00,9.67,
2024-05-28 12:30:00,9.62,
2024-05-28 12:45:00,9.6,
2024-05-28 13:00:00,9.55,
2024-05-28 13:15:00,9.51,
2024-05-28 13:30:00,9.47,
2024-05-28 13:45:00,9.44,
2024-05-28 14:00:00,9.39,
2024-05-28 14:15:00,9.35,
2024-05-28 14:30:00,9.33,
2024-05-28 14:45:00,9.28,
2024-05-28 15:00:00,9.25,
2024-05-28 15:15:00,9.21,
2024-05-28 15:30:00,9.18,
2024-05-28 15:45:00,9.13,
2024-05-28 16:00:00,9.09,
2024-05-28 16:15:00,9.06,
2024-05-28 16:30:00,9.02,
2024-05-28 16:45:00,8.99,
2024-05-28 17:00:00,8.95,
2024-05-28 17:15:00,8.9,
2024-05-28 17:30:00,8.87,
2024-05-28 17:45:00,8.84,
2024-05-28 18:00:00,8.82,
2024-05-28 18:15:00,8.79,
2024-05-28 18:30:00,8.79,
2024-05-28 18:45:00,8.77,
2024-05-28 19:00:00,8.76,
2024-05-28 19:15:00,8.74,
2024-05-28 19:30:00,8.72,
2024-05-28 19:45:00,8.71,
2024-05-28 20:00:00,8.69,
2024-05-28 20:15:00,8.68,
2024-05-28 20:30:00,8.66,
2024-05-28 20:45:00,8.65,
2024-05-28 21:00:00,8.64,
2024-05-28 21:15:00,8.64,
2024-05-28 21:30:00,8.64,
2024-05-28 21:45:00,8.65,
2024-05-28 22:00:00,8.66,
2024-05-28 22:15:00,8.67,
2024-05-28 22:30:00,8.69,
2024-05-28 22:45:00,8.7,
2024-05-28 23:00:00,8.72,
2024-05-28 23:15:00,8.72,
2024-05-28 23:30:00,8.74,
2024-05-28 23:45:00,8.76,
2024-05-29 00:00:00,8.77,
2024-05-29 00:15:00,8.78,
2024-05-29 00:30:00,8.78,
2024-05-29 00:45:00,8.8,
2024-05-29 01:00:00,8.8,
2024-05-29 01:15:00,8.81,
2024-05-29 01:30:00,8.81,
2024-05-29 01:45:00,8.82,
2024-05-29 02:00:00,8.82,
2024-05-29 02:15:00,8.85,
2024-05-29 02:30:00,8.85,
2024-05-29 02:45:00,8.85,
2024-05-29 03:00:00,8.85,
2024-05-29 03:15:00,8.86,
2024-05-29 03:30:00,8.88,
2024-05-29 03:45:00,8.89,
2024-05-29 04:00:00,8.9,
2024-05-29 04:15:00,8.91,
2024-05-29 04:30:00,8.93,
2024-05-29 04:45:00,8.93,
2024-05-29 05:00:00,8.95,
2024-05-29 05:15:00,8.97,
2024-05-29 05:30:00,8.99,
2024-05-29 05:45:00,9.01,
2024-05-29 06:00:00,9.04,
2024-05-29 06:15:00,9.07,
2024-05-29 06:30:00,9.11,
2024-05-29 06:45:00,9.14,
2024-05-29 07:00:00,9.18,
2024-05-29 07:15:00,9.22,
2024-05-29 07:30:00,9.26,
2024-05-29 07:45:00,9.29,
2024-05-29 08:00:00,9.33,
2024-05-29 08:15:00,9.36,
2024-05-29 08:30:00,9.4,
2024-05-29 08:45:00,9.43,
2024-05-29 09:00:00,9.46,
2024-05-29 09:15:00,9.48,
2024-05-29 09:30:00,9.49,
2024-05-29 09:45:00,9.51,
2024-05-29 10:00:00,9.52,
2024-05-29 10:15:00,9.53,
2024-05-29 10:30:00,9.55,
2024-05-29 10:45:00,9.56,
2024-05-29 11:00:00,9.56,
2024-05-29 11:15:00,9.54,
2024-05-29 11:30:00,9.53,
2024-05-29 11:45:00,9.52,
2024-05-29 12:00:00,9.49,
2024-05-29 12:15:00,9.44,
2024-05-29 12:30:00,9.42,
2024-05-29 12:45:00,9.4,
2024-05-29 13:00:00,9.37,
2024-05-29 13:15:00,9.35,
2024-05-29 13:30:00,9.32,
2024-05-29 13:45:00,9.3,
2024-05-29 14:00:00,9.3,
2024-05-29 14:15:00,9.29,
2024-05-29 14:30:00,9.26,
2024-05-29 14:45:00,9.25,
2024-05-29 15:00:00,9.22,
2024-05-29 15:15:00,9.19,
2024-05-29 15:30:00,9.16,
2024-05-29 15:45:00,9.12,
2024-05-29 16:00:00,9.1,
2024-05-29 16:15:00,9.07,
2024-05-29 16:30:00,9.05,
2024-05-29 16:45:00,9.03,
2024-05-29 17:00:00,9.01,
2024-05-29 17:15:00,8.97,
2024-05-29 17:30:00,8.95,
2024-05-29 17:45:00,8.92,
2024-05-29 18:00:00,8.91,
2024-05-29 18:15:00,8.89,
2024-05-29 18:30:00,8.87,
2024-05-29 18:45:00,8.85,
2024-05-29 19:00:00,8.81,
2024-05-29 19:15:00,8.8,
2024-05-29 19:30:00,8.79,
2024-05-29 19:45:00,8.77,
2024-05-29 20:00:00,8.76,
2024-05-29 20:15:00,8.75,
2024-05-29 20:30:00,8.74,
2024-05-29 20:45:00,8.75,
2024-05-29 21:00:00,8.75,
2024-05-29 21:15:00,8.76,
2024-05-29 21:30:00,8.78,
2024-05-29 21:45:00,8.8,
2024-05-29 22:00:00,8.8,
2024-05-29 22:15:00,8.82,
2024-05-29 22:30:00,8.86,
2024-05-29 22:45:00,8.88,
2024-05-29 23:00:00,8.87,
2024-05-29 23:15:00,8.89,
2024-05-29 23:30:00,8.93,
2024-05-29 23:45:00,8.95,
2024-05-30 00:00:00,8.96,
2024-05-30 00:15:00,8.98,
2024-05-30 00:30:00,9.0,
2024-05-30 00:45:00,9.02,
2024-05-30 01:00:00,9.04,
2024-05-30 01:15:00,9.05,
2024-05-30 01:30:00,9.07,
2024-05-30 01:45:00,9.08,
2024-05-30 02:00:00,9.09,
2024-05-30 02:15:00,9.11,
2024-05-30 02:30:00,9.13,
2024-05-30 02:45:00,9.14,
2024-05-30 03:00:00,9.15,
2024-05-30 03:15:00,9.17,
2024-05-30 03:30:00,9.2,
2024-05-30 03:45:00,9.21,
2024-05-30 04:00:00,9.22,
2024-05-30 04:15:00,9.24,
2024-05-30 04:30:00,9.25,
2024-05-30 04:45:00,9.27,
2024-05-30 05:00:00,9.28,
2024-05-30 05:15:00,9.31,
2024-05-30 05:30:00,9.32,
2024-05-30 05:45:00,9.36,
2024-05-30 06:00:00,9.38,
2024-05-30 06:15:00,9.41,
2024-05-30 06:30:00,9.44,
2024-05-30 06:45:00,9.47,
2024-05-30 07:00:00,9.51,
2024-05-30 07:15:00,9.55,
2024-05-30 07:30:00,9.58,
2024-05-30 07:45:00,9.61,
2024-05-30 08:00:00,9.64,
2024-05-30 08:15:00,9.67,
2024-05-30 08:30:00,9.71,
2024-05-30 08:45:00,9.73,
2024-05-30 09:00:00,9.75,
2024-05-30 09:15:00,9.78,
2024-05-30 09:30:00,9.8,
2024-05-30 09:45:00,9.82,
2024-05-30 10:00:00,9.83,
2024-05-30 10:15:00,9.84,
2024-05-30 10:30:00,9.85,
2024-05-30 10:45:00,9.85,
2024-05-30 11:00:00,9.85,
2024-05-30 11:15:00,9.83,
2024-05-30 11:30:00,9.81,
2024-05-30 11:45:00,9.8,
2024-05-30 12:00:00,9.77,
2024-05-30 12:15:00,9.75,
2024-05-30 12:30:00,9.72,
2024-05-30 12:45:00,9.7,
2024-05-30 13:00:00,9.65,
2024-05-30 13:15:00,9.63,
2024-05-30 13:30:00,9.61,
2024-05-30 13:45:00,9.56,
2024-05-30 14:00:00,9.54,
2024-05-30 14:15:00,9.5,
2024-05-30 14:30:00,9.47,
2024-05-30 14:45:00,9.44,
2024-05-30 15:00:00,9.41,
2024-05-30 15:15:00,9.38,
2024-05-30 15:30:00,9.35,
2024-05-30 15:45:00,9.33,
2024-05-30 16:00:00,9.31,
2024-05-30 16:15:00,9.29,
2024-05-30 16:30:00,9.26,
2024-05-30 16:45:00,9.24,
2024-05-30 17:00:00,9.22,
2024-05-30 17:15:00,9.21,
2024-05-30 17:30:00,9.19,
2024-05-30 17:45:00,9.17,
2024-05-30 18:00:00,9.16,
2024-05-30 18:15:00,9.15,
2024-05-30 18:30:00,9.12,
2024-05-30 18:45:00,9.09,
2024-05-30 19:00:00,9.07,
2024-05-30 19:15:00,9.05,
2024-05-30 19:30:00,9.03,
2024-05-30 19:45:00,9.0,
2024-05-30 20:00:00,8.97,
2024-05-30 20:15:00,8.95,
2024-05-30 20:30:00,8.95,
2024-05-30 20:45:00,8.93,
2024-05-30 21:00:00,8.95,
2024-05-30 21:15:00,8.96,
2024-05-30 21:30:00,8.96,
2024-05-30 21:45:00,8.93,
2024-05-30 22:00:00,8.95,
2024-05-30 22:15:00,8.98,
2024-05-30 22:30:00,9.0,
2024-05-30 22:45:00,9.02,
2024-05-30 23:00:00,9.03,
2024-05-30 23:15:00,9.06,
2024-05-30 23:30:00,9.07,
2024-05-30 23:45:00,9.09,
2024-05-31 00:00:00,9.1,
2024-05-31 00:15:00,9.12,
2024-05-31 00:30:00,9.13,
2024-05-31 00:45:00,9.13,
2024-05-31 01:00:00,9.16,
2024-05-31 01:15:00,9.16,
2024-05-31 01:30:00,9.17,
2024-05-31 01:45:00,9.19,
2024-05-31 02:00:00,9.2,
2024-05-31 02:15:00,9.22,
2024-05-31 02:30:00,9.23,
2024-05-31 02:45:00,9.24,
2024-05-31 03:00:00,9.25,
2024-05-31 03:15:00,9.26,
2024-05-31 03:30:00,9.27,
2024-05-31 03:45:00,9.28,
2024-05-31 04:00:00,9.29,
2024-05-31 04:15:00,9.31,
2024-05-31 04:30:00,9.33,
2024-05-31 04:45:00,9.34,
2024-05-31 05:00:00,9.36,
2024-05-31 05:15:00,9.38,
2024-05-31 05:30:00,9.4,
2024-05-31 05:45:00,9.42,
2024-05-31 06:00:00,9.45,
2024-05-31 06:15:00,9.49,
2024-05-31 06:30:00,9.51,
2024-05-31 06:45:00,9.55,
2024-05-31 07:00:00,9.59,
2024-05-31 07:15:00,9.63,
2024-05-31 07:30:00,9.65,
2024-05-31 07:45:00,9.69,
2024-05-31 08:00:00,9.68,
2024-05-31 08:15:00,9.69,
2024-05-31 08:30:00,9.75,
2024-05-31 08:45:00,9.78,
2024-05-31 09:00:00,9.81,
2024-05-31 09:15:00,9.83,
2024-05-31 09:30:00,9.85,
2024-05-31 09:45:00,9.85,
2024-05-31 10:00:00,9.87,
2024-05-31 10:15:00,9.88,
2024-05-31 10:30:00,9.87,
2024-05-31 10:45:00,9.87,
2024-05-31 11:00:00,9.86,
2024-05-31 11:15:00,9.84,
2024-05-31 11:30:00,9.82,
2024-05-31 11:45:00,9.8,
2024-05-31 12:00:00,9.78,
2024-05-31 12:15:00,9.75,
2024-05-31 12:30:00,9.72,
2024-05-31 12:45:00,9.68,
2024-05-31 13:00:00,9.63,
2024-05-31 13:15:00,9.61,
2024-05-31 13:30:00,9.57,
2024-05-31 13:45:00,9.53,
2024-05-31 14:00:00,9.49,
2024-05-31 14:15:00,9.46,
2024-05-31 14:30:00,9.42,
2024-05-31 14:45:00,9.38,
2024-05-31 15:00:00,9.34,
2024-05-31 15:15:00,9.31,
2024-05-31 15:30:00,9.28,
2024-05-31 15:45:00,9.23,
2024-05-31 16:00:00,9.2,
2024-05-31 16:15:00,9.17,
2024-05-31 16:30:00,9.14,
2024-05-31 16:45:00,9.12,
2024-05-31 17:00:00,9.09,
2024-05-31 17:15:00,9.06,
2024-05-31 17:30:00,9.03,
2024-05-31 17:45:00,9.01,
2024-05-31 18:00:00,8.98,
2024-05-31 18:15:00,8.96,
2024-05-31 18:30:00,8.94,
2024-05-31 18:45:00,8.92,
2024-05-31 19:00:00,8.9,
2024-05-31 19:15:00,8.88,
2024-05-31 19:30:00,8.86,
2024-05-31 19:45:00,8.85,
2024-05-31 20:00:00,8.82,
2024-05-31 20:15:00,8.82,
2024-05-31 20:30:00,8.81,
2024-05-31 20:45:00,8.81,
2024-05-31 21:00:00,8.8,
2024-05-31 21:15:00,8.8,
2024-05-31 21:30:00,8.81,
2024-05-31 21:45:00,8.82,
2024-05-31 22:00:00,8.85,
2024-05-31 22:15:00,8.84,
2024-05-31 22:30:00,8.87,
2024-05-31 22:45:00,8.87,
2024-05-31 23:00:00,8.89,
2024-05-31 23:15:00,8.91,
2024-05-31 23:30:00,8.92,
2024-05-31 23:45:00,8.93,
2024-06-01 00:00:00,8.94,
2024-06-01 00:15:00,8.96,
2024-06-01 00:30:00,8.97,
2024-06-01 00:45:00,8.98,
2024-06-01 01:00:00,9.0,
2024-06-01 01:15:00,9.0,
2024-06-01 01:30:00,9.02,
2024-06-01 01:45:00,9.03,
2024-06-01 02:00:00,9.04,
2024-06-01 02:15:00,9.06,
2024-06-01 02:30:00,9.07,
2024-06-01 02:45:00,9.08,
2024-06-01 03:00:00,9.1,
2024-06-01 03:15:00,9.11,
2024-06-01 03:30:00,9.11,
2024-06-01 03:45:00,9.13,
2024-06-01 04:00:00,9.13,
2024-06-01 04:15:00,9.14,
2024-06-01 04:30:00,9.15,
2024-06-01 04:45:00,9.16,
2024-06-01 05:00:00,9.17,
2024-06-01 05:15:00,9.18,
2024-06-01 05:30:00,9.21,
2024-06-01 05:45:00,9.23,
2024-06-01 06:00:00,9.26,
2024-06-01 06:15:00,9.29,
2024-06-01 06:30:00,9.31,
2024-06-01 06:45:00,9.34,
2024-06-01 07:00:00,9.37,
2024-06-01 07:15:00,9.4,
2024-06-01 07:30:00,9.44,
2024-06-01 07:45:00,9.47,
2024-06-01 08:00:00,9.5,
2024-06-01 08:15:00,9.53,
2024-06-01 08:30:00,9.56,
2024-06-01 08:45:00,9.59,
2024-06-01 09:00:00,9.61,
2024-06-01 09:15:00,9.64,
2024-06-01 09:30:00,9.66,
2024-06-01 09:45:00,9.66,
2024-06-01 10:00:00,9.65,
2024-06-01 10:15:00,9.66,
2024-06-01 10:30:00,9.68,
2024-06-01 10:45:00,9.68,
2024-06-01 11:00:00,9.67,
2024-06-01 11:15:00,9.69,
2024-06-01 11:30:00,9.68,
2024-06-01 11:45:00,9.69,
2024-06-01 12:00:00,9.69,
2024-06-01 12:15:00,9.67,
2024-06-01 12:30:00,9.65,
2024-06-01 12:45:00,9.63,
2024-06-01 13:00:00,9.6,
2024-06-01 13:15:00,9.55,
2024-06-01 13:30:00,9.51,
2024-06-01 13:45:00,9.47,
2024-06-01 14:00:00,9.43,
2024-06-01 14:15:00,9.38,
2024-06-01 14:30:00,9.35,
2024-06-01 14:45:00,9.3,
2024-06-01 15:00:00,9.27,
2024-06-01 15:15:00,9.24,
2024-06-01 15:30:00,9.21,
2024-06-01 15:45:00,9.16,
2024-06-01 16:00:00,9.15,
2024-06-01 16:15:00,9.1,
2024-06-01 16:30:00,9.08,
2024-06-01 16:45:00,9.06,
2024-06-01 17:00:00,9.04,
2024-06-01 17:15:00,9.02,
2024-06-01 17:30:00,9.01,
2024-06-01 17:45:00,8.98,
2024-06-01 18:00:00,8.96,
2024-06-01 18:15:00,8.92,
2024-06-01 18:30:00,8.89,
2024-06-01 18:45:00,8.86,
2024-06-01 19:00:00,8.82,
2024-06-01 19:15:00,8.78,
2024-06-01 19:30:00,8.76,
2024-06-01 19:45:00,8.74,
2024-06-01 20:00:00,8.72,
2024-06-01 20:15:00,8.71,
2024-06-01 20:30:00,8.69,
2024-06-01 20:45:00,8.68,
2024-06-01 21:00:00,8.68,
2024-06-01 21:15:00,8.69,
2024-06-01 21:30:00,8.7,
2024-06-01 21:45:00,8.71,
2024-06-01 22:00:00,8.71,
2024-06-01 22:15:00,8.73,
2024-06-01 22:30:00,8.73,
2024-06-01 22:45:00,8.73,
2024-06-01 23:00:00,8.74,
2024-06-01 23:15:00,8.75,
2024-06-01 23:30:00,8.76,
2024-06-01 23:45:00,8.79,
2024-06-02 00:00:00,8.79,
2024-06-02 00:15:00,8.79,
2024-06-02 00:30:00,8.8,
2024-06-02 00:45:00,8.83,
2024-06-02 01:00:00,8.82,
2024-06-02 01:15:00,8.83,
2024-06-02 01:30:00,8.84,
2024-06-02 01:45:00,8.84,
2024-06-02 02:00:00,8.84,
2024-06-02 02:15:00,8.86,
2024-06-02 02:30:00,8.87,
2024-06-02 02:45:00,8.87,
2024-06-02 03:00:00,8.88,
2024-06-02 03:15:00,8.88,
2024-06-02 03:30:00,8.89,
2024-06-02 03:45:00,8.9,
2024-06-02 04:00:00,8.91,
2024-06-02 04:15:00,8.92,
2024-06-02 04:30:00,8.93,
2024-06-02 04:45:00,8.94,
2024-06-02 05:00:00,8.94,
2024-06-02 05:15:00,8.95,
2024-06-02 05:30:00,8.96,
2024-06-02 05:45:00,8.98,
2024-06-02 06:00:00,8.99,
2024-06-02 06:15:00,9.02,
2024-06-02 06:30:00,9.05,
2024-06-02 06:45:00,9.08,
2024-06-02 07:00:00,9.11,
2024-06-02 07:15:00,9.15,
2024-06-02 07:30:00,9.18,
2024-06-02 07:45:00,9.21,
2024-06-02 08:00:00,9.23,
2024-06-02 08:15:00,9.26,
2024-06-02 08:30:00,9.28,
2024-06-02 08:45:00,9.3,
2024-06-02 09:00:00,9.31,
2024-06-02 09:15:00,9.34,
2024-06-02 09:30:00,9.35,
2024-06-02 09:45:00,9.37,
2024-06-02 10:00:00,9.4,
2024-06-02 10:15:00,9.4,
2024-06-02 10:30:00,9.42,
2024-06-02 10:45:00,9.44,
2024-06-02 11:00:00,9.46,
2024-06-02 11:15:00,9.47,
2024-06-02 11:30:00,9.45,
2024-06-02 11:45:00,9.45,
2024-06-02 12:00:00,9.45,
2024-06-02 12:15:00,9.46,
2024-06-02 12:30:00,9.45,
2024-06-02 12:45:00,9.43,
2024-06-02 13:00:00,9.39,
2024-06-02 13:15:00,9.33,
2024-06-02 13:30:00,9.29,
2024-06-02 13:45:00,9.26,
2024-06-02 14:00:00,9.24,
2024-06-02 14:15:00,9.24,
2024-06-02 14:30:00,9.24,
2024-06-02 14:45:00,9.21,
2024-06-02 15:00:00,9.18,
2024-06-02 15:15:00,9.15,
2024-06-02 15:30:00,9.12,
2024-06-02 15:45:00,9.1,
2024-06-02 16:00:00,9.09,
2024-06-02 16:15:00,9.08,
2024-06-02 16:30:00,9.08,
2024-06-02 16:45:00,9.06,
2024-06-02 17:00:00,9.06,
2024-06-02 17:15:00,9.03,
2024-06-02 17:30:00,9.01,
2024-06-02 17:45:00,8.97,
2024-06-02 18:00:00,8.94,
2024-06-02 18:15:00,8.93,
2024-06-02 18:30:00,8.92,
2024-06-02 18:45:00,8.91,
2024-06-02 19:00:00,8.88,
2024-06-02 19:15:00,8.85,
2024-06-02 19:30:00,8.82,
2024-06-02 19:45:00,8.8,
2024-06-02 20:00:00,8.78,
2024-06-02 20:15:00,8.76,
2024-06-02 20:30:00,8.76,
2024-06-02 20:45:00,8.75,
2024-06-02 21:00:00,8.76,
2024-06-02 21:15:00,8.75,
2024-06-02 21:30:00,8.77,
2024-06-02 21:45:00,8.76,
2024-06-02 22:00:00,8.77,
2024-06-02 22:15:00,8.77,
2024-06-02 22:30:00,8.79,
2024-06-02 22:45:00,8.78,
2024-06-02 23:00:00,8.81,
2024-06-02 23:15:00,8.79,
2024-06-02 23:30:00,8.81,
2024-06-02 23:45:00,8.83,
2024-06-03 00:00:00,8.84,
2024-06-03 00:15:00,8.83,
2024-06-03 00:30:00,8.86,
2024-06-03 00:45:00,8.86,
2024-06-03 01:00:00,8.88,
2024-06-03 01:15:00,8.87,
2024-06-03 01:30:00,8.89,
2024-06-03 01:45:00,8.91,
2024-06-03 02:00:00,8.91,
2024-06-03 02:15:00,8.92,
2024-06-03 02:30:00,8.92,
2024-06-03 02:45:00,8.93,
2024-06-03 03:00:00,8.95,
2024-06-03 03:15:00,8.96,
2024-06-03 03:30:00,8.96,
2024-06-03 03:45:00,8.97,
2024-06-03 04:00:00,8.98,
2024-06-03 04:15:00,8.98,
2024-06-03 04:30:00,8.99,
2024-06-03 04:45:00,8.99,
2024-06-03 05:00:00,9.0,
2024-06-03 05:15:00,9.01,
2024-06-03 05:30:00,9.03,
2024-06-03 05:45:00,9.04,
2024-06-03 06:00:00,9.05,
2024-06-03 06:15:00,9.08,
2024-06-03 06:30:00,9.11,
2024-06-03 06:45:00,9.12,
2024-06-03 07:00:00,9.15,
2024-06-03 07:15:00,9.19,
2024-06-03 07:30:00,9.22,
2024-06-03 07:45:00,9.27,
2024-06-03 08:00:00,9.29,
2024-06-03 08:15:00,9.31,
2024-06-03 08:30:00,9.33,
2024-06-03 08:45:00,9.34,
2024-06-03 09:00:00,9.35,
2024-06-03 09:15:00,9.4,
2024-06-03 09:30:00,9.43,
2024-06-03 09:45:00,9.43,
2024-06-03 10:00:00,9.42,
2024-06-03 10:15:00,9.42,
2024-06-03 10:30:00,9.42,
2024-06-03 10:45:00,9.43,
2024-06-03 11:00:00,9.46,
2024-06-03 11:15:00,9.48,
2024-06-03 11:30:00,9.48,
2024-06-03 11:45:00,9.48,
2024-06-03 12:00:00,9.48,
2024-06-03 12:15:00,9.5,
2024-06-03 12:30:00,9.52,
2024-06-03 12:45:00,9.53,
2024-06-03 13:00:00,9.52,
2024-06-03 13:15:00,9.48,
2024-06-03 13:30:00,9.43,
2024-06-03 13:45:00,9.39,
2024-06-03 14:00:00,9.35,
2024-06-03 14:15:00,9.32,
2024-06-03 14:30:00,9.29,
2024-06-03 14:45:00,9.26,
2024-06-03 15:00:00,9.25,
2024-06-03 15:15:00,9.24,
2024-06-03 15:30:00,9.25,
2024-06-03 15:45:00,9.26,
2024-06-03 16:00:00,9.26,
2024-06-03 16:15:00,9.26,
2024-06-03 16:30:00,9.3,
2024-06-03 16:45:00,9.32,
2024-06-03 17:00:00,9.34,
2024-06-03 17:15:00,9.35,
2024-06-03 17:30:00,9.33,
2024-06-03 17:45:00,9.32,
2024-06-03 18:00:00,9.29,
2024-06-03 18:15:00,9.26,
2024-06-03 18:30:00,9.23,
2024-06-03 18:45:00,9.2,
2024-06-03 19:00:00,9.17,
2024-06-03 19:15:00,9.14,
2024-06-03 19:30:00,9.11,
2024-06-03 19:45:00,9.09,
2024-06-03 20:00:00,9.07,
2024-06-03 20:15:00,9.04,
2024-06-03 20:30:00,9.02,
2024-06-03 20:45:00,9.01,
2024-06-03 21:00:00,8.98,
2024-06-03 21:15:00,8.97,
2024-06-03 21:30:00,8.95,
2024-06-03 21:45:00,8.95,
2024-06-03 22:00:00,8.94,
2024-06-03 22:15:00,8.94,
2024-06-03 22:30:00,8.93,
2024-06-03 22:45:00,8.93,
2024-06-03 23:00:00,8.92,
2024-06-03 23:15:00,8.92,
2024-06-03 23:30:00,8.91,
2024-06-03 23:45:00,8.91,
2024-06-04 00:00:00,8.92,
2024-06-04 00:15:00,8.91,
2024-06-04 00:30:00,8.88,
2024-06-04 00:45:00,8.87,
2024-06-04 01:00:00,8.9,
2024-06-04 01:15:00,8.91,
2024-06-04 01:30:00,8.92,
2024-06-04 01:45:00,8.93,
2024-06-04 02:00:00,8.95,
2024-06-04 02:15:00,8.95,
2024-06-04 02:30:00,8.96,
2024-06-04 02:45:00,8.98,
2024-06-04 03:00:00,8.98,
2024-06-04 03:15:00,8.98,
2024-06-04 03:30:00,9.0,
2024-06-04 03:45:00,9.01,
2024-06-04 04:00:00,9.01,
2024-06-04 04:15:00,9.02,
2024-06-04 04:30:00,9.02,
2024-06-04 04:45:00,9.03,
2024-06-04 05:00:00,9.05,
2024-06-04 05:15:00,9.06,
2024-06-04 05:30:00,9.08,
2024-06-04 05:45:00,9.1,
2024-06-04 06:00:00,9.11,
2024-06-04 06:15:00,9.13,
2024-06-04 06:30:00,9.16,
2024-06-04 06:45:00,9.18,
2024-06-04 07:00:00,9.22,
2024-06-04 07:15:00,9.25,
2024-06-04 07:30:00,9.28,
2024-06-04 07:45:00,9.29,
2024-06-04 08:00:00,9.33,
2024-06-04 08:15:00,9.37,
2024-06-04 08:30:00,9.4,
2024-06-04 08:45:00,9.42,
2024-06-04 09:00:00,9.41,
2024-06-04 09:15:00,9.44,
2024-06-04 09:30:00,9.5,
2024-06-04 09:45:00,9.52,
2024-06-04 10:00:00,9.54,
2024-06-04 10:15:00,9.54,
2024-06-04 10:30:00,9.55,
2024-06-04 10:45:00,9.55,
2024-06-04 11:00:00,9.53,
2024-06-04 11:15:00,9.52,
2024-06-04 11:30:00,9.51,
2024-06-04 11:45:00,9.52,
2024-06-04 12:00:00,9.48,
2024-06-04 12:15:00,9.45,
2024-06-04 12:30:00,9.43,
2024-06-04 12:45:00,9.4,
2024-06-04 13:00:00,9.37,
2024-06-04 13:15:00,9.3,
2024-06-04 13:30:00,9.24,
2024-06-04 13:45:00,9.21,
2024-06-04 14:00:00,9.19,
2024-06-04 14:15:00,9.15,
2024-06-04 14:30:00,9.13,
2024-06-04 14:45:00,9.11,
2024-06-04 15:00:00,9.08,
2024-06-04 15:15:00,9.03,
2024-06-04 15:30:00,9.02,
2024-06-04 15:45:00,9.0,
2024-06-04 16:00:00,8.96,
2024-06-04 16:15:00,8.93,
2024-06-04 16:30:00,8.89,
2024-06-04 16:45:00,8.86,
2024-06-04 17:00:00,8.83,
2024-06-04 17:15:00,8.8,
2024-06-04 17:30:00,8.77,
2024-06-04 17:45:00,8.75,
2024-06-04 18:00:00,8.71,
2024-06-04 18:15:00,8.69,
2024-06-04 18:30:00,8.66,
2024-06-04 18:45:00,8.65,
2024-06-04 19:00:00,8.63,
2024-06-04 19:15:00,8.62,
2024-06-04 19:30:00,8.61,
2024-06-04 19:45:00,8.59,
2024-06-04 20:00:00,8.57,
2024-06-04 20:15:00,8.56,
2024-06-04 20:30:00,8.55,
2024-06-04 20:45:00,8.54,
2024-06-04 21:00:00,8.55,
2024-06-04 21:15:00,8.56,
2024-06-04 21:30:00,8.57,
2024-06-04 21:45:00,8.58,
2024-06-04 22:00:00,8.6,
2024-06-04 22:15:00,8.62,
2024-06-04 22:30:00,8.63,
2024-06-04 22:45:00,8.65,
2024-06-04 23:00:00,8.66,
2024-06-04 23:15:00,8.68,
2024-06-04 23:30:00,8.69,
2024-06-04 23:45:00,8.71,
2024-06-05 00:00:00,8.71,
2024-06-05 00:15:00,8.72,
2024-06-05 00:30:00,8.73,
2024-06-05 00:45:00,8.74,
2024-06-05 01:00:00,8.76,
2024-06-05 01:15:00,8.76,
2024-06-05 01:30:00,8.76,
2024-06-05 01:45:00,8.79,
2024-06-05 02:00:00,8.8,
2024-06-05 02:15:00,8.81,
2024-06-05 02:30:00,8.82,
2024-06-05 02:45:00,8.81,
2024-06-05 03:00:00,8.84,
2024-06-05 03:15:00,8.83,
2024-06-05 03:30:00,8.86,
2024-06-05 03:45:00,8.86,
2024-06-05 04:00:00,8.87,
2024-06-05 04:15:00,8.88,
2024-06-05 04:30:00,8.89,
2024-06-05 04:45:00,8.91,
2024-06-05 05:00:00,8.93,
2024-06-05 05:15:00,8.94,
2024-06-05 05:30:00,8.96,
2024-06-05 05:45:00,8.98,
2024-06-05 06:00:00,9.0,
2024-06-05 06:15:00,9.04,
2024-06-05 06:30:00,9.06,
2024-06-05 06:45:00,9.1,
2024-06-05 07:00:00,9.13,
2024-06-05 07:15:00,9.17,
2024-06-05 07:30:00,9.2,
2024-06-05 07:45:00,9.24,
2024-06-05 08:00:00,9.27,
2024-06-05 08:15:00,9.29,
2024-06-05 08:30:00,9.32,
2024-06-05 08:45:00,9.35,
2024-06-05 09:00:00,9.36,
2024-06-05 09:15:00,9.38,
2024-06-05 09:30:00,9.41,
2024-06-05 09:45:00,9.42,
2024-06-05 10:00:00,9.43,
2024-06-05 10:15:00,9.43,
2024-06-05 10:30:00,9.43,
2024-06-05 10:45:00,9.43,
2024-06-05 11:00:00,9.42,
2024-06-05 11:15:00,9.43,
2024-06-05 11:30:00,9.41,
2024-06-05 11:45:00,9.4,
2024-06-05 12:00:00,9.38,
2024-06-05 12:15:00,9.35,
2024-06-05 12:30:00,9.33,
2024-06-05 12:45:00,9.3,
2024-06-05 13:00:00,9.26,
2024-06-05 13:15:00,9.23,
2024-06-05 13:30:00,9.19,
2024-06-05 13:45:00,9.14,
2024-06-05 14:00:00,9.1,
2024-06-05 14:15:00,9.08,
2024-06-05 14:30:00,9.03,
2024-06-05 14:45:00,8.99,
2024-06-05 15:00:00,8.97,
2024-06-05 15:15:00,8.94,
2024-06-05 15:30:00,8.89,
2024-06-05 15:45:00,8.85,
2024-06-05 16:00:00,8.81,
2024-06-05 16:15:00,8.77,
2024-06-05 16:30:00,8.77,
2024-06-05 16:45:00,8.73,
2024-06-05 17:00:00,8.7,
2024-06-05 17:15:00,8.67,
2024-06-05 17:30:00,8.64,
2024-06-05 17:45:00,8.61,
2024-06-05 18:00:00,8.54,
2024-06-05 18:15:00,8.54,
2024-06-05 18:30:00,8.52,
2024-06-05 18:45:00,8.5,
2024-06-05 19:00:00,8.49,
2024-06-05 19:15:00,8.49,
2024-06-05 19:30:00,8.46,
2024-06-05 19:45:00,8.47,
2024-06-05 20:00:00,8.45,
2024-06-05 20:15:00,8.44,
2024-06-05 20:30:00,8.42,
2024-06-05 20:45:00,8.43,
2024-06-05 21:00:00,8.42,
2024-06-05 21:15:00,8.43,
2024-06-05 21:30:00,8.45,
2024-06-05 21:45:00,8.45,
2024-06-05 22:00:00,8.47,
2024-06-05 22:15:00,8.48,
2024-06-05 22:30:00,8.49,
2024-06-05 22:45:00,8.5,
2024-06-05 23:00:00,8.52,
2024-06-05 23:15:00,8.53,
2024-06-05 23:30:00,8.54,
2024-06-05 23:45:00,8.55,
2024-06-06 00:00:00,8.56,
2024-06-06 00:15:00,8.58,
2024-06-06 00:30:00,8.58,
2024-06-06 00:45:00,8.6,
2024-06-06 01:00:00,8.6,
2024-06-06 01:15:00,8.61,
2024-06-06 01:30:00,8.62,
2024-06-06 01:45:00,8.63,
2024-06-06 02:00:00,8.64,
2024-06-06 02:15:00,8.64,
2024-06-06 02:30:00,8.65,
2024-06-06 02:45:00,8.66,
2024-06-06 03:00:00,8.67,
2024-06-06 03:15:00,8.68,
2024-06-06 03:30:00,8.68,
2024-06-06 03:45:00,8.69,
2024-06-06 04:00:00,8.7,
2024-06-06 04:15:00,8.71,
2024-06-06 04:30:00,8.73,
2024-06-06 04:45:00,8.73,
2024-06-06 05:00:00,8.76,
2024-06-06 05:15:00,8.77,
2024-06-06 05:30:00,8.77,
2024-06-06 05:45:00,8.8,
2024-06-06 06:00:00,8.83,
2024-06-06 06:15:00,8.87,
2024-06-06 06:30:00,8.87,
2024-06-06 06:45:00,8.93,
2024-06-06 07:00:00,8.95,
2024-06-06 07:15:00,8.99,
2024-06-06 07:30:00,9.03,
2024-06-06 07:45:00,9.05,
2024-06-06 08:00:00,9.07,
2024-06-06 08:15:00,9.11,
2024-06-06 08:30:00,9.15,
2024-06-06 08:45:00,9.19,
2024-06-06 09:00:00,9.2,
2024-06-06 09:15:00,9.21,
2024-06-06 09:30:00,9.25,
2024-06-06 09:45:00,9.26,
2024-06-06 10:00:00,9.28,
2024-06-06 10:15:00,9.28,
2024-06-06 10:30:00,9.29,
2024-06-06 10:45:00,9.29,
2024-06-06 11:00:00,9.29,
2024-06-06 11:15:00,9.29,
2024-06-06 11:30:00,9.27,
2024-06-06 11:45:00,9.26,
2024-06-06 12:00:00,9.23,
2024-06-06 12:15:00,9.21,
2024-06-06 12:30:00,9.19,
2024-06-06 12:45:00,9.16,
2024-06-06 13:00:00,9.11,
2024-06-06 13:15:00,9.08,
2024-06-06 13:30:00,9.03,
2024-06-06 13:45:00,8.99,
2024-06-06 14:00:00,8.95,
2024-06-06 14:15:00,8.91,
2024-06-06 14:30:00,8.88,
2024-06-06 14:45:00,8.85,
2024-06-06 15:00:00,8.81,
2024-06-06 15:15:00,8.78,
2024-06-06 15:30:00,8.74,
2024-06-06 15:45:00,8.69,
2024-06-06 16:00:00,8.67,
2024-06-06 16:15:00,8.62,
2024-06-06 16:30:00,8.59,
2024-06-06 16:45:00,8.57,
2024-06-06 17:00:00,8.54,
2024-06-06 17:15:00,8.51,
2024-06-06 17:30:00,8.47,
2024-06-06 17:45:00,8.44,
2024-06-06 18:00:00,8.42,
2024-06-06 18:15:00,8.41,
2024-06-06 18:30:00,8.37,
2024-06-06 18:45:00,8.36,
2024-06-06 19:00:00,8.34,
2024-06-06 19:15:00,8.32,
2024-06-06 19:30:00,8.3,
2024-06-06 19:45:00,8.29,
2024-06-06 20:00:00,8.27,
2024-06-06 20:15:00,8.26,
2024-06-06 20:30:00,8.25,
2024-06-06 20:45:00,8.24,
2024-06-06 21:00:00,8.24,
2024-06-06 21:15:00,8.25,
2024-06-06 21:30:00,8.25,
2024-06-06 21:45:00,8.27,
2024-06-06 22:00:00,8.25,
2024-06-06 22:15:00,8.25,
2024-06-06 22:30:00,8.25,
2024-06-06 22:45:00,8.26,
2024-06-06 23:00:00,8.26,
2024-06-06 23:15:00,8.27,
2024-06-06 23:30:00,8.28,
2024-06-06 23:45:00,8.3,
2024-06-07 00:00:00,8.3,
2024-06-07 00:15:00,8.32,
2024-06-07 00:30:00,8.33,
2024-06-07 00:45:00,8.34,
2024-06-07 01:00:00,8.36,
2024-06-07 01:15:00,8.37,
2024-06-07 01:30:00,8.37,
2024-06-07 01:45:00,8.37,
2024-06-07 02:00:00,8.37,
2024-06-07 02:15:00,8.37,
2024-06-07 02:30:00,8.38,
2024-06-07 02:45:00,8.4,
2024-06-07 03:00:00,8.4,
2024-06-07 03:15:00,8.4,
2024-06-07 03:30:00,8.4,
2024-06-07 03:45:00,8.4,
2024-06-07 04:00:00,8.39,
2024-06-07 04:15:00,8.39,
2024-06-07 04:30:00,8.39,
2024-06-07 04:45:00,8.4,
2024-06-07 05:00:00,8.42,
2024-06-07 05:15:00,8.41,
2024-06-07 05:30:00,8.43,
2024-06-07 05:45:00,8.44,
2024-06-07 06:00:00,8.48,
2024-06-07 06:15:00,8.51,
2024-06-07 06:30:00,8.54,
2024-06-07 06:45:00,8.56,
2024-06-07 07:00:00,8.6,
2024-06-07 07:15:00,8.63,
2024-06-07 07:30:00,8.65,
2024-06-07 07:45:00,8.67,
2024-06-07 08:00:00,8.69,
2024-06-07 08:15:00,8.72,
2024-06-07 08:30:00,8.77,
2024-06-07 08:45:00,8.79,
2024-06-07 09:00:00,8.82,
2024-06-07 09:15:00,8.85,
2024-06-07 09:30:00,8.87,
2024-06-07 09:45:00,8.91,
2024-06-07 10:00:00,8.93,
2024-06-07 10:15:00,8.96,
2024-06-07 10:30:00,8.96,
2024-06-07 10:45:00,8.98,
2024-06-07 11:00:00,8.96,
2024-06-07 11:15:00,8.95,
2024-06-07 11:30:00,8.95,
2024-06-07 11:45:00,8.96,
2024-06-07 12:00:00,8.94,
2024-06-07 12:15:00,8.91,
2024-06-07 12:30:00,8.9,
2024-06-07 12:45:00,8.87,
2024-06-07 13:00:00,8.84,
2024-06-07 13:15:00,8.8,
2024-06-07 13:30:00,8.76,
2024-06-07 13:45:00,8.72,
2024-06-07 14:00:00,8.7,
2024-06-07 14:15:00,8.67,
2024-06-07 14:30:00,8.64,
2024-06-07 14:45:00,8.6,
2024-06-07 15:00:00,8.57,
2024-06-07 15:15:00,8.55,
2024-06-07 15:30:00,8.52,
2024-06-07 15:45:00,8.5,
2024-06-07 16:00:00,8.47,
2024-06-07 16:15:00,8.45,
2024-06-07 16:30:00,8.41,
2024-06-07 16:45:00,8.39,
2024-06-07 17:00:00,8.38,
2024-06-07 17:15:00,8.34,
2024-06-07 17:30:00,8.29,
2024-06-07 17:45:00,8.28,
2024-06-07 18:00:00,8.22,
2024-06-07 18:15:00,8.2,
2024-06-07 18:30:00,8.18,
2024-06-07 18:45:00,8.17,
2024-06-07 19:00:00,8.17,
2024-06-07 19:15:00,8.17,
2024-06-07 19:30:00,8.17,
2024-06-07 19:45:00,8.15,
2024-06-07 20:00:00,8.15,
2024-06-07 20:15:00,8.15,
2024-06-07 20:30:00,8.15,
2024-06-07 20:45:00,8.14,
2024-06-07 21:00:00,8.13,
2024-06-07 21:15:00,8.14,
2024-06-07 21:30:00,8.14,
2024-06-07 21:45:00,8.14,
2024-06-07 22:00:00,8.15,
2024-06-07 22:15:00,8.15,
2024-06-07 22:30:00,8.18,
2024-06-07 22:45:00,8.19,
2024-06-07 23:00:00,8.2,
2024-06-07 23:15:00,8.21,
2024-06-07 23:30:00,8.22,
2024-06-07 23:45:00,8.23,
2024-06-08 00:00:00,8.24,
2024-06-08 00:15:00,8.26,
2024-06-08 00:30:00,8.27,
2024-06-08 00:45:00,8.27,
2024-06-08 01:00:00,8.28,
2024-06-08 01:15:00,8.29,
2024-06-08 01:30:00,8.3,
2024-06-08 01:45:00,8.31,
2024-06-08 02:00:00,8.32,
2024-06-08 02:15:00,8.33,
2024-06-08 02:30:00,8.33,
2024-06-08 02:45:00,8.34,
2024-06-08 03:00:00,8.35,
2024-06-08 03:15:00,8.36,
2024-06-08 03:30:00,8.36,
2024-06-08 03:45:00,8.37,
2024-06-08 04:00:00,8.37,
2024-06-08 04:15:00,8.38,
2024-06-08 04:30:00,8.39,
2024-06-08 04:45:00,8.39,
2024-06-08 05:00:00,8.4,
2024-06-08 05:15:00,8.41,
2024-06-08 05:30:00,8.43,
2024-06-08 05:45:00,8.44,
2024-06-08 06:00:00,8.46,
2024-06-08 06:15:00,8.48,
2024-06-08 06:30:00,8.51,
2024-06-08 06:45:00,8.55,
2024-06-08 07:00:00,8.59,
2024-06-08 07:15:00,8.62,
2024-06-08 07:30:00,8.66,
2024-06-08 07:45:00,8.69,
2024-06-08 08:00:00,8.73,
2024-06-08 08:15:00,8.74,
2024-06-08 08:30:00,8.78,
2024-06-08 08:45:00,8.8,
2024-06-08 09:00:00,8.83,
2024-06-08 09:15:00,8.86,
2024-06-08 09:30:00,8.87,
2024-06-08 09:45:00,8.88,
2024-06-08 10:00:00,8.9,
2024-06-08 10:15:00,8.92,
2024-06-08 10:30:00,8.93,
2024-06-08 10:45:00,8.95,
2024-06-08 11:00:00,8.94,
2024-06-08 11:15:00,8.95,
2024-06-08 11:30:00,8.95,
2024-06-08 11:45:00,8.93,
2024-06-08 12:00:00,8.9,
2024-06-08 12:15:00,8.87,
2024-06-08 12:30:00,8.85,
2024-06-08 12:45:00,8.83,
2024-06-08 13:00:00,8.79,
2024-06-08 13:15:00,8.77,
2024-06-08 13:30:00,8.75,
2024-06-08 13:45:00,8.72,
2024-06-08 14:00:00,8.68,
2024-06-08 14:15:00,8.63,
2024-06-08 14:30:00,8.6,
2024-06-08 14:45:00,8.58,
2024-06-08 15:00:00,8.56,
2024-06-08 15:15:00,8.51,
2024-06-08 15:30:00,8.49,
2024-06-08 15:45:00,8.45,
2024-06-08 16:00:00,8.43,
2024-06-08 16:15:00,8.39,
2024-06-08 16:30:00,8.35,
2024-06-08 16:45:00,8.3,
2024-06-08 17:00:00,8.29,
2024-06-08 17:15:00,8.25,
2024-06-08 17:30:00,8.26,
2024-06-08 17:45:00,8.25,
2024-06-08 18:00:00,8.23,
2024-06-08 18:15:00,8.21,
2024-06-08 18:30:00,8.2,
2024-06-08 18:45:00,8.18,
2024-06-08 19:00:00,8.15,
2024-06-08 19:15:00,8.13,
2024-06-08 19:30:00,8.13,
2024-06-08 19:45:00,8.11,
2024-06-08 20:00:00,8.1,
2024-06-08 20:15:00,8.09,
2024-06-08 20:30:00,8.07,
2024-06-08 20:45:00,8.06,
2024-06-08 21:00:00,8.06,
2024-06-08 21:15:00,8.07,
2024-06-08 21:30:00,8.07,
2024-06-08 21:45:00,8.08,
2024-06-08 22:00:00,8.1,
2024-06-08 22:15:00,8.1,
2024-06-08 22:30:00,8.12,
2024-06-08 22:45:00,8.12,
2024-06-08 23:00:00,8.14,
2024-06-08 23:15:00,8.15,
2024-06-08 23:30:00,8.17,
2024-06-08 23:45:00,8.18,
2024-06-09 00:00:00,8.19,
2024-06-09 00:15:00,8.21,
2024-06-09 00:30:00,8.21,
2024-06-09 00:45:00,8.24,
2024-06-09 01:00:00,8.25,
2024-06-09 01:15:00,8.26,
2024-06-09 01:30:00,8.27,
2024-06-09 01:45:00,8.28,
2024-06-09 02:00:00,8.28,
2024-06-09 02:15:00,8.31,
2024-06-09 02:30:00,8.31,
2024-06-09 02:45:00,8.33,
2024-06-09 03:00:00,8.34,
2024-06-09 03:15:00,8.35,
2024-06-09 03:30:00,8.36,
2024-06-09 03:45:00,8.37,
2024-06-09 04:00:00,8.39,
2024-06-09 04:15:00,8.4,
2024-06-09 04:30:00,8.41,
2024-06-09 04:45:00,8.42,
2024-06-09 05:00:00,8.44,
2024-06-09 05:15:00,8.46,
2024-06-09 05:30:00,8.47,
2024-06-09 05:45:00,8.5,
2024-06-09 06:00:00,8.51,
2024-06-09 06:15:00,8.53,
2024-06-09 06:30:00,8.53,
2024-06-09 06:45:00,8.58,
2024-06-09 07:00:00,8.62,
2024-06-09 07:15:00,8.67,
2024-06-09 07:30:00,8.69,
2024-06-09 07:45:00,8.71,
2024-06-09 08:00:00,8.76,
2024-06-09 08:15:00,8.78,
2024-06-09 08:30:00,8.81,
2024-06-09 08:45:00,8.84,
2024-06-09 09:00:00,8.87,
2024-06-09 09:15:00,8.87,
2024-06-09 09:30:00,8.87,
2024-06-09 09:45:00,8.88,
2024-06-09 10:00:00,8.93,
2024-06-09 10:15:00,8.96,
2024-06-09 10:30:00,8.96,
2024-06-09 10:45:00,8.97,
2024-06-09 11:00:00,9.0,
2024-06-09 11:15:00,9.03,
2024-06-09 11:30:00,9.04,
2024-06-09 11:45:00,9.05,
2024-06-09 12:00:00,9.07,
2024-06-09 12:15:00,9.08,
2024-06-09 12:30:00,9.09,
2024-06-09 12:45:00,9.11,
2024-06-09 13:00:00,9.11,
2024-06-09 13:15:00,9.11,
2024-06-09 13:30:00,9.08,
2024-06-09 13:45:00,9.04,
2024-06-09 14:00:00,8.99,
2024-06-09 14:15:00,8.95,
2024-06-09 14:30:00,8.89,
2024-06-09 14:45:00,8.84,
2024-06-09 15:00:00,8.79,
2024-06-09 15:15:00,8.73,
2024-06-09 15:30:00,8.69,
2024-06-09 15:45:00,8.67,
2024-06-09 16:00:00,8.63,
2024-06-09 16:15:00,8.59,
2024-06-09 16:30:00,8.55,
2024-06-09 16:45:00,8.52,
2024-06-09 17:00:00,8.49,
2024-06-09 17:15:00,8.46,
2024-06-09 17:30:00,8.43,
2024-06-09 17:45:00,8.4,
2024-06-09 18:00:00,8.39,
2024-06-09 18:15:00,8.37,
2024-06-09 18:30:00,8.35,
2024-06-09 18:45:00,8.32,
2024-06-09 19:00:00,8.3,
2024-06-09 19:15:00,8.26,
2024-06-09 19:30:00,8.22,
2024-06-09 19:45:00,8.17,
2024-06-09 20:00:00,8.16,
2024-06-09 20:15:00,8.14,
2024-06-09 20:30:00,8.13,
2024-06-09 20:45:00,8.13,
2024-06-09 21:00:00,8.14,
2024-06-09 21:15:00,8.17,
2024-06-09 21:30:00,8.18,
2024-06-09 21:45:00,8.21,
2024-06-09 22:00:00,8.23,
2024-06-09 22:15:00,8.26,
2024-06-09 22:30:00,8.27,
2024-06-09 22:45:00,8.29,
2024-06-09 23:00:00,8.31,
2024-06-09 23:15:00,8.33,
2024-06-09 23:30:00,8.35,
2024-06-09 23:45:00,8.36,
2024-06-10 00:00:00,8.37,
2024-06-10 00:15:00,8.39,
2024-06-10 00:30:00,8.41,
2024-06-10 00:45:00,8.41,
2024-06-10 01:00:00,8.43,
2024-06-10 01:15:00,8.45,
2024-06-10 01:30:00,8.46,
2024-06-10 01:45:00,8.48,
2024-06-10 02:00:00,8.48,
2024-06-10 02:15:00,8.49,
2024-06-10 02:30:00,8.5,
2024-06-10 02:45:00,8.51,
2024-06-10 03:00:00,8.51,
2024-06-10 03:15:00,8.53,
2024-06-10 03:30:00,8.54,
2024-06-10 03:45:00,8.54,
2024-06-10 04:00:00,8.55,
2024-06-10 04:15:00,8.57,
2024-06-10 04:30:00,8.58,
2024-06-10 04:45:00,8.58,
2024-06-10 05:00:00,8.59,
2024-06-10 05:15:00,8.61,
2024-06-10 05:30:00,8.62,
2024-06-10 05:45:00,8.65,
2024-06-10 06:00:00,8.67,
2024-06-10 06:15:00,8.69,
2024-06-10 06:30:00,8.73,
2024-06-10 06:45:00,8.77,
2024-06-10 07:00:00,8.81,
2024-06-10 07:15:00,8.86,
2024-06-10 07:30:00,8.88,
2024-06-10 07:45:00,8.91,
2024-06-10 08:00:00,8.94,
2024-06-10 08:15:00,8.97,
2024-06-10 08:30:00,8.98,
2024-06-10 08:45:00,9.01,
2024-06-10 09:00:00,9.01,
2024-06-10 09:15:00,9.03,
2024-06-10 09:30:00,9.04,
2024-06-10 09:45:00,9.06,
2024-06-10 10:00:00,9.06,
2024-06-10 10:15:00,9.05,
2024-06-10 10:30:00,9.06,
2024-06-10 10:45:00,9.06,
2024-06-10 11:00:00,9.06,
2024-06-10 11:15:00,9.04,
2024-06-10 11:30:00,9.05,
2024-06-10 11:45:00,9.03,
2024-06-10 12:00:00,9.01,
2024-06-10 12:15:00,8.99,
2024-06-10 12:30:00,8.96,
2024-06-10 12:45:00,8.94,
2024-06-10 13:00:00,8.9,
2024-06-10 13:15:00,8.87,
2024-06-10 13:30:00,8.84,
2024-06-10 13:45:00,8.81,
2024-06-10 14:00:00,8.77,
2024-06-10 14:15:00,8.73,
2024-06-10 14:30:00,8.7,
2024-06-10 14:45:00,8.67,
2024-06-10 15:00:00,8.65,
2024-06-10 15:15:00,8.61,
2024-06-10 15:30:00,8.53,
2024-06-10 15:45:00,8.53,
2024-06-10 16:00:00,8.51,
2024-06-10 16:15:00,8.47,
2024-06-10 16:30:00,8.44,
2024-06-10 16:45:00,8.41,
2024-06-10 17:00:00,8.38,
2024-06-10 17:15:00,8.36,
2024-06-10 17:30:00,8.33,
2024-06-10 17:45:00,8.31,
2024-06-10 18:00:00,8.29,
2024-06-10 18:15:00,8.27,
2024-06-10 18:30:00,8.26,
2024-06-10 18:45:00,8.24,
2024-06-10 19:00:00,8.22,
2024-06-10 19:15:00,8.21,
2024-06-10 19:30:00,8.19,
2024-06-10 19:45:00,8.18,
2024-06-10 20:00:00,8.17,
2024-06-10 20:15:00,8.15,
2024-06-10 20:30:00,8.14,
2024-06-10 20:45:00,8.13,
2024-06-10 21:00:00,8.13,
2024-06-10 21:15:00,8.14,
2024-06-10 21:30:00,8.15,
2024-06-10 21:45:00,8.15,
2024-06-10 22:00:00,8.18,
2024-06-10 22:15:00,8.19,
2024-06-10 22:30:00,8.21,
2024-06-10 22:45:00,8.22,
2024-06-10 23:00:00,8.23,
2024-06-10 23:15:00,8.25,
2024-06-10 23:30:00,8.27,
2024-06-10 23:45:00,8.29,
2024-06-11 00:00:00,8.31,
2024-06-11 00:15:00,8.33,
2024-06-11 00:30:00,8.35,
2024-06-11 00:45:00,8.36,
2024-06-11 01:00:00,8.37,
2024-06-11 01:15:00,8.39,
2024-06-11 01:30:00,8.4,
2024-06-11 01:45:00,8.41,
2024-06-11 02:00:00,8.42,
2024-06-11 02:15:00,8.44,
2024-06-11 02:30:00,8.46,
2024-06-11 02:45:00,8.46,
2024-06-11 03:00:00,8.48,
2024-06-11 03:15:00,8.49,
2024-06-11 03:30:00,8.51,
2024-06-11 03:45:00,8.52,
2024-06-11 04:00:00,8.54,
2024-06-11 04:15:00,8.54,
2024-06-11 04:30:00,8.56,
2024-06-11 04:45:00,8.57,
2024-06-11 05:00:00,8.59,
2024-06-11 05:15:00,8.61,
2024-06-11 05:30:00,8.63,
2024-06-11 05:45:00,8.66,
2024-06-11 06:00:00,8.69,
2024-06-11 06:15:00,8.71,
2024-06-11 06:30:00,8.75,
2024-06-11 06:45:00,8.78,
2024-06-11 07:00:00,8.82,
2024-06-11 07:15:00,8.86,
2024-06-11 07:30:00,8.89,
2024-06-11 07:45:00,8.92,
2024-06-11 08:00:00,8.94,
2024-06-11 08:15:00,8.96,
2024-06-11 08:30:00,8.99,
2024-06-11 08:45:00,9.02,
2024-06-11 09:00:00,9.03,
2024-06-11 09:15:00,9.04,
2024-06-11 09:30:00,9.06,
2024-06-11 09:45:00,9.09,
2024-06-11 10:00:00,9.1,
2024-06-11 10:15:00,9.11,
2024-06-11 10:30:00,9.11,
2024-06-11 10:45:00,9.12,
2024-06-11 11:00:00,9.12,
2024-06-11 11:15:00,9.12,
2024-06-11 11:30:00,9.11,
2024-06-11 11:45:00,9.1,
2024-06-11 12:00:00,9.07,
2024-06-11 12:15:00,9.05,
2024-06-11 12:30:00,9.0,
2024-06-11 12:45:00,8.98,
2024-06-11 13:00:00,8.95,
2024-06-11 13:15:00,8.92,
2024-06-11 13:30:00,8.88,
2024-06-11 13:45:00,8.84,
2024-06-11 14:00:00,8.81,
2024-06-11 14:15:00,8.77,
2024-06-11 14:30:00,8.72,
2024-06-11 14:45:00,8.69,
2024-06-11 15:00:00,8.65,
2024-06-11 15:15:00,8.61,
2024-06-11 15:30:00,8.59,
2024-06-11 15:45:00,8.55,
2024-06-11 16:00:00,8.52,
2024-06-11 16:15:00,8.49,
2024-06-11 16:30:00,8.45,
2024-06-11 16:45:00,8.43,
2024-06-11 17:00:00,8.4,
2024-06-11 17:15:00,8.37,
2024-06-11 17:30:00,8.35,
2024-06-11 17:45:00,8.31,
2024-06-11 18:00:00,8.29,
2024-06-11 18:15:00,8.27,
2024-06-11 18:30:00,8.26,
2024-06-11 18:45:00,8.24,
2024-06-11 19:00:00,8.23,
2024-06-11 19:15:00,8.22,
2024-06-11 19:30:00,8.2,
2024-06-11 19:45:00,8.19,
2024-06-11 20:00:00,8.18,
2024-06-11 20:15:00,8.16,
2024-06-11 20:30:00,8.15,
2024-06-11 20:45:00,8.14,
2024-06-11 21:00:00,8.14,
2024-06-11 21:15:00,8.14,
2024-06-11 21:30:00,8.14,
2024-06-11 21:45:00,8.16,
2024-06-11 22:00:00,8.16,
2024-06-11 22:15:00,8.17,
2024-06-11 22:30:00,8.19,
2024-06-11 22:45:00,8.2,
2024-06-11 23:00:00,8.22,
2024-06-11 23:15:00,8.24,
2024-06-11 23:30:00,8.25,
2024-06-11 23:45:00,8.27,
2024-06-12 00:00:00,8.27,
2024-06-12 00:15:00,8.3,
2024-06-12 00:30:00,8.31,
2024-06-12 00:45:00,8.32,
2024-06-12 01:00:00,8.33,
2024-06-12 01:15:00,8.35,
2024-06-12 01:30:00,8.36,
2024-06-12 01:45:00,8.37,
2024-06-12 02:00:00,8.38,
2024-06-12 02:15:00,8.4,
2024-06-12 02:30:00,8.41,
2024-06-12 02:45:00,8.43,
2024-06-12 03:00:00,8.44,
2024-06-12 03:15:00,8.45,
2024-06-12 03:30:00,8.46,
2024-06-12 03:45:00,8.48,
2024-06-12 04:00:00,8.49,
2024-06-12 04:15:00,8.5,
2024-06-12 04:30:00,8.51,
2024-06-12 04:45:00,8.53,
2024-06-12 05:00:00,8.54,
2024-06-12 05:15:00,8.56,
2024-06-12 05:30:00,8.58,
2024-06-12 05:45:00,8.6,
2024-06-12 06:00:00,8.63,
2024-06-12 06:15:00,8.66,
2024-06-12 06:30:00,8.69,
2024-06-12 06:45:00,8.73,
2024-06-12 07:00:00,8.76,
2024-06-12 07:15:00,8.79,
2024-06-12 07:30:00,8.83,
2024-06-12 07:45:00,8.86,
2024-06-12 08:00:00,8.88,
2024-06-12 08:15:00,8.9,
2024-06-12 08:30:00,8.94,
2024-06-12 08:45:00,8.96,
2024-06-12 09:00:00,8.98,
2024-06-12 09:15:00,9.0,
2024-06-12 09:30:00,9.02,
2024-06-12 09:45:00,9.03,
2024-06-12 10:00:00,9.04,
2024-06-12 10:15:00,9.05,
2024-06-12 10:30:00,9.06,
2024-06-12 10:45:00,9.07,
2024-06-12 11:00:00,9.06,
2024-06-12 11:15:00,9.07,
2024-06-12 11:30:00,9.06,
2024-06-12 11:45:00,9.05,
2024-06-12 12:00:00,9.03,
2024-06-12 12:15:00,9.0,
2024-06-12 12:30:00,8.88,
2024-06-12 12:45:00,8.63,
2024-06-12 13:00:00,8.67,
2024-06-12 13:15:00,8.69,
2024-06-12 13:30:00,8.67,
2024-06-12 13:45:00,8.67,
2024-06-12 14:00:00,8.65,
2024-06-12 14:15:00,8.63,
2024-06-12 14:30:00,8.59,
2024-06-12 14:45:00,8.55,
2024-06-12 15:00:00,8.53,
2024-06-12 15:15:00,8.52,
2024-06-12 15:30:00,8.49,
2024-06-12 15:45:00,8.46,
2024-06-12 16:00:00,8.45,
2024-06-12 16:15:00,8.43,
2024-06-12 16:30:00,8.43,
2024-06-12 16:45:00,8.43,
2024-06-12 17:00:00,8.43,
2024-06-12 17:15:00,8.43,
2024-06-12 17:30:00,8.4,
2024-06-12 17:45:00,8.36,
2024-06-12 18:00:00,8.31,
2024-06-12 18:15:00,8.28,
2024-06-12 18:30:00,8.26,
2024-06-12 18:45:00,8.22,
2024-06-12 19:00:00,8.19,
2024-06-12 19:15:00,8.16,
2024-06-12 19:30:00,8.13,
2024-06-12 19:45:00,8.09,
2024-06-12 20:00:00,8.07,
2024-06-12 20:15:00,8.05,
2024-06-12 20:30:00,8.02,
2024-06-12 20:45:00,8.02,
2024-06-12 21:00:00,8.02,
2024-06-12 21:15:00,8.03,
2024-06-12 21:30:00,8.03,
2024-06-12 21:45:00,8.05,
2024-06-12 22:00:00,8.07,
2024-06-12 22:15:00,8.08,
2024-06-12 22:30:00,8.11,
2024-06-12 22:45:00,8.12,
2024-06-12 23:00:00,8.14,
2024-06-12 23:15:00,8.16,
2024-06-12 23:30:00,8.18,
2024-06-12 23:45:00,8.18,
2024-06-13 00:00:00,8.2,
2024-06-13 00:15:00,8.2,
2024-06-13 00:30:00,8.21,
2024-06-13 00:45:00,8.22,
2024-06-13 01:00:00,8.22,
2024-06-13 01:15:00,8.23,
2024-06-13 01:30:00,8.24,
2024-06-13 01:45:00,8.24,
2024-06-13 02:00:00,8.25,
2024-06-13 02:15:00,8.26,
2024-06-13 02:30:00,8.26,
2024-06-13 02:45:00,8.27,
2024-06-13 03:00:00,8.28,
2024-06-13 03:15:00,8.29,
2024-06-13 03:30:00,8.31,
2024-06-13 03:45:00,8.32,
2024-06-13 04:00:00,8.32,
2024-06-13 04:15:00,8.33,
2024-06-13 04:30:00,8.34,
2024-06-13 04:45:00,8.36,
2024-06-13 05:00:00,8.38,
2024-06-13 05:15:00,8.39,
2024-06-13 05:30:00,8.41,
2024-06-13 05:45:00,8.43,
2024-06-13 06:00:00,8.46,
2024-06-13 06:15:00,8.48,
2024-06-13 06:30:00,8.51,
2024-06-13 06:45:00,8.55,
2024-06-13 07:00:00,8.58,
2024-06-13 07:15:00,8.61,
2024-06-13 07:30:00,8.64,
2024-06-13 07:45:00,8.67,
2024-06-13 08:00:00,8.71,
2024-06-13 08:15:00,8.73,
2024-06-13 08:30:00,8.75,
2024-06-13 08:45:00,8.78,
2024-06-13 09:00:00,8.81,
2024-06-13 09:15:00,8.85,
2024-06-13 09:30:00,8.89,
2024-06-13 09:45:00,8.91,
2024-06-13 10:00:00,8.93,
2024-06-13 10:15:00,8.92,
2024-06-13 10:30:00,8.91,
2024-06-13 10:45:00,8.91,
2024-06-13 11:00:00,8.9,
2024-06-13 11:15:00,8.92,
2024-06-13 11:30:00,8.86,
2024-06-13 11:45:00,8.88,
2024-06-13 12:00:00,8.82,
2024-06-13 12:15:00,8.82,
2024-06-13 12:30:00,8.81,
2024-06-13 12:45:00,8.78,
2024-06-13 13:00:00,8.72,
2024-06-13 13:15:00,8.7,
2024-06-13 13:30:00,8.66,
2024-06-13 13:45:00,8.63,
2024-06-13 14:00:00,8.61,
2024-06-13 14:15:00,8.57,
2024-06-13 14:30:00,8.53,
2024-06-13 14:45:00,8.5,
2024-06-13 15:00:00,8.46,
2024-06-13 15:15:00,8.43,
2024-06-13 15:30:00,8.4,
2024-06-13 15:45:00,8.36,
2024-06-13 16:00:00,8.33,
2024-06-13 16:15:00,8.29,
2024-06-13 16:30:00,8.26,
2024-06-13 16:45:00,8.24,
2024-06-13 17:00:00,8.21,
2024-06-13 17:15:00,8.18,
2024-06-13 17:30:00,8.15,
2024-06-13 17:45:00,8.13,
2024-06-13 18:00:00,8.11,
2024-06-13 18:15:00,8.09,
2024-06-13 18:30:00,8.06,
2024-06-13 18:45:00,8.05,
2024-06-13 19:00:00,8.04,
2024-06-13 19:15:00,8.03,
2024-06-13 19:30:00,8.02,
2024-06-13 19:45:00,8.0,
2024-06-13 20:00:00,7.98,
2024-06-13 20:15:00,7.96,
2024-06-13 20:30:00,7.95,
2024-06-13 20:45:00,7.94,
2024-06-13 21:00:00,7.93,
2024-06-13 21:15:00,7.94,
2024-06-13 21:30:00,7.94,
2024-06-13 21:45:00,7.95,
2024-06-13 22:00:00,7.96,
2024-06-13 22:15:00,7.97,
2024-06-13 22:30:00,7.97,
2024-06-13 22:45:00,8.0,
2024-06-13 23:00:00,8.01,
2024-06-13 23:15:00,8.03,
2024-06-13 23:30:00,8.04,
2024-06-13 23:45:00,8.05,
2024-06-14 00:00:00,8.08,
2024-06-14 00:15:00,8.1,
2024-06-14 00:30:00,8.1,
2024-06-14 00:45:00,8.12,
2024-06-14 01:00:00,8.14,
2024-06-14 01:15:00,8.16,
2024-06-14 01:30:00,8.16,
2024-06-14 01:45:00,8.18,
2024-06-14 02:00:00,8.19,
2024-06-14 02:15:00,8.2,
2024-06-14 02:30:00,8.22,
2024-06-14 02:45:00,8.22,
2024-06-14 03:00:00,8.23,
2024-06-14 03:15:00,8.24,
2024-06-14 03:30:00,8.26,
2024-06-14 03:45:00,8.26,
2024-06-14 04:00:00,8.28,
2024-06-14 04:15:00,8.29,
2024-06-14 04:30:00,8.3,
2024-06-14 04:45:00,8.32,
2024-06-14 05:00:00,8.33,
2024-06-14 05:15:00,8.35,
2024-06-14 05:30:00,8.36,
2024-06-14 05:45:00,8.39,
2024-06-14 06:00:00,8.42,
2024-06-14 06:15:00,8.45,
2024-06-14 06:30:00,8.49,
2024-06-14 06:45:00,8.53,
2024-06-14 07:00:00,8.56,
2024-06-14 07:15:00,8.6,
2024-06-14 07:30:00,8.64,
2024-06-14 07:45:00,8.67,
2024-06-14 08:00:00,8.68,
2024-06-14 08:15:00,8.73,
2024-06-14 08:30:00,8.77,
2024-06-14 08:45:00,8.8,
2024-06-14 09:00:00,8.83,
2024-06-14 09:15:00,8.85,
2024-06-14 09:30:00,8.88,
2024-06-14 09:45:00,8.89,
2024-06-14 10:00:00,8.92,
2024-06-14 10:15:00,8.93,
2024-06-14 10:30:00,8.94,
2024-06-14 10:45:00,8.95,
2024-06-14 11:00:00,8.95,
2024-06-14 11:15:00,8.94,
2024-06-14 11:30:00,8.94,
2024-06-14 11:45:00,8.93,
2024-06-14 12:00:00,8.92,
2024-06-14 12:15:00,8.9,
2024-06-14 12:30:00,8.88,
2024-06-14 12:45:00,8.86,
2024-06-14 13:00:00,8.83,
2024-06-14 13:15:00,8.8,
2024-06-14 13:30:00,8.76,
2024-06-14 13:45:00,8.73,
2024-06-14 14:00:00,8.69,
2024-06-14 14:15:00,8.65,
2024-06-14 14:30:00,8.63,
2024-06-14 14:45:00,8.59,
2024-06-14 15:00:00,8.56,
2024-06-14 15:15:00,8.54,
2024-06-14 15:30:00,8.48,
2024-06-14 15:45:00,8.46,
2024-06-14 16:00:00,8.43,
2024-06-14 16:15:00,8.4,
2024-06-14 16:30:00,8.37,
2024-06-14 16:45:00,8.34,
2024-06-14 17:00:00,8.31,
2024-06-14 17:15:00,8.25,
2024-06-14 17:30:00,8.19,
2024-06-14 17:45:00,8.13,
2024-06-14 18:00:00,8.1,
2024-06-14 18:15:00,8.07,
2024-06-14 18:30:00,8.03,
2024-06-14 18:45:00,8.01,
2024-06-14 19:00:00,7.99,
2024-06-14 19:15:00,7.97,
2024-06-14 19:30:00,7.96,
2024-06-14 19:45:00,7.94,
2024-06-14 20:00:00,7.93,
2024-06-14 20:15:00,7.92,
2024-06-14 20:30:00,7.9,
2024-06-14 20:45:00,7.89,
2024-06-14 21:00:00,7.89,
2024-06-14 21:15:00,7.89,
2024-06-14 21:30:00,7.89,
2024-06-14 21:45:00,7.91,
2024-06-14 22:00:00,7.92,
2024-06-14 22:15:00,7.94,
2024-06-14 22:30:00,7.95,
2024-06-14 22:45:00,7.97,
2024-06-14 23:00:00,7.98,
2024-06-14 23:15:00,7.99,
2024-06-14 23:30:00,8.02,
2024-06-14 23:45:00,8.03,
2024-06-15 00:00:00,8.05,
2024-06-15 00:15:00,8.05,
2024-06-15 00:30:00,8.06,
2024-06-15 00:45:00,8.08,
2024-06-15 01:00:00,8.09,
2024-06-15 01:15:00,8.11,
2024-06-15 01:30:00,8.12,
2024-06-15 01:45:00,8.13,
2024-06-15 02:00:00,8.14,
2024-06-15 02:15:00,8.16,
2024-06-15 02:30:00,8.18,
2024-06-15 02:45:00,8.18,
2024-06-15 03:00:00,8.19,
2024-06-15 03:15:00,8.21,
2024-06-15 03:30:00,8.22,
2024-06-15 03:45:00,8.23,
2024-06-15 04:00:00,8.24,
2024-06-15 04:15:00,8.25,
2024-06-15 04:30:00,8.26,
2024-06-15 04:45:00,8.26,
2024-06-15 05:00:00,8.28,
2024-06-15 05:15:00,8.29,
2024-06-15 05:30:00,8.31,
2024-06-15 05:45:00,8.33,
2024-06-15 06:00:00,8.34,
2024-06-15 06:15:00,8.36,
2024-06-15 06:30:00,8.38,
2024-06-15 06:45:00,8.41,
2024-06-15 07:00:00,8.41,
2024-06-15 07:15:00,8.43,
2024-06-15 07:30:00,8.46,
2024-06-15 07:45:00,8.51,
2024-06-15 08:00:00,8.55,
2024-06-15 08:15:00,8.58,
2024-06-15 08:30:00,8.64,
2024-06-15 08:45:00,8.73,
2024-06-15 09:00:00,8.79,
2024-06-15 09:15:00,8.83,
2024-06-15 09:30:00,8.87,
2024-06-15 09:45:00,8.9,
2024-06-15 10:00:00,8.9,
2024-06-15 10:15:00,8.9,
2024-06-15 10:30:00,8.91,
2024-06-15 10:45:00,8.92,
2024-06-15 11:00:00,8.9,
2024-06-15 11:15:00,8.89,
2024-06-15 11:30:00,8.87,
2024-06-15 11:45:00,8.86,
2024-06-15 12:00:00,8.84,
2024-06-15 12:15:00,8.82,
2024-06-15 12:30:00,8.8,
2024-06-15 12:45:00,8.78,
2024-06-15 13:00:00,8.73,
2024-06-15 13:15:00,8.71,
2024-06-15 13:30:00,8.67,
2024-06-15 13:45:00,8.65,
2024-06-15 14:00:00,8.61,
2024-06-15 14:15:00,8.58,
2024-06-15 14:30:00,8.54,
2024-06-15 14:45:00,8.52,
2024-06-15 15:00:00,8.5,
2024-06-15 15:15:00,8.47,
2024-06-15 15:30:00,8.44,
2024-06-15 15:45:00,8.42,
2024-06-15 16:00:00,8.39,
2024-06-15 16:15:00,8.36,
2024-06-15 16:30:00,8.33,
2024-06-15 16:45:00,8.3,
2024-06-15 17:00:00,8.27,
2024-06-15 17:15:00,8.22,
2024-06-15 17:30:00,8.18,
2024-06-15 17:45:00,8.2,
2024-06-15 18:00:00,8.17,
2024-06-15 18:15:00,8.15,
2024-06-15 18:30:00,8.12,
2024-06-15 18:45:00,8.1,
2024-06-15 19:00:00,8.07,
2024-06-15 19:15:00,8.03,
2024-06-15 19:30:00,8.01,
2024-06-15 19:45:00,8.0,
2024-06-15 20:00:00,7.98,
2024-06-15 20:15:00,7.98,
2024-06-15 20:30:00,7.98,
2024-06-15 20:45:00,7.98,
2024-06-15 21:00:00,7.98,
2024-06-15 21:15:00,7.99,
2024-06-15 21:30:00,8.0,
2024-06-15 21:45:00,8.02,
2024-06-15 22:00:00,8.05,
2024-06-15 22:15:00,8.08,
2024-06-15 22:30:00,8.09,
2024-06-15 22:45:00,8.11,
2024-06-15 23:00:00,8.13,
2024-06-15 23:15:00,8.14,
2024-06-15 23:30:00,8.17,
2024-06-15 23:45:00,8.19,
2024-06-16 00:00:00,8.21,
2024-06-16 00:15:00,8.23,
2024-06-16 00:30:00,8.25,
2024-06-16 00:45:00,8.27,
2024-06-16 01:00:00,8.29,
2024-06-16 01:15:00,8.31,
2024-06-16 01:30:00,8.33,
2024-06-16 01:45:00,8.34,
2024-06-16 02:00:00,8.35,
2024-06-16 02:15:00,8.38,
2024-06-16 02:30:00,8.39,
2024-06-16 02:45:00,8.4,
2024-06-16 03:00:00,8.41,
2024-06-16 03:15:00,8.43,
2024-06-16 03:30:00,8.44,
2024-06-16 03:45:00,8.45,
2024-06-16 04:00:00,8.48,
2024-06-16 04:15:00,8.49,
2024-06-16 04:30:00,8.5,
2024-06-16 04:45:00,8.51,
2024-06-16 05:00:00,8.53,
2024-06-16 05:15:00,8.54,
2024-06-16 05:30:00,8.56,
2024-06-16 05:45:00,8.6,
2024-06-16 06:00:00,8.62,
2024-06-16 06:15:00,8.67,
2024-06-16 06:30:00,8.7,
2024-06-16 06:45:00,8.75,
2024-06-16 07:00:00,8.78,
2024-06-16 07:15:00,8.81,
2024-06-16 07:30:00,8.86,
2024-06-16 07:45:00,8.9,
2024-06-16 08:00:00,8.93,
2024-06-16 08:15:00,8.96,
2024-06-16 08:30:00,8.98,
2024-06-16 08:45:00,9.01,
2024-06-16 09:00:00,9.03,
2024-06-16 09:15:00,9.05,
2024-06-16 09:30:00,9.06,
2024-06-16 09:45:00,9.07,
2024-06-16 10:00:00,9.09,
2024-06-16 10:15:00,9.09,
2024-06-16 10:30:00,9.1,
2024-06-16 10:45:00,9.1,
2024-06-16 11:00:00,9.12,
2024-06-16 11:15:00,9.12,
2024-06-16 11:30:00,9.11,
2024-06-16 11:45:00,9.12,
2024-06-16 12:00:00,9.12,
2024-06-16 12:15:00,9.1,
2024-06-16 12:30:00,9.08,
2024-06-16 12:45:00,9.07,
2024-06-16 13:00:00,9.03,
2024-06-16 13:15:00,8.99,
2024-06-16 13:30:00,8.94,
2024-06-16 13:45:00,8.89,
2024-06-16 14:00:00,8.84,
2024-06-16 14:15:00,8.8,
2024-06-16 14:30:00,8.75,
2024-06-16 14:45:00,8.69,
2024-06-16 15:00:00,8.65,
2024-06-16 15:15:00,8.6,
2024-06-16 15:30:00,8.56,
2024-06-16 15:45:00,8.52,
2024-06-16 16:00:00,8.5,
2024-06-16 16:15:00,8.46,
2024-06-16 16:30:00,8.43,
2024-06-16 16:45:00,8.4,
2024-06-16 17:00:00,8.38,
2024-06-16 17:15:00,8.35,
2024-06-16 17:30:00,8.31,
2024-06-16 17:45:00,8.28,
2024-06-16 18:00:00,8.23,
2024-06-16 18:15:00,8.25,
2024-06-16 18:30:00,8.26,
2024-06-16 18:45:00,8.26,
2024-06-16 19:00:00,8.25,
2024-06-16 19:15:00,8.23,
2024-06-16 19:30:00,8.21,
2024-06-16 19:45:00,8.21,
2024-06-16 20:00:00,8.18,
2024-06-16 20:15:00,8.17,
2024-06-16 20:30:00,8.16,
2024-06-16 20:45:00,8.14,
2024-06-16 21:00:00,8.15,
2024-06-16 21:15:00,8.15,
2024-06-16 21:30:00,8.16,
2024-06-16 21:45:00,8.17,
2024-06-16 22:00:00,8.18,
2024-06-16 22:15:00,8.18,
2024-06-16 22:30:00,8.19,
2024-06-16 22:45:00,8.21,
2024-06-16 23:00:00,8.21,
2024-06-16 23:15:00,8.23,
2024-06-16 23:30:00,8.24,
2024-06-16 23:45:00,8.27,
2024-06-17 00:00:00,8.28,
2024-06-17 00:15:00,8.3,
2024-06-17 00:30:00,8.31,
2024-06-17 00:45:00,8.33,
2024-06-17 01:00:00,8.34,
2024-06-17 01:15:00,8.35,
2024-06-17 01:30:00,8.38,
2024-06-17 01:45:00,8.39,
2024-06-17 02:00:00,8.4,
2024-06-17 02:15:00,8.41,
2024-06-17 02:30:00,8.43,
2024-06-17 02:45:00,8.44,
2024-06-17 03:00:00,8.46,
2024-06-17 03:15:00,8.47,
2024-06-17 03:30:00,8.49,
2024-06-17 03:45:00,8.49,
2024-06-17 04:00:00,8.51,
2024-06-17 04:15:00,8.51,
2024-06-17 04:30:00,8.51,
2024-06-17 04:45:00,8.52,
2024-06-17 05:00:00,8.56,
2024-06-17 05:15:00,8.56,
2024-06-17 05:30:00,8.58,
2024-06-17 05:45:00,8.6,
2024-06-17 06:00:00,8.63,
2024-06-17 06:15:00,8.69,
2024-06-17 06:30:00,8.73,
2024-06-17 06:45:00,8.78,
2024-06-17 07:00:00,8.83,
2024-06-17 07:15:00,8.87,
2024-06-17 07:30:00,8.92,
2024-06-17 07:45:00,8.97,
2024-06-17 08:00:00,9.01,
2024-06-17 08:15:00,9.01,
2024-06-17 08:30:00,9.03,
2024-06-17 08:45:00,9.09,
2024-06-17 09:00:00,9.1,
2024-06-17 09:15:00,9.13,
2024-06-17 09:30:00,9.14,
2024-06-17 09:45:00,9.15,
2024-06-17 10:00:00,9.16,
2024-06-17 10:15:00,9.16,
2024-06-17 10:30:00,9.14,
2024-06-17 10:45:00,9.15,
2024-06-17 11:00:00,9.14,
2024-06-17 11:15:00,9.13,
2024-06-17 11:30:00,9.1,
2024-06-17 11:45:00,9.1,
2024-06-17 12:00:00,9.08,
2024-06-17 12:15:00,9.06,
2024-06-17 12:30:00,9.05,
2024-06-17 12:45:00,9.01,
2024-06-17 13:00:00,8.9,
2024-06-17 13:15:00,8.85,
2024-06-17 13:30:00,8.85,
2024-06-17 13:45:00,8.84,
2024-06-17 14:00:00,8.81,
2024-06-17 14:15:00,8.79,
2024-06-17 14:30:00,8.78,
2024-06-17 14:45:00,8.77,
2024-06-17 15:00:00,8.76,
2024-06-17 15:15:00,8.73,
2024-06-17 15:30:00,8.7,
2024-06-17 15:45:00,8.68,
2024-06-17 16:00:00,8.65,
2024-06-17 16:15:00,8.63,
2024-06-17 16:30:00,8.64,
2024-06-17 16:45:00,8.64,
2024-06-17 17:00:00,8.65,
2024-06-17 17:15:00,8.67,
2024-06-17 17:30:00,8.66,
2024-06-17 17:45:00,8.68,
2024-06-17 18:00:00,8.69,
2024-06-17 18:15:00,8.73,
2024-06-17 18:30:00,8.74,
2024-06-17 18:45:00,8.75,
2024-06-17 19:00:00,8.79,
2024-06-17 19:15:00,8.82,
2024-06-17 19:30:00,8.84,
2024-06-17 19:45:00,8.85,
2024-06-17 20:00:00,8.86,
2024-06-17 20:15:00,8.88,
2024-06-17 20:30:00,8.9,
2024-06-17 20:45:00,8.9,
2024-06-17 21:00:00,8.91,
2024-06-17 21:15:00,8.9,
2024-06-17 21:30:00,8.9,
2024-06-17 21:45:00,8.91,
2024-06-17 22:00:00,8.91,
2024-06-17 22:15:00,8.93,
2024-06-17 22:30:00,8.93,
2024-06-17 22:45:00,8.94,
2024-06-17 23:00:00,8.95,
2024-06-17 23:15:00,8.96,
2024-06-17 23:30:00,8.97,
2024-06-17 23:45:00,8.99,
2024-06-18 00:00:00,9.0,
2024-06-18 00:15:00,9.0,
2024-06-18 00:30:00,9.03,
2024-06-18 00:45:00,9.05,
2024-06-18 01:00:00,9.05,
2024-06-18 01:15:00,9.07,
2024-06-18 01:30:00,9.09,
2024-06-18 01:45:00,9.1,
2024-06-18 02:00:00,9.11,
2024-06-18 02:15:00,9.12,
2024-06-18 02:30:00,9.14,
2024-06-18 02:45:00,9.16,
2024-06-18 03:00:00,9.15,
2024-06-18 03:15:00,9.17,
2024-06-18 03:30:00,9.18,
2024-06-18 03:45:00,9.2,
2024-06-18 04:00:00,9.22,
2024-06-18 04:15:00,9.22,
2024-06-18 04:30:00,9.26,
2024-06-18 04:45:00,9.26,
2024-06-18 05:00:00,9.29,
2024-06-18 05:15:00,9.31,
2024-06-18 05:30:00,9.33,
2024-06-18 05:45:00,9.35,
2024-06-18 06:00:00,9.37,
2024-06-18 06:15:00,9.42,
2024-06-18 06:30:00,9.44,
2024-06-18 06:45:00,9.48,
2024-06-18 07:00:00,9.52,
2024-06-18 07:15:00,9.56,
2024-06-18 07:30:00,9.59,
2024-06-18 07:45:00,9.62,
2024-06-18 08:00:00,9.65,
2024-06-18 08:15:00,9.68,
2024-06-18 08:30:00,9.69,
2024-06-18 08:45:00,9.71,
2024-06-18 09:00:00,9.72,
2024-06-18 09:15:00,9.75,
2024-06-18 09:30:00,9.77,
2024-06-18 09:45:00,9.78,
2024-06-18 10:00:00,9.78,
2024-06-18 10:15:00,9.78,
2024-06-18 10:30:00,9.8,
2024-06-18 10:45:00,9.8,
2024-06-18 11:00:00,9.79,
2024-06-18 11:15:00,9.78,
2024-06-18 11:30:00,9.76,
2024-06-18 11:45:00,9.73,
2024-06-18 12:00:00,9.71,
2024-06-18 12:15:00,9.68,
2024-06-18 12:30:00,9.64,
2024-06-18 12:45:00,9.62,
2024-06-18 13:00:00,9.59,
2024-06-18 13:15:00,9.54,
2024-06-18 13:30:00,9.5,
2024-06-18 13:45:00,9.45,
2024-06-18 14:00:00,9.4,
2024-06-18 14:15:00,9.3,
2024-06-18 14:30:00,9.29,
2024-06-18 14:45:00,9.29,
2024-06-18 15:00:00,9.26,
2024-06-18 15:15:00,9.23,
2024-06-18 15:30:00,9.19,
2024-06-18 15:45:00,9.16,
2024-06-18 16:00:00,9.13,
2024-06-18 16:15:00,9.09,
2024-06-18 16:30:00,9.05,
2024-06-18 16:45:00,9.02,
2024-06-18 17:00:00,9.0,
2024-06-18 17:15:00,8.98,
2024-06-18 17:30:00,8.96,
2024-06-18 17:45:00,8.93,
2024-06-18 18:00:00,8.91,
2024-06-18 18:15:00,8.89,
2024-06-18 18:30:00,8.88,
2024-06-18 18:45:00,8.86,
2024-06-18 19:00:00,8.86,
2024-06-18 19:15:00,8.86,
2024-06-18 19:30:00,8.84,
2024-06-18 19:45:00,8.84,
2024-06-18 20:00:00,8.81,
2024-06-18 20:15:00,8.8,
2024-06-18 20:30:00,8.8,
2024-06-18 20:45:00,8.8,
2024-06-18 21:00:00,8.78,
2024-06-18 21:15:00,8.78,
2024-06-18 21:30:00,8.81,
2024-06-18 21:45:00,8.82,
2024-06-18 22:00:00,8.83,
2024-06-18 22:15:00,8.84,
2024-06-18 22:30:00,8.86,
2024-06-18 22:45:00,8.88,
2024-06-18 23:00:00,8.89,
2024-06-18 23:15:00,8.91,
2024-06-18 23:30:00,8.92,
2024-06-18 23:45:00,8.94,
2024-06-19 00:00:00,8.96,
2024-06-19 00:15:00,8.98,
2024-06-19 00:30:00,9.01,
2024-06-19 00:45:00,9.02,
2024-06-19 01:00:00,9.04,
2024-06-19 01:15:00,9.05,
2024-06-19 01:30:00,9.06,
2024-06-19 01:45:00,9.07,
2024-06-19 02:00:00,9.07,
2024-06-19 02:15:00,9.09,
2024-06-19 02:30:00,9.11,
2024-06-19 02:45:00,9.12,
2024-06-19 03:00:00,9.13,
2024-06-19 03:15:00,9.15,
2024-06-19 03:30:00,9.16,
2024-06-19 03:45:00,9.17,
2024-06-19 04:00:00,9.18,
2024-06-19 04:15:00,9.19,
2024-06-19 04:30:00,9.2,
2024-06-19 04:45:00,9.21,
2024-06-19 05:00:00,9.22,
2024-06-19 05:15:00,9.25,
2024-06-19 05:30:00,9.28,
2024-06-19 05:45:00,9.29,
2024-06-19 06:00:00,9.31,
2024-06-19 06:15:00,9.36,
2024-06-19 06:30:00,9.39,
2024-06-19 06:45:00,9.42,
2024-06-19 07:00:00,9.45,
2024-06-19 07:15:00,9.49,
2024-06-19 07:30:00,9.54,
2024-06-19 07:45:00,9.56,
2024-06-19 08:00:00,9.6,
2024-06-19 08:15:00,9.66,
2024-06-19 08:30:00,9.69,
2024-06-19 08:45:00,9.72,
2024-06-19 09:00:00,9.74,
2024-06-19 09:15:00,9.77,
2024-06-19 09:30:00,9.79,
2024-06-19 09:45:00,9.81,
2024-06-19 10:00:00,9.82,
2024-06-19 10:15:00,9.83,
2024-06-19 10:30:00,9.81,
2024-06-19 10:45:00,9.8,
2024-06-19 11:00:00,9.79,
2024-06-19 11:15:00,9.78,
2024-06-19 11:30:00,9.75,
2024-06-19 11:45:00,9.73,
2024-06-19 12:00:00,9.7,
2024-06-19 12:15:00,9.65,
2024-06-19 12:30:00,9.64,
2024-06-19 12:45:00,9.59,
2024-06-19 13:00:00,9.56,
2024-06-19 13:15:00,9.51,
2024-06-19 13:30:00,9.46,
2024-06-19 13:45:00,9.42,
2024-06-19 14:00:00,9.36,
2024-06-19 14:15:00,9.33,
2024-06-19 14:30:00,9.27,
2024-06-19 14:45:00,9.22,
2024-06-19 15:00:00,9.19,
2024-06-19 15:15:00,9.16,
2024-06-19 15:30:00,9.1,
2024-06-19 15:45:00,9.05,
2024-06-19 16:00:00,9.0,
2024-06-19 16:15:00,8.95,
2024-06-19 16:30:00,8.92,
2024-06-19 16:45:00,8.88,
2024-06-19 17:00:00,8.85,
2024-06-19 17:15:00,8.82,
2024-06-19 17:30:00,8.82,
2024-06-19 17:45:00,8.81,
2024-06-19 18:00:00,8.82,
2024-06-19 18:15:00,8.82,
2024-06-19 18:30:00,8.82,
2024-06-19 18:45:00,8.82,
2024-06-19 19:00:00,8.81,
2024-06-19 19:15:00,8.8,
2024-06-19 19:30:00,8.76,
2024-06-19 19:45:00,8.73,
2024-06-19 20:00:00,8.69,
2024-06-19 20:15:00,8.65,
2024-06-19 20:30:00,8.63,
2024-06-19 20:45:00,8.61,
2024-06-19 21:00:00,8.59,
2024-06-19 21:15:00,8.59,
2024-06-19 21:30:00,8.61,
2024-06-19 21:45:00,8.84,S
2024-06-19 22:00:00,8.67,S
2024-06-19 22:15:00,8.86,S
2024-06-19 22:30:00,8.8,S
2024-06-19 22:45:00,8.85,S
2024-06-19 23:00:00,9.06,S
2024-06-19 23:15:00,8.96,S
2024-06-19 23:30:00,9.13,S
2024-06-19 23:45:00,8.88,S
2024-06-20 00:00:00,8.99,S
2024-06-20 00:15:00,8.92,S
2024-06-20 00:30:00,9.19,S
2024-06-20 00:45:00,9.12,S
2024-06-20 01:00:00,9.16,S
2024-06-20 01:15:00,9.11,S
2024-06-20 01:30:00,8.99,S
2024-06-20 01:45:00,9.14,S
2024-06-20 02:00:00,9.27,S
2024-06-20 02:15:00,8.96,S
2024-06-20 02:30:00,9.14,S
2024-06-20 02:45:00,9.18,S
2024-06-20 03:00:00,9.29,S
2024-06-20 03:15:00,9.41,S
2024-06-20 03:30:00,9.17,S
2024-06-20 03:45:00,9.36,S
2024-06-20 04:00:00,9.41,S
2024-06-20 04:15:00,9.51,S
2024-06-20 04:30:00,9.27,S
2024-06-20 04:45:00,9.47,S
2024-06-20 05:00:00,9.48,S
2024-06-20 05:15:00,9.44,S
2024-06-20 05:30:00,9.37,S
2024-06-20 05:45:00,9.25,S
2024-06-20 06:00:00,9.32,S
2024-06-20 06:15:00,9.3,S
2024-06-20 06:30:00,9.28,S
2024-06-20 06:45:00,9.23,S
2024-06-20 07:00:00,9.38,S
2024-06-20 07:15:00,9.35,S
2024-06-20 07:30:00,9.37,S
2024-06-20 07:45:00,9.41,S
2024-06-20 08:00:00,9.45,S
2024-06-20 08:15:00,9.38,S
2024-06-20 08:30:00,9.37,S
2024-06-20 08:45:00,9.4,S
2024-06-20 09:00:00,9.41,S
2024-06-20 09:15:00,9.41,S
2024-06-20 09:30:00,9.38,S
2024-06-20 09:45:00,9.38,S
2024-06-20 10:00:00,9.4,S
2024-06-20 10:15:00,9.33,S
2024-06-20 10:30:00,9.3,S
2024-06-20 10:45:00,9.26,S
2024-06-20 11:00:00,9.2,S
2024-06-20 11:15:00,9.17,S
2024-06-20 11:30:00,9.1,S
2024-06-20 11:45:00,9.05,S
2024-06-20 12:00:00,8.98,S
2024-06-20 12:15:00,8.93,S
2024-06-20 12:30:00,8.86,S
2024-06-20 12:45:00,8.83,S
2024-06-20 13:00:00,8.79,S
2024-06-20 13:15:00,8.76,S
2024-06-20 13:30:00,8.68,S
2024-06-20 13:45:00,8.66,S
2024-06-20 14:00:00,8.56,S
2024-06-20 14:15:00,8.54,S
2024-06-20 14:30:00,8.56,S
2024-06-20 14:45:00,8.54,S
2024-06-20 15:00:00,8.45,S
2024-06-20 15:15:00,8.42,S
2024-06-20 15:30:00,8.4,S
2024-06-20 15:45:00,8.36,S
2024-06-20 16:00:00,8.36,S
2024-06-20 16:15:00,8.34,S
2024-06-20 16:30:00,8.35,S
2024-06-20 16:45:00,8.31,S
2024-06-20 17:00:00,8.31,S
2024-06-20 17:15:00,8.32,S
2024-06-20 17:30:00,8.32,S
2024-06-20 17:45:00,8.36,S
2024-06-20 18:00:00,8.38,S
2024-06-20 18:15:00,8.41,S
2024-06-20 18:30:00,8.43,S
2024-06-20 18:45:00,8.48,S
2024-06-20 19:00:00,8.52,S
2024-06-20 19:15:00,8.57,S
2024-06-20 19:30:00,8.61,S
2024-06-20 19:45:00,8.69,S
2024-06-20 20:00:00,8.71,S
2024-06-20 20:15:00,8.79,S
2024-06-20 20:30:00,8.86,S
2024-06-20 20:45:00,8.86,S
2024-06-20 21:00:00,8.85,S
2024-06-20 21:15:00,8.87,S
2024-06-20 21:30:00,8.89,S
2024-06-20 21:45:00,8.9,S
2024-06-20 22:00:00,8.97,S
2024-06-20 22:15:00,8.97,S
2024-06-20 22:30:00,9.01,S
2024-06-20 22:45:00,9.0,S
2024-06-20 23:00:00,9.03,S
2024-06-20 23:15:00,9.08,S
2024-06-20 23:30:00,9.11,S
2024-06-20 23:45:00,9.15,S
2024-06-21 00:00:00,9.2,S
2024-06-21 00:15:00,9.2,S
2024-06-21 00:30:00,9.19,S
2024-06-21 00:45:00,9.28,S
2024-06-21 01:00:00,9.25,S
2024-06-21 01:15:00,9.31,S
2024-06-21 01:30:00,9.34,S
2024-06-21 01:45:00,9.35,S
2024-06-21 02:00:00,9.36,S
2024-06-21 02:15:00,9.38,S
2024-06-21 02:30:00,9.38,S
2024-06-21 02:45:00,9.39,S
2024-06-21 03:00:00,9.38,S
2024-06-21 03:15:00,9.37,S
2024-06-21 03:30:00,9.44,S
2024-06-21 03:45:00,9.37,S
2024-06-21 04:00:00,9.35,S
2024-06-21 04:15:00,9.38,S
2024-06-21 04:30:00,9.39,S
2024-06-21 04:45:00,9.42,S
2024-06-21 05:00:00,9.38,S
2024-06-21 05:15:00,9.41,S
2024-06-21 05:30:00,9.4,S
2024-06-21 05:45:00,9.41,S
2024-06-21 06:00:00,9.41,S
2024-06-21 06:15:00,9.38,S
2024-06-21 06:30:00,9.35,S
2024-06-21 06:45:00,9.35,S
2024-06-21 07:00:00,9.35,S
2024-06-21 07:15:00,9.33,S
2024-06-21 07:30:00,9.3,S
2024-06-21 07:45:00,9.29,S
2024-06-21 08:00:00,9.27,S
2024-06-21 08:15:00,9.25,S
2024-06-21 08:30:00,9.22,S
2024-06-21 08:45:00,9.16,S
2024-06-21 09:00:00,9.12,S
2024-06-21 09:15:00,9.16,S
2024-06-21 09:30:00,9.2,S
2024-06-21 09:45:00,9.16,S
2024-06-21 10:00:00,9.11,S
2024-06-21 10:15:00,9.05,S
2024-06-21 10:30:00,9.0,S
2024-06-21 10:45:00,9.0,S
2024-06-21 11:00:00,8.9,S
2024-06-21 11:15:00,8.9,S
2024-06-21 11:30:00,8.9,S
2024-06-21 11:45:00,8.9,S
2024-06-21 12:00:00,8.86,S
2024-06-21 12:15:00,8.82,
2024-06-21 12:30:00,8.8,
2024-06-21 12:45:00,8.81,
2024-06-21 13:00:00,8.79,
2024-06-21 13:15:00,8.74,
2024-06-21 13:30:00,8.68,
2024-06-21 13:45:00,8.63,
2024-06-21 14:00:00,8.6,
2024-06-21 14:15:00,8.55,
2024-06-21 14:30:00,8.5,
2024-06-21 14:45:00,8.46,
2024-06-21 15:00:00,8.41,
2024-06-21 15:15:00,8.38,
2024-06-21 15:30:00,8.34,
2024-06-21 15:45:00,8.29,
2024-06-21 16:00:00,8.27,
2024-06-21 16:15:00,8.19,
2024-06-21 16:30:00,8.13,
2024-06-21 16:45:00,8.08,
2024-06-21 17:00:00,8.02,
2024-06-21 17:15:00,7.99,
2024-06-21 17:30:00,7.94,
2024-06-21 17:45:00,7.89,
2024-06-21 18:00:00,7.87,
2024-06-21 18:15:00,7.87,
2024-06-21 18:30:00,7.88,
2024-06-21 18:45:00,7.88,
2024-06-21 19:00:00,7.87,
2024-06-21 19:15:00,7.86,
2024-06-21 19:30:00,7.87,
2024-06-21 19:45:00,7.88,
2024-06-21 20:00:00,7.89,
2024-06-21 20:15:00,7.89,
2024-06-21 20:30:00,7.88,
2024-06-21 20:45:00,7.88,
2024-06-21 21:00:00,7.91,
2024-06-21 21:15:00,7.92,
2024-06-21 21:30:00,7.94,
2024-06-21 21:45:00,7.94,
2024-06-21 22:00:00,7.95,
2024-06-21 22:15:00,7.95,
2024-06-21 22:30:00,7.95,
2024-06-21 22:45:00,7.97,
2024-06-21 23:00:00,7.97,
2024-06-21 23:15:00,7.88,
2024-06-21 23:30:00,7.9,
2024-06-21 23:45:00,7.92,
2024-06-22 00:00:00,7.93,
2024-06-22 00:15:00,7.95,
2024-06-22 00:30:00,7.97,
2024-06-22 00:45:00,7.98,
2024-06-22 01:00:00,8.0,
2024-06-22 01:15:00,8.02,
2024-06-22 01:30:00,8.03,
2024-06-22 01:45:00,8.05,
2024-06-22 02:00:00,8.05,
2024-06-22 02:15:00,8.07,
2024-06-22 02:30:00,8.08,
2024-06-22 02:45:00,8.1,
2024-06-22 03:00:00,8.12,
2024-06-22 03:15:00,8.13,
2024-06-22 03:30:00,8.14,
2024-06-22 03:45:00,8.15,
2024-06-22 04:00:00,8.16,
2024-06-22 04:15:00,8.17,
2024-06-22 04:30:00,8.19,
2024-06-22 04:45:00,8.19,
2024-06-22 05:00:00,8.2,
2024-06-22 05:15:00,8.24,
2024-06-22 05:30:00,8.23,
2024-06-22 05:45:00,8.28,
2024-06-22 06:00:00,8.29,
2024-06-22 06:15:00,8.34,
2024-06-22 06:30:00,8.37,
2024-06-22 06:45:00,8.4,
2024-06-22 07:00:00,8.47,
2024-06-22 07:15:00,8.48,
2024-06-22 07:30:00,8.52,
2024-06-22 07:45:00,8.55,
2024-06-22 08:00:00,8.6,
2024-06-22 08:15:00,8.64,
2024-06-22 08:30:00,8.67,
2024-06-22 08:45:00,8.68,
2024-06-22 09:00:00,8.72,
2024-06-22 09:15:00,8.74,
2024-06-22 09:30:00,8.76,
2024-06-22 09:45:00,8.77,
2024-06-22 10:00:00,8.78,
2024-06-22 10:15:00,8.79,
2024-06-22 10:30:00,8.8,
2024-06-22 10:45:00,8.8,
2024-06-22 11:00:00,8.8,
2024-06-22 11:15:00,8.78,
2024-06-22 11:30:00,8.78,
2024-06-22 11:45:00,8.76,
2024-06-22 12:00:00,8.75,
2024-06-22 12:15:00,8.72,
2024-06-22 12:30:00,8.7,
2024-06-22 12:45:00,8.67,
2024-06-22 13:00:00,8.64,
2024-06-22 13:15:00,8.6,
2024-06-22 13:30:00,8.56,
2024-06-22 13:45:00,8.51,
2024-06-22 14:00:00,8.46,
2024-06-22 14:15:00,8.42,
2024-06-22 14:30:00,8.37,
2024-06-22 14:45:00,8.32,
2024-06-22 15:00:00,8.28,
2024-06-22 15:15:00,8.24,
2024-06-22 15:30:00,8.2,
2024-06-22 15:45:00,8.15,
2024-06-22 16:00:00,8.11,
2024-06-22 16:15:00,8.07,
2024-06-22 16:30:00,8.02,
2024-06-22 16:45:00,7.99,
2024-06-22 17:00:00,7.95,
2024-06-22 17:15:00,7.91,
2024-06-22 17:30:00,7.87,
2024-06-22 17:45:00,7.83,
2024-06-22 18:00:00,7.81,
2024-06-22 18:15:00,7.78,
2024-06-22 18:30:00,7.75,
2024-06-22 18:45:00,7.74,
2024-06-22 19:00:00,7.72,
2024-06-22 19:15:00,7.71,
2024-06-22 19:30:00,7.69,
2024-06-22 19:45:00,7.68,
2024-06-22 20:00:00,7.67,
2024-06-22 20:15:00,7.64,
2024-06-22 20:30:00,7.63,
2024-06-22 20:45:00,7.62,
2024-06-22 21:00:00,7.61,
2024-06-22 21:15:00,7.61,
2024-06-22 21:30:00,7.62,
2024-06-22 21:45:00,7.63,
2024-06-22 22:00:00,7.65,
2024-06-22 22:15:00,7.65,
2024-06-22 22:30:00,7.66,
2024-06-22 22:45:00,7.67,
2024-06-22 23:00:00,7.7,
2024-06-22 23:15:00,7.72,
2024-06-22 23:30:00,7.73,
2024-06-22 23:45:00,7.74,
2024-06-23 00:00:00,7.76,
2024-06-23 00:15:00,7.78,
2024-06-23 00:30:00,7.79,
2024-06-23 00:45:00,7.81,
2024-06-23 01:00:00,7.82,
2024-06-23 01:15:00,7.83,
2024-06-23 01:30:00,7.84,
2024-06-23 01:45:00,7.85,
2024-06-23 02:00:00,7.87,
2024-06-23 02:15:00,7.88,
2024-06-23 02:30:00,7.89,
2024-06-23 02:45:00,7.91,
2024-06-23 03:00:00,7.92,
2024-06-23 03:15:00,7.92,
2024-06-23 03:30:00,7.93,
2024-06-23 03:45:00,7.95,
2024-06-23 04:00:00,7.97,
2024-06-23 04:15:00,7.97,
2024-06-23 04:30:00,7.99,
2024-06-23 04:45:00,8.0,
2024-06-23 05:00:00,8.01,
2024-06-23 05:15:00,8.04,
2024-06-23 05:30:00,8.06,
2024-06-23 05:45:00,8.08,
2024-06-23 06:00:00,8.1,
2024-06-23 06:15:00,8.13,
2024-06-23 06:30:00,8.17,
2024-06-23 06:45:00,8.2,
2024-06-23 07:00:00,8.24,
2024-06-23 07:15:00,8.28,
2024-06-23 07:30:00,8.32,
2024-06-23 07:45:00,8.36,
2024-06-23 08:00:00,8.4,
2024-06-23 08:15:00,8.43,
2024-06-23 08:30:00,8.46,
2024-06-23 08:45:00,8.49,
2024-06-23 09:00:00,8.51,
2024-06-23 09:15:00,8.54,
2024-06-23 09:30:00,8.57,
2024-06-23 09:45:00,8.58,
2024-06-23 10:00:00,8.6,
2024-06-23 10:15:00,8.61,
2024-06-23 10:30:00,8.62,
2024-06-23 10:45:00,8.62,
2024-06-23 11:00:00,8.63,
2024-06-23 11:15:00,8.62,
2024-06-23 11:30:00,8.62,
2024-06-23 11:45:00,8.61,
2024-06-23 12:00:00,8.59,
2024-06-23 12:15:00,8.56,
2024-06-23 12:30:00,8.54,
2024-06-23 12:45:00,8.52,
2024-06-23 13:00:00,8.48,
2024-06-23 13:15:00,8.46,
2024-06-23 13:30:00,8.41,
2024-06-23 13:45:00,8.33,
2024-06-23 14:00:00,8.28,
2024-06-23 14:15:00,8.27,
2024-06-23 14:30:00,8.24,
2024-06-23 14:45:00,8.22,
2024-06-23 15:00:00,8.2,
2024-06-23 15:15:00,8.16,
2024-06-23 15:30:00,8.13,
2024-06-23 15:45:00,8.08,
2024-06-23 16:00:00,8.04,
2024-06-23 16:15:00,8.0,
2024-06-23 16:30:00,7.97,
2024-06-23 16:45:00,7.94,
2024-06-23 17:00:00,7.91,
2024-06-23 17:15:00,7.87,
2024-06-23 17:30:00,7.84,
2024-06-23 17:45:00,7.79,
2024-06-23 18:00:00,7.76,
2024-06-23 18:15:00,7.73,
2024-06-23 18:30:00,7.7,
2024-06-23 18:45:00,7.66,
2024-06-23 19:00:00,7.63,
2024-06-23 19:15:00,7.61,
2024-06-23 19:30:00,7.59,
2024-06-23 19:45:00,7.58,
2024-06-23 20:00:00,7.58,
2024-06-23 20:15:00,7.56,
2024-06-23 20:30:00,7.53,
2024-06-23 20:45:00,7.53,
2024-06-23 21:00:00,7.51,
2024-06-23 21:15:00,7.52,
2024-06-23 21:30:00,7.53,
2024-06-23 21:45:00,7.54,
2024-06-23 22:00:00,7.55,
2024-06-23 22:15:00,7.56,
2024-06-23 22:30:00,7.57,
2024-06-23 22:45:00,7.58,
2024-06-23 23:00:00,7.6,
2024-06-23 23:15:00,7.62,
2024-06-23 23:30:00,7.63,
2024-06-23 23:45:00,7.64,
2024-06-24 00:00:00,7.67,
2024-06-24 00:15:00,7.69,
2024-06-24 00:30:00,7.7,
2024-06-24 00:45:00,7.73,
2024-06-24 01:00:00,7.74,
2024-06-24 01:15:00,7.75,
2024-06-24 01:30:00,7.76,
2024-06-24 01:45:00,7.78,
2024-06-24 02:00:00,7.79,
2024-06-24 02:15:00,7.8,
2024-06-24 02:30:00,7.82,
2024-06-24 02:45:00,7.84,
2024-06-24 03:00:00,7.85,
2024-06-24 03:15:00,7.86,
2024-06-24 03:30:00,7.87,
2024-06-24 03:45:00,7.89,
2024-06-24 04:00:00,7.9,
2024-06-24 04:15:00,7.91,
2024-06-24 04:30:00,7.93,
2024-06-24 04:45:00,7.93,
2024-06-24 05:00:00,7.94,
2024-06-24 05:15:00,7.97,
2024-06-24 05:30:00,7.98,
2024-06-24 05:45:00,8.01,
2024-06-24 06:00:00,8.04,
2024-06-24 06:15:00,8.08,
2024-06-24 06:30:00,8.12,
2024-06-24 06:45:00,8.16,
2024-06-24 07:00:00,8.21,
2024-06-24 07:15:00,8.25,
2024-06-24 07:30:00,8.29,
2024-06-24 07:45:00,8.32,
2024-06-24 08:00:00,8.36,
2024-06-24 08:15:00,8.39,
2024-06-24 08:30:00,8.42,
2024-06-24 08:45:00,8.44,
2024-06-24 09:00:00,8.47,
2024-06-24 09:15:00,8.49,
2024-06-24 09:30:00,8.51,
2024-06-24 09:45:00,8.53,
2024-06-24 10:00:00,8.54,
2024-06-24 10:15:00,8.55,
2024-06-24 10:30:00,8.57,
2024-06-24 10:45:00,8.57,
2024-06-24 11:00:00,8.56,
2024-06-24 11:15:00,8.58,
2024-06-24 11:30:00,8.56,
2024-06-24 11:45:00,8.55,
2024-06-24 12:00:00,8.55,
2024-06-24 12:15:00,8.54,
2024-06-24 12:30:00,8.52,
2024-06-24 12:45:00,8.5,
2024-06-24 13:00:00,8.46,
2024-06-24 13:15:00,8.42,
2024-06-24 13:30:00,8.39,
2024-06-24 13:45:00,8.34,
2024-06-24 14:00:00,8.3,
2024-06-24 14:15:00,8.25,
2024-06-24 14:30:00,8.21,
2024-06-24 14:45:00,8.14,
2024-06-24 15:00:00,8.03,
2024-06-24 15:15:00,7.99,
2024-06-24 15:30:00,8.02,
2024-06-24 15:45:00,8.02,
2024-06-24 16:00:00,7.97,
2024-06-24 16:15:00,7.9,
2024-06-24 16:30:00,7.77,
2024-06-24 16:45:00,7.73,
2024-06-24 17:00:00,7.68,
2024-06-24 17:15:00,7.69,
2024-06-24 17:30:00,7.69,
2024-06-24 17:45:00,7.65,
2024-06-24 18:00:00,7.62,
2024-06-24 18:15:00,7.57,
2024-06-24 18:30:00,7.51,
2024-06-24 18:45:00,7.5,
2024-06-24 19:00:00,7.48,
2024-06-24 19:15:00,7.47,
2024-06-24 19:30:00,7.47,
2024-06-24 19:45:00,7.5,
2024-06-24 20:00:00,7.5,
2024-06-24 20:15:00,7.49,
2024-06-24 20:30:00,7.48,
2024-06-24 20:45:00,7.47,
2024-06-24 21:00:00,7.46,
2024-06-24 21:15:00,7.47,
2024-06-24 21:30:00,7.48,
2024-06-24 21:45:00,7.5,
2024-06-24 22:00:00,7.52,
2024-06-24 22:15:00,7.54,
2024-06-24 22:30:00,7.56,
2024-06-24 22:45:00,7.58,
2024-06-24 23:00:00,7.6,
2024-06-24 23:15:00,7.61,
2024-06-24 23:30:00,7.63,
2024-06-24 23:45:00,7.64,
2024-06-25 00:00:00,7.66,
2024-06-25 00:15:00,7.67,
2024-06-25 00:30:00,7.69,
2024-06-25 00:45:00,7.7,
2024-06-25 01:00:00,7.73,
2024-06-25 01:15:00,7.75,
2024-06-25 01:30:00,7.76,
2024-06-25 01:45:00,7.78,
2024-06-25 02:00:00,7.8,
2024-06-25 02:15:00,7.81,
2024-06-25 02:30:00,7.83,
2024-06-25 02:45:00,7.84,
2024-06-25 03:00:00,7.85,
2024-06-25 03:15:00,7.86,
2024-06-25 03:30:00,7.88,
2024-06-25 03:45:00,7.88,
2024-06-25 04:00:00,7.9,
2024-06-25 04:15:00,7.91,
2024-06-25 04:30:00,7.93,
2024-06-25 04:45:00,7.94,
2024-06-25 05:00:00,7.95,
2024-06-25 05:15:00,7.97,
2024-06-25 05:30:00,8.0,
2024-06-25 05:45:00,8.02,
2024-06-25 06:00:00,8.05,
2024-06-25 06:15:00,8.08,
2024-06-25 06:30:00,8.12,
2024-06-25 06:45:00,8.16,
2024-06-25 07:00:00,8.21,
2024-06-25 07:15:00,8.27,
2024-06-25 07:30:00,8.31,
2024-06-25 07:45:00,8.34,
2024-06-25 08:00:00,8.38,
2024-06-25 08:15:00,8.43,
2024-06-25 08:30:00,8.45,
2024-06-25 08:45:00,8.49,
2024-06-25 09:00:00,8.51,
2024-06-25 09:15:00,8.55,
2024-06-25 09:30:00,8.55,
2024-06-25 09:45:00,8.58,
2024-06-25 10:00:00,8.6,
2024-06-25 10:15:00,8.6,
2024-06-25 10:30:00,8.62,
2024-06-25 10:45:00,8.6,
2024-06-25 11:00:00,8.63,
2024-06-25 11:15:00,8.65,
2024-06-25 11:30:00,8.66,
2024-06-25 11:45:00,8.64,
2024-06-25 12:00:00,8.64,
2024-06-25 12:15:00,8.64,
2024-06-25 12:30:00,8.62,
2024-06-25 12:45:00,8.6,
2024-06-25 13:00:00,8.55,
2024-06-25 13:15:00,8.49,
2024-06-25 13:30:00,8.46,
2024-06-25 13:45:00,8.4,
2024-06-25 14:00:00,8.37,
2024-06-25 14:15:00,8.32,
2024-06-25 14:30:00,8.28,
2024-06-25 14:45:00,8.23,
2024-06-25 15:00:00,8.18,
2024-06-25 15:15:00,8.13,
2024-06-25 15:30:00,8.09,
2024-06-25 15:45:00,8.02,
2024-06-25 16:00:00,7.96,
2024-06-25 16:15:00,7.89,
2024-06-25 16:30:00,7.82,
2024-06-25 16:45:00,7.82,
2024-06-25 17:00:00,7.81,
2024-06-25 17:15:00,7.77,
2024-06-25 17:30:00,7.73,
2024-06-25 17:45:00,7.69,
2024-06-25 18:00:00,7.66,
2024-06-25 18:15:00,7.61,
2024-06-25 18:30:00,7.53,
2024-06-25 18:45:00,7.49,
2024-06-25 19:00:00,7.48,
2024-06-25 19:15:00,7.49,
2024-06-25 19:30:00,7.5,
2024-06-25 19:45:00,7.51,
2024-06-25 20:00:00,7.52,
2024-06-25 20:15:00,7.51,
2024-06-25 20:30:00,7.51,
2024-06-25 20:45:00,7.51,
2024-06-25 21:00:00,7.51,
2024-06-25 21:15:00,7.51,
2024-06-25 21:30:00,7.52,
2024-06-25 21:45:00,7.53,
2024-06-25 22:00:00,7.55,
2024-06-25 22:15:00,7.56,
2024-06-25 22:30:00,7.58,
2024-06-25 22:45:00,7.6,
2024-06-25 23:00:00,7.61,
2024-06-25 23:15:00,7.63,
2024-06-25 23:30:00,7.65,
2024-06-25 23:45:00,7.66,
2024-06-26 00:00:00,7.68,
2024-06-26 00:15:00,7.69,
2024-06-26 00:30:00,7.71,
2024-06-26 00:45:00,7.72,
2024-06-26 01:00:00,7.73,
2024-06-26 01:15:00,7.74,
2024-06-26 01:30:00,7.76,
2024-06-26 01:45:00,7.76,
2024-06-26 02:00:00,7.77,
2024-06-26 02:15:00,7.78,
2024-06-26 02:30:00,7.78,
2024-06-26 02:45:00,7.79,
2024-06-26 03:00:00,7.79,
2024-06-26 03:15:00,7.8,
2024-06-26 03:30:00,7.82,
2024-06-26 03:45:00,7.82,
2024-06-26 04:00:00,7.83,
2024-06-26 04:15:00,7.84,
2024-06-26 04:30:00,7.84,
2024-06-26 04:45:00,7.84,
2024-06-26 05:00:00,7.86,
2024-06-26 05:15:00,7.87,
2024-06-26 05:30:00,7.88,
2024-06-26 05:45:00,7.9,
2024-06-26 06:00:00,7.92,
2024-06-26 06:15:00,7.95,
2024-06-26 06:30:00,7.97,
2024-06-26 06:45:00,8.0,
2024-06-26 07:00:00,8.05,
2024-06-26 07:15:00,8.09,
2024-06-26 07:30:00,8.14,
2024-06-26 07:45:00,8.18,
2024-06-26 08:00:00,8.2,
2024-06-26 08:15:00,8.22,
2024-06-26 08:30:00,8.27,
2024-06-26 08:45:00,8.34,
2024-06-26 09:00:00,8.4,
2024-06-26 09:15:00,8.4,
2024-06-26 09:30:00,8.43,
2024-06-26 09:45:00,8.49,
2024-06-26 10:00:00,8.54,
2024-06-26 10:15:00,,MNT
2024-06-26 10:30:00,,MNT
2024-06-26 10:45:00,,MNT
2024-06-26 11:00:00,,MNT
2024-06-26 11:15:00,,MNT
2024-06-26 11:30:00,,MNT
2024-06-26 11:45:00,,MNT
2024-06-26 12:00:00,,SM
2024-06-26 12:15:00,,SM
2024-06-26 12:30:00,,SM
2024-06-26 12:45:00,,SM
2024-06-26 13:00:00,,SM
2024-06-26 13:15:00,,SM
2024-06-26 13:30:00,,SM
2024-06-26 13:45:00,,SM
2024-06-26 14:00:00,,SM
2024-06-26 14:15:00,,SM
2024-06-26 14:30:00,,SM
2024-06-26 14:45:00,,SM
2024-06-26 15:00:00,,SM
2024-06-26 15:15:00,,SM
2024-06-26 15:30:00,,SM
2024-06-26 15:45:00,,SM
2024-06-26 16:00:00,,SM
2024-06-26 16:15:00,,SM
2024-06-26 16:30:00,,SM
2024-06-26 16:45:00,,SM
2024-06-26 17:00:00,,SM
2024-06-26 17:15:00,,SM
2024-06-26 17:30:00,,SM
2024-06-26 17:45:00,,SM
2024-06-26 18:00:00,,SM
2024-06-26 18:15:00,,SM
2024-06-26 18:30:00,,SM
2024-06-26 18:45:00,,SM
2024-06-26 19:00:00,,SM
2024-06-26 19:15:00,,SM
2024-06-26 19:30:00,,SM
2024-06-26 19:45:00,,SM
2024-06-26 20:00:00,,SM
2024-06-26 20:15:00,,SM
2024-06-26 20:30:00,,SM
2024-06-26 20:45:00,,SM
2024-06-26 21:00:00,,SM
2024-06-26 21:15:00,,SM
2024-06-26 21:30:00,,SM
2024-06-26 21:45:00,,SM
2024-06-26 22:00:00,,SM
2024-06-26 22:15:00,,SM
2024-06-26 22:30:00,,SM
2024-06-26 22:45:00,,SM
2024-06-26 23:00:00,,SM
2024-06-26 23:15:00,,SM
2024-06-26 23:30:00,,SM
2024-06-26 23:45:00,,SM
2024-06-27 00:00:00,,SM
2024-06-27 00:15:00,,SM
2024-06-27 00:30:00,,SM
2024-06-27 00:45:00,,SM
2024-06-27 01:00:00,,SM
2024-06-27 01:15:00,,SM
2024-06-27 01:30:00,,SM
2024-06-27 01:45:00,,SM
2024-06-27 02:00:00,,SM
2024-06-27 02:15:00,,SM
2024-06-27 02:30:00,,SM
2024-06-27 02:45:00,,SM
2024-06-27 03:00:00,,SM
2024-06-27 03:15:00,,SM
2024-06-27 03:30:00,,SM
2024-06-27 03:45:00,,SM
2024-06-27 04:00:00,,SM
2024-06-27 04:15:00,,SM
2024-06-27 04:30:00,,SM
2024-06-27 04:45:00,,SM
2024-06-27 05:00:00,,SM
2024-06-27 05:15:00,,SM
2024-06-27 05:30:00,,SM
2024-06-27 05:45:00,,SM
2024-06-27 06:00:00,,SM
2024-06-27 06:15:00,,SM
2024-06-27 06:30:00,,SM
2024-06-27 06:45:00,,SM
2024-06-27 07:00:00,,SM
2024-06-27 07:15:00,,SM
2024-06-27 07:30:00,,SM
2024-06-27 07:45:00,,SM
2024-06-27 08:00:00,,SM
2024-06-27 08:15:00,,SM
2024-06-27 08:30:00,,SM
2024-06-27 08:45:00,,SM
2024-06-27 09:00:00,,SM
2024-06-27 09:15:00,,SM
2024-06-27 09:30:00,,SM
2024-06-27 09:45:00,,SM
2024-06-27 10:00:00,,SM
2024-06-27 10:15:00,,SM
2024-06-27 10:30:00,,SM
2024-06-27 10:45:00,,SM
2024-06-27 11:00:00,,SM
2024-06-27 11:15:00,,SM
2024-06-27 11:30:00,,SM
2024-06-27 11:45:00,,SM
2024-06-27 12:00:00,,SM
2024-06-27 12:15:00,,SM
2024-06-27 12:30:00,,SM
2024-06-27 12:45:00,,SM
2024-06-27 13:00:00,,SM
2024-06-27 13:15:00,,SM
2024-06-27 13:30:00,,SM
2024-06-27 13:45:00,,SM
2024-06-27 14:00:00,,SM
2024-06-27 14:15:00,,SM
2024-06-27 14:30:00,,SM
2024-06-27 14:45:00,,SM
2024-06-27 15:00:00,,SM
2024-06-27 15:15:00,,SM
2024-06-27 15:30:00,,SM
2024-06-27 15:45:00,,SM
2024-06-27 16:00:00,,SM
2024-06-27 16:15:00,,SM
2024-06-27 16:30:00,,SM
2024-06-27 16:45:00,,SM
2024-06-27 17:00:00,,SM
2024-06-27 17:15:00,,SM
2024-06-27 17:30:00,,SM
2024-06-27 17:45:00,,SM
2024-06-27 18:00:00,,SM
2024-06-27 18:15:00,,SM
2024-06-27 18:30:00,,SM
2024-06-27 18:45:00,,SM
2024-06-27 19:00:00,,SM
2024-06-27 19:15:00,,SM
2024-06-27 19:30:00,,SM
2024-06-27 19:45:00,,SM
2024-06-27 20:00:00,,SM
2024-06-27 20:15:00,,SM
2024-06-27 20:30:00,,SM
2024-06-27 20:45:00,,SM
2024-06-27 21:00:00,,SM
2024-06-27 21:15:00,,SM
2024-06-27 21:30:00,,SM
2024-06-27 21:45:00,,SM
2024-06-27 22:00:00,,SM
2024-06-27 22:15:00,,SM
2024-06-27 22:30:00,,SM
2024-06-27 22:45:00,,SM
2024-06-27 23:00:00,,SM
2024-06-27 23:15:00,,SM
2024-06-27 23:30:00,,SM
2024-06-27 23:45:00,,SM
2024-06-28 00:00:00,,SM
2024-06-28 00:15:00,,SM
2024-06-28 00:30:00,,SM
2024-06-28 00:45:00,,SM
2024-06-28 01:00:00,,SM
2024-06-28 01:15:00,,SM
2024-06-28 01:30:00,,SM
2024-06-28 01:45:00,,SM
2024-06-28 02:00:00,,SM
2024-06-28 02:15:00,,SM
2024-06-28 02:30:00,,SM
2024-06-28 02:45:00,,SM
2024-06-28 03:00:00,,SM
2024-06-28 03:15:00,,SM
2024-06-28 03:30:00,,SM
2024-06-28 03:45:00,,SM
2024-06-28 04:00:00,,SM
2024-06-28 04:15:00,,SM
2024-06-28 04:30:00,,SM
2024-06-28 04:45:00,,SM
2024-06-28 05:00:00,,SM
2024-06-28 05:15:00,,SM
2024-06-28 05:30:00,,SM
2024-06-28 05:45:00,,SM
2024-06-28 06:00:00,,SM
2024-06-28 06:15:00,,SM
2024-06-28 06:30:00,,SM
2024-06-28 06:45:00,,SM
2024-06-28 07:00:00,,SM
2024-06-28 07:15:00,,SM
2024-06-28 07:30:00,,SM
2024-06-28 07:45:00,,SM
2024-06-28 08:00:00,,SM
2024-06-28 08:15:00,,SM
2024-06-28 08:30:00,,SM
2024-06-28 08:45:00,,SM
2024-06-28 09:00:00,,SM
2024-06-28 09:15:00,,SM
2024-06-28 09:30:00,,SM
2024-06-28 09:45:00,,SM
2024-06-28 10:00:00,8.55,
2024-06-28 10:15:00,8.57,
2024-06-28 10:30:00,8.61,
2024-06-28 10:45:00,8.63,
2024-06-28 11:00:00,8.64,
2024-06-28 11:15:00,8.64,
2024-06-28 11:30:00,8.64,
2024-06-28 11:45:00,8.65,
2024-06-28 12:00:00,8.65,
2024-06-28 12:15:00,8.63,
2024-06-28 12:30:00,8.62,
2024-06-28 12:45:00,8.6,
2024-06-28 13:00:00,8.59,
2024-06-28 13:15:00,8.55,
2024-06-28 13:30:00,8.52,
2024-06-28 13:45:00,8.48,
2024-06-28 14:00:00,8.44,
2024-06-28 14:15:00,8.41,
2024-06-28 14:30:00,8.35,
2024-06-28 14:45:00,8.31,
2024-06-28 15:00:00,8.29,
2024-06-28 15:15:00,8.26,
2024-06-28 15:30:00,8.23,
2024-06-28 15:45:00,8.21,
2024-06-28 16:00:00,8.18,
2024-06-28 16:15:00,8.16,
2024-06-28 16:30:00,8.12,
2024-06-28 16:45:00,8.08,
2024-06-28 17:00:00,8.03,
2024-06-28 17:15:00,7.99,
2024-06-28 17:30:00,7.94,
2024-06-28 17:45:00,7.91,
2024-06-28 18:00:00,7.88,
2024-06-28 18:15:00,7.85,
2024-06-28 18:30:00,7.82,
2024-06-28 18:45:00,7.8,
2024-06-28 19:00:00,7.77,
2024-06-28 19:15:00,7.76,
2024-06-28 19:30:00,7.73,
2024-06-28 19:45:00,7.69,
2024-06-28 20:00:00,7.69,
2024-06-28 20:15:00,7.71,
2024-06-28 20:30:00,7.71,
2024-06-28 20:45:00,7.7,
2024-06-28 21:00:00,7.7,
2024-06-28 21:15:00,7.7,
2024-06-28 21:30:00,7.71,
2024-06-28 21:45:00,7.71,
2024-06-28 22:00:00,7.72,
2024-06-28 22:15:00,7.75,
2024-06-28 22:30:00,7.76,
2024-06-28 22:45:00,7.78,
2024-06-28 23:00:00,7.8,
2024-06-28 23:15:00,7.82,
2024-06-28 23:30:00,7.84,
2024-06-28 23:45:00,7.86,
2024-06-29 00:00:00,7.88,
2024-06-29 00:15:00,7.89,
2024-06-29 00:30:00,7.9,
2024-06-29 00:45:00,7.92,
2024-06-29 01:00:00,7.94,
2024-06-29 01:15:00,7.95,
2024-06-29 01:30:00,7.96,
2024-06-29 01:45:00,7.98,
2024-06-29 02:00:00,7.99,
2024-06-29 02:15:00,8.01,
2024-06-29 02:30:00,8.02,
2024-06-29 02:45:00,8.04,
2024-06-29 03:00:00,8.06,
2024-06-29 03:15:00,8.08,
2024-06-29 03:30:00,8.09,
2024-06-29 03:45:00,8.09,
2024-06-29 04:00:00,8.11,
2024-06-29 04:15:00,8.11,
2024-06-29 04:30:00,8.12,
2024-06-29 04:45:00,8.14,
2024-06-29 05:00:00,8.15,
2024-06-29 05:15:00,8.17,
2024-06-29 05:30:00,8.19,
2024-06-29 05:45:00,8.2,
2024-06-29 06:00:00,8.23,
2024-06-29 06:15:00,8.27,
2024-06-29 06:30:00,8.28,
2024-06-29 06:45:00,8.32,
2024-06-29 07:00:00,8.35,
2024-06-29 07:15:00,8.4,
2024-06-29 07:30:00,8.45,
2024-06-29 07:45:00,8.48,
2024-06-29 08:00:00,8.53,
2024-06-29 08:15:00,8.58,
2024-06-29 08:30:00,8.62,
2024-06-29 08:45:00,8.65,
2024-06-29 09:00:00,8.69,
2024-06-29 09:15:00,8.7,
2024-06-29 09:30:00,8.72,
2024-06-29 09:45:00,8.76,
2024-06-29 10:00:00,8.78,
2024-06-29 10:15:00,8.78,
2024-06-29 10:30:00,8.79,
2024-06-29 10:45:00,8.8,
2024-06-29 11:00:00,8.8,
2024-06-29 11:15:00,8.8,
2024-06-29 11:30:00,8.81,
2024-06-29 11:45:00,8.74,
2024-06-29 12:00:00,8.69,
2024-06-29 12:15:00,8.71,
2024-06-29 12:30:00,8.71,
2024-06-29 12:45:00,8.71,
2024-06-29 13:00:00,8.68,
2024-06-29 13:15:00,8.66,
2024-06-29 13:30:00,8.61,
2024-06-29 13:45:00,8.57,
2024-06-29 14:00:00,8.51,
2024-06-29 14:15:00,8.46,
2024-06-29 14:30:00,8.41,
2024-06-29 14:45:00,8.36,
2024-06-29 15:00:00,8.3,
2024-06-29 15:15:00,8.26,
2024-06-29 15:30:00,8.2,
2024-06-29 15:45:00,8.16,
2024-06-29 16:00:00,8.11,
2024-06-29 16:15:00,8.06,
2024-06-29 16:30:00,8.02,
2024-06-29 16:45:00,7.97,
2024-06-29 17:00:00,7.92,
2024-06-29 17:15:00,7.87,
2024-06-29 17:30:00,7.8,
2024-06-29 17:45:00,7.76,
2024-06-29 18:00:00,7.73,
2024-06-29 18:15:00,7.69,
2024-06-29 18:30:00,7.67,
2024-06-29 18:45:00,7.64,
2024-06-29 19:00:00,7.62,
2024-06-29 19:15:00,7.61,
2024-06-29 19:30:00,7.59,
2024-06-29 19:45:00,7.59,
2024-06-29 20:00:00,7.57,
2024-06-29 20:15:00,7.54,
2024-06-29 20:30:00,7.51,
2024-06-29 20:45:00,7.51,
2024-06-29 21:00:00,7.51,
2024-06-29 21:15:00,7.52,
2024-06-29 21:30:00,7.52,
2024-06-29 21:45:00,7.53,
2024-06-29 22:00:00,7.55,
2024-06-29 22:15:00,7.56,
2024-06-29 22:30:00,7.57,
2024-06-29 22:45:00,7.58,
2024-06-29 23:00:00,7.6,
2024-06-29 23:15:00,7.61,
2024-06-29 23:30:00,7.64,
2024-06-29 23:45:00,7.66,
2024-06-30 00:00:00,7.68,
2024-06-30 00:15:00,7.69,
2024-06-30 00:30:00,7.72,
2024-06-30 00:45:00,7.74,
2024-06-30 01:00:00,7.75,
2024-06-30 01:15:00,7.77,
2024-06-30 01:30:00,7.79,
2024-06-30 01:45:00,7.8,
2024-06-30 02:00:00,7.81,
2024-06-30 02:15:00,7.83,
2024-06-30 02:30:00,7.84,
2024-06-30 02:45:00,7.86,
2024-06-30 03:00:00,7.87,
2024-06-30 03:15:00,7.89,
2024-06-30 03:30:00,7.9,
2024-06-30 03:45:00,7.91,
2024-06-30 04:00:00,7.92,
2024-06-30 04:15:00,7.94,
2024-06-30 04:30:00,7.94,
2024-06-30 04:45:00,7.96,
2024-06-30 05:00:00,7.97,
2024-06-30 05:15:00,7.99,
2024-06-30 05:30:00,8.0,
2024-06-30 05:45:00,8.02,
2024-06-30 06:00:00,8.05,
2024-06-30 06:15:00,8.08,
2024-06-30 06:30:00,8.11,
2024-06-30 06:45:00,8.14,
2024-06-30 07:00:00,8.19,
2024-06-30 07:15:00,8.22,
2024-06-30 07:30:00,8.27,
2024-06-30 07:45:00,8.31,
2024-06-30 08:00:00,8.35,
2024-06-30 08:15:00,8.37,
2024-06-30 08:30:00,8.41,
2024-06-30 08:45:00,8.44,
2024-06-30 09:00:00,8.47,
2024-06-30 09:15:00,8.5,
2024-06-30 09:30:00,8.54,
2024-06-30 09:45:00,8.56,
2024-06-30 10:00:00,8.57,
2024-06-30 10:15:00,8.56,
2024-06-30 10:30:00,8.57,
2024-06-30 10:45:00,8.58,
2024-06-30 11:00:00,8.61,
2024-06-30 11:15:00,8.61,
2024-06-30 11:30:00,8.61,
2024-06-30 11:45:00,8.61,
2024-06-30 12:00:00,8.61,
2024-06-30 12:15:00,8.6,
2024-06-30 12:30:00,8.6,
2024-06-30 12:45:00,8.57,
2024-06-30 13:00:00,8.55,
2024-06-30 13:15:00,8.53,
2024-06-30 13:30:00,8.51,
2024-06-30 13:45:00,8.47,
2024-06-30 14:00:00,8.45,
2024-06-30 14:15:00,8.41,
2024-06-30 14:30:00,8.37,
2024-06-30 14:45:00,8.33,
2024-06-30 15:00:00,8.29,
2024-06-30 15:15:00,8.25,
2024-06-30 15:30:00,8.2,
2024-06-30 15:45:00,8.15,
2024-06-30 16:00:00,8.11,
2024-06-30 16:15:00,8.06,
2024-06-30 16:30:00,8.01,
2024-06-30 16:45:00,7.97,
2024-06-30 17:00:00,7.92,
2024-06-30 17:15:00,7.87,
2024-06-30 17:30:00,7.83,
2024-06-30 17:45:00,7.78,
2024-06-30 18:00:00,7.75,
2024-06-30 18:15:00,7.7,
2024-06-30 18:30:00,7.67,
2024-06-30 18:45:00,7.64,
2024-06-30 19:00:00,7.62,
2024-06-30 19:15:00,7.59,
2024-06-30 19:30:00,7.57,
2024-06-30 19:45:00,7.56,
2024-06-30 20:00:00,7.53,
2024-06-30 20:15:00,7.51,
2024-06-30 20:30:00,7.5,
2024-06-30 20:45:00,7.49,
2024-06-30 21:00:00,7.49,
2024-06-30 21:15:00,7.5,
2024-06-30 21:30:00,7.51,
2024-06-30 21:45:00,7.52,
2024-06-30 22:00:00,7.54,
2024-06-30 22:15:00,7.55,
2024-06-30 22:30:00,7.57,
2024-06-30 22:45:00,7.59,
2024-06-30 23:00:00,7.61,
2024-06-30 23:15:00,7.63,
2024-06-30 23:30:00,7.64,
2024-06-30 23:45:00,7.66,
2024-07-01 00:00:00,7.68,
2024-07-01 00:15:00,7.68,
2024-07-01 00:30:00,7.71,
2024-07-01 00:45:00,7.72,
2024-07-01 01:00:00,7.74,
2024-07-01 01:15:00,7.76,
2024-07-01 01:30:00,7.78,
2024-07-01 01:45:00,7.79,
2024-07-01 02:00:00,7.81,
2024-07-01 02:15:00,7.83,
2024-07-01 02:30:00,7.85,
2024-07-01 02:45:00,7.86,
2024-07-01 03:00:00,7.88,
2024-07-01 03:15:00,7.89,
2024-07-01 03:30:00,7.9,
2024-07-01 03:45:00,7.92,
2024-07-01 04:00:00,7.93,
2024-07-01 04:15:00,7.94,
2024-07-01 04:30:00,7.95,
2024-07-01 04:45:00,7.96,
2024-07-01 05:00:00,7.96,
2024-07-01 05:15:00,7.97,
2024-07-01 05:30:00,7.97,
2024-07-01 05:45:00,7.97,
2024-07-01 06:00:00,7.98,
2024-07-01 06:15:00,7.99,
2024-07-01 06:30:00,7.99,
2024-07-01 06:45:00,8.0,
2024-07-01 07:00:00,8.04,
2024-07-01 07:15:00,8.09,
2024-07-01 07:30:00,8.14,
2024-07-01 07:45:00,8.17,
2024-07-01 08:00:00,8.24,
2024-07-01 08:15:00,8.33,
2024-07-01 08:30:00,8.41,
2024-07-01 08:45:00,8.47,
2024-07-01 09:00:00,8.49,
2024-07-01 09:15:00,8.53,
2024-07-01 09:30:00,8.57,
2024-07-01 09:45:00,8.6,
2024-07-01 10:00:00,8.61,
2024-07-01 10:15:00,8.62,
2024-07-01 10:30:00,8.64,
2024-07-01 10:45:00,8.65,
2024-07-01 11:00:00,8.66,
2024-07-01 11:15:00,8.65,
2024-07-01 11:30:00,8.63,
2024-07-01 11:45:00,8.61,
2024-07-01 12:00:00,8.6,
2024-07-01 12:15:00,8.58,
2024-07-01 12:30:00,8.58,
2024-07-01 12:45:00,8.56,
2024-07-01 13:00:00,8.54,
2024-07-01 13:15:00,8.49,
2024-07-01 13:30:00,8.45,
2024-07-01 13:45:00,8.41,
2024-07-01 14:00:00,8.39,
2024-07-01 14:15:00,8.35,
2024-07-01 14:30:00,8.3,
2024-07-01 14:45:00,8.27,
2024-07-01 15:00:00,8.23,
2024-07-01 15:15:00,8.18,
2024-07-01 15:30:00,8.15,
2024-07-01 15:45:00,8.12,
2024-07-01 16:00:00,8.08,
2024-07-01 16:15:00,8.04,
2024-07-01 16:30:00,8.0,
2024-07-01 16:45:00,7.97,
2024-07-01 17:00:00,7.92,
2024-07-01 17:15:00,7.86,
2024-07-01 17:30:00,7.82,
2024-07-01 17:45:00,7.8,
2024-07-01 18:00:00,7.75,
2024-07-01 18:15:00,7.72,
2024-07-01 18:30:00,7.67,
2024-07-01 18:45:00,7.63,
2024-07-01 19:00:00,7.59,
2024-07-01 19:15:00,7.57,
2024-07-01 19:30:00,7.54,
2024-07-01 19:45:00,7.52,
2024-07-01 20:00:00,7.51,
2024-07-01 20:15:00,7.49,
2024-07-01 20:30:00,7.49,
2024-07-01 20:45:00,7.48,
2024-07-01 21:00:00,7.5,
2024-07-01 21:15:00,7.5,
2024-07-01 21:30:00,7.52,
2024-07-01 21:45:00,7.53,
2024-07-01 22:00:00,7.55,
2024-07-01 22:15:00,7.57,
2024-07-01 22:30:00,7.6,
2024-07-01 22:45:00,7.61,
2024-07-01 23:00:00,7.64,
2024-07-01 23:15:00,7.66,
2024-07-01 23:30:00,7.69,
2024-07-01 23:45:00,7.69,
2024-07-02 00:00:00,7.71,
2024-07-02 00:15:00,7.72,
2024-07-02 00:30:00,7.74,
2024-07-02 00:45:00,7.76,
2024-07-02 01:00:00,7.77,
2024-07-02 01:15:00,7.79,
2024-07-02 01:30:00,7.81,
2024-07-02 01:45:00,7.83,
2024-07-02 02:00:00,7.85,
2024-07-02 02:15:00,7.87,
2024-07-02 02:30:00,7.88,
2024-07-02 02:45:00,7.91,
2024-07-02 03:00:00,7.92,
2024-07-02 03:15:00,7.95,
2024-07-02 03:30:00,7.97,
2024-07-02 03:45:00,7.99,
2024-07-02 04:00:00,8.0,
2024-07-02 04:15:00,8.02,
2024-07-02 04:30:00,8.03,
2024-07-02 04:45:00,8.05,
2024-07-02 05:00:00,8.07,
2024-07-02 05:15:00,8.09,
2024-07-02 05:30:00,8.11,
2024-07-02 05:45:00,8.15,
2024-07-02 06:00:00,8.16,
2024-07-02 06:15:00,8.19,
2024-07-02 06:30:00,8.25,
2024-07-02 06:45:00,8.28,
2024-07-02 07:00:00,8.33,
2024-07-02 07:15:00,8.37,
2024-07-02 07:30:00,8.4,
2024-07-02 07:45:00,8.46,
2024-07-02 08:00:00,8.5,
2024-07-02 08:15:00,8.55,
2024-07-02 08:30:00,8.58,
2024-07-02 08:45:00,8.61,
2024-07-02 09:00:00,8.64,
2024-07-02 09:15:00,8.66,
2024-07-02 09:30:00,8.7,
2024-07-02 09:45:00,8.73,
2024-07-02 10:00:00,8.74,
2024-07-02 10:15:00,8.77,
2024-07-02 10:30:00,8.79,
2024-07-02 10:45:00,8.81,
2024-07-02 11:00:00,8.82,
2024-07-02 11:15:00,8.84,
2024-07-02 11:30:00,8.83,
2024-07-02 11:45:00,8.83,
2024-07-02 12:00:00,8.82,
2024-07-02 12:15:00,8.81,
2024-07-02 12:30:00,8.8,
2024-07-02 12:45:00,8.76,
2024-07-02 13:00:00,8.74,
2024-07-02 13:15:00,8.71,
2024-07-02 13:30:00,8.68,
2024-07-02 13:45:00,8.65,
2024-07-02 14:00:00,8.6,
2024-07-02 14:15:00,8.57,
2024-07-02 14:30:00,8.52,
2024-07-02 14:45:00,8.48,
2024-07-02 15:00:00,8.44,
2024-07-02 15:15:00,8.39,
2024-07-02 15:30:00,8.35,
2024-07-02 15:45:00,8.3,
2024-07-02 16:00:00,8.26,
2024-07-02 16:15:00,8.21,
2024-07-02 16:30:00,8.17,
2024-07-02 16:45:00,8.12,
2024-07-02 17:00:00,8.08,
2024-07-02 17:15:00,8.03,
2024-07-02 17:30:00,7.99,
2024-07-02 17:45:00,7.94,
2024-07-02 18:00:00,7.9,
2024-07-02 18:15:00,7.87,
2024-07-02 18:30:00,7.82,
2024-07-02 18:45:00,7.8,
2024-07-02 19:00:00,7.78,
2024-07-02 19:15:00,7.76,
2024-07-02 19:30:00,7.75,
2024-07-02 19:45:00,7.72,
2024-07-02 20:00:00,7.69,
2024-07-02 20:15:00,7.66,
2024-07-02 20:30:00,7.65,
2024-07-02 20:45:00,7.63,
2024-07-02 21:00:00,7.63,
2024-07-02 21:15:00,7.63,
2024-07-02 21:30:00,7.64,
2024-07-02 21:45:00,7.65,
2024-07-02 22:00:00,7.67,
2024-07-02 22:15:00,7.69,
2024-07-02 22:30:00,7.71,
2024-07-02 22:45:00,7.73,
2024-07-02 23:00:00,7.75,
2024-07-02 23:15:00,7.76,
2024-07-02 23:30:00,7.78,
2024-07-02 23:45:00,7.81,
2024-07-03 00:00:00,7.82,
2024-07-03 00:15:00,7.85,
2024-07-03 00:30:00,7.87,
2024-07-03 00:45:00,7.89,
2024-07-03 01:00:00,7.91,
2024-07-03 01:15:00,7.93,
2024-07-03 01:30:00,7.95,
2024-07-03 01:45:00,7.97,
2024-07-03 02:00:00,7.99,
2024-07-03 02:15:00,8.01,
2024-07-03 02:30:00,8.02,
2024-07-03 02:45:00,8.04,
2024-07-03 03:00:00,8.05,
2024-07-03 03:15:00,8.07,
2024-07-03 03:30:00,8.08,
2024-07-03 03:45:00,8.1,
2024-07-03 04:00:00,8.11,
2024-07-03 04:15:00,8.13,
2024-07-03 04:30:00,8.14,
2024-07-03 04:45:00,8.15,
2024-07-03 05:00:00,8.16,
2024-07-03 05:15:00,8.19,
2024-07-03 05:30:00,8.2,
2024-07-03 05:45:00,8.22,
2024-07-03 06:00:00,8.26,
2024-07-03 06:15:00,8.27,
2024-07-03 06:30:00,8.33,
2024-07-03 06:45:00,8.38,
2024-07-03 07:00:00,8.41,
2024-07-03 07:15:00,8.45,
2024-07-03 07:30:00,8.52,
2024-07-03 07:45:00,8.55,
2024-07-03 08:00:00,8.61,
2024-07-03 08:15:00,8.65,
2024-07-03 08:30:00,8.67,
2024-07-03 08:45:00,8.71,
2024-07-03 09:00:00,8.73,
2024-07-03 09:15:00,8.77,
2024-07-03 09:30:00,8.78,
2024-07-03 09:45:00,8.8,
2024-07-03 10:00:00,8.83,
2024-07-03 10:15:00,8.84,
2024-07-03 10:30:00,8.85,
2024-07-03 10:45:00,8.86,
2024-07-03 11:00:00,8.86,
2024-07-03 11:15:00,8.87,
2024-07-03 11:30:00,8.87,
2024-07-03 11:45:00,8.87,
2024-07-03 12:00:00,8.85,
2024-07-03 12:15:00,8.85,
2024-07-03 12:30:00,8.84,
2024-07-03 12:45:00,8.8,
2024-07-03 13:00:00,8.66,
2024-07-03 13:15:00,8.67,
2024-07-03 13:30:00,8.67,
2024-07-03 13:45:00,8.64,
2024-07-03 14:00:00,8.61,
2024-07-03 14:15:00,8.5,
2024-07-03 14:30:00,8.5,
2024-07-03 14:45:00,8.33,
2024-07-03 15:00:00,8.21,
2024-07-03 15:15:00,8.29,
2024-07-03 15:30:00,8.31,
2024-07-03 15:45:00,8.28,
2024-07-03 16:00:00,8.1,
2024-07-03 16:15:00,8.15,
2024-07-03 16:30:00,8.17,
2024-07-03 16:45:00,8.13,
2024-07-03 17:00:00,8.07,
2024-07-03 17:15:00,8.02,
2024-07-03 17:30:00,7.97,
2024-07-03 17:45:00,7.93,
2024-07-03 18:00:00,7.89,
2024-07-03 18:15:00,7.86,
2024-07-03 18:30:00,7.82,
2024-07-03 18:45:00,7.8,
2024-07-03 19:00:00,7.77,
2024-07-03 19:15:00,7.76,
2024-07-03 19:30:00,7.76,
2024-07-03 19:45:00,7.75,
2024-07-03 20:00:00,7.74,
2024-07-03 20:15:00,7.73,
2024-07-03 20:30:00,7.71,
2024-07-03 20:45:00,7.7,
2024-07-03 21:00:00,7.71,
2024-07-03 21:15:00,7.72,
2024-07-03 21:30:00,7.73,
2024-07-03 21:45:00,7.74,
2024-07-03 22:00:00,7.75,
2024-07-03 22:15:00,7.77,
2024-07-03 22:30:00,7.79,
2024-07-03 22:45:00,7.82,
2024-07-03 23:00:00,7.83,
2024-07-03 23:15:00,7.86,
2024-07-03 23:30:00,7.88,
2024-07-03 23:45:00,7.91,
2024-07-04 00:00:00,7.94,
2024-07-04 00:15:00,7.96,
2024-07-04 00:30:00,7.98,
2024-07-04 00:45:00,8.01,
2024-07-04 01:00:00,8.04,
2024-07-04 01:15:00,8.07,
2024-07-04 01:30:00,8.09,
2024-07-04 01:45:00,8.11,
2024-07-04 02:00:00,8.13,
2024-07-04 02:15:00,8.14,
2024-07-04 02:30:00,8.16,
2024-07-04 02:45:00,8.18,
2024-07-04 03:00:00,8.21,
2024-07-04 03:15:00,8.21,
2024-07-04 03:30:00,8.25,
2024-07-04 03:45:00,8.26,
2024-07-04 04:00:00,8.28,
2024-07-04 04:15:00,8.29,
2024-07-04 04:30:00,8.29,
2024-07-04 04:45:00,8.31,
2024-07-04 05:00:00,8.34,
2024-07-04 05:15:00,8.35,
2024-07-04 05:30:00,8.38,
2024-07-04 05:45:00,8.41,
2024-07-04 06:00:00,8.43,
2024-07-04 06:15:00,8.47,
2024-07-04 06:30:00,8.51,
2024-07-04 06:45:00,8.56,
2024-07-04 07:00:00,8.61,
2024-07-04 07:15:00,8.66,
2024-07-04 07:30:00,8.72,
2024-07-04 07:45:00,8.77,
2024-07-04 08:00:00,8.82,
2024-07-04 08:15:00,8.86,
2024-07-04 08:30:00,8.9,
2024-07-04 08:45:00,8.93,
2024-07-04 09:00:00,8.97,
2024-07-04 09:15:00,8.98,
2024-07-04 09:30:00,9.01,
2024-07-04 09:45:00,9.03,
2024-07-04 10:00:00,9.07,
2024-07-04 10:15:00,9.07,
2024-07-04 10:30:00,9.08,
2024-07-04 10:45:00,9.08,
2024-07-04 11:00:00,9.08,
2024-07-04 11:15:00,9.09,
2024-07-04 11:30:00,9.09,
2024-07-04 11:45:00,9.08,
2024-07-04 12:00:00,9.08,
2024-07-04 12:15:00,9.06,
2024-07-04 12:30:00,9.05,
2024-07-04 12:45:00,9.02,
2024-07-04 13:00:00,9.0,
2024-07-04 13:15:00,8.95,
2024-07-04 13:30:00,8.91,
2024-07-04 13:45:00,8.88,
2024-07-04 14:00:00,8.82,
2024-07-04 14:15:00,8.77,
2024-07-04 14:30:00,8.73,
2024-07-04 14:45:00,8.67,
2024-07-04 15:00:00,8.63,
2024-07-04 15:15:00,8.59,
2024-07-04 15:30:00,8.53,
2024-07-04 15:45:00,8.5,
2024-07-04 16:00:00,8.46,
2024-07-04 16:15:00,8.4,
2024-07-04 16:30:00,8.37,
2024-07-04 16:45:00,8.3,
2024-07-04 17:00:00,8.25,
2024-07-04 17:15:00,8.21,
2024-07-04 17:30:00,8.17,
2024-07-04 17:45:00,8.12,
2024-07-04 18:00:00,8.08,
2024-07-04 18:15:00,8.04,
2024-07-04 18:30:00,8.01,
2024-07-04 18:45:00,7.98,
2024-07-04 19:00:00,7.96,
2024-07-04 19:15:00,7.93,
2024-07-04 19:30:00,7.91,
2024-07-04 19:45:00,7.9,
2024-07-04 20:00:00,7.88,
2024-07-04 20:15:00,7.86,
2024-07-04 20:30:00,7.85,
2024-07-04 20:45:00,7.84,
2024-07-04 21:00:00,7.83,
2024-07-04 21:15:00,7.83,
2024-07-04 21:30:00,7.84,
2024-07-04 21:45:00,7.85,
2024-07-04 22:00:00,7.87,
2024-07-04 22:15:00,7.88,
2024-07-04 22:30:00,7.9,
2024-07-04 22:45:00,7.92,
2024-07-04 23:00:00,7.94,
2024-07-04 23:15:00,7.96,
2024-07-04 23:30:00,7.98,
2024-07-04 23:45:00,7.99,
2024-07-05 00:00:00,8.02,
2024-07-05 00:15:00,8.04,
2024-07-05 00:30:00,8.05,
2024-07-05 00:45:00,8.07,
2024-07-05 01:00:00,8.09,
2024-07-05 01:15:00,8.11,
2024-07-05 01:30:00,8.13,
2024-07-05 01:45:00,8.15,
2024-07-05 02:00:00,8.17,
2024-07-05 02:15:00,8.18,
2024-07-05 02:30:00,8.2,
2024-07-05 02:45:00,8.2,
2024-07-05 03:00:00,8.22,
2024-07-05 03:15:00,8.24,
2024-07-05 03:30:00,8.26,
2024-07-05 03:45:00,8.27,
2024-07-05 04:00:00,8.27,
2024-07-05 04:15:00,8.31,
2024-07-05 04:30:00,8.31,
2024-07-05 04:45:00,8.33,
2024-07-05 05:00:00,8.34,
2024-07-05 05:15:00,8.34,
2024-07-05 05:30:00,8.38,
2024-07-05 05:45:00,8.41,
2024-07-05 06:00:00,8.42,
2024-07-05 06:15:00,8.46,
2024-07-05 06:30:00,8.49,
2024-07-05 06:45:00,8.55,
2024-07-05 07:00:00,8.58,
2024-07-05 07:15:00,8.64,
2024-07-05 07:30:00,8.69,
2024-07-05 07:45:00,8.74,
2024-07-05 08:00:00,8.77,
2024-07-05 08:15:00,8.82,
2024-07-05 08:30:00,8.87,
2024-07-05 08:45:00,8.9,
2024-07-05 09:00:00,8.92,
2024-07-05 09:15:00,8.96,
2024-07-05 09:30:00,8.98,
2024-07-05 09:45:00,8.99,
2024-07-05 10:00:00,9.0,
2024-07-05 10:15:00,9.02,
2024-07-05 10:30:00,9.03,
2024-07-05 10:45:00,9.04,
2024-07-05 11:00:00,9.05,
2024-07-05 11:15:00,9.05,
2024-07-05 11:30:00,9.05,
2024-07-05 11:45:00,9.04,
2024-07-05 12:00:00,9.03,
2024-07-05 12:15:00,9.0,
2024-07-05 12:30:00,8.96,
2024-07-05 12:45:00,8.93,
2024-07-05 13:00:00,8.93,
2024-07-05 13:15:00,8.91,
2024-07-05 13:30:00,8.87,
2024-07-05 13:45:00,8.83,
2024-07-05 14:00:00,8.79,
2024-07-05 14:15:00,8.73,
2024-07-05 14:30:00,8.69,
2024-07-05 14:45:00,8.64,
2024-07-05 15:00:00,8.59,
2024-07-05 15:15:00,8.52,
2024-07-05 15:30:00,8.48,
2024-07-05 15:45:00,8.42,
2024-07-05 16:00:00,8.37,
2024-07-05 16:15:00,8.33,
2024-07-05 16:30:00,8.27,
2024-07-05 16:45:00,8.22,
2024-07-05 17:00:00,8.16,
2024-07-05 17:15:00,8.11,
2024-07-05 17:30:00,8.06,
2024-07-05 17:45:00,8.01,
2024-07-05 18:00:00,7.96,
2024-07-05 18:15:00,7.92,
2024-07-05 18:30:00,7.88,
2024-07-05 18:45:00,7.85,
2024-07-05 19:00:00,7.81,
2024-07-05 19:15:00,7.79,
2024-07-05 19:30:00,7.78,
2024-07-05 19:45:00,7.76,
2024-07-05 20:00:00,7.75,
2024-07-05 20:15:00,7.74,
2024-07-05 20:30:00,7.73,
2024-07-05 20:45:00,7.71,
2024-07-05 21:00:00,7.72,
2024-07-05 21:15:00,7.72,
2024-07-05 21:30:00,7.73,
2024-07-05 21:45:00,7.74,
2024-07-05 22:00:00,7.74,
2024-07-05 22:15:00,7.76,
2024-07-05 22:30:00,7.77,
2024-07-05 22:45:00,7.8,
2024-07-05 23:00:00,7.81,
2024-07-05 23:15:00,7.83,
2024-07-05 23:30:00,7.84,
2024-07-05 23:45:00,7.86,
2024-07-06 00:00:00,7.88,
2024-07-06 00:15:00,7.9,
2024-07-06 00:30:00,7.92,
2024-07-06 00:45:00,7.93,
2024-07-06 01:00:00,7.95,
2024-07-06 01:15:00,7.97,
2024-07-06 01:30:00,7.98,
2024-07-06 01:45:00,8.0,
2024-07-06 02:00:00,8.01,
2024-07-06 02:15:00,8.03,
2024-07-06 02:30:00,8.04,
2024-07-06 02:45:00,8.06,
2024-07-06 03:00:00,8.07,
2024-07-06 03:15:00,8.08,
2024-07-06 03:30:00,8.09,
2024-07-06 03:45:00,8.11,
2024-07-06 04:00:00,8.11,
2024-07-06 04:15:00,8.13,
2024-07-06 04:30:00,8.14,
2024-07-06 04:45:00,8.16,
2024-07-06 05:00:00,8.17,
2024-07-06 05:15:00,8.19,
2024-07-06 05:30:00,8.21,
2024-07-06 05:45:00,8.24,
2024-07-06 06:00:00,8.27,
2024-07-06 06:15:00,8.29,
2024-07-06 06:30:00,8.33,
2024-07-06 06:45:00,8.37,
2024-07-06 07:00:00,8.42,
2024-07-06 07:15:00,8.49,
2024-07-06 07:30:00,8.52,
2024-07-06 07:45:00,8.58,
2024-07-06 08:00:00,8.63,
2024-07-06 08:15:00,8.68,
2024-07-06 08:30:00,8.72,
2024-07-06 08:45:00,8.76,
2024-07-06 09:00:00,8.8,
2024-07-06 09:15:00,8.83,
2024-07-06 09:30:00,8.86,
2024-07-06 09:45:00,8.88,
2024-07-06 10:00:00,8.9,
2024-07-06 10:15:00,8.93,
2024-07-06 10:30:00,8.93,
2024-07-06 10:45:00,8.94,
2024-07-06 11:00:00,8.95,
2024-07-06 11:15:00,8.95,
2024-07-06 11:30:00,8.95,
2024-07-06 11:45:00,8.94,
2024-07-06 12:00:00,8.93,
2024-07-06 12:15:00,8.92,
2024-07-06 12:30:00,8.91,
2024-07-06 12:45:00,8.89,
2024-07-06 13:00:00,8.87,
2024-07-06 13:15:00,8.82,
2024-07-06 13:30:00,8.81,
2024-07-06 13:45:00,8.77,
2024-07-06 14:00:00,8.75,
2024-07-06 14:15:00,8.7,
2024-07-06 14:30:00,8.64,
2024-07-06 14:45:00,8.6,
2024-07-06 15:00:00,8.54,
2024-07-06 15:15:00,8.49,
2024-07-06 15:30:00,8.43,
2024-07-06 15:45:00,8.38,
2024-07-06 16:00:00,8.33,
2024-07-06 16:15:00,8.28,
2024-07-06 16:30:00,8.23,
2024-07-06 16:45:00,8.21,
2024-07-06 17:00:00,8.18,
2024-07-06 17:15:00,8.14,
2024-07-06 17:30:00,8.1,
2024-07-06 17:45:00,8.02,
2024-07-06 18:00:00,7.96,
2024-07-06 18:15:00,7.91,
2024-07-06 18:30:00,7.87,
2024-07-06 18:45:00,7.84,
2024-07-06 19:00:00,7.8,
2024-07-06 19:15:00,7.77,
2024-07-06 19:30:00,7.73,
2024-07-06 19:45:00,7.69,
2024-07-06 20:00:00,7.67,
2024-07-06 20:15:00,7.65,
2024-07-06 20:30:00,7.63,
2024-07-06 20:45:00,7.63,
2024-07-06 21:00:00,7.62,
2024-07-06 21:15:00,7.62,
2024-07-06 21:30:00,7.62,
2024-07-06 21:45:00,7.63,
2024-07-06 22:00:00,7.65,
2024-07-06 22:15:00,7.66,
2024-07-06 22:30:00,7.68,
2024-07-06 22:45:00,7.71,
2024-07-06 23:00:00,7.73,
2024-07-06 23:15:00,7.75,
2024-07-06 23:30:00,7.76,
2024-07-06 23:45:00,7.78,
2024-07-07 00:00:00,7.8,
2024-07-07 00:15:00,7.82,
2024-07-07 00:30:00,7.84,
2024-07-07 00:45:00,7.85,
2024-07-07 01:00:00,7.87,
2024-07-07 01:15:00,7.89,
2024-07-07 01:30:00,7.9,
2024-07-07 01:45:00,7.92,
2024-07-07 02:00:00,7.94,
2024-07-07 02:15:00,7.95,
2024-07-07 02:30:00,7.97,
2024-07-07 02:45:00,7.98,
2024-07-07 03:00:00,8.0,
2024-07-07 03:15:00,8.02,
2024-07-07 03:30:00,8.03,
2024-07-07 03:45:00,8.05,
2024-07-07 04:00:00,8.07,
2024-07-07 04:15:00,8.07,
2024-07-07 04:30:00,8.09,
2024-07-07 04:45:00,8.1,
2024-07-07 05:00:00,8.11,
2024-07-07 05:15:00,8.14,
2024-07-07 05:30:00,8.16,
2024-07-07 05:45:00,8.19,
2024-07-07 06:00:00,8.22,
2024-07-07 06:15:00,8.25,
2024-07-07 06:30:00,8.29,
2024-07-07 06:45:00,8.35,
2024-07-07 07:00:00,8.4,
2024-07-07 07:15:00,8.44,
2024-07-07 07:30:00,8.5,
2024-07-07 07:45:00,8.58,
2024-07-07 08:00:00,8.61,
2024-07-07 08:15:00,8.66,
2024-07-07 08:30:00,8.71,
2024-07-07 08:45:00,8.74,
2024-07-07 09:00:00,8.78,
2024-07-07 09:15:00,8.82,
2024-07-07 09:30:00,8.85,
2024-07-07 09:45:00,8.86,
2024-07-07 10:00:00,8.89,
2024-07-07 10:15:00,8.92,
2024-07-07 10:30:00,8.93,
2024-07-07 10:45:00,8.94,
2024-07-07 11:00:00,8.96,
2024-07-07 11:15:00,8.95,
2024-07-07 11:30:00,8.95,
2024-07-07 11:45:00,8.95,
2024-07-07 12:00:00,8.95,
2024-07-07 12:15:00,8.94,
2024-07-07 12:30:00,8.92,
2024-07-07 12:45:00,8.88,
2024-07-07 13:00:00,8.86,
2024-07-07 13:15:00,8.84,
2024-07-07 13:30:00,8.8,
2024-07-07 13:45:00,8.76,
2024-07-07 14:00:00,8.73,
2024-07-07 14:15:00,8.68,
2024-07-07 14:30:00,8.63,
2024-07-07 14:45:00,8.59,
2024-07-07 15:00:00,8.54,
2024-07-07 15:15:00,8.5,
2024-07-07 15:30:00,8.45,
2024-07-07 15:45:00,8.39,
2024-07-07 16:00:00,8.34,
2024-07-07 16:15:00,8.27,
2024-07-07 16:30:00,8.2,
2024-07-07 16:45:00,8.16,
2024-07-07 17:00:00,8.1,
2024-07-07 17:15:00,8.05,
2024-07-07 17:30:00,8.0,
2024-07-07 17:45:00,7.94,
2024-07-07 18:00:00,7.9,
2024-07-07 18:15:00,7.86,
2024-07-07 18:30:00,7.82,
2024-07-07 18:45:00,7.79,
2024-07-07 19:00:00,7.76,
2024-07-07 19:15:00,7.74,
2024-07-07 19:30:00,7.73,
2024-07-07 19:45:00,7.71,
2024-07-07 20:00:00,7.69,
2024-07-07 20:15:00,7.67,
2024-07-07 20:30:00,7.65,
2024-07-07 20:45:00,7.63,
2024-07-07 21:00:00,7.63,
2024-07-07 21:15:00,7.63,
2024-07-07 21:30:00,7.63,
2024-07-07 21:45:00,7.64,
2024-07-07 22:00:00,7.64,
2024-07-07 22:15:00,7.66,
2024-07-07 22:30:00,7.67,
2024-07-07 22:45:00,7.68,
2024-07-07 23:00:00,7.7,
2024-07-07 23:15:00,7.72,
2024-07-07 23:30:00,7.74,
2024-07-07 23:45:00,7.75,
2024-07-08 00:00:00,7.77,
2024-07-08 00:15:00,7.78,
2024-07-08 00:30:00,7.8,
2024-07-08 00:45:00,7.83,
2024-07-08 01:00:00,7.84,
2024-07-08 01:15:00,7.86,
2024-07-08 01:30:00,7.88,
2024-07-08 01:45:00,7.89,
2024-07-08 02:00:00,7.91,
2024-07-08 02:15:00,7.92,
2024-07-08 02:30:00,7.94,
2024-07-08 02:45:00,7.96,
2024-07-08 03:00:00,7.97,
2024-07-08 03:15:00,7.99,
2024-07-08 03:30:00,7.99,
2024-07-08 03:45:00,8.01,
2024-07-08 04:00:00,8.02,
2024-07-08 04:15:00,8.04,
2024-07-08 04:30:00,8.05,
2024-07-08 04:45:00,8.06,
2024-07-08 05:00:00,8.07,
2024-07-08 05:15:00,8.09,
2024-07-08 05:30:00,8.12,
2024-07-08 05:45:00,8.14,
2024-07-08 06:00:00,8.16,
2024-07-08 06:15:00,8.19,
2024-07-08 06:30:00,8.23,
2024-07-08 06:45:00,8.28,
2024-07-08 07:00:00,8.31,
2024-07-08 07:15:00,8.33,
2024-07-08 07:30:00,8.39,
2024-07-08 07:45:00,8.47,
2024-07-08 08:00:00,8.53,
2024-07-08 08:15:00,8.58,
2024-07-08 08:30:00,8.56,
2024-07-08 08:45:00,8.61,
2024-07-08 09:00:00,8.68,
2024-07-08 09:15:00,8.75,
2024-07-08 09:30:00,8.77,
2024-07-08 09:45:00,8.82,
2024-07-08 10:00:00,8.85,
2024-07-08 10:15:00,8.86,
2024-07-08 10:30:00,8.88,
2024-07-08 10:45:00,8.86,
2024-07-08 11:00:00,8.84,
2024-07-08 11:15:00,8.9,
2024-07-08 11:30:00,8.86,
2024-07-08 11:45:00,8.88,
2024-07-08 12:00:00,8.93,
2024-07-08 12:15:00,8.92,
2024-07-08 12:30:00,8.91,
2024-07-08 12:45:00,8.88,
2024-07-08 13:00:00,8.84,
2024-07-08 13:15:00,8.83,
2024-07-08 13:30:00,8.79,
2024-07-08 13:45:00,8.67,
2024-07-08 14:00:00,8.65,
2024-07-08 14:15:00,8.63,
2024-07-08 14:30:00,8.59,
2024-07-08 14:45:00,8.57,
2024-07-08 15:00:00,8.49,
2024-07-08 15:15:00,8.43,
2024-07-08 15:30:00,8.4,
2024-07-08 15:45:00,8.34,
2024-07-08 16:00:00,8.28,
2024-07-08 16:15:00,8.18,
2024-07-08 16:30:00,8.14,
2024-07-08 16:45:00,8.09,
2024-07-08 17:00:00,8.03,
2024-07-08 17:15:00,7.96,
2024-07-08 17:30:00,7.91,
2024-07-08 17:45:00,7.86,
2024-07-08 18:00:00,7.81,
2024-07-08 18:15:00,7.74,
2024-07-08 18:30:00,7.7,
2024-07-08 18:45:00,7.67,
2024-07-08 19:00:00,7.64,
2024-07-08 19:15:00,7.63,
2024-07-08 19:30:00,7.6,
2024-07-08 19:45:00,7.57,
2024-07-08 20:00:00,7.55,
2024-07-08 20:15:00,7.53,
2024-07-08 20:30:00,7.51,
2024-07-08 20:45:00,7.5,
2024-07-08 21:00:00,7.48,
2024-07-08 21:15:00,7.47,
2024-07-08 21:30:00,7.46,
2024-07-08 21:45:00,7.45,
2024-07-08 22:00:00,7.47,
2024-07-08 22:15:00,7.48,
2024-07-08 22:30:00,7.49,
2024-07-08 22:45:00,7.5,
2024-07-08 23:00:00,7.52,
2024-07-08 23:15:00,7.53,
2024-07-08 23:30:00,7.55,
2024-07-08 23:45:00,7.58,
2024-07-09 00:00:00,7.59,
2024-07-09 00:15:00,7.62,
2024-07-09 00:30:00,7.64,
2024-07-09 00:45:00,7.67,
2024-07-09 01:00:00,7.67,
2024-07-09 01:15:00,7.7,
2024-07-09 01:30:00,7.72,
2024-07-09 01:45:00,7.73,
2024-07-09 02:00:00,7.75,
2024-07-09 02:15:00,7.76,
2024-07-09 02:30:00,7.78,
2024-07-09 02:45:00,7.79,
2024-07-09 03:00:00,7.8,
2024-07-09 03:15:00,7.83,
2024-07-09 03:30:00,7.84,
2024-07-09 03:45:00,7.85,
2024-07-09 04:00:00,7.87,
2024-07-09 04:15:00,7.88,
2024-07-09 04:30:00,7.9,
2024-07-09 04:45:00,7.9,
2024-07-09 05:00:00,7.92,
2024-07-09 05:15:00,7.94,
2024-07-09 05:30:00,7.95,
2024-07-09 05:45:00,7.98,
2024-07-09 06:00:00,8.01,
2024-07-09 06:15:00,8.04,
2024-07-09 06:30:00,8.09,
2024-07-09 06:45:00,8.13,
2024-07-09 07:00:00,8.18,
2024-07-09 07:15:00,8.24,
2024-07-09 07:30:00,8.3,
2024-07-09 07:45:00,8.37,
2024-07-09 08:00:00,8.42,
2024-07-09 08:15:00,8.46,
2024-07-09 08:30:00,8.5,
2024-07-09 08:45:00,8.55,
2024-07-09 09:00:00,8.6,
2024-07-09 09:15:00,8.64,
2024-07-09 09:30:00,8.68,
2024-07-09 09:45:00,8.7,
2024-07-09 10:00:00,8.72,
2024-07-09 10:15:00,8.68,
2024-07-09 10:30:00,8.77,
2024-07-09 10:45:00,8.82,
2024-07-09 11:00:00,8.84,
2024-07-09 11:15:00,8.84,
2024-07-09 11:30:00,8.85,
2024-07-09 11:45:00,8.87,
2024-07-09 12:00:00,8.87,
2024-07-09 12:15:00,8.85,
2024-07-09 12:30:00,8.83,
2024-07-09 12:45:00,8.81,
2024-07-09 13:00:00,8.79,
2024-07-09 13:15:00,8.79,
2024-07-09 13:30:00,8.77,
2024-07-09 13:45:00,8.74,
2024-07-09 14:00:00,8.69,
2024-07-09 14:15:00,8.65,
2024-07-09 14:30:00,8.59,
2024-07-09 14:45:00,8.54,
2024-07-09 15:00:00,8.5,
2024-07-09 15:15:00,8.44,
2024-07-09 15:30:00,8.38,
2024-07-09 15:45:00,8.3,
2024-07-09 16:00:00,8.22,
2024-07-09 16:15:00,8.16,
2024-07-09 16:30:00,8.09,
2024-07-09 16:45:00,8.02,
2024-07-09 17:00:00,7.97,
2024-07-09 17:15:00,7.91,
2024-07-09 17:30:00,7.84,
2024-07-09 17:45:00,7.78,
2024-07-09 18:00:00,7.74,
2024-07-09 18:15:00,7.71,
2024-07-09 18:30:00,7.66,
2024-07-09 18:45:00,7.6,
2024-07-09 19:00:00,7.53,
2024-07-09 19:15:00,7.49,
2024-07-09 19:30:00,7.48,
2024-07-09 19:45:00,7.45,
2024-07-09 20:00:00,7.4,
2024-07-09 20:15:00,7.39,
2024-07-09 20:30:00,7.37,
2024-07-09 20:45:00,7.36,
2024-07-09 21:00:00,7.36,
2024-07-09 21:15:00,7.36,
2024-07-09 21:30:00,7.37,
2024-07-09 21:45:00,7.38,
2024-07-09 22:00:00,7.4,
2024-07-09 22:15:00,7.42,
2024-07-09 22:30:00,7.42,
2024-07-09 22:45:00,7.44,
2024-07-09 23:00:00,7.46,
2024-07-09 23:15:00,7.47,
2024-07-09 23:30:00,7.49,
2024-07-09 23:45:00,7.51,
2024-07-10 00:00:00,7.52,
2024-07-10 00:15:00,7.54,
2024-07-10 00:30:00,7.55,
2024-07-10 00:45:00,7.57,
2024-07-10 01:00:00,7.58,
2024-07-10 01:15:00,7.6,
2024-07-10 01:30:00,7.62,
2024-07-10 01:45:00,7.64,
2024-07-10 02:00:00,7.66,
2024-07-10 02:15:00,7.68,
2024-07-10 02:30:00,7.69,
2024-07-10 02:45:00,7.7,
2024-07-10 03:00:00,7.71,
2024-07-10 03:15:00,7.73,
2024-07-10 03:30:00,7.74,
2024-07-10 03:45:00,7.76,
2024-07-10 04:00:00,7.77,
2024-07-10 04:15:00,7.79,
2024-07-10 04:30:00,7.8,
2024-07-10 04:45:00,7.81,
2024-07-10 05:00:00,7.83,
2024-07-10 05:15:00,7.84,
2024-07-10 05:30:00,7.87,
2024-07-10 05:45:00,7.9,
2024-07-10 06:00:00,7.93,
2024-07-10 06:15:00,7.96,
2024-07-10 06:30:00,8.02,
2024-07-10 06:45:00,8.07,
2024-07-10 07:00:00,8.11,
2024-07-10 07:15:00,8.19,
2024-07-10 07:30:00,8.25,
2024-07-10 07:45:00,8.32,
2024-07-10 08:00:00,8.37,
2024-07-10 08:15:00,8.43,
2024-07-10 08:30:00,8.51,
2024-07-10 08:45:00,8.62,
2024-07-10 09:00:00,8.67,
2024-07-10 09:15:00,8.71,
2024-07-10 09:30:00,8.75,
2024-07-10 09:45:00,8.78,
2024-07-10 10:00:00,8.82,
2024-07-10 10:15:00,8.84,
2024-07-10 10:30:00,8.84,
2024-07-10 10:45:00,8.86,
2024-07-10 11:00:00,8.89,
2024-07-10 11:15:00,8.9,
2024-07-10 11:30:00,8.91,
2024-07-10 11:45:00,8.9,
2024-07-10 12:00:00,8.9,
2024-07-10 12:15:00,8.9,
2024-07-10 12:30:00,8.87,
2024-07-10 12:45:00,8.86,
2024-07-10 13:00:00,8.85,
2024-07-10 13:15:00,8.83,
2024-07-10 13:30:00,8.79,
2024-07-10 13:45:00,8.75,
2024-07-10 14:00:00,8.7,
2024-07-10 14:15:00,8.66,
2024-07-10 14:30:00,8.6,
2024-07-10 14:45:00,8.54,
2024-07-10 15:00:00,8.5,
2024-07-10 15:15:00,8.44,
2024-07-10 15:30:00,8.39,
2024-07-10 15:45:00,8.33,
2024-07-10 16:00:00,8.27,
2024-07-10 16:15:00,8.21,
2024-07-10 16:30:00,8.15,
2024-07-10 16:45:00,8.09,
2024-07-10 17:00:00,8.03,
2024-07-10 17:15:00,7.94,
2024-07-10 17:30:00,7.9,
2024-07-10 17:45:00,7.85,
2024-07-10 18:00:00,7.81,
2024-07-10 18:15:00,7.74,
2024-07-10 18:30:00,7.69,
2024-07-10 18:45:00,7.64,
2024-07-10 19:00:00,7.6,
2024-07-10 19:15:00,7.57,
2024-07-10 19:30:00,7.53,
2024-07-10 19:45:00,7.49,
2024-07-10 20:00:00,7.46,
2024-07-10 20:15:00,7.43,
2024-07-10 20:30:00,7.41,
2024-07-10 20:45:00,7.39,
2024-07-10 21:00:00,7.38,
2024-07-10 21:15:00,7.37,
2024-07-10 21:30:00,7.38,
2024-07-10 21:45:00,7.38,
2024-07-10 22:00:00,7.4,
2024-07-10 22:15:00,7.41,
2024-07-10 22:30:00,7.43,
2024-07-10 22:45:00,7.46,
2024-07-10 23:00:00,7.47,
2024-07-10 23:15:00,7.49,
2024-07-10 23:30:00,7.5,
2024-07-10 23:45:00,7.53,
2024-07-11 00:00:00,7.55,
2024-07-11 00:15:00,7.56,
2024-07-11 00:30:00,7.58,
2024-07-11 00:45:00,7.6,
2024-07-11 01:00:00,7.62,
2024-07-11 01:15:00,7.63,
2024-07-11 01:30:00,7.65,
2024-07-11 01:45:00,7.67,
2024-07-11 02:00:00,7.69,
2024-07-11 02:15:00,7.69,
2024-07-11 02:30:00,7.71,
2024-07-11 02:45:00,7.74,
2024-07-11 03:00:00,7.76,
2024-07-11 03:15:00,7.77,
2024-07-11 03:30:00,7.78,
2024-07-11 03:45:00,7.8,
2024-07-11 04:00:00,7.81,
2024-07-11 04:15:00,7.82,
2024-07-11 04:30:00,7.84,
2024-07-11 04:45:00,7.86,
2024-07-11 05:00:00,7.87,
2024-07-11 05:15:00,7.89,
2024-07-11 05:30:00,7.92,
2024-07-11 05:45:00,7.95,
2024-07-11 06:00:00,7.98,
2024-07-11 06:15:00,8.01,
2024-07-11 06:30:00,8.06,
2024-07-11 06:45:00,8.12,
2024-07-11 07:00:00,8.16,
2024-07-11 07:15:00,8.23,
2024-07-11 07:30:00,8.29,
2024-07-11 07:45:00,8.35,
2024-07-11 08:00:00,8.41,
2024-07-11 08:15:00,8.47,
2024-07-11 08:30:00,8.53,
2024-07-11 08:45:00,8.58,
2024-07-11 09:00:00,8.63,
2024-07-11 09:15:00,8.67,
2024-07-11 09:30:00,8.71,
2024-07-11 09:45:00,8.75,
2024-07-11 10:00:00,8.77,
2024-07-11 10:15:00,8.79,
2024-07-11 10:30:00,8.81,
2024-07-11 10:45:00,8.84,
2024-07-11 11:00:00,8.85,
2024-07-11 11:15:00,8.87,
2024-07-11 11:30:00,8.87,
2024-07-11 11:45:00,8.88,
2024-07-11 12:00:00,8.89,
2024-07-11 12:15:00,8.87,
2024-07-11 12:30:00,8.85,
2024-07-11 12:45:00,8.86,
2024-07-11 13:00:00,8.84,
2024-07-11 13:15:00,8.83,
2024-07-11 13:30:00,8.76,
2024-07-11 13:45:00,8.65,
2024-07-11 14:00:00,8.59,
2024-07-11 14:15:00,8.54,
2024-07-11 14:30:00,8.5,
2024-07-11 14:45:00,8.43,
2024-07-11 15:00:00,8.37,
2024-07-11 15:15:00,8.32,
2024-07-11 15:30:00,8.28,
2024-07-11 15:45:00,8.22,
2024-07-11 16:00:00,8.16,
2024-07-11 16:15:00,8.11,
2024-07-11 16:30:00,8.02,
2024-07-11 16:45:00,7.93,
2024-07-11 17:00:00,7.87,
2024-07-11 17:15:00,7.8,
2024-07-11 17:30:00,7.72,
2024-07-11 17:45:00,7.65,
2024-07-11 18:00:00,7.59,
2024-07-11 18:15:00,7.53,
2024-07-11 18:30:00,7.48,
2024-07-11 18:45:00,7.43,
2024-07-11 19:00:00,7.38,
2024-07-11 19:15:00,7.33,
2024-07-11 19:30:00,7.3,
2024-07-11 19:45:00,7.26,
2024-07-11 20:00:00,7.22,
2024-07-11 20:15:00,7.19,
2024-07-11 20:30:00,7.16,
2024-07-11 20:45:00,7.13,
2024-07-11 21:00:00,7.11,
2024-07-11 21:15:00,7.1,
2024-07-11 21:30:00,7.1,
2024-07-11 21:45:00,7.11,
2024-07-11 22:00:00,7.12,
2024-07-11 22:15:00,7.13,
2024-07-11 22:30:00,7.14,
2024-07-11 22:45:00,7.16,
2024-07-11 23:00:00,7.18,
2024-07-11 23:15:00,7.19,
2024-07-11 23:30:00,7.22,
2024-07-11 23:45:00,7.24,
2024-07-12 00:00:00,7.26,
2024-07-12 00:15:00,7.28,
2024-07-12 00:30:00,7.3,
2024-07-12 00:45:00,7.32,
2024-07-12 01:00:00,7.34,
2024-07-12 01:15:00,7.36,
2024-07-12 01:30:00,7.37,
2024-07-12 01:45:00,7.39,
2024-07-12 02:00:00,7.4,
2024-07-12 02:15:00,7.42,
2024-07-12 02:30:00,7.44,
2024-07-12 02:45:00,7.46,
2024-07-12 03:00:00,7.47,
2024-07-12 03:15:00,7.49,
2024-07-12 03:30:00,7.5,
2024-07-12 03:45:00,7.52,
2024-07-12 04:00:00,7.53,
2024-07-12 04:15:00,7.55,
2024-07-12 04:30:00,7.56,
2024-07-12 04:45:00,7.58,
2024-07-12 05:00:00,7.59,
2024-07-12 05:15:00,7.61,
2024-07-12 05:30:00,7.63,
2024-07-12 05:45:00,7.68,
2024-07-12 06:00:00,7.71,
2024-07-12 06:15:00,7.76,
2024-07-12 06:30:00,7.81,
2024-07-12 06:45:00,7.86,
2024-07-12 07:00:00,7.92,
2024-07-12 07:15:00,7.99,
2024-07-12 07:30:00,8.07,
2024-07-12 07:45:00,8.15,
2024-07-12 08:00:00,8.22,
2024-07-12 08:15:00,8.29,
2024-07-12 08:30:00,8.36,
2024-07-12 08:45:00,8.43,
2024-07-12 09:00:00,8.49,
2024-07-12 09:15:00,8.54,
2024-07-12 09:30:00,8.61,
2024-07-12 09:45:00,8.65,
2024-07-12 10:00:00,8.7,
2024-07-12 10:15:00,8.73,
2024-07-12 10:30:00,8.76,
2024-07-12 10:45:00,8.8,
2024-07-12 11:00:00,8.82,
2024-07-12 11:15:00,8.84,
2024-07-12 11:30:00,8.85,
2024-07-12 11:45:00,8.86,
2024-07-12 12:00:00,8.85,
2024-07-12 12:15:00,8.83,
2024-07-12 12:30:00,8.82,
2024-07-12 12:45:00,8.77,
2024-07-12 13:00:00,8.72,
2024-07-12 13:15:00,8.7,
2024-07-12 13:30:00,8.74,
2024-07-12 13:45:00,8.73,
2024-07-12 14:00:00,8.72,
2024-07-12 14:15:00,8.68,
2024-07-12 14:30:00,8.63,
2024-07-12 14:45:00,8.58,
2024-07-12 15:00:00,8.53,
2024-07-12 15:15:00,8.47,
2024-07-12 15:30:00,8.41,
2024-07-12 15:45:00,8.3,
2024-07-12 16:00:00,8.22,
2024-07-12 16:15:00,8.12,
2024-07-12 16:30:00,8.08,
2024-07-12 16:45:00,8.02,
2024-07-12 17:00:00,7.96,
2024-07-12 17:15:00,7.9,
2024-07-12 17:30:00,7.82,
2024-07-12 17:45:00,7.73,
2024-07-12 18:00:00,7.59,
2024-07-12 18:15:00,7.55,
2024-07-12 18:30:00,7.49,
2024-07-12 18:45:00,7.42,
2024-07-12 19:00:00,7.39,
2024-07-12 19:15:00,7.38,
2024-07-12 19:30:00,7.33,
2024-07-12 19:45:00,7.28,
2024-07-12 20:00:00,7.24,
2024-07-12 20:15:00,7.18,
2024-07-12 20:30:00,7.15,
2024-07-12 20:45:00,7.15,
2024-07-12 21:00:00,7.14,
2024-07-12 21:15:00,7.13,
2024-07-12 21:30:00,7.13,
2024-07-12 21:45:00,7.12,
2024-07-12 22:00:00,7.13,
2024-07-12 22:15:00,7.14,
2024-07-12 22:30:00,7.15,
2024-07-12 22:45:00,7.17,
2024-07-12 23:00:00,7.19,
2024-07-12 23:15:00,7.21,
2024-07-12 23:30:00,7.22,
2024-07-12 23:45:00,7.24,
2024-07-13 00:00:00,7.27,
2024-07-13 00:15:00,7.27,
2024-07-13 00:30:00,7.29,
2024-07-13 00:45:00,7.31,
2024-07-13 01:00:00,7.33,
2024-07-13 01:15:00,7.34,
2024-07-13 01:30:00,7.36,
2024-07-13 01:45:00,7.38,
2024-07-13 02:00:00,7.4,
2024-07-13 02:15:00,7.42,
2024-07-13 02:30:00,7.43,
2024-07-13 02:45:00,7.45,
2024-07-13 03:00:00,7.46,
2024-07-13 03:15:00,7.47,
2024-07-13 03:30:00,7.49,
2024-07-13 03:45:00,7.51,
2024-07-13 04:00:00,7.52,
2024-07-13 04:15:00,7.55,
2024-07-13 04:30:00,7.56,
2024-07-13 04:45:00,7.58,
2024-07-13 05:00:00,7.58,
2024-07-13 05:15:00,7.6,
2024-07-13 05:30:00,7.62,
2024-07-13 05:45:00,7.65,
2024-07-13 06:00:00,7.68,
2024-07-13 06:15:00,7.72,
2024-07-13 06:30:00,7.77,
2024-07-13 06:45:00,7.84,
2024-07-13 07:00:00,7.91,
2024-07-13 07:15:00,7.98,
2024-07-13 07:30:00,8.07,
2024-07-13 07:45:00,8.16,
2024-07-13 08:00:00,8.26,
2024-07-13 08:15:00,8.33,
2024-07-13 08:30:00,8.39,
2024-07-13 08:45:00,8.45,
2024-07-13 09:00:00,8.55,
2024-07-13 09:15:00,8.61,
2024-07-13 09:30:00,8.67,
2024-07-13 09:45:00,8.71,
2024-07-13 10:00:00,8.75,
2024-07-13 10:15:00,8.78,
2024-07-13 10:30:00,8.81,
2024-07-13 10:45:00,8.83,
2024-07-13 11:00:00,8.85,
2024-07-13 11:15:00,8.86,
2024-07-13 11:30:00,8.9,
2024-07-13 11:45:00,8.89,
2024-07-13 12:00:00,8.88,
2024-07-13 12:15:00,8.88,
2024-07-13 12:30:00,8.76,
2024-07-13 12:45:00,8.79,
2024-07-13 13:00:00,8.76,
2024-07-13 13:15:00,8.76,
2024-07-13 13:30:00,8.67,
2024-07-13 13:45:00,8.62,
2024-07-13 14:00:00,8.66,
2024-07-13 14:15:00,8.67,
2024-07-13 14:30:00,8.57,
2024-07-13 14:45:00,8.54,
2024-07-13 15:00:00,8.57,
2024-07-13 15:15:00,8.52,
2024-07-13 15:30:00,8.48,
2024-07-13 15:45:00,8.49,
2024-07-13 16:00:00,8.4,
2024-07-13 16:15:00,8.36,
2024-07-13 16:30:00,8.32,
2024-07-13 16:45:00,8.25,
2024-07-13 17:00:00,8.23,
2024-07-13 17:15:00,8.14,
2024-07-13 17:30:00,8.05,
2024-07-13 17:45:00,7.99,
2024-07-13 18:00:00,7.92,
2024-07-13 18:15:00,7.86,
2024-07-13 18:30:00,7.78,
2024-07-13 18:45:00,7.72,
2024-07-13 19:00:00,7.64,
2024-07-13 19:15:00,7.58,
2024-07-13 19:30:00,7.51,
2024-07-13 19:45:00,7.44,
2024-07-13 20:00:00,7.38,
2024-07-13 20:15:00,7.33,
2024-07-13 20:30:00,7.29,
2024-07-13 20:45:00,7.25,
2024-07-13 21:00:00,7.24,
2024-07-13 21:15:00,7.21,
2024-07-13 21:30:00,7.2,
2024-07-13 21:45:00,7.2,
2024-07-13 22:00:00,7.19,
2024-07-13 22:15:00,7.19,
2024-07-13 22:30:00,7.18,
2024-07-13 22:45:00,7.16,
2024-07-13 23:00:00,7.18,
2024-07-13 23:15:00,7.19,
2024-07-13 23:30:00,7.2,
2024-07-13 23:45:00,7.22,
2024-07-14 00:00:00,7.24,
2024-07-14 00:15:00,7.26,
2024-07-14 00:30:00,7.28,
2024-07-14 00:45:00,7.3,
2024-07-14 01:00:00,7.31,
2024-07-14 01:15:00,7.33,
2024-07-14 01:30:00,7.34,
2024-07-14 01:45:00,7.35,
2024-07-14 02:00:00,7.36,
2024-07-14 02:15:00,7.38,
2024-07-14 02:30:00,7.38,
2024-07-14 02:45:00,7.39,
2024-07-14 03:00:00,7.4,
2024-07-14 03:15:00,7.4,
2024-07-14 03:30:00,7.41,
2024-07-14 03:45:00,7.42,
2024-07-14 04:00:00,7.43,
2024-07-14 04:15:00,7.44,
2024-07-14 04:30:00,7.45,
2024-07-14 04:45:00,7.45,
2024-07-14 05:00:00,7.46,
2024-07-14 05:15:00,7.47,
2024-07-14 05:30:00,7.49,
2024-07-14 05:45:00,7.5,
2024-07-14 06:00:00,7.55,
2024-07-14 06:15:00,7.6,
2024-07-14 06:30:00,7.64,
2024-07-14 06:45:00,7.69,
2024-07-14 07:00:00,7.77,
2024-07-14 07:15:00,7.87,
2024-07-14 07:30:00,7.95,
2024-07-14 07:45:00,8.05,
2024-07-14 08:00:00,8.16,
2024-07-14 08:15:00,8.22,
2024-07-14 08:30:00,8.33,
2024-07-14 08:45:00,8.41,
2024-07-14 09:00:00,8.46,
2024-07-14 09:15:00,8.51,
2024-07-14 09:30:00,8.57,
2024-07-14 09:45:00,8.66,
2024-07-14 10:00:00,8.74,
2024-07-14 10:15:00,8.79,
2024-07-14 10:30:00,8.83,
2024-07-14 10:45:00,8.84,
2024-07-14 11:00:00,8.83,
2024-07-14 11:15:00,8.81,
2024-07-14 11:30:00,8.83,
2024-07-14 11:45:00,8.83,
2024-07-14 12:00:00,8.8,
2024-07-14 12:15:00,8.78,
2024-07-14 12:30:00,8.77,
2024-07-14 12:45:00,8.74,
2024-07-14 13:00:00,8.72,
2024-07-14 13:15:00,8.69,
2024-07-14 13:30:00,8.66,
2024-07-14 13:45:00,8.62,
2024-07-14 14:00:00,8.57,
2024-07-14 14:15:00,8.52,
2024-07-14 14:30:00,8.46,
2024-07-14 14:45:00,8.41,
2024-07-14 15:00:00,8.35,
2024-07-14 15:15:00,8.28,
2024-07-14 15:30:00,8.22,
2024-07-14 15:45:00,8.16,
2024-07-14 16:00:00,8.1,
2024-07-14 16:15:00,8.03,
2024-07-14 16:30:00,7.96,
2024-07-14 16:45:00,7.89,
2024-07-14 17:00:00,7.82,
2024-07-14 17:15:00,7.73,
2024-07-14 17:30:00,7.65,
2024-07-14 17:45:00,7.57,
2024-07-14 18:00:00,7.5,
2024-07-14 18:15:00,7.43,
2024-07-14 18:30:00,7.33,
2024-07-14 18:45:00,7.27,
2024-07-14 19:00:00,7.24,
2024-07-14 19:15:00,7.19,
2024-07-14 19:30:00,7.14,
2024-07-14 19:45:00,7.13,
2024-07-14 20:00:00,7.09,
2024-07-14 20:15:00,7.04,
2024-07-14 20:30:00,7.0,
2024-07-14 20:45:00,6.98,
2024-07-14 21:00:00,6.96,
2024-07-14 21:15:00,6.96,
2024-07-14 21:30:00,6.97,
2024-07-14 21:45:00,6.98,
2024-07-14 22:00:00,7.01,
2024-07-14 22:15:00,7.05,
2024-07-14 22:30:00,7.07,
2024-07-14 22:45:00,7.07,
2024-07-14 23:00:00,7.08,
2024-07-14 23:15:00,7.11,
2024-07-14 23:30:00,7.13,
2024-07-14 23:45:00,7.16,
2024-07-15 00:00:00,7.17,
2024-07-15 00:15:00,7.19,
2024-07-15 00:30:00,7.21,
2024-07-15 00:45:00,7.22,
2024-07-15 01:00:00,7.25,
2024-07-15 01:15:00,7.27,
2024-07-15 01:30:00,7.32,
2024-07-15 01:45:00,7.35,
2024-07-15 02:00:00,7.36,
2024-07-15 02:15:00,7.37,
2024-07-15 02:30:00,7.4,
2024-07-15 02:45:00,7.41,
2024-07-15 03:00:00,7.43,
2024-07-15 03:15:00,7.44,
2024-07-15 03:30:00,7.46,
2024-07-15 03:45:00,7.48,
2024-07-15 04:00:00,7.49,
2024-07-15 04:15:00,7.5,
2024-07-15 04:30:00,7.51,
2024-07-15 04:45:00,7.52,
2024-07-15 05:00:00,7.53,
2024-07-15 05:15:00,7.54,
2024-07-15 05:30:00,7.56,
2024-07-15 05:45:00,7.59,
2024-07-15 06:00:00,7.63,
2024-07-15 06:15:00,7.67,
2024-07-15 06:30:00,7.71,
2024-07-15 06:45:00,7.75,
2024-07-15 07:00:00,7.81,
2024-07-15 07:15:00,7.88,
2024-07-15 07:30:00,7.95,
2024-07-15 07:45:00,8.02,
2024-07-15 08:00:00,8.1,
2024-07-15 08:15:00,8.18,
2024-07-15 08:30:00,8.25,
2024-07-15 08:45:00,8.34,
2024-07-15 09:00:00,8.4,
2024-07-15 09:15:00,8.47,
2024-07-15 09:30:00,8.55,
2024-07-15 09:45:00,8.59,
2024-07-15 10:00:00,8.66,
2024-07-15 10:15:00,8.71,
2024-07-15 10:30:00,8.75,
2024-07-15 10:45:00,8.77,
2024-07-15 11:00:00,8.84,
2024-07-15 11:15:00,8.88,
2024-07-15 11:30:00,8.82,
2024-07-15 11:45:00,8.78,
2024-07-15 12:00:00,8.84,
2024-07-15 12:15:00,8.87,
2024-07-15 12:30:00,8.89,
2024-07-15 12:45:00,8.88,
2024-07-15 13:00:00,8.84,
2024-07-15 13:15:00,8.81,
2024-07-15 13:30:00,8.78,
2024-07-15 13:45:00,8.73,
2024-07-15 14:00:00,8.67,
2024-07-15 14:15:00,8.62,
2024-07-15 14:30:00,8.56,
2024-07-15 14:45:00,8.49,
2024-07-15 15:00:00,8.44,
2024-07-15 15:15:00,8.38,
2024-07-15 15:30:00,8.32,
2024-07-15 15:45:00,8.28,
2024-07-15 16:00:00,8.19,
2024-07-15 16:15:00,8.09,
2024-07-15 16:30:00,8.04,
2024-07-15 16:45:00,7.91,
2024-07-15 17:00:00,7.83,
2024-07-15 17:15:00,7.77,
2024-07-15 17:30:00,7.62,
2024-07-15 17:45:00,7.56,
2024-07-15 18:00:00,7.51,
2024-07-15 18:15:00,7.42,
2024-07-15 18:30:00,7.37,
2024-07-15 18:45:00,7.32,
2024-07-15 19:00:00,7.25,
2024-07-15 19:15:00,7.2,
2024-07-15 19:30:00,7.16,
2024-07-15 19:45:00,7.12,
2024-07-15 20:00:00,7.09,
2024-07-15 20:15:00,7.04,
2024-07-15 20:30:00,7.02,
2024-07-15 20:45:00,6.99,
2024-07-15 21:00:00,6.98,
2024-07-15 21:15:00,6.96,
2024-07-15 21:30:00,6.96,
2024-07-15 21:45:00,6.96,
2024-07-15 22:00:00,6.98,
2024-07-15 22:15:00,7.0,
2024-07-15 22:30:00,7.03,
2024-07-15 22:45:00,7.06,
2024-07-15 23:00:00,7.08,
2024-07-15 23:15:00,7.11,
2024-07-15 23:30:00,7.13,
2024-07-15 23:45:00,7.16,
2024-07-16 00:00:00,7.18,
2024-07-16 00:15:00,7.21,
2024-07-16 00:30:00,7.23,
2024-07-16 00:45:00,7.24,
2024-07-16 01:00:00,7.26,
2024-07-16 01:15:00,7.29,
2024-07-16 01:30:00,7.3,
2024-07-16 01:45:00,7.32,
2024-07-16 02:00:00,7.33,
2024-07-16 02:15:00,7.35,
2024-07-16 02:30:00,7.37,
2024-07-16 02:45:00,7.38,
2024-07-16 03:00:00,7.4,
2024-07-16 03:15:00,7.42,
2024-07-16 03:30:00,7.44,
2024-07-16 03:45:00,7.45,
2024-07-16 04:00:00,7.47,
2024-07-16 04:15:00,7.49,
2024-07-16 04:30:00,7.5,
2024-07-16 04:45:00,7.51,
2024-07-16 05:00:00,7.52,
2024-07-16 05:15:00,7.55,
2024-07-16 05:30:00,7.57,
2024-07-16 05:45:00,7.61,
2024-07-16 06:00:00,7.64,
2024-07-16 06:15:00,7.69,
2024-07-16 06:30:00,7.74,
2024-07-16 06:45:00,7.79,
2024-07-16 07:00:00,7.85,
2024-07-16 07:15:00,7.95,
2024-07-16 07:30:00,8.01,
2024-07-16 07:45:00,8.1,
2024-07-16 08:00:00,8.18,
2024-07-16 08:15:00,8.26,
2024-07-16 08:30:00,8.33,
2024-07-16 08:45:00,8.42,
2024-07-16 09:00:00,8.49,
2024-07-16 09:15:00,8.56,
2024-07-16 09:30:00,8.64,
2024-07-16 09:45:00,8.7,
2024-07-16 10:00:00,8.75,
2024-07-16 10:15:00,8.8,
2024-07-16 10:30:00,8.84,
2024-07-16 10:45:00,8.88,
2024-07-16 11:00:00,8.91,
2024-07-16 11:15:00,8.93,
2024-07-16 11:30:00,8.96,
2024-07-16 11:45:00,8.98,
2024-07-16 12:00:00,8.99,
2024-07-16 12:15:00,8.98,
2024-07-16 12:30:00,8.97,
2024-07-16 12:45:00,8.95,
2024-07-16 13:00:00,8.93,
2024-07-16 13:15:00,8.91,
2024-07-16 13:30:00,8.88,
2024-07-16 13:45:00,8.85,
2024-07-16 14:00:00,8.81,
2024-07-16 14:15:00,8.77,
2024-07-16 14:30:00,8.72,
2024-07-16 14:45:00,8.66,
2024-07-16 15:00:00,8.59,
2024-07-16 15:15:00,8.52,
2024-07-16 15:30:00,8.47,
2024-07-16 15:45:00,8.4,
2024-07-16 16:00:00,8.32,
2024-07-16 16:15:00,8.26,
2024-07-16 16:30:00,8.18,
2024-07-16 16:45:00,8.11,
2024-07-16 17:00:00,8.03,
2024-07-16 17:15:00,7.96,
2024-07-16 17:30:00,7.87,
2024-07-16 17:45:00,7.79,
2024-07-16 18:00:00,7.7,
2024-07-16 18:15:00,7.62,
2024-07-16 18:30:00,7.55,
2024-07-16 18:45:00,7.47,
2024-07-16 19:00:00,7.4,
2024-07-16 19:15:00,7.34,
2024-07-16 19:30:00,7.28,
2024-07-16 19:45:00,7.23,
2024-07-16 20:00:00,7.16,
2024-07-16 20:15:00,7.11,
2024-07-16 20:30:00,7.06,
2024-07-16 20:45:00,7.02,
2024-07-16 21:00:00,7.0,
2024-07-16 21:15:00,6.97,
2024-07-16 21:30:00,6.96,
2024-07-16 21:45:00,6.95,
2024-07-16 22:00:00,6.95,
2024-07-16 22:15:00,6.96,
2024-07-16 22:30:00,6.98,
2024-07-16 22:45:00,7.0,
2024-07-16 23:00:00,7.02,
2024-07-16 23:15:00,7.04,
2024-07-16 23:30:00,7.06,
2024-07-16 23:45:00,7.08,
2024-07-17 00:00:00,7.11,
2024-07-17 00:15:00,7.12,
2024-07-17 00:30:00,7.14,
2024-07-17 00:45:00,7.16,
2024-07-17 01:00:00,7.18,
2024-07-17 01:15:00,7.2,
2024-07-17 01:30:00,7.22,
2024-07-17 01:45:00,7.22,
2024-07-17 02:00:00,7.25,
2024-07-17 02:15:00,7.27,
2024-07-17 02:30:00,7.29,
2024-07-17 02:45:00,7.31,
2024-07-17 03:00:00,7.33,
2024-07-17 03:15:00,7.35,
2024-07-17 03:30:00,7.37,
2024-07-17 03:45:00,7.38,
2024-07-17 04:00:00,7.39,
2024-07-17 04:15:00,7.41,
2024-07-17 04:30:00,7.42,
2024-07-17 04:45:00,7.44,
2024-07-17 05:00:00,7.45,
2024-07-17 05:15:00,7.46,
2024-07-17 05:30:00,7.48,
2024-07-17 05:45:00,7.51,
2024-07-17 06:00:00,7.56,
2024-07-17 06:15:00,7.61,
2024-07-17 06:30:00,7.67,
2024-07-17 06:45:00,7.74,
2024-07-17 07:00:00,7.8,
2024-07-17 07:15:00,7.88,
2024-07-17 07:30:00,7.98,
2024-07-17 07:45:00,8.09,
2024-07-17 08:00:00,8.17,
2024-07-17 08:15:00,8.25,
2024-07-17 08:30:00,8.35,
2024-07-17 08:45:00,8.44,
2024-07-17 09:00:00,8.49,
2024-07-17 09:15:00,8.58,
2024-07-17 09:30:00,8.66,
2024-07-17 09:45:00,8.71,
2024-07-17 10:00:00,8.77,
2024-07-17 10:15:00,8.81,
2024-07-17 10:30:00,8.87,
2024-07-17 10:45:00,8.89,
2024-07-17 11:00:00,8.92,
2024-07-17 11:15:00,8.95,
2024-07-17 11:30:00,8.96,
2024-07-17 11:45:00,8.97,
2024-07-17 12:00:00,8.99,
2024-07-17 12:15:00,8.99,
2024-07-17 12:30:00,8.99,
2024-07-17 12:45:00,8.98,
2024-07-17 13:00:00,8.97,
2024-07-17 13:15:00,8.95,
2024-07-17 13:30:00,8.93,
2024-07-17 13:45:00,8.93,
2024-07-17 14:00:00,8.9,
2024-07-17 14:15:00,8.84,
2024-07-17 14:30:00,8.81,
2024-07-17 14:45:00,8.76,
2024-07-17 15:00:00,8.7,
2024-07-17 15:15:00,8.61,
2024-07-17 15:30:00,8.5,
2024-07-17 15:45:00,8.48,
2024-07-17 16:00:00,8.38,
2024-07-17 16:15:00,8.24,
2024-07-17 16:30:00,8.25,
2024-07-17 16:45:00,8.21,
2024-07-17 17:00:00,8.14,
2024-07-17 17:15:00,8.06,
2024-07-17 17:30:00,7.95,
2024-07-17 17:45:00,7.86,
2024-07-17 18:00:00,7.77,
2024-07-17 18:15:00,7.71,
2024-07-17 18:30:00,7.67,
2024-07-17 18:45:00,7.6,
2024-07-17 19:00:00,7.55,
2024-07-17 19:15:00,7.46,
2024-07-17 19:30:00,7.39,
2024-07-17 19:45:00,7.32,
2024-07-17 20:00:00,7.26,
2024-07-17 20:15:00,7.21,
2024-07-17 20:30:00,7.16,
2024-07-17 20:45:00,7.13,
2024-07-17 21:00:00,7.11,
2024-07-17 21:15:00,7.08,
2024-07-17 21:30:00,7.07,
2024-07-17 21:45:00,7.07,
2024-07-17 22:00:00,7.09,
2024-07-17 22:15:00,7.09,
2024-07-17 22:30:00,7.11,
2024-07-17 22:45:00,7.12,
2024-07-17 23:00:00,7.14,
2024-07-17 23:15:00,7.15,
2024-07-17 23:30:00,7.16,
2024-07-17 23:45:00,7.18,
2024-07-18 00:00:00,7.2,
2024-07-18 00:15:00,7.22,
2024-07-18 00:30:00,7.23,
2024-07-18 00:45:00,7.25,
2024-07-18 01:00:00,7.27,
2024-07-18 01:15:00,7.29,
2024-07-18 01:30:00,7.3,
2024-07-18 01:45:00,7.32,
2024-07-18 02:00:00,7.34,
2024-07-18 02:15:00,7.35,
2024-07-18 02:30:00,7.38,
2024-07-18 02:45:00,7.39,
2024-07-18 03:00:00,7.41,
2024-07-18 03:15:00,7.43,
2024-07-18 03:30:00,7.45,
2024-07-18 03:45:00,7.46,
2024-07-18 04:00:00,7.47,
2024-07-18 04:15:00,7.48,
2024-07-18 04:30:00,7.5,
2024-07-18 04:45:00,7.5,
2024-07-18 05:00:00,7.52,
2024-07-18 05:15:00,7.52,
2024-07-18 05:30:00,7.54,
2024-07-18 05:45:00,7.57,
2024-07-18 06:00:00,7.6,
2024-07-18 06:15:00,7.65,
2024-07-18 06:30:00,7.73,
2024-07-18 06:45:00,7.81,
2024-07-18 07:00:00,7.86,
2024-07-18 07:15:00,7.91,
2024-07-18 07:30:00,7.89,
2024-07-18 07:45:00,7.92,
2024-07-18 08:00:00,7.93,
2024-07-18 08:15:00,7.95,
2024-07-18 08:30:00,7.95,
2024-07-18 08:45:00,7.94,
2024-07-18 09:00:00,7.97,
2024-07-18 09:15:00,8.09,
2024-07-18 09:30:00,8.24,
2024-07-18 09:45:00,8.37,
2024-07-18 10:00:00,8.49,
2024-07-18 10:15:00,8.56,
2024-07-18 10:30:00,8.63,
2024-07-18 10:45:00,8.68,
2024-07-18 11:00:00,8.74,
2024-07-18 11:15:00,8.78,
2024-07-18 11:30:00,8.83,
2024-07-18 11:45:00,8.84,
2024-07-18 12:00:00,8.84,
2024-07-18 12:15:00,8.85,
2024-07-18 12:30:00,8.85,
2024-07-18 12:45:00,8.85,
2024-07-18 13:00:00,8.86,
2024-07-18 13:15:00,8.84,
2024-07-18 13:30:00,8.82,
2024-07-18 13:45:00,8.78,
2024-07-18 14:00:00,8.74,
2024-07-18 14:15:00,8.7,
2024-07-18 14:30:00,8.66,
2024-07-18 14:45:00,8.61,
2024-07-18 15:00:00,8.56,
2024-07-18 15:15:00,8.48,
2024-07-18 15:30:00,8.46,
2024-07-18 15:45:00,8.37,
2024-07-18 16:00:00,8.34,
2024-07-18 16:15:00,8.25,
2024-07-18 16:30:00,8.18,
2024-07-18 16:45:00,8.07,
2024-07-18 17:00:00,7.97,
2024-07-18 17:15:00,7.9,
2024-07-18 17:30:00,7.8,
2024-07-18 17:45:00,7.74,
2024-07-18 18:00:00,7.67,
2024-07-18 18:15:00,7.62,
2024-07-18 18:30:00,7.56,
2024-07-18 18:45:00,7.52,
2024-07-18 19:00:00,7.46,
2024-07-18 19:15:00,7.39,
2024-07-18 19:30:00,7.32,
2024-07-18 19:45:00,7.24,
2024-07-18 20:00:00,7.17,
2024-07-18 20:15:00,7.11,
2024-07-18 20:30:00,7.06,
2024-07-18 20:45:00,7.03,
2024-07-18 21:00:00,7.01,
2024-07-18 21:15:00,7.0,
2024-07-18 21:30:00,7.0,
2024-07-18 21:45:00,7.0,
2024-07-18 22:00:00,7.01,
2024-07-18 22:15:00,7.02,
2024-07-18 22:30:00,7.04,
2024-07-18 22:45:00,7.06,
2024-07-18 23:00:00,7.09,
2024-07-18 23:15:00,7.11,
2024-07-18 23:30:00,7.13,
2024-07-18 23:45:00,7.16,
2024-07-19 00:00:00,7.17,
2024-07-19 00:15:00,7.2,
2024-07-19 00:30:00,7.21,
2024-07-19 00:45:00,7.23,
2024-07-19 01:00:00,7.24,
2024-07-19 01:15:00,7.26,
2024-07-19 01:30:00,7.29,
2024-07-19 01:45:00,7.3,
2024-07-19 02:00:00,7.32,
2024-07-19 02:15:00,7.33,
2024-07-19 02:30:00,7.35,
2024-07-19 02:45:00,7.36,
2024-07-19 03:00:00,7.38,
2024-07-19 03:15:00,7.39,
2024-07-19 03:30:00,7.41,
2024-07-19 03:45:00,7.42,
2024-07-19 04:00:00,7.43,
2024-07-19 04:15:00,7.46,
2024-07-19 04:30:00,7.48,
2024-07-19 04:45:00,7.49,
2024-07-19 05:00:00,7.51,
2024-07-19 05:15:00,7.53,
2024-07-19 05:30:00,7.55,
2024-07-19 05:45:00,7.58,
2024-07-19 06:00:00,7.61,
2024-07-19 06:15:00,7.66,
2024-07-19 06:30:00,7.71,
2024-07-19 06:45:00,7.78,
2024-07-19 07:00:00,7.87,
2024-07-19 07:15:00,7.94,
2024-07-19 07:30:00,8.02,
2024-07-19 07:45:00,8.12,
2024-07-19 08:00:00,8.19,
2024-07-19 08:15:00,8.27,
2024-07-19 08:30:00,8.37,
2024-07-19 08:45:00,8.49,
2024-07-19 09:00:00,8.57,
2024-07-19 09:15:00,8.67,
2024-07-19 09:30:00,8.75,
2024-07-19 09:45:00,8.79,
2024-07-19 10:00:00,8.87,
2024-07-19 10:15:00,8.86,
2024-07-19 10:30:00,8.87,
2024-07-19 10:45:00,8.91,
2024-07-19 11:00:00,8.9,
2024-07-19 11:15:00,8.98,
2024-07-19 11:30:00,8.98,
2024-07-19 11:45:00,9.09,
2024-07-19 12:00:00,9.09,
2024-07-19 12:15:00,9.15,
2024-07-19 12:30:00,9.12,
2024-07-19 12:45:00,9.12,
2024-07-19 13:00:00,9.11,
2024-07-19 13:15:00,9.1,
2024-07-19 13:30:00,9.08,
2024-07-19 13:45:00,9.03,
2024-07-19 14:00:00,8.97,
2024-07-19 14:15:00,8.91,
2024-07-19 14:30:00,8.84,
2024-07-19 14:45:00,8.75,
2024-07-19 15:00:00,8.73,
2024-07-19 15:15:00,8.63,
2024-07-19 15:30:00,8.56,
2024-07-19 15:45:00,8.5,
2024-07-19 16:00:00,8.46,
2024-07-19 16:15:00,8.35,
2024-07-19 16:30:00,8.3,
2024-07-19 16:45:00,8.18,
2024-07-19 17:00:00,8.08,
2024-07-19 17:15:00,7.98,
2024-07-19 17:30:00,7.93,
2024-07-19 17:45:00,7.86,
2024-07-19 18:00:00,7.81,
2024-07-19 18:15:00,7.74,
2024-07-19 18:30:00,7.64,
2024-07-19 18:45:00,7.54,
2024-07-19 19:00:00,7.48,
2024-07-19 19:15:00,7.43,
2024-07-19 19:30:00,7.39,
2024-07-19 19:45:00,7.34,
2024-07-19 20:00:00,7.31,
2024-07-19 20:15:00,7.25,
2024-07-19 20:30:00,7.22,
2024-07-19 20:45:00,7.18,
2024-07-19 21:00:00,7.17,
2024-07-19 21:15:00,7.16,
2024-07-19 21:30:00,7.15,
2024-07-19 21:45:00,7.15,
2024-07-19 22:00:00,7.15,
2024-07-19 22:15:00,7.16,
2024-07-19 22:30:00,7.17,
2024-07-19 22:45:00,7.19,
2024-07-19 23:00:00,7.21,
2024-07-19 23:15:00,7.23,
2024-07-19 23:30:00,7.24,
2024-07-19 23:45:00,7.28,
2024-07-20 00:00:00,7.3,
2024-07-20 00:15:00,7.32,
2024-07-20 00:30:00,7.34,
2024-07-20 00:45:00,7.36,
2024-07-20 01:00:00,7.39,
2024-07-20 01:15:00,7.4,
2024-07-20 01:30:00,7.42,
2024-07-20 01:45:00,7.44,
2024-07-20 02:00:00,7.46,
2024-07-20 02:15:00,7.48,
2024-07-20 02:30:00,7.49,
2024-07-20 02:45:00,7.52,
2024-07-20 03:00:00,7.53,
2024-07-20 03:15:00,7.54,
2024-07-20 03:30:00,7.57,
2024-07-20 03:45:00,7.58,
2024-07-20 04:00:00,7.59,
2024-07-20 04:15:00,7.61,
2024-07-20 04:30:00,7.62,
2024-07-20 04:45:00,7.64,
2024-07-20 05:00:00,7.64,
2024-07-20 05:15:00,7.66,
2024-07-20 05:30:00,7.66,
2024-07-20 05:45:00,7.69,
2024-07-20 06:00:00,7.72,
2024-07-20 06:15:00,7.75,
2024-07-20 06:30:00,7.8,
2024-07-20 06:45:00,7.86,
2024-07-20 07:00:00,7.93,
2024-07-20 07:15:00,8.0,
2024-07-20 07:30:00,8.09,
2024-07-20 07:45:00,8.18,
2024-07-20 08:00:00,8.27,
2024-07-20 08:15:00,8.35,
2024-07-20 08:30:00,8.44,
2024-07-20 08:45:00,8.52,
2024-07-20 09:00:00,8.59,
2024-07-20 09:15:00,8.67,
2024-07-20 09:30:00,8.74,
2024-07-20 09:45:00,8.81,
2024-07-20 10:00:00,8.86,
2024-07-20 10:15:00,8.91,
2024-07-20 10:30:00,8.95,
2024-07-20 10:45:00,9.0,
2024-07-20 11:00:00,9.05,
2024-07-20 11:15:00,9.08,
2024-07-20 11:30:00,9.1,
2024-07-20 11:45:00,9.11,
2024-07-20 12:00:00,9.12,
2024-07-20 12:15:00,9.11,
2024-07-20 12:30:00,9.11,
2024-07-20 12:45:00,9.1,
2024-07-20 13:00:00,9.09,
2024-07-20 13:15:00,9.07,
2024-07-20 13:30:00,9.05,
2024-07-20 13:45:00,9.02,
2024-07-20 14:00:00,8.99,
2024-07-20 14:15:00,8.95,
2024-07-20 14:30:00,8.9,
2024-07-20 14:45:00,8.84,
2024-07-20 15:00:00,8.78,
2024-07-20 15:15:00,8.74,
2024-07-20 15:30:00,8.7,
2024-07-20 15:45:00,8.68,
2024-07-20 16:00:00,8.63,
2024-07-20 16:15:00,8.54,
2024-07-20 16:30:00,8.44,
2024-07-20 16:45:00,8.33,
2024-07-20 17:00:00,8.22,
2024-07-20 17:15:00,8.12,
2024-07-20 17:30:00,8.03,
2024-07-20 17:45:00,7.9,
2024-07-20 18:00:00,7.84,
2024-07-20 18:15:00,7.73,
2024-07-20 18:30:00,7.66,
2024-07-20 18:45:00,7.58,
2024-07-20 19:00:00,7.51,
2024-07-20 19:15:00,7.47,
2024-07-20 19:30:00,7.4,
2024-07-20 19:45:00,7.33,
2024-07-20 20:00:00,7.25,
2024-07-20 20:15:00,7.2,
2024-07-20 20:30:00,7.15,
2024-07-20 20:45:00,7.11,
2024-07-20 21:00:00,7.07,
2024-07-20 21:15:00,7.05,
2024-07-20 21:30:00,7.03,
2024-07-20 21:45:00,7.02,
2024-07-20 22:00:00,7.03,
2024-07-20 22:15:00,7.05,
2024-07-20 22:30:00,7.06,
2024-07-20 22:45:00,7.08,
2024-07-20 23:00:00,7.1,
2024-07-20 23:15:00,7.12,
2024-07-20 23:30:00,7.15,
2024-07-20 23:45:00,7.17,
2024-07-21 00:00:00,7.2,
2024-07-21 00:15:00,7.23,
2024-07-21 00:30:00,7.24,
2024-07-21 00:45:00,7.26,
2024-07-21 01:00:00,7.28,
2024-07-21 01:15:00,7.29,
2024-07-21 01:30:00,7.31,
2024-07-21 01:45:00,7.33,
2024-07-21 02:00:00,7.35,
2024-07-21 02:15:00,7.37,
2024-07-21 02:30:00,7.4,
2024-07-21 02:45:00,7.41,
2024-07-21 03:00:00,7.42,
2024-07-21 03:15:00,7.44,
2024-07-21 03:30:00,7.46,
2024-07-21 03:45:00,7.48,
2024-07-21 04:00:00,7.48,
2024-07-21 04:15:00,7.52,
2024-07-21 04:30:00,7.53,
2024-07-21 04:45:00,7.55,
2024-07-21 05:00:00,7.57,
2024-07-21 05:15:00,7.58,
2024-07-21 05:30:00,7.62,
2024-07-21 05:45:00,7.63,
2024-07-21 06:00:00,7.67,
2024-07-21 06:15:00,7.75,
2024-07-21 06:30:00,7.79,
2024-07-21 06:45:00,7.85,
2024-07-21 07:00:00,7.91,
2024-07-21 07:15:00,7.96,
2024-07-21 07:30:00,8.04,
2024-07-21 07:45:00,8.09,
2024-07-21 08:00:00,8.17,
2024-07-21 08:15:00,8.29,
2024-07-21 08:30:00,8.38,
2024-07-21 08:45:00,8.49,
2024-07-21 09:00:00,8.59,
2024-07-21 09:15:00,8.67,
2024-07-21 09:30:00,8.74,
2024-07-21 09:45:00,8.82,
2024-07-21 10:00:00,8.9,
2024-07-21 10:15:00,8.96,
2024-07-21 10:30:00,9.0,
2024-07-21 10:45:00,9.04,
2024-07-21 11:00:00,9.08,
2024-07-21 11:15:00,9.11,
2024-07-21 11:30:00,9.14,
2024-07-21 11:45:00,9.16,
2024-07-21 12:00:00,9.19,
2024-07-21 12:15:00,9.19,
2024-07-21 12:30:00,9.21,
2024-07-21 12:45:00,9.22,
2024-07-21 13:00:00,9.21,
2024-07-21 13:15:00,9.2,
2024-07-21 13:30:00,9.2,
2024-07-21 13:45:00,9.16,
2024-07-21 14:00:00,9.13,
2024-07-21 14:15:00,9.07,
2024-07-21 14:30:00,9.02,
2024-07-21 14:45:00,8.96,
2024-07-21 15:00:00,8.91,
2024-07-21 15:15:00,8.83,
2024-07-21 15:30:00,8.77,
2024-07-21 15:45:00,8.7,
2024-07-21 16:00:00,8.62,
2024-07-21 16:15:00,8.53,
2024-07-21 16:30:00,8.43,
2024-07-21 16:45:00,8.33,
2024-07-21 17:00:00,8.23,
2024-07-21 17:15:00,8.14,
2024-07-21 17:30:00,8.05,
2024-07-21 17:45:00,7.95,
2024-07-21 18:00:00,7.86,
2024-07-21 18:15:00,7.78,
2024-07-21 18:30:00,7.69,
2024-07-21 18:45:00,7.61,
2024-07-21 19:00:00,7.53,
2024-07-21 19:15:00,7.46,
2024-07-21 19:30:00,7.37,
2024-07-21 19:45:00,7.3,
2024-07-21 20:00:00,7.24,
2024-07-21 20:15:00,7.19,
2024-07-21 20:30:00,7.14,
2024-07-21 20:45:00,7.1,
2024-07-21 21:00:00,7.07,
2024-07-21 21:15:00,7.06,
2024-07-21 21:30:00,7.06,
2024-07-21 21:45:00,7.06,
2024-07-21 22:00:00,7.07,
2024-07-21 22:15:00,7.08,
2024-07-21 22:30:00,7.1,
2024-07-21 22:45:00,7.11,
2024-07-21 23:00:00,7.14,
2024-07-21 23:15:00,7.16,
2024-07-21 23:30:00,7.17,
2024-07-21 23:45:00,7.2,
2024-07-22 00:00:00,7.21,
2024-07-22 00:15:00,7.25,
2024-07-22 00:30:00,7.26,
2024-07-22 00:45:00,7.3,
2024-07-22 01:00:00,7.32,
2024-07-22 01:15:00,7.34,
2024-07-22 01:30:00,7.36,
2024-07-22 01:45:00,7.38,
2024-07-22 02:00:00,7.39,
2024-07-22 02:15:00,7.41,
2024-07-22 02:30:00,7.43,
2024-07-22 02:45:00,7.45,
2024-07-22 03:00:00,7.46,
2024-07-22 03:15:00,7.47,
2024-07-22 03:30:00,7.5,
2024-07-22 03:45:00,7.51,
2024-07-22 04:00:00,7.53,
2024-07-22 04:15:00,7.53,
2024-07-22 04:30:00,7.55,
2024-07-22 04:45:00,7.54,
2024-07-22 05:00:00,7.57,
2024-07-22 05:15:00,7.58,
2024-07-22 05:30:00,7.6,
2024-07-22 05:45:00,7.62,
2024-07-22 06:00:00,7.64,
2024-07-22 06:15:00,7.68,
2024-07-22 06:30:00,7.73,
2024-07-22 06:45:00,7.8,
2024-07-22 07:00:00,7.87,
2024-07-22 07:15:00,7.95,
2024-07-22 07:30:00,8.05,
2024-07-22 07:45:00,8.15,
2024-07-22 08:00:00,8.27,
2024-07-22 08:15:00,8.35,
2024-07-22 08:30:00,8.46,
2024-07-22 08:45:00,8.57,
2024-07-22 09:00:00,8.67,
2024-07-22 09:15:00,8.76,
2024-07-22 09:30:00,8.82,
2024-07-22 09:45:00,8.89,
2024-07-22 10:00:00,8.99,
2024-07-22 10:15:00,9.06,
2024-07-22 10:30:00,9.12,
2024-07-22 10:45:00,9.18,
2024-07-22 11:00:00,9.22,
2024-07-22 11:15:00,9.24,
2024-07-22 11:30:00,9.28,
2024-07-22 11:45:00,9.3,
2024-07-22 12:00:00,9.31,
2024-07-22 12:15:00,9.32,
2024-07-22 12:30:00,9.33,
2024-07-22 12:45:00,9.32,
2024-07-22 13:00:00,9.31,
2024-07-22 13:15:00,9.29,
2024-07-22 13:30:00,9.26,
2024-07-22 13:45:00,9.22,
2024-07-22 14:00:00,9.16,
2024-07-22 14:15:00,9.1,
2024-07-22 14:30:00,9.06,
2024-07-22 14:45:00,9.0,
2024-07-22 15:00:00,8.92,
2024-07-22 15:15:00,8.85,
2024-07-22 15:30:00,8.79,
2024-07-22 15:45:00,8.74,
2024-07-22 16:00:00,8.6,
2024-07-22 16:15:00,8.47,
2024-07-22 16:30:00,8.3,
2024-07-22 16:45:00,8.15,
2024-07-22 17:00:00,8.04,
2024-07-22 17:15:00,8.03,
2024-07-22 17:30:00,7.95,
2024-07-22 17:45:00,7.92,
2024-07-22 18:00:00,7.91,
2024-07-22 18:15:00,7.83,
2024-07-22 18:30:00,7.76,
2024-07-22 18:45:00,7.67,
2024-07-22 19:00:00,7.57,
2024-07-22 19:15:00,7.49,
2024-07-22 19:30:00,7.43,
2024-07-22 19:45:00,7.35,
2024-07-22 20:00:00,7.29,
2024-07-22 20:15:00,7.23,
2024-07-22 20:30:00,7.17,
2024-07-22 20:45:00,7.13,
2024-07-22 21:00:00,7.11,
2024-07-22 21:15:00,7.08,
2024-07-22 21:30:00,7.08,
2024-07-22 21:45:00,7.08,
2024-07-22 22:00:00,7.08,
2024-07-22 22:15:00,7.1,
2024-07-22 22:30:00,7.12,
2024-07-22 22:45:00,7.13,
2024-07-22 23:00:00,7.15,
2024-07-22 23:15:00,7.17,
2024-07-22 23:30:00,7.18,
2024-07-22 23:45:00,7.21,
2024-07-23 00:00:00,7.22,
2024-07-23 00:15:00,7.26,
2024-07-23 00:30:00,7.27,
2024-07-23 00:45:00,7.29,
2024-07-23 01:00:00,7.3,
2024-07-23 01:15:00,7.33,
2024-07-23 01:30:00,7.36,
2024-07-23 01:45:00,7.37,
2024-07-23 02:00:00,7.39,
2024-07-23 02:15:00,7.41,
2024-07-23 02:30:00,7.43,
2024-07-23 02:45:00,7.45,
2024-07-23 03:00:00,7.46,
2024-07-23 03:15:00,7.48,
2024-07-23 03:30:00,7.48,
2024-07-23 03:45:00,7.5,
2024-07-23 04:00:00,7.51,
2024-07-23 04:15:00,7.53,
2024-07-23 04:30:00,7.54,
2024-07-23 04:45:00,7.56,
2024-07-23 05:00:00,7.57,
2024-07-23 05:15:00,7.58,
2024-07-23 05:30:00,7.6,
2024-07-23 05:45:00,7.63,
2024-07-23 06:00:00,7.68,
2024-07-23 06:15:00,7.72,
2024-07-23 06:30:00,7.79,
2024-07-23 06:45:00,7.84,
2024-07-23 07:00:00,7.93,
2024-07-23 07:15:00,7.95,
2024-07-23 07:30:00,8.05,
2024-07-23 07:45:00,8.18,
2024-07-23 08:00:00,8.25,
2024-07-23 08:15:00,8.36,
2024-07-23 08:30:00,8.45,
2024-07-23 08:45:00,8.54,
2024-07-23 09:00:00,8.65,
2024-07-23 09:15:00,8.75,
2024-07-23 09:30:00,8.87,
2024-07-23 09:45:00,8.97,
2024-07-23 10:00:00,9.0,
2024-07-23 10:15:00,9.08,
2024-07-23 10:30:00,9.12,
2024-07-23 10:45:00,9.08,
2024-07-23 11:00:00,9.14,
2024-07-23 11:15:00,9.16,
2024-07-23 11:30:00,9.22,
2024-07-23 11:45:00,9.25,
2024-07-23 12:00:00,9.33,
2024-07-23 12:15:00,9.36,
2024-07-23 12:30:00,9.39,
2024-07-23 12:45:00,9.37,
2024-07-23 13:00:00,9.38,
2024-07-23 13:15:00,9.36,
2024-07-23 13:30:00,9.34,
2024-07-23 13:45:00,9.32,
2024-07-23 14:00:00,9.28,
2024-07-23 14:15:00,9.23,
2024-07-23 14:30:00,9.18,
2024-07-23 14:45:00,9.11,
2024-07-23 15:00:00,9.03,
2024-07-23 15:15:00,8.95,
2024-07-23 15:30:00,8.87,
2024-07-23 15:45:00,8.8,
2024-07-23 16:00:00,8.7,
2024-07-23 16:15:00,8.62,
2024-07-23 16:30:00,8.52,
2024-07-23 16:45:00,8.43,
2024-07-23 17:00:00,8.32,
2024-07-23 17:15:00,8.22,
2024-07-23 17:30:00,8.13,
2024-07-23 17:45:00,8.02,
2024-07-23 18:00:00,7.92,
2024-07-23 18:15:00,7.84,
2024-07-23 18:30:00,7.74,
2024-07-23 18:45:00,7.63,
2024-07-23 19:00:00,7.57,
2024-07-23 19:15:00,7.5,
2024-07-23 19:30:00,7.42,
2024-07-23 19:45:00,7.34,
2024-07-23 20:00:00,7.27,
2024-07-23 20:15:00,7.21,
2024-07-23 20:30:00,7.15,
2024-07-23 20:45:00,7.11,
2024-07-23 21:00:00,7.09,
2024-07-23 21:15:00,7.07,
2024-07-23 21:30:00,7.06,
2024-07-23 21:45:00,7.06,
2024-07-23 22:00:00,7.06,
2024-07-23 22:15:00,7.07,
2024-07-23 22:30:00,7.08,
2024-07-23 22:45:00,7.09,
2024-07-23 23:00:00,7.11,
2024-07-23 23:15:00,7.13,
2024-07-23 23:30:00,7.16,
2024-07-23 23:45:00,7.19,
2024-07-24 00:00:00,7.2,
2024-07-24 00:15:00,7.23,
2024-07-24 00:30:00,7.25,
2024-07-24 00:45:00,7.27,
2024-07-24 01:00:00,7.29,
2024-07-24 01:15:00,7.3,
2024-07-24 01:30:00,7.33,
2024-07-24 01:45:00,7.35,
2024-07-24 02:00:00,7.37,
2024-07-24 02:15:00,7.39,
2024-07-24 02:30:00,7.41,
2024-07-24 02:45:00,7.42,
2024-07-24 03:00:00,7.44,
2024-07-24 03:15:00,7.46,
2024-07-24 03:30:00,7.47,
2024-07-24 03:45:00,7.48,
2024-07-24 04:00:00,7.5,
2024-07-24 04:15:00,7.5,
2024-07-24 04:30:00,7.53,
2024-07-24 04:45:00,7.54,
2024-07-24 05:00:00,7.55,
2024-07-24 05:15:00,7.56,
2024-07-24 05:30:00,7.59,
2024-07-24 05:45:00,7.61,
2024-07-24 06:00:00,7.65,
2024-07-24 06:15:00,7.68,
2024-07-24 06:30:00,7.75,
2024-07-24 06:45:00,7.81,
2024-07-24 07:00:00,7.87,
2024-07-24 07:15:00,7.96,
2024-07-24 07:30:00,8.05,
2024-07-24 07:45:00,8.14,
2024-07-24 08:00:00,8.23,
2024-07-24 08:15:00,8.34,
2024-07-24 08:30:00,8.42,
2024-07-24 08:45:00,8.5,
2024-07-24 09:00:00,8.6,
2024-07-24 09:15:00,8.68,
2024-07-24 09:30:00,8.78,
2024-07-24 09:45:00,8.86,
2024-07-24 10:00:00,8.93,
2024-07-24 10:15:00,8.99,
2024-07-24 10:30:00,9.05,
2024-07-24 10:45:00,9.09,
2024-07-24 11:00:00,9.13,
2024-07-24 11:15:00,9.15,
2024-07-24 11:30:00,9.18,
2024-07-24 11:45:00,9.2,
2024-07-24 12:00:00,9.23,
2024-07-24 12:15:00,9.25,
2024-07-24 12:30:00,9.25,
2024-07-24 12:45:00,9.25,
2024-07-24 13:00:00,9.25,
2024-07-24 13:15:00,9.24,
2024-07-24 13:30:00,9.23,
2024-07-24 13:45:00,9.2,
2024-07-24 14:00:00,9.16,
2024-07-24 14:15:00,9.11,
2024-07-24 14:30:00,9.06,
2024-07-24 14:45:00,9.01,
2024-07-24 15:00:00,8.94,
2024-07-24 15:15:00,8.87,
2024-07-24 15:30:00,8.8,
2024-07-24 15:45:00,8.73,
2024-07-24 16:00:00,8.64,
2024-07-24 16:15:00,8.57,
2024-07-24 16:30:00,8.46,
2024-07-24 16:45:00,8.37,
2024-07-24 17:00:00,8.28,
2024-07-24 17:15:00,8.18,
2024-07-24 17:30:00,8.07,
2024-07-24 17:45:00,7.96,
2024-07-24 18:00:00,7.87,
2024-07-24 18:15:00,7.77,
2024-07-24 18:30:00,7.68,
2024-07-24 18:45:00,7.6,
2024-07-24 19:00:00,7.53,
2024-07-24 19:15:00,7.43,
2024-07-24 19:30:00,7.35,
2024-07-24 19:45:00,7.25,
2024-07-24 20:00:00,7.17,
2024-07-24 20:15:00,7.1,
2024-07-24 20:30:00,7.05,
2024-07-24 20:45:00,7.02,
2024-07-24 21:00:00,6.99,
2024-07-24 21:15:00,6.97,
2024-07-24 21:30:00,6.95,
2024-07-24 21:45:00,6.95,
2024-07-24 22:00:00,6.96,
2024-07-24 22:15:00,6.97,
2024-07-24 22:30:00,6.99,
2024-07-24 22:45:00,7.0,
2024-07-24 23:00:00,7.01,
2024-07-24 23:15:00,7.03,
2024-07-24 23:30:00,7.03,
2024-07-24 23:45:00,7.04,
2024-07-25 00:00:00,7.04,
2024-07-25 00:15:00,7.01,
2024-07-25 00:30:00,6.99,
2024-07-25 00:45:00,6.97,
2024-07-25 01:00:00,6.99,
2024-07-25 01:15:00,7.03,
2024-07-25 01:30:00,7.07,
2024-07-25 01:45:00,7.09,
2024-07-25 02:00:00,7.12,
2024-07-25 02:15:00,7.16,
2024-07-25 02:30:00,7.18,
2024-07-25 02:45:00,7.2,
2024-07-25 03:00:00,7.22,
2024-07-25 03:15:00,7.25,
2024-07-25 03:30:00,7.27,
2024-07-25 03:45:00,7.3,
2024-07-25 04:00:00,7.32,
2024-07-25 04:15:00,7.34,
2024-07-25 04:30:00,7.35,
2024-07-25 04:45:00,7.35,
2024-07-25 05:00:00,7.37,
2024-07-25 05:15:00,7.37,
2024-07-25 05:30:00,7.39,
2024-07-25 05:45:00,7.41,
2024-07-25 06:00:00,7.45,
2024-07-25 06:15:00,7.47,
2024-07-25 06:30:00,7.51,
2024-07-25 06:45:00,7.56,
2024-07-25 07:00:00,7.59,
2024-07-25 07:15:00,7.63,
2024-07-25 07:30:00,7.67,
2024-07-25 07:45:00,7.73,
2024-07-25 08:00:00,7.83,
2024-07-25 08:15:00,7.87,
2024-07-25 08:30:00,7.89,
2024-07-25 08:45:00,7.95,
2024-07-25 09:00:00,8.04,
2024-07-25 09:15:00,8.18,
2024-07-25 09:30:00,8.3,
2024-07-25 09:45:00,8.4,
2024-07-25 10:00:00,8.5,
2024-07-25 10:15:00,8.6,
2024-07-25 10:30:00,8.66,
2024-07-25 10:45:00,8.76,
2024-07-25 11:00:00,8.89,
2024-07-25 11:15:00,8.99,
2024-07-25 11:30:00,9.01,
2024-07-25 11:45:00,9.11,
2024-07-25 12:00:00,9.1,
2024-07-25 12:15:00,9.11,
2024-07-25 12:30:00,9.1,
2024-07-25 12:45:00,9.1,
2024-07-25 13:00:00,9.08,
2024-07-25 13:15:00,9.05,
2024-07-25 13:30:00,9.03,
2024-07-25 13:45:00,9.0,
2024-07-25 14:00:00,8.97,
2024-07-25 14:15:00,8.92,
2024-07-25 14:30:00,8.87,
2024-07-25 14:45:00,8.81,
2024-07-25 15:00:00,8.76,
2024-07-25 15:15:00,8.68,
2024-07-25 15:30:00,8.58,
2024-07-25 15:45:00,8.51,
2024-07-25 16:00:00,8.43,
2024-07-25 16:15:00,8.34,
2024-07-25 16:30:00,8.22,
2024-07-25 16:45:00,8.12,
2024-07-25 17:00:00,8.01,
2024-07-25 17:15:00,7.91,
2024-07-25 17:30:00,7.79,
2024-07-25 17:45:00,7.68,
2024-07-25 18:00:00,7.58,
2024-07-25 18:15:00,7.48,
2024-07-25 18:30:00,7.38,
2024-07-25 18:45:00,7.29,
2024-07-25 19:00:00,7.25,
2024-07-25 19:15:00,7.22,
2024-07-25 19:30:00,7.16,
2024-07-25 19:45:00,7.08,
2024-07-25 20:00:00,7.0,
2024-07-25 20:15:00,6.95,
2024-07-25 20:30:00,6.93,
2024-07-25 20:45:00,6.89,
2024-07-25 21:00:00,6.83,
2024-07-25 21:15:00,6.82,
2024-07-25 21:30:00,6.73,
2024-07-25 21:45:00,6.66,
2024-07-25 22:00:00,6.67,
2024-07-25 22:15:00,6.67,
2024-07-25 22:30:00,6.68,
2024-07-25 22:45:00,6.66,
2024-07-25 23:00:00,6.61,
2024-07-25 23:15:00,6.51,
2024-07-25 23:30:00,6.38,
2024-07-25 23:45:00,6.28,
2024-07-26 00:00:00,6.24,
2024-07-26 00:15:00,6.28,
2024-07-26 00:30:00,6.38,
2024-07-26 00:45:00,6.43,
2024-07-26 01:00:00,6.44,
2024-07-26 01:15:00,6.45,
2024-07-26 01:30:00,6.49,
2024-07-26 01:45:00,6.55,
2024-07-26 02:00:00,6.6,
2024-07-26 02:15:00,6.66,
2024-07-26 02:30:00,6.71,
2024-07-26 02:45:00,6.76,
2024-07-26 03:00:00,6.79,
2024-07-26 03:15:00,6.82,
2024-07-26 03:30:00,6.84,
2024-07-26 03:45:00,6.87,
2024-07-26 04:00:00,6.89,
2024-07-26 04:15:00,6.91,
2024-07-26 04:30:00,6.93,
2024-07-26 04:45:00,6.95,
2024-07-26 05:00:00,6.98,
2024-07-26 05:15:00,7.0,
2024-07-26 05:30:00,7.02,
2024-07-26 05:45:00,7.05,
2024-07-26 06:00:00,7.09,
2024-07-26 06:15:00,7.13,
2024-07-26 06:30:00,7.17,
2024-07-26 06:45:00,7.25,
2024-07-26 07:00:00,7.3,
2024-07-26 07:15:00,7.39,
2024-07-26 07:30:00,7.49,
2024-07-26 07:45:00,7.58,
2024-07-26 08:00:00,7.68,
2024-07-26 08:15:00,7.76,
2024-07-26 08:30:00,7.87,
2024-07-26 08:45:00,7.98,
2024-07-26 09:00:00,8.07,
2024-07-26 09:15:00,8.2,
2024-07-26 09:30:00,8.25,
2024-07-26 09:45:00,8.376666666666667,LI
2024-07-26 10:00:00,8.503333333333334,LI
2024-07-26 10:15:00,8.63,
2024-07-26 10:30:00,8.72,
2024-07-26 10:45:00,8.78,
2024-07-26 11:00:00,8.85,
2024-07-26 11:15:00,8.88,
2024-07-26 11:30:00,8.93,
2024-07-26 11:45:00,8.98,
2024-07-26 12:00:00,9.01,
2024-07-26 12:15:00,9.04,
2024-07-26 12:30:00,9.06,
2024-07-26 12:45:00,9.08,
2024-07-26 13:00:00,9.09,
2024-07-26 13:15:00,9.1,
2024-07-26 13:30:00,9.08,
2024-07-26 13:45:00,9.08,
2024-07-26 14:00:00,9.06,
2024-07-26 14:15:00,9.03,
2024-07-26 14:30:00,8.97,
2024-07-26 14:45:00,8.92,
2024-07-26 15:00:00,8.86,
2024-07-26 15:15:00,8.78,
2024-07-26 15:30:00,8.7,
2024-07-26 15:45:00,8.6,
2024-07-26 16:00:00,8.5,
2024-07-26 16:15:00,8.4,
2024-07-26 16:30:00,8.29,
2024-07-26 16:45:00,8.19,
2024-07-26 17:00:00,8.08,
2024-07-26 17:15:00,7.96,
2024-07-26 17:30:00,7.86,
2024-07-26 17:45:00,7.75,
2024-07-26 18:00:00,7.65,
2024-07-26 18:15:00,7.56,
2024-07-26 18:30:00,7.48,
2024-07-26 18:45:00,7.41,
2024-07-26 19:00:00,7.32,
2024-07-26 19:15:00,7.25,
2024-07-26 19:30:00,7.16,
2024-07-26 19:45:00,7.08,
2024-07-26 20:00:00,7.0,
2024-07-26 20:15:00,6.95,
2024-07-26 20:30:00,6.89,
2024-07-26 20:45:00,6.86,
2024-07-26 21:00:00,6.84,
2024-07-26 21:15:00,6.83,
2024-07-26 21:30:00,6.82,
2024-07-26 21:45:00,6.81,
2024-07-26 22:00:00,6.82,
2024-07-26 22:15:00,6.85,
2024-07-26 22:30:00,6.87,
2024-07-26 22:45:00,6.89,
2024-07-26 23:00:00,6.91,
2024-07-26 23:15:00,6.94,
2024-07-26 23:30:00,6.95,
2024-07-26 23:45:00,6.98,
2024-07-27 00:00:00,7.01,
2024-07-27 00:15:00,7.03,
2024-07-27 00:30:00,7.05,
2024-07-27 00:45:00,7.08,
2024-07-27 01:00:00,7.1,
2024-07-27 01:15:00,7.13,
2024-07-27 01:30:00,7.14,
2024-07-27 01:45:00,7.17,
2024-07-27 02:00:00,7.19,
2024-07-27 02:15:00,7.21,
2024-07-27 02:30:00,7.23,
2024-07-27 02:45:00,7.23,
2024-07-27 03:00:00,7.27,
2024-07-27 03:15:00,7.27,
2024-07-27 03:30:00,7.28,
2024-07-27 03:45:00,7.3,
2024-07-27 04:00:00,7.33,
2024-07-27 04:15:00,7.26,
2024-07-27 04:30:00,7.22,
2024-07-27 04:45:00,7.29,
2024-07-27 05:00:00,7.3,
2024-07-27 05:15:00,7.28,
2024-07-27 05:30:00,7.27,
2024-07-27 05:45:00,7.15,
2024-07-27 06:00:00,7.02,
2024-07-27 06:15:00,6.96,
2024-07-27 06:30:00,6.95,
2024-07-27 06:45:00,7.02,
2024-07-27 07:00:00,7.12,
2024-07-27 07:15:00,7.17,
2024-07-27 07:30:00,7.21,
2024-07-27 07:45:00,7.28,
2024-07-27 08:00:00,7.37,
2024-07-27 08:15:00,7.45,
2024-07-27 08:30:00,7.51,
2024-07-27 08:45:00,7.51,
2024-07-27 09:00:00,7.47,
2024-07-27 09:15:00,7.58,
2024-07-27 09:30:00,7.61,
2024-07-27 09:45:00,7.73,
2024-07-27 10:00:00,7.78,
2024-07-27 10:15:00,7.79,
2024-07-27 10:30:00,7.75,
2024-07-27 10:45:00,7.76,
2024-07-27 11:00:00,7.79,
2024-07-27 11:15:00,7.81,
2024-07-27 11:30:00,7.79,
2024-07-27 11:45:00,7.78,
2024-07-27 12:00:00,7.89,
2024-07-27 12:15:00,8.07,
2024-07-27 12:30:00,8.26,
2024-07-27 12:45:00,8.33,
2024-07-27 13:00:00,8.4,
2024-07-27 13:15:00,8.51,
2024-07-27 13:30:00,8.63,
2024-07-27 13:45:00,8.75,
2024-07-27 14:00:00,8.82,
2024-07-27 14:15:00,8.85,
2024-07-27 14:30:00,8.84,
2024-07-27 14:45:00,8.82,
2024-07-27 15:00:00,8.83,
2024-07-27 15:15:00,8.78,
2024-07-27 15:30:00,8.72,
2024-07-27 15:45:00,8.67,
2024-07-27 16:00:00,8.63,
2024-07-27 16:15:00,8.57,
2024-07-27 16:30:00,8.48,
2024-07-27 16:45:00,8.37,
2024-07-27 17:00:00,8.21,
2024-07-27 17:15:00,8.06,
2024-07-27 17:30:00,7.92,
2024-07-27 17:45:00,7.79,
2024-07-27 18:00:00,7.65,
2024-07-27 18:15:00,7.53,
2024-07-27 18:30:00,7.44,
2024-07-27 18:45:00,7.34,
2024-07-27 19:00:00,7.29,
2024-07-27 19:15:00,7.21,
2024-07-27 19:30:00,7.24,
2024-07-27 19:45:00,7.25,
2024-07-27 20:00:00,7.25,
2024-07-27 20:15:00,7.25,
2024-07-27 20:30:00,7.23,
2024-07-27 20:45:00,7.22,
2024-07-27 21:00:00,7.2,
2024-07-27 21:15:00,7.22,
2024-07-27 21:30:00,7.24,
2024-07-27 21:45:00,7.28,
2024-07-27 22:00:00,7.32,
2024-07-27 22:15:00,7.37,
2024-07-27 22:30:00,7.41,
2024-07-27 22:45:00,7.44,
2024-07-27 23:00:00,7.48,
2024-07-27 23:15:00,7.51,
2024-07-27 23:30:00,7.54,
2024-07-27 23:45:00,7.57,
2024-07-28 00:00:00,7.61,
2024-07-28 00:15:00,7.62,
2024-07-28 00:30:00,7.64,
2024-07-28 00:45:00,7.67,
2024-07-28 01:00:00,7.68,
2024-07-28 01:15:00,7.7,
2024-07-28 01:30:00,7.71,
2024-07-28 01:45:00,7.72,
2024-07-28 02:00:00,7.74,
2024-07-28 02:15:00,7.75,
2024-07-28 02:30:00,7.76,
2024-07-28 02:45:00,7.77,
2024-07-28 03:00:00,7.78,
2024-07-28 03:15:00,7.78,
2024-07-28 03:30:00,7.79,
2024-07-28 03:45:00,7.81,
2024-07-28 04:00:00,7.82,
2024-07-28 04:15:00,7.83,
2024-07-28 04:30:00,7.73,
2024-07-28 04:45:00,7.74,
2024-07-28 05:00:00,7.75,
2024-07-28 05:15:00,7.76,
2024-07-28 05:30:00,7.77,
2024-07-28 05:45:00,7.79,
2024-07-28 06:00:00,7.81,
2024-07-28 06:15:00,7.85,
2024-07-28 06:30:00,7.88,
2024-07-28 06:45:00,7.92,
2024-07-28 07:00:00,7.98,
2024-07-28 07:15:00,8.05,
2024-07-28 07:30:00,8.12,
2024-07-28 07:45:00,8.19,
2024-07-28 08:00:00,8.26,
2024-07-28 08:15:00,8.34,
2024-07-28 08:30:00,8.41,
2024-07-28 08:45:00,8.5,
2024-07-28 09:00:00,8.57,
2024-07-28 09:15:00,8.64,
2024-07-28 09:30:00,8.72,
2024-07-28 09:45:00,8.78,
2024-07-28 10:00:00,8.84,
2024-07-28 10:15:00,8.89,
2024-07-28 10:30:00,8.93,
2024-07-28 10:45:00,8.97,
2024-07-28 11:00:00,9.02,
2024-07-28 11:15:00,9.06,
2024-07-28 11:30:00,9.09,
2024-07-28 11:45:00,9.12,
2024-07-28 12:00:00,9.15,
2024-07-28 12:15:00,9.16,
2024-07-28 12:30:00,9.17,
2024-07-28 12:45:00,9.18,
2024-07-28 13:00:00,9.16,
2024-07-28 13:15:00,9.16,
2024-07-28 13:30:00,9.13,
2024-07-28 13:45:00,9.11,
2024-07-28 14:00:00,9.08,
2024-07-28 14:15:00,9.01,
2024-07-28 14:30:00,8.97,
2024-07-28 14:45:00,8.91,
2024-07-28 15:00:00,8.84,
2024-07-28 15:15:00,8.78,
2024-07-28 15:30:00,8.7,
2024-07-28 15:45:00,8.61,
2024-07-28 16:00:00,8.54,
2024-07-28 16:15:00,8.47,
2024-07-28 16:30:00,8.37,
2024-07-28 16:45:00,8.31,
2024-07-28 17:00:00,8.23,
2024-07-28 17:15:00,8.14,
2024-07-28 17:30:00,8.06,
2024-07-28 17:45:00,7.99,
2024-07-28 18:00:00,7.91,
2024-07-28 18:15:00,7.82,
2024-07-28 18:30:00,7.77,
2024-07-28 18:45:00,7.71,
2024-07-28 19:00:00,7.65,
2024-07-28 19:15:00,7.59,
2024-07-28 19:30:00,7.53,
2024-07-28 19:45:00,7.47,
2024-07-28 20:00:00,7.42,
2024-07-28 20:15:00,7.38,
2024-07-28 20:30:00,7.34,
2024-07-28 20:45:00,7.31,
2024-07-28 21:00:00,7.29,
2024-07-28 21:15:00,7.29,
2024-07-28 21:30:00,7.29,
2024-07-28 21:45:00,7.29,
2024-07-28 22:00:00,7.31,
2024-07-28 22:15:00,7.32,
2024-07-28 22:30:00,7.34,
2024-07-28 22:45:00,7.35,
2024-07-28 23:00:00,7.38,
2024-07-28 23:15:00,7.39,
2024-07-28 23:30:00,7.41,
2024-07-28 23:45:00,7.43,
2024-07-29 00:00:00,7.44,
2024-07-29 00:15:00,7.48,
2024-07-29 00:30:00,7.49,
2024-07-29 00:45:00,7.51,
2024-07-29 01:00:00,7.53,
2024-07-29 01:15:00,7.53,
2024-07-29 01:30:00,7.56,
2024-07-29 01:45:00,7.57,
2024-07-29 02:00:00,7.59,
2024-07-29 02:15:00,7.59,
2024-07-29 02:30:00,7.6,
2024-07-29 02:45:00,7.61,
2024-07-29 03:00:00,7.64,
2024-07-29 03:15:00,7.65,
2024-07-29 03:30:00,7.67,
2024-07-29 03:45:00,7.67,
2024-07-29 04:00:00,7.69,
2024-07-29 04:15:00,7.7,
2024-07-29 04:30:00,7.71,
2024-07-29 04:45:00,7.72,
2024-07-29 05:00:00,7.74,
2024-07-29 05:15:00,7.74,
2024-07-29 05:30:00,7.76,
2024-07-29 05:45:00,7.78,
2024-07-29 06:00:00,7.82,
2024-07-29 06:15:00,7.85,
2024-07-29 06:30:00,7.89,
2024-07-29 06:45:00,7.94,
2024-07-29 07:00:00,8.0,
2024-07-29 07:15:00,8.07,
2024-07-29 07:30:00,8.15,
2024-07-29 07:45:00,8.24,
2024-07-29 08:00:00,8.32,
2024-07-29 08:15:00,8.4,
2024-07-29 08:30:00,8.48,
2024-07-29 08:45:00,8.55,
2024-07-29 09:00:00,8.65,
2024-07-29 09:15:00,8.7,
2024-07-29 09:30:00,8.78,
2024-07-29 09:45:00,8.83,
2024-07-29 10:00:00,8.9,
2024-07-29 10:15:00,8.95,
2024-07-29 10:30:00,8.99,
2024-07-29 10:45:00,9.03,
2024-07-29 11:00:00,9.05,
2024-07-29 11:15:00,9.11,
2024-07-29 11:30:00,9.13,
2024-07-29 11:45:00,9.15,
2024-07-29 12:00:00,9.18,
2024-07-29 12:15:00,9.18,
2024-07-29 12:30:00,9.19,
2024-07-29 12:45:00,9.2,
2024-07-29 13:00:00,9.21,
2024-07-29 13:15:00,9.2,
2024-07-29 13:30:00,9.16,
2024-07-29 13:45:00,9.13,
2024-07-29 14:00:00,9.07,
2024-07-29 14:15:00,9.06,
2024-07-29 14:30:00,9.03,
2024-07-29 14:45:00,8.97,
2024-07-29 15:00:00,8.89,
2024-07-29 15:15:00,8.82,
2024-07-29 15:30:00,8.73,
2024-07-29 15:45:00,8.65,
2024-07-29 16:00:00,8.57,
2024-07-29 16:15:00,8.49,
2024-07-29 16:30:00,8.41,
2024-07-29 16:45:00,8.33,
2024-07-29 17:00:00,8.24,
2024-07-29 17:15:00,8.17,
2024-07-29 17:30:00,8.08,
2024-07-29 17:45:00,8.0,
2024-07-29 18:00:00,7.93,
2024-07-29 18:15:00,7.85,
2024-07-29 18:30:00,7.79,
2024-07-29 18:45:00,7.72,
2024-07-29 19:00:00,7.64,
2024-07-29 19:15:00,7.59,
2024-07-29 19:30:00,7.54,
2024-07-29 19:45:00,7.46,
2024-07-29 20:00:00,7.42,
2024-07-29 20:15:00,7.4,
2024-07-29 20:30:00,7.36,
2024-07-29 20:45:00,7.35,
2024-07-29 21:00:00,7.33,
2024-07-29 21:15:00,7.33,
2024-07-29 21:30:00,7.33,
2024-07-29 21:45:00,7.34,
2024-07-29 22:00:00,7.35,
2024-07-29 22:15:00,7.36,
2024-07-29 22:30:00,7.4,
2024-07-29 22:45:00,7.41,
2024-07-29 23:00:00,7.44,
2024-07-29 23:15:00,7.46,
2024-07-29 23:30:00,7.47,
2024-07-29 23:45:00,7.5,
2024-07-30 00:00:00,7.52,
2024-07-30 00:15:00,7.54,
2024-07-30 00:30:00,7.54,
2024-07-30 00:45:00,7.55,
2024-07-30 01:00:00,7.57,
2024-07-30 01:15:00,7.59,
2024-07-30 01:30:00,7.61,
2024-07-30 01:45:00,7.62,
2024-07-30 02:00:00,7.64,
2024-07-30 02:15:00,7.66,
2024-07-30 02:30:00,7.67,
2024-07-30 02:45:00,7.68,
2024-07-30 03:00:00,7.7,
2024-07-30 03:15:00,7.71,
2024-07-30 03:30:00,7.74,
2024-07-30 03:45:00,7.75,
2024-07-30 04:00:00,7.77,
2024-07-30 04:15:00,7.78,
2024-07-30 04:30:00,7.79,
2024-07-30 04:45:00,7.81,
2024-07-30 05:00:00,7.83,
2024-07-30 05:15:00,7.84,
2024-07-30 05:30:00,7.85,
2024-07-30 05:45:00,7.88,
2024-07-30 06:00:00,7.91,
2024-07-30 06:15:00,7.95,
2024-07-30 06:30:00,8.0,
2024-07-30 06:45:00,8.05,
2024-07-30 07:00:00,8.12,
2024-07-30 07:15:00,8.19,
2024-07-30 07:30:00,8.27,
2024-07-30 07:45:00,8.36,
2024-07-30 08:00:00,8.45,
2024-07-30 08:15:00,8.53,
2024-07-30 08:30:00,8.6,
2024-07-30 08:45:00,8.69,
2024-07-30 09:00:00,8.77,
2024-07-30 09:15:00,8.85,
2024-07-30 09:30:00,8.92,
2024-07-30 09:45:00,8.99,
2024-07-30 10:00:00,9.04,
2024-07-30 10:15:00,9.08,
2024-07-30 10:30:00,9.12,
2024-07-30 10:45:00,9.18,
2024-07-30 11:00:00,9.23,
2024-07-30 11:15:00,9.26,
2024-07-30 11:30:00,9.24,
2024-07-30 11:45:00,9.28,
2024-07-30 12:00:00,9.26,
2024-07-30 12:15:00,9.24,
2024-07-30 12:30:00,9.23,
2024-07-30 12:45:00,9.22,
2024-07-30 13:00:00,9.21,
2024-07-30 13:15:00,9.24,
2024-07-30 13:30:00,9.15,
2024-07-30 13:45:00,9.19,
2024-07-30 14:00:00,9.16,
2024-07-30 14:15:00,9.07,
2024-07-30 14:30:00,9.11,
2024-07-30 14:45:00,9.08,
2024-07-30 15:00:00,9.03,
2024-07-30 15:15:00,8.92,
2024-07-30 15:30:00,8.81,
2024-07-30 15:45:00,8.68,
2024-07-30 16:00:00,8.51,
2024-07-30 16:15:00,8.5,
2024-07-30 16:30:00,8.43,
2024-07-30 16:45:00,8.27,
2024-07-30 17:00:00,8.18,
2024-07-30 17:15:00,8.13,
2024-07-30 17:30:00,8.1,
2024-07-30 17:45:00,8.12,
2024-07-30 18:00:00,8.07,
2024-07-30 18:15:00,7.99,
2024-07-30 18:30:00,7.89,
2024-07-30 18:45:00,7.82,
2024-07-30 19:00:00,7.77,
2024-07-30 19:15:00,7.71,
2024-07-30 19:30:00,7.65,
2024-07-30 19:45:00,7.6,
2024-07-30 20:00:00,7.54,
2024-07-30 20:15:00,7.51,
2024-07-30 20:30:00,7.49,
2024-07-30 20:45:00,7.47,
2024-07-30 21:00:00,7.46,
2024-07-30 21:15:00,7.46,
2024-07-30 21:30:00,7.47,
2024-07-30 21:45:00,7.48,
2024-07-30 22:00:00,7.49,
2024-07-30 22:15:00,7.51,
2024-07-30 22:30:00,7.53,
2024-07-30 22:45:00,7.54,
2024-07-30 23:00:00,7.56,
2024-07-30 23:15:00,7.58,
2024-07-30 23:30:00,7.6,
2024-07-30 23:45:00,7.62,
2024-07-31 00:00:00,7.64,
2024-07-31 00:15:00,7.65,
2024-07-31 00:30:00,7.67,
2024-07-31 00:45:00,7.69,
2024-07-31 01:00:00,7.7,
2024-07-31 01:15:00,7.72,
2024-07-31 01:30:00,7.73,
2024-07-31 01:45:00,7.75,
2024-07-31 02:00:00,7.76,
2024-07-31 02:15:00,7.77,
2024-07-31 02:30:00,7.79,
2024-07-31 02:45:00,7.8,
2024-07-31 03:00:00,7.81,
2024-07-31 03:15:00,7.82,
2024-07-31 03:30:00,7.83,
2024-07-31 03:45:00,7.85,
2024-07-31 04:00:00,7.86,
2024-07-31 04:15:00,7.86,
2024-07-31 04:30:00,7.88,
2024-07-31 04:45:00,7.89,
2024-07-31 05:00:00,7.9,
2024-07-31 05:15:00,7.91,
2024-07-31 05:30:00,7.93,
2024-07-31 05:45:00,7.94,
2024-07-31 06:00:00,7.96,
2024-07-31 06:15:00,8.01,
2024-07-31 06:30:00,8.05,
2024-07-31 06:45:00,8.09,
2024-07-31 07:00:00,8.16,
2024-07-31 07:15:00,8.22,
2024-07-31 07:30:00,8.31,
2024-07-31 07:45:00,8.38,
2024-07-31 08:00:00,8.47,
2024-07-31 08:15:00,8.56,
2024-07-31 08:30:00,8.64,
2024-07-31 08:45:00,8.71,
2024-07-31 09:00:00,8.79,
2024-07-31 09:15:00,8.86,
2024-07-31 09:30:00,8.94,
2024-07-31 09:45:00,9.0,
2024-07-31 10:00:00,9.07,
2024-07-31 10:15:00,9.1,
2024-07-31 10:30:00,9.16,
2024-07-31 10:45:00,9.2,
2024-07-31 11:00:00,9.24,
2024-07-31 11:15:00,9.26,
2024-07-31 11:30:00,9.28,
2024-07-31 11:45:00,9.26,
2024-07-31 12:00:00,9.32,
2024-07-31 12:15:00,9.34,
2024-07-31 12:30:00,9.35,
2024-07-31 12:45:00,9.35,
2024-07-31 13:00:00,9.33,
2024-07-31 13:15:00,9.28,
2024-07-31 13:30:00,9.28,
2024-07-31 13:45:00,9.28,
2024-07-31 14:00:00,9.21,
2024-07-31 14:15:00,9.17,
2024-07-31 14:30:00,9.14,
2024-07-31 14:45:00,9.1,
2024-07-31 15:00:00,9.03,
2024-07-31 15:15:00,8.94,
2024-07-31 15:30:00,8.87,
2024-07-31 15:45:00,8.77,
2024-07-31 16:00:00,8.67,
2024-07-31 16:15:00,8.6,
2024-07-31 16:30:00,8.5,
2024-07-31 16:45:00,8.4,
2024-07-31 17:00:00,8.34,
2024-07-31 17:15:00,8.26,
2024-07-31 17:30:00,8.17,
2024-07-31 17:45:00,8.08,
2024-07-31 18:00:00,8.0,
2024-07-31 18:15:00,7.91,
2024-07-31 18:30:00,7.83,
2024-07-31 18:45:00,7.74,
2024-07-31 19:00:00,7.64,
2024-07-31 19:15:00,7.59,
2024-07-31 19:30:00,7.52,
2024-07-31 19:45:00,7.46,
2024-07-31 20:00:00,7.41,
2024-07-31 20:15:00,7.38,
2024-07-31 20:30:00,7.34,
2024-07-31 20:45:00,7.31,
2024-07-31 21:00:00,7.3,
2024-07-31 21:15:00,7.29,
2024-07-31 21:30:00,7.28,
2024-07-31 21:45:00,7.28,
2024-07-31 22:00:00,7.3,
2024-07-31 22:15:00,7.32,
2024-07-31 22:30:00,7.34,
2024-07-31 22:45:00,7.35,
2024-07-31 23:00:00,7.38,
2024-07-31 23:15:00,7.4,
2024-07-31 23:30:00,7.43,
2024-07-31 23:45:00,7.45,
2024-08-01 00:00:00,7.47,
2024-08-01 00:15:00,7.49,
2024-08-01 00:30:00,7.51,
2024-08-01 00:45:00,7.52,
2024-08-01 01:00:00,7.54,
2024-08-01 01:15:00,7.56,
2024-08-01 01:30:00,7.57,
2024-08-01 01:45:00,7.59,
2024-08-01 02:00:00,7.61,
2024-08-01 02:15:00,7.61,
2024-08-01 02:30:00,7.63,
2024-08-01 02:45:00,7.64,
2024-08-01 03:00:00,7.65,
2024-08-01 03:15:00,7.66,
2024-08-01 03:30:00,7.68,
2024-08-01 03:45:00,7.68,
2024-08-01 04:00:00,7.69,
2024-08-01 04:15:00,7.72,
2024-08-01 04:30:00,7.73,
2024-08-01 04:45:00,7.75,
2024-08-01 05:00:00,7.75,
2024-08-01 05:15:00,7.78,
2024-08-01 05:30:00,7.78,
2024-08-01 05:45:00,7.79,
2024-08-01 06:00:00,7.82,
2024-08-01 06:15:00,7.85,
2024-08-01 06:30:00,7.89,
2024-08-01 06:45:00,7.94,
2024-08-01 07:00:00,7.99,
2024-08-01 07:15:00,8.06,
2024-08-01 07:30:00,8.15,
2024-08-01 07:45:00,8.24,
2024-08-01 08:00:00,8.33,
2024-08-01 08:15:00,8.39,
2024-08-01 08:30:00,8.47,
2024-08-01 08:45:00,8.56,
2024-08-01 09:00:00,8.65,
2024-08-01 09:15:00,8.72,
2024-08-01 09:30:00,8.8,
2024-08-01 09:45:00,8.87,
2024-08-01 10:00:00,8.93,
2024-08-01 10:15:00,8.99,
2024-08-01 10:30:00,9.0,
2024-08-01 10:45:00,9.07,
2024-08-01 11:00:00,9.1,
2024-08-01 11:15:00,9.13,
2024-08-01 11:30:00,9.15,
2024-08-01 11:45:00,9.16,
2024-08-01 12:00:00,9.19,
2024-08-01 12:15:00,9.2,
2024-08-01 12:30:00,9.21,
2024-08-01 12:45:00,9.21,
2024-08-01 13:00:00,9.2,
2024-08-01 13:15:00,9.22,
2024-08-01 13:30:00,9.2,
2024-08-01 13:45:00,9.18,
2024-08-01 14:00:00,9.13,
2024-08-01 14:15:00,9.09,
2024-08-01 14:30:00,9.04,
2024-08-01 14:45:00,8.97,
2024-08-01 15:00:00,8.89,
2024-08-01 15:15:00,8.84,
2024-08-01 15:30:00,8.76,
2024-08-01 15:45:00,8.69,
2024-08-01 16:00:00,8.6,
2024-08-01 16:15:00,8.5,
2024-08-01 16:30:00,8.39,
2024-08-01 16:45:00,8.24,
2024-08-01 17:00:00,8.16,
2024-08-01 17:15:00,8.13,
2024-08-01 17:30:00,8.06,
2024-08-01 17:45:00,7.98,
2024-08-01 18:00:00,7.89,
2024-08-01 18:15:00,7.8,
2024-08-01 18:30:00,7.73,
2024-08-01 18:45:00,7.68,
2024-08-01 19:00:00,7.59,
2024-08-01 19:15:00,7.54,
2024-08-01 19:30:00,7.48,
2024-08-01 19:45:00,7.42,
2024-08-01 20:00:00,7.36,
2024-08-01 20:15:00,7.32,
2024-08-01 20:30:00,7.3,
2024-08-01 20:45:00,7.27,
2024-08-01 21:00:00,7.26,
2024-08-01 21:15:00,7.27,
2024-08-01 21:30:00,7.26,
2024-08-01 21:45:00,7.28,
2024-08-01 22:00:00,7.28,
2024-08-01 22:15:00,7.29,
2024-08-01 22:30:00,7.32,
2024-08-01 22:45:00,7.33,
2024-08-01 23:00:00,7.36,
2024-08-01 23:15:00,7.38,
2024-08-01 23:30:00,7.39,
2024-08-01 23:45:00,7.41,
2024-08-02 00:00:00,7.43,
2024-08-02 00:15:00,7.46,
2024-08-02 00:30:00,7.48,
2024-08-02 00:45:00,7.5,
2024-08-02 01:00:00,7.52,
2024-08-02 01:15:00,7.54,
2024-08-02 01:30:00,7.56,
2024-08-02 01:45:00,7.58,
2024-08-02 02:00:00,7.6,
2024-08-02 02:15:00,7.6,
2024-08-02 02:30:00,7.62,
2024-08-02 02:45:00,7.63,
2024-08-02 03:00:00,7.66,
2024-08-02 03:15:00,7.67,
2024-08-02 03:30:00,7.67,
2024-08-02 03:45:00,7.69,
2024-08-02 04:00:00,7.7,
2024-08-02 04:15:00,7.72,
2024-08-02 04:30:00,7.72,
2024-08-02 04:45:00,7.74,
2024-08-02 05:00:00,7.75,
2024-08-02 05:15:00,7.76,
2024-08-02 05:30:00,7.77,
2024-08-02 05:45:00,7.8,
2024-08-02 06:00:00,7.82,
2024-08-02 06:15:00,7.86,
2024-08-02 06:30:00,7.9,
2024-08-02 06:45:00,7.94,
2024-08-02 07:00:00,8.0,
2024-08-02 07:15:00,8.07,
2024-08-02 07:30:00,8.16,
2024-08-02 07:45:00,8.25,
2024-08-02 08:00:00,8.32,
2024-08-02 08:15:00,8.4,
2024-08-02 08:30:00,8.48,
2024-08-02 08:45:00,8.57,
2024-08-02 09:00:00,8.64,
2024-08-02 09:15:00,8.72,
2024-08-02 09:30:00,8.77,
2024-08-02 09:45:00,8.85,
2024-08-02 10:00:00,8.89,
2024-08-02 10:15:00,8.94,
2024-08-02 10:30:00,8.99,
2024-08-02 10:45:00,9.01,
2024-08-02 11:00:00,9.03,
2024-08-02 11:15:00,9.02,
2024-08-02 11:30:00,9.01,
2024-08-02 11:45:00,8.98,
2024-08-02 12:00:00,9.01,
2024-08-02 12:15:00,9.05,
2024-08-02 12:30:00,9.11,
2024-08-02 12:45:00,9.12,
2024-08-02 13:00:00,9.11,
2024-08-02 13:15:00,9.09,
2024-08-02 13:30:00,9.08,
2024-08-02 13:45:00,9.06,
2024-08-02 14:00:00,9.06,
2024-08-02 14:15:00,9.01,
2024-08-02 14:30:00,8.95,
2024-08-02 14:45:00,8.86,
2024-08-02 15:00:00,8.77,
2024-08-02 15:15:00,8.69,
2024-08-02 15:30:00,8.61,
2024-08-02 15:45:00,8.55,
2024-08-02 16:00:00,8.47,
2024-08-02 16:15:00,8.39,
2024-08-02 16:30:00,8.28,
2024-08-02 16:45:00,8.21,
2024-08-02 17:00:00,8.1,
2024-08-02 17:15:00,8.05,
2024-08-02 17:30:00,7.98,
2024-08-02 17:45:00,7.9,
2024-08-02 18:00:00,7.8,
2024-08-02 18:15:00,7.71,
2024-08-02 18:30:00,7.61,
2024-08-02 18:45:00,7.54,
2024-08-02 19:00:00,7.48,
2024-08-02 19:15:00,7.41,
2024-08-02 19:30:00,7.36,
2024-08-02 19:45:00,7.29,
2024-08-02 20:00:00,7.25,
2024-08-02 20:15:00,7.19,
2024-08-02 20:30:00,7.16,
2024-08-02 20:45:00,7.15,
2024-08-02 21:00:00,7.12,
2024-08-02 21:15:00,7.13,
2024-08-02 21:30:00,7.13,
2024-08-02 21:45:00,7.14,
2024-08-02 22:00:00,7.16,
2024-08-02 22:15:00,7.18,
2024-08-02 22:30:00,7.21,
2024-08-02 22:45:00,7.24,
2024-08-02 23:00:00,7.24,
2024-08-02 23:15:00,7.26,
2024-08-02 23:30:00,7.28,
2024-08-02 23:45:00,7.3,
2024-08-03 00:00:00,7.31,
2024-08-03 00:15:00,7.34,
2024-08-03 00:30:00,7.35,
2024-08-03 00:45:00,7.38,
2024-08-03 01:00:00,7.4,
2024-08-03 01:15:00,7.42,
2024-08-03 01:30:00,7.44,
2024-08-03 01:45:00,7.46,
2024-08-03 02:00:00,7.48,
2024-08-03 02:15:00,7.48,
2024-08-03 02:30:00,7.51,
2024-08-03 02:45:00,7.52,
2024-08-03 03:00:00,7.53,
2024-08-03 03:15:00,7.55,
2024-08-03 03:30:00,7.55,
2024-08-03 03:45:00,7.55,
2024-08-03 04:00:00,7.57,
2024-08-03 04:15:00,7.59,
2024-08-03 04:30:00,7.6,
2024-08-03 04:45:00,7.62,
2024-08-03 05:00:00,7.62,
2024-08-03 05:15:00,7.64,
2024-08-03 05:30:00,7.66,
2024-08-03 05:45:00,7.67,
2024-08-03 06:00:00,7.69,
2024-08-03 06:15:00,7.73,
2024-08-03 06:30:00,7.76,
2024-08-03 06:45:00,7.8,
2024-08-03 07:00:00,7.85,
2024-08-03 07:15:00,7.91,
2024-08-03 07:30:00,8.0,
2024-08-03 07:45:00,8.08,
2024-08-03 08:00:00,8.17,
2024-08-03 08:15:00,8.24,
2024-08-03 08:30:00,8.33,
2024-08-03 08:45:00,8.38,
2024-08-03 09:00:00,8.45,
2024-08-03 09:15:00,8.52,
2024-08-03 09:30:00,8.61,
2024-08-03 09:45:00,8.67,
2024-08-03 10:00:00,8.75,
2024-08-03 10:15:00,8.8,
2024-08-03 10:30:00,8.87,
2024-08-03 10:45:00,8.9,
2024-08-03 11:00:00,8.93,
2024-08-03 11:15:00,8.98,
2024-08-03 11:30:00,9.0,
2024-08-03 11:45:00,9.04,
2024-08-03 12:00:00,9.06,
2024-08-03 12:15:00,9.07,
2024-08-03 12:30:00,9.08,
2024-08-03 12:45:00,9.05,
2024-08-03 13:00:00,9.08,
2024-08-03 13:15:00,9.08,
2024-08-03 13:30:00,9.05,
2024-08-03 13:45:00,9.06,
2024-08-03 14:00:00,8.97,
2024-08-03 14:15:00,8.92,
2024-08-03 14:30:00,8.8,
2024-08-03 14:45:00,8.65,
2024-08-03 15:00:00,8.49,
2024-08-03 15:15:00,8.41,
2024-08-03 15:30:00,8.34,
2024-08-03 15:45:00,8.32,
2024-08-03 16:00:00,8.34,
2024-08-03 16:15:00,8.3,
2024-08-03 16:30:00,8.25,
2024-08-03 16:45:00,8.19,
2024-08-03 17:00:00,8.13,
2024-08-03 17:15:00,8.1,
2024-08-03 17:30:00,8.09,
2024-08-03 17:45:00,8.01,
2024-08-03 18:00:00,7.94,
2024-08-03 18:15:00,7.83,
2024-08-03 18:30:00,7.77,
2024-08-03 18:45:00,7.72,
2024-08-03 19:00:00,7.7,
2024-08-03 19:15:00,7.65,
2024-08-03 19:30:00,7.58,
2024-08-03 19:45:00,7.52,
2024-08-03 20:00:00,7.47,
2024-08-03 20:15:00,7.42,
2024-08-03 20:30:00,7.39,
2024-08-03 20:45:00,7.35,
2024-08-03 21:00:00,7.31,
2024-08-03 21:15:00,7.29,
2024-08-03 21:30:00,7.3,
2024-08-03 21:45:00,7.29,
2024-08-03 22:00:00,7.29,
2024-08-03 22:15:00,7.3,
2024-08-03 22:30:00,7.29,
2024-08-03 22:45:00,7.3,
2024-08-03 23:00:00,7.29,
2024-08-03 23:15:00,7.31,
2024-08-03 23:30:00,7.3,
2024-08-03 23:45:00,7.31,
2024-08-04 00:00:00,7.33,
2024-08-04 00:15:00,7.33,
2024-08-04 00:30:00,7.34,
2024-08-04 00:45:00,7.37,
2024-08-04 01:00:00,7.38,
2024-08-04 01:15:00,7.4,
2024-08-04 01:30:00,7.41,
2024-08-04 01:45:00,7.43,
2024-08-04 02:00:00,7.44,
2024-08-04 02:15:00,7.44,
2024-08-04 02:30:00,7.45,
2024-08-04 02:45:00,7.46,
2024-08-04 03:00:00,7.47,
2024-08-04 03:15:00,7.48,
2024-08-04 03:30:00,7.48,
2024-08-04 03:45:00,7.5,
2024-08-04 04:00:00,7.49,
2024-08-04 04:15:00,7.5,
2024-08-04 04:30:00,7.5,
2024-08-04 04:45:00,7.52,
2024-08-04 05:00:00,7.52,
2024-08-04 05:15:00,7.53,
2024-08-04 05:30:00,7.54,
2024-08-04 05:45:00,7.55,
2024-08-04 06:00:00,7.55,
2024-08-04 06:15:00,7.58,
2024-08-04 06:30:00,7.59,
2024-08-04 06:45:00,7.63,
2024-08-04 07:00:00,7.69,
2024-08-04 07:15:00,7.78,
2024-08-04 07:30:00,7.89,
2024-08-04 07:45:00,7.97,
2024-08-04 08:00:00,8.03,
2024-08-04 08:15:00,8.09,
2024-08-04 08:30:00,8.17,
2024-08-04 08:45:00,8.33,
2024-08-04 09:00:00,8.43,
2024-08-04 09:15:00,8.55,
2024-08-04 09:30:00,8.57,
2024-08-04 09:45:00,8.67,
2024-08-04 10:00:00,8.73,
2024-08-04 10:15:00,8.8,
2024-08-04 10:30:00,8.83,
2024-08-04 10:45:00,8.84,
2024-08-04 11:00:00,8.85,
2024-08-04 11:15:00,8.84,
2024-08-04 11:30:00,8.84,
2024-08-04 11:45:00,8.83,
2024-08-04 12:00:00,8.82,
2024-08-04 12:15:00,8.81,
2024-08-04 12:30:00,8.8,
2024-08-04 12:45:00,8.79,
2024-08-04 13:00:00,8.77,
2024-08-04 13:15:00,8.75,
2024-08-04 13:30:00,8.72,
2024-08-04 13:45:00,8.7,
2024-08-04 14:00:00,8.62,
2024-08-04 14:15:00,8.59,
2024-08-04 14:30:00,8.53,
2024-08-04 14:45:00,8.48,
2024-08-04 15:00:00,8.43,
2024-08-04 15:15:00,8.35,
2024-08-04 15:30:00,8.27,
2024-08-04 15:45:00,8.2,
2024-08-04 16:00:00,8.13,
2024-08-04 16:15:00,8.06,
2024-08-04 16:30:00,7.97,
2024-08-04 16:45:00,7.89,
2024-08-04 17:00:00,7.82,
2024-08-04 17:15:00,7.74,
2024-08-04 17:30:00,7.66,
2024-08-04 17:45:00,7.59,
2024-08-04 18:00:00,7.52,
2024-08-04 18:15:00,7.45,
2024-08-04 18:30:00,7.39,
2024-08-04 18:45:00,7.33,
2024-08-04 19:00:00,7.27,
2024-08-04 19:15:00,7.22,
2024-08-04 19:30:00,7.18,
2024-08-04 19:45:00,7.14,
2024-08-04 20:00:00,7.1,
2024-08-04 20:15:00,7.07,
2024-08-04 20:30:00,7.04,
2024-08-04 20:45:00,7.02,
2024-08-04 21:00:00,7.02,
2024-08-04 21:15:00,7.02,
2024-08-04 21:30:00,7.03,
2024-08-04 21:45:00,7.04,
2024-08-04 22:00:00,7.06,
2024-08-04 22:15:00,7.05,
2024-08-04 22:30:00,7.11,
2024-08-04 22:45:00,7.12,
2024-08-04 23:00:00,7.15,
2024-08-04 23:15:00,7.18,
2024-08-04 23:30:00,7.21,
2024-08-04 23:45:00,7.24,
2024-08-05 00:00:00,7.26,
2024-08-05 00:15:00,7.28,
2024-08-05 00:30:00,7.3,
2024-08-05 00:45:00,7.32,
2024-08-05 01:00:00,7.35,
2024-08-05 01:15:00,7.37,
2024-08-05 01:30:00,7.39,
2024-08-05 01:45:00,7.41,
2024-08-05 02:00:00,7.43,
2024-08-05 02:15:00,7.44,
2024-08-05 02:30:00,7.47,
2024-08-05 02:45:00,7.49,
2024-08-05 03:00:00,7.48,
2024-08-05 03:15:00,7.52,
2024-08-05 03:30:00,7.54,
2024-08-05 03:45:00,7.55,
2024-08-05 04:00:00,7.56,
2024-08-05 04:15:00,7.59,
2024-08-05 04:30:00,7.6,
2024-08-05 04:45:00,7.62,
2024-08-05 05:00:00,7.63,
2024-08-05 05:15:00,7.64,
2024-08-05 05:30:00,7.66,
2024-08-05 05:45:00,7.67,
2024-08-05 06:00:00,7.7,
2024-08-05 06:15:00,7.71,
2024-08-05 06:30:00,7.75,
2024-08-05 06:45:00,7.79,
2024-08-05 07:00:00,7.84,
2024-08-05 07:15:00,7.88,
2024-08-05 07:30:00,7.97,
2024-08-05 07:45:00,8.06,
2024-08-05 08:00:00,8.12,
2024-08-05 08:15:00,8.19,
2024-08-05 08:30:00,8.27,
2024-08-05 08:45:00,8.34,
2024-08-05 09:00:00,8.42,
2024-08-05 09:15:00,8.49,
2024-08-05 09:30:00,8.54,
2024-08-05 09:45:00,8.6,
2024-08-05 10:00:00,8.66,
2024-08-05 10:15:00,8.71,
2024-08-05 10:30:00,8.76,
2024-08-05 10:45:00,8.78,
2024-08-05 11:00:00,8.82,
2024-08-05 11:15:00,8.77,
2024-08-05 11:30:00,8.78,
2024-08-05 11:45:00,8.85,
2024-08-05 12:00:00,8.89,
2024-08-05 12:15:00,8.91,
2024-08-05 12:30:00,8.94,
2024-08-05 12:45:00,8.92,
2024-08-05 13:00:00,8.9,
2024-08-05 13:15:00,8.91,
2024-08-05 13:30:00,8.84,
2024-08-05 13:45:00,8.76,
2024-08-05 14:00:00,8.74,
2024-08-05 14:15:00,8.75,
2024-08-05 14:30:00,8.69,
2024-08-05 14:45:00,8.63,
2024-08-05 15:00:00,8.56,
2024-08-05 15:15:00,8.49,
2024-08-05 15:30:00,8.37,
2024-08-05 15:45:00,8.28,
2024-08-05 16:00:00,8.26,
2024-08-05 16:15:00,8.2,
2024-08-05 16:30:00,8.09,
2024-08-05 16:45:00,8.04,
2024-08-05 17:00:00,7.96,
2024-08-05 17:15:00,7.76,
2024-08-05 17:30:00,7.66,
2024-08-05 17:45:00,7.51,
2024-08-05 18:00:00,7.41,
2024-08-05 18:15:00,7.39,
2024-08-05 18:30:00,7.38,
2024-08-05 18:45:00,7.31,
2024-08-05 19:00:00,7.26,
2024-08-05 19:15:00,7.19,
2024-08-05 19:30:00,7.1,
2024-08-05 19:45:00,7.16,
2024-08-05 20:00:00,7.18,
2024-08-05 20:15:00,7.17,
2024-08-05 20:30:00,7.15,
2024-08-05 20:45:00,7.15,
2024-08-05 21:00:00,7.13,
2024-08-05 21:15:00,7.13,
2024-08-05 21:30:00,7.15,
2024-08-05 21:45:00,7.15,
2024-08-05 22:00:00,7.17,
2024-08-05 22:15:00,7.17,
2024-08-05 22:30:00,7.18,
2024-08-05 22:45:00,7.21,
2024-08-05 23:00:00,7.24,
2024-08-05 23:15:00,7.26,
2024-08-05 23:30:00,7.28,
2024-08-05 23:45:00,7.32,
2024-08-06 00:00:00,7.34,
2024-08-06 00:15:00,7.36,
2024-08-06 00:30:00,7.38,
2024-08-06 00:45:00,7.4,
2024-08-06 01:00:00,7.43,
2024-08-06 01:15:00,7.43,
2024-08-06 01:30:00,7.46,
2024-08-06 01:45:00,7.47,
2024-08-06 02:00:00,7.5,
2024-08-06 02:15:00,7.51,
2024-08-06 02:30:00,7.52,
2024-08-06 02:45:00,7.53,
2024-08-06 03:00:00,7.54,
2024-08-06 03:15:00,7.55,
2024-08-06 03:30:00,7.56,
2024-08-06 03:45:00,7.58,
2024-08-06 04:00:00,7.59,
2024-08-06 04:15:00,7.61,
2024-08-06 04:30:00,7.62,
2024-08-06 04:45:00,7.63,
2024-08-06 05:00:00,7.64,
2024-08-06 05:15:00,7.65,
2024-08-06 05:30:00,7.65,
2024-08-06 05:45:00,7.67,
2024-08-06 06:00:00,7.7,
2024-08-06 06:15:00,7.72,
2024-08-06 06:30:00,7.74,
2024-08-06 06:45:00,7.78,
2024-08-06 07:00:00,7.84,
2024-08-06 07:15:00,7.89,
2024-08-06 07:30:00,7.93,
2024-08-06 07:45:00,8.0,
2024-08-06 08:00:00,8.07,
2024-08-06 08:15:00,8.15,
2024-08-06 08:30:00,8.21,
2024-08-06 08:45:00,8.27,
2024-08-06 09:00:00,8.35,
2024-08-06 09:15:00,8.39,
2024-08-06 09:30:00,8.48,
2024-08-06 09:45:00,8.55,
2024-08-06 10:00:00,8.59,
2024-08-06 10:15:00,8.66,
2024-08-06 10:30:00,8.71,
2024-08-06 10:45:00,8.75,
2024-08-06 11:00:00,8.78,
2024-08-06 11:15:00,8.82,
2024-08-06 11:30:00,8.76,
2024-08-06 11:45:00,8.61,
2024-08-06 12:00:00,8.62,
2024-08-06 12:15:00,8.78,
2024-08-06 12:30:00,8.85,
2024-08-06 12:45:00,8.87,
2024-08-06 13:00:00,8.92,
2024-08-06 13:15:00,8.82,
2024-08-06 13:30:00,8.78,
2024-08-06 13:45:00,8.68,
2024-08-06 14:00:00,8.65,
2024-08-06 14:15:00,8.69,
2024-08-06 14:30:00,8.65,
2024-08-06 14:45:00,8.61,
2024-08-06 15:00:00,8.54,
2024-08-06 15:15:00,8.48,
2024-08-06 15:30:00,8.39,
2024-08-06 15:45:00,8.3,
2024-08-06 16:00:00,8.19,
2024-08-06 16:15:00,8.08,
2024-08-06 16:30:00,8.01,
2024-08-06 16:45:00,7.93,
2024-08-06 17:00:00,7.84,
2024-08-06 17:15:00,7.72,
2024-08-06 17:30:00,7.63,
2024-08-06 17:45:00,7.56,
2024-08-06 18:00:00,7.47,
2024-08-06 18:15:00,7.4,
2024-08-06 18:30:00,7.33,
2024-08-06 18:45:00,7.26,
2024-08-06 19:00:00,7.21,
2024-08-06 19:15:00,7.16,
2024-08-06 19:30:00,7.11,
2024-08-06 19:45:00,7.07,
2024-08-06 20:00:00,7.02,
2024-08-06 20:15:00,6.99,
2024-08-06 20:30:00,6.98,
2024-08-06 20:45:00,6.97,
2024-08-06 21:00:00,6.97,
2024-08-06 21:15:00,6.98,
2024-08-06 21:30:00,6.98,
2024-08-06 21:45:00,7.0,
2024-08-06 22:00:00,7.02,
2024-08-06 22:15:00,7.04,
2024-08-06 22:30:00,7.05,
2024-08-06 22:45:00,7.08,
2024-08-06 23:00:00,7.11,
2024-08-06 23:15:00,7.11,
2024-08-06 23:30:00,7.15,
2024-08-06 23:45:00,7.18,
2024-08-07 00:00:00,7.2,
2024-08-07 00:15:00,7.24,
2024-08-07 00:30:00,7.25,
2024-08-07 00:45:00,7.28,
2024-08-07 01:00:00,7.3,
2024-08-07 01:15:00,7.32,
2024-08-07 01:30:00,7.34,
2024-08-07 01:45:00,7.35,
2024-08-07 02:00:00,7.37,
2024-08-07 02:15:00,7.4,
2024-08-07 02:30:00,7.41,
2024-08-07 02:45:00,7.43,
2024-08-07 03:00:00,7.44,
2024-08-07 03:15:00,7.46,
2024-08-07 03:30:00,7.48,
2024-08-07 03:45:00,7.48,
2024-08-07 04:00:00,7.5,
2024-08-07 04:15:00,7.52,
2024-08-07 04:30:00,7.53,
2024-08-07 04:45:00,7.54,
2024-08-07 05:00:00,7.55,
2024-08-07 05:15:00,7.57,
2024-08-07 05:30:00,7.59,
2024-08-07 05:45:00,7.61,
2024-08-07 06:00:00,7.63,
2024-08-07 06:15:00,7.67,
2024-08-07 06:30:00,7.72,
2024-08-07 06:45:00,7.79,
2024-08-07 07:00:00,7.87,
2024-08-07 07:15:00,7.86,
2024-08-07 07:30:00,7.97,
2024-08-07 07:45:00,8.03,
2024-08-07 08:00:00,8.11,
2024-08-07 08:15:00,8.2,
2024-08-07 08:30:00,8.27,
2024-08-07 08:45:00,8.35,
2024-08-07 09:00:00,8.42,
2024-08-07 09:15:00,8.5,
2024-08-07 09:30:00,8.57,
2024-08-07 09:45:00,8.63,
2024-08-07 10:00:00,8.69,
2024-08-07 10:15:00,8.73,
2024-08-07 10:30:00,8.78,
2024-08-07 10:45:00,8.81,
2024-08-07 11:00:00,8.83,
2024-08-07 11:15:00,8.86,
2024-08-07 11:30:00,8.87,
2024-08-07 11:45:00,8.89,
2024-08-07 12:00:00,8.88,
2024-08-07 12:15:00,8.88,
2024-08-07 12:30:00,8.88,
2024-08-07 12:45:00,8.87,
2024-08-07 13:00:00,8.86,
2024-08-07 13:15:00,8.84,
2024-08-07 13:30:00,8.82,
2024-08-07 13:45:00,8.81,
2024-08-07 14:00:00,8.76,
2024-08-07 14:15:00,8.72,
2024-08-07 14:30:00,8.67,
2024-08-07 14:45:00,8.61,
2024-08-07 15:00:00,8.55,
2024-08-07 15:15:00,8.49,
2024-08-07 15:30:00,8.42,
2024-08-07 15:45:00,8.35,
2024-08-07 16:00:00,8.26,
2024-08-07 16:15:00,8.2,
2024-08-07 16:30:00,8.12,
2024-08-07 16:45:00,8.03,
2024-08-07 17:00:00,7.96,
2024-08-07 17:15:00,7.87,
2024-08-07 17:30:00,7.8,
2024-08-07 17:45:00,7.72,
2024-08-07 18:00:00,7.64,
2024-08-07 18:15:00,7.56,
2024-08-07 18:30:00,7.49,
2024-08-07 18:45:00,7.43,
2024-08-07 19:00:00,7.36,
2024-08-07 19:15:00,7.31,
2024-08-07 19:30:00,7.24,
2024-08-07 19:45:00,7.19,
2024-08-07 20:00:00,7.15,
2024-08-07 20:15:00,7.11,
2024-08-07 20:30:00,7.09,
2024-08-07 20:45:00,7.08,
2024-08-07 21:00:00,7.08,
2024-08-07 21:15:00,7.06,
2024-08-07 21:30:00,7.08,
2024-08-07 21:45:00,7.09,
2024-08-07 22:00:00,7.11,
2024-08-07 22:15:00,7.13,
2024-08-07 22:30:00,7.15,
2024-08-07 22:45:00,7.18,
2024-08-07 23:00:00,7.2,
2024-08-07 23:15:00,7.23,
2024-08-07 23:30:00,7.26,
2024-08-07 23:45:00,7.28,
2024-08-08 00:00:00,7.31,
2024-08-08 00:15:00,7.33,
2024-08-08 00:30:00,7.35,
2024-08-08 00:45:00,7.39,
2024-08-08 01:00:00,7.4,
2024-08-08 01:15:00,7.43,
2024-08-08 01:30:00,7.45,
2024-08-08 01:45:00,7.48,
2024-08-08 02:00:00,7.5,
2024-08-08 02:15:00,7.52,
2024-08-08 02:30:00,7.53,
2024-08-08 02:45:00,7.57,
2024-08-08 03:00:00,7.59,
2024-08-08 03:15:00,7.61,
2024-08-08 03:30:00,7.63,
2024-08-08 03:45:00,7.66,
2024-08-08 04:00:00,7.68,
2024-08-08 04:15:00,7.68,
2024-08-08 04:30:00,7.73,
2024-08-08 04:45:00,7.74,
2024-08-08 05:00:00,7.75,
2024-08-08 05:15:00,7.77,
2024-08-08 05:30:00,7.78,
2024-08-08 05:45:00,7.8,
2024-08-08 06:00:00,7.83,
2024-08-08 06:15:00,7.86,
2024-08-08 06:30:00,7.89,
2024-08-08 06:45:00,7.95,
2024-08-08 07:00:00,8.0,
2024-08-08 07:15:00,8.07,
2024-08-08 07:30:00,8.18,
2024-08-08 07:45:00,8.26,
2024-08-08 08:00:00,8.36,
2024-08-08 08:15:00,8.44,
2024-08-08 08:30:00,8.55,
2024-08-08 08:45:00,8.65,
2024-08-08 09:00:00,8.75,
2024-08-08 09:15:00,8.83,
2024-08-08 09:30:00,8.91,
2024-08-08 09:45:00,8.99,
2024-08-08 10:00:00,9.03,
2024-08-08 10:15:00,9.08,
2024-08-08 10:30:00,9.14,
2024-08-08 10:45:00,9.19,
2024-08-08 11:00:00,9.21,
2024-08-08 11:15:00,9.22,
2024-08-08 11:30:00,9.25,
2024-08-08 11:45:00,9.25,
2024-08-08 12:00:00,9.25,
2024-08-08 12:15:00,9.25,
2024-08-08 12:30:00,9.27,
2024-08-08 12:45:00,9.26,
2024-08-08 13:00:00,9.25,
2024-08-08 13:15:00,9.22,
2024-08-08 13:30:00,9.23,
2024-08-08 13:45:00,9.19,
2024-08-08 14:00:00,9.14,
2024-08-08 14:15:00,9.11,
2024-08-08 14:30:00,9.03,
2024-08-08 14:45:00,8.93,
2024-08-08 15:00:00,8.86,
2024-08-08 15:15:00,8.86,
2024-08-08 15:30:00,8.78,
2024-08-08 15:45:00,8.73,
2024-08-08 16:00:00,8.66,
2024-08-08 16:15:00,8.59,
2024-08-08 16:30:00,8.51,
2024-08-08 16:45:00,8.43,
2024-08-08 17:00:00,8.34,
2024-08-08 17:15:00,8.27,
2024-08-08 17:30:00,8.19,
2024-08-08 17:45:00,8.1,
2024-08-08 18:00:00,8.03,
2024-08-08 18:15:00,7.93,
2024-08-08 18:30:00,7.89,
2024-08-08 18:45:00,7.82,
2024-08-08 19:00:00,7.76,
2024-08-08 19:15:00,7.7,
2024-08-08 19:30:00,7.64,
2024-08-08 19:45:00,7.57,
2024-08-08 20:00:00,7.51,
2024-08-08 20:15:00,7.47,
2024-08-08 20:30:00,7.44,
2024-08-08 20:45:00,7.42,
2024-08-08 21:00:00,7.4,
2024-08-08 21:15:00,7.39,
2024-08-08 21:30:00,7.39,
2024-08-08 21:45:00,7.4,
2024-08-08 22:00:00,7.42,
2024-08-08 22:15:00,7.43,
2024-08-08 22:30:00,7.44,
2024-08-08 22:45:00,7.46,
2024-08-08 23:00:00,7.48,
2024-08-08 23:15:00,7.49,
2024-08-08 23:30:00,7.51,
2024-08-08 23:45:00,7.54,
2024-08-09 00:00:00,7.55,
2024-08-09 00:15:00,7.57,
2024-08-09 00:30:00,7.6,
2024-08-09 00:45:00,7.62,
2024-08-09 01:00:00,7.64,
2024-08-09 01:15:00,7.67,
2024-08-09 01:30:00,7.68,
2024-08-09 01:45:00,7.7,
2024-08-09 02:00:00,7.73,
2024-08-09 02:15:00,7.74,
2024-08-09 02:30:00,7.74,
2024-08-09 02:45:00,7.76,
2024-08-09 03:00:00,7.78,
2024-08-09 03:15:00,7.78,
2024-08-09 03:30:00,7.8,
2024-08-09 03:45:00,7.81,
2024-08-09 04:00:00,7.82,
2024-08-09 04:15:00,7.82,
2024-08-09 04:30:00,7.82,
2024-08-09 04:45:00,7.83,
2024-08-09 05:00:00,7.83,
2024-08-09 05:15:00,7.85,
2024-08-09 05:30:00,7.86,
2024-08-09 05:45:00,7.87,
2024-08-09 06:00:00,7.89,
2024-08-09 06:15:00,7.91,
2024-08-09 06:30:00,7.97,
2024-08-09 06:45:00,8.02,
2024-08-09 07:00:00,8.07,
2024-08-09 07:15:00,8.09,
2024-08-09 07:30:00,8.18,
2024-08-09 07:45:00,8.24,
2024-08-09 08:00:00,8.35,
2024-08-09 08:15:00,8.43,
2024-08-09 08:30:00,8.53,
2024-08-09 08:45:00,8.62,
2024-08-09 09:00:00,8.71,
2024-08-09 09:15:00,8.78,
2024-08-09 09:30:00,8.86,
2024-08-09 09:45:00,8.92,
2024-08-09 10:00:00,8.96,
2024-08-09 10:15:00,9.02,
2024-08-09 10:30:00,9.06,
2024-08-09 10:45:00,9.11,
2024-08-09 11:00:00,9.14,
2024-08-09 11:15:00,9.16,
2024-08-09 11:30:00,9.18,
2024-08-09 11:45:00,9.17,
2024-08-09 12:00:00,9.17,
2024-08-09 12:15:00,9.17,
2024-08-09 12:30:00,9.16,
2024-08-09 12:45:00,9.12,
2024-08-09 13:00:00,9.11,
2024-08-09 13:15:00,9.09,
2024-08-09 13:30:00,9.08,
2024-08-09 13:45:00,9.07,
2024-08-09 14:00:00,9.07,
2024-08-09 14:15:00,9.08,
2024-08-09 14:30:00,9.03,
2024-08-09 14:45:00,8.89,
2024-08-09 15:00:00,8.68,
2024-08-09 15:15:00,8.48,
2024-08-09 15:30:00,8.53,
2024-08-09 15:45:00,8.41,
2024-08-09 16:00:00,8.35,
2024-08-09 16:15:00,8.32,
2024-08-09 16:30:00,8.14,
2024-08-09 16:45:00,8.1,
2024-08-09 17:00:00,8.02,
2024-08-09 17:15:00,7.99,
2024-08-09 17:30:00,7.94,
2024-08-09 17:45:00,7.88,
2024-08-09 18:00:00,7.78,
2024-08-09 18:15:00,7.74,
2024-08-09 18:30:00,7.68,
2024-08-09 18:45:00,7.63,
2024-08-09 19:00:00,7.59,
2024-08-09 19:15:00,7.52,
2024-08-09 19:30:00,7.46,
2024-08-09 19:45:00,7.4,
2024-08-09 20:00:00,7.37,
2024-08-09 20:15:00,7.34,
2024-08-09 20:30:00,7.31,
2024-08-09 20:45:00,7.3,
2024-08-09 21:00:00,7.26,
2024-08-09 21:15:00,7.27,
2024-08-09 21:30:00,7.29,
2024-08-09 21:45:00,7.31,
2024-08-09 22:00:00,7.31,
2024-08-09 22:15:00,7.32,
2024-08-09 22:30:00,7.33,
2024-08-09 22:45:00,7.34,
2024-08-09 23:00:00,7.34,
2024-08-09 23:15:00,7.36,
2024-08-09 23:30:00,7.38,
2024-08-09 23:45:00,7.39,
2024-08-10 00:00:00,7.42,
2024-08-10 00:15:00,7.45,
2024-08-10 00:30:00,7.47,
2024-08-10 00:45:00,7.49,
2024-08-10 01:00:00,7.52,
2024-08-10 01:15:00,7.54,
2024-08-10 01:30:00,7.57,
2024-08-10 01:45:00,7.59,
2024-08-10 02:00:00,7.6,
2024-08-10 02:15:00,7.61,
2024-08-10 02:30:00,7.63,
2024-08-10 02:45:00,7.65,
2024-08-10 03:00:00,7.67,
2024-08-10 03:15:00,7.67,
2024-08-10 03:30:00,7.7,
2024-08-10 03:45:00,7.72,
2024-08-10 04:00:00,7.73,
2024-08-10 04:15:00,7.74,
2024-08-10 04:30:00,7.76,
2024-08-10 04:45:00,7.77,
2024-08-10 05:00:00,7.78,
2024-08-10 05:15:00,7.81,
2024-08-10 05:30:00,7.82,
2024-08-10 05:45:00,7.84,
2024-08-10 06:00:00,7.86,
2024-08-10 06:15:00,7.88,
2024-08-10 06:30:00,7.93,
2024-08-10 06:45:00,7.97,
2024-08-10 07:00:00,8.01,
2024-08-10 07:15:00,8.07,
2024-08-10 07:30:00,8.13,
2024-08-10 07:45:00,8.21,
2024-08-10 08:00:00,8.26,
2024-08-10 08:15:00,8.34,
2024-08-10 08:30:00,8.41,
2024-08-10 08:45:00,8.49,
2024-08-10 09:00:00,8.57,
2024-08-10 09:15:00,8.63,
2024-08-10 09:30:00,8.71,
2024-08-10 09:45:00,8.77,
2024-08-10 10:00:00,8.82,
2024-08-10 10:15:00,8.85,
2024-08-10 10:30:00,8.89,
2024-08-10 10:45:00,8.92,
2024-08-10 11:00:00,8.96,
2024-08-10 11:15:00,8.95,
2024-08-10 11:30:00,8.98,
2024-08-10 11:45:00,9.0,
2024-08-10 12:00:00,8.99,
2024-08-10 12:15:00,8.99,
2024-08-10 12:30:00,9.0,
2024-08-10 12:45:00,9.0,
2024-08-10 13:00:00,9.0,
2024-08-10 13:15:00,8.98,
2024-08-10 13:30:00,8.96,
2024-08-10 13:45:00,8.93,
2024-08-10 14:00:00,8.88,
2024-08-10 14:15:00,8.84,
2024-08-10 14:30:00,8.79,
2024-08-10 14:45:00,8.71,
2024-08-10 15:00:00,8.64,
2024-08-10 15:15:00,8.59,
2024-08-10 15:30:00,8.52,
2024-08-10 15:45:00,8.46,
2024-08-10 16:00:00,8.39,
2024-08-10 16:15:00,8.26,
2024-08-10 16:30:00,8.25,
2024-08-10 16:45:00,8.15,
2024-08-10 17:00:00,8.07,
2024-08-10 17:15:00,7.98,
2024-08-10 17:30:00,7.91,
2024-08-10 17:45:00,7.77,
2024-08-10 18:00:00,7.72,
2024-08-10 18:15:00,7.61,
2024-08-10 18:30:00,7.54,
2024-08-10 18:45:00,7.49,
2024-08-10 19:00:00,7.44,
2024-08-10 19:15:00,7.38,
2024-08-10 19:30:00,7.32,
2024-08-10 19:45:00,7.27,
2024-08-10 20:00:00,7.23,
2024-08-10 20:15:00,7.21,
2024-08-10 20:30:00,7.19,
2024-08-10 20:45:00,7.18,
2024-08-10 21:00:00,7.19,
2024-08-10 21:15:00,7.18,
2024-08-10 21:30:00,7.19,
2024-08-10 21:45:00,7.2,
2024-08-10 22:00:00,7.22,
2024-08-10 22:15:00,7.24,
2024-08-10 22:30:00,7.26,
2024-08-10 22:45:00,7.3,
2024-08-10 23:00:00,7.32,
2024-08-10 23:15:00,7.35,
2024-08-10 23:30:00,7.37,
2024-08-10 23:45:00,7.4,
2024-08-11 00:00:00,7.43,
2024-08-11 00:15:00,7.45,
2024-08-11 00:30:00,7.48,
2024-08-11 00:45:00,7.51,
2024-08-11 01:00:00,7.53,
2024-08-11 01:15:00,7.55,
2024-08-11 01:30:00,7.57,
2024-08-11 01:45:00,7.59,
2024-08-11 02:00:00,7.61,
2024-08-11 02:15:00,7.62,
2024-08-11 02:30:00,7.65,
2024-08-11 02:45:00,7.66,
2024-08-11 03:00:00,7.68,
2024-08-11 03:15:00,7.71,
2024-08-11 03:30:00,7.71,
2024-08-11 03:45:00,7.73,
2024-08-11 04:00:00,7.76,
2024-08-11 04:15:00,7.78,
2024-08-11 04:30:00,7.81,
2024-08-11 04:45:00,7.82,
2024-08-11 05:00:00,7.84,
2024-08-11 05:15:00,7.85,
2024-08-11 05:30:00,7.87,
2024-08-11 05:45:00,7.89,
2024-08-11 06:00:00,7.91,
2024-08-11 06:15:00,7.93,
2024-08-11 06:30:00,7.98,
2024-08-11 06:45:00,8.03,
2024-08-11 07:00:00,8.08,
2024-08-11 07:15:00,8.15,
2024-08-11 07:30:00,8.21,
2024-08-11 07:45:00,8.29,
2024-08-11 08:00:00,8.37,
2024-08-11 08:15:00,8.46,
2024-08-11 08:30:00,8.55,
2024-08-11 08:45:00,8.65,
2024-08-11 09:00:00,8.74,
2024-08-11 09:15:00,8.81,
2024-08-11 09:30:00,8.87,
2024-08-11 09:45:00,8.97,
2024-08-11 10:00:00,9.03,
2024-08-11 10:15:00,9.05,
2024-08-11 10:30:00,9.07,
2024-08-11 10:45:00,9.1,
2024-08-11 11:00:00,9.11,
2024-08-11 11:15:00,9.1,
2024-08-11 11:30:00,9.16,
2024-08-11 11:45:00,9.18,
2024-08-11 12:00:00,9.21,
2024-08-11 12:15:00,9.21,
2024-08-11 12:30:00,9.21,
2024-08-11 12:45:00,9.18,
2024-08-11 13:00:00,9.17,
2024-08-11 13:15:00,9.17,
2024-08-11 13:30:00,9.14,
2024-08-11 13:45:00,9.11,
2024-08-11 14:00:00,9.05,
2024-08-11 14:15:00,8.98,
2024-08-11 14:30:00,8.9,
2024-08-11 14:45:00,8.83,
2024-08-11 15:00:00,8.77,
2024-08-11 15:15:00,8.71,
2024-08-11 15:30:00,8.64,
2024-08-11 15:45:00,8.56,
2024-08-11 16:00:00,8.47,
2024-08-11 16:15:00,8.36,
2024-08-11 16:30:00,8.28,
2024-08-11 16:45:00,8.16,
2024-08-11 17:00:00,8.08,
2024-08-11 17:15:00,7.99,
2024-08-11 17:30:00,7.9,
2024-08-11 17:45:00,7.81,
2024-08-11 18:00:00,7.74,
2024-08-11 18:15:00,7.72,
2024-08-11 18:30:00,7.68,
2024-08-11 18:45:00,7.64,
2024-08-11 19:00:00,7.57,
2024-08-11 19:15:00,7.51,
2024-08-11 19:30:00,7.45,
2024-08-11 19:45:00,7.4,
2024-08-11 20:00:00,7.36,
2024-08-11 20:15:00,7.33,
2024-08-11 20:30:00,7.31,
2024-08-11 20:45:00,7.29,
2024-08-11 21:00:00,7.29,
2024-08-11 21:15:00,7.28,
2024-08-11 21:30:00,7.29,
2024-08-11 21:45:00,7.3,
2024-08-11 22:00:00,7.33,
2024-08-11 22:15:00,7.35,
2024-08-11 22:30:00,7.38,
2024-08-11 22:45:00,7.4,
2024-08-11 23:00:00,7.43,
2024-08-11 23:15:00,7.46,
2024-08-11 23:30:00,7.47,
2024-08-11 23:45:00,7.5,
2024-08-12 00:00:00,7.53,
2024-08-12 00:15:00,7.55,
2024-08-12 00:30:00,7.57,
2024-08-12 00:45:00,7.59,
2024-08-12 01:00:00,7.61,
2024-08-12 01:15:00,7.62,
2024-08-12 01:30:00,7.64,
2024-08-12 01:45:00,7.65,
2024-08-12 02:00:00,7.67,
2024-08-12 02:15:00,7.68,
2024-08-12 02:30:00,7.66,
2024-08-12 02:45:00,7.68,
2024-08-12 03:00:00,7.67,
2024-08-12 03:15:00,7.68,
2024-08-12 03:30:00,7.65,
2024-08-12 03:45:00,7.66,
2024-08-12 04:00:00,7.65,
2024-08-12 04:15:00,7.65,
2024-08-12 04:30:00,7.6,
2024-08-12 04:45:00,7.53,
2024-08-12 05:00:00,7.42,
2024-08-12 05:15:00,7.32,
2024-08-12 05:30:00,7.29,
2024-08-12 05:45:00,7.3,
2024-08-12 06:00:00,7.35,
2024-08-12 06:15:00,7.4,
2024-08-12 06:30:00,7.47,
2024-08-12 06:45:00,7.53,
2024-08-12 07:00:00,7.62,
2024-08-12 07:15:00,7.71,
2024-08-12 07:30:00,7.76,
2024-08-12 07:45:00,7.87,
2024-08-12 08:00:00,7.95,
2024-08-12 08:15:00,8.09,
2024-08-12 08:30:00,8.22,
2024-08-12 08:45:00,8.28,
2024-08-12 09:00:00,8.38,
2024-08-12 09:15:00,8.42,
2024-08-12 09:30:00,8.51,
2024-08-12 09:45:00,8.6,
2024-08-12 10:00:00,8.69,
2024-08-12 10:15:00,8.76,
2024-08-12 10:30:00,8.79,
2024-08-12 10:45:00,8.81,
2024-08-12 11:00:00,8.87,
2024-08-12 11:15:00,8.93,
2024-08-12 11:30:00,9.02,
2024-08-12 11:45:00,9.08,
2024-08-12 12:00:00,9.11,
2024-08-12 12:15:00,9.16,
2024-08-12 12:30:00,9.2,
2024-08-12 12:45:00,9.23,
2024-08-12 13:00:00,9.26,
2024-08-12 13:15:00,9.2,
2024-08-12 13:30:00,9.22,
2024-08-12 13:45:00,9.19,
2024-08-12 14:00:00,9.12,
2024-08-12 14:15:00,9.01,
2024-08-12 14:30:00,8.84,
2024-08-12 14:45:00,8.69,
2024-08-12 15:00:00,8.46,
2024-08-12 15:15:00,8.02,
2024-08-12 15:30:00,7.78,
2024-08-12 15:45:00,7.8,
2024-08-12 16:00:00,7.81,
2024-08-12 16:15:00,7.81,
2024-08-12 16:30:00,7.72,
2024-08-12 16:45:00,7.62,
2024-08-12 17:00:00,7.72,
2024-08-12 17:15:00,7.79,
2024-08-12 17:30:00,7.81,
2024-08-12 17:45:00,7.81,
2024-08-12 18:00:00,7.81,
2024-08-12 18:15:00,7.83,
2024-08-12 18:30:00,7.81,
2024-08-12 18:45:00,7.75,
2024-08-12 19:00:00,7.69,
2024-08-12 19:15:00,7.71,
2024-08-12 19:30:00,7.72,
2024-08-12 19:45:00,7.71,
2024-08-12 20:00:00,7.69,
2024-08-12 20:15:00,7.67,
2024-08-12 20:30:00,7.65,
2024-08-12 20:45:00,7.64,
2024-08-12 21:00:00,7.63,
2024-08-12 21:15:00,7.63,
2024-08-12 21:30:00,7.62,
2024-08-12 21:45:00,7.63,
2024-08-12 22:00:00,7.64,
2024-08-12 22:15:00,7.64,
2024-08-12 22:30:00,7.64,
2024-08-12 22:45:00,7.67,
2024-08-12 23:00:00,7.67,
2024-08-12 23:15:00,7.67,
2024-08-12 23:30:00,7.71,
2024-08-12 23:45:00,7.72,
2024-08-13 00:00:00,7.74,
2024-08-13 00:15:00,7.75,
2024-08-13 00:30:00,7.76,
2024-08-13 00:45:00,7.79,
2024-08-13 01:00:00,7.81,
2024-08-13 01:15:00,7.82,
2024-08-13 01:30:00,7.83,
2024-08-13 01:45:00,7.84,
2024-08-13 02:00:00,7.86,
2024-08-13 02:15:00,7.86,
2024-08-13 02:30:00,7.86,
2024-08-13 02:45:00,7.87,
2024-08-13 03:00:00,7.88,
2024-08-13 03:15:00,7.88,
2024-08-13 03:30:00,7.89,
2024-08-13 03:45:00,7.89,
2024-08-13 04:00:00,7.9,
2024-08-13 04:15:00,7.9,
2024-08-13 04:30:00,7.9,
2024-08-13 04:45:00,7.91,
2024-08-13 05:00:00,7.92,
2024-08-13 05:15:00,7.91,
2024-08-13 05:30:00,7.92,
2024-08-13 05:45:00,7.93,
2024-08-13 06:00:00,7.92,
2024-08-13 06:15:00,7.94,
2024-08-13 06:30:00,7.94,
2024-08-13 06:45:00,7.96,
2024-08-13 07:00:00,7.97,
2024-08-13 07:15:00,7.98,
2024-08-13 07:30:00,8.02,
2024-08-13 07:45:00,8.08,
2024-08-13 08:00:00,8.11,
2024-08-13 08:15:00,8.18,
2024-08-13 08:30:00,8.27,
2024-08-13 08:45:00,8.36,
2024-08-13 09:00:00,8.49,
2024-08-13 09:15:00,8.42,
2024-08-13 09:30:00,8.43,
2024-08-13 09:45:00,8.53,
2024-08-13 10:00:00,8.66,
2024-08-13 10:15:00,8.82,
2024-08-13 10:30:00,8.91,
2024-08-13 10:45:00,8.94,
2024-08-13 11:00:00,8.83,
2024-08-13 11:15:00,8.84,
2024-08-13 11:30:00,9.0,
2024-08-13 11:45:00,9.05,
2024-08-13 12:00:00,8.92,
2024-08-13 12:15:00,8.92,
2024-08-13 12:30:00,8.88,
2024-08-13 12:45:00,8.71,
2024-08-13 13:00:00,8.7,
2024-08-13 13:15:00,8.74,
2024-08-13 13:30:00,8.71,
2024-08-13 13:45:00,8.79,
2024-08-13 14:00:00,8.93,
2024-08-13 14:15:00,8.84,
2024-08-13 14:30:00,8.77,
2024-08-13 14:45:00,8.75,
2024-08-13 15:00:00,8.74,
2024-08-13 15:15:00,8.73,
2024-08-13 15:30:00,8.68,
2024-08-13 15:45:00,8.55,
2024-08-13 16:00:00,8.42,
2024-08-13 16:15:00,8.33,
2024-08-13 16:30:00,8.22,
2024-08-13 16:45:00,8.05,
2024-08-13 17:00:00,7.93,
2024-08-13 17:15:00,7.87,
2024-08-13 17:30:00,7.84,
2024-08-13 17:45:00,7.75,
2024-08-13 18:00:00,7.72,
2024-08-13 18:15:00,7.72,
2024-08-13 18:30:00,7.65,
2024-08-13 18:45:00,7.63,
2024-08-13 19:00:00,7.65,
2024-08-13 19:15:00,7.67,
2024-08-13 19:30:00,7.68,
2024-08-13 19:45:00,7.67,
2024-08-13 20:00:00,7.68,
2024-08-13 20:15:00,7.67,
2024-08-13 20:30:00,7.68,
2024-08-13 20:45:00,7.69,
2024-08-13 21:00:00,7.7,
2024-08-13 21:15:00,7.71,
2024-08-13 21:30:00,7.73,
2024-08-13 21:45:00,7.75,
2024-08-13 22:00:00,7.76,
2024-08-13 22:15:00,7.79,
2024-08-13 22:30:00,7.8,
2024-08-13 22:45:00,7.81,
2024-08-13 23:00:00,7.82,
2024-08-13 23:15:00,7.84,
2024-08-13 23:30:00,7.84,
2024-08-13 23:45:00,7.86,
2024-08-14 00:00:00,7.86,
2024-08-14 00:15:00,7.87,
2024-08-14 00:30:00,7.89,
2024-08-14 00:45:00,7.9,
2024-08-14 01:00:00,7.91,
2024-08-14 01:15:00,7.93,
2024-08-14 01:30:00,7.95,
2024-08-14 01:45:00,7.95,
2024-08-14 02:00:00,7.96,
2024-08-14 02:15:00,7.97,
2024-08-14 02:30:00,7.98,
2024-08-14 02:45:00,7.99,
2024-08-14 03:00:00,8.0,
2024-08-14 03:15:00,8.01,
2024-08-14 03:30:00,8.02,
2024-08-14 03:45:00,7.91,
2024-08-14 04:00:00,7.92,
2024-08-14 04:15:00,7.93,
2024-08-14 04:30:00,7.94,
2024-08-14 04:45:00,7.95,
2024-08-14 05:00:00,7.95,
2024-08-14 05:15:00,7.96,
2024-08-14 05:30:00,7.97,
2024-08-14 05:45:00,7.99,
2024-08-14 06:00:00,8.02,
2024-08-14 06:15:00,8.03,
2024-08-14 06:30:00,8.06,
2024-08-14 06:45:00,8.1,
2024-08-14 07:00:00,8.13,
2024-08-14 07:15:00,8.18,
2024-08-14 07:30:00,8.24,
2024-08-14 07:45:00,8.31,
2024-08-14 08:00:00,8.39,
2024-08-14 08:15:00,8.49,
2024-08-14 08:30:00,8.58,
2024-08-14 08:45:00,8.67,
2024-08-14 09:00:00,8.75,
2024-08-14 09:15:00,8.83,
2024-08-14 09:30:00,8.94,
2024-08-14 09:45:00,8.97,
2024-08-14 10:00:00,8.95,
2024-08-14 10:15:00,8.96,
2024-08-14 10:30:00,9.03,
2024-08-14 10:45:00,9.13,
2024-08-14 11:00:00,9.21,
2024-08-14 11:15:00,9.2,
2024-08-14 11:30:00,9.2,
2024-08-14 11:45:00,9.18,
2024-08-14 12:00:00,9.19,
2024-08-14 12:15:00,9.28,
2024-08-14 12:30:00,9.31,
2024-08-14 12:45:00,9.26,
2024-08-14 13:00:00,9.23,
2024-08-14 13:15:00,9.25,
2024-08-14 13:30:00,9.25,
2024-08-14 13:45:00,9.26,
2024-08-14 14:00:00,9.22,
2024-08-14 14:15:00,9.15,
2024-08-14 14:30:00,9.03,
2024-08-14 14:45:00,8.94,
2024-08-14 15:00:00,8.86,
2024-08-14 15:15:00,8.85,
2024-08-14 15:30:00,8.81,
2024-08-14 15:45:00,8.73,
2024-08-14 16:00:00,8.65,
2024-08-14 16:15:00,8.58,
2024-08-14 16:30:00,8.5,
2024-08-14 16:45:00,8.41,
2024-08-14 17:00:00,8.34,
2024-08-14 17:15:00,8.26,
2024-08-14 17:30:00,8.19,
2024-08-14 17:45:00,8.1,
2024-08-14 18:00:00,8.02,
2024-08-14 18:15:00,7.95,
2024-08-14 18:30:00,7.88,
2024-08-14 18:45:00,7.83,
2024-08-14 19:00:00,7.79,
2024-08-14 19:15:00,7.74,
2024-08-14 19:30:00,7.7,
2024-08-14 19:45:00,7.66,
2024-08-14 20:00:00,7.63,
2024-08-14 20:15:00,7.59,
2024-08-14 20:30:00,7.57,
2024-08-14 20:45:00,7.55,
2024-08-14 21:00:00,7.55,
2024-08-14 21:15:00,7.54,
2024-08-14 21:30:00,7.55,
2024-08-14 21:45:00,7.56,
2024-08-14 22:00:00,7.57,
2024-08-14 22:15:00,7.59,
2024-08-14 22:30:00,7.6,
2024-08-14 22:45:00,7.62,
2024-08-14 23:00:00,7.62,
2024-08-14 23:15:00,7.66,
2024-08-14 23:30:00,7.65,
2024-08-14 23:45:00,7.67,
2024-08-15 00:00:00,7.71,
2024-08-15 00:15:00,7.7,
2024-08-15 00:30:00,7.73,
2024-08-15 00:45:00,7.73,
2024-08-15 01:00:00,7.75,
2024-08-15 01:15:00,7.77,
2024-08-15 01:30:00,7.78,
2024-08-15 01:45:00,7.78,
2024-08-15 02:00:00,7.8,
2024-08-15 02:15:00,7.81,
2024-08-15 02:30:00,7.83,
2024-08-15 02:45:00,7.84,
2024-08-15 03:00:00,7.85,
2024-08-15 03:15:00,7.87,
2024-08-15 03:30:00,7.88,
2024-08-15 03:45:00,7.89,
2024-08-15 04:00:00,7.89,
2024-08-15 04:15:00,7.9,
2024-08-15 04:30:00,7.91,
2024-08-15 04:45:00,7.93,
2024-08-15 05:00:00,7.94,
2024-08-15 05:15:00,7.94,
2024-08-15 05:30:00,7.95,
2024-08-15 05:45:00,7.97,
2024-08-15 06:00:00,7.94,
2024-08-15 06:15:00,8.02,
2024-08-15 06:30:00,8.04,
2024-08-15 06:45:00,8.08,
2024-08-15 07:00:00,8.12,
2024-08-15 07:15:00,8.17,
2024-08-15 07:30:00,8.22,
2024-08-15 07:45:00,8.29,
2024-08-15 08:00:00,8.36,
2024-08-15 08:15:00,8.43,
2024-08-15 08:30:00,8.5,
2024-08-15 08:45:00,8.58,
2024-08-15 09:00:00,8.65,
2024-08-15 09:15:00,8.71,
2024-08-15 09:30:00,8.77,
2024-08-15 09:45:00,8.86,
2024-08-15 10:00:00,8.96,
2024-08-15 10:15:00,8.99,
2024-08-15 10:30:00,9.02,
2024-08-15 10:45:00,9.04,
2024-08-15 11:00:00,9.09,
2024-08-15 11:15:00,9.13,
2024-08-15 11:30:00,9.17,
2024-08-15 11:45:00,9.19,
2024-08-15 12:00:00,9.16,
2024-08-15 12:15:00,9.18,
2024-08-15 12:30:00,9.18,
2024-08-15 12:45:00,9.16,
2024-08-15 13:00:00,9.15,
2024-08-15 13:15:00,9.1,
2024-08-15 13:30:00,8.99,
2024-08-15 13:45:00,8.95,
2024-08-15 14:00:00,8.88,
2024-08-15 14:15:00,8.83,
2024-08-15 14:30:00,8.8,
2024-08-15 14:45:00,8.75,
2024-08-15 15:00:00,8.79,
2024-08-15 15:15:00,8.68,
2024-08-15 15:30:00,8.73,
2024-08-15 15:45:00,8.67,
2024-08-15 16:00:00,8.61,
2024-08-15 16:15:00,8.55,
2024-08-15 16:30:00,8.45,
2024-08-15 16:45:00,8.39,
2024-08-15 17:00:00,8.32,
2024-08-15 17:15:00,8.24,
2024-08-15 17:30:00,8.16,
2024-08-15 17:45:00,8.07,
2024-08-15 18:00:00,8.0,
2024-08-15 18:15:00,7.94,
2024-08-15 18:30:00,7.86,
2024-08-15 18:45:00,7.81,
2024-08-15 19:00:00,7.75,
2024-08-15 19:15:00,7.7,
2024-08-15 19:30:00,7.66,
2024-08-15 19:45:00,7.6,
2024-08-15 20:00:00,7.56,
2024-08-15 20:15:00,7.51,
2024-08-15 20:30:00,7.46,
2024-08-15 20:45:00,7.46,
2024-08-15 21:00:00,7.45,
2024-08-15 21:15:00,7.45,
2024-08-15 21:30:00,7.47,
2024-08-15 21:45:00,7.47,
2024-08-15 22:00:00,7.47,
2024-08-15 22:15:00,7.49,
2024-08-15 22:30:00,7.51,
2024-08-15 22:45:00,7.53,
2024-08-15 23:00:00,7.54,
2024-08-15 23:15:00,7.55,
2024-08-15 23:30:00,7.58,
2024-08-15 23:45:00,7.58,
2024-08-16 00:00:00,7.61,
2024-08-16 00:15:00,7.63,
2024-08-16 00:30:00,7.66,
2024-08-16 00:45:00,7.66,
2024-08-16 01:00:00,7.67,
2024-08-16 01:15:00,7.69,
2024-08-16 01:30:00,7.72,
2024-08-16 01:45:00,7.73,
2024-08-16 02:00:00,7.74,
2024-08-16 02:15:00,7.76,
2024-08-16 02:30:00,7.78,
2024-08-16 02:45:00,7.79,
2024-08-16 03:00:00,7.8,
2024-08-16 03:15:00,7.82,
2024-08-16 03:30:00,7.83,
2024-08-16 03:45:00,7.84,
2024-08-16 04:00:00,7.84,
2024-08-16 04:15:00,7.87,
2024-08-16 04:30:00,7.89,
2024-08-16 04:45:00,7.88,
2024-08-16 05:00:00,7.91,
2024-08-16 05:15:00,7.92,
2024-08-16 05:30:00,7.94,
2024-08-16 05:45:00,7.95,
2024-08-16 06:00:00,7.96,
2024-08-16 06:15:00,7.99,
2024-08-16 06:30:00,8.03,
2024-08-16 06:45:00,8.06,
2024-08-16 07:00:00,8.09,
2024-08-16 07:15:00,8.14,
2024-08-16 07:30:00,8.21,
2024-08-16 07:45:00,8.28,
2024-08-16 08:00:00,8.34,
2024-08-16 08:15:00,8.42,
2024-08-16 08:30:00,8.48,
2024-08-16 08:45:00,8.55,
2024-08-16 09:00:00,8.64,
2024-08-16 09:15:00,8.7,
2024-08-16 09:30:00,8.77,
2024-08-16 09:45:00,8.84,
2024-08-16 10:00:00,8.89,
2024-08-16 10:15:00,8.91,
2024-08-16 10:30:00,8.94,
2024-08-16 10:45:00,8.96,
2024-08-16 11:00:00,8.98,
2024-08-16 11:15:00,9.01,
2024-08-16 11:30:00,9.02,
2024-08-16 11:45:00,8.99,
2024-08-16 12:00:00,8.99,
2024-08-16 12:15:00,8.99,
2024-08-16 12:30:00,9.0,
2024-08-16 12:45:00,9.0,
2024-08-16 13:00:00,9.0,
2024-08-16 13:15:00,9.0,
2024-08-16 13:30:00,8.98,
2024-08-16 13:45:00,8.95,
2024-08-16 14:00:00,8.92,
2024-08-16 14:15:00,8.86,
2024-08-16 14:30:00,8.8,
2024-08-16 14:45:00,8.75,
2024-08-16 15:00:00,8.68,
2024-08-16 15:15:00,8.63,
2024-08-16 15:30:00,8.54,
2024-08-16 15:45:00,8.47,
2024-08-16 16:00:00,8.38,
2024-08-16 16:15:00,8.31,
2024-08-16 16:30:00,8.23,
2024-08-16 16:45:00,8.15,
2024-08-16 17:00:00,8.07,
2024-08-16 17:15:00,8.0,
2024-08-16 17:30:00,7.94,
2024-08-16 17:45:00,7.86,
2024-08-16 18:00:00,7.79,
2024-08-16 18:15:00,7.73,
2024-08-16 18:30:00,7.67,
2024-08-16 18:45:00,7.63,
2024-08-16 19:00:00,7.57,
2024-08-16 19:15:00,7.53,
2024-08-16 19:30:00,7.49,
2024-08-16 19:45:00,7.46,
2024-08-16 20:00:00,7.42,
2024-08-16 20:15:00,7.4,
2024-08-16 20:30:00,7.39,
2024-08-16 20:45:00,7.39,
2024-08-16 21:00:00,7.4,
2024-08-16 21:15:00,7.41,
2024-08-16 21:30:00,7.44,
2024-08-16 21:45:00,7.48,
2024-08-16 22:00:00,7.5,
2024-08-16 22:15:00,7.52,
2024-08-16 22:30:00,7.54,
2024-08-16 22:45:00,7.56,
2024-08-16 23:00:00,7.59,
2024-08-16 23:15:00,7.62,
2024-08-16 23:30:00,7.65,
2024-08-16 23:45:00,7.67,
2024-08-17 00:00:00,7.69,
2024-08-17 00:15:00,7.7,
2024-08-17 00:30:00,7.72,
2024-08-17 00:45:00,7.73,
2024-08-17 01:00:00,7.74,
2024-08-17 01:15:00,7.77,
2024-08-17 01:30:00,7.79,
2024-08-17 01:45:00,7.81,
2024-08-17 02:00:00,7.83,
2024-08-17 02:15:00,7.85,
2024-08-17 02:30:00,7.87,
2024-08-17 02:45:00,7.9,
2024-08-17 03:00:00,7.91,
2024-08-17 03:15:00,7.92,
2024-08-17 03:30:00,7.94,
2024-08-17 03:45:00,7.96,
2024-08-17 04:00:00,7.97,
2024-08-17 04:15:00,7.99,
2024-08-17 04:30:00,7.99,
2024-08-17 04:45:00,8.02,
2024-08-17 05:00:00,8.03,
2024-08-17 05:15:00,8.04,
2024-08-17 05:30:00,8.06,
2024-08-17 05:45:00,8.07,
2024-08-17 06:00:00,8.09,
2024-08-17 06:15:00,8.11,
2024-08-17 06:30:00,8.15,
2024-08-17 06:45:00,8.17,
2024-08-17 07:00:00,8.2,
2024-08-17 07:15:00,8.26,
2024-08-17 07:30:00,8.31,
2024-08-17 07:45:00,8.38,
2024-08-17 08:00:00,8.44,
2024-08-17 08:15:00,8.48,
2024-08-17 08:30:00,8.53,
2024-08-17 08:45:00,8.58,
2024-08-17 09:00:00,8.65,
2024-08-17 09:15:00,8.73,
2024-08-17 09:30:00,8.79,
2024-08-17 09:45:00,8.84,
2024-08-17 10:00:00,8.89,
2024-08-17 10:15:00,8.93,
2024-08-17 10:30:00,8.98,
2024-08-17 10:45:00,9.04,
2024-08-17 11:00:00,9.08,
2024-08-17 11:15:00,9.11,
2024-08-17 11:30:00,9.12,
2024-08-17 11:45:00,9.04,
2024-08-17 12:00:00,8.92,
2024-08-17 12:15:00,8.78,
2024-08-17 12:30:00,8.69,
2024-08-17 12:45:00,8.64,
2024-08-17 13:00:00,8.55,
2024-08-17 13:15:00,8.49,
2024-08-17 13:30:00,8.44,
2024-08-17 13:45:00,8.44,
2024-08-17 14:00:00,8.48,
2024-08-17 14:15:00,8.5,
2024-08-17 14:30:00,8.48,
2024-08-17 14:45:00,8.42,
2024-08-17 15:00:00,8.38,
2024-08-17 15:15:00,8.38,
2024-08-17 15:30:00,8.41,
2024-08-17 15:45:00,8.38,
2024-08-17 16:00:00,8.35,
2024-08-17 16:15:00,8.39,
2024-08-17 16:30:00,8.39,
2024-08-17 16:45:00,8.37,
2024-08-17 17:00:00,8.4,
2024-08-17 17:15:00,8.37,
2024-08-17 17:30:00,8.39,
2024-08-17 17:45:00,8.33,
2024-08-17 18:00:00,8.3,
2024-08-17 18:15:00,8.27,
2024-08-17 18:30:00,8.23,
2024-08-17 18:45:00,8.21,
2024-08-17 19:00:00,8.18,
2024-08-17 19:15:00,8.14,
2024-08-17 19:30:00,8.11,
2024-08-17 19:45:00,8.08,
2024-08-17 20:00:00,8.05,
2024-08-17 20:15:00,8.02,
2024-08-17 20:30:00,7.99,
2024-08-17 20:45:00,7.98,
2024-08-17 21:00:00,7.97,
2024-08-17 21:15:00,7.97,
2024-08-17 21:30:00,7.98,
2024-08-17 21:45:00,7.97,
2024-08-17 22:00:00,7.98,
2024-08-17 22:15:00,8.0,
2024-08-17 22:30:00,8.01,
2024-08-17 22:45:00,8.02,
2024-08-17 23:00:00,8.04,
2024-08-17 23:15:00,8.05,
2024-08-17 23:30:00,8.06,
2024-08-17 23:45:00,8.08,
2024-08-18 00:00:00,8.09,
2024-08-18 00:15:00,8.09,
2024-08-18 00:30:00,8.05,
2024-08-18 00:45:00,8.07,
2024-08-18 01:00:00,8.06,
2024-08-18 01:15:00,8.07,
2024-08-18 01:30:00,8.07,
2024-08-18 01:45:00,8.08,
2024-08-18 02:00:00,8.08,
2024-08-18 02:15:00,8.05,
2024-08-18 02:30:00,8.03,
2024-08-18 02:45:00,7.98,
2024-08-18 03:00:00,7.96,
2024-08-18 03:15:00,7.98,
2024-08-18 03:30:00,8.01,
2024-08-18 03:45:00,8.05,
2024-08-18 04:00:00,8.07,
2024-08-18 04:15:00,8.06,
2024-08-18 04:30:00,8.08,
2024-08-18 04:45:00,8.09,
2024-08-18 05:00:00,8.12,
2024-08-18 05:15:00,8.13,
2024-08-18 05:30:00,8.14,
2024-08-18 05:45:00,8.16,
2024-08-18 06:00:00,8.17,
2024-08-18 06:15:00,8.2,
2024-08-18 06:30:00,8.22,
2024-08-18 06:45:00,8.24,
2024-08-18 07:00:00,8.28,
2024-08-18 07:15:00,8.32,
2024-08-18 07:30:00,8.37,
2024-08-18 07:45:00,8.41,
2024-08-18 08:00:00,8.49,
2024-08-18 08:15:00,8.56,
2024-08-18 08:30:00,8.62,
2024-08-18 08:45:00,8.69,
2024-08-18 09:00:00,8.76,
2024-08-18 09:15:00,8.83,
2024-08-18 09:30:00,8.88,
2024-08-18 09:45:00,8.94,
2024-08-18 10:00:00,8.97,
2024-08-18 10:15:00,9.01,
2024-08-18 10:30:00,9.05,
2024-08-18 10:45:00,9.07,
2024-08-18 11:00:00,9.09,
2024-08-18 11:15:00,9.12,
2024-08-18 11:30:00,9.12,
2024-08-18 11:45:00,9.14,
2024-08-18 12:00:00,9.14,
2024-08-18 12:15:00,9.14,
2024-08-18 12:30:00,9.12,
2024-08-18 12:45:00,9.11,
2024-08-18 13:00:00,9.12,
2024-08-18 13:15:00,9.09,
2024-08-18 13:30:00,9.06,
2024-08-18 13:45:00,9.01,
2024-08-18 14:00:00,8.97,
2024-08-18 14:15:00,8.94,
2024-08-18 14:30:00,8.86,
2024-08-18 14:45:00,8.8,
2024-08-18 15:00:00,8.78,
2024-08-18 15:15:00,8.71,
2024-08-18 15:30:00,8.68,
2024-08-18 15:45:00,8.6,
2024-08-18 16:00:00,8.51,
2024-08-18 16:15:00,8.42,
2024-08-18 16:30:00,8.32,
2024-08-18 16:45:00,8.22,
2024-08-18 17:00:00,8.11,
2024-08-18 17:15:00,8.01,
2024-08-18 17:30:00,7.93,
2024-08-18 17:45:00,7.86,
2024-08-18 18:00:00,7.8,
2024-08-18 18:15:00,7.76,
2024-08-18 18:30:00,7.7,
2024-08-18 18:45:00,7.66,
2024-08-18 19:00:00,7.64,
2024-08-18 19:15:00,7.63,
2024-08-18 19:30:00,7.62,
2024-08-18 19:45:00,7.62,
2024-08-18 20:00:00,7.61,
2024-08-18 20:15:00,7.62,
2024-08-18 20:30:00,7.62,
2024-08-18 20:45:00,7.63,
2024-08-18 21:00:00,7.65,
2024-08-18 21:15:00,7.66,
2024-08-18 21:30:00,7.66,
2024-08-18 21:45:00,7.69,
2024-08-18 22:00:00,7.71,
2024-08-18 22:15:00,7.73,
2024-08-18 22:30:00,7.73,
2024-08-18 22:45:00,7.74,
2024-08-18 23:00:00,7.76,
2024-08-18 23:15:00,7.77,
2024-08-18 23:30:00,7.77,
2024-08-18 23:45:00,7.79,
2024-08-19 00:00:00,7.8,
2024-08-19 00:15:00,7.82,
2024-08-19 00:30:00,7.81,
2024-08-19 00:45:00,7.84,
2024-08-19 01:00:00,7.85,
2024-08-19 01:15:00,7.85,
2024-08-19 01:30:00,7.87,
2024-08-19 01:45:00,7.86,
2024-08-19 02:00:00,7.88,
2024-08-19 02:15:00,7.87,
2024-08-19 02:30:00,7.89,
2024-08-19 02:45:00,7.9,
2024-08-19 03:00:00,7.91,
2024-08-19 03:15:00,7.91,
2024-08-19 03:30:00,7.92,
2024-08-19 03:45:00,7.92,
2024-08-19 04:00:00,7.93,
2024-08-19 04:15:00,7.93,
2024-08-19 04:30:00,7.93,
2024-08-19 04:45:00,7.93,
2024-08-19 05:00:00,7.93,
2024-08-19 05:15:00,7.94,
2024-08-19 05:30:00,7.95,
2024-08-19 05:45:00,7.95,
2024-08-19 06:00:00,7.98,
2024-08-19 06:15:00,8.0,
2024-08-19 06:30:00,8.0,
2024-08-19 06:45:00,8.05,
2024-08-19 07:00:00,8.07,
2024-08-19 07:15:00,8.09,
2024-08-19 07:30:00,8.19,
2024-08-19 07:45:00,8.25,
2024-08-19 08:00:00,8.32,
2024-08-19 08:15:00,8.38,
2024-08-19 08:30:00,8.45,
2024-08-19 08:45:00,8.51,
2024-08-19 09:00:00,8.58,
2024-08-19 09:15:00,8.65,
2024-08-19 09:30:00,8.7,
2024-08-19 09:45:00,8.75,
2024-08-19 10:00:00,8.81,
2024-08-19 10:15:00,8.84,
2024-08-19 10:30:00,8.88,
2024-08-19 10:45:00,8.91,
2024-08-19 11:00:00,8.94,
2024-08-19 11:15:00,8.96,
2024-08-19 11:30:00,8.99,
2024-08-19 11:45:00,8.98,
2024-08-19 12:00:00,8.99,
2024-08-19 12:15:00,8.98,
2024-08-19 12:30:00,9.0,
2024-08-19 12:45:00,8.97,
2024-08-19 13:00:00,8.97,
2024-08-19 13:15:00,8.98,
2024-08-19 13:30:00,8.96,
2024-08-19 13:45:00,8.95,
2024-08-19 14:00:00,8.91,
2024-08-19 14:15:00,8.84,
2024-08-19 14:30:00,8.77,
2024-08-19 14:45:00,8.71,
2024-08-19 15:00:00,8.63,
2024-08-19 15:15:00,8.54,
2024-08-19 15:30:00,8.43,
2024-08-19 15:45:00,8.38,
2024-08-19 16:00:00,8.33,
2024-08-19 16:15:00,8.24,
2024-08-19 16:30:00,8.17,
2024-08-19 16:45:00,8.1,
2024-08-19 17:00:00,8.03,
2024-08-19 17:15:00,7.97,
2024-08-19 17:30:00,7.91,
2024-08-19 17:45:00,7.84,
2024-08-19 18:00:00,7.78,
2024-08-19 18:15:00,7.71,
2024-08-19 18:30:00,7.65,
2024-08-19 18:45:00,7.6,
2024-08-19 19:00:00,7.54,
2024-08-19 19:15:00,7.5,
2024-08-19 19:30:00,7.46,
2024-08-19 19:45:00,7.42,
2024-08-19 20:00:00,7.41,
2024-08-19 20:15:00,7.37,
2024-08-19 20:30:00,7.36,
2024-08-19 20:45:00,7.35,
2024-08-19 21:00:00,7.32,
2024-08-19 21:15:00,7.36,
2024-08-19 21:30:00,7.37,
2024-08-19 21:45:00,7.39,
2024-08-19 22:00:00,7.41,
2024-08-19 22:15:00,7.44,
2024-08-19 22:30:00,7.47,
2024-08-19 22:45:00,7.49,
2024-08-19 23:00:00,7.52,
2024-08-19 23:15:00,7.54,
2024-08-19 23:30:00,7.56,
2024-08-19 23:45:00,7.58,
2024-08-20 00:00:00,7.59,
2024-08-20 00:15:00,7.61,
2024-08-20 00:30:00,7.62,
2024-08-20 00:45:00,7.63,
2024-08-20 01:00:00,7.64,
2024-08-20 01:15:00,7.66,
2024-08-20 01:30:00,7.67,
2024-08-20 01:45:00,7.68,
2024-08-20 02:00:00,7.69,
2024-08-20 02:15:00,7.7,
2024-08-20 02:30:00,7.71,
2024-08-20 02:45:00,7.73,
2024-08-20 03:00:00,7.73,
2024-08-20 03:15:00,7.75,
2024-08-20 03:30:00,7.75,
2024-08-20 03:45:00,7.76,
2024-08-20 04:00:00,7.78,
2024-08-20 04:15:00,7.79,
2024-08-20 04:30:00,7.79,
2024-08-20 04:45:00,7.8,
2024-08-20 05:00:00,7.81,
2024-08-20 05:15:00,7.83,
2024-08-20 05:30:00,7.83,
2024-08-20 05:45:00,7.84,
2024-08-20 06:00:00,7.86,
2024-08-20 06:15:00,7.89,
2024-08-20 06:30:00,7.91,
2024-08-20 06:45:00,7.93,
2024-08-20 07:00:00,7.96,
2024-08-20 07:15:00,8.01,
2024-08-20 07:30:00,8.06,
2024-08-20 07:45:00,8.13,
2024-08-20 08:00:00,8.19,
2024-08-20 08:15:00,8.27,
2024-08-20 08:30:00,8.35,
2024-08-20 08:45:00,8.41,
2024-08-20 09:00:00,8.46,
2024-08-20 09:15:00,8.55,
2024-08-20 09:30:00,8.58,
2024-08-20 09:45:00,8.62,
2024-08-20 10:00:00,8.69,
2024-08-20 10:15:00,8.73,
2024-08-20 10:30:00,8.75,
2024-08-20 10:45:00,8.79,
2024-08-20 11:00:00,8.82,
2024-08-20 11:15:00,8.81,
2024-08-20 11:30:00,8.84,
2024-08-20 11:45:00,8.86,
2024-08-20 12:00:00,8.84,
2024-08-20 12:15:00,8.86,
2024-08-20 12:30:00,8.86,
2024-08-20 12:45:00,8.85,
2024-08-20 13:00:00,8.82,
2024-08-20 13:15:00,8.78,
2024-08-20 13:30:00,8.74,
2024-08-20 13:45:00,8.7,
2024-08-20 14:00:00,8.66,
2024-08-20 14:15:00,8.66,
2024-08-20 14:30:00,8.65,
2024-08-20 14:45:00,8.63,
2024-08-20 15:00:00,8.55,
2024-08-20 15:15:00,8.47,
2024-08-20 15:30:00,8.39,
2024-08-20 15:45:00,8.29,
2024-08-20 16:00:00,8.23,
2024-08-20 16:15:00,8.16,
2024-08-20 16:30:00,8.05,
2024-08-20 16:45:00,7.98,
2024-08-20 17:00:00,7.93,
2024-08-20 17:15:00,7.86,
2024-08-20 17:30:00,7.79,
2024-08-20 17:45:00,7.73,
2024-08-20 18:00:00,7.68,
2024-08-20 18:15:00,7.63,
2024-08-20 18:30:00,7.58,
2024-08-20 18:45:00,7.52,
2024-08-20 19:00:00,7.48,
2024-08-20 19:15:00,7.44,
2024-08-20 19:30:00,7.42,
2024-08-20 19:45:00,7.38,
2024-08-20 20:00:00,7.36,
2024-08-20 20:15:00,7.35,
2024-08-20 20:30:00,7.34,
2024-08-20 20:45:00,7.35,
2024-08-20 21:00:00,7.36,
2024-08-20 21:15:00,7.36,
2024-08-20 21:30:00,7.39,
2024-08-20 21:45:00,7.4,
2024-08-20 22:00:00,7.43,
2024-08-20 22:15:00,7.46,
2024-08-20 22:30:00,7.48,
2024-08-20 22:45:00,7.5,
2024-08-20 23:00:00,7.53,
2024-08-20 23:15:00,7.54,
2024-08-20 23:30:00,7.56,
2024-08-20 23:45:00,7.58,
2024-08-21 00:00:00,7.59,
2024-08-21 00:15:00,7.61,
2024-08-21 00:30:00,7.63,
2024-08-21 00:45:00,7.64,
2024-08-21 01:00:00,7.65,
2024-08-21 01:15:00,7.67,
2024-08-21 01:30:00,7.68,
2024-08-21 01:45:00,7.7,
2024-08-21 02:00:00,7.72,
2024-08-21 02:15:00,7.71,
2024-08-21 02:30:00,7.73,
2024-08-21 02:45:00,7.76,
2024-08-21 03:00:00,7.76,
2024-08-21 03:15:00,7.79,
2024-08-21 03:30:00,7.8,
2024-08-21 03:45:00,7.81,
2024-08-21 04:00:00,7.83,
2024-08-21 04:15:00,7.84,
2024-08-21 04:30:00,7.86,
2024-08-21 04:45:00,7.88,
2024-08-21 05:00:00,7.89,
2024-08-21 05:15:00,7.9,
2024-08-21 05:30:00,7.91,
2024-08-21 05:45:00,7.93,
2024-08-21 06:00:00,7.95,
2024-08-21 06:15:00,7.98,
2024-08-21 06:30:00,8.0,
2024-08-21 06:45:00,8.04,
2024-08-21 07:00:00,8.07,
2024-08-21 07:15:00,8.11,
2024-08-21 07:30:00,8.17,
2024-08-21 07:45:00,8.23,
2024-08-21 08:00:00,8.29,
2024-08-21 08:15:00,8.36,
2024-08-21 08:30:00,8.42,
2024-08-21 08:45:00,8.48,
2024-08-21 09:00:00,8.55,
2024-08-21 09:15:00,8.61,
2024-08-21 09:30:00,8.64,
2024-08-21 09:45:00,8.686666666666667,LI
2024-08-21 10:00:00,8.733333333333333,LI
2024-08-21 10:15:00,8.78,
2024-08-21 10:30:00,8.789938931297709,
2024-08-21 10:45:00,8.82987786259542,
2024-08-21 11:00:00,8.84981679389313,
2024-08-21 11:15:00,8.87975572519084,
2024-08-21 11:30:00,8.89969465648855,
2024-08-21 11:45:00,8.91963358778626,
2024-08-21 12:00:00,8.90957251908397,
2024-08-21 12:15:00,8.919511450381679,
2024-08-21 12:30:00,8.90945038167939,
2024-08-21 12:45:00,8.9193893129771,
2024-08-21 13:00:00,8.909328244274809,
2024-08-21 13:15:00,8.90926717557252,
2024-08-21 13:30:00,8.87920610687023,
2024-08-21 13:45:00,8.859145038167938,
2024-08-21 14:00:00,8.81908396946565,
2024-08-21 14:15:00,8.779022900763358,
2024-08-21 14:30:00,8.70896183206107,
2024-08-21 14:45:00,8.648900763358778,
2024-08-21 15:00:00,8.598839694656489,
2024-08-21 15:15:00,8.538778625954198,
2024-08-21 15:30:00,8.468717557251908,
2024-08-21 15:45:00,8.39865648854962,
2024-08-21 16:00:00,8.318595419847329,
2024-08-21 16:15:00,8.218534351145038,
2024-08-21 16:30:00,8.12847328244275,
2024-08-21 16:45:00,8.038412213740457,
2024-08-21 17:00:00,7.958351145038168,
2024-08-21 17:15:00,7.928290076335878,
2024-08-21 17:30:00,7.878229007633587,
2024-08-21 17:45:00,7.818167938931298,
2024-08-21 18:00:00,7.738106870229008,
2024-08-21 18:15:00,7.688045801526718,
2024-08-21 18:30:00,7.647984732824428,
2024-08-21 18:45:00,7.5979236641221375,
2024-08-21 19:00:00,7.567862595419848,
2024-08-21 19:15:00,7.527801526717558,
2024-08-21 19:30:00,7.507740458015267,
2024-08-21 19:45:00,7.477679389312978,
2024-08-21 20:00:00,7.467618320610687,
2024-08-21 20:15:00,7.447557251908397,
2024-08-21 20:30:00,7.457496183206107,
2024-08-21 20:45:00,7.467435114503816,
2024-08-21 21:00:00,7.487374045801527,
2024-08-21 21:15:00,7.497312977099237,
2024-08-21 21:30:00,7.507251908396946,
2024-08-21 21:45:00,7.537190839694657,
2024-08-21 22:00:00,7.567129770992366,
2024-08-21 22:15:00,7.587068702290076,
2024-08-21 22:30:00,7.617007633587787,
2024-08-21 22:45:00,7.636946564885496,
2024-08-21 23:00:00,7.666885496183206,
2024-08-21 23:15:00,7.686824427480916,
2024-08-21 23:30:00,7.706763358778626,
2024-08-21 23:45:00,7.726702290076337,
2024-08-22 00:00:00,7.756641221374045,
2024-08-22 00:15:00,7.776580152671756,
2024-08-22 00:30:00,7.796519083969465,
2024-08-22 00:45:00,7.806458015267175,
2024-08-22 01:00:00,7.826396946564886,
2024-08-22 01:15:00,7.846335877862595,
2024-08-22 01:30:00,7.876274809160305,
2024-08-22 01:45:00,7.886213740458015,
2024-08-22 02:00:00,7.906152671755725,
2024-08-22 02:15:00,7.926091603053435,
2024-08-22 02:30:00,7.936030534351145,
2024-08-22 02:45:00,7.945969465648855,
2024-08-22 03:00:00,7.965908396946564,
2024-08-22 03:15:00,7.985847328244275,
2024-08-22 03:30:00,7.995786259541985,
2024-08-22 03:45:00,8.005725190839694,
2024-08-22 04:00:00,8.035664122137403,
2024-08-22 04:15:00,8.035603053435114,
2024-08-22 04:30:00,8.055541984732825,
2024-08-22 04:45:00,8.075480916030534,
2024-08-22 05:00:00,8.085419847328245,
2024-08-22 05:15:00,8.095358778625954,
2024-08-22 05:30:00,8.115297709923663,
2024-08-22 05:45:00,8.135236641221375,
2024-08-22 06:00:00,8.145175572519085,
2024-08-22 06:15:00,8.155114503816794,
2024-08-22 06:30:00,8.195053435114502,
2024-08-22 06:45:00,8.214992366412215,
2024-08-22 07:00:00,8.234931297709924,
2024-08-22 07:15:00,8.294870229007634,
2024-08-22 07:30:00,8.354809160305344,
2024-08-22 07:45:00,8.414748091603053,
2024-08-22 08:00:00,8.474687022900763,
2024-08-22 08:15:00,8.534625954198473,
2024-08-22 08:30:00,8.594564885496183,
2024-08-22 08:45:00,8.654503816793893,
2024-08-22 09:00:00,8.704442748091603,
2024-08-22 09:15:00,8.784381679389313,
2024-08-22 09:30:00,8.834320610687023,
2024-08-22 09:45:00,8.884259541984733,
2024-08-22 10:00:00,8.914198473282443,
2024-08-22 10:15:00,8.954137404580154,
2024-08-22 10:30:00,8.974076335877863,
2024-08-22 10:45:00,8.994015267175573,
2024-08-22 11:00:00,9.023954198473282,
2024-08-22 11:15:00,9.033893129770991,
2024-08-22 11:30:00,9.053832061068702,
2024-08-22 11:45:00,9.073770992366413,
2024-08-22 12:00:00,9.083709923664122,
2024-08-22 12:15:00,9.083648854961831,
2024-08-22 12:30:00,9.093587786259542,
2024-08-22 12:45:00,8.973526717557252,
2024-08-22 13:00:00,8.923465648854961,
2024-08-22 13:15:00,8.853404580152672,
2024-08-22 13:30:00,8.863343511450381,
2024-08-22 13:45:00,8.76328244274809,
2024-08-22 14:00:00,8.723221374045801,
2024-08-22 14:15:00,8.603160305343511,
2024-08-22 14:30:00,8.493099236641221,
2024-08-22 14:45:00,8.41303816793893,
2024-08-22 15:00:00,8.492977099236642,
2024-08-22 15:15:00,8.462916030534352,
2024-08-22 15:30:00,8.472854961832061,
2024-08-22 15:45:00,8.402793893129772,
2024-08-22 16:00:00,8.292732824427482,
2024-08-22 16:15:00,8.28267175572519,
2024-08-22 16:30:00,8.2626106870229,
2024-08-22 16:45:00,8.28254961832061,
2024-08-22 17:00:00,8.28248854961832,
2024-08-22 17:15:00,8.27242748091603,
2024-08-22 17:30:00,8.19236641221374,
2024-08-22 17:45:00,8.15230534351145,
2024-08-22 18:00:00,8.10224427480916,
2024-08-22 18:15:00,8.042183206106872,
2024-08-22 18:30:00,7.99212213740458,
2024-08-22 18:45:00,7.87206106870229,
2024-08-22 19:00:00,7.862,
2024-08-22 19:15:00,7.79193893129771,
2024-08-22 19:30:00,7.74187786259542,
2024-08-22 19:45:00,7.70181679389313,
2024-08-22 20:00:00,7.661755725190839,
2024-08-22 20:15:00,7.64169465648855,
2024-08-22 20:30:00,7.5916335877862595,
2024-08-22 20:45:00,7.581572519083969,
2024-08-22 21:00:00,7.56151145038168,
2024-08-22 21:15:00,7.571450381679389,
2024-08-22 21:30:00,7.581389312977099,
2024-08-22 21:45:00,7.5713282442748095,
2024-08-22 22:00:00,7.5912671755725185,
2024-08-22 22:15:00,7.601206106870229,
2024-08-22 22:30:00,7.601145038167939,
2024-08-22 22:45:00,7.611083969465649,
2024-08-22 23:00:00,7.631022900763359,
2024-08-22 23:15:00,7.650961832061069,
2024-08-22 23:30:00,7.660900763358779,
2024-08-22 23:45:00,7.680839694656488,
2024-08-23 00:00:00,7.670778625954198,
2024-08-23 00:15:00,7.680717557251909,
2024-08-23 00:30:00,7.710656488549618,
2024-08-23 00:45:00,7.720595419847329,
2024-08-23 01:00:00,7.710534351145037,
2024-08-23 01:15:00,7.750473282442748,
2024-08-23 01:30:00,7.750412213740458,
2024-08-23 01:45:00,7.760351145038167,
2024-08-23 02:00:00,7.780290076335878,
2024-08-23 02:15:00,7.790229007633587,
2024-08-23 02:30:00,7.800167938931297,
2024-08-23 02:45:00,7.790106870229008,
2024-08-23 03:00:00,7.810045801526718,
2024-08-23 03:15:00,7.829984732824427,
2024-08-23 03:30:00,7.829923664122138,
2024-08-23 03:45:00,7.839862595419847,
2024-08-23 04:00:00,7.849801526717558,
2024-08-23 04:15:00,7.859740458015267,
2024-08-23 04:30:00,7.869679389312977,
2024-08-23 04:45:00,7.869618320610687,
2024-08-23 05:00:00,7.8795572519083965,
2024-08-23 05:15:00,7.879496183206107,
2024-08-23 05:30:00,7.869435114503816,
2024-08-23 05:45:00,7.889374045801527,
2024-08-23 06:00:00,7.889312977099237,
2024-08-23 06:15:00,7.909251908396946,
2024-08-23 06:30:00,7.929190839694657,
2024-08-23 06:45:00,7.939129770992366,
2024-08-23 07:00:00,7.959068702290076,
2024-08-23 07:15:00,7.989007633587787,
2024-08-23 07:30:00,8.048946564885497,
2024-08-23 07:45:00,8.098885496183208,LI
2024-08-23 08:00:00,8.148824427480916,
2024-08-23 08:15:00,8.218763358778626,
2024-08-23 08:30:00,8.308702290076337,
2024-08-23 08:45:00,8.358641221374045,
2024-08-23 09:00:00,8.448580152671756,
2024-08-23 09:15:00,8.528519083969465,
2024-08-23 09:30:00,8.588458015267175,
2024-08-23 09:45:00,8.648396946564885,
2024-08-23 10:00:00,8.698335877862597,
2024-08-23 10:15:00,8.738274809160306,
2024-08-23 10:30:00,8.778213740458014,
2024-08-23 10:45:00,8.808152671755726,
2024-08-23 11:00:00,8.818091603053436,
2024-08-23 11:15:00,8.858030534351144,
2024-08-23 11:30:00,8.837969465648854,
2024-08-23 11:45:00,8.807908396946566,
2024-08-23 12:00:00,8.797847328244275,
2024-08-23 12:15:00,8.857786259541983,
2024-08-23 12:30:00,8.857725190839695,
2024-08-23 12:45:00,8.917664122137404,
2024-08-23 13:00:00,8.927603053435114,
2024-08-23 13:15:00,8.867541984732826,
2024-08-23 13:30:00,8.897480916030535,
2024-08-23 13:45:00,8.867419847328245,
2024-08-23 14:00:00,8.847358778625953,
2024-08-23 14:15:00,8.767297709923664,
2024-08-23 14:30:00,8.657236641221374,
2024-08-23 14:45:00,8.477175572519084,
2024-08-23 15:00:00,8.487114503816795,
2024-08-23 15:15:00,8.427053435114503,
2024-08-23 15:30:00,8.406992366412213,
2024-08-23 15:45:00,8.406931297709924,
2024-08-23 16:00:00,8.356870229007633,
2024-08-23 16:15:00,8.296809160305344,
2024-08-23 16:30:00,8.256748091603052,
2024-08-23 16:45:00,8.196687022900765,
2024-08-23 17:00:00,8.146625954198473,
2024-08-23 17:15:00,8.096564885496182,
2024-08-23 17:30:00,8.016503816793893,
2024-08-23 17:45:00,7.986442748091603,
2024-08-23 18:00:00,7.916381679389312,
2024-08-23 18:15:00,7.866320610687023,
2024-08-23 18:30:00,7.826259541984733,
2024-08-23 18:45:00,7.766198473282443,
2024-08-23 19:00:00,7.686137404580153,
2024-08-23 19:15:00,,SM
2024-08-23 19:30:00,,SM
2024-08-23 19:45:00,,SM
2024-08-23 20:00:00,,SM
2024-08-23 20:15:00,,SM
2024-08-23 20:30:00,,SM
2024-08-23 20:45:00,,SM
2024-08-23 21:00:00,,SM
2024-08-23 21:15:00,,SM
2024-08-23 21:30:00,,SM
2024-08-23 21:45:00,,SM
2024-08-23 22:00:00,,SM
2024-08-23 22:15:00,,SM
2024-08-23 22:30:00,,SM
2024-08-23 22:45:00,,SM
2024-08-23 23:00:00,,SM
2024-08-23 23:15:00,,SM
2024-08-23 23:30:00,,SM
2024-08-23 23:45:00,,SM
2024-08-24 00:00:00,,SM
2024-08-24 00:15:00,,SM
2024-08-24 00:30:00,,SM
2024-08-24 00:45:00,,SM
2024-08-24 01:00:00,,SM
2024-08-24 01:15:00,,SM
2024-08-24 01:30:00,,SM
2024-08-24 01:45:00,,SM
2024-08-24 02:00:00,,SM
2024-08-24 02:15:00,,SM
2024-08-24 02:30:00,,SM
2024-08-24 02:45:00,,SM
2024-08-24 03:00:00,,SM
2024-08-24 03:15:00,,SM
2024-08-24 03:30:00,,SM
2024-08-24 03:45:00,,SM
2024-08-24 04:00:00,,SM
2024-08-24 04:15:00,,SM
2024-08-24 04:30:00,,SM
2024-08-24 04:45:00,,SM
2024-08-24 05:00:00,,SM
2024-08-24 05:15:00,,SM
2024-08-24 05:30:00,,SM
2024-08-24 05:45:00,,SM
2024-08-24 06:00:00,,SM
2024-08-24 06:15:00,,SM
2024-08-24 06:30:00,,SM
2024-08-24 06:45:00,,SM
2024-08-24 07:00:00,,SM
2024-08-24 07:15:00,,SM
2024-08-24 07:30:00,,SM
2024-08-24 07:45:00,,SM
2024-08-24 08:00:00,,SM
2024-08-24 08:15:00,,SM
2024-08-24 08:30:00,,SM
2024-08-24 08:45:00,,SM
2024-08-24 09:00:00,,SM
2024-08-24 09:15:00,,SM
2024-08-24 09:30:00,,SM
2024-08-24 09:45:00,,SM
2024-08-24 10:00:00,,SM
2024-08-24 10:15:00,,SM
2024-08-24 10:30:00,,SM
2024-08-24 10:45:00,,SM
2024-08-24 11:00:00,,SM
2024-08-24 11:15:00,,SM
2024-08-24 11:30:00,,SM
2024-08-24 11:45:00,,SM
2024-08-24 12:00:00,,SM
2024-08-24 12:15:00,,SM
2024-08-24 12:30:00,,SM
2024-08-24 12:45:00,,SM
2024-08-24 13:00:00,,SM
2024-08-24 13:15:00,,SM
2024-08-24 13:30:00,,SM
2024-08-24 13:45:00,,SM
2024-08-24 14:00:00,,SM
2024-08-24 14:15:00,,SM
2024-08-24 14:30:00,,SM
2024-08-24 14:45:00,,SM
2024-08-24 15:00:00,,SM
2024-08-24 15:15:00,,SM
2024-08-24 15:30:00,,SM
2024-08-24 15:45:00,,SM
2024-08-24 16:00:00,,SM
2024-08-24 16:15:00,,SM
2024-08-24 16:30:00,,SM
2024-08-24 16:45:00,,SM
2024-08-24 17:00:00,,SM
2024-08-24 17:15:00,,SM
2024-08-24 17:30:00,,SM
2024-08-24 17:45:00,,SM
2024-08-24 18:00:00,,SM
2024-08-24 18:15:00,,SM
2024-08-24 18:30:00,,SM
2024-08-24 18:45:00,,SM
2024-08-24 19:00:00,,SM
2024-08-24 19:15:00,,SM
2024-08-24 19:30:00,,SM
2024-08-24 19:45:00,,SM
2024-08-24 20:00:00,,SM
2024-08-24 20:15:00,,SM
2024-08-24 20:30:00,,SM
2024-08-24 20:45:00,,SM
2024-08-24 21:00:00,,SM
2024-08-24 21:15:00,,SM
2024-08-24 21:30:00,,SM
2024-08-24 21:45:00,,SM
2024-08-24 22:00:00,,SM
2024-08-24 22:15:00,,SM
2024-08-24 22:30:00,,SM
2024-08-24 22:45:00,,SM
2024-08-24 23:00:00,,SM
2024-08-24 23:15:00,,SM
2024-08-24 23:30:00,,SM
2024-08-24 23:45:00,,SM
2024-08-25 00:00:00,,SM
2024-08-25 00:15:00,,SM
2024-08-25 00:30:00,,SM
2024-08-25 00:45:00,,SM
2024-08-25 01:00:00,,SM
2024-08-25 01:15:00,,SM
2024-08-25 01:30:00,,SM
2024-08-25 01:45:00,,SM
2024-08-25 02:00:00,,SM
2024-08-25 02:15:00,,SM
2024-08-25 02:30:00,,SM
2024-08-25 02:45:00,,SM
2024-08-25 03:00:00,,SM
2024-08-25 03:15:00,,SM
2024-08-25 03:30:00,,SM
2024-08-25 03:45:00,,SM
2024-08-25 04:00:00,,SM
2024-08-25 04:15:00,,SM
2024-08-25 04:30:00,,SM
2024-08-25 04:45:00,,SM
2024-08-25 05:00:00,,SM
2024-08-25 05:15:00,,SM
2024-08-25 05:30:00,,SM
2024-08-25 05:45:00,,SM
2024-08-25 06:00:00,,SM
2024-08-25 06:15:00,,SM
2024-08-25 06:30:00,,SM
2024-08-25 06:45:00,,SM
2024-08-25 07:00:00,,SM
2024-08-25 07:15:00,,SM
2024-08-25 07:30:00,,SM
2024-08-25 07:45:00,,SM
2024-08-25 08:00:00,,SM
2024-08-25 08:15:00,,SM
2024-08-25 08:30:00,,SM
2024-08-25 08:45:00,,SM
2024-08-25 09:00:00,,SM
2024-08-25 09:15:00,,SM
2024-08-25 09:30:00,,SM
2024-08-25 09:45:00,,SM
2024-08-25 10:00:00,,SM
2024-08-25 10:15:00,,SM
2024-08-25 10:30:00,,SM
2024-08-25 10:45:00,,SM
2024-08-25 11:00:00,,SM
2024-08-25 11:15:00,,SM
2024-08-25 11:30:00,,SM
2024-08-25 11:45:00,,SM
2024-08-25 12:00:00,,SM
2024-08-25 12:15:00,,SM
2024-08-25 12:30:00,,SM
2024-08-25 12:45:00,,SM
2024-08-25 13:00:00,,SM
2024-08-25 13:15:00,,SM
2024-08-25 13:30:00,,SM
2024-08-25 13:45:00,,SM
2024-08-25 14:00:00,,SM
2024-08-25 14:15:00,,SM
2024-08-25 14:30:00,,SM
2024-08-25 14:45:00,,SM
2024-08-25 15:00:00,,SM
2024-08-25 15:15:00,,SM
2024-08-25 15:30:00,,SM
2024-08-25 15:45:00,,SM
2024-08-25 16:00:00,,SM
2024-08-25 16:15:00,,SM
2024-08-25 16:30:00,,SM
2024-08-25 16:45:00,,SM
2024-08-25 17:00:00,,SM
2024-08-25 17:15:00,,SM
2024-08-25 17:30:00,,SM
2024-08-25 17:45:00,,SM
2024-08-25 18:00:00,,SM
2024-08-25 18:15:00,,SM
2024-08-25 18:30:00,,SM
2024-08-25 18:45:00,,SM
2024-08-25 19:00:00,,SM
2024-08-25 19:15:00,,SM
2024-08-25 19:30:00,,SM
2024-08-25 19:45:00,,SM
2024-08-25 20:00:00,,SM
2024-08-25 20:15:00,,SM
2024-08-25 20:30:00,,SM
2024-08-25 20:45:00,,SM
2024-08-25 21:00:00,,SM
2024-08-25 21:15:00,,SM
2024-08-25 21:30:00,,SM
2024-08-25 21:45:00,,SM
2024-08-25 22:00:00,,SM
2024-08-25 22:15:00,,SM
2024-08-25 22:30:00,,SM
2024-08-25 22:45:00,,SM
2024-08-25 23:00:00,,SM
2024-08-25 23:15:00,,SM
2024-08-25 23:30:00,,SM
2024-08-25 23:45:00,,SM
2024-08-26 00:00:00,,SM
2024-08-26 00:15:00,,SM
2024-08-26 00:30:00,,SM
2024-08-26 00:45:00,,SM
2024-08-26 01:00:00,,SM
2024-08-26 01:15:00,,SM
2024-08-26 01:30:00,,SM
2024-08-26 01:45:00,,SM
2024-08-26 02:00:00,,SM
2024-08-26 02:15:00,,SM
2024-08-26 02:30:00,,SM
2024-08-26 02:45:00,,SM
2024-08-26 03:00:00,,SM
2024-08-26 03:15:00,,SM
2024-08-26 03:30:00,,SM
2024-08-26 03:45:00,,SM
2024-08-26 04:00:00,,SM
2024-08-26 04:15:00,,SM
2024-08-26 04:30:00,,SM
2024-08-26 04:45:00,,SM
2024-08-26 05:00:00,,SM
2024-08-26 05:15:00,,SM
2024-08-26 05:30:00,,SM
2024-08-26 05:45:00,,SM
2024-08-26 06:00:00,,SM
2024-08-26 06:15:00,,SM
2024-08-26 06:30:00,,SM
2024-08-26 06:45:00,,SM
2024-08-26 07:00:00,,SM
2024-08-26 07:15:00,,SM
2024-08-26 07:30:00,,SM
2024-08-26 07:45:00,,SM
2024-08-26 08:00:00,,SM
2024-08-26 08:15:00,,SM
2024-08-26 08:30:00,,SM
2024-08-26 08:45:00,,SM
2024-08-26 09:00:00,,SM
2024-08-26 09:15:00,,SM
2024-08-26 09:30:00,,SM
2024-08-26 09:45:00,,SM
2024-08-26 10:00:00,,SM
2024-08-26 10:15:00,,SM
2024-08-26 10:30:00,,SM
2024-08-26 10:45:00,,SM
2024-08-26 11:00:00,,SM
2024-08-26 11:15:00,,SM
2024-08-26 11:30:00,,SM
2024-08-26 11:45:00,,SM
2024-08-26 12:00:00,,SM
2024-08-26 12:15:00,,SM
2024-08-26 12:30:00,,SM
2024-08-26 12:45:00,,SM
2024-08-26 13:00:00,,SM
2024-08-26 13:15:00,,SM
2024-08-26 13:30:00,,SM
2024-08-26 13:45:00,,SM
2024-08-26 14:00:00,,SM
2024-08-26 14:15:00,,SM
2024-08-26 14:30:00,,SM
2024-08-26 14:45:00,,SM
2024-08-26 15:00:00,,SM
2024-08-26 15:15:00,,SM
2024-08-26 15:30:00,,SM
2024-08-26 15:45:00,,SM
2024-08-26 16:00:00,,SM
2024-08-26 16:15:00,,SM
2024-08-26 16:30:00,,SM
2024-08-26 16:45:00,,SM
2024-08-26 17:00:00,,SM
2024-08-26 17:15:00,,SM
2024-08-26 17:30:00,,SM
2024-08-26 17:45:00,,SM
2024-08-26 18:00:00,,SM
2024-08-26 18:15:00,,SM
2024-08-26 18:30:00,,SM
2024-08-26 18:45:00,,SM
2024-08-26 19:00:00,,SM
2024-08-26 19:15:00,,SM
2024-08-26 19:30:00,,SM
2024-08-26 19:45:00,,SM
2024-08-26 20:00:00,,SM
2024-08-26 20:15:00,,SM
2024-08-26 20:30:00,,SM
2024-08-26 20:45:00,,SM
2024-08-26 21:00:00,,SM
2024-08-26 21:15:00,,SM
2024-08-26 21:30:00,,SM
2024-08-26 21:45:00,,SM
2024-08-26 22:00:00,,SM
2024-08-26 22:15:00,,SM
2024-08-26 22:30:00,,SM
2024-08-26 22:45:00,,SM
2024-08-26 23:00:00,,SM
2024-08-26 23:15:00,,SM
2024-08-26 23:30:00,,SM
2024-08-26 23:45:00,,SM
2024-08-27 00:00:00,,SM
2024-08-27 00:15:00,,SM
2024-08-27 00:30:00,,SM
2024-08-27 00:45:00,,SM
2024-08-27 01:00:00,,SM
2024-08-27 01:15:00,,SM
2024-08-27 01:30:00,,SM
2024-08-27 01:45:00,,SM
2024-08-27 02:00:00,,SM
2024-08-27 02:15:00,,SM
2024-08-27 02:30:00,,SM
2024-08-27 02:45:00,,SM
2024-08-27 03:00:00,,SM
2024-08-27 03:15:00,,SM
2024-08-27 03:30:00,,SM
2024-08-27 03:45:00,,SM
2024-08-27 04:00:00,,SM
2024-08-27 04:15:00,,SM
2024-08-27 04:30:00,,SM
2024-08-27 04:45:00,,SM
2024-08-27 05:00:00,,SM
2024-08-27 05:15:00,,SM
2024-08-27 05:30:00,,SM
2024-08-27 05:45:00,,SM
2024-08-27 06:00:00,,SM
2024-08-27 06:15:00,,SM
2024-08-27 06:30:00,,SM
2024-08-27 06:45:00,,SM
2024-08-27 07:00:00,,SM
2024-08-27 07:15:00,,SM
2024-08-27 07:30:00,,SM
2024-08-27 07:45:00,,SM
2024-08-27 08:00:00,,SM
2024-08-27 08:15:00,,SM
2024-08-27 08:30:00,,SM
2024-08-27 08:45:00,,SM
2024-08-27 09:00:00,,SM
2024-08-27 09:15:00,,SM
2024-08-27 09:30:00,,SM
2024-08-27 09:45:00,,SM
2024-08-27 10:00:00,,SM
2024-08-27 10:15:00,,SM
2024-08-27 10:30:00,,SM
2024-08-27 10:45:00,,SM
2024-08-27 11:00:00,,SM
2024-08-27 11:15:00,,SM
2024-08-27 11:30:00,,SM
2024-08-27 11:45:00,,SM
2024-08-27 12:00:00,,SM
2024-08-27 12:15:00,,SM
2024-08-27 12:30:00,,SM
2024-08-27 12:45:00,,SM
2024-08-27 13:00:00,,SM
2024-08-27 13:15:00,,SM
2024-08-27 13:30:00,,SM
2024-08-27 13:45:00,,SM
2024-08-27 14:00:00,,SM
2024-08-27 14:15:00,,SM
2024-08-27 14:30:00,,SM
2024-08-27 14:45:00,,SM
2024-08-27 15:00:00,,SM
2024-08-27 15:15:00,,SM
2024-08-27 15:30:00,,SM
2024-08-27 15:45:00,,SM
2024-08-27 16:00:00,,SM
2024-08-27 16:15:00,,SM
2024-08-27 16:30:00,,SM
2024-08-27 16:45:00,,SM
2024-08-27 17:00:00,,SM
2024-08-27 17:15:00,,SM
2024-08-27 17:30:00,,SM
2024-08-27 17:45:00,,SM
2024-08-27 18:00:00,,SM
2024-08-27 18:15:00,,SM
2024-08-27 18:30:00,,SM
2024-08-27 18:45:00,,SM
2024-08-27 19:00:00,,SM
2024-08-27 19:15:00,,SM
2024-08-27 19:30:00,,SM
2024-08-27 19:45:00,,SM
2024-08-27 20:00:00,,SM
2024-08-27 20:15:00,,SM
2024-08-27 20:30:00,,SM
2024-08-27 20:45:00,,SM
2024-08-27 21:00:00,,SM
2024-08-27 21:15:00,,SM
2024-08-27 21:30:00,,SM
2024-08-27 21:45:00,,SM
2024-08-27 22:00:00,,SM
2024-08-27 22:15:00,,SM
2024-08-27 22:30:00,,SM
2024-08-27 22:45:00,,SM
2024-08-27 23:00:00,,SM
2024-08-27 23:15:00,,SM
2024-08-27 23:30:00,,SM
2024-08-27 23:45:00,,SM
2024-08-28 00:00:00,,SM
2024-08-28 00:15:00,,SM
2024-08-28 00:30:00,,SM
2024-08-28 00:45:00,,SM
2024-08-28 01:00:00,,SM
2024-08-28 01:15:00,,SM
2024-08-28 01:30:00,,SM
2024-08-28 01:45:00,,SM
2024-08-28 02:00:00,,SM
2024-08-28 02:15:00,,SM
2024-08-28 02:30:00,,SM
2024-08-28 02:45:00,,SM
2024-08-28 03:00:00,,SM
2024-08-28 03:15:00,,SM
2024-08-28 03:30:00,,SM
2024-08-28 03:45:00,,SM
2024-08-28 04:00:00,,SM
2024-08-28 04:15:00,,SM
2024-08-28 04:30:00,,SM
2024-08-28 04:45:00,,SM
2024-08-28 05:00:00,,SM
2024-08-28 05:15:00,,SM
2024-08-28 05:30:00,,SM
2024-08-28 05:45:00,,SM
2024-08-28 06:00:00,,SM
2024-08-28 06:15:00,,SM
2024-08-28 06:30:00,,SM
2024-08-28 06:45:00,,SM
2024-08-28 07:00:00,,SM
2024-08-28 07:15:00,,SM
2024-08-28 07:30:00,,SM
2024-08-28 07:45:00,,SM
2024-08-28 08:00:00,,SM
2024-08-28 08:15:00,,SM
2024-08-28 08:30:00,,SM
2024-08-28 08:45:00,,SM
2024-08-28 09:00:00,,SM
2024-08-28 09:15:00,,SM
2024-08-28 09:30:00,,SM
2024-08-28 09:45:00,,SM
2024-08-28 10:00:00,,SM
2024-08-28 10:15:00,,SM
2024-08-28 10:30:00,,SM
2024-08-28 10:45:00,,SM
2024-08-28 11:00:00,,SM
2024-08-28 11:15:00,,SM
2024-08-28 11:30:00,,SM
2024-08-28 11:45:00,,SM
2024-08-28 12:00:00,,SM
2024-08-28 12:15:00,,SM
2024-08-28 12:30:00,,SM
2024-08-28 12:45:00,,SM
2024-08-28 13:00:00,,SM
2024-08-28 13:15:00,,SM
2024-08-28 13:30:00,,SM
2024-08-28 13:45:00,,SM
2024-08-28 14:00:00,,SM
2024-08-28 14:15:00,,SM
2024-08-28 14:30:00,,SM
2024-08-28 14:45:00,,SM
2024-08-28 15:00:00,9.057801526717556,
2024-08-28 15:15:00,8.967740458015268,
2024-08-28 15:30:00,8.907679389312976,
2024-08-28 15:45:00,8.847618320610687,
2024-08-28 16:00:00,8.757557251908398,
2024-08-28 16:15:00,8.667496183206108,
2024-08-28 16:30:00,8.567435114503816,
2024-08-28 16:45:00,8.477374045801525,
2024-08-28 17:00:00,8.367312977099237,
2024-08-28 17:15:00,8.277251908396947,
2024-08-28 17:30:00,8.197190839694656,
2024-08-28 17:45:00,8.107129770992367,
2024-08-28 18:00:00,8.017068702290077,
2024-08-28 18:15:00,7.947007633587787,
2024-08-28 18:30:00,7.876946564885496,
2024-08-28 18:45:00,7.806885496183206,
2024-08-28 19:00:00,7.736824427480916,
2024-08-28 19:15:00,7.676763358778626,
2024-08-28 19:30:00,7.636702290076336,
2024-08-28 19:45:00,7.586641221374045,
2024-08-28 20:00:00,7.526580152671756,
2024-08-28 20:15:00,7.506519083969465,
2024-08-28 20:30:00,7.536458015267176,
2024-08-28 20:45:00,7.546396946564886,
2024-08-28 21:00:00,7.556335877862595,
2024-08-28 21:15:00,7.566274809160306,
2024-08-28 21:30:00,7.606213740458015,
2024-08-28 21:45:00,7.616152671755725,
2024-08-28 22:00:00,7.646091603053436,
2024-08-28 22:15:00,7.666030534351145,
2024-08-28 22:30:00,7.695969465648855,
2024-08-28 22:45:00,7.715908396946564,
2024-08-28 23:00:00,7.755847328244275,
2024-08-28 23:15:00,7.785786259541985,
2024-08-28 23:30:00,7.8257251908396945,
2024-08-28 23:45:00,7.855664122137405,
2024-08-29 00:00:00,7.885603053435114,
2024-08-29 00:15:00,7.915541984732824,
2024-08-29 00:30:00,7.945480916030535,
2024-08-29 00:45:00,7.975419847328244,
2024-08-29 01:00:00,7.9953587786259535,
2024-08-29 01:15:00,8.035297709923665,
2024-08-29 01:30:00,8.055236641221374,
2024-08-29 01:45:00,8.075175572519083,
2024-08-29 02:00:00,8.095114503816795,
2024-08-29 02:15:00,8.115053435114504,
2024-08-29 02:30:00,8.134992366412213,
2024-08-29 02:45:00,8.164931297709925,
2024-08-29 03:00:00,8.164870229007635,
2024-08-29 03:15:00,8.184809160305344,
2024-08-29 03:30:00,8.214748091603052,
2024-08-29 03:45:00,8.254687022900765,
2024-08-29 04:00:00,8.264625954198474,
2024-08-29 04:15:00,8.284564885496183,
2024-08-29 04:30:00,8.294503816793894,
2024-08-29 04:45:00,8.314442748091603,
2024-08-29 05:00:00,8.344381679389313,
2024-08-29 05:15:00,8.354320610687024,
2024-08-29 05:30:00,8.364259541984733,
2024-08-29 05:45:00,8.384198473282442,
2024-08-29 06:00:00,8.414137404580153,
2024-08-29 06:15:00,8.444076335877863,
2024-08-29 06:30:00,8.474015267175572,
2024-08-29 06:45:00,8.513954198473282,
2024-08-29 07:00:00,8.573893129770992,
2024-08-29 07:15:00,8.613832061068702,
2024-08-29 07:30:00,8.693770992366412,
2024-08-29 07:45:00,8.763709923664123,
2024-08-29 08:00:00,8.843648854961833,
2024-08-29 08:15:00,8.923587786259542,
2024-08-29 08:30:00,9.013526717557252,
2024-08-29 08:45:00,9.103465648854964,
2024-08-29 09:00:00,9.183404580152672,
2024-08-29 09:15:00,9.26334351145038,
2024-08-29 09:30:00,9.333282442748091,
2024-08-29 09:45:00,9.4032213740458,
2024-08-29 10:00:00,9.46316030534351,
2024-08-29 10:15:00,9.513099236641224,
2024-08-29 10:30:00,9.543038167938931,
2024-08-29 10:45:00,9.582977099236642,
2024-08-29 11:00:00,9.61291603053435,
2024-08-29 11:15:00,9.64285496183206,
2024-08-29 11:30:00,9.672793893129771,
2024-08-29 11:45:00,9.66273282442748,
2024-08-29 12:00:00,9.672671755725192,
2024-08-29 12:15:00,9.6826106870229,
2024-08-29 12:30:00,9.69254961832061,
2024-08-29 12:45:00,9.662488549618322,
2024-08-29 13:00:00,9.70242748091603,
2024-08-29 13:15:00,9.69236641221374,
2024-08-29 13:30:00,9.662305343511452,
2024-08-29 13:45:00,9.64224427480916,
2024-08-29 14:00:00,9.58218320610687,
2024-08-29 14:15:00,9.52212213740458,
2024-08-29 14:30:00,9.49206106870229,
2024-08-29 14:45:00,9.442,
2024-08-29 15:00:00,9.391938931297709,
2024-08-29 15:15:00,9.33187786259542,
2024-08-29 15:30:00,9.26181679389313,
2024-08-29 15:45:00,9.19175572519084,
2024-08-29 16:00:00,9.12169465648855,
2024-08-29 16:15:00,9.03163358778626,
2024-08-29 16:30:00,8.94157251908397,
2024-08-29 16:45:00,8.851511450381679,
2024-08-29 17:00:00,8.75145038167939,
2024-08-29 17:15:00,8.651389312977098,
2024-08-29 17:30:00,8.561328244274808,
2024-08-29 17:45:00,8.491267175572519,
2024-08-29 18:00:00,8.41120610687023,
2024-08-29 18:15:00,8.301145038167938,
2024-08-29 18:30:00,8.20108396946565,
2024-08-29 18:45:00,8.10102290076336,
2024-08-29 19:00:00,8.010961832061069,
2024-08-29 19:15:00,7.940900763358779,
2024-08-29 19:30:00,7.890839694656488,
2024-08-29 19:45:00,7.840778625954198,
2024-08-29 20:00:00,7.800717557251908,
2024-08-29 20:15:00,7.780656488549618,
2024-08-29 20:30:00,7.770595419847329,
2024-08-29 20:45:00,7.750534351145038,
2024-08-29 21:00:00,7.750473282442748,
2024-08-29 21:15:00,7.760412213740458,
2024-08-29 21:30:00,7.770351145038168,
2024-08-29 21:45:00,7.790290076335878,
2024-08-29 22:00:00,7.820229007633588,
2024-08-29 22:15:00,7.840167938931297,
2024-08-29 22:30:00,7.850106870229008,
2024-08-29 22:45:00,7.890045801526718,
2024-08-29 23:00:00,7.9099847328244275,
2024-08-29 23:15:00,7.939923664122138,
2024-08-29 23:30:00,7.959862595419847,
2024-08-29 23:45:00,7.999801526717558,
2024-08-30 00:00:00,8.019740458015267,
2024-08-30 00:15:00,8.049679389312976,
2024-08-30 00:30:00,8.089618320610688,
2024-08-30 00:45:00,8.119557251908397,
2024-08-30 01:00:00,8.139496183206106,
2024-08-30 01:15:00,8.179435114503818,
2024-08-30 01:30:00,8.189374045801527,
2024-08-30 01:45:00,8.229312977099235,
2024-08-30 02:00:00,8.249251908396948,
2024-08-30 02:15:00,8.289190839694657,
2024-08-30 02:30:00,8.309129770992365,
2024-08-30 02:45:00,8.329068702290076,
2024-08-30 03:00:00,8.349007633587787,
2024-08-30 03:15:00,8.368946564885496,
2024-08-30 03:30:00,8.388885496183205,
2024-08-30 03:45:00,8.408824427480917,
2024-08-30 04:00:00,8.428763358778626,
2024-08-30 04:15:00,8.448702290076335,
2024-08-30 04:30:00,8.448641221374046,
2024-08-30 04:45:00,8.468580152671755,
2024-08-30 05:00:00,8.488519083969464,
2024-08-30 05:15:00,8.508458015267177,
2024-08-30 05:30:00,8.518396946564886,
2024-08-30 05:45:00,8.538335877862595,
2024-08-30 06:00:00,8.548274809160304,
2024-08-30 06:15:00,8.578213740458017,
2024-08-30 06:30:00,8.608152671755725,
2024-08-30 06:45:00,8.648091603053434,
2024-08-30 07:00:00,8.698030534351146,
2024-08-30 07:15:00,8.767969465648855,
2024-08-30 07:30:00,8.827908396946565,
2024-08-30 07:45:00,8.907847328244276,
2024-08-30 08:00:00,8.987786259541984,
2024-08-30 08:15:00,9.057725190839694,
2024-08-30 08:30:00,9.147664122137405,
2024-08-30 08:45:00,9.217603053435116,
2024-08-30 09:00:00,9.307541984732824,
2024-08-30 09:15:00,9.397480916030531,
2024-08-30 09:30:00,9.477419847328244,
2024-08-30 09:45:00,9.527358778625954,
2024-08-30 10:00:00,9.597297709923664,
2024-08-30 10:15:00,9.647236641221374,
2024-08-30 10:30:00,9.687175572519084,
2024-08-30 10:45:00,9.727114503816791,
2024-08-30 11:00:00,9.757053435114504,
2024-08-30 11:15:00,9.766992366412214,
2024-08-30 11:30:00,9.796931297709923,
2024-08-30 11:45:00,9.786870229007633,
2024-08-30 12:00:00,9.796809160305344,
2024-08-30 12:15:00,9.806748091603051,
2024-08-30 12:30:00,9.806687022900762,
2024-08-30 12:45:00,9.796625954198474,
2024-08-30 13:00:00,9.786564885496183,
2024-08-30 13:15:00,9.796503816793892,
2024-08-30 13:30:00,9.766442748091604,
2024-08-30 13:45:00,9.716381679389311,
2024-08-30 14:00:00,9.646320610687022,
2024-08-30 14:15:00,9.586259541984733,
2024-08-30 14:30:00,9.536198473282443,
2024-08-30 14:45:00,9.486137404580152,
2024-08-30 15:00:00,9.39607633587786,
2024-08-30 15:15:00,9.306015267175573,
2024-08-30 15:30:00,9.245954198473283,
2024-08-30 15:45:00,9.155893129770991,
2024-08-30 16:00:00,9.0458320610687,
2024-08-30 16:15:00,8.955770992366412,
2024-08-30 16:30:00,8.845709923664122,
2024-08-30 16:45:00,8.745648854961832,
2024-08-30 17:00:00,8.635587786259542,
2024-08-30 17:15:00,8.565526717557251,
2024-08-30 17:30:00,8.455465648854961,
2024-08-30 17:45:00,8.355404580152673,
2024-08-30 18:00:00,8.275343511450382,
2024-08-30 18:15:00,8.185282442748091,
2024-08-30 18:30:00,8.1152213740458,
2024-08-30 18:45:00,8.015160305343512,
2024-08-30 19:00:00,7.955099236641221,
2024-08-30 19:15:00,7.885038167938932,
2024-08-30 19:30:00,7.83497709923664,
2024-08-30 19:45:00,7.784916030534351,
2024-08-30 20:00:00,7.744854961832061,
2024-08-30 20:15:00,7.724793893129771,
2024-08-30 20:30:00,7.684732824427481,
2024-08-30 20:45:00,7.684671755725191,
2024-08-30 21:00:00,7.694610687022901,
2024-08-30 21:15:00,7.704549618320611,
2024-08-30 21:30:00,7.71448854961832,
2024-08-30 21:45:00,7.724427480916031,
2024-08-30 22:00:00,7.74436641221374,
2024-08-30 22:15:00,7.78430534351145,
2024-08-30 22:30:00,7.814244274809161,
2024-08-30 22:45:00,7.82418320610687,
2024-08-30 23:00:00,7.85412213740458,
2024-08-30 23:15:00,7.86406106870229,
2024-08-30 23:30:00,7.894,
2024-08-30 23:45:00,7.91393893129771,
2024-08-31 00:00:00,7.92387786259542,
2024-08-31 00:15:00,7.94381679389313,
2024-08-31 00:30:00,7.983755725190838,
2024-08-31 00:45:00,8.00369465648855,
2024-08-31 01:00:00,8.023633587786259,
2024-08-31 01:15:00,8.04357251908397,
2024-08-31 01:30:00,8.07351145038168,
2024-08-31 01:45:00,8.103450381679389,
2024-08-31 02:00:00,8.1133893129771,
2024-08-31 02:15:00,8.143328244274809,
2024-08-31 02:30:00,8.15326717557252,
2024-08-31 02:45:00,8.163206106870229,
2024-08-31 03:00:00,8.18314503816794,
2024-08-31 03:15:00,8.213083969465648,
2024-08-31 03:30:00,8.223022900763358,
2024-08-31 03:45:00,8.25296183206107,
2024-08-31 04:00:00,8.272900763358779,
2024-08-31 04:15:00,8.282839694656488,
2024-08-31 04:30:00,8.292778625954199,
2024-08-31 04:45:00,8.312717557251908,
2024-08-31 05:00:00,8.322656488549619,
2024-08-31 05:15:00,8.352595419847328,
2024-08-31 05:30:00,8.362534351145039,
2024-08-31 05:45:00,8.382473282442747,
2024-08-31 06:00:00,8.402412213740458,
2024-08-31 06:15:00,8.422351145038169,
2024-08-31 06:30:00,8.452290076335878,
2024-08-31 06:45:00,8.502229007633588,
2024-08-31 07:00:00,8.552167938931298,
2024-08-31 07:15:00,8.602106870229008,
2024-08-31 07:30:00,8.662045801526718,
2024-08-31 07:45:00,8.741984732824427,
2024-08-31 08:00:00,8.811923664122137,
2024-08-31 08:15:00,8.901862595419848,
2024-08-31 08:30:00,8.971801526717556,
2024-08-31 08:45:00,9.061740458015269,
2024-08-31 09:00:00,9.151679389312978,
2024-08-31 09:15:00,9.221618320610686,
2024-08-31 09:30:00,9.301557251908395,
2024-08-31 09:45:00,9.361496183206109,
2024-08-31 10:00:00,9.411435114503815,
2024-08-31 10:15:00,9.461374045801524,
2024-08-31 10:30:00,9.521312977099235,
2024-08-31 10:45:00,9.551251908396946,
2024-08-31 11:00:00,9.581190839694656,
2024-08-31 11:15:00,9.611129770992369,
2024-08-31 11:30:00,9.581068702290075,
2024-08-31 11:45:00,9.611007633587786,
2024-08-31 12:00:00,9.620946564885497,
2024-08-31 12:15:00,9.630885496183206,
2024-08-31 12:30:00,9.620824427480915,
2024-08-31 12:45:00,9.610763358778629,
2024-08-31 13:00:00,9.610702290076336,
2024-08-31 13:15:00,9.590641221374046,
2024-08-31 13:30:00,9.580580152671756,
2024-08-31 13:45:00,9.520519083969466,
2024-08-31 14:00:00,9.470458015267177,
2024-08-31 14:15:00,9.430396946564883,
2024-08-31 14:30:00,9.380335877862596,
2024-08-31 14:45:00,9.310274809160305,
2024-08-31 15:00:00,9.230213740458014,
2024-08-31 15:15:00,9.150152671755729,
2024-08-31 15:30:00,9.070091603053436,
2024-08-31 15:45:00,8.960030534351144,
2024-08-31 16:00:00,8.869969465648854,
2024-08-31 16:15:00,8.779908396946565,
2024-08-31 16:30:00,8.679847328244275,
2024-08-31 16:45:00,8.569786259541985,
2024-08-31 17:00:00,8.489725190839696,
2024-08-31 17:15:00,8.389664122137404,
2024-08-31 17:30:00,8.279603053435114,
2024-08-31 17:45:00,8.209541984732825,
2024-08-31 18:00:00,8.119480916030534,
2024-08-31 18:15:00,8.039419847328244,
2024-08-31 18:30:00,7.949358778625954,
2024-08-31 18:45:00,7.869297709923664,
2024-08-31 19:00:00,7.779236641221374,
2024-08-31 19:15:00,7.7191755725190845,
2024-08-31 19:30:00,7.669114503816794,
2024-08-31 19:45:00,7.639053435114504,
2024-08-31 20:00:00,7.608992366412214,
2024-08-31 20:15:00,7.588931297709924,
2024-08-31 20:30:00,7.5788702290076335,
2024-08-31 20:45:00,7.568809160305343,
2024-08-31 21:00:00,7.568748091603053,
2024-08-31 21:15:00,7.5786870229007635,
2024-08-31 21:30:00,7.598625954198473,
2024-08-31 21:45:00,7.618564885496183,
2024-08-31 22:00:00,7.648503816793893,
2024-08-31 22:15:00,7.678442748091603,
2024-08-31 22:30:00,7.698381679389313,
2024-08-31 22:45:00,7.728320610687023,
2024-08-31 23:00:00,7.748259541984733,
2024-08-31 23:15:00,7.778198473282442,
2024-08-31 23:30:00,7.798137404580153,
2024-08-31 23:45:00,7.828076335877863,
2024-09-01 00:00:00,7.858015267175572,
2024-09-01 00:15:00,7.877954198473283,
2024-09-01 00:30:00,7.917893129770992,
2024-09-01 00:45:00,7.9278320610687025,
2024-09-01 01:00:00,7.947770992366412,
2024-09-01 01:15:00,7.967709923664121,
2024-09-01 01:30:00,7.997648854961833,
2024-09-01 01:45:00,8.027587786259542,
2024-09-01 02:00:00,8.04752671755725,
2024-09-01 02:15:00,8.057465648854961,
2024-09-01 02:30:00,8.077404580152672,
2024-09-01 02:45:00,8.097343511450381,
2024-09-01 03:00:00,8.107282442748092,
2024-09-01 03:15:00,8.127221374045801,
2024-09-01 03:30:00,8.147160305343512,
2024-09-01 03:45:00,8.177099236641222,
2024-09-01 04:00:00,8.167038167938932,
2024-09-01 04:15:00,8.176977099236641,
2024-09-01 04:30:00,8.206916030534352,
2024-09-01 04:45:00,8.22685496183206,
2024-09-01 05:00:00,8.236793893129772,
2024-09-01 05:15:00,8.236732824427481,
2024-09-01 05:30:00,8.256671755725192,
2024-09-01 05:45:00,8.2766106870229,
2024-09-01 06:00:00,8.28654961832061,
2024-09-01 06:15:00,8.30648854961832,
2024-09-01 06:30:00,8.326427480916031,
2024-09-01 06:45:00,8.35636641221374,
2024-09-01 07:00:00,8.396305343511452,
2024-09-01 07:15:00,8.44624427480916,
2024-09-01 07:30:00,8.51618320610687,
2024-09-01 07:45:00,8.57612213740458,
2024-09-01 08:00:00,8.646061068702291,
2024-09-01 08:15:00,8.736,
2024-09-01 08:30:00,8.805938931297709,
2024-09-01 08:45:00,8.895877862595421,
2024-09-01 09:00:00,8.96581679389313,
2024-09-01 09:15:00,9.055755725190838,
2024-09-01 09:30:00,9.10569465648855,
2024-09-01 09:45:00,9.18563358778626,
2024-09-01 10:00:00,9.215572519083969,
2024-09-01 10:15:00,9.275511450381678,
2024-09-01 10:30:00,9.33545038167939,
2024-09-01 10:45:00,9.3753893129771,
2024-09-01 11:00:00,9.39532824427481,
2024-09-01 11:15:00,9.42526717557252,
2024-09-01 11:30:00,9.455206106870229,
2024-09-01 11:45:00,9.475145038167938,
2024-09-01 12:00:00,9.49508396946565,
2024-09-01 12:15:00,9.50502290076336,
2024-09-01 12:30:00,9.494961832061067,
2024-09-01 12:45:00,9.494900763358778,
2024-09-01 13:00:00,9.48483969465649,
2024-09-01 13:15:00,9.4847786259542,
2024-09-01 13:30:00,9.464717557251909,
2024-09-01 13:45:00,9.42465648854962,
2024-09-01 14:00:00,9.374595419847328,
2024-09-01 14:15:00,9.314534351145038,
2024-09-01 14:30:00,9.24447328244275,
2024-09-01 14:45:00,9.184412213740458,
2024-09-01 15:00:00,9.114351145038167,
2024-09-01 15:15:00,9.044290076335876,
2024-09-01 15:30:00,8.934229007633588,
2024-09-01 15:45:00,8.824167938931298,
2024-09-01 16:00:00,8.714106870229006,
2024-09-01 16:15:00,8.654045801526719,
2024-09-01 16:30:00,8.563984732824428,
2024-09-01 16:45:00,8.463923664122136,
2024-09-01 17:00:00,8.363862595419848,
2024-09-01 17:15:00,8.243801526717558,
2024-09-01 17:30:00,8.163740458015267,
2024-09-01 17:45:00,8.053679389312975,
2024-09-01 18:00:00,7.983618320610688,
2024-09-01 18:15:00,7.913557251908397,
2024-09-01 18:30:00,7.833496183206107,
2024-09-01 18:45:00,7.773435114503816,
2024-09-01 19:00:00,7.703374045801526,
2024-09-01 19:15:00,7.653312977099237,
2024-09-01 19:30:00,7.593251908396947,
2024-09-01 19:45:00,7.563190839694656,
2024-09-01 20:00:00,7.523129770992366,
2024-09-01 20:15:00,7.483068702290076,
2024-09-01 20:30:00,7.473007633587787,
2024-09-01 20:45:00,7.482946564885496,
2024-09-01 21:00:00,7.482885496183206,
2024-09-01 21:15:00,7.492824427480915,
2024-09-01 21:30:00,7.512763358778626,
2024-09-01 21:45:00,7.532702290076336,
2024-09-01 22:00:00,7.562641221374045,
2024-09-01 22:15:00,7.582580152671756,
2024-09-01 22:30:00,7.602519083969465,
2024-09-01 22:45:00,7.632458015267176,
2024-09-01 23:00:00,7.672396946564886,
2024-09-01 23:15:00,7.702335877862595,
2024-09-01 23:30:00,7.732274809160305,
2024-09-01 23:45:00,7.762213740458015,
2024-09-02 00:00:00,7.792152671755725,
2024-09-02 00:15:00,7.822091603053435,
2024-09-02 00:30:00,7.842030534351145,
2024-09-02 00:45:00,7.851969465648855,
2024-09-02 01:00:00,7.881908396946565,
2024-09-02 01:15:00,7.901847328244275,
2024-09-02 01:30:00,7.921786259541985,
2024-09-02 01:45:00,7.951725190839694,
2024-09-02 02:00:00,7.971664122137404,
2024-09-02 02:15:00,7.991603053435115,
2024-09-02 02:30:00,8.001541984732825,
2024-09-02 02:45:00,8.021480916030534,
2024-09-02 03:00:00,8.031419847328245,
2024-09-02 03:15:00,8.041358778625954,
2024-09-02 03:30:00,8.061297709923664,
2024-09-02 03:45:00,8.071236641221375,
2024-09-02 04:00:00,8.091175572519084,
2024-09-02 04:15:00,8.101114503816794,
2024-09-02 04:30:00,8.101053435114503,
2024-09-02 04:45:00,8.110992366412214,
2024-09-02 05:00:00,8.140931297709924,
2024-09-02 05:15:00,8.140870229007634,
2024-09-02 05:30:00,8.140809160305345,
2024-09-02 05:45:00,8.160748091603054,
2024-09-02 06:00:00,8.190687022900763,
2024-09-02 06:15:00,8.200625954198474,
2024-09-02 06:30:00,8.230564885496184,
2024-09-02 06:45:00,8.260503816793893,
2024-09-02 07:00:00,8.290442748091602,
2024-09-02 07:15:00,8.350381679389313,
2024-09-02 07:30:00,8.420320610687023,
2024-09-02 07:45:00,8.480259541984733,
2024-09-02 08:00:00,8.570198473282444,
2024-09-02 08:15:00,8.620137404580152,
2024-09-02 08:30:00,8.700076335877862,
2024-09-02 08:45:00,8.820015267175574,
2024-09-02 09:00:00,8.909954198473283,
2024-09-02 09:15:00,9.069893129770993,
2024-09-02 09:30:00,9.1798320610687,
2024-09-02 09:45:00,9.279770992366412,
2024-09-02 10:00:00,9.349709923664122,
2024-09-02 10:15:00,9.36964885496183,
2024-09-02 10:30:00,9.389587786259543,
2024-09-02 10:45:00,9.439526717557252,
2024-09-02 11:00:00,9.489465648854962,
2024-09-02 11:15:00,9.529404580152672,
2024-09-02 11:30:00,9.569343511450382,
2024-09-02 11:45:00,9.599282442748091,
2024-09-02 12:00:00,9.609221374045802,
2024-09-02 12:15:00,9.619160305343511,
2024-09-02 12:30:00,9.60909923664122,
2024-09-02 12:45:00,9.559038167938931,
2024-09-02 13:00:00,9.518977099236642,
2024-09-02 13:15:00,9.478916030534352,
2024-09-02 13:30:00,9.42885496183206,
2024-09-02 13:45:00,9.378793893129773,
2024-09-02 14:00:00,9.308732824427482,
2024-09-02 14:15:00,9.20867175572519,
2024-09-02 14:30:00,9.098610687022902,
2024-09-02 14:45:00,9.058549618320612,
2024-09-02 15:00:00,9.02848854961832,
2024-09-02 15:15:00,8.94842748091603,
2024-09-02 15:30:00,8.87836641221374,
2024-09-02 15:45:00,8.818305343511451,
2024-09-02 16:00:00,8.83824427480916,
2024-09-02 16:15:00,8.728183206106872,
2024-09-02 16:30:00,8.558122137404581,
2024-09-02 16:45:00,8.36806106870229,
2024-09-02 17:00:00,8.228000000000002,
2024-09-02 17:15:00,8.10793893129771,
2024-09-02 17:30:00,8.037877862595419,
2024-09-02 17:45:00,7.977816793893131,
2024-09-02 18:00:00,7.86775572519084,
2024-09-02 18:15:00,7.74769465648855,
2024-09-02 18:30:00,7.66763358778626,
2024-09-02 18:45:00,7.567572519083969,
2024-09-02 19:00:00,7.46751145038168,
2024-09-02 19:15:00,7.37745038167939,
2024-09-02 19:30:00,7.317389312977099,
2024-09-02 19:45:00,7.2573282442748095,
2024-09-02 20:00:00,7.227267175572519,
2024-09-02 20:15:00,7.217206106870229,
2024-09-02 20:30:00,7.197145038167939,
2024-09-02 20:45:00,7.167083969465649,
2024-09-02 21:00:00,7.167022900763359,
2024-09-02 21:15:00,7.166961832061069,
2024-09-02 21:30:00,7.176900763358779,
2024-09-02 21:45:00,7.236839694656489,
2024-09-02 22:00:00,7.326778625954199,
2024-09-02 22:15:00,7.366717557251909,
2024-09-02 22:30:00,7.386656488549618,
2024-09-02 22:45:00,7.406595419847329,
2024-09-02 23:00:00,7.416534351145039,
2024-09-02 23:15:00,7.436473282442748,
2024-09-02 23:30:00,7.466412213740458,
2024-09-02 23:45:00,7.486351145038167,
2024-09-03 00:00:00,7.486290076335877,
2024-09-03 00:15:00,7.506229007633588,
2024-09-03 00:30:00,7.506167938931298,
2024-09-03 00:45:00,7.516106870229008,
2024-09-03 01:00:00,7.536045801526717,
2024-09-03 01:15:00,7.545984732824428,
2024-09-03 01:30:00,7.5659236641221375,
2024-09-03 01:45:00,7.585862595419847,
2024-09-03 02:00:00,7.605801526717557,
2024-09-03 02:15:00,7.615740458015267,
2024-09-03 02:30:00,7.635679389312977,
2024-09-03 02:45:00,7.645618320610687,
2024-09-03 03:00:00,7.675557251908397,
2024-09-03 03:15:00,7.675496183206107,
2024-09-03 03:30:00,7.675435114503816,
2024-09-03 03:45:00,7.695374045801526,
2024-09-03 04:00:00,7.705312977099237,
2024-09-03 04:15:00,7.695251908396946,
2024-09-03 04:30:00,7.705190839694657,
2024-09-03 04:45:00,7.735129770992366,
2024-09-03 05:00:00,7.725068702290076,
2024-09-03 05:15:00,7.735007633587786,
2024-09-03 05:30:00,7.754946564885496,
2024-09-03 05:45:00,7.764885496183206,
2024-09-03 06:00:00,7.774824427480915,
2024-09-03 06:15:00,7.794763358778626,
2024-09-03 06:30:00,7.834702290076336,
2024-09-03 06:45:00,7.884641221374045,
2024-09-03 07:00:00,7.924580152671756,
2024-09-03 07:15:00,7.974519083969466,
2024-09-03 07:30:00,8.014458015267175,
2024-09-03 07:45:00,8.094396946564885,
2024-09-03 08:00:00,8.154335877862597,
2024-09-03 08:15:00,8.234274809160306,
2024-09-03 08:30:00,8.324213740458015,
2024-09-03 08:45:00,8.404152671755726,
2024-09-03 09:00:00,8.454091603053435,
2024-09-03 09:15:00,8.564030534351145,
2024-09-03 09:30:00,8.633969465648855,
2024-09-03 09:45:00,8.683908396946565,
2024-09-03 10:00:00,8.753847328244275,
2024-09-03 10:15:00,8.803786259541985,
2024-09-03 10:30:00,8.843725190839695,
2024-09-03 10:45:00,8.893664122137405,
2024-09-03 11:00:00,8.923603053435114,
2024-09-03 11:15:00,8.953541984732825,
2024-09-03 11:30:00,8.973480916030535,
2024-09-03 11:45:00,8.973419847328245,
2024-09-03 12:00:00,9.023358778625951,
2024-09-03 12:15:00,9.043297709923664,
2024-09-03 12:30:00,9.043236641221371,
2024-09-03 12:45:00,9.073175572519084,
2024-09-03 13:00:00,9.073114503816797,
2024-09-03 13:15:00,9.073053435114504,
2024-09-03 13:30:00,9.052992366412214,
2024-09-03 13:45:00,9.032931297709924,
2024-09-03 14:00:00,8.972870229007635,
2024-09-03 14:15:00,8.922809160305343,
2024-09-03 14:30:00,8.852748091603052,
2024-09-03 14:45:00,8.772687022900763,
2024-09-03 15:00:00,8.742625954198473,
2024-09-03 15:15:00,8.662564885496183,
2024-09-03 15:30:00,8.582503816793894,
2024-09-03 15:45:00,8.512442748091603,
2024-09-03 16:00:00,8.442381679389312,
2024-09-03 16:15:00,8.392320610687024,
2024-09-03 16:30:00,8.312259541984734,
2024-09-03 16:45:00,8.212198473282442,
2024-09-03 17:00:00,8.152137404580152,
2024-09-03 17:15:00,8.142076335877864,
2024-09-03 17:30:00,8.082015267175573,
2024-09-03 17:45:00,8.001954198473282,
2024-09-03 18:00:00,7.901893129770992,
2024-09-03 18:15:00,7.8318320610687024,
2024-09-03 18:30:00,7.771770992366412,
2024-09-03 18:45:00,7.701709923664122,
2024-09-03 19:00:00,7.631648854961832,
2024-09-03 19:15:00,7.571587786259542,
2024-09-03 19:30:00,7.5215267175572516,
2024-09-03 19:45:00,7.471465648854962,
2024-09-03 20:00:00,7.431404580152671,
2024-09-03 20:15:00,7.381343511450382,
2024-09-03 20:30:00,7.361282442748092,
2024-09-03 20:45:00,7.351221374045801,
2024-09-03 21:00:00,7.371160305343512,
2024-09-03 21:15:00,7.381099236641221,
2024-09-03 21:30:00,7.411038167938932,
2024-09-03 21:45:00,7.430977099236641,
2024-09-03 22:00:00,7.460916030534351,
2024-09-03 22:15:00,7.480854961832061,
2024-09-03 22:30:00,7.510793893129771,
2024-09-03 22:45:00,7.550732824427481,
2024-09-03 23:00:00,7.570671755725191,
2024-09-03 23:15:00,7.590610687022901,
2024-09-03 23:30:00,7.610549618320611,
2024-09-03 23:45:00,7.63048854961832,
2024-09-04 00:00:00,7.650427480916031,
2024-09-04 00:15:00,7.67036641221374,
2024-09-04 00:30:00,7.69030534351145,
2024-09-04 00:45:00,7.700244274809161,
2024-09-04 01:00:00,7.72018320610687,
2024-09-04 01:15:00,7.75012213740458,
2024-09-04 01:30:00,7.770061068702289,
2024-09-04 01:45:00,7.78,
2024-09-04 02:00:00,7.7799389312977105,
2024-09-04 02:15:00,7.809877862595419,
2024-09-04 02:30:00,7.81981679389313,
2024-09-04 02:45:00,7.839755725190839,
2024-09-04 03:00:00,7.849694656488549,
2024-09-04 03:15:00,7.86963358778626,
2024-09-04 03:30:00,7.879572519083969,
2024-09-04 03:45:00,7.889511450381679,
2024-09-04 04:00:00,7.90945038167939,
2024-09-04 04:15:00,7.909389312977099,
2024-09-04 04:30:00,7.939328244274809,
2024-09-04 04:45:00,7.949267175572518,
2024-09-04 05:00:00,7.959206106870228,
2024-09-04 05:15:00,7.96914503816794,
2024-09-04 05:30:00,7.989083969465649,
2024-09-04 05:45:00,7.999022900763359,
2024-09-04 06:00:00,7.9989618320610685,
2024-09-04 06:15:00,8.038900763358777,
2024-09-04 06:30:00,8.05883969465649,
2024-09-04 06:45:00,8.098778625954198,
2024-09-04 07:00:00,8.128717557251909,
2024-09-04 07:15:00,8.198656488549618,
2024-09-04 07:30:00,8.248595419847328,
2024-09-04 07:45:00,8.318534351145038,
2024-09-04 08:00:00,8.408473282442749,
2024-09-04 08:15:00,8.518412213740458,
2024-09-04 08:30:00,8.578351145038168,
2024-09-04 08:45:00,8.688290076335877,
2024-09-04 09:00:00,8.778229007633588,
2024-09-04 09:15:00,8.888167938931298,
2024-09-04 09:30:00,8.978106870229007,
2024-09-04 09:45:00,9.04804580152672,
2024-09-04 10:00:00,9.127984732824428,
2024-09-04 10:15:00,9.207923664122136,
2024-09-04 10:30:00,9.267862595419848,
2024-09-04 10:45:00,9.307801526717558,
2024-09-04 11:00:00,9.357740458015266,
2024-09-04 11:15:00,9.407679389312978,
2024-09-04 11:30:00,9.457618320610688,
2024-09-04 11:45:00,9.487557251908395,
2024-09-04 12:00:00,9.497496183206106,
2024-09-04 12:15:00,9.537435114503817,
2024-09-04 12:30:00,9.547374045801527,
2024-09-04 12:45:00,9.557312977099237,
2024-09-04 13:00:00,9.537251908396946,
2024-09-04 13:15:00,9.517190839694656,
2024-09-04 13:30:00,9.487129770992366,
2024-09-04 13:45:00,9.557068702290078,
2024-09-04 14:00:00,9.517007633587786,
2024-09-04 14:15:00,9.456946564885495,
2024-09-04 14:30:00,9.376885496183206,
2024-09-04 14:45:00,9.296824427480916,
2024-09-04 15:00:00,9.206763358778623,
2024-09-04 15:15:00,9.126702290076336,
2024-09-04 15:30:00,9.066641221374049,
2024-09-04 15:45:00,9.006580152671756,
2024-09-04 16:00:00,8.946519083969465,
2024-09-04 16:15:00,8.896458015267177,
2024-09-04 16:30:00,8.826396946564886,
2024-09-04 16:45:00,8.746335877862595,
2024-09-04 17:00:00,8.646274809160305,
2024-09-04 17:15:00,8.576213740458016,
2024-09-04 17:30:00,8.486152671755725,
2024-09-04 17:45:00,8.426091603053434,
2024-09-04 18:00:00,8.366030534351145,
2024-09-04 18:15:00,8.285969465648854,
2024-09-04 18:30:00,8.185908396946564,
2024-09-04 18:45:00,8.075847328244276,
2024-09-04 19:00:00,7.9757862595419855,
2024-09-04 19:15:00,7.895725190839695,
2024-09-04 19:30:00,7.815664122137405,
2024-09-04 19:45:00,7.755603053435115,
2024-09-04 20:00:00,7.755541984732824,
2024-09-04 20:15:00,7.765480916030534,
2024-09-04 20:30:00,7.765419847328244,
2024-09-04 20:45:00,7.755358778625954,
2024-09-04 21:00:00,7.755297709923664,
2024-09-04 21:15:00,7.755236641221374,
2024-09-04 21:30:00,7.7751755725190845,
2024-09-04 21:45:00,7.785114503816794,
2024-09-04 22:00:00,7.815053435114504,
2024-09-04 22:15:00,7.834992366412214,
2024-09-04 22:30:00,7.864931297709924,
2024-09-04 22:45:00,7.874870229007634,
2024-09-04 23:00:00,7.904809160305343,
2024-09-04 23:15:00,7.924748091603053,
2024-09-04 23:30:00,7.944687022900763,
2024-09-04 23:45:00,7.964625954198474,
2024-09-05 00:00:00,7.974564885496184,
2024-09-05 00:15:00,7.994503816793893,
2024-09-05 00:30:00,8.014442748091602,
2024-09-05 00:45:00,8.024381679389313,
2024-09-05 01:00:00,8.044320610687024,
2024-09-05 01:15:00,8.054259541984733,
2024-09-05 01:30:00,8.074198473282443,
2024-09-05 01:45:00,8.104137404580152,
2024-09-05 02:00:00,8.124076335877863,
2024-09-05 02:15:00,8.124015267175574,
2024-09-05 02:30:00,8.143954198473283,
2024-09-05 02:45:00,8.163893129770992,
2024-09-05 03:00:00,8.173832061068701,
2024-09-05 03:15:00,8.173770992366412,
2024-09-05 03:30:00,8.213709923664123,
2024-09-05 03:45:00,8.223648854961832,
2024-09-05 04:00:00,8.233587786259543,
2024-09-05 04:15:00,8.253526717557252,
2024-09-05 04:30:00,8.253465648854961,
2024-09-05 04:45:00,8.243404580152673,
2024-09-05 05:00:00,8.283343511450381,
2024-09-05 05:15:00,8.27328244274809,
2024-09-05 05:30:00,8.283221374045802,
2024-09-05 05:45:00,8.313160305343512,
2024-09-05 06:00:00,8.313099236641222,
2024-09-05 06:15:00,8.33303816793893,
2024-09-05 06:30:00,8.342977099236641,
2024-09-05 06:45:00,8.382916030534352,
2024-09-05 07:00:00,8.42285496183206,
2024-09-05 07:15:00,8.472793893129772,
2024-09-05 07:30:00,8.52273282442748,
2024-09-05 07:45:00,8.60267175572519,
2024-09-05 08:00:00,8.662610687022902,
2024-09-05 08:15:00,8.742549618320611,
2024-09-05 08:30:00,8.81248854961832,
2024-09-05 08:45:00,8.89242748091603,
2024-09-05 09:00:00,8.982366412213741,
2024-09-05 09:15:00,9.03230534351145,
2024-09-05 09:30:00,9.10224427480916,
2024-09-05 09:45:00,9.132183206106872,
2024-09-05 10:00:00,9.19212213740458,
2024-09-05 10:15:00,9.23206106870229,
2024-09-05 10:30:00,9.262,
2024-09-05 10:45:00,9.291938931297713,
2024-09-05 11:00:00,9.32187786259542,
2024-09-05 11:15:00,9.331816793893127,
2024-09-05 11:30:00,9.35175572519084,
2024-09-05 11:45:00,9.361694656488549,
2024-09-05 12:00:00,9.37163358778626,
2024-09-05 12:15:00,9.39157251908397,
2024-09-05 12:30:00,9.37151145038168,
2024-09-05 12:45:00,9.37145038167939,
2024-09-05 13:00:00,9.3513893129771,
2024-09-05 13:15:00,9.31132824427481,
2024-09-05 13:30:00,9.29126717557252,
2024-09-05 13:45:00,9.251206106870228,
2024-09-05 14:00:00,9.19114503816794,
2024-09-05 14:15:00,9.151083969465647,
2024-09-05 14:30:00,9.081022900763358,
2024-09-05 14:45:00,9.06096183206107,
2024-09-05 15:00:00,9.010900763358778,
2024-09-05 15:15:00,8.930839694656488,
2024-09-05 15:30:00,8.860778625954199,
2024-09-05 15:45:00,8.770717557251908,
2024-09-05 16:00:00,8.710656488549619,
2024-09-05 16:15:00,8.620595419847328,
2024-09-05 16:30:00,8.520534351145038,
2024-09-05 16:45:00,8.410473282442748,
2024-09-05 17:00:00,8.300412213740458,
2024-09-05 17:15:00,8.240351145038169,
2024-09-05 17:30:00,8.180290076335877,
2024-09-05 17:45:00,8.110229007633587,
2024-09-05 18:00:00,8.100167938931298,
2024-09-05 18:15:00,8.090106870229008,
2024-09-05 18:30:00,8.050045801526718,
2024-09-05 18:45:00,7.979984732824428,
2024-09-05 19:00:00,7.909923664122138,
2024-09-05 19:15:00,7.839862595419847,
2024-09-05 19:30:00,7.809801526717558,
2024-09-05 19:45:00,7.789740458015267,
2024-09-05 20:00:00,7.779679389312977,
2024-09-05 20:15:00,7.759618320610687,
2024-09-05 20:30:00,7.729557251908397,
2024-09-05 20:45:00,7.749496183206107,
2024-09-05 21:00:00,7.749435114503816,
2024-09-05 21:15:00,7.769374045801527,
2024-09-05 21:30:00,7.779312977099237,
2024-09-05 21:45:00,7.789251908396946,
2024-09-05 22:00:00,7.809190839694657,
2024-09-05 22:15:00,7.829129770992366,
2024-09-05 22:30:00,7.839068702290076,
2024-09-05 22:45:00,7.859007633587787,
2024-09-05 23:00:00,7.898946564885496,
2024-09-05 23:15:00,7.918885496183206,
2024-09-05 23:30:00,7.928824427480915,
2024-09-05 23:45:00,7.9287633587786255,
2024-09-06 00:00:00,7.968702290076337,
2024-09-06 00:15:00,7.978641221374046,
2024-09-06 00:30:00,8.008580152671755,
2024-09-06 00:45:00,8.028519083969465,
2024-09-06 01:00:00,8.038458015267176,
2024-09-06 01:15:00,8.058396946564885,
2024-09-06 01:30:00,8.068335877862596,
2024-09-06 01:45:00,8.078274809160305,
2024-09-06 02:00:00,8.098213740458014,
2024-09-06 02:15:00,8.098152671755726,
2024-09-06 02:30:00,8.118091603053436,
2024-09-06 02:45:00,8.128030534351145,
2024-09-06 03:00:00,8.147969465648854,
2024-09-06 03:15:00,8.137908396946566,
2024-09-06 03:30:00,8.157847328244275,
2024-09-06 03:45:00,8.177786259541984,
2024-09-06 04:00:00,8.177725190839695,
2024-09-06 04:15:00,8.207664122137405,
2024-09-06 04:30:00,8.207603053435115,
2024-09-06 04:45:00,8.207541984732826,
2024-09-06 05:00:00,8.227480916030535,
2024-09-06 05:15:00,8.227419847328244,
2024-09-06 05:30:00,8.257358778625953,
2024-09-06 05:45:00,8.277297709923664,
2024-09-06 06:00:00,8.277236641221373,
2024-09-06 06:15:00,8.287175572519084,
2024-09-06 06:30:00,8.307114503816795,
2024-09-06 06:45:00,8.337053435114504,
2024-09-06 07:00:00,8.366992366412214,
2024-09-06 07:15:00,8.406931297709924,
2024-09-06 07:30:00,8.466870229007634,
2024-09-06 07:45:00,8.536809160305344,
2024-09-06 08:00:00,8.586748091603052,
2024-09-06 08:15:00,8.656687022900764,
2024-09-06 08:30:00,8.706625954198474,
2024-09-06 08:45:00,8.776564885496182,
2024-09-06 09:00:00,8.826503816793894,
2024-09-06 09:15:00,8.936442748091602,
2024-09-06 09:30:00,8.986381679389313,
2024-09-06 09:45:00,9.016320610687025,
2024-09-06 10:00:00,9.076259541984731,
2024-09-06 10:15:00,9.106198473282442,
2024-09-06 10:30:00,9.136137404580152,
2024-09-06 10:45:00,9.176076335877864,
2024-09-06 11:00:00,9.206015267175571,
2024-09-06 11:15:00,9.235954198473282,
2024-09-06 11:30:00,9.245893129770993,
2024-09-06 11:45:00,9.265832061068702,
2024-09-06 12:00:00,9.265770992366413,
2024-09-06 12:15:00,9.295709923664123,
2024-09-06 12:30:00,9.295648854961833,
2024-09-06 12:45:00,9.295587786259542,
2024-09-06 13:00:00,9.295526717557252,
2024-09-06 13:15:00,9.295465648854965,
2024-09-06 13:30:00,9.255404580152671,
2024-09-06 13:45:00,9.21534351145038,
2024-09-06 14:00:00,9.155282442748092,
2024-09-06 14:15:00,9.065221374045802,
2024-09-06 14:30:00,8.99516030534351,
2024-09-06 14:45:00,8.955099236641223,
2024-09-06 15:00:00,8.895038167938932,
2024-09-06 15:15:00,8.814977099236641,
2024-09-06 15:30:00,8.754916030534352,
2024-09-06 15:45:00,8.674854961832061,
2024-09-06 16:00:00,8.60479389312977,
2024-09-06 16:15:00,8.51473282442748,
2024-09-06 16:30:00,8.43467175572519,
2024-09-06 16:45:00,8.3546106870229,
2024-09-06 17:00:00,8.30454961832061,
2024-09-06 17:15:00,8.224488549618322,
2024-09-06 17:30:00,8.15442748091603,
2024-09-06 17:45:00,8.10436641221374,
2024-09-06 18:00:00,8.034305343511452,
2024-09-06 18:15:00,7.99424427480916,
2024-09-06 18:30:00,7.924183206106869,
2024-09-06 18:45:00,7.86412213740458,
2024-09-06 19:00:00,7.82406106870229,
2024-09-06 19:15:00,7.784,
2024-09-06 19:30:00,7.73393893129771,
2024-09-06 19:45:00,7.703877862595419,
2024-09-06 20:00:00,7.68381679389313,
2024-09-06 20:15:00,7.663755725190839,
2024-09-06 20:30:00,7.673694656488549,
2024-09-06 20:45:00,7.673633587786259,
2024-09-06 21:00:00,7.693572519083969,
2024-09-06 21:15:00,7.69351145038168,
2024-09-06 21:30:00,7.713450381679389,
2024-09-06 21:45:00,7.713389312977099,
2024-09-06 22:00:00,7.72332824427481,
2024-09-06 22:15:00,7.753267175572518,
2024-09-06 22:30:00,7.763206106870229,
2024-09-06 22:45:00,7.7731450381679394,
2024-09-06 23:00:00,7.793083969465648,
2024-09-06 23:15:00,7.803022900763359,
2024-09-06 23:30:00,7.8129618320610685,
2024-09-06 23:45:00,7.822900763358779,
2024-09-07 00:00:00,7.832839694656489,
2024-09-07 00:15:00,7.8527786259541985,
2024-09-07 00:30:00,7.872717557251908,
2024-09-07 00:45:00,7.892656488549618,
2024-09-07 01:00:00,7.902595419847328,
2024-09-07 01:15:00,7.922534351145038,
2024-09-07 01:30:00,7.9224732824427475,
2024-09-07 01:45:00,7.962412213740459,
2024-09-07 02:00:00,7.972351145038168,
2024-09-07 02:15:00,7.982290076335878,
2024-09-07 02:30:00,8.002229007633588,
2024-09-07 02:45:00,8.012167938931297,
2024-09-07 03:00:00,8.022106870229006,
2024-09-07 03:15:00,8.032045801526719,
2024-09-07 03:30:00,8.031984732824428,
2024-09-07 03:45:00,8.051923664122137,
2024-09-07 04:00:00,8.051862595419848,
2024-09-07 04:15:00,8.051801526717558,
2024-09-07 04:30:00,8.071740458015267,
2024-09-07 04:45:00,8.081679389312978,
2024-09-07 05:00:00,8.091618320610687,
2024-09-07 05:15:00,8.101557251908396,
2024-09-07 05:30:00,8.111496183206107,
2024-09-07 05:45:00,8.121435114503818,
2024-09-07 06:00:00,8.121374045801527,
2024-09-07 06:15:00,8.151312977099236,
2024-09-07 06:30:00,8.181251908396947,
2024-09-07 06:45:00,8.201190839694657,
2024-09-07 07:00:00,8.221129770992366,
2024-09-07 07:15:00,8.261068702290077,
2024-09-07 07:30:00,8.321007633587787,
2024-09-07 07:45:00,8.400946564885496,
2024-09-07 08:00:00,8.440885496183204,
2024-09-07 08:15:00,8.500824427480916,
2024-09-07 08:30:00,8.590763358778625,
2024-09-07 08:45:00,8.670702290076335,
2024-09-07 09:00:00,8.720641221374047,
2024-09-07 09:15:00,8.790580152671756,
2024-09-07 09:30:00,8.860519083969466,
2024-09-07 09:45:00,8.910458015267176,
2024-09-07 10:00:00,8.970396946564886,
2024-09-07 10:15:00,9.000335877862595,
2024-09-07 10:30:00,9.060274809160305,
2024-09-07 10:45:00,9.090213740458015,
2024-09-07 11:00:00,9.140152671755724,
2024-09-07 11:15:00,9.160091603053434,
2024-09-07 11:30:00,9.170030534351143,
2024-09-07 11:45:00,9.199969465648856,
2024-09-07 12:00:00,9.219908396946565,
2024-09-07 12:15:00,9.229847328244276,
2024-09-07 12:30:00,9.249786259541985,
2024-09-07 12:45:00,9.229725190839694,
2024-09-07 13:00:00,9.229664122137404,
2024-09-07 13:15:00,9.229603053435117,
2024-09-07 13:30:00,9.199541984732823,
2024-09-07 13:45:00,9.199480916030534,
2024-09-07 14:00:00,9.149419847328245,
2024-09-07 14:15:00,9.099358778625954,
2024-09-07 14:30:00,9.049297709923664,
2024-09-07 14:45:00,8.989236641221375,
2024-09-07 15:00:00,8.929175572519084,
2024-09-07 15:15:00,8.859114503816794,
2024-09-07 15:30:00,8.779053435114504,
2024-09-07 15:45:00,8.718992366412214,
2024-09-07 16:00:00,8.638931297709924,
2024-09-07 16:15:00,8.568870229007633,
2024-09-07 16:30:00,8.498809160305344,
2024-09-07 16:45:00,8.418748091603053,
2024-09-07 17:00:00,8.348687022900762,
2024-09-07 17:15:00,8.278625954198475,
2024-09-07 17:30:00,8.208564885496184,
2024-09-07 17:45:00,8.108503816793894,
2024-09-07 18:00:00,8.058442748091602,
2024-09-07 18:15:00,8.028381679389314,
2024-09-07 18:30:00,7.968320610687023,
2024-09-07 18:45:00,7.898259541984733,
2024-09-07 19:00:00,7.828198473282442,
2024-09-07 19:15:00,7.768137404580153,
2024-09-07 19:30:00,7.718076335877863,
2024-09-07 19:45:00,7.688015267175572,
2024-09-07 20:00:00,7.667954198473282,
2024-09-07 20:15:00,7.647893129770992,
2024-09-07 20:30:00,7.647832061068702,
2024-09-07 20:45:00,7.627770992366413,
2024-09-07 21:00:00,7.647709923664122,
2024-09-07 21:15:00,7.657648854961832,
2024-09-07 21:30:00,7.687587786259542,
2024-09-07 21:45:00,7.697526717557252,
2024-09-07 22:00:00,7.707465648854962,
2024-09-07 22:15:00,7.727404580152672,
2024-09-07 22:30:00,7.737343511450382,
2024-09-07 22:45:00,7.7572824427480915,
2024-09-07 23:00:00,7.777221374045801,
2024-09-07 23:15:00,7.797160305343512,
2024-09-07 23:30:00,7.797099236641221,
2024-09-07 23:45:00,7.807038167938932,
2024-09-08 00:00:00,7.836977099236641,
2024-09-08 00:15:00,7.856916030534351,
2024-09-08 00:30:00,7.856854961832061,
2024-09-08 00:45:00,7.876793893129771,
2024-09-08 01:00:00,7.896732824427481,
2024-09-08 01:15:00,7.90667175572519,
2024-09-08 01:30:00,7.9266106870229,
2024-09-08 01:45:00,7.92654961832061,
2024-09-08 02:00:00,7.946488549618321,
2024-09-08 02:15:00,7.966427480916031,
2024-09-08 02:30:00,7.96636641221374,
2024-09-08 02:45:00,7.98630534351145,
2024-09-08 03:00:00,7.99624427480916,
2024-09-08 03:15:00,8.00618320610687,
2024-09-08 03:30:00,8.026122137404581,
2024-09-08 03:45:00,8.03606106870229,
2024-09-08 04:00:00,8.046000000000001,
2024-09-08 04:15:00,8.04593893129771,
2024-09-08 04:30:00,8.06587786259542,
2024-09-08 04:45:00,8.095816793893128,
2024-09-08 05:00:00,8.08575572519084,
2024-09-08 05:15:00,8.085694656488549,
2024-09-08 05:30:00,8.11563358778626,
2024-09-08 05:45:00,8.12557251908397,
2024-09-08 06:00:00,8.12551145038168,
2024-09-08 06:15:00,8.135450381679389,
2024-09-08 06:30:00,8.1653893129771,
2024-09-08 06:45:00,8.175328244274809,
2024-09-08 07:00:00,8.225267175572519,
2024-09-08 07:15:00,8.255206106870228,
2024-09-08 07:30:00,8.335145038167939,
2024-09-08 07:45:00,8.425083969465648,
2024-09-08 08:00:00,8.485022900763358,
2024-09-08 08:15:00,8.53496183206107,
2024-09-08 08:30:00,8.61490076335878,
2024-09-08 08:45:00,8.694839694656489,
2024-09-08 09:00:00,8.7247786259542,
2024-09-08 09:15:00,8.744717557251908,
2024-09-08 09:30:00,8.844656488549617,
2024-09-08 09:45:00,8.894595419847327,
2024-09-08 10:00:00,8.934534351145038,
2024-09-08 10:15:00,8.974473282442748,
2024-09-08 10:30:00,9.084412213740457,
2024-09-08 10:45:00,9.144351145038168,
2024-09-08 11:00:00,9.214290076335878,
2024-09-08 11:15:00,9.294229007633588,
2024-09-08 11:30:00,9.314167938931298,
2024-09-08 11:45:00,9.334106870229007,
2024-09-08 12:00:00,9.374045801526718,
2024-09-08 12:15:00,9.393984732824428,
2024-09-08 12:30:00,9.413923664122136,
2024-09-08 12:45:00,9.433862595419846,
2024-09-08 13:00:00,9.423801526717556,
2024-09-08 13:15:00,9.423740458015269,
2024-09-08 13:30:00,9.373679389312978,
2024-09-08 13:45:00,9.333618320610686,
2024-09-08 14:00:00,9.363557251908398,
2024-09-08 14:15:00,9.333496183206108,
2024-09-08 14:30:00,9.323435114503816,
2024-09-08 14:45:00,9.313374045801528,
2024-09-08 15:00:00,9.243312977099237,
2024-09-08 15:15:00,9.163251908396946,
2024-09-08 15:30:00,9.033190839694656,
2024-09-08 15:45:00,8.973129770992367,
2024-09-08 16:00:00,8.913068702290076,
2024-09-08 16:15:00,8.833007633587785,
2024-09-08 16:30:00,8.732946564885497,
2024-09-08 16:45:00,8.652885496183206,
2024-09-08 17:00:00,8.562824427480916,
2024-09-08 17:15:00,8.452763358778627,
2024-09-08 17:30:00,8.372702290076337,
2024-09-08 17:45:00,8.312641221374045,
2024-09-08 18:00:00,8.222580152671755,
2024-09-08 18:15:00,8.142519083969466,
2024-09-08 18:30:00,8.072458015267175,
2024-09-08 18:45:00,8.002396946564884,
2024-09-08 19:00:00,7.932335877862594,
2024-09-08 19:15:00,7.892274809160305,
2024-09-08 19:30:00,7.842213740458016,
2024-09-08 19:45:00,7.802152671755725,
2024-09-08 20:00:00,7.772091603053435,
2024-09-08 20:15:00,7.772030534351145,
2024-09-08 20:30:00,7.761969465648855,
2024-09-08 20:45:00,7.761908396946565,
2024-09-08 21:00:00,7.761847328244275,
2024-09-08 21:15:00,7.781786259541985,
2024-09-08 21:30:00,7.781725190839694,
2024-09-08 21:45:00,7.791664122137405,
2024-09-08 22:00:00,7.801603053435115,
2024-09-08 22:15:00,7.811541984732824,
2024-09-08 22:30:00,7.831480916030535,
2024-09-08 22:45:00,7.841419847328244,
2024-09-08 23:00:00,7.851358778625954,
2024-09-08 23:15:00,7.871297709923665,
2024-09-08 23:30:00,7.881236641221374,
2024-09-08 23:45:00,7.881175572519084,
2024-09-09 00:00:00,7.901114503816793,
2024-09-09 00:15:00,7.901053435114504,
2024-09-09 00:30:00,7.910992366412214,
2024-09-09 00:45:00,7.930931297709923,
2024-09-09 01:00:00,7.940870229007635,
2024-09-09 01:15:00,7.930809160305342,
2024-09-09 01:30:00,7.950748091603054,
2024-09-09 01:45:00,7.950687022900764,
2024-09-09 02:00:00,7.960625954198473,
2024-09-09 02:15:00,7.970564885496184,
2024-09-09 02:30:00,7.980503816793893,
2024-09-09 02:45:00,7.990442748091603,
2024-09-09 03:00:00,7.990381679389313,
2024-09-09 03:15:00,8.000320610687023,
2024-09-09 03:30:00,8.010259541984732,
2024-09-09 03:45:00,8.010198473282442,
2024-09-09 04:00:00,8.010137404580153,
2024-09-09 04:15:00,8.030076335877864,
2024-09-09 04:30:00,8.030015267175573,
2024-09-09 04:45:00,8.039954198473282,
2024-09-09 05:00:00,8.049893129770993,
2024-09-09 05:15:00,8.059832061068702,
2024-09-09 05:30:00,8.059770992366412,
2024-09-09 05:45:00,8.069709923664123,
2024-09-09 06:00:00,8.089648854961832,
2024-09-09 06:15:00,8.099587786259542,
2024-09-09 06:30:00,8.119526717557253,
2024-09-09 06:45:00,8.149465648854962,
2024-09-09 07:00:00,8.17940458015267,
2024-09-09 07:15:00,8.209343511450381,
2024-09-09 07:30:00,8.259282442748091,
2024-09-09 07:45:00,8.3392213740458,
2024-09-09 08:00:00,8.38916030534351,
2024-09-09 08:15:00,8.459099236641222,
2024-09-09 08:30:00,8.529038167938932,
2024-09-09 08:45:00,8.598977099236642,
2024-09-09 09:00:00,8.678916030534351,
2024-09-09 09:15:00,8.75885496183206,
2024-09-09 09:30:00,8.81879389312977,
2024-09-09 09:45:00,8.848732824427481,
2024-09-09 10:00:00,8.91867175572519,
2024-09-09 10:15:00,8.958610687022901,
2024-09-09 10:30:00,8.95854961832061,
2024-09-09 10:45:00,9.038488549618322,
2024-09-09 11:00:00,9.038427480916033,
2024-09-09 11:15:00,9.07836641221374,
2024-09-09 11:30:00,9.098305343511452,
2024-09-09 11:45:00,9.11824427480916,
2024-09-09 12:00:00,9.13818320610687,
2024-09-09 12:15:00,9.14812213740458,
2024-09-09 12:30:00,9.118061068702293,
2024-09-09 12:45:00,9.148,
2024-09-09 13:00:00,9.13793893129771,
2024-09-09 13:15:00,9.13787786259542,
2024-09-09 13:30:00,9.09781679389313,
2024-09-09 13:45:00,9.04775572519084,
2024-09-09 14:00:00,8.98769465648855,
2024-09-09 14:15:00,8.93763358778626,
2024-09-09 14:30:00,8.87757251908397,
2024-09-09 14:45:00,8.787511450381679,
2024-09-09 15:00:00,8.72745038167939,
2024-09-09 15:15:00,8.667389312977098,
2024-09-09 15:30:00,8.60732824427481,
2024-09-09 15:45:00,8.53726717557252,
2024-09-09 16:00:00,8.43720610687023,
2024-09-09 16:15:00,8.357145038167939,
2024-09-09 16:30:00,8.27708396946565,
2024-09-09 16:45:00,8.20702290076336,
2024-09-09 17:00:00,8.136961832061068,
2024-09-09 17:15:00,8.066900763358777,
2024-09-09 17:30:00,8.01683969465649,
2024-09-09 17:45:00,7.956778625954199,
2024-09-09 18:00:00,7.896717557251908,
2024-09-09 18:15:00,7.816656488549618,
2024-09-09 18:30:00,7.756595419847328,
2024-09-09 18:45:00,7.706534351145039,
2024-09-09 19:00:00,7.6564732824427475,
2024-09-09 19:15:00,7.636412213740458,
2024-09-09 19:30:00,7.586351145038168,
2024-09-09 19:45:00,7.556290076335878,
2024-09-09 20:00:00,7.5362290076335885,
2024-09-09 20:15:00,7.536167938931298,
2024-09-09 20:30:00,7.526106870229008,
2024-09-09 20:45:00,7.536045801526717,
2024-09-09 21:00:00,7.545984732824428,
2024-09-09 21:15:00,7.555923664122138,
2024-09-09 21:30:00,7.565862595419847,
2024-09-09 21:45:00,7.565801526717557,
2024-09-09 22:00:00,7.595740458015267,
2024-09-09 22:15:00,7.605679389312977,
2024-09-09 22:30:00,7.625618320610688,
2024-09-09 22:45:00,7.635557251908397,
2024-09-09 23:00:00,7.655496183206107,
2024-09-09 23:15:00,7.665435114503817,
2024-09-09 23:30:00,7.675374045801527,
2024-09-09 23:45:00,7.675312977099237,
2024-09-10 00:00:00,7.685251908396946,
2024-09-10 00:15:00,7.695190839694656,
2024-09-10 00:30:00,7.705129770992366,
2024-09-10 00:45:00,7.715068702290076,
2024-09-10 01:00:00,7.735007633587786,
2024-09-10 01:15:00,7.744946564885496,
2024-09-10 01:30:00,7.754885496183206,
2024-09-10 01:45:00,7.7648244274809155,
2024-09-10 02:00:00,7.774763358778626,
2024-09-10 02:15:00,7.794702290076336,
2024-09-10 02:30:00,7.804641221374045,
2024-09-10 02:45:00,7.824580152671756,
2024-09-10 03:00:00,7.824519083969467,
2024-09-10 03:15:00,7.834458015267176,
2024-09-10 03:30:00,7.854396946564885,
2024-09-10 03:45:00,7.854335877862595,
2024-09-10 04:00:00,7.854274809160305,
2024-09-10 04:15:00,7.874213740458016,
2024-09-10 04:30:00,7.884152671755725,
2024-09-10 04:45:00,7.894091603053435,
2024-09-10 05:00:00,7.904030534351144,
2024-09-10 05:15:00,7.913969465648854,
2024-09-10 05:30:00,7.9239083969465645,
2024-09-10 05:45:00,7.933847328244275,
2024-09-10 06:00:00,7.9437862595419855,
2024-09-10 06:15:00,7.953725190839695,
2024-09-10 06:30:00,7.9736641221374045,
2024-09-10 06:45:00,8.003603053435114,
2024-09-10 07:00:00,8.033541984732825,
2024-09-10 07:15:00,8.083480916030533,
2024-09-10 07:30:00,8.143419847328245,
2024-09-10 07:45:00,8.243358778625954,
2024-09-10 08:00:00,8.323297709923663,
2024-09-10 08:15:00,8.423236641221374,
2024-09-10 08:30:00,8.483175572519084,
2024-09-10 08:45:00,8.553114503816794,
2024-09-10 09:00:00,8.643053435114503,
2024-09-10 09:15:00,8.762992366412215,
2024-09-10 09:30:00,8.822931297709923,
2024-09-10 09:45:00,8.852870229007634,
2024-09-10 10:00:00,8.912809160305343,
2024-09-10 10:15:00,8.932748091603054,
2024-09-10 10:30:00,8.962687022900763,
2024-09-10 10:45:00,8.982625954198474,
2024-09-10 11:00:00,8.982564885496183,
2024-09-10 11:15:00,8.992503816793892,
2024-09-10 11:30:00,9.012442748091605,
2024-09-10 11:45:00,9.032381679389314,
2024-09-10 12:00:00,9.102320610687023,
2024-09-10 12:15:00,9.112259541984733,
2024-09-10 12:30:00,9.092198473282444,
2024-09-10 12:45:00,9.102137404580152,
2024-09-10 13:00:00,9.102076335877864,
2024-09-10 13:15:00,9.082015267175573,
2024-09-10 13:30:00,9.061954198473282,
2024-09-10 13:45:00,9.031893129770992,
2024-09-10 14:00:00,9.001832061068702,
2024-09-10 14:15:00,8.951770992366413,
2024-09-10 14:30:00,8.901709923664122,
2024-09-10 14:45:00,8.771648854961832,
2024-09-10 15:00:00,8.741587786259542,
2024-09-10 15:15:00,8.751526717557251,
2024-09-10 15:30:00,8.701465648854962,
2024-09-10 15:45:00,8.601404580152673,
2024-09-10 16:00:00,8.501343511450381,
2024-09-10 16:15:00,8.431282442748092,
2024-09-10 16:30:00,8.391221374045802,
2024-09-10 16:45:00,8.291160305343512,
2024-09-10 17:00:00,8.201099236641221,
2024-09-10 17:15:00,8.111038167938931,
2024-09-10 17:30:00,8.050977099236642,
2024-09-10 17:45:00,7.9909160305343505,
2024-09-10 18:00:00,7.9208549618320605,
2024-09-10 18:15:00,7.860793893129771,
2024-09-10 18:30:00,7.790732824427481,
2024-09-10 18:45:00,7.72067175572519,
2024-09-10 19:00:00,7.660610687022901,
2024-09-10 19:15:00,7.620549618320611,
2024-09-10 19:30:00,7.58048854961832,
2024-09-10 19:45:00,7.5504274809160306,
2024-09-10 20:00:00,7.530366412213741,
2024-09-10 20:15:00,7.530305343511451,
2024-09-10 20:30:00,7.52024427480916,
2024-09-10 20:45:00,7.53018320610687,
2024-09-10 21:00:00,7.54012213740458,
2024-09-10 21:15:00,7.55006106870229,
2024-09-10 21:30:00,7.56,
2024-09-10 21:45:00,7.569938931297711,
2024-09-10 22:00:00,7.56987786259542,
2024-09-10 22:15:00,7.58981679389313,
2024-09-10 22:30:00,7.61975572519084,
2024-09-10 22:45:00,7.61969465648855,
2024-09-10 23:00:00,7.62963358778626,
2024-09-10 23:15:00,7.639572519083969,
2024-09-10 23:30:00,7.639511450381679,
2024-09-10 23:45:00,7.65945038167939,
2024-09-11 00:00:00,7.659389312977099,
2024-09-11 00:15:00,7.65932824427481,
2024-09-11 00:30:00,7.669267175572519,
2024-09-11 00:45:00,7.689206106870229,
2024-09-11 01:00:00,7.689145038167939,
2024-09-11 01:15:00,7.699083969465649,
2024-09-11 01:30:00,7.699022900763359,
2024-09-11 01:45:00,7.708961832061068,
2024-09-11 02:00:00,7.708900763358779,
2024-09-11 02:15:00,7.668839694656489,
2024-09-11 02:30:00,7.668778625954198,
2024-09-11 02:45:00,7.688717557251908,
2024-09-11 03:00:00,7.688656488549618,
2024-09-11 03:15:00,7.708595419847328,
2024-09-11 03:30:00,7.698534351145039,
2024-09-11 03:45:00,7.678473282442748,
2024-09-11 04:00:00,7.678412213740458,
2024-09-11 04:15:00,7.658351145038168,
2024-09-11 04:30:00,7.638290076335878,
2024-09-11 04:45:00,7.618229007633588,
2024-09-11 05:00:00,7.618167938931298,
2024-09-11 05:15:00,7.618106870229008,
2024-09-11 05:30:00,7.668045801526717,
2024-09-11 05:45:00,7.687984732824427,
2024-09-11 06:00:00,7.717923664122138,
2024-09-11 06:15:00,7.727862595419847,
2024-09-11 06:30:00,7.737801526717558,
2024-09-11 06:45:00,7.767740458015267,
2024-09-11 07:00:00,7.807679389312977,
2024-09-11 07:15:00,7.857618320610688,
2024-09-11 07:30:00,7.907557251908396,
2024-09-11 07:45:00,7.947496183206107,
2024-09-11 08:00:00,8.027435114503817,
2024-09-11 08:15:00,8.117374045801528,
2024-09-11 08:30:00,8.197312977099237,
2024-09-11 08:45:00,8.277251908396947,
2024-09-11 09:00:00,8.377190839694656,
2024-09-11 09:15:00,8.457129770992367,
2024-09-11 09:30:00,8.557068702290076,
2024-09-11 09:45:00,8.627007633587786,
2024-09-11 10:00:00,8.696946564885497,
2024-09-11 10:15:00,8.766885496183207,
2024-09-11 10:30:00,8.796824427480916,
2024-09-11 10:45:00,8.836763358778628,
2024-09-11 11:00:00,8.896702290076336,
2024-09-11 11:15:00,8.926641221374046,
2024-09-11 11:30:00,8.936580152671755,
2024-09-11 11:45:00,8.956519083969466,
2024-09-11 12:00:00,8.966458015267175,
2024-09-11 12:15:00,8.996396946564884,
2024-09-11 12:30:00,9.016335877862597,
2024-09-11 12:45:00,9.026274809160306,
2024-09-11 13:00:00,8.986213740458014,
2024-09-11 13:15:00,8.966152671755726,
2024-09-11 13:30:00,8.986091603053435,
2024-09-11 13:45:00,8.916030534351144,
2024-09-11 14:00:00,8.885969465648854,
2024-09-11 14:15:00,8.835908396946566,
2024-09-11 14:30:00,8.795847328244275,
2024-09-11 14:45:00,8.745786259541983,
2024-09-11 15:00:00,8.735725190839695,
2024-09-11 15:15:00,8.705664122137405,
2024-09-11 15:30:00,8.635603053435114,
2024-09-11 15:45:00,8.605541984732826,
2024-09-11 16:00:00,8.515480916030535,
2024-09-11 16:15:00,8.425419847328245,
2024-09-11 16:30:00,8.335358778625954,
2024-09-11 16:45:00,8.255297709923665,
2024-09-11 17:00:00,8.175236641221375,
2024-09-11 17:15:00,8.075175572519083,
2024-09-11 17:30:00,7.975114503816793,
2024-09-11 17:45:00,7.905053435114503,
2024-09-11 18:00:00,7.804992366412214,
2024-09-11 18:15:00,7.714931297709923,
2024-09-11 18:30:00,7.644870229007633,
2024-09-11 18:45:00,7.584809160305343,
2024-09-11 19:00:00,7.544748091603053,
2024-09-11 19:15:00,7.514687022900763,
2024-09-11 19:30:00,7.494625954198473,
2024-09-11 19:45:00,7.464564885496183,
2024-09-11 20:00:00,7.444503816793893,
2024-09-11 20:15:00,7.424442748091603,
2024-09-11 20:30:00,7.434381679389313,
2024-09-11 20:45:00,7.434320610687022,
2024-09-11 21:00:00,7.424259541984733,
2024-09-11 21:15:00,7.424198473282442,
2024-09-11 21:30:00,7.444137404580153,
2024-09-11 21:45:00,7.464076335877863,
2024-09-11 22:00:00,7.464015267175572,
2024-09-11 22:15:00,7.483954198473283,
2024-09-11 22:30:00,7.483893129770992,
2024-09-11 22:45:00,7.503832061068702,
2024-09-11 23:00:00,7.523770992366413,
2024-09-11 23:15:00,7.533709923664122,
2024-09-11 23:30:00,7.553648854961832,
2024-09-11 23:45:00,7.583587786259542,
2024-09-12 00:00:00,7.603526717557252,
2024-09-12 00:15:00,7.623465648854962,
2024-09-12 00:30:00,7.633404580152671,
2024-09-12 00:45:00,7.643343511450381,
2024-09-12 01:00:00,7.653282442748091,
2024-09-12 01:15:00,7.673221374045801,
2024-09-12 01:30:00,7.683160305343511,
2024-09-12 01:45:00,7.693099236641221,
2024-09-12 02:00:00,7.713038167938931,
2024-09-12 02:15:00,7.72297709923664,
2024-09-12 02:30:00,7.742916030534351,
2024-09-12 02:45:00,7.752854961832061,
2024-09-12 03:00:00,7.772793893129771,
2024-09-12 03:15:00,7.782732824427481,
2024-09-12 03:30:00,7.79267175572519,
2024-09-12 03:45:00,7.8026106870229,
2024-09-12 04:00:00,7.812549618320611,
2024-09-12 04:15:00,7.82248854961832,
2024-09-12 04:30:00,7.832427480916031,
2024-09-12 04:45:00,7.842366412213741,
2024-09-12 05:00:00,7.862305343511451,
2024-09-12 05:15:00,7.872244274809161,
2024-09-12 05:30:00,7.892183206106869,
2024-09-12 05:45:00,7.90212213740458,
2024-09-12 06:00:00,7.922061068702291,
2024-09-12 06:15:00,7.942,
2024-09-12 06:30:00,7.98193893129771,
2024-09-12 06:45:00,8.02187786259542,
2024-09-12 07:00:00,8.05181679389313,
2024-09-12 07:15:00,8.12175572519084,
2024-09-12 07:30:00,8.16169465648855,
2024-09-12 07:45:00,8.21163358778626,
2024-09-12 08:00:00,8.27157251908397,
2024-09-12 08:15:00,8.321511450381678,
2024-09-12 08:30:00,8.38145038167939,
2024-09-12 08:45:00,8.5013893129771,
2024-09-12 09:00:00,8.541328244274808,
2024-09-12 09:15:00,8.63126717557252,
2024-09-12 09:30:00,8.711206106870229,
2024-09-12 09:45:00,8.761145038167939,
2024-09-12 10:00:00,8.84108396946565,
2024-09-12 10:15:00,8.86102290076336,
2024-09-12 10:30:00,8.900961832061068,
2024-09-12 10:45:00,8.910900763358777,
2024-09-12 11:00:00,8.960839694656489,
2024-09-12 11:15:00,9.0207786259542,
2024-09-12 11:30:00,9.100717557251908,
2024-09-12 11:45:00,9.150656488549618,
2024-09-12 12:00:00,9.220595419847328,
2024-09-12 12:15:00,9.250534351145038,
2024-09-12 12:30:00,9.290473282442749,
2024-09-12 12:45:00,9.27041221374046,
2024-09-12 13:00:00,9.230351145038169,
2024-09-12 13:15:00,9.190290076335875,
2024-09-12 13:30:00,9.130229007633588,
2024-09-12 13:45:00,9.150167938931297,
2024-09-12 14:00:00,9.070106870229006,
2024-09-12 14:15:00,8.930045801526719,
2024-09-12 14:30:00,8.869984732824427,
2024-09-12 14:45:00,8.849923664122137,
2024-09-12 15:00:00,8.899862595419847,
2024-09-12 15:15:00,8.889801526717557,
2024-09-12 15:30:00,8.899740458015266,
2024-09-12 15:45:00,8.829679389312979,
2024-09-12 16:00:00,8.799618320610687,
2024-09-12 16:15:00,8.749557251908398,
2024-09-12 16:30:00,8.679496183206107,
2024-09-12 16:45:00,8.649435114503817,
2024-09-12 17:00:00,8.619374045801527,
2024-09-12 17:15:00,8.569312977099235,
2024-09-12 17:30:00,8.499251908396948,
2024-09-12 17:45:00,8.439190839694657,
2024-09-12 18:00:00,8.369129770992366,
2024-09-12 18:15:00,8.319068702290076,
2024-09-12 18:30:00,8.269007633587787,
2024-09-12 18:45:00,8.218946564885496,
2024-09-12 19:00:00,8.158885496183204,
2024-09-12 19:15:00,8.118824427480916,
2024-09-12 19:30:00,8.088763358778627,
2024-09-12 19:45:00,8.058702290076335,
2024-09-12 20:00:00,8.038641221374046,
2024-09-12 20:15:00,8.018580152671756,
2024-09-12 20:30:00,8.008519083969466,
2024-09-12 20:45:00,8.008458015267177,
2024-09-12 21:00:00,8.008396946564886,
2024-09-12 21:15:00,8.028335877862595,
2024-09-12 21:30:00,8.038274809160304,
2024-09-12 21:45:00,8.058213740458015,
2024-09-12 22:00:00,8.108152671755725,
2024-09-12 22:15:00,8.108091603053435,
2024-09-12 22:30:00,8.128030534351145,
2024-09-12 22:45:00,8.157969465648854,
2024-09-12 23:00:00,8.177908396946565,
2024-09-12 23:15:00,8.197847328244276,
2024-09-12 23:30:00,8.207786259541985,
2024-09-12 23:45:00,8.217725190839694,
2024-09-13 00:00:00,8.237664122137403,
2024-09-13 00:15:00,8.257603053435115,
2024-09-13 00:30:00,8.267541984732825,
2024-09-13 00:45:00,8.287480916030534,
2024-09-13 01:00:00,8.317419847328244,
2024-09-13 01:15:00,8.327358778625955,
2024-09-13 01:30:00,8.337297709923664,
2024-09-13 01:45:00,8.337236641221375,
2024-09-13 02:00:00,8.367175572519084,
2024-09-13 02:15:00,8.377114503816793,
2024-09-13 02:30:00,8.387053435114503,
2024-09-13 02:45:00,8.406992366412213,
2024-09-13 03:00:00,8.416931297709924,
2024-09-13 03:15:00,8.436870229007633,
2024-09-13 03:30:00,8.446809160305344,
2024-09-13 03:45:00,8.456748091603053,
2024-09-13 04:00:00,8.466687022900762,
2024-09-13 04:15:00,8.486625954198473,
2024-09-13 04:30:00,8.496564885496184,
2024-09-13 04:45:00,8.506503816793893,
2024-09-13 05:00:00,8.516442748091603,
2024-09-13 05:15:00,8.536381679389313,
2024-09-13 05:30:00,8.546320610687022,
2024-09-13 05:45:00,8.566259541984731,
2024-09-13 06:00:00,8.576198473282444,
2024-09-13 06:15:00,8.596137404580153,
2024-09-13 06:30:00,8.616076335877862,
2024-09-13 06:45:00,8.646015267175573,
2024-09-13 07:00:00,8.675954198473283,
2024-09-13 07:15:00,8.715893129770992,
2024-09-13 07:30:00,8.765832061068703,
2024-09-13 07:45:00,8.815770992366412,
2024-09-13 08:00:00,8.875709923664122,
2024-09-13 08:15:00,8.945648854961831,
2024-09-13 08:30:00,9.015587786259545,
2024-09-13 08:45:00,9.065526717557251,
2024-09-13 09:00:00,9.13546564885496,
2024-09-13 09:15:00,9.185404580152673,
2024-09-13 09:30:00,9.22534351145038,
2024-09-13 09:45:00,9.275282442748091,
2024-09-13 10:00:00,9.315221374045802,
2024-09-13 10:15:00,9.355160305343512,
2024-09-13 10:30:00,9.38509923664122,
2024-09-13 10:45:00,9.40503816793893,
2024-09-13 11:00:00,9.444977099236642,
2024-09-13 11:15:00,9.46491603053435,
2024-09-13 11:30:00,9.46485496183206,
2024-09-13 11:45:00,9.454793893129771,
2024-09-13 12:00:00,9.47473282442748,
2024-09-13 12:15:00,9.494671755725191,
2024-09-13 12:30:00,9.4746106870229,
2024-09-13 12:45:00,9.514549618320611,
2024-09-13 13:00:00,9.46448854961832,
2024-09-13 13:15:00,9.484427480916027,
2024-09-13 13:30:00,9.43436641221374,
2024-09-13 13:45:00,9.39430534351145,
2024-09-13 14:00:00,9.35424427480916,
2024-09-13 14:15:00,9.30418320610687,
2024-09-13 14:30:00,9.25412213740458,
2024-09-13 14:45:00,9.20406106870229,
2024-09-13 15:00:00,9.144,
2024-09-13 15:15:00,9.073938931297713,
2024-09-13 15:30:00,9.01387786259542,
2024-09-13 15:45:00,8.943816793893129,
2024-09-13 16:00:00,8.88375572519084,
2024-09-13 16:15:00,8.813694656488549,
2024-09-13 16:30:00,8.74363358778626,
2024-09-13 16:45:00,8.69357251908397,
2024-09-13 17:00:00,8.62351145038168,
2024-09-13 17:15:00,8.57345038167939,
2024-09-13 17:30:00,8.5233893129771,
2024-09-13 17:45:00,8.463328244274809,
2024-09-13 18:00:00,8.41326717557252,
2024-09-13 18:15:00,8.363206106870228,
2024-09-13 18:30:00,8.32314503816794,
2024-09-13 18:45:00,8.263083969465649,
2024-09-13 19:00:00,8.223022900763358,
2024-09-13 19:15:00,8.18296183206107,
2024-09-13 19:30:00,8.142900763358778,
2024-09-13 19:45:00,8.132839694656488,
2024-09-13 20:00:00,8.122778625954199,
2024-09-13 20:15:00,8.112717557251909,
2024-09-13 20:30:00,8.122656488549618,
2024-09-13 20:45:00,8.122595419847329,
2024-09-13 21:00:00,8.152534351145038,
2024-09-13 21:15:00,8.172473282442748,
2024-09-13 21:30:00,8.172412213740458,
2024-09-13 21:45:00,8.182351145038169,
2024-09-13 22:00:00,8.222290076335877,
2024-09-13 22:15:00,8.222229007633587,
2024-09-13 22:30:00,8.252167938931299,
2024-09-13 22:45:00,8.262106870229008,
2024-09-13 23:00:00,8.282045801526717,
2024-09-13 23:15:00,8.311984732824428,
2024-09-13 23:30:00,8.321923664122139,
2024-09-13 23:45:00,8.341862595419848,
2024-09-14 00:00:00,8.361801526717556,
2024-09-14 00:15:00,8.381740458015267,
2024-09-14 00:30:00,8.401679389312976,
2024-09-14 00:45:00,8.411618320610687,
2024-09-14 01:00:00,8.431557251908398,
2024-09-14 01:15:00,8.441496183206107,
2024-09-14 01:30:00,8.461435114503816,
2024-09-14 01:45:00,8.481374045801527,
2024-09-14 02:00:00,8.491312977099238,
2024-09-14 02:15:00,8.511251908396947,
2024-09-14 02:30:00,8.521190839694656,
2024-09-14 02:45:00,8.531129770992367,
2024-09-14 03:00:00,8.541068702290076,
2024-09-14 03:15:00,8.561007633587785,
2024-09-14 03:30:00,8.560946564885496,
2024-09-14 03:45:00,8.580885496183207,
2024-09-14 04:00:00,8.590824427480916,
2024-09-14 04:15:00,8.590763358778627,
2024-09-14 04:30:00,8.610702290076336,
2024-09-14 04:45:00,8.620641221374045,
2024-09-14 05:00:00,8.630580152671754,
2024-09-14 05:15:00,8.640519083969465,
2024-09-14 05:30:00,8.650458015267175,
2024-09-14 05:45:00,8.670396946564885,
2024-09-14 06:00:00,8.680335877862596,
2024-09-14 06:15:00,8.690274809160305,
2024-09-14 06:30:00,8.710213740458014,
2024-09-14 06:45:00,8.740152671755727,
2024-09-14 07:00:00,8.770091603053435,
2024-09-14 07:15:00,8.800030534351144,
2024-09-14 07:30:00,8.829969465648855,
2024-09-14 07:45:00,8.889908396946565,
2024-09-14 08:00:00,8.939847328244275,
2024-09-14 08:15:00,8.999786259541985,
2024-09-14 08:30:00,9.059725190839696,
2024-09-14 08:45:00,9.129664122137404,
2024-09-14 09:00:00,9.179603053435114,
2024-09-14 09:15:00,9.239541984732826,
2024-09-14 09:30:00,9.279480916030534,
2024-09-14 09:45:00,9.319419847328245,
2024-09-14 10:00:00,9.359358778625952,
2024-09-14 10:15:00,9.389297709923664,
2024-09-14 10:30:00,9.419236641221374,
2024-09-14 10:45:00,9.449175572519083,
2024-09-14 11:00:00,9.459114503816794,
2024-09-14 11:15:00,9.459053435114503,
2024-09-14 11:30:00,9.498992366412214,
2024-09-14 11:45:00,9.468931297709924,
2024-09-14 12:00:00,9.478870229007631,
2024-09-14 12:15:00,9.478809160305342,
2024-09-14 12:30:00,9.488748091603052,
2024-09-14 12:45:00,9.498687022900764,
2024-09-14 13:00:00,9.448625954198471,
2024-09-14 13:15:00,9.438564885496184,
2024-09-14 13:30:00,9.428503816793894,
2024-09-14 13:45:00,9.388442748091602,
2024-09-14 14:00:00,9.338381679389313,
2024-09-14 14:15:00,9.288320610687023,
2024-09-14 14:30:00,9.238259541984734,
2024-09-14 14:45:00,9.178198473282444,
2024-09-14 15:00:00,9.118137404580152,
2024-09-14 15:15:00,9.048076335877862,
2024-09-14 15:30:00,8.978015267175572,
2024-09-14 15:45:00,8.907954198473282,
2024-09-14 16:00:00,8.827893129770993,
2024-09-14 16:15:00,8.757832061068703,
2024-09-14 16:30:00,8.697770992366411,
2024-09-14 16:45:00,8.617709923664123,
2024-09-14 17:00:00,8.557648854961831,
2024-09-14 17:15:00,8.497587786259542,
2024-09-14 17:30:00,8.427526717557253,
2024-09-14 17:45:00,8.387465648854961,
2024-09-14 18:00:00,8.327404580152672,
2024-09-14 18:15:00,8.267343511450381,
2024-09-14 18:30:00,8.217282442748091,
2024-09-14 18:45:00,8.167221374045802,
2024-09-14 19:00:00,8.11716030534351,
2024-09-14 19:15:00,8.077099236641223,
2024-09-14 19:30:00,8.047038167938931,
2024-09-14 19:45:00,8.02697709923664,
2024-09-14 20:00:00,8.006916030534352,
2024-09-14 20:15:00,7.996854961832062,
2024-09-14 20:30:00,8.006793893129771,
2024-09-14 20:45:00,8.01673282442748,
2024-09-14 21:00:00,8.026671755725191,
2024-09-14 21:15:00,8.0466106870229,
2024-09-14 21:30:00,8.07654961832061,
2024-09-14 21:45:00,8.076488549618322,
2024-09-14 22:00:00,8.09642748091603,
2024-09-14 22:15:00,8.11636641221374,
2024-09-14 22:30:00,8.156305343511452,
2024-09-14 22:45:00,8.14624427480916,
2024-09-14 23:00:00,8.18618320610687,
2024-09-14 23:15:00,8.18612213740458,
2024-09-14 23:30:00,8.20606106870229,
2024-09-14 23:45:00,8.216,
2024-09-15 00:00:00,8.24593893129771,
2024-09-15 00:15:00,8.25587786259542,
2024-09-15 00:30:00,8.26581679389313,
2024-09-15 00:45:00,8.27575572519084,
2024-09-15 01:00:00,8.29569465648855,
2024-09-15 01:15:00,8.31563358778626,
2024-09-15 01:30:00,8.32557251908397,
2024-09-15 01:45:00,8.335511450381679,
2024-09-15 02:00:00,8.35545038167939,
2024-09-15 02:15:00,8.355389312977099,
2024-09-15 02:30:00,8.375328244274808,
2024-09-15 02:45:00,8.37526717557252,
2024-09-15 03:00:00,8.385206106870228,
2024-09-15 03:15:00,8.40514503816794,
2024-09-15 03:30:00,8.40508396946565,
2024-09-15 03:45:00,8.41502290076336,
2024-09-15 04:00:00,8.434961832061068,
2024-09-15 04:15:00,8.43490076335878,
2024-09-15 04:30:00,8.444839694656489,
2024-09-15 04:45:00,8.444778625954198,
2024-09-15 05:00:00,8.464717557251907,
2024-09-15 05:15:00,8.464656488549618,
2024-09-15 05:30:00,8.474595419847327,
2024-09-15 05:45:00,8.484534351145038,
2024-09-15 06:00:00,8.49447328244275,
2024-09-15 06:15:00,8.514412213740458,
2024-09-15 06:30:00,8.534351145038167,
2024-09-15 06:45:00,8.554290076335878,
2024-09-15 07:00:00,8.574229007633589,
2024-09-15 07:15:00,8.604167938931297,
2024-09-15 07:30:00,8.654106870229008,
2024-09-15 07:45:00,8.694045801526718,
2024-09-15 08:00:00,8.753984732824428,
2024-09-15 08:15:00,8.813923664122138,
2024-09-15 08:30:00,8.863862595419848,
2024-09-15 08:45:00,8.943801526717557,
2024-09-15 09:00:00,8.993740458015267,
2024-09-15 09:15:00,9.053679389312975,
2024-09-15 09:30:00,9.103618320610687,
2024-09-15 09:45:00,9.133557251908396,
2024-09-15 10:00:00,9.183496183206106,
2024-09-15 10:15:00,9.203435114503815,
2024-09-15 10:30:00,9.253374045801529,
2024-09-15 10:45:00,9.273312977099236,
2024-09-15 11:00:00,9.303251908396946,
2024-09-15 11:15:00,9.313190839694656,
2024-09-15 11:30:00,9.323129770992368,
2024-09-15 11:45:00,9.333068702290078,
2024-09-15 12:00:00,9.313007633587787,
2024-09-15 12:15:00,9.292946564885495,
2024-09-15 12:30:00,9.302885496183205,
2024-09-15 12:45:00,9.282824427480916,
2024-09-15 13:00:00,9.282763358778626,
2024-09-15 13:15:00,9.272702290076335,
2024-09-15 13:30:00,9.252641221374049,
2024-09-15 13:45:00,9.232580152671757,
2024-09-15 14:00:00,9.152519083969466,
2024-09-15 14:15:00,9.122458015267176,
2024-09-15 14:30:00,9.092396946564886,
2024-09-15 14:45:00,9.032335877862597,
2024-09-15 15:00:00,8.992274809160305,
2024-09-15 15:15:00,8.912213740458016,
2024-09-15 15:30:00,8.842152671755725,
2024-09-15 15:45:00,8.752091603053435,
2024-09-15 16:00:00,8.692030534351145,
2024-09-15 16:15:00,8.611969465648855,
2024-09-15 16:30:00,8.501908396946565,
2024-09-15 16:45:00,8.411847328244276,
2024-09-15 17:00:00,8.331786259541985,
2024-09-15 17:15:00,8.301725190839694,
2024-09-15 17:30:00,8.231664122137405,
2024-09-15 17:45:00,8.181603053435115,
2024-09-15 18:00:00,8.101541984732824,
2024-09-15 18:15:00,8.021480916030534,
2024-09-15 18:30:00,7.961419847328243,
2024-09-15 18:45:00,7.921358778625955,
2024-09-15 19:00:00,7.901297709923665,
2024-09-15 19:15:00,7.861236641221374,
2024-09-15 19:30:00,7.821175572519084,
2024-09-15 19:45:00,7.8111145038167935,
2024-09-15 20:00:00,7.801053435114504,
2024-09-15 20:15:00,7.810992366412214,
2024-09-15 20:30:00,7.8109312977099234,
2024-09-15 20:45:00,7.810870229007634,
2024-09-15 21:00:00,7.820809160305343,
2024-09-15 21:15:00,7.830748091603054,
2024-09-15 21:30:00,7.850687022900764,
2024-09-15 21:45:00,7.850625954198473,
2024-09-15 22:00:00,7.870564885496183,
2024-09-15 22:15:00,7.870503816793892,
2024-09-15 22:30:00,7.880442748091602,
2024-09-15 22:45:00,7.880381679389313,
2024-09-15 23:00:00,7.900320610687023,
2024-09-15 23:15:00,7.910259541984733,
2024-09-15 23:30:00,7.920198473282443,
2024-09-15 23:45:00,7.930137404580153,
2024-09-16 00:00:00,7.930076335877863,
2024-09-16 00:15:00,7.940015267175572,
2024-09-16 00:30:00,7.939954198473282,
2024-09-16 00:45:00,7.949893129770992,
2024-09-16 01:00:00,7.949832061068702,
2024-09-16 01:15:00,7.959770992366412,
2024-09-16 01:30:00,7.9497099236641215,
2024-09-16 01:45:00,7.969648854961831,
2024-09-16 02:00:00,7.979587786259542,
2024-09-16 02:15:00,7.969526717557251,
2024-09-16 02:30:00,7.989465648854963,
2024-09-16 02:45:00,7.999404580152672,
2024-09-16 03:00:00,7.999343511450382,
2024-09-16 03:15:00,8.009282442748091,
2024-09-16 03:30:00,8.019221374045802,
2024-09-16 03:45:00,8.019160305343512,
2024-09-16 04:00:00,8.03909923664122,
2024-09-16 04:15:00,8.04903816793893,
2024-09-16 04:30:00,8.058977099236643,
2024-09-16 04:45:00,8.04891603053435,
2024-09-16 05:00:00,8.07885496183206,
2024-09-16 05:15:00,8.068793893129772,
2024-09-16 05:30:00,8.098732824427481,
2024-09-16 05:45:00,8.09867175572519,
2024-09-16 06:00:00,8.108610687022901,
2024-09-16 06:15:00,8.11854961832061,
2024-09-16 06:30:00,8.13848854961832,
2024-09-16 06:45:00,8.128427480916029,
2024-09-16 07:00:00,8.168366412213741,
2024-09-16 07:15:00,8.20830534351145,
2024-09-16 07:30:00,8.23824427480916,
2024-09-16 07:45:00,8.28818320610687,
2024-09-16 08:00:00,8.34812213740458,
2024-09-16 08:15:00,8.42806106870229,
2024-09-16 08:30:00,8.508000000000001,
2024-09-16 08:45:00,8.58793893129771,
2024-09-16 09:00:00,8.67787786259542,
2024-09-16 09:15:00,8.73781679389313,
2024-09-16 09:30:00,8.82775572519084,
2024-09-16 09:45:00,8.81769465648855,
2024-09-16 10:00:00,8.887633587786258,
2024-09-16 10:15:00,8.92757251908397,
2024-09-16 10:30:00,8.99751145038168,
2024-09-16 10:45:00,9.007450381679387,
2024-09-16 11:00:00,9.1273893129771,
2024-09-16 11:15:00,9.127328244274809,
2024-09-16 11:30:00,9.17726717557252,
2024-09-16 11:45:00,9.187206106870228,
2024-09-16 12:00:00,9.19714503816794,
2024-09-16 12:15:00,9.247083969465647,
2024-09-16 12:30:00,9.23702290076336,
2024-09-16 12:45:00,9.24696183206107,
2024-09-16 13:00:00,9.25690076335878,
2024-09-16 13:15:00,9.246839694656488,
2024-09-16 13:30:00,9.2367786259542,
2024-09-16 13:45:00,9.176717557251909,
2024-09-16 14:00:00,9.126656488549616,
2024-09-16 14:15:00,9.136595419847328,
2024-09-16 14:30:00,9.08653435114504,
2024-09-16 14:45:00,9.026473282442748,
2024-09-16 15:00:00,8.946412213740457,
2024-09-16 15:15:00,8.906351145038169,
2024-09-16 15:30:00,8.856290076335878,
2024-09-16 15:45:00,8.726229007633588,
2024-09-16 16:00:00,8.576167938931299,
2024-09-16 16:15:00,8.546106870229007,
2024-09-16 16:30:00,8.486045801526718,
2024-09-16 16:45:00,8.435984732824428,
2024-09-16 17:00:00,8.335923664122138,
2024-09-16 17:15:00,8.305862595419848,
2024-09-16 17:30:00,8.245801526717557,
2024-09-16 17:45:00,8.155740458015268,
2024-09-16 18:00:00,8.115679389312977,
2024-09-16 18:15:00,8.045618320610686,
2024-09-16 18:30:00,7.985557251908397,
2024-09-16 18:45:00,7.935496183206107,
2024-09-16 19:00:00,7.875435114503816,
2024-09-16 19:15:00,7.825374045801527,
2024-09-16 19:30:00,7.775312977099237,
2024-09-16 19:45:00,7.755251908396947,
2024-09-16 20:00:00,7.735190839694656,
2024-09-16 20:15:00,7.735129770992366,
2024-09-16 20:30:00,7.735068702290076,
2024-09-16 20:45:00,7.745007633587787,
2024-09-16 21:00:00,7.764946564885496,
2024-09-16 21:15:00,7.764885496183206,
2024-09-16 21:30:00,7.774824427480915,
2024-09-16 21:45:00,7.784763358778626,
2024-09-16 22:00:00,7.804702290076336,
2024-09-16 22:15:00,7.804641221374045,
2024-09-16 22:30:00,7.834580152671756,
2024-09-16 22:45:00,7.844519083969466,
2024-09-16 23:00:00,7.844458015267176,
2024-09-16 23:15:00,7.864396946564885,
2024-09-16 23:30:00,7.864335877862595,
2024-09-16 23:45:00,7.884274809160304,
2024-09-17 00:00:00,7.894213740458016,
2024-09-17 00:15:00,7.914152671755725,
2024-09-17 00:30:00,7.914091603053436,
2024-09-17 00:45:00,7.914030534351145,
2024-09-17 01:00:00,7.933969465648855,
2024-09-17 01:15:00,7.933908396946565,
2024-09-17 01:30:00,7.943847328244274,
2024-09-17 01:45:00,7.943786259541985,
2024-09-17 02:00:00,7.953725190839694,
2024-09-17 02:15:00,7.963664122137404,
2024-09-17 02:30:00,7.973603053435116,
2024-09-17 02:45:00,7.973541984732825,
2024-09-17 03:00:00,7.993480916030535,
2024-09-17 03:15:00,8.003419847328244,
2024-09-17 03:30:00,8.003358778625955,
2024-09-17 03:45:00,8.013297709923664,
2024-09-17 04:00:00,8.013236641221374,
2024-09-17 04:15:00,8.043175572519083,
2024-09-17 04:30:00,8.053114503816795,
2024-09-17 04:45:00,8.053053435114505,
2024-09-17 05:00:00,8.042992366412212,
2024-09-17 05:15:00,8.062931297709925,
2024-09-17 05:30:00,8.062870229007634,
2024-09-17 05:45:00,8.052809160305344,
2024-09-17 06:00:00,8.052748091603053,
2024-09-17 06:15:00,8.032687022900763,
2024-09-17 06:30:00,8.032625954198473,
2024-09-17 06:45:00,8.012564885496182,
2024-09-17 07:00:00,8.012503816793894,
2024-09-17 07:15:00,8.042442748091602,
2024-09-17 07:30:00,8.052381679389313,
2024-09-17 07:45:00,8.032320610687023,
2024-09-17 08:00:00,8.042259541984732,
2024-09-17 08:15:00,8.042198473282442,
2024-09-17 08:30:00,8.032137404580153,
2024-09-17 08:45:00,8.032076335877862,
2024-09-17 09:00:00,8.082015267175573,
2024-09-17 09:15:00,8.101954198473281,
2024-09-17 09:30:00,8.151893129770993,
2024-09-17 09:45:00,8.201832061068702,
2024-09-17 10:00:00,8.301770992366412,
2024-09-17 10:15:00,8.401709923664123,
2024-09-17 10:30:00,8.521648854961832,
2024-09-17 10:45:00,8.561587786259542,
2024-09-17 11:00:00,8.611526717557252,
2024-09-17 11:15:00,8.671465648854962,
2024-09-17 11:30:00,8.721404580152672,
2024-09-17 11:45:00,8.811343511450382,
2024-09-17 12:00:00,8.861282442748092,
2024-09-17 12:15:00,8.921221374045802,
2024-09-17 12:30:00,8.911160305343511,
2024-09-17 12:45:00,8.891099236641223,
2024-09-17 13:00:00,8.831038167938932,
2024-09-17 13:15:00,8.85097709923664,
2024-09-17 13:30:00,8.910916030534352,
2024-09-17 13:45:00,8.970854961832062,
2024-09-17 14:00:00,9.050793893129772,
2024-09-17 14:15:00,9.09073282442748,
2024-09-17 14:30:00,9.13067175572519,
2024-09-17 14:45:00,9.1406106870229,
2024-09-17 15:00:00,9.14054961832061,
2024-09-17 15:15:00,9.140488549618322,
2024-09-17 15:30:00,9.08042748091603,
2024-09-17 15:45:00,9.05036641221374,
2024-09-17 16:00:00,9.090305343511451,
2024-09-17 16:15:00,9.10024427480916,
2024-09-17 16:30:00,9.08018320610687,
2024-09-17 16:45:00,9.00012213740458,
2024-09-17 17:00:00,8.94006106870229,
2024-09-17 17:15:00,8.9,
2024-09-17 17:30:00,8.83993893129771,
2024-09-17 17:45:00,8.78987786259542,
2024-09-17 18:00:00,8.69981679389313,
2024-09-17 18:15:00,8.619755725190839,
2024-09-17 18:30:00,8.549694656488551,
2024-09-17 18:45:00,8.50963358778626,
2024-09-17 19:00:00,8.46957251908397,
2024-09-17 19:15:00,8.419511450381679,
2024-09-17 19:30:00,8.38945038167939,
2024-09-17 19:45:00,8.369389312977098,
2024-09-17 20:00:00,8.359328244274808,
2024-09-17 20:15:00,8.35926717557252,
2024-09-17 20:30:00,8.359206106870229,
2024-09-17 20:45:00,8.369145038167938,
2024-09-17 21:00:00,8.369083969465649,
2024-09-17 21:15:00,8.369022900763358,
2024-09-17 21:30:00,8.378961832061067,
2024-09-17 21:45:00,8.38890076335878,
2024-09-17 22:00:00,8.39883969465649,
2024-09-17 22:15:00,8.398778625954199,
2024-09-17 22:30:00,8.418717557251908,
2024-09-17 22:45:00,8.40865648854962,
2024-09-17 23:00:00,8.418595419847328,
2024-09-17 23:15:00,8.418534351145038,
2024-09-17 23:30:00,8.428473282442749,
2024-09-17 23:45:00,8.438412213740458,
2024-09-18 00:00:00,8.428351145038167,
2024-09-18 00:15:00,8.448290076335878,
2024-09-18 00:30:00,8.448229007633588,
2024-09-18 00:45:00,8.468167938931298,
2024-09-18 01:00:00,8.468106870229008,
2024-09-18 01:15:00,8.468045801526719,
2024-09-18 01:30:00,8.477984732824428,
2024-09-18 01:45:00,8.477923664122137,
2024-09-18 02:00:00,8.477862595419849,
2024-09-18 02:15:00,8.487801526717558,
2024-09-18 02:30:00,8.487740458015267,
2024-09-18 02:45:00,8.507679389312978,
2024-09-18 03:00:00,8.497618320610687,
2024-09-18 03:15:00,8.507557251908397,
2024-09-18 03:30:00,8.507496183206106,
2024-09-18 03:45:00,8.507435114503817,
2024-09-18 04:00:00,8.517374045801526,
2024-09-18 04:15:00,8.517312977099236,
2024-09-18 04:30:00,8.517251908396947,
2024-09-18 04:45:00,8.527190839694656,
2024-09-18 05:00:00,8.527129770992365,
2024-09-18 05:15:00,8.537068702290076,
2024-09-18 05:30:00,8.537007633587786,
2024-09-18 05:45:00,8.546946564885497,
2024-09-18 06:00:00,8.546885496183206,
2024-09-18 06:15:00,8.556824427480917,
2024-09-18 06:30:00,8.576763358778626,
2024-09-18 06:45:00,8.586702290076335,
2024-09-18 07:00:00,8.616641221374046,
2024-09-18 07:15:00,8.656580152671756,
2024-09-18 07:30:00,8.706519083969464,
2024-09-18 07:45:00,8.756458015267176,
2024-09-18 08:00:00,8.826396946564886,
2024-09-18 08:15:00,8.886335877862596,
2024-09-18 08:30:00,8.936274809160304,
2024-09-18 08:45:00,8.966213740458016,
2024-09-18 09:00:00,9.026152671755725,
2024-09-18 09:15:00,9.086091603053434,
2024-09-18 09:30:00,9.146030534351146,
2024-09-18 09:45:00,9.225969465648856,
2024-09-18 10:00:00,9.295908396946563,
2024-09-18 10:15:00,9.345847328244275,
2024-09-18 10:30:00,9.415786259541983,
2024-09-18 10:45:00,9.455725190839694,
2024-09-18 11:00:00,9.505664122137404,
2024-09-18 11:15:00,9.535603053435114,
2024-09-18 11:30:00,9.525541984732824,
2024-09-18 11:45:00,9.525480916030531,
2024-09-18 12:00:00,9.535419847328244,
2024-09-18 12:15:00,9.555358778625957,
2024-09-18 12:30:00,9.585297709923664,
2024-09-18 12:45:00,9.585236641221377,
2024-09-18 13:00:00,9.615175572519084,
2024-09-18 13:15:00,9.585114503816794,
2024-09-18 13:30:00,9.545053435114504,
2024-09-18 13:45:00,9.514992366412214,
2024-09-18 14:00:00,9.464931297709924,
2024-09-18 14:15:00,9.414870229007631,
2024-09-18 14:30:00,9.374809160305343,
2024-09-18 14:45:00,9.344748091603051,
2024-09-18 15:00:00,9.284687022900762,
2024-09-18 15:15:00,9.204625954198471,
2024-09-18 15:30:00,9.134564885496184,
2024-09-18 15:45:00,9.094503816793893,
2024-09-18 16:00:00,8.984442748091604,
2024-09-18 16:15:00,8.904381679389314,
2024-09-18 16:30:00,8.804320610687023,
2024-09-18 16:45:00,8.754259541984732,
2024-09-18 17:00:00,8.684198473282443,
2024-09-18 17:15:00,8.624137404580152,
2024-09-18 17:30:00,8.554076335877863,
2024-09-18 17:45:00,8.504015267175573,
2024-09-18 18:00:00,8.453954198473282,
2024-09-18 18:15:00,8.403893129770992,
2024-09-18 18:30:00,8.353832061068703,
2024-09-18 18:45:00,8.303770992366413,
2024-09-18 19:00:00,8.273709923664121,
2024-09-18 19:15:00,8.233648854961832,
2024-09-18 19:30:00,8.213587786259543,
2024-09-18 19:45:00,8.203526717557251,
2024-09-18 20:00:00,8.19346564885496,
2024-09-18 20:15:00,8.203404580152672,
2024-09-18 20:30:00,8.193343511450381,
2024-09-18 20:45:00,8.223282442748092,
2024-09-18 21:00:00,8.243221374045802,
2024-09-18 21:15:00,8.253160305343512,
2024-09-18 21:30:00,8.26309923664122,
2024-09-18 21:45:00,8.293038167938931,
2024-09-18 22:00:00,8.282977099236641,
2024-09-18 22:15:00,8.322916030534351,
2024-09-18 22:30:00,8.35285496183206,
2024-09-18 22:45:00,8.362793893129771,
2024-09-18 23:00:00,8.382732824427482,
2024-09-18 23:15:00,8.40267175572519,
2024-09-18 23:30:00,8.412610687022902,
2024-09-18 23:45:00,8.43254961832061,
2024-09-19 00:00:00,8.43248854961832,
2024-09-19 00:15:00,8.46242748091603,
2024-09-19 00:30:00,8.472366412213741,
2024-09-19 00:45:00,8.48230534351145,
2024-09-19 01:00:00,8.50224427480916,
2024-09-19 01:15:00,8.51218320610687,
2024-09-19 01:30:00,8.52212213740458,
2024-09-19 01:45:00,8.532061068702289,
2024-09-19 02:00:00,8.552000000000001,
2024-09-19 02:15:00,8.55193893129771,
2024-09-19 02:30:00,8.57187786259542,
2024-09-19 02:45:00,8.581816793893129,
2024-09-19 03:00:00,8.58175572519084,
2024-09-19 03:15:00,8.601694656488549,
2024-09-19 03:30:00,8.601633587786258,
2024-09-19 03:45:00,8.61157251908397,
2024-09-19 04:00:00,8.63151145038168,
2024-09-19 04:15:00,8.63145038167939,
2024-09-19 04:30:00,8.6513893129771,
2024-09-19 04:45:00,8.66132824427481,
2024-09-19 05:00:00,8.671267175572519,
2024-09-19 05:15:00,8.681206106870228,
2024-09-19 05:30:00,8.701145038167938,
2024-09-19 05:45:00,8.71108396946565,
2024-09-19 06:00:00,8.721022900763359,
2024-09-19 06:15:00,8.72096183206107,
2024-09-19 06:30:00,8.740900763358779,
2024-09-19 06:45:00,8.760839694656488,
2024-09-19 07:00:00,8.770778625954199,
2024-09-19 07:15:00,8.810717557251909,
2024-09-19 07:30:00,8.860656488549617,
2024-09-19 07:45:00,8.920595419847329,
2024-09-19 08:00:00,8.96053435114504,
2024-09-19 08:15:00,9.020473282442747,
2024-09-19 08:30:00,9.070412213740456,
2024-09-19 08:45:00,9.140351145038167,
2024-09-19 09:00:00,9.190290076335875,
2024-09-19 09:15:00,9.230229007633588,
2024-09-19 09:30:00,9.2901679389313,
2024-09-19 09:45:00,9.320106870229008,
2024-09-19 10:00:00,9.350045801526717,
2024-09-19 10:15:00,9.389984732824429,
2024-09-19 10:30:00,9.409923664122138,
2024-09-19 10:45:00,9.439862595419848,
2024-09-19 11:00:00,9.449801526717556,
2024-09-19 11:15:00,9.449740458015269,
2024-09-19 11:30:00,9.459679389312978,
2024-09-19 11:45:00,9.469618320610689,
2024-09-19 12:00:00,9.479557251908398,
2024-09-19 12:15:00,9.469496183206108,
2024-09-19 12:30:00,9.469435114503815,
2024-09-19 12:45:00,9.449374045801529,
2024-09-19 13:00:00,9.399312977099235,
2024-09-19 13:15:00,9.369251908396944,
2024-09-19 13:30:00,9.359190839694657,
2024-09-19 13:45:00,9.319129770992369,
2024-09-19 14:00:00,9.279068702290076,
2024-09-19 14:15:00,9.229007633587786,
2024-09-19 14:30:00,9.168946564885497,
2024-09-19 14:45:00,9.118885496183204,
2024-09-19 15:00:00,9.058824427480916,
2024-09-19 15:15:00,8.998763358778627,
2024-09-19 15:30:00,8.938702290076336,
2024-09-19 15:45:00,8.868641221374045,
2024-09-19 16:00:00,8.808580152671755,
2024-09-19 16:15:00,8.728519083969466,
2024-09-19 16:30:00,8.668458015267175,
2024-09-19 16:45:00,8.618396946564884,
2024-09-19 17:00:00,8.568335877862596,
2024-09-19 17:15:00,8.518274809160305,
2024-09-19 17:30:00,8.458213740458016,
2024-09-19 17:45:00,8.418152671755726,
2024-09-19 18:00:00,8.378091603053436,
2024-09-19 18:15:00,8.328030534351145,
2024-09-19 18:30:00,8.277969465648853,
2024-09-19 18:45:00,8.247908396946565,
2024-09-19 19:00:00,8.187847328244274,
2024-09-19 19:15:00,8.167786259541984,
2024-09-19 19:30:00,8.147725190839695,
2024-09-19 19:45:00,8.147664122137405,
2024-09-19 20:00:00,8.147603053435114,
2024-09-19 20:15:00,8.157541984732825,
2024-09-19 20:30:00,8.167480916030534,
2024-09-19 20:45:00,8.177419847328244,
2024-09-19 21:00:00,8.207358778625956,
2024-09-19 21:15:00,8.217297709923665,
2024-09-19 21:30:00,8.217236641221374,
2024-09-19 21:45:00,8.227175572519084,
2024-09-19 22:00:00,8.257114503816794,
2024-09-19 22:15:00,8.277053435114503,
2024-09-19 22:30:00,8.276992366412212,
2024-09-19 22:45:00,8.306931297709925,
2024-09-19 23:00:00,8.316870229007634,
2024-09-19 23:15:00,8.326809160305343,
2024-09-19 23:30:00,8.336748091603052,
2024-09-19 23:45:00,8.346687022900763,
2024-09-20 00:00:00,8.356625954198472,
2024-09-20 00:15:00,8.366564885496182,
2024-09-20 00:30:00,8.376503816793894,
2024-09-20 00:45:00,8.396442748091603,
2024-09-20 01:00:00,8.396381679389313,
2024-09-20 01:15:00,8.406320610687024,
2024-09-20 01:30:00,8.406259541984733,
2024-09-20 01:45:00,8.416198473282442,
2024-09-20 02:00:00,8.426137404580153,
2024-09-20 02:15:00,8.436076335877862,
2024-09-20 02:30:00,8.446015267175571,
2024-09-20 02:45:00,8.44595419847328,
2024-09-20 03:00:00,8.455893129770994,
2024-09-20 03:15:00,8.475832061068703,
2024-09-20 03:30:00,8.485770992366412,
2024-09-20 03:45:00,8.485709923664123,
2024-09-20 04:00:00,8.505648854961832,
2024-09-20 04:15:00,8.515587786259541,
2024-09-20 04:30:00,8.525526717557252,
2024-09-20 04:45:00,8.535465648854963,
2024-09-20 05:00:00,8.545404580152672,
2024-09-20 05:15:00,8.545343511450382,
2024-09-20 05:30:00,8.565282442748092,
2024-09-20 05:45:00,8.575221374045801,
2024-09-20 06:00:00,8.58516030534351,
2024-09-20 06:15:00,8.595099236641222,
2024-09-20 06:30:00,8.61503816793893,
2024-09-20 06:45:00,8.624977099236641,
2024-09-20 07:00:00,8.664916030534352,
2024-09-20 07:15:00,8.68485496183206,
2024-09-20 07:30:00,8.724793893129771,
2024-09-20 07:45:00,8.77473282442748,
2024-09-20 08:00:00,8.824671755725191,
2024-09-20 08:15:00,8.874610687022901,
2024-09-20 08:30:00,8.93454961832061,
2024-09-20 08:45:00,8.984488549618321,
2024-09-20 09:00:00,9.044427480916031,
2024-09-20 09:15:00,9.09436641221374,
2024-09-20 09:30:00,9.134305343511452,
2024-09-20 09:45:00,9.17424427480916,
2024-09-20 10:00:00,9.20418320610687,
2024-09-20 10:15:00,9.22412213740458,
2024-09-20 10:30:00,9.26406106870229,
2024-09-20 10:45:00,9.284,
2024-09-20 11:00:00,9.29393893129771,
2024-09-20 11:15:00,9.32387786259542,
2024-09-20 11:30:00,9.31381679389313,
2024-09-20 11:45:00,9.33375572519084,
2024-09-20 12:00:00,9.32369465648855,
2024-09-20 12:15:00,9.34363358778626,
2024-09-20 12:30:00,9.30357251908397,
2024-09-20 12:45:00,9.31351145038168,
2024-09-20 13:00:00,9.29345038167939,
2024-09-20 13:15:00,9.2533893129771,
2024-09-20 13:30:00,9.223328244274809,
2024-09-20 13:45:00,9.16326717557252,
2024-09-20 14:00:00,9.14320610687023,
2024-09-20 14:15:00,9.113145038167938,
2024-09-20 14:30:00,9.06308396946565,
2024-09-20 14:45:00,8.993022900763359,
2024-09-20 15:00:00,8.922961832061068,
2024-09-20 15:15:00,8.862900763358777,
2024-09-20 15:30:00,8.79283969465649,
2024-09-20 15:45:00,8.732778625954198,
2024-09-20 16:00:00,8.672717557251907,
2024-09-20 16:15:00,8.612656488549618,
2024-09-20 16:30:00,8.562595419847328,
2024-09-20 16:45:00,8.502534351145037,
2024-09-20 17:00:00,8.442473282442748,
2024-09-20 17:15:00,8.392412213740458,
2024-09-20 17:30:00,8.342351145038167,
2024-09-20 17:45:00,8.30229007633588,
2024-09-20 18:00:00,8.252229007633588,
2024-09-20 18:15:00,8.202167938931298,
2024-09-20 18:30:00,8.162106870229007,
2024-09-20 18:45:00,8.122045801526719,
2024-09-20 19:00:00,8.081984732824427,
2024-09-20 19:15:00,8.051923664122137,
2024-09-20 19:30:00,8.031862595419849,
2024-09-20 19:45:00,8.031801526717558,
2024-09-20 20:00:00,8.041740458015267,
2024-09-20 20:15:00,8.041679389312979,
2024-09-20 20:30:00,8.061618320610688,
2024-09-20 20:45:00,8.071557251908397,
2024-09-20 21:00:00,8.101496183206105,
2024-09-20 21:15:00,8.111435114503816,
2024-09-20 21:30:00,8.131374045801527,
2024-09-20 21:45:00,8.141312977099236,
2024-09-20 22:00:00,8.171251908396947,
2024-09-20 22:15:00,8.171190839694656,
2024-09-20 22:30:00,8.191129770992365,
2024-09-20 22:45:00,8.221068702290077,
2024-09-20 23:00:00,8.221007633587787,
2024-09-20 23:15:00,8.240946564885496,
2024-09-20 23:30:00,8.250885496183205,
2024-09-20 23:45:00,8.260824427480916,
2024-09-21 00:00:00,8.280763358778627,
2024-09-21 00:15:00,8.300702290076336,
2024-09-21 00:30:00,8.310641221374047,
2024-09-21 00:45:00,8.310580152671756,
2024-09-21 01:00:00,8.330519083969465,
2024-09-21 01:15:00,8.340458015267176,
2024-09-21 01:30:00,8.350396946564885,
2024-09-21 01:45:00,8.360335877862594,
2024-09-21 02:00:00,8.370274809160305,
2024-09-21 02:15:00,8.380213740458016,
2024-09-21 02:30:00,8.390152671755725,
2024-09-21 02:45:00,8.400091603053434,
2024-09-21 03:00:00,8.420030534351145,
2024-09-21 03:15:00,8.429969465648854,
2024-09-21 03:30:00,8.439908396946564,
2024-09-21 03:45:00,8.439847328244275,
2024-09-21 04:00:00,8.449786259541986,
2024-09-21 04:15:00,8.469725190839695,
2024-09-21 04:30:00,8.469664122137406,
2024-09-21 04:45:00,8.499603053435115,
2024-09-21 05:00:00,8.509541984732824,
2024-09-21 05:15:00,8.519480916030533,
2024-09-21 05:30:00,8.519419847328244,
2024-09-21 05:45:00,8.539358778625955,
2024-09-21 06:00:00,8.539297709923664,
2024-09-21 06:15:00,8.559236641221375,
2024-09-21 06:30:00,8.569175572519084,
2024-09-21 06:45:00,8.599114503816793,
2024-09-21 07:00:00,8.619053435114505,
2024-09-21 07:15:00,8.638992366412214,
2024-09-21 07:30:00,8.688931297709923,
2024-09-21 07:45:00,8.728870229007633,
2024-09-21 08:00:00,8.778809160305345,
2024-09-21 08:15:00,8.828748091603053,
2024-09-21 08:30:00,8.888687022900763,
2024-09-21 08:45:00,8.948625954198475,
2024-09-21 09:00:00,9.008564885496185,
2024-09-21 09:15:00,9.058503816793891,
2024-09-21 09:30:00,9.108442748091605,
2024-09-21 09:45:00,9.148381679389312,
2024-09-21 10:00:00,9.178320610687022,
2024-09-21 10:15:00,9.228259541984732,
2024-09-21 10:30:00,9.298198473282444,
2024-09-21 10:45:00,9.358137404580152,
2024-09-21 11:00:00,9.418076335877862,
2024-09-21 11:15:00,9.458015267175574,
2024-09-21 11:30:00,9.497954198473282,
2024-09-21 11:45:00,9.527893129770993,
2024-09-21 12:00:00,9.547832061068704,
2024-09-21 12:15:00,9.547770992366411,
2024-09-21 12:30:00,9.547709923664122,
2024-09-21 12:45:00,9.527648854961832,
2024-09-21 13:00:00,9.497587786259542,
2024-09-21 13:15:00,9.457526717557252,
2024-09-21 13:30:00,9.40746564885496,
2024-09-21 13:45:00,9.347404580152672,
2024-09-21 14:00:00,9.287343511450382,
2024-09-21 14:15:00,9.217282442748091,
2024-09-21 14:30:00,9.167221374045802,
2024-09-21 14:45:00,9.097160305343513,
2024-09-21 15:00:00,9.047099236641222,
2024-09-21 15:15:00,8.97703816793893,
2024-09-21 15:30:00,8.916977099236641,
2024-09-21 15:45:00,8.84691603053435,
2024-09-21 16:00:00,8.776854961832061,
2024-09-21 16:15:00,8.716793893129772,
2024-09-21 16:30:00,8.65673282442748,
2024-09-21 16:45:00,8.59667175572519,
2024-09-21 17:00:00,8.546610687022902,
2024-09-21 17:15:00,8.48654961832061,
2024-09-21 17:30:00,8.42648854961832,
2024-09-21 17:45:00,8.38642748091603,
2024-09-21 18:00:00,8.33636641221374,
2024-09-21 18:15:00,8.28630534351145,
2024-09-21 18:30:00,8.23624427480916,
2024-09-21 18:45:00,8.196183206106872,
2024-09-21 19:00:00,8.16612213740458,
2024-09-21 19:15:00,8.13606106870229,
2024-09-21 19:30:00,8.126000000000001,
2024-09-21 19:45:00,8.10593893129771,
2024-09-21 20:00:00,8.11587786259542,
2024-09-21 20:15:00,8.12581679389313,
2024-09-21 20:30:00,8.12575572519084,
2024-09-21 20:45:00,8.14569465648855,
2024-09-21 21:00:00,8.155633587786259,
2024-09-21 21:15:00,8.15557251908397,
2024-09-21 21:30:00,8.175511450381679,
2024-09-21 21:45:00,8.19545038167939,
2024-09-21 22:00:00,8.2253893129771,
2024-09-21 22:15:00,8.22532824427481,
2024-09-21 22:30:00,8.245267175572518,
2024-09-21 22:45:00,8.25520610687023,
2024-09-21 23:00:00,8.28514503816794,
2024-09-21 23:15:00,8.28508396946565,
2024-09-21 23:30:00,8.315022900763358,
2024-09-21 23:45:00,8.324961832061069,
2024-09-22 00:00:00,8.334900763358778,
2024-09-22 00:15:00,8.344839694656487,
2024-09-22 00:30:00,8.354778625954198,
2024-09-22 00:45:00,8.354717557251908,
2024-09-22 01:00:00,8.364656488549619,
2024-09-22 01:15:00,8.37459541984733,
2024-09-22 01:30:00,8.384534351145039,
2024-09-22 01:45:00,8.404473282442748,
2024-09-22 02:00:00,8.414412213740457,
2024-09-22 02:15:00,8.424351145038168,
2024-09-22 02:30:00,8.424290076335877,
2024-09-22 02:45:00,8.434229007633586,
2024-09-22 03:00:00,8.4441679389313,
2024-09-22 03:15:00,8.454106870229008,
2024-09-22 03:30:00,8.464045801526717,
2024-09-22 03:45:00,8.483984732824428,
2024-09-22 04:00:00,8.483923664122138,
2024-09-22 04:15:00,8.483862595419847,
2024-09-22 04:30:00,8.503801526717556,
2024-09-22 04:45:00,8.523740458015268,
2024-09-22 05:00:00,8.523679389312978,
2024-09-22 05:15:00,8.543618320610687,
2024-09-22 05:30:00,8.553557251908398,
2024-09-22 05:45:00,8.563496183206107,
2024-09-22 06:00:00,8.573435114503816,
2024-09-22 06:15:00,8.583374045801527,
2024-09-22 06:30:00,8.603312977099236,
2024-09-22 06:45:00,8.623251908396947,
2024-09-22 07:00:00,8.643190839694656,
2024-09-22 07:15:00,8.673129770992366,
2024-09-22 07:30:00,8.713068702290077,
2024-09-22 07:45:00,8.753007633587785,
2024-09-22 08:00:00,8.802946564885497,
2024-09-22 08:15:00,8.862885496183207,
2024-09-22 08:30:00,8.912824427480915,
2024-09-22 08:45:00,8.962763358778627,
2024-09-22 09:00:00,9.022702290076335,
2024-09-22 09:15:00,9.072641221374043,
2024-09-22 09:30:00,9.112580152671756,
2024-09-22 09:45:00,9.142519083969466,
2024-09-22 10:00:00,9.192458015267176,
2024-09-22 10:15:00,9.222396946564883,
2024-09-22 10:30:00,9.252335877862595,
2024-09-22 10:45:00,9.272274809160306,
2024-09-22 11:00:00,9.302213740458017,
2024-09-22 11:15:00,9.302152671755726,
2024-09-22 11:30:00,9.312091603053435,
2024-09-22 11:45:00,9.322030534351144,
2024-09-22 12:00:00,9.321969465648856,
2024-09-22 12:15:00,9.331908396946565,
2024-09-22 12:30:00,9.341847328244274,
2024-09-22 12:45:00,9.301786259541984,
2024-09-22 13:00:00,9.291725190839696,
2024-09-22 13:15:00,9.271664122137404,
2024-09-22 13:30:00,9.231603053435114,
2024-09-22 13:45:00,9.201541984732826,
2024-09-22 14:00:00,9.151480916030534,
2024-09-22 14:15:00,9.101419847328245,
2024-09-22 14:30:00,9.061358778625957,
2024-09-22 14:45:00,9.001297709923664,
2024-09-22 15:00:00,8.941236641221375,
2024-09-22 15:15:00,8.901175572519083,
2024-09-22 15:30:00,8.831114503816794,
2024-09-22 15:45:00,8.771053435114505,
2024-09-22 16:00:00,8.710992366412214,
2024-09-22 16:15:00,8.640931297709924,
2024-09-22 16:30:00,8.600870229007633,
2024-09-22 16:45:00,8.530809160305344,
2024-09-22 17:00:00,8.480748091603054,
2024-09-22 17:15:00,8.430687022900763,
2024-09-22 17:30:00,8.380625954198473,
2024-09-22 17:45:00,8.330564885496182,
2024-09-22 18:00:00,8.300503816793894,
2024-09-22 18:15:00,8.250442748091602,
2024-09-22 18:30:00,8.200381679389313,
2024-09-22 18:45:00,8.160320610687023,
2024-09-22 19:00:00,8.130259541984733,
2024-09-22 19:15:00,8.100198473282441,
2024-09-22 19:30:00,8.080137404580153,
2024-09-22 19:45:00,8.080076335877862,
2024-09-22 20:00:00,8.090015267175572,
2024-09-22 20:15:00,8.089954198473281,
2024-09-22 20:30:00,8.109893129770994,
2024-09-22 20:45:00,8.129832061068702,
2024-09-22 21:00:00,8.139770992366412,
2024-09-22 21:15:00,8.159709923664122,
2024-09-22 21:30:00,8.169648854961832,
2024-09-22 21:45:00,8.189587786259542,
2024-09-22 22:00:00,8.219526717557253,
2024-09-22 22:15:00,8.239465648854962,
2024-09-22 22:30:00,8.239404580152671,
2024-09-22 22:45:00,8.25934351145038,
2024-09-22 23:00:00,8.269282442748093,
2024-09-22 23:15:00,8.289221374045802,
2024-09-22 23:30:00,8.299160305343511,
2024-09-22 23:45:00,8.309099236641222,
2024-09-23 00:00:00,8.329038167938931,
2024-09-23 00:15:00,8.33897709923664,
2024-09-23 00:30:00,8.348916030534351,
2024-09-23 00:45:00,8.368854961832062,
2024-09-23 01:00:00,8.378793893129771,
2024-09-23 01:15:00,8.38873282442748,
2024-09-23 01:30:00,8.40867175572519,
2024-09-23 01:45:00,8.4186106870229,
2024-09-23 02:00:00,8.42854961832061,
2024-09-23 02:15:00,8.448488549618322,
2024-09-23 02:30:00,8.448427480916031,
2024-09-23 02:45:00,8.45836641221374,
2024-09-23 03:00:00,8.478305343511451,
2024-09-23 03:15:00,8.48824427480916,
2024-09-23 03:30:00,8.48818320610687,
2024-09-23 03:45:00,8.508122137404579,
2024-09-23 04:00:00,8.528061068702291,
2024-09-23 04:15:00,8.538,
2024-09-23 04:30:00,8.53793893129771,
2024-09-23 04:45:00,8.54787786259542,
2024-09-23 05:00:00,8.56781679389313,
2024-09-23 05:15:00,8.577755725190839,
2024-09-23 05:30:00,8.58769465648855,
2024-09-23 05:45:00,8.597633587786259,
2024-09-23 06:00:00,8.60757251908397,
2024-09-23 06:15:00,8.61751145038168,
2024-09-23 06:30:00,8.63745038167939,
2024-09-23 06:45:00,8.667389312977098,
2024-09-23 07:00:00,8.697328244274809,
2024-09-23 07:15:00,8.72726717557252,
2024-09-23 07:30:00,8.77720610687023,
2024-09-23 07:45:00,8.817145038167938,
2024-09-23 08:00:00,8.86708396946565,
2024-09-23 08:15:00,8.927022900763358,
2024-09-23 08:30:00,8.986961832061068,
2024-09-23 08:45:00,9.04690076335878,
2024-09-23 09:00:00,9.10683969465649,
2024-09-23 09:15:00,9.156778625954198,
2024-09-23 09:30:00,9.216717557251908,
2024-09-23 09:45:00,9.256656488549618,
2024-09-23 10:00:00,9.306595419847328,
2024-09-23 10:15:00,9.346534351145037,
2024-09-23 10:30:00,9.36647328244275,
2024-09-23 10:45:00,9.376412213740458,
2024-09-23 11:00:00,9.426351145038169,
2024-09-23 11:15:00,9.46629007633588,
2024-09-23 11:30:00,9.466229007633588,
2024-09-23 11:45:00,9.476167938931296,
2024-09-23 12:00:00,9.476106870229009,
2024-09-23 12:15:00,9.496045801526718,
2024-09-23 12:30:00,9.495984732824429,
2024-09-23 12:45:00,9.475923664122137,
2024-09-23 13:00:00,9.445862595419849,
2024-09-23 13:15:00,9.395801526717555,
2024-09-23 13:30:00,9.385740458015269,
2024-09-23 13:45:00,9.325679389312976,
2024-09-23 14:00:00,9.285618320610688,
2024-09-23 14:15:00,9.215557251908397,
2024-09-23 14:30:00,9.155496183206106,
2024-09-23 14:45:00,9.125435114503818,
2024-09-23 15:00:00,9.065374045801526,
2024-09-23 15:15:00,8.975312977099236,
2024-09-23 15:30:00,8.915251908396947,
2024-09-23 15:45:00,8.855190839694657,
2024-09-23 16:00:00,8.785129770992366,
2024-09-23 16:15:00,8.725068702290077,
2024-09-23 16:30:00,8.665007633587786,
2024-09-23 16:45:00,8.604946564885497,
2024-09-23 17:00:00,8.554885496183205,
2024-09-23 17:15:00,8.504824427480916,
2024-09-23 17:30:00,8.454763358778626,
2024-09-23 17:45:00,8.414702290076335,
2024-09-23 18:00:00,8.374641221374047,
2024-09-23 18:15:00,8.334580152671755,
2024-09-23 18:30:00,8.274519083969466,
2024-09-23 18:45:00,8.244458015267176,
2024-09-23 19:00:00,8.204396946564886,
2024-09-23 19:15:00,8.194335877862596,
2024-09-23 19:30:00,8.174274809160304,
2024-09-23 19:45:00,8.174213740458015,
2024-09-23 20:00:00,8.164152671755724,
2024-09-23 20:15:00,8.174091603053434,
2024-09-23 20:30:00,8.184030534351146,
2024-09-23 20:45:00,8.193969465648856,
2024-09-23 21:00:00,8.213908396946564,
2024-09-23 21:15:00,8.233847328244275,
2024-09-23 21:30:00,8.233786259541985,
2024-09-23 21:45:00,8.263725190839695,
2024-09-23 22:00:00,8.273664122137404,
2024-09-23 22:15:00,8.293603053435115,
2024-09-23 22:30:00,8.293541984732824,
2024-09-23 22:45:00,8.313480916030533,
2024-09-23 23:00:00,8.333419847328244,
2024-09-23 23:15:00,8.343358778625953,
2024-09-23 23:30:00,8.353297709923664,
2024-09-23 23:45:00,8.373236641221375,
2024-09-24 00:00:00,8.383175572519084,
2024-09-24 00:15:00,8.403114503816793,
2024-09-24 00:30:00,8.413053435114504,
2024-09-24 00:45:00,8.412992366412213,
2024-09-24 01:00:00,8.432931297709924,
2024-09-24 01:15:00,8.442870229007633,
2024-09-24 01:30:00,8.452809160305344,
2024-09-24 01:45:00,8.462748091603054,
2024-09-24 02:00:00,8.472687022900763,
2024-09-24 02:15:00,8.472625954198474,
2024-09-24 02:30:00,8.492564885496183,
2024-09-24 02:45:00,8.502503816793892,
2024-09-24 03:00:00,8.512442748091605,
2024-09-24 03:15:00,8.522381679389314,
2024-09-24 03:30:00,8.542320610687023,
2024-09-24 03:45:00,8.542259541984732,
2024-09-24 04:00:00,8.562198473282443,
2024-09-24 04:15:00,8.572137404580152,
2024-09-24 04:30:00,8.592076335877861,
2024-09-24 04:45:00,8.592015267175572,
2024-09-24 05:00:00,8.601954198473283,
2024-09-24 05:15:00,8.621893129770992,
2024-09-24 05:30:00,8.631832061068703,
2024-09-24 05:45:00,8.641770992366412,
2024-09-24 06:00:00,8.651709923664122,
2024-09-24 06:15:00,8.66164885496183,
2024-09-24 06:30:00,8.681587786259543,
2024-09-24 06:45:00,8.701526717557252,
2024-09-24 07:00:00,8.721465648854961,
2024-09-24 07:15:00,8.741404580152672,
2024-09-24 07:30:00,8.781343511450382,
2024-09-24 07:45:00,8.83128244274809,
2024-09-24 08:00:00,8.871221374045803,
2024-09-24 08:15:00,8.921160305343511,
2024-09-24 08:30:00,8.98109923664122,
2024-09-24 08:45:00,9.021038167938933,
2024-09-24 09:00:00,9.08097709923664,
2024-09-24 09:15:00,9.130916030534353,
2024-09-24 09:30:00,9.17085496183206,
2024-09-24 09:45:00,9.210793893129772,
2024-09-24 10:00:00,9.24073282442748,
2024-09-24 10:15:00,9.28067175572519,
2024-09-24 10:30:00,9.300610687022902,
2024-09-24 10:45:00,9.31054961832061,
2024-09-24 11:00:00,9.35048854961832,
2024-09-24 11:15:00,9.35042748091603,
2024-09-24 11:30:00,9.37036641221374,
2024-09-24 11:45:00,9.38030534351145,
2024-09-24 12:00:00,9.38024427480916,
2024-09-24 12:15:00,9.39018320610687,
2024-09-24 12:30:00,9.39012213740458,
2024-09-24 12:45:00,9.36006106870229,
2024-09-24 13:00:00,9.34,
2024-09-24 13:15:00,9.3275,LI
2024-09-24 13:30:00,9.315,LI
2024-09-24 13:45:00,9.302499999999998,LI
2024-09-24 14:00:00,9.29,
2024-09-24 14:15:00,9.26,
2024-09-24 14:30:00,9.21,
2024-09-24 14:45:00,9.16,
2024-09-24 15:00:00,9.11,
2024-09-24 15:15:00,9.05,
2024-09-24 15:30:00,8.99,
2024-09-24 15:45:00,8.93,
2024-09-24 16:00:00,8.86,
2024-09-24 16:15:00,8.81,
2024-09-24 16:30:00,8.75,
2024-09-24 16:45:00,8.7,
2024-09-24 17:00:00,8.65,
2024-09-24 17:15:00,8.61,
2024-09-24 17:30:00,8.56,
2024-09-24 17:45:00,8.52,
2024-09-24 18:00:00,8.47,
2024-09-24 18:15:00,8.43,
2024-09-24 18:30:00,8.38,
2024-09-24 18:45:00,8.35,
2024-09-24 19:00:00,8.3,
2024-09-24 19:15:00,8.28,
2024-09-24 19:30:00,8.26,
2024-09-24 19:45:00,8.25,
2024-09-24 20:00:00,8.25,
2024-09-24 20:15:00,8.26,
2024-09-24 20:30:00,8.27,
2024-09-24 20:45:00,8.27,
2024-09-24 21:00:00,8.29,
2024-09-24 21:15:00,8.31,
2024-09-24 21:30:00,8.31,
2024-09-24 21:45:00,8.33,
2024-09-24 22:00:00,8.33,
2024-09-24 22:15:00,8.36,
2024-09-24 22:30:00,8.37,
2024-09-24 22:45:00,8.37,
2024-09-24 23:00:00,8.39,
2024-09-24 23:15:00,8.4,
2024-09-24 23:30:00,8.41,
2024-09-24 23:45:00,8.43,
2024-09-25 00:00:00,8.44,
2024-09-25 00:15:00,8.45,
2024-09-25 00:30:00,8.45,
2024-09-25 00:45:00,8.46,
2024-09-25 01:00:00,8.47,
2024-09-25 01:15:00,8.48,
2024-09-25 01:30:00,8.49,
2024-09-25 01:45:00,8.49,
2024-09-25 02:00:00,8.5,
2024-09-25 02:15:00,8.51,
2024-09-25 02:30:00,8.52,
2024-09-25 02:45:00,8.53,
2024-09-25 03:00:00,8.54,
2024-09-25 03:15:00,8.54,
2024-09-25 03:30:00,8.56,
2024-09-25 03:45:00,8.56,
2024-09-25 04:00:00,8.57,
2024-09-25 04:15:00,8.58,
2024-09-25 04:30:00,8.6,
2024-09-25 04:45:00,8.6,
2024-09-25 05:00:00,8.61,
2024-09-25 05:15:00,8.61,
2024-09-25 05:30:00,8.62,
2024-09-25 05:45:00,8.62,
2024-09-25 06:00:00,8.64,
2024-09-25 06:15:00,8.65,
2024-09-25 06:30:00,8.66,
2024-09-25 06:45:00,8.67,
2024-09-25 07:00:00,8.68,
2024-09-25 07:15:00,8.72,
2024-09-25 07:30:00,8.74,
2024-09-25 07:45:00,8.79,
2024-09-25 08:00:00,8.83,
2024-09-25 08:15:00,8.88,
2024-09-25 08:30:00,8.94,
2024-09-25 08:45:00,8.99,
2024-09-25 09:00:00,9.04,
2024-09-25 09:15:00,9.07,
2024-09-25 09:30:00,9.11,
2024-09-25 09:45:00,9.15,
2024-09-25 10:00:00,9.18,
2024-09-25 10:15:00,9.23,
2024-09-25 10:30:00,9.26,
2024-09-25 10:45:00,9.29,
2024-09-25 11:00:00,9.32,
2024-09-25 11:15:00,9.34,
2024-09-25 11:30:00,9.35,
2024-09-25 11:45:00,9.38,
2024-09-25 12:00:00,9.36,
2024-09-25 12:15:00,9.38,
2024-09-25 12:30:00,9.37,
2024-09-25 12:45:00,9.35,
2024-09-25 13:00:00,9.33,
2024-09-25 13:15:00,9.31,
2024-09-25 13:30:00,9.28,
2024-09-25 13:45:00,9.25,
2024-09-25 14:00:00,9.19,
2024-09-25 14:15:00,9.14,
2024-09-25 14:30:00,9.09,
2024-09-25 14:45:00,9.03,
2024-09-25 15:00:00,8.98,
2024-09-25 15:15:00,8.91,
2024-09-25 15:30:00,8.85,
2024-09-25 15:45:00,8.8,
2024-09-25 16:00:00,8.73,
2024-09-25 16:15:00,8.67,
2024-09-25 16:30:00,8.61,
2024-09-25 16:45:00,8.55,
2024-09-25 17:00:00,8.49,
2024-09-25 17:15:00,8.46,
2024-09-25 17:30:00,8.41,
2024-09-25 17:45:00,8.36,
2024-09-25 18:00:00,8.3,
2024-09-25 18:15:00,8.25,
2024-09-25 18:30:00,8.2,
2024-09-25 18:45:00,8.15,
2024-09-25 19:00:00,8.12,
2024-09-25 19:15:00,8.1,
2024-09-25 19:30:00,8.09,
2024-09-25 19:45:00,8.08,
2024-09-25 20:00:00,8.09,
2024-09-25 20:15:00,8.09,
2024-09-25 20:30:00,8.12,
2024-09-25 20:45:00,8.13,
2024-09-25 21:00:00,8.14,
2024-09-25 21:15:00,8.15,
2024-09-25 21:30:00,8.17,
2024-09-25 21:45:00,8.19,
2024-09-25 22:00:00,8.21,
2024-09-25 22:15:00,8.22,
2024-09-25 22:30:00,8.23,
2024-09-25 22:45:00,8.26,
2024-09-25 23:00:00,8.28,
2024-09-25 23:15:00,8.29,
2024-09-25 23:30:00,8.29,
2024-09-25 23:45:00,8.32,
2024-09-26 00:00:00,8.32,
2024-09-26 00:15:00,8.33,
2024-09-26 00:30:00,8.34,
2024-09-26 00:45:00,8.35,
2024-09-26 01:00:00,8.38,
2024-09-26 01:15:00,8.39,
2024-09-26 01:30:00,8.39,
2024-09-26 01:45:00,8.4,
2024-09-26 02:00:00,8.41,
2024-09-26 02:15:00,8.42,
2024-09-26 02:30:00,8.43,
2024-09-26 02:45:00,8.45,
2024-09-26 03:00:00,8.46,
2024-09-26 03:15:00,8.46,
2024-09-26 03:30:00,8.48,
2024-09-26 03:45:00,8.49,
2024-09-26 04:00:00,8.5,
2024-09-26 04:15:00,8.51,
2024-09-26 04:30:00,8.52,
2024-09-26 04:45:00,8.52,
2024-09-26 05:00:00,8.53,
2024-09-26 05:15:00,8.53,
2024-09-26 05:30:00,8.54,
2024-09-26 05:45:00,8.55,
2024-09-26 06:00:00,8.55,
2024-09-26 06:15:00,8.55,
2024-09-26 06:30:00,8.56,
2024-09-26 06:45:00,8.58,
2024-09-26 07:00:00,8.59,
2024-09-26 07:15:00,8.62,
2024-09-26 07:30:00,8.65,
2024-09-26 07:45:00,8.69,
2024-09-26 08:00:00,8.74,
2024-09-26 08:15:00,8.8,
2024-09-26 08:30:00,8.85,
2024-09-26 08:45:00,8.9,
2024-09-26 09:00:00,8.96,
2024-09-26 09:15:00,9.02,
2024-09-26 09:30:00,9.06,
2024-09-26 09:45:00,9.11,
2024-09-26 10:00:00,9.15,
2024-09-26 10:15:00,9.19,
2024-09-26 10:30:00,9.21,
2024-09-26 10:45:00,9.25,
2024-09-26 11:00:00,9.27,
2024-09-26 11:15:00,9.3,
2024-09-26 11:30:00,9.3,
2024-09-26 11:45:00,9.33,
2024-09-26 12:00:00,9.35,
2024-09-26 12:15:00,9.35,
2024-09-26 12:30:00,9.35,
2024-09-26 12:45:00,9.33,
2024-09-26 13:00:00,9.33,
2024-09-26 13:15:00,9.31,
2024-09-26 13:30:00,9.28,
2024-09-26 13:45:00,9.27,
2024-09-26 14:00:00,9.21,
2024-09-26 14:15:00,9.16,
2024-09-26 14:30:00,9.1,
2024-09-26 14:45:00,9.05,
2024-09-26 15:00:00,9.0,
2024-09-26 15:15:00,8.96,
2024-09-26 15:30:00,8.91,
2024-09-26 15:45:00,8.84,
2024-09-26 16:00:00,8.77,
2024-09-26 16:15:00,8.72,
2024-09-26 16:30:00,8.67,
2024-09-26 16:45:00,8.61,
2024-09-26 17:00:00,8.54,
2024-09-26 17:15:00,8.51,
2024-09-26 17:30:00,8.48,
2024-09-26 17:45:00,8.43,
2024-09-26 18:00:00,8.39,
2024-09-26 18:15:00,8.34,
2024-09-26 18:30:00,8.3,
2024-09-26 18:45:00,8.25,
2024-09-26 19:00:00,8.22,
2024-09-26 19:15:00,8.19,
2024-09-26 19:30:00,8.18,
2024-09-26 19:45:00,8.19,
2024-09-26 20:00:00,8.18,
2024-09-26 20:15:00,8.19,
2024-09-26 20:30:00,8.2,
2024-09-26 20:45:00,8.21,
2024-09-26 21:00:00,8.23,
2024-09-26 21:15:00,8.25,
2024-09-26 21:30:00,8.27,
2024-09-26 21:45:00,8.28,
2024-09-26 22:00:00,8.3,
2024-09-26 22:15:00,8.32,
2024-09-26 22:30:00,8.32,
2024-09-26 22:45:00,8.34,
2024-09-26 23:00:00,8.36,
2024-09-26 23:15:00,8.38,
2024-09-26 23:30:00,8.41,
2024-09-26 23:45:00,8.42,
2024-09-27 00:00:00,8.43,
2024-09-27 00:15:00,8.45,
2024-09-27 00:30:00,8.47,
2024-09-27 00:45:00,8.46,
2024-09-27 01:00:00,8.48,
2024-09-27 01:15:00,8.49,
2024-09-27 01:30:00,8.51,
2024-09-27 01:45:00,8.52,
2024-09-27 02:00:00,8.53,
2024-09-27 02:15:00,8.55,
2024-09-27 02:30:00,8.57,
2024-09-27 02:45:00,8.58,
2024-09-27 03:00:00,8.59,
2024-09-27 03:15:00,8.61,
2024-09-27 03:30:00,8.61,
2024-09-27 03:45:00,8.62,
2024-09-27 04:00:00,8.64,
2024-09-27 04:15:00,8.64,
2024-09-27 04:30:00,8.67,
2024-09-27 04:45:00,8.67,
2024-09-27 05:00:00,8.68,
2024-09-27 05:15:00,8.69,
2024-09-27 05:30:00,8.71,
2024-09-27 05:45:00,8.72,
2024-09-27 06:00:00,8.73,
2024-09-27 06:15:00,8.74,
2024-09-27 06:30:00,8.75,
2024-09-27 06:45:00,8.77,
2024-09-27 07:00:00,8.79,
2024-09-27 07:15:00,8.82,
2024-09-27 07:30:00,8.86,
2024-09-27 07:45:00,8.9,
2024-09-27 08:00:00,8.94,
2024-09-27 08:15:00,9.0,
2024-09-27 08:30:00,9.06,
2024-09-27 08:45:00,9.1,
2024-09-27 09:00:00,9.17,
2024-09-27 09:15:00,9.22,
2024-09-27 09:30:00,9.26,
2024-09-27 09:45:00,9.31,
2024-09-27 10:00:00,9.36,
2024-09-27 10:15:00,9.39,
2024-09-27 10:30:00,9.42,
2024-09-27 10:45:00,9.44,
2024-09-27 11:00:00,9.46,
2024-09-27 11:15:00,9.47,
2024-09-27 11:30:00,9.49,
2024-09-27 11:45:00,9.51,
2024-09-27 12:00:00,9.52,
2024-09-27 12:15:00,9.52,
2024-09-27 12:30:00,9.53,
2024-09-27 12:45:00,9.5,
2024-09-27 13:00:00,9.48,
2024-09-27 13:15:00,9.44,
2024-09-27 13:30:00,9.38,
2024-09-27 13:45:00,9.34,
2024-09-27 14:00:00,9.27,
2024-09-27 14:15:00,9.28,
2024-09-27 14:30:00,9.27,
2024-09-27 14:45:00,9.23,
2024-09-27 15:00:00,9.16,
2024-09-27 15:15:00,9.09,
2024-09-27 15:30:00,9.02,
2024-09-27 15:45:00,8.95,
2024-09-27 16:00:00,8.88,
2024-09-27 16:15:00,8.83,
2024-09-27 16:30:00,8.74,
2024-09-27 16:45:00,8.7,
2024-09-27 17:00:00,8.66,
2024-09-27 17:15:00,8.62,
2024-09-27 17:30:00,8.56,
2024-09-27 17:45:00,8.53,
2024-09-27 18:00:00,8.48,
2024-09-27 18:15:00,8.43,
2024-09-27 18:30:00,8.37,
2024-09-27 18:45:00,8.33,
2024-09-27 19:00:00,8.29,
2024-09-27 19:15:00,8.26,
2024-09-27 19:30:00,8.25,
2024-09-27 19:45:00,8.25,
2024-09-27 20:00:00,8.24,
2024-09-27 20:15:00,8.26,
2024-09-27 20:30:00,8.27,
2024-09-27 20:45:00,8.29,
2024-09-27 21:00:00,8.3,
2024-09-27 21:15:00,8.33,
2024-09-27 21:30:00,8.34,
2024-09-27 21:45:00,8.34,
2024-09-27 22:00:00,8.38,
2024-09-27 22:15:00,8.39,
2024-09-27 22:30:00,8.41,
2024-09-27 22:45:00,8.41,
2024-09-27 23:00:00,8.44,
2024-09-27 23:15:00,8.45,
2024-09-27 23:30:00,8.46,
2024-09-27 23:45:00,8.48,
2024-09-28 00:00:00,8.48,
2024-09-28 00:15:00,8.51,
2024-09-28 00:30:00,8.52,
2024-09-28 00:45:00,8.53,
2024-09-28 01:00:00,8.53,
2024-09-28 01:15:00,8.54,
2024-09-28 01:30:00,8.56,
2024-09-28 01:45:00,8.57,
2024-09-28 02:00:00,8.58,
2024-09-28 02:15:00,8.59,
2024-09-28 02:30:00,8.61,
2024-09-28 02:45:00,8.62,
2024-09-28 03:00:00,8.62,
2024-09-28 03:15:00,8.63,
2024-09-28 03:30:00,8.66,
2024-09-28 03:45:00,8.66,
2024-09-28 04:00:00,8.68,
2024-09-28 04:15:00,8.69,
2024-09-28 04:30:00,8.7,
2024-09-28 04:45:00,8.7,
2024-09-28 05:00:00,8.71,
2024-09-28 05:15:00,8.71,
2024-09-28 05:30:00,8.73,
2024-09-28 05:45:00,8.74,
2024-09-28 06:00:00,8.74,
2024-09-28 06:15:00,8.76,
2024-09-28 06:30:00,8.79,
2024-09-28 06:45:00,8.81,
2024-09-28 07:00:00,8.83,
2024-09-28 07:15:00,8.86,
2024-09-28 07:30:00,8.89,
2024-09-28 07:45:00,8.94,
2024-09-28 08:00:00,8.98,
2024-09-28 08:15:00,9.04,
2024-09-28 08:30:00,9.07,
2024-09-28 08:45:00,9.13,
2024-09-28 09:00:00,9.18,
2024-09-28 09:15:00,9.24,
2024-09-28 09:30:00,9.3,
2024-09-28 09:45:00,9.34,
2024-09-28 10:00:00,9.38,
2024-09-28 10:15:00,9.42,
2024-09-28 10:30:00,9.45,
2024-09-28 10:45:00,9.46,
2024-09-28 11:00:00,9.5,
2024-09-28 11:15:00,9.5,
2024-09-28 11:30:00,9.51,
2024-09-28 11:45:00,9.52,
2024-09-28 12:00:00,9.53,
2024-09-28 12:15:00,9.52,
2024-09-28 12:30:00,9.53,
2024-09-28 12:45:00,9.5,
2024-09-28 13:00:00,9.5,
2024-09-28 13:15:00,9.47,
2024-09-28 13:30:00,9.43,
2024-09-28 13:45:00,9.39,
2024-09-28 14:00:00,9.34,
2024-09-28 14:15:00,9.29,
2024-09-28 14:30:00,9.23,
2024-09-28 14:45:00,9.18,
2024-09-28 15:00:00,9.12,
2024-09-28 15:15:00,9.04,
2024-09-28 15:30:00,8.99,
2024-09-28 15:45:00,8.93,
2024-09-28 16:00:00,8.85,
2024-09-28 16:15:00,8.78,
2024-09-28 16:30:00,8.74,
2024-09-28 16:45:00,8.67,
2024-09-28 17:00:00,8.61,
2024-09-28 17:15:00,8.58,
2024-09-28 17:30:00,8.53,
2024-09-28 17:45:00,8.48,
2024-09-28 18:00:00,8.43,
2024-09-28 18:15:00,8.38,
2024-09-28 18:30:00,8.33,
2024-09-28 18:45:00,8.27,
2024-09-28 19:00:00,8.24,
2024-09-28 19:15:00,8.22,
2024-09-28 19:30:00,8.21,
2024-09-28 19:45:00,8.2,
2024-09-28 20:00:00,8.2,
2024-09-28 20:15:00,8.21,
2024-09-28 20:30:00,8.22,
2024-09-28 20:45:00,8.22,
2024-09-28 21:00:00,8.23,
2024-09-28 21:15:00,8.24,
2024-09-28 21:30:00,8.26,
2024-09-28 21:45:00,8.27,
2024-09-28 22:00:00,8.28,
2024-09-28 22:15:00,8.3,
2024-09-28 22:30:00,8.32,
2024-09-28 22:45:00,8.31,
2024-09-28 23:00:00,8.32,
2024-09-28 23:15:00,8.34,
2024-09-28 23:30:00,8.36,
2024-09-28 23:45:00,8.37,
2024-09-29 00:00:00,8.39,
2024-09-29 00:15:00,8.39,
2024-09-29 00:30:00,8.42,
2024-09-29 00:45:00,8.42,
2024-09-29 01:00:00,8.43,
2024-09-29 01:15:00,8.43,
2024-09-29 01:30:00,8.44,
2024-09-29 01:45:00,8.44,
2024-09-29 02:00:00,8.46,
2024-09-29 02:15:00,8.48,
2024-09-29 02:30:00,8.49,
2024-09-29 02:45:00,8.49,
2024-09-29 03:00:00,8.5,
2024-09-29 03:15:00,8.51,
2024-09-29 03:30:00,8.51,
2024-09-29 03:45:00,8.52,
2024-09-29 04:00:00,8.53,
2024-09-29 04:15:00,8.54,
2024-09-29 04:30:00,8.54,
2024-09-29 04:45:00,8.55,
2024-09-29 05:00:00,8.55,
2024-09-29 05:15:00,8.56,
2024-09-29 05:30:00,8.56,
2024-09-29 05:45:00,8.57,
2024-09-29 06:00:00,8.57,
2024-09-29 06:15:00,8.58,
2024-09-29 06:30:00,8.58,
2024-09-29 06:45:00,8.6,
2024-09-29 07:00:00,8.61,
2024-09-29 07:15:00,8.65,
2024-09-29 07:30:00,8.68,
2024-09-29 07:45:00,8.74,
2024-09-29 08:00:00,8.78,
2024-09-29 08:15:00,8.82,
2024-09-29 08:30:00,8.87,
2024-09-29 08:45:00,8.92,
2024-09-29 09:00:00,8.96,
2024-09-29 09:15:00,9.03,
2024-09-29 09:30:00,9.07,
2024-09-29 09:45:00,9.11,
2024-09-29 10:00:00,9.16,
2024-09-29 10:15:00,9.19,
2024-09-29 10:30:00,9.21,
2024-09-29 10:45:00,9.25,
2024-09-29 11:00:00,9.25,
2024-09-29 11:15:00,9.29,
2024-09-29 11:30:00,9.3,
2024-09-29 11:45:00,9.3,
2024-09-29 12:00:00,9.31,
2024-09-29 12:15:00,9.31,
2024-09-29 12:30:00,9.31,
2024-09-29 12:45:00,9.31,
2024-09-29 13:00:00,9.28,
2024-09-29 13:15:00,9.26,
2024-09-29 13:30:00,9.24,
2024-09-29 13:45:00,9.21,
2024-09-29 14:00:00,9.17,
2024-09-29 14:15:00,9.13,
2024-09-29 14:30:00,9.06,
2024-09-29 14:45:00,9.02,
2024-09-29 15:00:00,8.95,
2024-09-29 15:15:00,8.9,
2024-09-29 15:30:00,8.83,
2024-09-29 15:45:00,8.76,
2024-09-29 16:00:00,8.69,
2024-09-29 16:15:00,8.63,
2024-09-29 16:30:00,8.58,
2024-09-29 16:45:00,8.51,
2024-09-29 17:00:00,8.48,
2024-09-29 17:15:00,8.41,
2024-09-29 17:30:00,8.37,
2024-09-29 17:45:00,8.33,
2024-09-29 18:00:00,8.26,
2024-09-29 18:15:00,8.21,
2024-09-29 18:30:00,8.16,
2024-09-29 18:45:00,8.1,
2024-09-29 19:00:00,8.07,
2024-09-29 19:15:00,8.06,
2024-09-29 19:30:00,8.05,
2024-09-29 19:45:00,8.05,
2024-09-29 20:00:00,8.06,
2024-09-29 20:15:00,8.06,
2024-09-29 20:30:00,8.08,
2024-09-29 20:45:00,8.09,
2024-09-29 21:00:00,8.11,
2024-09-29 21:15:00,8.13,
2024-09-29 21:30:00,8.15,
2024-09-29 21:45:00,8.17,
2024-09-29 22:00:00,8.18,
2024-09-29 22:15:00,8.2,
2024-09-29 22:30:00,8.23,
2024-09-29 22:45:00,8.24,
2024-09-29 23:00:00,8.24,
2024-09-29 23:15:00,8.26,
2024-09-29 23:30:00,8.27,
2024-09-29 23:45:00,8.29,
2024-09-30 00:00:00,8.28,
2024-09-30 00:15:00,8.33,
2024-09-30 00:30:00,8.34,
2024-09-30 00:45:00,8.33,
2024-09-30 01:00:00,8.38,
2024-09-30 01:15:00,8.38,
2024-09-30 01:30:00,8.4,
2024-09-30 01:45:00,8.41,
2024-09-30 02:00:00,8.43,
2024-09-30 02:15:00,8.43,
2024-09-30 02:30:00,8.45,
2024-09-30 02:45:00,8.45,
2024-09-30 03:00:00,8.48,
2024-09-30 03:15:00,8.49,
2024-09-30 03:30:00,8.5,
2024-09-30 03:45:00,8.52,
2024-09-30 04:00:00,8.52,
2024-09-30 04:15:00,8.54,
2024-09-30 04:30:00,8.55,
2024-09-30 04:45:00,8.55,
2024-09-30 05:00:00,8.57,
2024-09-30 05:15:00,8.58,
2024-09-30 05:30:00,8.6,
2024-09-30 05:45:00,8.61,
2024-09-30 06:00:00,8.62,
2024-09-30 06:15:00,8.63,
2024-09-30 06:30:00,8.65,
2024-09-30 06:45:00,8.67,
2024-09-30 07:00:00,8.7,
2024-09-30 07:15:00,8.73,
2024-09-30 07:30:00,8.77,
2024-09-30 07:45:00,8.82,
2024-09-30 08:00:00,8.86,
2024-09-30 08:15:00,8.92,
2024-09-30 08:30:00,8.98,
2024-09-30 08:45:00,9.05,
2024-09-30 09:00:00,9.1,
2024-09-30 09:15:00,9.18,
2024-09-30 09:30:00,9.22,
2024-09-30 09:45:00,9.27,
2024-09-30 10:00:00,9.31,
2024-09-30 10:15:00,9.36,
2024-09-30 10:30:00,9.4,
2024-09-30 10:45:00,9.44,
2024-09-30 11:00:00,9.46,
2024-09-30 11:15:00,9.48,
2024-09-30 11:30:00,9.5,
2024-09-30 11:45:00,9.52,
2024-09-30 12:00:00,9.53,
2024-09-30 12:15:00,9.54,
2024-09-30 12:30:00,9.54,
2024-09-30 12:45:00,9.53,
2024-09-30 13:00:00,9.54,
2024-09-30 13:15:00,9.51,
2024-09-30 13:30:00,9.51,
2024-09-30 13:45:00,9.46,
2024-09-30 14:00:00,9.42,
2024-09-30 14:15:00,9.39,
2024-09-30 14:30:00,9.35,
2024-09-30 14:45:00,9.3,
2024-09-30 15:00:00,9.26,
2024-09-30 15:15:00,9.22,
2024-09-30 15:30:00,9.18,
2024-09-30 15:45:00,9.14,
2024-09-30 16:00:00,9.09,
2024-09-30 16:15:00,9.05,
2024-09-30 16:30:00,9.01,
2024-09-30 16:45:00,8.96,
2024-09-30 17:00:00,8.9,
2024-09-30 17:15:00,8.83,
2024-09-30 17:30:00,8.77,
2024-09-30 17:45:00,8.75,
2024-09-30 18:00:00,8.71,
2024-09-30 18:15:00,8.67,
2024-09-30 18:30:00,8.62,
2024-09-30 18:45:00,8.58,
2024-09-30 19:00:00,8.54,
2024-09-30 19:15:00,8.53,
2024-09-30 19:30:00,8.54,
2024-09-30 19:45:00,8.52,
2024-09-30 20:00:00,8.54,
2024-09-30 20:15:00,8.55,
2024-09-30 20:30:00,8.56,
2024-09-30 20:45:00,8.58,
2024-09-30 21:00:00,8.6,
2024-09-30 21:15:00,8.62,
2024-09-30 21:30:00,8.65,
2024-09-30 21:45:00,8.67,
2024-09-30 22:00:00,8.69,
2024-09-30 22:15:00,8.71,
2024-09-30 22:30:00,8.74,
2024-09-30 22:45:00,8.75,
2024-09-30 23:00:00,8.76,
2024-09-30 23:15:00,8.78,
2024-09-30 23:30:00,8.81,
2024-09-30 23:45:00,8.81,
2024-10-01 00:00:00,8.83,
2024-10-01 00:15:00,8.84,
2024-10-01 00:30:00,8.86,
2024-10-01 00:45:00,8.87,
2024-10-01 01:00:00,8.88,
2024-10-01 01:15:00,8.89,
2024-10-01 01:30:00,8.91,
2024-10-01 01:45:00,8.93,
2024-10-01 02:00:00,8.94,
2024-10-01 02:15:00,8.95,
2024-10-01 02:30:00,8.97,
2024-10-01 02:45:00,8.97,
2024-10-01 03:00:00,8.99,
2024-10-01 03:15:00,9.01,
2024-10-01 03:30:00,9.01,
2024-10-01 03:45:00,9.03,
2024-10-01 04:00:00,9.05,
2024-10-01 04:15:00,9.05,
2024-10-01 04:30:00,9.07,
2024-10-01 04:45:00,9.1,
2024-10-01 05:00:00,9.1,
2024-10-01 05:15:00,9.12,
2024-10-01 05:30:00,9.14,
2024-10-01 05:45:00,9.14,
2024-10-01 06:00:00,9.15,
2024-10-01 06:15:00,9.18,
2024-10-01 06:30:00,9.19,
2024-10-01 06:45:00,9.21,
2024-10-01 07:00:00,9.24,
2024-10-01 07:15:00,9.27,
2024-10-01 07:30:00,9.31,
2024-10-01 07:45:00,9.35,
2024-10-01 08:00:00,9.39,
2024-10-01 08:15:00,9.44,
2024-10-01 08:30:00,9.5,
2024-10-01 08:45:00,9.54,
2024-10-01 09:00:00,9.6,
2024-10-01 09:15:00,9.66,
2024-10-01 09:30:00,9.7,
2024-10-01 09:45:00,9.75,
2024-10-01 10:00:00,9.78,
2024-10-01 10:15:00,9.8,
2024-10-01 10:30:00,9.84,
2024-10-01 10:45:00,9.85,
2024-10-01 11:00:00,9.86,
2024-10-01 11:15:00,9.88,
2024-10-01 11:30:00,9.89,
2024-10-01 11:45:00,9.9,
2024-10-01 12:00:00,9.9,
2024-10-01 12:15:00,9.89,
2024-10-01 12:30:00,9.89,
2024-10-01 12:45:00,9.87,
2024-10-01 13:00:00,9.85,
2024-10-01 13:15:00,9.83,
2024-10-01 13:30:00,9.81,
2024-10-01 13:45:00,9.79,
2024-10-01 14:00:00,9.72,
2024-10-01 14:15:00,9.66,
2024-10-01 14:30:00,9.61,
2024-10-01 14:45:00,9.58,
2024-10-01 15:00:00,9.51,
2024-10-01 15:15:00,9.46,
2024-10-01 15:30:00,9.41,
2024-10-01 15:45:00,9.35,
2024-10-01 16:00:00,9.27,
2024-10-01 16:15:00,9.21,
2024-10-01 16:30:00,9.16,
2024-10-01 16:45:00,9.12,
2024-10-01 17:00:00,9.04,
2024-10-01 17:15:00,9.01,
2024-10-01 17:30:00,8.97,
2024-10-01 17:45:00,8.92,
2024-10-01 18:00:00,8.88,
2024-10-01 18:15:00,8.81,
2024-10-01 18:30:00,8.78,
2024-10-01 18:45:00,8.75,
2024-10-01 19:00:00,8.72,
2024-10-01 19:15:00,8.71,
2024-10-01 19:30:00,8.7,
2024-10-01 19:45:00,8.7,
2024-10-01 20:00:00,8.7,
2024-10-01 20:15:00,8.71,
2024-10-01 20:30:00,8.72,
2024-10-01 20:45:00,8.74,
2024-10-01 21:00:00,8.75,
2024-10-01 21:15:00,8.77,
2024-10-01 21:30:00,8.78,
2024-10-01 21:45:00,8.8,
2024-10-01 22:00:00,8.81,
2024-10-01 22:15:00,8.82,
2024-10-01 22:30:00,8.84,
2024-10-01 22:45:00,8.86,
2024-10-01 23:00:00,8.86,
2024-10-01 23:15:00,8.89,
2024-10-01 23:30:00,8.9,
2024-10-01 23:45:00,8.91,
2024-10-02 00:00:00,8.92,
2024-10-02 00:15:00,8.93,
2024-10-02 00:30:00,8.94,
2024-10-02 00:45:00,8.95,
2024-10-02 01:00:00,8.95,
2024-10-02 01:15:00,8.97,
2024-10-02 01:30:00,8.99,
2024-10-02 01:45:00,8.99,
2024-10-02 02:00:00,8.99,
2024-10-02 02:15:00,9.02,
2024-10-02 02:30:00,9.02,
2024-10-02 02:45:00,9.03,
2024-10-02 03:00:00,9.04,
2024-10-02 03:15:00,9.05,
2024-10-02 03:30:00,9.06,
2024-10-02 03:45:00,9.06,
2024-10-02 04:00:00,9.08,
2024-10-02 04:15:00,9.09,
2024-10-02 04:30:00,9.1,
2024-10-02 04:45:00,9.11,
2024-10-02 05:00:00,9.11,
2024-10-02 05:15:00,9.12,
2024-10-02 05:30:00,9.13,
2024-10-02 05:45:00,9.14,
2024-10-02 06:00:00,9.15,
2024-10-02 06:15:00,9.15,
2024-10-02 06:30:00,9.17,
2024-10-02 06:45:00,9.18,
2024-10-02 07:00:00,9.2,
2024-10-02 07:15:00,9.23,
2024-10-02 07:30:00,9.27,
2024-10-02 07:45:00,9.31,
2024-10-02 08:00:00,9.34,
2024-10-02 08:15:00,9.39,
2024-10-02 08:30:00,9.44,
2024-10-02 08:45:00,9.5,
2024-10-02 09:00:00,9.54,
2024-10-02 09:15:00,9.61,
2024-10-02 09:30:00,9.65,
2024-10-02 09:45:00,9.69,
2024-10-02 10:00:00,9.72,
2024-10-02 10:15:00,9.75,
2024-10-02 10:30:00,9.79,
2024-10-02 10:45:00,9.79,
2024-10-02 11:00:00,9.81,
2024-10-02 11:15:00,9.84,
2024-10-02 11:30:00,9.85,
2024-10-02 11:45:00,9.87,
2024-10-02 12:00:00,9.87,
2024-10-02 12:15:00,9.86,
2024-10-02 12:30:00,9.86,
2024-10-02 12:45:00,9.84,
2024-10-02 13:00:00,9.82,
2024-10-02 13:15:00,9.8,
2024-10-02 13:30:00,9.76,
2024-10-02 13:45:00,9.7,
2024-10-02 14:00:00,9.66,
2024-10-02 14:15:00,9.58,
2024-10-02 14:30:00,9.52,
2024-10-02 14:45:00,9.5,
2024-10-02 15:00:00,9.43,
2024-10-02 15:15:00,9.36,
2024-10-02 15:30:00,9.3,
2024-10-02 15:45:00,9.25,
2024-10-02 16:00:00,9.2,
2024-10-02 16:15:00,9.15,
2024-10-02 16:30:00,9.08,
2024-10-02 16:45:00,9.02,
2024-10-02 17:00:00,8.97,
2024-10-02 17:15:00,8.92,
2024-10-02 17:30:00,8.88,
2024-10-02 17:45:00,8.84,
2024-10-02 18:00:00,8.79,
2024-10-02 18:15:00,8.74,
2024-10-02 18:30:00,8.69,
2024-10-02 18:45:00,8.67,
2024-10-02 19:00:00,8.64,
2024-10-02 19:15:00,8.63,
2024-10-02 19:30:00,8.63,
2024-10-02 19:45:00,8.63,
2024-10-02 20:00:00,8.65,
2024-10-02 20:15:00,8.65,
2024-10-02 20:30:00,8.67,
2024-10-02 20:45:00,8.68,
2024-10-02 21:00:00,8.71,
2024-10-02 21:15:00,8.72,
2024-10-02 21:30:00,8.73,
2024-10-02 21:45:00,8.74,
2024-10-02 22:00:00,8.76,
2024-10-02 22:15:00,8.77,
2024-10-02 22:30:00,8.79,
2024-10-02 22:45:00,8.8,
2024-10-02 23:00:00,8.82,
2024-10-02 23:15:00,8.83,
2024-10-02 23:30:00,8.83,
2024-10-02 23:45:00,8.85,
2024-10-03 00:00:00,8.85,
2024-10-03 00:15:00,8.86,
2024-10-03 00:30:00,8.88,
2024-10-03 00:45:00,8.89,
2024-10-03 01:00:00,8.9,
2024-10-03 01:15:00,8.91,
2024-10-03 01:30:00,8.92,
2024-10-03 01:45:00,8.93,
2024-10-03 02:00:00,8.94,
2024-10-03 02:15:00,8.94,
2024-10-03 02:30:00,8.96,
2024-10-03 02:45:00,8.96,
2024-10-03 03:00:00,8.96,
2024-10-03 03:15:00,8.96,
2024-10-03 03:30:00,8.97,
2024-10-03 03:45:00,8.98,
2024-10-03 04:00:00,9.0,
2024-10-03 04:15:00,9.0,
2024-10-03 04:30:00,9.01,
2024-10-03 04:45:00,9.01,
2024-10-03 05:00:00,9.02,
2024-10-03 05:15:00,9.04,
2024-10-03 05:30:00,9.05,
2024-10-03 05:45:00,9.06,
2024-10-03 06:00:00,9.07,
2024-10-03 06:15:00,9.08,
2024-10-03 06:30:00,9.1,
2024-10-03 06:45:00,9.11,
2024-10-03 07:00:00,9.13,
2024-10-03 07:15:00,9.16,
2024-10-03 07:30:00,9.19,
2024-10-03 07:45:00,9.24,
2024-10-03 08:00:00,9.29,
2024-10-03 08:15:00,9.34,
2024-10-03 08:30:00,9.38,
2024-10-03 08:45:00,9.43,
2024-10-03 09:00:00,9.5,
2024-10-03 09:15:00,9.54,
2024-10-03 09:30:00,9.58,
2024-10-03 09:45:00,9.63,
2024-10-03 10:00:00,9.64,
2024-10-03 10:15:00,9.68,
2024-10-03 10:30:00,9.71,
2024-10-03 10:45:00,9.74,
2024-10-03 11:00:00,9.77,
2024-10-03 11:15:00,9.77,
2024-10-03 11:30:00,9.79,
2024-10-03 11:45:00,9.8,
2024-10-03 12:00:00,9.79,
2024-10-03 12:15:00,9.8,
2024-10-03 12:30:00,9.78,
2024-10-03 12:45:00,9.77,
2024-10-03 13:00:00,9.75,
2024-10-03 13:15:00,9.74,
2024-10-03 13:30:00,9.72,
2024-10-03 13:45:00,9.67,
2024-10-03 14:00:00,9.63,
2024-10-03 14:15:00,9.58,
2024-10-03 14:30:00,9.56,
2024-10-03 14:45:00,9.48,
2024-10-03 15:00:00,9.42,
2024-10-03 15:15:00,9.38,
2024-10-03 15:30:00,9.33,
2024-10-03 15:45:00,9.27,
2024-10-03 16:00:00,9.24,
2024-10-03 16:15:00,9.18,
2024-10-03 16:30:00,9.13,
2024-10-03 16:45:00,9.08,
2024-10-03 17:00:00,9.05,
2024-10-03 17:15:00,8.99,
2024-10-03 17:30:00,8.95,
2024-10-03 17:45:00,8.91,
2024-10-03 18:00:00,8.87,
2024-10-03 18:15:00,8.81,
2024-10-03 18:30:00,8.78,
2024-10-03 18:45:00,8.74,
2024-10-03 19:00:00,8.72,
2024-10-03 19:15:00,8.71,
2024-10-03 19:30:00,8.71,
2024-10-03 19:45:00,8.72,
2024-10-03 20:00:00,8.72,
2024-10-03 20:15:00,8.73,
2024-10-03 20:30:00,8.74,
2024-10-03 20:45:00,8.75,
2024-10-03 21:00:00,8.76,
2024-10-03 21:15:00,8.78,
2024-10-03 21:30:00,8.79,
2024-10-03 21:45:00,8.8,
2024-10-03 22:00:00,8.82,
2024-10-03 22:15:00,8.82,
2024-10-03 22:30:00,8.84,
2024-10-03 22:45:00,8.85,
2024-10-03 23:00:00,8.86,
2024-10-03 23:15:00,8.87,
2024-10-03 23:30:00,8.89,
2024-10-03 23:45:00,8.89,
2024-10-04 00:00:00,8.9,
2024-10-04 00:15:00,8.91,
2024-10-04 00:30:00,8.93,
2024-10-04 00:45:00,8.94,
2024-10-04 01:00:00,8.95,
2024-10-04 01:15:00,8.96,
2024-10-04 01:30:00,8.96,
2024-10-04 01:45:00,8.97,
2024-10-04 02:00:00,8.99,
2024-10-04 02:15:00,8.99,
2024-10-04 02:30:00,9.0,
2024-10-04 02:45:00,9.01,
2024-10-04 03:00:00,9.03,
2024-10-04 03:15:00,9.03,
2024-10-04 03:30:00,9.05,
2024-10-04 03:45:00,9.04,
2024-10-04 04:00:00,9.06,
2024-10-04 04:15:00,9.07,
2024-10-04 04:30:00,9.08,
2024-10-04 04:45:00,9.09,
2024-10-04 05:00:00,9.1,
2024-10-04 05:15:00,9.11,
2024-10-04 05:30:00,9.12,
2024-10-04 05:45:00,9.13,
2024-10-04 06:00:00,9.14,
2024-10-04 06:15:00,9.15,
2024-10-04 06:30:00,9.16,
2024-10-04 06:45:00,9.17,
2024-10-04 07:00:00,9.18,
2024-10-04 07:15:00,9.21,
2024-10-04 07:30:00,9.24,
2024-10-04 07:45:00,9.28,
2024-10-04 08:00:00,9.32,
2024-10-04 08:15:00,9.37,
2024-10-04 08:30:00,9.42,
2024-10-04 08:45:00,9.46,
2024-10-04 09:00:00,9.53,
2024-10-04 09:15:00,9.58,
2024-10-04 09:30:00,9.62,
2024-10-04 09:45:00,9.66,
2024-10-04 10:00:00,9.69,
2024-10-04 10:15:00,9.73,
2024-10-04 10:30:00,9.75,
2024-10-04 10:45:00,9.78,
2024-10-04 11:00:00,9.78,
2024-10-04 11:15:00,9.786,LI
2024-10-04 11:30:00,9.792,LI
2024-10-04 11:45:00,9.798,LI
2024-10-04 12:00:00,9.804,LI
2024-10-04 12:15:00,9.81,
2024-10-04 12:30:00,9.8,
2024-10-04 12:45:00,9.83,
2024-10-04 13:00:00,9.82,
2024-10-04 13:15:00,9.81,
2024-10-04 13:30:00,9.8,
2024-10-04 13:45:00,9.78,
2024-10-04 14:00:00,9.75,
2024-10-04 14:15:00,9.72,
2024-10-04 14:30:00,9.69,
2024-10-04 14:45:00,9.65,
2024-10-04 15:00:00,9.59,
2024-10-04 15:15:00,9.56,
2024-10-04 15:30:00,9.49,
2024-10-04 15:45:00,9.46,
2024-10-04 16:00:00,9.4,
2024-10-04 16:15:00,9.36,
2024-10-04 16:30:00,9.31,
2024-10-04 16:45:00,9.25,
2024-10-04 17:00:00,9.18,
2024-10-04 17:15:00,9.13,
2024-10-04 17:30:00,9.08,
2024-10-04 17:45:00,9.02,
2024-10-04 18:00:00,8.97,
2024-10-04 18:15:00,8.93,
2024-10-04 18:30:00,8.88,
2024-10-04 18:45:00,8.83,
2024-10-04 19:00:00,8.73,
2024-10-04 19:15:00,8.69,
2024-10-04 19:30:00,8.66,
2024-10-04 19:45:00,8.63,
2024-10-04 20:00:00,8.61,
2024-10-04 20:15:00,8.57,
2024-10-04 20:30:00,8.57,
2024-10-04 20:45:00,8.57,
2024-10-04 21:00:00,8.57,
2024-10-04 21:15:00,8.57,
2024-10-04 21:30:00,8.57,
2024-10-04 21:45:00,8.58,
2024-10-04 22:00:00,8.59,
2024-10-04 22:15:00,8.59,
2024-10-04 22:30:00,8.61,
2024-10-04 22:45:00,8.62,
2024-10-04 23:00:00,8.62,
2024-10-04 23:15:00,8.63,
2024-10-04 23:30:00,8.63,
2024-10-04 23:45:00,8.64,
2024-10-05 00:00:00,8.64,
2024-10-05 00:15:00,8.64,
2024-10-05 00:30:00,8.64,
2024-10-05 00:45:00,8.64,
2024-10-05 01:00:00,8.65,
2024-10-05 01:15:00,8.66,
2024-10-05 01:30:00,8.66,
2024-10-05 01:45:00,8.67,
2024-10-05 02:00:00,8.66,
2024-10-05 02:15:00,8.66,
2024-10-05 02:30:00,8.68,
2024-10-05 02:45:00,8.69,
2024-10-05 03:00:00,8.71,
2024-10-05 03:15:00,8.7,
2024-10-05 03:30:00,8.71,
2024-10-05 03:45:00,8.72,
2024-10-05 04:00:00,8.74,
2024-10-05 04:15:00,8.75,
2024-10-05 04:30:00,8.76,
2024-10-05 04:45:00,8.77,
2024-10-05 05:00:00,8.78,
2024-10-05 05:15:00,8.79,
2024-10-05 05:30:00,8.8,
2024-10-05 05:45:00,8.81,
2024-10-05 06:00:00,8.81,
2024-10-05 06:15:00,8.83,
2024-10-05 06:30:00,8.84,
2024-10-05 06:45:00,8.85,
2024-10-05 07:00:00,8.86,
2024-10-05 07:15:00,8.88,
2024-10-05 07:30:00,8.88,
2024-10-05 07:45:00,8.9,
2024-10-05 08:00:00,8.91,
2024-10-05 08:15:00,8.93,
2024-10-05 08:30:00,8.96,
2024-10-05 08:45:00,9.0,
2024-10-05 09:00:00,9.05,
2024-10-05 09:15:00,9.1,
2024-10-05 09:30:00,9.15,
2024-10-05 09:45:00,9.2,
2024-10-05 10:00:00,9.27,
2024-10-05 10:15:00,9.32,
2024-10-05 10:30:00,9.37,
2024-10-05 10:45:00,9.41,
2024-10-05 11:00:00,9.45,
2024-10-05 11:15:00,9.48,
2024-10-05 11:30:00,9.5,
2024-10-05 11:45:00,9.55,
2024-10-05 12:00:00,9.56,
2024-10-05 12:15:00,9.59,
2024-10-05 12:30:00,9.59,
2024-10-05 12:45:00,9.62,
2024-10-05 13:00:00,9.64,
2024-10-05 13:15:00,9.64,
2024-10-05 13:30:00,9.63,
2024-10-05 13:45:00,9.62,
2024-10-05 14:00:00,9.58,
2024-10-05 14:15:00,9.57,
2024-10-05 14:30:00,9.55,
2024-10-05 14:45:00,9.5,
2024-10-05 15:00:00,9.47,
2024-10-05 15:15:00,9.42,
2024-10-05 15:30:00,9.38,
2024-10-05 15:45:00,9.33,
2024-10-05 16:00:00,9.28,
2024-10-05 16:15:00,9.22,
2024-10-05 16:30:00,9.17,
2024-10-05 16:45:00,9.11,
2024-10-05 17:00:00,9.07,
2024-10-05 17:15:00,9.01,
2024-10-05 17:30:00,8.96,
2024-10-05 17:45:00,8.92,
2024-10-05 18:00:00,8.88,
2024-10-05 18:15:00,8.84,
2024-10-05 18:30:00,8.8,
2024-10-05 18:45:00,8.75,
2024-10-05 19:00:00,8.7,
2024-10-05 19:15:00,8.65,
2024-10-05 19:30:00,8.61,
2024-10-05 19:45:00,8.58,
2024-10-05 20:00:00,8.56,
2024-10-05 20:15:00,8.55,
2024-10-05 20:30:00,8.55,
2024-10-05 20:45:00,8.56,
2024-10-05 21:00:00,8.58,
2024-10-05 21:15:00,8.58,
2024-10-05 21:30:00,8.6,
2024-10-05 21:45:00,8.61,
2024-10-05 22:00:00,8.62,
2024-10-05 22:15:00,8.64,
2024-10-05 22:30:00,8.66,
2024-10-05 22:45:00,8.67,
2024-10-05 23:00:00,8.69,
2024-10-05 23:15:00,8.7,
2024-10-05 23:30:00,8.72,
2024-10-05 23:45:00,8.73,
2024-10-06 00:00:00,8.74,
2024-10-06 00:15:00,8.76,
2024-10-06 00:30:00,8.77,
2024-10-06 00:45:00,8.79,
2024-10-06 01:00:00,8.8,
2024-10-06 01:15:00,8.8,
2024-10-06 01:30:00,8.82,
2024-10-06 01:45:00,8.83,
2024-10-06 02:00:00,8.84,
2024-10-06 02:15:00,8.85,
2024-10-06 02:30:00,8.87,
2024-10-06 02:45:00,8.88,
2024-10-06 03:00:00,8.89,
2024-10-06 03:15:00,8.91,
2024-10-06 03:30:00,8.91,
2024-10-06 03:45:00,8.92,
2024-10-06 04:00:00,8.94,
2024-10-06 04:15:00,8.96,
2024-10-06 04:30:00,8.96,
2024-10-06 04:45:00,8.97,
2024-10-06 05:00:00,8.98,
2024-10-06 05:15:00,8.99,
2024-10-06 05:30:00,9.0,
2024-10-06 05:45:00,9.01,
2024-10-06 06:00:00,9.03,
2024-10-06 06:15:00,9.04,
2024-10-06 06:30:00,9.05,
2024-10-06 06:45:00,9.06,
2024-10-06 07:00:00,9.08,
2024-10-06 07:15:00,9.09,
2024-10-06 07:30:00,9.1,
2024-10-06 07:45:00,9.11,
2024-10-06 08:00:00,9.14,
2024-10-06 08:15:00,9.16,
2024-10-06 08:30:00,9.19,
2024-10-06 08:45:00,9.23,
2024-10-06 09:00:00,9.28,
2024-10-06 09:15:00,9.32,
2024-10-06 09:30:00,9.37,
2024-10-06 09:45:00,9.43,
2024-10-06 10:00:00,9.48,
2024-10-06 10:15:00,9.54,
2024-10-06 10:30:00,9.58,
2024-10-06 10:45:00,9.61,
2024-10-06 11:00:00,9.66,
2024-10-06 11:15:00,9.68,
2024-10-06 11:30:00,9.72,
2024-10-06 11:45:00,9.75,
2024-10-06 12:00:00,9.77,
2024-10-06 12:15:00,9.78,
2024-10-06 12:30:00,9.79,
2024-10-06 12:45:00,9.8,
2024-10-06 13:00:00,9.8,
2024-10-06 13:15:00,9.81,
2024-10-06 13:30:00,9.79,
2024-10-06 13:45:00,9.76,
2024-10-06 14:00:00,9.76,
2024-10-06 14:15:00,9.73,
2024-10-06 14:30:00,9.7,
2024-10-06 14:45:00,9.65,
2024-10-06 15:00:00,9.6,
2024-10-06 15:15:00,9.55,
2024-10-06 15:30:00,9.49,
2024-10-06 15:45:00,9.48,
2024-10-06 16:00:00,9.42,
2024-10-06 16:15:00,9.36,
2024-10-06 16:30:00,9.3,
2024-10-06 16:45:00,9.25,
2024-10-06 17:00:00,9.2,
2024-10-06 17:15:00,9.14,
2024-10-06 17:30:00,9.09,
2024-10-06 17:45:00,9.05,
2024-10-06 18:00:00,9.0,
2024-10-06 18:15:00,8.95,
2024-10-06 18:30:00,8.92,
2024-10-06 18:45:00,8.86,
2024-10-06 19:00:00,8.82,
2024-10-06 19:15:00,8.75,
2024-10-06 19:30:00,8.72,
2024-10-06 19:45:00,8.68,
2024-10-06 20:00:00,8.66,
2024-10-06 20:15:00,8.66,
2024-10-06 20:30:00,8.65,
2024-10-06 20:45:00,8.66,
2024-10-06 21:00:00,8.67,
2024-10-06 21:15:00,8.67,
2024-10-06 21:30:00,8.69,
2024-10-06 21:45:00,8.7,
2024-10-06 22:00:00,8.72,
2024-10-06 22:15:00,8.73,
2024-10-06 22:30:00,8.74,
2024-10-06 22:45:00,8.76,
2024-10-06 23:00:00,8.77,
2024-10-06 23:15:00,8.8,
2024-10-06 23:30:00,8.81,
2024-10-06 23:45:00,8.81,
2024-10-07 00:00:00,8.82,
2024-10-07 00:15:00,8.83,
2024-10-07 00:30:00,8.84,
2024-10-07 00:45:00,8.86,
2024-10-07 01:00:00,8.86,
2024-10-07 01:15:00,8.87,
2024-10-07 01:30:00,8.88,
2024-10-07 01:45:00,8.89,
2024-10-07 02:00:00,8.9,
2024-10-07 02:15:00,8.91,
2024-10-07 02:30:00,8.91,
2024-10-07 02:45:00,8.93,
2024-10-07 03:00:00,8.94,
2024-10-07 03:15:00,8.95,
2024-10-07 03:30:00,8.97,
2024-10-07 03:45:00,8.97,
2024-10-07 04:00:00,8.98,
2024-10-07 04:15:00,8.98,
2024-10-07 04:30:00,9.0,
2024-10-07 04:45:00,9.01,
2024-10-07 05:00:00,9.02,
2024-10-07 05:15:00,9.03,
2024-10-07 05:30:00,9.03,
2024-10-07 05:45:00,9.02,
2024-10-07 06:00:00,9.05,
2024-10-07 06:15:00,9.04,
2024-10-07 06:30:00,9.06,
2024-10-07 06:45:00,9.07,
2024-10-07 07:00:00,9.08,
2024-10-07 07:15:00,9.08,
2024-10-07 07:30:00,9.1,
2024-10-07 07:45:00,9.12,
2024-10-07 08:00:00,9.14,
2024-10-07 08:15:00,9.16,
2024-10-07 08:30:00,9.18,
2024-10-07 08:45:00,9.22,
2024-10-07 09:00:00,9.27,
2024-10-07 09:15:00,9.31,
2024-10-07 09:30:00,9.37,
2024-10-07 09:45:00,9.41,
2024-10-07 10:00:00,9.45,
2024-10-07 10:15:00,9.51,
2024-10-07 10:30:00,9.54,
2024-10-07 10:45:00,9.6,
2024-10-07 11:00:00,9.63,
2024-10-07 11:15:00,9.67,
2024-10-07 11:30:00,9.7,
2024-10-07 11:45:00,9.72,
2024-10-07 12:00:00,9.75,
2024-10-07 12:15:00,9.76,
2024-10-07 12:30:00,9.79,
2024-10-07 12:45:00,9.81,
2024-10-07 13:00:00,9.79,
2024-10-07 13:15:00,9.77,
2024-10-07 13:30:00,9.74,
2024-10-07 13:45:00,9.72,
2024-10-07 14:00:00,9.7,
2024-10-07 14:15:00,9.69,
2024-10-07 14:30:00,9.67,
2024-10-07 14:45:00,9.64,
2024-10-07 15:00:00,9.6,
2024-10-07 15:15:00,9.56,
2024-10-07 15:30:00,9.48,
2024-10-07 15:45:00,9.43,
2024-10-07 16:00:00,9.38,
2024-10-07 16:15:00,9.36,
2024-10-07 16:30:00,9.29,
2024-10-07 16:45:00,9.25,
2024-10-07 17:00:00,9.2,
2024-10-07 17:15:00,9.14,
2024-10-07 17:30:00,9.09,
2024-10-07 17:45:00,9.05,
2024-10-07 18:00:00,8.99,
2024-10-07 18:15:00,8.95,
2024-10-07 18:30:00,8.92,
2024-10-07 18:45:00,8.85,
2024-10-07 19:00:00,8.82,
2024-10-07 19:15:00,8.76,
2024-10-07 19:30:00,8.73,
2024-10-07 19:45:00,8.7,
2024-10-07 20:00:00,8.69,
2024-10-07 20:15:00,8.67,
2024-10-07 20:30:00,8.67,
2024-10-07 20:45:00,8.68,
2024-10-07 21:00:00,8.69,
2024-10-07 21:15:00,8.7,
2024-10-07 21:30:00,8.71,
2024-10-07 21:45:00,8.73,
2024-10-07 22:00:00,8.74,
2024-10-07 22:15:00,8.75,
2024-10-07 22:30:00,8.76,
2024-10-07 22:45:00,8.78,
2024-10-07 23:00:00,8.78,
2024-10-07 23:15:00,8.8,
2024-10-07 23:30:00,8.81,
2024-10-07 23:45:00,8.82,
2024-10-08 00:00:00,8.82,
2024-10-08 00:15:00,8.84,
2024-10-08 00:30:00,8.85,
2024-10-08 00:45:00,8.86,
2024-10-08 01:00:00,8.87,
2024-10-08 01:15:00,8.88,
2024-10-08 01:30:00,8.88,
2024-10-08 01:45:00,8.89,
2024-10-08 02:00:00,8.9,
2024-10-08 02:15:00,8.9,
2024-10-08 02:30:00,8.92,
2024-10-08 02:45:00,8.94,
2024-10-08 03:00:00,8.94,
2024-10-08 03:15:00,8.95,
2024-10-08 03:30:00,8.96,
2024-10-08 03:45:00,8.97,
2024-10-08 04:00:00,8.98,
2024-10-08 04:15:00,9.0,
2024-10-08 04:30:00,9.0,
2024-10-08 04:45:00,9.01,
2024-10-08 05:00:00,9.02,
2024-10-08 05:15:00,9.04,
2024-10-08 05:30:00,9.05,
2024-10-08 05:45:00,9.06,
2024-10-08 06:00:00,9.08,
2024-10-08 06:15:00,9.09,
2024-10-08 06:30:00,9.09,
2024-10-08 06:45:00,9.11,
2024-10-08 07:00:00,9.11,
2024-10-08 07:15:00,9.12,
2024-10-08 07:30:00,9.13,
2024-10-08 07:45:00,9.14,
2024-10-08 08:00:00,9.17,
2024-10-08 08:15:00,9.19,
2024-10-08 08:30:00,9.21,
2024-10-08 08:45:00,9.25,
2024-10-08 09:00:00,9.3,
2024-10-08 09:15:00,9.34,
2024-10-08 09:30:00,9.39,
2024-10-08 09:45:00,9.45,
2024-10-08 10:00:00,9.5,
2024-10-08 10:15:00,9.55,
2024-10-08 10:30:00,9.6,
2024-10-08 10:45:00,9.64,
2024-10-08 11:00:00,9.66,
2024-10-08 11:15:00,9.71,
2024-10-08 11:30:00,9.74,
2024-10-08 11:45:00,9.75,
2024-10-08 12:00:00,9.79,
2024-10-08 12:15:00,9.79,
2024-10-08 12:30:00,9.81,
2024-10-08 12:45:00,9.82,
2024-10-08 13:00:00,9.82,
2024-10-08 13:15:00,9.82,
2024-10-08 13:30:00,9.79,
2024-10-08 13:45:00,9.75,
2024-10-08 14:00:00,9.74,
2024-10-08 14:15:00,9.73,
2024-10-08 14:30:00,9.71,
2024-10-08 14:45:00,9.68,
2024-10-08 15:00:00,9.63,
2024-10-08 15:15:00,9.59,
2024-10-08 15:30:00,9.54,
2024-10-08 15:45:00,9.5,
2024-10-08 16:00:00,9.47,
2024-10-08 16:15:00,9.37,
2024-10-08 16:30:00,9.33,
2024-10-08 16:45:00,9.28,
2024-10-08 17:00:00,9.23,
2024-10-08 17:15:00,9.17,
2024-10-08 17:30:00,9.11,
2024-10-08 17:45:00,9.08,
2024-10-08 18:00:00,9.04,
2024-10-08 18:15:00,9.01,
2024-10-08 18:30:00,8.94,
2024-10-08 18:45:00,8.89,
2024-10-08 19:00:00,8.86,
2024-10-08 19:15:00,8.81,
2024-10-08 19:30:00,8.76,
2024-10-08 19:45:00,8.73,
2024-10-08 20:00:00,8.71,
2024-10-08 20:15:00,8.71,
2024-10-08 20:30:00,8.71,
2024-10-08 20:45:00,8.71,
2024-10-08 21:00:00,8.72,
2024-10-08 21:15:00,8.73,
2024-10-08 21:30:00,8.74,
2024-10-08 21:45:00,8.75,
2024-10-08 22:00:00,8.76,
2024-10-08 22:15:00,8.77,
2024-10-08 22:30:00,8.78,
2024-10-08 22:45:00,8.8,
2024-10-08 23:00:00,8.8,
2024-10-08 23:15:00,8.81,
2024-10-08 23:30:00,8.82,
2024-10-08 23:45:00,8.84,
2024-10-09 00:00:00,8.85,
2024-10-09 00:15:00,8.85,
2024-10-09 00:30:00,8.87,
2024-10-09 00:45:00,8.87,
2024-10-09 01:00:00,8.88,
2024-10-09 01:15:00,8.89,
2024-10-09 01:30:00,8.89,
2024-10-09 01:45:00,8.9,
2024-10-09 02:00:00,8.92,
2024-10-09 02:15:00,8.92,
2024-10-09 02:30:00,8.94,
2024-10-09 02:45:00,8.95,
2024-10-09 03:00:00,8.95,
2024-10-09 03:15:00,8.97,
2024-10-09 03:30:00,8.97,
2024-10-09 03:45:00,8.99,
2024-10-09 04:00:00,9.0,
2024-10-09 04:15:00,9.0,
2024-10-09 04:30:00,9.02,
2024-10-09 04:45:00,9.02,
2024-10-09 05:00:00,9.03,
2024-10-09 05:15:00,9.04,
2024-10-09 05:30:00,9.04,
2024-10-09 05:45:00,9.05,
2024-10-09 06:00:00,9.08,
2024-10-09 06:15:00,9.06,
2024-10-09 06:30:00,9.1,
2024-10-09 06:45:00,9.1,
2024-10-09 07:00:00,9.12,
2024-10-09 07:15:00,9.12,
2024-10-09 07:30:00,9.13,
2024-10-09 07:45:00,9.15,
2024-10-09 08:00:00,9.17,
2024-10-09 08:15:00,9.2,
2024-10-09 08:30:00,9.22,
2024-10-09 08:45:00,9.25,
2024-10-09 09:00:00,9.3,
2024-10-09 09:15:00,9.34,
2024-10-09 09:30:00,9.39,
2024-10-09 09:45:00,9.44,
2024-10-09 10:00:00,9.48,
2024-10-09 10:15:00,9.55,
2024-10-09 10:30:00,9.59,
2024-10-09 10:45:00,9.64,
2024-10-09 11:00:00,9.69,
2024-10-09 11:15:00,9.73,
2024-10-09 11:30:00,9.77,
2024-10-09 11:45:00,9.79,
2024-10-09 12:00:00,9.81,
2024-10-09 12:15:00,9.84,
2024-10-09 12:30:00,9.83,
2024-10-09 12:45:00,9.84,
2024-10-09 13:00:00,9.82,
2024-10-09 13:15:00,9.82,
2024-10-09 13:30:00,9.8,
2024-10-09 13:45:00,9.78,
2024-10-09 14:00:00,9.77,
2024-10-09 14:15:00,9.73,
2024-10-09 14:30:00,9.69,
2024-10-09 14:45:00,9.64,
2024-10-09 15:00:00,9.59,
2024-10-09 15:15:00,9.54,
2024-10-09 15:30:00,9.49,
2024-10-09 15:45:00,9.46,
2024-10-09 16:00:00,9.39,
2024-10-09 16:15:00,9.35,
2024-10-09 16:30:00,9.31,
2024-10-09 16:45:00,9.25,
2024-10-09 17:00:00,9.19,
2024-10-09 17:15:00,9.15,
2024-10-09 17:30:00,9.1,
2024-10-09 17:45:00,9.05,
2024-10-09 18:00:00,9.0,
2024-10-09 18:15:00,8.96,
2024-10-09 18:30:00,8.9,
2024-10-09 18:45:00,8.85,
2024-10-09 19:00:00,8.78,
2024-10-09 19:15:00,8.73,
2024-10-09 19:30:00,8.68,
2024-10-09 19:45:00,8.66,
2024-10-09 20:00:00,8.67,
2024-10-09 20:15:00,8.67,
2024-10-09 20:30:00,8.67,
2024-10-09 20:45:00,8.68,
2024-10-09 21:00:00,8.68,
2024-10-09 21:15:00,8.69,
2024-10-09 21:30:00,8.7,
2024-10-09 21:45:00,8.71,
2024-10-09 22:00:00,8.73,
2024-10-09 22:15:00,8.74,
2024-10-09 22:30:00,8.76,
2024-10-09 22:45:00,8.76,
2024-10-09 23:00:00,8.78,
2024-10-09 23:15:00,8.77,
2024-10-09 23:30:00,8.79,
2024-10-09 23:45:00,8.8,
2024-10-10 00:00:00,8.81,
2024-10-10 00:15:00,8.81,
2024-10-10 00:30:00,8.83,
2024-10-10 00:45:00,8.83,
2024-10-10 01:00:00,8.84,
2024-10-10 01:15:00,8.84,
2024-10-10 01:30:00,8.85,
2024-10-10 01:45:00,8.86,
2024-10-10 02:00:00,8.87,
2024-10-10 02:15:00,8.88,
2024-10-10 02:30:00,8.88,
2024-10-10 02:45:00,8.89,
2024-10-10 03:00:00,8.91,
2024-10-10 03:15:00,8.92,
2024-10-10 03:30:00,8.92,
2024-10-10 03:45:00,8.94,
2024-10-10 04:00:00,8.94,
2024-10-10 04:15:00,8.96,
2024-10-10 04:30:00,8.96,
2024-10-10 04:45:00,8.97,
2024-10-10 05:00:00,8.98,
2024-10-10 05:15:00,9.0,
2024-10-10 05:30:00,9.01,
2024-10-10 05:45:00,9.01,
2024-10-10 06:00:00,9.01,
2024-10-10 06:15:00,9.03,
2024-10-10 06:30:00,9.04,
2024-10-10 06:45:00,9.05,
2024-10-10 07:00:00,9.06,
2024-10-10 07:15:00,9.06,
2024-10-10 07:30:00,9.07,
2024-10-10 07:45:00,9.08,
2024-10-10 08:00:00,9.1,
2024-10-10 08:15:00,9.13,
2024-10-10 08:30:00,9.17,
2024-10-10 08:45:00,9.21,
2024-10-10 09:00:00,9.24,
2024-10-10 09:15:00,9.3,
2024-10-10 09:30:00,9.37,
2024-10-10 09:45:00,9.44,
2024-10-10 10:00:00,9.52,
2024-10-10 10:15:00,9.57,
2024-10-10 10:30:00,9.62,
2024-10-10 10:45:00,9.69,
2024-10-10 11:00:00,9.74,
2024-10-10 11:15:00,9.79,
2024-10-10 11:30:00,9.86,
2024-10-10 11:45:00,9.9,
2024-10-10 12:00:00,9.92,
2024-10-10 12:15:00,9.93,
2024-10-10 12:30:00,9.94,
2024-10-10 12:45:00,9.93,
2024-10-10 13:00:00,9.88,
2024-10-10 13:15:00,9.87,
2024-10-10 13:30:00,9.88,
2024-10-10 13:45:00,9.89,
2024-10-10 14:00:00,9.86,
2024-10-10 14:15:00,9.83,
2024-10-10 14:30:00,9.8,
2024-10-10 14:45:00,9.78,
2024-10-10 15:00:00,9.73,
2024-10-10 15:15:00,9.69,
2024-10-10 15:30:00,9.64,
2024-10-10 15:45:00,9.57,
2024-10-10 16:00:00,9.53,
2024-10-10 16:15:00,9.49,
2024-10-10 16:30:00,9.44,
2024-10-10 16:45:00,9.42,
2024-10-10 17:00:00,9.39,
2024-10-10 17:15:00,9.34,
2024-10-10 17:30:00,9.3,
2024-10-10 17:45:00,9.25,
2024-10-10 18:00:00,9.18,
2024-10-10 18:15:00,9.14,
2024-10-10 18:30:00,9.09,
2024-10-10 18:45:00,9.02,
2024-10-10 19:00:00,8.96,
2024-10-10 19:15:00,8.91,
2024-10-10 19:30:00,8.87,
2024-10-10 19:45:00,8.82,
2024-10-10 20:00:00,8.8,
2024-10-10 20:15:00,8.78,
2024-10-10 20:30:00,8.77,
2024-10-10 20:45:00,8.76,
2024-10-10 21:00:00,8.76,
2024-10-10 21:15:00,8.76,
2024-10-10 21:30:00,8.78,
2024-10-10 21:45:00,8.78,
2024-10-10 22:00:00,8.8,
2024-10-10 22:15:00,8.8,
2024-10-10 22:30:00,8.82,
2024-10-10 22:45:00,8.83,
2024-10-10 23:00:00,8.83,
2024-10-10 23:15:00,8.84,
2024-10-10 23:30:00,8.85,
2024-10-10 23:45:00,8.86,
2024-10-11 00:00:00,8.87,
2024-10-11 00:15:00,8.87,
2024-10-11 00:30:00,8.89,
2024-10-11 00:45:00,8.88,
2024-10-11 01:00:00,8.9,
2024-10-11 01:15:00,8.9,
2024-10-11 01:30:00,8.91,
2024-10-11 01:45:00,8.91,
2024-10-11 02:00:00,8.91,
2024-10-11 02:15:00,8.92,
2024-10-11 02:30:00,8.93,
2024-10-11 02:45:00,8.94,
2024-10-11 03:00:00,8.94,
2024-10-11 03:15:00,8.94,
2024-10-11 03:30:00,8.95,
2024-10-11 03:45:00,8.96,
2024-10-11 04:00:00,8.97,
2024-10-11 04:15:00,8.97,
2024-10-11 04:30:00,8.97,
2024-10-11 04:45:00,8.97,
2024-10-11 05:00:00,8.98,
2024-10-11 05:15:00,8.98,
2024-10-11 05:30:00,9.0,
2024-10-11 05:45:00,9.0,
2024-10-11 06:00:00,9.0,
2024-10-11 06:15:00,9.01,
2024-10-11 06:30:00,9.03,
2024-10-11 06:45:00,9.03,
2024-10-11 07:00:00,9.04,
2024-10-11 07:15:00,9.04,
2024-10-11 07:30:00,9.06,
2024-10-11 07:45:00,9.08,
2024-10-11 08:00:00,9.09,
2024-10-11 08:15:00,9.13,
2024-10-11 08:30:00,9.15,
2024-10-11 08:45:00,9.19,
2024-10-11 09:00:00,9.22,
2024-10-11 09:15:00,9.29,
2024-10-11 09:30:00,9.34,
2024-10-11 09:45:00,9.4,
2024-10-11 10:00:00,9.43,
2024-10-11 10:15:00,9.5,
2024-10-11 10:30:00,9.55,
2024-10-11 10:45:00,9.61,
2024-10-11 11:00:00,9.64,
2024-10-11 11:15:00,9.68,
2024-10-11 11:30:00,9.71,
2024-10-11 11:45:00,9.73,
2024-10-11 12:00:00,9.76,
2024-10-11 12:15:00,9.75,
2024-10-11 12:30:00,9.77,
2024-10-11 12:45:00,9.78,
2024-10-11 13:00:00,9.79,
2024-10-11 13:15:00,9.78,
2024-10-11 13:30:00,9.78,
2024-10-11 13:45:00,9.75,
2024-10-11 14:00:00,9.72,
2024-10-11 14:15:00,9.71,
2024-10-11 14:30:00,9.7,
2024-10-11 14:45:00,9.68,
2024-10-11 15:00:00,9.62,
2024-10-11 15:15:00,9.59,
2024-10-11 15:30:00,9.54,
2024-10-11 15:45:00,9.5,
2024-10-11 16:00:00,9.44,
2024-10-11 16:15:00,9.42,
2024-10-11 16:30:00,9.38,
2024-10-11 16:45:00,9.33,
2024-10-11 17:00:00,9.28,
2024-10-11 17:15:00,9.22,
2024-10-11 17:30:00,9.18,
2024-10-11 17:45:00,9.14,
2024-10-11 18:00:00,9.08,
2024-10-11 18:15:00,9.04,
2024-10-11 18:30:00,8.99,
2024-10-11 18:45:00,8.92,
2024-10-11 19:00:00,8.86,
2024-10-11 19:15:00,8.8,
2024-10-11 19:30:00,8.76,
2024-10-11 19:45:00,8.74,
2024-10-11 20:00:00,8.71,
2024-10-11 20:15:00,8.71,
2024-10-11 20:30:00,8.71,
2024-10-11 20:45:00,8.72,
2024-10-11 21:00:00,8.73,
2024-10-11 21:15:00,8.73,
2024-10-11 21:30:00,8.74,
2024-10-11 21:45:00,8.74,
2024-10-11 22:00:00,8.77,
2024-10-11 22:15:00,8.77,
2024-10-11 22:30:00,8.79,
2024-10-11 22:45:00,8.8,
2024-10-11 23:00:00,8.82,
2024-10-11 23:15:00,8.83,
2024-10-11 23:30:00,8.84,
2024-10-11 23:45:00,8.85,
2024-10-12 00:00:00,8.86,
2024-10-12 00:15:00,8.87,
2024-10-12 00:30:00,8.88,
2024-10-12 00:45:00,8.89,
2024-10-12 01:00:00,8.9,
2024-10-12 01:15:00,8.91,
2024-10-12 01:30:00,8.92,
2024-10-12 01:45:00,8.93,
2024-10-12 02:00:00,8.94,
2024-10-12 02:15:00,8.94,
2024-10-12 02:30:00,8.96,
2024-10-12 02:45:00,8.97,
2024-10-12 03:00:00,8.98,
2024-10-12 03:15:00,8.99,
2024-10-12 03:30:00,9.0,
2024-10-12 03:45:00,9.02,
2024-10-12 04:00:00,9.03,
2024-10-12 04:15:00,9.04,
2024-10-12 04:30:00,9.05,
2024-10-12 04:45:00,9.06,
2024-10-12 05:00:00,9.06,
2024-10-12 05:15:00,9.06,
2024-10-12 05:30:00,9.09,
2024-10-12 05:45:00,9.09,
2024-10-12 06:00:00,9.09,
2024-10-12 06:15:00,9.12,
2024-10-12 06:30:00,9.12,
2024-10-12 06:45:00,9.13,
2024-10-12 07:00:00,9.15,
2024-10-12 07:15:00,9.15,
2024-10-12 07:30:00,9.16,
2024-10-12 07:45:00,9.17,
2024-10-12 08:00:00,9.19,
2024-10-12 08:15:00,9.22,
2024-10-12 08:30:00,9.26,
2024-10-12 08:45:00,9.3,
2024-10-12 09:00:00,9.32,
2024-10-12 09:15:00,9.38,
2024-10-12 09:30:00,9.41,
2024-10-12 09:45:00,9.48,
2024-10-12 10:00:00,9.55,
2024-10-12 10:15:00,9.62,
2024-10-12 10:30:00,9.67,
2024-10-12 10:45:00,9.74,
2024-10-12 11:00:00,9.79,
2024-10-12 11:15:00,9.84,
2024-10-12 11:30:00,9.89,
2024-10-12 11:45:00,9.95,
2024-10-12 12:00:00,9.99,
2024-10-12 12:15:00,10.01,
2024-10-12 12:30:00,10.04,
2024-10-12 12:45:00,10.04,
2024-10-12 13:00:00,10.05,
2024-10-12 13:15:00,10.04,
2024-10-12 13:30:00,10.01,
2024-10-12 13:45:00,9.99,
2024-10-12 14:00:00,9.96,
2024-10-12 14:15:00,9.92,
2024-10-12 14:30:00,9.88,
2024-10-12 14:45:00,9.82,
2024-10-12 15:00:00,9.78,
2024-10-12 15:15:00,9.73,
2024-10-12 15:30:00,9.67,
2024-10-12 15:45:00,9.62,
2024-10-12 16:00:00,9.56,
2024-10-12 16:15:00,9.51,
2024-10-12 16:30:00,9.46,
2024-10-12 16:45:00,9.4,
2024-10-12 17:00:00,9.34,
2024-10-12 17:15:00,9.3,
2024-10-12 17:30:00,9.26,
2024-10-12 17:45:00,9.21,
2024-10-12 18:00:00,9.17,
2024-10-12 18:15:00,9.12,
2024-10-12 18:30:00,9.08,
2024-10-12 18:45:00,9.02,
2024-10-12 19:00:00,8.96,
2024-10-12 19:15:00,8.92,
2024-10-12 19:30:00,8.88,
2024-10-12 19:45:00,8.86,
2024-10-12 20:00:00,8.84,
2024-10-12 20:15:00,8.83,
2024-10-12 20:30:00,8.84,
2024-10-12 20:45:00,8.85,
2024-10-12 21:00:00,8.86,
2024-10-12 21:15:00,8.87,
2024-10-12 21:30:00,8.88,
2024-10-12 21:45:00,8.89,
2024-10-12 22:00:00,8.91,
2024-10-12 22:15:00,8.92,
2024-10-12 22:30:00,8.93,
2024-10-12 22:45:00,8.94,
2024-10-12 23:00:00,8.96,
2024-10-12 23:15:00,8.96,
2024-10-12 23:30:00,8.97,
2024-10-12 23:45:00,8.99,
2024-10-13 00:00:00,9.0,
2024-10-13 00:15:00,9.01,
2024-10-13 00:30:00,9.01,
2024-10-13 00:45:00,9.02,
2024-10-13 01:00:00,9.03,
2024-10-13 01:15:00,9.04,
2024-10-13 01:30:00,9.04,
2024-10-13 01:45:00,9.05,
2024-10-13 02:00:00,9.04,
2024-10-13 02:15:00,9.07,
2024-10-13 02:30:00,9.08,
2024-10-13 02:45:00,9.08,
2024-10-13 03:00:00,9.09,
2024-10-13 03:15:00,9.11,
2024-10-13 03:30:00,9.12,
2024-10-13 03:45:00,9.13,
2024-10-13 04:00:00,9.15,
2024-10-13 04:15:00,9.15,
2024-10-13 04:30:00,9.17,
2024-10-13 04:45:00,9.17,
2024-10-13 05:00:00,9.18,
2024-10-13 05:15:00,9.2,
2024-10-13 05:30:00,9.2,
2024-10-13 05:45:00,9.22,
2024-10-13 06:00:00,9.23,
2024-10-13 06:15:00,9.22,
2024-10-13 06:30:00,9.24,
2024-10-13 06:45:00,9.25,
2024-10-13 07:00:00,9.26,
2024-10-13 07:15:00,9.26,
2024-10-13 07:30:00,9.27,
2024-10-13 07:45:00,9.29,
2024-10-13 08:00:00,9.31,
2024-10-13 08:15:00,9.33,
2024-10-13 08:30:00,9.37,
2024-10-13 08:45:00,9.4,
2024-10-13 09:00:00,9.44,
2024-10-13 09:15:00,9.49,
2024-10-13 09:30:00,9.54,
2024-10-13 09:45:00,9.6,
2024-10-13 10:00:00,9.65,
2024-10-13 10:15:00,9.69,
2024-10-13 10:30:00,9.74,
2024-10-13 10:45:00,9.78,
2024-10-13 11:00:00,9.82,
2024-10-13 11:15:00,9.85,
2024-10-13 11:30:00,9.87,
2024-10-13 11:45:00,9.9,
2024-10-13 12:00:00,9.92,
2024-10-13 12:15:00,9.94,
2024-10-13 12:30:00,9.95,
2024-10-13 12:45:00,9.97,
2024-10-13 13:00:00,9.97,
2024-10-13 13:15:00,9.97,
2024-10-13 13:30:00,9.95,
2024-10-13 13:45:00,9.92,
2024-10-13 14:00:00,9.93,
2024-10-13 14:15:00,9.9,
2024-10-13 14:30:00,9.88,
2024-10-13 14:45:00,9.83,
2024-10-13 15:00:00,9.78,
2024-10-13 15:15:00,9.73,
2024-10-13 15:30:00,9.7,
2024-10-13 15:45:00,9.66,
2024-10-13 16:00:00,9.62,
2024-10-13 16:15:00,9.56,
2024-10-13 16:30:00,9.52,
2024-10-13 16:45:00,9.48,
2024-10-13 17:00:00,9.43,
2024-10-13 17:15:00,9.39,
2024-10-13 17:30:00,9.34,
2024-10-13 17:45:00,9.3,
2024-10-13 18:00:00,9.25,
2024-10-13 18:15:00,9.2,
2024-10-13 18:30:00,9.15,
2024-10-13 18:45:00,9.1,
2024-10-13 19:00:00,9.05,
2024-10-13 19:15:00,9.0,
2024-10-13 19:30:00,8.96,
2024-10-13 19:45:00,8.94,
2024-10-13 20:00:00,8.93,
2024-10-13 20:15:00,8.92,
2024-10-13 20:30:00,8.93,
2024-10-13 20:45:00,8.92,
2024-10-13 21:00:00,8.94,
2024-10-13 21:15:00,8.95,
2024-10-13 21:30:00,8.95,
2024-10-13 21:45:00,8.97,
2024-10-13 22:00:00,8.98,
2024-10-13 22:15:00,8.99,
2024-10-13 22:30:00,9.0,
2024-10-13 22:45:00,9.01,
2024-10-13 23:00:00,9.02,
2024-10-13 23:15:00,9.03,
2024-10-13 23:30:00,9.04,
2024-10-13 23:45:00,9.05,
2024-10-14 00:00:00,9.06,
2024-10-14 00:15:00,9.06,
2024-10-14 00:30:00,9.08,
2024-10-14 00:45:00,9.08,
2024-10-14 01:00:00,9.1,
2024-10-14 01:15:00,9.1,
2024-10-14 01:30:00,9.11,
2024-10-14 01:45:00,9.12,
2024-10-14 02:00:00,9.13,
2024-10-14 02:15:00,9.13,
2024-10-14 02:30:00,9.15,
2024-10-14 02:45:00,9.16,
2024-10-14 03:00:00,9.16,
2024-10-14 03:15:00,9.18,
2024-10-14 03:30:00,9.18,
2024-10-14 03:45:00,9.19,
2024-10-14 04:00:00,9.2,
2024-10-14 04:15:00,9.2,
2024-10-14 04:30:00,9.21,
2024-10-14 04:45:00,9.22,
2024-10-14 05:00:00,9.23,
2024-10-14 05:15:00,9.23,
2024-10-14 05:30:00,9.24,
2024-10-14 05:45:00,9.25,
2024-10-14 06:00:00,9.26,
2024-10-14 06:15:00,9.27,
2024-10-14 06:30:00,9.27,
2024-10-14 06:45:00,9.28,
2024-10-14 07:00:00,9.29,
2024-10-14 07:15:00,9.3,
2024-10-14 07:30:00,9.3,
2024-10-14 07:45:00,9.32,
2024-10-14 08:00:00,9.33,
2024-10-14 08:15:00,9.36,
2024-10-14 08:30:00,9.39,
2024-10-14 08:45:00,9.43,
2024-10-14 09:00:00,9.47,
2024-10-14 09:15:00,9.52,
2024-10-14 09:30:00,9.57,
2024-10-14 09:45:00,9.62,
2024-10-14 10:00:00,9.68,
2024-10-14 10:15:00,9.73,
2024-10-14 10:30:00,9.78,
2024-10-14 10:45:00,9.83,
2024-10-14 11:00:00,9.86,
2024-10-14 11:15:00,9.9,
2024-10-14 11:30:00,9.93,
2024-10-14 11:45:00,9.95,
2024-10-14 12:00:00,9.98,
2024-10-14 12:15:00,9.98,
2024-10-14 12:30:00,10.02,
2024-10-14 12:45:00,10.01,
2024-10-14 13:00:00,10.02,
2024-10-14 13:15:00,10.02,
2024-10-14 13:30:00,10.02,
2024-10-14 13:45:00,10.0,
2024-10-14 14:00:00,9.98,
2024-10-14 14:15:00,9.96,
2024-10-14 14:30:00,9.93,
2024-10-14 14:45:00,9.89,
2024-10-14 15:00:00,9.85,
2024-10-14 15:15:00,9.8,
2024-10-14 15:30:00,9.76,
2024-10-14 15:45:00,9.71,
2024-10-14 16:00:00,9.66,
2024-10-14 16:15:00,9.62,
2024-10-14 16:30:00,9.56,
2024-10-14 16:45:00,9.51,
2024-10-14 17:00:00,9.46,
2024-10-14 17:15:00,9.41,
2024-10-14 17:30:00,9.36,
2024-10-14 17:45:00,9.29,
2024-10-14 18:00:00,9.26,
2024-10-14 18:15:00,9.21,
2024-10-14 18:30:00,9.16,
2024-10-14 18:45:00,9.07,
2024-10-14 19:00:00,9.0,
2024-10-14 19:15:00,8.97,
2024-10-14 19:30:00,8.94,
2024-10-14 19:45:00,8.91,
2024-10-14 20:00:00,8.9,
2024-10-14 20:15:00,8.89,
2024-10-14 20:30:00,8.9,
2024-10-14 20:45:00,8.9,
2024-10-14 21:00:00,8.91,
2024-10-14 21:15:00,8.91,
2024-10-14 21:30:00,8.93,
2024-10-14 21:45:00,8.94,
2024-10-14 22:00:00,8.95,
2024-10-14 22:15:00,8.95,
2024-10-14 22:30:00,8.96,
2024-10-14 22:45:00,8.97,
2024-10-14 23:00:00,8.99,
2024-10-14 23:15:00,8.99,
2024-10-14 23:30:00,9.01,
2024-10-14 23:45:00,9.02,
2024-10-15 00:00:00,9.02,
2024-10-15 00:15:00,9.03,
2024-10-15 00:30:00,9.04,
2024-10-15 00:45:00,9.05,
2024-10-15 01:00:00,9.05,
2024-10-15 01:15:00,9.06,
2024-10-15 01:30:00,9.08,
2024-10-15 01:45:00,9.08,
2024-10-15 02:00:00,9.08,
2024-10-15 02:15:00,9.1,
2024-10-15 02:30:00,9.12,
2024-10-15 02:45:00,9.11,
2024-10-15 03:00:00,9.13,
2024-10-15 03:15:00,9.13,
2024-10-15 03:30:00,9.14,
2024-10-15 03:45:00,9.15,
2024-10-15 04:00:00,9.17,
2024-10-15 04:15:00,9.17,
2024-10-15 04:30:00,9.19,
2024-10-15 04:45:00,9.19,
2024-10-15 05:00:00,9.2,
2024-10-15 05:15:00,9.21,
2024-10-15 05:30:00,9.22,
2024-10-15 05:45:00,9.23,
2024-10-15 06:00:00,9.23,
2024-10-15 06:15:00,9.24,
2024-10-15 06:30:00,9.25,
2024-10-15 06:45:00,9.25,
2024-10-15 07:00:00,9.26,
2024-10-15 07:15:00,9.27,
2024-10-15 07:30:00,9.28,
2024-10-15 07:45:00,9.29,
2024-10-15 08:00:00,9.31,
2024-10-15 08:15:00,9.33,
2024-10-15 08:30:00,9.37,
2024-10-15 08:45:00,9.41,
2024-10-15 09:00:00,9.47,
2024-10-15 09:15:00,9.52,
2024-10-15 09:30:00,9.58,
2024-10-15 09:45:00,9.63,
2024-10-15 10:00:00,9.67,
2024-10-15 10:15:00,9.73,
2024-10-15 10:30:00,9.78,
2024-10-15 10:45:00,9.83,
2024-10-15 11:00:00,9.87,
2024-10-15 11:15:00,9.9,
2024-10-15 11:30:00,9.93,
2024-10-15 11:45:00,9.96,
2024-10-15 12:00:00,9.98,
2024-10-15 12:15:00,10.0,
2024-10-15 12:30:00,10.02,
2024-10-15 12:45:00,10.03,
2024-10-15 13:00:00,10.03,
2024-10-15 13:15:00,10.03,
2024-10-15 13:30:00,10.02,
2024-10-15 13:45:00,10.0,
2024-10-15 14:00:00,9.98,
2024-10-15 14:15:00,9.95,
2024-10-15 14:30:00,9.91,
2024-10-15 14:45:00,9.87,
2024-10-15 15:00:00,9.82,
2024-10-15 15:15:00,9.78,
2024-10-15 15:30:00,9.74,
2024-10-15 15:45:00,9.69,
2024-10-15 16:00:00,9.64,
2024-10-15 16:15:00,9.59,
2024-10-15 16:30:00,9.54,
2024-10-15 16:45:00,9.47,
2024-10-15 17:00:00,9.44,
2024-10-15 17:15:00,9.39,
2024-10-15 17:30:00,9.34,
2024-10-15 17:45:00,9.28,
2024-10-15 18:00:00,9.23,
2024-10-15 18:15:00,9.18,
2024-10-15 18:30:00,9.12,
2024-10-15 18:45:00,9.07,
2024-10-15 19:00:00,9.01,
2024-10-15 19:15:00,8.97,
2024-10-15 19:30:00,8.94,
2024-10-15 19:45:00,8.91,
2024-10-15 20:00:00,8.9,
2024-10-15 20:15:00,8.89,
2024-10-15 20:30:00,8.88,
2024-10-15 20:45:00,8.89,
2024-10-15 21:00:00,8.9,
2024-10-15 21:15:00,8.91,
2024-10-15 21:30:00,8.92,
2024-10-15 21:45:00,8.93,
2024-10-15 22:00:00,8.94,
2024-10-15 22:15:00,8.94,
2024-10-15 22:30:00,8.95,
2024-10-15 22:45:00,8.96,
2024-10-15 23:00:00,8.97,
2024-10-15 23:15:00,8.98,
2024-10-15 23:30:00,8.99,
2024-10-15 23:45:00,8.99,
2024-10-16 00:00:00,9.0,
2024-10-16 00:15:00,9.0,
2024-10-16 00:30:00,9.0,
2024-10-16 00:45:00,9.02,
2024-10-16 01:00:00,9.03,
2024-10-16 01:15:00,9.04,
2024-10-16 01:30:00,9.04,
2024-10-16 01:45:00,9.05,
2024-10-16 02:00:00,9.05,
2024-10-16 02:15:00,9.06,
2024-10-16 02:30:00,9.07,
2024-10-16 02:45:00,9.08,
2024-10-16 03:00:00,9.08,
2024-10-16 03:15:00,9.09,
2024-10-16 03:30:00,9.1,
2024-10-16 03:45:00,9.1,
2024-10-16 04:00:00,9.12,
2024-10-16 04:15:00,9.11,
2024-10-16 04:30:00,9.13,
2024-10-16 04:45:00,9.14,
2024-10-16 05:00:00,9.15,
2024-10-16 05:15:00,9.16,
2024-10-16 05:30:00,9.16,
2024-10-16 05:45:00,9.17,
2024-10-16 06:00:00,9.18,
2024-10-16 06:15:00,9.18,
2024-10-16 06:30:00,9.19,
2024-10-16 06:45:00,9.19,
2024-10-16 07:00:00,9.2,
2024-10-16 07:15:00,9.21,
2024-10-16 07:30:00,9.21,
2024-10-16 07:45:00,9.23,
2024-10-16 08:00:00,9.25,
2024-10-16 08:15:00,9.26,
2024-10-16 08:30:00,9.29,
2024-10-16 08:45:00,9.31,
2024-10-16 09:00:00,9.35,
2024-10-16 09:15:00,9.4,
2024-10-16 09:30:00,9.44,
2024-10-16 09:45:00,9.49,
2024-10-16 10:00:00,9.54,
2024-10-16 10:15:00,9.59,
2024-10-16 10:30:00,9.63,
2024-10-16 10:45:00,9.67,
2024-10-16 11:00:00,9.7,
2024-10-16 11:15:00,9.74,
2024-10-16 11:30:00,9.75,
2024-10-16 11:45:00,9.79,
2024-10-16 12:00:00,9.81,
2024-10-16 12:15:00,9.83,
2024-10-16 12:30:00,9.84,
2024-10-16 12:45:00,9.84,
2024-10-16 13:00:00,9.85,
2024-10-16 13:15:00,9.85,
2024-10-16 13:30:00,9.85,
2024-10-16 13:45:00,9.86,
2024-10-16 14:00:00,9.83,
2024-10-16 14:15:00,9.82,
2024-10-16 14:30:00,9.81,
2024-10-16 14:45:00,9.77,
2024-10-16 15:00:00,9.73,
2024-10-16 15:15:00,9.69,
2024-10-16 15:30:00,9.65,
2024-10-16 15:45:00,9.61,
2024-10-16 16:00:00,9.55,
2024-10-16 16:15:00,9.5,
2024-10-16 16:30:00,9.45,
2024-10-16 16:45:00,9.4,
2024-10-16 17:00:00,9.36,
2024-10-16 17:15:00,9.31,
2024-10-16 17:30:00,9.25,
2024-10-16 17:45:00,9.2,
2024-10-16 18:00:00,9.13,
2024-10-16 18:15:00,9.08,
2024-10-16 18:30:00,9.01,
2024-10-16 18:45:00,8.95,
2024-10-16 19:00:00,8.88,
2024-10-16 19:15:00,8.82,
2024-10-16 19:30:00,8.79,
2024-10-16 19:45:00,8.77,
2024-10-16 20:00:00,8.76,
2024-10-16 20:15:00,8.76,
2024-10-16 20:30:00,8.76,
2024-10-16 20:45:00,8.76,
2024-10-16 21:00:00,8.76,
2024-10-16 21:15:00,8.76,
2024-10-16 21:30:00,8.78,
2024-10-16 21:45:00,8.78,
2024-10-16 22:00:00,8.79,
2024-10-16 22:15:00,8.8,
2024-10-16 22:30:00,8.8,
2024-10-16 22:45:00,8.8,
2024-10-16 23:00:00,8.8,
2024-10-16 23:15:00,8.8,
2024-10-16 23:30:00,8.79,
2024-10-16 23:45:00,8.78,
2024-10-17 00:00:00,8.79,
2024-10-17 00:15:00,8.78,
2024-10-17 00:30:00,8.78,
2024-10-17 00:45:00,8.77,
2024-10-17 01:00:00,8.77,
2024-10-17 01:15:00,8.78,
2024-10-17 01:30:00,8.77,
2024-10-17 01:45:00,8.78,
2024-10-17 02:00:00,8.78,
2024-10-17 02:15:00,8.79,
2024-10-17 02:30:00,8.8,
2024-10-17 02:45:00,8.81,
2024-10-17 03:00:00,8.81,
2024-10-17 03:15:00,8.81,
2024-10-17 03:30:00,8.8,
2024-10-17 03:45:00,8.82,
2024-10-17 04:00:00,8.81,
2024-10-17 04:15:00,8.82,
2024-10-17 04:30:00,8.83,
2024-10-17 04:45:00,8.83,
2024-10-17 05:00:00,8.82,
2024-10-17 05:15:00,8.83,
2024-10-17 05:30:00,8.83,
2024-10-17 05:45:00,8.83,
2024-10-17 06:00:00,8.83,
2024-10-17 06:15:00,8.83,
2024-10-17 06:30:00,8.83,
2024-10-17 06:45:00,8.82,
2024-10-17 07:00:00,8.8,
2024-10-17 07:15:00,8.8,
2024-10-17 07:30:00,8.81,
2024-10-17 07:45:00,8.81,
2024-10-17 08:00:00,8.82,
2024-10-17 08:15:00,8.79,
2024-10-17 08:30:00,8.77,
2024-10-17 08:45:00,8.76,
2024-10-17 09:00:00,8.77,
2024-10-17 09:15:00,8.8,
2024-10-17 09:30:00,8.84,
2024-10-17 09:45:00,8.86,
2024-10-17 10:00:00,8.92,
2024-10-17 10:15:00,8.98,
2024-10-17 10:30:00,9.0,
2024-10-17 10:45:00,9.05,
2024-10-17 11:00:00,9.13,
2024-10-17 11:15:00,9.21,
2024-10-17 11:30:00,9.27,
2024-10-17 11:45:00,9.3,
2024-10-17 12:00:00,9.33,
2024-10-17 12:15:00,9.35,
2024-10-17 12:30:00,9.42,
2024-10-17 12:45:00,9.47,
2024-10-17 13:00:00,9.52,
2024-10-17 13:15:00,9.56,
2024-10-17 13:30:00,9.61,
2024-10-17 13:45:00,9.62,
2024-10-17 14:00:00,9.64,
2024-10-17 14:15:00,9.67,
2024-10-17 14:30:00,9.66,
2024-10-17 14:45:00,9.66,
2024-10-17 15:00:00,9.64,
2024-10-17 15:15:00,9.63,
2024-10-17 15:30:00,9.61,
2024-10-17 15:45:00,9.55,
2024-10-17 16:00:00,9.5,
2024-10-17 16:15:00,9.49,
2024-10-17 16:30:00,9.44,
2024-10-17 16:45:00,9.37,
2024-10-17 17:00:00,9.32,
2024-10-17 17:15:00,9.27,
2024-10-17 17:30:00,9.23,
2024-10-17 17:45:00,9.19,
2024-10-17 18:00:00,9.14,
2024-10-17 18:15:00,9.08,
2024-10-17 18:30:00,9.04,
2024-10-17 18:45:00,9.0,
2024-10-17 19:00:00,8.94,
2024-10-17 19:15:00,8.89,
2024-10-17 19:30:00,8.85,
2024-10-17 19:45:00,8.84,
2024-10-17 20:00:00,8.83,
2024-10-17 20:15:00,8.82,
2024-10-17 20:30:00,8.82,
2024-10-17 20:45:00,8.83,
2024-10-17 21:00:00,8.84,
2024-10-17 21:15:00,8.86,
2024-10-17 21:30:00,8.86,
2024-10-17 21:45:00,8.88,
2024-10-17 22:00:00,8.88,
2024-10-17 22:15:00,8.9,
2024-10-17 22:30:00,8.92,
2024-10-17 22:45:00,8.93,
2024-10-17 23:00:00,8.92,
2024-10-17 23:15:00,8.9,
2024-10-17 23:30:00,8.91,
2024-10-17 23:45:00,8.93,
2024-10-18 00:00:00,8.96,
2024-10-18 00:15:00,8.98,
2024-10-18 00:30:00,9.0,
2024-10-18 00:45:00,9.02,
2024-10-18 01:00:00,9.03,
2024-10-18 01:15:00,9.04,
2024-10-18 01:30:00,9.04,
2024-10-18 01:45:00,9.06,
2024-10-18 02:00:00,9.06,
2024-10-18 02:15:00,9.07,
2024-10-18 02:30:00,9.09,
2024-10-18 02:45:00,9.09,
2024-10-18 03:00:00,9.11,
2024-10-18 03:15:00,9.12,
2024-10-18 03:30:00,9.14,
2024-10-18 03:45:00,9.14,
2024-10-18 04:00:00,9.16,
2024-10-18 04:15:00,9.16,
2024-10-18 04:30:00,9.17,
2024-10-18 04:45:00,9.18,
2024-10-18 05:00:00,9.19,
2024-10-18 05:15:00,9.19,
2024-10-18 05:30:00,9.21,
2024-10-18 05:45:00,9.21,
2024-10-18 06:00:00,9.22,
2024-10-18 06:15:00,9.23,
2024-10-18 06:30:00,9.24,
2024-10-18 06:45:00,9.26,
2024-10-18 07:00:00,9.26,
2024-10-18 07:15:00,9.27,
2024-10-18 07:30:00,9.28,
2024-10-18 07:45:00,9.3,
2024-10-18 08:00:00,9.3,
2024-10-18 08:15:00,9.32,
2024-10-18 08:30:00,9.33,
2024-10-18 08:45:00,9.36,
2024-10-18 09:00:00,9.4,
2024-10-18 09:15:00,9.43,
2024-10-18 09:30:00,9.48,
2024-10-18 09:45:00,9.55,
2024-10-18 10:00:00,9.59,
2024-10-18 10:15:00,9.65,
2024-10-18 10:30:00,9.72,
2024-10-18 10:45:00,9.77,
2024-10-18 11:00:00,9.82,
2024-10-18 11:15:00,9.87,
2024-10-18 11:30:00,9.93,
2024-10-18 11:45:00,9.98,
2024-10-18 12:00:00,10.01,
2024-10-18 12:15:00,10.03,
2024-10-18 12:30:00,10.08,
2024-10-18 12:45:00,10.1,
2024-10-18 13:00:00,10.14,
2024-10-18 13:15:00,10.17,
2024-10-18 13:30:00,10.16,
2024-10-18 13:45:00,10.16,
2024-10-18 14:00:00,10.15,
2024-10-18 14:15:00,10.15,
2024-10-18 14:30:00,10.14,
2024-10-18 14:45:00,10.12,
2024-10-18 15:00:00,10.13,
2024-10-18 15:15:00,10.14,
2024-10-18 15:30:00,10.13,
2024-10-18 15:45:00,10.11,
2024-10-18 16:00:00,10.08,
2024-10-18 16:15:00,10.07,
2024-10-18 16:30:00,10.01,
2024-10-18 16:45:00,9.95,
2024-10-18 17:00:00,9.88,
2024-10-18 17:15:00,9.81,
2024-10-18 17:30:00,9.75,
2024-10-18 17:45:00,9.67,
2024-10-18 18:00:00,9.61,
2024-10-18 18:15:00,9.55,
2024-10-18 18:30:00,9.51,
2024-10-18 18:45:00,9.47,
2024-10-18 19:00:00,9.46,
2024-10-18 19:15:00,9.43,
2024-10-18 19:30:00,9.41,
2024-10-18 19:45:00,9.39,
2024-10-18 20:00:00,9.4,
2024-10-18 20:15:00,9.4,
2024-10-18 20:30:00,9.4,
2024-10-18 20:45:00,9.41,
2024-10-18 21:00:00,9.4,
2024-10-18 21:15:00,9.41,
2024-10-18 21:30:00,9.42,
2024-10-18 21:45:00,9.42,
2024-10-18 22:00:00,9.42,
2024-10-18 22:15:00,9.44,
2024-10-18 22:30:00,9.44,
2024-10-18 22:45:00,9.44,
2024-10-18 23:00:00,9.45,
2024-10-18 23:15:00,9.45,
2024-10-18 23:30:00,9.47,
2024-10-18 23:45:00,9.48,
2024-10-19 00:00:00,9.5,
2024-10-19 00:15:00,9.5,
2024-10-19 00:30:00,9.51,
2024-10-19 00:45:00,9.52,
2024-10-19 01:00:00,9.52,
2024-10-19 01:15:00,9.54,
2024-10-19 01:30:00,9.54,
2024-10-19 01:45:00,9.55,
2024-10-19 02:00:00,9.57,
2024-10-19 02:15:00,9.57,
2024-10-19 02:30:00,9.59,
2024-10-19 02:45:00,9.6,
2024-10-19 03:00:00,9.61,
2024-10-19 03:15:00,9.61,
2024-10-19 03:30:00,9.63,
2024-10-19 03:45:00,9.64,
2024-10-19 04:00:00,9.64,
2024-10-19 04:15:00,9.65,
2024-10-19 04:30:00,9.66,
2024-10-19 04:45:00,9.66,
2024-10-19 05:00:00,9.66,
2024-10-19 05:15:00,9.67,
2024-10-19 05:30:00,9.68,
2024-10-19 05:45:00,9.67,
2024-10-19 06:00:00,9.69,
2024-10-19 06:15:00,9.69,
2024-10-19 06:30:00,9.7,
2024-10-19 06:45:00,9.71,
2024-10-19 07:00:00,9.71,
2024-10-19 07:15:00,9.72,
2024-10-19 07:30:00,9.72,
2024-10-19 07:45:00,9.74,
2024-10-19 08:00:00,9.75,
2024-10-19 08:15:00,9.76,
2024-10-19 08:30:00,9.79,
2024-10-19 08:45:00,9.82,
2024-10-19 09:00:00,9.86,
2024-10-19 09:15:00,9.9,
2024-10-19 09:30:00,9.95,
2024-10-19 09:45:00,9.99,
2024-10-19 10:00:00,10.02,
2024-10-19 10:15:00,10.08,
2024-10-19 10:30:00,10.13,
2024-10-19 10:45:00,10.16,
2024-10-19 11:00:00,10.19,
2024-10-19 11:15:00,10.21,
2024-10-19 11:30:00,10.24,
2024-10-19 11:45:00,10.26,
2024-10-19 12:00:00,10.28,
2024-10-19 12:15:00,10.29,
2024-10-19 12:30:00,10.31,
2024-10-19 12:45:00,10.31,
2024-10-19 13:00:00,10.31,
2024-10-19 13:15:00,10.29,
2024-10-19 13:30:00,10.28,
2024-10-19 13:45:00,10.26,
2024-10-19 14:00:00,10.24,
2024-10-19 14:15:00,10.2,
2024-10-19 14:30:00,10.17,
2024-10-19 14:45:00,10.12,
2024-10-19 15:00:00,10.08,
2024-10-19 15:15:00,10.04,
2024-10-19 15:30:00,10.0,
2024-10-19 15:45:00,9.94,
2024-10-19 16:00:00,9.91,
2024-10-19 16:15:00,9.87,
2024-10-19 16:30:00,9.84,
2024-10-19 16:45:00,9.81,
2024-10-19 17:00:00,9.78,
2024-10-19 17:15:00,9.75,
2024-10-19 17:30:00,9.72,
2024-10-19 17:45:00,9.68,
2024-10-19 18:00:00,9.63,
2024-10-19 18:15:00,9.59,
2024-10-19 18:30:00,9.54,
2024-10-19 18:45:00,9.5,
2024-10-19 19:00:00,9.45,
2024-10-19 19:15:00,9.42,
2024-10-19 19:30:00,9.39,
2024-10-19 19:45:00,9.38,
2024-10-19 20:00:00,9.37,
2024-10-19 20:15:00,9.37,
2024-10-19 20:30:00,9.39,
2024-10-19 20:45:00,9.39,
2024-10-19 21:00:00,9.4,
2024-10-19 21:15:00,9.4,
2024-10-19 21:30:00,9.41,
2024-10-19 21:45:00,9.41,
2024-10-19 22:00:00,9.42,
2024-10-19 22:15:00,9.44,
2024-10-19 22:30:00,9.44,
2024-10-19 22:45:00,9.44,
2024-10-19 23:00:00,9.45,
2024-10-19 23:15:00,9.46,
2024-10-19 23:30:00,9.47,
2024-10-19 23:45:00,9.47,
2024-10-20 00:00:00,9.48,
2024-10-20 00:15:00,9.49,
2024-10-20 00:30:00,9.49,
2024-10-20 00:45:00,9.49,
2024-10-20 01:00:00,9.5,
2024-10-20 01:15:00,9.5,
2024-10-20 01:30:00,9.51,
2024-10-20 01:45:00,9.52,
2024-10-20 02:00:00,9.53,
2024-10-20 02:15:00,9.54,
2024-10-20 02:30:00,9.56,
2024-10-20 02:45:00,9.56,
2024-10-20 03:00:00,9.58,
2024-10-20 03:15:00,9.58,
2024-10-20 03:30:00,9.6,
2024-10-20 03:45:00,9.6,
2024-10-20 04:00:00,9.61,
2024-10-20 04:15:00,9.62,
2024-10-20 04:30:00,9.62,
2024-10-20 04:45:00,9.63,
2024-10-20 05:00:00,9.64,
2024-10-20 05:15:00,9.64,
2024-10-20 05:30:00,9.65,
2024-10-20 05:45:00,9.66,
2024-10-20 06:00:00,9.66,
2024-10-20 06:15:00,9.66,
2024-10-20 06:30:00,9.67,
2024-10-20 06:45:00,9.68,
2024-10-20 07:00:00,9.68,
2024-10-20 07:15:00,9.69,
2024-10-20 07:30:00,9.7,
2024-10-20 07:45:00,9.71,
2024-10-20 08:00:00,9.72,
2024-10-20 08:15:00,9.74,
2024-10-20 08:30:00,9.76,
2024-10-20 08:45:00,9.79,
2024-10-20 09:00:00,9.81,
2024-10-20 09:15:00,9.86,
2024-10-20 09:30:00,9.89,
2024-10-20 09:45:00,9.93,
2024-10-20 10:00:00,9.98,
2024-10-20 10:15:00,10.04,
2024-10-20 10:30:00,10.08,
2024-10-20 10:45:00,10.12,
2024-10-20 11:00:00,10.15,
2024-10-20 11:15:00,10.16,
2024-10-20 11:30:00,10.18,
2024-10-20 11:45:00,10.19,
2024-10-20 12:00:00,10.21,
2024-10-20 12:15:00,10.21,
2024-10-20 12:30:00,10.22,
2024-10-20 12:45:00,10.23,
2024-10-20 13:00:00,10.22,
2024-10-20 13:15:00,10.21,
2024-10-20 13:30:00,10.18,
2024-10-20 13:45:00,10.16,
2024-10-20 14:00:00,10.14,
2024-10-20 14:15:00,10.11,
2024-10-20 14:30:00,10.09,
2024-10-20 14:45:00,10.04,
2024-10-20 15:00:00,10.0,
2024-10-20 15:15:00,9.97,
2024-10-20 15:30:00,9.94,
2024-10-20 15:45:00,9.89,
2024-10-20 16:00:00,9.87,
2024-10-20 16:15:00,9.81,
2024-10-20 16:30:00,9.78,
2024-10-20 16:45:00,9.74,
2024-10-20 17:00:00,9.71,
2024-10-20 17:15:00,9.67,
2024-10-20 17:30:00,9.63,
2024-10-20 17:45:00,9.58,
2024-10-20 18:00:00,9.55,
2024-10-20 18:15:00,9.52,
2024-10-20 18:30:00,9.47,
2024-10-20 18:45:00,9.42,
2024-10-20 19:00:00,9.37,
2024-10-20 19:15:00,9.34,
2024-10-20 19:30:00,9.31,
2024-10-20 19:45:00,9.3,
2024-10-20 20:00:00,9.29,
2024-10-20 20:15:00,9.28,
2024-10-20 20:30:00,9.29,
2024-10-20 20:45:00,9.3,
2024-10-20 21:00:00,9.3,
2024-10-20 21:15:00,9.3,
2024-10-20 21:30:00,9.31,
2024-10-20 21:45:00,9.32,
2024-10-20 22:00:00,9.33,
2024-10-20 22:15:00,9.32,
2024-10-20 22:30:00,9.34,
2024-10-20 22:45:00,9.34,
2024-10-20 23:00:00,9.35,
2024-10-20 23:15:00,9.36,
2024-10-20 23:30:00,9.36,
2024-10-20 23:45:00,9.36,
2024-10-21 00:00:00,9.36,
2024-10-21 00:15:00,9.38,
2024-10-21 00:30:00,9.38,
2024-10-21 00:45:00,9.39,
2024-10-21 01:00:00,9.39,
2024-10-21 01:15:00,9.4,
2024-10-21 01:30:00,9.41,
2024-10-21 01:45:00,9.41,
2024-10-21 02:00:00,9.43,
2024-10-21 02:15:00,9.44,
2024-10-21 02:30:00,9.45,
2024-10-21 02:45:00,9.45,
2024-10-21 03:00:00,9.45,
2024-10-21 03:15:00,9.46,
2024-10-21 03:30:00,9.47,
2024-10-21 03:45:00,9.47,
2024-10-21 04:00:00,9.47,
2024-10-21 04:15:00,9.48,
2024-10-21 04:30:00,9.5,
2024-10-21 04:45:00,9.49,
2024-10-21 05:00:00,9.5,
2024-10-21 05:15:00,9.51,
2024-10-21 05:30:00,9.51,
2024-10-21 05:45:00,9.51,
2024-10-21 06:00:00,9.51,
2024-10-21 06:15:00,9.52,
2024-10-21 06:30:00,9.53,
2024-10-21 06:45:00,9.54,
2024-10-21 07:00:00,9.54,
2024-10-21 07:15:00,9.55,
2024-10-21 07:30:00,9.56,
2024-10-21 07:45:00,9.57,
2024-10-21 08:00:00,9.58,
2024-10-21 08:15:00,9.59,
2024-10-21 08:30:00,9.61,
2024-10-21 08:45:00,9.64,
2024-10-21 09:00:00,9.67,
2024-10-21 09:15:00,9.71,
2024-10-21 09:30:00,9.76,
2024-10-21 09:45:00,9.81,
2024-10-21 10:00:00,9.86,
2024-10-21 10:15:00,9.92,
2024-10-21 10:30:00,9.99,
2024-10-21 10:45:00,10.05,
2024-10-21 11:00:00,10.08,
2024-10-21 11:15:00,10.13,
2024-10-21 11:30:00,10.17,
2024-10-21 11:45:00,10.19,
2024-10-21 12:00:00,10.19,
2024-10-21 12:15:00,10.19,
2024-10-21 12:30:00,10.2,
2024-10-21 12:45:00,10.21,
2024-10-21 13:00:00,10.18,
2024-10-21 13:15:00,10.16,
2024-10-21 13:30:00,10.14,
2024-10-21 13:45:00,10.1,
2024-10-21 14:00:00,10.08,
2024-10-21 14:15:00,10.04,
2024-10-21 14:30:00,10.03,
2024-10-21 14:45:00,9.99,
2024-10-21 15:00:00,9.95,
2024-10-21 15:15:00,9.91,
2024-10-21 15:30:00,9.86,
2024-10-21 15:45:00,9.82,
2024-10-21 16:00:00,9.78,
2024-10-21 16:15:00,9.73,
2024-10-21 16:30:00,9.69,
2024-10-21 16:45:00,9.65,
2024-10-21 17:00:00,9.61,
2024-10-21 17:15:00,9.55,
2024-10-21 17:30:00,9.52,
2024-10-21 17:45:00,9.48,
2024-10-21 18:00:00,9.44,
2024-10-21 18:15:00,9.39,
2024-10-21 18:30:00,9.35,
2024-10-21 18:45:00,9.29,
2024-10-21 19:00:00,9.24,
2024-10-21 19:15:00,9.21,
2024-10-21 19:30:00,9.19,
2024-10-21 19:45:00,9.18,
2024-10-21 20:00:00,9.17,
2024-10-21 20:15:00,9.17,
2024-10-21 20:30:00,9.18,
2024-10-21 20:45:00,9.19,
2024-10-21 21:00:00,9.2,
2024-10-21 21:15:00,9.2,
2024-10-21 21:30:00,9.21,
2024-10-21 21:45:00,9.22,
2024-10-21 22:00:00,9.24,
2024-10-21 22:15:00,9.24,
2024-10-21 22:30:00,9.24,
2024-10-21 22:45:00,9.25,
2024-10-21 23:00:00,9.26,
2024-10-21 23:15:00,9.27,
2024-10-21 23:30:00,9.28,
2024-10-21 23:45:00,9.28,
2024-10-22 00:00:00,9.29,
2024-10-22 00:15:00,9.3,
2024-10-22 00:30:00,9.3,
2024-10-22 00:45:00,9.3,
2024-10-22 01:00:00,9.31,
2024-10-22 01:15:00,9.32,
2024-10-22 01:30:00,9.33,
2024-10-22 01:45:00,9.33,
2024-10-22 02:00:00,9.33,
2024-10-22 02:15:00,9.35,
2024-10-22 02:30:00,9.35,
2024-10-22 02:45:00,9.37,
2024-10-22 03:00:00,9.37,
2024-10-22 03:15:00,9.39,
2024-10-22 03:30:00,9.38,
2024-10-22 03:45:00,9.38,
2024-10-22 04:00:00,9.41,
2024-10-22 04:15:00,9.42,
2024-10-22 04:30:00,9.44,
2024-10-22 04:45:00,9.44,
2024-10-22 05:00:00,9.45,
2024-10-22 05:15:00,9.46,
2024-10-22 05:30:00,9.47,
2024-10-22 05:45:00,9.47,
2024-10-22 06:00:00,9.49,
2024-10-22 06:15:00,9.49,
2024-10-22 06:30:00,9.51,
2024-10-22 06:45:00,9.52,
2024-10-22 07:00:00,9.52,
2024-10-22 07:15:00,9.53,
2024-10-22 07:30:00,9.54,
2024-10-22 07:45:00,9.54,
2024-10-22 08:00:00,9.56,
2024-10-22 08:15:00,9.58,
2024-10-22 08:30:00,9.59,
2024-10-22 08:45:00,9.63,
2024-10-22 09:00:00,9.67,
2024-10-22 09:15:00,9.72,
2024-10-22 09:30:00,9.77,
2024-10-22 09:45:00,9.81,
2024-10-22 10:00:00,9.86,
2024-10-22 10:15:00,9.91,
2024-10-22 10:30:00,9.95,
2024-10-22 10:45:00,10.01,
2024-10-22 11:00:00,10.06,
2024-10-22 11:15:00,10.09,
2024-10-22 11:30:00,10.14,
2024-10-22 11:45:00,10.17,
2024-10-22 12:00:00,10.19,
2024-10-22 12:15:00,10.19,
2024-10-22 12:30:00,10.21,
2024-10-22 12:45:00,10.2,
2024-10-22 13:00:00,10.22,
2024-10-22 13:15:00,10.22,
2024-10-22 13:30:00,10.22,
2024-10-22 13:45:00,10.2,
2024-10-22 14:00:00,10.22,
2024-10-22 14:15:00,10.19,
2024-10-22 14:30:00,10.18,
2024-10-22 14:45:00,10.14,
2024-10-22 15:00:00,10.09,
2024-10-22 15:15:00,10.07,
2024-10-22 15:30:00,10.02,
2024-10-22 15:45:00,9.97,LI
2024-10-22 16:00:00,9.92,LI
2024-10-22 16:15:00,9.87,
2024-10-22 16:30:00,9.86,
2024-10-22 16:45:00,9.82,
2024-10-22 17:00:00,9.76,
2024-10-22 17:15:00,9.74,
2024-10-22 17:30:00,9.71,
2024-10-22 17:45:00,9.65,
2024-10-22 18:00:00,9.59,
2024-10-22 18:15:00,9.53,
2024-10-22 18:30:00,9.46,
2024-10-22 18:45:00,9.39,
2024-10-22 19:00:00,9.32,
2024-10-22 19:15:00,9.29,
2024-10-22 19:30:00,9.25,
2024-10-22 19:45:00,9.22,
2024-10-22 20:00:00,9.23,
2024-10-22 20:15:00,9.23,
2024-10-22 20:30:00,9.23,
2024-10-22 20:45:00,9.22,
2024-10-22 21:00:00,9.23,
2024-10-22 21:15:00,9.23,
2024-10-22 21:30:00,9.25,
2024-10-22 21:45:00,9.26,
2024-10-22 22:00:00,9.27,
2024-10-22 22:15:00,9.27,
2024-10-22 22:30:00,9.28,
2024-10-22 22:45:00,9.3,
2024-10-22 23:00:00,9.31,
2024-10-22 23:15:00,9.31,
2024-10-22 23:30:00,9.32,
2024-10-22 23:45:00,9.33,
2024-10-23 00:00:00,9.34,
2024-10-23 00:15:00,9.35,
2024-10-23 00:30:00,9.36,
2024-10-23 00:45:00,9.36,
2024-10-23 01:00:00,9.37,
2024-10-23 01:15:00,9.38,
2024-10-23 01:30:00,9.38,
2024-10-23 01:45:00,9.41,
2024-10-23 02:00:00,9.41,
2024-10-23 02:15:00,9.43,
2024-10-23 02:30:00,9.42,
2024-10-23 02:45:00,9.45,
2024-10-23 03:00:00,9.44,
2024-10-23 03:15:00,9.45,
2024-10-23 03:30:00,9.47,
2024-10-23 03:45:00,9.47,
2024-10-23 04:00:00,9.48,
2024-10-23 04:15:00,9.49,
2024-10-23 04:30:00,9.5,
2024-10-23 04:45:00,9.52,
2024-10-23 05:00:00,9.52,
2024-10-23 05:15:00,9.53,
2024-10-23 05:30:00,9.53,
2024-10-23 05:45:00,9.54,
2024-10-23 06:00:00,9.55,
2024-10-23 06:15:00,9.56,
2024-10-23 06:30:00,9.56,
2024-10-23 06:45:00,9.58,
2024-10-23 07:00:00,9.58,
2024-10-23 07:15:00,9.59,
2024-10-23 07:30:00,9.59,
2024-10-23 07:45:00,9.6,
2024-10-23 08:00:00,9.61,
2024-10-23 08:15:00,9.63,
2024-10-23 08:30:00,9.65,
2024-10-23 08:45:00,9.69,
2024-10-23 09:00:00,9.71,
2024-10-23 09:15:00,9.76,
2024-10-23 09:30:00,9.81,
2024-10-23 09:45:00,9.84,
2024-10-23 10:00:00,9.89,
2024-10-23 10:15:00,9.95,
2024-10-23 10:30:00,9.99,
2024-10-23 10:45:00,10.03,
2024-10-23 11:00:00,10.06,
2024-10-23 11:15:00,10.09,
2024-10-23 11:30:00,10.12,
2024-10-23 11:45:00,10.14,
2024-10-23 12:00:00,10.15,
2024-10-23 12:15:00,10.17,
2024-10-23 12:30:00,10.19,
2024-10-23 12:45:00,10.19,
2024-10-23 13:00:00,10.2,
2024-10-23 13:15:00,10.19,
2024-10-23 13:30:00,10.19,
2024-10-23 13:45:00,10.17,
2024-10-23 14:00:00,10.14,
2024-10-23 14:15:00,10.12,
2024-10-23 14:30:00,10.1,
2024-10-23 14:45:00,10.06,
2024-10-23 15:00:00,10.03,
2024-10-23 15:15:00,9.98,
2024-10-23 15:30:00,9.94,
2024-10-23 15:45:00,9.9,
2024-10-23 16:00:00,9.87,
2024-10-23 16:15:00,9.83,
2024-10-23 16:30:00,9.79,
2024-10-23 16:45:00,9.74,
2024-10-23 17:00:00,9.69,
2024-10-23 17:15:00,9.65,
2024-10-23 17:30:00,9.6,
2024-10-23 17:45:00,9.55,
2024-10-23 18:00:00,9.49,
2024-10-23 18:15:00,9.43,
2024-10-23 18:30:00,9.36,
2024-10-23 18:45:00,9.3,
2024-10-23 19:00:00,9.25,
2024-10-23 19:15:00,9.21,
2024-10-23 19:30:00,9.18,
2024-10-23 19:45:00,9.16,
2024-10-23 20:00:00,9.16,
2024-10-23 20:15:00,9.16,
2024-10-23 20:30:00,9.16,
2024-10-23 20:45:00,9.16,
2024-10-23 21:00:00,9.16,
2024-10-23 21:15:00,9.16,
2024-10-23 21:30:00,9.16,
2024-10-23 21:45:00,9.17,
2024-10-23 22:00:00,9.17,
2024-10-23 22:15:00,9.16,
2024-10-23 22:30:00,9.17,
2024-10-23 22:45:00,9.18,
2024-10-23 23:00:00,9.17,
2024-10-23 23:15:00,9.18,
2024-10-23 23:30:00,9.18,
2024-10-23 23:45:00,9.18,
2024-10-24 00:00:00,9.18,
2024-10-24 00:15:00,9.18,
2024-10-24 00:30:00,9.18,
2024-10-24 00:45:00,9.18,
2024-10-24 01:00:00,9.17,
2024-10-24 01:15:00,9.18,
2024-10-24 01:30:00,9.18,
2024-10-24 01:45:00,9.18,
2024-10-24 02:00:00,9.19,
2024-10-24 02:15:00,9.2,
2024-10-24 02:30:00,9.21,
2024-10-24 02:45:00,9.22,
2024-10-24 03:00:00,9.22,
2024-10-24 03:15:00,9.24,
2024-10-24 03:30:00,9.23,
2024-10-24 03:45:00,9.24,
2024-10-24 04:00:00,9.25,
2024-10-24 04:15:00,9.26,
2024-10-24 04:30:00,9.28,
2024-10-24 04:45:00,9.29,
2024-10-24 05:00:00,9.3,
2024-10-24 05:15:00,9.31,
2024-10-24 05:30:00,9.32,
2024-10-24 05:45:00,9.33,
2024-10-24 06:00:00,9.34,
2024-10-24 06:15:00,9.35,
2024-10-24 06:30:00,9.37,
2024-10-24 06:45:00,9.39,
2024-10-24 07:00:00,9.4,
2024-10-24 07:15:00,9.41,
2024-10-24 07:30:00,9.42,
2024-10-24 07:45:00,9.43,
2024-10-24 08:00:00,9.44,
2024-10-24 08:15:00,9.46,
2024-10-24 08:30:00,9.48,
2024-10-24 08:45:00,9.52,
2024-10-24 09:00:00,9.55,
2024-10-24 09:15:00,9.6,
2024-10-24 09:30:00,9.63,
2024-10-24 09:45:00,9.68,
2024-10-24 10:00:00,9.74,
2024-10-24 10:15:00,9.8,
2024-10-24 10:30:00,9.86,
2024-10-24 10:45:00,9.91,
2024-10-24 11:00:00,9.95,
2024-10-24 11:15:00,10.02,
2024-10-24 11:30:00,10.09,
2024-10-24 11:45:00,10.12,
2024-10-24 12:00:00,10.11,
2024-10-24 12:15:00,10.13,
2024-10-24 12:30:00,10.15,
2024-10-24 12:45:00,10.16,
2024-10-24 13:00:00,10.18,
2024-10-24 13:15:00,10.2,
2024-10-24 13:30:00,10.19,
2024-10-24 13:45:00,10.17,
2024-10-24 14:00:00,10.15,
2024-10-24 14:15:00,10.13,
2024-10-24 14:30:00,10.09,
2024-10-24 14:45:00,10.08,
2024-10-24 15:00:00,10.06,
2024-10-24 15:15:00,10.06,
2024-10-24 15:30:00,10.02,
2024-10-24 15:45:00,9.95,
2024-10-24 16:00:00,9.89,
2024-10-24 16:15:00,9.85,
2024-10-24 16:30:00,9.83,
2024-10-24 16:45:00,9.8,
2024-10-24 17:00:00,9.78,
2024-10-24 17:15:00,9.74,
2024-10-24 17:30:00,9.72,
2024-10-24 17:45:00,9.7,
2024-10-24 18:00:00,9.65,
2024-10-24 18:15:00,9.61,
2024-10-24 18:30:00,9.55,
2024-10-24 18:45:00,9.49,
2024-10-24 19:00:00,9.45,
2024-10-24 19:15:00,9.42,
2024-10-24 19:30:00,9.39,
2024-10-24 19:45:00,9.39,
2024-10-24 20:00:00,9.38,
2024-10-24 20:15:00,9.39,
2024-10-24 20:30:00,9.39,
2024-10-24 20:45:00,9.4,
2024-10-24 21:00:00,9.41,
2024-10-24 21:15:00,9.41,
2024-10-24 21:30:00,9.43,
2024-10-24 21:45:00,9.43,
2024-10-24 22:00:00,9.45,
2024-10-24 22:15:00,9.46,
2024-10-24 22:30:00,9.47,
2024-10-24 22:45:00,9.48,
2024-10-24 23:00:00,9.48,
2024-10-24 23:15:00,9.5,
2024-10-24 23:30:00,9.52,
2024-10-24 23:45:00,9.52,
2024-10-25 00:00:00,9.53,
2024-10-25 00:15:00,9.55,
2024-10-25 00:30:00,9.55,
2024-10-25 00:45:00,9.56,
2024-10-25 01:00:00,9.57,
2024-10-25 01:15:00,9.59,
2024-10-25 01:30:00,9.6,
2024-10-25 01:45:00,9.6,
2024-10-25 02:00:00,9.62,
2024-10-25 02:15:00,9.62,
2024-10-25 02:30:00,9.64,
2024-10-25 02:45:00,9.65,
2024-10-25 03:00:00,9.66,
2024-10-25 03:15:00,9.67,
2024-10-25 03:30:00,9.68,
2024-10-25 03:45:00,9.69,
2024-10-25 04:00:00,9.7,
2024-10-25 04:15:00,9.71,
2024-10-25 04:30:00,9.72,
2024-10-25 04:45:00,9.73,
2024-10-25 05:00:00,9.73,
2024-10-25 05:15:00,9.75,
2024-10-25 05:30:00,9.76,
2024-10-25 05:45:00,9.77,
2024-10-25 06:00:00,9.78,
2024-10-25 06:15:00,9.79,
2024-10-25 06:30:00,9.8,
2024-10-25 06:45:00,9.82,
2024-10-25 07:00:00,9.82,
2024-10-25 07:15:00,9.84,
2024-10-25 07:30:00,9.86,
2024-10-25 07:45:00,9.87,
2024-10-25 08:00:00,9.88,
2024-10-25 08:15:00,9.9,
2024-10-25 08:30:00,9.93,
2024-10-25 08:45:00,9.95,
2024-10-25 09:00:00,9.99,
2024-10-25 09:15:00,10.03,
2024-10-25 09:30:00,10.08,
2024-10-25 09:45:00,10.13,
2024-10-25 10:00:00,10.18,
2024-10-25 10:15:00,10.24,
2024-10-25 10:30:00,10.29,
2024-10-25 10:45:00,10.33,
2024-10-25 11:00:00,10.37,
2024-10-25 11:15:00,10.4,
2024-10-25 11:30:00,10.43,
2024-10-25 11:45:00,10.45,
2024-10-25 12:00:00,10.47,
2024-10-25 12:15:00,10.49,
2024-10-25 12:30:00,10.5,
2024-10-25 12:45:00,10.5,
2024-10-25 13:00:00,10.51,
2024-10-25 13:15:00,10.49,
2024-10-25 13:30:00,10.49,
2024-10-25 13:45:00,10.47,
2024-10-25 14:00:00,10.44,
2024-10-25 14:15:00,10.43,
2024-10-25 14:30:00,10.4,
2024-10-25 14:45:00,10.37,
2024-10-25 15:00:00,10.35,
2024-10-25 15:15:00,10.32,
2024-10-25 15:30:00,10.3,
2024-10-25 15:45:00,10.26,
2024-10-25 16:00:00,10.23,
2024-10-25 16:15:00,10.2,
2024-10-25 16:30:00,10.17,
2024-10-25 16:45:00,10.14,
2024-10-25 17:00:00,10.1,
2024-10-25 17:15:00,10.05,
2024-10-25 17:30:00,10.01,
2024-10-25 17:45:00,9.95,
2024-10-25 18:00:00,9.9,
2024-10-25 18:15:00,9.85,
2024-10-25 18:30:00,9.79,
2024-10-25 18:45:00,9.73,
2024-10-25 19:00:00,9.69,
2024-10-25 19:15:00,9.64,
2024-10-25 19:30:00,9.63,
2024-10-25 19:45:00,9.6,
2024-10-25 20:00:00,9.59,
2024-10-25 20:15:00,9.59,
2024-10-25 20:30:00,9.58,
2024-10-25 20:45:00,9.58,
2024-10-25 21:00:00,9.59,
2024-10-25 21:15:00,9.6,
2024-10-25 21:30:00,9.6,
2024-10-25 21:45:00,9.61,
2024-10-25 22:00:00,9.62,
2024-10-25 22:15:00,9.63,
2024-10-25 22:30:00,9.63,
2024-10-25 22:45:00,9.65,
2024-10-25 23:00:00,9.65,
2024-10-25 23:15:00,9.67,
2024-10-25 23:30:00,9.67,
2024-10-25 23:45:00,9.67,
2024-10-26 00:00:00,9.68,
2024-10-26 00:15:00,9.69,
2024-10-26 00:30:00,9.7,
2024-10-26 00:45:00,9.71,
2024-10-26 01:00:00,9.72,
2024-10-26 01:15:00,9.72,
2024-10-26 01:30:00,9.73,
2024-10-26 01:45:00,9.74,
2024-10-26 02:00:00,9.74,
2024-10-26 02:15:00,9.75,
2024-10-26 02:30:00,9.74,
2024-10-26 02:45:00,9.75,
2024-10-26 03:00:00,9.75,
2024-10-26 03:15:00,9.76,
2024-10-26 03:30:00,9.76,
2024-10-26 03:45:00,9.76,
2024-10-26 04:00:00,9.75,
2024-10-26 04:15:00,9.77,
2024-10-26 04:30:00,9.77,
2024-10-26 04:45:00,9.78,
2024-10-26 05:00:00,9.77,
2024-10-26 05:15:00,9.78,
2024-10-26 05:30:00,9.79,
2024-10-26 05:45:00,9.79,
2024-10-26 06:00:00,9.8,
2024-10-26 06:15:00,9.8,
2024-10-26 06:30:00,9.8,
2024-10-26 06:45:00,9.82,
2024-10-26 07:00:00,9.82,
2024-10-26 07:15:00,9.83,
2024-10-26 07:30:00,9.84,
2024-10-26 07:45:00,9.85,
2024-10-26 08:00:00,9.86,
2024-10-26 08:15:00,9.88,
2024-10-26 08:30:00,9.91,
2024-10-26 08:45:00,9.93,
2024-10-26 09:00:00,9.97,
2024-10-26 09:15:00,10.01,
2024-10-26 09:30:00,10.05,
2024-10-26 09:45:00,10.1,
2024-10-26 10:00:00,10.15,
2024-10-26 10:15:00,10.2,
2024-10-26 10:30:00,10.24,
2024-10-26 10:45:00,10.29,
2024-10-26 11:00:00,10.32,
2024-10-26 11:15:00,10.34,
2024-10-26 11:30:00,10.38,
2024-10-26 11:45:00,10.4,
2024-10-26 12:00:00,10.41,
2024-10-26 12:15:00,10.43,
2024-10-26 12:30:00,10.44,
2024-10-26 12:45:00,10.45,
2024-10-26 13:00:00,10.45,
2024-10-26 13:15:00,10.42,
2024-10-26 13:30:00,10.42,
2024-10-26 13:45:00,10.38,
2024-10-26 14:00:00,10.36,
2024-10-26 14:15:00,10.34,
2024-10-26 14:30:00,10.31,
2024-10-26 14:45:00,10.27,
2024-10-26 15:00:00,10.24,
2024-10-26 15:15:00,10.21,
2024-10-26 15:30:00,10.17,
2024-10-26 15:45:00,10.14,
2024-10-26 16:00:00,10.09,
2024-10-26 16:15:00,10.04,
2024-10-26 16:30:00,10.01,
2024-10-26 16:45:00,9.96,
2024-10-26 17:00:00,9.93,
2024-10-26 17:15:00,9.88,
2024-10-26 17:30:00,9.85,
2024-10-26 17:45:00,9.8,
2024-10-26 18:00:00,9.74,
2024-10-26 18:15:00,9.7,
2024-10-26 18:30:00,9.63,
2024-10-26 18:45:00,9.58,
2024-10-26 19:00:00,9.53,
2024-10-26 19:15:00,9.5,
2024-10-26 19:30:00,9.48,
2024-10-26 19:45:00,9.46,
2024-10-26 20:00:00,9.45,
2024-10-26 20:15:00,9.46,
2024-10-26 20:30:00,9.47,
2024-10-26 20:45:00,9.48,
2024-10-26 21:00:00,9.49,
2024-10-26 21:15:00,9.48,
2024-10-26 21:30:00,9.49,
2024-10-26 21:45:00,9.5,
2024-10-26 22:00:00,9.51,
2024-10-26 22:15:00,9.53,
2024-10-26 22:30:00,9.54,
2024-10-26 22:45:00,9.54,
2024-10-26 23:00:00,9.55,
2024-10-26 23:15:00,9.56,
2024-10-26 23:30:00,9.56,
2024-10-26 23:45:00,9.57,
2024-10-27 00:00:00,9.57,
2024-10-27 00:15:00,9.59,
2024-10-27 00:30:00,9.59,
2024-10-27 00:45:00,9.59,
2024-10-27 01:00:00,9.59,
2024-10-27 01:15:00,9.61,
2024-10-27 01:30:00,9.61,
2024-10-27 01:45:00,9.61,
2024-10-27 02:00:00,9.62,
2024-10-27 02:15:00,9.63,
2024-10-27 02:30:00,9.63,
2024-10-27 02:45:00,9.64,
2024-10-27 03:00:00,9.64,
2024-10-27 03:15:00,9.66,
2024-10-27 03:30:00,9.67,
2024-10-27 03:45:00,9.67,
2024-10-27 04:00:00,9.67,
2024-10-27 04:15:00,9.68,
2024-10-27 04:30:00,9.69,
2024-10-27 04:45:00,9.69,
2024-10-27 05:00:00,9.69,
2024-10-27 05:15:00,9.69,
2024-10-27 05:30:00,9.71,
2024-10-27 05:45:00,9.71,
2024-10-27 06:00:00,9.72,
2024-10-27 06:15:00,9.72,
2024-10-27 06:30:00,9.72,
2024-10-27 06:45:00,9.74,
2024-10-27 07:00:00,9.73,
2024-10-27 07:15:00,9.74,
2024-10-27 07:30:00,9.74,
2024-10-27 07:45:00,9.75,
2024-10-27 08:00:00,9.74,
2024-10-27 08:15:00,9.76,
2024-10-27 08:30:00,9.77,
2024-10-27 08:45:00,9.8,
2024-10-27 09:00:00,9.82,
2024-10-27 09:15:00,9.88,
2024-10-27 09:30:00,9.94,
2024-10-27 09:45:00,9.99,
2024-10-27 10:00:00,10.07,
2024-10-27 10:15:00,10.14,
2024-10-27 10:30:00,10.2,
2024-10-27 10:45:00,10.26,
2024-10-27 11:00:00,10.32,
2024-10-27 11:15:00,10.37,
2024-10-27 11:30:00,10.4,
2024-10-27 11:45:00,10.43,
2024-10-27 12:00:00,10.46,
2024-10-27 12:15:00,10.48,
2024-10-27 12:30:00,10.51,
2024-10-27 12:45:00,10.53,
2024-10-27 13:00:00,10.5,
2024-10-27 13:15:00,10.5,
2024-10-27 13:30:00,10.51,
2024-10-27 13:45:00,10.47,
2024-10-27 14:00:00,10.45,
2024-10-27 14:15:00,10.43,
2024-10-27 14:30:00,10.4,
2024-10-27 14:45:00,10.35,
2024-10-27 15:00:00,10.32,
2024-10-27 15:15:00,10.27,
2024-10-27 15:30:00,10.22,
2024-10-27 15:45:00,10.17,
2024-10-27 16:00:00,10.11,
2024-10-27 16:15:00,10.06,
2024-10-27 16:30:00,10.0,
2024-10-27 16:45:00,9.94,
2024-10-27 17:00:00,9.88,
2024-10-27 17:15:00,9.83,
2024-10-27 17:30:00,9.78,
2024-10-27 17:45:00,9.71,
2024-10-27 18:00:00,9.65,
2024-10-27 18:15:00,9.59,
2024-10-27 18:30:00,9.5,
2024-10-27 18:45:00,9.46,
2024-10-27 19:00:00,9.42,
2024-10-27 19:15:00,9.37,
2024-10-27 19:30:00,9.34,
2024-10-27 19:45:00,9.31,
2024-10-27 20:00:00,9.29,
2024-10-27 20:15:00,9.28,
2024-10-27 20:30:00,9.28,
2024-10-27 20:45:00,9.28,
2024-10-27 21:00:00,9.28,
2024-10-27 21:15:00,9.28,
2024-10-27 21:30:00,9.29,
2024-10-27 21:45:00,9.29,
2024-10-27 22:00:00,9.29,
2024-10-27 22:15:00,9.29,
2024-10-27 22:30:00,9.29,
2024-10-27 22:45:00,9.29,
2024-10-27 23:00:00,9.3,
2024-10-27 23:15:00,9.3,
2024-10-27 23:30:00,9.32,
2024-10-27 23:45:00,9.32,
2024-10-28 00:00:00,9.32,
2024-10-28 00:15:00,9.33,
2024-10-28 00:30:00,9.34,
2024-10-28 00:45:00,9.34,
2024-10-28 01:00:00,9.35,
2024-10-28 01:15:00,9.35,
2024-10-28 01:30:00,9.36,
2024-10-28 01:45:00,9.36,
2024-10-28 02:00:00,9.37,
2024-10-28 02:15:00,9.37,
2024-10-28 02:30:00,9.37,
2024-10-28 02:45:00,9.38,
2024-10-28 03:00:00,9.39,
2024-10-28 03:15:00,9.39,
2024-10-28 03:30:00,9.39,
2024-10-28 03:45:00,9.4,
2024-10-28 04:00:00,9.4,
2024-10-28 04:15:00,9.41,
2024-10-28 04:30:00,9.42,
2024-10-28 04:45:00,9.42,
2024-10-28 05:00:00,9.43,
2024-10-28 05:15:00,9.43,
2024-10-28 05:30:00,9.44,
2024-10-28 05:45:00,9.45,
2024-10-28 06:00:00,9.46,
2024-10-28 06:15:00,9.47,
2024-10-28 06:30:00,9.48,
2024-10-28 06:45:00,9.49,
2024-10-28 07:00:00,9.5,
2024-10-28 07:15:00,9.5,
2024-10-28 07:30:00,9.51,
2024-10-28 07:45:00,9.52,
2024-10-28 08:00:00,9.54,
2024-10-28 08:15:00,9.56,
2024-10-28 08:30:00,9.57,
2024-10-28 08:45:00,9.6,
2024-10-28 09:00:00,9.63,
2024-10-28 09:15:00,9.68,
2024-10-28 09:30:00,9.73,
2024-10-28 09:45:00,9.78,
2024-10-28 10:00:00,9.83,
2024-10-28 10:15:00,9.89,
2024-10-28 10:30:00,9.94,
2024-10-28 10:45:00,9.99,
2024-10-28 11:00:00,10.03,
2024-10-28 11:15:00,10.07,
2024-10-28 11:30:00,10.1,
2024-10-28 11:45:00,10.13,
2024-10-28 12:00:00,10.18,
2024-10-28 12:15:00,10.2,
2024-10-28 12:30:00,10.22,
2024-10-28 12:45:00,10.24,
2024-10-28 13:00:00,10.26,
2024-10-28 13:15:00,10.26,
2024-10-28 13:30:00,10.26,
2024-10-28 13:45:00,10.24,
2024-10-28 14:00:00,10.24,
2024-10-28 14:15:00,10.21,
2024-10-28 14:30:00,10.18,
2024-10-28 14:45:00,10.14,
2024-10-28 15:00:00,10.11,
2024-10-28 15:15:00,10.08,
2024-10-28 15:30:00,10.04,
2024-10-28 15:45:00,10.02,
2024-10-28 16:00:00,9.99,
2024-10-28 16:15:00,9.96,
2024-10-28 16:30:00,9.92,
2024-10-28 16:45:00,9.91,
2024-10-28 17:00:00,9.87,
2024-10-28 17:15:00,9.77,
2024-10-28 17:30:00,9.73,
2024-10-28 17:45:00,9.66,
2024-10-28 18:00:00,9.6,
2024-10-28 18:15:00,9.53,
2024-10-28 18:30:00,9.49,
2024-10-28 18:45:00,9.45,
2024-10-28 19:00:00,9.42,
2024-10-28 19:15:00,9.4,
2024-10-28 19:30:00,9.39,
2024-10-28 19:45:00,9.38,
2024-10-28 20:00:00,9.38,
2024-10-28 20:15:00,9.38,
2024-10-28 20:30:00,9.39,
2024-10-28 20:45:00,9.4,
2024-10-28 21:00:00,9.41,
2024-10-28 21:15:00,9.41,
2024-10-28 21:30:00,9.42,
2024-10-28 21:45:00,9.42,
2024-10-28 22:00:00,9.42,
2024-10-28 22:15:00,9.43,
2024-10-28 22:30:00,9.43,
2024-10-28 22:45:00,9.43,
2024-10-28 23:00:00,9.43,
2024-10-28 23:15:00,9.43,
2024-10-28 23:30:00,9.44,
2024-10-28 23:45:00,9.43,
2024-10-29 00:00:00,9.43,
2024-10-29 00:15:00,9.43,
2024-10-29 00:30:00,9.43,
2024-10-29 00:45:00,9.43,
2024-10-29 01:00:00,9.44,
2024-10-29 01:15:00,9.44,
2024-10-29 01:30:00,9.43,
2024-10-29 01:45:00,9.43,
2024-10-29 02:00:00,9.42,
2024-10-29 02:15:00,9.42,
2024-10-29 02:30:00,9.43,
2024-10-29 02:45:00,9.45,
2024-10-29 03:00:00,9.46,
2024-10-29 03:15:00,9.47,
2024-10-29 03:30:00,9.48,
2024-10-29 03:45:00,9.48,
2024-10-29 04:00:00,9.48,
2024-10-29 04:15:00,9.49,
2024-10-29 04:30:00,9.5,
2024-10-29 04:45:00,9.51,
2024-10-29 05:00:00,9.51,
2024-10-29 05:15:00,9.51,
2024-10-29 05:30:00,9.52,
2024-10-29 05:45:00,9.52,
2024-10-29 06:00:00,9.52,
2024-10-29 06:15:00,9.52,
2024-10-29 06:30:00,9.52,
2024-10-29 06:45:00,9.53,
2024-10-29 07:00:00,9.53,
2024-10-29 07:15:00,9.53,
2024-10-29 07:30:00,9.53,
2024-10-29 07:45:00,9.53,
2024-10-29 08:00:00,9.53,
2024-10-29 08:15:00,9.53,
2024-10-29 08:30:00,9.53,
2024-10-29 08:45:00,9.53,
2024-10-29 09:00:00,9.55,
2024-10-29 09:15:00,9.57,
2024-10-29 09:30:00,9.6,
2024-10-29 09:45:00,9.63,
2024-10-29 10:00:00,9.66,
2024-10-29 10:15:00,9.68,
2024-10-29 10:30:00,9.73,
2024-10-29 10:45:00,9.79,
2024-10-29 11:00:00,9.82,
2024-10-29 11:15:00,9.85,
2024-10-29 11:30:00,9.91,
2024-10-29 11:45:00,9.95,
2024-10-29 12:00:00,9.98,
2024-10-29 12:15:00,10.03,
2024-10-29 12:30:00,10.06,
2024-10-29 12:45:00,10.1,
2024-10-29 13:00:00,10.13,
2024-10-29 13:15:00,10.14,
2024-10-29 13:30:00,10.14,
2024-10-29 13:45:00,10.12,
2024-10-29 14:00:00,10.12,
2024-10-29 14:15:00,10.09,
2024-10-29 14:30:00,10.06,
2024-10-29 14:45:00,10.03,
2024-10-29 15:00:00,10.0,
2024-10-29 15:15:00,9.97,
2024-10-29 15:30:00,9.94,
2024-10-29 15:45:00,9.93,
2024-10-29 16:00:00,9.91,
2024-10-29 16:15:00,9.89,
2024-10-29 16:30:00,9.88,
2024-10-29 16:45:00,9.86,
2024-10-29 17:00:00,9.85,
2024-10-29 17:15:00,9.82,
2024-10-29 17:30:00,9.8,
2024-10-29 17:45:00,9.77,
2024-10-29 18:00:00,9.74,
2024-10-29 18:15:00,9.71,
2024-10-29 18:30:00,9.69,
2024-10-29 18:45:00,9.67,
2024-10-29 19:00:00,9.65,
2024-10-29 19:15:00,9.64,
2024-10-29 19:30:00,9.63,
2024-10-29 19:45:00,9.63,
2024-10-29 20:00:00,9.62,
2024-10-29 20:15:00,9.62,
2024-10-29 20:30:00,9.63,
2024-10-29 20:45:00,9.63,
2024-10-29 21:00:00,9.64,
2024-10-29 21:15:00,9.64,
2024-10-29 21:30:00,9.65,
2024-10-29 21:45:00,9.66,
2024-10-29 22:00:00,9.67,
2024-10-29 22:15:00,9.67,
2024-10-29 22:30:00,9.67,
2024-10-29 22:45:00,9.68,
2024-10-29 23:00:00,9.69,
2024-10-29 23:15:00,9.69,
2024-10-29 23:30:00,9.7,
2024-10-29 23:45:00,9.7,
2024-10-30 00:00:00,9.71,
2024-10-30 00:15:00,9.73,
2024-10-30 00:30:00,9.73,
2024-10-30 00:45:00,9.74,
2024-10-30 01:00:00,9.74,
2024-10-30 01:15:00,9.75,
2024-10-30 01:30:00,9.76,
2024-10-30 01:45:00,9.76,
2024-10-30 02:00:00,9.77,
2024-10-30 02:15:00,9.79,
2024-10-30 02:30:00,9.8,
2024-10-30 02:45:00,9.8,
2024-10-30 03:00:00,9.82,
2024-10-30 03:15:00,9.82,
2024-10-30 03:30:00,9.83,
2024-10-30 03:45:00,9.84,
2024-10-30 04:00:00,9.85,
2024-10-30 04:15:00,9.87,
2024-10-30 04:30:00,9.87,
2024-10-30 04:45:00,9.88,
2024-10-30 05:00:00,9.89,
2024-10-30 05:15:00,9.91,
2024-10-30 05:30:00,9.91,
2024-10-30 05:45:00,9.93,
2024-10-30 06:00:00,9.94,
2024-10-30 06:15:00,9.95,
2024-10-30 06:30:00,9.96,
2024-10-30 06:45:00,9.97,
2024-10-30 07:00:00,9.97,
2024-10-30 07:15:00,9.99,
2024-10-30 07:30:00,10.0,
2024-10-30 07:45:00,10.0,
2024-10-30 08:00:00,10.02,
2024-10-30 08:15:00,10.05,
2024-10-30 08:30:00,10.07,
2024-10-30 08:45:00,10.09,
2024-10-30 09:00:00,10.14,
2024-10-30 09:15:00,10.19,
2024-10-30 09:30:00,10.23,
2024-10-30 09:45:00,10.3,
2024-10-30 10:00:00,10.35,
2024-10-30 10:15:00,10.41,
2024-10-30 10:30:00,10.47,
2024-10-30 10:45:00,10.53,
2024-10-30 11:00:00,10.58,
2024-10-30 11:15:00,10.6,
2024-10-30 11:30:00,10.64,
2024-10-30 11:45:00,10.66,
2024-10-30 12:00:00,10.69,
2024-10-30 12:15:00,10.71,
2024-10-30 12:30:00,10.73,
2024-10-30 12:45:00,10.74,
2024-10-30 13:00:00,10.74,
2024-10-30 13:15:00,10.73,
2024-10-30 13:30:00,10.72,
2024-10-30 13:45:00,10.71,
2024-10-30 14:00:00,10.69,
2024-10-30 14:15:00,10.68,
2024-10-30 14:30:00,10.66,
2024-10-30 14:45:00,10.65,
2024-10-30 15:00:00,10.63,
2024-10-30 15:15:00,10.62,
2024-10-30 15:30:00,10.55,
2024-10-30 15:45:00,10.51,
2024-10-30 16:00:00,10.44,
2024-10-30 16:15:00,10.39,
2024-10-30 16:30:00,10.38,
2024-10-30 16:45:00,10.37,
2024-10-30 17:00:00,10.35,
2024-10-30 17:15:00,10.34,
2024-10-30 17:30:00,10.31,
2024-10-30 17:45:00,10.28,
2024-10-30 18:00:00,10.21,
2024-10-30 18:15:00,10.14,
2024-10-30 18:30:00,10.05,
2024-10-30 18:45:00,9.99,
2024-10-30 19:00:00,9.94,
2024-10-30 19:15:00,9.92,
2024-10-30 19:30:00,9.89,
2024-10-30 19:45:00,9.88,
2024-10-30 20:00:00,9.89,
2024-10-30 20:15:00,9.89,
2024-10-30 20:30:00,9.9,
2024-10-30 20:45:00,9.9,
2024-10-30 21:00:00,9.91,
2024-10-30 21:15:00,9.91,
2024-10-30 21:30:00,9.94,
2024-10-30 21:45:00,9.94,
2024-10-30 22:00:00,9.96,
2024-10-30 22:15:00,9.96,
2024-10-30 22:30:00,9.97,
2024-10-30 22:45:00,9.98,
2024-10-30 23:00:00,9.98,
2024-10-30 23:15:00,10.0,
2024-10-30 23:30:00,10.01,
2024-10-30 23:45:00,10.01,
2024-10-31 00:00:00,10.01,
2024-10-31 00:15:00,10.02,
2024-10-31 00:30:00,10.03,
2024-10-31 00:45:00,10.02,
2024-10-31 01:00:00,10.03,
2024-10-31 01:15:00,10.04,
2024-10-31 01:30:00,10.05,
2024-10-31 01:45:00,10.04,
2024-10-31 02:00:00,10.04,
2024-10-31 02:15:00,10.05,
2024-10-31 02:30:00,10.06,
2024-10-31 02:45:00,10.06,
2024-10-31 03:00:00,10.06,
2024-10-31 03:15:00,10.07,
2024-10-31 03:30:00,10.07,
2024-10-31 03:45:00,10.07,
2024-10-31 04:00:00,10.06,
2024-10-31 04:15:00,10.07,
2024-10-31 04:30:00,10.09,
2024-10-31 04:45:00,10.09,
2024-10-31 05:00:00,10.08,
2024-10-31 05:15:00,10.1,
2024-10-31 05:30:00,10.1,
2024-10-31 05:45:00,10.1,
2024-10-31 06:00:00,10.11,
2024-10-31 06:15:00,10.1,
2024-10-31 06:30:00,10.12,
2024-10-31 06:45:00,10.12,
2024-10-31 07:00:00,10.12,
2024-10-31 07:15:00,10.13,
2024-10-31 07:30:00,10.13,
2024-10-31 07:45:00,10.13,
2024-10-31 08:00:00,10.13,
2024-10-31 08:15:00,10.14,
2024-10-31 08:30:00,10.16,
2024-10-31 08:45:00,10.19,
2024-10-31 09:00:00,10.23,
2024-10-31 09:15:00,10.27,
2024-10-31 09:30:00,10.32,
2024-10-31 09:45:00,10.35,
2024-10-31 10:00:00,10.42,
2024-10-31 10:15:00,10.48,
2024-10-31 10:30:00,10.5,
2024-10-31 10:45:00,10.5,
2024-10-31 11:00:00,10.53,
2024-10-31 11:15:00,10.56,
2024-10-31 11:30:00,10.56,
2024-10-31 11:45:00,10.59,
2024-10-31 12:00:00,10.61,
2024-10-31 12:15:00,10.61,
2024-10-31 12:30:00,10.64,
2024-10-31 12:45:00,10.65,
2024-10-31 13:00:00,10.67,
2024-10-31 13:15:00,10.68,
2024-10-31 13:30:00,10.7,
2024-10-31 13:45:00,10.68,
2024-10-31 14:00:00,10.66,
2024-10-31 14:15:00,10.67,
2024-10-31 14:30:00,10.69,
2024-10-31 14:45:00,10.7,
2024-10-31 15:00:00,10.69,
2024-10-31 15:15:00,10.66,
2024-10-31 15:30:00,10.64,
2024-10-31 15:45:00,10.63,
2024-10-31 16:00:00,10.64,
2024-10-31 16:15:00,10.65,
2024-10-31 16:30:00,10.66,
2024-10-31 16:45:00,10.65,
2024-10-31 17:00:00,10.61,
2024-10-31 17:15:00,10.55,
2024-10-31 17:30:00,10.49,
2024-10-31 17:45:00,10.41,
2024-10-31 18:00:00,10.33,
2024-10-31 18:15:00,10.25,
2024-10-31 18:30:00,10.18,
2024-10-31 18:45:00,10.11,
2024-10-31 19:00:00,10.04,
2024-10-31 19:15:00,10.01,
2024-10-31 19:30:00,9.97,
2024-10-31 19:45:00,9.97,
2024-10-31 20:00:00,9.95,
2024-10-31 20:15:00,9.95,
2024-10-31 20:30:00,9.95,
2024-10-31 20:45:00,9.95,
2024-10-31 21:00:00,9.95,
2024-10-31 21:15:00,9.95,
2024-10-31 21:30:00,9.96,
2024-10-31 21:45:00,9.96,
2024-10-31 22:00:00,9.97,
2024-10-31 22:15:00,9.98,
2024-10-31 22:30:00,9.98,
2024-10-31 22:45:00,9.99,
2024-10-31 23:00:00,9.98,
2024-10-31 23:15:00,9.99,
2024-10-31 23:30:00,9.99,
2024-10-31 23:45:00,9.99,
2024-11-01 00:00:00,10.0,
2024-11-01 00:15:00,10.0,
2024-11-01 00:30:00,10.0,
2024-11-01 00:45:00,10.01,
2024-11-01 01:00:00,10.01,
2024-11-01 01:15:00,10.01,
2024-11-01 01:30:00,10.02,
2024-11-01 01:45:00,10.02,
2024-11-01 02:00:00,10.04,
2024-11-01 02:15:00,10.04,
2024-11-01 02:30:00,10.04,
2024-11-01 02:45:00,10.05,
2024-11-01 03:00:00,10.06,
2024-11-01 03:15:00,10.05,
2024-11-01 03:30:00,10.07,
2024-11-01 03:45:00,10.07,
2024-11-01 04:00:00,10.08,
2024-11-01 04:15:00,10.1,
2024-11-01 04:30:00,10.1,
2024-11-01 04:45:00,10.11,
2024-11-01 05:00:00,10.12,
2024-11-01 05:15:00,10.12,
2024-11-01 05:30:00,10.13,
2024-11-01 05:45:00,10.13,
2024-11-01 06:00:00,10.14,
2024-11-01 06:15:00,10.14,
2024-11-01 06:30:00,10.15,
2024-11-01 06:45:00,10.16,
2024-11-01 07:00:00,10.16,
2024-11-01 07:15:00,10.17,
2024-11-01 07:30:00,10.18,
2024-11-01 07:45:00,10.17,
2024-11-01 08:00:00,10.18,
2024-11-01 08:15:00,10.19,
2024-11-01 08:30:00,10.21,
2024-11-01 08:45:00,10.24,
2024-11-01 09:00:00,10.28,
2024-11-01 09:15:00,10.32,
2024-11-01 09:30:00,10.37,
2024-11-01 09:45:00,10.45,
2024-11-01 10:00:00,10.51,
2024-11-01 10:15:00,10.59,
2024-11-01 10:30:00,10.68,
2024-11-01 10:45:00,10.75,
2024-11-01 11:00:00,10.78,
2024-11-01 11:15:00,10.83,
2024-11-01 11:30:00,10.87,
2024-11-01 11:45:00,10.9,
2024-11-01 12:00:00,10.9,
2024-11-01 12:15:00,10.92,
2024-11-01 12:30:00,10.91,
2024-11-01 12:45:00,10.89,
2024-11-01 13:00:00,10.88,
2024-11-01 13:15:00,10.86,
2024-11-01 13:30:00,10.83,
2024-11-01 13:45:00,10.82,
2024-11-01 14:00:00,10.79,
2024-11-01 14:15:00,10.76,
2024-11-01 14:30:00,10.72,
2024-11-01 14:45:00,10.69,
2024-11-01 15:00:00,10.65,
2024-11-01 15:15:00,10.62,
2024-11-01 15:30:00,10.6,
2024-11-01 15:45:00,10.58,
2024-11-01 16:00:00,10.51,
2024-11-01 16:15:00,10.46,
2024-11-01 16:30:00,10.43,
2024-11-01 16:45:00,10.39,
2024-11-01 17:00:00,10.37,
2024-11-01 17:15:00,10.32,
2024-11-01 17:30:00,10.27,
2024-11-01 17:45:00,10.22,
2024-11-01 18:00:00,10.18,
2024-11-01 18:15:00,10.13,
2024-11-01 18:30:00,10.07,
2024-11-01 18:45:00,10.01,
2024-11-01 19:00:00,9.97,
2024-11-01 19:15:00,9.93,
2024-11-01 19:30:00,9.89,
2024-11-01 19:45:00,9.87,
2024-11-01 20:00:00,9.86,
2024-11-01 20:15:00,9.85,
2024-11-01 20:30:00,9.85,
2024-11-01 20:45:00,9.85,
2024-11-01 21:00:00,9.84,
2024-11-01 21:15:00,9.85,
2024-11-01 21:30:00,9.84,
2024-11-01 21:45:00,9.84,
2024-11-01 22:00:00,9.83,
2024-11-01 22:15:00,9.84,
2024-11-01 22:30:00,9.83,
2024-11-01 22:45:00,9.84,
2024-11-01 23:00:00,9.84,
2024-11-01 23:15:00,9.85,
2024-11-01 23:30:00,9.85,
2024-11-01 23:45:00,9.85,
2024-11-02 00:00:00,9.86,
2024-11-02 00:15:00,9.85,
2024-11-02 00:30:00,9.86,
2024-11-02 00:45:00,9.86,
2024-11-02 01:00:00,9.86,
2024-11-02 01:15:00,9.87,
2024-11-02 01:30:00,9.88,
2024-11-02 01:45:00,9.89,
2024-11-02 02:00:00,9.89,
2024-11-02 02:15:00,9.89,
2024-11-02 02:30:00,9.9,
2024-11-02 02:45:00,9.91,
2024-11-02 03:00:00,9.9,
2024-11-02 03:15:00,9.9,
2024-11-02 03:30:00,9.91,
2024-11-02 03:45:00,9.9,
2024-11-02 04:00:00,9.9,
2024-11-02 04:15:00,9.91,
2024-11-02 04:30:00,9.91,
2024-11-02 04:45:00,9.9,
2024-11-02 05:00:00,9.9,
2024-11-02 05:15:00,9.91,
2024-11-02 05:30:00,9.91,
2024-11-02 05:45:00,9.91,
2024-11-02 06:00:00,9.92,
2024-11-02 06:15:00,9.92,
2024-11-02 06:30:00,9.92,
2024-11-02 06:45:00,9.93,
2024-11-02 07:00:00,9.93,
2024-11-02 07:15:00,9.94,
2024-11-02 07:30:00,9.95,
2024-11-02 07:45:00,9.95,
2024-11-02 08:00:00,9.95,
2024-11-02 08:15:00,9.97,
2024-11-02 08:30:00,9.98,
2024-11-02 08:45:00,10.02,
2024-11-02 09:00:00,10.07,
2024-11-02 09:15:00,10.12,
2024-11-02 09:30:00,10.17,
2024-11-02 09:45:00,10.21,
2024-11-02 10:00:00,10.29,
2024-11-02 10:15:00,10.34,
2024-11-02 10:30:00,10.4,
2024-11-02 10:45:00,10.45,
2024-11-02 11:00:00,10.49,
2024-11-02 11:15:00,10.53,
2024-11-02 11:30:00,10.57,
2024-11-02 11:45:00,10.59,
2024-11-02 12:00:00,10.61,
2024-11-02 12:15:00,10.64,
2024-11-02 12:30:00,10.68,
2024-11-02 12:45:00,10.67,
2024-11-02 13:00:00,10.7,
2024-11-02 13:15:00,10.71,
2024-11-02 13:30:00,10.67,
2024-11-02 13:45:00,10.59,
2024-11-02 14:00:00,10.52,
2024-11-02 14:15:00,10.47,
2024-11-02 14:30:00,10.43,
2024-11-02 14:45:00,10.34,
2024-11-02 15:00:00,10.27,
2024-11-02 15:15:00,10.24,
2024-11-02 15:30:00,10.18,
2024-11-02 15:45:00,10.12,
2024-11-02 16:00:00,10.1,
2024-11-02 16:15:00,10.06,
2024-11-02 16:30:00,10.03,
2024-11-02 16:45:00,10.03,
2024-11-02 17:00:00,10.04,
2024-11-02 17:15:00,10.02,
2024-11-02 17:30:00,9.99,
2024-11-02 17:45:00,9.97,
2024-11-02 18:00:00,9.93,
2024-11-02 18:15:00,9.9,
2024-11-02 18:30:00,9.85,
2024-11-02 18:45:00,9.8,
2024-11-02 19:00:00,9.78,
2024-11-02 19:15:00,9.75,
2024-11-02 19:30:00,9.74,
2024-11-02 19:45:00,9.72,
2024-11-02 20:00:00,9.71,
2024-11-02 20:15:00,9.71,
2024-11-02 20:30:00,9.7,
2024-11-02 20:45:00,9.7,
2024-11-02 21:00:00,9.7,
2024-11-02 21:15:00,9.71,
2024-11-02 21:30:00,9.7,
2024-11-02 21:45:00,9.71,
2024-11-02 22:00:00,9.72,
2024-11-02 22:15:00,9.72,
2024-11-02 22:30:00,9.74,
2024-11-02 22:45:00,9.74,
2024-11-02 23:00:00,9.75,
2024-11-02 23:15:00,9.76,
2024-11-02 23:30:00,9.77,
2024-11-02 23:45:00,9.77,
2024-11-03 00:00:00,9.77,
2024-11-03 00:15:00,9.78,
2024-11-03 00:30:00,9.79,
2024-11-03 00:45:00,9.81,
2024-11-03 01:00:00,9.83,
2024-11-03 01:15:00,9.84,
2024-11-03 01:30:00,9.88,
2024-11-03 01:45:00,9.89,
2024-11-03 02:00:00,9.91,
2024-11-03 02:15:00,9.92,
2024-11-03 02:30:00,9.94,
2024-11-03 02:45:00,9.95,
2024-11-03 03:00:00,9.97,
2024-11-03 03:15:00,9.99,
2024-11-03 03:30:00,10.01,
2024-11-03 03:45:00,10.04,
2024-11-03 04:00:00,10.05,
2024-11-03 04:15:00,10.06,
2024-11-03 04:30:00,10.06,
2024-11-03 04:45:00,10.04,
2024-11-03 05:00:00,10.04,
2024-11-03 05:15:00,10.02,
2024-11-03 05:30:00,10.01,
2024-11-03 05:45:00,10.01,
2024-11-03 06:00:00,9.99,
2024-11-03 06:15:00,10.0,
2024-11-03 06:30:00,9.99,
2024-11-03 06:45:00,9.98,
2024-11-03 07:00:00,9.97,
2024-11-03 07:15:00,9.97,
2024-11-03 07:30:00,9.96,
2024-11-03 07:45:00,9.95,
2024-11-03 08:00:00,9.95,
2024-11-03 08:15:00,9.97,
2024-11-03 08:30:00,9.99,
2024-11-03 08:45:00,10.01,
2024-11-03 09:00:00,10.05,
2024-11-03 09:15:00,10.13,
2024-11-03 09:30:00,10.2,
2024-11-03 09:45:00,10.26,
2024-11-03 10:00:00,10.34,
2024-11-03 10:15:00,10.4,
2024-11-03 10:30:00,10.49,
2024-11-03 10:45:00,10.56,
2024-11-03 11:00:00,10.61,
2024-11-03 11:15:00,10.66,
2024-11-03 11:30:00,10.69,
2024-11-03 11:45:00,10.74,
2024-11-03 12:00:00,10.79,
2024-11-03 12:15:00,10.84,
2024-11-03 12:30:00,10.87,
2024-11-03 12:45:00,10.88,
2024-11-03 13:00:00,10.91,
2024-11-03 13:15:00,10.92,
2024-11-03 13:30:00,10.92,
2024-11-03 13:45:00,10.91,
2024-11-03 14:00:00,10.9,
2024-11-03 14:15:00,10.89,
2024-11-03 14:30:00,10.85,
2024-11-03 14:45:00,10.79,
2024-11-03 15:00:00,10.72,
2024-11-03 15:15:00,10.66,
2024-11-03 15:30:00,10.63,
2024-11-03 15:45:00,10.58,
2024-11-03 16:00:00,10.52,
2024-11-03 16:15:00,10.5,
2024-11-03 16:30:00,10.5,
2024-11-03 16:45:00,10.45,
2024-11-03 17:00:00,10.41,
2024-11-03 17:15:00,10.36,
2024-11-03 17:30:00,10.32,
2024-11-03 17:45:00,10.26,
2024-11-03 18:00:00,10.21,
2024-11-03 18:15:00,10.14,
2024-11-03 18:30:00,10.06,
2024-11-03 18:45:00,9.99,
2024-11-03 19:00:00,9.94,
2024-11-03 19:15:00,9.88,
2024-11-03 19:30:00,9.86,
2024-11-03 19:45:00,9.83,
2024-11-03 20:00:00,9.83,
2024-11-03 20:15:00,9.83,
2024-11-03 20:30:00,9.83,
2024-11-03 20:45:00,9.83,
2024-11-03 21:00:00,9.84,
2024-11-03 21:15:00,9.85,
2024-11-03 21:30:00,9.86,
2024-11-03 21:45:00,9.88,
2024-11-03 22:00:00,9.89,
2024-11-03 22:15:00,9.9,
2024-11-03 22:30:00,9.91,
2024-11-03 22:45:00,9.92,
2024-11-03 23:00:00,9.93,
2024-11-03 23:15:00,9.93,
2024-11-03 23:30:00,9.94,
2024-11-03 23:45:00,9.96,
2024-11-04 00:00:00,9.97,
2024-11-04 00:15:00,9.99,
2024-11-04 00:30:00,10.0,
2024-11-04 00:45:00,10.01,
2024-11-04 01:00:00,10.01,
2024-11-04 01:15:00,10.02,
2024-11-04 01:30:00,10.03,
2024-11-04 01:45:00,10.05,
2024-11-04 02:00:00,10.05,
2024-11-04 02:15:00,10.07,
2024-11-04 02:30:00,10.08,
2024-11-04 02:45:00,10.09,
2024-11-04 03:00:00,10.1,
2024-11-04 03:15:00,10.12,
2024-11-04 03:30:00,10.12,
2024-11-04 03:45:00,10.13,
2024-11-04 04:00:00,10.13,
2024-11-04 04:15:00,10.14,
2024-11-04 04:30:00,10.15,
2024-11-04 04:45:00,10.16,
2024-11-04 05:00:00,10.17,
2024-11-04 05:15:00,10.19,
2024-11-04 05:30:00,10.19,
2024-11-04 05:45:00,10.2,
2024-11-04 06:00:00,10.22,
2024-11-04 06:15:00,10.23,
2024-11-04 06:30:00,10.24,
2024-11-04 06:45:00,10.24,
2024-11-04 07:00:00,10.25,
2024-11-04 07:15:00,10.26,
2024-11-04 07:30:00,10.28,
2024-11-04 07:45:00,10.29,
2024-11-04 08:00:00,10.3,
2024-11-04 08:15:00,10.32,
2024-11-04 08:30:00,10.34,
2024-11-04 08:45:00,10.37,
2024-11-04 09:00:00,10.4,
2024-11-04 09:15:00,10.43,
2024-11-04 09:30:00,10.51,
2024-11-04 09:45:00,10.6,
2024-11-04 10:00:00,10.67,
2024-11-04 10:15:00,10.75,
2024-11-04 10:30:00,10.84,
2024-11-04 10:45:00,10.93,
2024-11-04 11:00:00,11.01,
2024-11-04 11:15:00,11.08,
2024-11-04 11:30:00,11.14,
2024-11-04 11:45:00,11.14,
2024-11-04 12:00:00,11.15,
2024-11-04 12:15:00,11.16,
2024-11-04 12:30:00,11.15,
2024-11-04 12:45:00,11.13,
2024-11-04 13:00:00,11.12,
2024-11-04 13:15:00,11.1,
2024-11-04 13:30:00,11.07,
2024-11-04 13:45:00,11.05,
2024-11-04 14:00:00,11.03,
2024-11-04 14:15:00,10.98,
2024-11-04 14:30:00,10.97,
2024-11-04 14:45:00,10.94,
2024-11-04 15:00:00,10.93,
2024-11-04 15:15:00,10.89,
2024-11-04 15:30:00,10.84,
2024-11-04 15:45:00,10.79,
2024-11-04 16:00:00,10.75,
2024-11-04 16:15:00,10.71,
2024-11-04 16:30:00,10.67,
2024-11-04 16:45:00,10.63,
2024-11-04 17:00:00,10.61,
2024-11-04 17:15:00,10.57,
2024-11-04 17:30:00,10.52,
2024-11-04 17:45:00,10.47,
2024-11-04 18:00:00,10.41,
2024-11-04 18:15:00,10.34,
2024-11-04 18:30:00,10.28,
2024-11-04 18:45:00,10.23,
2024-11-04 19:00:00,10.19,
2024-11-04 19:15:00,10.16,
2024-11-04 19:30:00,10.12,
2024-11-04 19:45:00,10.11,
2024-11-04 20:00:00,10.1,
2024-11-04 20:15:00,10.09,
2024-11-04 20:30:00,10.09,
2024-11-04 20:45:00,10.08,
2024-11-04 21:00:00,10.08,
2024-11-04 21:15:00,10.09,
2024-11-04 21:30:00,10.09,
2024-11-04 21:45:00,10.07,
2024-11-04 22:00:00,10.07,
2024-11-04 22:15:00,10.06,
2024-11-04 22:30:00,10.07,
2024-11-04 22:45:00,10.07,
2024-11-04 23:00:00,10.07,
2024-11-04 23:15:00,10.06,
2024-11-04 23:30:00,10.06,
2024-11-04 23:45:00,10.06,
2024-11-05 00:00:00,10.07,
2024-11-05 00:15:00,10.05,
2024-11-05 00:30:00,10.06,
2024-11-05 00:45:00,10.05,
2024-11-05 01:00:00,10.05,
2024-11-05 01:15:00,10.04,
2024-11-05 01:30:00,10.03,
2024-11-05 01:45:00,10.03,
2024-11-05 02:00:00,10.04,
2024-11-05 02:15:00,10.04,
2024-11-05 02:30:00,10.04,
2024-11-05 02:45:00,10.04,
2024-11-05 03:00:00,10.03,
2024-11-05 03:15:00,10.04,
2024-11-05 03:30:00,10.04,
2024-11-05 03:45:00,10.04,
2024-11-05 04:00:00,10.03,
2024-11-05 04:15:00,10.03,
2024-11-05 04:30:00,10.03,
2024-11-05 04:45:00,10.04,
2024-11-05 05:00:00,10.02,
2024-11-05 05:15:00,10.04,
2024-11-05 05:30:00,10.03,
2024-11-05 05:45:00,10.03,
2024-11-05 06:00:00,10.02,
2024-11-05 06:15:00,10.02,
2024-11-05 06:30:00,10.04,
2024-11-05 06:45:00,10.03,
2024-11-05 07:00:00,10.03,
2024-11-05 07:15:00,10.03,
2024-11-05 07:30:00,10.03,
2024-11-05 07:45:00,10.04,
2024-11-05 08:00:00,10.03,
2024-11-05 08:15:00,10.03,
2024-11-05 08:30:00,10.04,
2024-11-05 08:45:00,10.06,
2024-11-05 09:00:00,10.1,
2024-11-05 09:15:00,10.11,
2024-11-05 09:30:00,10.16,
2024-11-05 09:45:00,10.18,
2024-11-05 10:00:00,10.23,
2024-11-05 10:15:00,10.29,
2024-11-05 10:30:00,10.34,
2024-11-05 10:45:00,10.4,
2024-11-05 11:00:00,10.47,
2024-11-05 11:15:00,10.53,
2024-11-05 11:30:00,10.57,
2024-11-05 11:45:00,10.62,
2024-11-05 12:00:00,10.69,
2024-11-05 12:15:00,10.73,
2024-11-05 12:30:00,10.74,
2024-11-05 12:45:00,10.78,
2024-11-05 13:00:00,10.81,
2024-11-05 13:15:00,10.83,
2024-11-05 13:30:00,10.83,
2024-11-05 13:45:00,10.83,
2024-11-05 14:00:00,10.87,
2024-11-05 14:15:00,10.9,
2024-11-05 14:30:00,10.9,
2024-11-05 14:45:00,10.83,
2024-11-05 15:00:00,10.8,
2024-11-05 15:15:00,10.8,
2024-11-05 15:30:00,10.75,
2024-11-05 15:45:00,10.71,
2024-11-05 16:00:00,10.66,
2024-11-05 16:15:00,10.6,
2024-11-05 16:30:00,10.57,
2024-11-05 16:45:00,10.5,
2024-11-05 17:00:00,10.44,
2024-11-05 17:15:00,10.37,
2024-11-05 17:30:00,10.37,
2024-11-05 17:45:00,10.35,
2024-11-05 18:00:00,10.32,
2024-11-05 18:15:00,10.3,
2024-11-05 18:30:00,10.27,
2024-11-05 18:45:00,10.24,
2024-11-05 19:00:00,10.19,
2024-11-05 19:15:00,10.17,
2024-11-05 19:30:00,10.16,
2024-11-05 19:45:00,10.15,
2024-11-05 20:00:00,10.14,
2024-11-05 20:15:00,10.14,
2024-11-05 20:30:00,10.14,
2024-11-05 20:45:00,10.14,
2024-11-05 21:00:00,10.15,
2024-11-05 21:15:00,10.16,
2024-11-05 21:30:00,10.15,
2024-11-05 21:45:00,10.16,
2024-11-05 22:00:00,10.17,
2024-11-05 22:15:00,10.19,
2024-11-05 22:30:00,10.2,
2024-11-05 22:45:00,10.21,
2024-11-05 23:00:00,10.21,
2024-11-05 23:15:00,10.23,
2024-11-05 23:30:00,10.22,
2024-11-05 23:45:00,10.24,
2024-11-06 00:00:00,10.26,
2024-11-06 00:15:00,10.27,
2024-11-06 00:30:00,10.28,
2024-11-06 00:45:00,10.3,
2024-11-06 01:00:00,10.31,
2024-11-06 01:15:00,10.31,
2024-11-06 01:30:00,10.33,
2024-11-06 01:45:00,10.34,
2024-11-06 02:00:00,10.33,
2024-11-06 02:15:00,10.35,
2024-11-06 02:30:00,10.35,
2024-11-06 02:45:00,10.36,
2024-11-06 03:00:00,10.35,
2024-11-06 03:15:00,10.38,
2024-11-06 03:30:00,10.36,
2024-11-06 03:45:00,10.38,
2024-11-06 04:00:00,10.38,
2024-11-06 04:15:00,10.4,
2024-11-06 04:30:00,10.39,
2024-11-06 04:45:00,10.39,
2024-11-06 05:00:00,10.39,
2024-11-06 05:15:00,10.41,
2024-11-06 05:30:00,10.42,
2024-11-06 05:45:00,10.41,
2024-11-06 06:00:00,10.43,
2024-11-06 06:15:00,10.45,
2024-11-06 06:30:00,10.45,
2024-11-06 06:45:00,10.48,
2024-11-06 07:00:00,10.48,
2024-11-06 07:15:00,10.49,
2024-11-06 07:30:00,10.51,
2024-11-06 07:45:00,10.54,
2024-11-06 08:00:00,10.55,
2024-11-06 08:15:00,10.56,
2024-11-06 08:30:00,10.59,
2024-11-06 08:45:00,10.62,
2024-11-06 09:00:00,10.66,
2024-11-06 09:15:00,10.7,
2024-11-06 09:30:00,10.76,
2024-11-06 09:45:00,10.82,
2024-11-06 10:00:00,10.88,
2024-11-06 10:15:00,10.95,
2024-11-06 10:30:00,11.03,
2024-11-06 10:45:00,11.08,
2024-11-06 11:00:00,11.12,
2024-11-06 11:15:00,11.17,
2024-11-06 11:30:00,11.2,
2024-11-06 11:45:00,11.23,
2024-11-06 12:00:00,11.24,
2024-11-06 12:15:00,11.27,
2024-11-06 12:30:00,11.3,
2024-11-06 12:45:00,11.3,
2024-11-06 13:00:00,11.29,
2024-11-06 13:15:00,11.29,
2024-11-06 13:30:00,11.27,
2024-11-06 13:45:00,11.26,
2024-11-06 14:00:00,11.23,
2024-11-06 14:15:00,11.21,
2024-11-06 14:30:00,11.19,
2024-11-06 14:45:00,11.15,
2024-11-06 15:00:00,11.13,
2024-11-06 15:15:00,11.13,
2024-11-06 15:30:00,11.09,
2024-11-06 15:45:00,11.02,
2024-11-06 16:00:00,10.99,
2024-11-06 16:15:00,10.97,
2024-11-06 16:30:00,10.93,
2024-11-06 16:45:00,10.9,
2024-11-06 17:00:00,10.87,
2024-11-06 17:15:00,10.83,
2024-11-06 17:30:00,10.8,
2024-11-06 17:45:00,10.77,
2024-11-06 18:00:00,10.71,
2024-11-06 18:15:00,10.66,
2024-11-06 18:30:00,10.58,
2024-11-06 18:45:00,10.53,
2024-11-06 19:00:00,10.48,
2024-11-06 19:15:00,10.45,
2024-11-06 19:30:00,10.44,
2024-11-06 19:45:00,10.42,
2024-11-06 20:00:00,10.42,
2024-11-06 20:15:00,10.43,
2024-11-06 20:30:00,10.43,
2024-11-06 20:45:00,10.44,
2024-11-06 21:00:00,10.45,
2024-11-06 21:15:00,10.44,
2024-11-06 21:30:00,10.47,
2024-11-06 21:45:00,10.46,
2024-11-06 22:00:00,10.48,
2024-11-06 22:15:00,10.48,
2024-11-06 22:30:00,10.49,
2024-11-06 22:45:00,10.5,
2024-11-06 23:00:00,10.5,
2024-11-06 23:15:00,10.51,
2024-11-06 23:30:00,10.52,
2024-11-06 23:45:00,10.54,
2024-11-07 00:00:00,10.55,
2024-11-07 00:15:00,10.57,
2024-11-07 00:30:00,10.57,
2024-11-07 00:45:00,10.59,
2024-11-07 01:00:00,10.6,
2024-11-07 01:15:00,10.61,
2024-11-07 01:30:00,10.61,
2024-11-07 01:45:00,10.62,
2024-11-07 02:00:00,10.62,
2024-11-07 02:15:00,10.64,
2024-11-07 02:30:00,10.64,
2024-11-07 02:45:00,10.65,
2024-11-07 03:00:00,10.66,
2024-11-07 03:15:00,10.67,
2024-11-07 03:30:00,10.68,
2024-11-07 03:45:00,10.7,
2024-11-07 04:00:00,10.71,
2024-11-07 04:15:00,10.71,
2024-11-07 04:30:00,10.72,
2024-11-07 04:45:00,10.74,
2024-11-07 05:00:00,10.74,
2024-11-07 05:15:00,10.75,
2024-11-07 05:30:00,10.76,
2024-11-07 05:45:00,10.77,
2024-11-07 06:00:00,10.78,
2024-11-07 06:15:00,10.79,
2024-11-07 06:30:00,10.8,
2024-11-07 06:45:00,10.81,
2024-11-07 07:00:00,10.82,
2024-11-07 07:15:00,10.83,
2024-11-07 07:30:00,10.84,
2024-11-07 07:45:00,10.86,
2024-11-07 08:00:00,10.86,
2024-11-07 08:15:00,10.88,
2024-11-07 08:30:00,10.9,
2024-11-07 08:45:00,10.93,
2024-11-07 09:00:00,10.96,
2024-11-07 09:15:00,11.0,
2024-11-07 09:30:00,11.06,
2024-11-07 09:45:00,11.11,
2024-11-07 10:00:00,11.18,
2024-11-07 10:15:00,11.22,
2024-11-07 10:30:00,11.28,
2024-11-07 10:45:00,11.33,
2024-11-07 11:00:00,11.37,
2024-11-07 11:15:00,11.41,
2024-11-07 11:30:00,11.44,
2024-11-07 11:45:00,11.46,
2024-11-07 12:00:00,11.47,
2024-11-07 12:15:00,11.48,
2024-11-07 12:30:00,11.48,
2024-11-07 12:45:00,11.49,
2024-11-07 13:00:00,11.48,
2024-11-07 13:15:00,11.47,
2024-11-07 13:30:00,11.45,
2024-11-07 13:45:00,11.41,
2024-11-07 14:00:00,11.38,
2024-11-07 14:15:00,11.36,
2024-11-07 14:30:00,11.33,
2024-11-07 14:45:00,11.29,
2024-11-07 15:00:00,11.25,
2024-11-07 15:15:00,11.22,
2024-11-07 15:30:00,11.18,
2024-11-07 15:45:00,11.15,
2024-11-07 16:00:00,11.11,
2024-11-07 16:15:00,11.06,
2024-11-07 16:30:00,11.03,
2024-11-07 16:45:00,10.99,
2024-11-07 17:00:00,10.95,
2024-11-07 17:15:00,10.92,
2024-11-07 17:30:00,10.88,
2024-11-07 17:45:00,10.85,
2024-11-07 18:00:00,10.8,
2024-11-07 18:15:00,10.74,
2024-11-07 18:30:00,10.69,
2024-11-07 18:45:00,10.65,
2024-11-07 19:00:00,10.61,
2024-11-07 19:15:00,10.6,
2024-11-07 19:30:00,10.59,
2024-11-07 19:45:00,10.57,
2024-11-07 20:00:00,10.59,
2024-11-07 20:15:00,10.58,
2024-11-07 20:30:00,10.59,
2024-11-07 20:45:00,10.59,
2024-11-07 21:00:00,10.59,
2024-11-07 21:15:00,10.6,
2024-11-07 21:30:00,10.61,
2024-11-07 21:45:00,10.62,
2024-11-07 22:00:00,10.62,
2024-11-07 22:15:00,10.63,
2024-11-07 22:30:00,10.64,
2024-11-07 22:45:00,10.65,
2024-11-07 23:00:00,10.66,
2024-11-07 23:15:00,10.67,
2024-11-07 23:30:00,10.67,
2024-11-07 23:45:00,10.68,
2024-11-08 00:00:00,10.67,
2024-11-08 00:15:00,10.68,
2024-11-08 00:30:00,10.69,
2024-11-08 00:45:00,10.68,
2024-11-08 01:00:00,10.69,
2024-11-08 01:15:00,10.69,
2024-11-08 01:30:00,10.71,
2024-11-08 01:45:00,10.72,
2024-11-08 02:00:00,10.71,
2024-11-08 02:15:00,10.72,
2024-11-08 02:30:00,10.73,
2024-11-08 02:45:00,10.73,
2024-11-08 03:00:00,10.74,
2024-11-08 03:15:00,10.75,
2024-11-08 03:30:00,10.75,
2024-11-08 03:45:00,10.77,
2024-11-08 04:00:00,10.77,
2024-11-08 04:15:00,10.78,
2024-11-08 04:30:00,10.78,
2024-11-08 04:45:00,10.78,
2024-11-08 05:00:00,10.79,
2024-11-08 05:15:00,10.79,
2024-11-08 05:30:00,10.79,
2024-11-08 05:45:00,10.79,
2024-11-08 06:00:00,10.8,
2024-11-08 06:15:00,10.8,
2024-11-08 06:30:00,10.81,
2024-11-08 06:45:00,10.81,
2024-11-08 07:00:00,10.81,
2024-11-08 07:15:00,10.81,
2024-11-08 07:30:00,10.81,
2024-11-08 07:45:00,10.81,
2024-11-08 08:00:00,10.82,
2024-11-08 08:15:00,10.83,
2024-11-08 08:30:00,10.84,
2024-11-08 08:45:00,10.86,
2024-11-08 09:00:00,10.89,
2024-11-08 09:15:00,10.93,
2024-11-08 09:30:00,10.98,
2024-11-08 09:45:00,11.03,
2024-11-08 10:00:00,11.08,
2024-11-08 10:15:00,11.14,
2024-11-08 10:30:00,11.19,
2024-11-08 10:45:00,11.24,
2024-11-08 11:00:00,11.27,
2024-11-08 11:15:00,11.3,
2024-11-08 11:30:00,11.33,
2024-11-08 11:45:00,11.35,
2024-11-08 12:00:00,11.36,
2024-11-08 12:15:00,11.38,
2024-11-08 12:30:00,11.39,
2024-11-08 12:45:00,11.39,
2024-11-08 13:00:00,11.36,
2024-11-08 13:15:00,11.36,
2024-11-08 13:30:00,11.34,
2024-11-08 13:45:00,11.32,
2024-11-08 14:00:00,11.29,
2024-11-08 14:15:00,11.26,
2024-11-08 14:30:00,11.22,
2024-11-08 14:45:00,11.18,
2024-11-08 15:00:00,11.14,
2024-11-08 15:15:00,11.11,
2024-11-08 15:30:00,11.07,
2024-11-08 15:45:00,11.03,
2024-11-08 16:00:00,10.98,
2024-11-08 16:15:00,10.95,
2024-11-08 16:30:00,10.91,
2024-11-08 16:45:00,10.87,
2024-11-08 17:00:00,10.84,
2024-11-08 17:15:00,10.79,
2024-11-08 17:30:00,10.75,
2024-11-08 17:45:00,10.71,
2024-11-08 18:00:00,10.65,
2024-11-08 18:15:00,10.6,
2024-11-08 18:30:00,10.54,
2024-11-08 18:45:00,10.49,
2024-11-08 19:00:00,10.45,
2024-11-08 19:15:00,10.43,
2024-11-08 19:30:00,10.41,
2024-11-08 19:45:00,10.4,
2024-11-08 20:00:00,10.4,
2024-11-08 20:15:00,10.41,
2024-11-08 20:30:00,10.42,
2024-11-08 20:45:00,10.42,
2024-11-08 21:00:00,10.44,
2024-11-08 21:15:00,10.42,
2024-11-08 21:30:00,10.45,
2024-11-08 21:45:00,10.47,
2024-11-08 22:00:00,10.46,
2024-11-08 22:15:00,10.46,
2024-11-08 22:30:00,10.47,
2024-11-08 22:45:00,10.48,
2024-11-08 23:00:00,10.47,
2024-11-08 23:15:00,10.5,
2024-11-08 23:30:00,10.5,
2024-11-08 23:45:00,10.49,
2024-11-09 00:00:00,10.5,
2024-11-09 00:15:00,10.5,
2024-11-09 00:30:00,10.5,
2024-11-09 00:45:00,10.5,
2024-11-09 01:00:00,10.51,
2024-11-09 01:15:00,10.52,
2024-11-09 01:30:00,10.52,
2024-11-09 01:45:00,10.53,
2024-11-09 02:00:00,10.54,
2024-11-09 02:15:00,10.53,
2024-11-09 02:30:00,10.53,
2024-11-09 02:45:00,10.55,
2024-11-09 03:00:00,10.55,
2024-11-09 03:15:00,10.56,
2024-11-09 03:30:00,10.56,
2024-11-09 03:45:00,10.56,
2024-11-09 04:00:00,10.56,
2024-11-09 04:15:00,10.58,
2024-11-09 04:30:00,10.58,
2024-11-09 04:45:00,10.58,
2024-11-09 05:00:00,10.58,
2024-11-09 05:15:00,10.59,
2024-11-09 05:30:00,10.59,
2024-11-09 05:45:00,10.6,
2024-11-09 06:00:00,10.6,
2024-11-09 06:15:00,10.61,
2024-11-09 06:30:00,10.6,
2024-11-09 06:45:00,10.61,
2024-11-09 07:00:00,10.61,
2024-11-09 07:15:00,10.62,
2024-11-09 07:30:00,10.62,
2024-11-09 07:45:00,10.62,
2024-11-09 08:00:00,10.63,
2024-11-09 08:15:00,10.64,
2024-11-09 08:30:00,10.64,
2024-11-09 08:45:00,10.67,
2024-11-09 09:00:00,10.7,
2024-11-09 09:15:00,10.74,
2024-11-09 09:30:00,10.79,
2024-11-09 09:45:00,10.84,
2024-11-09 10:00:00,10.9,
2024-11-09 10:15:00,10.96,
2024-11-09 10:30:00,11.02,
2024-11-09 10:45:00,11.06,
2024-11-09 11:00:00,11.11,
2024-11-09 11:15:00,11.14,
2024-11-09 11:30:00,11.18,
2024-11-09 11:45:00,11.18,
2024-11-09 12:00:00,11.22,
2024-11-09 12:15:00,11.23,
2024-11-09 12:30:00,11.24,
2024-11-09 12:45:00,11.24,
2024-11-09 13:00:00,11.23,
2024-11-09 13:15:00,11.21,
2024-11-09 13:30:00,11.2,
2024-11-09 13:45:00,11.17,
2024-11-09 14:00:00,11.13,
2024-11-09 14:15:00,11.11,
2024-11-09 14:30:00,11.06,
2024-11-09 14:45:00,11.04,
2024-11-09 15:00:00,11.01,
2024-11-09 15:15:00,10.97,
2024-11-09 15:30:00,10.93,
2024-11-09 15:45:00,10.9,
2024-11-09 16:00:00,10.86,
2024-11-09 16:15:00,10.81,
2024-11-09 16:30:00,10.77,
2024-11-09 16:45:00,10.74,
2024-11-09 17:00:00,10.69,
2024-11-09 17:15:00,10.65,
2024-11-09 17:30:00,10.61,
2024-11-09 17:45:00,10.55,
2024-11-09 18:00:00,10.5,
2024-11-09 18:15:00,10.43,
2024-11-09 18:30:00,10.38,
2024-11-09 18:45:00,10.33,
2024-11-09 19:00:00,10.29,
2024-11-09 19:15:00,10.26,
2024-11-09 19:30:00,10.26,
2024-11-09 19:45:00,10.25,
2024-11-09 20:00:00,10.25,
2024-11-09 20:15:00,10.26,
2024-11-09 20:30:00,10.26,
2024-11-09 20:45:00,10.27,
2024-11-09 21:00:00,10.28,
2024-11-09 21:15:00,10.29,
2024-11-09 21:30:00,10.3,
2024-11-09 21:45:00,10.31,
2024-11-09 22:00:00,10.31,
2024-11-09 22:15:00,10.33,
2024-11-09 22:30:00,10.34,
2024-11-09 22:45:00,10.35,
2024-11-09 23:00:00,10.35,
2024-11-09 23:15:00,10.36,
2024-11-09 23:30:00,10.37,
2024-11-09 23:45:00,10.38,
2024-11-10 00:00:00,10.37,
2024-11-10 00:15:00,10.38,
2024-11-10 00:30:00,10.39,
2024-11-10 00:45:00,10.4,
2024-11-10 01:00:00,10.39,
2024-11-10 01:15:00,10.4,
2024-11-10 01:30:00,10.42,
2024-11-10 01:45:00,10.41,
2024-11-10 02:00:00,10.41,
2024-11-10 02:15:00,10.43,
2024-11-10 02:30:00,10.41,
2024-11-10 02:45:00,10.42,
2024-11-10 03:00:00,10.42,
2024-11-10 03:15:00,10.43,
2024-11-10 03:30:00,10.45,
2024-11-10 03:45:00,10.45,
2024-11-10 04:00:00,10.44,
2024-11-10 04:15:00,10.46,
2024-11-10 04:30:00,10.48,
2024-11-10 04:45:00,10.48,
2024-11-10 05:00:00,10.47,
2024-11-10 05:15:00,10.48,
2024-11-10 05:30:00,10.48,
2024-11-10 05:45:00,10.49,
2024-11-10 06:00:00,10.49,
2024-11-10 06:15:00,10.5,
2024-11-10 06:30:00,10.51,
2024-11-10 06:45:00,10.52,
2024-11-10 07:00:00,10.52,
2024-11-10 07:15:00,10.53,
2024-11-10 07:30:00,10.53,
2024-11-10 07:45:00,10.54,
2024-11-10 08:00:00,10.54,
2024-11-10 08:15:00,10.54,
2024-11-10 08:30:00,10.57,
2024-11-10 08:45:00,10.59,
2024-11-10 09:00:00,10.62,
2024-11-10 09:15:00,10.66,
2024-11-10 09:30:00,10.71,
2024-11-10 09:45:00,10.76,
2024-11-10 10:00:00,10.81,
2024-11-10 10:15:00,10.88,
2024-11-10 10:30:00,10.95,
2024-11-10 10:45:00,10.99,
2024-11-10 11:00:00,11.04,
2024-11-10 11:15:00,11.07,
2024-11-10 11:30:00,11.1,
2024-11-10 11:45:00,11.13,
2024-11-10 12:00:00,11.15,
2024-11-10 12:15:00,11.18,
2024-11-10 12:30:00,11.18,
2024-11-10 12:45:00,11.19,
2024-11-10 13:00:00,11.18,
2024-11-10 13:15:00,11.18,
2024-11-10 13:30:00,11.15,
2024-11-10 13:45:00,11.13,
2024-11-10 14:00:00,11.12,
2024-11-10 14:15:00,11.07,
2024-11-10 14:30:00,11.05,
2024-11-10 14:45:00,11.03,
2024-11-10 15:00:00,11.01,
2024-11-10 15:15:00,10.99,
2024-11-10 15:30:00,10.97,
2024-11-10 15:45:00,10.93,
2024-11-10 16:00:00,10.89,
2024-11-10 16:15:00,10.84,
2024-11-10 16:30:00,10.81,
2024-11-10 16:45:00,10.74,
2024-11-10 17:00:00,10.69,
2024-11-10 17:15:00,10.64,
2024-11-10 17:30:00,10.59,
2024-11-10 17:45:00,10.52,
2024-11-10 18:00:00,10.44,
2024-11-10 18:15:00,10.36,
2024-11-10 18:30:00,10.29,
2024-11-10 18:45:00,10.24,
2024-11-10 19:00:00,10.2,
2024-11-10 19:15:00,10.17,
2024-11-10 19:30:00,10.14,
2024-11-10 19:45:00,10.11,
2024-11-10 20:00:00,10.12,
2024-11-10 20:15:00,10.12,
2024-11-10 20:30:00,10.12,
2024-11-10 20:45:00,10.12,
2024-11-10 21:00:00,10.13,
2024-11-10 21:15:00,10.14,
2024-11-10 21:30:00,10.14,
2024-11-10 21:45:00,10.15,
2024-11-10 22:00:00,10.16,
2024-11-10 22:15:00,10.16,
2024-11-10 22:30:00,10.17,
2024-11-10 22:45:00,10.18,
2024-11-10 23:00:00,10.19,
2024-11-10 23:15:00,10.19,
2024-11-10 23:30:00,10.2,
2024-11-10 23:45:00,10.2,
2024-11-11 00:00:00,10.21,
2024-11-11 00:15:00,10.21,
2024-11-11 00:30:00,10.21,
2024-11-11 00:45:00,10.22,
2024-11-11 01:00:00,10.23,
2024-11-11 01:15:00,10.22,
2024-11-11 01:30:00,10.23,
2024-11-11 01:45:00,10.23,
2024-11-11 02:00:00,10.24,
2024-11-11 02:15:00,10.24,
2024-11-11 02:30:00,10.26,
2024-11-11 02:45:00,10.27,
2024-11-11 03:00:00,10.27,
2024-11-11 03:15:00,10.28,
2024-11-11 03:30:00,10.29,
2024-11-11 03:45:00,10.29,
2024-11-11 04:00:00,10.3,
2024-11-11 04:15:00,10.3,
2024-11-11 04:30:00,10.3,
2024-11-11 04:45:00,10.31,
2024-11-11 05:00:00,10.33,
2024-11-11 05:15:00,10.33,
2024-11-11 05:30:00,10.34,
2024-11-11 05:45:00,10.34,
2024-11-11 06:00:00,10.33,
2024-11-11 06:15:00,10.35,
2024-11-11 06:30:00,10.35,
2024-11-11 06:45:00,10.34,
2024-11-11 07:00:00,10.36,
2024-11-11 07:15:00,10.37,
2024-11-11 07:30:00,10.37,
2024-11-11 07:45:00,10.36,
2024-11-11 08:00:00,10.37,
2024-11-11 08:15:00,10.39,
2024-11-11 08:30:00,10.41,
2024-11-11 08:45:00,10.42,
2024-11-11 09:00:00,10.45,
2024-11-11 09:15:00,10.5,
2024-11-11 09:30:00,10.53,
2024-11-11 09:45:00,10.6,
2024-11-11 10:00:00,10.64,
2024-11-11 10:15:00,10.7,
2024-11-11 10:30:00,10.76,
2024-11-11 10:45:00,10.83,
2024-11-11 11:00:00,10.88,
2024-11-11 11:15:00,10.92,
2024-11-11 11:30:00,10.95,
2024-11-11 11:45:00,10.98,
2024-11-11 12:00:00,11.01,
2024-11-11 12:15:00,11.02,
2024-11-11 12:30:00,11.04,
2024-11-11 12:45:00,11.03,
2024-11-11 13:00:00,11.04,
2024-11-11 13:15:00,11.01,
2024-11-11 13:30:00,11.0,
2024-11-11 13:45:00,10.98,
2024-11-11 14:00:00,10.95,
2024-11-11 14:15:00,10.92,
2024-11-11 14:30:00,10.88,
2024-11-11 14:45:00,10.85,
2024-11-11 15:00:00,10.82,
2024-11-11 15:15:00,10.77,
2024-11-11 15:30:00,10.73,
2024-11-11 15:45:00,10.68,
2024-11-11 16:00:00,10.63,
2024-11-11 16:15:00,10.57,
2024-11-11 16:30:00,10.53,
2024-11-11 16:45:00,10.47,
2024-11-11 17:00:00,10.4,
2024-11-11 17:15:00,10.36,
2024-11-11 17:30:00,10.31,
2024-11-11 17:45:00,10.23,
2024-11-11 18:00:00,10.16,
2024-11-11 18:15:00,10.08,
2024-11-11 18:30:00,10.01,
2024-11-11 18:45:00,9.95,
2024-11-11 19:00:00,9.91,
2024-11-11 19:15:00,9.89,
2024-11-11 19:30:00,9.87,
2024-11-11 19:45:00,9.87,
2024-11-11 20:00:00,9.87,
2024-11-11 20:15:00,9.88,
2024-11-11 20:30:00,9.9,
2024-11-11 20:45:00,9.91,
2024-11-11 21:00:00,9.92,
2024-11-11 21:15:00,9.93,
2024-11-11 21:30:00,9.92,
2024-11-11 21:45:00,9.94,
2024-11-11 22:00:00,9.94,
2024-11-11 22:15:00,9.96,
2024-11-11 22:30:00,9.96,
2024-11-11 22:45:00,9.98,
2024-11-11 23:00:00,9.97,
2024-11-11 23:15:00,9.98,
2024-11-11 23:30:00,9.98,
2024-11-11 23:45:00,9.97,
2024-11-12 00:00:00,9.97,
2024-11-12 00:15:00,9.97,
2024-11-12 00:30:00,9.96,
2024-11-12 00:45:00,9.96,
2024-11-12 01:00:00,9.95,
2024-11-12 01:15:00,9.94,
2024-11-12 01:30:00,9.94,
2024-11-12 01:45:00,9.91,
2024-11-12 02:00:00,9.9,
2024-11-12 02:15:00,9.89,
2024-11-12 02:30:00,9.89,
2024-11-12 02:45:00,9.89,
2024-11-12 03:00:00,9.88,
2024-11-12 03:15:00,9.87,
2024-11-12 03:30:00,9.88,
2024-11-12 03:45:00,9.88,
2024-11-12 04:00:00,9.88,
2024-11-12 04:15:00,9.88,
2024-11-12 04:30:00,9.88,
2024-11-12 04:45:00,9.88,
2024-11-12 05:00:00,9.87,
2024-11-12 05:15:00,9.87,
2024-11-12 05:30:00,9.86,
2024-11-12 05:45:00,9.86,
2024-11-12 06:00:00,9.86,
2024-11-12 06:15:00,9.85,
2024-11-12 06:30:00,9.85,
2024-11-12 06:45:00,9.84,
2024-11-12 07:00:00,9.85,
2024-11-12 07:15:00,9.86,
2024-11-12 07:30:00,9.85,
2024-11-12 07:45:00,9.86,
2024-11-12 08:00:00,9.85,
2024-11-12 08:15:00,9.85,
2024-11-12 08:30:00,9.86,
2024-11-12 08:45:00,9.86,
2024-11-12 09:00:00,9.86,
2024-11-12 09:15:00,9.88,
2024-11-12 09:30:00,9.9,
2024-11-12 09:45:00,9.93,
2024-11-12 10:00:00,9.95,
2024-11-12 10:15:00,10.0,
2024-11-12 10:30:00,10.03,
2024-11-12 10:45:00,10.09,
2024-11-12 11:00:00,10.15,
2024-11-12 11:15:00,10.23,
2024-11-12 11:30:00,10.31,
2024-11-12 11:45:00,10.41,
2024-11-12 12:00:00,10.46,
2024-11-12 12:15:00,10.51,
2024-11-12 12:30:00,10.53,
2024-11-12 12:45:00,10.57,
2024-11-12 13:00:00,10.62,
2024-11-12 13:15:00,10.66,
2024-11-12 13:30:00,10.67,
2024-11-12 13:45:00,10.67,
2024-11-12 14:00:00,10.63,
2024-11-12 14:15:00,10.56,
2024-11-12 14:30:00,10.5,
2024-11-12 14:45:00,10.53,
2024-11-12 15:00:00,10.6,
2024-11-12 15:15:00,10.65,
2024-11-12 15:30:00,10.7,
2024-11-12 15:45:00,10.75,
2024-11-12 16:00:00,10.74,
2024-11-12 16:15:00,10.74,
2024-11-12 16:30:00,10.67,
2024-11-12 16:45:00,10.6,
2024-11-12 17:00:00,10.54,
2024-11-12 17:15:00,10.46,
2024-11-12 17:30:00,10.4,
2024-11-12 17:45:00,10.39,
2024-11-12 18:00:00,10.35,
2024-11-12 18:15:00,10.27,
2024-11-12 18:30:00,10.19,
2024-11-12 18:45:00,10.12,
2024-11-12 19:00:00,10.08,
2024-11-12 19:15:00,10.04,
2024-11-12 19:30:00,10.01,
2024-11-12 19:45:00,9.99,
2024-11-12 20:00:00,9.98,
2024-11-12 20:15:00,9.98,
2024-11-12 20:30:00,9.98,
2024-11-12 20:45:00,9.99,
2024-11-12 21:00:00,10.0,
2024-11-12 21:15:00,10.0,
2024-11-12 21:30:00,10.01,
2024-11-12 21:45:00,10.03,
2024-11-12 22:00:00,10.03,
2024-11-12 22:15:00,10.04,
2024-11-12 22:30:00,10.06,
2024-11-12 22:45:00,10.07,
2024-11-12 23:00:00,10.08,
2024-11-12 23:15:00,10.11,
2024-11-12 23:30:00,10.11,
2024-11-12 23:45:00,10.11,
2024-11-13 00:00:00,10.12,
2024-11-13 00:15:00,10.13,
2024-11-13 00:30:00,10.14,
2024-11-13 00:45:00,10.14,
2024-11-13 01:00:00,10.15,
2024-11-13 01:15:00,10.15,
2024-11-13 01:30:00,10.16,
2024-11-13 01:45:00,10.16,
2024-11-13 02:00:00,10.17,
2024-11-13 02:15:00,10.17,
2024-11-13 02:30:00,10.18,
2024-11-13 02:45:00,10.18,
2024-11-13 03:00:00,10.19,
2024-11-13 03:15:00,10.2,
2024-11-13 03:30:00,10.21,
2024-11-13 03:45:00,10.22,
2024-11-13 04:00:00,10.23,
2024-11-13 04:15:00,10.25,
2024-11-13 04:30:00,10.25,
2024-11-13 04:45:00,10.26,
2024-11-13 05:00:00,10.28,
2024-11-13 05:15:00,10.29,
2024-11-13 05:30:00,10.29,
2024-11-13 05:45:00,10.31,
2024-11-13 06:00:00,10.32,
2024-11-13 06:15:00,10.32,
2024-11-13 06:30:00,10.33,
2024-11-13 06:45:00,10.33,
2024-11-13 07:00:00,10.35,
2024-11-13 07:15:00,10.36,
2024-11-13 07:30:00,10.37,
2024-11-13 07:45:00,10.37,
2024-11-13 08:00:00,10.39,
2024-11-13 08:15:00,10.4,
2024-11-13 08:30:00,10.42,
2024-11-13 08:45:00,10.44,
2024-11-13 09:00:00,10.49,
2024-11-13 09:15:00,10.57,
2024-11-13 09:30:00,10.64,
2024-11-13 09:45:00,10.73,
2024-11-13 10:00:00,10.82,
2024-11-13 10:15:00,10.9,
2024-11-13 10:30:00,10.98,
2024-11-13 10:45:00,11.04,
2024-11-13 11:00:00,11.09,
2024-11-13 11:15:00,11.16,
2024-11-13 11:30:00,11.2,
2024-11-13 11:45:00,11.22,
2024-11-13 12:00:00,11.25,
2024-11-13 12:15:00,11.28,
2024-11-13 12:30:00,11.29,
2024-11-13 12:45:00,11.3,
2024-11-13 13:00:00,11.31,
2024-11-13 13:15:00,11.31,
2024-11-13 13:30:00,11.3,
2024-11-13 13:45:00,11.3,
2024-11-13 14:00:00,11.29,
2024-11-13 14:15:00,11.27,
2024-11-13 14:30:00,11.26,
2024-11-13 14:45:00,11.23,
2024-11-13 15:00:00,11.22,
2024-11-13 15:15:00,11.18,
2024-11-13 15:30:00,11.16,
2024-11-13 15:45:00,11.12,
2024-11-13 16:00:00,11.07,
2024-11-13 16:15:00,11.02,
2024-11-13 16:30:00,10.98,
2024-11-13 16:45:00,10.92,
2024-11-13 17:00:00,10.87,
2024-11-13 17:15:00,10.82,
2024-11-13 17:30:00,10.77,
2024-11-13 17:45:00,10.69,
2024-11-13 18:00:00,10.6,
2024-11-13 18:15:00,10.48,
2024-11-13 18:30:00,10.39,
2024-11-13 18:45:00,10.3,
2024-11-13 19:00:00,10.25,
2024-11-13 19:15:00,10.22,
2024-11-13 19:30:00,10.19,
2024-11-13 19:45:00,10.16,
2024-11-13 20:00:00,10.16,
2024-11-13 20:15:00,10.14,
2024-11-13 20:30:00,10.14,
2024-11-13 20:45:00,10.14,
2024-11-13 21:00:00,10.14,
2024-11-13 21:15:00,10.15,
2024-11-13 21:30:00,10.15,
2024-11-13 21:45:00,10.16,
2024-11-13 22:00:00,10.17,
2024-11-13 22:15:00,10.17,
2024-11-13 22:30:00,10.18,
2024-11-13 22:45:00,10.19,
2024-11-13 23:00:00,10.19,
2024-11-13 23:15:00,10.2,
2024-11-13 23:30:00,10.21,
2024-11-13 23:45:00,10.21,
2024-11-14 00:00:00,10.22,
2024-11-14 00:15:00,10.23,
2024-11-14 00:30:00,10.23,
2024-11-14 00:45:00,10.24,
2024-11-14 01:00:00,10.24,
2024-11-14 01:15:00,10.26,
2024-11-14 01:30:00,10.27,
2024-11-14 01:45:00,10.28,
2024-11-14 02:00:00,10.29,
2024-11-14 02:15:00,10.3,
2024-11-14 02:30:00,10.31,
2024-11-14 02:45:00,10.32,
2024-11-14 03:00:00,10.32,
2024-11-14 03:15:00,10.34,
2024-11-14 03:30:00,10.35,
2024-11-14 03:45:00,10.35,
2024-11-14 04:00:00,10.37,
2024-11-14 04:15:00,10.38,
2024-11-14 04:30:00,10.37,
2024-11-14 04:45:00,10.38,
2024-11-14 05:00:00,10.38,
2024-11-14 05:15:00,10.37,
2024-11-14 05:30:00,10.38,
2024-11-14 05:45:00,10.4,
2024-11-14 06:00:00,10.38,
2024-11-14 06:15:00,10.38,
2024-11-14 06:30:00,10.41,
2024-11-14 06:45:00,10.42,
2024-11-14 07:00:00,10.4,
2024-11-14 07:15:00,10.42,
2024-11-14 07:30:00,10.43,
2024-11-14 07:45:00,10.44,
2024-11-14 08:00:00,10.43,
2024-11-14 08:15:00,10.46,
2024-11-14 08:30:00,10.46,
2024-11-14 08:45:00,10.49,
2024-11-14 09:00:00,10.55,
2024-11-14 09:15:00,10.6,
2024-11-14 09:30:00,10.68,
2024-11-14 09:45:00,10.74,
2024-11-14 10:00:00,10.82,
2024-11-14 10:15:00,10.92,
2024-11-14 10:30:00,10.98,
2024-11-14 10:45:00,11.05,
2024-11-14 11:00:00,11.12,
2024-11-14 11:15:00,11.18,
2024-11-14 11:30:00,11.25,
2024-11-14 11:45:00,11.29,
2024-11-14 12:00:00,11.32,
2024-11-14 12:15:00,11.34,
2024-11-14 12:30:00,11.35,
2024-11-14 12:45:00,11.36,
2024-11-14 13:00:00,11.35,
2024-11-14 13:15:00,11.33,
2024-11-14 13:30:00,11.31,
2024-11-14 13:45:00,11.3,
2024-11-14 14:00:00,11.28,
2024-11-14 14:15:00,11.23,
2024-11-14 14:30:00,11.2,
2024-11-14 14:45:00,11.17,
2024-11-14 15:00:00,11.14,
2024-11-14 15:15:00,11.11,
2024-11-14 15:30:00,11.08,
2024-11-14 15:45:00,11.07,
2024-11-14 16:00:00,11.04,
2024-11-14 16:15:00,11.01,
2024-11-14 16:30:00,10.97,
2024-11-14 16:45:00,10.92,
2024-11-14 17:00:00,10.86,
2024-11-14 17:15:00,10.79,
2024-11-14 17:30:00,10.71,
2024-11-14 17:45:00,10.6,
2024-11-14 18:00:00,10.48,
2024-11-14 18:15:00,10.37,
2024-11-14 18:30:00,10.28,
2024-11-14 18:45:00,10.18,
2024-11-14 19:00:00,10.12,
2024-11-14 19:15:00,10.07,
2024-11-14 19:30:00,10.05,
2024-11-14 19:45:00,10.03,
2024-11-14 20:00:00,10.04,
2024-11-14 20:15:00,10.04,
2024-11-14 20:30:00,10.04,
2024-11-14 20:45:00,10.04,
2024-11-14 21:00:00,10.06,
2024-11-14 21:15:00,10.06,
2024-11-14 21:30:00,10.08,
2024-11-14 21:45:00,10.09,
2024-11-14 22:00:00,10.1,
2024-11-14 22:15:00,10.11,
2024-11-14 22:30:00,10.13,
2024-11-14 22:45:00,10.14,
2024-11-14 23:00:00,10.14,
2024-11-14 23:15:00,10.15,
2024-11-14 23:30:00,10.14,
2024-11-14 23:45:00,10.15,
2024-11-15 00:00:00,10.15,
2024-11-15 00:15:00,10.15,
2024-11-15 00:30:00,10.14,
2024-11-15 00:45:00,10.15,
2024-11-15 01:00:00,10.15,
2024-11-15 01:15:00,10.16,
2024-11-15 01:30:00,10.16,
2024-11-15 01:45:00,10.17,
2024-11-15 02:00:00,10.17,
2024-11-15 02:15:00,10.18,
2024-11-15 02:30:00,10.17,
2024-11-15 02:45:00,10.18,
2024-11-15 03:00:00,10.18,
2024-11-15 03:15:00,10.19,
2024-11-15 03:30:00,10.18,
2024-11-15 03:45:00,10.19,
2024-11-15 04:00:00,10.2,
2024-11-15 04:15:00,10.2,
2024-11-15 04:30:00,10.21,
2024-11-15 04:45:00,10.19,
2024-11-15 05:00:00,10.21,
2024-11-15 05:15:00,10.19,
2024-11-15 05:30:00,10.22,
2024-11-15 05:45:00,10.22,
2024-11-15 06:00:00,10.21,
2024-11-15 06:15:00,10.2,
2024-11-15 06:30:00,10.21,
2024-11-15 06:45:00,10.21,
2024-11-15 07:00:00,10.2,
2024-11-15 07:15:00,10.21,
2024-11-15 07:30:00,10.21,
2024-11-15 07:45:00,10.2,
2024-11-15 08:00:00,10.23,
2024-11-15 08:15:00,10.23,
2024-11-15 08:30:00,10.24,
2024-11-15 08:45:00,10.26,
2024-11-15 09:00:00,10.3,
2024-11-15 09:15:00,10.33,
2024-11-15 09:30:00,10.41,
2024-11-15 09:45:00,10.49,
2024-11-15 10:00:00,10.59,
2024-11-15 10:15:00,10.67,
2024-11-15 10:30:00,10.75,
2024-11-15 10:45:00,10.81,
2024-11-15 11:00:00,10.84,
2024-11-15 11:15:00,10.87,
2024-11-15 11:30:00,10.91,
2024-11-15 11:45:00,10.91,
2024-11-15 12:00:00,10.95,
2024-11-15 12:15:00,10.97,
2024-11-15 12:30:00,11.0,
2024-11-15 12:45:00,10.99,
2024-11-15 13:00:00,11.02,
2024-11-15 13:15:00,11.03,
2024-11-15 13:30:00,11.0,
2024-11-15 13:45:00,10.97,
2024-11-15 14:00:00,10.97,
2024-11-15 14:15:00,10.96,
2024-11-15 14:30:00,10.96,
2024-11-15 14:45:00,10.95,
2024-11-15 15:00:00,10.94,
2024-11-15 15:15:00,10.91,
2024-11-15 15:30:00,10.92,
2024-11-15 15:45:00,10.9,
2024-11-15 16:00:00,10.86,
2024-11-15 16:15:00,10.84,
2024-11-15 16:30:00,10.81,
2024-11-15 16:45:00,10.75,
2024-11-15 17:00:00,10.69,
2024-11-15 17:15:00,10.58,
2024-11-15 17:30:00,10.47,
2024-11-15 17:45:00,10.36,
2024-11-15 18:00:00,10.26,
2024-11-15 18:15:00,10.16,
2024-11-15 18:30:00,10.06,
2024-11-15 18:45:00,10.0,
2024-11-15 19:00:00,9.96,
2024-11-15 19:15:00,9.95,
2024-11-15 19:30:00,9.93,
2024-11-15 19:45:00,9.9,
2024-11-15 20:00:00,9.91,
2024-11-15 20:15:00,9.91,
2024-11-15 20:30:00,9.91,
2024-11-15 20:45:00,9.91,
2024-11-15 21:00:00,9.91,
2024-11-15 21:15:00,9.93,
2024-11-15 21:30:00,9.97,
2024-11-15 21:45:00,9.99,
2024-11-15 22:00:00,10.0,
2024-11-15 22:15:00,10.01,
2024-11-15 22:30:00,10.01,
2024-11-15 22:45:00,10.0,
2024-11-15 23:00:00,10.01,
2024-11-15 23:15:00,10.01,
2024-11-15 23:30:00,10.02,
2024-11-15 23:45:00,10.02,
2024-11-16 00:00:00,10.02,
2024-11-16 00:15:00,10.02,
2024-11-16 00:30:00,10.03,
2024-11-16 00:45:00,10.02,
2024-11-16 01:00:00,10.03,
2024-11-16 01:15:00,10.04,
2024-11-16 01:30:00,10.04,
2024-11-16 01:45:00,10.04,
2024-11-16 02:00:00,10.04,
2024-11-16 02:15:00,10.04,
2024-11-16 02:30:00,10.03,
2024-11-16 02:45:00,10.04,
2024-11-16 03:00:00,10.04,
2024-11-16 03:15:00,10.04,
2024-11-16 03:30:00,10.04,
2024-11-16 03:45:00,10.05,
2024-11-16 04:00:00,10.04,
2024-11-16 04:15:00,10.05,
2024-11-16 04:30:00,10.05,
2024-11-16 04:45:00,10.04,
2024-11-16 05:00:00,10.04,
2024-11-16 05:15:00,10.04,
2024-11-16 05:30:00,10.04,
2024-11-16 05:45:00,10.04,
2024-11-16 06:00:00,10.03,
2024-11-16 06:15:00,10.03,
2024-11-16 06:30:00,10.04,
2024-11-16 06:45:00,10.04,
2024-11-16 07:00:00,10.04,
2024-11-16 07:15:00,10.04,
2024-11-16 07:30:00,10.04,
2024-11-16 07:45:00,10.04,
2024-11-16 08:00:00,10.05,
2024-11-16 08:15:00,10.05,
2024-11-16 08:30:00,10.05,
2024-11-16 08:45:00,10.07,
2024-11-16 09:00:00,10.09,
2024-11-16 09:15:00,10.11,
2024-11-16 09:30:00,10.15,
2024-11-16 09:45:00,10.24,
2024-11-16 10:00:00,10.29,
2024-11-16 10:15:00,10.37,
2024-11-16 10:30:00,10.45,
2024-11-16 10:45:00,10.53,
2024-11-16 11:00:00,10.55,
2024-11-16 11:15:00,10.38,
2024-11-16 11:30:00,10.48,
2024-11-16 11:45:00,10.55,
2024-11-16 12:00:00,10.64,
2024-11-16 12:15:00,10.71,
2024-11-16 12:30:00,10.7,
2024-11-16 12:45:00,10.73,
2024-11-16 13:00:00,10.78,
2024-11-16 13:15:00,10.8,
2024-11-16 13:30:00,10.83,
2024-11-16 13:45:00,10.86,
2024-11-16 14:00:00,10.87,
2024-11-16 14:15:00,10.92,
2024-11-16 14:30:00,10.94,
2024-11-16 14:45:00,10.97,
2024-11-16 15:00:00,10.96,
2024-11-16 15:15:00,10.95,
2024-11-16 15:30:00,10.92,
2024-11-16 15:45:00,10.85,
2024-11-16 16:00:00,10.79,
2024-11-16 16:15:00,10.72,
2024-11-16 16:30:00,10.69,
2024-11-16 16:45:00,10.63,
2024-11-16 17:00:00,10.55,
2024-11-16 17:15:00,10.46,
2024-11-16 17:30:00,10.38,
2024-11-16 17:45:00,10.28,
2024-11-16 18:00:00,10.2,
2024-11-16 18:15:00,10.11,
2024-11-16 18:30:00,10.04,
2024-11-16 18:45:00,9.99,
2024-11-16 19:00:00,9.97,
2024-11-16 19:15:00,9.94,
2024-11-16 19:30:00,9.92,
2024-11-16 19:45:00,9.9,
2024-11-16 20:00:00,9.9,
2024-11-16 20:15:00,9.89,
2024-11-16 20:30:00,9.89,
2024-11-16 20:45:00,9.91,
2024-11-16 21:00:00,9.91,
2024-11-16 21:15:00,9.91,
2024-11-16 21:30:00,9.93,
2024-11-16 21:45:00,9.93,
2024-11-16 22:00:00,9.95,
2024-11-16 22:15:00,9.95,
2024-11-16 22:30:00,9.95,
2024-11-16 22:45:00,9.95,
2024-11-16 23:00:00,9.97,
2024-11-16 23:15:00,9.98,
2024-11-16 23:30:00,9.99,
2024-11-16 23:45:00,10.0,
2024-11-17 00:00:00,10.0,
2024-11-17 00:15:00,10.0,
2024-11-17 00:30:00,9.99,
2024-11-17 00:45:00,10.01,
2024-11-17 01:00:00,10.01,
2024-11-17 01:15:00,10.02,
2024-11-17 01:30:00,10.03,
2024-11-17 01:45:00,10.02,
2024-11-17 02:00:00,10.04,
2024-11-17 02:15:00,10.04,
2024-11-17 02:30:00,10.04,
2024-11-17 02:45:00,10.05,
2024-11-17 03:00:00,10.05,
2024-11-17 03:15:00,10.06,
2024-11-17 03:30:00,10.07,
2024-11-17 03:45:00,10.07,
2024-11-17 04:00:00,10.09,
2024-11-17 04:15:00,10.1,
2024-11-17 04:30:00,10.1,
2024-11-17 04:45:00,10.12,
2024-11-17 05:00:00,10.12,
2024-11-17 05:15:00,10.13,
2024-11-17 05:30:00,10.15,
2024-11-17 05:45:00,10.16,
2024-11-17 06:00:00,10.16,
2024-11-17 06:15:00,10.18,
2024-11-17 06:30:00,10.19,
2024-11-17 06:45:00,10.21,
2024-11-17 07:00:00,10.22,
2024-11-17 07:15:00,10.23,
2024-11-17 07:30:00,10.25,
2024-11-17 07:45:00,10.25,
2024-11-17 08:00:00,10.25,
2024-11-17 08:15:00,10.27,
2024-11-17 08:30:00,10.29,
2024-11-17 08:45:00,10.32,
2024-11-17 09:00:00,10.35,
2024-11-17 09:15:00,10.39,
2024-11-17 09:30:00,10.45,
2024-11-17 09:45:00,10.51,
2024-11-17 10:00:00,10.6,
2024-11-17 10:15:00,10.67,
2024-11-17 10:30:00,10.68,
2024-11-17 10:45:00,10.82,
2024-11-17 11:00:00,10.89,
2024-11-17 11:15:00,10.95,
2024-11-17 11:30:00,11.0,
2024-11-17 11:45:00,11.04,
2024-11-17 12:00:00,11.07,
2024-11-17 12:15:00,11.12,
2024-11-17 12:30:00,11.15,
2024-11-17 12:45:00,11.18,
2024-11-17 13:00:00,11.2,
2024-11-17 13:15:00,11.2,
2024-11-17 13:30:00,11.2,
2024-11-17 13:45:00,11.2,
2024-11-17 14:00:00,11.17,
2024-11-17 14:15:00,11.14,
2024-11-17 14:30:00,11.11,
2024-11-17 14:45:00,11.09,
2024-11-17 15:00:00,11.08,
2024-11-17 15:15:00,11.06,
2024-11-17 15:30:00,11.03,
2024-11-17 15:45:00,10.99,
2024-11-17 16:00:00,10.94,
2024-11-17 16:15:00,10.89,
2024-11-17 16:30:00,10.83,
2024-11-17 16:45:00,10.75,
2024-11-17 17:00:00,10.66,
2024-11-17 17:15:00,10.58,
2024-11-17 17:30:00,10.51,
2024-11-17 17:45:00,10.43,
2024-11-17 18:00:00,10.35,
2024-11-17 18:15:00,10.26,
2024-11-17 18:30:00,10.2,
2024-11-17 18:45:00,10.14,
2024-11-17 19:00:00,10.1,
2024-11-17 19:15:00,10.04,
2024-11-17 19:30:00,10.02,
2024-11-17 19:45:00,10.0,
2024-11-17 20:00:00,9.98,
2024-11-17 20:15:00,9.97,
2024-11-17 20:30:00,9.96,
2024-11-17 20:45:00,9.97,
2024-11-17 21:00:00,9.97,
2024-11-17 21:15:00,9.96,
2024-11-17 21:30:00,9.97,
2024-11-17 21:45:00,9.97,
2024-11-17 22:00:00,9.97,
2024-11-17 22:15:00,9.96,
2024-11-17 22:30:00,9.95,
2024-11-17 22:45:00,9.97,
2024-11-17 23:00:00,9.95,
2024-11-17 23:15:00,9.95,
2024-11-17 23:30:00,9.95,
2024-11-17 23:45:00,9.94,
2024-11-18 00:00:00,9.95,
2024-11-18 00:15:00,9.94,
2024-11-18 00:30:00,9.94,
2024-11-18 00:45:00,9.94,
2024-11-18 01:00:00,9.94,
2024-11-18 01:15:00,9.94,
2024-11-18 01:30:00,9.93,
2024-11-18 01:45:00,9.94,
2024-11-18 02:00:00,9.94,
2024-11-18 02:15:00,9.93,
2024-11-18 02:30:00,9.94,
2024-11-18 02:45:00,9.93,
2024-11-18 03:00:00,9.94,
2024-11-18 03:15:00,9.94,
2024-11-18 03:30:00,9.93,
2024-11-18 03:45:00,9.93,
2024-11-18 04:00:00,9.93,
2024-11-18 04:15:00,9.93,
2024-11-18 04:30:00,9.93,
2024-11-18 04:45:00,9.92,
2024-11-18 05:00:00,9.93,
2024-11-18 05:15:00,9.92,
2024-11-18 05:30:00,9.93,
2024-11-18 05:45:00,9.92,
2024-11-18 06:00:00,9.91,
2024-11-18 06:15:00,9.91,
2024-11-18 06:30:00,9.9,
2024-11-18 06:45:00,9.9,
2024-11-18 07:00:00,9.91,
2024-11-18 07:15:00,9.9,
2024-11-18 07:30:00,9.9,
2024-11-18 07:45:00,9.91,
2024-11-18 08:00:00,9.9,
2024-11-18 08:15:00,9.92,
2024-11-18 08:30:00,9.92,
2024-11-18 08:45:00,9.93,
2024-11-18 09:00:00,9.94,
2024-11-18 09:15:00,9.96,
2024-11-18 09:30:00,9.97,
2024-11-18 09:45:00,10.0,
2024-11-18 10:00:00,10.03,
2024-11-18 10:15:00,10.08,
2024-11-18 10:30:00,10.15,
2024-11-18 10:45:00,10.23,
2024-11-18 11:00:00,10.31,
2024-11-18 11:15:00,10.39,
2024-11-18 11:30:00,10.5,
2024-11-18 11:45:00,10.63,
2024-11-18 12:00:00,10.72,
2024-11-18 12:15:00,10.8,
2024-11-18 12:30:00,10.84,
2024-11-18 12:45:00,10.88,
2024-11-18 13:00:00,10.94,
2024-11-18 13:15:00,10.97,
2024-11-18 13:30:00,11.03,
2024-11-18 13:45:00,11.09,
2024-11-18 14:00:00,11.06,
2024-11-18 14:15:00,11.03,
2024-11-18 14:30:00,11.04,
2024-11-18 14:45:00,11.02,
2024-11-18 15:00:00,10.99,
2024-11-18 15:15:00,10.94,
2024-11-18 15:30:00,10.92,
2024-11-18 15:45:00,10.9,
2024-11-18 16:00:00,10.91,
2024-11-18 16:15:00,10.95,
2024-11-18 16:30:00,10.91,
2024-11-18 16:45:00,10.87,
2024-11-18 17:00:00,10.8,
2024-11-18 17:15:00,10.72,
2024-11-18 17:30:00,10.64,
2024-11-18 17:45:00,10.55,
2024-11-18 18:00:00,10.46,
2024-11-18 18:15:00,10.38,
2024-11-18 18:30:00,10.32,
2024-11-18 18:45:00,10.27,
2024-11-18 19:00:00,10.22,
2024-11-18 19:15:00,10.19,
2024-11-18 19:30:00,10.17,
2024-11-18 19:45:00,10.17,
2024-11-18 20:00:00,10.17,
2024-11-18 20:15:00,10.17,
2024-11-18 20:30:00,10.17,
2024-11-18 20:45:00,10.18,
2024-11-18 21:00:00,10.18,
2024-11-18 21:15:00,10.2,
2024-11-18 21:30:00,10.21,
2024-11-18 21:45:00,10.21,
2024-11-18 22:00:00,10.23,
2024-11-18 22:15:00,10.22,
2024-11-18 22:30:00,10.25,
2024-11-18 22:45:00,10.26,
2024-11-18 23:00:00,10.27,
2024-11-18 23:15:00,10.28,
2024-11-18 23:30:00,10.3,
2024-11-18 23:45:00,10.3,
2024-11-19 00:00:00,10.32,
2024-11-19 00:15:00,10.34,
2024-11-19 00:30:00,10.33,
2024-11-19 00:45:00,10.35,
2024-11-19 01:00:00,10.36,
2024-11-19 01:15:00,10.36,
2024-11-19 01:30:00,10.37,
2024-11-19 01:45:00,10.38,
2024-11-19 02:00:00,10.4,
2024-11-19 02:15:00,10.39,
2024-11-19 02:30:00,10.4,
2024-11-19 02:45:00,10.41,
2024-11-19 03:00:00,10.42,
2024-11-19 03:15:00,10.42,
2024-11-19 03:30:00,10.42,
2024-11-19 03:45:00,10.44,
2024-11-19 04:00:00,10.45,
2024-11-19 04:15:00,10.46,
2024-11-19 04:30:00,10.46,
2024-11-19 04:45:00,10.46,
2024-11-19 05:00:00,10.48,
2024-11-19 05:15:00,10.48,
2024-11-19 05:30:00,10.48,
2024-11-19 05:45:00,10.48,
2024-11-19 06:00:00,10.49,
2024-11-19 06:15:00,10.5,
2024-11-19 06:30:00,10.5,
2024-11-19 06:45:00,10.5,
2024-11-19 07:00:00,10.52,
2024-11-19 07:15:00,10.52,
2024-11-19 07:30:00,10.52,
2024-11-19 07:45:00,10.52,
2024-11-19 08:00:00,10.53,
2024-11-19 08:15:00,10.54,
2024-11-19 08:30:00,10.54,
2024-11-19 08:45:00,10.55,
2024-11-19 09:00:00,10.59,
2024-11-19 09:15:00,10.62,
2024-11-19 09:30:00,10.68,
2024-11-19 09:45:00,10.78,
2024-11-19 10:00:00,10.87,
2024-11-19 10:15:00,10.95,
2024-11-19 10:30:00,11.05,
2024-11-19 10:45:00,11.15,
2024-11-19 11:00:00,11.2,
2024-11-19 11:15:00,11.26,
2024-11-19 11:30:00,11.3,
2024-11-19 11:45:00,11.34,
2024-11-19 12:00:00,11.36,
2024-11-19 12:15:00,11.39,
2024-11-19 12:30:00,11.41,
2024-11-19 12:45:00,11.42,
2024-11-19 13:00:00,11.39,
2024-11-19 13:15:00,11.42,
2024-11-19 13:30:00,11.46,
2024-11-19 13:45:00,11.46,
2024-11-19 14:00:00,11.45,
2024-11-19 14:15:00,11.44,
2024-11-19 14:30:00,11.42,
2024-11-19 14:45:00,11.36,
2024-11-19 15:00:00,11.34,
2024-11-19 15:15:00,11.31,
2024-11-19 15:30:00,11.27,
2024-11-19 15:45:00,11.22,
2024-11-19 16:00:00,11.16,
2024-11-19 16:15:00,11.09,
2024-11-19 16:30:00,11.03,
2024-11-19 16:45:00,10.99,
2024-11-19 17:00:00,10.94,
2024-11-19 17:15:00,10.9,
2024-11-19 17:30:00,10.86,
2024-11-19 17:45:00,10.8,
2024-11-19 18:00:00,10.74,
2024-11-19 18:15:00,10.67,
2024-11-19 18:30:00,10.61,
2024-11-19 18:45:00,10.58,
2024-11-19 19:00:00,10.56,
2024-11-19 19:15:00,10.55,
2024-11-19 19:30:00,10.56,
2024-11-19 19:45:00,10.55,
2024-11-19 20:00:00,10.58,
2024-11-19 20:15:00,10.59,
2024-11-19 20:30:00,10.61,
2024-11-19 20:45:00,10.63,
2024-11-19 21:00:00,10.65,
2024-11-19 21:15:00,10.67,
2024-11-19 21:30:00,10.68,
2024-11-19 21:45:00,10.7,
2024-11-19 22:00:00,10.71,
2024-11-19 22:15:00,10.73,
2024-11-19 22:30:00,10.74,
2024-11-19 22:45:00,10.74,
2024-11-19 23:00:00,10.76,
2024-11-19 23:15:00,10.77,
2024-11-19 23:30:00,10.77,
2024-11-19 23:45:00,10.78,
2024-11-20 00:00:00,10.79,
2024-11-20 00:15:00,10.81,
2024-11-20 00:30:00,10.81,
2024-11-20 00:45:00,10.82,
2024-11-20 01:00:00,10.84,
2024-11-20 01:15:00,10.84,
2024-11-20 01:30:00,10.87,
2024-11-20 01:45:00,10.88,
2024-11-20 02:00:00,10.89,
2024-11-20 02:15:00,10.91,
2024-11-20 02:30:00,10.93,
2024-11-20 02:45:00,10.93,
2024-11-20 03:00:00,10.94,
2024-11-20 03:15:00,10.96,
2024-11-20 03:30:00,10.96,
2024-11-20 03:45:00,10.98,
2024-11-20 04:00:00,10.98,
2024-11-20 04:15:00,11.0,
2024-11-20 04:30:00,11.0,
2024-11-20 04:45:00,11.01,
2024-11-20 05:00:00,11.03,
2024-11-20 05:15:00,11.04,
2024-11-20 05:30:00,11.05,
2024-11-20 05:45:00,11.07,
2024-11-20 06:00:00,11.09,
2024-11-20 06:15:00,11.1,
2024-11-20 06:30:00,11.13,
2024-11-20 06:45:00,11.13,
2024-11-20 07:00:00,11.14,
2024-11-20 07:15:00,11.16,
2024-11-20 07:30:00,11.15,
2024-11-20 07:45:00,11.17,
2024-11-20 08:00:00,11.17,
2024-11-20 08:15:00,11.18,
2024-11-20 08:30:00,11.17,
2024-11-20 08:45:00,11.2,
2024-11-20 09:00:00,11.23,
2024-11-20 09:15:00,11.3,
2024-11-20 09:30:00,11.36,
2024-11-20 09:45:00,11.44,
2024-11-20 10:00:00,11.51,
2024-11-20 10:15:00,11.6,
2024-11-20 10:30:00,11.68,
2024-11-20 10:45:00,11.76,
2024-11-20 11:00:00,11.82,
2024-11-20 11:15:00,11.87,
2024-11-20 11:30:00,11.91,
2024-11-20 11:45:00,11.93,
2024-11-20 12:00:00,11.95,
2024-11-20 12:15:00,11.95,
2024-11-20 12:30:00,11.95,
2024-11-20 12:45:00,11.93,
2024-11-20 13:00:00,11.9,
2024-11-20 13:15:00,11.9,
2024-11-20 13:30:00,11.88,
2024-11-20 13:45:00,11.86,
2024-11-20 14:00:00,11.84,
2024-11-20 14:15:00,11.81,
2024-11-20 14:30:00,11.8,
2024-11-20 14:45:00,11.79,
2024-11-20 15:00:00,11.76,
2024-11-20 15:15:00,11.73,
2024-11-20 15:30:00,11.68,
2024-11-20 15:45:00,11.62,
2024-11-20 16:00:00,11.56,
2024-11-20 16:15:00,11.52,
2024-11-20 16:30:00,11.47,
2024-11-20 16:45:00,11.42,
2024-11-20 17:00:00,11.35,
2024-11-20 17:15:00,11.27,
2024-11-20 17:30:00,11.2,
2024-11-20 17:45:00,11.12,
2024-11-20 18:00:00,11.05,
2024-11-20 18:15:00,10.97,
2024-11-20 18:30:00,10.91,
2024-11-20 18:45:00,10.87,
2024-11-20 19:00:00,10.82,
2024-11-20 19:15:00,10.79,
2024-11-20 19:30:00,10.76,
2024-11-20 19:45:00,10.75,
2024-11-20 20:00:00,10.74,
2024-11-20 20:15:00,10.74,
2024-11-20 20:30:00,10.73,
2024-11-20 20:45:00,10.74,
2024-11-20 21:00:00,10.75,
2024-11-20 21:15:00,10.74,
2024-11-20 21:30:00,10.74,
2024-11-20 21:45:00,10.73,
2024-11-20 22:00:00,10.73,
2024-11-20 22:15:00,10.73,
2024-11-20 22:30:00,10.71,
2024-11-20 22:45:00,10.71,
2024-11-20 23:00:00,10.7,
2024-11-20 23:15:00,10.7,
2024-11-20 23:30:00,10.69,
2024-11-20 23:45:00,10.68,
2024-11-21 00:00:00,10.67,
2024-11-21 00:15:00,10.67,
2024-11-21 00:30:00,10.67,
2024-11-21 00:45:00,10.68,
2024-11-21 01:00:00,10.68,
2024-11-21 01:15:00,10.68,
2024-11-21 01:30:00,10.67,
2024-11-21 01:45:00,10.68,
2024-11-21 02:00:00,10.68,
2024-11-21 02:15:00,10.68,
2024-11-21 02:30:00,10.69,
2024-11-21 02:45:00,10.69,
2024-11-21 03:00:00,10.69,
2024-11-21 03:15:00,10.69,
2024-11-21 03:30:00,10.7,
2024-11-21 03:45:00,10.71,
2024-11-21 04:00:00,10.71,
2024-11-21 04:15:00,10.72,
2024-11-21 04:30:00,10.72,
2024-11-21 04:45:00,10.73,
2024-11-21 05:00:00,10.74,
2024-11-21 05:15:00,10.73,
2024-11-21 05:30:00,10.74,
2024-11-21 05:45:00,10.74,
2024-11-21 06:00:00,10.73,
2024-11-21 06:15:00,10.73,
2024-11-21 06:30:00,10.73,
2024-11-21 06:45:00,10.73,
2024-11-21 07:00:00,10.72,
2024-11-21 07:15:00,10.72,
2024-11-21 07:30:00,10.72,
2024-11-21 07:45:00,10.72,
2024-11-21 08:00:00,10.7,
2024-11-21 08:15:00,10.71,
2024-11-21 08:30:00,10.72,
2024-11-21 08:45:00,10.73,
2024-11-21 09:00:00,10.76,
2024-11-21 09:15:00,10.8,
2024-11-21 09:30:00,10.85,
2024-11-21 09:45:00,10.91,
2024-11-21 10:00:00,10.98,
2024-11-21 10:15:00,11.06,
2024-11-21 10:30:00,11.15,
2024-11-21 10:45:00,11.22,
2024-11-21 11:00:00,11.3,
2024-11-21 11:15:00,11.37,
2024-11-21 11:30:00,11.41,
2024-11-21 11:45:00,11.47,
2024-11-21 12:00:00,11.52,
2024-11-21 12:15:00,11.54,
2024-11-21 12:30:00,11.54,
2024-11-21 12:45:00,11.56,
2024-11-21 13:00:00,11.54,
2024-11-21 13:15:00,11.52,
2024-11-21 13:30:00,11.53,
2024-11-21 13:45:00,11.53,
2024-11-21 14:00:00,11.52,
2024-11-21 14:15:00,11.49,
2024-11-21 14:30:00,11.47,
2024-11-21 14:45:00,11.44,
2024-11-21 15:00:00,11.39,
2024-11-21 15:15:00,11.37,
2024-11-21 15:30:00,11.34,
2024-11-21 15:45:00,11.32,
2024-11-21 16:00:00,11.29,
2024-11-21 16:15:00,11.25,
2024-11-21 16:30:00,11.19,
2024-11-21 16:45:00,11.12,
2024-11-21 17:00:00,11.04,
2024-11-21 17:15:00,10.95,
2024-11-21 17:30:00,10.85,
2024-11-21 17:45:00,10.75,
2024-11-21 18:00:00,10.64,
2024-11-21 18:15:00,10.54,
2024-11-21 18:30:00,10.45,
2024-11-21 18:45:00,10.37,
2024-11-21 19:00:00,10.31,
2024-11-21 19:15:00,10.28,
2024-11-21 19:30:00,10.24,
2024-11-21 19:45:00,10.24,
2024-11-21 20:00:00,10.24,
2024-11-21 20:15:00,10.22,
2024-11-21 20:30:00,10.23,
2024-11-21 20:45:00,10.22,
2024-11-21 21:00:00,10.23,
2024-11-21 21:15:00,10.24,
2024-11-21 21:30:00,10.24,
2024-11-21 21:45:00,10.26,
2024-11-21 22:00:00,10.26,
2024-11-21 22:15:00,10.26,
2024-11-21 22:30:00,10.28,
2024-11-21 22:45:00,10.29,
2024-11-21 23:00:00,10.28,
2024-11-21 23:15:00,10.29,
2024-11-21 23:30:00,10.3,
2024-11-21 23:45:00,10.3,
2024-11-22 00:00:00,10.31,
2024-11-22 00:15:00,10.3,
2024-11-22 00:30:00,10.32,
2024-11-22 00:45:00,10.33,
2024-11-22 01:00:00,10.32,
2024-11-22 01:15:00,10.32,
2024-11-22 01:30:00,10.34,
2024-11-22 01:45:00,10.33,
2024-11-22 02:00:00,10.35,
2024-11-22 02:15:00,10.35,
2024-11-22 02:30:00,10.36,
2024-11-22 02:45:00,10.37,
2024-11-22 03:00:00,10.38,
2024-11-22 03:15:00,10.38,
2024-11-22 03:30:00,10.39,
2024-11-22 03:45:00,10.4,
2024-11-22 04:00:00,10.41,
2024-11-22 04:15:00,10.42,
2024-11-22 04:30:00,10.42,
2024-11-22 04:45:00,10.43,
2024-11-22 05:00:00,10.42,
2024-11-22 05:15:00,10.43,
2024-11-22 05:30:00,10.44,
2024-11-22 05:45:00,10.44,
2024-11-22 06:00:00,10.45,
2024-11-22 06:15:00,10.45,
2024-11-22 06:30:00,10.46,
2024-11-22 06:45:00,10.47,
2024-11-22 07:00:00,10.48,
2024-11-22 07:15:00,10.49,
2024-11-22 07:30:00,10.49,
2024-11-22 07:45:00,10.5,
2024-11-22 08:00:00,10.5,
2024-11-22 08:15:00,10.51,
2024-11-22 08:30:00,10.51,
2024-11-22 08:45:00,10.54,
2024-11-22 09:00:00,10.57,
2024-11-22 09:15:00,10.61,
2024-11-22 09:30:00,10.68,
2024-11-22 09:45:00,10.76,
2024-11-22 10:00:00,10.87,
2024-11-22 10:15:00,10.97,
2024-11-22 10:30:00,11.06,
2024-11-22 10:45:00,11.14,
2024-11-22 11:00:00,11.2,
2024-11-22 11:15:00,11.24,
2024-11-22 11:30:00,11.27,
2024-11-22 11:45:00,11.27,
2024-11-22 12:00:00,11.33,
2024-11-22 12:15:00,11.33,
2024-11-22 12:30:00,11.36,
2024-11-22 12:45:00,11.37,
2024-11-22 13:00:00,11.36,
2024-11-22 13:15:00,11.34,
2024-11-22 13:30:00,11.35,
2024-11-22 13:45:00,11.34,
2024-11-22 14:00:00,11.32,
2024-11-22 14:15:00,11.3,
2024-11-22 14:30:00,11.26,
2024-11-22 14:45:00,11.21,
2024-11-22 15:00:00,11.18,
2024-11-22 15:15:00,11.16,
2024-11-22 15:30:00,11.19,
2024-11-22 15:45:00,11.12,
2024-11-22 16:00:00,11.11,
2024-11-22 16:15:00,11.05,
2024-11-22 16:30:00,11.0,
2024-11-22 16:45:00,10.92,
2024-11-22 17:00:00,10.86,
2024-11-22 17:15:00,10.75,
2024-11-22 17:30:00,10.66,
2024-11-22 17:45:00,10.54,
2024-11-22 18:00:00,10.47,
2024-11-22 18:15:00,10.38,
2024-11-22 18:30:00,10.3,
2024-11-22 18:45:00,10.22,
2024-11-22 19:00:00,10.17,
2024-11-22 19:15:00,10.14,
2024-11-22 19:30:00,10.1,
2024-11-22 19:45:00,10.08,
2024-11-22 20:00:00,10.07,
2024-11-22 20:15:00,10.06,
2024-11-22 20:30:00,10.06,
2024-11-22 20:45:00,10.06,
2024-11-22 21:00:00,10.06,
2024-11-22 21:15:00,10.07,
2024-11-22 21:30:00,10.07,
2024-11-22 21:45:00,10.07,
2024-11-22 22:00:00,10.08,
2024-11-22 22:15:00,10.08,
2024-11-22 22:30:00,10.09,
2024-11-22 22:45:00,10.1,
2024-11-22 23:00:00,10.11,
2024-11-22 23:15:00,10.1,
2024-11-22 23:30:00,10.1,
2024-11-22 23:45:00,10.11,
2024-11-23 00:00:00,10.11,
2024-11-23 00:15:00,10.11,
2024-11-23 00:30:00,10.12,
2024-11-23 00:45:00,10.11,
2024-11-23 01:00:00,10.11,
2024-11-23 01:15:00,10.12,
2024-11-23 01:30:00,10.13,
2024-11-23 01:45:00,10.13,
2024-11-23 02:00:00,10.14,
2024-11-23 02:15:00,10.14,
2024-11-23 02:30:00,10.14,
2024-11-23 02:45:00,10.15,
2024-11-23 03:00:00,10.16,
2024-11-23 03:15:00,10.15,
2024-11-23 03:30:00,10.16,
2024-11-23 03:45:00,10.17,
2024-11-23 04:00:00,10.17,
2024-11-23 04:15:00,10.17,
2024-11-23 04:30:00,10.18,
2024-11-23 04:45:00,10.18,
2024-11-23 05:00:00,10.17,
2024-11-23 05:15:00,10.17,
2024-11-23 05:30:00,10.17,
2024-11-23 05:45:00,10.16,
2024-11-23 06:00:00,10.16,
2024-11-23 06:15:00,10.16,
2024-11-23 06:30:00,10.16,
2024-11-23 06:45:00,10.15,
2024-11-23 07:00:00,10.15,
2024-11-23 07:15:00,10.15,
2024-11-23 07:30:00,10.15,
2024-11-23 07:45:00,10.16,
2024-11-23 08:00:00,10.14,
2024-11-23 08:15:00,10.14,
2024-11-23 08:30:00,10.13,
2024-11-23 08:45:00,10.14,
2024-11-23 09:00:00,10.14,
2024-11-23 09:15:00,10.17,
2024-11-23 09:30:00,10.19,
2024-11-23 09:45:00,10.22,
2024-11-23 10:00:00,10.25,
2024-11-23 10:15:00,10.28,
2024-11-23 10:30:00,10.31,
2024-11-23 10:45:00,10.34,
2024-11-23 11:00:00,10.36,
2024-11-23 11:15:00,10.38,
2024-11-23 11:30:00,10.4,
2024-11-23 11:45:00,10.41,
2024-11-23 12:00:00,10.42,
2024-11-23 12:15:00,10.42,
2024-11-23 12:30:00,10.41,
2024-11-23 12:45:00,10.44,
2024-11-23 13:00:00,10.52,
2024-11-23 13:15:00,10.61,
2024-11-23 13:30:00,10.69,
2024-11-23 13:45:00,10.77,
2024-11-23 14:00:00,10.82,
2024-11-23 14:15:00,10.9,
2024-11-23 14:30:00,10.93,
2024-11-23 14:45:00,10.93,
2024-11-23 15:00:00,10.94,
2024-11-23 15:15:00,10.93,
2024-11-23 15:30:00,10.9,
2024-11-23 15:45:00,10.84,
2024-11-23 16:00:00,10.81,
2024-11-23 16:15:00,10.76,
2024-11-23 16:30:00,10.67,
2024-11-23 16:45:00,10.62,
2024-11-23 17:00:00,10.53,
2024-11-23 17:15:00,10.43,
2024-11-23 17:30:00,10.32,
2024-11-23 17:45:00,10.23,
2024-11-23 18:00:00,10.08,
2024-11-23 18:15:00,10.02,
2024-11-23 18:30:00,9.95,
2024-11-23 18:45:00,9.89,
2024-11-23 19:00:00,9.84,
2024-11-23 19:15:00,9.81,
2024-11-23 19:30:00,9.79,
2024-11-23 19:45:00,9.77,
2024-11-23 20:00:00,9.77,
2024-11-23 20:15:00,9.75,
2024-11-23 20:30:00,9.76,
2024-11-23 20:45:00,9.76,
2024-11-23 21:00:00,9.77,
2024-11-23 21:15:00,9.78,
2024-11-23 21:30:00,9.78,
2024-11-23 21:45:00,9.78,
2024-11-23 22:00:00,9.78,
2024-11-23 22:15:00,9.78,
2024-11-23 22:30:00,9.79,
2024-11-23 22:45:00,9.79,
2024-11-23 23:00:00,9.79,
2024-11-23 23:15:00,9.78,
2024-11-23 23:30:00,9.79,
2024-11-23 23:45:00,9.77,
2024-11-24 00:00:00,9.77,
2024-11-24 00:15:00,9.78,
2024-11-24 00:30:00,9.79,
2024-11-24 00:45:00,9.77,
2024-11-24 01:00:00,9.77,
2024-11-24 01:15:00,9.77,
2024-11-24 01:30:00,9.77,
2024-11-24 01:45:00,9.77,
2024-11-24 02:00:00,9.78,
2024-11-24 02:15:00,9.77,
2024-11-24 02:30:00,9.77,
2024-11-24 02:45:00,9.77,
2024-11-24 03:00:00,9.77,
2024-11-24 03:15:00,9.77,
2024-11-24 03:30:00,9.8,
2024-11-24 03:45:00,9.8,
2024-11-24 04:00:00,9.81,
2024-11-24 04:15:00,9.8,
2024-11-24 04:30:00,9.82,
2024-11-24 04:45:00,9.83,
2024-11-24 05:00:00,9.82,
2024-11-24 05:15:00,9.84,
2024-11-24 05:30:00,9.84,
2024-11-24 05:45:00,9.85,
2024-11-24 06:00:00,9.85,
2024-11-24 06:15:00,9.85,
2024-11-24 06:30:00,9.86,
2024-11-24 06:45:00,9.88,
2024-11-24 07:00:00,9.86,
2024-11-24 07:15:00,9.87,
2024-11-24 07:30:00,9.87,
2024-11-24 07:45:00,9.89,
2024-11-24 08:00:00,9.88,
2024-11-24 08:15:00,9.89,
2024-11-24 08:30:00,9.9,
2024-11-24 08:45:00,9.92,
2024-11-24 09:00:00,9.95,
2024-11-24 09:15:00,9.99,
2024-11-24 09:30:00,10.05,
2024-11-24 09:45:00,10.11,
2024-11-24 10:00:00,10.18,
2024-11-24 10:15:00,10.25,
2024-11-24 10:30:00,10.37,
2024-11-24 10:45:00,10.48,
2024-11-24 11:00:00,10.61,
2024-11-24 11:15:00,10.66,
2024-11-24 11:30:00,10.74,
2024-11-24 11:45:00,10.75,
2024-11-24 12:00:00,10.8,
2024-11-24 12:15:00,10.85,
2024-11-24 12:30:00,10.91,
2024-11-24 12:45:00,10.93,
2024-11-24 13:00:00,10.92,
2024-11-24 13:15:00,10.91,
2024-11-24 13:30:00,10.89,
2024-11-24 13:45:00,10.92,
2024-11-24 14:00:00,10.95,
2024-11-24 14:15:00,10.93,
2024-11-24 14:30:00,10.93,
2024-11-24 14:45:00,10.88,
2024-11-24 15:00:00,10.82,
2024-11-24 15:15:00,10.8,
2024-11-24 15:30:00,10.76,
2024-11-24 15:45:00,10.72,
2024-11-24 16:00:00,10.68,
2024-11-24 16:15:00,10.64,
2024-11-24 16:30:00,10.6,
2024-11-24 16:45:00,10.55,
2024-11-24 17:00:00,10.52,
2024-11-24 17:15:00,10.46,
2024-11-24 17:30:00,10.39,
2024-11-24 17:45:00,10.32,
2024-11-24 18:00:00,10.26,
2024-11-24 18:15:00,10.2,
2024-11-24 18:30:00,10.14,
2024-11-24 18:45:00,10.1,
2024-11-24 19:00:00,10.07,
2024-11-24 19:15:00,10.04,
2024-11-24 19:30:00,10.04,
2024-11-24 19:45:00,10.03,
2024-11-24 20:00:00,10.02,
2024-11-24 20:15:00,10.04,
2024-11-24 20:30:00,10.03,
2024-11-24 20:45:00,10.04,
2024-11-24 21:00:00,10.05,
2024-11-24 21:15:00,10.06,
2024-11-24 21:30:00,10.07,
2024-11-24 21:45:00,10.07,
2024-11-24 22:00:00,10.09,
2024-11-24 22:15:00,10.1,
2024-11-24 22:30:00,10.11,
2024-11-24 22:45:00,10.13,
2024-11-24 23:00:00,10.14,
2024-11-24 23:15:00,10.15,
2024-11-24 23:30:00,10.17,
2024-11-24 23:45:00,10.17,
2024-11-25 00:00:00,10.2,
2024-11-25 00:15:00,10.21,
2024-11-25 00:30:00,10.23,
2024-11-25 00:45:00,10.24,
2024-11-25 01:00:00,10.27,
2024-11-25 01:15:00,10.28,
2024-11-25 01:30:00,10.29,
2024-11-25 01:45:00,10.3,
2024-11-25 02:00:00,10.31,
2024-11-25 02:15:00,10.34,
2024-11-25 02:30:00,10.37,
2024-11-25 02:45:00,10.38,
2024-11-25 03:00:00,10.38,
2024-11-25 03:15:00,10.41,
2024-11-25 03:30:00,10.43,
2024-11-25 03:45:00,10.45,
2024-11-25 04:00:00,10.46,
2024-11-25 04:15:00,10.47,
2024-11-25 04:30:00,10.49,
2024-11-25 04:45:00,10.51,
2024-11-25 05:00:00,10.52,
2024-11-25 05:15:00,10.53,
2024-11-25 05:30:00,10.55,
2024-11-25 05:45:00,10.56,
2024-11-25 06:00:00,10.58,
2024-11-25 06:15:00,10.6,
2024-11-25 06:30:00,10.61,
2024-11-25 06:45:00,10.62,
2024-11-25 07:00:00,10.64,
2024-11-25 07:15:00,10.66,
2024-11-25 07:30:00,10.65,
2024-11-25 07:45:00,10.68,
2024-11-25 08:00:00,10.69,
2024-11-25 08:15:00,10.71,
2024-11-25 08:30:00,10.72,
2024-11-25 08:45:00,10.75,
2024-11-25 09:00:00,10.79,
2024-11-25 09:15:00,10.84,
2024-11-25 09:30:00,10.9,
2024-11-25 09:45:00,10.96,
2024-11-25 10:00:00,11.02,
2024-11-25 10:15:00,11.11,
2024-11-25 10:30:00,11.21,
2024-11-25 10:45:00,11.28,
2024-11-25 11:00:00,11.36,
2024-11-25 11:15:00,11.41,
2024-11-25 11:30:00,11.46,
2024-11-25 11:45:00,11.5,
2024-11-25 12:00:00,11.55,
2024-11-25 12:15:00,11.57,
2024-11-25 12:30:00,11.58,
2024-11-25 12:45:00,11.56,
2024-11-25 13:00:00,11.55,
2024-11-25 13:15:00,11.56,
2024-11-25 13:30:00,11.58,
2024-11-25 13:45:00,11.6,
2024-11-25 14:00:00,11.59,
2024-11-25 14:15:00,11.62,
2024-11-25 14:30:00,11.64,
2024-11-25 14:45:00,11.64,
2024-11-25 15:00:00,11.62,
2024-11-25 15:15:00,11.57,
2024-11-25 15:30:00,11.54,
2024-11-25 15:45:00,11.52,
2024-11-25 16:00:00,11.47,
2024-11-25 16:15:00,11.4,
2024-11-25 16:30:00,11.34,
2024-11-25 16:45:00,11.27,
2024-11-25 17:00:00,11.23,
2024-11-25 17:15:00,11.17,
2024-11-25 17:30:00,11.13,
2024-11-25 17:45:00,11.04,
2024-11-25 18:00:00,10.96,
2024-11-25 18:15:00,10.88,
2024-11-25 18:30:00,10.8,
2024-11-25 18:45:00,10.74,
2024-11-25 19:00:00,10.69,
2024-11-25 19:15:00,10.66,
2024-11-25 19:30:00,10.63,
2024-11-25 19:45:00,10.61,
2024-11-25 20:00:00,10.61,
2024-11-25 20:15:00,10.59,
2024-11-25 20:30:00,10.6,
2024-11-25 20:45:00,10.59,
2024-11-25 21:00:00,10.6,
2024-11-25 21:15:00,10.6,
2024-11-25 21:30:00,10.61,
2024-11-25 21:45:00,10.6,
2024-11-25 22:00:00,10.62,
2024-11-25 22:15:00,10.61,
2024-11-25 22:30:00,10.6,
2024-11-25 22:45:00,10.61,
2024-11-25 23:00:00,10.6,
2024-11-25 23:15:00,10.59,
2024-11-25 23:30:00,10.57,
2024-11-25 23:45:00,10.55,
2024-11-26 00:00:00,10.54,
2024-11-26 00:15:00,10.54,
2024-11-26 00:30:00,10.53,
2024-11-26 00:45:00,10.51,
2024-11-26 01:00:00,10.51,
2024-11-26 01:15:00,10.51,
2024-11-26 01:30:00,10.51,
2024-11-26 01:45:00,10.5,
2024-11-26 02:00:00,10.5,
2024-11-26 02:15:00,10.5,
2024-11-26 02:30:00,10.49,
2024-11-26 02:45:00,10.5,
2024-11-26 03:00:00,10.47,
2024-11-26 03:15:00,10.47,
2024-11-26 03:30:00,10.48,
2024-11-26 03:45:00,10.47,
2024-11-26 04:00:00,10.46,
2024-11-26 04:15:00,10.47,
2024-11-26 04:30:00,10.48,
2024-11-26 04:45:00,10.49,
2024-11-26 05:00:00,10.48,
2024-11-26 05:15:00,10.49,
2024-11-26 05:30:00,10.5,
2024-11-26 05:45:00,10.5,
2024-11-26 06:00:00,10.51,
2024-11-26 06:15:00,10.52,
2024-11-26 06:30:00,10.52,
2024-11-26 06:45:00,10.53,
2024-11-26 07:00:00,10.53,
2024-11-26 07:15:00,10.54,
2024-11-26 07:30:00,10.53,
2024-11-26 07:45:00,10.53,
2024-11-26 08:00:00,10.53,
2024-11-26 08:15:00,10.51,
2024-11-26 08:30:00,10.5,
2024-11-26 08:45:00,10.49,
2024-11-26 09:00:00,10.5,
2024-11-26 09:15:00,10.51,
2024-11-26 09:30:00,10.53,
2024-11-26 09:45:00,10.56,
2024-11-26 10:00:00,10.62,
2024-11-26 10:15:00,10.696666666666664,LI
2024-11-26 10:30:00,10.773333333333332,LI
2024-11-26 10:45:00,10.85,
2024-11-26 11:00:00,10.89,
2024-11-26 11:15:00,10.94,
2024-11-26 11:30:00,11.0,
2024-11-26 11:45:00,11.01,
2024-11-26 12:00:00,11.07,
2024-11-26 12:15:00,11.08,
2024-11-26 12:30:00,11.1,
2024-11-26 12:45:00,11.11,
2024-11-26 13:00:00,11.12,
2024-11-26 13:15:00,11.07,
2024-11-26 13:30:00,11.03,
2024-11-26 13:45:00,11.05,
2024-11-26 14:00:00,11.05,
2024-11-26 14:15:00,11.03,
2024-11-26 14:30:00,11.03,
2024-11-26 14:45:00,11.04,
2024-11-26 15:00:00,11.03,
2024-11-26 15:15:00,10.99,
2024-11-26 15:30:00,10.94,
2024-11-26 15:45:00,10.89,
2024-11-26 16:00:00,10.83,
2024-11-26 16:15:00,10.78,
2024-11-26 16:30:00,10.72,
2024-11-26 16:45:00,10.67,
2024-11-26 17:00:00,10.61,
2024-11-26 17:15:00,10.54,
2024-11-26 17:30:00,10.47,
2024-11-26 17:45:00,10.39,
2024-11-26 18:00:00,10.35,
2024-11-26 18:15:00,10.33,
2024-11-26 18:30:00,10.29,
2024-11-26 18:45:00,10.25,
2024-11-26 19:00:00,10.23,
2024-11-26 19:15:00,10.21,
2024-11-26 19:30:00,10.2,
2024-11-26 19:45:00,10.19,
2024-11-26 20:00:00,10.2,
2024-11-26 20:15:00,10.21,
2024-11-26 20:30:00,10.21,
2024-11-26 20:45:00,10.21,
2024-11-26 21:00:00,10.23,
2024-11-26 21:15:00,10.23,
2024-11-26 21:30:00,10.23,
2024-11-26 21:45:00,10.23,
2024-11-26 22:00:00,10.23,
2024-11-26 22:15:00,10.24,
2024-11-26 22:30:00,10.23,
2024-11-26 22:45:00,10.24,
2024-11-26 23:00:00,10.25,
2024-11-26 23:15:00,10.24,
2024-11-26 23:30:00,10.25,
2024-11-26 23:45:00,10.25,
2024-11-27 00:00:00,10.24,
2024-11-27 00:15:00,10.25,
2024-11-27 00:30:00,10.25,
2024-11-27 00:45:00,10.25,
2024-11-27 01:00:00,10.24,
2024-11-27 01:15:00,10.25,
2024-11-27 01:30:00,10.25,
2024-11-27 01:45:00,10.26,
2024-11-27 02:00:00,10.24,
2024-11-27 02:15:00,10.26,
2024-11-27 02:30:00,10.25,
2024-11-27 02:45:00,10.26,
2024-11-27 03:00:00,10.25,
2024-11-27 03:15:00,10.25,
2024-11-27 03:30:00,10.26,
2024-11-27 03:45:00,10.25,
2024-11-27 04:00:00,10.25,
2024-11-27 04:15:00,10.26,
2024-11-27 04:30:00,10.25,
2024-11-27 04:45:00,10.25,
2024-11-27 05:00:00,10.25,
2024-11-27 05:15:00,10.26,
2024-11-27 05:30:00,10.25,
2024-11-27 05:45:00,10.25,
2024-11-27 06:00:00,10.25,
2024-11-27 06:15:00,10.25,
2024-11-27 06:30:00,10.26,
2024-11-27 06:45:00,10.25,
2024-11-27 07:00:00,10.25,
2024-11-27 07:15:00,10.25,
2024-11-27 07:30:00,10.26,
2024-11-27 07:45:00,10.25,
2024-11-27 08:00:00,10.25,
2024-11-27 08:15:00,10.25,
2024-11-27 08:30:00,10.25,
2024-11-27 08:45:00,10.27,
2024-11-27 09:00:00,10.29,
2024-11-27 09:15:00,10.33,
2024-11-27 09:30:00,10.38,
2024-11-27 09:45:00,10.44,
2024-11-27 10:00:00,10.51,
2024-11-27 10:15:00,10.6,
2024-11-27 10:30:00,10.66,
2024-11-27 10:45:00,10.75,
2024-11-27 11:00:00,10.82,
2024-11-27 11:15:00,10.91,
2024-11-27 11:30:00,10.96,
2024-11-27 11:45:00,11.06,
2024-11-27 12:00:00,11.09,
2024-11-27 12:15:00,11.15,
2024-11-27 12:30:00,11.2,
2024-11-27 12:45:00,11.24,
2024-11-27 13:00:00,11.24,
2024-11-27 13:15:00,11.26,
2024-11-27 13:30:00,11.28,
2024-11-27 13:45:00,11.27,
2024-11-27 14:00:00,11.28,
2024-11-27 14:15:00,11.27,
2024-11-27 14:30:00,11.26,
2024-11-27 14:45:00,11.25,
2024-11-27 15:00:00,11.26,
2024-11-27 15:15:00,11.23,
2024-11-27 15:30:00,11.2,
2024-11-27 15:45:00,11.16,
2024-11-27 16:00:00,11.14,
2024-11-27 16:15:00,11.13,
2024-11-27 16:30:00,11.08,
2024-11-27 16:45:00,11.04,
2024-11-27 17:00:00,11.0,
2024-11-27 17:15:00,10.91,
2024-11-27 17:30:00,10.85,
2024-11-27 17:45:00,10.76,
2024-11-27 18:00:00,10.63,
2024-11-27 18:15:00,10.5,
2024-11-27 18:30:00,10.4,
2024-11-27 18:45:00,10.33,
2024-11-27 19:00:00,10.26,
2024-11-27 19:15:00,10.2,
2024-11-27 19:30:00,10.17,
2024-11-27 19:45:00,10.13,
2024-11-27 20:00:00,10.14,
2024-11-27 20:15:00,10.14,
2024-11-27 20:30:00,10.15,
2024-11-27 20:45:00,10.17,
2024-11-27 21:00:00,10.2,
2024-11-27 21:15:00,10.2,
2024-11-27 21:30:00,10.21,
2024-11-27 21:45:00,10.25,
2024-11-27 22:00:00,10.25,
2024-11-27 22:15:00,10.26,
2024-11-27 22:30:00,10.27,
2024-11-27 22:45:00,10.28,
2024-11-27 23:00:00,10.3,
2024-11-27 23:15:00,10.31,
2024-11-27 23:30:00,10.31,
2024-11-27 23:45:00,10.32,
2024-11-28 00:00:00,10.32,
2024-11-28 00:15:00,10.32,
2024-11-28 00:30:00,10.33,
2024-11-28 00:45:00,10.35,
2024-11-28 01:00:00,10.34,
2024-11-28 01:15:00,10.35,
2024-11-28 01:30:00,10.36,
2024-11-28 01:45:00,10.38,
2024-11-28 02:00:00,10.38,
2024-11-28 02:15:00,10.39,
2024-11-28 02:30:00,10.42,
2024-11-28 02:45:00,10.41,
2024-11-28 03:00:00,10.43,
2024-11-28 03:15:00,10.44,
2024-11-28 03:30:00,10.45,
2024-11-28 03:45:00,10.48,
2024-11-28 04:00:00,10.49,
2024-11-28 04:15:00,10.5,
2024-11-28 04:30:00,10.51,
2024-11-28 04:45:00,10.51,
2024-11-28 05:00:00,10.54,
2024-11-28 05:15:00,10.55,
2024-11-28 05:30:00,10.56,
2024-11-28 05:45:00,10.57,
2024-11-28 06:00:00,10.58,
2024-11-28 06:15:00,10.58,
2024-11-28 06:30:00,10.6,
2024-11-28 06:45:00,10.61,
2024-11-28 07:00:00,10.61,
2024-11-28 07:15:00,10.63,
2024-11-28 07:30:00,10.63,
2024-11-28 07:45:00,10.64,
2024-11-28 08:00:00,10.65,
2024-11-28 08:15:00,10.66,
2024-11-28 08:30:00,10.66,
2024-11-28 08:45:00,10.68,
2024-11-28 09:00:00,10.71,
2024-11-28 09:15:00,10.76,
2024-11-28 09:30:00,10.8,
2024-11-28 09:45:00,10.85,
2024-11-28 10:00:00,10.9,
2024-11-28 10:15:00,10.98,
2024-11-28 10:30:00,11.08,
2024-11-28 10:45:00,11.17,
2024-11-28 11:00:00,11.28,
2024-11-28 11:15:00,11.35,
2024-11-28 11:30:00,11.41,
2024-11-28 11:45:00,11.44,
2024-11-28 12:00:00,11.47,
2024-11-28 12:15:00,11.47,
2024-11-28 12:30:00,11.5,
2024-11-28 12:45:00,11.52,
2024-11-28 13:00:00,11.49,
2024-11-28 13:15:00,11.52,
2024-11-28 13:30:00,11.52,
2024-11-28 13:45:00,11.51,
2024-11-28 14:00:00,11.48,
2024-11-28 14:15:00,11.46,
2024-11-28 14:30:00,11.46,
2024-11-28 14:45:00,11.42,
2024-11-28 15:00:00,11.36,
2024-11-28 15:15:00,11.32,
2024-11-28 15:30:00,11.36,
2024-11-28 15:45:00,11.37,
2024-11-28 16:00:00,11.35,
2024-11-28 16:15:00,11.33,
2024-11-28 16:30:00,11.29,
2024-11-28 16:45:00,11.24,
2024-11-28 17:00:00,11.18,
2024-11-28 17:15:00,11.11,
2024-11-28 17:30:00,11.02,
2024-11-28 17:45:00,10.94,
2024-11-28 18:00:00,10.85,
2024-11-28 18:15:00,10.79,
2024-11-28 18:30:00,10.72,
2024-11-28 18:45:00,10.68,
2024-11-28 19:00:00,10.65,
2024-11-28 19:15:00,10.62,
2024-11-28 19:30:00,10.61,
2024-11-28 19:45:00,10.62,
2024-11-28 20:00:00,10.6,
2024-11-28 20:15:00,10.61,
2024-11-28 20:30:00,10.62,
2024-11-28 20:45:00,10.63,
2024-11-28 21:00:00,10.64,
2024-11-28 21:15:00,10.64,
2024-11-28 21:30:00,10.66,
2024-11-28 21:45:00,10.68,
2024-11-28 22:00:00,10.69,
2024-11-28 22:15:00,10.69,
2024-11-28 22:30:00,10.71,
2024-11-28 22:45:00,10.71,
2024-11-28 23:00:00,10.73,
2024-11-28 23:15:00,10.75,
2024-11-28 23:30:00,10.75,
2024-11-28 23:45:00,10.77,
2024-11-29 00:00:00,10.79,
2024-11-29 00:15:00,10.8,
2024-11-29 00:30:00,10.81,
2024-11-29 00:45:00,10.82,
2024-11-29 01:00:00,10.83,
2024-11-29 01:15:00,10.84,
2024-11-29 01:30:00,10.84,
2024-11-29 01:45:00,10.87,
2024-11-29 02:00:00,10.88,
2024-11-29 02:15:00,10.89,
2024-11-29 02:30:00,10.9,
2024-11-29 02:45:00,10.91,
2024-11-29 03:00:00,10.92,
2024-11-29 03:15:00,10.95,
2024-11-29 03:30:00,10.96,
2024-11-29 03:45:00,10.97,
2024-11-29 04:00:00,10.97,
2024-11-29 04:15:00,10.98,
2024-11-29 04:30:00,11.0,
2024-11-29 04:45:00,11.01,
2024-11-29 05:00:00,11.02,
2024-11-29 05:15:00,11.02,
2024-11-29 05:30:00,11.03,
2024-11-29 05:45:00,11.04,
2024-11-29 06:00:00,11.05,
2024-11-29 06:15:00,11.06,
2024-11-29 06:30:00,11.08,
2024-11-29 06:45:00,11.08,
2024-11-29 07:00:00,11.09,
2024-11-29 07:15:00,11.11,
2024-11-29 07:30:00,11.12,
2024-11-29 07:45:00,11.14,
2024-11-29 08:00:00,11.15,
2024-11-29 08:15:00,11.15,
2024-11-29 08:30:00,11.16,
2024-11-29 08:45:00,11.18,
2024-11-29 09:00:00,11.21,
2024-11-29 09:15:00,11.24,
2024-11-29 09:30:00,11.29,
2024-11-29 09:45:00,11.35,
2024-11-29 10:00:00,11.42,
2024-11-29 10:15:00,11.5,
2024-11-29 10:30:00,11.6,
2024-11-29 10:45:00,11.65,
2024-11-29 11:00:00,11.72,
2024-11-29 11:15:00,11.77,
2024-11-29 11:30:00,11.79,
2024-11-29 11:45:00,11.86,
2024-11-29 12:00:00,11.88,
2024-11-29 12:15:00,11.9,
2024-11-29 12:30:00,11.91,
2024-11-29 12:45:00,11.93,
2024-11-29 13:00:00,11.92,
2024-11-29 13:15:00,11.92,
2024-11-29 13:30:00,11.88,
2024-11-29 13:45:00,11.88,
2024-11-29 14:00:00,11.85,
2024-11-29 14:15:00,11.84,
2024-11-29 14:30:00,11.81,
2024-11-29 14:45:00,11.78,
2024-11-29 15:00:00,11.75,
2024-11-29 15:15:00,11.73,
2024-11-29 15:30:00,11.68,
2024-11-29 15:45:00,11.65,
2024-11-29 16:00:00,11.61,
2024-11-29 16:15:00,11.59,
2024-11-29 16:30:00,11.53,
2024-11-29 16:45:00,11.49,
2024-11-29 17:00:00,11.45,
2024-11-29 17:15:00,11.38,
2024-11-29 17:30:00,11.33,
2024-11-29 17:45:00,11.27,
2024-11-29 18:00:00,11.19,
2024-11-29 18:15:00,11.13,
2024-11-29 18:30:00,11.06,
2024-11-29 18:45:00,11.01,
2024-11-29 19:00:00,10.98,
2024-11-29 19:15:00,10.95,
2024-11-29 19:30:00,10.94,
2024-11-29 19:45:00,10.95,
2024-11-29 20:00:00,10.96,
2024-11-29 20:15:00,10.97,
2024-11-29 20:30:00,10.98,
2024-11-29 20:45:00,10.99,
2024-11-29 21:00:00,11.0,
2024-11-29 21:15:00,11.01,
2024-11-29 21:30:00,11.02,
2024-11-29 21:45:00,11.04,
2024-11-29 22:00:00,11.05,
2024-11-29 22:15:00,11.07,
2024-11-29 22:30:00,11.07,
2024-11-29 22:45:00,11.08,
2024-11-29 23:00:00,11.11,
2024-11-29 23:15:00,11.11,
2024-11-29 23:30:00,11.11,
2024-11-29 23:45:00,11.13,
2024-11-30 00:00:00,11.13,
2024-11-30 00:15:00,11.15,
2024-11-30 00:30:00,11.15,
2024-11-30 00:45:00,11.16,
2024-11-30 01:00:00,11.17,
2024-11-30 01:15:00,11.18,
2024-11-30 01:30:00,11.18,
2024-11-30 01:45:00,11.19,
2024-11-30 02:00:00,11.19,
2024-11-30 02:15:00,11.21,
2024-11-30 02:30:00,11.2,
2024-11-30 02:45:00,11.21,
2024-11-30 03:00:00,11.24,
2024-11-30 03:15:00,11.23,
2024-11-30 03:30:00,11.24,
2024-11-30 03:45:00,11.26,
2024-11-30 04:00:00,11.29,
2024-11-30 04:15:00,11.27,
2024-11-30 04:30:00,11.29,
2024-11-30 04:45:00,11.31,
2024-11-30 05:00:00,11.32,
2024-11-30 05:15:00,11.35,
2024-11-30 05:30:00,11.35,
2024-11-30 05:45:00,11.36,
2024-11-30 06:00:00,11.35,
2024-11-30 06:15:00,11.36,
2024-11-30 06:30:00,11.38,
2024-11-30 06:45:00,11.39,
2024-11-30 07:00:00,11.4,
2024-11-30 07:15:00,11.4,
2024-11-30 07:30:00,11.41,
2024-11-30 07:45:00,11.41,
2024-11-30 08:00:00,11.41,
2024-11-30 08:15:00,11.42,
2024-11-30 08:30:00,11.42,
2024-11-30 08:45:00,11.43,
2024-11-30 09:00:00,11.46,
2024-11-30 09:15:00,11.5,
2024-11-30 09:30:00,11.54,
2024-11-30 09:45:00,11.57,
2024-11-30 10:00:00,11.63,
2024-11-30 10:15:00,11.7,
2024-11-30 10:30:00,11.77,
2024-11-30 10:45:00,11.82,
2024-11-30 11:00:00,11.89,
2024-11-30 11:15:00,11.96,
2024-11-30 11:30:00,11.97,
2024-11-30 11:45:00,12.03,
2024-11-30 12:00:00,12.06,
2024-11-30 12:15:00,12.08,
2024-11-30 12:30:00,12.11,
2024-11-30 12:45:00,12.1,
2024-11-30 13:00:00,12.09,
2024-11-30 13:15:00,12.09,
2024-11-30 13:30:00,12.08,
2024-11-30 13:45:00,12.08,
2024-11-30 14:00:00,12.06,
2024-11-30 14:15:00,12.05,
2024-11-30 14:30:00,12.02,
2024-11-30 14:45:00,12.0,
2024-11-30 15:00:00,11.96,
2024-11-30 15:15:00,11.93,
2024-11-30 15:30:00,11.91,
2024-11-30 15:45:00,11.88,
2024-11-30 16:00:00,11.85,
2024-11-30 16:15:00,11.79,
2024-11-30 16:30:00,11.72,
2024-11-30 16:45:00,11.66,
2024-11-30 17:00:00,11.6,
2024-11-30 17:15:00,11.53,
2024-11-30 17:30:00,11.48,
2024-11-30 17:45:00,11.41,
2024-11-30 18:00:00,11.33,
2024-11-30 18:15:00,11.24,
2024-11-30 18:30:00,11.17,
2024-11-30 18:45:00,11.11,
2024-11-30 19:00:00,11.06,
2024-11-30 19:15:00,11.05,
2024-11-30 19:30:00,11.03,
2024-11-30 19:45:00,11.01,
2024-11-30 20:00:00,11.01,
2024-11-30 20:15:00,11.02,
2024-11-30 20:30:00,11.02,
2024-11-30 20:45:00,11.03,
2024-11-30 21:00:00,11.04,
2024-11-30 21:15:00,11.04,
2024-11-30 21:30:00,11.05,
2024-11-30 21:45:00,11.06,
2024-11-30 22:00:00,11.07,
2024-11-30 22:15:00,11.06,
2024-11-30 22:30:00,11.09,
2024-11-30 22:45:00,11.09,
2024-11-30 23:00:00,11.1,
2024-11-30 23:15:00,11.1,
2024-11-30 23:30:00,11.11,
2024-11-30 23:45:00,11.1,
2024-12-01 00:00:00,11.11,
2024-12-01 00:15:00,11.12,
2024-12-01 00:30:00,11.13,
2024-12-01 00:45:00,11.13,
2024-12-01 01:00:00,11.13,
2024-12-01 01:15:00,11.14,
2024-12-01 01:30:00,11.14,
2024-12-01 01:45:00,11.15,
2024-12-01 02:00:00,11.15,
2024-12-01 02:15:00,11.15,
2024-12-01 02:30:00,11.18,
2024-12-01 02:45:00,11.18,
2024-12-01 03:00:00,11.19,
2024-12-01 03:15:00,11.2,
2024-12-01 03:30:00,11.2,
2024-12-01 03:45:00,11.21,
2024-12-01 04:00:00,11.22,
2024-12-01 04:15:00,11.23,
2024-12-01 04:30:00,11.25,
2024-12-01 04:45:00,11.23,
2024-12-01 05:00:00,11.26,
2024-12-01 05:15:00,11.27,
2024-12-01 05:30:00,11.26,
2024-12-01 05:45:00,11.27,
2024-12-01 06:00:00,11.29,
2024-12-01 06:15:00,11.27,
2024-12-01 06:30:00,11.27,
2024-12-01 06:45:00,11.3,
2024-12-01 07:00:00,11.29,
2024-12-01 07:15:00,11.3,
2024-12-01 07:30:00,11.3,
2024-12-01 07:45:00,11.29,
2024-12-01 08:00:00,11.29,
2024-12-01 08:15:00,11.29,
2024-12-01 08:30:00,11.31,
2024-12-01 08:45:00,11.3,
2024-12-01 09:00:00,11.33,
2024-12-01 09:15:00,11.36,
2024-12-01 09:30:00,11.4,
2024-12-01 09:45:00,11.44,
2024-12-01 10:00:00,11.5,
2024-12-01 10:15:00,11.58,
2024-12-01 10:30:00,11.63,
2024-12-01 10:45:00,11.69,
2024-12-01 11:00:00,11.76,
2024-12-01 11:15:00,11.81,
2024-12-01 11:30:00,11.84,
2024-12-01 11:45:00,11.89,
2024-12-01 12:00:00,11.93,
2024-12-01 12:15:00,11.93,
2024-12-01 12:30:00,11.96,
2024-12-01 12:45:00,11.97,
2024-12-01 13:00:00,11.97,
2024-12-01 13:15:00,11.95,
2024-12-01 13:30:00,11.95,
2024-12-01 13:45:00,11.94,
2024-12-01 14:00:00,11.92,
2024-12-01 14:15:00,11.9,
2024-12-01 14:30:00,11.86,
2024-12-01 14:45:00,11.83,
2024-12-01 15:00:00,11.79,
2024-12-01 15:15:00,11.75,
2024-12-01 15:30:00,11.71,
2024-12-01 15:45:00,11.66,
2024-12-01 16:00:00,11.62,
2024-12-01 16:15:00,11.58,
2024-12-01 16:30:00,11.52,
2024-12-01 16:45:00,11.48,
2024-12-01 17:00:00,11.42,
2024-12-01 17:15:00,11.37,
2024-12-01 17:30:00,11.31,
2024-12-01 17:45:00,11.23,
2024-12-01 18:00:00,11.16,
2024-12-01 18:15:00,11.1,
2024-12-01 18:30:00,11.03,
2024-12-01 18:45:00,10.99,
2024-12-01 19:00:00,10.96,
2024-12-01 19:15:00,10.94,
2024-12-01 19:30:00,10.94,
2024-12-01 19:45:00,10.95,
2024-12-01 20:00:00,10.94,
2024-12-01 20:15:00,10.95,
2024-12-01 20:30:00,10.98,
2024-12-01 20:45:00,10.97,
2024-12-01 21:00:00,11.0,
2024-12-01 21:15:00,11.02,
2024-12-01 21:30:00,11.03,
2024-12-01 21:45:00,11.03,
2024-12-01 22:00:00,11.04,
2024-12-01 22:15:00,11.05,
2024-12-01 22:30:00,11.06,
2024-12-01 22:45:00,11.06,
2024-12-01 23:00:00,11.07,
2024-12-01 23:15:00,11.07,
2024-12-01 23:30:00,11.07,
2024-12-01 23:45:00,11.08,
2024-12-02 00:00:00,11.08,
2024-12-02 00:15:00,11.08,
2024-12-02 00:30:00,11.08,
2024-12-02 00:45:00,11.1,
2024-12-02 01:00:00,11.1,
2024-12-02 01:15:00,11.1,
2024-12-02 01:30:00,11.11,
2024-12-02 01:45:00,11.11,
2024-12-02 02:00:00,11.11,
2024-12-02 02:15:00,11.12,
2024-12-02 02:30:00,11.12,
2024-12-02 02:45:00,11.13,
2024-12-02 03:00:00,11.14,
2024-12-02 03:15:00,11.14,
2024-12-02 03:30:00,11.15,
2024-12-02 03:45:00,11.15,
2024-12-02 04:00:00,11.16,
2024-12-02 04:15:00,11.17,
2024-12-02 04:30:00,11.17,
2024-12-02 04:45:00,11.18,
2024-12-02 05:00:00,11.16,
2024-12-02 05:15:00,11.18,
2024-12-02 05:30:00,11.17,
2024-12-02 05:45:00,11.18,
2024-12-02 06:00:00,11.19,
2024-12-02 06:15:00,11.19,
2024-12-02 06:30:00,11.19,
2024-12-02 06:45:00,11.19,
2024-12-02 07:00:00,11.21,
2024-12-02 07:15:00,11.21,
2024-12-02 07:30:00,11.21,
2024-12-02 07:45:00,11.21,
2024-12-02 08:00:00,11.21,
2024-12-02 08:15:00,11.22,
2024-12-02 08:30:00,11.22,
2024-12-02 08:45:00,11.23,
2024-12-02 09:00:00,11.25,
2024-12-02 09:15:00,11.27,
2024-12-02 09:30:00,11.31,
2024-12-02 09:45:00,11.35,
2024-12-02 10:00:00,11.41,
2024-12-02 10:15:00,11.48,
2024-12-02 10:30:00,11.54,
2024-12-02 10:45:00,11.58,
2024-12-02 11:00:00,11.64,
2024-12-02 11:15:00,11.69,
2024-12-02 11:30:00,11.72,
2024-12-02 11:45:00,11.77,
2024-12-02 12:00:00,11.8,
2024-12-02 12:15:00,11.84,
2024-12-02 12:30:00,11.86,
2024-12-02 12:45:00,11.88,
2024-12-02 13:00:00,11.87,
2024-12-02 13:15:00,11.88,
2024-12-02 13:30:00,11.87,
2024-12-02 13:45:00,11.82,
2024-12-02 14:00:00,11.81,
2024-12-02 14:15:00,11.8,
2024-12-02 14:30:00,11.79,
2024-12-02 14:45:00,11.76,
2024-12-02 15:00:00,11.71,
2024-12-02 15:15:00,11.67,
2024-12-02 15:30:00,11.62,
2024-12-02 15:45:00,11.57,
2024-12-02 16:00:00,11.53,
2024-12-02 16:15:00,11.44,
2024-12-02 16:30:00,11.39,
2024-12-02 16:45:00,11.36,
2024-12-02 17:00:00,11.31,
2024-12-02 17:15:00,11.25,
2024-12-02 17:30:00,11.18,
2024-12-02 17:45:00,11.11,
2024-12-02 18:00:00,11.04,
2024-12-02 18:15:00,10.99,
2024-12-02 18:30:00,10.92,
2024-12-02 18:45:00,10.87,
2024-12-02 19:00:00,10.83,
2024-12-02 19:15:00,10.81,
2024-12-02 19:30:00,10.8,
2024-12-02 19:45:00,10.79,
2024-12-02 20:00:00,10.79,
2024-12-02 20:15:00,10.81,
2024-12-02 20:30:00,10.82,
2024-12-02 20:45:00,10.84,
2024-12-02 21:00:00,10.83,
2024-12-02 21:15:00,10.85,
2024-12-02 21:30:00,10.86,
2024-12-02 21:45:00,10.87,
2024-12-02 22:00:00,10.87,
2024-12-02 22:15:00,10.88,
2024-12-02 22:30:00,10.88,
2024-12-02 22:45:00,10.9,
2024-12-02 23:00:00,10.89,
2024-12-02 23:15:00,10.9,
2024-12-02 23:30:00,10.91,
2024-12-02 23:45:00,10.9,
2024-12-03 00:00:00,10.91,
2024-12-03 00:15:00,10.9,
2024-12-03 00:30:00,10.9,
2024-12-03 00:45:00,10.92,
2024-12-03 01:00:00,10.9,
2024-12-03 01:15:00,10.91,
2024-12-03 01:30:00,10.9,
2024-12-03 01:45:00,10.91,
2024-12-03 02:00:00,10.92,
2024-12-03 02:15:00,10.92,
2024-12-03 02:30:00,10.92,
2024-12-03 02:45:00,10.92,
2024-12-03 03:00:00,10.93,
2024-12-03 03:15:00,10.94,
2024-12-03 03:30:00,10.92,
2024-12-03 03:45:00,10.93,
2024-12-03 04:00:00,10.95,
2024-12-03 04:15:00,10.95,
2024-12-03 04:30:00,10.96,
2024-12-03 04:45:00,10.96,
2024-12-03 05:00:00,10.96,
2024-12-03 05:15:00,10.97,
2024-12-03 05:30:00,10.98,
2024-12-03 05:45:00,10.98,
2024-12-03 06:00:00,10.99,
2024-12-03 06:15:00,10.99,
2024-12-03 06:30:00,11.0,
2024-12-03 06:45:00,10.99,
2024-12-03 07:00:00,11.0,
2024-12-03 07:15:00,11.0,
2024-12-03 07:30:00,11.0,
2024-12-03 07:45:00,11.0,
2024-12-03 08:00:00,11.0,
2024-12-03 08:15:00,11.0,
2024-12-03 08:30:00,11.0,
2024-12-03 08:45:00,11.01,
2024-12-03 09:00:00,11.02,
2024-12-03 09:15:00,11.05,
2024-12-03 09:30:00,11.09,
2024-12-03 09:45:00,11.13,
2024-12-03 10:00:00,11.19,
2024-12-03 10:15:00,11.26,
2024-12-03 10:30:00,11.34,
2024-12-03 10:45:00,11.41,
2024-12-03 11:00:00,11.47,
2024-12-03 11:15:00,11.52,
2024-12-03 11:30:00,11.57,
2024-12-03 11:45:00,11.59,
2024-12-03 12:00:00,11.66,
2024-12-03 12:15:00,11.69,
2024-12-03 12:30:00,11.7,
2024-12-03 12:45:00,11.74,
2024-12-03 13:00:00,11.79,
2024-12-03 13:15:00,11.79,
2024-12-03 13:30:00,11.78,
2024-12-03 13:45:00,11.76,
2024-12-03 14:00:00,11.76,
2024-12-03 14:15:00,11.71,
2024-12-03 14:30:00,11.71,
2024-12-03 14:45:00,11.67,
2024-12-03 15:00:00,11.63,
2024-12-03 15:15:00,11.58,
2024-12-03 15:30:00,11.53,
2024-12-03 15:45:00,11.49,
2024-12-03 16:00:00,11.44,
2024-12-03 16:15:00,11.38,
2024-12-03 16:30:00,11.32,
2024-12-03 16:45:00,11.26,
2024-12-03 17:00:00,11.21,
2024-12-03 17:15:00,11.13,
2024-12-03 17:30:00,11.07,
2024-12-03 17:45:00,11.0,
2024-12-03 18:00:00,10.92,
2024-12-03 18:15:00,10.84,
2024-12-03 18:30:00,10.78,
2024-12-03 18:45:00,10.74,
2024-12-03 19:00:00,10.71,
2024-12-03 19:15:00,10.7,
2024-12-03 19:30:00,10.68,
2024-12-03 19:45:00,10.7,
2024-12-03 20:00:00,10.7,
2024-12-03 20:15:00,10.71,
2024-12-03 20:30:00,10.73,
2024-12-03 20:45:00,10.74,
2024-12-03 21:00:00,10.76,
2024-12-03 21:15:00,10.77,
2024-12-03 21:30:00,10.79,
2024-12-03 21:45:00,10.79,
2024-12-03 22:00:00,10.81,
2024-12-03 22:15:00,10.82,
2024-12-03 22:30:00,10.83,
2024-12-03 22:45:00,10.83,
2024-12-03 23:00:00,10.83,
2024-12-03 23:15:00,10.83,
2024-12-03 23:30:00,10.84,
2024-12-03 23:45:00,10.83,
2024-12-04 00:00:00,10.84,
2024-12-04 00:15:00,10.85,
2024-12-04 00:30:00,10.85,
2024-12-04 00:45:00,10.86,
2024-12-04 01:00:00,10.86,
2024-12-04 01:15:00,10.86,
2024-12-04 01:30:00,10.86,
2024-12-04 01:45:00,10.88,
2024-12-04 02:00:00,10.89,
2024-12-04 02:15:00,10.88,
2024-12-04 02:30:00,10.88,
2024-12-04 02:45:00,10.89,
2024-12-04 03:00:00,10.89,
2024-12-04 03:15:00,10.91,
2024-12-04 03:30:00,10.92,
2024-12-04 03:45:00,10.93,
2024-12-04 04:00:00,10.92,
2024-12-04 04:15:00,10.94,
2024-12-04 04:30:00,10.95,
2024-12-04 04:45:00,10.94,
2024-12-04 05:00:00,10.96,
2024-12-04 05:15:00,10.96,
2024-12-04 05:30:00,10.95,
2024-12-04 05:45:00,10.98,
2024-12-04 06:00:00,10.97,
2024-12-04 06:15:00,10.99,
2024-12-04 06:30:00,10.99,
2024-12-04 06:45:00,11.0,
2024-12-04 07:00:00,11.0,
2024-12-04 07:15:00,11.01,
2024-12-04 07:30:00,11.0,
2024-12-04 07:45:00,10.99,
2024-12-04 08:00:00,11.01,
2024-12-04 08:15:00,11.01,
2024-12-04 08:30:00,11.02,
2024-12-04 08:45:00,11.03,
2024-12-04 09:00:00,11.05,
2024-12-04 09:15:00,11.07,
2024-12-04 09:30:00,11.12,
2024-12-04 09:45:00,11.18,
2024-12-04 10:00:00,11.24,
2024-12-04 10:15:00,11.32,
2024-12-04 10:30:00,11.41,
2024-12-04 10:45:00,11.46,
2024-12-04 11:00:00,11.52,
2024-12-04 11:15:00,11.6,
2024-12-04 11:30:00,11.66,
2024-12-04 11:45:00,11.7,
2024-12-04 12:00:00,11.74,
2024-12-04 12:15:00,11.77,
2024-12-04 12:30:00,11.81,
2024-12-04 12:45:00,11.82,
2024-12-04 13:00:00,11.83,
2024-12-04 13:15:00,11.81,
2024-12-04 13:30:00,11.82,
2024-12-04 13:45:00,11.79,
2024-12-04 14:00:00,11.79,
2024-12-04 14:15:00,11.74,
2024-12-04 14:30:00,11.7,
2024-12-04 14:45:00,11.68,
2024-12-04 15:00:00,11.62,
2024-12-04 15:15:00,11.59,
2024-12-04 15:30:00,11.55,
2024-12-04 15:45:00,11.5,
2024-12-04 16:00:00,11.45,
2024-12-04 16:15:00,11.38,
2024-12-04 16:30:00,11.33,
2024-12-04 16:45:00,11.27,
2024-12-04 17:00:00,11.23,
2024-12-04 17:15:00,11.17,
2024-12-04 17:30:00,11.09,
2024-12-04 17:45:00,11.01,
2024-12-04 18:00:00,10.93,
2024-12-04 18:15:00,10.84,
2024-12-04 18:30:00,10.78,
2024-12-04 18:45:00,10.72,
2024-12-04 19:00:00,10.7,
2024-12-04 19:15:00,10.7,
2024-12-04 19:30:00,10.69,
2024-12-04 19:45:00,10.7,
2024-12-04 20:00:00,10.72,
2024-12-04 20:15:00,10.74,
2024-12-04 20:30:00,10.74,
2024-12-04 20:45:00,10.77,
2024-12-04 21:00:00,10.79,
2024-12-04 21:15:00,10.8,
2024-12-04 21:30:00,10.82,
2024-12-04 21:45:00,10.83,
2024-12-04 22:00:00,10.84,
2024-12-04 22:15:00,10.85,
2024-12-04 22:30:00,10.85,
2024-12-04 22:45:00,10.86,
2024-12-04 23:00:00,10.87,
2024-12-04 23:15:00,10.88,
2024-12-04 23:30:00,10.88,
2024-12-04 23:45:00,10.89,
2024-12-05 00:00:00,10.9,
2024-12-05 00:15:00,10.9,
2024-12-05 00:30:00,10.9,
2024-12-05 00:45:00,10.91,
2024-12-05 01:00:00,10.93,
2024-12-05 01:15:00,10.92,
2024-12-05 01:30:00,10.94,
2024-12-05 01:45:00,10.94,
2024-12-05 02:00:00,10.94,
2024-12-05 02:15:00,10.95,
2024-12-05 02:30:00,10.96,
2024-12-05 02:45:00,10.96,
2024-12-05 03:00:00,10.96,
2024-12-05 03:15:00,10.99,
2024-12-05 03:30:00,10.98,
2024-12-05 03:45:00,10.99,
2024-12-05 04:00:00,10.99,
2024-12-05 04:15:00,11.01,
2024-12-05 04:30:00,11.01,
2024-12-05 04:45:00,11.01,
2024-12-05 05:00:00,11.03,
2024-12-05 05:15:00,11.03,
2024-12-05 05:30:00,11.04,
2024-12-05 05:45:00,11.05,
2024-12-05 06:00:00,11.05,
2024-12-05 06:15:00,11.05,
2024-12-05 06:30:00,11.05,
2024-12-05 06:45:00,11.06,
2024-12-05 07:00:00,11.08,
2024-12-05 07:15:00,11.08,
2024-12-05 07:30:00,11.07,
2024-12-05 07:45:00,11.07,
2024-12-05 08:00:00,11.08,
2024-12-05 08:15:00,11.09,
2024-12-05 08:30:00,11.1,
2024-12-05 08:45:00,11.1,
2024-12-05 09:00:00,11.12,
2024-12-05 09:15:00,11.15,
2024-12-05 09:30:00,11.2,
2024-12-05 09:45:00,11.26,
2024-12-05 10:00:00,11.33,
2024-12-05 10:15:00,11.41,
2024-12-05 10:30:00,11.48,
2024-12-05 10:45:00,11.55,
2024-12-05 11:00:00,11.63,
2024-12-05 11:15:00,11.69,
2024-12-05 11:30:00,11.73,
2024-12-05 11:45:00,11.78,
2024-12-05 12:00:00,11.83,
2024-12-05 12:15:00,11.86,
2024-12-05 12:30:00,11.88,
2024-12-05 12:45:00,11.9,
2024-12-05 13:00:00,11.91,
2024-12-05 13:15:00,11.91,
2024-12-05 13:30:00,11.89,
2024-12-05 13:45:00,11.86,
2024-12-05 14:00:00,11.86,
2024-12-05 14:15:00,11.83,
2024-12-05 14:30:00,11.8,
2024-12-05 14:45:00,11.75,
2024-12-05 15:00:00,11.73,
2024-12-05 15:15:00,11.69,
2024-12-05 15:30:00,11.65,
2024-12-05 15:45:00,11.61,
2024-12-05 16:00:00,11.56,
2024-12-05 16:15:00,11.49,
2024-12-05 16:30:00,11.44,
2024-12-05 16:45:00,11.37,
2024-12-05 17:00:00,11.3,
2024-12-05 17:15:00,11.24,
2024-12-05 17:30:00,11.18,
2024-12-05 17:45:00,11.1,
2024-12-05 18:00:00,11.01,
2024-12-05 18:15:00,10.94,
2024-12-05 18:30:00,10.89,
2024-12-05 18:45:00,10.85,
2024-12-05 19:00:00,10.82,
2024-12-05 19:15:00,10.81,
2024-12-05 19:30:00,10.8,
2024-12-05 19:45:00,10.81,
2024-12-05 20:00:00,10.81,
2024-12-05 20:15:00,10.83,
2024-12-05 20:30:00,10.84,
2024-12-05 20:45:00,10.86,
2024-12-05 21:00:00,10.88,
2024-12-05 21:15:00,10.9,
2024-12-05 21:30:00,10.91,
2024-12-05 21:45:00,10.93,
2024-12-05 22:00:00,10.93,
2024-12-05 22:15:00,10.94,
2024-12-05 22:30:00,10.95,
2024-12-05 22:45:00,10.97,
2024-12-05 23:00:00,10.97,
2024-12-05 23:15:00,10.97,
2024-12-05 23:30:00,10.97,
2024-12-05 23:45:00,10.98,
2024-12-06 00:00:00,10.99,
2024-12-06 00:15:00,10.99,
2024-12-06 00:30:00,11.0,
2024-12-06 00:45:00,11.01,
2024-12-06 01:00:00,11.01,
2024-12-06 01:15:00,11.02,
2024-12-06 01:30:00,11.02,
2024-12-06 01:45:00,11.03,
2024-12-06 02:00:00,11.04,
2024-12-06 02:15:00,11.04,
2024-12-06 02:30:00,11.04,
2024-12-06 02:45:00,11.05,
2024-12-06 03:00:00,11.06,
2024-12-06 03:15:00,11.07,
2024-12-06 03:30:00,11.08,
2024-12-06 03:45:00,11.08,
2024-12-06 04:00:00,11.09,
2024-12-06 04:15:00,11.1,
2024-12-06 04:30:00,11.1,
2024-12-06 04:45:00,11.12,
2024-12-06 05:00:00,11.12,
2024-12-06 05:15:00,11.13,
2024-12-06 05:30:00,11.14,
2024-12-06 05:45:00,11.15,
2024-12-06 06:00:00,11.16,
2024-12-06 06:15:00,11.17,
2024-12-06 06:30:00,11.17,
2024-12-06 06:45:00,11.18,
2024-12-06 07:00:00,11.18,
2024-12-06 07:15:00,11.19,
2024-12-06 07:30:00,11.19,
2024-12-06 07:45:00,11.2,
2024-12-06 08:00:00,11.2,
2024-12-06 08:15:00,11.2,
2024-12-06 08:30:00,11.2,
2024-12-06 08:45:00,11.2,
2024-12-06 09:00:00,11.23,
2024-12-06 09:15:00,11.26,
2024-12-06 09:30:00,11.28,
2024-12-06 09:45:00,11.35,
2024-12-06 10:00:00,11.41,
2024-12-06 10:15:00,11.48,
2024-12-06 10:30:00,11.56,
2024-12-06 10:45:00,11.64,
2024-12-06 11:00:00,11.72,
2024-12-06 11:15:00,11.78,
2024-12-06 11:30:00,11.83,
2024-12-06 11:45:00,11.87,
2024-12-06 12:00:00,11.91,
2024-12-06 12:15:00,11.95,
2024-12-06 12:30:00,11.97,
2024-12-06 12:45:00,11.98,
2024-12-06 13:00:00,11.99,
2024-12-06 13:15:00,11.99,
2024-12-06 13:30:00,11.98,
2024-12-06 13:45:00,11.96,
2024-12-06 14:00:00,11.94,
2024-12-06 14:15:00,11.92,
2024-12-06 14:30:00,11.89,
2024-12-06 14:45:00,11.85,
2024-12-06 15:00:00,11.82,
2024-12-06 15:15:00,11.78,
2024-12-06 15:30:00,11.72,
2024-12-06 15:45:00,11.69,
2024-12-06 16:00:00,11.63,
2024-12-06 16:15:00,11.58,
2024-12-06 16:30:00,11.52,
2024-12-06 16:45:00,11.47,
2024-12-06 17:00:00,11.39,
2024-12-06 17:15:00,11.32,
2024-12-06 17:30:00,11.27,
2024-12-06 17:45:00,11.2,
2024-12-06 18:00:00,11.12,
2024-12-06 18:15:00,11.04,
2024-12-06 18:30:00,10.99,
2024-12-06 18:45:00,10.94,
2024-12-06 19:00:00,10.91,
2024-12-06 19:15:00,10.89,
2024-12-06 19:30:00,10.89,
2024-12-06 19:45:00,10.9,
2024-12-06 20:00:00,10.91,
2024-12-06 20:15:00,10.92,
2024-12-06 20:30:00,10.93,
2024-12-06 20:45:00,10.93,
2024-12-06 21:00:00,10.94,
2024-12-06 21:15:00,10.96,
2024-12-06 21:30:00,10.99,
2024-12-06 21:45:00,10.99,
2024-12-06 22:00:00,11.01,
2024-12-06 22:15:00,11.01,
2024-12-06 22:30:00,11.02,
2024-12-06 22:45:00,11.03,
2024-12-06 23:00:00,11.03,
2024-12-06 23:15:00,11.04,
2024-12-06 23:30:00,11.05,
2024-12-06 23:45:00,11.05,
2024-12-07 00:00:00,11.05,
2024-12-07 00:15:00,11.06,
2024-12-07 00:30:00,11.07,
2024-12-07 00:45:00,11.06,
2024-12-07 01:00:00,11.07,
2024-12-07 01:15:00,11.08,
2024-12-07 01:30:00,11.08,
2024-12-07 01:45:00,11.08,
2024-12-07 02:00:00,11.08,
2024-12-07 02:15:00,11.09,
2024-12-07 02:30:00,11.1,
2024-12-07 02:45:00,11.11,
2024-12-07 03:00:00,11.11,
2024-12-07 03:15:00,11.11,
2024-12-07 03:30:00,11.12,
2024-12-07 03:45:00,11.12,
2024-12-07 04:00:00,11.12,
2024-12-07 04:15:00,11.13,
2024-12-07 04:30:00,11.13,
2024-12-07 04:45:00,11.14,
2024-12-07 05:00:00,11.14,
2024-12-07 05:15:00,11.15,
2024-12-07 05:30:00,11.16,
2024-12-07 05:45:00,11.17,
2024-12-07 06:00:00,11.16,
2024-12-07 06:15:00,11.17,
2024-12-07 06:30:00,11.19,
2024-12-07 06:45:00,11.18,
2024-12-07 07:00:00,11.18,
2024-12-07 07:15:00,11.19,
2024-12-07 07:30:00,11.2,
2024-12-07 07:45:00,11.2,
2024-12-07 08:00:00,11.21,
2024-12-07 08:15:00,11.21,
2024-12-07 08:30:00,11.21,
2024-12-07 08:45:00,11.21,
2024-12-07 09:00:00,11.24,
2024-12-07 09:15:00,11.26,
2024-12-07 09:30:00,11.31,
2024-12-07 09:45:00,11.37,
2024-12-07 10:00:00,11.43,
2024-12-07 10:15:00,11.51,
2024-12-07 10:30:00,11.58,
2024-12-07 10:45:00,11.65,
2024-12-07 11:00:00,11.71,
2024-12-07 11:15:00,11.78,
2024-12-07 11:30:00,11.83,
2024-12-07 11:45:00,11.87,
2024-12-07 12:00:00,11.91,
2024-12-07 12:15:00,11.95,
2024-12-07 12:30:00,11.99,
2024-12-07 12:45:00,12.01,
2024-12-07 13:00:00,12.03,
2024-12-07 13:15:00,12.03,
2024-12-07 13:30:00,12.05,
2024-12-07 13:45:00,12.05,
2024-12-07 14:00:00,12.06,
2024-12-07 14:15:00,12.04,
2024-12-07 14:30:00,12.01,
2024-12-07 14:45:00,11.96,
2024-12-07 15:00:00,11.89,
2024-12-07 15:15:00,11.84,
2024-12-07 15:30:00,11.8,
2024-12-07 15:45:00,11.75,
2024-12-07 16:00:00,11.68,
2024-12-07 16:15:00,11.62,
2024-12-07 16:30:00,11.55,
2024-12-07 16:45:00,11.51,
2024-12-07 17:00:00,11.45,
2024-12-07 17:15:00,11.42,
2024-12-07 17:30:00,11.35,
2024-12-07 17:45:00,11.27,
2024-12-07 18:00:00,11.18,
2024-12-07 18:15:00,11.08,
2024-12-07 18:30:00,10.99,
2024-12-07 18:45:00,10.92,
2024-12-07 19:00:00,10.88,
2024-12-07 19:15:00,10.84,
2024-12-07 19:30:00,10.82,
2024-12-07 19:45:00,10.8,
2024-12-07 20:00:00,10.79,
2024-12-07 20:15:00,10.79,
2024-12-07 20:30:00,10.79,
2024-12-07 20:45:00,10.79,
2024-12-07 21:00:00,10.81,
2024-12-07 21:15:00,10.82,
2024-12-07 21:30:00,10.83,
2024-12-07 21:45:00,10.84,
2024-12-07 22:00:00,10.85,
2024-12-07 22:15:00,10.85,
2024-12-07 22:30:00,10.85,
2024-12-07 22:45:00,10.86,
2024-12-07 23:00:00,10.86,
2024-12-07 23:15:00,10.86,
2024-12-07 23:30:00,10.87,
2024-12-07 23:45:00,10.86,
2024-12-08 00:00:00,10.87,
2024-12-08 00:15:00,10.86,
2024-12-08 00:30:00,10.87,
2024-12-08 00:45:00,10.87,
2024-12-08 01:00:00,10.87,
2024-12-08 01:15:00,10.85,
2024-12-08 01:30:00,10.86,
2024-12-08 01:45:00,10.86,
2024-12-08 02:00:00,10.86,
2024-12-08 02:15:00,10.86,
2024-12-08 02:30:00,10.86,
2024-12-08 02:45:00,10.86,
2024-12-08 03:00:00,10.87,
2024-12-08 03:15:00,10.86,
2024-12-08 03:30:00,10.86,
2024-12-08 03:45:00,10.86,
2024-12-08 04:00:00,10.87,
2024-12-08 04:15:00,10.86,
2024-12-08 04:30:00,10.87,
2024-12-08 04:45:00,10.86,
2024-12-08 05:00:00,10.86,
2024-12-08 05:15:00,10.86,
2024-12-08 05:30:00,10.85,
2024-12-08 05:45:00,10.84,
2024-12-08 06:00:00,10.84,
2024-12-08 06:15:00,10.84,
2024-12-08 06:30:00,10.83,
2024-12-08 06:45:00,10.81,
2024-12-08 07:00:00,10.81,
2024-12-08 07:15:00,10.79,
2024-12-08 07:30:00,10.78,
2024-12-08 07:45:00,10.78,
2024-12-08 08:00:00,10.78,
2024-12-08 08:15:00,10.78,
2024-12-08 08:30:00,10.77,
2024-12-08 08:45:00,10.77,
2024-12-08 09:00:00,10.78,
2024-12-08 09:15:00,10.81,
2024-12-08 09:30:00,10.86,
2024-12-08 09:45:00,10.9,
2024-12-08 10:00:00,10.96,
2024-12-08 10:15:00,11.0,
2024-12-08 10:30:00,11.06,
2024-12-08 10:45:00,11.13,
2024-12-08 11:00:00,11.22,
2024-12-08 11:15:00,11.33,
2024-12-08 11:30:00,11.4,
2024-12-08 11:45:00,11.48,
2024-12-08 12:00:00,11.53,
2024-12-08 12:15:00,11.57,
2024-12-08 12:30:00,11.6,
2024-12-08 12:45:00,11.65,
2024-12-08 13:00:00,11.66,
2024-12-08 13:15:00,11.68,
2024-12-08 13:30:00,11.68,
2024-12-08 13:45:00,11.69,
2024-12-08 14:00:00,11.67,
2024-12-08 14:15:00,11.65,
2024-12-08 14:30:00,11.63,
2024-12-08 14:45:00,11.6,
2024-12-08 15:00:00,11.52,
2024-12-08 15:15:00,11.44,
2024-12-08 15:30:00,11.39,
2024-12-08 15:45:00,11.28,
2024-12-08 16:00:00,11.23,
2024-12-08 16:15:00,11.17,
2024-12-08 16:30:00,11.08,
2024-12-08 16:45:00,11.02,
2024-12-08 17:00:00,10.96,
2024-12-08 17:15:00,10.9,
2024-12-08 17:30:00,10.82,
2024-12-08 17:45:00,10.75,
2024-12-08 18:00:00,10.69,
2024-12-08 18:15:00,10.62,
2024-12-08 18:30:00,10.56,
2024-12-08 18:45:00,10.51,
2024-12-08 19:00:00,10.47,
2024-12-08 19:15:00,10.45,
2024-12-08 19:30:00,10.43,
2024-12-08 19:45:00,10.43,
2024-12-08 20:00:00,10.41,
2024-12-08 20:15:00,10.41,
2024-12-08 20:30:00,10.43,
2024-12-08 20:45:00,10.42,
2024-12-08 21:00:00,10.44,
2024-12-08 21:15:00,10.45,
2024-12-08 21:30:00,10.45,
2024-12-08 21:45:00,10.47,
2024-12-08 22:00:00,10.48,
2024-12-08 22:15:00,10.5,
2024-12-08 22:30:00,10.52,
2024-12-08 22:45:00,10.54,
2024-12-08 23:00:00,10.55,
2024-12-08 23:15:00,10.56,
2024-12-08 23:30:00,10.57,
2024-12-08 23:45:00,10.59,
2024-12-09 00:00:00,10.6,
2024-12-09 00:15:00,10.61,
2024-12-09 00:30:00,10.63,
2024-12-09 00:45:00,10.64,
2024-12-09 01:00:00,10.66,
2024-12-09 01:15:00,10.67,
2024-12-09 01:30:00,10.68,
2024-12-09 01:45:00,10.7,
2024-12-09 02:00:00,10.7,
2024-12-09 02:15:00,10.72,
2024-12-09 02:30:00,10.73,
2024-12-09 02:45:00,10.73,
2024-12-09 03:00:00,10.75,
2024-12-09 03:15:00,10.75,
2024-12-09 03:30:00,10.77,
2024-12-09 03:45:00,10.77,
2024-12-09 04:00:00,10.79,
2024-12-09 04:15:00,10.79,
2024-12-09 04:30:00,10.79,
2024-12-09 04:45:00,10.81,
2024-12-09 05:00:00,10.81,
2024-12-09 05:15:00,10.82,
2024-12-09 05:30:00,10.83,
2024-12-09 05:45:00,10.86,
2024-12-09 06:00:00,10.87,
2024-12-09 06:15:00,10.88,
2024-12-09 06:30:00,10.89,
2024-12-09 06:45:00,10.89,
2024-12-09 07:00:00,10.91,
2024-12-09 07:15:00,10.92,
2024-12-09 07:30:00,10.92,
2024-12-09 07:45:00,10.92,
2024-12-09 08:00:00,10.92,
2024-12-09 08:15:00,10.93,
2024-12-09 08:30:00,10.93,
2024-12-09 08:45:00,10.93,
2024-12-09 09:00:00,10.95,
2024-12-09 09:15:00,10.98,
2024-12-09 09:30:00,11.02,
2024-12-09 09:45:00,11.09,
2024-12-09 10:00:00,11.14,
2024-12-09 10:15:00,11.25,
2024-12-09 10:30:00,11.36,
2024-12-09 10:45:00,11.48,
2024-12-09 11:00:00,11.56,
2024-12-09 11:15:00,11.66,
2024-12-09 11:30:00,11.73,
2024-12-09 11:45:00,11.75,
2024-12-09 12:00:00,11.8,
2024-12-09 12:15:00,11.86,
2024-12-09 12:30:00,11.93,
2024-12-09 12:45:00,11.98,
2024-12-09 13:00:00,11.97,
2024-12-09 13:15:00,11.97,
2024-12-09 13:30:00,11.97,
2024-12-09 13:45:00,11.99,
2024-12-09 14:00:00,11.96,
2024-12-09 14:15:00,11.94,
2024-12-09 14:30:00,11.93,
2024-12-09 14:45:00,11.91,
2024-12-09 15:00:00,11.89,
2024-12-09 15:15:00,11.89,
2024-12-09 15:30:00,11.83,
2024-12-09 15:45:00,11.77,
2024-12-09 16:00:00,11.71,
2024-12-09 16:15:00,11.63,
2024-12-09 16:30:00,11.58,
2024-12-09 16:45:00,11.54,
2024-12-09 17:00:00,11.45,
2024-12-09 17:15:00,11.38,
2024-12-09 17:30:00,11.3,
2024-12-09 17:45:00,11.22,
2024-12-09 18:00:00,11.12,
2024-12-09 18:15:00,11.03,
2024-12-09 18:30:00,10.95,
2024-12-09 18:45:00,10.89,
2024-12-09 19:00:00,10.85,
2024-12-09 19:15:00,10.83,
2024-12-09 19:30:00,10.81,
2024-12-09 19:45:00,10.79,
2024-12-09 20:00:00,10.79,
2024-12-09 20:15:00,10.79,
2024-12-09 20:30:00,10.8,
2024-12-09 20:45:00,10.8,
2024-12-09 21:00:00,10.81,
2024-12-09 21:15:00,10.82,
2024-12-09 21:30:00,10.83,
2024-12-09 21:45:00,10.85,
2024-12-09 22:00:00,10.88,
2024-12-09 22:15:00,10.9,
2024-12-09 22:30:00,10.91,
2024-12-09 22:45:00,10.93,
2024-12-09 23:00:00,10.94,
2024-12-09 23:15:00,10.97,
2024-12-09 23:30:00,10.98,
2024-12-09 23:45:00,10.99,
2024-12-10 00:00:00,11.01,
2024-12-10 00:15:00,11.02,
2024-12-10 00:30:00,11.03,
2024-12-10 00:45:00,11.05,
2024-12-10 01:00:00,11.07,
2024-12-10 01:15:00,11.07,
2024-12-10 01:30:00,11.09,
2024-12-10 01:45:00,11.11,
2024-12-10 02:00:00,11.12,
2024-12-10 02:15:00,11.13,
2024-12-10 02:30:00,11.13,
2024-12-10 02:45:00,11.15,
2024-12-10 03:00:00,11.16,
2024-12-10 03:15:00,11.17,
2024-12-10 03:30:00,11.18,
2024-12-10 03:45:00,11.2,
2024-12-10 04:00:00,11.21,
2024-12-10 04:15:00,11.22,
2024-12-10 04:30:00,11.23,
2024-12-10 04:45:00,11.24,
2024-12-10 05:00:00,11.24,
2024-12-10 05:15:00,11.26,
2024-12-10 05:30:00,11.25,
2024-12-10 05:45:00,11.27,
2024-12-10 06:00:00,11.28,
2024-12-10 06:15:00,11.29,
2024-12-10 06:30:00,11.3,
2024-12-10 06:45:00,11.3,
2024-12-10 07:00:00,11.32,
2024-12-10 07:15:00,11.31,
2024-12-10 07:30:00,11.32,
2024-12-10 07:45:00,11.33,
2024-12-10 08:00:00,11.36,
2024-12-10 08:15:00,11.35,
2024-12-10 08:30:00,11.36,
2024-12-10 08:45:00,11.39,
2024-12-10 09:00:00,11.41,
2024-12-10 09:15:00,11.45,
2024-12-10 09:30:00,11.47,
2024-12-10 09:45:00,11.53,
2024-12-10 10:00:00,11.6,
2024-12-10 10:15:00,11.7,
2024-12-10 10:30:00,11.78,
2024-12-10 10:45:00,11.88,
2024-12-10 11:00:00,11.95,
2024-12-10 11:15:00,12.0,
2024-12-10 11:30:00,12.06,
2024-12-10 11:45:00,12.11,
2024-12-10 12:00:00,12.16,
2024-12-10 12:15:00,12.2,
2024-12-10 12:30:00,12.22,
2024-12-10 12:45:00,12.26,
2024-12-10 13:00:00,12.28,
2024-12-10 13:15:00,12.27,
2024-12-10 13:30:00,12.28,
2024-12-10 13:45:00,12.27,
2024-12-10 14:00:00,12.25,
2024-12-10 14:15:00,12.2,
2024-12-10 14:30:00,12.18,
2024-12-10 14:45:00,12.18,
2024-12-10 15:00:00,12.12,
2024-12-10 15:15:00,12.05,
2024-12-10 15:30:00,12.02,
2024-12-10 15:45:00,12.01,
2024-12-10 16:00:00,11.94,
2024-12-10 16:15:00,11.88,
2024-12-10 16:30:00,11.83,
2024-12-10 16:45:00,11.76,
2024-12-10 17:00:00,11.72,
2024-12-10 17:15:00,11.67,
2024-12-10 17:30:00,11.59,
2024-12-10 17:45:00,11.51,
2024-12-10 18:00:00,11.4,
2024-12-10 18:15:00,11.32,
2024-12-10 18:30:00,11.22,
2024-12-10 18:45:00,11.16,
2024-12-10 19:00:00,11.13,
2024-12-10 19:15:00,11.11,
2024-12-10 19:30:00,11.09,
2024-12-10 19:45:00,11.09,
2024-12-10 20:00:00,11.09,
2024-12-10 20:15:00,11.11,
2024-12-10 20:30:00,11.11,
2024-12-10 20:45:00,11.13,
2024-12-10 21:00:00,11.14,
2024-12-10 21:15:00,11.16,
2024-12-10 21:30:00,11.17,
2024-12-10 21:45:00,11.18,
2024-12-10 22:00:00,11.19,
2024-12-10 22:15:00,11.21,
2024-12-10 22:30:00,11.22,
2024-12-10 22:45:00,11.23,
2024-12-10 23:00:00,11.26,
2024-12-10 23:15:00,11.27,
2024-12-10 23:30:00,11.29,
2024-12-10 23:45:00,11.3,
2024-12-11 00:00:00,11.3,
2024-12-11 00:15:00,11.32,
2024-12-11 00:30:00,11.35,
2024-12-11 00:45:00,11.36,
2024-12-11 01:00:00,11.34,
2024-12-11 01:15:00,11.37,
2024-12-11 01:30:00,11.37,
2024-12-11 01:45:00,11.37,
2024-12-11 02:00:00,11.36,
2024-12-11 02:15:00,11.39,
2024-12-11 02:30:00,11.38,
2024-12-11 02:45:00,11.41,
2024-12-11 03:00:00,11.43,
2024-12-11 03:15:00,11.45,
2024-12-11 03:30:00,11.44,
2024-12-11 03:45:00,11.47,
2024-12-11 04:00:00,11.47,
2024-12-11 04:15:00,11.47,
2024-12-11 04:30:00,11.48,
2024-12-11 04:45:00,11.5,
2024-12-11 05:00:00,11.49,
2024-12-11 05:15:00,11.5,
2024-12-11 05:30:00,11.5,
2024-12-11 05:45:00,11.51,
2024-12-11 06:00:00,11.52,
2024-12-11 06:15:00,11.53,
2024-12-11 06:30:00,11.52,
2024-12-11 06:45:00,11.53,
2024-12-11 07:00:00,11.54,
2024-12-11 07:15:00,11.53,
2024-12-11 07:30:00,11.54,
2024-12-11 07:45:00,11.54,
2024-12-11 08:00:00,11.54,
2024-12-11 08:15:00,11.54,
2024-12-11 08:30:00,11.54,
2024-12-11 08:45:00,11.54,
2024-12-11 09:00:00,11.56,
2024-12-11 09:15:00,11.58,
2024-12-11 09:30:00,11.63,
2024-12-11 09:45:00,11.68,
2024-12-11 10:00:00,11.77,
2024-12-11 10:15:00,11.85,
2024-12-11 10:30:00,11.96,
2024-12-11 10:45:00,12.05,
2024-12-11 11:00:00,12.14,
2024-12-11 11:15:00,12.21,
2024-12-11 11:30:00,12.25,
2024-12-11 11:45:00,12.33,
2024-12-11 12:00:00,12.39,
2024-12-11 12:15:00,12.41,
2024-12-11 12:30:00,12.44,
2024-12-11 12:45:00,12.45,
2024-12-11 13:00:00,12.45,
2024-12-11 13:15:00,12.46,
2024-12-11 13:30:00,12.44,
2024-12-11 13:45:00,12.42,
2024-12-11 14:00:00,12.4,
2024-12-11 14:15:00,12.38,
2024-12-11 14:30:00,12.35,
2024-12-11 14:45:00,12.32,
2024-12-11 15:00:00,12.28,
2024-12-11 15:15:00,12.23,
2024-12-11 15:30:00,12.17,
2024-12-11 15:45:00,12.12,
2024-12-11 16:00:00,12.06,
2024-12-11 16:15:00,12.02,
2024-12-11 16:30:00,11.95,
2024-12-11 16:45:00,11.9,
2024-12-11 17:00:00,11.85,
2024-12-11 17:15:00,11.78,
2024-12-11 17:30:00,11.7,
2024-12-11 17:45:00,11.6,
2024-12-11 18:00:00,11.49,
2024-12-11 18:15:00,11.4,
2024-12-11 18:30:00,11.31,
2024-12-11 18:45:00,11.24,
2024-12-11 19:00:00,11.16,
2024-12-11 19:15:00,11.13,
2024-12-11 19:30:00,11.1,
2024-12-11 19:45:00,11.08,
2024-12-11 20:00:00,11.08,
2024-12-11 20:15:00,11.07,
2024-12-11 20:30:00,11.07,
2024-12-11 20:45:00,11.08,
2024-12-11 21:00:00,11.09,
2024-12-11 21:15:00,11.1,
2024-12-11 21:30:00,11.1,
2024-12-11 21:45:00,11.11,
2024-12-11 22:00:00,11.13,
2024-12-11 22:15:00,11.13,
2024-12-11 22:30:00,11.13,
2024-12-11 22:45:00,11.14,
2024-12-11 23:00:00,11.13,
2024-12-11 23:15:00,11.14,
2024-12-11 23:30:00,11.15,
2024-12-11 23:45:00,11.15,
2024-12-12 00:00:00,11.16,
2024-12-12 00:15:00,11.15,
2024-12-12 00:30:00,11.15,
2024-12-12 00:45:00,11.15,
2024-12-12 01:00:00,11.16,
2024-12-12 01:15:00,11.15,
2024-12-12 01:30:00,11.16,
2024-12-12 01:45:00,11.16,
2024-12-12 02:00:00,11.16,
2024-12-12 02:15:00,11.16,
2024-12-12 02:30:00,11.17,
2024-12-12 02:45:00,11.16,
2024-12-12 03:00:00,11.17,
2024-12-12 03:15:00,11.18,
2024-12-12 03:30:00,11.18,
2024-12-12 03:45:00,11.18,
2024-12-12 04:00:00,11.19,
2024-12-12 04:15:00,11.18,
2024-12-12 04:30:00,11.19,
2024-12-12 04:45:00,11.19,
2024-12-12 05:00:00,11.2,
2024-12-12 05:15:00,11.19,
2024-12-12 05:30:00,11.19,
2024-12-12 05:45:00,11.2,
2024-12-12 06:00:00,11.21,
2024-12-12 06:15:00,11.21,
2024-12-12 06:30:00,11.22,
2024-12-12 06:45:00,11.19,
2024-12-12 07:00:00,11.2,
2024-12-12 07:15:00,11.18,
2024-12-12 07:30:00,11.19,
2024-12-12 07:45:00,11.17,
2024-12-12 08:00:00,11.19,
2024-12-12 08:15:00,11.18,
2024-12-12 08:30:00,11.17,
2024-12-12 08:45:00,11.17,
2024-12-12 09:00:00,11.18,
2024-12-12 09:15:00,11.23,
2024-12-12 09:30:00,11.26,
2024-12-12 09:45:00,11.34,
2024-12-12 10:00:00,11.4,
2024-12-12 10:15:00,11.5,
2024-12-12 10:30:00,11.59,
2024-12-12 10:45:00,11.66,
2024-12-12 11:00:00,11.77,
2024-12-12 11:15:00,11.84,
2024-12-12 11:30:00,11.93,
2024-12-12 11:45:00,12.0,
2024-12-12 12:00:00,12.06,
2024-12-12 12:15:00,12.08,
2024-12-12 12:30:00,12.12,
2024-12-12 12:45:00,12.15,
2024-12-12 13:00:00,12.14,
2024-12-12 13:15:00,12.13,
2024-12-12 13:30:00,12.14,
2024-12-12 13:45:00,12.14,
2024-12-12 14:00:00,12.12,
2024-12-12 14:15:00,12.1,
2024-12-12 14:30:00,12.08,
2024-12-12 14:45:00,12.05,
2024-12-12 15:00:00,12.03,
2024-12-12 15:15:00,11.99,
2024-12-12 15:30:00,11.95,
2024-12-12 15:45:00,11.92,
2024-12-12 16:00:00,11.88,
2024-12-12 16:15:00,11.79,
2024-12-12 16:30:00,11.68,
2024-12-12 16:45:00,11.59,
2024-12-12 17:00:00,11.51,
2024-12-12 17:15:00,11.4,
2024-12-12 17:30:00,11.31,
2024-12-12 17:45:00,11.2,
2024-12-12 18:00:00,11.1,
2024-12-12 18:15:00,10.99,
2024-12-12 18:30:00,10.91,
2024-12-12 18:45:00,10.85,
2024-12-12 19:00:00,10.8,
2024-12-12 19:15:00,10.77,
2024-12-12 19:30:00,10.75,
2024-12-12 19:45:00,10.72,
2024-12-12 20:00:00,10.72,
2024-12-12 20:15:00,10.72,
2024-12-12 20:30:00,10.72,
2024-12-12 20:45:00,10.71,
2024-12-12 21:00:00,10.72,
2024-12-12 21:15:00,10.72,
2024-12-12 21:30:00,10.75,
2024-12-12 21:45:00,10.75,
2024-12-12 22:00:00,10.76,
2024-12-12 22:15:00,10.75,
2024-12-12 22:30:00,10.76,
2024-12-12 22:45:00,10.76,
2024-12-12 23:00:00,10.78,
2024-12-12 23:15:00,10.78,
2024-12-12 23:30:00,10.79,
2024-12-12 23:45:00,10.78,
2024-12-13 00:00:00,10.79,
2024-12-13 00:15:00,10.79,
2024-12-13 00:30:00,10.79,
2024-12-13 00:45:00,10.8,
2024-12-13 01:00:00,10.8,
2024-12-13 01:15:00,10.81,
2024-12-13 01:30:00,10.8,
2024-12-13 01:45:00,10.81,
2024-12-13 02:00:00,10.82,
2024-12-13 02:15:00,10.82,
2024-12-13 02:30:00,10.82,
2024-12-13 02:45:00,10.82,
2024-12-13 03:00:00,10.83,
2024-12-13 03:15:00,10.83,
2024-12-13 03:30:00,10.82,
2024-12-13 03:45:00,10.83,
2024-12-13 04:00:00,10.83,
2024-12-13 04:15:00,10.82,
2024-12-13 04:30:00,10.82,
2024-12-13 04:45:00,10.82,
2024-12-13 05:00:00,10.82,
2024-12-13 05:15:00,10.83,
2024-12-13 05:30:00,10.83,
2024-12-13 05:45:00,10.83,
2024-12-13 06:00:00,10.84,
2024-12-13 06:15:00,10.83,
2024-12-13 06:30:00,10.84,
2024-12-13 06:45:00,10.84,
2024-12-13 07:00:00,10.84,
2024-12-13 07:15:00,10.84,
2024-12-13 07:30:00,10.84,
2024-12-13 07:45:00,10.85,
2024-12-13 08:00:00,10.83,
2024-12-13 08:15:00,10.85,
2024-12-13 08:30:00,10.82,
2024-12-13 08:45:00,10.81,
2024-12-13 09:00:00,10.82,
2024-12-13 09:15:00,10.82,
2024-12-13 09:30:00,10.84,
2024-12-13 09:45:00,10.89,
2024-12-13 10:00:00,10.95,
2024-12-13 10:15:00,11.03,
2024-12-13 10:30:00,11.14,
2024-12-13 10:45:00,11.19,
2024-12-13 11:00:00,11.27,
2024-12-13 11:15:00,11.3,
2024-12-13 11:30:00,11.36,
2024-12-13 11:45:00,11.44,
2024-12-13 12:00:00,11.53,
2024-12-13 12:15:00,11.62,
2024-12-13 12:30:00,11.71,
2024-12-13 12:45:00,11.73,
2024-12-13 13:00:00,11.73,
2024-12-13 13:15:00,11.75,
2024-12-13 13:30:00,11.79,
2024-12-13 13:45:00,11.82,
2024-12-13 14:00:00,11.82,
2024-12-13 14:15:00,11.81,
2024-12-13 14:30:00,11.81,
2024-12-13 14:45:00,11.78,
2024-12-13 15:00:00,11.77,
2024-12-13 15:15:00,11.74,
2024-12-13 15:30:00,11.7,
2024-12-13 15:45:00,11.71,
2024-12-13 16:00:00,11.73,
2024-12-13 16:15:00,11.61,
2024-12-13 16:30:00,11.52,
2024-12-13 16:45:00,11.44,
2024-12-13 17:00:00,11.34,
2024-12-13 17:15:00,11.27,
2024-12-13 17:30:00,11.2,
2024-12-13 17:45:00,11.08,
2024-12-13 18:00:00,10.97,
2024-12-13 18:15:00,10.9,
2024-12-13 18:30:00,10.85,
2024-12-13 18:45:00,10.81,
2024-12-13 19:00:00,10.76,
2024-12-13 19:15:00,10.72,
2024-12-13 19:30:00,10.68,
2024-12-13 19:45:00,10.66,
2024-12-13 20:00:00,10.65,
2024-12-13 20:15:00,10.64,
2024-12-13 20:30:00,10.64,
2024-12-13 20:45:00,10.64,
2024-12-13 21:00:00,10.65,
2024-12-13 21:15:00,10.65,
2024-12-13 21:30:00,10.64,
2024-12-13 21:45:00,10.66,
2024-12-13 22:00:00,10.67,
2024-12-13 22:15:00,10.68,
2024-12-13 22:30:00,10.68,
2024-12-13 22:45:00,10.69,
2024-12-13 23:00:00,10.69,
2024-12-13 23:15:00,10.69,
2024-12-13 23:30:00,10.7,
2024-12-13 23:45:00,10.7,
2024-12-14 00:00:00,10.7,
2024-12-14 00:15:00,10.7,
2024-12-14 00:30:00,10.71,
2024-12-14 00:45:00,10.7,
2024-12-14 01:00:00,10.71,
2024-12-14 01:15:00,10.72,
2024-12-14 01:30:00,10.73,
2024-12-14 01:45:00,10.73,
2024-12-14 02:00:00,10.74,
2024-12-14 02:15:00,10.74,
2024-12-14 02:30:00,10.75,
2024-12-14 02:45:00,10.75,
2024-12-14 03:00:00,10.75,
2024-12-14 03:15:00,10.74,
2024-12-14 03:30:00,10.73,
2024-12-14 03:45:00,10.72,
2024-12-14 04:00:00,10.71,
2024-12-14 04:15:00,10.7,
2024-12-14 04:30:00,10.71,
2024-12-14 04:45:00,10.7,
2024-12-14 05:00:00,10.7,
2024-12-14 05:15:00,10.71,
2024-12-14 05:30:00,10.7,
2024-12-14 05:45:00,10.69,
2024-12-14 06:00:00,10.7,
2024-12-14 06:15:00,10.69,
2024-12-14 06:30:00,10.69,
2024-12-14 06:45:00,10.7,
2024-12-14 07:00:00,10.69,
2024-12-14 07:15:00,10.68,
2024-12-14 07:30:00,10.68,
2024-12-14 07:45:00,10.68,
2024-12-14 08:00:00,10.69,
2024-12-14 08:15:00,10.69,
2024-12-14 08:30:00,10.7,
2024-12-14 08:45:00,10.7,
2024-12-14 09:00:00,10.71,
2024-12-14 09:15:00,10.73,
2024-12-14 09:30:00,10.77,
2024-12-14 09:45:00,10.84,
2024-12-14 10:00:00,10.92,
2024-12-14 10:15:00,11.0,
2024-12-14 10:30:00,11.11,
2024-12-14 10:45:00,11.22,
2024-12-14 11:00:00,11.31,
2024-12-14 11:15:00,11.37,
2024-12-14 11:30:00,11.45,
2024-12-14 11:45:00,11.51,
2024-12-14 12:00:00,11.51,
2024-12-14 12:15:00,11.55,
2024-12-14 12:30:00,11.6,
2024-12-14 12:45:00,11.59,
2024-12-14 13:00:00,11.59,
2024-12-14 13:15:00,11.51,
2024-12-14 13:30:00,11.51,
2024-12-14 13:45:00,11.57,
2024-12-14 14:00:00,11.52,
2024-12-14 14:15:00,11.45,
2024-12-14 14:30:00,11.46,
2024-12-14 14:45:00,11.47,
2024-12-14 15:00:00,11.53,
2024-12-14 15:15:00,11.52,
2024-12-14 15:30:00,11.52,
2024-12-14 15:45:00,11.49,
2024-12-14 16:00:00,11.48,
2024-12-14 16:15:00,11.52,
2024-12-14 16:30:00,11.5,
2024-12-14 16:45:00,11.4,
2024-12-14 17:00:00,11.3,
2024-12-14 17:15:00,11.22,
2024-12-14 17:30:00,11.09,
2024-12-14 17:45:00,10.94,
2024-12-14 18:00:00,10.82,
2024-12-14 18:15:00,10.7,
2024-12-14 18:30:00,10.6,
2024-12-14 18:45:00,10.52,
2024-12-14 19:00:00,10.46,
2024-12-14 19:15:00,10.4,
2024-12-14 19:30:00,10.37,
2024-12-14 19:45:00,10.35,
2024-12-14 20:00:00,10.33,
2024-12-14 20:15:00,10.33,
2024-12-14 20:30:00,10.32,
2024-12-14 20:45:00,10.32,
2024-12-14 21:00:00,10.3,
2024-12-14 21:15:00,10.32,
2024-12-14 21:30:00,10.33,
2024-12-14 21:45:00,10.33,
2024-12-14 22:00:00,10.32,
2024-12-14 22:15:00,10.33,
2024-12-14 22:30:00,10.31,
2024-12-14 22:45:00,10.32,
2024-12-14 23:00:00,10.32,
2024-12-14 23:15:00,10.32,
2024-12-14 23:30:00,10.32,
2024-12-14 23:45:00,10.31,
2024-12-15 00:00:00,10.3,
2024-12-15 00:15:00,10.3,
2024-12-15 00:30:00,10.3,
2024-12-15 00:45:00,10.3,
2024-12-15 01:00:00,10.29,
2024-12-15 01:15:00,10.29,
2024-12-15 01:30:00,10.29,
2024-12-15 01:45:00,10.28,
2024-12-15 02:00:00,10.28,
2024-12-15 02:15:00,10.27,
2024-12-15 02:30:00,10.26,
2024-12-15 02:45:00,10.27,
2024-12-15 03:00:00,10.26,
2024-12-15 03:15:00,10.26,
2024-12-15 03:30:00,10.24,
2024-12-15 03:45:00,10.24,
2024-12-15 04:00:00,10.25,
2024-12-15 04:15:00,10.25,
2024-12-15 04:30:00,10.25,
2024-12-15 04:45:00,10.24,
2024-12-15 05:00:00,10.24,
2024-12-15 05:15:00,10.23,
2024-12-15 05:30:00,10.23,
2024-12-15 05:45:00,10.24,
2024-12-15 06:00:00,10.24,
2024-12-15 06:15:00,10.23,
2024-12-15 06:30:00,10.21,
2024-12-15 06:45:00,10.21,
2024-12-15 07:00:00,10.22,
2024-12-15 07:15:00,10.23,
2024-12-15 07:30:00,10.22,
2024-12-15 07:45:00,10.23,
2024-12-15 08:00:00,10.24,
2024-12-15 08:15:00,10.23,
2024-12-15 08:30:00,10.25,
2024-12-15 08:45:00,10.25,
2024-12-15 09:00:00,10.27,
2024-12-15 09:15:00,10.29,
2024-12-15 09:30:00,10.33,
2024-12-15 09:45:00,10.36,
2024-12-15 10:00:00,10.44,
2024-12-15 10:15:00,10.55,
2024-12-15 10:30:00,10.65,
2024-12-15 10:45:00,10.75,
2024-12-15 11:00:00,10.84,
2024-12-15 11:15:00,10.94,
2024-12-15 11:30:00,11.03,
2024-12-15 11:45:00,11.14,
2024-12-15 12:00:00,11.26,
2024-12-15 12:15:00,11.29,
2024-12-15 12:30:00,11.34,
2024-12-15 12:45:00,11.38,
2024-12-15 13:00:00,11.48,
2024-12-15 13:15:00,11.52,
2024-12-15 13:30:00,11.49,
2024-12-15 13:45:00,11.5,
2024-12-15 14:00:00,11.53,
2024-12-15 14:15:00,11.57,
2024-12-15 14:30:00,11.57,
2024-12-15 14:45:00,11.55,
2024-12-15 15:00:00,11.46,
2024-12-15 15:15:00,11.36,
2024-12-15 15:30:00,11.32,
2024-12-15 15:45:00,11.27,
2024-12-15 16:00:00,11.25,
2024-12-15 16:15:00,11.22,
2024-12-15 16:30:00,11.19,
2024-12-15 16:45:00,11.14,
2024-12-15 17:00:00,11.09,
2024-12-15 17:15:00,11.01,
2024-12-15 17:30:00,10.91,
2024-12-15 17:45:00,10.8,
2024-12-15 18:00:00,10.7,
2024-12-15 18:15:00,10.6,
2024-12-15 18:30:00,10.52,
2024-12-15 18:45:00,10.46,
2024-12-15 19:00:00,10.39,
2024-12-15 19:15:00,10.35,
2024-12-15 19:30:00,10.32,
2024-12-15 19:45:00,10.31,
2024-12-15 20:00:00,10.31,
2024-12-15 20:15:00,10.31,
2024-12-15 20:30:00,10.32,
2024-12-15 20:45:00,10.35,
2024-12-15 21:00:00,10.37,
2024-12-15 21:15:00,10.39,
2024-12-15 21:30:00,10.43,
2024-12-15 21:45:00,10.43,
2024-12-15 22:00:00,10.47,
2024-12-15 22:15:00,10.49,
2024-12-15 22:30:00,10.51,
2024-12-15 22:45:00,10.54,
2024-12-15 23:00:00,10.56,
2024-12-15 23:15:00,10.57,
2024-12-15 23:30:00,10.59,
2024-12-15 23:45:00,10.59,
2024-12-16 00:00:00,10.61,
2024-12-16 00:15:00,10.62,
2024-12-16 00:30:00,10.62,
2024-12-16 00:45:00,10.63,
2024-12-16 01:00:00,10.64,
2024-12-16 01:15:00,10.66,
2024-12-16 01:30:00,10.67,
2024-12-16 01:45:00,10.68,
2024-12-16 02:00:00,10.69,
2024-12-16 02:15:00,10.69,
2024-12-16 02:30:00,10.7,
2024-12-16 02:45:00,10.71,
2024-12-16 03:00:00,10.72,
2024-12-16 03:15:00,10.74,
2024-12-16 03:30:00,10.74,
2024-12-16 03:45:00,10.75,
2024-12-16 04:00:00,10.76,
2024-12-16 04:15:00,10.78,
2024-12-16 04:30:00,10.79,
2024-12-16 04:45:00,10.8,
2024-12-16 05:00:00,10.8,
2024-12-16 05:15:00,10.8,
2024-12-16 05:30:00,10.82,
2024-12-16 05:45:00,10.83,
2024-12-16 06:00:00,10.83,
2024-12-16 06:15:00,10.83,
2024-12-16 06:30:00,10.84,
2024-12-16 06:45:00,10.84,
2024-12-16 07:00:00,10.84,
2024-12-16 07:15:00,10.85,
2024-12-16 07:30:00,10.83,
2024-12-16 07:45:00,10.85,
2024-12-16 08:00:00,10.85,
2024-12-16 08:15:00,10.84,
2024-12-16 08:30:00,10.84,
2024-12-16 08:45:00,10.85,
2024-12-16 09:00:00,10.86,
2024-12-16 09:15:00,10.89,
2024-12-16 09:30:00,10.91,
2024-12-16 09:45:00,10.98,
2024-12-16 10:00:00,11.07,
2024-12-16 10:15:00,11.15,
2024-12-16 10:30:00,11.19,
2024-12-16 10:45:00,11.28,
2024-12-16 11:00:00,11.38,
2024-12-16 11:15:00,11.45,
2024-12-16 11:30:00,11.53,
2024-12-16 11:45:00,11.61,
2024-12-16 12:00:00,11.68,
2024-12-16 12:15:00,11.76,
2024-12-16 12:30:00,11.84,
2024-12-16 12:45:00,11.91,
2024-12-16 13:00:00,11.97,
2024-12-16 13:15:00,12.02,
2024-12-16 13:30:00,12.05,
2024-12-16 13:45:00,12.07,
2024-12-16 14:00:00,12.08,
2024-12-16 14:15:00,12.08,
2024-12-16 14:30:00,12.04,
2024-12-16 14:45:00,11.96,
2024-12-16 15:00:00,11.89,
2024-12-16 15:15:00,11.86,
2024-12-16 15:30:00,11.84,
2024-12-16 15:45:00,11.78,
2024-12-16 16:00:00,11.71,
2024-12-16 16:15:00,11.65,
2024-12-16 16:30:00,11.57,
2024-12-16 16:45:00,11.44,
2024-12-16 17:00:00,11.33,
2024-12-16 17:15:00,11.23,
2024-12-16 17:30:00,11.13,
2024-12-16 17:45:00,11.0,
2024-12-16 18:00:00,10.93,
2024-12-16 18:15:00,10.85,
2024-12-16 18:30:00,10.78,
2024-12-16 18:45:00,10.74,
2024-12-16 19:00:00,10.69,
2024-12-16 19:15:00,10.67,
2024-12-16 19:30:00,10.64,
2024-12-16 19:45:00,10.63,
2024-12-16 20:00:00,10.62,
2024-12-16 20:15:00,10.61,
2024-12-16 20:30:00,10.61,
2024-12-16 20:45:00,10.61,
2024-12-16 21:00:00,10.6,
2024-12-16 21:15:00,10.61,
2024-12-16 21:30:00,10.6,
2024-12-16 21:45:00,10.6,
2024-12-16 22:00:00,10.61,
2024-12-16 22:15:00,10.6,
2024-12-16 22:30:00,10.6,
2024-12-16 22:45:00,10.61,
2024-12-16 23:00:00,10.59,
2024-12-16 23:15:00,10.58,
2024-12-16 23:30:00,10.58,
2024-12-16 23:45:00,10.58,
2024-12-17 00:00:00,10.58,
2024-12-17 00:15:00,10.58,
2024-12-17 00:30:00,10.57,
2024-12-17 00:45:00,10.57,
2024-12-17 01:00:00,10.57,
2024-12-17 01:15:00,10.56,
2024-12-17 01:30:00,10.53,
2024-12-17 01:45:00,10.54,
2024-12-17 02:00:00,10.53,
2024-12-17 02:15:00,10.53,
2024-12-17 02:30:00,10.54,
2024-12-17 02:45:00,10.52,
2024-12-17 03:00:00,10.53,
2024-12-17 03:15:00,10.52,
2024-12-17 03:30:00,10.52,
2024-12-17 03:45:00,10.5,
2024-12-17 04:00:00,10.52,
2024-12-17 04:15:00,10.5,
2024-12-17 04:30:00,10.51,
2024-12-17 04:45:00,10.51,
2024-12-17 05:00:00,10.49,
2024-12-17 05:15:00,10.47,
2024-12-17 05:30:00,10.48,
2024-12-17 05:45:00,10.48,
2024-12-17 06:00:00,10.46,
2024-12-17 06:15:00,10.46,
2024-12-17 06:30:00,10.46,
2024-12-17 06:45:00,10.44,
2024-12-17 07:00:00,10.44,
2024-12-17 07:15:00,10.46,
2024-12-17 07:30:00,10.45,
2024-12-17 07:45:00,10.45,
2024-12-17 08:00:00,10.45,
2024-12-17 08:15:00,10.44,
2024-12-17 08:30:00,10.44,
2024-12-17 08:45:00,10.45,
2024-12-17 09:00:00,10.43,
2024-12-17 09:15:00,10.45,
2024-12-17 09:30:00,10.46,
2024-12-17 09:45:00,10.49,
2024-12-17 10:00:00,10.53,
2024-12-17 10:15:00,10.63,
2024-12-17 10:30:00,10.74,
2024-12-17 10:45:00,10.85,
2024-12-17 11:00:00,10.93,
2024-12-17 11:15:00,10.97,
2024-12-17 11:30:00,11.02,
2024-12-17 11:45:00,11.11,
2024-12-17 12:00:00,11.22,
2024-12-17 12:15:00,11.33,
2024-12-17 12:30:00,11.4,
2024-12-17 12:45:00,11.48,
2024-12-17 13:00:00,11.54,
2024-12-17 13:15:00,11.53,
2024-12-17 13:30:00,11.49,
2024-12-17 13:45:00,11.44,
2024-12-17 14:00:00,11.43,
2024-12-17 14:15:00,11.46,
2024-12-17 14:30:00,11.46,
2024-12-17 14:45:00,11.46,
2024-12-17 15:00:00,11.52,
2024-12-17 15:15:00,11.58,
2024-12-17 15:30:00,11.56,
2024-12-17 15:45:00,11.49,
2024-12-17 16:00:00,11.41,
2024-12-17 16:15:00,11.3,
2024-12-17 16:30:00,11.19,
2024-12-17 16:45:00,11.06,
2024-12-17 17:00:00,10.93,
2024-12-17 17:15:00,10.82,
2024-12-17 17:30:00,10.7,
2024-12-17 17:45:00,10.6,
2024-12-17 18:00:00,10.51,
2024-12-17 18:15:00,10.44,
2024-12-17 18:30:00,10.39,
2024-12-17 18:45:00,10.35,
2024-12-17 19:00:00,10.34,
2024-12-17 19:15:00,10.31,
2024-12-17 19:30:00,10.3,
2024-12-17 19:45:00,10.31,
2024-12-17 20:00:00,10.32,
2024-12-17 20:15:00,10.33,
2024-12-17 20:30:00,10.33,
2024-12-17 20:45:00,10.34,
2024-12-17 21:00:00,10.34,
2024-12-17 21:15:00,10.35,
2024-12-17 21:30:00,10.36,
2024-12-17 21:45:00,10.37,
2024-12-17 22:00:00,10.39,
2024-12-17 22:15:00,10.4,
2024-12-17 22:30:00,10.4,
2024-12-17 22:45:00,10.41,
2024-12-17 23:00:00,10.43,
2024-12-17 23:15:00,10.43,
2024-12-17 23:30:00,10.45,
2024-12-17 23:45:00,10.46,
2024-12-18 00:00:00,10.48,
2024-12-18 00:15:00,10.47,
2024-12-18 00:30:00,10.49,
2024-12-18 00:45:00,10.49,
2024-12-18 01:00:00,10.52,
2024-12-18 01:15:00,10.51,
2024-12-18 01:30:00,10.53,
2024-12-18 01:45:00,10.51,
2024-12-18 02:00:00,10.52,
2024-12-18 02:15:00,10.53,
2024-12-18 02:30:00,10.51,
2024-12-18 02:45:00,10.53,
2024-12-18 03:00:00,10.55,
2024-12-18 03:15:00,10.56,
2024-12-18 03:30:00,10.55,
2024-12-18 03:45:00,10.57,
2024-12-18 04:00:00,10.57,
2024-12-18 04:15:00,10.58,
2024-12-18 04:30:00,10.59,
2024-12-18 04:45:00,10.6,
2024-12-18 05:00:00,10.61,
2024-12-18 05:15:00,10.61,
2024-12-18 05:30:00,10.63,
2024-12-18 05:45:00,10.63,
2024-12-18 06:00:00,10.63,
2024-12-18 06:15:00,10.65,
2024-12-18 06:30:00,10.64,
2024-12-18 06:45:00,10.65,
2024-12-18 07:00:00,10.66,
2024-12-18 07:15:00,10.67,
2024-12-18 07:30:00,10.66,
2024-12-18 07:45:00,10.66,
2024-12-18 08:00:00,10.67,
2024-12-18 08:15:00,10.67,
2024-12-18 08:30:00,10.69,
2024-12-18 08:45:00,10.67,
2024-12-18 09:00:00,10.69,
2024-12-18 09:15:00,10.73,
2024-12-18 09:30:00,10.77,
2024-12-18 09:45:00,10.83,
2024-12-18 10:00:00,10.92,
2024-12-18 10:15:00,11.04,
2024-12-18 10:30:00,11.14,
2024-12-18 10:45:00,11.25,
2024-12-18 11:00:00,11.36,
2024-12-18 11:15:00,11.46,
2024-12-18 11:30:00,11.54,
2024-12-18 11:45:00,11.61,
2024-12-18 12:00:00,11.67,
2024-12-18 12:15:00,11.73,
2024-12-18 12:30:00,11.77,
2024-12-18 12:45:00,11.82,
2024-12-18 13:00:00,11.87,
2024-12-18 13:15:00,11.9,
2024-12-18 13:30:00,11.93,
2024-12-18 13:45:00,11.93,
2024-12-18 14:00:00,11.94,
2024-12-18 14:15:00,11.92,
2024-12-18 14:30:00,11.9,
2024-12-18 14:45:00,11.87,
2024-12-18 15:00:00,11.83,
2024-12-18 15:15:00,11.79,
2024-12-18 15:30:00,11.72,
2024-12-18 15:45:00,11.68,
2024-12-18 16:00:00,11.63,
2024-12-18 16:15:00,11.6,
2024-12-18 16:30:00,11.53,
2024-12-18 16:45:00,11.45,
2024-12-18 17:00:00,11.36,
2024-12-18 17:15:00,11.26,
2024-12-18 17:30:00,11.14,
2024-12-18 17:45:00,11.01,
2024-12-18 18:00:00,10.91,
2024-12-18 18:15:00,10.8,
2024-12-18 18:30:00,10.71,
2024-12-18 18:45:00,10.62,
2024-12-18 19:00:00,10.55,
2024-12-18 19:15:00,10.51,
2024-12-18 19:30:00,10.48,
2024-12-18 19:45:00,10.45,
2024-12-18 20:00:00,10.44,
2024-12-18 20:15:00,10.44,
2024-12-18 20:30:00,10.45,
2024-12-18 20:45:00,10.45,
2024-12-18 21:00:00,10.44,
2024-12-18 21:15:00,10.46,
2024-12-18 21:30:00,10.46,
2024-12-18 21:45:00,10.49,
2024-12-18 22:00:00,10.49,
2024-12-18 22:15:00,10.52,
2024-12-18 22:30:00,10.52,
2024-12-18 22:45:00,10.51,
2024-12-18 23:00:00,10.55,
2024-12-18 23:15:00,10.54,
2024-12-18 23:30:00,10.55,
2024-12-18 23:45:00,10.58,
2024-12-19 00:00:00,10.59,
2024-12-19 00:15:00,10.59,
2024-12-19 00:30:00,10.61,
2024-12-19 00:45:00,10.62,
2024-12-19 01:00:00,10.63,
2024-12-19 01:15:00,10.64,
2024-12-19 01:30:00,10.64,
2024-12-19 01:45:00,10.65,
2024-12-19 02:00:00,10.67,
2024-12-19 02:15:00,10.68,
2024-12-19 02:30:00,10.68,
2024-12-19 02:45:00,10.68,
2024-12-19 03:00:00,10.7,
2024-12-19 03:15:00,10.71,
2024-12-19 03:30:00,10.73,
2024-12-19 03:45:00,10.73,
2024-12-19 04:00:00,10.73,
2024-12-19 04:15:00,10.73,
2024-12-19 04:30:00,10.74,
2024-12-19 04:45:00,10.75,
2024-12-19 05:00:00,10.75,
2024-12-19 05:15:00,10.76,
2024-12-19 05:30:00,10.76,
2024-12-19 05:45:00,10.77,
2024-12-19 06:00:00,10.78,
2024-12-19 06:15:00,10.79,
2024-12-19 06:30:00,10.79,
2024-12-19 06:45:00,10.8,
2024-12-19 07:00:00,10.8,
2024-12-19 07:15:00,10.81,
2024-12-19 07:30:00,10.82,
2024-12-19 07:45:00,10.83,
2024-12-19 08:00:00,10.84,
2024-12-19 08:15:00,10.85,
2024-12-19 08:30:00,10.87,
2024-12-19 08:45:00,10.87,
2024-12-19 09:00:00,10.9,
2024-12-19 09:15:00,10.92,
2024-12-19 09:30:00,10.98,
2024-12-19 09:45:00,11.04,
2024-12-19 10:00:00,11.13,
2024-12-19 10:15:00,11.22,
2024-12-19 10:30:00,11.32,
2024-12-19 10:45:00,11.43,
2024-12-19 11:00:00,11.52,
2024-12-19 11:15:00,11.61,
2024-12-19 11:30:00,11.7,
2024-12-19 11:45:00,11.78,
2024-12-19 12:00:00,11.84,
2024-12-19 12:15:00,11.89,
2024-12-19 12:30:00,11.94,
2024-12-19 12:45:00,11.95,
2024-12-19 13:00:00,11.98,
2024-12-19 13:15:00,11.98,
2024-12-19 13:30:00,11.97,
2024-12-19 13:45:00,11.97,
2024-12-19 14:00:00,11.95,
2024-12-19 14:15:00,11.93,
2024-12-19 14:30:00,11.91,
2024-12-19 14:45:00,11.86,
2024-12-19 15:00:00,11.83,
2024-12-19 15:15:00,11.8,
2024-12-19 15:30:00,11.76,
2024-12-19 15:45:00,11.71,
2024-12-19 16:00:00,11.66,
2024-12-19 16:15:00,11.61,
2024-12-19 16:30:00,11.56,
2024-12-19 16:45:00,11.49,
2024-12-19 17:00:00,11.41,
2024-12-19 17:15:00,11.33,
2024-12-19 17:30:00,11.24,
2024-12-19 17:45:00,11.15,
2024-12-19 18:00:00,11.05,
2024-12-19 18:15:00,10.95,
2024-12-19 18:30:00,10.86,
2024-12-19 18:45:00,10.78,
2024-12-19 19:00:00,10.74,
2024-12-19 19:15:00,10.71,
2024-12-19 19:30:00,10.69,
2024-12-19 19:45:00,10.69,
2024-12-19 20:00:00,10.68,
2024-12-19 20:15:00,10.68,
2024-12-19 20:30:00,10.69,
2024-12-19 20:45:00,10.69,
2024-12-19 21:00:00,10.73,
2024-12-19 21:15:00,10.74,
2024-12-19 21:30:00,10.75,
2024-12-19 21:45:00,10.77,
2024-12-19 22:00:00,10.79,
2024-12-19 22:15:00,10.8,
2024-12-19 22:30:00,10.81,
2024-12-19 22:45:00,10.82,
2024-12-19 23:00:00,10.83,
2024-12-19 23:15:00,10.83,
2024-12-19 23:30:00,10.83,
2024-12-19 23:45:00,10.84,
2024-12-20 00:00:00,10.86,
2024-12-20 00:15:00,10.85,
2024-12-20 00:30:00,10.86,
2024-12-20 00:45:00,10.87,
2024-12-20 01:00:00,10.88,
2024-12-20 01:15:00,10.88,
2024-12-20 01:30:00,10.88,
2024-12-20 01:45:00,10.89,
2024-12-20 02:00:00,10.89,
2024-12-20 02:15:00,10.91,
2024-12-20 02:30:00,10.92,
2024-12-20 02:45:00,10.92,
2024-12-20 03:00:00,10.92,
2024-12-20 03:15:00,10.94,
2024-12-20 03:30:00,10.94,
2024-12-20 03:45:00,10.95,
2024-12-20 04:00:00,10.95,
2024-12-20 04:15:00,10.96,
2024-12-20 04:30:00,10.96,
2024-12-20 04:45:00,10.97,
2024-12-20 05:00:00,10.98,
2024-12-20 05:15:00,10.97,
2024-12-20 05:30:00,10.99,
2024-12-20 05:45:00,10.99,
2024-12-20 06:00:00,11.0,
2024-12-20 06:15:00,11.0,
2024-12-20 06:30:00,11.01,
2024-12-20 06:45:00,11.02,
2024-12-20 07:00:00,11.03,
2024-12-20 07:15:00,11.04,
2024-12-20 07:30:00,11.05,
2024-12-20 07:45:00,11.06,
2024-12-20 08:00:00,11.06,
2024-12-20 08:15:00,11.07,
2024-12-20 08:30:00,11.07,
2024-12-20 08:45:00,11.08,
2024-12-20 09:00:00,11.09,
2024-12-20 09:15:00,11.13,
2024-12-20 09:30:00,11.16,
2024-12-20 09:45:00,11.23,
2024-12-20 10:00:00,11.29,
2024-12-20 10:15:00,11.36,
2024-12-20 10:30:00,11.45,
2024-12-20 10:45:00,11.53,
2024-12-20 11:00:00,11.64,
2024-12-20 11:15:00,11.73,
2024-12-20 11:30:00,11.83,
2024-12-20 11:45:00,11.9,
2024-12-20 12:00:00,11.97,
2024-12-20 12:15:00,12.03,
2024-12-20 12:30:00,12.06,
2024-12-20 12:45:00,12.11,
2024-12-20 13:00:00,12.1,
2024-12-20 13:15:00,12.12,
2024-12-20 13:30:00,12.12,
2024-12-20 13:45:00,12.11,
2024-12-20 14:00:00,12.11,
2024-12-20 14:15:00,12.08,
2024-12-20 14:30:00,12.05,
2024-12-20 14:45:00,12.0,
2024-12-20 15:00:00,11.94,
2024-12-20 15:15:00,11.86,
2024-12-20 15:30:00,11.83,
2024-12-20 15:45:00,11.75,
2024-12-20 16:00:00,11.71,
2024-12-20 16:15:00,11.72,
2024-12-20 16:30:00,11.64,
2024-12-20 16:45:00,11.54,
2024-12-20 17:00:00,11.46,
2024-12-20 17:15:00,11.39,
2024-12-20 17:30:00,11.3,
2024-12-20 17:45:00,11.2,
2024-12-20 18:00:00,11.09,
2024-12-20 18:15:00,10.98,
2024-12-20 18:30:00,10.92,
2024-12-20 18:45:00,10.87,
2024-12-20 19:00:00,10.86,
2024-12-20 19:15:00,10.84,
2024-12-20 19:30:00,10.82,
2024-12-20 19:45:00,10.8,
2024-12-20 20:00:00,10.8,
2024-12-20 20:15:00,10.79,
2024-12-20 20:30:00,10.8,
2024-12-20 20:45:00,10.8,
2024-12-20 21:00:00,10.82,
2024-12-20 21:15:00,10.83,
2024-12-20 21:30:00,10.84,
2024-12-20 21:45:00,10.84,
2024-12-20 22:00:00,10.86,
2024-12-20 22:15:00,10.87,
2024-12-20 22:30:00,10.88,
2024-12-20 22:45:00,10.89,
2024-12-20 23:00:00,10.89,
2024-12-20 23:15:00,10.89,
2024-12-20 23:30:00,10.89,
2024-12-20 23:45:00,10.9,
2024-12-21 00:00:00,10.9,
2024-12-21 00:15:00,10.9,
2024-12-21 00:30:00,10.91,
2024-12-21 00:45:00,10.92,
2024-12-21 01:00:00,10.91,
2024-12-21 01:15:00,10.94,
2024-12-21 01:30:00,10.94,
2024-12-21 01:45:00,10.93,
2024-12-21 02:00:00,10.94,
2024-12-21 02:15:00,10.95,
2024-12-21 02:30:00,10.96,
2024-12-21 02:45:00,10.95,
2024-12-21 03:00:00,10.97,
2024-12-21 03:15:00,10.97,
2024-12-21 03:30:00,10.96,
2024-12-21 03:45:00,10.97,
2024-12-21 04:00:00,10.97,
2024-12-21 04:15:00,10.98,
2024-12-21 04:30:00,10.98,
2024-12-21 04:45:00,10.98,
2024-12-21 05:00:00,10.99,
2024-12-21 05:15:00,11.0,
2024-12-21 05:30:00,11.0,
2024-12-21 05:45:00,11.01,
2024-12-21 06:00:00,11.01,
2024-12-21 06:15:00,11.02,
2024-12-21 06:30:00,11.02,
2024-12-21 06:45:00,11.03,
2024-12-21 07:00:00,11.02,
2024-12-21 07:15:00,11.04,
2024-12-21 07:30:00,11.04,
2024-12-21 07:45:00,11.04,
2024-12-21 08:00:00,11.04,
2024-12-21 08:15:00,11.05,
2024-12-21 08:30:00,11.04,
2024-12-21 08:45:00,11.05,
2024-12-21 09:00:00,11.06,
2024-12-21 09:15:00,11.07,
2024-12-21 09:30:00,11.12,
2024-12-21 09:45:00,11.18,
2024-12-21 10:00:00,11.26,
2024-12-21 10:15:00,11.35,
2024-12-21 10:30:00,11.43,
2024-12-21 10:45:00,11.51,
2024-12-21 11:00:00,11.6,
2024-12-21 11:15:00,11.69,
2024-12-21 11:30:00,11.77,
2024-12-21 11:45:00,11.83,
2024-12-21 12:00:00,11.91,
2024-12-21 12:15:00,11.97,
2024-12-21 12:30:00,12.03,
2024-12-21 12:45:00,12.07,
2024-12-21 13:00:00,12.09,
2024-12-21 13:15:00,12.09,
2024-12-21 13:30:00,12.1,
2024-12-21 13:45:00,12.11,
2024-12-21 14:00:00,12.12,
2024-12-21 14:15:00,12.15,
2024-12-21 14:30:00,12.12,
2024-12-21 14:45:00,12.07,
2024-12-21 15:00:00,12.03,
2024-12-21 15:15:00,11.98,
2024-12-21 15:30:00,11.9,
2024-12-21 15:45:00,11.86,
2024-12-21 16:00:00,11.79,
2024-12-21 16:15:00,11.76,
2024-12-21 16:30:00,11.68,
2024-12-21 16:45:00,11.6,
2024-12-21 17:00:00,11.5,
2024-12-21 17:15:00,11.38,
2024-12-21 17:30:00,11.28,
2024-12-21 17:45:00,11.16,
2024-12-21 18:00:00,11.03,
2024-12-21 18:15:00,10.92,
2024-12-21 18:30:00,10.8,
2024-12-21 18:45:00,10.74,
2024-12-21 19:00:00,10.68,
2024-12-21 19:15:00,10.63,
2024-12-21 19:30:00,10.62,
2024-12-21 19:45:00,10.6,
2024-12-21 20:00:00,10.6,
2024-12-21 20:15:00,10.6,
2024-12-21 20:30:00,10.61,
2024-12-21 20:45:00,10.62,
2024-12-21 21:00:00,10.63,
2024-12-21 21:15:00,10.64,
2024-12-21 21:30:00,10.64,
2024-12-21 21:45:00,10.65,
2024-12-21 22:00:00,10.65,
2024-12-21 22:15:00,10.64,
2024-12-21 22:30:00,10.65,
2024-12-21 22:45:00,10.65,
2024-12-21 23:00:00,10.64,
2024-12-21 23:15:00,10.65,
2024-12-21 23:30:00,10.65,
2024-12-21 23:45:00,10.64,
2024-12-22 00:00:00,10.63,
2024-12-22 00:15:00,10.63,
2024-12-22 00:30:00,10.63,
2024-12-22 00:45:00,10.62,
2024-12-22 01:00:00,10.62,
2024-12-22 01:15:00,10.62,
2024-12-22 01:30:00,10.62,
2024-12-22 01:45:00,10.62,
2024-12-22 02:00:00,10.61,
2024-12-22 02:15:00,10.62,
2024-12-22 02:30:00,10.63,
2024-12-22 02:45:00,10.63,
2024-12-22 03:00:00,10.63,
2024-12-22 03:15:00,10.63,
2024-12-22 03:30:00,10.64,
2024-12-22 03:45:00,10.66,
2024-12-22 04:00:00,10.67,
2024-12-22 04:15:00,10.67,
2024-12-22 04:30:00,10.67,
2024-12-22 04:45:00,10.67,
2024-12-22 05:00:00,10.68,
2024-12-22 05:15:00,10.69,
2024-12-22 05:30:00,10.69,
2024-12-22 05:45:00,10.7,
2024-12-22 06:00:00,10.7,
2024-12-22 06:15:00,10.7,
2024-12-22 06:30:00,10.7,
2024-12-22 06:45:00,10.7,
2024-12-22 07:00:00,10.7,
2024-12-22 07:15:00,10.7,
2024-12-22 07:30:00,10.7,
2024-12-22 07:45:00,10.71,
2024-12-22 08:00:00,10.71,
2024-12-22 08:15:00,10.71,
2024-12-22 08:30:00,10.72,
2024-12-22 08:45:00,10.73,
2024-12-22 09:00:00,10.73,
2024-12-22 09:15:00,10.75,
2024-12-22 09:30:00,10.81,
2024-12-22 09:45:00,10.88,
2024-12-22 10:00:00,10.95,
2024-12-22 10:15:00,11.0,
2024-12-22 10:30:00,11.09,
2024-12-22 10:45:00,11.17,
2024-12-22 11:00:00,11.28,
2024-12-22 11:15:00,11.41,
2024-12-22 11:30:00,11.52,
2024-12-22 11:45:00,11.62,
2024-12-22 12:00:00,11.69,
2024-12-22 12:15:00,11.73,
2024-12-22 12:30:00,11.77,
2024-12-22 12:45:00,11.81,
2024-12-22 13:00:00,11.85,
2024-12-22 13:15:00,11.82,
2024-12-22 13:30:00,11.81,
2024-12-22 13:45:00,11.78,
2024-12-22 14:00:00,11.75,
2024-12-22 14:15:00,11.71,
2024-12-22 14:30:00,11.68,
2024-12-22 14:45:00,11.64,
2024-12-22 15:00:00,11.61,
2024-12-22 15:15:00,11.54,
2024-12-22 15:30:00,11.49,
2024-12-22 15:45:00,11.41,
2024-12-22 16:00:00,11.37,
2024-12-22 16:15:00,11.32,
2024-12-22 16:30:00,11.25,
2024-12-22 16:45:00,11.18,
2024-12-22 17:00:00,11.09,
2024-12-22 17:15:00,11.01,
2024-12-22 17:30:00,10.89,
2024-12-22 17:45:00,10.79,
2024-12-22 18:00:00,10.68,
2024-12-22 18:15:00,10.61,
2024-12-22 18:30:00,10.53,
2024-12-22 18:45:00,10.47,
2024-12-22 19:00:00,10.41,
2024-12-22 19:15:00,10.39,
2024-12-22 19:30:00,10.35,
2024-12-22 19:45:00,10.32,
2024-12-22 20:00:00,10.3,
2024-12-22 20:15:00,10.31,
2024-12-22 20:30:00,10.29,
2024-12-22 20:45:00,10.29,
2024-12-22 21:00:00,10.28,
2024-12-22 21:15:00,10.29,
2024-12-22 21:30:00,10.27,
2024-12-22 21:45:00,10.28,
2024-12-22 22:00:00,10.28,
2024-12-22 22:15:00,10.28,
2024-12-22 22:30:00,10.27,
2024-12-22 22:45:00,10.28,
2024-12-22 23:00:00,10.27,
2024-12-22 23:15:00,10.28,
2024-12-22 23:30:00,10.27,
2024-12-22 23:45:00,10.27,
2024-12-23 00:00:00,10.27,
2024-12-23 00:15:00,10.28,
2024-12-23 00:30:00,10.28,
2024-12-23 00:45:00,10.27,
2024-12-23 01:00:00,10.28,
2024-12-23 01:15:00,10.28,
2024-12-23 01:30:00,10.27,
2024-12-23 01:45:00,10.27,
2024-12-23 02:00:00,10.27,
2024-12-23 02:15:00,10.26,
2024-12-23 02:30:00,10.26,
2024-12-23 02:45:00,10.26,
2024-12-23 03:00:00,10.26,
2024-12-23 03:15:00,10.26,
2024-12-23 03:30:00,10.26,
2024-12-23 03:45:00,10.26,
2024-12-23 04:00:00,10.25,
2024-12-23 04:15:00,10.25,
2024-12-23 04:30:00,10.25,
2024-12-23 04:45:00,10.25,
2024-12-23 05:00:00,10.25,
2024-12-23 05:15:00,10.26,
2024-12-23 05:30:00,10.25,
2024-12-23 05:45:00,10.26,
2024-12-23 06:00:00,10.24,
2024-12-23 06:15:00,10.24,
2024-12-23 06:30:00,10.24,
2024-12-23 06:45:00,10.23,
2024-12-23 07:00:00,10.24,
2024-12-23 07:15:00,10.22,
2024-12-23 07:30:00,10.22,
2024-12-23 07:45:00,10.23,
2024-12-23 08:00:00,10.22,
2024-12-23 08:15:00,10.22,
2024-12-23 08:30:00,10.22,
2024-12-23 08:45:00,10.21,
2024-12-23 09:00:00,10.21,
2024-12-23 09:15:00,10.22,
2024-12-23 09:30:00,10.23,
2024-12-23 09:45:00,10.24,
2024-12-23 10:00:00,10.25,
2024-12-23 10:15:00,10.28,
2024-12-23 10:30:00,10.33,
2024-12-23 10:45:00,10.36,
2024-12-23 11:00:00,10.4,
2024-12-23 11:15:00,10.45,
2024-12-23 11:30:00,10.5,
2024-12-23 11:45:00,10.59,
2024-12-23 12:00:00,10.66,
2024-12-23 12:15:00,10.72,
2024-12-23 12:30:00,10.76,
2024-12-23 12:45:00,10.8,
2024-12-23 13:00:00,10.85,
2024-12-23 13:15:00,10.86,
2024-12-23 13:30:00,10.92,
2024-12-23 13:45:00,11.03,
2024-12-23 14:00:00,11.14,
2024-12-23 14:15:00,11.19,
2024-12-23 14:30:00,11.28,
2024-12-23 14:45:00,11.35,
2024-12-23 15:00:00,11.35,
2024-12-23 15:15:00,11.27,
2024-12-23 15:30:00,11.19,
2024-12-23 15:45:00,11.11,
2024-12-23 16:00:00,11.03,
2024-12-23 16:15:00,10.98,
2024-12-23 16:30:00,10.95,
2024-12-23 16:45:00,10.86,
2024-12-23 17:00:00,10.8,
2024-12-23 17:15:00,10.77,
2024-12-23 17:30:00,10.67,
2024-12-23 17:45:00,10.59,
2024-12-23 18:00:00,10.51,
2024-12-23 18:15:00,10.42,
2024-12-23 18:30:00,10.32,
2024-12-23 18:45:00,10.22,
2024-12-23 19:00:00,10.16,
2024-12-23 19:15:00,10.1,
2024-12-23 19:30:00,10.06,
2024-12-23 19:45:00,10.05,
2024-12-23 20:00:00,10.03,
2024-12-23 20:15:00,10.02,
2024-12-23 20:30:00,10.01,
2024-12-23 20:45:00,10.01,
2024-12-23 21:00:00,10.01,
2024-12-23 21:15:00,10.02,
2024-12-23 21:30:00,10.03,
2024-12-23 21:45:00,10.03,
2024-12-23 22:00:00,10.04,
2024-12-23 22:15:00,10.04,
2024-12-23 22:30:00,10.03,
2024-12-23 22:45:00,10.03,
2024-12-23 23:00:00,10.05,
2024-12-23 23:15:00,10.05,
2024-12-23 23:30:00,10.06,
2024-12-23 23:45:00,10.07,
2024-12-24 00:00:00,10.07,
2024-12-24 00:15:00,10.08,
2024-12-24 00:30:00,10.08,
2024-12-24 00:45:00,10.07,
2024-12-24 01:00:00,10.09,
2024-12-24 01:15:00,10.1,
2024-12-24 01:30:00,10.11,
2024-12-24 01:45:00,10.12,
2024-12-24 02:00:00,10.12,
2024-12-24 02:15:00,10.14,
2024-12-24 02:30:00,10.14,
2024-12-24 02:45:00,10.15,
2024-12-24 03:00:00,10.14,
2024-12-24 03:15:00,10.17,
2024-12-24 03:30:00,10.17,
2024-12-24 03:45:00,10.17,
2024-12-24 04:00:00,10.18,
2024-12-24 04:15:00,10.18,
2024-12-24 04:30:00,10.18,
2024-12-24 04:45:00,10.17,
2024-12-24 05:00:00,10.17,
2024-12-24 05:15:00,10.18,
2024-12-24 05:30:00,10.19,
2024-12-24 05:45:00,10.17,
2024-12-24 06:00:00,10.18,
2024-12-24 06:15:00,10.18,
2024-12-24 06:30:00,10.18,
2024-12-24 06:45:00,10.18,
2024-12-24 07:00:00,10.18,
2024-12-24 07:15:00,10.19,
2024-12-24 07:30:00,10.19,
2024-12-24 07:45:00,10.18,
2024-12-24 08:00:00,10.2,
2024-12-24 08:15:00,10.19,
2024-12-24 08:30:00,10.19,
2024-12-24 08:45:00,10.2,
2024-12-24 09:00:00,10.21,
2024-12-24 09:15:00,10.22,
2024-12-24 09:30:00,10.26,
2024-12-24 09:45:00,10.3,
2024-12-24 10:00:00,10.35,
2024-12-24 10:15:00,10.45,
2024-12-24 10:30:00,10.53,
2024-12-24 10:45:00,10.62,
2024-12-24 11:00:00,10.73,
2024-12-24 11:15:00,10.83,
2024-12-24 11:30:00,10.92,
2024-12-24 11:45:00,11.0,
2024-12-24 12:00:00,11.1,
2024-12-24 12:15:00,11.16,
2024-12-24 12:30:00,11.19,
2024-12-24 12:45:00,11.25,
2024-12-24 13:00:00,11.31,
2024-12-24 13:15:00,11.35,
2024-12-24 13:30:00,11.35,
2024-12-24 13:45:00,11.34,
2024-12-24 14:00:00,11.34,
2024-12-24 14:15:00,11.35,
2024-12-24 14:30:00,11.39,
2024-12-24 14:45:00,11.39,
2024-12-24 15:00:00,11.39,
2024-12-24 15:15:00,11.4,
2024-12-24 15:30:00,11.37,
2024-12-24 15:45:00,11.36,
2024-12-24 16:00:00,11.28,
2024-12-24 16:15:00,11.2,
2024-12-24 16:30:00,11.09,
2024-12-24 16:45:00,10.95,
2024-12-24 17:00:00,10.84,
2024-12-24 17:15:00,10.73,
2024-12-24 17:30:00,10.62,
2024-12-24 17:45:00,10.52,
2024-12-24 18:00:00,10.42,
2024-12-24 18:15:00,10.33,
2024-12-24 18:30:00,10.26,
2024-12-24 18:45:00,10.21,
2024-12-24 19:00:00,10.16,
2024-12-24 19:15:00,10.12,
2024-12-24 19:30:00,10.09,
2024-12-24 19:45:00,10.07,
2024-12-24 20:00:00,10.07,
2024-12-24 20:15:00,10.05,
2024-12-24 20:30:00,10.05,
2024-12-24 20:45:00,10.05,
2024-12-24 21:00:00,10.04,
2024-12-24 21:15:00,10.05,
2024-12-24 21:30:00,10.05,
2024-12-24 21:45:00,10.05,
2024-12-24 22:00:00,10.06,
2024-12-24 22:15:00,10.06,
2024-12-24 22:30:00,10.06,
2024-12-24 22:45:00,10.06,
2024-12-24 23:00:00,10.07,
2024-12-24 23:15:00,10.07,
2024-12-24 23:30:00,10.07,
2024-12-24 23:45:00,10.07,
2024-12-25 00:00:00,10.08,
2024-12-25 00:15:00,10.08,
2024-12-25 00:30:00,10.08,
2024-12-25 00:45:00,10.09,
2024-12-25 01:00:00,10.09,
2024-12-25 01:15:00,10.09,
2024-12-25 01:30:00,10.1,
2024-12-25 01:45:00,10.1,
2024-12-25 02:00:00,10.1,
2024-12-25 02:15:00,10.11,
2024-12-25 02:30:00,10.11,
2024-12-25 02:45:00,10.12,
2024-12-25 03:00:00,10.11,
2024-12-25 03:15:00,10.12,
2024-12-25 03:30:00,10.12,
2024-12-25 03:45:00,10.12,
2024-12-25 04:00:00,10.13,
2024-12-25 04:15:00,10.13,
2024-12-25 04:30:00,10.13,
2024-12-25 04:45:00,10.14,
2024-12-25 05:00:00,10.14,
2024-12-25 05:15:00,10.14,
2024-12-25 05:30:00,10.13,
2024-12-25 05:45:00,10.14,
2024-12-25 06:00:00,10.14,
2024-12-25 06:15:00,10.15,
2024-12-25 06:30:00,10.15,
2024-12-25 06:45:00,10.15,
2024-12-25 07:00:00,10.16,
2024-12-25 07:15:00,10.16,
2024-12-25 07:30:00,10.17,
2024-12-25 07:45:00,10.17,
2024-12-25 08:00:00,10.17,
2024-12-25 08:15:00,10.19,
2024-12-25 08:30:00,10.19,
2024-12-25 08:45:00,10.2,
2024-12-25 09:00:00,10.2,
2024-12-25 09:15:00,10.22,
2024-12-25 09:30:00,10.23,
2024-12-25 09:45:00,10.25,
2024-12-25 10:00:00,10.29,
2024-12-25 10:15:00,10.34,
2024-12-25 10:30:00,10.37,
2024-12-25 10:45:00,10.45,
2024-12-25 11:00:00,10.53,
2024-12-25 11:15:00,10.6,
2024-12-25 11:30:00,10.68,
2024-12-25 11:45:00,10.73,
2024-12-25 12:00:00,10.84,
2024-12-25 12:15:00,10.91,
2024-12-25 12:30:00,10.97,
2024-12-25 12:45:00,11.02,
2024-12-25 13:00:00,11.09,
2024-12-25 13:15:00,11.14,
2024-12-25 13:30:00,11.2,
2024-12-25 13:45:00,11.25,
2024-12-25 14:00:00,11.28,
2024-12-25 14:15:00,11.27,
2024-12-25 14:30:00,11.26,
2024-12-25 14:45:00,11.24,
2024-12-25 15:00:00,11.21,
2024-12-25 15:15:00,11.15,
2024-12-25 15:30:00,11.11,
2024-12-25 15:45:00,11.09,
2024-12-25 16:00:00,11.04,
2024-12-25 16:15:00,10.96,
2024-12-25 16:30:00,10.9,
2024-12-25 16:45:00,10.82,
2024-12-25 17:00:00,10.72,
2024-12-25 17:15:00,10.63,
2024-12-25 17:30:00,10.55,
2024-12-25 17:45:00,10.47,
2024-12-25 18:00:00,10.4,
2024-12-25 18:15:00,10.33,
2024-12-25 18:30:00,10.28,
2024-12-25 18:45:00,10.25,
2024-12-25 19:00:00,10.21,
2024-12-25 19:15:00,10.19,
2024-12-25 19:30:00,10.17,
2024-12-25 19:45:00,10.17,
2024-12-25 20:00:00,10.17,
2024-12-25 20:15:00,10.17,
2024-12-25 20:30:00,10.16,
2024-12-25 20:45:00,10.17,
2024-12-25 21:00:00,10.17,
2024-12-25 21:15:00,10.16,
2024-12-25 21:30:00,10.16,
2024-12-25 21:45:00,10.17,
2024-12-25 22:00:00,10.17,
2024-12-25 22:15:00,10.18,
2024-12-25 22:30:00,10.18,
2024-12-25 22:45:00,10.19,
2024-12-25 23:00:00,10.19,
2024-12-25 23:15:00,10.2,
2024-12-25 23:30:00,10.21,
2024-12-25 23:45:00,10.21,
2024-12-26 00:00:00,10.21,
2024-12-26 00:15:00,10.21,
2024-12-26 00:30:00,10.21,
2024-12-26 00:45:00,10.21,
2024-12-26 01:00:00,10.21,
2024-12-26 01:15:00,10.2,
2024-12-26 01:30:00,10.21,
2024-12-26 01:45:00,10.2,
2024-12-26 02:00:00,10.2,
2024-12-26 02:15:00,10.2,
2024-12-26 02:30:00,10.2,
2024-12-26 02:45:00,10.21,
2024-12-26 03:00:00,10.21,
2024-12-26 03:15:00,10.21,
2024-12-26 03:30:00,10.21,
2024-12-26 03:45:00,10.21,
2024-12-26 04:00:00,10.22,
2024-12-26 04:15:00,10.22,
2024-12-26 04:30:00,10.21,
2024-12-26 04:45:00,10.22,
2024-12-26 05:00:00,10.22,
2024-12-26 05:15:00,10.21,
2024-12-26 05:30:00,10.22,
2024-12-26 05:45:00,10.21,
2024-12-26 06:00:00,10.22,
2024-12-26 06:15:00,10.22,
2024-12-26 06:30:00,10.21,
2024-12-26 06:45:00,10.22,
2024-12-26 07:00:00,10.21,
2024-12-26 07:15:00,10.21,
2024-12-26 07:30:00,10.22,
2024-12-26 07:45:00,10.22,
2024-12-26 08:00:00,10.22,
2024-12-26 08:15:00,10.23,
2024-12-26 08:30:00,10.24,
2024-12-26 08:45:00,10.24,
2024-12-26 09:00:00,10.25,
2024-12-26 09:15:00,10.25,
2024-12-26 09:30:00,10.27,
2024-12-26 09:45:00,10.29,
2024-12-26 10:00:00,10.32,
2024-12-26 10:15:00,10.36,
2024-12-26 10:30:00,10.42,
2024-12-26 10:45:00,10.52,
2024-12-26 11:00:00,10.66,
2024-12-26 11:15:00,10.82,
2024-12-26 11:30:00,10.94,
2024-12-26 11:45:00,11.07,
2024-12-26 12:00:00,11.14,
2024-12-26 12:15:00,11.25,
2024-12-26 12:30:00,11.25,
2024-12-26 12:45:00,11.26,
2024-12-26 13:00:00,11.28,
2024-12-26 13:15:00,11.26,
2024-12-26 13:30:00,11.27,
2024-12-26 13:45:00,11.31,
2024-12-26 14:00:00,11.33,
2024-12-26 14:15:00,11.34,
2024-12-26 14:30:00,11.29,
2024-12-26 14:45:00,11.23,
2024-12-26 15:00:00,11.18,
2024-12-26 15:15:00,11.12,
2024-12-26 15:30:00,11.04,
2024-12-26 15:45:00,10.94,
2024-12-26 16:00:00,10.88,
2024-12-26 16:15:00,10.92,
2024-12-26 16:30:00,10.89,
2024-12-26 16:45:00,10.84,
2024-12-26 17:00:00,10.77,
2024-12-26 17:15:00,10.7,
2024-12-26 17:30:00,10.62,
2024-12-26 17:45:00,10.55,
2024-12-26 18:00:00,10.48,
2024-12-26 18:15:00,10.4,
2024-12-26 18:30:00,10.33,
2024-12-26 18:45:00,10.28,
2024-12-26 19:00:00,10.25,
2024-12-26 19:15:00,10.21,
2024-12-26 19:30:00,10.19,
2024-12-26 19:45:00,10.18,
2024-12-26 20:00:00,10.17,
2024-12-26 20:15:00,10.17,
2024-12-26 20:30:00,10.17,
2024-12-26 20:45:00,10.17,
2024-12-26 21:00:00,10.18,
2024-12-26 21:15:00,10.19,
2024-12-26 21:30:00,10.2,
2024-12-26 21:45:00,10.21,
2024-12-26 22:00:00,10.22,
2024-12-26 22:15:00,10.23,
2024-12-26 22:30:00,10.22,
2024-12-26 22:45:00,10.22,
2024-12-26 23:00:00,10.22,
2024-12-26 23:15:00,10.23,
2024-12-26 23:30:00,10.23,
2024-12-26 23:45:00,10.24,
2024-12-27 00:00:00,10.25,
2024-12-27 00:15:00,10.25,
2024-12-27 00:30:00,10.26,
2024-12-27 00:45:00,10.27,
2024-12-27 01:00:00,10.27,
2024-12-27 01:15:00,10.27,
2024-12-27 01:30:00,10.28,
2024-12-27 01:45:00,10.28,
2024-12-27 02:00:00,10.28,
2024-12-27 02:15:00,10.29,
2024-12-27 02:30:00,10.28,
2024-12-27 02:45:00,10.29,
2024-12-27 03:00:00,10.29,
2024-12-27 03:15:00,10.28,
2024-12-27 03:30:00,10.28,
2024-12-27 03:45:00,10.28,
2024-12-27 04:00:00,10.3,
2024-12-27 04:15:00,10.3,
2024-12-27 04:30:00,10.29,
2024-12-27 04:45:00,10.3,
2024-12-27 05:00:00,10.3,
2024-12-27 05:15:00,10.31,
2024-12-27 05:30:00,10.3,
2024-12-27 05:45:00,10.3,
2024-12-27 06:00:00,10.29,
2024-12-27 06:15:00,10.31,
2024-12-27 06:30:00,10.31,
2024-12-27 06:45:00,10.29,
2024-12-27 07:00:00,10.3,
2024-12-27 07:15:00,10.3,
2024-12-27 07:30:00,10.3,
2024-12-27 07:45:00,10.31,
2024-12-27 08:00:00,10.29,
2024-12-27 08:15:00,10.31,
2024-12-27 08:30:00,10.29,
2024-12-27 08:45:00,10.29,
2024-12-27 09:00:00,10.3,
2024-12-27 09:15:00,10.31,
2024-12-27 09:30:00,10.32,
2024-12-27 09:45:00,10.32,
2024-12-27 10:00:00,10.36,
2024-12-27 10:15:00,10.4,
2024-12-27 10:30:00,10.42,
2024-12-27 10:45:00,10.48,
2024-12-27 11:00:00,10.57,
2024-12-27 11:15:00,10.64,
2024-12-27 11:30:00,10.7,
2024-12-27 11:45:00,10.78,
2024-12-27 12:00:00,10.88,
2024-12-27 12:15:00,11.0,
2024-12-27 12:30:00,11.09,
2024-12-27 12:45:00,11.17,
2024-12-27 13:00:00,11.25,
2024-12-27 13:15:00,11.24,
2024-12-27 13:30:00,11.22,
2024-12-27 13:45:00,11.22,
2024-12-27 14:00:00,11.17,
2024-12-27 14:15:00,11.0,
2024-12-27 14:30:00,10.91,
2024-12-27 14:45:00,10.91,
2024-12-27 15:00:00,10.93,
2024-12-27 15:15:00,10.94,
2024-12-27 15:30:00,10.97,
2024-12-27 15:45:00,11.0,
2024-12-27 16:00:00,11.01,
2024-12-27 16:15:00,11.07,
2024-12-27 16:30:00,11.06,
2024-12-27 16:45:00,11.01,
2024-12-27 17:00:00,10.99,
2024-12-27 17:15:00,10.94,
2024-12-27 17:30:00,10.83,
2024-12-27 17:45:00,10.73,
2024-12-27 18:00:00,10.61,
2024-12-27 18:15:00,10.49,
2024-12-27 18:30:00,10.39,
2024-12-27 18:45:00,10.34,
2024-12-27 19:00:00,10.3,
2024-12-27 19:15:00,10.27,
2024-12-27 19:30:00,10.23,
2024-12-27 19:45:00,10.22,
2024-12-27 20:00:00,10.21,
2024-12-27 20:15:00,10.21,
2024-12-27 20:30:00,10.21,
2024-12-27 20:45:00,10.22,
2024-12-27 21:00:00,10.24,
2024-12-27 21:15:00,10.24,
2024-12-27 21:30:00,10.24,
2024-12-27 21:45:00,10.26,
2024-12-27 22:00:00,10.26,
2024-12-27 22:15:00,10.26,
2024-12-27 22:30:00,10.27,
2024-12-27 22:45:00,10.28,
2024-12-27 23:00:00,10.27,
2024-12-27 23:15:00,10.28,
2024-12-27 23:30:00,10.29,
2024-12-27 23:45:00,10.28,
2024-12-28 00:00:00,10.29,
2024-12-28 00:15:00,10.3,
2024-12-28 00:30:00,10.29,
2024-12-28 00:45:00,10.29,
2024-12-28 01:00:00,10.29,
2024-12-28 01:15:00,10.29,
2024-12-28 01:30:00,10.3,
2024-12-28 01:45:00,10.3,
2024-12-28 02:00:00,10.3,
2024-12-28 02:15:00,10.31,
2024-12-28 02:30:00,10.3,
2024-12-28 02:45:00,10.31,
2024-12-28 03:00:00,10.3,
2024-12-28 03:15:00,10.32,
2024-12-28 03:30:00,10.32,
2024-12-28 03:45:00,10.3,
2024-12-28 04:00:00,10.31,
2024-12-28 04:15:00,10.31,
2024-12-28 04:30:00,10.3,
2024-12-28 04:45:00,10.29,
2024-12-28 05:00:00,10.3,
2024-12-28 05:15:00,10.29,
2024-12-28 05:30:00,10.3,
2024-12-28 05:45:00,10.3,
2024-12-28 06:00:00,10.29,
2024-12-28 06:15:00,10.29,
2024-12-28 06:30:00,10.28,
2024-12-28 06:45:00,10.29,
2024-12-28 07:00:00,10.29,
2024-12-28 07:15:00,10.27,
2024-12-28 07:30:00,10.27,
2024-12-28 07:45:00,10.27,
2024-12-28 08:00:00,10.26,
2024-12-28 08:15:00,10.27,
2024-12-28 08:30:00,10.27,
2024-12-28 08:45:00,10.27,
2024-12-28 09:00:00,10.27,
2024-12-28 09:15:00,10.27,
2024-12-28 09:30:00,10.27,
2024-12-28 09:45:00,10.28,
2024-12-28 10:00:00,10.31,
2024-12-28 10:15:00,10.36,
2024-12-28 10:30:00,10.41,
2024-12-28 10:45:00,10.47,
2024-12-28 11:00:00,10.49,
2024-12-28 11:15:00,10.57,
2024-12-28 11:30:00,10.63,
2024-12-28 11:45:00,10.63,
2024-12-28 12:00:00,10.72,
2024-12-28 12:15:00,10.8,
2024-12-28 12:30:00,10.81,
2024-12-28 12:45:00,10.83,
2024-12-28 13:00:00,10.84,
2024-12-28 13:15:00,10.8,
2024-12-28 13:30:00,10.77,
2024-12-28 13:45:00,10.75,
2024-12-28 14:00:00,10.77,
2024-12-28 14:15:00,10.75,
2024-12-28 14:30:00,10.77,
2024-12-28 14:45:00,10.84,
2024-12-28 15:00:00,10.84,
2024-12-28 15:15:00,10.78,
2024-12-28 15:30:00,10.75,
2024-12-28 15:45:00,10.69,
2024-12-28 16:00:00,10.63,
2024-12-28 16:15:00,10.6,
2024-12-28 16:30:00,10.55,
2024-12-28 16:45:00,10.46,
2024-12-28 17:00:00,10.4,
2024-12-28 17:15:00,10.33,
2024-12-28 17:30:00,10.27,
2024-12-28 17:45:00,10.2,
2024-12-28 18:00:00,10.15,
2024-12-28 18:15:00,10.11,
2024-12-28 18:30:00,10.08,
2024-12-28 18:45:00,10.06,
2024-12-28 19:00:00,10.05,
2024-12-28 19:15:00,10.04,
2024-12-28 19:30:00,10.02,
2024-12-28 19:45:00,10.03,
2024-12-28 20:00:00,10.02,
2024-12-28 20:15:00,10.02,
2024-12-28 20:30:00,10.02,
2024-12-28 20:45:00,10.03,
2024-12-28 21:00:00,10.04,
2024-12-28 21:15:00,10.05,
2024-12-28 21:30:00,10.05,
2024-12-28 21:45:00,10.06,
2024-12-28 22:00:00,10.06,
2024-12-28 22:15:00,10.08,
2024-12-28 22:30:00,10.09,
2024-12-28 22:45:00,10.08,
2024-12-28 23:00:00,10.1,
2024-12-28 23:15:00,10.11,
2024-12-28 23:30:00,10.11,
2024-12-28 23:45:00,10.12,
2024-12-29 00:00:00,10.13,
2024-12-29 00:15:00,10.14,
2024-12-29 00:30:00,10.13,
2024-12-29 00:45:00,10.14,
2024-12-29 01:00:00,10.14,
2024-12-29 01:15:00,10.14,
2024-12-29 01:30:00,10.15,
2024-12-29 01:45:00,10.14,
2024-12-29 02:00:00,10.15,
2024-12-29 02:15:00,10.15,
2024-12-29 02:30:00,10.15,
2024-12-29 02:45:00,10.16,
2024-12-29 03:00:00,10.15,
2024-12-29 03:15:00,10.14,
2024-12-29 03:30:00,10.15,
2024-12-29 03:45:00,10.15,
2024-12-29 04:00:00,10.14,
2024-12-29 04:15:00,10.13,
2024-12-29 04:30:00,10.13,
2024-12-29 04:45:00,10.13,
2024-12-29 05:00:00,10.12,
2024-12-29 05:15:00,10.12,
2024-12-29 05:30:00,10.12,
2024-12-29 05:45:00,10.12,
2024-12-29 06:00:00,10.11,
2024-12-29 06:15:00,10.11,
2024-12-29 06:30:00,10.12,
2024-12-29 06:45:00,10.11,
2024-12-29 07:00:00,10.12,
2024-12-29 07:15:00,10.12,
2024-12-29 07:30:00,10.13,
2024-12-29 07:45:00,10.11,
2024-12-29 08:00:00,10.13,
2024-12-29 08:15:00,10.13,
2024-12-29 08:30:00,10.14,
2024-12-29 08:45:00,10.15,
2024-12-29 09:00:00,10.15,
2024-12-29 09:15:00,10.16,
2024-12-29 09:30:00,10.18,
2024-12-29 09:45:00,10.22,
2024-12-29 10:00:00,10.26,
2024-12-29 10:15:00,10.33,
2024-12-29 10:30:00,10.38,
2024-12-29 10:45:00,10.43,
2024-12-29 11:00:00,10.5,
2024-12-29 11:15:00,10.61,
2024-12-29 11:30:00,10.72,
2024-12-29 11:45:00,10.8,
2024-12-29 12:00:00,10.87,
2024-12-29 12:15:00,10.96,
2024-12-29 12:30:00,10.99,
2024-12-29 12:45:00,11.0,
2024-12-29 13:00:00,11.05,
2024-12-29 13:15:00,11.13,
2024-12-29 13:30:00,11.19,
2024-12-29 13:45:00,11.22,
2024-12-29 14:00:00,11.23,
2024-12-29 14:15:00,11.16,
2024-12-29 14:30:00,11.09,
2024-12-29 14:45:00,10.98,
2024-12-29 15:00:00,10.87,
2024-12-29 15:15:00,10.79,
2024-12-29 15:30:00,10.69,
2024-12-29 15:45:00,10.62,
2024-12-29 16:00:00,10.55,
2024-12-29 16:15:00,10.46,
2024-12-29 16:30:00,10.39,
2024-12-29 16:45:00,10.34,
2024-12-29 17:00:00,10.29,
2024-12-29 17:15:00,10.22,
2024-12-29 17:30:00,10.17,
2024-12-29 17:45:00,10.13,
2024-12-29 18:00:00,10.09,
2024-12-29 18:15:00,10.04,
2024-12-29 18:30:00,10.03,
2024-12-29 18:45:00,10.0,
2024-12-29 19:00:00,9.98,
2024-12-29 19:15:00,9.97,
2024-12-29 19:30:00,9.95,
2024-12-29 19:45:00,9.94,
2024-12-29 20:00:00,9.92,
2024-12-29 20:15:00,9.93,
2024-12-29 20:30:00,9.92,
2024-12-29 20:45:00,9.92,
2024-12-29 21:00:00,9.93,
2024-12-29 21:15:00,9.94,
2024-12-29 21:30:00,9.94,
2024-12-29 21:45:00,9.95,
2024-12-29 22:00:00,9.95,
2024-12-29 22:15:00,9.94,
2024-12-29 22:30:00,9.96,
2024-12-29 22:45:00,9.95,
2024-12-29 23:00:00,9.96,
2024-12-29 23:15:00,9.97,
2024-12-29 23:30:00,9.98,
2024-12-29 23:45:00,9.97,
2024-12-30 00:00:00,9.98,
2024-12-30 00:15:00,9.98,
2024-12-30 00:30:00,9.99,
2024-12-30 00:45:00,10.0,
2024-12-30 01:00:00,10.01,
2024-12-30 01:15:00,10.01,
2024-12-30 01:30:00,10.03,
2024-12-30 01:45:00,10.04,
2024-12-30 02:00:00,10.04,
2024-12-30 02:15:00,10.05,
2024-12-30 02:30:00,10.06,
2024-12-30 02:45:00,10.07,
2024-12-30 03:00:00,10.08,
2024-12-30 03:15:00,10.08,
2024-12-30 03:30:00,10.09,
2024-12-30 03:45:00,10.1,
2024-12-30 04:00:00,10.11,
2024-12-30 04:15:00,10.11,
2024-12-30 04:30:00,10.12,
2024-12-30 04:45:00,10.12,
2024-12-30 05:00:00,10.12,
2024-12-30 05:15:00,10.13,
2024-12-30 05:30:00,10.14,
2024-12-30 05:45:00,10.14,
2024-12-30 06:00:00,10.15,
2024-12-30 06:15:00,10.17,
2024-12-30 06:30:00,10.16,
2024-12-30 06:45:00,10.18,
2024-12-30 07:00:00,10.2,
2024-12-30 07:15:00,10.2,
2024-12-30 07:30:00,10.21,
2024-12-30 07:45:00,10.22,
2024-12-30 08:00:00,10.23,
2024-12-30 08:15:00,10.24,
2024-12-30 08:30:00,10.24,
2024-12-30 08:45:00,10.25,
2024-12-30 09:00:00,10.26,
2024-12-30 09:15:00,10.29,
2024-12-30 09:30:00,10.32,
2024-12-30 09:45:00,10.36,
2024-12-30 10:00:00,10.43,
2024-12-30 10:15:00,10.51,
2024-12-30 10:30:00,10.58,
2024-12-30 10:45:00,10.67,
2024-12-30 11:00:00,10.76,
2024-12-30 11:15:00,10.9,
2024-12-30 11:30:00,11.0,
2024-12-30 11:45:00,11.1,
2024-12-30 12:00:00,11.19,
2024-12-30 12:15:00,11.27,
2024-12-30 12:30:00,11.34,
2024-12-30 12:45:00,11.36,
2024-12-30 13:00:00,11.4,
2024-12-30 13:15:00,11.39,
2024-12-30 13:30:00,11.36,
2024-12-30 13:45:00,11.35,
2024-12-30 14:00:00,11.37,
2024-12-30 14:15:00,11.35,
2024-12-30 14:30:00,11.35,
2024-12-30 14:45:00,11.36,
2024-12-30 15:00:00,11.36,
2024-12-30 15:15:00,11.35,
2024-12-30 15:30:00,11.35,
2024-12-30 15:45:00,11.35,
2024-12-30 16:00:00,11.36,
2024-12-30 16:15:00,11.37,
2024-12-30 16:30:00,11.37,
2024-12-30 16:45:00,11.35,
2024-12-30 17:00:00,11.33,
2024-12-30 17:15:00,11.3,
2024-12-30 17:30:00,11.23,
2024-12-30 17:45:00,11.12,
2024-12-30 18:00:00,11.0,
2024-12-30 18:15:00,10.88,
2024-12-30 18:30:00,10.76,
2024-12-30 18:45:00,10.66,
2024-12-30 19:00:00,10.58,
2024-12-30 19:15:00,10.52,
2024-12-30 19:30:00,10.48,
2024-12-30 19:45:00,10.46,
2024-12-30 20:00:00,10.46,
2024-12-30 20:15:00,10.45,
2024-12-30 20:30:00,10.44,
2024-12-30 20:45:00,10.46,
2024-12-30 21:00:00,10.45,
2024-12-30 21:15:00,10.47,
2024-12-30 21:30:00,10.48,
2024-12-30 21:45:00,10.49,
2024-12-30 22:00:00,10.49,
2024-12-30 22:15:00,10.51,
2024-12-30 22:30:00,10.52,
2024-12-30 22:45:00,10.53,
2024-12-30 23:00:00,10.54,
2024-12-30 23:15:00,10.55,
2024-12-30 23:30:00,10.56,
2024-12-30 23:45:00,10.58,
2024-12-31 00:00:00,10.58,
2024-12-31 00:15:00,10.6,
2024-12-31 00:30:00,10.61,
2024-12-31 00:45:00,10.61,
2024-12-31 01:00:00,10.63,
2024-12-31 01:15:00,10.64,
2024-12-31 01:30:00,10.65,
2024-12-31 01:45:00,10.66,
2024-12-31 02:00:00,10.67,
2024-12-31 02:15:00,10.67,
2024-12-31 02:30:00,10.69,
2024-12-31 02:45:00,10.69,
2024-12-31 03:00:00,10.7,
2024-12-31 03:15:00,10.72,
2024-12-31 03:30:00,10.73,
2024-12-31 03:45:00,10.73,
2024-12-31 04:00:00,10.75,
2024-12-31 04:15:00,10.74,
2024-12-31 04:30:00,10.78,
2024-12-31 04:45:00,10.78,
2024-12-31 05:00:00,10.8,
2024-12-31 05:15:00,10.8,
2024-12-31 05:30:00,10.83,
2024-12-31 05:45:00,10.83,
2024-12-31 06:00:00,10.85,
2024-12-31 06:15:00,10.85,
2024-12-31 06:30:00,10.87,
2024-12-31 06:45:00,10.88,
2024-12-31 07:00:00,10.89,
2024-12-31 07:15:00,10.89,
2024-12-31 07:30:00,10.91,
2024-12-31 07:45:00,10.91,
2024-12-31 08:00:00,10.93,
2024-12-31 08:15:00,10.93,
2024-12-31 08:30:00,10.95,
2024-12-31 08:45:00,10.95,
2024-12-31 09:00:00,10.98,
2024-12-31 09:15:00,10.99,
2024-12-31 09:30:00,11.02,
2024-12-31 09:45:00,11.08,
2024-12-31 10:00:00,11.14,
2024-12-31 10:15:00,11.22,
2024-12-31 10:30:00,11.32,
2024-12-31 10:45:00,11.4,
2024-12-31 11:00:00,11.5,
2024-12-31 11:15:00,11.58,
2024-12-31 11:30:00,11.66,
2024-12-31 11:45:00,11.75,
2024-12-31 12:00:00,11.81,
2024-12-31 12:15:00,11.88,
2024-12-31 12:30:00,11.93,
2024-12-31 12:45:00,12.0,
2024-12-31 13:00:00,12.02,
2024-12-31 13:15:00,12.05,
2024-12-31 13:30:00,12.08,
2024-12-31 13:45:00,12.1,
2024-12-31 14:00:00,12.09,
2024-12-31 14:15:00,12.09,
2024-12-31 14:30:00,12.08,
2024-12-31 14:45:00,12.07,
2024-12-31 15:00:00,12.01,
2024-12-31 15:15:00,11.95,
2024-12-31 15:30:00,11.9,
2024-12-31 15:45:00,11.86,
2024-12-31 16:00:00,11.82,
2024-12-31 16:15:00,11.77,
2024-12-31 16:30:00,11.72,
2024-12-31 16:45:00,11.66,
2024-12-31 17:00:00,11.61,
2024-12-31 17:15:00,11.55,
2024-12-31 17:30:00,11.47,
2024-12-31 17:45:00,11.36,
2024-12-31 18:00:00,11.28,
2024-12-31 18:15:00,11.17,
2024-12-31 18:30:00,11.07,
2024-12-31 18:45:00,10.98,
2024-12-31 19:00:00,10.91,
2024-12-31 19:15:00,10.87,
2024-12-31 19:30:00,10.84,
2024-12-31 19:45:00,10.82,
2024-12-31 20:00:00,10.82,
2024-12-31 20:15:00,10.82,
2024-12-31 20:30:00,10.83,
2024-12-31 20:45:00,10.84,
2024-12-31 21:00:00,10.86,
2024-12-31 21:15:00,10.87,
2024-12-31 21:30:00,10.9,
2024-12-31 21:45:00,10.91,
2024-12-31 22:00:00,10.92,
2024-12-31 22:15:00,10.94,
2024-12-31 22:30:00,10.95,
2024-12-31 22:45:00,10.96,
2024-12-31 23:00:00,10.98,
2024-12-31 23:15:00,10.98,
2024-12-31 23:30:00,11.01,
2024-12-31 23:45:00,11.02,
