LocalDateTime,ODO_QC1,QualifierCode
2023-01-01 00:00:00,,ICE
2023-01-01 00:15:00,,ICE
2023-01-01 00:30:00,,ICE
2023-01-01 00:45:00,,ICE
2023-01-01 01:00:00,,ICE
2023-01-01 01:15:00,,ICE
2023-01-01 01:30:00,,ICE
2023-01-01 01:45:00,,ICE
2023-01-01 02:00:00,,ICE
2023-01-01 02:15:00,,ICE
2023-01-01 02:30:00,,ICE
2023-01-01 02:45:00,,ICE
2023-01-01 03:00:00,,ICE
2023-01-01 03:15:00,,ICE
2023-01-01 03:30:00,,ICE
2023-01-01 03:45:00,,ICE
2023-01-01 04:00:00,,ICE
2023-01-01 04:15:00,,ICE
2023-01-01 04:30:00,,ICE
2023-01-01 04:45:00,,ICE
2023-01-01 05:00:00,,ICE
2023-01-01 05:15:00,,ICE
2023-01-01 05:30:00,,ICE
2023-01-01 05:45:00,,ICE
2023-01-01 06:00:00,,ICE
2023-01-01 06:15:00,,ICE
2023-01-01 06:30:00,,ICE
2023-01-01 06:45:00,,ICE
2023-01-01 07:00:00,,ICE
2023-01-01 07:15:00,,ICE
2023-01-01 07:30:00,,ICE
2023-01-01 07:45:00,,ICE
2023-01-01 08:00:00,,ICE
2023-01-01 08:15:00,,ICE
2023-01-01 08:30:00,,ICE
2023-01-01 08:45:00,,ICE
2023-01-01 09:00:00,,ICE
2023-01-01 09:15:00,,ICE
2023-01-01 09:30:00,,ICE
2023-01-01 09:45:00,,ICE
2023-01-01 10:00:00,,ICE
2023-01-01 10:15:00,,ICE
2023-01-01 10:30:00,,ICE
2023-01-01 10:45:00,,ICE
2023-01-01 11:00:00,,ICE
2023-01-01 11:15:00,,ICE
2023-01-01 11:30:00,,ICE
2023-01-01 11:45:00,,ICE
2023-01-01 12:00:00,,ICE
2023-01-01 12:15:00,,ICE
2023-01-01 12:30:00,,ICE
2023-01-01 12:45:00,,ICE
2023-01-01 13:00:00,,ICE
2023-01-01 13:15:00,,ICE
2023-01-01 13:30:00,,ICE
2023-01-01 13:45:00,,ICE
2023-01-01 14:00:00,,ICE
2023-01-01 14:15:00,,ICE
2023-01-01 14:30:00,,ICE
2023-01-01 14:45:00,,ICE
2023-01-01 15:00:00,,ICE
2023-01-01 15:15:00,,ICE
2023-01-01 15:30:00,,ICE
2023-01-01 15:45:00,,ICE
2023-01-01 16:00:00,,ICE
2023-01-01 16:15:00,,ICE
2023-01-01 16:30:00,,ICE
2023-01-01 16:45:00,,ICE
2023-01-01 17:00:00,,ICE
2023-01-01 17:15:00,,ICE
2023-01-01 17:30:00,,ICE
2023-01-01 17:45:00,,ICE
2023-01-01 18:00:00,,ICE
2023-01-01 18:15:00,,ICE
2023-01-01 18:30:00,,ICE
2023-01-01 18:45:00,,ICE
2023-01-01 19:00:00,,ICE
2023-01-01 19:15:00,,ICE
2023-01-01 19:30:00,,ICE
2023-01-01 19:45:00,,ICE
2023-01-01 20:00:00,,ICE
2023-01-01 20:15:00,,ICE
2023-01-01 20:30:00,,ICE
2023-01-01 20:45:00,,ICE
2023-01-01 21:00:00,,ICE
2023-01-01 21:15:00,,ICE
2023-01-01 21:30:00,,ICE
2023-01-01 21:45:00,,ICE
2023-01-01 22:00:00,,ICE
2023-01-01 22:15:00,,ICE
2023-01-01 22:30:00,,ICE
2023-01-01 22:45:00,,ICE
2023-01-01 23:00:00,,ICE
2023-01-01 23:15:00,,ICE
2023-01-01 23:30:00,,ICE
2023-01-01 23:45:00,,ICE
2023-01-02 00:00:00,,ICE
2023-01-02 00:15:00,,ICE
2023-01-02 00:30:00,,ICE
2023-01-02 00:45:00,,ICE
2023-01-02 01:00:00,,ICE
2023-01-02 01:15:00,,ICE
2023-01-02 01:30:00,,ICE
2023-01-02 01:45:00,,ICE
2023-01-02 02:00:00,,ICE
2023-01-02 02:15:00,,ICE
2023-01-02 02:30:00,,ICE
2023-01-02 02:45:00,,ICE
2023-01-02 03:00:00,,ICE
2023-01-02 03:15:00,,ICE
2023-01-02 03:30:00,,ICE
2023-01-02 03:45:00,,ICE
2023-01-02 04:00:00,,ICE
2023-01-02 04:15:00,,ICE
2023-01-02 04:30:00,,ICE
2023-01-02 04:45:00,,ICE
2023-01-02 05:00:00,,ICE
2023-01-02 05:15:00,,ICE
2023-01-02 05:30:00,,ICE
2023-01-02 05:45:00,,ICE
2023-01-02 06:00:00,,ICE
2023-01-02 06:15:00,,ICE
2023-01-02 06:30:00,,ICE
2023-01-02 06:45:00,,ICE
2023-01-02 07:00:00,,ICE
2023-01-02 07:15:00,,ICE
2023-01-02 07:30:00,,ICE
2023-01-02 07:45:00,,ICE
2023-01-02 08:00:00,,ICE
2023-01-02 08:15:00,,ICE
2023-01-02 08:30:00,,ICE
2023-01-02 08:45:00,,ICE
2023-01-02 09:00:00,,ICE
2023-01-02 09:15:00,,ICE
2023-01-02 09:30:00,,ICE
2023-01-02 09:45:00,,ICE
2023-01-02 10:00:00,,ICE
2023-01-02 10:15:00,,ICE
2023-01-02 10:30:00,,ICE
2023-01-02 10:45:00,,ICE
2023-01-02 11:00:00,,ICE
2023-01-02 11:15:00,,ICE
2023-01-02 11:30:00,,ICE
2023-01-02 11:45:00,,ICE
2023-01-02 12:00:00,,ICE
2023-01-02 12:15:00,,ICE
2023-01-02 12:30:00,,ICE
2023-01-02 12:45:00,,ICE
2023-01-02 13:00:00,,ICE
2023-01-02 13:15:00,,ICE
2023-01-02 13:30:00,,ICE
2023-01-02 13:45:00,,ICE
2023-01-02 14:00:00,,ICE
2023-01-02 14:15:00,,ICE
2023-01-02 14:30:00,,ICE
2023-01-02 14:45:00,,ICE
2023-01-02 15:00:00,,ICE
2023-01-02 15:15:00,,ICE
2023-01-02 15:30:00,,ICE
2023-01-02 15:45:00,,ICE
2023-01-02 16:00:00,,ICE
2023-01-02 16:15:00,,ICE
2023-01-02 16:30:00,,ICE
2023-01-02 16:45:00,,ICE
2023-01-02 17:00:00,,ICE
2023-01-02 17:15:00,,ICE
2023-01-02 17:30:00,,ICE
2023-01-02 17:45:00,,ICE
2023-01-02 18:00:00,,ICE
2023-01-02 18:15:00,,ICE
2023-01-02 18:30:00,,ICE
2023-01-02 18:45:00,,ICE
2023-01-02 19:00:00,,ICE
2023-01-02 19:15:00,,ICE
2023-01-02 19:30:00,,ICE
2023-01-02 19:45:00,,ICE
2023-01-02 20:00:00,,ICE
2023-01-02 20:15:00,,ICE
2023-01-02 20:30:00,,ICE
2023-01-02 20:45:00,,ICE
2023-01-02 21:00:00,,ICE
2023-01-02 21:15:00,,ICE
2023-01-02 21:30:00,,ICE
2023-01-02 21:45:00,,ICE
2023-01-02 22:00:00,,ICE
2023-01-02 22:15:00,,ICE
2023-01-02 22:30:00,,ICE
2023-01-02 22:45:00,,ICE
2023-01-02 23:00:00,,ICE
2023-01-02 23:15:00,,ICE
2023-01-02 23:30:00,,ICE
2023-01-02 23:45:00,,ICE
2023-01-03 00:00:00,,ICE
2023-01-03 00:15:00,,ICE
2023-01-03 00:30:00,,ICE
2023-01-03 00:45:00,,ICE
2023-01-03 01:00:00,,ICE
2023-01-03 01:15:00,,ICE
2023-01-03 01:30:00,,ICE
2023-01-03 01:45:00,,ICE
2023-01-03 02:00:00,,ICE
2023-01-03 02:15:00,,ICE
2023-01-03 02:30:00,,ICE
2023-01-03 02:45:00,,ICE
2023-01-03 03:00:00,,ICE
2023-01-03 03:15:00,,ICE
2023-01-03 03:30:00,,ICE
2023-01-03 03:45:00,,ICE
2023-01-03 04:00:00,,ICE
2023-01-03 04:15:00,,ICE
2023-01-03 04:30:00,,ICE
2023-01-03 04:45:00,,ICE
2023-01-03 05:00:00,,ICE
2023-01-03 05:15:00,,ICE
2023-01-03 05:30:00,,ICE
2023-01-03 05:45:00,,ICE
2023-01-03 06:00:00,,ICE
2023-01-03 06:15:00,,ICE
2023-01-03 06:30:00,,ICE
2023-01-03 06:45:00,,ICE
2023-01-03 07:00:00,,ICE
2023-01-03 07:15:00,,ICE
2023-01-03 07:30:00,,ICE
2023-01-03 07:45:00,,ICE
2023-01-03 08:00:00,,ICE
2023-01-03 08:15:00,,ICE
2023-01-03 08:30:00,,ICE
2023-01-03 08:45:00,,ICE
2023-01-03 09:00:00,,ICE
2023-01-03 09:15:00,,ICE
2023-01-03 09:30:00,,ICE
2023-01-03 09:45:00,,ICE
2023-01-03 10:00:00,,ICE
2023-01-03 10:15:00,,ICE
2023-01-03 10:30:00,,ICE
2023-01-03 10:45:00,,ICE
2023-01-03 11:00:00,,ICE
2023-01-03 11:15:00,,ICE
2023-01-03 11:30:00,,ICE
2023-01-03 11:45:00,,ICE
2023-01-03 12:00:00,,ICE
2023-01-03 12:15:00,,ICE
2023-01-03 12:30:00,,ICE
2023-01-03 12:45:00,,ICE
2023-01-03 13:00:00,,ICE
2023-01-03 13:15:00,,ICE
2023-01-03 13:30:00,,ICE
2023-01-03 13:45:00,,ICE
2023-01-03 14:00:00,,ICE
2023-01-03 14:15:00,,ICE
2023-01-03 14:30:00,,ICE
2023-01-03 14:45:00,,ICE
2023-01-03 15:00:00,,ICE
2023-01-03 15:15:00,,ICE
2023-01-03 15:30:00,,ICE
2023-01-03 15:45:00,,ICE
2023-01-03 16:00:00,,ICE
2023-01-03 16:15:00,,ICE
2023-01-03 16:30:00,,ICE
2023-01-03 16:45:00,,ICE
2023-01-03 17:00:00,,ICE
2023-01-03 17:15:00,,ICE
2023-01-03 17:30:00,,ICE
2023-01-03 17:45:00,,ICE
2023-01-03 18:00:00,,ICE
2023-01-03 18:15:00,,ICE
2023-01-03 18:30:00,,ICE
2023-01-03 18:45:00,,ICE
2023-01-03 19:00:00,,ICE
2023-01-03 19:15:00,,ICE
2023-01-03 19:30:00,,ICE
2023-01-03 19:45:00,,ICE
2023-01-03 20:00:00,,ICE
2023-01-03 20:15:00,,ICE
2023-01-03 20:30:00,,ICE
2023-01-03 20:45:00,,ICE
2023-01-03 21:00:00,,ICE
2023-01-03 21:15:00,,ICE
2023-01-03 21:30:00,,ICE
2023-01-03 21:45:00,,ICE
2023-01-03 22:00:00,,ICE
2023-01-03 22:15:00,,ICE
2023-01-03 22:30:00,,ICE
2023-01-03 22:45:00,,ICE
2023-01-03 23:00:00,,ICE
2023-01-03 23:15:00,,ICE
2023-01-03 23:30:00,,ICE
2023-01-03 23:45:00,,ICE
2023-01-04 00:00:00,,ICE
2023-01-04 00:15:00,,ICE
2023-01-04 00:30:00,,ICE
2023-01-04 00:45:00,,ICE
2023-01-04 01:00:00,,ICE
2023-01-04 01:15:00,,ICE
2023-01-04 01:30:00,,ICE
2023-01-04 01:45:00,,ICE
2023-01-04 02:00:00,,ICE
2023-01-04 02:15:00,,ICE
2023-01-04 02:30:00,,ICE
2023-01-04 02:45:00,,ICE
2023-01-04 03:00:00,,ICE
2023-01-04 03:15:00,,ICE
2023-01-04 03:30:00,,ICE
2023-01-04 03:45:00,,ICE
2023-01-04 04:00:00,,ICE
2023-01-04 04:15:00,,ICE
2023-01-04 04:30:00,,ICE
2023-01-04 04:45:00,,ICE
2023-01-04 05:00:00,,ICE
2023-01-04 05:15:00,,ICE
2023-01-04 05:30:00,,ICE
2023-01-04 05:45:00,,ICE
2023-01-04 06:00:00,,ICE
2023-01-04 06:15:00,,ICE
2023-01-04 06:30:00,,ICE
2023-01-04 06:45:00,,ICE
2023-01-04 07:00:00,,ICE
2023-01-04 07:15:00,,ICE
2023-01-04 07:30:00,,ICE
2023-01-04 07:45:00,,ICE
2023-01-04 08:00:00,,ICE
2023-01-04 08:15:00,,ICE
2023-01-04 08:30:00,,ICE
2023-01-04 08:45:00,,ICE
2023-01-04 09:00:00,,ICE
2023-01-04 09:15:00,,ICE
2023-01-04 09:30:00,,ICE
2023-01-04 09:45:00,,ICE
2023-01-04 10:00:00,,ICE
2023-01-04 10:15:00,,ICE
2023-01-04 10:30:00,,ICE
2023-01-04 10:45:00,,ICE
2023-01-04 11:00:00,,ICE
2023-01-04 11:15:00,,ICE
2023-01-04 11:30:00,,ICE
2023-01-04 11:45:00,,ICE
2023-01-04 12:00:00,,ICE
2023-01-04 12:15:00,,ICE
2023-01-04 12:30:00,,ICE
2023-01-04 12:45:00,,ICE
2023-01-04 13:00:00,,ICE
2023-01-04 13:15:00,,ICE
2023-01-04 13:30:00,,ICE
2023-01-04 13:45:00,,ICE
2023-01-04 14:00:00,,ICE
2023-01-04 14:15:00,,ICE
2023-01-04 14:30:00,,ICE
2023-01-04 14:45:00,,ICE
2023-01-04 15:00:00,,ICE
2023-01-04 15:15:00,,ICE
2023-01-04 15:30:00,,ICE
2023-01-04 15:45:00,,ICE
2023-01-04 16:00:00,,ICE
2023-01-04 16:15:00,,ICE
2023-01-04 16:30:00,,ICE
2023-01-04 16:45:00,,ICE
2023-01-04 17:00:00,,ICE
2023-01-04 17:15:00,,ICE
2023-01-04 17:30:00,,ICE
2023-01-04 17:45:00,,ICE
2023-01-04 18:00:00,,ICE
2023-01-04 18:15:00,,ICE
2023-01-04 18:30:00,,ICE
2023-01-04 18:45:00,,ICE
2023-01-04 19:00:00,,ICE
2023-01-04 19:15:00,,ICE
2023-01-04 19:30:00,,ICE
2023-01-04 19:45:00,,ICE
2023-01-04 20:00:00,,ICE
2023-01-04 20:15:00,,ICE
2023-01-04 20:30:00,,ICE
2023-01-04 20:45:00,,ICE
2023-01-04 21:00:00,,ICE
2023-01-04 21:15:00,,ICE
2023-01-04 21:30:00,,ICE
2023-01-04 21:45:00,,ICE
2023-01-04 22:00:00,,ICE
2023-01-04 22:15:00,,ICE
2023-01-04 22:30:00,,ICE
2023-01-04 22:45:00,,ICE
2023-01-04 23:00:00,,ICE
2023-01-04 23:15:00,,ICE
2023-01-04 23:30:00,,ICE
2023-01-04 23:45:00,,ICE
2023-01-05 00:00:00,,ICE
2023-01-05 00:15:00,,ICE
2023-01-05 00:30:00,,ICE
2023-01-05 00:45:00,,ICE
2023-01-05 01:00:00,,ICE
2023-01-05 01:15:00,,ICE
2023-01-05 01:30:00,,ICE
2023-01-05 01:45:00,,ICE
2023-01-05 02:00:00,,ICE
2023-01-05 02:15:00,,ICE
2023-01-05 02:30:00,,ICE
2023-01-05 02:45:00,,ICE
2023-01-05 03:00:00,,ICE
2023-01-05 03:15:00,,ICE
2023-01-05 03:30:00,,ICE
2023-01-05 03:45:00,,ICE
2023-01-05 04:00:00,,ICE
2023-01-05 04:15:00,,ICE
2023-01-05 04:30:00,,ICE
2023-01-05 04:45:00,,ICE
2023-01-05 05:00:00,,ICE
2023-01-05 05:15:00,,ICE
2023-01-05 05:30:00,,ICE
2023-01-05 05:45:00,,ICE
2023-01-05 06:00:00,,ICE
2023-01-05 06:15:00,,ICE
2023-01-05 06:30:00,,ICE
2023-01-05 06:45:00,,ICE
2023-01-05 07:00:00,,ICE
2023-01-05 07:15:00,,ICE
2023-01-05 07:30:00,,ICE
2023-01-05 07:45:00,,ICE
2023-01-05 08:00:00,,ICE
2023-01-05 08:15:00,,ICE
2023-01-05 08:30:00,,ICE
2023-01-05 08:45:00,,ICE
2023-01-05 09:00:00,,ICE
2023-01-05 09:15:00,,ICE
2023-01-05 09:30:00,,ICE
2023-01-05 09:45:00,,ICE
2023-01-05 10:00:00,,ICE
2023-01-05 10:15:00,,ICE
2023-01-05 10:30:00,,ICE
2023-01-05 10:45:00,,ICE
2023-01-05 11:00:00,,ICE
2023-01-05 11:15:00,,ICE
2023-01-05 11:30:00,,ICE
2023-01-05 11:45:00,,ICE
2023-01-05 12:00:00,,ICE
2023-01-05 12:15:00,,ICE
2023-01-05 12:30:00,,ICE
2023-01-05 12:45:00,,ICE
2023-01-05 13:00:00,,ICE
2023-01-05 13:15:00,,ICE
2023-01-05 13:30:00,,ICE
2023-01-05 13:45:00,,ICE
2023-01-05 14:00:00,,ICE
2023-01-05 14:15:00,,ICE
2023-01-05 14:30:00,,ICE
2023-01-05 14:45:00,,ICE
2023-01-05 15:00:00,,ICE
2023-01-05 15:15:00,,ICE
2023-01-05 15:30:00,,ICE
2023-01-05 15:45:00,,ICE
2023-01-05 16:00:00,,ICE
2023-01-05 16:15:00,,ICE
2023-01-05 16:30:00,,ICE
2023-01-05 16:45:00,,ICE
2023-01-05 17:00:00,,ICE
2023-01-05 17:15:00,,ICE
2023-01-05 17:30:00,,ICE
2023-01-05 17:45:00,,ICE
2023-01-05 18:00:00,,ICE
2023-01-05 18:15:00,,ICE
2023-01-05 18:30:00,,ICE
2023-01-05 18:45:00,,ICE
2023-01-05 19:00:00,,ICE
2023-01-05 19:15:00,,ICE
2023-01-05 19:30:00,,ICE
2023-01-05 19:45:00,,ICE
2023-01-05 20:00:00,,ICE
2023-01-05 20:15:00,,ICE
2023-01-05 20:30:00,,ICE
2023-01-05 20:45:00,,ICE
2023-01-05 21:00:00,,ICE
2023-01-05 21:15:00,,ICE
2023-01-05 21:30:00,,ICE
2023-01-05 21:45:00,,ICE
2023-01-05 22:00:00,,ICE
2023-01-05 22:15:00,,ICE
2023-01-05 22:30:00,,ICE
2023-01-05 22:45:00,,ICE
2023-01-05 23:00:00,,ICE
2023-01-05 23:15:00,,ICE
2023-01-05 23:30:00,,ICE
2023-01-05 23:45:00,,ICE
2023-01-06 00:00:00,,ICE
2023-01-06 00:15:00,,ICE
2023-01-06 00:30:00,,ICE
2023-01-06 00:45:00,,ICE
2023-01-06 01:00:00,,ICE
2023-01-06 01:15:00,,ICE
2023-01-06 01:30:00,,ICE
2023-01-06 01:45:00,,ICE
2023-01-06 02:00:00,,ICE
2023-01-06 02:15:00,,ICE
2023-01-06 02:30:00,,ICE
2023-01-06 02:45:00,,ICE
2023-01-06 03:00:00,,ICE
2023-01-06 03:15:00,,ICE
2023-01-06 03:30:00,,ICE
2023-01-06 03:45:00,,ICE
2023-01-06 04:00:00,,ICE
2023-01-06 04:15:00,,ICE
2023-01-06 04:30:00,,ICE
2023-01-06 04:45:00,,ICE
2023-01-06 05:00:00,,ICE
2023-01-06 05:15:00,,ICE
2023-01-06 05:30:00,,ICE
2023-01-06 05:45:00,,ICE
2023-01-06 06:00:00,,ICE
2023-01-06 06:15:00,,ICE
2023-01-06 06:30:00,,ICE
2023-01-06 06:45:00,,ICE
2023-01-06 07:00:00,,ICE
2023-01-06 07:15:00,,ICE
2023-01-06 07:30:00,,ICE
2023-01-06 07:45:00,,ICE
2023-01-06 08:00:00,,ICE
2023-01-06 08:15:00,,ICE
2023-01-06 08:30:00,,ICE
2023-01-06 08:45:00,,ICE
2023-01-06 09:00:00,,ICE
2023-01-06 09:15:00,,ICE
2023-01-06 09:30:00,,ICE
2023-01-06 09:45:00,,ICE
2023-01-06 10:00:00,,ICE
2023-01-06 10:15:00,,ICE
2023-01-06 10:30:00,,ICE
2023-01-06 10:45:00,,ICE
2023-01-06 11:00:00,,ICE
2023-01-06 11:15:00,,ICE
2023-01-06 11:30:00,,ICE
2023-01-06 11:45:00,,ICE
2023-01-06 12:00:00,,ICE
2023-01-06 12:15:00,,ICE
2023-01-06 12:30:00,,ICE
2023-01-06 12:45:00,,ICE
2023-01-06 13:00:00,,ICE
2023-01-06 13:15:00,,ICE
2023-01-06 13:30:00,,ICE
2023-01-06 13:45:00,,ICE
2023-01-06 14:00:00,,ICE
2023-01-06 14:15:00,,ICE
2023-01-06 14:30:00,,ICE
2023-01-06 14:45:00,,ICE
2023-01-06 15:00:00,,ICE
2023-01-06 15:15:00,,ICE
2023-01-06 15:30:00,,ICE
2023-01-06 15:45:00,,ICE
2023-01-06 16:00:00,,ICE
2023-01-06 16:15:00,,ICE
2023-01-06 16:30:00,,ICE
2023-01-06 16:45:00,,ICE
2023-01-06 17:00:00,,ICE
2023-01-06 17:15:00,,ICE
2023-01-06 17:30:00,,ICE
2023-01-06 17:45:00,,ICE
2023-01-06 18:00:00,,ICE
2023-01-06 18:15:00,,ICE
2023-01-06 18:30:00,,ICE
2023-01-06 18:45:00,,ICE
2023-01-06 19:00:00,,ICE
2023-01-06 19:15:00,,ICE
2023-01-06 19:30:00,,ICE
2023-01-06 19:45:00,,ICE
2023-01-06 20:00:00,,ICE
2023-01-06 20:15:00,,ICE
2023-01-06 20:30:00,,ICE
2023-01-06 20:45:00,,ICE
2023-01-06 21:00:00,,ICE
2023-01-06 21:15:00,,ICE
2023-01-06 21:30:00,,ICE
2023-01-06 21:45:00,,ICE
2023-01-06 22:00:00,,ICE
2023-01-06 22:15:00,,ICE
2023-01-06 22:30:00,,ICE
2023-01-06 22:45:00,,ICE
2023-01-06 23:00:00,,ICE
2023-01-06 23:15:00,,ICE
2023-01-06 23:30:00,,ICE
2023-01-06 23:45:00,,ICE
2023-01-07 00:00:00,,ICE
2023-01-07 00:15:00,,ICE
2023-01-07 00:30:00,,ICE
2023-01-07 00:45:00,,ICE
2023-01-07 01:00:00,,ICE
2023-01-07 01:15:00,,ICE
2023-01-07 01:30:00,,ICE
2023-01-07 01:45:00,,ICE
2023-01-07 02:00:00,,ICE
2023-01-07 02:15:00,,ICE
2023-01-07 02:30:00,,ICE
2023-01-07 02:45:00,,ICE
2023-01-07 03:00:00,,ICE
2023-01-07 03:15:00,,ICE
2023-01-07 03:30:00,,ICE
2023-01-07 03:45:00,,ICE
2023-01-07 04:00:00,,ICE
2023-01-07 04:15:00,,ICE
2023-01-07 04:30:00,,ICE
2023-01-07 04:45:00,,ICE
2023-01-07 05:00:00,,ICE
2023-01-07 05:15:00,,ICE
2023-01-07 05:30:00,,ICE
2023-01-07 05:45:00,,ICE
2023-01-07 06:00:00,,ICE
2023-01-07 06:15:00,,ICE
2023-01-07 06:30:00,,ICE
2023-01-07 06:45:00,,ICE
2023-01-07 07:00:00,,ICE
2023-01-07 07:15:00,,ICE
2023-01-07 07:30:00,,ICE
2023-01-07 07:45:00,,ICE
2023-01-07 08:00:00,,ICE
2023-01-07 08:15:00,,ICE
2023-01-07 08:30:00,,ICE
2023-01-07 08:45:00,,ICE
2023-01-07 09:00:00,,ICE
2023-01-07 09:15:00,,ICE
2023-01-07 09:30:00,,ICE
2023-01-07 09:45:00,,ICE
2023-01-07 10:00:00,,ICE
2023-01-07 10:15:00,,ICE
2023-01-07 10:30:00,,ICE
2023-01-07 10:45:00,,ICE
2023-01-07 11:00:00,,ICE
2023-01-07 11:15:00,,ICE
2023-01-07 11:30:00,,ICE
2023-01-07 11:45:00,,ICE
2023-01-07 12:00:00,,ICE
2023-01-07 12:15:00,,ICE
2023-01-07 12:30:00,,ICE
2023-01-07 12:45:00,,ICE
2023-01-07 13:00:00,,ICE
2023-01-07 13:15:00,,ICE
2023-01-07 13:30:00,,ICE
2023-01-07 13:45:00,,ICE
2023-01-07 14:00:00,,ICE
2023-01-07 14:15:00,,ICE
2023-01-07 14:30:00,,ICE
2023-01-07 14:45:00,,ICE
2023-01-07 15:00:00,,ICE
2023-01-07 15:15:00,,ICE
2023-01-07 15:30:00,,ICE
2023-01-07 15:45:00,,ICE
2023-01-07 16:00:00,,ICE
2023-01-07 16:15:00,,ICE
2023-01-07 16:30:00,,ICE
2023-01-07 16:45:00,,ICE
2023-01-07 17:00:00,,ICE
2023-01-07 17:15:00,,ICE
2023-01-07 17:30:00,,ICE
2023-01-07 17:45:00,,ICE
2023-01-07 18:00:00,,ICE
2023-01-07 18:15:00,,ICE
2023-01-07 18:30:00,,ICE
2023-01-07 18:45:00,,ICE
2023-01-07 19:00:00,,ICE
2023-01-07 19:15:00,,ICE
2023-01-07 19:30:00,,ICE
2023-01-07 19:45:00,,ICE
2023-01-07 20:00:00,,ICE
2023-01-07 20:15:00,,ICE
2023-01-07 20:30:00,,ICE
2023-01-07 20:45:00,,ICE
2023-01-07 21:00:00,,ICE
2023-01-07 21:15:00,,ICE
2023-01-07 21:30:00,,ICE
2023-01-07 21:45:00,,ICE
2023-01-07 22:00:00,,ICE
2023-01-07 22:15:00,,ICE
2023-01-07 22:30:00,,ICE
2023-01-07 22:45:00,,ICE
2023-01-07 23:00:00,,ICE
2023-01-07 23:15:00,,ICE
2023-01-07 23:30:00,,ICE
2023-01-07 23:45:00,,ICE
2023-01-08 00:00:00,,ICE
2023-01-08 00:15:00,,ICE
2023-01-08 00:30:00,,ICE
2023-01-08 00:45:00,,ICE
2023-01-08 01:00:00,,ICE
2023-01-08 01:15:00,,ICE
2023-01-08 01:30:00,,ICE
2023-01-08 01:45:00,,ICE
2023-01-08 02:00:00,,ICE
2023-01-08 02:15:00,,ICE
2023-01-08 02:30:00,,ICE
2023-01-08 02:45:00,,ICE
2023-01-08 03:00:00,,ICE
2023-01-08 03:15:00,,ICE
2023-01-08 03:30:00,,ICE
2023-01-08 03:45:00,,ICE
2023-01-08 04:00:00,,ICE
2023-01-08 04:15:00,,ICE
2023-01-08 04:30:00,,ICE
2023-01-08 04:45:00,,ICE
2023-01-08 05:00:00,,ICE
2023-01-08 05:15:00,,ICE
2023-01-08 05:30:00,,ICE
2023-01-08 05:45:00,,ICE
2023-01-08 06:00:00,,ICE
2023-01-08 06:15:00,,ICE
2023-01-08 06:30:00,,ICE
2023-01-08 06:45:00,,ICE
2023-01-08 07:00:00,,ICE
2023-01-08 07:15:00,,ICE
2023-01-08 07:30:00,,ICE
2023-01-08 07:45:00,,ICE
2023-01-08 08:00:00,,ICE
2023-01-08 08:15:00,,ICE
2023-01-08 08:30:00,,ICE
2023-01-08 08:45:00,,ICE
2023-01-08 09:00:00,,ICE
2023-01-08 09:15:00,,ICE
2023-01-08 09:30:00,,ICE
2023-01-08 09:45:00,,ICE
2023-01-08 10:00:00,,ICE
2023-01-08 10:15:00,,ICE
2023-01-08 10:30:00,,ICE
2023-01-08 10:45:00,,ICE
2023-01-08 11:00:00,,ICE
2023-01-08 11:15:00,,ICE
2023-01-08 11:30:00,,ICE
2023-01-08 11:45:00,,ICE
2023-01-08 12:00:00,,ICE
2023-01-08 12:15:00,,ICE
2023-01-08 12:30:00,,ICE
2023-01-08 12:45:00,,ICE
2023-01-08 13:00:00,,ICE
2023-01-08 13:15:00,,ICE
2023-01-08 13:30:00,,ICE
2023-01-08 13:45:00,,ICE
2023-01-08 14:00:00,,ICE
2023-01-08 14:15:00,,ICE
2023-01-08 14:30:00,,ICE
2023-01-08 14:45:00,,ICE
2023-01-08 15:00:00,,ICE
2023-01-08 15:15:00,,ICE
2023-01-08 15:30:00,,ICE
2023-01-08 15:45:00,,ICE
2023-01-08 16:00:00,,ICE
2023-01-08 16:15:00,,ICE
2023-01-08 16:30:00,,ICE
2023-01-08 16:45:00,,ICE
2023-01-08 17:00:00,,ICE
2023-01-08 17:15:00,,ICE
2023-01-08 17:30:00,,ICE
2023-01-08 17:45:00,,ICE
2023-01-08 18:00:00,,ICE
2023-01-08 18:15:00,,ICE
2023-01-08 18:30:00,,ICE
2023-01-08 18:45:00,,ICE
2023-01-08 19:00:00,,ICE
2023-01-08 19:15:00,,ICE
2023-01-08 19:30:00,,ICE
2023-01-08 19:45:00,,ICE
2023-01-08 20:00:00,,ICE
2023-01-08 20:15:00,,ICE
2023-01-08 20:30:00,,ICE
2023-01-08 20:45:00,,ICE
2023-01-08 21:00:00,,ICE
2023-01-08 21:15:00,,ICE
2023-01-08 21:30:00,,ICE
2023-01-08 21:45:00,,ICE
2023-01-08 22:00:00,,ICE
2023-01-08 22:15:00,,ICE
2023-01-08 22:30:00,,ICE
2023-01-08 22:45:00,,ICE
2023-01-08 23:00:00,,ICE
2023-01-08 23:15:00,,ICE
2023-01-08 23:30:00,,ICE
2023-01-08 23:45:00,,ICE
2023-01-09 00:00:00,,ICE
2023-01-09 00:15:00,,ICE
2023-01-09 00:30:00,,ICE
2023-01-09 00:45:00,,ICE
2023-01-09 01:00:00,,ICE
2023-01-09 01:15:00,,ICE
2023-01-09 01:30:00,,ICE
2023-01-09 01:45:00,,ICE
2023-01-09 02:00:00,,ICE
2023-01-09 02:15:00,,ICE
2023-01-09 02:30:00,,ICE
2023-01-09 02:45:00,,ICE
2023-01-09 03:00:00,,ICE
2023-01-09 03:15:00,,ICE
2023-01-09 03:30:00,,ICE
2023-01-09 03:45:00,,ICE
2023-01-09 04:00:00,,ICE
2023-01-09 04:15:00,,ICE
2023-01-09 04:30:00,,ICE
2023-01-09 04:45:00,,ICE
2023-01-09 05:00:00,,ICE
2023-01-09 05:15:00,,ICE
2023-01-09 05:30:00,,ICE
2023-01-09 05:45:00,,ICE
2023-01-09 06:00:00,,ICE
2023-01-09 06:15:00,,ICE
2023-01-09 06:30:00,,ICE
2023-01-09 06:45:00,,ICE
2023-01-09 07:00:00,,ICE
2023-01-09 07:15:00,,ICE
2023-01-09 07:30:00,,ICE
2023-01-09 07:45:00,,ICE
2023-01-09 08:00:00,,ICE
2023-01-09 08:15:00,,ICE
2023-01-09 08:30:00,,ICE
2023-01-09 08:45:00,,ICE
2023-01-09 09:00:00,,ICE
2023-01-09 09:15:00,,ICE
2023-01-09 09:30:00,,ICE
2023-01-09 09:45:00,,ICE
2023-01-09 10:00:00,,ICE
2023-01-09 10:15:00,,ICE
2023-01-09 10:30:00,,ICE
2023-01-09 10:45:00,,ICE
2023-01-09 11:00:00,,ICE
2023-01-09 11:15:00,,ICE
2023-01-09 11:30:00,,ICE
2023-01-09 11:45:00,,ICE
2023-01-09 12:00:00,,ICE
2023-01-09 12:15:00,,ICE
2023-01-09 12:30:00,,ICE
2023-01-09 12:45:00,,ICE
2023-01-09 13:00:00,,ICE
2023-01-09 13:15:00,,ICE
2023-01-09 13:30:00,,ICE
2023-01-09 13:45:00,,ICE
2023-01-09 14:00:00,,ICE
2023-01-09 14:15:00,,ICE
2023-01-09 14:30:00,,ICE
2023-01-09 14:45:00,,ICE
2023-01-09 15:00:00,,ICE
2023-01-09 15:15:00,,ICE
2023-01-09 15:30:00,,ICE
2023-01-09 15:45:00,,ICE
2023-01-09 16:00:00,,ICE
2023-01-09 16:15:00,,ICE
2023-01-09 16:30:00,,ICE
2023-01-09 16:45:00,,ICE
2023-01-09 17:00:00,,ICE
2023-01-09 17:15:00,,ICE
2023-01-09 17:30:00,,ICE
2023-01-09 17:45:00,,ICE
2023-01-09 18:00:00,,ICE
2023-01-09 18:15:00,,ICE
2023-01-09 18:30:00,,ICE
2023-01-09 18:45:00,,ICE
2023-01-09 19:00:00,,ICE
2023-01-09 19:15:00,,ICE
2023-01-09 19:30:00,,ICE
2023-01-09 19:45:00,,ICE
2023-01-09 20:00:00,,ICE
2023-01-09 20:15:00,,ICE
2023-01-09 20:30:00,,ICE
2023-01-09 20:45:00,,ICE
2023-01-09 21:00:00,,ICE
2023-01-09 21:15:00,,ICE
2023-01-09 21:30:00,,ICE
2023-01-09 21:45:00,,ICE
2023-01-09 22:00:00,,ICE
2023-01-09 22:15:00,,ICE
2023-01-09 22:30:00,,ICE
2023-01-09 22:45:00,,ICE
2023-01-09 23:00:00,,ICE
2023-01-09 23:15:00,,ICE
2023-01-09 23:30:00,,ICE
2023-01-09 23:45:00,,ICE
2023-01-10 00:00:00,,ICE
2023-01-10 00:15:00,,ICE
2023-01-10 00:30:00,,ICE
2023-01-10 00:45:00,,ICE
2023-01-10 01:00:00,,ICE
2023-01-10 01:15:00,,ICE
2023-01-10 01:30:00,,ICE
2023-01-10 01:45:00,,ICE
2023-01-10 02:00:00,,ICE
2023-01-10 02:15:00,,ICE
2023-01-10 02:30:00,,ICE
2023-01-10 02:45:00,,ICE
2023-01-10 03:00:00,,ICE
2023-01-10 03:15:00,,ICE
2023-01-10 03:30:00,,ICE
2023-01-10 03:45:00,,ICE
2023-01-10 04:00:00,,ICE
2023-01-10 04:15:00,,ICE
2023-01-10 04:30:00,,ICE
2023-01-10 04:45:00,,ICE
2023-01-10 05:00:00,,ICE
2023-01-10 05:15:00,,ICE
2023-01-10 05:30:00,,ICE
2023-01-10 05:45:00,,ICE
2023-01-10 06:00:00,,ICE
2023-01-10 06:15:00,,ICE
2023-01-10 06:30:00,,ICE
2023-01-10 06:45:00,,ICE
2023-01-10 07:00:00,,ICE
2023-01-10 07:15:00,,ICE
2023-01-10 07:30:00,,ICE
2023-01-10 07:45:00,,ICE
2023-01-10 08:00:00,,ICE
2023-01-10 08:15:00,,ICE
2023-01-10 08:30:00,,ICE
2023-01-10 08:45:00,,ICE
2023-01-10 09:00:00,,ICE
2023-01-10 09:15:00,,ICE
2023-01-10 09:30:00,,ICE
2023-01-10 09:45:00,,ICE
2023-01-10 10:00:00,,ICE
2023-01-10 10:15:00,,ICE
2023-01-10 10:30:00,,ICE
2023-01-10 10:45:00,,ICE
2023-01-10 11:00:00,,ICE
2023-01-10 11:15:00,,ICE
2023-01-10 11:30:00,,ICE
2023-01-10 11:45:00,,ICE
2023-01-10 12:00:00,,ICE
2023-01-10 12:15:00,,ICE
2023-01-10 12:30:00,,ICE
2023-01-10 12:45:00,,ICE
2023-01-10 13:00:00,,ICE
2023-01-10 13:15:00,,ICE
2023-01-10 13:30:00,,ICE
2023-01-10 13:45:00,,ICE
2023-01-10 14:00:00,,ICE
2023-01-10 14:15:00,,ICE
2023-01-10 14:30:00,,ICE
2023-01-10 14:45:00,,ICE
2023-01-10 15:00:00,,ICE
2023-01-10 15:15:00,,ICE
2023-01-10 15:30:00,,ICE
2023-01-10 15:45:00,,ICE
2023-01-10 16:00:00,,ICE
2023-01-10 16:15:00,,ICE
2023-01-10 16:30:00,,ICE
2023-01-10 16:45:00,,ICE
2023-01-10 17:00:00,,ICE
2023-01-10 17:15:00,,ICE
2023-01-10 17:30:00,,ICE
2023-01-10 17:45:00,,ICE
2023-01-10 18:00:00,,ICE
2023-01-10 18:15:00,,ICE
2023-01-10 18:30:00,,ICE
2023-01-10 18:45:00,,ICE
2023-01-10 19:00:00,,ICE
2023-01-10 19:15:00,,ICE
2023-01-10 19:30:00,,ICE
2023-01-10 19:45:00,,ICE
2023-01-10 20:00:00,,ICE
2023-01-10 20:15:00,,ICE
2023-01-10 20:30:00,,ICE
2023-01-10 20:45:00,,ICE
2023-01-10 21:00:00,,ICE
2023-01-10 21:15:00,,ICE
2023-01-10 21:30:00,,ICE
2023-01-10 21:45:00,,ICE
2023-01-10 22:00:00,,ICE
2023-01-10 22:15:00,,ICE
2023-01-10 22:30:00,,ICE
2023-01-10 22:45:00,,ICE
2023-01-10 23:00:00,,ICE
2023-01-10 23:15:00,,ICE
2023-01-10 23:30:00,,ICE
2023-01-10 23:45:00,,ICE
2023-01-11 00:00:00,,ICE
2023-01-11 00:15:00,,ICE
2023-01-11 00:30:00,,ICE
2023-01-11 00:45:00,,ICE
2023-01-11 01:00:00,,ICE
2023-01-11 01:15:00,,ICE
2023-01-11 01:30:00,,ICE
2023-01-11 01:45:00,,ICE
2023-01-11 02:00:00,,ICE
2023-01-11 02:15:00,,ICE
2023-01-11 02:30:00,,ICE
2023-01-11 02:45:00,,ICE
2023-01-11 03:00:00,,ICE
2023-01-11 03:15:00,,ICE
2023-01-11 03:30:00,,ICE
2023-01-11 03:45:00,,ICE
2023-01-11 04:00:00,,ICE
2023-01-11 04:15:00,,ICE
2023-01-11 04:30:00,,ICE
2023-01-11 04:45:00,,ICE
2023-01-11 05:00:00,,ICE
2023-01-11 05:15:00,,ICE
2023-01-11 05:30:00,,ICE
2023-01-11 05:45:00,,ICE
2023-01-11 06:00:00,,ICE
2023-01-11 06:15:00,,ICE
2023-01-11 06:30:00,,ICE
2023-01-11 06:45:00,,ICE
2023-01-11 07:00:00,,ICE
2023-01-11 07:15:00,,ICE
2023-01-11 07:30:00,,ICE
2023-01-11 07:45:00,,ICE
2023-01-11 08:00:00,,ICE
2023-01-11 08:15:00,,ICE
2023-01-11 08:30:00,,ICE
2023-01-11 08:45:00,,ICE
2023-01-11 09:00:00,,ICE
2023-01-11 09:15:00,,ICE
2023-01-11 09:30:00,,ICE
2023-01-11 09:45:00,,ICE
2023-01-11 10:00:00,,ICE
2023-01-11 10:15:00,,ICE
2023-01-11 10:30:00,,ICE
2023-01-11 10:45:00,,ICE
2023-01-11 11:00:00,,ICE
2023-01-11 11:15:00,,ICE
2023-01-11 11:30:00,,ICE
2023-01-11 11:45:00,,ICE
2023-01-11 12:00:00,,ICE
2023-01-11 12:15:00,,ICE
2023-01-11 12:30:00,,ICE
2023-01-11 12:45:00,,ICE
2023-01-11 13:00:00,,ICE
2023-01-11 13:15:00,,ICE
2023-01-11 13:30:00,,ICE
2023-01-11 13:45:00,,ICE
2023-01-11 14:00:00,,ICE
2023-01-11 14:15:00,,ICE
2023-01-11 14:30:00,,ICE
2023-01-11 14:45:00,,ICE
2023-01-11 15:00:00,,ICE
2023-01-11 15:15:00,,ICE
2023-01-11 15:30:00,,ICE
2023-01-11 15:45:00,,ICE
2023-01-11 16:00:00,,ICE
2023-01-11 16:15:00,,ICE
2023-01-11 16:30:00,,ICE
2023-01-11 16:45:00,,ICE
2023-01-11 17:00:00,,ICE
2023-01-11 17:15:00,,ICE
2023-01-11 17:30:00,,ICE
2023-01-11 17:45:00,,ICE
2023-01-11 18:00:00,,ICE
2023-01-11 18:15:00,,ICE
2023-01-11 18:30:00,,ICE
2023-01-11 18:45:00,,ICE
2023-01-11 19:00:00,,ICE
2023-01-11 19:15:00,,ICE
2023-01-11 19:30:00,,ICE
2023-01-11 19:45:00,,ICE
2023-01-11 20:00:00,,ICE
2023-01-11 20:15:00,,ICE
2023-01-11 20:30:00,,ICE
2023-01-11 20:45:00,,ICE
2023-01-11 21:00:00,,ICE
2023-01-11 21:15:00,,ICE
2023-01-11 21:30:00,,ICE
2023-01-11 21:45:00,,ICE
2023-01-11 22:00:00,,ICE
2023-01-11 22:15:00,,ICE
2023-01-11 22:30:00,,ICE
2023-01-11 22:45:00,,ICE
2023-01-11 23:00:00,,ICE
2023-01-11 23:15:00,,ICE
2023-01-11 23:30:00,,ICE
2023-01-11 23:45:00,,ICE
2023-01-12 00:00:00,,ICE
2023-01-12 00:15:00,,ICE
2023-01-12 00:30:00,,ICE
2023-01-12 00:45:00,,ICE
2023-01-12 01:00:00,,ICE
2023-01-12 01:15:00,,ICE
2023-01-12 01:30:00,,ICE
2023-01-12 01:45:00,,ICE
2023-01-12 02:00:00,,ICE
2023-01-12 02:15:00,,ICE
2023-01-12 02:30:00,,ICE
2023-01-12 02:45:00,,ICE
2023-01-12 03:00:00,,ICE
2023-01-12 03:15:00,,ICE
2023-01-12 03:30:00,,ICE
2023-01-12 03:45:00,,ICE
2023-01-12 04:00:00,,ICE
2023-01-12 04:15:00,,ICE
2023-01-12 04:30:00,,ICE
2023-01-12 04:45:00,,ICE
2023-01-12 05:00:00,,ICE
2023-01-12 05:15:00,,ICE
2023-01-12 05:30:00,,ICE
2023-01-12 05:45:00,,ICE
2023-01-12 06:00:00,,ICE
2023-01-12 06:15:00,,ICE
2023-01-12 06:30:00,,ICE
2023-01-12 06:45:00,,ICE
2023-01-12 07:00:00,,ICE
2023-01-12 07:15:00,,ICE
2023-01-12 07:30:00,,ICE
2023-01-12 07:45:00,,ICE
2023-01-12 08:00:00,,ICE
2023-01-12 08:15:00,,ICE
2023-01-12 08:30:00,,ICE
2023-01-12 08:45:00,,ICE
2023-01-12 09:00:00,,ICE
2023-01-12 09:15:00,,ICE
2023-01-12 09:30:00,,ICE
2023-01-12 09:45:00,,ICE
2023-01-12 10:00:00,,ICE
2023-01-12 10:15:00,,ICE
2023-01-12 10:30:00,,ICE
2023-01-12 10:45:00,,ICE
2023-01-12 11:00:00,,ICE
2023-01-12 11:15:00,,ICE
2023-01-12 11:30:00,,ICE
2023-01-12 11:45:00,,ICE
2023-01-12 12:00:00,,ICE
2023-01-12 12:15:00,,ICE
2023-01-12 12:30:00,,ICE
2023-01-12 12:45:00,,ICE
2023-01-12 13:00:00,,ICE
2023-01-12 13:15:00,,ICE
2023-01-12 13:30:00,,ICE
2023-01-12 13:45:00,,ICE
2023-01-12 14:00:00,,ICE
2023-01-12 14:15:00,,ICE
2023-01-12 14:30:00,,ICE
2023-01-12 14:45:00,,ICE
2023-01-12 15:00:00,,ICE
2023-01-12 15:15:00,,ICE
2023-01-12 15:30:00,,ICE
2023-01-12 15:45:00,,ICE
2023-01-12 16:00:00,,ICE
2023-01-12 16:15:00,,ICE
2023-01-12 16:30:00,,ICE
2023-01-12 16:45:00,,ICE
2023-01-12 17:00:00,,ICE
2023-01-12 17:15:00,,ICE
2023-01-12 17:30:00,,ICE
2023-01-12 17:45:00,,ICE
2023-01-12 18:00:00,,ICE
2023-01-12 18:15:00,,ICE
2023-01-12 18:30:00,,ICE
2023-01-12 18:45:00,,ICE
2023-01-12 19:00:00,,ICE
2023-01-12 19:15:00,,ICE
2023-01-12 19:30:00,,ICE
2023-01-12 19:45:00,,ICE
2023-01-12 20:00:00,,ICE
2023-01-12 20:15:00,,ICE
2023-01-12 20:30:00,,ICE
2023-01-12 20:45:00,,ICE
2023-01-12 21:00:00,,ICE
2023-01-12 21:15:00,,ICE
2023-01-12 21:30:00,,ICE
2023-01-12 21:45:00,,ICE
2023-01-12 22:00:00,,ICE
2023-01-12 22:15:00,,ICE
2023-01-12 22:30:00,,ICE
2023-01-12 22:45:00,,ICE
2023-01-12 23:00:00,,ICE
2023-01-12 23:15:00,,ICE
2023-01-12 23:30:00,,ICE
2023-01-12 23:45:00,,ICE
2023-01-13 00:00:00,,ICE
2023-01-13 00:15:00,,ICE
2023-01-13 00:30:00,,ICE
2023-01-13 00:45:00,,ICE
2023-01-13 01:00:00,,ICE
2023-01-13 01:15:00,,ICE
2023-01-13 01:30:00,,ICE
2023-01-13 01:45:00,,ICE
2023-01-13 02:00:00,,ICE
2023-01-13 02:15:00,,ICE
2023-01-13 02:30:00,,ICE
2023-01-13 02:45:00,,ICE
2023-01-13 03:00:00,,ICE
2023-01-13 03:15:00,,ICE
2023-01-13 03:30:00,,ICE
2023-01-13 03:45:00,,ICE
2023-01-13 04:00:00,,ICE
2023-01-13 04:15:00,,ICE
2023-01-13 04:30:00,,ICE
2023-01-13 04:45:00,,ICE
2023-01-13 05:00:00,,ICE
2023-01-13 05:15:00,,ICE
2023-01-13 05:30:00,,ICE
2023-01-13 05:45:00,,ICE
2023-01-13 06:00:00,,ICE
2023-01-13 06:15:00,,ICE
2023-01-13 06:30:00,,ICE
2023-01-13 06:45:00,,ICE
2023-01-13 07:00:00,,ICE
2023-01-13 07:15:00,,ICE
2023-01-13 07:30:00,,ICE
2023-01-13 07:45:00,,ICE
2023-01-13 08:00:00,,ICE
2023-01-13 08:15:00,,ICE
2023-01-13 08:30:00,,ICE
2023-01-13 08:45:00,,ICE
2023-01-13 09:00:00,,ICE
2023-01-13 09:15:00,,ICE
2023-01-13 09:30:00,,ICE
2023-01-13 09:45:00,,ICE
2023-01-13 10:00:00,,ICE
2023-01-13 10:15:00,,ICE
2023-01-13 10:30:00,,ICE
2023-01-13 10:45:00,,ICE
2023-01-13 11:00:00,,ICE
2023-01-13 11:15:00,,ICE
2023-01-13 11:30:00,,ICE
2023-01-13 11:45:00,,ICE
2023-01-13 12:00:00,,ICE
2023-01-13 12:15:00,,ICE
2023-01-13 12:30:00,,ICE
2023-01-13 12:45:00,,ICE
2023-01-13 13:00:00,,ICE
2023-01-13 13:15:00,,ICE
2023-01-13 13:30:00,,ICE
2023-01-13 13:45:00,,ICE
2023-01-13 14:00:00,,ICE
2023-01-13 14:15:00,,ICE
2023-01-13 14:30:00,,ICE
2023-01-13 14:45:00,,ICE
2023-01-13 15:00:00,,ICE
2023-01-13 15:15:00,,ICE
2023-01-13 15:30:00,,ICE
2023-01-13 15:45:00,,ICE
2023-01-13 16:00:00,,ICE
2023-01-13 16:15:00,,ICE
2023-01-13 16:30:00,,ICE
2023-01-13 16:45:00,,ICE
2023-01-13 17:00:00,,ICE
2023-01-13 17:15:00,,ICE
2023-01-13 17:30:00,,ICE
2023-01-13 17:45:00,,ICE
2023-01-13 18:00:00,,ICE
2023-01-13 18:15:00,,ICE
2023-01-13 18:30:00,,ICE
2023-01-13 18:45:00,,ICE
2023-01-13 19:00:00,,ICE
2023-01-13 19:15:00,,ICE
2023-01-13 19:30:00,,ICE
2023-01-13 19:45:00,,ICE
2023-01-13 20:00:00,,ICE
2023-01-13 20:15:00,,ICE
2023-01-13 20:30:00,,ICE
2023-01-13 20:45:00,,ICE
2023-01-13 21:00:00,,ICE
2023-01-13 21:15:00,,ICE
2023-01-13 21:30:00,,ICE
2023-01-13 21:45:00,,ICE
2023-01-13 22:00:00,,ICE
2023-01-13 22:15:00,,ICE
2023-01-13 22:30:00,,ICE
2023-01-13 22:45:00,,ICE
2023-01-13 23:00:00,,ICE
2023-01-13 23:15:00,,ICE
2023-01-13 23:30:00,,ICE
2023-01-13 23:45:00,,ICE
2023-01-14 00:00:00,,ICE
2023-01-14 00:15:00,,ICE
2023-01-14 00:30:00,,ICE
2023-01-14 00:45:00,,ICE
2023-01-14 01:00:00,,ICE
2023-01-14 01:15:00,,ICE
2023-01-14 01:30:00,,ICE
2023-01-14 01:45:00,,ICE
2023-01-14 02:00:00,,ICE
2023-01-14 02:15:00,,ICE
2023-01-14 02:30:00,,ICE
2023-01-14 02:45:00,,ICE
2023-01-14 03:00:00,,ICE
2023-01-14 03:15:00,,ICE
2023-01-14 03:30:00,,ICE
2023-01-14 03:45:00,,ICE
2023-01-14 04:00:00,,ICE
2023-01-14 04:15:00,,ICE
2023-01-14 04:30:00,,ICE
2023-01-14 04:45:00,,ICE
2023-01-14 05:00:00,,ICE
2023-01-14 05:15:00,,ICE
2023-01-14 05:30:00,,ICE
2023-01-14 05:45:00,,ICE
2023-01-14 06:00:00,,ICE
2023-01-14 06:15:00,,ICE
2023-01-14 06:30:00,,ICE
2023-01-14 06:45:00,,ICE
2023-01-14 07:00:00,,ICE
2023-01-14 07:15:00,,ICE
2023-01-14 07:30:00,,ICE
2023-01-14 07:45:00,,ICE
2023-01-14 08:00:00,,ICE
2023-01-14 08:15:00,,ICE
2023-01-14 08:30:00,,ICE
2023-01-14 08:45:00,,ICE
2023-01-14 09:00:00,,ICE
2023-01-14 09:15:00,,ICE
2023-01-14 09:30:00,,ICE
2023-01-14 09:45:00,,ICE
2023-01-14 10:00:00,,ICE
2023-01-14 10:15:00,,ICE
2023-01-14 10:30:00,,ICE
2023-01-14 10:45:00,,ICE
2023-01-14 11:00:00,,ICE
2023-01-14 11:15:00,,ICE
2023-01-14 11:30:00,,ICE
2023-01-14 11:45:00,,ICE
2023-01-14 12:00:00,,ICE
2023-01-14 12:15:00,,ICE
2023-01-14 12:30:00,,ICE
2023-01-14 12:45:00,,ICE
2023-01-14 13:00:00,,ICE
2023-01-14 13:15:00,,ICE
2023-01-14 13:30:00,,ICE
2023-01-14 13:45:00,,ICE
2023-01-14 14:00:00,,ICE
2023-01-14 14:15:00,,ICE
2023-01-14 14:30:00,,ICE
2023-01-14 14:45:00,,ICE
2023-01-14 15:00:00,,ICE
2023-01-14 15:15:00,,ICE
2023-01-14 15:30:00,,ICE
2023-01-14 15:45:00,,ICE
2023-01-14 16:00:00,,ICE
2023-01-14 16:15:00,,ICE
2023-01-14 16:30:00,,ICE
2023-01-14 16:45:00,,ICE
2023-01-14 17:00:00,,ICE
2023-01-14 17:15:00,,ICE
2023-01-14 17:30:00,,ICE
2023-01-14 17:45:00,,ICE
2023-01-14 18:00:00,,ICE
2023-01-14 18:15:00,,ICE
2023-01-14 18:30:00,,ICE
2023-01-14 18:45:00,,ICE
2023-01-14 19:00:00,,ICE
2023-01-14 19:15:00,,ICE
2023-01-14 19:30:00,,ICE
2023-01-14 19:45:00,,ICE
2023-01-14 20:00:00,,ICE
2023-01-14 20:15:00,,ICE
2023-01-14 20:30:00,,ICE
2023-01-14 20:45:00,,ICE
2023-01-14 21:00:00,,ICE
2023-01-14 21:15:00,,ICE
2023-01-14 21:30:00,,ICE
2023-01-14 21:45:00,,ICE
2023-01-14 22:00:00,,ICE
2023-01-14 22:15:00,,ICE
2023-01-14 22:30:00,,ICE
2023-01-14 22:45:00,,ICE
2023-01-14 23:00:00,,ICE
2023-01-14 23:15:00,,ICE
2023-01-14 23:30:00,,ICE
2023-01-14 23:45:00,,ICE
2023-01-15 00:00:00,,ICE
2023-01-15 00:15:00,,ICE
2023-01-15 00:30:00,,ICE
2023-01-15 00:45:00,,ICE
2023-01-15 01:00:00,,ICE
2023-01-15 01:15:00,,ICE
2023-01-15 01:30:00,,ICE
2023-01-15 01:45:00,,ICE
2023-01-15 02:00:00,,ICE
2023-01-15 02:15:00,,ICE
2023-01-15 02:30:00,,ICE
2023-01-15 02:45:00,,ICE
2023-01-15 03:00:00,,ICE
2023-01-15 03:15:00,,ICE
2023-01-15 03:30:00,,ICE
2023-01-15 03:45:00,,ICE
2023-01-15 04:00:00,,ICE
2023-01-15 04:15:00,,ICE
2023-01-15 04:30:00,,ICE
2023-01-15 04:45:00,,ICE
2023-01-15 05:00:00,,ICE
2023-01-15 05:15:00,,ICE
2023-01-15 05:30:00,,ICE
2023-01-15 05:45:00,,ICE
2023-01-15 06:00:00,,ICE
2023-01-15 06:15:00,,ICE
2023-01-15 06:30:00,,ICE
2023-01-15 06:45:00,,ICE
2023-01-15 07:00:00,,ICE
2023-01-15 07:15:00,,ICE
2023-01-15 07:30:00,,ICE
2023-01-15 07:45:00,,ICE
2023-01-15 08:00:00,,ICE
2023-01-15 08:15:00,,ICE
2023-01-15 08:30:00,,ICE
2023-01-15 08:45:00,,ICE
2023-01-15 09:00:00,,ICE
2023-01-15 09:15:00,,ICE
2023-01-15 09:30:00,,ICE
2023-01-15 09:45:00,,ICE
2023-01-15 10:00:00,,ICE
2023-01-15 10:15:00,,ICE
2023-01-15 10:30:00,,ICE
2023-01-15 10:45:00,,ICE
2023-01-15 11:00:00,,ICE
2023-01-15 11:15:00,,ICE
2023-01-15 11:30:00,,ICE
2023-01-15 11:45:00,,ICE
2023-01-15 12:00:00,,ICE
2023-01-15 12:15:00,,ICE
2023-01-15 12:30:00,,ICE
2023-01-15 12:45:00,,ICE
2023-01-15 13:00:00,,ICE
2023-01-15 13:15:00,,ICE
2023-01-15 13:30:00,,ICE
2023-01-15 13:45:00,,ICE
2023-01-15 14:00:00,,ICE
2023-01-15 14:15:00,,ICE
2023-01-15 14:30:00,,ICE
2023-01-15 14:45:00,,ICE
2023-01-15 15:00:00,,ICE
2023-01-15 15:15:00,,ICE
2023-01-15 15:30:00,,ICE
2023-01-15 15:45:00,,ICE
2023-01-15 16:00:00,,ICE
2023-01-15 16:15:00,,ICE
2023-01-15 16:30:00,,ICE
2023-01-15 16:45:00,,ICE
2023-01-15 17:00:00,,ICE
2023-01-15 17:15:00,,ICE
2023-01-15 17:30:00,,ICE
2023-01-15 17:45:00,,ICE
2023-01-15 18:00:00,,ICE
2023-01-15 18:15:00,,ICE
2023-01-15 18:30:00,,ICE
2023-01-15 18:45:00,,ICE
2023-01-15 19:00:00,,ICE
2023-01-15 19:15:00,,ICE
2023-01-15 19:30:00,,ICE
2023-01-15 19:45:00,,ICE
2023-01-15 20:00:00,,ICE
2023-01-15 20:15:00,,ICE
2023-01-15 20:30:00,,ICE
2023-01-15 20:45:00,,ICE
2023-01-15 21:00:00,,ICE
2023-01-15 21:15:00,,ICE
2023-01-15 21:30:00,,ICE
2023-01-15 21:45:00,,ICE
2023-01-15 22:00:00,,ICE
2023-01-15 22:15:00,,ICE
2023-01-15 22:30:00,,ICE
2023-01-15 22:45:00,,ICE
2023-01-15 23:00:00,,ICE
2023-01-15 23:15:00,,ICE
2023-01-15 23:30:00,,ICE
2023-01-15 23:45:00,,ICE
2023-01-16 00:00:00,,ICE
2023-01-16 00:15:00,,ICE
2023-01-16 00:30:00,,ICE
2023-01-16 00:45:00,,ICE
2023-01-16 01:00:00,,ICE
2023-01-16 01:15:00,,ICE
2023-01-16 01:30:00,,ICE
2023-01-16 01:45:00,,ICE
2023-01-16 02:00:00,,ICE
2023-01-16 02:15:00,,ICE
2023-01-16 02:30:00,,ICE
2023-01-16 02:45:00,,ICE
2023-01-16 03:00:00,,ICE
2023-01-16 03:15:00,,ICE
2023-01-16 03:30:00,,ICE
2023-01-16 03:45:00,,ICE
2023-01-16 04:00:00,,ICE
2023-01-16 04:15:00,,ICE
2023-01-16 04:30:00,,ICE
2023-01-16 04:45:00,,ICE
2023-01-16 05:00:00,,ICE
2023-01-16 05:15:00,,ICE
2023-01-16 05:30:00,,ICE
2023-01-16 05:45:00,,ICE
2023-01-16 06:00:00,,ICE
2023-01-16 06:15:00,,ICE
2023-01-16 06:30:00,,ICE
2023-01-16 06:45:00,,ICE
2023-01-16 07:00:00,,ICE
2023-01-16 07:15:00,,ICE
2023-01-16 07:30:00,,ICE
2023-01-16 07:45:00,,ICE
2023-01-16 08:00:00,,ICE
2023-01-16 08:15:00,,ICE
2023-01-16 08:30:00,,ICE
2023-01-16 08:45:00,,ICE
2023-01-16 09:00:00,,ICE
2023-01-16 09:15:00,,ICE
2023-01-16 09:30:00,,ICE
2023-01-16 09:45:00,,ICE
2023-01-16 10:00:00,,ICE
2023-01-16 10:15:00,,ICE
2023-01-16 10:30:00,,ICE
2023-01-16 10:45:00,,ICE
2023-01-16 11:00:00,,ICE
2023-01-16 11:15:00,,ICE
2023-01-16 11:30:00,,ICE
2023-01-16 11:45:00,,ICE
2023-01-16 12:00:00,,ICE
2023-01-16 12:15:00,,ICE
2023-01-16 12:30:00,,ICE
2023-01-16 12:45:00,,ICE
2023-01-16 13:00:00,,ICE
2023-01-16 13:15:00,,ICE
2023-01-16 13:30:00,,ICE
2023-01-16 13:45:00,,ICE
2023-01-16 14:00:00,,ICE
2023-01-16 14:15:00,,ICE
2023-01-16 14:30:00,,ICE
2023-01-16 14:45:00,,ICE
2023-01-16 15:00:00,,ICE
2023-01-16 15:15:00,,ICE
2023-01-16 15:30:00,,ICE
2023-01-16 15:45:00,,ICE
2023-01-16 16:00:00,,ICE
2023-01-16 16:15:00,,ICE
2023-01-16 16:30:00,,ICE
2023-01-16 16:45:00,,ICE
2023-01-16 17:00:00,,ICE
2023-01-16 17:15:00,,ICE
2023-01-16 17:30:00,,ICE
2023-01-16 17:45:00,,ICE
2023-01-16 18:00:00,,ICE
2023-01-16 18:15:00,,ICE
2023-01-16 18:30:00,,ICE
2023-01-16 18:45:00,,ICE
2023-01-16 19:00:00,,ICE
2023-01-16 19:15:00,,ICE
2023-01-16 19:30:00,,ICE
2023-01-16 19:45:00,,ICE
2023-01-16 20:00:00,,ICE
2023-01-16 20:15:00,,ICE
2023-01-16 20:30:00,,ICE
2023-01-16 20:45:00,,ICE
2023-01-16 21:00:00,,ICE
2023-01-16 21:15:00,,ICE
2023-01-16 21:30:00,,ICE
2023-01-16 21:45:00,,ICE
2023-01-16 22:00:00,,ICE
2023-01-16 22:15:00,,ICE
2023-01-16 22:30:00,,ICE
2023-01-16 22:45:00,,ICE
2023-01-16 23:00:00,,ICE
2023-01-16 23:15:00,,ICE
2023-01-16 23:30:00,,ICE
2023-01-16 23:45:00,,ICE
2023-01-17 00:00:00,,ICE
2023-01-17 00:15:00,,ICE
2023-01-17 00:30:00,,ICE
2023-01-17 00:45:00,,ICE
2023-01-17 01:00:00,,ICE
2023-01-17 01:15:00,,ICE
2023-01-17 01:30:00,,ICE
2023-01-17 01:45:00,,ICE
2023-01-17 02:00:00,,ICE
2023-01-17 02:15:00,,ICE
2023-01-17 02:30:00,,ICE
2023-01-17 02:45:00,,ICE
2023-01-17 03:00:00,,ICE
2023-01-17 03:15:00,,ICE
2023-01-17 03:30:00,,ICE
2023-01-17 03:45:00,,ICE
2023-01-17 04:00:00,,ICE
2023-01-17 04:15:00,,ICE
2023-01-17 04:30:00,,ICE
2023-01-17 04:45:00,,ICE
2023-01-17 05:00:00,,ICE
2023-01-17 05:15:00,,ICE
2023-01-17 05:30:00,,ICE
2023-01-17 05:45:00,,ICE
2023-01-17 06:00:00,,ICE
2023-01-17 06:15:00,,ICE
2023-01-17 06:30:00,,ICE
2023-01-17 06:45:00,,ICE
2023-01-17 07:00:00,,ICE
2023-01-17 07:15:00,,ICE
2023-01-17 07:30:00,,ICE
2023-01-17 07:45:00,,ICE
2023-01-17 08:00:00,,ICE
2023-01-17 08:15:00,,ICE
2023-01-17 08:30:00,,ICE
2023-01-17 08:45:00,,ICE
2023-01-17 09:00:00,,ICE
2023-01-17 09:15:00,,ICE
2023-01-17 09:30:00,,ICE
2023-01-17 09:45:00,,ICE
2023-01-17 10:00:00,,ICE
2023-01-17 10:15:00,,ICE
2023-01-17 10:30:00,,ICE
2023-01-17 10:45:00,,ICE
2023-01-17 11:00:00,,ICE
2023-01-17 11:15:00,,ICE
2023-01-17 11:30:00,,ICE
2023-01-17 11:45:00,,ICE
2023-01-17 12:00:00,,ICE
2023-01-17 12:15:00,,ICE
2023-01-17 12:30:00,,ICE
2023-01-17 12:45:00,,ICE
2023-01-17 13:00:00,,ICE
2023-01-17 13:15:00,,ICE
2023-01-17 13:30:00,,ICE
2023-01-17 13:45:00,,ICE
2023-01-17 14:00:00,,ICE
2023-01-17 14:15:00,,ICE
2023-01-17 14:30:00,,ICE
2023-01-17 14:45:00,,ICE
2023-01-17 15:00:00,,ICE
2023-01-17 15:15:00,,ICE
2023-01-17 15:30:00,,ICE
2023-01-17 15:45:00,,ICE
2023-01-17 16:00:00,,ICE
2023-01-17 16:15:00,,ICE
2023-01-17 16:30:00,,ICE
2023-01-17 16:45:00,,ICE
2023-01-17 17:00:00,,ICE
2023-01-17 17:15:00,,ICE
2023-01-17 17:30:00,,ICE
2023-01-17 17:45:00,,ICE
2023-01-17 18:00:00,,ICE
2023-01-17 18:15:00,,ICE
2023-01-17 18:30:00,,ICE
2023-01-17 18:45:00,,ICE
2023-01-17 19:00:00,,ICE
2023-01-17 19:15:00,,ICE
2023-01-17 19:30:00,,ICE
2023-01-17 19:45:00,,ICE
2023-01-17 20:00:00,,ICE
2023-01-17 20:15:00,,ICE
2023-01-17 20:30:00,,ICE
2023-01-17 20:45:00,,ICE
2023-01-17 21:00:00,,ICE
2023-01-17 21:15:00,,ICE
2023-01-17 21:30:00,,ICE
2023-01-17 21:45:00,,ICE
2023-01-17 22:00:00,,ICE
2023-01-17 22:15:00,,ICE
2023-01-17 22:30:00,,ICE
2023-01-17 22:45:00,,ICE
2023-01-17 23:00:00,,ICE
2023-01-17 23:15:00,,ICE
2023-01-17 23:30:00,,ICE
2023-01-17 23:45:00,,ICE
2023-01-18 00:00:00,,ICE
2023-01-18 00:15:00,,ICE
2023-01-18 00:30:00,,ICE
2023-01-18 00:45:00,,ICE
2023-01-18 01:00:00,,ICE
2023-01-18 01:15:00,,ICE
2023-01-18 01:30:00,,ICE
2023-01-18 01:45:00,,ICE
2023-01-18 02:00:00,,ICE
2023-01-18 02:15:00,,ICE
2023-01-18 02:30:00,,ICE
2023-01-18 02:45:00,,ICE
2023-01-18 03:00:00,,ICE
2023-01-18 03:15:00,,ICE
2023-01-18 03:30:00,,ICE
2023-01-18 03:45:00,,ICE
2023-01-18 04:00:00,,ICE
2023-01-18 04:15:00,,ICE
2023-01-18 04:30:00,,ICE
2023-01-18 04:45:00,,ICE
2023-01-18 05:00:00,,ICE
2023-01-18 05:15:00,,ICE
2023-01-18 05:30:00,,ICE
2023-01-18 05:45:00,,ICE
2023-01-18 06:00:00,,ICE
2023-01-18 06:15:00,,ICE
2023-01-18 06:30:00,,ICE
2023-01-18 06:45:00,,ICE
2023-01-18 07:00:00,,ICE
2023-01-18 07:15:00,,ICE
2023-01-18 07:30:00,,ICE
2023-01-18 07:45:00,,ICE
2023-01-18 08:00:00,,ICE
2023-01-18 08:15:00,,ICE
2023-01-18 08:30:00,,ICE
2023-01-18 08:45:00,,ICE
2023-01-18 09:00:00,,ICE
2023-01-18 09:15:00,,ICE
2023-01-18 09:30:00,,ICE
2023-01-18 09:45:00,,ICE
2023-01-18 10:00:00,,ICE
2023-01-18 10:15:00,,ICE
2023-01-18 10:30:00,,ICE
2023-01-18 10:45:00,,ICE
2023-01-18 11:00:00,,ICE
2023-01-18 11:15:00,,ICE
2023-01-18 11:30:00,,ICE
2023-01-18 11:45:00,,ICE
2023-01-18 12:00:00,,ICE
2023-01-18 12:15:00,,ICE
2023-01-18 12:30:00,,ICE
2023-01-18 12:45:00,,ICE
2023-01-18 13:00:00,,ICE
2023-01-18 13:15:00,,ICE
2023-01-18 13:30:00,,ICE
2023-01-18 13:45:00,,ICE
2023-01-18 14:00:00,,ICE
2023-01-18 14:15:00,,ICE
2023-01-18 14:30:00,,ICE
2023-01-18 14:45:00,,ICE
2023-01-18 15:00:00,,ICE
2023-01-18 15:15:00,,ICE
2023-01-18 15:30:00,,ICE
2023-01-18 15:45:00,,ICE
2023-01-18 16:00:00,,ICE
2023-01-18 16:15:00,,ICE
2023-01-18 16:30:00,,ICE
2023-01-18 16:45:00,,ICE
2023-01-18 17:00:00,,ICE
2023-01-18 17:15:00,,ICE
2023-01-18 17:30:00,,ICE
2023-01-18 17:45:00,,ICE
2023-01-18 18:00:00,,ICE
2023-01-18 18:15:00,,ICE
2023-01-18 18:30:00,,ICE
2023-01-18 18:45:00,,ICE
2023-01-18 19:00:00,,ICE
2023-01-18 19:15:00,,ICE
2023-01-18 19:30:00,,ICE
2023-01-18 19:45:00,,ICE
2023-01-18 20:00:00,,ICE
2023-01-18 20:15:00,,ICE
2023-01-18 20:30:00,,ICE
2023-01-18 20:45:00,,ICE
2023-01-18 21:00:00,,ICE
2023-01-18 21:15:00,,ICE
2023-01-18 21:30:00,,ICE
2023-01-18 21:45:00,,ICE
2023-01-18 22:00:00,,ICE
2023-01-18 22:15:00,,ICE
2023-01-18 22:30:00,,ICE
2023-01-18 22:45:00,,ICE
2023-01-18 23:00:00,,ICE
2023-01-18 23:15:00,,ICE
2023-01-18 23:30:00,,ICE
2023-01-18 23:45:00,,ICE
2023-01-19 00:00:00,,ICE
2023-01-19 00:15:00,,ICE
2023-01-19 00:30:00,,ICE
2023-01-19 00:45:00,,ICE
2023-01-19 01:00:00,,ICE
2023-01-19 01:15:00,,ICE
2023-01-19 01:30:00,,ICE
2023-01-19 01:45:00,,ICE
2023-01-19 02:00:00,,ICE
2023-01-19 02:15:00,,ICE
2023-01-19 02:30:00,,ICE
2023-01-19 02:45:00,,ICE
2023-01-19 03:00:00,,ICE
2023-01-19 03:15:00,,ICE
2023-01-19 03:30:00,,ICE
2023-01-19 03:45:00,,ICE
2023-01-19 04:00:00,,ICE
2023-01-19 04:15:00,,ICE
2023-01-19 04:30:00,,ICE
2023-01-19 04:45:00,,ICE
2023-01-19 05:00:00,,ICE
2023-01-19 05:15:00,,ICE
2023-01-19 05:30:00,,ICE
2023-01-19 05:45:00,,ICE
2023-01-19 06:00:00,,ICE
2023-01-19 06:15:00,,ICE
2023-01-19 06:30:00,,ICE
2023-01-19 06:45:00,,ICE
2023-01-19 07:00:00,,ICE
2023-01-19 07:15:00,,ICE
2023-01-19 07:30:00,,ICE
2023-01-19 07:45:00,,ICE
2023-01-19 08:00:00,,ICE
2023-01-19 08:15:00,,ICE
2023-01-19 08:30:00,,ICE
2023-01-19 08:45:00,,ICE
2023-01-19 09:00:00,,ICE
2023-01-19 09:15:00,,ICE
2023-01-19 09:30:00,,ICE
2023-01-19 09:45:00,,ICE
2023-01-19 10:00:00,,ICE
2023-01-19 10:15:00,,ICE
2023-01-19 10:30:00,,ICE
2023-01-19 10:45:00,,ICE
2023-01-19 11:00:00,,ICE
2023-01-19 11:15:00,,ICE
2023-01-19 11:30:00,,ICE
2023-01-19 11:45:00,,ICE
2023-01-19 12:00:00,,ICE
2023-01-19 12:15:00,,ICE
2023-01-19 12:30:00,,ICE
2023-01-19 12:45:00,,ICE
2023-01-19 13:00:00,,ICE
2023-01-19 13:15:00,,ICE
2023-01-19 13:30:00,,ICE
2023-01-19 13:45:00,,ICE
2023-01-19 14:00:00,,ICE
2023-01-19 14:15:00,,ICE
2023-01-19 14:30:00,,ICE
2023-01-19 14:45:00,,ICE
2023-01-19 15:00:00,,ICE
2023-01-19 15:15:00,,ICE
2023-01-19 15:30:00,,ICE
2023-01-19 15:45:00,,ICE
2023-01-19 16:00:00,,ICE
2023-01-19 16:15:00,,ICE
2023-01-19 16:30:00,,ICE
2023-01-19 16:45:00,,ICE
2023-01-19 17:00:00,,ICE
2023-01-19 17:15:00,,ICE
2023-01-19 17:30:00,,ICE
2023-01-19 17:45:00,,ICE
2023-01-19 18:00:00,,ICE
2023-01-19 18:15:00,,ICE
2023-01-19 18:30:00,,ICE
2023-01-19 18:45:00,,ICE
2023-01-19 19:00:00,,ICE
2023-01-19 19:15:00,,ICE
2023-01-19 19:30:00,,ICE
2023-01-19 19:45:00,,ICE
2023-01-19 20:00:00,,ICE
2023-01-19 20:15:00,,ICE
2023-01-19 20:30:00,,ICE
2023-01-19 20:45:00,,ICE
2023-01-19 21:00:00,,ICE
2023-01-19 21:15:00,,ICE
2023-01-19 21:30:00,,ICE
2023-01-19 21:45:00,,ICE
2023-01-19 22:00:00,,ICE
2023-01-19 22:15:00,,ICE
2023-01-19 22:30:00,,ICE
2023-01-19 22:45:00,,ICE
2023-01-19 23:00:00,,ICE
2023-01-19 23:15:00,,ICE
2023-01-19 23:30:00,,ICE
2023-01-19 23:45:00,,ICE
2023-01-20 00:00:00,,ICE
2023-01-20 00:15:00,,ICE
2023-01-20 00:30:00,,ICE
2023-01-20 00:45:00,,ICE
2023-01-20 01:00:00,,ICE
2023-01-20 01:15:00,,ICE
2023-01-20 01:30:00,,ICE
2023-01-20 01:45:00,,ICE
2023-01-20 02:00:00,,ICE
2023-01-20 02:15:00,,ICE
2023-01-20 02:30:00,,ICE
2023-01-20 02:45:00,,ICE
2023-01-20 03:00:00,,ICE
2023-01-20 03:15:00,,ICE
2023-01-20 03:30:00,,ICE
2023-01-20 03:45:00,,ICE
2023-01-20 04:00:00,,ICE
2023-01-20 04:15:00,,ICE
2023-01-20 04:30:00,,ICE
2023-01-20 04:45:00,,ICE
2023-01-20 05:00:00,,ICE
2023-01-20 05:15:00,,ICE
2023-01-20 05:30:00,,ICE
2023-01-20 05:45:00,,ICE
2023-01-20 06:00:00,,ICE
2023-01-20 06:15:00,,ICE
2023-01-20 06:30:00,,ICE
2023-01-20 06:45:00,,ICE
2023-01-20 07:00:00,,ICE
2023-01-20 07:15:00,,ICE
2023-01-20 07:30:00,,ICE
2023-01-20 07:45:00,,ICE
2023-01-20 08:00:00,,ICE
2023-01-20 08:15:00,,ICE
2023-01-20 08:30:00,,ICE
2023-01-20 08:45:00,,ICE
2023-01-20 09:00:00,,ICE
2023-01-20 09:15:00,,ICE
2023-01-20 09:30:00,,ICE
2023-01-20 09:45:00,,ICE
2023-01-20 10:00:00,,ICE
2023-01-20 10:15:00,,ICE
2023-01-20 10:30:00,,ICE
2023-01-20 10:45:00,,ICE
2023-01-20 11:00:00,,ICE
2023-01-20 11:15:00,,ICE
2023-01-20 11:30:00,,ICE
2023-01-20 11:45:00,,ICE
2023-01-20 12:00:00,,ICE
2023-01-20 12:15:00,,ICE
2023-01-20 12:30:00,,ICE
2023-01-20 12:45:00,,ICE
2023-01-20 13:00:00,,ICE
2023-01-20 13:15:00,,ICE
2023-01-20 13:30:00,,ICE
2023-01-20 13:45:00,,ICE
2023-01-20 14:00:00,,ICE
2023-01-20 14:15:00,,ICE
2023-01-20 14:30:00,,ICE
2023-01-20 14:45:00,,ICE
2023-01-20 15:00:00,,ICE
2023-01-20 15:15:00,,ICE
2023-01-20 15:30:00,,ICE
2023-01-20 15:45:00,,ICE
2023-01-20 16:00:00,,ICE
2023-01-20 16:15:00,,ICE
2023-01-20 16:30:00,,ICE
2023-01-20 16:45:00,,ICE
2023-01-20 17:00:00,,ICE
2023-01-20 17:15:00,,ICE
2023-01-20 17:30:00,,ICE
2023-01-20 17:45:00,,ICE
2023-01-20 18:00:00,,ICE
2023-01-20 18:15:00,,ICE
2023-01-20 18:30:00,,ICE
2023-01-20 18:45:00,,ICE
2023-01-20 19:00:00,,ICE
2023-01-20 19:15:00,,ICE
2023-01-20 19:30:00,,ICE
2023-01-20 19:45:00,,ICE
2023-01-20 20:00:00,,ICE
2023-01-20 20:15:00,,ICE
2023-01-20 20:30:00,,ICE
2023-01-20 20:45:00,,ICE
2023-01-20 21:00:00,,ICE
2023-01-20 21:15:00,,ICE
2023-01-20 21:30:00,,ICE
2023-01-20 21:45:00,,ICE
2023-01-20 22:00:00,,ICE
2023-01-20 22:15:00,,ICE
2023-01-20 22:30:00,,ICE
2023-01-20 22:45:00,,ICE
2023-01-20 23:00:00,,ICE
2023-01-20 23:15:00,,ICE
2023-01-20 23:30:00,,ICE
2023-01-20 23:45:00,,ICE
2023-01-21 00:00:00,,ICE
2023-01-21 00:15:00,,ICE
2023-01-21 00:30:00,,ICE
2023-01-21 00:45:00,,ICE
2023-01-21 01:00:00,,ICE
2023-01-21 01:15:00,,ICE
2023-01-21 01:30:00,,ICE
2023-01-21 01:45:00,,ICE
2023-01-21 02:00:00,,ICE
2023-01-21 02:15:00,,ICE
2023-01-21 02:30:00,,ICE
2023-01-21 02:45:00,,ICE
2023-01-21 03:00:00,,ICE
2023-01-21 03:15:00,,ICE
2023-01-21 03:30:00,,ICE
2023-01-21 03:45:00,,ICE
2023-01-21 04:00:00,,ICE
2023-01-21 04:15:00,,ICE
2023-01-21 04:30:00,,ICE
2023-01-21 04:45:00,,ICE
2023-01-21 05:00:00,,ICE
2023-01-21 05:15:00,,ICE
2023-01-21 05:30:00,,ICE
2023-01-21 05:45:00,,ICE
2023-01-21 06:00:00,,ICE
2023-01-21 06:15:00,,ICE
2023-01-21 06:30:00,,ICE
2023-01-21 06:45:00,,ICE
2023-01-21 07:00:00,,ICE
2023-01-21 07:15:00,,ICE
2023-01-21 07:30:00,,ICE
2023-01-21 07:45:00,,ICE
2023-01-21 08:00:00,,ICE
2023-01-21 08:15:00,,ICE
2023-01-21 08:30:00,,ICE
2023-01-21 08:45:00,,ICE
2023-01-21 09:00:00,,ICE
2023-01-21 09:15:00,,ICE
2023-01-21 09:30:00,,ICE
2023-01-21 09:45:00,,ICE
2023-01-21 10:00:00,,ICE
2023-01-21 10:15:00,,ICE
2023-01-21 10:30:00,,ICE
2023-01-21 10:45:00,,ICE
2023-01-21 11:00:00,,ICE
2023-01-21 11:15:00,,ICE
2023-01-21 11:30:00,,ICE
2023-01-21 11:45:00,,ICE
2023-01-21 12:00:00,,ICE
2023-01-21 12:15:00,,ICE
2023-01-21 12:30:00,,ICE
2023-01-21 12:45:00,,ICE
2023-01-21 13:00:00,,ICE
2023-01-21 13:15:00,,ICE
2023-01-21 13:30:00,,ICE
2023-01-21 13:45:00,,ICE
2023-01-21 14:00:00,,ICE
2023-01-21 14:15:00,,ICE
2023-01-21 14:30:00,,ICE
2023-01-21 14:45:00,,ICE
2023-01-21 15:00:00,,ICE
2023-01-21 15:15:00,,ICE
2023-01-21 15:30:00,,ICE
2023-01-21 15:45:00,,ICE
2023-01-21 16:00:00,,ICE
2023-01-21 16:15:00,,ICE
2023-01-21 16:30:00,,ICE
2023-01-21 16:45:00,,ICE
2023-01-21 17:00:00,,ICE
2023-01-21 17:15:00,,ICE
2023-01-21 17:30:00,,ICE
2023-01-21 17:45:00,,ICE
2023-01-21 18:00:00,,ICE
2023-01-21 18:15:00,,ICE
2023-01-21 18:30:00,,ICE
2023-01-21 18:45:00,,ICE
2023-01-21 19:00:00,,ICE
2023-01-21 19:15:00,,ICE
2023-01-21 19:30:00,,ICE
2023-01-21 19:45:00,,ICE
2023-01-21 20:00:00,,ICE
2023-01-21 20:15:00,,ICE
2023-01-21 20:30:00,,ICE
2023-01-21 20:45:00,,ICE
2023-01-21 21:00:00,,ICE
2023-01-21 21:15:00,,ICE
2023-01-21 21:30:00,,ICE
2023-01-21 21:45:00,,ICE
2023-01-21 22:00:00,,ICE
2023-01-21 22:15:00,,ICE
2023-01-21 22:30:00,,ICE
2023-01-21 22:45:00,,ICE
2023-01-21 23:00:00,,ICE
2023-01-21 23:15:00,,ICE
2023-01-21 23:30:00,,ICE
2023-01-21 23:45:00,,ICE
2023-01-22 00:00:00,,ICE
2023-01-22 00:15:00,,ICE
2023-01-22 00:30:00,,ICE
2023-01-22 00:45:00,,ICE
2023-01-22 01:00:00,,ICE
2023-01-22 01:15:00,,ICE
2023-01-22 01:30:00,,ICE
2023-01-22 01:45:00,,ICE
2023-01-22 02:00:00,,ICE
2023-01-22 02:15:00,,ICE
2023-01-22 02:30:00,,ICE
2023-01-22 02:45:00,,ICE
2023-01-22 03:00:00,,ICE
2023-01-22 03:15:00,,ICE
2023-01-22 03:30:00,,ICE
2023-01-22 03:45:00,,ICE
2023-01-22 04:00:00,,ICE
2023-01-22 04:15:00,,ICE
2023-01-22 04:30:00,,ICE
2023-01-22 04:45:00,,ICE
2023-01-22 05:00:00,,ICE
2023-01-22 05:15:00,,ICE
2023-01-22 05:30:00,,ICE
2023-01-22 05:45:00,,ICE
2023-01-22 06:00:00,,ICE
2023-01-22 06:15:00,,ICE
2023-01-22 06:30:00,,ICE
2023-01-22 06:45:00,,ICE
2023-01-22 07:00:00,,ICE
2023-01-22 07:15:00,,ICE
2023-01-22 07:30:00,,ICE
2023-01-22 07:45:00,,ICE
2023-01-22 08:00:00,,ICE
2023-01-22 08:15:00,,ICE
2023-01-22 08:30:00,,ICE
2023-01-22 08:45:00,,ICE
2023-01-22 09:00:00,,ICE
2023-01-22 09:15:00,,ICE
2023-01-22 09:30:00,,ICE
2023-01-22 09:45:00,,ICE
2023-01-22 10:00:00,,ICE
2023-01-22 10:15:00,,ICE
2023-01-22 10:30:00,,ICE
2023-01-22 10:45:00,,ICE
2023-01-22 11:00:00,,ICE
2023-01-22 11:15:00,,ICE
2023-01-22 11:30:00,,ICE
2023-01-22 11:45:00,,ICE
2023-01-22 12:00:00,,ICE
2023-01-22 12:15:00,,ICE
2023-01-22 12:30:00,,ICE
2023-01-22 12:45:00,,ICE
2023-01-22 13:00:00,,ICE
2023-01-22 13:15:00,,ICE
2023-01-22 13:30:00,,ICE
2023-01-22 13:45:00,,ICE
2023-01-22 14:00:00,,ICE
2023-01-22 14:15:00,,ICE
2023-01-22 14:30:00,,ICE
2023-01-22 14:45:00,,ICE
2023-01-22 15:00:00,,ICE
2023-01-22 15:15:00,,ICE
2023-01-22 15:30:00,,ICE
2023-01-22 15:45:00,,ICE
2023-01-22 16:00:00,,ICE
2023-01-22 16:15:00,,ICE
2023-01-22 16:30:00,,ICE
2023-01-22 16:45:00,,ICE
2023-01-22 17:00:00,,ICE
2023-01-22 17:15:00,,ICE
2023-01-22 17:30:00,,ICE
2023-01-22 17:45:00,,ICE
2023-01-22 18:00:00,,ICE
2023-01-22 18:15:00,,ICE
2023-01-22 18:30:00,,ICE
2023-01-22 18:45:00,,ICE
2023-01-22 19:00:00,,ICE
2023-01-22 19:15:00,,ICE
2023-01-22 19:30:00,,ICE
2023-01-22 19:45:00,,ICE
2023-01-22 20:00:00,,ICE
2023-01-22 20:15:00,,ICE
2023-01-22 20:30:00,,ICE
2023-01-22 20:45:00,,ICE
2023-01-22 21:00:00,,ICE
2023-01-22 21:15:00,,ICE
2023-01-22 21:30:00,,ICE
2023-01-22 21:45:00,,ICE
2023-01-22 22:00:00,,ICE
2023-01-22 22:15:00,,ICE
2023-01-22 22:30:00,,ICE
2023-01-22 22:45:00,,ICE
2023-01-22 23:00:00,,ICE
2023-01-22 23:15:00,,ICE
2023-01-22 23:30:00,,ICE
2023-01-22 23:45:00,,ICE
2023-01-23 00:00:00,,ICE
2023-01-23 00:15:00,,ICE
2023-01-23 00:30:00,,ICE
2023-01-23 00:45:00,,ICE
2023-01-23 01:00:00,,ICE
2023-01-23 01:15:00,,ICE
2023-01-23 01:30:00,,ICE
2023-01-23 01:45:00,,ICE
2023-01-23 02:00:00,,ICE
2023-01-23 02:15:00,,ICE
2023-01-23 02:30:00,,ICE
2023-01-23 02:45:00,,ICE
2023-01-23 03:00:00,,ICE
2023-01-23 03:15:00,,ICE
2023-01-23 03:30:00,,ICE
2023-01-23 03:45:00,,ICE
2023-01-23 04:00:00,,ICE
2023-01-23 04:15:00,,ICE
2023-01-23 04:30:00,,ICE
2023-01-23 04:45:00,,ICE
2023-01-23 05:00:00,,ICE
2023-01-23 05:15:00,,ICE
2023-01-23 05:30:00,,ICE
2023-01-23 05:45:00,,ICE
2023-01-23 06:00:00,,ICE
2023-01-23 06:15:00,,ICE
2023-01-23 06:30:00,,ICE
2023-01-23 06:45:00,,ICE
2023-01-23 07:00:00,,ICE
2023-01-23 07:15:00,,ICE
2023-01-23 07:30:00,,ICE
2023-01-23 07:45:00,,ICE
2023-01-23 08:00:00,,ICE
2023-01-23 08:15:00,,ICE
2023-01-23 08:30:00,,ICE
2023-01-23 08:45:00,,ICE
2023-01-23 09:00:00,,ICE
2023-01-23 09:15:00,,ICE
2023-01-23 09:30:00,,ICE
2023-01-23 09:45:00,,ICE
2023-01-23 10:00:00,,ICE
2023-01-23 10:15:00,,ICE
2023-01-23 10:30:00,,ICE
2023-01-23 10:45:00,,ICE
2023-01-23 11:00:00,,ICE
2023-01-23 11:15:00,,ICE
2023-01-23 11:30:00,,ICE
2023-01-23 11:45:00,,ICE
2023-01-23 12:00:00,,ICE
2023-01-23 12:15:00,,ICE
2023-01-23 12:30:00,,ICE
2023-01-23 12:45:00,,ICE
2023-01-23 13:00:00,,ICE
2023-01-23 13:15:00,,ICE
2023-01-23 13:30:00,,ICE
2023-01-23 13:45:00,,ICE
2023-01-23 14:00:00,,ICE
2023-01-23 14:15:00,,ICE
2023-01-23 14:30:00,,ICE
2023-01-23 14:45:00,,ICE
2023-01-23 15:00:00,,ICE
2023-01-23 15:15:00,,ICE
2023-01-23 15:30:00,,ICE
2023-01-23 15:45:00,,ICE
2023-01-23 16:00:00,,ICE
2023-01-23 16:15:00,,ICE
2023-01-23 16:30:00,,ICE
2023-01-23 16:45:00,,ICE
2023-01-23 17:00:00,,ICE
2023-01-23 17:15:00,,ICE
2023-01-23 17:30:00,,ICE
2023-01-23 17:45:00,,ICE
2023-01-23 18:00:00,,ICE
2023-01-23 18:15:00,,ICE
2023-01-23 18:30:00,,ICE
2023-01-23 18:45:00,,ICE
2023-01-23 19:00:00,,ICE
2023-01-23 19:15:00,,ICE
2023-01-23 19:30:00,,ICE
2023-01-23 19:45:00,,ICE
2023-01-23 20:00:00,,ICE
2023-01-23 20:15:00,,ICE
2023-01-23 20:30:00,,ICE
2023-01-23 20:45:00,,ICE
2023-01-23 21:00:00,,ICE
2023-01-23 21:15:00,,ICE
2023-01-23 21:30:00,,ICE
2023-01-23 21:45:00,,ICE
2023-01-23 22:00:00,,ICE
2023-01-23 22:15:00,,ICE
2023-01-23 22:30:00,,ICE
2023-01-23 22:45:00,,ICE
2023-01-23 23:00:00,,ICE
2023-01-23 23:15:00,,ICE
2023-01-23 23:30:00,,ICE
2023-01-23 23:45:00,,ICE
2023-01-24 00:00:00,,ICE
2023-01-24 00:15:00,,ICE
2023-01-24 00:30:00,,ICE
2023-01-24 00:45:00,,ICE
2023-01-24 01:00:00,,ICE
2023-01-24 01:15:00,,ICE
2023-01-24 01:30:00,,ICE
2023-01-24 01:45:00,,ICE
2023-01-24 02:00:00,,ICE
2023-01-24 02:15:00,,ICE
2023-01-24 02:30:00,,ICE
2023-01-24 02:45:00,,ICE
2023-01-24 03:00:00,,ICE
2023-01-24 03:15:00,,ICE
2023-01-24 03:30:00,,ICE
2023-01-24 03:45:00,,ICE
2023-01-24 04:00:00,,ICE
2023-01-24 04:15:00,,ICE
2023-01-24 04:30:00,,ICE
2023-01-24 04:45:00,,ICE
2023-01-24 05:00:00,,ICE
2023-01-24 05:15:00,,ICE
2023-01-24 05:30:00,,ICE
2023-01-24 05:45:00,,ICE
2023-01-24 06:00:00,,ICE
2023-01-24 06:15:00,,ICE
2023-01-24 06:30:00,,ICE
2023-01-24 06:45:00,,ICE
2023-01-24 07:00:00,,ICE
2023-01-24 07:15:00,,ICE
2023-01-24 07:30:00,,ICE
2023-01-24 07:45:00,,ICE
2023-01-24 08:00:00,,ICE
2023-01-24 08:15:00,,ICE
2023-01-24 08:30:00,,ICE
2023-01-24 08:45:00,,ICE
2023-01-24 09:00:00,,ICE
2023-01-24 09:15:00,,ICE
2023-01-24 09:30:00,,ICE
2023-01-24 09:45:00,,ICE
2023-01-24 10:00:00,,ICE
2023-01-24 10:15:00,,ICE
2023-01-24 10:30:00,,ICE
2023-01-24 10:45:00,,ICE
2023-01-24 11:00:00,,ICE
2023-01-24 11:15:00,,ICE
2023-01-24 11:30:00,,ICE
2023-01-24 11:45:00,,ICE
2023-01-24 12:00:00,,ICE
2023-01-24 12:15:00,,ICE
2023-01-24 12:30:00,,ICE
2023-01-24 12:45:00,,ICE
2023-01-24 13:00:00,,ICE
2023-01-24 13:15:00,,ICE
2023-01-24 13:30:00,,ICE
2023-01-24 13:45:00,,ICE
2023-01-24 14:00:00,,ICE
2023-01-24 14:15:00,,ICE
2023-01-24 14:30:00,,ICE
2023-01-24 14:45:00,12.12,
2023-01-24 15:00:00,12.15,
2023-01-24 15:15:00,12.2,
2023-01-24 15:30:00,12.18,
2023-01-24 15:45:00,12.16,
2023-01-24 16:00:00,12.14,
2023-01-24 16:15:00,12.12,
2023-01-24 16:30:00,12.1,
2023-01-24 16:45:00,12.07,
2023-01-24 17:00:00,12.04,
2023-01-24 17:15:00,12.0,
2023-01-24 17:30:00,11.93,
2023-01-24 17:45:00,11.87,
2023-01-24 18:00:00,11.82,
2023-01-24 18:15:00,11.79,
2023-01-24 18:30:00,11.74,
2023-01-24 18:45:00,11.71,
2023-01-24 19:00:00,11.69,
2023-01-24 19:15:00,11.68,
2023-01-24 19:30:00,11.66,
2023-01-24 19:45:00,11.64,
2023-01-24 20:00:00,11.63,
2023-01-24 20:15:00,11.61,
2023-01-24 20:30:00,11.62,
2023-01-24 20:45:00,11.61,
2023-01-24 21:00:00,11.61,
2023-01-24 21:15:00,11.61,
2023-01-24 21:30:00,11.6,
2023-01-24 21:45:00,11.61,
2023-01-24 22:00:00,11.59,
2023-01-24 22:15:00,11.61,
2023-01-24 22:30:00,11.6,
2023-01-24 22:45:00,11.59,
2023-01-24 23:00:00,11.61,
2023-01-24 23:15:00,11.59,
2023-01-24 23:30:00,11.6,
2023-01-24 23:45:00,11.6,
2023-01-25 00:00:00,11.6,
2023-01-25 00:15:00,11.6,
2023-01-25 00:30:00,11.61,
2023-01-25 00:45:00,11.61,
2023-01-25 01:00:00,11.61,
2023-01-25 01:15:00,11.6,
2023-01-25 01:30:00,11.61,
2023-01-25 01:45:00,11.61,
2023-01-25 02:00:00,11.6,
2023-01-25 02:15:00,11.6,
2023-01-25 02:30:00,11.62,
2023-01-25 02:45:00,11.62,
2023-01-25 03:00:00,11.62,
2023-01-25 03:15:00,11.64,
2023-01-25 03:30:00,11.64,
2023-01-25 03:45:00,11.64,
2023-01-25 04:00:00,11.64,
2023-01-25 04:15:00,11.64,
2023-01-25 04:30:00,11.64,
2023-01-25 04:45:00,11.64,
2023-01-25 05:00:00,11.64,
2023-01-25 05:15:00,11.63,
2023-01-25 05:30:00,11.63,
2023-01-25 05:45:00,11.63,
2023-01-25 06:00:00,11.63,
2023-01-25 06:15:00,11.64,
2023-01-25 06:30:00,11.63,
2023-01-25 06:45:00,11.64,
2023-01-25 07:00:00,11.64,
2023-01-25 07:15:00,11.63,
2023-01-25 07:30:00,11.62,
2023-01-25 07:45:00,11.64,
2023-01-25 08:00:00,11.64,
2023-01-25 08:15:00,11.64,
2023-01-25 08:30:00,11.65,
2023-01-25 08:45:00,11.65,
2023-01-25 09:00:00,11.67,
2023-01-25 09:15:00,11.71,
2023-01-25 09:30:00,11.72,
2023-01-25 09:45:00,11.76,
2023-01-25 10:00:00,11.82,
2023-01-25 10:15:00,11.91,
2023-01-25 10:30:00,12.0,
2023-01-25 10:45:00,12.03,
2023-01-25 11:00:00,12.08,
2023-01-25 11:15:00,12.2,
2023-01-25 11:30:00,12.25,
2023-01-25 11:45:00,12.25,
2023-01-25 12:00:00,12.3,
2023-01-25 12:15:00,12.29,
2023-01-25 12:30:00,12.29,
2023-01-25 12:45:00,12.29,
2023-01-25 13:00:00,12.28,
2023-01-25 13:15:00,12.28,
2023-01-25 13:30:00,12.29,
2023-01-25 13:45:00,12.3,
2023-01-25 14:00:00,12.31,
2023-01-25 14:15:00,12.3,
2023-01-25 14:30:00,12.3,
2023-01-25 14:45:00,12.29,
2023-01-25 15:00:00,12.28,
2023-01-25 15:15:00,12.26,
2023-01-25 15:30:00,12.23,
2023-01-25 15:45:00,12.21,
2023-01-25 16:00:00,12.18,
2023-01-25 16:15:00,12.13,
2023-01-25 16:30:00,12.11,
2023-01-25 16:45:00,12.08,
2023-01-25 17:00:00,12.03,
2023-01-25 17:15:00,12.01,
2023-01-25 17:30:00,11.94,
2023-01-25 17:45:00,11.88,
2023-01-25 18:00:00,11.85,
2023-01-25 18:15:00,11.78,
2023-01-25 18:30:00,11.76,
2023-01-25 18:45:00,11.74,
2023-01-25 19:00:00,11.74,
2023-01-25 19:15:00,11.72,
2023-01-25 19:30:00,11.7,
2023-01-25 19:45:00,11.7,
2023-01-25 20:00:00,11.68,
2023-01-25 20:15:00,11.68,
2023-01-25 20:30:00,11.68,
2023-01-25 20:45:00,11.68,
2023-01-25 21:00:00,11.69,
2023-01-25 21:15:00,11.68,
2023-01-25 21:30:00,11.68,
2023-01-25 21:45:00,11.68,
2023-01-25 22:00:00,11.68,
2023-01-25 22:15:00,11.68,
2023-01-25 22:30:00,11.68,
2023-01-25 22:45:00,11.67,
2023-01-25 23:00:00,11.68,
2023-01-25 23:15:00,11.68,
2023-01-25 23:30:00,11.68,
2023-01-25 23:45:00,11.68,
2023-01-26 00:00:00,11.68,
2023-01-26 00:15:00,11.68,
2023-01-26 00:30:00,11.67,
2023-01-26 00:45:00,11.66,
2023-01-26 01:00:00,11.66,
2023-01-26 01:15:00,11.65,
2023-01-26 01:30:00,11.65,
2023-01-26 01:45:00,11.65,
2023-01-26 02:00:00,11.64,
2023-01-26 02:15:00,11.65,
2023-01-26 02:30:00,11.64,
2023-01-26 02:45:00,11.63,
2023-01-26 03:00:00,11.64,
2023-01-26 03:15:00,11.65,
2023-01-26 03:30:00,11.65,
2023-01-26 03:45:00,11.64,
2023-01-26 04:00:00,11.63,
2023-01-26 04:15:00,11.63,
2023-01-26 04:30:00,11.63,
2023-01-26 04:45:00,11.64,
2023-01-26 05:00:00,11.64,
2023-01-26 05:15:00,11.66,
2023-01-26 05:30:00,11.65,
2023-01-26 05:45:00,11.66,
2023-01-26 06:00:00,11.67,
2023-01-26 06:15:00,11.67,
2023-01-26 06:30:00,11.68,
2023-01-26 06:45:00,11.68,
2023-01-26 07:00:00,11.68,
2023-01-26 07:15:00,11.68,
2023-01-26 07:30:00,11.67,
2023-01-26 07:45:00,11.67,
2023-01-26 08:00:00,11.67,
2023-01-26 08:15:00,11.67,
2023-01-26 08:30:00,11.68,
2023-01-26 08:45:00,11.7,
2023-01-26 09:00:00,11.7,
2023-01-26 09:15:00,11.71,
2023-01-26 09:30:00,11.71,
2023-01-26 09:45:00,11.76,
2023-01-26 10:00:00,11.83,
2023-01-26 10:15:00,11.9,
2023-01-26 10:30:00,11.97,
2023-01-26 10:45:00,12.03,
2023-01-26 11:00:00,12.09,
2023-01-26 11:15:00,12.18,
2023-01-26 11:30:00,12.23,
2023-01-26 11:45:00,12.3,
2023-01-26 12:00:00,12.33,
2023-01-26 12:15:00,12.32,
2023-01-26 12:30:00,12.33,
2023-01-26 12:45:00,12.33,
2023-01-26 13:00:00,12.33,
2023-01-26 13:15:00,12.34,
2023-01-26 13:30:00,12.33,
2023-01-26 13:45:00,12.33,
2023-01-26 14:00:00,12.34,
2023-01-26 14:15:00,12.34,
2023-01-26 14:30:00,12.34,
2023-01-26 14:45:00,12.33,
2023-01-26 15:00:00,12.32,
2023-01-26 15:15:00,12.3,
2023-01-26 15:30:00,12.28,
2023-01-26 15:45:00,12.25,
2023-01-26 16:00:00,12.19,
2023-01-26 16:15:00,12.14,
2023-01-26 16:30:00,12.12,
2023-01-26 16:45:00,12.05,
2023-01-26 17:00:00,12.01,
2023-01-26 17:15:00,11.97,
2023-01-26 17:30:00,11.93,
2023-01-26 17:45:00,11.85,
2023-01-26 18:00:00,11.82,
2023-01-26 18:15:00,11.8,
2023-01-26 18:30:00,11.76,
2023-01-26 18:45:00,11.73,
2023-01-26 19:00:00,11.71,
2023-01-26 19:15:00,11.67,
2023-01-26 19:30:00,11.66,
2023-01-26 19:45:00,11.65,
2023-01-26 20:00:00,11.64,
2023-01-26 20:15:00,11.63,
2023-01-26 20:30:00,11.63,
2023-01-26 20:45:00,11.62,
2023-01-26 21:00:00,11.62,
2023-01-26 21:15:00,11.62,
2023-01-26 21:30:00,11.61,
2023-01-26 21:45:00,11.6,
2023-01-26 22:00:00,11.6,
2023-01-26 22:15:00,11.61,
2023-01-26 22:30:00,11.6,
2023-01-26 22:45:00,11.6,
2023-01-26 23:00:00,11.6,
2023-01-26 23:15:00,11.6,
2023-01-26 23:30:00,11.6,
2023-01-26 23:45:00,11.6,
2023-01-27 00:00:00,11.59,
2023-01-27 00:15:00,11.6,
2023-01-27 00:30:00,11.59,
2023-01-27 00:45:00,11.58,
2023-01-27 01:00:00,11.59,
2023-01-27 01:15:00,11.59,
2023-01-27 01:30:00,11.58,
2023-01-27 01:45:00,11.58,
2023-01-27 02:00:00,11.58,
2023-01-27 02:15:00,11.57,
2023-01-27 02:30:00,11.57,
2023-01-27 02:45:00,11.57,
2023-01-27 03:00:00,11.57,
2023-01-27 03:15:00,11.56,
2023-01-27 03:30:00,11.56,
2023-01-27 03:45:00,11.55,
2023-01-27 04:00:00,11.56,
2023-01-27 04:15:00,11.55,
2023-01-27 04:30:00,11.55,
2023-01-27 04:45:00,11.54,
2023-01-27 05:00:00,11.54,
2023-01-27 05:15:00,11.54,
2023-01-27 05:30:00,11.53,
2023-01-27 05:45:00,11.53,
2023-01-27 06:00:00,11.53,
2023-01-27 06:15:00,11.53,
2023-01-27 06:30:00,11.52,
2023-01-27 06:45:00,11.52,
2023-01-27 07:00:00,11.51,
2023-01-27 07:15:00,11.51,
2023-01-27 07:30:00,11.51,
2023-01-27 07:45:00,11.51,
2023-01-27 08:00:00,11.5,
2023-01-27 08:15:00,11.5,
2023-01-27 08:30:00,11.51,
2023-01-27 08:45:00,11.54,
2023-01-27 09:00:00,11.55,
2023-01-27 09:15:00,11.59,
2023-01-27 09:30:00,11.65,
2023-01-27 09:45:00,11.69,
2023-01-27 10:00:00,11.72,
2023-01-27 10:15:00,11.75,
2023-01-27 10:30:00,11.78,
2023-01-27 10:45:00,11.82,
2023-01-27 11:00:00,11.87,
2023-01-27 11:15:00,11.9,
2023-01-27 11:30:00,11.92,
2023-01-27 11:45:00,11.92,
2023-01-27 12:00:00,11.92,
2023-01-27 12:15:00,11.91,
2023-01-27 12:30:00,11.91,
2023-01-27 12:45:00,11.92,
2023-01-27 13:00:00,11.92,
2023-01-27 13:15:00,11.92,
2023-01-27 13:30:00,11.92,
2023-01-27 13:45:00,11.92,
2023-01-27 14:00:00,11.94,
2023-01-27 14:15:00,11.93,
2023-01-27 14:30:00,11.95,
2023-01-27 14:45:00,11.98,
2023-01-27 15:00:00,11.98,
2023-01-27 15:15:00,11.99,
2023-01-27 15:30:00,11.99,
2023-01-27 15:45:00,11.98,
2023-01-27 16:00:00,11.96,
2023-01-27 16:15:00,11.93,
2023-01-27 16:30:00,11.89,
2023-01-27 16:45:00,11.83,
2023-01-27 17:00:00,11.77,
2023-01-27 17:15:00,11.76,
2023-01-27 17:30:00,11.68,
2023-01-27 17:45:00,11.64,
2023-01-27 18:00:00,11.62,
2023-01-27 18:15:00,11.57,
2023-01-27 18:30:00,11.55,
2023-01-27 18:45:00,11.53,
2023-01-27 19:00:00,11.51,
2023-01-27 19:15:00,11.5,
2023-01-27 19:30:00,11.49,
2023-01-27 19:45:00,11.48,
2023-01-27 20:00:00,11.48,
2023-01-27 20:15:00,11.48,
2023-01-27 20:30:00,11.47,
2023-01-27 20:45:00,11.46,
2023-01-27 21:00:00,11.46,
2023-01-27 21:15:00,11.46,
2023-01-27 21:30:00,11.45,
2023-01-27 21:45:00,11.46,
2023-01-27 22:00:00,11.46,
2023-01-27 22:15:00,11.45,
2023-01-27 22:30:00,11.46,
2023-01-27 22:45:00,11.42,
2023-01-27 23:00:00,11.42,
2023-01-27 23:15:00,11.41,
2023-01-27 23:30:00,11.39,
2023-01-27 23:45:00,11.38,
2023-01-28 00:00:00,11.39,
2023-01-28 00:15:00,11.39,
2023-01-28 00:30:00,11.38,
2023-01-28 00:45:00,11.38,
2023-01-28 01:00:00,11.38,
2023-01-28 01:15:00,11.38,
2023-01-28 01:30:00,11.38,
2023-01-28 01:45:00,11.38,
2023-01-28 02:00:00,11.38,
2023-01-28 02:15:00,11.38,
2023-01-28 02:30:00,11.36,
2023-01-28 02:45:00,11.37,
2023-01-28 03:00:00,11.37,
2023-01-28 03:15:00,11.37,
2023-01-28 03:30:00,11.36,
2023-01-28 03:45:00,11.38,
2023-01-28 04:00:00,11.38,
2023-01-28 04:15:00,11.37,
2023-01-28 04:30:00,11.37,
2023-01-28 04:45:00,11.37,
2023-01-28 05:00:00,11.37,
2023-01-28 05:15:00,11.36,
2023-01-28 05:30:00,11.36,
2023-01-28 05:45:00,11.41,
2023-01-28 06:00:00,11.41,
2023-01-28 06:15:00,11.4,
2023-01-28 06:30:00,11.38,
2023-01-28 06:45:00,11.37,
2023-01-28 07:00:00,11.36,
2023-01-28 07:15:00,11.36,
2023-01-28 07:30:00,11.36,
2023-01-28 07:45:00,11.36,
2023-01-28 08:00:00,11.36,
2023-01-28 08:15:00,11.37,
2023-01-28 08:30:00,11.39,
2023-01-28 08:45:00,11.42,
2023-01-28 09:00:00,11.45,
2023-01-28 09:15:00,11.49,
2023-01-28 09:30:00,11.52,
2023-01-28 09:45:00,11.53,
2023-01-28 10:00:00,11.57,
2023-01-28 10:15:00,11.64,
2023-01-28 10:30:00,11.66,
2023-01-28 10:45:00,11.66,
2023-01-28 11:00:00,11.67,
2023-01-28 11:15:00,11.69,
2023-01-28 11:30:00,11.68,
2023-01-28 11:45:00,11.67,
2023-01-28 12:00:00,11.69,
2023-01-28 12:15:00,11.69,
2023-01-28 12:30:00,11.73,
2023-01-28 12:45:00,11.76,
2023-01-28 13:00:00,11.79,
2023-01-28 13:15:00,11.8,
2023-01-28 13:30:00,11.83,
2023-01-28 13:45:00,11.85,
2023-01-28 14:00:00,11.87,
2023-01-28 14:15:00,11.91,
2023-01-28 14:30:00,11.92,
2023-01-28 14:45:00,11.9,
2023-01-28 15:00:00,11.9,
2023-01-28 15:15:00,11.89,
2023-01-28 15:30:00,11.89,
2023-01-28 15:45:00,11.9,
2023-01-28 16:00:00,11.89,
2023-01-28 16:15:00,11.89,
2023-01-28 16:30:00,11.89,
2023-01-28 16:45:00,11.82,
2023-01-28 17:00:00,11.76,
2023-01-28 17:15:00,11.73,
2023-01-28 17:30:00,11.7,
2023-01-28 17:45:00,11.64,
2023-01-28 18:00:00,11.61,
2023-01-28 18:15:00,11.59,
2023-01-28 18:30:00,11.56,
2023-01-28 18:45:00,11.51,
2023-01-28 19:00:00,11.47,
2023-01-28 19:15:00,11.46,
2023-01-28 19:30:00,11.44,
2023-01-28 19:45:00,11.45,
2023-01-28 20:00:00,11.41,
2023-01-28 20:15:00,11.39,
2023-01-28 20:30:00,11.38,
2023-01-28 20:45:00,11.38,
2023-01-28 21:00:00,11.38,
2023-01-28 21:15:00,11.37,
2023-01-28 21:30:00,11.37,
2023-01-28 21:45:00,11.36,
2023-01-28 22:00:00,11.37,
2023-01-28 22:15:00,11.37,
2023-01-28 22:30:00,11.38,
2023-01-28 22:45:00,11.38,
2023-01-28 23:00:00,11.38,
2023-01-28 23:15:00,11.38,
2023-01-28 23:30:00,11.38,
2023-01-28 23:45:00,11.4,
2023-01-29 00:00:00,11.41,
2023-01-29 00:15:00,11.42,
2023-01-29 00:30:00,11.41,
2023-01-29 00:45:00,11.41,
2023-01-29 01:00:00,11.41,
2023-01-29 01:15:00,11.4,
2023-01-29 01:30:00,11.41,
2023-01-29 01:45:00,11.41,
2023-01-29 02:00:00,11.41,
2023-01-29 02:15:00,11.41,
2023-01-29 02:30:00,11.41,
2023-01-29 02:45:00,11.41,
2023-01-29 03:00:00,11.41,
2023-01-29 03:15:00,11.41,
2023-01-29 03:30:00,11.4,
2023-01-29 03:45:00,11.41,
2023-01-29 04:00:00,11.4,
2023-01-29 04:15:00,11.39,
2023-01-29 04:30:00,11.4,
2023-01-29 04:45:00,11.4,
2023-01-29 05:00:00,11.4,
2023-01-29 05:15:00,11.39,
2023-01-29 05:30:00,11.4,
2023-01-29 05:45:00,11.39,
2023-01-29 06:00:00,11.4,
2023-01-29 06:15:00,11.39,
2023-01-29 06:30:00,11.4,
2023-01-29 06:45:00,11.41,
2023-01-29 07:00:00,11.39,
2023-01-29 07:15:00,11.4,
2023-01-29 07:30:00,11.4,
2023-01-29 07:45:00,11.4,
2023-01-29 08:00:00,11.4,
2023-01-29 08:15:00,11.4,
2023-01-29 08:30:00,11.41,
2023-01-29 08:45:00,11.47,
2023-01-29 09:00:00,11.49,
2023-01-29 09:15:00,11.57,
2023-01-29 09:30:00,11.59,
2023-01-29 09:45:00,11.57,
2023-01-29 10:00:00,11.64,
2023-01-29 10:15:00,11.67,
2023-01-29 10:30:00,11.69,
2023-01-29 10:45:00,11.78,
2023-01-29 11:00:00,11.8,
2023-01-29 11:15:00,11.79,
2023-01-29 11:30:00,11.86,
2023-01-29 11:45:00,11.91,
2023-01-29 12:00:00,11.91,
2023-01-29 12:15:00,11.91,
2023-01-29 12:30:00,11.94,
2023-01-29 12:45:00,11.95,
2023-01-29 13:00:00,11.95,
2023-01-29 13:15:00,11.95,
2023-01-29 13:30:00,11.9,
2023-01-29 13:45:00,11.87,
2023-01-29 14:00:00,11.87,
2023-01-29 14:15:00,11.88,
2023-01-29 14:30:00,11.89,
2023-01-29 14:45:00,11.89,
2023-01-29 15:00:00,11.89,
2023-01-29 15:15:00,11.89,
2023-01-29 15:30:00,11.89,
2023-01-29 15:45:00,11.87,
2023-01-29 16:00:00,11.85,
2023-01-29 16:15:00,11.85,
2023-01-29 16:30:00,11.83,
2023-01-29 16:45:00,11.82,
2023-01-29 17:00:00,11.77,
2023-01-29 17:15:00,11.76,
2023-01-29 17:30:00,11.7,
2023-01-29 17:45:00,11.62,
2023-01-29 18:00:00,11.59,
2023-01-29 18:15:00,11.55,
2023-01-29 18:30:00,11.53,
2023-01-29 18:45:00,11.53,
2023-01-29 19:00:00,11.52,
2023-01-29 19:15:00,11.51,
2023-01-29 19:30:00,11.51,
2023-01-29 19:45:00,11.51,
2023-01-29 20:00:00,11.49,
2023-01-29 20:15:00,11.5,
2023-01-29 20:30:00,11.5,
2023-01-29 20:45:00,11.5,
2023-01-29 21:00:00,11.5,
2023-01-29 21:15:00,11.5,
2023-01-29 21:30:00,11.52,
2023-01-29 21:45:00,11.51,
2023-01-29 22:00:00,11.52,
2023-01-29 22:15:00,11.52,
2023-01-29 22:30:00,11.52,
2023-01-29 22:45:00,11.52,
2023-01-29 23:00:00,11.51,
2023-01-29 23:15:00,11.51,
2023-01-29 23:30:00,11.51,
2023-01-29 23:45:00,11.51,
2023-01-30 00:00:00,11.5,
2023-01-30 00:15:00,11.51,
2023-01-30 00:30:00,11.52,
2023-01-30 00:45:00,11.52,
2023-01-30 01:00:00,11.52,
2023-01-30 01:15:00,11.53,
2023-01-30 01:30:00,11.54,
2023-01-30 01:45:00,11.55,
2023-01-30 02:00:00,11.51,
2023-01-30 02:15:00,11.52,
2023-01-30 02:30:00,11.51,
2023-01-30 02:45:00,11.5,
2023-01-30 03:00:00,11.48,
2023-01-30 03:15:00,11.5,
2023-01-30 03:30:00,11.5,
2023-01-30 03:45:00,11.81,
2023-01-30 04:00:00,11.86,
2023-01-30 04:15:00,11.87,
2023-01-30 04:30:00,11.87,
2023-01-30 04:45:00,11.87,
2023-01-30 05:00:00,11.88,
2023-01-30 05:15:00,11.87,
2023-01-30 05:30:00,11.88,
2023-01-30 05:45:00,11.87,
2023-01-30 06:00:00,11.5,
2023-01-30 06:15:00,11.45,
2023-01-30 06:30:00,11.48,
2023-01-30 06:45:00,11.47,
2023-01-30 07:00:00,11.45,
2023-01-30 07:15:00,11.44,
2023-01-30 07:30:00,11.45,
2023-01-30 07:45:00,11.45,
2023-01-30 08:00:00,11.43,
2023-01-30 08:15:00,11.44,
2023-01-30 08:30:00,11.49,
2023-01-30 08:45:00,11.55,
2023-01-30 09:00:00,11.61,
2023-01-30 09:15:00,11.69,
2023-01-30 09:30:00,11.77,
2023-01-30 09:45:00,11.83,
2023-01-30 10:00:00,11.89,
2023-01-30 10:15:00,11.92,
2023-01-30 10:30:00,11.91,
2023-01-30 10:45:00,11.93,
2023-01-30 11:00:00,11.96,
2023-01-30 11:15:00,12.0,
2023-01-30 11:30:00,12.01,
2023-01-30 11:45:00,12.05,
2023-01-30 12:00:00,12.08,
2023-01-30 12:15:00,12.1,
2023-01-30 12:30:00,12.14,
2023-01-30 12:45:00,12.15,
2023-01-30 13:00:00,12.16,
2023-01-30 13:15:00,12.17,
2023-01-30 13:30:00,12.16,
2023-01-30 13:45:00,12.16,
2023-01-30 14:00:00,12.18,
2023-01-30 14:15:00,12.17,
2023-01-30 14:30:00,12.16,
2023-01-30 14:45:00,12.1,
2023-01-30 15:00:00,12.09,
2023-01-30 15:15:00,12.1,
2023-01-30 15:30:00,12.11,
2023-01-30 15:45:00,12.1,
2023-01-30 16:00:00,12.08,
2023-01-30 16:15:00,12.05,
2023-01-30 16:30:00,12.03,
2023-01-30 16:45:00,12.0,
2023-01-30 17:00:00,11.95,
2023-01-30 17:15:00,11.89,
2023-01-30 17:30:00,11.85,
2023-01-30 17:45:00,11.81,
2023-01-30 18:00:00,11.77,
2023-01-30 18:15:00,11.74,
2023-01-30 18:30:00,11.7,
2023-01-30 18:45:00,11.68,
2023-01-30 19:00:00,11.66,
2023-01-30 19:15:00,11.65,
2023-01-30 19:30:00,11.63,
2023-01-30 19:45:00,11.62,
2023-01-30 20:00:00,11.61,
2023-01-30 20:15:00,11.6,
2023-01-30 20:30:00,11.6,
2023-01-30 20:45:00,11.58,
2023-01-30 21:00:00,11.57,
2023-01-30 21:15:00,11.57,
2023-01-30 21:30:00,11.57,
2023-01-30 21:45:00,11.57,
2023-01-30 22:00:00,11.56,
2023-01-30 22:15:00,11.56,
2023-01-30 22:30:00,11.55,
2023-01-30 22:45:00,11.56,
2023-01-30 23:00:00,11.55,
2023-01-30 23:15:00,11.56,
2023-01-30 23:30:00,11.55,
2023-01-30 23:45:00,11.54,
2023-01-31 00:00:00,11.54,
2023-01-31 00:15:00,11.53,
2023-01-31 00:30:00,11.52,
2023-01-31 00:45:00,11.53,
2023-01-31 01:00:00,11.52,
2023-01-31 01:15:00,11.52,
2023-01-31 01:30:00,11.5,
2023-01-31 01:45:00,11.51,
2023-01-31 02:00:00,11.5,
2023-01-31 02:15:00,11.49,
2023-01-31 02:30:00,11.49,
2023-01-31 02:45:00,11.49,
2023-01-31 03:00:00,11.48,
2023-01-31 03:15:00,11.48,
2023-01-31 03:30:00,11.46,
2023-01-31 03:45:00,11.46,
2023-01-31 04:00:00,11.46,
2023-01-31 04:15:00,11.45,
2023-01-31 04:30:00,11.45,
2023-01-31 04:45:00,11.43,
2023-01-31 05:00:00,11.44,
2023-01-31 05:15:00,11.44,
2023-01-31 05:30:00,11.42,
2023-01-31 05:45:00,11.43,
2023-01-31 06:00:00,11.42,
2023-01-31 06:15:00,11.41,
2023-01-31 06:30:00,11.42,
2023-01-31 06:45:00,11.41,
2023-01-31 07:00:00,11.4,
2023-01-31 07:15:00,11.39,
2023-01-31 07:30:00,11.39,
2023-01-31 07:45:00,11.39,
2023-01-31 08:00:00,11.4,
2023-01-31 08:15:00,11.4,
2023-01-31 08:30:00,11.43,
2023-01-31 08:45:00,11.44,
2023-01-31 09:00:00,11.47,
2023-01-31 09:15:00,11.49,
2023-01-31 09:30:00,11.53,
2023-01-31 09:45:00,11.57,
2023-01-31 10:00:00,11.62,
2023-01-31 10:15:00,11.68,
2023-01-31 10:30:00,11.71,
2023-01-31 10:45:00,11.77,
2023-01-31 11:00:00,11.81,
2023-01-31 11:15:00,11.86,
2023-01-31 11:30:00,11.9,
2023-01-31 11:45:00,11.93,
2023-01-31 12:00:00,11.99,
2023-01-31 12:15:00,12.03,
2023-01-31 12:30:00,12.07,
2023-01-31 12:45:00,12.1,
2023-01-31 13:00:00,12.13,
2023-01-31 13:15:00,12.14,
2023-01-31 13:30:00,12.17,
2023-01-31 13:45:00,12.18,
2023-01-31 14:00:00,12.21,
2023-01-31 14:15:00,12.21,
2023-01-31 14:30:00,12.22,
2023-01-31 14:45:00,12.23,
2023-01-31 15:00:00,12.24,
2023-01-31 15:15:00,12.25,
2023-01-31 15:30:00,12.23,
2023-01-31 15:45:00,12.2,
2023-01-31 16:00:00,12.17,
2023-01-31 16:15:00,12.14,
2023-01-31 16:30:00,12.12,
2023-01-31 16:45:00,12.09,
2023-01-31 17:00:00,12.05,
2023-01-31 17:15:00,12.01,
2023-01-31 17:30:00,11.96,
2023-01-31 17:45:00,11.91,
2023-01-31 18:00:00,11.86,
2023-01-31 18:15:00,11.82,
2023-01-31 18:30:00,11.78,
2023-01-31 18:45:00,11.74,
2023-01-31 19:00:00,11.72,
2023-01-31 19:15:00,11.69,
2023-01-31 19:30:00,11.66,
2023-01-31 19:45:00,11.65,
2023-01-31 20:00:00,11.62,
2023-01-31 20:15:00,11.6,
2023-01-31 20:30:00,11.58,
2023-01-31 20:45:00,11.57,
2023-01-31 21:00:00,11.56,
2023-01-31 21:15:00,11.54,
2023-01-31 21:30:00,11.53,
2023-01-31 21:45:00,11.52,
2023-01-31 22:00:00,11.52,
2023-01-31 22:15:00,11.51,
2023-01-31 22:30:00,11.51,
2023-01-31 22:45:00,11.52,
2023-01-31 23:00:00,11.51,
2023-01-31 23:15:00,11.51,
2023-01-31 23:30:00,11.51,
2023-01-31 23:45:00,11.5,
2023-02-01 00:00:00,11.51,
2023-02-01 00:15:00,11.5,
2023-02-01 00:30:00,11.5,
2023-02-01 00:45:00,11.49,
2023-02-01 01:00:00,11.49,
2023-02-01 01:15:00,11.48,
2023-02-01 01:30:00,11.48,
2023-02-01 01:45:00,11.47,
2023-02-01 02:00:00,11.47,
2023-02-01 02:15:00,11.47,
2023-02-01 02:30:00,11.47,
2023-02-01 02:45:00,11.47,
2023-02-01 03:00:00,11.47,
2023-02-01 03:15:00,11.48,
2023-02-01 03:30:00,11.47,
2023-02-01 03:45:00,11.47,
2023-02-01 04:00:00,11.47,
2023-02-01 04:15:00,11.47,
2023-02-01 04:30:00,11.48,
2023-02-01 04:45:00,11.47,
2023-02-01 05:00:00,11.48,
2023-02-01 05:15:00,11.47,
2023-02-01 05:30:00,11.48,
2023-02-01 05:45:00,11.46,
2023-02-01 06:00:00,11.47,
2023-02-01 06:15:00,11.46,
2023-02-01 06:30:00,11.46,
2023-02-01 06:45:00,11.46,
2023-02-01 07:00:00,11.46,
2023-02-01 07:15:00,11.45,
2023-02-01 07:30:00,11.46,
2023-02-01 07:45:00,11.45,
2023-02-01 08:00:00,11.46,
2023-02-01 08:15:00,11.48,
2023-02-01 08:30:00,11.5,
2023-02-01 08:45:00,11.53,
2023-02-01 09:00:00,11.55,
2023-02-01 09:15:00,11.58,
2023-02-01 09:30:00,11.61,
2023-02-01 09:45:00,11.66,
2023-02-01 10:00:00,11.72,
2023-02-01 10:15:00,11.78,
2023-02-01 10:30:00,11.81,
2023-02-01 10:45:00,11.85,
2023-02-01 11:00:00,11.88,
2023-02-01 11:15:00,11.93,
2023-02-01 11:30:00,11.96,
2023-02-01 11:45:00,11.99,
2023-02-01 12:00:00,12.04,
2023-02-01 12:15:00,12.06,
2023-02-01 12:30:00,12.09,
2023-02-01 12:45:00,12.1,
2023-02-01 13:00:00,12.12,
2023-02-01 13:15:00,12.14,
2023-02-01 13:30:00,12.16,
2023-02-01 13:45:00,12.19,
2023-02-01 14:00:00,12.19,
2023-02-01 14:15:00,12.2,
2023-02-01 14:30:00,12.2,
2023-02-01 14:45:00,12.21,
2023-02-01 15:00:00,12.21,
2023-02-01 15:15:00,12.18,
2023-02-01 15:30:00,12.18,
2023-02-01 15:45:00,12.17,
2023-02-01 16:00:00,12.14,
2023-02-01 16:15:00,12.12,
2023-02-01 16:30:00,12.08,
2023-02-01 16:45:00,12.04,
2023-02-01 17:00:00,11.99,
2023-02-01 17:15:00,11.93,
2023-02-01 17:30:00,11.89,
2023-02-01 17:45:00,11.84,
2023-02-01 18:00:00,11.78,
2023-02-01 18:15:00,11.73,
2023-02-01 18:30:00,11.7,
2023-02-01 18:45:00,11.66,
2023-02-01 19:00:00,11.64,
2023-02-01 19:15:00,11.63,
2023-02-01 19:30:00,11.6,
2023-02-01 19:45:00,11.59,
2023-02-01 20:00:00,11.58,
2023-02-01 20:15:00,11.57,
2023-02-01 20:30:00,11.57,
2023-02-01 20:45:00,11.56,
2023-02-01 21:00:00,11.55,
2023-02-01 21:15:00,11.55,
2023-02-01 21:30:00,11.54,
2023-02-01 21:45:00,11.55,
2023-02-01 22:00:00,11.54,
2023-02-01 22:15:00,11.54,
2023-02-01 22:30:00,11.54,
2023-02-01 22:45:00,11.54,
2023-02-01 23:00:00,11.54,
2023-02-01 23:15:00,11.54,
2023-02-01 23:30:00,11.55,
2023-02-01 23:45:00,11.55,
2023-02-02 00:00:00,11.55,
2023-02-02 00:15:00,11.55,
2023-02-02 00:30:00,11.55,
2023-02-02 00:45:00,11.54,
2023-02-02 01:00:00,11.54,
2023-02-02 01:15:00,11.55,
2023-02-02 01:30:00,11.54,
2023-02-02 01:45:00,11.55,
2023-02-02 02:00:00,11.55,
2023-02-02 02:15:00,11.55,
2023-02-02 02:30:00,11.55,
2023-02-02 02:45:00,11.54,
2023-02-02 03:00:00,11.54,
2023-02-02 03:15:00,11.54,
2023-02-02 03:30:00,11.55,
2023-02-02 03:45:00,11.54,
2023-02-02 04:00:00,11.54,
2023-02-02 04:15:00,11.54,
2023-02-02 04:30:00,11.54,
2023-02-02 04:45:00,11.55,
2023-02-02 05:00:00,11.54,
2023-02-02 05:15:00,11.55,
2023-02-02 05:30:00,11.54,
2023-02-02 05:45:00,11.55,
2023-02-02 06:00:00,11.55,
2023-02-02 06:15:00,11.55,
2023-02-02 06:30:00,11.55,
2023-02-02 06:45:00,11.54,
2023-02-02 07:00:00,11.54,
2023-02-02 07:15:00,11.54,
2023-02-02 07:30:00,11.54,
2023-02-02 07:45:00,11.55,
2023-02-02 08:00:00,11.55,
2023-02-02 08:15:00,11.56,
2023-02-02 08:30:00,11.59,
2023-02-02 08:45:00,11.61,
2023-02-02 09:00:00,11.64,
2023-02-02 09:15:00,11.66,
2023-02-02 09:30:00,11.69,
2023-02-02 09:45:00,11.73,
2023-02-02 10:00:00,11.79,
2023-02-02 10:15:00,11.83,
2023-02-02 10:30:00,11.87,
2023-02-02 10:45:00,11.91,
2023-02-02 11:00:00,11.95,
2023-02-02 11:15:00,12.0,
2023-02-02 11:30:00,12.04,
2023-02-02 11:45:00,12.08,
2023-02-02 12:00:00,12.12,
2023-02-02 12:15:00,12.15,
2023-02-02 12:30:00,12.18,
2023-02-02 12:45:00,12.19,
2023-02-02 13:00:00,12.23,
2023-02-02 13:15:00,12.24,
2023-02-02 13:30:00,12.26,
2023-02-02 13:45:00,12.26,
2023-02-02 14:00:00,12.27,
2023-02-02 14:15:00,12.27,
2023-02-02 14:30:00,12.28,
2023-02-02 14:45:00,12.28,
2023-02-02 15:00:00,12.27,
2023-02-02 15:15:00,12.28,
2023-02-02 15:30:00,12.26,
2023-02-02 15:45:00,12.24,
2023-02-02 16:00:00,12.23,
2023-02-02 16:15:00,12.19,
2023-02-02 16:30:00,12.16,
2023-02-02 16:45:00,12.1,
2023-02-02 17:00:00,12.04,
2023-02-02 17:15:00,11.97,
2023-02-02 17:30:00,11.91,
2023-02-02 17:45:00,11.86,
2023-02-02 18:00:00,11.8,
2023-02-02 18:15:00,11.76,
2023-02-02 18:30:00,11.71,
2023-02-02 18:45:00,11.69,
2023-02-02 19:00:00,11.68,
2023-02-02 19:15:00,11.66,
2023-02-02 19:30:00,11.65,
2023-02-02 19:45:00,11.63,
2023-02-02 20:00:00,11.63,
2023-02-02 20:15:00,11.63,
2023-02-02 20:30:00,11.62,
2023-02-02 20:45:00,11.62,
2023-02-02 21:00:00,11.63,
2023-02-02 21:15:00,11.62,
2023-02-02 21:30:00,11.62,
2023-02-02 21:45:00,11.62,
2023-02-02 22:00:00,11.63,
2023-02-02 22:15:00,11.63,
2023-02-02 22:30:00,11.63,
2023-02-02 22:45:00,11.63,
2023-02-02 23:00:00,11.63,
2023-02-02 23:15:00,11.63,
2023-02-02 23:30:00,11.63,
2023-02-02 23:45:00,11.63,
2023-02-03 00:00:00,11.63,
2023-02-03 00:15:00,11.63,
2023-02-03 00:30:00,11.63,
2023-02-03 00:45:00,11.64,
2023-02-03 01:00:00,11.63,
2023-02-03 01:15:00,11.63,
2023-02-03 01:30:00,11.63,
2023-02-03 01:45:00,11.64,
2023-02-03 02:00:00,11.63,
2023-02-03 02:15:00,11.62,
2023-02-03 02:30:00,11.63,
2023-02-03 02:45:00,11.62,
2023-02-03 03:00:00,11.62,
2023-02-03 03:15:00,11.62,
2023-02-03 03:30:00,11.62,
2023-02-03 03:45:00,11.62,
2023-02-03 04:00:00,11.62,
2023-02-03 04:15:00,11.62,
2023-02-03 04:30:00,11.62,
2023-02-03 04:45:00,11.62,
2023-02-03 05:00:00,11.62,
2023-02-03 05:15:00,11.61,
2023-02-03 05:30:00,11.61,
2023-02-03 05:45:00,11.61,
2023-02-03 06:00:00,11.61,
2023-02-03 06:15:00,11.6,
2023-02-03 06:30:00,11.61,
2023-02-03 06:45:00,11.61,
2023-02-03 07:00:00,11.6,
2023-02-03 07:15:00,11.59,
2023-02-03 07:30:00,11.59,
2023-02-03 07:45:00,11.6,
2023-02-03 08:00:00,11.61,
2023-02-03 08:15:00,11.63,
2023-02-03 08:30:00,11.67,
2023-02-03 08:45:00,11.71,
2023-02-03 09:00:00,11.75,
2023-02-03 09:15:00,11.76,
2023-02-03 09:30:00,11.79,
2023-02-03 09:45:00,11.83,
2023-02-03 10:00:00,11.86,
2023-02-03 10:15:00,11.9,
2023-02-03 10:30:00,11.94,
2023-02-03 10:45:00,11.97,
2023-02-03 11:00:00,12.0,
2023-02-03 11:15:00,12.04,
2023-02-03 11:30:00,12.08,
2023-02-03 11:45:00,12.11,
2023-02-03 12:00:00,12.15,
2023-02-03 12:15:00,12.17,
2023-02-03 12:30:00,12.17,
2023-02-03 12:45:00,12.18,
2023-02-03 13:00:00,12.21,
2023-02-03 13:15:00,12.23,
2023-02-03 13:30:00,12.24,
2023-02-03 13:45:00,12.22,
2023-02-03 14:00:00,12.2,
2023-02-03 14:15:00,12.19,
2023-02-03 14:30:00,12.18,
2023-02-03 14:45:00,12.19,
2023-02-03 15:00:00,12.19,
2023-02-03 15:15:00,12.16,
2023-02-03 15:30:00,12.13,
2023-02-03 15:45:00,12.12,
2023-02-03 16:00:00,12.06,
2023-02-03 16:15:00,12.0,
2023-02-03 16:30:00,11.96,
2023-02-03 16:45:00,11.92,
2023-02-03 17:00:00,11.88,
2023-02-03 17:15:00,11.84,
2023-02-03 17:30:00,11.79,
2023-02-03 17:45:00,11.75,
2023-02-03 18:00:00,11.7,
2023-02-03 18:15:00,11.66,
2023-02-03 18:30:00,11.64,
2023-02-03 18:45:00,11.63,
2023-02-03 19:00:00,11.61,
2023-02-03 19:15:00,11.61,
2023-02-03 19:30:00,11.6,
2023-02-03 19:45:00,11.6,
2023-02-03 20:00:00,11.6,
2023-02-03 20:15:00,11.6,
2023-02-03 20:30:00,11.59,
2023-02-03 20:45:00,11.59,
2023-02-03 21:00:00,11.59,
2023-02-03 21:15:00,11.59,
2023-02-03 21:30:00,11.59,
2023-02-03 21:45:00,11.59,
2023-02-03 22:00:00,11.59,
2023-02-03 22:15:00,11.59,
2023-02-03 22:30:00,11.6,
2023-02-03 22:45:00,11.59,
2023-02-03 23:00:00,11.59,
2023-02-03 23:15:00,11.59,
2023-02-03 23:30:00,11.59,
2023-02-03 23:45:00,11.59,
2023-02-04 00:00:00,11.6,
2023-02-04 00:15:00,11.6,
2023-02-04 00:30:00,11.6,
2023-02-04 00:45:00,11.6,
2023-02-04 01:00:00,11.59,
2023-02-04 01:15:00,11.59,
2023-02-04 01:30:00,11.59,
2023-02-04 01:45:00,11.59,
2023-02-04 02:00:00,11.59,
2023-02-04 02:15:00,11.59,
2023-02-04 02:30:00,11.59,
2023-02-04 02:45:00,11.58,
2023-02-04 03:00:00,11.59,
2023-02-04 03:15:00,11.59,
2023-02-04 03:30:00,11.6,
2023-02-04 03:45:00,11.59,
2023-02-04 04:00:00,11.59,
2023-02-04 04:15:00,11.6,
2023-02-04 04:30:00,11.59,
2023-02-04 04:45:00,11.59,
2023-02-04 05:00:00,11.59,
2023-02-04 05:15:00,11.6,
2023-02-04 05:30:00,11.61,
2023-02-04 05:45:00,11.61,
2023-02-04 06:00:00,11.61,
2023-02-04 06:15:00,11.61,
2023-02-04 06:30:00,11.61,
2023-02-04 06:45:00,11.62,
2023-02-04 07:00:00,11.61,
2023-02-04 07:15:00,11.62,
2023-02-04 07:30:00,11.62,
2023-02-04 07:45:00,11.63,
2023-02-04 08:00:00,11.64,
2023-02-04 08:15:00,11.66,
2023-02-04 08:30:00,11.7,
2023-02-04 08:45:00,11.73,
2023-02-04 09:00:00,11.76,
2023-02-04 09:15:00,11.79,
2023-02-04 09:30:00,11.84,
2023-02-04 09:45:00,11.89,
2023-02-04 10:00:00,11.93,
2023-02-04 10:15:00,11.95,
2023-02-04 10:30:00,11.98,
2023-02-04 10:45:00,12.01,
2023-02-04 11:00:00,12.03,
2023-02-04 11:15:00,12.06,
2023-02-04 11:30:00,12.07,
2023-02-04 11:45:00,12.1,
2023-02-04 12:00:00,12.11,
2023-02-04 12:15:00,12.12,
2023-02-04 12:30:00,12.13,
2023-02-04 12:45:00,12.13,
2023-02-04 13:00:00,12.13,
2023-02-04 13:15:00,12.14,
2023-02-04 13:30:00,12.13,
2023-02-04 13:45:00,12.13,
2023-02-04 14:00:00,12.14,
2023-02-04 14:15:00,12.12,
2023-02-04 14:30:00,12.12,
2023-02-04 14:45:00,12.11,
2023-02-04 15:00:00,12.1,
2023-02-04 15:15:00,12.07,
2023-02-04 15:30:00,12.05,
2023-02-04 15:45:00,12.02,
2023-02-04 16:00:00,12.01,
2023-02-04 16:15:00,11.99,
2023-02-04 16:30:00,11.94,
2023-02-04 16:45:00,11.9,
2023-02-04 17:00:00,11.85,
2023-02-04 17:15:00,11.8,
2023-02-04 17:30:00,11.76,
2023-02-04 17:45:00,11.73,
2023-02-04 18:00:00,11.7,
2023-02-04 18:15:00,11.68,
2023-02-04 18:30:00,11.67,
2023-02-04 18:45:00,11.65,
2023-02-04 19:00:00,11.65,
2023-02-04 19:15:00,11.64,
2023-02-04 19:30:00,11.63,
2023-02-04 19:45:00,11.63,
2023-02-04 20:00:00,11.63,
2023-02-04 20:15:00,11.63,
2023-02-04 20:30:00,11.63,
2023-02-04 20:45:00,11.63,
2023-02-04 21:00:00,11.62,
2023-02-04 21:15:00,11.62,
2023-02-04 21:30:00,11.62,
2023-02-04 21:45:00,11.63,
2023-02-04 22:00:00,11.62,
2023-02-04 22:15:00,11.62,
2023-02-04 22:30:00,11.61,
2023-02-04 22:45:00,11.62,
2023-02-04 23:00:00,11.61,
2023-02-04 23:15:00,11.6,
2023-02-04 23:30:00,11.61,
2023-02-04 23:45:00,11.59,
2023-02-05 00:00:00,11.6,
2023-02-05 00:15:00,11.61,
2023-02-05 00:30:00,11.6,
2023-02-05 00:45:00,11.6,
2023-02-05 01:00:00,11.6,
2023-02-05 01:15:00,11.6,
2023-02-05 01:30:00,11.6,
2023-02-05 01:45:00,11.6,
2023-02-05 02:00:00,11.6,
2023-02-05 02:15:00,11.61,
2023-02-05 02:30:00,11.61,
2023-02-05 02:45:00,11.6,
2023-02-05 03:00:00,11.61,
2023-02-05 03:15:00,11.64,
2023-02-05 03:30:00,,ICE
2023-02-05 03:45:00,,ICE
2023-02-05 04:00:00,,ICE
2023-02-05 04:15:00,,ICE
2023-02-05 04:30:00,,ICE
2023-02-05 04:45:00,,ICE
2023-02-05 05:00:00,,ICE
2023-02-05 05:15:00,,ICE
2023-02-05 05:30:00,,ICE
2023-02-05 05:45:00,,ICE
2023-02-05 06:00:00,,ICE
2023-02-05 06:15:00,,ICE
2023-02-05 06:30:00,,ICE
2023-02-05 06:45:00,,ICE
2023-02-05 07:00:00,,ICE
2023-02-05 07:15:00,,ICE
2023-02-05 07:30:00,,ICE
2023-02-05 07:45:00,,ICE
2023-02-05 08:00:00,,ICE
2023-02-05 08:15:00,,ICE
2023-02-05 08:30:00,,ICE
2023-02-05 08:45:00,,ICE
2023-02-05 09:00:00,,ICE
2023-02-05 09:15:00,,ICE
2023-02-05 09:30:00,,ICE
2023-02-05 09:45:00,,ICE
2023-02-05 10:00:00,,ICE
2023-02-05 10:15:00,,ICE
2023-02-05 10:30:00,,ICE
2023-02-05 10:45:00,,ICE
2023-02-05 11:00:00,,ICE
2023-02-05 11:15:00,,ICE
2023-02-05 11:30:00,,ICE
2023-02-05 11:45:00,,ICE
2023-02-05 12:00:00,,ICE
2023-02-05 12:15:00,,ICE
2023-02-05 12:30:00,,ICE
2023-02-05 12:45:00,,ICE
2023-02-05 13:00:00,,ICE
2023-02-05 13:15:00,,ICE
2023-02-05 13:30:00,,ICE
2023-02-05 13:45:00,,ICE
2023-02-05 14:00:00,,ICE
2023-02-05 14:15:00,,ICE
2023-02-05 14:30:00,,ICE
2023-02-05 14:45:00,,ICE
2023-02-05 15:00:00,,ICE
2023-02-05 15:15:00,,ICE
2023-02-05 15:30:00,,ICE
2023-02-05 15:45:00,,ICE
2023-02-05 16:00:00,,ICE
2023-02-05 16:15:00,,ICE
2023-02-05 16:30:00,,ICE
2023-02-05 16:45:00,,ICE
2023-02-05 17:00:00,,ICE
2023-02-05 17:15:00,,ICE
2023-02-05 17:30:00,,ICE
2023-02-05 17:45:00,,ICE
2023-02-05 18:00:00,,ICE
2023-02-05 18:15:00,,ICE
2023-02-05 18:30:00,,ICE
2023-02-05 18:45:00,,ICE
2023-02-05 19:00:00,,ICE
2023-02-05 19:15:00,,ICE
2023-02-05 19:30:00,,ICE
2023-02-05 19:45:00,,ICE
2023-02-05 20:00:00,,ICE
2023-02-05 20:15:00,,ICE
2023-02-05 20:30:00,,ICE
2023-02-05 20:45:00,,ICE
2023-02-05 21:00:00,,ICE
2023-02-05 21:15:00,,ICE
2023-02-05 21:30:00,,ICE
2023-02-05 21:45:00,,ICE
2023-02-05 22:00:00,,ICE
2023-02-05 22:15:00,,ICE
2023-02-05 22:30:00,,ICE
2023-02-05 22:45:00,,ICE
2023-02-05 23:00:00,,ICE
2023-02-05 23:15:00,,ICE
2023-02-05 23:30:00,,ICE
2023-02-05 23:45:00,,ICE
2023-02-06 00:00:00,,ICE
2023-02-06 00:15:00,,ICE
2023-02-06 00:30:00,,ICE
2023-02-06 00:45:00,,ICE
2023-02-06 01:00:00,,ICE
2023-02-06 01:15:00,,ICE
2023-02-06 01:30:00,,ICE
2023-02-06 01:45:00,,ICE
2023-02-06 02:00:00,,ICE
2023-02-06 02:15:00,,ICE
2023-02-06 02:30:00,,ICE
2023-02-06 02:45:00,,ICE
2023-02-06 03:00:00,,ICE
2023-02-06 03:15:00,,ICE
2023-02-06 03:30:00,,ICE
2023-02-06 03:45:00,,ICE
2023-02-06 04:00:00,,ICE
2023-02-06 04:15:00,,ICE
2023-02-06 04:30:00,,ICE
2023-02-06 04:45:00,,ICE
2023-02-06 05:00:00,,ICE
2023-02-06 05:15:00,,ICE
2023-02-06 05:30:00,,ICE
2023-02-06 05:45:00,,ICE
2023-02-06 06:00:00,,ICE
2023-02-06 06:15:00,,ICE
2023-02-06 06:30:00,,ICE
2023-02-06 06:45:00,,ICE
2023-02-06 07:00:00,,ICE
2023-02-06 07:15:00,,ICE
2023-02-06 07:30:00,,ICE
2023-02-06 07:45:00,,ICE
2023-02-06 08:00:00,,ICE
2023-02-06 08:15:00,,ICE
2023-02-06 08:30:00,,ICE
2023-02-06 08:45:00,,ICE
2023-02-06 09:00:00,,ICE
2023-02-06 09:15:00,,ICE
2023-02-06 09:30:00,,ICE
2023-02-06 09:45:00,,ICE
2023-02-06 10:00:00,,ICE
2023-02-06 10:15:00,,ICE
2023-02-06 10:30:00,,ICE
2023-02-06 10:45:00,,ICE
2023-02-06 11:00:00,,ICE
2023-02-06 11:15:00,,ICE
2023-02-06 11:30:00,,ICE
2023-02-06 11:45:00,,ICE
2023-02-06 12:00:00,,ICE
2023-02-06 12:15:00,,ICE
2023-02-06 12:30:00,,ICE
2023-02-06 12:45:00,,ICE
2023-02-06 13:00:00,,ICE
2023-02-06 13:15:00,,ICE
2023-02-06 13:30:00,,ICE
2023-02-06 13:45:00,,ICE
2023-02-06 14:00:00,,ICE
2023-02-06 14:15:00,,ICE
2023-02-06 14:30:00,,ICE
2023-02-06 14:45:00,,ICE
2023-02-06 15:00:00,,ICE
2023-02-06 15:15:00,,ICE
2023-02-06 15:30:00,,ICE
2023-02-06 15:45:00,,ICE
2023-02-06 16:00:00,,ICE
2023-02-06 16:15:00,,ICE
2023-02-06 16:30:00,,ICE
2023-02-06 16:45:00,,ICE
2023-02-06 17:00:00,,ICE
2023-02-06 17:15:00,,ICE
2023-02-06 17:30:00,,ICE
2023-02-06 17:45:00,,ICE
2023-02-06 18:00:00,,ICE
2023-02-06 18:15:00,,ICE
2023-02-06 18:30:00,,ICE
2023-02-06 18:45:00,,ICE
2023-02-06 19:00:00,,ICE
2023-02-06 19:15:00,,ICE
2023-02-06 19:30:00,,ICE
2023-02-06 19:45:00,,ICE
2023-02-06 20:00:00,,ICE
2023-02-06 20:15:00,,ICE
2023-02-06 20:30:00,,ICE
2023-02-06 20:45:00,,ICE
2023-02-06 21:00:00,,ICE
2023-02-06 21:15:00,,ICE
2023-02-06 21:30:00,,ICE
2023-02-06 21:45:00,,ICE
2023-02-06 22:00:00,,ICE
2023-02-06 22:15:00,,ICE
2023-02-06 22:30:00,,ICE
2023-02-06 22:45:00,,ICE
2023-02-06 23:00:00,,ICE
2023-02-06 23:15:00,,ICE
2023-02-06 23:30:00,,ICE
2023-02-06 23:45:00,,ICE
2023-02-07 00:00:00,,ICE
2023-02-07 00:15:00,,ICE
2023-02-07 00:30:00,,ICE
2023-02-07 00:45:00,,ICE
2023-02-07 01:00:00,,ICE
2023-02-07 01:15:00,,ICE
2023-02-07 01:30:00,,ICE
2023-02-07 01:45:00,,ICE
2023-02-07 02:00:00,,ICE
2023-02-07 02:15:00,,ICE
2023-02-07 02:30:00,,ICE
2023-02-07 02:45:00,,ICE
2023-02-07 03:00:00,,ICE
2023-02-07 03:15:00,,ICE
2023-02-07 03:30:00,,ICE
2023-02-07 03:45:00,,ICE
2023-02-07 04:00:00,,ICE
2023-02-07 04:15:00,,ICE
2023-02-07 04:30:00,,ICE
2023-02-07 04:45:00,,ICE
2023-02-07 05:00:00,,ICE
2023-02-07 05:15:00,,ICE
2023-02-07 05:30:00,,ICE
2023-02-07 05:45:00,,ICE
2023-02-07 06:00:00,,ICE
2023-02-07 06:15:00,,ICE
2023-02-07 06:30:00,,ICE
2023-02-07 06:45:00,,ICE
2023-02-07 07:00:00,,ICE
2023-02-07 07:15:00,,ICE
2023-02-07 07:30:00,,ICE
2023-02-07 07:45:00,,ICE
2023-02-07 08:00:00,,ICE
2023-02-07 08:15:00,,ICE
2023-02-07 08:30:00,,ICE
2023-02-07 08:45:00,,ICE
2023-02-07 09:00:00,,ICE
2023-02-07 09:15:00,,ICE
2023-02-07 09:30:00,,ICE
2023-02-07 09:45:00,,ICE
2023-02-07 10:00:00,,ICE
2023-02-07 10:15:00,,ICE
2023-02-07 10:30:00,,ICE
2023-02-07 10:45:00,,ICE
2023-02-07 11:00:00,,ICE
2023-02-07 11:15:00,,ICE
2023-02-07 11:30:00,,ICE
2023-02-07 11:45:00,,ICE
2023-02-07 12:00:00,,ICE
2023-02-07 12:15:00,,ICE
2023-02-07 12:30:00,,ICE
2023-02-07 12:45:00,,ICE
2023-02-07 13:00:00,,ICE
2023-02-07 13:15:00,,ICE
2023-02-07 13:30:00,,ICE
2023-02-07 13:45:00,,ICE
2023-02-07 14:00:00,,ICE
2023-02-07 14:15:00,,ICE
2023-02-07 14:30:00,,ICE
2023-02-07 14:45:00,,ICE
2023-02-07 15:00:00,,ICE
2023-02-07 15:15:00,,ICE
2023-02-07 15:30:00,,ICE
2023-02-07 15:45:00,,ICE
2023-02-07 16:00:00,,ICE
2023-02-07 16:15:00,,ICE
2023-02-07 16:30:00,,ICE
2023-02-07 16:45:00,,ICE
2023-02-07 17:00:00,,ICE
2023-02-07 17:15:00,,ICE
2023-02-07 17:30:00,,ICE
2023-02-07 17:45:00,,ICE
2023-02-07 18:00:00,,ICE
2023-02-07 18:15:00,,ICE
2023-02-07 18:30:00,,ICE
2023-02-07 18:45:00,,ICE
2023-02-07 19:00:00,,ICE
2023-02-07 19:15:00,,ICE
2023-02-07 19:30:00,,ICE
2023-02-07 19:45:00,,ICE
2023-02-07 20:00:00,,ICE
2023-02-07 20:15:00,,ICE
2023-02-07 20:30:00,,ICE
2023-02-07 20:45:00,,ICE
2023-02-07 21:00:00,,ICE
2023-02-07 21:15:00,,ICE
2023-02-07 21:30:00,,ICE
2023-02-07 21:45:00,,ICE
2023-02-07 22:00:00,,ICE
2023-02-07 22:15:00,,ICE
2023-02-07 22:30:00,,ICE
2023-02-07 22:45:00,,ICE
2023-02-07 23:00:00,,ICE
2023-02-07 23:15:00,,ICE
2023-02-07 23:30:00,,ICE
2023-02-07 23:45:00,,ICE
2023-02-08 00:00:00,,ICE
2023-02-08 00:15:00,,ICE
2023-02-08 00:30:00,,ICE
2023-02-08 00:45:00,,ICE
2023-02-08 01:00:00,,ICE
2023-02-08 01:15:00,,ICE
2023-02-08 01:30:00,,ICE
2023-02-08 01:45:00,,ICE
2023-02-08 02:00:00,,ICE
2023-02-08 02:15:00,,ICE
2023-02-08 02:30:00,,ICE
2023-02-08 02:45:00,,ICE
2023-02-08 03:00:00,,ICE
2023-02-08 03:15:00,,ICE
2023-02-08 03:30:00,,ICE
2023-02-08 03:45:00,,ICE
2023-02-08 04:00:00,,ICE
2023-02-08 04:15:00,,ICE
2023-02-08 04:30:00,,ICE
2023-02-08 04:45:00,,ICE
2023-02-08 05:00:00,,ICE
2023-02-08 05:15:00,,ICE
2023-02-08 05:30:00,,ICE
2023-02-08 05:45:00,,ICE
2023-02-08 06:00:00,,ICE
2023-02-08 06:15:00,,ICE
2023-02-08 06:30:00,,ICE
2023-02-08 06:45:00,,ICE
2023-02-08 07:00:00,,ICE
2023-02-08 07:15:00,,ICE
2023-02-08 07:30:00,,ICE
2023-02-08 07:45:00,,ICE
2023-02-08 08:00:00,,ICE
2023-02-08 08:15:00,,ICE
2023-02-08 08:30:00,,ICE
2023-02-08 08:45:00,,ICE
2023-02-08 09:00:00,,ICE
2023-02-08 09:15:00,,ICE
2023-02-08 09:30:00,,ICE
2023-02-08 09:45:00,,ICE
2023-02-08 10:00:00,,ICE
2023-02-08 10:15:00,,ICE
2023-02-08 10:30:00,,ICE
2023-02-08 10:45:00,,ICE
2023-02-08 11:00:00,,ICE
2023-02-08 11:15:00,,ICE
2023-02-08 11:30:00,,ICE
2023-02-08 11:45:00,,ICE
2023-02-08 12:00:00,,ICE
2023-02-08 12:15:00,,ICE
2023-02-08 12:30:00,,ICE
2023-02-08 12:45:00,,ICE
2023-02-08 13:00:00,,ICE
2023-02-08 13:15:00,,ICE
2023-02-08 13:30:00,,ICE
2023-02-08 13:45:00,,ICE
2023-02-08 14:00:00,,ICE
2023-02-08 14:15:00,,ICE
2023-02-08 14:30:00,,ICE
2023-02-08 14:45:00,,ICE
2023-02-08 15:00:00,,ICE
2023-02-08 15:15:00,,ICE
2023-02-08 15:30:00,,ICE
2023-02-08 15:45:00,,ICE
2023-02-08 16:00:00,,ICE
2023-02-08 16:15:00,,ICE
2023-02-08 16:30:00,,ICE
2023-02-08 16:45:00,,ICE
2023-02-08 17:00:00,,ICE
2023-02-08 17:15:00,,ICE
2023-02-08 17:30:00,,ICE
2023-02-08 17:45:00,,ICE
2023-02-08 18:00:00,,ICE
2023-02-08 18:15:00,,ICE
2023-02-08 18:30:00,,ICE
2023-02-08 18:45:00,,ICE
2023-02-08 19:00:00,,ICE
2023-02-08 19:15:00,,ICE
2023-02-08 19:30:00,,ICE
2023-02-08 19:45:00,,ICE
2023-02-08 20:00:00,,ICE
2023-02-08 20:15:00,,ICE
2023-02-08 20:30:00,,ICE
2023-02-08 20:45:00,,ICE
2023-02-08 21:00:00,,ICE
2023-02-08 21:15:00,,ICE
2023-02-08 21:30:00,,ICE
2023-02-08 21:45:00,,ICE
2023-02-08 22:00:00,,ICE
2023-02-08 22:15:00,,ICE
2023-02-08 22:30:00,,ICE
2023-02-08 22:45:00,,ICE
2023-02-08 23:00:00,,ICE
2023-02-08 23:15:00,,ICE
2023-02-08 23:30:00,,ICE
2023-02-08 23:45:00,,ICE
2023-02-09 00:00:00,,ICE
2023-02-09 00:15:00,,ICE
2023-02-09 00:30:00,,ICE
2023-02-09 00:45:00,,ICE
2023-02-09 01:00:00,,ICE
2023-02-09 01:15:00,,ICE
2023-02-09 01:30:00,,ICE
2023-02-09 01:45:00,,ICE
2023-02-09 02:00:00,,ICE
2023-02-09 02:15:00,,ICE
2023-02-09 02:30:00,,ICE
2023-02-09 02:45:00,,ICE
2023-02-09 03:00:00,,ICE
2023-02-09 03:15:00,,ICE
2023-02-09 03:30:00,,ICE
2023-02-09 03:45:00,,ICE
2023-02-09 04:00:00,,ICE
2023-02-09 04:15:00,,ICE
2023-02-09 04:30:00,,ICE
2023-02-09 04:45:00,,ICE
2023-02-09 05:00:00,,ICE
2023-02-09 05:15:00,,ICE
2023-02-09 05:30:00,,ICE
2023-02-09 05:45:00,,ICE
2023-02-09 06:00:00,,ICE
2023-02-09 06:15:00,,ICE
2023-02-09 06:30:00,,ICE
2023-02-09 06:45:00,,ICE
2023-02-09 07:00:00,,ICE
2023-02-09 07:15:00,,ICE
2023-02-09 07:30:00,,ICE
2023-02-09 07:45:00,,ICE
2023-02-09 08:00:00,,ICE
2023-02-09 08:15:00,,ICE
2023-02-09 08:30:00,,ICE
2023-02-09 08:45:00,,ICE
2023-02-09 09:00:00,,ICE
2023-02-09 09:15:00,,ICE
2023-02-09 09:30:00,,ICE
2023-02-09 09:45:00,,ICE
2023-02-09 10:00:00,,ICE
2023-02-09 10:15:00,,ICE
2023-02-09 10:30:00,,ICE
2023-02-09 10:45:00,,ICE
2023-02-09 11:00:00,,ICE
2023-02-09 11:15:00,,ICE
2023-02-09 11:30:00,,ICE
2023-02-09 11:45:00,,ICE
2023-02-09 12:00:00,,ICE
2023-02-09 12:15:00,,ICE
2023-02-09 12:30:00,,ICE
2023-02-09 12:45:00,,ICE
2023-02-09 13:00:00,,ICE
2023-02-09 13:15:00,,ICE
2023-02-09 13:30:00,,ICE
2023-02-09 13:45:00,,ICE
2023-02-09 14:00:00,,ICE
2023-02-09 14:15:00,,ICE
2023-02-09 14:30:00,,ICE
2023-02-09 14:45:00,,ICE
2023-02-09 15:00:00,,ICE
2023-02-09 15:15:00,,ICE
2023-02-09 15:30:00,,ICE
2023-02-09 15:45:00,,ICE
2023-02-09 16:00:00,,ICE
2023-02-09 16:15:00,,ICE
2023-02-09 16:30:00,,ICE
2023-02-09 16:45:00,,ICE
2023-02-09 17:00:00,,ICE
2023-02-09 17:15:00,,ICE
2023-02-09 17:30:00,,ICE
2023-02-09 17:45:00,,ICE
2023-02-09 18:00:00,,ICE
2023-02-09 18:15:00,,ICE
2023-02-09 18:30:00,,ICE
2023-02-09 18:45:00,,ICE
2023-02-09 19:00:00,,ICE
2023-02-09 19:15:00,,ICE
2023-02-09 19:30:00,,ICE
2023-02-09 19:45:00,,ICE
2023-02-09 20:00:00,,ICE
2023-02-09 20:15:00,,ICE
2023-02-09 20:30:00,,ICE
2023-02-09 20:45:00,,ICE
2023-02-09 21:00:00,,ICE
2023-02-09 21:15:00,,ICE
2023-02-09 21:30:00,,ICE
2023-02-09 21:45:00,,ICE
2023-02-09 22:00:00,,ICE
2023-02-09 22:15:00,,ICE
2023-02-09 22:30:00,,ICE
2023-02-09 22:45:00,,ICE
2023-02-09 23:00:00,,ICE
2023-02-09 23:15:00,,ICE
2023-02-09 23:30:00,,ICE
2023-02-09 23:45:00,,ICE
2023-02-10 00:00:00,,ICE
2023-02-10 00:15:00,,ICE
2023-02-10 00:30:00,,ICE
2023-02-10 00:45:00,,ICE
2023-02-10 01:00:00,,ICE
2023-02-10 01:15:00,,ICE
2023-02-10 01:30:00,,ICE
2023-02-10 01:45:00,,ICE
2023-02-10 02:00:00,,ICE
2023-02-10 02:15:00,,ICE
2023-02-10 02:30:00,,ICE
2023-02-10 02:45:00,,ICE
2023-02-10 03:00:00,,ICE
2023-02-10 03:15:00,,ICE
2023-02-10 03:30:00,,ICE
2023-02-10 03:45:00,,ICE
2023-02-10 04:00:00,,ICE
2023-02-10 04:15:00,,ICE
2023-02-10 04:30:00,,ICE
2023-02-10 04:45:00,,ICE
2023-02-10 05:00:00,,ICE
2023-02-10 05:15:00,,ICE
2023-02-10 05:30:00,,ICE
2023-02-10 05:45:00,,ICE
2023-02-10 06:00:00,,ICE
2023-02-10 06:15:00,,ICE
2023-02-10 06:30:00,,ICE
2023-02-10 06:45:00,,ICE
2023-02-10 07:00:00,,ICE
2023-02-10 07:15:00,,ICE
2023-02-10 07:30:00,,ICE
2023-02-10 07:45:00,,ICE
2023-02-10 08:00:00,,ICE
2023-02-10 08:15:00,,ICE
2023-02-10 08:30:00,,ICE
2023-02-10 08:45:00,,ICE
2023-02-10 09:00:00,,ICE
2023-02-10 09:15:00,,ICE
2023-02-10 09:30:00,,ICE
2023-02-10 09:45:00,,ICE
2023-02-10 10:00:00,,ICE
2023-02-10 10:15:00,,ICE
2023-02-10 10:30:00,,ICE
2023-02-10 10:45:00,,ICE
2023-02-10 11:00:00,,ICE
2023-02-10 11:15:00,,ICE
2023-02-10 11:30:00,,ICE
2023-02-10 11:45:00,,ICE
2023-02-10 12:00:00,,ICE
2023-02-10 12:15:00,,ICE
2023-02-10 12:30:00,,ICE
2023-02-10 12:45:00,,ICE
2023-02-10 13:00:00,,ICE
2023-02-10 13:15:00,,ICE
2023-02-10 13:30:00,,ICE
2023-02-10 13:45:00,,ICE
2023-02-10 14:00:00,,ICE
2023-02-10 14:15:00,,ICE
2023-02-10 14:30:00,,ICE
2023-02-10 14:45:00,,ICE
2023-02-10 15:00:00,,ICE
2023-02-10 15:15:00,,ICE
2023-02-10 15:30:00,,ICE
2023-02-10 15:45:00,,ICE
2023-02-10 16:00:00,,ICE
2023-02-10 16:15:00,,ICE
2023-02-10 16:30:00,,ICE
2023-02-10 16:45:00,,ICE
2023-02-10 17:00:00,,ICE
2023-02-10 17:15:00,,ICE
2023-02-10 17:30:00,,ICE
2023-02-10 17:45:00,,ICE
2023-02-10 18:00:00,,ICE
2023-02-10 18:15:00,,ICE
2023-02-10 18:30:00,,ICE
2023-02-10 18:45:00,,ICE
2023-02-10 19:00:00,,ICE
2023-02-10 19:15:00,,ICE
2023-02-10 19:30:00,,ICE
2023-02-10 19:45:00,,ICE
2023-02-10 20:00:00,,ICE
2023-02-10 20:15:00,,ICE
2023-02-10 20:30:00,,ICE
2023-02-10 20:45:00,,ICE
2023-02-10 21:00:00,,ICE
2023-02-10 21:15:00,,ICE
2023-02-10 21:30:00,,ICE
2023-02-10 21:45:00,,ICE
2023-02-10 22:00:00,,ICE
2023-02-10 22:15:00,,ICE
2023-02-10 22:30:00,,ICE
2023-02-10 22:45:00,,ICE
2023-02-10 23:00:00,,ICE
2023-02-10 23:15:00,,ICE
2023-02-10 23:30:00,,ICE
2023-02-10 23:45:00,,ICE
2023-02-11 00:00:00,,ICE
2023-02-11 00:15:00,,ICE
2023-02-11 00:30:00,,ICE
2023-02-11 00:45:00,,ICE
2023-02-11 01:00:00,,ICE
2023-02-11 01:15:00,,ICE
2023-02-11 01:30:00,,ICE
2023-02-11 01:45:00,,ICE
2023-02-11 02:00:00,,ICE
2023-02-11 02:15:00,,ICE
2023-02-11 02:30:00,,ICE
2023-02-11 02:45:00,,ICE
2023-02-11 03:00:00,,ICE
2023-02-11 03:15:00,,ICE
2023-02-11 03:30:00,,ICE
2023-02-11 03:45:00,,ICE
2023-02-11 04:00:00,,ICE
2023-02-11 04:15:00,,ICE
2023-02-11 04:30:00,,ICE
2023-02-11 04:45:00,,ICE
2023-02-11 05:00:00,,ICE
2023-02-11 05:15:00,,ICE
2023-02-11 05:30:00,,ICE
2023-02-11 05:45:00,,ICE
2023-02-11 06:00:00,,ICE
2023-02-11 06:15:00,,ICE
2023-02-11 06:30:00,,ICE
2023-02-11 06:45:00,,ICE
2023-02-11 07:00:00,,ICE
2023-02-11 07:15:00,,ICE
2023-02-11 07:30:00,,ICE
2023-02-11 07:45:00,,ICE
2023-02-11 08:00:00,,ICE
2023-02-11 08:15:00,,ICE
2023-02-11 08:30:00,,ICE
2023-02-11 08:45:00,,ICE
2023-02-11 09:00:00,,ICE
2023-02-11 09:15:00,,ICE
2023-02-11 09:30:00,,ICE
2023-02-11 09:45:00,,ICE
2023-02-11 10:00:00,,ICE
2023-02-11 10:15:00,,ICE
2023-02-11 10:30:00,,ICE
2023-02-11 10:45:00,,ICE
2023-02-11 11:00:00,,ICE
2023-02-11 11:15:00,,ICE
2023-02-11 11:30:00,,ICE
2023-02-11 11:45:00,,ICE
2023-02-11 12:00:00,,ICE
2023-02-11 12:15:00,,ICE
2023-02-11 12:30:00,,ICE
2023-02-11 12:45:00,,ICE
2023-02-11 13:00:00,,ICE
2023-02-11 13:15:00,,ICE
2023-02-11 13:30:00,,ICE
2023-02-11 13:45:00,,ICE
2023-02-11 14:00:00,,ICE
2023-02-11 14:15:00,,ICE
2023-02-11 14:30:00,,ICE
2023-02-11 14:45:00,,ICE
2023-02-11 15:00:00,,ICE
2023-02-11 15:15:00,,ICE
2023-02-11 15:30:00,,ICE
2023-02-11 15:45:00,,ICE
2023-02-11 16:00:00,,ICE
2023-02-11 16:15:00,,ICE
2023-02-11 16:30:00,,ICE
2023-02-11 16:45:00,,ICE
2023-02-11 17:00:00,,ICE
2023-02-11 17:15:00,,ICE
2023-02-11 17:30:00,,ICE
2023-02-11 17:45:00,,ICE
2023-02-11 18:00:00,,ICE
2023-02-11 18:15:00,,ICE
2023-02-11 18:30:00,,ICE
2023-02-11 18:45:00,,ICE
2023-02-11 19:00:00,,ICE
2023-02-11 19:15:00,,ICE
2023-02-11 19:30:00,,ICE
2023-02-11 19:45:00,,ICE
2023-02-11 20:00:00,,ICE
2023-02-11 20:15:00,,ICE
2023-02-11 20:30:00,,ICE
2023-02-11 20:45:00,,ICE
2023-02-11 21:00:00,,ICE
2023-02-11 21:15:00,,ICE
2023-02-11 21:30:00,,ICE
2023-02-11 21:45:00,,ICE
2023-02-11 22:00:00,,ICE
2023-02-11 22:15:00,,ICE
2023-02-11 22:30:00,,ICE
2023-02-11 22:45:00,,ICE
2023-02-11 23:00:00,,ICE
2023-02-11 23:15:00,,ICE
2023-02-11 23:30:00,,ICE
2023-02-11 23:45:00,,ICE
2023-02-12 00:00:00,,ICE
2023-02-12 00:15:00,,ICE
2023-02-12 00:30:00,,ICE
2023-02-12 00:45:00,,ICE
2023-02-12 01:00:00,,ICE
2023-02-12 01:15:00,,ICE
2023-02-12 01:30:00,,ICE
2023-02-12 01:45:00,,ICE
2023-02-12 02:00:00,,ICE
2023-02-12 02:15:00,,ICE
2023-02-12 02:30:00,,ICE
2023-02-12 02:45:00,,ICE
2023-02-12 03:00:00,,ICE
2023-02-12 03:15:00,,ICE
2023-02-12 03:30:00,,ICE
2023-02-12 03:45:00,,ICE
2023-02-12 04:00:00,,ICE
2023-02-12 04:15:00,,ICE
2023-02-12 04:30:00,,ICE
2023-02-12 04:45:00,,ICE
2023-02-12 05:00:00,,ICE
2023-02-12 05:15:00,,ICE
2023-02-12 05:30:00,,ICE
2023-02-12 05:45:00,,ICE
2023-02-12 06:00:00,,ICE
2023-02-12 06:15:00,,ICE
2023-02-12 06:30:00,,ICE
2023-02-12 06:45:00,,ICE
2023-02-12 07:00:00,,ICE
2023-02-12 07:15:00,,ICE
2023-02-12 07:30:00,,ICE
2023-02-12 07:45:00,,ICE
2023-02-12 08:00:00,,ICE
2023-02-12 08:15:00,,ICE
2023-02-12 08:30:00,,ICE
2023-02-12 08:45:00,,ICE
2023-02-12 09:00:00,,ICE
2023-02-12 09:15:00,,ICE
2023-02-12 09:30:00,,ICE
2023-02-12 09:45:00,,ICE
2023-02-12 10:00:00,,ICE
2023-02-12 10:15:00,,ICE
2023-02-12 10:30:00,,ICE
2023-02-12 10:45:00,,ICE
2023-02-12 11:00:00,,ICE
2023-02-12 11:15:00,,ICE
2023-02-12 11:30:00,,ICE
2023-02-12 11:45:00,,ICE
2023-02-12 12:00:00,,ICE
2023-02-12 12:15:00,,ICE
2023-02-12 12:30:00,,ICE
2023-02-12 12:45:00,,ICE
2023-02-12 13:00:00,,ICE
2023-02-12 13:15:00,,ICE
2023-02-12 13:30:00,,ICE
2023-02-12 13:45:00,,ICE
2023-02-12 14:00:00,,ICE
2023-02-12 14:15:00,,ICE
2023-02-12 14:30:00,,ICE
2023-02-12 14:45:00,,ICE
2023-02-12 15:00:00,,ICE
2023-02-12 15:15:00,,ICE
2023-02-12 15:30:00,,ICE
2023-02-12 15:45:00,,ICE
2023-02-12 16:00:00,,ICE
2023-02-12 16:15:00,,ICE
2023-02-12 16:30:00,,ICE
2023-02-12 16:45:00,,ICE
2023-02-12 17:00:00,,ICE
2023-02-12 17:15:00,,ICE
2023-02-12 17:30:00,,ICE
2023-02-12 17:45:00,,ICE
2023-02-12 18:00:00,,ICE
2023-02-12 18:15:00,,ICE
2023-02-12 18:30:00,,ICE
2023-02-12 18:45:00,,ICE
2023-02-12 19:00:00,,ICE
2023-02-12 19:15:00,,ICE
2023-02-12 19:30:00,,ICE
2023-02-12 19:45:00,,ICE
2023-02-12 20:00:00,,ICE
2023-02-12 20:15:00,,ICE
2023-02-12 20:30:00,,ICE
2023-02-12 20:45:00,,ICE
2023-02-12 21:00:00,,ICE
2023-02-12 21:15:00,,ICE
2023-02-12 21:30:00,,ICE
2023-02-12 21:45:00,,ICE
2023-02-12 22:00:00,,ICE
2023-02-12 22:15:00,,ICE
2023-02-12 22:30:00,,ICE
2023-02-12 22:45:00,,ICE
2023-02-12 23:00:00,,ICE
2023-02-12 23:15:00,,ICE
2023-02-12 23:30:00,,ICE
2023-02-12 23:45:00,,ICE
2023-02-13 00:00:00,,ICE
2023-02-13 00:15:00,,ICE
2023-02-13 00:30:00,,ICE
2023-02-13 00:45:00,,ICE
2023-02-13 01:00:00,,ICE
2023-02-13 01:15:00,,ICE
2023-02-13 01:30:00,,ICE
2023-02-13 01:45:00,,ICE
2023-02-13 02:00:00,,ICE
2023-02-13 02:15:00,,ICE
2023-02-13 02:30:00,,ICE
2023-02-13 02:45:00,,ICE
2023-02-13 03:00:00,,ICE
2023-02-13 03:15:00,,ICE
2023-02-13 03:30:00,,ICE
2023-02-13 03:45:00,,ICE
2023-02-13 04:00:00,,ICE
2023-02-13 04:15:00,,ICE
2023-02-13 04:30:00,,ICE
2023-02-13 04:45:00,,ICE
2023-02-13 05:00:00,,ICE
2023-02-13 05:15:00,,ICE
2023-02-13 05:30:00,,ICE
2023-02-13 05:45:00,,ICE
2023-02-13 06:00:00,,ICE
2023-02-13 06:15:00,,ICE
2023-02-13 06:30:00,,ICE
2023-02-13 06:45:00,,ICE
2023-02-13 07:00:00,,ICE
2023-02-13 07:15:00,,ICE
2023-02-13 07:30:00,,ICE
2023-02-13 07:45:00,,ICE
2023-02-13 08:00:00,,ICE
2023-02-13 08:15:00,,ICE
2023-02-13 08:30:00,,ICE
2023-02-13 08:45:00,,ICE
2023-02-13 09:00:00,,ICE
2023-02-13 09:15:00,,ICE
2023-02-13 09:30:00,,ICE
2023-02-13 09:45:00,,ICE
2023-02-13 10:00:00,,ICE
2023-02-13 10:15:00,,ICE
2023-02-13 10:30:00,,ICE
2023-02-13 10:45:00,,ICE
2023-02-13 11:00:00,,ICE
2023-02-13 11:15:00,,ICE
2023-02-13 11:30:00,,ICE
2023-02-13 11:45:00,,ICE
2023-02-13 12:00:00,,ICE
2023-02-13 12:15:00,,ICE
2023-02-13 12:30:00,,ICE
2023-02-13 12:45:00,,ICE
2023-02-13 13:00:00,,ICE
2023-02-13 13:15:00,,ICE
2023-02-13 13:30:00,,ICE
2023-02-13 13:45:00,,ICE
2023-02-13 14:00:00,,ICE
2023-02-13 14:15:00,,ICE
2023-02-13 14:30:00,,ICE
2023-02-13 14:45:00,,ICE
2023-02-13 15:00:00,,ICE
2023-02-13 15:15:00,,ICE
2023-02-13 15:30:00,,ICE
2023-02-13 15:45:00,,ICE
2023-02-13 16:00:00,,ICE
2023-02-13 16:15:00,,ICE
2023-02-13 16:30:00,,ICE
2023-02-13 16:45:00,,ICE
2023-02-13 17:00:00,,ICE
2023-02-13 17:15:00,,ICE
2023-02-13 17:30:00,,ICE
2023-02-13 17:45:00,,ICE
2023-02-13 18:00:00,,ICE
2023-02-13 18:15:00,,ICE
2023-02-13 18:30:00,,ICE
2023-02-13 18:45:00,,ICE
2023-02-13 19:00:00,,ICE
2023-02-13 19:15:00,,ICE
2023-02-13 19:30:00,,ICE
2023-02-13 19:45:00,,ICE
2023-02-13 20:00:00,,ICE
2023-02-13 20:15:00,,ICE
2023-02-13 20:30:00,,ICE
2023-02-13 20:45:00,,ICE
2023-02-13 21:00:00,,ICE
2023-02-13 21:15:00,,ICE
2023-02-13 21:30:00,,ICE
2023-02-13 21:45:00,,ICE
2023-02-13 22:00:00,,ICE
2023-02-13 22:15:00,,ICE
2023-02-13 22:30:00,,ICE
2023-02-13 22:45:00,,ICE
2023-02-13 23:00:00,,ICE
2023-02-13 23:15:00,,ICE
2023-02-13 23:30:00,,ICE
2023-02-13 23:45:00,,ICE
2023-02-14 00:00:00,,ICE
2023-02-14 00:15:00,,ICE
2023-02-14 00:30:00,,ICE
2023-02-14 00:45:00,,ICE
2023-02-14 01:00:00,,ICE
2023-02-14 01:15:00,,ICE
2023-02-14 01:30:00,,ICE
2023-02-14 01:45:00,,ICE
2023-02-14 02:00:00,,ICE
2023-02-14 02:15:00,,ICE
2023-02-14 02:30:00,,ICE
2023-02-14 02:45:00,,ICE
2023-02-14 03:00:00,,ICE
2023-02-14 03:15:00,,ICE
2023-02-14 03:30:00,,ICE
2023-02-14 03:45:00,,ICE
2023-02-14 04:00:00,,ICE
2023-02-14 04:15:00,,ICE
2023-02-14 04:30:00,,ICE
2023-02-14 04:45:00,,ICE
2023-02-14 05:00:00,,ICE
2023-02-14 05:15:00,,ICE
2023-02-14 05:30:00,,ICE
2023-02-14 05:45:00,,ICE
2023-02-14 06:00:00,,ICE
2023-02-14 06:15:00,,ICE
2023-02-14 06:30:00,,ICE
2023-02-14 06:45:00,,ICE
2023-02-14 07:00:00,,ICE
2023-02-14 07:15:00,,ICE
2023-02-14 07:30:00,,ICE
2023-02-14 07:45:00,,ICE
2023-02-14 08:00:00,,ICE
2023-02-14 08:15:00,,ICE
2023-02-14 08:30:00,,ICE
2023-02-14 08:45:00,,ICE
2023-02-14 09:00:00,,ICE
2023-02-14 09:15:00,,ICE
2023-02-14 09:30:00,,ICE
2023-02-14 09:45:00,,ICE
2023-02-14 10:00:00,,ICE
2023-02-14 10:15:00,,ICE
2023-02-14 10:30:00,,ICE
2023-02-14 10:45:00,,ICE
2023-02-14 11:00:00,,ICE
2023-02-14 11:15:00,,ICE
2023-02-14 11:30:00,,ICE
2023-02-14 11:45:00,,ICE
2023-02-14 12:00:00,,ICE
2023-02-14 12:15:00,,ICE
2023-02-14 12:30:00,,ICE
2023-02-14 12:45:00,,ICE
2023-02-14 13:00:00,,ICE
2023-02-14 13:15:00,,ICE
2023-02-14 13:30:00,,ICE
2023-02-14 13:45:00,,ICE
2023-02-14 14:00:00,,ICE
2023-02-14 14:15:00,,ICE
2023-02-14 14:30:00,,ICE
2023-02-14 14:45:00,,ICE
2023-02-14 15:00:00,,ICE
2023-02-14 15:15:00,,ICE
2023-02-14 15:30:00,,ICE
2023-02-14 15:45:00,,ICE
2023-02-14 16:00:00,,ICE
2023-02-14 16:15:00,,ICE
2023-02-14 16:30:00,,ICE
2023-02-14 16:45:00,,ICE
2023-02-14 17:00:00,,ICE
2023-02-14 17:15:00,,ICE
2023-02-14 17:30:00,,ICE
2023-02-14 17:45:00,,ICE
2023-02-14 18:00:00,,ICE
2023-02-14 18:15:00,,ICE
2023-02-14 18:30:00,,ICE
2023-02-14 18:45:00,,ICE
2023-02-14 19:00:00,,ICE
2023-02-14 19:15:00,,ICE
2023-02-14 19:30:00,,ICE
2023-02-14 19:45:00,,ICE
2023-02-14 20:00:00,,ICE
2023-02-14 20:15:00,,ICE
2023-02-14 20:30:00,,ICE
2023-02-14 20:45:00,,ICE
2023-02-14 21:00:00,,ICE
2023-02-14 21:15:00,,ICE
2023-02-14 21:30:00,,ICE
2023-02-14 21:45:00,,ICE
2023-02-14 22:00:00,,ICE
2023-02-14 22:15:00,,ICE
2023-02-14 22:30:00,,ICE
2023-02-14 22:45:00,,ICE
2023-02-14 23:00:00,,ICE
2023-02-14 23:15:00,,ICE
2023-02-14 23:30:00,,ICE
2023-02-14 23:45:00,,ICE
2023-02-15 00:00:00,,ICE
2023-02-15 00:15:00,,ICE
2023-02-15 00:30:00,,ICE
2023-02-15 00:45:00,,ICE
2023-02-15 01:00:00,,ICE
2023-02-15 01:15:00,,ICE
2023-02-15 01:30:00,,ICE
2023-02-15 01:45:00,,ICE
2023-02-15 02:00:00,,ICE
2023-02-15 02:15:00,,ICE
2023-02-15 02:30:00,,ICE
2023-02-15 02:45:00,,ICE
2023-02-15 03:00:00,,ICE
2023-02-15 03:15:00,,ICE
2023-02-15 03:30:00,,ICE
2023-02-15 03:45:00,,ICE
2023-02-15 04:00:00,,ICE
2023-02-15 04:15:00,,ICE
2023-02-15 04:30:00,,ICE
2023-02-15 04:45:00,,ICE
2023-02-15 05:00:00,,ICE
2023-02-15 05:15:00,,ICE
2023-02-15 05:30:00,,ICE
2023-02-15 05:45:00,,ICE
2023-02-15 06:00:00,,ICE
2023-02-15 06:15:00,,ICE
2023-02-15 06:30:00,,ICE
2023-02-15 06:45:00,,ICE
2023-02-15 07:00:00,,ICE
2023-02-15 07:15:00,,ICE
2023-02-15 07:30:00,,ICE
2023-02-15 07:45:00,,ICE
2023-02-15 08:00:00,,ICE
2023-02-15 08:15:00,,ICE
2023-02-15 08:30:00,,ICE
2023-02-15 08:45:00,,ICE
2023-02-15 09:00:00,,ICE
2023-02-15 09:15:00,,ICE
2023-02-15 09:30:00,,ICE
2023-02-15 09:45:00,,ICE
2023-02-15 10:00:00,,ICE
2023-02-15 10:15:00,,ICE
2023-02-15 10:30:00,,ICE
2023-02-15 10:45:00,,ICE
2023-02-15 11:00:00,,ICE
2023-02-15 11:15:00,,ICE
2023-02-15 11:30:00,,ICE
2023-02-15 11:45:00,,ICE
2023-02-15 12:00:00,,ICE
2023-02-15 12:15:00,,ICE
2023-02-15 12:30:00,,ICE
2023-02-15 12:45:00,,ICE
2023-02-15 13:00:00,,ICE
2023-02-15 13:15:00,,ICE
2023-02-15 13:30:00,,ICE
2023-02-15 13:45:00,,ICE
2023-02-15 14:00:00,,ICE
2023-02-15 14:15:00,,ICE
2023-02-15 14:30:00,,ICE
2023-02-15 14:45:00,,ICE
2023-02-15 15:00:00,,ICE
2023-02-15 15:15:00,,ICE
2023-02-15 15:30:00,,ICE
2023-02-15 15:45:00,,ICE
2023-02-15 16:00:00,,ICE
2023-02-15 16:15:00,,ICE
2023-02-15 16:30:00,,ICE
2023-02-15 16:45:00,,ICE
2023-02-15 17:00:00,,ICE
2023-02-15 17:15:00,,ICE
2023-02-15 17:30:00,,ICE
2023-02-15 17:45:00,,ICE
2023-02-15 18:00:00,,ICE
2023-02-15 18:15:00,,ICE
2023-02-15 18:30:00,,ICE
2023-02-15 18:45:00,,ICE
2023-02-15 19:00:00,,ICE
2023-02-15 19:15:00,,ICE
2023-02-15 19:30:00,,ICE
2023-02-15 19:45:00,,ICE
2023-02-15 20:00:00,,ICE
2023-02-15 20:15:00,,ICE
2023-02-15 20:30:00,,ICE
2023-02-15 20:45:00,,ICE
2023-02-15 21:00:00,,ICE
2023-02-15 21:15:00,,ICE
2023-02-15 21:30:00,,ICE
2023-02-15 21:45:00,,ICE
2023-02-15 22:00:00,,ICE
2023-02-15 22:15:00,,ICE
2023-02-15 22:30:00,,ICE
2023-02-15 22:45:00,,ICE
2023-02-15 23:00:00,,ICE
2023-02-15 23:15:00,,ICE
2023-02-15 23:30:00,,ICE
2023-02-15 23:45:00,,ICE
2023-02-16 00:00:00,,ICE
2023-02-16 00:15:00,,ICE
2023-02-16 00:30:00,,ICE
2023-02-16 00:45:00,,ICE
2023-02-16 01:00:00,,ICE
2023-02-16 01:15:00,,ICE
2023-02-16 01:30:00,,ICE
2023-02-16 01:45:00,,ICE
2023-02-16 02:00:00,,ICE
2023-02-16 02:15:00,,ICE
2023-02-16 02:30:00,,ICE
2023-02-16 02:45:00,,ICE
2023-02-16 03:00:00,,ICE
2023-02-16 03:15:00,,ICE
2023-02-16 03:30:00,,ICE
2023-02-16 03:45:00,,ICE
2023-02-16 04:00:00,,ICE
2023-02-16 04:15:00,,ICE
2023-02-16 04:30:00,,ICE
2023-02-16 04:45:00,,ICE
2023-02-16 05:00:00,,ICE
2023-02-16 05:15:00,,ICE
2023-02-16 05:30:00,,ICE
2023-02-16 05:45:00,,ICE
2023-02-16 06:00:00,,ICE
2023-02-16 06:15:00,,ICE
2023-02-16 06:30:00,,ICE
2023-02-16 06:45:00,,ICE
2023-02-16 07:00:00,,ICE
2023-02-16 07:15:00,,ICE
2023-02-16 07:30:00,,ICE
2023-02-16 07:45:00,,ICE
2023-02-16 08:00:00,,ICE
2023-02-16 08:15:00,,ICE
2023-02-16 08:30:00,,ICE
2023-02-16 08:45:00,,ICE
2023-02-16 09:00:00,,ICE
2023-02-16 09:15:00,,ICE
2023-02-16 09:30:00,,ICE
2023-02-16 09:45:00,,ICE
2023-02-16 10:00:00,,ICE
2023-02-16 10:15:00,,ICE
2023-02-16 10:30:00,,ICE
2023-02-16 10:45:00,,ICE
2023-02-16 11:00:00,,ICE
2023-02-16 11:15:00,,ICE
2023-02-16 11:30:00,,ICE
2023-02-16 11:45:00,,ICE
2023-02-16 12:00:00,,ICE
2023-02-16 12:15:00,,ICE
2023-02-16 12:30:00,,ICE
2023-02-16 12:45:00,,ICE
2023-02-16 13:00:00,,ICE
2023-02-16 13:15:00,,ICE
2023-02-16 13:30:00,,ICE
2023-02-16 13:45:00,,ICE
2023-02-16 14:00:00,,ICE
2023-02-16 14:15:00,,ICE
2023-02-16 14:30:00,,ICE
2023-02-16 14:45:00,,ICE
2023-02-16 15:00:00,,ICE
2023-02-16 15:15:00,,ICE
2023-02-16 15:30:00,,ICE
2023-02-16 15:45:00,,ICE
2023-02-16 16:00:00,,ICE
2023-02-16 16:15:00,,ICE
2023-02-16 16:30:00,,ICE
2023-02-16 16:45:00,,ICE
2023-02-16 17:00:00,,ICE
2023-02-16 17:15:00,,ICE
2023-02-16 17:30:00,,ICE
2023-02-16 17:45:00,,ICE
2023-02-16 18:00:00,,ICE
2023-02-16 18:15:00,,ICE
2023-02-16 18:30:00,,ICE
2023-02-16 18:45:00,,ICE
2023-02-16 19:00:00,,ICE
2023-02-16 19:15:00,,ICE
2023-02-16 19:30:00,,ICE
2023-02-16 19:45:00,,ICE
2023-02-16 20:00:00,,ICE
2023-02-16 20:15:00,,ICE
2023-02-16 20:30:00,,ICE
2023-02-16 20:45:00,,ICE
2023-02-16 21:00:00,,ICE
2023-02-16 21:15:00,,ICE
2023-02-16 21:30:00,,ICE
2023-02-16 21:45:00,,ICE
2023-02-16 22:00:00,,ICE
2023-02-16 22:15:00,,ICE
2023-02-16 22:30:00,,ICE
2023-02-16 22:45:00,,ICE
2023-02-16 23:00:00,,ICE
2023-02-16 23:15:00,,ICE
2023-02-16 23:30:00,,ICE
2023-02-16 23:45:00,,ICE
2023-02-17 00:00:00,,ICE
2023-02-17 00:15:00,,ICE
2023-02-17 00:30:00,,ICE
2023-02-17 00:45:00,,ICE
2023-02-17 01:00:00,,ICE
2023-02-17 01:15:00,,ICE
2023-02-17 01:30:00,,ICE
2023-02-17 01:45:00,,ICE
2023-02-17 02:00:00,,ICE
2023-02-17 02:15:00,,ICE
2023-02-17 02:30:00,,ICE
2023-02-17 02:45:00,,ICE
2023-02-17 03:00:00,,ICE
2023-02-17 03:15:00,,ICE
2023-02-17 03:30:00,,ICE
2023-02-17 03:45:00,,ICE
2023-02-17 04:00:00,,ICE
2023-02-17 04:15:00,,ICE
2023-02-17 04:30:00,,ICE
2023-02-17 04:45:00,,ICE
2023-02-17 05:00:00,,ICE
2023-02-17 05:15:00,,ICE
2023-02-17 05:30:00,,ICE
2023-02-17 05:45:00,,ICE
2023-02-17 06:00:00,,ICE
2023-02-17 06:15:00,,ICE
2023-02-17 06:30:00,,ICE
2023-02-17 06:45:00,,ICE
2023-02-17 07:00:00,,ICE
2023-02-17 07:15:00,,ICE
2023-02-17 07:30:00,,ICE
2023-02-17 07:45:00,,ICE
2023-02-17 08:00:00,,ICE
2023-02-17 08:15:00,,ICE
2023-02-17 08:30:00,,ICE
2023-02-17 08:45:00,,ICE
2023-02-17 09:00:00,,ICE
2023-02-17 09:15:00,,ICE
2023-02-17 09:30:00,,ICE
2023-02-17 09:45:00,,ICE
2023-02-17 10:00:00,,ICE
2023-02-17 10:15:00,,ICE
2023-02-17 10:30:00,,ICE
2023-02-17 10:45:00,,ICE
2023-02-17 11:00:00,,ICE
2023-02-17 11:15:00,,ICE
2023-02-17 11:30:00,,ICE
2023-02-17 11:45:00,,ICE
2023-02-17 12:00:00,,ICE
2023-02-17 12:15:00,,ICE
2023-02-17 12:30:00,,ICE
2023-02-17 12:45:00,,ICE
2023-02-17 13:00:00,,ICE
2023-02-17 13:15:00,,ICE
2023-02-17 13:30:00,,ICE
2023-02-17 13:45:00,,ICE
2023-02-17 14:00:00,,ICE
2023-02-17 14:15:00,,ICE
2023-02-17 14:30:00,,ICE
2023-02-17 14:45:00,,ICE
2023-02-17 15:00:00,,ICE
2023-02-17 15:15:00,,ICE
2023-02-17 15:30:00,,ICE
2023-02-17 15:45:00,,ICE
2023-02-17 16:00:00,,ICE
2023-02-17 16:15:00,,ICE
2023-02-17 16:30:00,,ICE
2023-02-17 16:45:00,,ICE
2023-02-17 17:00:00,,ICE
2023-02-17 17:15:00,,ICE
2023-02-17 17:30:00,,ICE
2023-02-17 17:45:00,,ICE
2023-02-17 18:00:00,,ICE
2023-02-17 18:15:00,,ICE
2023-02-17 18:30:00,,ICE
2023-02-17 18:45:00,,ICE
2023-02-17 19:00:00,,ICE
2023-02-17 19:15:00,,ICE
2023-02-17 19:30:00,,ICE
2023-02-17 19:45:00,,ICE
2023-02-17 20:00:00,,ICE
2023-02-17 20:15:00,,ICE
2023-02-17 20:30:00,,ICE
2023-02-17 20:45:00,,ICE
2023-02-17 21:00:00,,ICE
2023-02-17 21:15:00,,ICE
2023-02-17 21:30:00,,ICE
2023-02-17 21:45:00,,ICE
2023-02-17 22:00:00,,ICE
2023-02-17 22:15:00,,ICE
2023-02-17 22:30:00,,ICE
2023-02-17 22:45:00,,ICE
2023-02-17 23:00:00,,ICE
2023-02-17 23:15:00,,ICE
2023-02-17 23:30:00,,ICE
2023-02-17 23:45:00,,ICE
2023-02-18 00:00:00,,ICE
2023-02-18 00:15:00,,ICE
2023-02-18 00:30:00,,ICE
2023-02-18 00:45:00,,ICE
2023-02-18 01:00:00,,ICE
2023-02-18 01:15:00,,ICE
2023-02-18 01:30:00,,ICE
2023-02-18 01:45:00,,ICE
2023-02-18 02:00:00,,ICE
2023-02-18 02:15:00,,ICE
2023-02-18 02:30:00,,ICE
2023-02-18 02:45:00,,ICE
2023-02-18 03:00:00,,ICE
2023-02-18 03:15:00,,ICE
2023-02-18 03:30:00,,ICE
2023-02-18 03:45:00,,ICE
2023-02-18 04:00:00,,ICE
2023-02-18 04:15:00,,ICE
2023-02-18 04:30:00,,ICE
2023-02-18 04:45:00,,ICE
2023-02-18 05:00:00,,ICE
2023-02-18 05:15:00,,ICE
2023-02-18 05:30:00,,ICE
2023-02-18 05:45:00,,ICE
2023-02-18 06:00:00,,ICE
2023-02-18 06:15:00,,ICE
2023-02-18 06:30:00,,ICE
2023-02-18 06:45:00,,ICE
2023-02-18 07:00:00,,ICE
2023-02-18 07:15:00,,ICE
2023-02-18 07:30:00,,ICE
2023-02-18 07:45:00,,ICE
2023-02-18 08:00:00,,ICE
2023-02-18 08:15:00,,ICE
2023-02-18 08:30:00,,ICE
2023-02-18 08:45:00,,ICE
2023-02-18 09:00:00,,ICE
2023-02-18 09:15:00,,ICE
2023-02-18 09:30:00,,ICE
2023-02-18 09:45:00,,ICE
2023-02-18 10:00:00,,ICE
2023-02-18 10:15:00,,ICE
2023-02-18 10:30:00,,ICE
2023-02-18 10:45:00,,ICE
2023-02-18 11:00:00,,ICE
2023-02-18 11:15:00,,ICE
2023-02-18 11:30:00,,ICE
2023-02-18 11:45:00,,ICE
2023-02-18 12:00:00,,ICE
2023-02-18 12:15:00,,ICE
2023-02-18 12:30:00,,ICE
2023-02-18 12:45:00,,ICE
2023-02-18 13:00:00,,ICE
2023-02-18 13:15:00,,ICE
2023-02-18 13:30:00,,ICE
2023-02-18 13:45:00,,ICE
2023-02-18 14:00:00,,ICE
2023-02-18 14:15:00,,ICE
2023-02-18 14:30:00,,ICE
2023-02-18 14:45:00,,ICE
2023-02-18 15:00:00,,ICE
2023-02-18 15:15:00,,ICE
2023-02-18 15:30:00,,ICE
2023-02-18 15:45:00,,ICE
2023-02-18 16:00:00,,ICE
2023-02-18 16:15:00,,ICE
2023-02-18 16:30:00,,ICE
2023-02-18 16:45:00,,ICE
2023-02-18 17:00:00,,ICE
2023-02-18 17:15:00,,ICE
2023-02-18 17:30:00,,ICE
2023-02-18 17:45:00,,ICE
2023-02-18 18:00:00,,ICE
2023-02-18 18:15:00,,ICE
2023-02-18 18:30:00,,ICE
2023-02-18 18:45:00,,ICE
2023-02-18 19:00:00,,ICE
2023-02-18 19:15:00,,ICE
2023-02-18 19:30:00,,ICE
2023-02-18 19:45:00,,ICE
2023-02-18 20:00:00,,ICE
2023-02-18 20:15:00,,ICE
2023-02-18 20:30:00,,ICE
2023-02-18 20:45:00,,ICE
2023-02-18 21:00:00,,ICE
2023-02-18 21:15:00,,ICE
2023-02-18 21:30:00,,ICE
2023-02-18 21:45:00,,ICE
2023-02-18 22:00:00,,ICE
2023-02-18 22:15:00,,ICE
2023-02-18 22:30:00,,ICE
2023-02-18 22:45:00,,ICE
2023-02-18 23:00:00,,ICE
2023-02-18 23:15:00,,ICE
2023-02-18 23:30:00,,ICE
2023-02-18 23:45:00,,ICE
2023-02-19 00:00:00,,ICE
2023-02-19 00:15:00,,ICE
2023-02-19 00:30:00,,ICE
2023-02-19 00:45:00,,ICE
2023-02-19 01:00:00,,ICE
2023-02-19 01:15:00,,ICE
2023-02-19 01:30:00,,ICE
2023-02-19 01:45:00,,ICE
2023-02-19 02:00:00,,ICE
2023-02-19 02:15:00,,ICE
2023-02-19 02:30:00,,ICE
2023-02-19 02:45:00,,ICE
2023-02-19 03:00:00,,ICE
2023-02-19 03:15:00,,ICE
2023-02-19 03:30:00,,ICE
2023-02-19 03:45:00,,ICE
2023-02-19 04:00:00,,ICE
2023-02-19 04:15:00,,ICE
2023-02-19 04:30:00,,ICE
2023-02-19 04:45:00,,ICE
2023-02-19 05:00:00,,ICE
2023-02-19 05:15:00,,ICE
2023-02-19 05:30:00,,ICE
2023-02-19 05:45:00,,ICE
2023-02-19 06:00:00,,ICE
2023-02-19 06:15:00,,ICE
2023-02-19 06:30:00,,ICE
2023-02-19 06:45:00,,ICE
2023-02-19 07:00:00,,ICE
2023-02-19 07:15:00,,ICE
2023-02-19 07:30:00,,ICE
2023-02-19 07:45:00,,ICE
2023-02-19 08:00:00,,ICE
2023-02-19 08:15:00,,ICE
2023-02-19 08:30:00,,ICE
2023-02-19 08:45:00,,ICE
2023-02-19 09:00:00,,ICE
2023-02-19 09:15:00,,ICE
2023-02-19 09:30:00,,ICE
2023-02-19 09:45:00,,ICE
2023-02-19 10:00:00,,ICE
2023-02-19 10:15:00,,ICE
2023-02-19 10:30:00,,ICE
2023-02-19 10:45:00,,ICE
2023-02-19 11:00:00,,ICE
2023-02-19 11:15:00,,ICE
2023-02-19 11:30:00,,ICE
2023-02-19 11:45:00,,ICE
2023-02-19 12:00:00,,ICE
2023-02-19 12:15:00,,ICE
2023-02-19 12:30:00,,ICE
2023-02-19 12:45:00,,ICE
2023-02-19 13:00:00,,ICE
2023-02-19 13:15:00,,ICE
2023-02-19 13:30:00,,ICE
2023-02-19 13:45:00,,ICE
2023-02-19 14:00:00,,ICE
2023-02-19 14:15:00,,ICE
2023-02-19 14:30:00,,ICE
2023-02-19 14:45:00,,ICE
2023-02-19 15:00:00,,ICE
2023-02-19 15:15:00,,ICE
2023-02-19 15:30:00,,ICE
2023-02-19 15:45:00,,ICE
2023-02-19 16:00:00,,ICE
2023-02-19 16:15:00,,ICE
2023-02-19 16:30:00,,ICE
2023-02-19 16:45:00,,ICE
2023-02-19 17:00:00,,ICE
2023-02-19 17:15:00,,ICE
2023-02-19 17:30:00,,ICE
2023-02-19 17:45:00,,ICE
2023-02-19 18:00:00,,ICE
2023-02-19 18:15:00,,ICE
2023-02-19 18:30:00,,ICE
2023-02-19 18:45:00,,ICE
2023-02-19 19:00:00,,ICE
2023-02-19 19:15:00,,ICE
2023-02-19 19:30:00,,ICE
2023-02-19 19:45:00,,ICE
2023-02-19 20:00:00,,ICE
2023-02-19 20:15:00,,ICE
2023-02-19 20:30:00,,ICE
2023-02-19 20:45:00,,ICE
2023-02-19 21:00:00,,ICE
2023-02-19 21:15:00,,ICE
2023-02-19 21:30:00,,ICE
2023-02-19 21:45:00,,ICE
2023-02-19 22:00:00,,ICE
2023-02-19 22:15:00,,ICE
2023-02-19 22:30:00,,ICE
2023-02-19 22:45:00,,ICE
2023-02-19 23:00:00,,ICE
2023-02-19 23:15:00,,ICE
2023-02-19 23:30:00,,ICE
2023-02-19 23:45:00,,ICE
2023-02-20 00:00:00,,ICE
2023-02-20 00:15:00,,ICE
2023-02-20 00:30:00,,ICE
2023-02-20 00:45:00,,ICE
2023-02-20 01:00:00,,ICE
2023-02-20 01:15:00,,ICE
2023-02-20 01:30:00,,ICE
2023-02-20 01:45:00,,ICE
2023-02-20 02:00:00,,ICE
2023-02-20 02:15:00,,ICE
2023-02-20 02:30:00,,ICE
2023-02-20 02:45:00,,ICE
2023-02-20 03:00:00,,ICE
2023-02-20 03:15:00,,ICE
2023-02-20 03:30:00,,ICE
2023-02-20 03:45:00,,ICE
2023-02-20 04:00:00,,ICE
2023-02-20 04:15:00,,ICE
2023-02-20 04:30:00,,ICE
2023-02-20 04:45:00,,ICE
2023-02-20 05:00:00,,ICE
2023-02-20 05:15:00,,ICE
2023-02-20 05:30:00,,ICE
2023-02-20 05:45:00,,ICE
2023-02-20 06:00:00,,ICE
2023-02-20 06:15:00,,ICE
2023-02-20 06:30:00,,ICE
2023-02-20 06:45:00,,ICE
2023-02-20 07:00:00,,ICE
2023-02-20 07:15:00,,ICE
2023-02-20 07:30:00,,ICE
2023-02-20 07:45:00,,ICE
2023-02-20 08:00:00,,ICE
2023-02-20 08:15:00,,ICE
2023-02-20 08:30:00,,ICE
2023-02-20 08:45:00,,ICE
2023-02-20 09:00:00,,ICE
2023-02-20 09:15:00,,ICE
2023-02-20 09:30:00,,ICE
2023-02-20 09:45:00,,ICE
2023-02-20 10:00:00,,ICE
2023-02-20 10:15:00,,ICE
2023-02-20 10:30:00,,ICE
2023-02-20 10:45:00,,ICE
2023-02-20 11:00:00,,ICE
2023-02-20 11:15:00,,ICE
2023-02-20 11:30:00,,ICE
2023-02-20 11:45:00,,ICE
2023-02-20 12:00:00,,ICE
2023-02-20 12:15:00,,ICE
2023-02-20 12:30:00,,ICE
2023-02-20 12:45:00,,ICE
2023-02-20 13:00:00,,ICE
2023-02-20 13:15:00,,ICE
2023-02-20 13:30:00,,ICE
2023-02-20 13:45:00,,ICE
2023-02-20 14:00:00,,ICE
2023-02-20 14:15:00,,ICE
2023-02-20 14:30:00,,ICE
2023-02-20 14:45:00,,ICE
2023-02-20 15:00:00,,ICE
2023-02-20 15:15:00,,ICE
2023-02-20 15:30:00,,ICE
2023-02-20 15:45:00,,ICE
2023-02-20 16:00:00,,ICE
2023-02-20 16:15:00,,ICE
2023-02-20 16:30:00,,ICE
2023-02-20 16:45:00,,ICE
2023-02-20 17:00:00,,ICE
2023-02-20 17:15:00,,ICE
2023-02-20 17:30:00,,ICE
2023-02-20 17:45:00,,ICE
2023-02-20 18:00:00,,ICE
2023-02-20 18:15:00,,ICE
2023-02-20 18:30:00,,ICE
2023-02-20 18:45:00,,ICE
2023-02-20 19:00:00,,ICE
2023-02-20 19:15:00,,ICE
2023-02-20 19:30:00,,ICE
2023-02-20 19:45:00,,ICE
2023-02-20 20:00:00,,ICE
2023-02-20 20:15:00,,ICE
2023-02-20 20:30:00,,ICE
2023-02-20 20:45:00,,ICE
2023-02-20 21:00:00,,ICE
2023-02-20 21:15:00,,ICE
2023-02-20 21:30:00,,ICE
2023-02-20 21:45:00,,ICE
2023-02-20 22:00:00,,ICE
2023-02-20 22:15:00,,ICE
2023-02-20 22:30:00,,ICE
2023-02-20 22:45:00,,ICE
2023-02-20 23:00:00,,ICE
2023-02-20 23:15:00,,ICE
2023-02-20 23:30:00,,ICE
2023-02-20 23:45:00,,ICE
2023-02-21 00:00:00,,ICE
2023-02-21 00:15:00,,ICE
2023-02-21 00:30:00,,ICE
2023-02-21 00:45:00,,ICE
2023-02-21 01:00:00,,ICE
2023-02-21 01:15:00,,ICE
2023-02-21 01:30:00,,ICE
2023-02-21 01:45:00,,ICE
2023-02-21 02:00:00,,ICE
2023-02-21 02:15:00,,ICE
2023-02-21 02:30:00,,ICE
2023-02-21 02:45:00,,ICE
2023-02-21 03:00:00,,ICE
2023-02-21 03:15:00,,ICE
2023-02-21 03:30:00,,ICE
2023-02-21 03:45:00,,ICE
2023-02-21 04:00:00,,ICE
2023-02-21 04:15:00,,ICE
2023-02-21 04:30:00,,ICE
2023-02-21 04:45:00,,ICE
2023-02-21 05:00:00,,ICE
2023-02-21 05:15:00,,ICE
2023-02-21 05:30:00,,ICE
2023-02-21 05:45:00,,ICE
2023-02-21 06:00:00,,ICE
2023-02-21 06:15:00,,ICE
2023-02-21 06:30:00,,ICE
2023-02-21 06:45:00,,ICE
2023-02-21 07:00:00,,ICE
2023-02-21 07:15:00,,ICE
2023-02-21 07:30:00,,ICE
2023-02-21 07:45:00,,ICE
2023-02-21 08:00:00,,ICE
2023-02-21 08:15:00,,ICE
2023-02-21 08:30:00,,ICE
2023-02-21 08:45:00,,ICE
2023-02-21 09:00:00,,ICE
2023-02-21 09:15:00,,ICE
2023-02-21 09:30:00,,ICE
2023-02-21 09:45:00,,ICE
2023-02-21 10:00:00,,ICE
2023-02-21 10:15:00,,ICE
2023-02-21 10:30:00,,ICE
2023-02-21 10:45:00,,ICE
2023-02-21 11:00:00,,ICE
2023-02-21 11:15:00,,ICE
2023-02-21 11:30:00,,ICE
2023-02-21 11:45:00,,ICE
2023-02-21 12:00:00,,ICE
2023-02-21 12:15:00,,ICE
2023-02-21 12:30:00,,ICE
2023-02-21 12:45:00,,ICE
2023-02-21 13:00:00,,ICE
2023-02-21 13:15:00,,ICE
2023-02-21 13:30:00,,ICE
2023-02-21 13:45:00,,ICE
2023-02-21 14:00:00,,ICE
2023-02-21 14:15:00,,ICE
2023-02-21 14:30:00,,ICE
2023-02-21 14:45:00,,ICE
2023-02-21 15:00:00,,ICE
2023-02-21 15:15:00,,ICE
2023-02-21 15:30:00,,ICE
2023-02-21 15:45:00,,ICE
2023-02-21 16:00:00,,ICE
2023-02-21 16:15:00,,ICE
2023-02-21 16:30:00,,ICE
2023-02-21 16:45:00,,ICE
2023-02-21 17:00:00,,ICE
2023-02-21 17:15:00,,ICE
2023-02-21 17:30:00,,ICE
2023-02-21 17:45:00,,ICE
2023-02-21 18:00:00,,ICE
2023-02-21 18:15:00,,ICE
2023-02-21 18:30:00,,ICE
2023-02-21 18:45:00,,ICE
2023-02-21 19:00:00,,ICE
2023-02-21 19:15:00,,ICE
2023-02-21 19:30:00,,ICE
2023-02-21 19:45:00,,ICE
2023-02-21 20:00:00,,ICE
2023-02-21 20:15:00,,ICE
2023-02-21 20:30:00,,ICE
2023-02-21 20:45:00,,ICE
2023-02-21 21:00:00,,ICE
2023-02-21 21:15:00,,ICE
2023-02-21 21:30:00,,ICE
2023-02-21 21:45:00,,ICE
2023-02-21 22:00:00,,ICE
2023-02-21 22:15:00,,ICE
2023-02-21 22:30:00,,ICE
2023-02-21 22:45:00,,ICE
2023-02-21 23:00:00,,ICE
2023-02-21 23:15:00,,ICE
2023-02-21 23:30:00,,ICE
2023-02-21 23:45:00,,ICE
2023-02-22 00:00:00,,ICE
2023-02-22 00:15:00,,ICE
2023-02-22 00:30:00,,ICE
2023-02-22 00:45:00,,ICE
2023-02-22 01:00:00,,ICE
2023-02-22 01:15:00,,ICE
2023-02-22 01:30:00,,ICE
2023-02-22 01:45:00,,ICE
2023-02-22 02:00:00,,ICE
2023-02-22 02:15:00,,ICE
2023-02-22 02:30:00,,ICE
2023-02-22 02:45:00,,ICE
2023-02-22 03:00:00,,ICE
2023-02-22 03:15:00,,ICE
2023-02-22 03:30:00,,ICE
2023-02-22 03:45:00,,ICE
2023-02-22 04:00:00,,ICE
2023-02-22 04:15:00,,ICE
2023-02-22 04:30:00,,ICE
2023-02-22 04:45:00,,ICE
2023-02-22 05:00:00,,ICE
2023-02-22 05:15:00,,ICE
2023-02-22 05:30:00,,ICE
2023-02-22 05:45:00,,ICE
2023-02-22 06:00:00,,ICE
2023-02-22 06:15:00,,ICE
2023-02-22 06:30:00,,ICE
2023-02-22 06:45:00,,ICE
2023-02-22 07:00:00,,ICE
2023-02-22 07:15:00,,ICE
2023-02-22 07:30:00,,ICE
2023-02-22 07:45:00,,ICE
2023-02-22 08:00:00,,ICE
2023-02-22 08:15:00,,ICE
2023-02-22 08:30:00,,ICE
2023-02-22 08:45:00,,ICE
2023-02-22 09:00:00,,ICE
2023-02-22 09:15:00,,ICE
2023-02-22 09:30:00,,ICE
2023-02-22 09:45:00,,ICE
2023-02-22 10:00:00,,ICE
2023-02-22 10:15:00,,ICE
2023-02-22 10:30:00,,ICE
2023-02-22 10:45:00,,ICE
2023-02-22 11:00:00,,ICE
2023-02-22 11:15:00,,ICE
2023-02-22 11:30:00,,ICE
2023-02-22 11:45:00,,ICE
2023-02-22 12:00:00,,ICE
2023-02-22 12:15:00,,ICE
2023-02-22 12:30:00,,ICE
2023-02-22 12:45:00,,ICE
2023-02-22 13:00:00,,ICE
2023-02-22 13:15:00,,ICE
2023-02-22 13:30:00,,ICE
2023-02-22 13:45:00,,ICE
2023-02-22 14:00:00,,ICE
2023-02-22 14:15:00,,ICE
2023-02-22 14:30:00,,ICE
2023-02-22 14:45:00,,ICE
2023-02-22 15:00:00,,ICE
2023-02-22 15:15:00,,ICE
2023-02-22 15:30:00,,ICE
2023-02-22 15:45:00,,ICE
2023-02-22 16:00:00,,ICE
2023-02-22 16:15:00,,ICE
2023-02-22 16:30:00,,ICE
2023-02-22 16:45:00,,ICE
2023-02-22 17:00:00,,ICE
2023-02-22 17:15:00,,ICE
2023-02-22 17:30:00,,ICE
2023-02-22 17:45:00,,ICE
2023-02-22 18:00:00,,ICE
2023-02-22 18:15:00,,ICE
2023-02-22 18:30:00,,ICE
2023-02-22 18:45:00,,ICE
2023-02-22 19:00:00,,ICE
2023-02-22 19:15:00,,ICE
2023-02-22 19:30:00,,ICE
2023-02-22 19:45:00,,ICE
2023-02-22 20:00:00,,ICE
2023-02-22 20:15:00,,ICE
2023-02-22 20:30:00,,ICE
2023-02-22 20:45:00,,ICE
2023-02-22 21:00:00,,ICE
2023-02-22 21:15:00,,ICE
2023-02-22 21:30:00,,ICE
2023-02-22 21:45:00,,ICE
2023-02-22 22:00:00,,ICE
2023-02-22 22:15:00,,ICE
2023-02-22 22:30:00,,ICE
2023-02-22 22:45:00,,ICE
2023-02-22 23:00:00,,ICE
2023-02-22 23:15:00,,ICE
2023-02-22 23:30:00,,ICE
2023-02-22 23:45:00,,ICE
2023-02-23 00:00:00,,ICE
2023-02-23 00:15:00,,ICE
2023-02-23 00:30:00,,ICE
2023-02-23 00:45:00,,ICE
2023-02-23 01:00:00,,ICE
2023-02-23 01:15:00,,ICE
2023-02-23 01:30:00,,ICE
2023-02-23 01:45:00,,ICE
2023-02-23 02:00:00,,ICE
2023-02-23 02:15:00,,ICE
2023-02-23 02:30:00,,ICE
2023-02-23 02:45:00,,ICE
2023-02-23 03:00:00,,ICE
2023-02-23 03:15:00,,ICE
2023-02-23 03:30:00,,ICE
2023-02-23 03:45:00,,ICE
2023-02-23 04:00:00,,ICE
2023-02-23 04:15:00,,ICE
2023-02-23 04:30:00,,ICE
2023-02-23 04:45:00,,ICE
2023-02-23 05:00:00,,ICE
2023-02-23 05:15:00,,ICE
2023-02-23 05:30:00,,ICE
2023-02-23 05:45:00,,ICE
2023-02-23 06:00:00,,ICE
2023-02-23 06:15:00,,ICE
2023-02-23 06:30:00,,ICE
2023-02-23 06:45:00,,ICE
2023-02-23 07:00:00,,ICE
2023-02-23 07:15:00,,ICE
2023-02-23 07:30:00,,ICE
2023-02-23 07:45:00,,ICE
2023-02-23 08:00:00,,ICE
2023-02-23 08:15:00,,ICE
2023-02-23 08:30:00,,ICE
2023-02-23 08:45:00,,ICE
2023-02-23 09:00:00,,ICE
2023-02-23 09:15:00,,ICE
2023-02-23 09:30:00,,ICE
2023-02-23 09:45:00,,ICE
2023-02-23 10:00:00,,ICE
2023-02-23 10:15:00,,ICE
2023-02-23 10:30:00,,ICE
2023-02-23 10:45:00,,ICE
2023-02-23 11:00:00,,ICE
2023-02-23 11:15:00,,ICE
2023-02-23 11:30:00,,ICE
2023-02-23 11:45:00,,ICE
2023-02-23 12:00:00,,ICE
2023-02-23 12:15:00,,ICE
2023-02-23 12:30:00,,ICE
2023-02-23 12:45:00,,ICE
2023-02-23 13:00:00,,ICE
2023-02-23 13:15:00,,ICE
2023-02-23 13:30:00,,ICE
2023-02-23 13:45:00,,ICE
2023-02-23 14:00:00,,ICE
2023-02-23 14:15:00,,ICE
2023-02-23 14:30:00,,ICE
2023-02-23 14:45:00,,ICE
2023-02-23 15:00:00,,ICE
2023-02-23 15:15:00,,ICE
2023-02-23 15:30:00,,ICE
2023-02-23 15:45:00,,ICE
2023-02-23 16:00:00,,ICE
2023-02-23 16:15:00,,ICE
2023-02-23 16:30:00,,ICE
2023-02-23 16:45:00,,ICE
2023-02-23 17:00:00,,ICE
2023-02-23 17:15:00,,ICE
2023-02-23 17:30:00,,ICE
2023-02-23 17:45:00,,ICE
2023-02-23 18:00:00,,ICE
2023-02-23 18:15:00,,ICE
2023-02-23 18:30:00,,ICE
2023-02-23 18:45:00,,ICE
2023-02-23 19:00:00,,ICE
2023-02-23 19:15:00,,ICE
2023-02-23 19:30:00,,ICE
2023-02-23 19:45:00,,ICE
2023-02-23 20:00:00,,ICE
2023-02-23 20:15:00,,ICE
2023-02-23 20:30:00,,ICE
2023-02-23 20:45:00,,ICE
2023-02-23 21:00:00,,ICE
2023-02-23 21:15:00,,ICE
2023-02-23 21:30:00,,ICE
2023-02-23 21:45:00,,ICE
2023-02-23 22:00:00,,ICE
2023-02-23 22:15:00,,ICE
2023-02-23 22:30:00,,ICE
2023-02-23 22:45:00,,ICE
2023-02-23 23:00:00,,ICE
2023-02-23 23:15:00,,ICE
2023-02-23 23:30:00,,ICE
2023-02-23 23:45:00,,ICE
2023-02-24 00:00:00,,ICE
2023-02-24 00:15:00,,ICE
2023-02-24 00:30:00,,ICE
2023-02-24 00:45:00,,ICE
2023-02-24 01:00:00,,ICE
2023-02-24 01:15:00,,ICE
2023-02-24 01:30:00,,ICE
2023-02-24 01:45:00,,ICE
2023-02-24 02:00:00,,ICE
2023-02-24 02:15:00,,ICE
2023-02-24 02:30:00,,ICE
2023-02-24 02:45:00,,ICE
2023-02-24 03:00:00,,ICE
2023-02-24 03:15:00,,ICE
2023-02-24 03:30:00,,ICE
2023-02-24 03:45:00,,ICE
2023-02-24 04:00:00,,ICE
2023-02-24 04:15:00,,ICE
2023-02-24 04:30:00,,ICE
2023-02-24 04:45:00,,ICE
2023-02-24 05:00:00,,ICE
2023-02-24 05:15:00,,ICE
2023-02-24 05:30:00,,ICE
2023-02-24 05:45:00,,ICE
2023-02-24 06:00:00,,ICE
2023-02-24 06:15:00,,ICE
2023-02-24 06:30:00,,ICE
2023-02-24 06:45:00,,ICE
2023-02-24 07:00:00,,ICE
2023-02-24 07:15:00,,ICE
2023-02-24 07:30:00,,ICE
2023-02-24 07:45:00,,ICE
2023-02-24 08:00:00,,ICE
2023-02-24 08:15:00,,ICE
2023-02-24 08:30:00,,ICE
2023-02-24 08:45:00,,ICE
2023-02-24 09:00:00,,ICE
2023-02-24 09:15:00,,ICE
2023-02-24 09:30:00,,ICE
2023-02-24 09:45:00,,ICE
2023-02-24 10:00:00,,ICE
2023-02-24 10:15:00,,ICE
2023-02-24 10:30:00,,ICE
2023-02-24 10:45:00,,ICE
2023-02-24 11:00:00,,ICE
2023-02-24 11:15:00,,ICE
2023-02-24 11:30:00,,ICE
2023-02-24 11:45:00,,ICE
2023-02-24 12:00:00,,ICE
2023-02-24 12:15:00,,ICE
2023-02-24 12:30:00,,ICE
2023-02-24 12:45:00,,ICE
2023-02-24 13:00:00,,ICE
2023-02-24 13:15:00,,ICE
2023-02-24 13:30:00,,ICE
2023-02-24 13:45:00,,ICE
2023-02-24 14:00:00,,ICE
2023-02-24 14:15:00,,ICE
2023-02-24 14:30:00,,ICE
2023-02-24 14:45:00,,ICE
2023-02-24 15:00:00,,ICE
2023-02-24 15:15:00,,ICE
2023-02-24 15:30:00,,ICE
2023-02-24 15:45:00,,ICE
2023-02-24 16:00:00,,ICE
2023-02-24 16:15:00,,ICE
2023-02-24 16:30:00,,ICE
2023-02-24 16:45:00,,ICE
2023-02-24 17:00:00,,ICE
2023-02-24 17:15:00,,ICE
2023-02-24 17:30:00,,ICE
2023-02-24 17:45:00,,ICE
2023-02-24 18:00:00,,ICE
2023-02-24 18:15:00,,ICE
2023-02-24 18:30:00,,ICE
2023-02-24 18:45:00,,ICE
2023-02-24 19:00:00,,ICE
2023-02-24 19:15:00,,ICE
2023-02-24 19:30:00,,ICE
2023-02-24 19:45:00,,ICE
2023-02-24 20:00:00,,ICE
2023-02-24 20:15:00,,ICE
2023-02-24 20:30:00,,ICE
2023-02-24 20:45:00,,ICE
2023-02-24 21:00:00,,ICE
2023-02-24 21:15:00,,ICE
2023-02-24 21:30:00,,ICE
2023-02-24 21:45:00,,ICE
2023-02-24 22:00:00,,ICE
2023-02-24 22:15:00,,ICE
2023-02-24 22:30:00,,ICE
2023-02-24 22:45:00,,ICE
2023-02-24 23:00:00,,ICE
2023-02-24 23:15:00,,ICE
2023-02-24 23:30:00,,ICE
2023-02-24 23:45:00,,ICE
2023-02-25 00:00:00,,ICE
2023-02-25 00:15:00,,ICE
2023-02-25 00:30:00,,ICE
2023-02-25 00:45:00,,ICE
2023-02-25 01:00:00,,ICE
2023-02-25 01:15:00,,ICE
2023-02-25 01:30:00,,ICE
2023-02-25 01:45:00,,ICE
2023-02-25 02:00:00,,ICE
2023-02-25 02:15:00,,ICE
2023-02-25 02:30:00,,ICE
2023-02-25 02:45:00,,ICE
2023-02-25 03:00:00,,ICE
2023-02-25 03:15:00,,ICE
2023-02-25 03:30:00,,ICE
2023-02-25 03:45:00,,ICE
2023-02-25 04:00:00,,ICE
2023-02-25 04:15:00,,ICE
2023-02-25 04:30:00,,ICE
2023-02-25 04:45:00,,ICE
2023-02-25 05:00:00,,ICE
2023-02-25 05:15:00,,ICE
2023-02-25 05:30:00,,ICE
2023-02-25 05:45:00,,ICE
2023-02-25 06:00:00,,ICE
2023-02-25 06:15:00,,ICE
2023-02-25 06:30:00,,ICE
2023-02-25 06:45:00,,ICE
2023-02-25 07:00:00,,ICE
2023-02-25 07:15:00,,ICE
2023-02-25 07:30:00,,ICE
2023-02-25 07:45:00,,ICE
2023-02-25 08:00:00,,ICE
2023-02-25 08:15:00,,ICE
2023-02-25 08:30:00,,ICE
2023-02-25 08:45:00,,ICE
2023-02-25 09:00:00,,ICE
2023-02-25 09:15:00,,ICE
2023-02-25 09:30:00,,ICE
2023-02-25 09:45:00,,ICE
2023-02-25 10:00:00,,ICE
2023-02-25 10:15:00,,ICE
2023-02-25 10:30:00,,ICE
2023-02-25 10:45:00,,ICE
2023-02-25 11:00:00,,ICE
2023-02-25 11:15:00,,ICE
2023-02-25 11:30:00,,ICE
2023-02-25 11:45:00,,ICE
2023-02-25 12:00:00,,ICE
2023-02-25 12:15:00,,ICE
2023-02-25 12:30:00,,ICE
2023-02-25 12:45:00,,ICE
2023-02-25 13:00:00,,ICE
2023-02-25 13:15:00,,ICE
2023-02-25 13:30:00,,ICE
2023-02-25 13:45:00,,ICE
2023-02-25 14:00:00,,ICE
2023-02-25 14:15:00,,ICE
2023-02-25 14:30:00,,ICE
2023-02-25 14:45:00,,ICE
2023-02-25 15:00:00,,ICE
2023-02-25 15:15:00,,ICE
2023-02-25 15:30:00,,ICE
2023-02-25 15:45:00,,ICE
2023-02-25 16:00:00,,ICE
2023-02-25 16:15:00,,ICE
2023-02-25 16:30:00,,ICE
2023-02-25 16:45:00,,ICE
2023-02-25 17:00:00,,ICE
2023-02-25 17:15:00,,ICE
2023-02-25 17:30:00,,ICE
2023-02-25 17:45:00,,ICE
2023-02-25 18:00:00,,ICE
2023-02-25 18:15:00,,ICE
2023-02-25 18:30:00,,ICE
2023-02-25 18:45:00,,ICE
2023-02-25 19:00:00,,ICE
2023-02-25 19:15:00,,ICE
2023-02-25 19:30:00,,ICE
2023-02-25 19:45:00,,ICE
2023-02-25 20:00:00,,ICE
2023-02-25 20:15:00,,ICE
2023-02-25 20:30:00,,ICE
2023-02-25 20:45:00,,ICE
2023-02-25 21:00:00,,ICE
2023-02-25 21:15:00,,ICE
2023-02-25 21:30:00,,ICE
2023-02-25 21:45:00,,ICE
2023-02-25 22:00:00,,ICE
2023-02-25 22:15:00,,ICE
2023-02-25 22:30:00,,ICE
2023-02-25 22:45:00,,ICE
2023-02-25 23:00:00,,ICE
2023-02-25 23:15:00,,ICE
2023-02-25 23:30:00,,ICE
2023-02-25 23:45:00,,ICE
2023-02-26 00:00:00,,ICE
2023-02-26 00:15:00,,ICE
2023-02-26 00:30:00,,ICE
2023-02-26 00:45:00,,ICE
2023-02-26 01:00:00,,ICE
2023-02-26 01:15:00,,ICE
2023-02-26 01:30:00,,ICE
2023-02-26 01:45:00,,ICE
2023-02-26 02:00:00,,ICE
2023-02-26 02:15:00,,ICE
2023-02-26 02:30:00,,ICE
2023-02-26 02:45:00,,ICE
2023-02-26 03:00:00,,ICE
2023-02-26 03:15:00,,ICE
2023-02-26 03:30:00,,ICE
2023-02-26 03:45:00,,ICE
2023-02-26 04:00:00,,ICE
2023-02-26 04:15:00,,ICE
2023-02-26 04:30:00,,ICE
2023-02-26 04:45:00,,ICE
2023-02-26 05:00:00,,ICE
2023-02-26 05:15:00,,ICE
2023-02-26 05:30:00,,ICE
2023-02-26 05:45:00,,ICE
2023-02-26 06:00:00,,ICE
2023-02-26 06:15:00,,ICE
2023-02-26 06:30:00,,ICE
2023-02-26 06:45:00,,ICE
2023-02-26 07:00:00,,ICE
2023-02-26 07:15:00,,ICE
2023-02-26 07:30:00,,ICE
2023-02-26 07:45:00,,ICE
2023-02-26 08:00:00,,ICE
2023-02-26 08:15:00,,ICE
2023-02-26 08:30:00,,ICE
2023-02-26 08:45:00,,ICE
2023-02-26 09:00:00,,ICE
2023-02-26 09:15:00,,ICE
2023-02-26 09:30:00,,ICE
2023-02-26 09:45:00,,ICE
2023-02-26 10:00:00,,ICE
2023-02-26 10:15:00,,ICE
2023-02-26 10:30:00,,ICE
2023-02-26 10:45:00,,ICE
2023-02-26 11:00:00,,ICE
2023-02-26 11:15:00,,ICE
2023-02-26 11:30:00,,ICE
2023-02-26 11:45:00,,ICE
2023-02-26 12:00:00,,ICE
2023-02-26 12:15:00,,ICE
2023-02-26 12:30:00,,ICE
2023-02-26 12:45:00,,ICE
2023-02-26 13:00:00,,ICE
2023-02-26 13:15:00,,ICE
2023-02-26 13:30:00,,ICE
2023-02-26 13:45:00,,ICE
2023-02-26 14:00:00,,ICE
2023-02-26 14:15:00,,ICE
2023-02-26 14:30:00,,ICE
2023-02-26 14:45:00,,ICE
2023-02-26 15:00:00,,ICE
2023-02-26 15:15:00,,ICE
2023-02-26 15:30:00,,ICE
2023-02-26 15:45:00,,ICE
2023-02-26 16:00:00,,ICE
2023-02-26 16:15:00,,ICE
2023-02-26 16:30:00,,ICE
2023-02-26 16:45:00,,ICE
2023-02-26 17:00:00,,ICE
2023-02-26 17:15:00,,ICE
2023-02-26 17:30:00,,ICE
2023-02-26 17:45:00,,ICE
2023-02-26 18:00:00,,ICE
2023-02-26 18:15:00,,ICE
2023-02-26 18:30:00,,ICE
2023-02-26 18:45:00,,ICE
2023-02-26 19:00:00,,ICE
2023-02-26 19:15:00,,ICE
2023-02-26 19:30:00,,ICE
2023-02-26 19:45:00,,ICE
2023-02-26 20:00:00,,ICE
2023-02-26 20:15:00,,ICE
2023-02-26 20:30:00,,ICE
2023-02-26 20:45:00,,ICE
2023-02-26 21:00:00,,ICE
2023-02-26 21:15:00,,ICE
2023-02-26 21:30:00,,ICE
2023-02-26 21:45:00,,ICE
2023-02-26 22:00:00,,ICE
2023-02-26 22:15:00,,ICE
2023-02-26 22:30:00,,ICE
2023-02-26 22:45:00,,ICE
2023-02-26 23:00:00,,ICE
2023-02-26 23:15:00,,ICE
2023-02-26 23:30:00,,ICE
2023-02-26 23:45:00,,ICE
2023-02-27 00:00:00,,ICE
2023-02-27 00:15:00,,ICE
2023-02-27 00:30:00,,ICE
2023-02-27 00:45:00,,ICE
2023-02-27 01:00:00,,ICE
2023-02-27 01:15:00,,ICE
2023-02-27 01:30:00,,ICE
2023-02-27 01:45:00,,ICE
2023-02-27 02:00:00,,ICE
2023-02-27 02:15:00,,ICE
2023-02-27 02:30:00,,ICE
2023-02-27 02:45:00,,ICE
2023-02-27 03:00:00,,ICE
2023-02-27 03:15:00,,ICE
2023-02-27 03:30:00,,ICE
2023-02-27 03:45:00,,ICE
2023-02-27 04:00:00,,ICE
2023-02-27 04:15:00,,ICE
2023-02-27 04:30:00,,ICE
2023-02-27 04:45:00,,ICE
2023-02-27 05:00:00,,ICE
2023-02-27 05:15:00,,ICE
2023-02-27 05:30:00,,ICE
2023-02-27 05:45:00,,ICE
2023-02-27 06:00:00,,ICE
2023-02-27 06:15:00,,ICE
2023-02-27 06:30:00,,ICE
2023-02-27 06:45:00,,ICE
2023-02-27 07:00:00,,ICE
2023-02-27 07:15:00,,ICE
2023-02-27 07:30:00,,ICE
2023-02-27 07:45:00,,ICE
2023-02-27 08:00:00,,ICE
2023-02-27 08:15:00,,ICE
2023-02-27 08:30:00,,ICE
2023-02-27 08:45:00,,ICE
2023-02-27 09:00:00,,ICE
2023-02-27 09:15:00,,ICE
2023-02-27 09:30:00,,ICE
2023-02-27 09:45:00,,ICE
2023-02-27 10:00:00,,ICE
2023-02-27 10:15:00,,ICE
2023-02-27 10:30:00,,ICE
2023-02-27 10:45:00,,ICE
2023-02-27 11:00:00,,ICE
2023-02-27 11:15:00,,ICE
2023-02-27 11:30:00,,ICE
2023-02-27 11:45:00,,ICE
2023-02-27 12:00:00,,ICE
2023-02-27 12:15:00,,ICE
2023-02-27 12:30:00,,ICE
2023-02-27 12:45:00,,ICE
2023-02-27 13:00:00,,ICE
2023-02-27 13:15:00,,ICE
2023-02-27 13:30:00,,ICE
2023-02-27 13:45:00,,ICE
2023-02-27 14:00:00,,ICE
2023-02-27 14:15:00,,ICE
2023-02-27 14:30:00,,ICE
2023-02-27 14:45:00,,ICE
2023-02-27 15:00:00,,ICE
2023-02-27 15:15:00,,ICE
2023-02-27 15:30:00,,ICE
2023-02-27 15:45:00,,ICE
2023-02-27 16:00:00,,ICE
2023-02-27 16:15:00,,ICE
2023-02-27 16:30:00,,ICE
2023-02-27 16:45:00,,ICE
2023-02-27 17:00:00,,ICE
2023-02-27 17:15:00,,ICE
2023-02-27 17:30:00,,ICE
2023-02-27 17:45:00,,ICE
2023-02-27 18:00:00,,ICE
2023-02-27 18:15:00,,ICE
2023-02-27 18:30:00,,ICE
2023-02-27 18:45:00,,ICE
2023-02-27 19:00:00,,ICE
2023-02-27 19:15:00,,ICE
2023-02-27 19:30:00,,ICE
2023-02-27 19:45:00,,ICE
2023-02-27 20:00:00,,ICE
2023-02-27 20:15:00,,ICE
2023-02-27 20:30:00,,ICE
2023-02-27 20:45:00,,ICE
2023-02-27 21:00:00,,ICE
2023-02-27 21:15:00,,ICE
2023-02-27 21:30:00,,ICE
2023-02-27 21:45:00,,ICE
2023-02-27 22:00:00,,ICE
2023-02-27 22:15:00,,ICE
2023-02-27 22:30:00,,ICE
2023-02-27 22:45:00,,ICE
2023-02-27 23:00:00,,ICE
2023-02-27 23:15:00,,ICE
2023-02-27 23:30:00,,ICE
2023-02-27 23:45:00,,ICE
2023-02-28 00:00:00,,ICE
2023-02-28 00:15:00,,ICE
2023-02-28 00:30:00,,ICE
2023-02-28 00:45:00,,ICE
2023-02-28 01:00:00,,ICE
2023-02-28 01:15:00,,ICE
2023-02-28 01:30:00,,ICE
2023-02-28 01:45:00,,ICE
2023-02-28 02:00:00,,ICE
2023-02-28 02:15:00,,ICE
2023-02-28 02:30:00,,ICE
2023-02-28 02:45:00,,ICE
2023-02-28 03:00:00,,ICE
2023-02-28 03:15:00,,ICE
2023-02-28 03:30:00,,ICE
2023-02-28 03:45:00,,ICE
2023-02-28 04:00:00,,ICE
2023-02-28 04:15:00,,ICE
2023-02-28 04:30:00,,ICE
2023-02-28 04:45:00,,ICE
2023-02-28 05:00:00,,ICE
2023-02-28 05:15:00,,ICE
2023-02-28 05:30:00,,ICE
2023-02-28 05:45:00,,ICE
2023-02-28 06:00:00,,ICE
2023-02-28 06:15:00,,ICE
2023-02-28 06:30:00,,ICE
2023-02-28 06:45:00,,ICE
2023-02-28 07:00:00,,ICE
2023-02-28 07:15:00,,ICE
2023-02-28 07:30:00,,ICE
2023-02-28 07:45:00,,ICE
2023-02-28 08:00:00,,ICE
2023-02-28 08:15:00,,ICE
2023-02-28 08:30:00,,ICE
2023-02-28 08:45:00,,ICE
2023-02-28 09:00:00,,ICE
2023-02-28 09:15:00,,ICE
2023-02-28 09:30:00,,ICE
2023-02-28 09:45:00,,ICE
2023-02-28 10:00:00,,ICE
2023-02-28 10:15:00,,ICE
2023-02-28 10:30:00,,ICE
2023-02-28 10:45:00,,ICE
2023-02-28 11:00:00,,ICE
2023-02-28 11:15:00,,ICE
2023-02-28 11:30:00,,ICE
2023-02-28 11:45:00,,ICE
2023-02-28 12:00:00,,ICE
2023-02-28 12:15:00,,ICE
2023-02-28 12:30:00,,ICE
2023-02-28 12:45:00,,ICE
2023-02-28 13:00:00,,ICE
2023-02-28 13:15:00,,ICE
2023-02-28 13:30:00,,ICE
2023-02-28 13:45:00,,ICE
2023-02-28 14:00:00,,ICE
2023-02-28 14:15:00,,ICE
2023-02-28 14:30:00,,ICE
2023-02-28 14:45:00,,ICE
2023-02-28 15:00:00,,ICE
2023-02-28 15:15:00,,ICE
2023-02-28 15:30:00,,ICE
2023-02-28 15:45:00,,ICE
2023-02-28 16:00:00,,ICE
2023-02-28 16:15:00,,ICE
2023-02-28 16:30:00,,ICE
2023-02-28 16:45:00,,ICE
2023-02-28 17:00:00,,ICE
2023-02-28 17:15:00,,ICE
2023-02-28 17:30:00,,ICE
2023-02-28 17:45:00,,ICE
2023-02-28 18:00:00,,ICE
2023-02-28 18:15:00,,ICE
2023-02-28 18:30:00,,ICE
2023-02-28 18:45:00,,ICE
2023-02-28 19:00:00,,ICE
2023-02-28 19:15:00,,ICE
2023-02-28 19:30:00,,ICE
2023-02-28 19:45:00,,ICE
2023-02-28 20:00:00,,ICE
2023-02-28 20:15:00,,ICE
2023-02-28 20:30:00,,ICE
2023-02-28 20:45:00,,ICE
2023-02-28 21:00:00,,ICE
2023-02-28 21:15:00,,ICE
2023-02-28 21:30:00,,ICE
2023-02-28 21:45:00,,ICE
2023-02-28 22:00:00,,ICE
2023-02-28 22:15:00,,ICE
2023-02-28 22:30:00,,ICE
2023-02-28 22:45:00,,ICE
2023-02-28 23:00:00,,ICE
2023-02-28 23:15:00,,ICE
2023-02-28 23:30:00,,ICE
2023-02-28 23:45:00,,ICE
2023-03-01 00:00:00,,ICE
2023-03-01 00:15:00,,ICE
2023-03-01 00:30:00,,ICE
2023-03-01 00:45:00,,ICE
2023-03-01 01:00:00,,ICE
2023-03-01 01:15:00,,ICE
2023-03-01 01:30:00,,ICE
2023-03-01 01:45:00,,ICE
2023-03-01 02:00:00,,ICE
2023-03-01 02:15:00,,ICE
2023-03-01 02:30:00,,ICE
2023-03-01 02:45:00,,ICE
2023-03-01 03:00:00,,ICE
2023-03-01 03:15:00,,ICE
2023-03-01 03:30:00,,ICE
2023-03-01 03:45:00,,ICE
2023-03-01 04:00:00,,ICE
2023-03-01 04:15:00,,ICE
2023-03-01 04:30:00,,ICE
2023-03-01 04:45:00,,ICE
2023-03-01 05:00:00,,ICE
2023-03-01 05:15:00,,ICE
2023-03-01 05:30:00,,ICE
2023-03-01 05:45:00,,ICE
2023-03-01 06:00:00,,ICE
2023-03-01 06:15:00,,ICE
2023-03-01 06:30:00,,ICE
2023-03-01 06:45:00,,ICE
2023-03-01 07:00:00,,ICE
2023-03-01 07:15:00,,ICE
2023-03-01 07:30:00,,ICE
2023-03-01 07:45:00,,ICE
2023-03-01 08:00:00,,ICE
2023-03-01 08:15:00,,ICE
2023-03-01 08:30:00,,ICE
2023-03-01 08:45:00,,ICE
2023-03-01 09:00:00,,ICE
2023-03-01 09:15:00,,ICE
2023-03-01 09:30:00,,ICE
2023-03-01 09:45:00,,ICE
2023-03-01 10:00:00,,ICE
2023-03-01 10:15:00,,ICE
2023-03-01 10:30:00,,ICE
2023-03-01 10:45:00,,ICE
2023-03-01 11:00:00,,ICE
2023-03-01 11:15:00,,ICE
2023-03-01 11:30:00,,ICE
2023-03-01 11:45:00,,ICE
2023-03-01 12:00:00,,ICE
2023-03-01 12:15:00,,ICE
2023-03-01 12:30:00,,ICE
2023-03-01 12:45:00,,ICE
2023-03-01 13:00:00,,ICE
2023-03-01 13:15:00,,ICE
2023-03-01 13:30:00,,ICE
2023-03-01 13:45:00,,ICE
2023-03-01 14:00:00,,ICE
2023-03-01 14:15:00,,ICE
2023-03-01 14:30:00,,ICE
2023-03-01 14:45:00,,ICE
2023-03-01 15:00:00,,ICE
2023-03-01 15:15:00,,ICE
2023-03-01 15:30:00,,ICE
2023-03-01 15:45:00,,ICE
2023-03-01 16:00:00,,ICE
2023-03-01 16:15:00,,ICE
2023-03-01 16:30:00,,ICE
2023-03-01 16:45:00,,ICE
2023-03-01 17:00:00,,ICE
2023-03-01 17:15:00,,ICE
2023-03-01 17:30:00,,ICE
2023-03-01 17:45:00,,ICE
2023-03-01 18:00:00,,ICE
2023-03-01 18:15:00,,ICE
2023-03-01 18:30:00,,ICE
2023-03-01 18:45:00,,ICE
2023-03-01 19:00:00,,ICE
2023-03-01 19:15:00,,ICE
2023-03-01 19:30:00,,ICE
2023-03-01 19:45:00,,ICE
2023-03-01 20:00:00,,ICE
2023-03-01 20:15:00,,ICE
2023-03-01 20:30:00,,ICE
2023-03-01 20:45:00,,ICE
2023-03-01 21:00:00,,ICE
2023-03-01 21:15:00,,ICE
2023-03-01 21:30:00,,ICE
2023-03-01 21:45:00,,ICE
2023-03-01 22:00:00,,ICE
2023-03-01 22:15:00,,ICE
2023-03-01 22:30:00,,ICE
2023-03-01 22:45:00,,ICE
2023-03-01 23:00:00,,ICE
2023-03-01 23:15:00,,ICE
2023-03-01 23:30:00,,ICE
2023-03-01 23:45:00,,ICE
2023-03-02 00:00:00,,ICE
2023-03-02 00:15:00,,ICE
2023-03-02 00:30:00,,ICE
2023-03-02 00:45:00,,ICE
2023-03-02 01:00:00,,ICE
2023-03-02 01:15:00,,ICE
2023-03-02 01:30:00,,ICE
2023-03-02 01:45:00,,ICE
2023-03-02 02:00:00,,ICE
2023-03-02 02:15:00,,ICE
2023-03-02 02:30:00,,ICE
2023-03-02 02:45:00,,ICE
2023-03-02 03:00:00,,ICE
2023-03-02 03:15:00,,ICE
2023-03-02 03:30:00,,ICE
2023-03-02 03:45:00,,ICE
2023-03-02 04:00:00,,ICE
2023-03-02 04:15:00,,ICE
2023-03-02 04:30:00,,ICE
2023-03-02 04:45:00,,ICE
2023-03-02 05:00:00,,ICE
2023-03-02 05:15:00,,ICE
2023-03-02 05:30:00,,ICE
2023-03-02 05:45:00,,ICE
2023-03-02 06:00:00,,ICE
2023-03-02 06:15:00,,ICE
2023-03-02 06:30:00,,ICE
2023-03-02 06:45:00,,ICE
2023-03-02 07:00:00,,ICE
2023-03-02 07:15:00,,ICE
2023-03-02 07:30:00,,ICE
2023-03-02 07:45:00,,ICE
2023-03-02 08:00:00,,ICE
2023-03-02 08:15:00,,ICE
2023-03-02 08:30:00,,ICE
2023-03-02 08:45:00,,ICE
2023-03-02 09:00:00,,ICE
2023-03-02 09:15:00,,ICE
2023-03-02 09:30:00,,ICE
2023-03-02 09:45:00,,ICE
2023-03-02 10:00:00,,ICE
2023-03-02 10:15:00,,ICE
2023-03-02 10:30:00,,ICE
2023-03-02 10:45:00,,ICE
2023-03-02 11:00:00,,ICE
2023-03-02 11:15:00,,ICE
2023-03-02 11:30:00,,ICE
2023-03-02 11:45:00,,ICE
2023-03-02 12:00:00,,ICE
2023-03-02 12:15:00,,ICE
2023-03-02 12:30:00,,ICE
2023-03-02 12:45:00,,ICE
2023-03-02 13:00:00,,ICE
2023-03-02 13:15:00,,ICE
2023-03-02 13:30:00,,ICE
2023-03-02 13:45:00,,ICE
2023-03-02 14:00:00,,ICE
2023-03-02 14:15:00,,ICE
2023-03-02 14:30:00,,ICE
2023-03-02 14:45:00,,ICE
2023-03-02 15:00:00,,ICE
2023-03-02 15:15:00,,ICE
2023-03-02 15:30:00,,ICE
2023-03-02 15:45:00,,ICE
2023-03-02 16:00:00,,ICE
2023-03-02 16:15:00,,ICE
2023-03-02 16:30:00,,ICE
2023-03-02 16:45:00,,ICE
2023-03-02 17:00:00,,ICE
2023-03-02 17:15:00,,ICE
2023-03-02 17:30:00,,ICE
2023-03-02 17:45:00,,ICE
2023-03-02 18:00:00,,ICE
2023-03-02 18:15:00,,ICE
2023-03-02 18:30:00,,ICE
2023-03-02 18:45:00,,ICE
2023-03-02 19:00:00,,ICE
2023-03-02 19:15:00,,ICE
2023-03-02 19:30:00,,ICE
2023-03-02 19:45:00,,ICE
2023-03-02 20:00:00,,ICE
2023-03-02 20:15:00,,ICE
2023-03-02 20:30:00,,ICE
2023-03-02 20:45:00,,ICE
2023-03-02 21:00:00,,ICE
2023-03-02 21:15:00,,ICE
2023-03-02 21:30:00,,ICE
2023-03-02 21:45:00,,ICE
2023-03-02 22:00:00,,ICE
2023-03-02 22:15:00,,ICE
2023-03-02 22:30:00,,ICE
2023-03-02 22:45:00,,ICE
2023-03-02 23:00:00,,ICE
2023-03-02 23:15:00,,ICE
2023-03-02 23:30:00,,ICE
2023-03-02 23:45:00,,ICE
2023-03-03 00:00:00,,ICE
2023-03-03 00:15:00,,ICE
2023-03-03 00:30:00,,ICE
2023-03-03 00:45:00,,ICE
2023-03-03 01:00:00,,ICE
2023-03-03 01:15:00,,ICE
2023-03-03 01:30:00,,ICE
2023-03-03 01:45:00,,ICE
2023-03-03 02:00:00,,ICE
2023-03-03 02:15:00,,ICE
2023-03-03 02:30:00,,ICE
2023-03-03 02:45:00,,ICE
2023-03-03 03:00:00,,ICE
2023-03-03 03:15:00,,ICE
2023-03-03 03:30:00,,ICE
2023-03-03 03:45:00,,ICE
2023-03-03 04:00:00,,ICE
2023-03-03 04:15:00,,ICE
2023-03-03 04:30:00,,ICE
2023-03-03 04:45:00,,ICE
2023-03-03 05:00:00,,ICE
2023-03-03 05:15:00,,ICE
2023-03-03 05:30:00,,ICE
2023-03-03 05:45:00,,ICE
2023-03-03 06:00:00,,ICE
2023-03-03 06:15:00,,ICE
2023-03-03 06:30:00,,ICE
2023-03-03 06:45:00,,ICE
2023-03-03 07:00:00,,ICE
2023-03-03 07:15:00,,ICE
2023-03-03 07:30:00,,ICE
2023-03-03 07:45:00,,ICE
2023-03-03 08:00:00,,ICE
2023-03-03 08:15:00,,ICE
2023-03-03 08:30:00,,ICE
2023-03-03 08:45:00,,ICE
2023-03-03 09:00:00,,ICE
2023-03-03 09:15:00,,ICE
2023-03-03 09:30:00,,ICE
2023-03-03 09:45:00,,ICE
2023-03-03 10:00:00,,ICE
2023-03-03 10:15:00,,ICE
2023-03-03 10:30:00,,ICE
2023-03-03 10:45:00,,ICE
2023-03-03 11:00:00,,ICE
2023-03-03 11:15:00,,ICE
2023-03-03 11:30:00,,ICE
2023-03-03 11:45:00,,ICE
2023-03-03 12:00:00,,ICE
2023-03-03 12:15:00,,ICE
2023-03-03 12:30:00,,ICE
2023-03-03 12:45:00,,ICE
2023-03-03 13:00:00,,ICE
2023-03-03 13:15:00,,ICE
2023-03-03 13:30:00,,ICE
2023-03-03 13:45:00,,ICE
2023-03-03 14:00:00,,ICE
2023-03-03 14:15:00,,ICE
2023-03-03 14:30:00,,ICE
2023-03-03 14:45:00,,ICE
2023-03-03 15:00:00,,ICE
2023-03-03 15:15:00,,ICE
2023-03-03 15:30:00,,ICE
2023-03-03 15:45:00,,ICE
2023-03-03 16:00:00,,ICE
2023-03-03 16:15:00,,ICE
2023-03-03 16:30:00,,ICE
2023-03-03 16:45:00,,ICE
2023-03-03 17:00:00,,ICE
2023-03-03 17:15:00,,ICE
2023-03-03 17:30:00,,ICE
2023-03-03 17:45:00,,ICE
2023-03-03 18:00:00,,ICE
2023-03-03 18:15:00,,ICE
2023-03-03 18:30:00,,ICE
2023-03-03 18:45:00,,ICE
2023-03-03 19:00:00,,ICE
2023-03-03 19:15:00,,ICE
2023-03-03 19:30:00,,ICE
2023-03-03 19:45:00,,ICE
2023-03-03 20:00:00,,ICE
2023-03-03 20:15:00,,ICE
2023-03-03 20:30:00,,ICE
2023-03-03 20:45:00,,ICE
2023-03-03 21:00:00,,ICE
2023-03-03 21:15:00,,ICE
2023-03-03 21:30:00,,ICE
2023-03-03 21:45:00,,ICE
2023-03-03 22:00:00,,ICE
2023-03-03 22:15:00,,ICE
2023-03-03 22:30:00,,ICE
2023-03-03 22:45:00,,ICE
2023-03-03 23:00:00,,ICE
2023-03-03 23:15:00,,ICE
2023-03-03 23:30:00,,ICE
2023-03-03 23:45:00,,ICE
2023-03-04 00:00:00,,ICE
2023-03-04 00:15:00,,ICE
2023-03-04 00:30:00,,ICE
2023-03-04 00:45:00,,ICE
2023-03-04 01:00:00,,ICE
2023-03-04 01:15:00,,ICE
2023-03-04 01:30:00,,ICE
2023-03-04 01:45:00,,ICE
2023-03-04 02:00:00,,ICE
2023-03-04 02:15:00,,ICE
2023-03-04 02:30:00,,ICE
2023-03-04 02:45:00,,ICE
2023-03-04 03:00:00,,ICE
2023-03-04 03:15:00,,ICE
2023-03-04 03:30:00,,ICE
2023-03-04 03:45:00,,ICE
2023-03-04 04:00:00,,ICE
2023-03-04 04:15:00,,ICE
2023-03-04 04:30:00,,ICE
2023-03-04 04:45:00,,ICE
2023-03-04 05:00:00,,ICE
2023-03-04 05:15:00,,ICE
2023-03-04 05:30:00,,ICE
2023-03-04 05:45:00,,ICE
2023-03-04 06:00:00,,ICE
2023-03-04 06:15:00,,ICE
2023-03-04 06:30:00,,ICE
2023-03-04 06:45:00,,ICE
2023-03-04 07:00:00,,ICE
2023-03-04 07:15:00,,ICE
2023-03-04 07:30:00,,ICE
2023-03-04 07:45:00,,ICE
2023-03-04 08:00:00,,ICE
2023-03-04 08:15:00,,ICE
2023-03-04 08:30:00,,ICE
2023-03-04 08:45:00,,ICE
2023-03-04 09:00:00,,ICE
2023-03-04 09:15:00,,ICE
2023-03-04 09:30:00,,ICE
2023-03-04 09:45:00,,ICE
2023-03-04 10:00:00,,ICE
2023-03-04 10:15:00,,ICE
2023-03-04 10:30:00,,ICE
2023-03-04 10:45:00,,ICE
2023-03-04 11:00:00,,ICE
2023-03-04 11:15:00,,ICE
2023-03-04 11:30:00,,ICE
2023-03-04 11:45:00,,ICE
2023-03-04 12:00:00,,ICE
2023-03-04 12:15:00,,ICE
2023-03-04 12:30:00,,ICE
2023-03-04 12:45:00,,ICE
2023-03-04 13:00:00,,ICE
2023-03-04 13:15:00,,ICE
2023-03-04 13:30:00,,ICE
2023-03-04 13:45:00,,ICE
2023-03-04 14:00:00,,ICE
2023-03-04 14:15:00,,ICE
2023-03-04 14:30:00,,ICE
2023-03-04 14:45:00,,ICE
2023-03-04 15:00:00,,ICE
2023-03-04 15:15:00,,ICE
2023-03-04 15:30:00,,ICE
2023-03-04 15:45:00,,ICE
2023-03-04 16:00:00,,ICE
2023-03-04 16:15:00,,ICE
2023-03-04 16:30:00,,ICE
2023-03-04 16:45:00,,ICE
2023-03-04 17:00:00,,ICE
2023-03-04 17:15:00,,ICE
2023-03-04 17:30:00,,ICE
2023-03-04 17:45:00,,ICE
2023-03-04 18:00:00,,ICE
2023-03-04 18:15:00,,ICE
2023-03-04 18:30:00,,ICE
2023-03-04 18:45:00,,ICE
2023-03-04 19:00:00,,ICE
2023-03-04 19:15:00,,ICE
2023-03-04 19:30:00,,ICE
2023-03-04 19:45:00,,ICE
2023-03-04 20:00:00,,ICE
2023-03-04 20:15:00,,ICE
2023-03-04 20:30:00,,ICE
2023-03-04 20:45:00,,ICE
2023-03-04 21:00:00,,ICE
2023-03-04 21:15:00,,ICE
2023-03-04 21:30:00,,ICE
2023-03-04 21:45:00,,ICE
2023-03-04 22:00:00,,ICE
2023-03-04 22:15:00,,ICE
2023-03-04 22:30:00,,ICE
2023-03-04 22:45:00,,ICE
2023-03-04 23:00:00,,ICE
2023-03-04 23:15:00,,ICE
2023-03-04 23:30:00,,ICE
2023-03-04 23:45:00,,ICE
2023-03-05 00:00:00,,ICE
2023-03-05 00:15:00,,ICE
2023-03-05 00:30:00,,ICE
2023-03-05 00:45:00,,ICE
2023-03-05 01:00:00,,ICE
2023-03-05 01:15:00,,ICE
2023-03-05 01:30:00,,ICE
2023-03-05 01:45:00,,ICE
2023-03-05 02:00:00,,ICE
2023-03-05 02:15:00,,ICE
2023-03-05 02:30:00,,ICE
2023-03-05 02:45:00,,ICE
2023-03-05 03:00:00,,ICE
2023-03-05 03:15:00,,ICE
2023-03-05 03:30:00,,ICE
2023-03-05 03:45:00,,ICE
2023-03-05 04:00:00,,ICE
2023-03-05 04:15:00,,ICE
2023-03-05 04:30:00,,ICE
2023-03-05 04:45:00,,ICE
2023-03-05 05:00:00,,ICE
2023-03-05 05:15:00,,ICE
2023-03-05 05:30:00,,ICE
2023-03-05 05:45:00,,ICE
2023-03-05 06:00:00,,ICE
2023-03-05 06:15:00,,ICE
2023-03-05 06:30:00,,ICE
2023-03-05 06:45:00,,ICE
2023-03-05 07:00:00,,ICE
2023-03-05 07:15:00,,ICE
2023-03-05 07:30:00,,ICE
2023-03-05 07:45:00,,ICE
2023-03-05 08:00:00,,ICE
2023-03-05 08:15:00,,ICE
2023-03-05 08:30:00,,ICE
2023-03-05 08:45:00,,ICE
2023-03-05 09:00:00,,ICE
2023-03-05 09:15:00,,ICE
2023-03-05 09:30:00,,ICE
2023-03-05 09:45:00,,ICE
2023-03-05 10:00:00,,ICE
2023-03-05 10:15:00,,ICE
2023-03-05 10:30:00,,ICE
2023-03-05 10:45:00,,ICE
2023-03-05 11:00:00,,ICE
2023-03-05 11:15:00,,ICE
2023-03-05 11:30:00,,ICE
2023-03-05 11:45:00,,ICE
2023-03-05 12:00:00,,ICE
2023-03-05 12:15:00,,ICE
2023-03-05 12:30:00,,ICE
2023-03-05 12:45:00,,ICE
2023-03-05 13:00:00,,ICE
2023-03-05 13:15:00,,ICE
2023-03-05 13:30:00,,ICE
2023-03-05 13:45:00,,ICE
2023-03-05 14:00:00,,ICE
2023-03-05 14:15:00,,ICE
2023-03-05 14:30:00,,ICE
2023-03-05 14:45:00,,ICE
2023-03-05 15:00:00,,ICE
2023-03-05 15:15:00,,ICE
2023-03-05 15:30:00,,ICE
2023-03-05 15:45:00,,ICE
2023-03-05 16:00:00,,ICE
2023-03-05 16:15:00,,ICE
2023-03-05 16:30:00,,ICE
2023-03-05 16:45:00,,ICE
2023-03-05 17:00:00,,ICE
2023-03-05 17:15:00,,ICE
2023-03-05 17:30:00,,ICE
2023-03-05 17:45:00,,ICE
2023-03-05 18:00:00,,ICE
2023-03-05 18:15:00,,ICE
2023-03-05 18:30:00,,ICE
2023-03-05 18:45:00,,ICE
2023-03-05 19:00:00,,ICE
2023-03-05 19:15:00,,ICE
2023-03-05 19:30:00,,ICE
2023-03-05 19:45:00,,ICE
2023-03-05 20:00:00,,ICE
2023-03-05 20:15:00,,ICE
2023-03-05 20:30:00,,ICE
2023-03-05 20:45:00,,ICE
2023-03-05 21:00:00,,ICE
2023-03-05 21:15:00,,ICE
2023-03-05 21:30:00,,ICE
2023-03-05 21:45:00,,ICE
2023-03-05 22:00:00,,ICE
2023-03-05 22:15:00,,ICE
2023-03-05 22:30:00,,ICE
2023-03-05 22:45:00,,ICE
2023-03-05 23:00:00,,ICE
2023-03-05 23:15:00,,ICE
2023-03-05 23:30:00,,ICE
2023-03-05 23:45:00,,ICE
2023-03-06 00:00:00,,ICE
2023-03-06 00:15:00,,ICE
2023-03-06 00:30:00,,ICE
2023-03-06 00:45:00,,ICE
2023-03-06 01:00:00,,ICE
2023-03-06 01:15:00,,ICE
2023-03-06 01:30:00,,ICE
2023-03-06 01:45:00,,ICE
2023-03-06 02:00:00,,ICE
2023-03-06 02:15:00,,ICE
2023-03-06 02:30:00,,ICE
2023-03-06 02:45:00,,ICE
2023-03-06 03:00:00,,ICE
2023-03-06 03:15:00,,ICE
2023-03-06 03:30:00,,ICE
2023-03-06 03:45:00,,ICE
2023-03-06 04:00:00,,ICE
2023-03-06 04:15:00,,ICE
2023-03-06 04:30:00,,ICE
2023-03-06 04:45:00,,ICE
2023-03-06 05:00:00,,ICE
2023-03-06 05:15:00,,ICE
2023-03-06 05:30:00,,ICE
2023-03-06 05:45:00,,ICE
2023-03-06 06:00:00,,ICE
2023-03-06 06:15:00,,ICE
2023-03-06 06:30:00,,ICE
2023-03-06 06:45:00,,ICE
2023-03-06 07:00:00,,ICE
2023-03-06 07:15:00,,ICE
2023-03-06 07:30:00,,ICE
2023-03-06 07:45:00,,ICE
2023-03-06 08:00:00,,ICE
2023-03-06 08:15:00,,ICE
2023-03-06 08:30:00,,ICE
2023-03-06 08:45:00,,ICE
2023-03-06 09:00:00,,ICE
2023-03-06 09:15:00,,ICE
2023-03-06 09:30:00,,ICE
2023-03-06 09:45:00,,ICE
2023-03-06 10:00:00,,ICE
2023-03-06 10:15:00,,ICE
2023-03-06 10:30:00,,ICE
2023-03-06 10:45:00,,ICE
2023-03-06 11:00:00,,ICE
2023-03-06 11:15:00,,ICE
2023-03-06 11:30:00,,ICE
2023-03-06 11:45:00,,ICE
2023-03-06 12:00:00,,ICE
2023-03-06 12:15:00,,ICE
2023-03-06 12:30:00,,ICE
2023-03-06 12:45:00,,ICE
2023-03-06 13:00:00,,ICE
2023-03-06 13:15:00,,ICE
2023-03-06 13:30:00,,ICE
2023-03-06 13:45:00,,ICE
2023-03-06 14:00:00,,ICE
2023-03-06 14:15:00,,ICE
2023-03-06 14:30:00,,ICE
2023-03-06 14:45:00,,ICE
2023-03-06 15:00:00,,ICE
2023-03-06 15:15:00,,ICE
2023-03-06 15:30:00,,ICE
2023-03-06 15:45:00,,ICE
2023-03-06 16:00:00,,ICE
2023-03-06 16:15:00,,ICE
2023-03-06 16:30:00,,ICE
2023-03-06 16:45:00,,ICE
2023-03-06 17:00:00,,ICE
2023-03-06 17:15:00,,ICE
2023-03-06 17:30:00,,ICE
2023-03-06 17:45:00,,ICE
2023-03-06 18:00:00,,ICE
2023-03-06 18:15:00,,ICE
2023-03-06 18:30:00,,ICE
2023-03-06 18:45:00,,ICE
2023-03-06 19:00:00,,ICE
2023-03-06 19:15:00,,ICE
2023-03-06 19:30:00,,ICE
2023-03-06 19:45:00,,ICE
2023-03-06 20:00:00,,ICE
2023-03-06 20:15:00,,ICE
2023-03-06 20:30:00,,ICE
2023-03-06 20:45:00,,ICE
2023-03-06 21:00:00,,ICE
2023-03-06 21:15:00,,ICE
2023-03-06 21:30:00,,ICE
2023-03-06 21:45:00,,ICE
2023-03-06 22:00:00,,ICE
2023-03-06 22:15:00,,ICE
2023-03-06 22:30:00,,ICE
2023-03-06 22:45:00,,ICE
2023-03-06 23:00:00,,ICE
2023-03-06 23:15:00,,ICE
2023-03-06 23:30:00,,ICE
2023-03-06 23:45:00,,ICE
2023-03-07 00:00:00,,ICE
2023-03-07 00:15:00,,ICE
2023-03-07 00:30:00,,ICE
2023-03-07 00:45:00,,ICE
2023-03-07 01:00:00,,ICE
2023-03-07 01:15:00,,ICE
2023-03-07 01:30:00,,ICE
2023-03-07 01:45:00,,ICE
2023-03-07 02:00:00,,ICE
2023-03-07 02:15:00,,ICE
2023-03-07 02:30:00,,ICE
2023-03-07 02:45:00,,ICE
2023-03-07 03:00:00,,ICE
2023-03-07 03:15:00,,ICE
2023-03-07 03:30:00,,ICE
2023-03-07 03:45:00,,ICE
2023-03-07 04:00:00,,ICE
2023-03-07 04:15:00,,ICE
2023-03-07 04:30:00,,ICE
2023-03-07 04:45:00,,ICE
2023-03-07 05:00:00,,ICE
2023-03-07 05:15:00,,ICE
2023-03-07 05:30:00,,ICE
2023-03-07 05:45:00,,ICE
2023-03-07 06:00:00,,ICE
2023-03-07 06:15:00,,ICE
2023-03-07 06:30:00,,ICE
2023-03-07 06:45:00,,ICE
2023-03-07 07:00:00,,ICE
2023-03-07 07:15:00,,ICE
2023-03-07 07:30:00,,ICE
2023-03-07 07:45:00,,ICE
2023-03-07 08:00:00,,ICE
2023-03-07 08:15:00,,ICE
2023-03-07 08:30:00,,ICE
2023-03-07 08:45:00,,ICE
2023-03-07 09:00:00,,ICE
2023-03-07 09:15:00,,ICE
2023-03-07 09:30:00,,ICE
2023-03-07 09:45:00,,ICE
2023-03-07 10:00:00,,ICE
2023-03-07 10:15:00,,ICE
2023-03-07 10:30:00,,ICE
2023-03-07 10:45:00,,ICE
2023-03-07 11:00:00,,ICE
2023-03-07 11:15:00,,ICE
2023-03-07 11:30:00,,ICE
2023-03-07 11:45:00,,ICE
2023-03-07 12:00:00,,ICE
2023-03-07 12:15:00,,ICE
2023-03-07 12:30:00,,ICE
2023-03-07 12:45:00,,ICE
2023-03-07 13:00:00,,ICE
2023-03-07 13:15:00,,ICE
2023-03-07 13:30:00,,ICE
2023-03-07 13:45:00,,ICE
2023-03-07 14:00:00,,ICE
2023-03-07 14:15:00,,ICE
2023-03-07 14:30:00,,ICE
2023-03-07 14:45:00,,ICE
2023-03-07 15:00:00,,ICE
2023-03-07 15:15:00,,ICE
2023-03-07 15:30:00,,ICE
2023-03-07 15:45:00,,ICE
2023-03-07 16:00:00,,ICE
2023-03-07 16:15:00,,ICE
2023-03-07 16:30:00,,ICE
2023-03-07 16:45:00,,ICE
2023-03-07 17:00:00,,ICE
2023-03-07 17:15:00,,ICE
2023-03-07 17:30:00,,ICE
2023-03-07 17:45:00,,ICE
2023-03-07 18:00:00,,ICE
2023-03-07 18:15:00,,ICE
2023-03-07 18:30:00,,ICE
2023-03-07 18:45:00,,ICE
2023-03-07 19:00:00,,ICE
2023-03-07 19:15:00,,ICE
2023-03-07 19:30:00,,ICE
2023-03-07 19:45:00,,ICE
2023-03-07 20:00:00,,ICE
2023-03-07 20:15:00,,ICE
2023-03-07 20:30:00,,ICE
2023-03-07 20:45:00,,ICE
2023-03-07 21:00:00,,ICE
2023-03-07 21:15:00,,ICE
2023-03-07 21:30:00,,ICE
2023-03-07 21:45:00,,ICE
2023-03-07 22:00:00,,ICE
2023-03-07 22:15:00,,ICE
2023-03-07 22:30:00,,ICE
2023-03-07 22:45:00,,ICE
2023-03-07 23:00:00,,ICE
2023-03-07 23:15:00,,ICE
2023-03-07 23:30:00,,ICE
2023-03-07 23:45:00,,ICE
2023-03-08 00:00:00,,ICE
2023-03-08 00:15:00,,ICE
2023-03-08 00:30:00,,ICE
2023-03-08 00:45:00,,ICE
2023-03-08 01:00:00,,ICE
2023-03-08 01:15:00,,ICE
2023-03-08 01:30:00,,ICE
2023-03-08 01:45:00,,ICE
2023-03-08 02:00:00,,ICE
2023-03-08 02:15:00,,ICE
2023-03-08 02:30:00,,ICE
2023-03-08 02:45:00,,ICE
2023-03-08 03:00:00,,ICE
2023-03-08 03:15:00,,ICE
2023-03-08 03:30:00,,ICE
2023-03-08 03:45:00,,ICE
2023-03-08 04:00:00,,ICE
2023-03-08 04:15:00,,ICE
2023-03-08 04:30:00,,ICE
2023-03-08 04:45:00,,ICE
2023-03-08 05:00:00,,ICE
2023-03-08 05:15:00,,ICE
2023-03-08 05:30:00,,ICE
2023-03-08 05:45:00,,ICE
2023-03-08 06:00:00,,ICE
2023-03-08 06:15:00,,ICE
2023-03-08 06:30:00,,ICE
2023-03-08 06:45:00,,ICE
2023-03-08 07:00:00,,ICE
2023-03-08 07:15:00,,ICE
2023-03-08 07:30:00,,ICE
2023-03-08 07:45:00,,ICE
2023-03-08 08:00:00,,ICE
2023-03-08 08:15:00,,ICE
2023-03-08 08:30:00,,ICE
2023-03-08 08:45:00,,ICE
2023-03-08 09:00:00,,ICE
2023-03-08 09:15:00,,ICE
2023-03-08 09:30:00,,ICE
2023-03-08 09:45:00,,ICE
2023-03-08 10:00:00,,ICE
2023-03-08 10:15:00,,ICE
2023-03-08 10:30:00,,ICE
2023-03-08 10:45:00,,ICE
2023-03-08 11:00:00,,ICE
2023-03-08 11:15:00,,ICE
2023-03-08 11:30:00,,ICE
2023-03-08 11:45:00,,ICE
2023-03-08 12:00:00,,ICE
2023-03-08 12:15:00,,ICE
2023-03-08 12:30:00,,ICE
2023-03-08 12:45:00,,ICE
2023-03-08 13:00:00,,ICE
2023-03-08 13:15:00,,ICE
2023-03-08 13:30:00,,ICE
2023-03-08 13:45:00,,ICE
2023-03-08 14:00:00,,ICE
2023-03-08 14:15:00,,ICE
2023-03-08 14:30:00,,ICE
2023-03-08 14:45:00,,ICE
2023-03-08 15:00:00,,ICE
2023-03-08 15:15:00,,ICE
2023-03-08 15:30:00,,ICE
2023-03-08 15:45:00,,ICE
2023-03-08 16:00:00,,ICE
2023-03-08 16:15:00,,ICE
2023-03-08 16:30:00,,ICE
2023-03-08 16:45:00,,ICE
2023-03-08 17:00:00,,ICE
2023-03-08 17:15:00,,ICE
2023-03-08 17:30:00,,ICE
2023-03-08 17:45:00,,ICE
2023-03-08 18:00:00,,ICE
2023-03-08 18:15:00,,ICE
2023-03-08 18:30:00,,ICE
2023-03-08 18:45:00,,ICE
2023-03-08 19:00:00,,ICE
2023-03-08 19:15:00,,ICE
2023-03-08 19:30:00,,ICE
2023-03-08 19:45:00,,ICE
2023-03-08 20:00:00,,ICE
2023-03-08 20:15:00,,ICE
2023-03-08 20:30:00,,ICE
2023-03-08 20:45:00,,ICE
2023-03-08 21:00:00,,ICE
2023-03-08 21:15:00,,ICE
2023-03-08 21:30:00,,ICE
2023-03-08 21:45:00,,ICE
2023-03-08 22:00:00,,ICE
2023-03-08 22:15:00,,ICE
2023-03-08 22:30:00,,ICE
2023-03-08 22:45:00,,ICE
2023-03-08 23:00:00,,ICE
2023-03-08 23:15:00,,ICE
2023-03-08 23:30:00,,ICE
2023-03-08 23:45:00,,ICE
2023-03-09 00:00:00,,ICE
2023-03-09 00:15:00,,ICE
2023-03-09 00:30:00,,ICE
2023-03-09 00:45:00,,ICE
2023-03-09 01:00:00,,ICE
2023-03-09 01:15:00,,ICE
2023-03-09 01:30:00,,ICE
2023-03-09 01:45:00,,ICE
2023-03-09 02:00:00,,ICE
2023-03-09 02:15:00,,ICE
2023-03-09 02:30:00,,ICE
2023-03-09 02:45:00,,ICE
2023-03-09 03:00:00,,ICE
2023-03-09 03:15:00,,ICE
2023-03-09 03:30:00,,ICE
2023-03-09 03:45:00,,ICE
2023-03-09 04:00:00,,ICE
2023-03-09 04:15:00,,ICE
2023-03-09 04:30:00,,ICE
2023-03-09 04:45:00,,ICE
2023-03-09 05:00:00,,ICE
2023-03-09 05:15:00,,ICE
2023-03-09 05:30:00,,ICE
2023-03-09 05:45:00,,ICE
2023-03-09 06:00:00,,ICE
2023-03-09 06:15:00,,ICE
2023-03-09 06:30:00,,ICE
2023-03-09 06:45:00,,ICE
2023-03-09 07:00:00,,ICE
2023-03-09 07:15:00,,ICE
2023-03-09 07:30:00,,ICE
2023-03-09 07:45:00,,ICE
2023-03-09 08:00:00,,ICE
2023-03-09 08:15:00,,ICE
2023-03-09 08:30:00,,ICE
2023-03-09 08:45:00,,ICE
2023-03-09 09:00:00,,ICE
2023-03-09 09:15:00,,ICE
2023-03-09 09:30:00,,ICE
2023-03-09 09:45:00,,ICE
2023-03-09 10:00:00,,ICE
2023-03-09 10:15:00,,ICE
2023-03-09 10:30:00,,ICE
2023-03-09 10:45:00,,ICE
2023-03-09 11:00:00,,ICE
2023-03-09 11:15:00,,ICE
2023-03-09 11:30:00,,ICE
2023-03-09 11:45:00,,ICE
2023-03-09 12:00:00,,ICE
2023-03-09 12:15:00,,ICE
2023-03-09 12:30:00,,ICE
2023-03-09 12:45:00,,ICE
2023-03-09 13:00:00,,ICE
2023-03-09 13:15:00,,ICE
2023-03-09 13:30:00,,ICE
2023-03-09 13:45:00,,ICE
2023-03-09 14:00:00,,ICE
2023-03-09 14:15:00,,ICE
2023-03-09 14:30:00,,ICE
2023-03-09 14:45:00,,ICE
2023-03-09 15:00:00,,ICE
2023-03-09 15:15:00,,ICE
2023-03-09 15:30:00,,ICE
2023-03-09 15:45:00,,ICE
2023-03-09 16:00:00,,ICE
2023-03-09 16:15:00,,ICE
2023-03-09 16:30:00,,ICE
2023-03-09 16:45:00,,ICE
2023-03-09 17:00:00,,ICE
2023-03-09 17:15:00,,ICE
2023-03-09 17:30:00,,ICE
2023-03-09 17:45:00,,ICE
2023-03-09 18:00:00,,ICE
2023-03-09 18:15:00,,ICE
2023-03-09 18:30:00,,ICE
2023-03-09 18:45:00,,ICE
2023-03-09 19:00:00,,ICE
2023-03-09 19:15:00,,ICE
2023-03-09 19:30:00,,ICE
2023-03-09 19:45:00,,ICE
2023-03-09 20:00:00,,ICE
2023-03-09 20:15:00,,ICE
2023-03-09 20:30:00,,ICE
2023-03-09 20:45:00,,ICE
2023-03-09 21:00:00,,ICE
2023-03-09 21:15:00,,ICE
2023-03-09 21:30:00,,ICE
2023-03-09 21:45:00,,ICE
2023-03-09 22:00:00,,ICE
2023-03-09 22:15:00,,ICE
2023-03-09 22:30:00,,ICE
2023-03-09 22:45:00,,ICE
2023-03-09 23:00:00,,ICE
2023-03-09 23:15:00,,ICE
2023-03-09 23:30:00,,ICE
2023-03-09 23:45:00,,ICE
2023-03-10 00:00:00,,ICE
2023-03-10 00:15:00,,ICE
2023-03-10 00:30:00,,ICE
2023-03-10 00:45:00,,ICE
2023-03-10 01:00:00,,ICE
2023-03-10 01:15:00,,ICE
2023-03-10 01:30:00,,ICE
2023-03-10 01:45:00,,ICE
2023-03-10 02:00:00,,ICE
2023-03-10 02:15:00,,ICE
2023-03-10 02:30:00,,ICE
2023-03-10 02:45:00,,ICE
2023-03-10 03:00:00,,ICE
2023-03-10 03:15:00,,ICE
2023-03-10 03:30:00,,ICE
2023-03-10 03:45:00,,ICE
2023-03-10 04:00:00,,ICE
2023-03-10 04:15:00,,ICE
2023-03-10 04:30:00,,ICE
2023-03-10 04:45:00,,ICE
2023-03-10 05:00:00,,ICE
2023-03-10 05:15:00,,ICE
2023-03-10 05:30:00,,ICE
2023-03-10 05:45:00,,ICE
2023-03-10 06:00:00,,ICE
2023-03-10 06:15:00,,ICE
2023-03-10 06:30:00,,ICE
2023-03-10 06:45:00,,ICE
2023-03-10 07:00:00,,ICE
2023-03-10 07:15:00,,ICE
2023-03-10 07:30:00,,ICE
2023-03-10 07:45:00,,ICE
2023-03-10 08:00:00,,ICE
2023-03-10 08:15:00,,ICE
2023-03-10 08:30:00,,ICE
2023-03-10 08:45:00,,ICE
2023-03-10 09:00:00,,ICE
2023-03-10 09:15:00,,ICE
2023-03-10 09:30:00,,ICE
2023-03-10 09:45:00,,ICE
2023-03-10 10:00:00,,ICE
2023-03-10 10:15:00,,ICE
2023-03-10 10:30:00,,ICE
2023-03-10 10:45:00,,ICE
2023-03-10 11:00:00,,ICE
2023-03-10 11:15:00,,ICE
2023-03-10 11:30:00,,ICE
2023-03-10 11:45:00,,ICE
2023-03-10 12:00:00,,ICE
2023-03-10 12:15:00,,ICE
2023-03-10 12:30:00,,ICE
2023-03-10 12:45:00,,ICE
2023-03-10 13:00:00,,ICE
2023-03-10 13:15:00,,ICE
2023-03-10 13:30:00,,ICE
2023-03-10 13:45:00,,ICE
2023-03-10 14:00:00,,ICE
2023-03-10 14:15:00,,ICE
2023-03-10 14:30:00,,ICE
2023-03-10 14:45:00,,ICE
2023-03-10 15:00:00,,ICE
2023-03-10 15:15:00,,ICE
2023-03-10 15:30:00,,ICE
2023-03-10 15:45:00,,ICE
2023-03-10 16:00:00,,ICE
2023-03-10 16:15:00,,ICE
2023-03-10 16:30:00,,ICE
2023-03-10 16:45:00,,ICE
2023-03-10 17:00:00,,ICE
2023-03-10 17:15:00,,ICE
2023-03-10 17:30:00,,ICE
2023-03-10 17:45:00,,ICE
2023-03-10 18:00:00,,ICE
2023-03-10 18:15:00,,ICE
2023-03-10 18:30:00,,ICE
2023-03-10 18:45:00,,ICE
2023-03-10 19:00:00,,ICE
2023-03-10 19:15:00,,ICE
2023-03-10 19:30:00,,ICE
2023-03-10 19:45:00,,ICE
2023-03-10 20:00:00,,ICE
2023-03-10 20:15:00,,ICE
2023-03-10 20:30:00,,ICE
2023-03-10 20:45:00,,ICE
2023-03-10 21:00:00,,ICE
2023-03-10 21:15:00,,ICE
2023-03-10 21:30:00,,ICE
2023-03-10 21:45:00,,ICE
2023-03-10 22:00:00,,ICE
2023-03-10 22:15:00,,ICE
2023-03-10 22:30:00,,ICE
2023-03-10 22:45:00,,ICE
2023-03-10 23:00:00,,ICE
2023-03-10 23:15:00,,ICE
2023-03-10 23:30:00,,ICE
2023-03-10 23:45:00,,ICE
2023-03-11 00:00:00,,ICE
2023-03-11 00:15:00,,ICE
2023-03-11 00:30:00,,ICE
2023-03-11 00:45:00,,ICE
2023-03-11 01:00:00,,ICE
2023-03-11 01:15:00,,ICE
2023-03-11 01:30:00,,ICE
2023-03-11 01:45:00,,ICE
2023-03-11 02:00:00,,ICE
2023-03-11 02:15:00,,ICE
2023-03-11 02:30:00,,ICE
2023-03-11 02:45:00,,ICE
2023-03-11 03:00:00,,ICE
2023-03-11 03:15:00,,ICE
2023-03-11 03:30:00,,ICE
2023-03-11 03:45:00,,ICE
2023-03-11 04:00:00,,ICE
2023-03-11 04:15:00,,ICE
2023-03-11 04:30:00,,ICE
2023-03-11 04:45:00,,ICE
2023-03-11 05:00:00,,ICE
2023-03-11 05:15:00,,ICE
2023-03-11 05:30:00,,ICE
2023-03-11 05:45:00,,ICE
2023-03-11 06:00:00,,ICE
2023-03-11 06:15:00,,ICE
2023-03-11 06:30:00,,ICE
2023-03-11 06:45:00,,ICE
2023-03-11 07:00:00,,ICE
2023-03-11 07:15:00,,ICE
2023-03-11 07:30:00,,ICE
2023-03-11 07:45:00,,ICE
2023-03-11 08:00:00,,ICE
2023-03-11 08:15:00,,ICE
2023-03-11 08:30:00,,ICE
2023-03-11 08:45:00,,ICE
2023-03-11 09:00:00,,ICE
2023-03-11 09:15:00,,ICE
2023-03-11 09:30:00,,ICE
2023-03-11 09:45:00,,ICE
2023-03-11 10:00:00,,ICE
2023-03-11 10:15:00,,ICE
2023-03-11 10:30:00,,ICE
2023-03-11 10:45:00,,ICE
2023-03-11 11:00:00,,ICE
2023-03-11 11:15:00,,ICE
2023-03-11 11:30:00,,ICE
2023-03-11 11:45:00,,ICE
2023-03-11 12:00:00,,ICE
2023-03-11 12:15:00,,ICE
2023-03-11 12:30:00,,ICE
2023-03-11 12:45:00,,ICE
2023-03-11 13:00:00,,ICE
2023-03-11 13:15:00,,ICE
2023-03-11 13:30:00,,ICE
2023-03-11 13:45:00,,ICE
2023-03-11 14:00:00,,ICE
2023-03-11 14:15:00,,ICE
2023-03-11 14:30:00,,ICE
2023-03-11 14:45:00,,ICE
2023-03-11 15:00:00,,ICE
2023-03-11 15:15:00,,ICE
2023-03-11 15:30:00,,ICE
2023-03-11 15:45:00,,ICE
2023-03-11 16:00:00,,ICE
2023-03-11 16:15:00,,ICE
2023-03-11 16:30:00,,ICE
2023-03-11 16:45:00,,ICE
2023-03-11 17:00:00,,ICE
2023-03-11 17:15:00,,ICE
2023-03-11 17:30:00,,ICE
2023-03-11 17:45:00,,ICE
2023-03-11 18:00:00,,ICE
2023-03-11 18:15:00,,ICE
2023-03-11 18:30:00,,ICE
2023-03-11 18:45:00,,ICE
2023-03-11 19:00:00,,ICE
2023-03-11 19:15:00,,ICE
2023-03-11 19:30:00,,ICE
2023-03-11 19:45:00,,ICE
2023-03-11 20:00:00,,ICE
2023-03-11 20:15:00,,ICE
2023-03-11 20:30:00,,ICE
2023-03-11 20:45:00,,ICE
2023-03-11 21:00:00,,ICE
2023-03-11 21:15:00,,ICE
2023-03-11 21:30:00,,ICE
2023-03-11 21:45:00,,ICE
2023-03-11 22:00:00,,ICE
2023-03-11 22:15:00,,ICE
2023-03-11 22:30:00,,ICE
2023-03-11 22:45:00,,ICE
2023-03-11 23:00:00,,ICE
2023-03-11 23:15:00,,ICE
2023-03-11 23:30:00,,ICE
2023-03-11 23:45:00,,ICE
2023-03-12 00:00:00,,ICE
2023-03-12 00:15:00,,ICE
2023-03-12 00:30:00,,ICE
2023-03-12 00:45:00,,ICE
2023-03-12 01:00:00,,ICE
2023-03-12 01:15:00,,ICE
2023-03-12 01:30:00,,ICE
2023-03-12 01:45:00,,ICE
2023-03-12 02:00:00,,ICE
2023-03-12 02:15:00,,ICE
2023-03-12 02:30:00,,ICE
2023-03-12 02:45:00,,ICE
2023-03-12 03:00:00,,ICE
2023-03-12 03:15:00,,ICE
2023-03-12 03:30:00,,ICE
2023-03-12 03:45:00,,ICE
2023-03-12 04:00:00,,ICE
2023-03-12 04:15:00,,ICE
2023-03-12 04:30:00,,ICE
2023-03-12 04:45:00,,ICE
2023-03-12 05:00:00,,ICE
2023-03-12 05:15:00,,ICE
2023-03-12 05:30:00,,ICE
2023-03-12 05:45:00,,ICE
2023-03-12 06:00:00,,ICE
2023-03-12 06:15:00,,ICE
2023-03-12 06:30:00,,ICE
2023-03-12 06:45:00,,ICE
2023-03-12 07:00:00,,ICE
2023-03-12 07:15:00,,ICE
2023-03-12 07:30:00,,ICE
2023-03-12 07:45:00,,ICE
2023-03-12 08:00:00,,ICE
2023-03-12 08:15:00,,ICE
2023-03-12 08:30:00,,ICE
2023-03-12 08:45:00,,ICE
2023-03-12 09:00:00,,ICE
2023-03-12 09:15:00,,ICE
2023-03-12 09:30:00,,ICE
2023-03-12 09:45:00,,ICE
2023-03-12 10:00:00,,ICE
2023-03-12 10:15:00,,ICE
2023-03-12 10:30:00,,ICE
2023-03-12 10:45:00,,ICE
2023-03-12 11:00:00,,ICE
2023-03-12 11:15:00,,ICE
2023-03-12 11:30:00,,ICE
2023-03-12 11:45:00,,ICE
2023-03-12 12:00:00,,ICE
2023-03-12 12:15:00,,ICE
2023-03-12 12:30:00,,ICE
2023-03-12 12:45:00,,ICE
2023-03-12 13:00:00,,ICE
2023-03-12 13:15:00,,ICE
2023-03-12 13:30:00,,ICE
2023-03-12 13:45:00,,ICE
2023-03-12 14:00:00,,ICE
2023-03-12 14:15:00,,ICE
2023-03-12 14:30:00,,ICE
2023-03-12 14:45:00,,ICE
2023-03-12 15:00:00,,ICE
2023-03-12 15:15:00,,ICE
2023-03-12 15:30:00,,ICE
2023-03-12 15:45:00,,ICE
2023-03-12 16:00:00,,ICE
2023-03-12 16:15:00,,ICE
2023-03-12 16:30:00,,ICE
2023-03-12 16:45:00,,ICE
2023-03-12 17:00:00,,ICE
2023-03-12 17:15:00,,ICE
2023-03-12 17:30:00,,ICE
2023-03-12 17:45:00,,ICE
2023-03-12 18:00:00,,ICE
2023-03-12 18:15:00,,ICE
2023-03-12 18:30:00,,ICE
2023-03-12 18:45:00,,ICE
2023-03-12 19:00:00,,ICE
2023-03-12 19:15:00,,ICE
2023-03-12 19:30:00,,ICE
2023-03-12 19:45:00,,ICE
2023-03-12 20:00:00,,ICE
2023-03-12 20:15:00,,ICE
2023-03-12 20:30:00,,ICE
2023-03-12 20:45:00,,ICE
2023-03-12 21:00:00,,ICE
2023-03-12 21:15:00,,ICE
2023-03-12 21:30:00,,ICE
2023-03-12 21:45:00,,ICE
2023-03-12 22:00:00,,ICE
2023-03-12 22:15:00,,ICE
2023-03-12 22:30:00,,ICE
2023-03-12 22:45:00,,ICE
2023-03-12 23:00:00,,ICE
2023-03-12 23:15:00,,ICE
2023-03-12 23:30:00,,ICE
2023-03-12 23:45:00,,ICE
2023-03-13 00:00:00,,ICE
2023-03-13 00:15:00,,ICE
2023-03-13 00:30:00,,ICE
2023-03-13 00:45:00,,ICE
2023-03-13 01:00:00,,ICE
2023-03-13 01:15:00,,ICE
2023-03-13 01:30:00,,ICE
2023-03-13 01:45:00,,ICE
2023-03-13 02:00:00,,ICE
2023-03-13 02:15:00,,ICE
2023-03-13 02:30:00,,ICE
2023-03-13 02:45:00,,ICE
2023-03-13 03:00:00,,ICE
2023-03-13 03:15:00,,ICE
2023-03-13 03:30:00,,ICE
2023-03-13 03:45:00,,ICE
2023-03-13 04:00:00,,ICE
2023-03-13 04:15:00,,ICE
2023-03-13 04:30:00,,ICE
2023-03-13 04:45:00,,ICE
2023-03-13 05:00:00,,ICE
2023-03-13 05:15:00,,ICE
2023-03-13 05:30:00,,ICE
2023-03-13 05:45:00,,ICE
2023-03-13 06:00:00,,ICE
2023-03-13 06:15:00,,ICE
2023-03-13 06:30:00,,ICE
2023-03-13 06:45:00,,ICE
2023-03-13 07:00:00,,ICE
2023-03-13 07:15:00,,ICE
2023-03-13 07:30:00,,ICE
2023-03-13 07:45:00,,ICE
2023-03-13 08:00:00,,ICE
2023-03-13 08:15:00,,ICE
2023-03-13 08:30:00,,ICE
2023-03-13 08:45:00,,ICE
2023-03-13 09:00:00,,ICE
2023-03-13 09:15:00,,ICE
2023-03-13 09:30:00,,ICE
2023-03-13 09:45:00,,ICE
2023-03-13 10:00:00,,ICE
2023-03-13 10:15:00,,ICE
2023-03-13 10:30:00,,ICE
2023-03-13 10:45:00,,ICE
2023-03-13 11:00:00,,ICE
2023-03-13 11:15:00,,ICE
2023-03-13 11:30:00,,ICE
2023-03-13 11:45:00,,ICE
2023-03-13 12:00:00,,ICE
2023-03-13 12:15:00,,ICE
2023-03-13 12:30:00,,ICE
2023-03-13 12:45:00,,ICE
2023-03-13 13:00:00,,ICE
2023-03-13 13:15:00,,ICE
2023-03-13 13:30:00,,ICE
2023-03-13 13:45:00,,ICE
2023-03-13 14:00:00,,ICE
2023-03-13 14:15:00,,ICE
2023-03-13 14:30:00,,ICE
2023-03-13 14:45:00,,ICE
2023-03-13 15:00:00,,ICE
2023-03-13 15:15:00,,ICE
2023-03-13 15:30:00,,ICE
2023-03-13 15:45:00,,ICE
2023-03-13 16:00:00,,ICE
2023-03-13 16:15:00,,ICE
2023-03-13 16:30:00,,ICE
2023-03-13 16:45:00,,ICE
2023-03-13 17:00:00,,ICE
2023-03-13 17:15:00,,ICE
2023-03-13 17:30:00,,ICE
2023-03-13 17:45:00,,ICE
2023-03-13 18:00:00,,ICE
2023-03-13 18:15:00,,ICE
2023-03-13 18:30:00,,ICE
2023-03-13 18:45:00,,ICE
2023-03-13 19:00:00,,ICE
2023-03-13 19:15:00,,ICE
2023-03-13 19:30:00,,ICE
2023-03-13 19:45:00,,ICE
2023-03-13 20:00:00,,ICE
2023-03-13 20:15:00,,ICE
2023-03-13 20:30:00,,ICE
2023-03-13 20:45:00,,ICE
2023-03-13 21:00:00,,ICE
2023-03-13 21:15:00,,ICE
2023-03-13 21:30:00,,ICE
2023-03-13 21:45:00,,ICE
2023-03-13 22:00:00,,ICE
2023-03-13 22:15:00,,ICE
2023-03-13 22:30:00,,ICE
2023-03-13 22:45:00,,ICE
2023-03-13 23:00:00,,ICE
2023-03-13 23:15:00,,ICE
2023-03-13 23:30:00,,ICE
2023-03-13 23:45:00,,ICE
2023-03-14 00:00:00,,ICE
2023-03-14 00:15:00,,ICE
2023-03-14 00:30:00,,ICE
2023-03-14 00:45:00,,ICE
2023-03-14 01:00:00,,ICE
2023-03-14 01:15:00,,ICE
2023-03-14 01:30:00,,ICE
2023-03-14 01:45:00,,ICE
2023-03-14 02:00:00,,ICE
2023-03-14 02:15:00,,ICE
2023-03-14 02:30:00,,ICE
2023-03-14 02:45:00,,ICE
2023-03-14 03:00:00,,ICE
2023-03-14 03:15:00,,ICE
2023-03-14 03:30:00,,ICE
2023-03-14 03:45:00,,ICE
2023-03-14 04:00:00,,ICE
2023-03-14 04:15:00,,ICE
2023-03-14 04:30:00,,ICE
2023-03-14 04:45:00,,ICE
2023-03-14 05:00:00,,ICE
2023-03-14 05:15:00,,ICE
2023-03-14 05:30:00,,ICE
2023-03-14 05:45:00,,ICE
2023-03-14 06:00:00,,ICE
2023-03-14 06:15:00,,ICE
2023-03-14 06:30:00,,ICE
2023-03-14 06:45:00,,ICE
2023-03-14 07:00:00,,ICE
2023-03-14 07:15:00,,ICE
2023-03-14 07:30:00,,ICE
2023-03-14 07:45:00,,ICE
2023-03-14 08:00:00,,ICE
2023-03-14 08:15:00,,ICE
2023-03-14 08:30:00,,ICE
2023-03-14 08:45:00,,ICE
2023-03-14 09:00:00,,ICE
2023-03-14 09:15:00,,ICE
2023-03-14 09:30:00,,ICE
2023-03-14 09:45:00,,ICE
2023-03-14 10:00:00,,ICE
2023-03-14 10:15:00,,ICE
2023-03-14 10:30:00,,ICE
2023-03-14 10:45:00,,ICE
2023-03-14 11:00:00,,ICE
2023-03-14 11:15:00,,ICE
2023-03-14 11:30:00,,ICE
2023-03-14 11:45:00,,ICE
2023-03-14 12:00:00,,ICE
2023-03-14 12:15:00,,ICE
2023-03-14 12:30:00,,ICE
2023-03-14 12:45:00,,ICE
2023-03-14 13:00:00,,ICE
2023-03-14 13:15:00,,ICE
2023-03-14 13:30:00,,ICE
2023-03-14 13:45:00,,ICE
2023-03-14 14:00:00,,ICE
2023-03-14 14:15:00,,ICE
2023-03-14 14:30:00,,ICE
2023-03-14 14:45:00,,ICE
2023-03-14 15:00:00,,ICE
2023-03-14 15:15:00,,ICE
2023-03-14 15:30:00,,ICE
2023-03-14 15:45:00,,ICE
2023-03-14 16:00:00,,ICE
2023-03-14 16:15:00,,ICE
2023-03-14 16:30:00,,ICE
2023-03-14 16:45:00,,ICE
2023-03-14 17:00:00,,ICE
2023-03-14 17:15:00,,ICE
2023-03-14 17:30:00,,ICE
2023-03-14 17:45:00,,ICE
2023-03-14 18:00:00,,ICE
2023-03-14 18:15:00,,ICE
2023-03-14 18:30:00,,ICE
2023-03-14 18:45:00,,ICE
2023-03-14 19:00:00,,ICE
2023-03-14 19:15:00,,ICE
2023-03-14 19:30:00,,ICE
2023-03-14 19:45:00,,ICE
2023-03-14 20:00:00,,ICE
2023-03-14 20:15:00,,ICE
2023-03-14 20:30:00,,ICE
2023-03-14 20:45:00,,ICE
2023-03-14 21:00:00,,ICE
2023-03-14 21:15:00,,ICE
2023-03-14 21:30:00,,ICE
2023-03-14 21:45:00,,ICE
2023-03-14 22:00:00,,ICE
2023-03-14 22:15:00,,ICE
2023-03-14 22:30:00,,ICE
2023-03-14 22:45:00,,ICE
2023-03-14 23:00:00,,ICE
2023-03-14 23:15:00,,ICE
2023-03-14 23:30:00,,ICE
2023-03-14 23:45:00,,ICE
2023-03-15 00:00:00,,ICE
2023-03-15 00:15:00,,ICE
2023-03-15 00:30:00,,ICE
2023-03-15 00:45:00,,ICE
2023-03-15 01:00:00,,ICE
2023-03-15 01:15:00,,ICE
2023-03-15 01:30:00,,ICE
2023-03-15 01:45:00,,ICE
2023-03-15 02:00:00,,ICE
2023-03-15 02:15:00,,ICE
2023-03-15 02:30:00,,ICE
2023-03-15 02:45:00,,ICE
2023-03-15 03:00:00,,ICE
2023-03-15 03:15:00,,ICE
2023-03-15 03:30:00,,ICE
2023-03-15 03:45:00,,ICE
2023-03-15 04:00:00,,ICE
2023-03-15 04:15:00,,ICE
2023-03-15 04:30:00,,ICE
2023-03-15 04:45:00,,ICE
2023-03-15 05:00:00,,ICE
2023-03-15 05:15:00,,ICE
2023-03-15 05:30:00,,ICE
2023-03-15 05:45:00,,ICE
2023-03-15 06:00:00,,ICE
2023-03-15 06:15:00,,ICE
2023-03-15 06:30:00,,ICE
2023-03-15 06:45:00,,ICE
2023-03-15 07:00:00,,ICE
2023-03-15 07:15:00,,ICE
2023-03-15 07:30:00,,ICE
2023-03-15 07:45:00,,ICE
2023-03-15 08:00:00,,ICE
2023-03-15 08:15:00,,ICE
2023-03-15 08:30:00,,ICE
2023-03-15 08:45:00,,ICE
2023-03-15 09:00:00,,ICE
2023-03-15 09:15:00,,ICE
2023-03-15 09:30:00,,ICE
2023-03-15 09:45:00,,ICE
2023-03-15 10:00:00,,ICE
2023-03-15 10:15:00,,ICE
2023-03-15 10:30:00,,ICE
2023-03-15 10:45:00,,ICE
2023-03-15 11:00:00,,ICE
2023-03-15 11:15:00,,ICE
2023-03-15 11:30:00,,ICE
2023-03-15 11:45:00,,ICE
2023-03-15 12:00:00,,ICE
2023-03-15 12:15:00,,ICE
2023-03-15 12:30:00,,ICE
2023-03-15 12:45:00,,ICE
2023-03-15 13:00:00,,ICE
2023-03-15 13:15:00,,ICE
2023-03-15 13:30:00,,ICE
2023-03-15 13:45:00,,ICE
2023-03-15 14:00:00,,ICE
2023-03-15 14:15:00,,ICE
2023-03-15 14:30:00,,ICE
2023-03-15 14:45:00,,ICE
2023-03-15 15:00:00,,ICE
2023-03-15 15:15:00,,ICE
2023-03-15 15:30:00,,ICE
2023-03-15 15:45:00,,ICE
2023-03-15 16:00:00,,ICE
2023-03-15 16:15:00,,ICE
2023-03-15 16:30:00,,ICE
2023-03-15 16:45:00,,ICE
2023-03-15 17:00:00,,ICE
2023-03-15 17:15:00,,ICE
2023-03-15 17:30:00,,ICE
2023-03-15 17:45:00,,ICE
2023-03-15 18:00:00,,ICE
2023-03-15 18:15:00,,ICE
2023-03-15 18:30:00,,ICE
2023-03-15 18:45:00,,ICE
2023-03-15 19:00:00,,ICE
2023-03-15 19:15:00,,ICE
2023-03-15 19:30:00,,ICE
2023-03-15 19:45:00,,ICE
2023-03-15 20:00:00,,ICE
2023-03-15 20:15:00,,ICE
2023-03-15 20:30:00,,ICE
2023-03-15 20:45:00,,ICE
2023-03-15 21:00:00,,ICE
2023-03-15 21:15:00,,ICE
2023-03-15 21:30:00,,ICE
2023-03-15 21:45:00,,ICE
2023-03-15 22:00:00,,ICE
2023-03-15 22:15:00,,ICE
2023-03-15 22:30:00,,ICE
2023-03-15 22:45:00,,ICE
2023-03-15 23:00:00,,ICE
2023-03-15 23:15:00,,ICE
2023-03-15 23:30:00,,ICE
2023-03-15 23:45:00,,ICE
2023-03-16 00:00:00,,ICE
2023-03-16 00:15:00,,ICE
2023-03-16 00:30:00,,ICE
2023-03-16 00:45:00,,ICE
2023-03-16 01:00:00,,ICE
2023-03-16 01:15:00,,ICE
2023-03-16 01:30:00,,ICE
2023-03-16 01:45:00,,ICE
2023-03-16 02:00:00,,ICE
2023-03-16 02:15:00,,ICE
2023-03-16 02:30:00,,ICE
2023-03-16 02:45:00,,ICE
2023-03-16 03:00:00,,ICE
2023-03-16 03:15:00,,ICE
2023-03-16 03:30:00,,ICE
2023-03-16 03:45:00,,ICE
2023-03-16 04:00:00,,ICE
2023-03-16 04:15:00,,ICE
2023-03-16 04:30:00,,ICE
2023-03-16 04:45:00,,ICE
2023-03-16 05:00:00,,ICE
2023-03-16 05:15:00,,ICE
2023-03-16 05:30:00,,ICE
2023-03-16 05:45:00,,ICE
2023-03-16 06:00:00,,ICE
2023-03-16 06:15:00,,ICE
2023-03-16 06:30:00,,ICE
2023-03-16 06:45:00,,ICE
2023-03-16 07:00:00,,ICE
2023-03-16 07:15:00,,ICE
2023-03-16 07:30:00,,ICE
2023-03-16 07:45:00,,ICE
2023-03-16 08:00:00,,ICE
2023-03-16 08:15:00,,ICE
2023-03-16 08:30:00,,ICE
2023-03-16 08:45:00,,ICE
2023-03-16 09:00:00,,ICE
2023-03-16 09:15:00,,ICE
2023-03-16 09:30:00,,ICE
2023-03-16 09:45:00,,ICE
2023-03-16 10:00:00,,ICE
2023-03-16 10:15:00,,ICE
2023-03-16 10:30:00,,ICE
2023-03-16 10:45:00,,ICE
2023-03-16 11:00:00,,ICE
2023-03-16 11:15:00,,ICE
2023-03-16 11:30:00,,ICE
2023-03-16 11:45:00,,ICE
2023-03-16 12:00:00,,ICE
2023-03-16 12:15:00,,ICE
2023-03-16 12:30:00,,ICE
2023-03-16 12:45:00,,ICE
2023-03-16 13:00:00,,ICE
2023-03-16 13:15:00,,ICE
2023-03-16 13:30:00,,ICE
2023-03-16 13:45:00,,ICE
2023-03-16 14:00:00,,ICE
2023-03-16 14:15:00,,ICE
2023-03-16 14:30:00,,ICE
2023-03-16 14:45:00,,ICE
2023-03-16 15:00:00,,ICE
2023-03-16 15:15:00,,ICE
2023-03-16 15:30:00,,ICE
2023-03-16 15:45:00,,ICE
2023-03-16 16:00:00,,ICE
2023-03-16 16:15:00,,ICE
2023-03-16 16:30:00,,ICE
2023-03-16 16:45:00,,ICE
2023-03-16 17:00:00,,ICE
2023-03-16 17:15:00,,ICE
2023-03-16 17:30:00,,ICE
2023-03-16 17:45:00,,ICE
2023-03-16 18:00:00,,ICE
2023-03-16 18:15:00,,ICE
2023-03-16 18:30:00,,ICE
2023-03-16 18:45:00,,ICE
2023-03-16 19:00:00,,ICE
2023-03-16 19:15:00,,ICE
2023-03-16 19:30:00,,ICE
2023-03-16 19:45:00,,ICE
2023-03-16 20:00:00,,ICE
2023-03-16 20:15:00,,ICE
2023-03-16 20:30:00,,ICE
2023-03-16 20:45:00,,ICE
2023-03-16 21:00:00,,ICE
2023-03-16 21:15:00,,ICE
2023-03-16 21:30:00,,ICE
2023-03-16 21:45:00,,ICE
2023-03-16 22:00:00,,ICE
2023-03-16 22:15:00,,ICE
2023-03-16 22:30:00,,ICE
2023-03-16 22:45:00,,ICE
2023-03-16 23:00:00,,ICE
2023-03-16 23:15:00,,ICE
2023-03-16 23:30:00,,ICE
2023-03-16 23:45:00,,ICE
2023-03-17 00:00:00,,ICE
2023-03-17 00:15:00,,ICE
2023-03-17 00:30:00,,ICE
2023-03-17 00:45:00,,ICE
2023-03-17 01:00:00,,ICE
2023-03-17 01:15:00,,ICE
2023-03-17 01:30:00,,ICE
2023-03-17 01:45:00,,ICE
2023-03-17 02:00:00,,ICE
2023-03-17 02:15:00,,ICE
2023-03-17 02:30:00,,ICE
2023-03-17 02:45:00,,ICE
2023-03-17 03:00:00,,ICE
2023-03-17 03:15:00,,ICE
2023-03-17 03:30:00,,ICE
2023-03-17 03:45:00,,ICE
2023-03-17 04:00:00,,ICE
2023-03-17 04:15:00,,ICE
2023-03-17 04:30:00,,ICE
2023-03-17 04:45:00,,ICE
2023-03-17 05:00:00,,ICE
2023-03-17 05:15:00,,ICE
2023-03-17 05:30:00,,ICE
2023-03-17 05:45:00,,ICE
2023-03-17 06:00:00,,ICE
2023-03-17 06:15:00,,ICE
2023-03-17 06:30:00,,ICE
2023-03-17 06:45:00,,ICE
2023-03-17 07:00:00,,ICE
2023-03-17 07:15:00,,ICE
2023-03-17 07:30:00,,ICE
2023-03-17 07:45:00,,ICE
2023-03-17 08:00:00,,ICE
2023-03-17 08:15:00,,ICE
2023-03-17 08:30:00,,ICE
2023-03-17 08:45:00,,ICE
2023-03-17 09:00:00,,ICE
2023-03-17 09:15:00,,ICE
2023-03-17 09:30:00,,ICE
2023-03-17 09:45:00,,ICE
2023-03-17 10:00:00,,ICE
2023-03-17 10:15:00,,ICE
2023-03-17 10:30:00,,ICE
2023-03-17 10:45:00,,ICE
2023-03-17 11:00:00,,ICE
2023-03-17 11:15:00,,ICE
2023-03-17 11:30:00,,ICE
2023-03-17 11:45:00,,ICE
2023-03-17 12:00:00,,ICE
2023-03-17 12:15:00,,ICE
2023-03-17 12:30:00,,ICE
2023-03-17 12:45:00,,ICE
2023-03-17 13:00:00,,ICE
2023-03-17 13:15:00,,ICE
2023-03-17 13:30:00,,ICE
2023-03-17 13:45:00,,ICE
2023-03-17 14:00:00,,ICE
2023-03-17 14:15:00,,ICE
2023-03-17 14:30:00,,ICE
2023-03-17 14:45:00,,ICE
2023-03-17 15:00:00,,ICE
2023-03-17 15:15:00,,ICE
2023-03-17 15:30:00,,ICE
2023-03-17 15:45:00,,ICE
2023-03-17 16:00:00,,ICE
2023-03-17 16:15:00,,ICE
2023-03-17 16:30:00,,ICE
2023-03-17 16:45:00,,ICE
2023-03-17 17:00:00,,ICE
2023-03-17 17:15:00,,ICE
2023-03-17 17:30:00,,ICE
2023-03-17 17:45:00,,ICE
2023-03-17 18:00:00,,ICE
2023-03-17 18:15:00,,ICE
2023-03-17 18:30:00,,ICE
2023-03-17 18:45:00,,ICE
2023-03-17 19:00:00,,ICE
2023-03-17 19:15:00,,ICE
2023-03-17 19:30:00,,ICE
2023-03-17 19:45:00,,ICE
2023-03-17 20:00:00,,ICE
2023-03-17 20:15:00,,ICE
2023-03-17 20:30:00,,ICE
2023-03-17 20:45:00,,ICE
2023-03-17 21:00:00,,ICE
2023-03-17 21:15:00,,ICE
2023-03-17 21:30:00,,ICE
2023-03-17 21:45:00,,ICE
2023-03-17 22:00:00,,ICE
2023-03-17 22:15:00,,ICE
2023-03-17 22:30:00,,ICE
2023-03-17 22:45:00,,ICE
2023-03-17 23:00:00,,ICE
2023-03-17 23:15:00,,ICE
2023-03-17 23:30:00,,ICE
2023-03-17 23:45:00,,ICE
2023-03-18 00:00:00,,ICE
2023-03-18 00:15:00,,ICE
2023-03-18 00:30:00,,ICE
2023-03-18 00:45:00,,ICE
2023-03-18 01:00:00,,ICE
2023-03-18 01:15:00,,ICE
2023-03-18 01:30:00,,ICE
2023-03-18 01:45:00,,ICE
2023-03-18 02:00:00,,ICE
2023-03-18 02:15:00,,ICE
2023-03-18 02:30:00,,ICE
2023-03-18 02:45:00,,ICE
2023-03-18 03:00:00,,ICE
2023-03-18 03:15:00,,ICE
2023-03-18 03:30:00,,ICE
2023-03-18 03:45:00,,ICE
2023-03-18 04:00:00,,ICE
2023-03-18 04:15:00,,ICE
2023-03-18 04:30:00,,ICE
2023-03-18 04:45:00,,ICE
2023-03-18 05:00:00,,ICE
2023-03-18 05:15:00,,ICE
2023-03-18 05:30:00,,ICE
2023-03-18 05:45:00,,ICE
2023-03-18 06:00:00,,ICE
2023-03-18 06:15:00,,ICE
2023-03-18 06:30:00,,ICE
2023-03-18 06:45:00,,ICE
2023-03-18 07:00:00,,ICE
2023-03-18 07:15:00,,ICE
2023-03-18 07:30:00,,ICE
2023-03-18 07:45:00,,ICE
2023-03-18 08:00:00,,ICE
2023-03-18 08:15:00,,ICE
2023-03-18 08:30:00,,ICE
2023-03-18 08:45:00,,ICE
2023-03-18 09:00:00,,ICE
2023-03-18 09:15:00,,ICE
2023-03-18 09:30:00,,ICE
2023-03-18 09:45:00,,ICE
2023-03-18 10:00:00,,ICE
2023-03-18 10:15:00,,ICE
2023-03-18 10:30:00,,ICE
2023-03-18 10:45:00,,ICE
2023-03-18 11:00:00,,ICE
2023-03-18 11:15:00,,ICE
2023-03-18 11:30:00,,ICE
2023-03-18 11:45:00,,ICE
2023-03-18 12:00:00,,ICE
2023-03-18 12:15:00,,ICE
2023-03-18 12:30:00,,ICE
2023-03-18 12:45:00,,ICE
2023-03-18 13:00:00,,ICE
2023-03-18 13:15:00,,ICE
2023-03-18 13:30:00,,ICE
2023-03-18 13:45:00,,ICE
2023-03-18 14:00:00,,ICE
2023-03-18 14:15:00,,ICE
2023-03-18 14:30:00,,ICE
2023-03-18 14:45:00,,ICE
2023-03-18 15:00:00,,ICE
2023-03-18 15:15:00,,ICE
2023-03-18 15:30:00,,ICE
2023-03-18 15:45:00,,ICE
2023-03-18 16:00:00,,ICE
2023-03-18 16:15:00,,ICE
2023-03-18 16:30:00,,ICE
2023-03-18 16:45:00,,ICE
2023-03-18 17:00:00,,ICE
2023-03-18 17:15:00,,ICE
2023-03-18 17:30:00,,ICE
2023-03-18 17:45:00,,ICE
2023-03-18 18:00:00,,ICE
2023-03-18 18:15:00,,ICE
2023-03-18 18:30:00,,ICE
2023-03-18 18:45:00,,ICE
2023-03-18 19:00:00,,ICE
2023-03-18 19:15:00,,ICE
2023-03-18 19:30:00,,ICE
2023-03-18 19:45:00,,ICE
2023-03-18 20:00:00,,ICE
2023-03-18 20:15:00,,ICE
2023-03-18 20:30:00,,ICE
2023-03-18 20:45:00,,ICE
2023-03-18 21:00:00,,ICE
2023-03-18 21:15:00,,ICE
2023-03-18 21:30:00,,ICE
2023-03-18 21:45:00,,ICE
2023-03-18 22:00:00,,ICE
2023-03-18 22:15:00,,ICE
2023-03-18 22:30:00,,ICE
2023-03-18 22:45:00,,ICE
2023-03-18 23:00:00,,ICE
2023-03-18 23:15:00,,ICE
2023-03-18 23:30:00,,ICE
2023-03-18 23:45:00,,ICE
2023-03-19 00:00:00,,ICE
2023-03-19 00:15:00,,ICE
2023-03-19 00:30:00,,ICE
2023-03-19 00:45:00,,ICE
2023-03-19 01:00:00,,ICE
2023-03-19 01:15:00,,ICE
2023-03-19 01:30:00,,ICE
2023-03-19 01:45:00,,ICE
2023-03-19 02:00:00,,ICE
2023-03-19 02:15:00,,ICE
2023-03-19 02:30:00,,ICE
2023-03-19 02:45:00,,ICE
2023-03-19 03:00:00,,ICE
2023-03-19 03:15:00,,ICE
2023-03-19 03:30:00,,ICE
2023-03-19 03:45:00,,ICE
2023-03-19 04:00:00,,ICE
2023-03-19 04:15:00,,ICE
2023-03-19 04:30:00,,ICE
2023-03-19 04:45:00,,ICE
2023-03-19 05:00:00,,ICE
2023-03-19 05:15:00,,ICE
2023-03-19 05:30:00,,ICE
2023-03-19 05:45:00,,ICE
2023-03-19 06:00:00,,ICE
2023-03-19 06:15:00,,ICE
2023-03-19 06:30:00,,ICE
2023-03-19 06:45:00,,ICE
2023-03-19 07:00:00,,ICE
2023-03-19 07:15:00,,ICE
2023-03-19 07:30:00,,ICE
2023-03-19 07:45:00,,ICE
2023-03-19 08:00:00,,ICE
2023-03-19 08:15:00,,ICE
2023-03-19 08:30:00,,ICE
2023-03-19 08:45:00,,ICE
2023-03-19 09:00:00,,ICE
2023-03-19 09:15:00,,ICE
2023-03-19 09:30:00,,ICE
2023-03-19 09:45:00,,ICE
2023-03-19 10:00:00,,ICE
2023-03-19 10:15:00,,ICE
2023-03-19 10:30:00,,ICE
2023-03-19 10:45:00,,ICE
2023-03-19 11:00:00,,ICE
2023-03-19 11:15:00,,ICE
2023-03-19 11:30:00,,ICE
2023-03-19 11:45:00,,ICE
2023-03-19 12:00:00,,ICE
2023-03-19 12:15:00,,ICE
2023-03-19 12:30:00,,ICE
2023-03-19 12:45:00,,ICE
2023-03-19 13:00:00,,ICE
2023-03-19 13:15:00,,ICE
2023-03-19 13:30:00,,ICE
2023-03-19 13:45:00,,ICE
2023-03-19 14:00:00,,ICE
2023-03-19 14:15:00,,ICE
2023-03-19 14:30:00,,ICE
2023-03-19 14:45:00,,ICE
2023-03-19 15:00:00,,ICE
2023-03-19 15:15:00,,ICE
2023-03-19 15:30:00,,ICE
2023-03-19 15:45:00,,ICE
2023-03-19 16:00:00,,ICE
2023-03-19 16:15:00,,ICE
2023-03-19 16:30:00,,ICE
2023-03-19 16:45:00,,ICE
2023-03-19 17:00:00,,ICE
2023-03-19 17:15:00,,ICE
2023-03-19 17:30:00,,ICE
2023-03-19 17:45:00,,ICE
2023-03-19 18:00:00,,ICE
2023-03-19 18:15:00,,ICE
2023-03-19 18:30:00,,ICE
2023-03-19 18:45:00,,ICE
2023-03-19 19:00:00,,ICE
2023-03-19 19:15:00,,ICE
2023-03-19 19:30:00,,ICE
2023-03-19 19:45:00,,ICE
2023-03-19 20:00:00,,ICE
2023-03-19 20:15:00,,ICE
2023-03-19 20:30:00,,ICE
2023-03-19 20:45:00,,ICE
2023-03-19 21:00:00,,ICE
2023-03-19 21:15:00,,ICE
2023-03-19 21:30:00,,ICE
2023-03-19 21:45:00,,ICE
2023-03-19 22:00:00,,ICE
2023-03-19 22:15:00,,ICE
2023-03-19 22:30:00,,ICE
2023-03-19 22:45:00,,ICE
2023-03-19 23:00:00,,ICE
2023-03-19 23:15:00,,ICE
2023-03-19 23:30:00,,ICE
2023-03-19 23:45:00,,ICE
2023-03-20 00:00:00,,ICE
2023-03-20 00:15:00,,ICE
2023-03-20 00:30:00,,ICE
2023-03-20 00:45:00,,ICE
2023-03-20 01:00:00,,ICE
2023-03-20 01:15:00,,ICE
2023-03-20 01:30:00,,ICE
2023-03-20 01:45:00,,ICE
2023-03-20 02:00:00,,ICE
2023-03-20 02:15:00,,ICE
2023-03-20 02:30:00,,ICE
2023-03-20 02:45:00,,ICE
2023-03-20 03:00:00,,ICE
2023-03-20 03:15:00,,ICE
2023-03-20 03:30:00,,ICE
2023-03-20 03:45:00,,ICE
2023-03-20 04:00:00,,ICE
2023-03-20 04:15:00,,ICE
2023-03-20 04:30:00,,ICE
2023-03-20 04:45:00,,ICE
2023-03-20 05:00:00,,ICE
2023-03-20 05:15:00,,ICE
2023-03-20 05:30:00,,ICE
2023-03-20 05:45:00,,ICE
2023-03-20 06:00:00,,ICE
2023-03-20 06:15:00,,ICE
2023-03-20 06:30:00,,ICE
2023-03-20 06:45:00,,ICE
2023-03-20 07:00:00,,ICE
2023-03-20 07:15:00,,ICE
2023-03-20 07:30:00,,ICE
2023-03-20 07:45:00,,ICE
2023-03-20 08:00:00,,ICE
2023-03-20 08:15:00,,ICE
2023-03-20 08:30:00,,ICE
2023-03-20 08:45:00,,ICE
2023-03-20 09:00:00,,ICE
2023-03-20 09:15:00,,ICE
2023-03-20 09:30:00,,ICE
2023-03-20 09:45:00,,ICE
2023-03-20 10:00:00,,ICE
2023-03-20 10:15:00,,ICE
2023-03-20 10:30:00,,ICE
2023-03-20 10:45:00,,ICE
2023-03-20 11:00:00,,ICE
2023-03-20 11:15:00,,ICE
2023-03-20 11:30:00,,ICE
2023-03-20 11:45:00,,ICE
2023-03-20 12:00:00,,ICE
2023-03-20 12:15:00,,ICE
2023-03-20 12:30:00,,ICE
2023-03-20 12:45:00,,ICE
2023-03-20 13:00:00,,ICE
2023-03-20 13:15:00,,ICE
2023-03-20 13:30:00,,ICE
2023-03-20 13:45:00,,ICE
2023-03-20 14:00:00,,ICE
2023-03-20 14:15:00,,ICE
2023-03-20 14:30:00,,ICE
2023-03-20 14:45:00,,ICE
2023-03-20 15:00:00,,ICE
2023-03-20 15:15:00,,ICE
2023-03-20 15:30:00,,ICE
2023-03-20 15:45:00,,ICE
2023-03-20 16:00:00,,ICE
2023-03-20 16:15:00,,ICE
2023-03-20 16:30:00,,ICE
2023-03-20 16:45:00,,ICE
2023-03-20 17:00:00,,ICE
2023-03-20 17:15:00,,ICE
2023-03-20 17:30:00,,ICE
2023-03-20 17:45:00,,ICE
2023-03-20 18:00:00,,ICE
2023-03-20 18:15:00,,ICE
2023-03-20 18:30:00,,ICE
2023-03-20 18:45:00,,ICE
2023-03-20 19:00:00,,ICE
2023-03-20 19:15:00,,ICE
2023-03-20 19:30:00,,ICE
2023-03-20 19:45:00,,ICE
2023-03-20 20:00:00,,ICE
2023-03-20 20:15:00,,ICE
2023-03-20 20:30:00,,ICE
2023-03-20 20:45:00,,ICE
2023-03-20 21:00:00,,ICE
2023-03-20 21:15:00,,ICE
2023-03-20 21:30:00,,ICE
2023-03-20 21:45:00,,ICE
2023-03-20 22:00:00,,ICE
2023-03-20 22:15:00,,ICE
2023-03-20 22:30:00,,ICE
2023-03-20 22:45:00,,ICE
2023-03-20 23:00:00,,ICE
2023-03-20 23:15:00,,ICE
2023-03-20 23:30:00,,ICE
2023-03-20 23:45:00,,ICE
2023-03-21 00:00:00,,ICE
2023-03-21 00:15:00,,ICE
2023-03-21 00:30:00,,ICE
2023-03-21 00:45:00,,ICE
2023-03-21 01:00:00,,ICE
2023-03-21 01:15:00,,ICE
2023-03-21 01:30:00,,ICE
2023-03-21 01:45:00,,ICE
2023-03-21 02:00:00,,ICE
2023-03-21 02:15:00,,ICE
2023-03-21 02:30:00,,ICE
2023-03-21 02:45:00,,ICE
2023-03-21 03:00:00,,ICE
2023-03-21 03:15:00,,ICE
2023-03-21 03:30:00,,ICE
2023-03-21 03:45:00,,ICE
2023-03-21 04:00:00,,ICE
2023-03-21 04:15:00,,ICE
2023-03-21 04:30:00,,ICE
2023-03-21 04:45:00,,ICE
2023-03-21 05:00:00,,ICE
2023-03-21 05:15:00,,ICE
2023-03-21 05:30:00,,ICE
2023-03-21 05:45:00,,ICE
2023-03-21 06:00:00,,ICE
2023-03-21 06:15:00,,ICE
2023-03-21 06:30:00,,ICE
2023-03-21 06:45:00,,ICE
2023-03-21 07:00:00,,ICE
2023-03-21 07:15:00,,ICE
2023-03-21 07:30:00,,ICE
2023-03-21 07:45:00,,ICE
2023-03-21 08:00:00,,ICE
2023-03-21 08:15:00,,ICE
2023-03-21 08:30:00,,ICE
2023-03-21 08:45:00,,ICE
2023-03-21 09:00:00,,ICE
2023-03-21 09:15:00,,ICE
2023-03-21 09:30:00,,ICE
2023-03-21 09:45:00,,ICE
2023-03-21 10:00:00,,ICE
2023-03-21 10:15:00,,ICE
2023-03-21 10:30:00,,ICE
2023-03-21 10:45:00,,ICE
2023-03-21 11:00:00,,ICE
2023-03-21 11:15:00,,ICE
2023-03-21 11:30:00,,ICE
2023-03-21 11:45:00,,ICE
2023-03-21 12:00:00,,ICE
2023-03-21 12:15:00,,ICE
2023-03-21 12:30:00,,ICE
2023-03-21 12:45:00,,ICE
2023-03-21 13:00:00,,ICE
2023-03-21 13:15:00,,ICE
2023-03-21 13:30:00,,ICE
2023-03-21 13:45:00,,ICE
2023-03-21 14:00:00,,ICE
2023-03-21 14:15:00,,ICE
2023-03-21 14:30:00,,ICE
2023-03-21 14:45:00,,ICE
2023-03-21 15:00:00,,ICE
2023-03-21 15:15:00,,ICE
2023-03-21 15:30:00,,ICE
2023-03-21 15:45:00,,ICE
2023-03-21 16:00:00,,ICE
2023-03-21 16:15:00,,ICE
2023-03-21 16:30:00,,ICE
2023-03-21 16:45:00,,ICE
2023-03-21 17:00:00,,ICE
2023-03-21 17:15:00,,ICE
2023-03-21 17:30:00,,ICE
2023-03-21 17:45:00,,ICE
2023-03-21 18:00:00,,ICE
2023-03-21 18:15:00,,ICE
2023-03-21 18:30:00,,ICE
2023-03-21 18:45:00,,ICE
2023-03-21 19:00:00,,ICE
2023-03-21 19:15:00,,ICE
2023-03-21 19:30:00,,ICE
2023-03-21 19:45:00,,ICE
2023-03-21 20:00:00,,ICE
2023-03-21 20:15:00,,ICE
2023-03-21 20:30:00,,ICE
2023-03-21 20:45:00,,ICE
2023-03-21 21:00:00,,ICE
2023-03-21 21:15:00,,ICE
2023-03-21 21:30:00,,ICE
2023-03-21 21:45:00,,ICE
2023-03-21 22:00:00,,ICE
2023-03-21 22:15:00,,ICE
2023-03-21 22:30:00,,ICE
2023-03-21 22:45:00,,ICE
2023-03-21 23:00:00,,ICE
2023-03-21 23:15:00,,ICE
2023-03-21 23:30:00,,ICE
2023-03-21 23:45:00,,ICE
2023-03-22 00:00:00,,ICE
2023-03-22 00:15:00,,ICE
2023-03-22 00:30:00,,ICE
2023-03-22 00:45:00,,ICE
2023-03-22 01:00:00,,ICE
2023-03-22 01:15:00,,ICE
2023-03-22 01:30:00,,ICE
2023-03-22 01:45:00,,ICE
2023-03-22 02:00:00,,ICE
2023-03-22 02:15:00,,ICE
2023-03-22 02:30:00,,ICE
2023-03-22 02:45:00,,ICE
2023-03-22 03:00:00,,ICE
2023-03-22 03:15:00,,ICE
2023-03-22 03:30:00,,ICE
2023-03-22 03:45:00,,ICE
2023-03-22 04:00:00,,ICE
2023-03-22 04:15:00,,ICE
2023-03-22 04:30:00,,ICE
2023-03-22 04:45:00,,ICE
2023-03-22 05:00:00,,ICE
2023-03-22 05:15:00,,ICE
2023-03-22 05:30:00,,ICE
2023-03-22 05:45:00,,ICE
2023-03-22 06:00:00,,ICE
2023-03-22 06:15:00,,ICE
2023-03-22 06:30:00,,ICE
2023-03-22 06:45:00,,ICE
2023-03-22 07:00:00,,ICE
2023-03-22 07:15:00,,ICE
2023-03-22 07:30:00,,ICE
2023-03-22 07:45:00,,ICE
2023-03-22 08:00:00,,ICE
2023-03-22 08:15:00,,ICE
2023-03-22 08:30:00,,ICE
2023-03-22 08:45:00,,ICE
2023-03-22 09:00:00,,ICE
2023-03-22 09:15:00,,ICE
2023-03-22 09:30:00,,ICE
2023-03-22 09:45:00,,ICE
2023-03-22 10:00:00,,ICE
2023-03-22 10:15:00,,ICE
2023-03-22 10:30:00,,ICE
2023-03-22 10:45:00,,ICE
2023-03-22 11:00:00,,ICE
2023-03-22 11:15:00,,ICE
2023-03-22 11:30:00,,ICE
2023-03-22 11:45:00,,ICE
2023-03-22 12:00:00,,ICE
2023-03-22 12:15:00,,ICE
2023-03-22 12:30:00,,ICE
2023-03-22 12:45:00,,ICE
2023-03-22 13:00:00,,ICE
2023-03-22 13:15:00,,ICE
2023-03-22 13:30:00,,ICE
2023-03-22 13:45:00,,ICE
2023-03-22 14:00:00,,ICE
2023-03-22 14:15:00,,ICE
2023-03-22 14:30:00,,ICE
2023-03-22 14:45:00,,ICE
2023-03-22 15:00:00,,ICE
2023-03-22 15:15:00,,ICE
2023-03-22 15:30:00,,ICE
2023-03-22 15:45:00,,ICE
2023-03-22 16:00:00,,ICE
2023-03-22 16:15:00,,ICE
2023-03-22 16:30:00,,ICE
2023-03-22 16:45:00,,ICE
2023-03-22 17:00:00,,ICE
2023-03-22 17:15:00,,ICE
2023-03-22 17:30:00,,ICE
2023-03-22 17:45:00,,ICE
2023-03-22 18:00:00,,ICE
2023-03-22 18:15:00,,ICE
2023-03-22 18:30:00,,ICE
2023-03-22 18:45:00,,ICE
2023-03-22 19:00:00,,ICE
2023-03-22 19:15:00,,ICE
2023-03-22 19:30:00,,ICE
2023-03-22 19:45:00,,ICE
2023-03-22 20:00:00,,ICE
2023-03-22 20:15:00,,ICE
2023-03-22 20:30:00,,ICE
2023-03-22 20:45:00,,ICE
2023-03-22 21:00:00,,ICE
2023-03-22 21:15:00,,ICE
2023-03-22 21:30:00,,ICE
2023-03-22 21:45:00,,ICE
2023-03-22 22:00:00,,ICE
2023-03-22 22:15:00,,ICE
2023-03-22 22:30:00,,ICE
2023-03-22 22:45:00,,ICE
2023-03-22 23:00:00,,ICE
2023-03-22 23:15:00,,ICE
2023-03-22 23:30:00,,ICE
2023-03-22 23:45:00,,ICE
2023-03-23 00:00:00,,ICE
2023-03-23 00:15:00,,ICE
2023-03-23 00:30:00,,ICE
2023-03-23 00:45:00,,ICE
2023-03-23 01:00:00,,ICE
2023-03-23 01:15:00,,ICE
2023-03-23 01:30:00,,ICE
2023-03-23 01:45:00,,ICE
2023-03-23 02:00:00,,ICE
2023-03-23 02:15:00,,ICE
2023-03-23 02:30:00,,ICE
2023-03-23 02:45:00,,ICE
2023-03-23 03:00:00,,ICE
2023-03-23 03:15:00,,ICE
2023-03-23 03:30:00,,ICE
2023-03-23 03:45:00,,ICE
2023-03-23 04:00:00,,ICE
2023-03-23 04:15:00,,ICE
2023-03-23 04:30:00,,ICE
2023-03-23 04:45:00,,ICE
2023-03-23 05:00:00,,ICE
2023-03-23 05:15:00,,ICE
2023-03-23 05:30:00,,ICE
2023-03-23 05:45:00,,ICE
2023-03-23 06:00:00,,ICE
2023-03-23 06:15:00,,ICE
2023-03-23 06:30:00,,ICE
2023-03-23 06:45:00,,ICE
2023-03-23 07:00:00,,ICE
2023-03-23 07:15:00,,ICE
2023-03-23 07:30:00,,ICE
2023-03-23 07:45:00,,ICE
2023-03-23 08:00:00,,ICE
2023-03-23 08:15:00,,ICE
2023-03-23 08:30:00,,ICE
2023-03-23 08:45:00,,ICE
2023-03-23 09:00:00,,ICE
2023-03-23 09:15:00,,ICE
2023-03-23 09:30:00,,ICE
2023-03-23 09:45:00,,ICE
2023-03-23 10:00:00,,ICE
2023-03-23 10:15:00,,ICE
2023-03-23 10:30:00,,ICE
2023-03-23 10:45:00,,ICE
2023-03-23 11:00:00,,ICE
2023-03-23 11:15:00,,ICE
2023-03-23 11:30:00,,ICE
2023-03-23 11:45:00,,ICE
2023-03-23 12:00:00,,ICE
2023-03-23 12:15:00,,ICE
2023-03-23 12:30:00,,ICE
2023-03-23 12:45:00,,ICE
2023-03-23 13:00:00,,ICE
2023-03-23 13:15:00,,ICE
2023-03-23 13:30:00,,ICE
2023-03-23 13:45:00,,ICE
2023-03-23 14:00:00,,ICE
2023-03-23 14:15:00,,ICE
2023-03-23 14:30:00,,ICE
2023-03-23 14:45:00,,ICE
2023-03-23 15:00:00,,ICE
2023-03-23 15:15:00,,ICE
2023-03-23 15:30:00,,ICE
2023-03-23 15:45:00,,ICE
2023-03-23 16:00:00,,ICE
2023-03-23 16:15:00,,ICE
2023-03-23 16:30:00,,ICE
2023-03-23 16:45:00,,ICE
2023-03-23 17:00:00,,ICE
2023-03-23 17:15:00,,ICE
2023-03-23 17:30:00,,ICE
2023-03-23 17:45:00,,ICE
2023-03-23 18:00:00,,ICE
2023-03-23 18:15:00,,ICE
2023-03-23 18:30:00,,ICE
2023-03-23 18:45:00,,ICE
2023-03-23 19:00:00,,ICE
2023-03-23 19:15:00,,ICE
2023-03-23 19:30:00,,ICE
2023-03-23 19:45:00,,ICE
2023-03-23 20:00:00,,ICE
2023-03-23 20:15:00,,ICE
2023-03-23 20:30:00,,ICE
2023-03-23 20:45:00,,ICE
2023-03-23 21:00:00,,ICE
2023-03-23 21:15:00,,ICE
2023-03-23 21:30:00,,ICE
2023-03-23 21:45:00,,ICE
2023-03-23 22:00:00,,ICE
2023-03-23 22:15:00,,ICE
2023-03-23 22:30:00,,ICE
2023-03-23 22:45:00,,ICE
2023-03-23 23:00:00,,ICE
2023-03-23 23:15:00,,ICE
2023-03-23 23:30:00,,ICE
2023-03-23 23:45:00,,ICE
2023-03-24 00:00:00,,ICE
2023-03-24 00:15:00,,ICE
2023-03-24 00:30:00,,ICE
2023-03-24 00:45:00,,ICE
2023-03-24 01:00:00,,ICE
2023-03-24 01:15:00,,ICE
2023-03-24 01:30:00,,ICE
2023-03-24 01:45:00,,ICE
2023-03-24 02:00:00,,ICE
2023-03-24 02:15:00,,ICE
2023-03-24 02:30:00,,ICE
2023-03-24 02:45:00,,ICE
2023-03-24 03:00:00,,ICE
2023-03-24 03:15:00,,ICE
2023-03-24 03:30:00,,ICE
2023-03-24 03:45:00,,ICE
2023-03-24 04:00:00,,ICE
2023-03-24 04:15:00,,ICE
2023-03-24 04:30:00,,ICE
2023-03-24 04:45:00,,ICE
2023-03-24 05:00:00,,ICE
2023-03-24 05:15:00,,ICE
2023-03-24 05:30:00,,ICE
2023-03-24 05:45:00,,ICE
2023-03-24 06:00:00,,ICE
2023-03-24 06:15:00,,ICE
2023-03-24 06:30:00,,ICE
2023-03-24 06:45:00,,ICE
2023-03-24 07:00:00,,ICE
2023-03-24 07:15:00,,ICE
2023-03-24 07:30:00,,ICE
2023-03-24 07:45:00,,ICE
2023-03-24 08:00:00,,ICE
2023-03-24 08:15:00,,ICE
2023-03-24 08:30:00,,ICE
2023-03-24 08:45:00,,ICE
2023-03-24 09:00:00,,ICE
2023-03-24 09:15:00,,ICE
2023-03-24 09:30:00,,ICE
2023-03-24 09:45:00,,ICE
2023-03-24 10:00:00,,ICE
2023-03-24 10:15:00,,ICE
2023-03-24 10:30:00,,ICE
2023-03-24 10:45:00,,ICE
2023-03-24 11:00:00,,ICE
2023-03-24 11:15:00,,ICE
2023-03-24 11:30:00,,ICE
2023-03-24 11:45:00,,ICE
2023-03-24 12:00:00,,ICE
2023-03-24 12:15:00,,ICE
2023-03-24 12:30:00,,ICE
2023-03-24 12:45:00,,ICE
2023-03-24 13:00:00,,ICE
2023-03-24 13:15:00,,ICE
2023-03-24 13:30:00,,ICE
2023-03-24 13:45:00,,ICE
2023-03-24 14:00:00,,ICE
2023-03-24 14:15:00,,ICE
2023-03-24 14:30:00,,ICE
2023-03-24 14:45:00,,ICE
2023-03-24 15:00:00,,ICE
2023-03-24 15:15:00,,ICE
2023-03-24 15:30:00,,ICE
2023-03-24 15:45:00,,ICE
2023-03-24 16:00:00,,ICE
2023-03-24 16:15:00,,ICE
2023-03-24 16:30:00,,ICE
2023-03-24 16:45:00,,ICE
2023-03-24 17:00:00,,ICE
2023-03-24 17:15:00,,ICE
2023-03-24 17:30:00,,ICE
2023-03-24 17:45:00,,ICE
2023-03-24 18:00:00,,ICE
2023-03-24 18:15:00,,ICE
2023-03-24 18:30:00,,ICE
2023-03-24 18:45:00,,ICE
2023-03-24 19:00:00,,ICE
2023-03-24 19:15:00,,ICE
2023-03-24 19:30:00,,ICE
2023-03-24 19:45:00,,ICE
2023-03-24 20:00:00,,ICE
2023-03-24 20:15:00,,ICE
2023-03-24 20:30:00,,ICE
2023-03-24 20:45:00,,ICE
2023-03-24 21:00:00,,ICE
2023-03-24 21:15:00,,ICE
2023-03-24 21:30:00,,ICE
2023-03-24 21:45:00,,ICE
2023-03-24 22:00:00,,ICE
2023-03-24 22:15:00,,ICE
2023-03-24 22:30:00,,ICE
2023-03-24 22:45:00,,ICE
2023-03-24 23:00:00,,ICE
2023-03-24 23:15:00,,ICE
2023-03-24 23:30:00,,ICE
2023-03-24 23:45:00,,ICE
2023-03-25 00:00:00,,ICE
2023-03-25 00:15:00,,ICE
2023-03-25 00:30:00,,ICE
2023-03-25 00:45:00,,ICE
2023-03-25 01:00:00,,ICE
2023-03-25 01:15:00,,ICE
2023-03-25 01:30:00,,ICE
2023-03-25 01:45:00,,ICE
2023-03-25 02:00:00,,ICE
2023-03-25 02:15:00,,ICE
2023-03-25 02:30:00,,ICE
2023-03-25 02:45:00,,ICE
2023-03-25 03:00:00,,ICE
2023-03-25 03:15:00,,ICE
2023-03-25 03:30:00,,ICE
2023-03-25 03:45:00,,ICE
2023-03-25 04:00:00,,ICE
2023-03-25 04:15:00,,ICE
2023-03-25 04:30:00,,ICE
2023-03-25 04:45:00,,ICE
2023-03-25 05:00:00,,ICE
2023-03-25 05:15:00,,ICE
2023-03-25 05:30:00,,ICE
2023-03-25 05:45:00,,ICE
2023-03-25 06:00:00,,ICE
2023-03-25 06:15:00,,ICE
2023-03-25 06:30:00,,ICE
2023-03-25 06:45:00,,ICE
2023-03-25 07:00:00,,ICE
2023-03-25 07:15:00,,ICE
2023-03-25 07:30:00,,ICE
2023-03-25 07:45:00,,ICE
2023-03-25 08:00:00,,ICE
2023-03-25 08:15:00,,ICE
2023-03-25 08:30:00,,ICE
2023-03-25 08:45:00,,ICE
2023-03-25 09:00:00,,ICE
2023-03-25 09:15:00,,ICE
2023-03-25 09:30:00,,ICE
2023-03-25 09:45:00,,ICE
2023-03-25 10:00:00,,ICE
2023-03-25 10:15:00,,ICE
2023-03-25 10:30:00,,ICE
2023-03-25 10:45:00,,ICE
2023-03-25 11:00:00,,ICE
2023-03-25 11:15:00,,ICE
2023-03-25 11:30:00,,ICE
2023-03-25 11:45:00,,ICE
2023-03-25 12:00:00,,ICE
2023-03-25 12:15:00,,ICE
2023-03-25 12:30:00,,ICE
2023-03-25 12:45:00,,ICE
2023-03-25 13:00:00,,ICE
2023-03-25 13:15:00,,ICE
2023-03-25 13:30:00,,ICE
2023-03-25 13:45:00,,ICE
2023-03-25 14:00:00,,ICE
2023-03-25 14:15:00,,ICE
2023-03-25 14:30:00,,ICE
2023-03-25 14:45:00,,ICE
2023-03-25 15:00:00,,ICE
2023-03-25 15:15:00,,ICE
2023-03-25 15:30:00,,ICE
2023-03-25 15:45:00,,ICE
2023-03-25 16:00:00,,ICE
2023-03-25 16:15:00,,ICE
2023-03-25 16:30:00,,ICE
2023-03-25 16:45:00,,ICE
2023-03-25 17:00:00,,ICE
2023-03-25 17:15:00,,ICE
2023-03-25 17:30:00,,ICE
2023-03-25 17:45:00,,ICE
2023-03-25 18:00:00,,ICE
2023-03-25 18:15:00,,ICE
2023-03-25 18:30:00,,ICE
2023-03-25 18:45:00,,ICE
2023-03-25 19:00:00,,ICE
2023-03-25 19:15:00,,ICE
2023-03-25 19:30:00,,ICE
2023-03-25 19:45:00,,ICE
2023-03-25 20:00:00,,ICE
2023-03-25 20:15:00,,ICE
2023-03-25 20:30:00,,ICE
2023-03-25 20:45:00,,ICE
2023-03-25 21:00:00,,ICE
2023-03-25 21:15:00,,ICE
2023-03-25 21:30:00,,ICE
2023-03-25 21:45:00,,ICE
2023-03-25 22:00:00,,ICE
2023-03-25 22:15:00,,ICE
2023-03-25 22:30:00,,ICE
2023-03-25 22:45:00,,ICE
2023-03-25 23:00:00,,ICE
2023-03-25 23:15:00,,ICE
2023-03-25 23:30:00,,ICE
2023-03-25 23:45:00,,ICE
2023-03-26 00:00:00,,ICE
2023-03-26 00:15:00,,ICE
2023-03-26 00:30:00,,ICE
2023-03-26 00:45:00,,ICE
2023-03-26 01:00:00,,ICE
2023-03-26 01:15:00,,ICE
2023-03-26 01:30:00,,ICE
2023-03-26 01:45:00,,ICE
2023-03-26 02:00:00,,ICE
2023-03-26 02:15:00,,ICE
2023-03-26 02:30:00,,ICE
2023-03-26 02:45:00,,ICE
2023-03-26 03:00:00,,ICE
2023-03-26 03:15:00,,ICE
2023-03-26 03:30:00,,ICE
2023-03-26 03:45:00,,ICE
2023-03-26 04:00:00,,ICE
2023-03-26 04:15:00,,ICE
2023-03-26 04:30:00,,ICE
2023-03-26 04:45:00,,ICE
2023-03-26 05:00:00,,ICE
2023-03-26 05:15:00,,ICE
2023-03-26 05:30:00,,ICE
2023-03-26 05:45:00,,ICE
2023-03-26 06:00:00,,ICE
2023-03-26 06:15:00,,ICE
2023-03-26 06:30:00,,ICE
2023-03-26 06:45:00,,ICE
2023-03-26 07:00:00,,ICE
2023-03-26 07:15:00,,ICE
2023-03-26 07:30:00,,ICE
2023-03-26 07:45:00,,ICE
2023-03-26 08:00:00,,ICE
2023-03-26 08:15:00,,ICE
2023-03-26 08:30:00,,ICE
2023-03-26 08:45:00,,ICE
2023-03-26 09:00:00,,ICE
2023-03-26 09:15:00,,ICE
2023-03-26 09:30:00,,ICE
2023-03-26 09:45:00,,ICE
2023-03-26 10:00:00,,ICE
2023-03-26 10:15:00,,ICE
2023-03-26 10:30:00,,ICE
2023-03-26 10:45:00,,ICE
2023-03-26 11:00:00,,ICE
2023-03-26 11:15:00,,ICE
2023-03-26 11:30:00,,ICE
2023-03-26 11:45:00,,ICE
2023-03-26 12:00:00,,ICE
2023-03-26 12:15:00,,ICE
2023-03-26 12:30:00,,ICE
2023-03-26 12:45:00,,ICE
2023-03-26 13:00:00,,ICE
2023-03-26 13:15:00,,ICE
2023-03-26 13:30:00,,ICE
2023-03-26 13:45:00,,ICE
2023-03-26 14:00:00,,ICE
2023-03-26 14:15:00,,ICE
2023-03-26 14:30:00,,ICE
2023-03-26 14:45:00,,ICE
2023-03-26 15:00:00,,ICE
2023-03-26 15:15:00,,ICE
2023-03-26 15:30:00,,ICE
2023-03-26 15:45:00,,ICE
2023-03-26 16:00:00,,ICE
2023-03-26 16:15:00,,ICE
2023-03-26 16:30:00,,ICE
2023-03-26 16:45:00,,ICE
2023-03-26 17:00:00,,ICE
2023-03-26 17:15:00,,ICE
2023-03-26 17:30:00,,ICE
2023-03-26 17:45:00,,ICE
2023-03-26 18:00:00,,ICE
2023-03-26 18:15:00,,ICE
2023-03-26 18:30:00,,ICE
2023-03-26 18:45:00,,ICE
2023-03-26 19:00:00,,ICE
2023-03-26 19:15:00,,ICE
2023-03-26 19:30:00,,ICE
2023-03-26 19:45:00,,ICE
2023-03-26 20:00:00,,ICE
2023-03-26 20:15:00,,ICE
2023-03-26 20:30:00,,ICE
2023-03-26 20:45:00,,ICE
2023-03-26 21:00:00,,ICE
2023-03-26 21:15:00,,ICE
2023-03-26 21:30:00,,ICE
2023-03-26 21:45:00,,ICE
2023-03-26 22:00:00,,ICE
2023-03-26 22:15:00,,ICE
2023-03-26 22:30:00,,ICE
2023-03-26 22:45:00,,ICE
2023-03-26 23:00:00,,ICE
2023-03-26 23:15:00,,ICE
2023-03-26 23:30:00,,ICE
2023-03-26 23:45:00,,ICE
2023-03-27 00:00:00,,ICE
2023-03-27 00:15:00,,ICE
2023-03-27 00:30:00,,ICE
2023-03-27 00:45:00,,ICE
2023-03-27 01:00:00,,ICE
2023-03-27 01:15:00,,ICE
2023-03-27 01:30:00,,ICE
2023-03-27 01:45:00,,ICE
2023-03-27 02:00:00,,ICE
2023-03-27 02:15:00,,ICE
2023-03-27 02:30:00,,ICE
2023-03-27 02:45:00,,ICE
2023-03-27 03:00:00,,ICE
2023-03-27 03:15:00,,ICE
2023-03-27 03:30:00,,ICE
2023-03-27 03:45:00,,ICE
2023-03-27 04:00:00,,ICE
2023-03-27 04:15:00,,ICE
2023-03-27 04:30:00,,ICE
2023-03-27 04:45:00,,ICE
2023-03-27 05:00:00,,ICE
2023-03-27 05:15:00,,ICE
2023-03-27 05:30:00,,ICE
2023-03-27 05:45:00,,ICE
2023-03-27 06:00:00,,ICE
2023-03-27 06:15:00,,ICE
2023-03-27 06:30:00,,ICE
2023-03-27 06:45:00,,ICE
2023-03-27 07:00:00,,ICE
2023-03-27 07:15:00,,ICE
2023-03-27 07:30:00,,ICE
2023-03-27 07:45:00,,ICE
2023-03-27 08:00:00,,ICE
2023-03-27 08:15:00,,ICE
2023-03-27 08:30:00,,ICE
2023-03-27 08:45:00,,ICE
2023-03-27 09:00:00,,ICE
2023-03-27 09:15:00,,ICE
2023-03-27 09:30:00,,ICE
2023-03-27 09:45:00,,ICE
2023-03-27 10:00:00,,ICE
2023-03-27 10:15:00,,ICE
2023-03-27 10:30:00,,ICE
2023-03-27 10:45:00,,ICE
2023-03-27 11:00:00,,ICE
2023-03-27 11:15:00,,ICE
2023-03-27 11:30:00,,ICE
2023-03-27 11:45:00,,ICE
2023-03-27 12:00:00,,ICE
2023-03-27 12:15:00,,ICE
2023-03-27 12:30:00,,ICE
2023-03-27 12:45:00,,ICE
2023-03-27 13:00:00,,ICE
2023-03-27 13:15:00,,ICE
2023-03-27 13:30:00,,ICE
2023-03-27 13:45:00,,ICE
2023-03-27 14:00:00,,ICE
2023-03-27 14:15:00,,ICE
2023-03-27 14:30:00,,ICE
2023-03-27 14:45:00,,ICE
2023-03-27 15:00:00,,ICE
2023-03-27 15:15:00,,ICE
2023-03-27 15:30:00,,ICE
2023-03-27 15:45:00,,ICE
2023-03-27 16:00:00,,ICE
2023-03-27 16:15:00,,ICE
2023-03-27 16:30:00,,ICE
2023-03-27 16:45:00,,ICE
2023-03-27 17:00:00,,ICE
2023-03-27 17:15:00,,ICE
2023-03-27 17:30:00,,ICE
2023-03-27 17:45:00,,ICE
2023-03-27 18:00:00,,ICE
2023-03-27 18:15:00,,ICE
2023-03-27 18:30:00,,ICE
2023-03-27 18:45:00,,ICE
2023-03-27 19:00:00,,ICE
2023-03-27 19:15:00,,ICE
2023-03-27 19:30:00,,ICE
2023-03-27 19:45:00,,ICE
2023-03-27 20:00:00,,ICE
2023-03-27 20:15:00,,ICE
2023-03-27 20:30:00,,ICE
2023-03-27 20:45:00,,ICE
2023-03-27 21:00:00,,ICE
2023-03-27 21:15:00,,ICE
2023-03-27 21:30:00,,ICE
2023-03-27 21:45:00,,ICE
2023-03-27 22:00:00,,ICE
2023-03-27 22:15:00,,ICE
2023-03-27 22:30:00,,ICE
2023-03-27 22:45:00,,ICE
2023-03-27 23:00:00,,ICE
2023-03-27 23:15:00,,ICE
2023-03-27 23:30:00,,ICE
2023-03-27 23:45:00,,ICE
2023-03-28 00:00:00,,ICE
2023-03-28 00:15:00,,ICE
2023-03-28 00:30:00,,ICE
2023-03-28 00:45:00,,ICE
2023-03-28 01:00:00,,ICE
2023-03-28 01:15:00,,ICE
2023-03-28 01:30:00,,ICE
2023-03-28 01:45:00,,ICE
2023-03-28 02:00:00,,ICE
2023-03-28 02:15:00,,ICE
2023-03-28 02:30:00,,ICE
2023-03-28 02:45:00,,ICE
2023-03-28 03:00:00,,ICE
2023-03-28 03:15:00,,ICE
2023-03-28 03:30:00,,ICE
2023-03-28 03:45:00,,ICE
2023-03-28 04:00:00,,ICE
2023-03-28 04:15:00,,ICE
2023-03-28 04:30:00,,ICE
2023-03-28 04:45:00,,ICE
2023-03-28 05:00:00,,ICE
2023-03-28 05:15:00,,ICE
2023-03-28 05:30:00,,ICE
2023-03-28 05:45:00,,ICE
2023-03-28 06:00:00,,ICE
2023-03-28 06:15:00,,ICE
2023-03-28 06:30:00,,ICE
2023-03-28 06:45:00,,ICE
2023-03-28 07:00:00,,ICE
2023-03-28 07:15:00,,ICE
2023-03-28 07:30:00,,ICE
2023-03-28 07:45:00,,ICE
2023-03-28 08:00:00,,ICE
2023-03-28 08:15:00,,ICE
2023-03-28 08:30:00,,ICE
2023-03-28 08:45:00,,ICE
2023-03-28 09:00:00,,ICE
2023-03-28 09:15:00,,ICE
2023-03-28 09:30:00,,ICE
2023-03-28 09:45:00,,ICE
2023-03-28 10:00:00,,ICE
2023-03-28 10:15:00,,ICE
2023-03-28 10:30:00,,ICE
2023-03-28 10:45:00,,ICE
2023-03-28 11:00:00,,ICE
2023-03-28 11:15:00,,ICE
2023-03-28 11:30:00,,ICE
2023-03-28 11:45:00,,ICE
2023-03-28 12:00:00,,ICE
2023-03-28 12:15:00,,ICE
2023-03-28 12:30:00,,ICE
2023-03-28 12:45:00,,ICE
2023-03-28 13:00:00,,ICE
2023-03-28 13:15:00,,ICE
2023-03-28 13:30:00,,ICE
2023-03-28 13:45:00,,ICE
2023-03-28 14:00:00,,ICE
2023-03-28 14:15:00,,ICE
2023-03-28 14:30:00,,ICE
2023-03-28 14:45:00,,ICE
2023-03-28 15:00:00,,ICE
2023-03-28 15:15:00,,ICE
2023-03-28 15:30:00,,ICE
2023-03-28 15:45:00,,ICE
2023-03-28 16:00:00,,ICE
2023-03-28 16:15:00,,ICE
2023-03-28 16:30:00,,ICE
2023-03-28 16:45:00,,ICE
2023-03-28 17:00:00,,ICE
2023-03-28 17:15:00,,ICE
2023-03-28 17:30:00,,ICE
2023-03-28 17:45:00,,ICE
2023-03-28 18:00:00,,ICE
2023-03-28 18:15:00,,ICE
2023-03-28 18:30:00,,ICE
2023-03-28 18:45:00,,ICE
2023-03-28 19:00:00,,ICE
2023-03-28 19:15:00,,ICE
2023-03-28 19:30:00,,ICE
2023-03-28 19:45:00,,ICE
2023-03-28 20:00:00,,ICE
2023-03-28 20:15:00,,ICE
2023-03-28 20:30:00,,ICE
2023-03-28 20:45:00,,ICE
2023-03-28 21:00:00,,ICE
2023-03-28 21:15:00,,ICE
2023-03-28 21:30:00,,ICE
2023-03-28 21:45:00,,ICE
2023-03-28 22:00:00,,ICE
2023-03-28 22:15:00,,ICE
2023-03-28 22:30:00,,ICE
2023-03-28 22:45:00,,ICE
2023-03-28 23:00:00,,ICE
2023-03-28 23:15:00,,ICE
2023-03-28 23:30:00,,ICE
2023-03-28 23:45:00,,ICE
2023-03-29 00:00:00,,ICE
2023-03-29 00:15:00,,ICE
2023-03-29 00:30:00,,ICE
2023-03-29 00:45:00,,ICE
2023-03-29 01:00:00,,ICE
2023-03-29 01:15:00,,ICE
2023-03-29 01:30:00,,ICE
2023-03-29 01:45:00,,ICE
2023-03-29 02:00:00,,ICE
2023-03-29 02:15:00,,ICE
2023-03-29 02:30:00,,ICE
2023-03-29 02:45:00,,ICE
2023-03-29 03:00:00,,ICE
2023-03-29 03:15:00,,ICE
2023-03-29 03:30:00,,ICE
2023-03-29 03:45:00,,ICE
2023-03-29 04:00:00,,ICE
2023-03-29 04:15:00,,ICE
2023-03-29 04:30:00,,ICE
2023-03-29 04:45:00,,ICE
2023-03-29 05:00:00,,ICE
2023-03-29 05:15:00,,ICE
2023-03-29 05:30:00,,ICE
2023-03-29 05:45:00,,ICE
2023-03-29 06:00:00,,ICE
2023-03-29 06:15:00,,ICE
2023-03-29 06:30:00,,ICE
2023-03-29 06:45:00,,ICE
2023-03-29 07:00:00,,ICE
2023-03-29 07:15:00,,ICE
2023-03-29 07:30:00,,ICE
2023-03-29 07:45:00,,ICE
2023-03-29 08:00:00,,ICE
2023-03-29 08:15:00,,ICE
2023-03-29 08:30:00,,ICE
2023-03-29 08:45:00,,ICE
2023-03-29 09:00:00,,ICE
2023-03-29 09:15:00,,ICE
2023-03-29 09:30:00,,ICE
2023-03-29 09:45:00,,ICE
2023-03-29 10:00:00,,ICE
2023-03-29 10:15:00,,ICE
2023-03-29 10:30:00,,ICE
2023-03-29 10:45:00,,ICE
2023-03-29 11:00:00,,ICE
2023-03-29 11:15:00,,ICE
2023-03-29 11:30:00,,ICE
2023-03-29 11:45:00,,ICE
2023-03-29 12:00:00,,ICE
2023-03-29 12:15:00,,ICE
2023-03-29 12:30:00,,ICE
2023-03-29 12:45:00,,ICE
2023-03-29 13:00:00,,ICE
2023-03-29 13:15:00,,ICE
2023-03-29 13:30:00,,ICE
2023-03-29 13:45:00,,ICE
2023-03-29 14:00:00,,ICE
2023-03-29 14:15:00,,ICE
2023-03-29 14:30:00,,ICE
2023-03-29 14:45:00,,ICE
2023-03-29 15:00:00,,ICE
2023-03-29 15:15:00,,ICE
2023-03-29 15:30:00,,ICE
2023-03-29 15:45:00,,ICE
2023-03-29 16:00:00,,ICE
2023-03-29 16:15:00,,ICE
2023-03-29 16:30:00,,ICE
2023-03-29 16:45:00,,ICE
2023-03-29 17:00:00,,ICE
2023-03-29 17:15:00,,ICE
2023-03-29 17:30:00,,ICE
2023-03-29 17:45:00,,ICE
2023-03-29 18:00:00,,ICE
2023-03-29 18:15:00,,ICE
2023-03-29 18:30:00,,ICE
2023-03-29 18:45:00,,ICE
2023-03-29 19:00:00,,ICE
2023-03-29 19:15:00,,ICE
2023-03-29 19:30:00,,ICE
2023-03-29 19:45:00,,ICE
2023-03-29 20:00:00,,ICE
2023-03-29 20:15:00,,ICE
2023-03-29 20:30:00,,ICE
2023-03-29 20:45:00,,ICE
2023-03-29 21:00:00,,ICE
2023-03-29 21:15:00,,ICE
2023-03-29 21:30:00,,ICE
2023-03-29 21:45:00,,ICE
2023-03-29 22:00:00,,ICE
2023-03-29 22:15:00,,ICE
2023-03-29 22:30:00,,ICE
2023-03-29 22:45:00,,ICE
2023-03-29 23:00:00,,ICE
2023-03-29 23:15:00,,ICE
2023-03-29 23:30:00,,ICE
2023-03-29 23:45:00,,ICE
2023-03-30 00:00:00,,ICE
2023-03-30 00:15:00,,ICE
2023-03-30 00:30:00,,ICE
2023-03-30 00:45:00,,ICE
2023-03-30 01:00:00,,ICE
2023-03-30 01:15:00,,ICE
2023-03-30 01:30:00,,ICE
2023-03-30 01:45:00,,ICE
2023-03-30 02:00:00,,ICE
2023-03-30 02:15:00,,ICE
2023-03-30 02:30:00,,ICE
2023-03-30 02:45:00,,ICE
2023-03-30 03:00:00,,ICE
2023-03-30 03:15:00,,ICE
2023-03-30 03:30:00,,ICE
2023-03-30 03:45:00,,ICE
2023-03-30 04:00:00,,ICE
2023-03-30 04:15:00,,ICE
2023-03-30 04:30:00,,ICE
2023-03-30 04:45:00,,ICE
2023-03-30 05:00:00,,ICE
2023-03-30 05:15:00,,ICE
2023-03-30 05:30:00,,ICE
2023-03-30 05:45:00,,ICE
2023-03-30 06:00:00,,ICE
2023-03-30 06:15:00,,ICE
2023-03-30 06:30:00,,ICE
2023-03-30 06:45:00,,ICE
2023-03-30 07:00:00,,ICE
2023-03-30 07:15:00,,ICE
2023-03-30 07:30:00,,ICE
2023-03-30 07:45:00,,ICE
2023-03-30 08:00:00,,ICE
2023-03-30 08:15:00,,ICE
2023-03-30 08:30:00,,ICE
2023-03-30 08:45:00,,ICE
2023-03-30 09:00:00,,ICE
2023-03-30 09:15:00,,ICE
2023-03-30 09:30:00,,ICE
2023-03-30 09:45:00,,ICE
2023-03-30 10:00:00,,ICE
2023-03-30 10:15:00,,ICE
2023-03-30 10:30:00,,ICE
2023-03-30 10:45:00,,ICE
2023-03-30 11:00:00,,ICE
2023-03-30 11:15:00,,ICE
2023-03-30 11:30:00,,ICE
2023-03-30 11:45:00,,ICE
2023-03-30 12:00:00,,ICE
2023-03-30 12:15:00,,ICE
2023-03-30 12:30:00,,ICE
2023-03-30 12:45:00,,ICE
2023-03-30 13:00:00,,ICE
2023-03-30 13:15:00,,ICE
2023-03-30 13:30:00,,ICE
2023-03-30 13:45:00,,ICE
2023-03-30 14:00:00,,ICE
2023-03-30 14:15:00,,ICE
2023-03-30 14:30:00,,ICE
2023-03-30 14:45:00,,ICE
2023-03-30 15:00:00,,ICE
2023-03-30 15:15:00,,ICE
2023-03-30 15:30:00,,ICE
2023-03-30 15:45:00,,ICE
2023-03-30 16:00:00,,ICE
2023-03-30 16:15:00,,ICE
2023-03-30 16:30:00,,ICE
2023-03-30 16:45:00,,ICE
2023-03-30 17:00:00,,ICE
2023-03-30 17:15:00,,ICE
2023-03-30 17:30:00,,ICE
2023-03-30 17:45:00,,ICE
2023-03-30 18:00:00,,ICE
2023-03-30 18:15:00,,ICE
2023-03-30 18:30:00,,ICE
2023-03-30 18:45:00,,ICE
2023-03-30 19:00:00,,ICE
2023-03-30 19:15:00,,ICE
2023-03-30 19:30:00,,ICE
2023-03-30 19:45:00,,ICE
2023-03-30 20:00:00,,ICE
2023-03-30 20:15:00,,ICE
2023-03-30 20:30:00,,ICE
2023-03-30 20:45:00,,ICE
2023-03-30 21:00:00,,ICE
2023-03-30 21:15:00,,ICE
2023-03-30 21:30:00,,ICE
2023-03-30 21:45:00,,ICE
2023-03-30 22:00:00,,ICE
2023-03-30 22:15:00,,ICE
2023-03-30 22:30:00,,ICE
2023-03-30 22:45:00,,ICE
2023-03-30 23:00:00,,ICE
2023-03-30 23:15:00,,ICE
2023-03-30 23:30:00,,ICE
2023-03-30 23:45:00,,ICE
2023-03-31 00:00:00,,ICE
2023-03-31 00:15:00,,ICE
2023-03-31 00:30:00,,ICE
2023-03-31 00:45:00,,ICE
2023-03-31 01:00:00,,ICE
2023-03-31 01:15:00,,ICE
2023-03-31 01:30:00,,ICE
2023-03-31 01:45:00,,ICE
2023-03-31 02:00:00,,ICE
2023-03-31 02:15:00,,ICE
2023-03-31 02:30:00,,ICE
2023-03-31 02:45:00,,ICE
2023-03-31 03:00:00,,ICE
2023-03-31 03:15:00,,ICE
2023-03-31 03:30:00,,ICE
2023-03-31 03:45:00,,ICE
2023-03-31 04:00:00,,ICE
2023-03-31 04:15:00,,ICE
2023-03-31 04:30:00,,ICE
2023-03-31 04:45:00,,ICE
2023-03-31 05:00:00,,ICE
2023-03-31 05:15:00,,ICE
2023-03-31 05:30:00,,ICE
2023-03-31 05:45:00,,ICE
2023-03-31 06:00:00,,ICE
2023-03-31 06:15:00,,ICE
2023-03-31 06:30:00,,ICE
2023-03-31 06:45:00,,ICE
2023-03-31 07:00:00,,ICE
2023-03-31 07:15:00,,ICE
2023-03-31 07:30:00,,ICE
2023-03-31 07:45:00,,ICE
2023-03-31 08:00:00,,ICE
2023-03-31 08:15:00,,ICE
2023-03-31 08:30:00,,ICE
2023-03-31 08:45:00,,ICE
2023-03-31 09:00:00,,ICE
2023-03-31 09:15:00,,ICE
2023-03-31 09:30:00,,ICE
2023-03-31 09:45:00,,ICE
2023-03-31 10:00:00,,ICE
2023-03-31 10:15:00,,ICE
2023-03-31 10:30:00,,ICE
2023-03-31 10:45:00,,ICE
2023-03-31 11:00:00,,ICE
2023-03-31 11:15:00,,ICE
2023-03-31 11:30:00,,ICE
2023-03-31 11:45:00,,ICE
2023-03-31 12:00:00,,ICE
2023-03-31 12:15:00,,ICE
2023-03-31 12:30:00,,ICE
2023-03-31 12:45:00,,ICE
2023-03-31 13:00:00,,ICE
2023-03-31 13:15:00,,ICE
2023-03-31 13:30:00,,ICE
2023-03-31 13:45:00,,ICE
2023-03-31 14:00:00,,ICE
2023-03-31 14:15:00,,ICE
2023-03-31 14:30:00,,ICE
2023-03-31 14:45:00,,ICE
2023-03-31 15:00:00,,ICE
2023-03-31 15:15:00,,ICE
2023-03-31 15:30:00,,ICE
2023-03-31 15:45:00,,ICE
2023-03-31 16:00:00,,ICE
2023-03-31 16:15:00,,ICE
2023-03-31 16:30:00,,ICE
2023-03-31 16:45:00,,ICE
2023-03-31 17:00:00,,ICE
2023-03-31 17:15:00,,ICE
2023-03-31 17:30:00,,ICE
2023-03-31 17:45:00,,ICE
2023-03-31 18:00:00,,ICE
2023-03-31 18:15:00,,ICE
2023-03-31 18:30:00,,ICE
2023-03-31 18:45:00,,ICE
2023-03-31 19:00:00,,ICE
2023-03-31 19:15:00,,ICE
2023-03-31 19:30:00,,ICE
2023-03-31 19:45:00,,ICE
2023-03-31 20:00:00,,ICE
2023-03-31 20:15:00,,ICE
2023-03-31 20:30:00,,ICE
2023-03-31 20:45:00,,ICE
2023-03-31 21:00:00,,ICE
2023-03-31 21:15:00,,ICE
2023-03-31 21:30:00,,ICE
2023-03-31 21:45:00,,ICE
2023-03-31 22:00:00,,ICE
2023-03-31 22:15:00,,ICE
2023-03-31 22:30:00,,ICE
2023-03-31 22:45:00,,ICE
2023-03-31 23:00:00,,ICE
2023-03-31 23:15:00,,ICE
2023-03-31 23:30:00,,ICE
2023-03-31 23:45:00,,ICE
2023-04-01 00:00:00,,ICE
2023-04-01 00:15:00,,ICE
2023-04-01 00:30:00,,ICE
2023-04-01 00:45:00,,ICE
2023-04-01 01:00:00,,ICE
2023-04-01 01:15:00,,ICE
2023-04-01 01:30:00,,ICE
2023-04-01 01:45:00,,ICE
2023-04-01 02:00:00,,ICE
2023-04-01 02:15:00,,ICE
2023-04-01 02:30:00,,ICE
2023-04-01 02:45:00,,ICE
2023-04-01 03:00:00,,ICE
2023-04-01 03:15:00,,ICE
2023-04-01 03:30:00,,ICE
2023-04-01 03:45:00,,ICE
2023-04-01 04:00:00,,ICE
2023-04-01 04:15:00,,ICE
2023-04-01 04:30:00,,ICE
2023-04-01 04:45:00,,ICE
2023-04-01 05:00:00,,ICE
2023-04-01 05:15:00,,ICE
2023-04-01 05:30:00,,ICE
2023-04-01 05:45:00,,ICE
2023-04-01 06:00:00,,ICE
2023-04-01 06:15:00,,ICE
2023-04-01 06:30:00,,ICE
2023-04-01 06:45:00,,ICE
2023-04-01 07:00:00,,ICE
2023-04-01 07:15:00,,ICE
2023-04-01 07:30:00,,ICE
2023-04-01 07:45:00,,ICE
2023-04-01 08:00:00,,ICE
2023-04-01 08:15:00,,ICE
2023-04-01 08:30:00,,ICE
2023-04-01 08:45:00,,ICE
2023-04-01 09:00:00,,ICE
2023-04-01 09:15:00,,ICE
2023-04-01 09:30:00,,ICE
2023-04-01 09:45:00,,ICE
2023-04-01 10:00:00,,ICE
2023-04-01 10:15:00,,ICE
2023-04-01 10:30:00,,ICE
2023-04-01 10:45:00,,ICE
2023-04-01 11:00:00,,ICE
2023-04-01 11:15:00,,ICE
2023-04-01 11:30:00,,ICE
2023-04-01 11:45:00,,ICE
2023-04-01 12:00:00,,ICE
2023-04-01 12:15:00,,ICE
2023-04-01 12:30:00,,ICE
2023-04-01 12:45:00,,ICE
2023-04-01 13:00:00,,ICE
2023-04-01 13:15:00,,ICE
2023-04-01 13:30:00,,ICE
2023-04-01 13:45:00,,ICE
2023-04-01 14:00:00,,ICE
2023-04-01 14:15:00,,ICE
2023-04-01 14:30:00,,ICE
2023-04-01 14:45:00,,ICE
2023-04-01 15:00:00,,ICE
2023-04-01 15:15:00,,ICE
2023-04-01 15:30:00,,ICE
2023-04-01 15:45:00,,ICE
2023-04-01 16:00:00,,ICE
2023-04-01 16:15:00,,ICE
2023-04-01 16:30:00,,ICE
2023-04-01 16:45:00,,ICE
2023-04-01 17:00:00,,ICE
2023-04-01 17:15:00,,ICE
2023-04-01 17:30:00,,ICE
2023-04-01 17:45:00,,ICE
2023-04-01 18:00:00,,ICE
2023-04-01 18:15:00,,ICE
2023-04-01 18:30:00,,ICE
2023-04-01 18:45:00,,ICE
2023-04-01 19:00:00,,ICE
2023-04-01 19:15:00,,ICE
2023-04-01 19:30:00,,ICE
2023-04-01 19:45:00,,ICE
2023-04-01 20:00:00,,ICE
2023-04-01 20:15:00,,ICE
2023-04-01 20:30:00,,ICE
2023-04-01 20:45:00,,ICE
2023-04-01 21:00:00,,ICE
2023-04-01 21:15:00,,ICE
2023-04-01 21:30:00,,ICE
2023-04-01 21:45:00,,ICE
2023-04-01 22:00:00,,ICE
2023-04-01 22:15:00,,ICE
2023-04-01 22:30:00,,ICE
2023-04-01 22:45:00,,ICE
2023-04-01 23:00:00,,ICE
2023-04-01 23:15:00,,ICE
2023-04-01 23:30:00,,ICE
2023-04-01 23:45:00,,ICE
2023-04-02 00:00:00,,ICE
2023-04-02 00:15:00,,ICE
2023-04-02 00:30:00,,ICE
2023-04-02 00:45:00,,ICE
2023-04-02 01:00:00,,ICE
2023-04-02 01:15:00,,ICE
2023-04-02 01:30:00,,ICE
2023-04-02 01:45:00,,ICE
2023-04-02 02:00:00,,ICE
2023-04-02 02:15:00,,ICE
2023-04-02 02:30:00,,ICE
2023-04-02 02:45:00,,ICE
2023-04-02 03:00:00,,ICE
2023-04-02 03:15:00,,ICE
2023-04-02 03:30:00,,ICE
2023-04-02 03:45:00,,ICE
2023-04-02 04:00:00,,ICE
2023-04-02 04:15:00,,ICE
2023-04-02 04:30:00,,ICE
2023-04-02 04:45:00,,ICE
2023-04-02 05:00:00,,ICE
2023-04-02 05:15:00,,ICE
2023-04-02 05:30:00,,ICE
2023-04-02 05:45:00,,ICE
2023-04-02 06:00:00,,ICE
2023-04-02 06:15:00,,ICE
2023-04-02 06:30:00,,ICE
2023-04-02 06:45:00,,ICE
2023-04-02 07:00:00,,ICE
2023-04-02 07:15:00,,ICE
2023-04-02 07:30:00,,ICE
2023-04-02 07:45:00,,ICE
2023-04-02 08:00:00,,ICE
2023-04-02 08:15:00,,ICE
2023-04-02 08:30:00,,ICE
2023-04-02 08:45:00,,ICE
2023-04-02 09:00:00,,ICE
2023-04-02 09:15:00,,ICE
2023-04-02 09:30:00,,ICE
2023-04-02 09:45:00,,ICE
2023-04-02 10:00:00,,ICE
2023-04-02 10:15:00,,ICE
2023-04-02 10:30:00,,ICE
2023-04-02 10:45:00,,ICE
2023-04-02 11:00:00,,ICE
2023-04-02 11:15:00,,ICE
2023-04-02 11:30:00,,ICE
2023-04-02 11:45:00,,ICE
2023-04-02 12:00:00,,ICE
2023-04-02 12:15:00,,ICE
2023-04-02 12:30:00,,ICE
2023-04-02 12:45:00,,ICE
2023-04-02 13:00:00,,ICE
2023-04-02 13:15:00,,ICE
2023-04-02 13:30:00,,ICE
2023-04-02 13:45:00,,ICE
2023-04-02 14:00:00,,ICE
2023-04-02 14:15:00,,ICE
2023-04-02 14:30:00,,ICE
2023-04-02 14:45:00,,ICE
2023-04-02 15:00:00,,ICE
2023-04-02 15:15:00,,ICE
2023-04-02 15:30:00,,ICE
2023-04-02 15:45:00,,ICE
2023-04-02 16:00:00,,ICE
2023-04-02 16:15:00,,ICE
2023-04-02 16:30:00,,ICE
2023-04-02 16:45:00,,ICE
2023-04-02 17:00:00,,ICE
2023-04-02 17:15:00,,ICE
2023-04-02 17:30:00,,ICE
2023-04-02 17:45:00,,ICE
2023-04-02 18:00:00,,ICE
2023-04-02 18:15:00,,ICE
2023-04-02 18:30:00,,ICE
2023-04-02 18:45:00,,ICE
2023-04-02 19:00:00,,ICE
2023-04-02 19:15:00,,ICE
2023-04-02 19:30:00,,ICE
2023-04-02 19:45:00,,ICE
2023-04-02 20:00:00,,ICE
2023-04-02 20:15:00,,ICE
2023-04-02 20:30:00,,ICE
2023-04-02 20:45:00,,ICE
2023-04-02 21:00:00,,ICE
2023-04-02 21:15:00,,ICE
2023-04-02 21:30:00,,ICE
2023-04-02 21:45:00,,ICE
2023-04-02 22:00:00,,ICE
2023-04-02 22:15:00,,ICE
2023-04-02 22:30:00,,ICE
2023-04-02 22:45:00,,ICE
2023-04-02 23:00:00,,ICE
2023-04-02 23:15:00,,ICE
2023-04-02 23:30:00,,ICE
2023-04-02 23:45:00,,ICE
2023-04-03 00:00:00,,ICE
2023-04-03 00:15:00,,ICE
2023-04-03 00:30:00,,ICE
2023-04-03 00:45:00,,ICE
2023-04-03 01:00:00,,ICE
2023-04-03 01:15:00,,ICE
2023-04-03 01:30:00,,ICE
2023-04-03 01:45:00,,ICE
2023-04-03 02:00:00,,ICE
2023-04-03 02:15:00,,ICE
2023-04-03 02:30:00,,ICE
2023-04-03 02:45:00,,ICE
2023-04-03 03:00:00,,ICE
2023-04-03 03:15:00,,ICE
2023-04-03 03:30:00,,ICE
2023-04-03 03:45:00,,ICE
2023-04-03 04:00:00,,ICE
2023-04-03 04:15:00,,ICE
2023-04-03 04:30:00,,ICE
2023-04-03 04:45:00,,ICE
2023-04-03 05:00:00,,ICE
2023-04-03 05:15:00,,ICE
2023-04-03 05:30:00,,ICE
2023-04-03 05:45:00,,ICE
2023-04-03 06:00:00,,ICE
2023-04-03 06:15:00,,ICE
2023-04-03 06:30:00,,ICE
2023-04-03 06:45:00,,ICE
2023-04-03 07:00:00,,ICE
2023-04-03 07:15:00,,ICE
2023-04-03 07:30:00,,ICE
2023-04-03 07:45:00,,ICE
2023-04-03 08:00:00,,ICE
2023-04-03 08:15:00,,ICE
2023-04-03 08:30:00,,ICE
2023-04-03 08:45:00,,ICE
2023-04-03 09:00:00,,ICE
2023-04-03 09:15:00,,ICE
2023-04-03 09:30:00,,ICE
2023-04-03 09:45:00,,ICE
2023-04-03 10:00:00,,ICE
2023-04-03 10:15:00,,ICE
2023-04-03 10:30:00,,ICE
2023-04-03 10:45:00,,ICE
2023-04-03 11:00:00,,ICE
2023-04-03 11:15:00,,ICE
2023-04-03 11:30:00,,ICE
2023-04-03 11:45:00,,ICE
2023-04-03 12:00:00,,ICE
2023-04-03 12:15:00,,ICE
2023-04-03 12:30:00,,ICE
2023-04-03 12:45:00,,ICE
2023-04-03 13:00:00,,ICE
2023-04-03 13:15:00,,ICE
2023-04-03 13:30:00,,ICE
2023-04-03 13:45:00,,ICE
2023-04-03 14:00:00,,ICE
2023-04-03 14:15:00,,ICE
2023-04-03 14:30:00,,ICE
2023-04-03 14:45:00,,ICE
2023-04-03 15:00:00,,ICE
2023-04-03 15:15:00,,ICE
2023-04-03 15:30:00,,ICE
2023-04-03 15:45:00,,ICE
2023-04-03 16:00:00,,ICE
2023-04-03 16:15:00,,ICE
2023-04-03 16:30:00,,ICE
2023-04-03 16:45:00,,ICE
2023-04-03 17:00:00,,ICE
2023-04-03 17:15:00,,ICE
2023-04-03 17:30:00,,ICE
2023-04-03 17:45:00,,ICE
2023-04-03 18:00:00,,ICE
2023-04-03 18:15:00,,ICE
2023-04-03 18:30:00,,ICE
2023-04-03 18:45:00,,ICE
2023-04-03 19:00:00,,ICE
2023-04-03 19:15:00,,ICE
2023-04-03 19:30:00,,ICE
2023-04-03 19:45:00,,ICE
2023-04-03 20:00:00,,ICE
2023-04-03 20:15:00,,ICE
2023-04-03 20:30:00,,ICE
2023-04-03 20:45:00,,ICE
2023-04-03 21:00:00,,ICE
2023-04-03 21:15:00,,ICE
2023-04-03 21:30:00,,ICE
2023-04-03 21:45:00,,ICE
2023-04-03 22:00:00,,ICE
2023-04-03 22:15:00,,ICE
2023-04-03 22:30:00,,ICE
2023-04-03 22:45:00,,ICE
2023-04-03 23:00:00,,ICE
2023-04-03 23:15:00,,ICE
2023-04-03 23:30:00,,ICE
2023-04-03 23:45:00,,ICE
2023-04-04 00:00:00,,ICE
2023-04-04 00:15:00,,ICE
2023-04-04 00:30:00,,ICE
2023-04-04 00:45:00,,ICE
2023-04-04 01:00:00,,ICE
2023-04-04 01:15:00,,ICE
2023-04-04 01:30:00,,ICE
2023-04-04 01:45:00,,ICE
2023-04-04 02:00:00,,ICE
2023-04-04 02:15:00,,ICE
2023-04-04 02:30:00,,ICE
2023-04-04 02:45:00,,ICE
2023-04-04 03:00:00,,ICE
2023-04-04 03:15:00,,ICE
2023-04-04 03:30:00,,ICE
2023-04-04 03:45:00,,ICE
2023-04-04 04:00:00,,ICE
2023-04-04 04:15:00,,ICE
2023-04-04 04:30:00,,ICE
2023-04-04 04:45:00,,ICE
2023-04-04 05:00:00,,ICE
2023-04-04 05:15:00,,ICE
2023-04-04 05:30:00,,ICE
2023-04-04 05:45:00,,ICE
2023-04-04 06:00:00,,ICE
2023-04-04 06:15:00,,ICE
2023-04-04 06:30:00,,ICE
2023-04-04 06:45:00,,ICE
2023-04-04 07:00:00,,ICE
2023-04-04 07:15:00,,ICE
2023-04-04 07:30:00,,ICE
2023-04-04 07:45:00,,ICE
2023-04-04 08:00:00,,ICE
2023-04-04 08:15:00,,ICE
2023-04-04 08:30:00,,ICE
2023-04-04 08:45:00,,ICE
2023-04-04 09:00:00,,ICE
2023-04-04 09:15:00,,ICE
2023-04-04 09:30:00,,ICE
2023-04-04 09:45:00,,ICE
2023-04-04 10:00:00,,ICE
2023-04-04 10:15:00,,ICE
2023-04-04 10:30:00,,ICE
2023-04-04 10:45:00,,ICE
2023-04-04 11:00:00,,ICE
2023-04-04 11:15:00,,ICE
2023-04-04 11:30:00,,ICE
2023-04-04 11:45:00,,ICE
2023-04-04 12:00:00,,ICE
2023-04-04 12:15:00,,ICE
2023-04-04 12:30:00,,ICE
2023-04-04 12:45:00,,ICE
2023-04-04 13:00:00,,ICE
2023-04-04 13:15:00,,ICE
2023-04-04 13:30:00,,ICE
2023-04-04 13:45:00,,ICE
2023-04-04 14:00:00,,ICE
2023-04-04 14:15:00,,ICE
2023-04-04 14:30:00,,ICE
2023-04-04 14:45:00,,ICE
2023-04-04 15:00:00,,ICE
2023-04-04 15:15:00,,ICE
2023-04-04 15:30:00,,ICE
2023-04-04 15:45:00,,ICE
2023-04-04 16:00:00,,ICE
2023-04-04 16:15:00,,ICE
2023-04-04 16:30:00,,ICE
2023-04-04 16:45:00,,ICE
2023-04-04 17:00:00,,ICE
2023-04-04 17:15:00,,ICE
2023-04-04 17:30:00,,ICE
2023-04-04 17:45:00,,ICE
2023-04-04 18:00:00,,ICE
2023-04-04 18:15:00,,ICE
2023-04-04 18:30:00,,ICE
2023-04-04 18:45:00,,ICE
2023-04-04 19:00:00,,ICE
2023-04-04 19:15:00,,ICE
2023-04-04 19:30:00,,ICE
2023-04-04 19:45:00,,ICE
2023-04-04 20:00:00,,ICE
2023-04-04 20:15:00,,ICE
2023-04-04 20:30:00,,ICE
2023-04-04 20:45:00,,ICE
2023-04-04 21:00:00,,ICE
2023-04-04 21:15:00,,ICE
2023-04-04 21:30:00,,ICE
2023-04-04 21:45:00,,ICE
2023-04-04 22:00:00,,ICE
2023-04-04 22:15:00,,ICE
2023-04-04 22:30:00,,ICE
2023-04-04 22:45:00,,ICE
2023-04-04 23:00:00,,ICE
2023-04-04 23:15:00,,ICE
2023-04-04 23:30:00,,ICE
2023-04-04 23:45:00,,ICE
2023-04-05 00:00:00,,ICE
2023-04-05 00:15:00,,ICE
2023-04-05 00:30:00,,ICE
2023-04-05 00:45:00,,ICE
2023-04-05 01:00:00,,ICE
2023-04-05 01:15:00,,ICE
2023-04-05 01:30:00,,ICE
2023-04-05 01:45:00,,ICE
2023-04-05 02:00:00,,ICE
2023-04-05 02:15:00,,ICE
2023-04-05 02:30:00,,ICE
2023-04-05 02:45:00,,ICE
2023-04-05 03:00:00,,ICE
2023-04-05 03:15:00,,ICE
2023-04-05 03:30:00,,ICE
2023-04-05 03:45:00,,ICE
2023-04-05 04:00:00,,ICE
2023-04-05 04:15:00,,ICE
2023-04-05 04:30:00,,ICE
2023-04-05 04:45:00,,ICE
2023-04-05 05:00:00,,ICE
2023-04-05 05:15:00,,ICE
2023-04-05 05:30:00,,ICE
2023-04-05 05:45:00,,ICE
2023-04-05 06:00:00,,ICE
2023-04-05 06:15:00,,ICE
2023-04-05 06:30:00,,ICE
2023-04-05 06:45:00,,ICE
2023-04-05 07:00:00,,ICE
2023-04-05 07:15:00,,ICE
2023-04-05 07:30:00,,ICE
2023-04-05 07:45:00,,ICE
2023-04-05 08:00:00,,ICE
2023-04-05 08:15:00,,ICE
2023-04-05 08:30:00,,ICE
2023-04-05 08:45:00,,ICE
2023-04-05 09:00:00,,ICE
2023-04-05 09:15:00,,ICE
2023-04-05 09:30:00,,ICE
2023-04-05 09:45:00,,ICE
2023-04-05 10:00:00,,ICE
2023-04-05 10:15:00,,ICE
2023-04-05 10:30:00,,ICE
2023-04-05 10:45:00,,ICE
2023-04-05 11:00:00,,ICE
2023-04-05 11:15:00,,ICE
2023-04-05 11:30:00,,ICE
2023-04-05 11:45:00,,ICE
2023-04-05 12:00:00,,ICE
2023-04-05 12:15:00,,ICE
2023-04-05 12:30:00,,ICE
2023-04-05 12:45:00,,ICE
2023-04-05 13:00:00,,ICE
2023-04-05 13:15:00,,ICE
2023-04-05 13:30:00,,ICE
2023-04-05 13:45:00,,ICE
2023-04-05 14:00:00,,ICE
2023-04-05 14:15:00,,ICE
2023-04-05 14:30:00,,ICE
2023-04-05 14:45:00,,ICE
2023-04-05 15:00:00,,ICE
2023-04-05 15:15:00,,ICE
2023-04-05 15:30:00,,ICE
2023-04-05 15:45:00,,ICE
2023-04-05 16:00:00,,ICE
2023-04-05 16:15:00,,ICE
2023-04-05 16:30:00,,ICE
2023-04-05 16:45:00,,ICE
2023-04-05 17:00:00,,ICE
2023-04-05 17:15:00,,ICE
2023-04-05 17:30:00,,ICE
2023-04-05 17:45:00,,ICE
2023-04-05 18:00:00,,ICE
2023-04-05 18:15:00,,ICE
2023-04-05 18:30:00,,ICE
2023-04-05 18:45:00,,ICE
2023-04-05 19:00:00,,ICE
2023-04-05 19:15:00,,ICE
2023-04-05 19:30:00,,ICE
2023-04-05 19:45:00,,ICE
2023-04-05 20:00:00,,ICE
2023-04-05 20:15:00,,ICE
2023-04-05 20:30:00,,ICE
2023-04-05 20:45:00,,ICE
2023-04-05 21:00:00,,ICE
2023-04-05 21:15:00,,ICE
2023-04-05 21:30:00,,ICE
2023-04-05 21:45:00,,ICE
2023-04-05 22:00:00,,ICE
2023-04-05 22:15:00,,ICE
2023-04-05 22:30:00,,ICE
2023-04-05 22:45:00,,ICE
2023-04-05 23:00:00,,ICE
2023-04-05 23:15:00,,ICE
2023-04-05 23:30:00,,ICE
2023-04-05 23:45:00,,ICE
2023-04-06 00:00:00,,ICE
2023-04-06 00:15:00,,ICE
2023-04-06 00:30:00,,ICE
2023-04-06 00:45:00,,ICE
2023-04-06 01:00:00,,ICE
2023-04-06 01:15:00,,ICE
2023-04-06 01:30:00,,ICE
2023-04-06 01:45:00,,ICE
2023-04-06 02:00:00,,ICE
2023-04-06 02:15:00,,ICE
2023-04-06 02:30:00,,ICE
2023-04-06 02:45:00,,ICE
2023-04-06 03:00:00,,ICE
2023-04-06 03:15:00,,ICE
2023-04-06 03:30:00,,ICE
2023-04-06 03:45:00,,ICE
2023-04-06 04:00:00,,ICE
2023-04-06 04:15:00,,ICE
2023-04-06 04:30:00,,ICE
2023-04-06 04:45:00,,ICE
2023-04-06 05:00:00,,ICE
2023-04-06 05:15:00,,ICE
2023-04-06 05:30:00,,ICE
2023-04-06 05:45:00,,ICE
2023-04-06 06:00:00,,ICE
2023-04-06 06:15:00,,ICE
2023-04-06 06:30:00,,ICE
2023-04-06 06:45:00,,ICE
2023-04-06 07:00:00,,ICE
2023-04-06 07:15:00,,ICE
2023-04-06 07:30:00,,ICE
2023-04-06 07:45:00,,ICE
2023-04-06 08:00:00,,ICE
2023-04-06 08:15:00,,ICE
2023-04-06 08:30:00,,ICE
2023-04-06 08:45:00,,ICE
2023-04-06 09:00:00,,ICE
2023-04-06 09:15:00,,ICE
2023-04-06 09:30:00,,ICE
2023-04-06 09:45:00,,ICE
2023-04-06 10:00:00,,ICE
2023-04-06 10:15:00,,ICE
2023-04-06 10:30:00,,ICE
2023-04-06 10:45:00,,ICE
2023-04-06 11:00:00,,ICE
2023-04-06 11:15:00,,ICE
2023-04-06 11:30:00,,ICE
2023-04-06 11:45:00,,ICE
2023-04-06 12:00:00,,ICE
2023-04-06 12:15:00,,ICE
2023-04-06 12:30:00,,ICE
2023-04-06 12:45:00,,ICE
2023-04-06 13:00:00,,ICE
2023-04-06 13:15:00,,ICE
2023-04-06 13:30:00,,ICE
2023-04-06 13:45:00,,ICE
2023-04-06 14:00:00,,ICE
2023-04-06 14:15:00,,ICE
2023-04-06 14:30:00,,ICE
2023-04-06 14:45:00,,ICE
2023-04-06 15:00:00,,ICE
2023-04-06 15:15:00,,ICE
2023-04-06 15:30:00,,ICE
2023-04-06 15:45:00,,ICE
2023-04-06 16:00:00,,ICE
2023-04-06 16:15:00,,ICE
2023-04-06 16:30:00,,ICE
2023-04-06 16:45:00,,ICE
2023-04-06 17:00:00,,ICE
2023-04-06 17:15:00,,ICE
2023-04-06 17:30:00,,ICE
2023-04-06 17:45:00,,ICE
2023-04-06 18:00:00,,ICE
2023-04-06 18:15:00,,ICE
2023-04-06 18:30:00,,ICE
2023-04-06 18:45:00,,ICE
2023-04-06 19:00:00,,ICE
2023-04-06 19:15:00,,ICE
2023-04-06 19:30:00,,ICE
2023-04-06 19:45:00,,ICE
2023-04-06 20:00:00,,ICE
2023-04-06 20:15:00,,ICE
2023-04-06 20:30:00,,ICE
2023-04-06 20:45:00,,ICE
2023-04-06 21:00:00,,ICE
2023-04-06 21:15:00,,ICE
2023-04-06 21:30:00,,ICE
2023-04-06 21:45:00,,ICE
2023-04-06 22:00:00,,ICE
2023-04-06 22:15:00,,ICE
2023-04-06 22:30:00,,ICE
2023-04-06 22:45:00,,ICE
2023-04-06 23:00:00,,ICE
2023-04-06 23:15:00,,ICE
2023-04-06 23:30:00,,ICE
2023-04-06 23:45:00,,ICE
2023-04-07 00:00:00,,ICE
2023-04-07 00:15:00,,ICE
2023-04-07 00:30:00,,ICE
2023-04-07 00:45:00,,ICE
2023-04-07 01:00:00,,ICE
2023-04-07 01:15:00,,ICE
2023-04-07 01:30:00,,ICE
2023-04-07 01:45:00,,ICE
2023-04-07 02:00:00,,ICE
2023-04-07 02:15:00,,ICE
2023-04-07 02:30:00,,ICE
2023-04-07 02:45:00,,ICE
2023-04-07 03:00:00,,ICE
2023-04-07 03:15:00,,ICE
2023-04-07 03:30:00,,ICE
2023-04-07 03:45:00,,ICE
2023-04-07 04:00:00,,ICE
2023-04-07 04:15:00,,ICE
2023-04-07 04:30:00,,ICE
2023-04-07 04:45:00,,ICE
2023-04-07 05:00:00,,ICE
2023-04-07 05:15:00,,ICE
2023-04-07 05:30:00,,ICE
2023-04-07 05:45:00,,ICE
2023-04-07 06:00:00,,ICE
2023-04-07 06:15:00,,ICE
2023-04-07 06:30:00,,ICE
2023-04-07 06:45:00,,ICE
2023-04-07 07:00:00,,ICE
2023-04-07 07:15:00,,ICE
2023-04-07 07:30:00,,ICE
2023-04-07 07:45:00,,ICE
2023-04-07 08:00:00,,ICE
2023-04-07 08:15:00,,ICE
2023-04-07 08:30:00,,ICE
2023-04-07 08:45:00,,ICE
2023-04-07 09:00:00,,ICE
2023-04-07 09:15:00,,ICE
2023-04-07 09:30:00,,ICE
2023-04-07 09:45:00,,ICE
2023-04-07 10:00:00,,ICE
2023-04-07 10:15:00,,ICE
2023-04-07 10:30:00,,ICE
2023-04-07 10:45:00,,ICE
2023-04-07 11:00:00,,ICE
2023-04-07 11:15:00,,ICE
2023-04-07 11:30:00,,ICE
2023-04-07 11:45:00,,ICE
2023-04-07 12:00:00,,ICE
2023-04-07 12:15:00,,ICE
2023-04-07 12:30:00,,ICE
2023-04-07 12:45:00,,ICE
2023-04-07 13:00:00,,ICE
2023-04-07 13:15:00,,ICE
2023-04-07 13:30:00,,ICE
2023-04-07 13:45:00,,ICE
2023-04-07 14:00:00,,ICE
2023-04-07 14:15:00,,ICE
2023-04-07 14:30:00,,ICE
2023-04-07 14:45:00,,ICE
2023-04-07 15:00:00,,ICE
2023-04-07 15:15:00,,ICE
2023-04-07 15:30:00,,ICE
2023-04-07 15:45:00,,ICE
2023-04-07 16:00:00,,ICE
2023-04-07 16:15:00,,ICE
2023-04-07 16:30:00,,ICE
2023-04-07 16:45:00,,ICE
2023-04-07 17:00:00,,ICE
2023-04-07 17:15:00,,ICE
2023-04-07 17:30:00,,ICE
2023-04-07 17:45:00,,ICE
2023-04-07 18:00:00,,ICE
2023-04-07 18:15:00,,ICE
2023-04-07 18:30:00,,ICE
2023-04-07 18:45:00,,ICE
2023-04-07 19:00:00,,ICE
2023-04-07 19:15:00,,ICE
2023-04-07 19:30:00,,ICE
2023-04-07 19:45:00,,ICE
2023-04-07 20:00:00,,ICE
2023-04-07 20:15:00,,ICE
2023-04-07 20:30:00,,ICE
2023-04-07 20:45:00,,ICE
2023-04-07 21:00:00,,ICE
2023-04-07 21:15:00,,ICE
2023-04-07 21:30:00,,ICE
2023-04-07 21:45:00,,ICE
2023-04-07 22:00:00,,ICE
2023-04-07 22:15:00,,ICE
2023-04-07 22:30:00,,ICE
2023-04-07 22:45:00,,ICE
2023-04-07 23:00:00,,ICE
2023-04-07 23:15:00,,ICE
2023-04-07 23:30:00,,ICE
2023-04-07 23:45:00,,ICE
2023-04-08 00:00:00,,ICE
2023-04-08 00:15:00,,ICE
2023-04-08 00:30:00,,ICE
2023-04-08 00:45:00,,ICE
2023-04-08 01:00:00,,ICE
2023-04-08 01:15:00,,ICE
2023-04-08 01:30:00,,ICE
2023-04-08 01:45:00,,ICE
2023-04-08 02:00:00,,ICE
2023-04-08 02:15:00,,ICE
2023-04-08 02:30:00,,ICE
2023-04-08 02:45:00,,ICE
2023-04-08 03:00:00,,ICE
2023-04-08 03:15:00,,ICE
2023-04-08 03:30:00,,ICE
2023-04-08 03:45:00,,ICE
2023-04-08 04:00:00,,ICE
2023-04-08 04:15:00,,ICE
2023-04-08 04:30:00,,ICE
2023-04-08 04:45:00,,ICE
2023-04-08 05:00:00,,ICE
2023-04-08 05:15:00,,ICE
2023-04-08 05:30:00,,ICE
2023-04-08 05:45:00,,ICE
2023-04-08 06:00:00,,ICE
2023-04-08 06:15:00,,ICE
2023-04-08 06:30:00,,ICE
2023-04-08 06:45:00,,ICE
2023-04-08 07:00:00,,ICE
2023-04-08 07:15:00,,ICE
2023-04-08 07:30:00,,ICE
2023-04-08 07:45:00,,ICE
2023-04-08 08:00:00,,ICE
2023-04-08 08:15:00,,ICE
2023-04-08 08:30:00,,ICE
2023-04-08 08:45:00,,ICE
2023-04-08 09:00:00,,ICE
2023-04-08 09:15:00,,ICE
2023-04-08 09:30:00,,ICE
2023-04-08 09:45:00,,ICE
2023-04-08 10:00:00,,ICE
2023-04-08 10:15:00,,ICE
2023-04-08 10:30:00,,ICE
2023-04-08 10:45:00,,ICE
2023-04-08 11:00:00,,ICE
2023-04-08 11:15:00,,ICE
2023-04-08 11:30:00,,ICE
2023-04-08 11:45:00,,ICE
2023-04-08 12:00:00,,ICE
2023-04-08 12:15:00,,ICE
2023-04-08 12:30:00,,ICE
2023-04-08 12:45:00,,ICE
2023-04-08 13:00:00,,ICE
2023-04-08 13:15:00,,ICE
2023-04-08 13:30:00,,ICE
2023-04-08 13:45:00,,ICE
2023-04-08 14:00:00,,ICE
2023-04-08 14:15:00,,ICE
2023-04-08 14:30:00,,ICE
2023-04-08 14:45:00,,ICE
2023-04-08 15:00:00,,ICE
2023-04-08 15:15:00,,ICE
2023-04-08 15:30:00,,ICE
2023-04-08 15:45:00,,ICE
2023-04-08 16:00:00,,ICE
2023-04-08 16:15:00,,ICE
2023-04-08 16:30:00,,ICE
2023-04-08 16:45:00,,ICE
2023-04-08 17:00:00,,ICE
2023-04-08 17:15:00,,ICE
2023-04-08 17:30:00,,ICE
2023-04-08 17:45:00,,ICE
2023-04-08 18:00:00,,ICE
2023-04-08 18:15:00,,ICE
2023-04-08 18:30:00,,ICE
2023-04-08 18:45:00,,ICE
2023-04-08 19:00:00,,ICE
2023-04-08 19:15:00,,ICE
2023-04-08 19:30:00,,ICE
2023-04-08 19:45:00,,ICE
2023-04-08 20:00:00,,ICE
2023-04-08 20:15:00,,ICE
2023-04-08 20:30:00,,ICE
2023-04-08 20:45:00,,ICE
2023-04-08 21:00:00,,ICE
2023-04-08 21:15:00,,ICE
2023-04-08 21:30:00,,ICE
2023-04-08 21:45:00,,ICE
2023-04-08 22:00:00,,ICE
2023-04-08 22:15:00,,ICE
2023-04-08 22:30:00,,ICE
2023-04-08 22:45:00,,ICE
2023-04-08 23:00:00,,ICE
2023-04-08 23:15:00,,ICE
2023-04-08 23:30:00,,ICE
2023-04-08 23:45:00,,ICE
2023-04-09 00:00:00,,ICE
2023-04-09 00:15:00,,ICE
2023-04-09 00:30:00,,ICE
2023-04-09 00:45:00,,ICE
2023-04-09 01:00:00,,ICE
2023-04-09 01:15:00,,ICE
2023-04-09 01:30:00,,ICE
2023-04-09 01:45:00,,ICE
2023-04-09 02:00:00,,ICE
2023-04-09 02:15:00,,ICE
2023-04-09 02:30:00,,ICE
2023-04-09 02:45:00,,ICE
2023-04-09 03:00:00,,ICE
2023-04-09 03:15:00,,ICE
2023-04-09 03:30:00,,ICE
2023-04-09 03:45:00,,ICE
2023-04-09 04:00:00,,ICE
2023-04-09 04:15:00,,ICE
2023-04-09 04:30:00,,ICE
2023-04-09 04:45:00,,ICE
2023-04-09 05:00:00,,ICE
2023-04-09 05:15:00,,ICE
2023-04-09 05:30:00,,ICE
2023-04-09 05:45:00,,ICE
2023-04-09 06:00:00,,ICE
2023-04-09 06:15:00,,ICE
2023-04-09 06:30:00,,ICE
2023-04-09 06:45:00,,ICE
2023-04-09 07:00:00,,ICE
2023-04-09 07:15:00,,ICE
2023-04-09 07:30:00,,ICE
2023-04-09 07:45:00,,ICE
2023-04-09 08:00:00,,ICE
2023-04-09 08:15:00,,ICE
2023-04-09 08:30:00,,ICE
2023-04-09 08:45:00,,ICE
2023-04-09 09:00:00,,ICE
2023-04-09 09:15:00,,ICE
2023-04-09 09:30:00,,ICE
2023-04-09 09:45:00,,ICE
2023-04-09 10:00:00,,ICE
2023-04-09 10:15:00,,ICE
2023-04-09 10:30:00,,ICE
2023-04-09 10:45:00,,ICE
2023-04-09 11:00:00,,ICE
2023-04-09 11:15:00,,ICE
2023-04-09 11:30:00,,ICE
2023-04-09 11:45:00,,ICE
2023-04-09 12:00:00,,ICE
2023-04-09 12:15:00,,ICE
2023-04-09 12:30:00,,ICE
2023-04-09 12:45:00,,ICE
2023-04-09 13:00:00,,ICE
2023-04-09 13:15:00,,ICE
2023-04-09 13:30:00,,ICE
2023-04-09 13:45:00,,ICE
2023-04-09 14:00:00,,ICE
2023-04-09 14:15:00,,ICE
2023-04-09 14:30:00,,ICE
2023-04-09 14:45:00,,ICE
2023-04-09 15:00:00,,ICE
2023-04-09 15:15:00,,ICE
2023-04-09 15:30:00,,ICE
2023-04-09 15:45:00,,ICE
2023-04-09 16:00:00,,ICE
2023-04-09 16:15:00,,ICE
2023-04-09 16:30:00,,ICE
2023-04-09 16:45:00,,ICE
2023-04-09 17:00:00,,ICE
2023-04-09 17:15:00,,ICE
2023-04-09 17:30:00,,ICE
2023-04-09 17:45:00,,ICE
2023-04-09 18:00:00,,ICE
2023-04-09 18:15:00,,ICE
2023-04-09 18:30:00,,ICE
2023-04-09 18:45:00,,ICE
2023-04-09 19:00:00,,ICE
2023-04-09 19:15:00,,ICE
2023-04-09 19:30:00,,ICE
2023-04-09 19:45:00,,ICE
2023-04-09 20:00:00,,ICE
2023-04-09 20:15:00,,ICE
2023-04-09 20:30:00,,ICE
2023-04-09 20:45:00,,ICE
2023-04-09 21:00:00,,ICE
2023-04-09 21:15:00,,ICE
2023-04-09 21:30:00,,ICE
2023-04-09 21:45:00,,ICE
2023-04-09 22:00:00,,ICE
2023-04-09 22:15:00,,ICE
2023-04-09 22:30:00,,ICE
2023-04-09 22:45:00,,ICE
2023-04-09 23:00:00,,ICE
2023-04-09 23:15:00,,ICE
2023-04-09 23:30:00,,ICE
2023-04-09 23:45:00,,ICE
2023-04-10 00:00:00,,ICE
2023-04-10 00:15:00,,ICE
2023-04-10 00:30:00,,ICE
2023-04-10 00:45:00,,ICE
2023-04-10 01:00:00,,ICE
2023-04-10 01:15:00,,ICE
2023-04-10 01:30:00,,ICE
2023-04-10 01:45:00,,ICE
2023-04-10 02:00:00,,ICE
2023-04-10 02:15:00,,ICE
2023-04-10 02:30:00,,ICE
2023-04-10 02:45:00,,ICE
2023-04-10 03:00:00,,ICE
2023-04-10 03:15:00,,ICE
2023-04-10 03:30:00,,ICE
2023-04-10 03:45:00,,ICE
2023-04-10 04:00:00,,ICE
2023-04-10 04:15:00,,ICE
2023-04-10 04:30:00,,ICE
2023-04-10 04:45:00,,ICE
2023-04-10 05:00:00,,ICE
2023-04-10 05:15:00,,ICE
2023-04-10 05:30:00,,ICE
2023-04-10 05:45:00,,ICE
2023-04-10 06:00:00,,ICE
2023-04-10 06:15:00,,ICE
2023-04-10 06:30:00,,ICE
2023-04-10 06:45:00,,ICE
2023-04-10 07:00:00,,ICE
2023-04-10 07:15:00,,ICE
2023-04-10 07:30:00,,ICE
2023-04-10 07:45:00,,ICE
2023-04-10 08:00:00,,ICE
2023-04-10 08:15:00,,ICE
2023-04-10 08:30:00,,ICE
2023-04-10 08:45:00,,ICE
2023-04-10 09:00:00,,ICE
2023-04-10 09:15:00,,ICE
2023-04-10 09:30:00,,ICE
2023-04-10 09:45:00,,ICE
2023-04-10 10:00:00,,ICE
2023-04-10 10:15:00,,ICE
2023-04-10 10:30:00,,ICE
2023-04-10 10:45:00,,ICE
2023-04-10 11:00:00,,ICE
2023-04-10 11:15:00,,ICE
2023-04-10 11:30:00,,ICE
2023-04-10 11:45:00,,ICE
2023-04-10 12:00:00,,ICE
2023-04-10 12:15:00,,ICE
2023-04-10 12:30:00,,ICE
2023-04-10 12:45:00,,ICE
2023-04-10 13:00:00,,ICE
2023-04-10 13:15:00,,ICE
2023-04-10 13:30:00,,ICE
2023-04-10 13:45:00,,ICE
2023-04-10 14:00:00,,ICE
2023-04-10 14:15:00,,ICE
2023-04-10 14:30:00,,ICE
2023-04-10 14:45:00,,ICE
2023-04-10 15:00:00,,ICE
2023-04-10 15:15:00,,ICE
2023-04-10 15:30:00,,ICE
2023-04-10 15:45:00,,ICE
2023-04-10 16:00:00,,ICE
2023-04-10 16:15:00,,ICE
2023-04-10 16:30:00,,ICE
2023-04-10 16:45:00,,ICE
2023-04-10 17:00:00,,ICE
2023-04-10 17:15:00,,ICE
2023-04-10 17:30:00,,ICE
2023-04-10 17:45:00,,ICE
2023-04-10 18:00:00,,ICE
2023-04-10 18:15:00,,ICE
2023-04-10 18:30:00,,ICE
2023-04-10 18:45:00,,ICE
2023-04-10 19:00:00,,ICE
2023-04-10 19:15:00,,ICE
2023-04-10 19:30:00,,ICE
2023-04-10 19:45:00,,ICE
2023-04-10 20:00:00,,ICE
2023-04-10 20:15:00,,ICE
2023-04-10 20:30:00,,ICE
2023-04-10 20:45:00,,ICE
2023-04-10 21:00:00,,ICE
2023-04-10 21:15:00,,ICE
2023-04-10 21:30:00,,ICE
2023-04-10 21:45:00,,ICE
2023-04-10 22:00:00,,ICE
2023-04-10 22:15:00,,ICE
2023-04-10 22:30:00,,ICE
2023-04-10 22:45:00,,ICE
2023-04-10 23:00:00,,ICE
2023-04-10 23:15:00,,ICE
2023-04-10 23:30:00,,ICE
2023-04-10 23:45:00,,ICE
2023-04-11 00:00:00,,ICE
2023-04-11 00:15:00,,ICE
2023-04-11 00:30:00,,ICE
2023-04-11 00:45:00,,ICE
2023-04-11 01:00:00,,ICE
2023-04-11 01:15:00,,ICE
2023-04-11 01:30:00,,ICE
2023-04-11 01:45:00,,ICE
2023-04-11 02:00:00,,ICE
2023-04-11 02:15:00,,ICE
2023-04-11 02:30:00,,ICE
2023-04-11 02:45:00,,ICE
2023-04-11 03:00:00,,ICE
2023-04-11 03:15:00,,ICE
2023-04-11 03:30:00,,ICE
2023-04-11 03:45:00,,ICE
2023-04-11 04:00:00,,ICE
2023-04-11 04:15:00,,ICE
2023-04-11 04:30:00,,ICE
2023-04-11 04:45:00,,ICE
2023-04-11 05:00:00,,ICE
2023-04-11 05:15:00,,ICE
2023-04-11 05:30:00,,ICE
2023-04-11 05:45:00,,ICE
2023-04-11 06:00:00,,ICE
2023-04-11 06:15:00,,ICE
2023-04-11 06:30:00,,ICE
2023-04-11 06:45:00,,ICE
2023-04-11 07:00:00,,ICE
2023-04-11 07:15:00,,ICE
2023-04-11 07:30:00,,ICE
2023-04-11 07:45:00,,ICE
2023-04-11 08:00:00,,ICE
2023-04-11 08:15:00,,ICE
2023-04-11 08:30:00,,ICE
2023-04-11 08:45:00,,ICE
2023-04-11 09:00:00,,ICE
2023-04-11 09:15:00,,ICE
2023-04-11 09:30:00,,ICE
2023-04-11 09:45:00,,ICE
2023-04-11 10:00:00,,ICE
2023-04-11 10:15:00,,ICE
2023-04-11 10:30:00,,ICE
2023-04-11 10:45:00,,ICE
2023-04-11 11:00:00,,ICE
2023-04-11 11:15:00,,ICE
2023-04-11 11:30:00,,ICE
2023-04-11 11:45:00,,ICE
2023-04-11 12:00:00,,ICE
2023-04-11 12:15:00,,ICE
2023-04-11 12:30:00,,ICE
2023-04-11 12:45:00,,ICE
2023-04-11 13:00:00,,ICE
2023-04-11 13:15:00,,ICE
2023-04-11 13:30:00,,ICE
2023-04-11 13:45:00,,ICE
2023-04-11 14:00:00,,ICE
2023-04-11 14:15:00,,ICE
2023-04-11 14:30:00,,ICE
2023-04-11 14:45:00,,ICE
2023-04-11 15:00:00,,ICE
2023-04-11 15:15:00,,ICE
2023-04-11 15:30:00,,ICE
2023-04-11 15:45:00,,ICE
2023-04-11 16:00:00,,ICE
2023-04-11 16:15:00,,ICE
2023-04-11 16:30:00,,ICE
2023-04-11 16:45:00,,ICE
2023-04-11 17:00:00,,ICE
2023-04-11 17:15:00,,ICE
2023-04-11 17:30:00,,ICE
2023-04-11 17:45:00,,ICE
2023-04-11 18:00:00,,ICE
2023-04-11 18:15:00,,ICE
2023-04-11 18:30:00,,ICE
2023-04-11 18:45:00,,ICE
2023-04-11 19:00:00,,ICE
2023-04-11 19:15:00,,ICE
2023-04-11 19:30:00,,ICE
2023-04-11 19:45:00,,ICE
2023-04-11 20:00:00,,ICE
2023-04-11 20:15:00,,ICE
2023-04-11 20:30:00,,ICE
2023-04-11 20:45:00,,ICE
2023-04-11 21:00:00,,ICE
2023-04-11 21:15:00,,ICE
2023-04-11 21:30:00,,ICE
2023-04-11 21:45:00,,ICE
2023-04-11 22:00:00,,ICE
2023-04-11 22:15:00,,ICE
2023-04-11 22:30:00,,ICE
2023-04-11 22:45:00,,ICE
2023-04-11 23:00:00,,ICE
2023-04-11 23:15:00,,ICE
2023-04-11 23:30:00,,ICE
2023-04-11 23:45:00,,ICE
2023-04-12 00:00:00,,ICE
2023-04-12 00:15:00,,ICE
2023-04-12 00:30:00,,ICE
2023-04-12 00:45:00,,ICE
2023-04-12 01:00:00,,ICE
2023-04-12 01:15:00,,ICE
2023-04-12 01:30:00,,ICE
2023-04-12 01:45:00,,ICE
2023-04-12 02:00:00,,ICE
2023-04-12 02:15:00,,ICE
2023-04-12 02:30:00,,ICE
2023-04-12 02:45:00,,ICE
2023-04-12 03:00:00,,ICE
2023-04-12 03:15:00,,ICE
2023-04-12 03:30:00,,ICE
2023-04-12 03:45:00,,ICE
2023-04-12 04:00:00,,ICE
2023-04-12 04:15:00,,ICE
2023-04-12 04:30:00,,ICE
2023-04-12 04:45:00,,ICE
2023-04-12 05:00:00,,ICE
2023-04-12 05:15:00,,ICE
2023-04-12 05:30:00,,ICE
2023-04-12 05:45:00,,ICE
2023-04-12 06:00:00,,ICE
2023-04-12 06:15:00,,ICE
2023-04-12 06:30:00,,ICE
2023-04-12 06:45:00,,ICE
2023-04-12 07:00:00,,ICE
2023-04-12 07:15:00,,ICE
2023-04-12 07:30:00,,ICE
2023-04-12 07:45:00,,ICE
2023-04-12 08:00:00,,ICE
2023-04-12 08:15:00,,ICE
2023-04-12 08:30:00,,ICE
2023-04-12 08:45:00,,ICE
2023-04-12 09:00:00,,ICE
2023-04-12 09:15:00,,ICE
2023-04-12 09:30:00,,ICE
2023-04-12 09:45:00,,ICE
2023-04-12 10:00:00,,ICE
2023-04-12 10:15:00,,ICE
2023-04-12 10:30:00,,ICE
2023-04-12 10:45:00,,ICE
2023-04-12 11:00:00,,ICE
2023-04-12 11:15:00,,ICE
2023-04-12 11:30:00,,ICE
2023-04-12 11:45:00,,ICE
2023-04-12 12:00:00,,ICE
2023-04-12 12:15:00,,ICE
2023-04-12 12:30:00,,ICE
2023-04-12 12:45:00,,ICE
2023-04-12 13:00:00,,ICE
2023-04-12 13:15:00,,ICE
2023-04-12 13:30:00,,ICE
2023-04-12 13:45:00,,ICE
2023-04-12 14:00:00,,ICE
2023-04-12 14:15:00,,ICE
2023-04-12 14:30:00,,ICE
2023-04-12 14:45:00,,ICE
2023-04-12 15:00:00,,ICE
2023-04-12 15:15:00,,ICE
2023-04-12 15:30:00,,ICE
2023-04-12 15:45:00,,ICE
2023-04-12 16:00:00,,ICE
2023-04-12 16:15:00,,ICE
2023-04-12 16:30:00,,ICE
2023-04-12 16:45:00,,ICE
2023-04-12 17:00:00,,ICE
2023-04-12 17:15:00,,ICE
2023-04-12 17:30:00,,ICE
2023-04-12 17:45:00,,ICE
2023-04-12 18:00:00,,ICE
2023-04-12 18:15:00,,ICE
2023-04-12 18:30:00,,ICE
2023-04-12 18:45:00,,ICE
2023-04-12 19:00:00,,ICE
2023-04-12 19:15:00,,ICE
2023-04-12 19:30:00,,ICE
2023-04-12 19:45:00,,ICE
2023-04-12 20:00:00,,ICE
2023-04-12 20:15:00,,ICE
2023-04-12 20:30:00,,ICE
2023-04-12 20:45:00,,ICE
2023-04-12 21:00:00,,ICE
2023-04-12 21:15:00,,ICE
2023-04-12 21:30:00,,ICE
2023-04-12 21:45:00,,ICE
2023-04-12 22:00:00,,ICE
2023-04-12 22:15:00,,ICE
2023-04-12 22:30:00,,ICE
2023-04-12 22:45:00,,ICE
2023-04-12 23:00:00,,ICE
2023-04-12 23:15:00,,ICE
2023-04-12 23:30:00,,ICE
2023-04-12 23:45:00,,ICE
2023-04-13 00:00:00,,ICE
2023-04-13 00:15:00,,ICE
2023-04-13 00:30:00,,ICE
2023-04-13 00:45:00,,ICE
2023-04-13 01:00:00,,ICE
2023-04-13 01:15:00,,ICE
2023-04-13 01:30:00,,ICE
2023-04-13 01:45:00,,ICE
2023-04-13 02:00:00,,ICE
2023-04-13 02:15:00,,ICE
2023-04-13 02:30:00,,ICE
2023-04-13 02:45:00,,ICE
2023-04-13 03:00:00,,ICE
2023-04-13 03:15:00,,ICE
2023-04-13 03:30:00,,ICE
2023-04-13 03:45:00,,ICE
2023-04-13 04:00:00,,ICE
2023-04-13 04:15:00,,ICE
2023-04-13 04:30:00,,ICE
2023-04-13 04:45:00,,ICE
2023-04-13 05:00:00,,ICE
2023-04-13 05:15:00,,ICE
2023-04-13 05:30:00,,ICE
2023-04-13 05:45:00,,ICE
2023-04-13 06:00:00,,ICE
2023-04-13 06:15:00,,ICE
2023-04-13 06:30:00,,ICE
2023-04-13 06:45:00,,ICE
2023-04-13 07:00:00,,ICE
2023-04-13 07:15:00,,ICE
2023-04-13 07:30:00,,ICE
2023-04-13 07:45:00,,ICE
2023-04-13 08:00:00,,ICE
2023-04-13 08:15:00,,ICE
2023-04-13 08:30:00,,ICE
2023-04-13 08:45:00,,ICE
2023-04-13 09:00:00,,ICE
2023-04-13 09:15:00,,ICE
2023-04-13 09:30:00,,ICE
2023-04-13 09:45:00,,ICE
2023-04-13 10:00:00,,ICE
2023-04-13 10:15:00,,ICE
2023-04-13 10:30:00,,ICE
2023-04-13 10:45:00,,ICE
2023-04-13 11:00:00,,ICE
2023-04-13 11:15:00,,ICE
2023-04-13 11:30:00,,ICE
2023-04-13 11:45:00,,ICE
2023-04-13 12:00:00,,ICE
2023-04-13 12:15:00,,ICE
2023-04-13 12:30:00,,ICE
2023-04-13 12:45:00,,ICE
2023-04-13 13:00:00,,ICE
2023-04-13 13:15:00,,ICE
2023-04-13 13:30:00,,ICE
2023-04-13 13:45:00,,ICE
2023-04-13 14:00:00,,ICE
2023-04-13 14:15:00,,ICE
2023-04-13 14:30:00,,ICE
2023-04-13 14:45:00,,ICE
2023-04-13 15:00:00,,ICE
2023-04-13 15:15:00,,ICE
2023-04-13 15:30:00,,ICE
2023-04-13 15:45:00,,ICE
2023-04-13 16:00:00,,ICE
2023-04-13 16:15:00,,ICE
2023-04-13 16:30:00,,ICE
2023-04-13 16:45:00,,ICE
2023-04-13 17:00:00,,ICE
2023-04-13 17:15:00,,ICE
2023-04-13 17:30:00,,ICE
2023-04-13 17:45:00,,ICE
2023-04-13 18:00:00,,ICE
2023-04-13 18:15:00,,ICE
2023-04-13 18:30:00,,ICE
2023-04-13 18:45:00,,ICE
2023-04-13 19:00:00,,ICE
2023-04-13 19:15:00,,ICE
2023-04-13 19:30:00,,ICE
2023-04-13 19:45:00,,ICE
2023-04-13 20:00:00,,ICE
2023-04-13 20:15:00,,ICE
2023-04-13 20:30:00,,ICE
2023-04-13 20:45:00,,ICE
2023-04-13 21:00:00,,ICE
2023-04-13 21:15:00,,ICE
2023-04-13 21:30:00,,ICE
2023-04-13 21:45:00,,ICE
2023-04-13 22:00:00,,ICE
2023-04-13 22:15:00,,ICE
2023-04-13 22:30:00,,ICE
2023-04-13 22:45:00,,ICE
2023-04-13 23:00:00,,ICE
2023-04-13 23:15:00,,ICE
2023-04-13 23:30:00,,ICE
2023-04-13 23:45:00,,ICE
2023-04-14 00:00:00,,ICE
2023-04-14 00:15:00,,ICE
2023-04-14 00:30:00,,ICE
2023-04-14 00:45:00,,ICE
2023-04-14 01:00:00,,ICE
2023-04-14 01:15:00,,ICE
2023-04-14 01:30:00,,ICE
2023-04-14 01:45:00,,ICE
2023-04-14 02:00:00,,ICE
2023-04-14 02:15:00,,ICE
2023-04-14 02:30:00,,ICE
2023-04-14 02:45:00,,ICE
2023-04-14 03:00:00,,ICE
2023-04-14 03:15:00,,ICE
2023-04-14 03:30:00,,ICE
2023-04-14 03:45:00,,ICE
2023-04-14 04:00:00,,ICE
2023-04-14 04:15:00,,ICE
2023-04-14 04:30:00,,ICE
2023-04-14 04:45:00,,ICE
2023-04-14 05:00:00,,ICE
2023-04-14 05:15:00,,ICE
2023-04-14 05:30:00,,ICE
2023-04-14 05:45:00,,ICE
2023-04-14 06:00:00,,ICE
2023-04-14 06:15:00,,ICE
2023-04-14 06:30:00,,ICE
2023-04-14 06:45:00,,ICE
2023-04-14 07:00:00,,ICE
2023-04-14 07:15:00,,ICE
2023-04-14 07:30:00,,ICE
2023-04-14 07:45:00,,ICE
2023-04-14 08:00:00,,ICE
2023-04-14 08:15:00,,ICE
2023-04-14 08:30:00,,ICE
2023-04-14 08:45:00,,ICE
2023-04-14 09:00:00,,ICE
2023-04-14 09:15:00,,ICE
2023-04-14 09:30:00,,ICE
2023-04-14 09:45:00,,ICE
2023-04-14 10:00:00,,ICE
2023-04-14 10:15:00,,ICE
2023-04-14 10:30:00,,ICE
2023-04-14 10:45:00,,ICE
2023-04-14 11:00:00,,ICE
2023-04-14 11:15:00,,ICE
2023-04-14 11:30:00,,ICE
2023-04-14 11:45:00,,ICE
2023-04-14 12:00:00,,ICE
2023-04-14 12:15:00,,ICE
2023-04-14 12:30:00,,ICE
2023-04-14 12:45:00,,ICE
2023-04-14 13:00:00,,ICE
2023-04-14 13:15:00,,ICE
2023-04-14 13:30:00,,ICE
2023-04-14 13:45:00,,ICE
2023-04-14 14:00:00,,ICE
2023-04-14 14:15:00,,ICE
2023-04-14 14:30:00,,ICE
2023-04-14 14:45:00,,ICE
2023-04-14 15:00:00,,ICE
2023-04-14 15:15:00,,ICE
2023-04-14 15:30:00,,ICE
2023-04-14 15:45:00,,ICE
2023-04-14 16:00:00,,ICE
2023-04-14 16:15:00,,ICE
2023-04-14 16:30:00,,ICE
2023-04-14 16:45:00,,ICE
2023-04-14 17:00:00,,ICE
2023-04-14 17:15:00,,ICE
2023-04-14 17:30:00,,ICE
2023-04-14 17:45:00,,ICE
2023-04-14 18:00:00,,ICE
2023-04-14 18:15:00,,ICE
2023-04-14 18:30:00,,ICE
2023-04-14 18:45:00,,ICE
2023-04-14 19:00:00,,ICE
2023-04-14 19:15:00,,ICE
2023-04-14 19:30:00,,ICE
2023-04-14 19:45:00,,ICE
2023-04-14 20:00:00,,ICE
2023-04-14 20:15:00,,ICE
2023-04-14 20:30:00,,ICE
2023-04-14 20:45:00,,ICE
2023-04-14 21:00:00,,ICE
2023-04-14 21:15:00,,ICE
2023-04-14 21:30:00,,ICE
2023-04-14 21:45:00,,ICE
2023-04-14 22:00:00,,ICE
2023-04-14 22:15:00,,ICE
2023-04-14 22:30:00,,ICE
2023-04-14 22:45:00,,ICE
2023-04-14 23:00:00,,ICE
2023-04-14 23:15:00,,ICE
2023-04-14 23:30:00,,ICE
2023-04-14 23:45:00,,ICE
2023-04-15 00:00:00,,ICE
2023-04-15 00:15:00,,ICE
2023-04-15 00:30:00,,ICE
2023-04-15 00:45:00,,ICE
2023-04-15 01:00:00,,ICE
2023-04-15 01:15:00,,ICE
2023-04-15 01:30:00,,ICE
2023-04-15 01:45:00,,ICE
2023-04-15 02:00:00,,ICE
2023-04-15 02:15:00,,ICE
2023-04-15 02:30:00,,ICE
2023-04-15 02:45:00,,ICE
2023-04-15 03:00:00,,ICE
2023-04-15 03:15:00,,ICE
2023-04-15 03:30:00,,ICE
2023-04-15 03:45:00,,ICE
2023-04-15 04:00:00,,ICE
2023-04-15 04:15:00,,ICE
2023-04-15 04:30:00,,ICE
2023-04-15 04:45:00,,ICE
2023-04-15 05:00:00,,ICE
2023-04-15 05:15:00,,ICE
2023-04-15 05:30:00,,ICE
2023-04-15 05:45:00,,ICE
2023-04-15 06:00:00,,ICE
2023-04-15 06:15:00,,ICE
2023-04-15 06:30:00,,ICE
2023-04-15 06:45:00,,ICE
2023-04-15 07:00:00,,ICE
2023-04-15 07:15:00,,ICE
2023-04-15 07:30:00,,ICE
2023-04-15 07:45:00,,ICE
2023-04-15 08:00:00,,ICE
2023-04-15 08:15:00,,ICE
2023-04-15 08:30:00,,ICE
2023-04-15 08:45:00,,ICE
2023-04-15 09:00:00,,ICE
2023-04-15 09:15:00,,ICE
2023-04-15 09:30:00,,ICE
2023-04-15 09:45:00,,ICE
2023-04-15 10:00:00,,ICE
2023-04-15 10:15:00,,ICE
2023-04-15 10:30:00,,ICE
2023-04-15 10:45:00,,ICE
2023-04-15 11:00:00,,ICE
2023-04-15 11:15:00,,ICE
2023-04-15 11:30:00,,ICE
2023-04-15 11:45:00,,ICE
2023-04-15 12:00:00,,ICE
2023-04-15 12:15:00,,ICE
2023-04-15 12:30:00,,ICE
2023-04-15 12:45:00,,ICE
2023-04-15 13:00:00,,ICE
2023-04-15 13:15:00,,ICE
2023-04-15 13:30:00,,ICE
2023-04-15 13:45:00,,ICE
2023-04-15 14:00:00,,ICE
2023-04-15 14:15:00,,ICE
2023-04-15 14:30:00,,ICE
2023-04-15 14:45:00,,ICE
2023-04-15 15:00:00,,ICE
2023-04-15 15:15:00,,ICE
2023-04-15 15:30:00,,ICE
2023-04-15 15:45:00,,ICE
2023-04-15 16:00:00,,ICE
2023-04-15 16:15:00,,ICE
2023-04-15 16:30:00,,ICE
2023-04-15 16:45:00,,ICE
2023-04-15 17:00:00,,ICE
2023-04-15 17:15:00,,ICE
2023-04-15 17:30:00,,ICE
2023-04-15 17:45:00,,ICE
2023-04-15 18:00:00,,ICE
2023-04-15 18:15:00,,ICE
2023-04-15 18:30:00,,ICE
2023-04-15 18:45:00,,ICE
2023-04-15 19:00:00,,ICE
2023-04-15 19:15:00,,ICE
2023-04-15 19:30:00,,ICE
2023-04-15 19:45:00,,ICE
2023-04-15 20:00:00,,ICE
2023-04-15 20:15:00,,ICE
2023-04-15 20:30:00,,ICE
2023-04-15 20:45:00,,ICE
2023-04-15 21:00:00,,ICE
2023-04-15 21:15:00,,ICE
2023-04-15 21:30:00,,ICE
2023-04-15 21:45:00,,ICE
2023-04-15 22:00:00,,ICE
2023-04-15 22:15:00,,ICE
2023-04-15 22:30:00,,ICE
2023-04-15 22:45:00,,ICE
2023-04-15 23:00:00,,ICE
2023-04-15 23:15:00,,ICE
2023-04-15 23:30:00,,ICE
2023-04-15 23:45:00,,ICE
2023-04-16 00:00:00,,ICE
2023-04-16 00:15:00,,ICE
2023-04-16 00:30:00,,ICE
2023-04-16 00:45:00,,ICE
2023-04-16 01:00:00,,ICE
2023-04-16 01:15:00,,ICE
2023-04-16 01:30:00,,ICE
2023-04-16 01:45:00,,ICE
2023-04-16 02:00:00,,ICE
2023-04-16 02:15:00,,ICE
2023-04-16 02:30:00,,ICE
2023-04-16 02:45:00,,ICE
2023-04-16 03:00:00,,ICE
2023-04-16 03:15:00,,ICE
2023-04-16 03:30:00,,ICE
2023-04-16 03:45:00,,ICE
2023-04-16 04:00:00,,ICE
2023-04-16 04:15:00,,ICE
2023-04-16 04:30:00,,ICE
2023-04-16 04:45:00,,ICE
2023-04-16 05:00:00,,ICE
2023-04-16 05:15:00,,ICE
2023-04-16 05:30:00,,ICE
2023-04-16 05:45:00,,ICE
2023-04-16 06:00:00,,ICE
2023-04-16 06:15:00,,ICE
2023-04-16 06:30:00,,ICE
2023-04-16 06:45:00,,ICE
2023-04-16 07:00:00,,ICE
2023-04-16 07:15:00,,ICE
2023-04-16 07:30:00,,ICE
2023-04-16 07:45:00,,ICE
2023-04-16 08:00:00,,ICE
2023-04-16 08:15:00,,ICE
2023-04-16 08:30:00,,ICE
2023-04-16 08:45:00,,ICE
2023-04-16 09:00:00,,ICE
2023-04-16 09:15:00,,ICE
2023-04-16 09:30:00,,ICE
2023-04-16 09:45:00,,ICE
2023-04-16 10:00:00,,ICE
2023-04-16 10:15:00,,ICE
2023-04-16 10:30:00,,ICE
2023-04-16 10:45:00,,ICE
2023-04-16 11:00:00,,ICE
2023-04-16 11:15:00,,ICE
2023-04-16 11:30:00,,ICE
2023-04-16 11:45:00,,ICE
2023-04-16 12:00:00,,ICE
2023-04-16 12:15:00,,ICE
2023-04-16 12:30:00,,ICE
2023-04-16 12:45:00,,ICE
2023-04-16 13:00:00,,ICE
2023-04-16 13:15:00,,ICE
2023-04-16 13:30:00,,ICE
2023-04-16 13:45:00,,ICE
2023-04-16 14:00:00,,ICE
2023-04-16 14:15:00,,ICE
2023-04-16 14:30:00,,ICE
2023-04-16 14:45:00,,ICE
2023-04-16 15:00:00,,ICE
2023-04-16 15:15:00,,ICE
2023-04-16 15:30:00,,ICE
2023-04-16 15:45:00,,ICE
2023-04-16 16:00:00,,ICE
2023-04-16 16:15:00,,ICE
2023-04-16 16:30:00,,ICE
2023-04-16 16:45:00,,ICE
2023-04-16 17:00:00,,ICE
2023-04-16 17:15:00,,ICE
2023-04-16 17:30:00,,ICE
2023-04-16 17:45:00,,ICE
2023-04-16 18:00:00,,ICE
2023-04-16 18:15:00,,ICE
2023-04-16 18:30:00,,ICE
2023-04-16 18:45:00,,ICE
2023-04-16 19:00:00,,ICE
2023-04-16 19:15:00,,ICE
2023-04-16 19:30:00,,ICE
2023-04-16 19:45:00,,ICE
2023-04-16 20:00:00,,ICE
2023-04-16 20:15:00,,ICE
2023-04-16 20:30:00,,ICE
2023-04-16 20:45:00,,ICE
2023-04-16 21:00:00,,ICE
2023-04-16 21:15:00,,ICE
2023-04-16 21:30:00,,ICE
2023-04-16 21:45:00,,ICE
2023-04-16 22:00:00,,ICE
2023-04-16 22:15:00,,ICE
2023-04-16 22:30:00,,ICE
2023-04-16 22:45:00,,ICE
2023-04-16 23:00:00,,ICE
2023-04-16 23:15:00,,ICE
2023-04-16 23:30:00,,ICE
2023-04-16 23:45:00,,ICE
2023-04-17 00:00:00,,ICE
2023-04-17 00:15:00,,ICE
2023-04-17 00:30:00,,ICE
2023-04-17 00:45:00,,ICE
2023-04-17 01:00:00,,ICE
2023-04-17 01:15:00,,ICE
2023-04-17 01:30:00,,ICE
2023-04-17 01:45:00,,ICE
2023-04-17 02:00:00,,ICE
2023-04-17 02:15:00,,ICE
2023-04-17 02:30:00,,ICE
2023-04-17 02:45:00,,ICE
2023-04-17 03:00:00,,ICE
2023-04-17 03:15:00,,ICE
2023-04-17 03:30:00,,ICE
2023-04-17 03:45:00,,ICE
2023-04-17 04:00:00,,ICE
2023-04-17 04:15:00,,ICE
2023-04-17 04:30:00,,ICE
2023-04-17 04:45:00,,ICE
2023-04-17 05:00:00,,ICE
2023-04-17 05:15:00,,ICE
2023-04-17 05:30:00,,ICE
2023-04-17 05:45:00,,ICE
2023-04-17 06:00:00,,ICE
2023-04-17 06:15:00,,ICE
2023-04-17 06:30:00,,ICE
2023-04-17 06:45:00,,ICE
2023-04-17 07:00:00,,ICE
2023-04-17 07:15:00,,ICE
2023-04-17 07:30:00,,ICE
2023-04-17 07:45:00,,ICE
2023-04-17 08:00:00,,ICE
2023-04-17 08:15:00,,ICE
2023-04-17 08:30:00,,ICE
2023-04-17 08:45:00,,ICE
2023-04-17 09:00:00,,ICE
2023-04-17 09:15:00,,ICE
2023-04-17 09:30:00,,ICE
2023-04-17 09:45:00,,ICE
2023-04-17 10:00:00,,ICE
2023-04-17 10:15:00,,ICE
2023-04-17 10:30:00,,ICE
2023-04-17 10:45:00,,ICE
2023-04-17 11:00:00,,ICE
2023-04-17 11:15:00,,ICE
2023-04-17 11:30:00,,ICE
2023-04-17 11:45:00,,ICE
2023-04-17 12:00:00,,ICE
2023-04-17 12:15:00,,ICE
2023-04-17 12:30:00,,ICE
2023-04-17 12:45:00,,ICE
2023-04-17 13:00:00,,ICE
2023-04-17 13:15:00,,ICE
2023-04-17 13:30:00,,ICE
2023-04-17 13:45:00,,ICE
2023-04-17 14:00:00,,ICE
2023-04-17 14:15:00,,ICE
2023-04-17 14:30:00,,ICE
2023-04-17 14:45:00,,ICE
2023-04-17 15:00:00,,ICE
2023-04-17 15:15:00,,ICE
2023-04-17 15:30:00,,ICE
2023-04-17 15:45:00,,ICE
2023-04-17 16:00:00,,ICE
2023-04-17 16:15:00,,ICE
2023-04-17 16:30:00,,ICE
2023-04-17 16:45:00,,ICE
2023-04-17 17:00:00,,ICE
2023-04-17 17:15:00,,ICE
2023-04-17 17:30:00,,ICE
2023-04-17 17:45:00,,ICE
2023-04-17 18:00:00,,ICE
2023-04-17 18:15:00,,ICE
2023-04-17 18:30:00,,ICE
2023-04-17 18:45:00,,ICE
2023-04-17 19:00:00,,ICE
2023-04-17 19:15:00,,ICE
2023-04-17 19:30:00,,ICE
2023-04-17 19:45:00,,ICE
2023-04-17 20:00:00,,ICE
2023-04-17 20:15:00,,ICE
2023-04-17 20:30:00,,ICE
2023-04-17 20:45:00,,ICE
2023-04-17 21:00:00,,ICE
2023-04-17 21:15:00,,ICE
2023-04-17 21:30:00,,ICE
2023-04-17 21:45:00,,ICE
2023-04-17 22:00:00,,ICE
2023-04-17 22:15:00,,ICE
2023-04-17 22:30:00,,ICE
2023-04-17 22:45:00,,ICE
2023-04-17 23:00:00,,ICE
2023-04-17 23:15:00,,ICE
2023-04-17 23:30:00,,ICE
2023-04-17 23:45:00,,ICE
2023-04-18 00:00:00,,ICE
2023-04-18 00:15:00,,ICE
2023-04-18 00:30:00,,ICE
2023-04-18 00:45:00,,ICE
2023-04-18 01:00:00,,ICE
2023-04-18 01:15:00,,ICE
2023-04-18 01:30:00,,ICE
2023-04-18 01:45:00,,ICE
2023-04-18 02:00:00,,ICE
2023-04-18 02:15:00,,ICE
2023-04-18 02:30:00,,ICE
2023-04-18 02:45:00,,ICE
2023-04-18 03:00:00,,ICE
2023-04-18 03:15:00,,ICE
2023-04-18 03:30:00,,ICE
2023-04-18 03:45:00,,ICE
2023-04-18 04:00:00,,ICE
2023-04-18 04:15:00,,ICE
2023-04-18 04:30:00,,ICE
2023-04-18 04:45:00,,ICE
2023-04-18 05:00:00,,ICE
2023-04-18 05:15:00,,ICE
2023-04-18 05:30:00,,ICE
2023-04-18 05:45:00,,ICE
2023-04-18 06:00:00,,ICE
2023-04-18 06:15:00,,ICE
2023-04-18 06:30:00,,ICE
2023-04-18 06:45:00,,ICE
2023-04-18 07:00:00,,ICE
2023-04-18 07:15:00,,ICE
2023-04-18 07:30:00,,ICE
2023-04-18 07:45:00,,ICE
2023-04-18 08:00:00,,ICE
2023-04-18 08:15:00,,ICE
2023-04-18 08:30:00,,ICE
2023-04-18 08:45:00,,ICE
2023-04-18 09:00:00,,ICE
2023-04-18 09:15:00,,ICE
2023-04-18 09:30:00,,ICE
2023-04-18 09:45:00,,ICE
2023-04-18 10:00:00,,ICE
2023-04-18 10:15:00,,ICE
2023-04-18 10:30:00,,ICE
2023-04-18 10:45:00,,ICE
2023-04-18 11:00:00,,ICE
2023-04-18 11:15:00,,ICE
2023-04-18 11:30:00,,ICE
2023-04-18 11:45:00,,ICE
2023-04-18 12:00:00,,ICE
2023-04-18 12:15:00,,ICE
2023-04-18 12:30:00,,ICE
2023-04-18 12:45:00,,ICE
2023-04-18 13:00:00,,ICE
2023-04-18 13:15:00,,ICE
2023-04-18 13:30:00,,ICE
2023-04-18 13:45:00,,ICE
2023-04-18 14:00:00,,ICE
2023-04-18 14:15:00,,ICE
2023-04-18 14:30:00,,ICE
2023-04-18 14:45:00,,ICE
2023-04-18 15:00:00,,ICE
2023-04-18 15:15:00,,ICE
2023-04-18 15:30:00,,ICE
2023-04-18 15:45:00,,ICE
2023-04-18 16:00:00,,ICE
2023-04-18 16:15:00,,ICE
2023-04-18 16:30:00,,ICE
2023-04-18 16:45:00,,ICE
2023-04-18 17:00:00,,ICE
2023-04-18 17:15:00,,ICE
2023-04-18 17:30:00,,ICE
2023-04-18 17:45:00,,ICE
2023-04-18 18:00:00,,ICE
2023-04-18 18:15:00,,ICE
2023-04-18 18:30:00,,ICE
2023-04-18 18:45:00,,ICE
2023-04-18 19:00:00,,ICE
2023-04-18 19:15:00,,ICE
2023-04-18 19:30:00,,ICE
2023-04-18 19:45:00,,ICE
2023-04-18 20:00:00,,ICE
2023-04-18 20:15:00,,ICE
2023-04-18 20:30:00,,ICE
2023-04-18 20:45:00,,ICE
2023-04-18 21:00:00,,ICE
2023-04-18 21:15:00,,ICE
2023-04-18 21:30:00,,ICE
2023-04-18 21:45:00,,ICE
2023-04-18 22:00:00,,ICE
2023-04-18 22:15:00,,ICE
2023-04-18 22:30:00,,ICE
2023-04-18 22:45:00,,ICE
2023-04-18 23:00:00,,ICE
2023-04-18 23:15:00,,ICE
2023-04-18 23:30:00,,ICE
2023-04-18 23:45:00,,ICE
2023-04-19 00:00:00,,ICE
2023-04-19 00:15:00,,ICE
2023-04-19 00:30:00,,ICE
2023-04-19 00:45:00,,ICE
2023-04-19 01:00:00,,ICE
2023-04-19 01:15:00,,ICE
2023-04-19 01:30:00,,ICE
2023-04-19 01:45:00,,ICE
2023-04-19 02:00:00,,ICE
2023-04-19 02:15:00,,ICE
2023-04-19 02:30:00,,ICE
2023-04-19 02:45:00,,ICE
2023-04-19 03:00:00,,ICE
2023-04-19 03:15:00,,ICE
2023-04-19 03:30:00,,ICE
2023-04-19 03:45:00,,ICE
2023-04-19 04:00:00,,ICE
2023-04-19 04:15:00,,ICE
2023-04-19 04:30:00,,ICE
2023-04-19 04:45:00,,ICE
2023-04-19 05:00:00,,ICE
2023-04-19 05:15:00,,ICE
2023-04-19 05:30:00,,ICE
2023-04-19 05:45:00,,ICE
2023-04-19 06:00:00,,ICE
2023-04-19 06:15:00,,ICE
2023-04-19 06:30:00,,ICE
2023-04-19 06:45:00,,ICE
2023-04-19 07:00:00,,ICE
2023-04-19 07:15:00,,ICE
2023-04-19 07:30:00,,ICE
2023-04-19 07:45:00,,ICE
2023-04-19 08:00:00,,ICE
2023-04-19 08:15:00,,ICE
2023-04-19 08:30:00,,ICE
2023-04-19 08:45:00,,ICE
2023-04-19 09:00:00,,ICE
2023-04-19 09:15:00,,ICE
2023-04-19 09:30:00,,ICE
2023-04-19 09:45:00,,ICE
2023-04-19 10:00:00,,ICE
2023-04-19 10:15:00,,ICE
2023-04-19 10:30:00,,ICE
2023-04-19 10:45:00,,ICE
2023-04-19 11:00:00,,ICE
2023-04-19 11:15:00,,ICE
2023-04-19 11:30:00,,ICE
2023-04-19 11:45:00,,ICE
2023-04-19 12:00:00,,ICE
2023-04-19 12:15:00,,ICE
2023-04-19 12:30:00,,ICE
2023-04-19 12:45:00,,ICE
2023-04-19 13:00:00,,ICE
2023-04-19 13:15:00,,ICE
2023-04-19 13:30:00,,ICE
2023-04-19 13:45:00,,ICE
2023-04-19 14:00:00,,ICE
2023-04-19 14:15:00,,ICE
2023-04-19 14:30:00,,ICE
2023-04-19 14:45:00,,ICE
2023-04-19 15:00:00,,ICE
2023-04-19 15:15:00,,ICE
2023-04-19 15:30:00,,ICE
2023-04-19 15:45:00,,ICE
2023-04-19 16:00:00,,ICE
2023-04-19 16:15:00,,ICE
2023-04-19 16:30:00,,ICE
2023-04-19 16:45:00,,ICE
2023-04-19 17:00:00,,ICE
2023-04-19 17:15:00,,ICE
2023-04-19 17:30:00,,ICE
2023-04-19 17:45:00,,ICE
2023-04-19 18:00:00,,ICE
2023-04-19 18:15:00,,ICE
2023-04-19 18:30:00,,ICE
2023-04-19 18:45:00,,ICE
2023-04-19 19:00:00,,ICE
2023-04-19 19:15:00,,ICE
2023-04-19 19:30:00,,ICE
2023-04-19 19:45:00,,ICE
2023-04-19 20:00:00,,ICE
2023-04-19 20:15:00,,ICE
2023-04-19 20:30:00,,ICE
2023-04-19 20:45:00,,ICE
2023-04-19 21:00:00,,ICE
2023-04-19 21:15:00,,ICE
2023-04-19 21:30:00,,ICE
2023-04-19 21:45:00,,ICE
2023-04-19 22:00:00,,ICE
2023-04-19 22:15:00,,ICE
2023-04-19 22:30:00,,ICE
2023-04-19 22:45:00,,ICE
2023-04-19 23:00:00,,ICE
2023-04-19 23:15:00,,ICE
2023-04-19 23:30:00,,ICE
2023-04-19 23:45:00,,ICE
2023-04-20 00:00:00,,ICE
2023-04-20 00:15:00,,ICE
2023-04-20 00:30:00,,ICE
2023-04-20 00:45:00,,ICE
2023-04-20 01:00:00,,ICE
2023-04-20 01:15:00,,ICE
2023-04-20 01:30:00,,ICE
2023-04-20 01:45:00,,ICE
2023-04-20 02:00:00,,ICE
2023-04-20 02:15:00,,ICE
2023-04-20 02:30:00,,ICE
2023-04-20 02:45:00,,ICE
2023-04-20 03:00:00,,ICE
2023-04-20 03:15:00,,ICE
2023-04-20 03:30:00,,ICE
2023-04-20 03:45:00,,ICE
2023-04-20 04:00:00,,ICE
2023-04-20 04:15:00,,ICE
2023-04-20 04:30:00,,ICE
2023-04-20 04:45:00,,ICE
2023-04-20 05:00:00,,ICE
2023-04-20 05:15:00,,ICE
2023-04-20 05:30:00,,ICE
2023-04-20 05:45:00,,ICE
2023-04-20 06:00:00,,ICE
2023-04-20 06:15:00,,ICE
2023-04-20 06:30:00,,ICE
2023-04-20 06:45:00,,ICE
2023-04-20 07:00:00,,ICE
2023-04-20 07:15:00,,ICE
2023-04-20 07:30:00,,ICE
2023-04-20 07:45:00,,ICE
2023-04-20 08:00:00,,ICE
2023-04-20 08:15:00,,ICE
2023-04-20 08:30:00,,ICE
2023-04-20 08:45:00,,ICE
2023-04-20 09:00:00,,ICE
2023-04-20 09:15:00,,ICE
2023-04-20 09:30:00,,ICE
2023-04-20 09:45:00,,ICE
2023-04-20 10:00:00,,ICE
2023-04-20 10:15:00,,ICE
2023-04-20 10:30:00,,ICE
2023-04-20 10:45:00,,ICE
2023-04-20 11:00:00,,ICE
2023-04-20 11:15:00,,ICE
2023-04-20 11:30:00,,ICE
2023-04-20 11:45:00,,ICE
2023-04-20 12:00:00,,ICE
2023-04-20 12:15:00,,ICE
2023-04-20 12:30:00,,ICE
2023-04-20 12:45:00,,ICE
2023-04-20 13:00:00,,ICE
2023-04-20 13:15:00,,ICE
2023-04-20 13:30:00,,ICE
2023-04-20 13:45:00,,ICE
2023-04-20 14:00:00,,ICE
2023-04-20 14:15:00,,ICE
2023-04-20 14:30:00,,ICE
2023-04-20 14:45:00,,ICE
2023-04-20 15:00:00,,ICE
2023-04-20 15:15:00,,ICE
2023-04-20 15:30:00,,ICE
2023-04-20 15:45:00,,ICE
2023-04-20 16:00:00,,ICE
2023-04-20 16:15:00,,ICE
2023-04-20 16:30:00,,ICE
2023-04-20 16:45:00,,ICE
2023-04-20 17:00:00,,ICE
2023-04-20 17:15:00,,ICE
2023-04-20 17:30:00,,ICE
2023-04-20 17:45:00,,ICE
2023-04-20 18:00:00,,ICE
2023-04-20 18:15:00,,ICE
2023-04-20 18:30:00,,ICE
2023-04-20 18:45:00,,ICE
2023-04-20 19:00:00,,ICE
2023-04-20 19:15:00,,ICE
2023-04-20 19:30:00,,ICE
2023-04-20 19:45:00,,ICE
2023-04-20 20:00:00,,ICE
2023-04-20 20:15:00,,ICE
2023-04-20 20:30:00,,ICE
2023-04-20 20:45:00,,ICE
2023-04-20 21:00:00,,ICE
2023-04-20 21:15:00,,ICE
2023-04-20 21:30:00,,ICE
2023-04-20 21:45:00,,ICE
2023-04-20 22:00:00,,ICE
2023-04-20 22:15:00,,ICE
2023-04-20 22:30:00,,ICE
2023-04-20 22:45:00,,ICE
2023-04-20 23:00:00,,ICE
2023-04-20 23:15:00,,ICE
2023-04-20 23:30:00,,ICE
2023-04-20 23:45:00,,ICE
2023-04-21 00:00:00,,ICE
2023-04-21 00:15:00,,ICE
2023-04-21 00:30:00,,ICE
2023-04-21 00:45:00,,ICE
2023-04-21 01:00:00,,ICE
2023-04-21 01:15:00,,ICE
2023-04-21 01:30:00,,ICE
2023-04-21 01:45:00,,ICE
2023-04-21 02:00:00,,ICE
2023-04-21 02:15:00,,ICE
2023-04-21 02:30:00,,ICE
2023-04-21 02:45:00,,ICE
2023-04-21 03:00:00,,ICE
2023-04-21 03:15:00,,ICE
2023-04-21 03:30:00,,ICE
2023-04-21 03:45:00,,ICE
2023-04-21 04:00:00,,ICE
2023-04-21 04:15:00,,ICE
2023-04-21 04:30:00,,ICE
2023-04-21 04:45:00,,ICE
2023-04-21 05:00:00,,ICE
2023-04-21 05:15:00,,ICE
2023-04-21 05:30:00,,ICE
2023-04-21 05:45:00,,ICE
2023-04-21 06:00:00,,ICE
2023-04-21 06:15:00,,ICE
2023-04-21 06:30:00,,ICE
2023-04-21 06:45:00,,ICE
2023-04-21 07:00:00,,ICE
2023-04-21 07:15:00,,ICE
2023-04-21 07:30:00,,ICE
2023-04-21 07:45:00,,ICE
2023-04-21 08:00:00,,ICE
2023-04-21 08:15:00,,ICE
2023-04-21 08:30:00,,ICE
2023-04-21 08:45:00,,ICE
2023-04-21 09:00:00,,ICE
2023-04-21 09:15:00,,ICE
2023-04-21 09:30:00,,ICE
2023-04-21 09:45:00,,ICE
2023-04-21 10:00:00,,ICE
2023-04-21 10:15:00,,ICE
2023-04-21 10:30:00,,ICE
2023-04-21 10:45:00,,ICE
2023-04-21 11:00:00,,ICE
2023-04-21 11:15:00,,ICE
2023-04-21 11:30:00,,ICE
2023-04-21 11:45:00,,ICE
2023-04-21 12:00:00,,ICE
2023-04-21 12:15:00,,ICE
2023-04-21 12:30:00,,ICE
2023-04-21 12:45:00,,ICE
2023-04-21 13:00:00,,ICE
2023-04-21 13:15:00,,ICE
2023-04-21 13:30:00,,ICE
2023-04-21 13:45:00,,ICE
2023-04-21 14:00:00,,ICE
2023-04-21 14:15:00,,ICE
2023-04-21 14:30:00,,ICE
2023-04-21 14:45:00,,ICE
2023-04-21 15:00:00,,ICE
2023-04-21 15:15:00,,ICE
2023-04-21 15:30:00,,ICE
2023-04-21 15:45:00,,ICE
2023-04-21 16:00:00,,ICE
2023-04-21 16:15:00,,ICE
2023-04-21 16:30:00,,ICE
2023-04-21 16:45:00,,ICE
2023-04-21 17:00:00,,ICE
2023-04-21 17:15:00,,ICE
2023-04-21 17:30:00,,ICE
2023-04-21 17:45:00,,ICE
2023-04-21 18:00:00,,ICE
2023-04-21 18:15:00,,ICE
2023-04-21 18:30:00,,ICE
2023-04-21 18:45:00,,ICE
2023-04-21 19:00:00,,ICE
2023-04-21 19:15:00,,ICE
2023-04-21 19:30:00,,ICE
2023-04-21 19:45:00,,ICE
2023-04-21 20:00:00,,ICE
2023-04-21 20:15:00,,ICE
2023-04-21 20:30:00,,ICE
2023-04-21 20:45:00,,ICE
2023-04-21 21:00:00,,ICE
2023-04-21 21:15:00,,ICE
2023-04-21 21:30:00,,ICE
2023-04-21 21:45:00,,ICE
2023-04-21 22:00:00,,ICE
2023-04-21 22:15:00,,ICE
2023-04-21 22:30:00,,ICE
2023-04-21 22:45:00,,ICE
2023-04-21 23:00:00,,ICE
2023-04-21 23:15:00,,ICE
2023-04-21 23:30:00,,ICE
2023-04-21 23:45:00,,ICE
2023-04-22 00:00:00,,ICE
2023-04-22 00:15:00,,ICE
2023-04-22 00:30:00,,ICE
2023-04-22 00:45:00,,ICE
2023-04-22 01:00:00,,ICE
2023-04-22 01:15:00,,ICE
2023-04-22 01:30:00,,ICE
2023-04-22 01:45:00,,ICE
2023-04-22 02:00:00,,ICE
2023-04-22 02:15:00,,ICE
2023-04-22 02:30:00,,ICE
2023-04-22 02:45:00,,ICE
2023-04-22 03:00:00,,ICE
2023-04-22 03:15:00,,ICE
2023-04-22 03:30:00,,ICE
2023-04-22 03:45:00,,ICE
2023-04-22 04:00:00,,ICE
2023-04-22 04:15:00,,ICE
2023-04-22 04:30:00,,ICE
2023-04-22 04:45:00,,ICE
2023-04-22 05:00:00,,ICE
2023-04-22 05:15:00,,ICE
2023-04-22 05:30:00,,ICE
2023-04-22 05:45:00,,ICE
2023-04-22 06:00:00,,ICE
2023-04-22 06:15:00,,ICE
2023-04-22 06:30:00,,ICE
2023-04-22 06:45:00,,ICE
2023-04-22 07:00:00,,ICE
2023-04-22 07:15:00,,ICE
2023-04-22 07:30:00,,ICE
2023-04-22 07:45:00,,ICE
2023-04-22 08:00:00,,ICE
2023-04-22 08:15:00,,ICE
2023-04-22 08:30:00,,ICE
2023-04-22 08:45:00,,ICE
2023-04-22 09:00:00,,ICE
2023-04-22 09:15:00,,ICE
2023-04-22 09:30:00,,ICE
2023-04-22 09:45:00,,ICE
2023-04-22 10:00:00,,ICE
2023-04-22 10:15:00,,ICE
2023-04-22 10:30:00,,ICE
2023-04-22 10:45:00,,ICE
2023-04-22 11:00:00,,ICE
2023-04-22 11:15:00,,ICE
2023-04-22 11:30:00,,ICE
2023-04-22 11:45:00,,ICE
2023-04-22 12:00:00,,ICE
2023-04-22 12:15:00,,ICE
2023-04-22 12:30:00,,ICE
2023-04-22 12:45:00,,ICE
2023-04-22 13:00:00,,ICE
2023-04-22 13:15:00,,ICE
2023-04-22 13:30:00,,ICE
2023-04-22 13:45:00,,ICE
2023-04-22 14:00:00,,ICE
2023-04-22 14:15:00,,ICE
2023-04-22 14:30:00,,ICE
2023-04-22 14:45:00,,ICE
2023-04-22 15:00:00,,ICE
2023-04-22 15:15:00,,ICE
2023-04-22 15:30:00,,ICE
2023-04-22 15:45:00,,ICE
2023-04-22 16:00:00,,ICE
2023-04-22 16:15:00,,ICE
2023-04-22 16:30:00,,ICE
2023-04-22 16:45:00,,ICE
2023-04-22 17:00:00,,ICE
2023-04-22 17:15:00,,ICE
2023-04-22 17:30:00,,ICE
2023-04-22 17:45:00,,ICE
2023-04-22 18:00:00,,ICE
2023-04-22 18:15:00,,ICE
2023-04-22 18:30:00,,ICE
2023-04-22 18:45:00,,ICE
2023-04-22 19:00:00,,ICE
2023-04-22 19:15:00,,ICE
2023-04-22 19:30:00,,ICE
2023-04-22 19:45:00,,ICE
2023-04-22 20:00:00,,ICE
2023-04-22 20:15:00,,ICE
2023-04-22 20:30:00,,ICE
2023-04-22 20:45:00,,ICE
2023-04-22 21:00:00,,ICE
2023-04-22 21:15:00,,ICE
2023-04-22 21:30:00,,ICE
2023-04-22 21:45:00,,ICE
2023-04-22 22:00:00,,ICE
2023-04-22 22:15:00,,ICE
2023-04-22 22:30:00,,ICE
2023-04-22 22:45:00,,ICE
2023-04-22 23:00:00,,ICE
2023-04-22 23:15:00,,ICE
2023-04-22 23:30:00,,ICE
2023-04-22 23:45:00,,ICE
2023-04-23 00:00:00,,ICE
2023-04-23 00:15:00,,ICE
2023-04-23 00:30:00,,ICE
2023-04-23 00:45:00,,ICE
2023-04-23 01:00:00,,ICE
2023-04-23 01:15:00,,ICE
2023-04-23 01:30:00,,ICE
2023-04-23 01:45:00,,ICE
2023-04-23 02:00:00,,ICE
2023-04-23 02:15:00,,ICE
2023-04-23 02:30:00,,ICE
2023-04-23 02:45:00,,ICE
2023-04-23 03:00:00,,ICE
2023-04-23 03:15:00,,ICE
2023-04-23 03:30:00,,ICE
2023-04-23 03:45:00,,ICE
2023-04-23 04:00:00,,ICE
2023-04-23 04:15:00,,ICE
2023-04-23 04:30:00,,ICE
2023-04-23 04:45:00,,ICE
2023-04-23 05:00:00,,ICE
2023-04-23 05:15:00,,ICE
2023-04-23 05:30:00,,ICE
2023-04-23 05:45:00,,ICE
2023-04-23 06:00:00,,ICE
2023-04-23 06:15:00,,ICE
2023-04-23 06:30:00,,ICE
2023-04-23 06:45:00,,ICE
2023-04-23 07:00:00,,ICE
2023-04-23 07:15:00,,ICE
2023-04-23 07:30:00,,ICE
2023-04-23 07:45:00,,ICE
2023-04-23 08:00:00,,ICE
2023-04-23 08:15:00,,ICE
2023-04-23 08:30:00,,ICE
2023-04-23 08:45:00,,ICE
2023-04-23 09:00:00,,ICE
2023-04-23 09:15:00,,ICE
2023-04-23 09:30:00,,ICE
2023-04-23 09:45:00,,ICE
2023-04-23 10:00:00,,ICE
2023-04-23 10:15:00,,ICE
2023-04-23 10:30:00,,ICE
2023-04-23 10:45:00,,ICE
2023-04-23 11:00:00,,ICE
2023-04-23 11:15:00,,ICE
2023-04-23 11:30:00,,ICE
2023-04-23 11:45:00,,ICE
2023-04-23 12:00:00,,ICE
2023-04-23 12:15:00,,ICE
2023-04-23 12:30:00,,ICE
2023-04-23 12:45:00,,ICE
2023-04-23 13:00:00,,ICE
2023-04-23 13:15:00,,ICE
2023-04-23 13:30:00,,ICE
2023-04-23 13:45:00,,ICE
2023-04-23 14:00:00,,ICE
2023-04-23 14:15:00,,ICE
2023-04-23 14:30:00,,ICE
2023-04-23 14:45:00,,ICE
2023-04-23 15:00:00,,ICE
2023-04-23 15:15:00,,ICE
2023-04-23 15:30:00,,ICE
2023-04-23 15:45:00,,ICE
2023-04-23 16:00:00,,ICE
2023-04-23 16:15:00,,ICE
2023-04-23 16:30:00,,ICE
2023-04-23 16:45:00,,ICE
2023-04-23 17:00:00,,ICE
2023-04-23 17:15:00,,ICE
2023-04-23 17:30:00,,ICE
2023-04-23 17:45:00,,ICE
2023-04-23 18:00:00,,ICE
2023-04-23 18:15:00,,ICE
2023-04-23 18:30:00,,ICE
2023-04-23 18:45:00,,ICE
2023-04-23 19:00:00,,ICE
2023-04-23 19:15:00,,ICE
2023-04-23 19:30:00,,ICE
2023-04-23 19:45:00,,ICE
2023-04-23 20:00:00,,ICE
2023-04-23 20:15:00,,ICE
2023-04-23 20:30:00,,ICE
2023-04-23 20:45:00,,ICE
2023-04-23 21:00:00,,ICE
2023-04-23 21:15:00,,ICE
2023-04-23 21:30:00,,ICE
2023-04-23 21:45:00,,ICE
2023-04-23 22:00:00,,ICE
2023-04-23 22:15:00,,ICE
2023-04-23 22:30:00,,ICE
2023-04-23 22:45:00,,ICE
2023-04-23 23:00:00,,ICE
2023-04-23 23:15:00,,ICE
2023-04-23 23:30:00,,ICE
2023-04-23 23:45:00,,ICE
2023-04-24 00:00:00,,ICE
2023-04-24 00:15:00,,ICE
2023-04-24 00:30:00,,ICE
2023-04-24 00:45:00,,ICE
2023-04-24 01:00:00,,ICE
2023-04-24 01:15:00,,ICE
2023-04-24 01:30:00,,ICE
2023-04-24 01:45:00,,ICE
2023-04-24 02:00:00,,ICE
2023-04-24 02:15:00,,ICE
2023-04-24 02:30:00,,ICE
2023-04-24 02:45:00,,ICE
2023-04-24 03:00:00,,ICE
2023-04-24 03:15:00,,ICE
2023-04-24 03:30:00,,ICE
2023-04-24 03:45:00,,ICE
2023-04-24 04:00:00,,ICE
2023-04-24 04:15:00,,ICE
2023-04-24 04:30:00,,ICE
2023-04-24 04:45:00,,ICE
2023-04-24 05:00:00,,ICE
2023-04-24 05:15:00,,ICE
2023-04-24 05:30:00,,ICE
2023-04-24 05:45:00,,ICE
2023-04-24 06:00:00,,ICE
2023-04-24 06:15:00,,ICE
2023-04-24 06:30:00,,ICE
2023-04-24 06:45:00,,ICE
2023-04-24 07:00:00,,ICE
2023-04-24 07:15:00,,ICE
2023-04-24 07:30:00,,ICE
2023-04-24 07:45:00,,ICE
2023-04-24 08:00:00,,ICE
2023-04-24 08:15:00,,ICE
2023-04-24 08:30:00,,ICE
2023-04-24 08:45:00,,ICE
2023-04-24 09:00:00,,ICE
2023-04-24 09:15:00,,ICE
2023-04-24 09:30:00,,ICE
2023-04-24 09:45:00,,ICE
2023-04-24 10:00:00,,ICE
2023-04-24 10:15:00,,ICE
2023-04-24 10:30:00,,ICE
2023-04-24 10:45:00,,ICE
2023-04-24 11:00:00,,ICE
2023-04-24 11:15:00,,ICE
2023-04-24 11:30:00,,ICE
2023-04-24 11:45:00,,ICE
2023-04-24 12:00:00,,ICE
2023-04-24 12:15:00,,ICE
2023-04-24 12:30:00,,ICE
2023-04-24 12:45:00,,ICE
2023-04-24 13:00:00,,ICE
2023-04-24 13:15:00,,ICE
2023-04-24 13:30:00,,ICE
2023-04-24 13:45:00,,ICE
2023-04-24 14:00:00,,ICE
2023-04-24 14:15:00,,ICE
2023-04-24 14:30:00,,ICE
2023-04-24 14:45:00,,ICE
2023-04-24 15:00:00,,ICE
2023-04-24 15:15:00,,ICE
2023-04-24 15:30:00,,ICE
2023-04-24 15:45:00,,ICE
2023-04-24 16:00:00,,ICE
2023-04-24 16:15:00,,ICE
2023-04-24 16:30:00,,ICE
2023-04-24 16:45:00,,ICE
2023-04-24 17:00:00,,ICE
2023-04-24 17:15:00,,ICE
2023-04-24 17:30:00,,ICE
2023-04-24 17:45:00,,ICE
2023-04-24 18:00:00,,ICE
2023-04-24 18:15:00,,ICE
2023-04-24 18:30:00,,ICE
2023-04-24 18:45:00,,ICE
2023-04-24 19:00:00,,ICE
2023-04-24 19:15:00,,ICE
2023-04-24 19:30:00,,ICE
2023-04-24 19:45:00,,ICE
2023-04-24 20:00:00,,ICE
2023-04-24 20:15:00,,ICE
2023-04-24 20:30:00,,ICE
2023-04-24 20:45:00,,ICE
2023-04-24 21:00:00,,ICE
2023-04-24 21:15:00,,ICE
2023-04-24 21:30:00,,ICE
2023-04-24 21:45:00,,ICE
2023-04-24 22:00:00,,ICE
2023-04-24 22:15:00,,ICE
2023-04-24 22:30:00,,ICE
2023-04-24 22:45:00,,ICE
2023-04-24 23:00:00,,ICE
2023-04-24 23:15:00,,ICE
2023-04-24 23:30:00,,ICE
2023-04-24 23:45:00,,ICE
2023-04-25 00:00:00,,ICE
2023-04-25 00:15:00,,ICE
2023-04-25 00:30:00,,ICE
2023-04-25 00:45:00,,ICE
2023-04-25 01:00:00,,ICE
2023-04-25 01:15:00,,ICE
2023-04-25 01:30:00,,ICE
2023-04-25 01:45:00,,ICE
2023-04-25 02:00:00,,ICE
2023-04-25 02:15:00,,ICE
2023-04-25 02:30:00,,ICE
2023-04-25 02:45:00,,ICE
2023-04-25 03:00:00,,ICE
2023-04-25 03:15:00,,ICE
2023-04-25 03:30:00,,ICE
2023-04-25 03:45:00,,ICE
2023-04-25 04:00:00,,ICE
2023-04-25 04:15:00,,ICE
2023-04-25 04:30:00,,ICE
2023-04-25 04:45:00,,ICE
2023-04-25 05:00:00,,ICE
2023-04-25 05:15:00,,ICE
2023-04-25 05:30:00,,ICE
2023-04-25 05:45:00,,ICE
2023-04-25 06:00:00,,ICE
2023-04-25 06:15:00,,ICE
2023-04-25 06:30:00,,ICE
2023-04-25 06:45:00,,ICE
2023-04-25 07:00:00,,ICE
2023-04-25 07:15:00,,ICE
2023-04-25 07:30:00,,ICE
2023-04-25 07:45:00,,ICE
2023-04-25 08:00:00,,ICE
2023-04-25 08:15:00,,ICE
2023-04-25 08:30:00,,ICE
2023-04-25 08:45:00,,ICE
2023-04-25 09:00:00,,ICE
2023-04-25 09:15:00,,ICE
2023-04-25 09:30:00,,ICE
2023-04-25 09:45:00,,ICE
2023-04-25 10:00:00,,ICE
2023-04-25 10:15:00,,ICE
2023-04-25 10:30:00,,ICE
2023-04-25 10:45:00,,ICE
2023-04-25 11:00:00,,ICE
2023-04-25 11:15:00,,ICE
2023-04-25 11:30:00,,ICE
2023-04-25 11:45:00,,ICE
2023-04-25 12:00:00,,ICE
2023-04-25 12:15:00,,ICE
2023-04-25 12:30:00,,ICE
2023-04-25 12:45:00,,ICE
2023-04-25 13:00:00,,ICE
2023-04-25 13:15:00,,ICE
2023-04-25 13:30:00,,ICE
2023-04-25 13:45:00,,ICE
2023-04-25 14:00:00,,ICE
2023-04-25 14:15:00,,ICE
2023-04-25 14:30:00,,ICE
2023-04-25 14:45:00,,ICE
2023-04-25 15:00:00,,ICE
2023-04-25 15:15:00,,ICE
2023-04-25 15:30:00,,ICE
2023-04-25 15:45:00,,ICE
2023-04-25 16:00:00,,ICE
2023-04-25 16:15:00,,ICE
2023-04-25 16:30:00,,ICE
2023-04-25 16:45:00,,ICE
2023-04-25 17:00:00,,ICE
2023-04-25 17:15:00,,ICE
2023-04-25 17:30:00,,ICE
2023-04-25 17:45:00,,ICE
2023-04-25 18:00:00,,ICE
2023-04-25 18:15:00,,ICE
2023-04-25 18:30:00,,ICE
2023-04-25 18:45:00,,ICE
2023-04-25 19:00:00,,ICE
2023-04-25 19:15:00,,ICE
2023-04-25 19:30:00,,ICE
2023-04-25 19:45:00,,ICE
2023-04-25 20:00:00,,ICE
2023-04-25 20:15:00,,ICE
2023-04-25 20:30:00,,ICE
2023-04-25 20:45:00,,ICE
2023-04-25 21:00:00,,ICE
2023-04-25 21:15:00,,ICE
2023-04-25 21:30:00,,ICE
2023-04-25 21:45:00,,ICE
2023-04-25 22:00:00,,ICE
2023-04-25 22:15:00,,ICE
2023-04-25 22:30:00,,ICE
2023-04-25 22:45:00,,ICE
2023-04-25 23:00:00,,ICE
2023-04-25 23:15:00,,ICE
2023-04-25 23:30:00,,ICE
2023-04-25 23:45:00,,ICE
2023-04-26 00:00:00,,ICE
2023-04-26 00:15:00,,ICE
2023-04-26 00:30:00,,ICE
2023-04-26 00:45:00,,ICE
2023-04-26 01:00:00,,ICE
2023-04-26 01:15:00,,ICE
2023-04-26 01:30:00,,ICE
2023-04-26 01:45:00,,ICE
2023-04-26 02:00:00,,ICE
2023-04-26 02:15:00,,ICE
2023-04-26 02:30:00,,ICE
2023-04-26 02:45:00,,ICE
2023-04-26 03:00:00,,ICE
2023-04-26 03:15:00,,ICE
2023-04-26 03:30:00,,ICE
2023-04-26 03:45:00,,ICE
2023-04-26 04:00:00,,ICE
2023-04-26 04:15:00,,ICE
2023-04-26 04:30:00,,ICE
2023-04-26 04:45:00,,ICE
2023-04-26 05:00:00,,ICE
2023-04-26 05:15:00,,ICE
2023-04-26 05:30:00,,ICE
2023-04-26 05:45:00,,ICE
2023-04-26 06:00:00,,ICE
2023-04-26 06:15:00,,ICE
2023-04-26 06:30:00,,ICE
2023-04-26 06:45:00,,ICE
2023-04-26 07:00:00,,ICE
2023-04-26 07:15:00,,ICE
2023-04-26 07:30:00,,ICE
2023-04-26 07:45:00,,ICE
2023-04-26 08:00:00,,ICE
2023-04-26 08:15:00,,ICE
2023-04-26 08:30:00,,ICE
2023-04-26 08:45:00,,ICE
2023-04-26 09:00:00,,ICE
2023-04-26 09:15:00,,ICE
2023-04-26 09:30:00,,ICE
2023-04-26 09:45:00,,ICE
2023-04-26 10:00:00,,ICE
2023-04-26 10:15:00,,ICE
2023-04-26 10:30:00,,ICE
2023-04-26 10:45:00,,ICE
2023-04-26 11:00:00,,ICE
2023-04-26 11:15:00,,ICE
2023-04-26 11:30:00,,ICE
2023-04-26 11:45:00,,ICE
2023-04-26 12:00:00,,ICE
2023-04-26 12:15:00,,ICE
2023-04-26 12:30:00,,ICE
2023-04-26 12:45:00,,ICE
2023-04-26 13:00:00,,ICE
2023-04-26 13:15:00,,ICE
2023-04-26 13:30:00,,ICE
2023-04-26 13:45:00,,ICE
2023-04-26 14:00:00,,ICE
2023-04-26 14:15:00,,ICE
2023-04-26 14:30:00,,ICE
2023-04-26 14:45:00,,ICE
2023-04-26 15:00:00,,ICE
2023-04-26 15:15:00,,ICE
2023-04-26 15:30:00,9.48,
2023-04-26 15:45:00,9.45,
2023-04-26 16:00:00,9.45,
2023-04-26 16:15:00,9.45,
2023-04-26 16:30:00,9.44,
2023-04-26 16:45:00,9.43,
2023-04-26 17:00:00,9.4,
2023-04-26 17:15:00,9.38,
2023-04-26 17:30:00,9.38,
2023-04-26 17:45:00,9.37,
2023-04-26 18:00:00,9.35,
2023-04-26 18:15:00,9.37,
2023-04-26 18:30:00,9.33,
2023-04-26 18:45:00,9.35,
2023-04-26 19:00:00,9.37,
2023-04-26 19:15:00,9.4,
2023-04-26 19:30:00,9.42,
2023-04-26 19:45:00,9.47,
2023-04-26 20:00:00,9.51,
2023-04-26 20:15:00,9.57,
2023-04-26 20:30:00,9.62,
2023-04-26 20:45:00,9.67,
2023-04-26 21:00:00,9.72,
2023-04-26 21:15:00,9.78,
2023-04-26 21:30:00,9.81,
2023-04-26 21:45:00,9.86,
2023-04-26 22:00:00,9.9,
2023-04-26 22:15:00,9.95,
2023-04-26 22:30:00,9.99,
2023-04-26 22:45:00,10.02,
2023-04-26 23:00:00,10.06,
2023-04-26 23:15:00,10.1,
2023-04-26 23:30:00,10.14,
2023-04-26 23:45:00,10.17,
2023-04-27 00:00:00,10.21,
2023-04-27 00:15:00,10.23,
2023-04-27 00:30:00,10.28,
2023-04-27 00:45:00,10.31,
2023-04-27 01:00:00,10.34,
2023-04-27 01:15:00,10.37,
2023-04-27 01:30:00,10.39,
2023-04-27 01:45:00,10.42,
2023-04-27 02:00:00,10.45,
2023-04-27 02:15:00,10.48,
2023-04-27 02:30:00,10.51,
2023-04-27 02:45:00,10.54,
2023-04-27 03:00:00,10.55,
2023-04-27 03:15:00,10.59,
2023-04-27 03:30:00,10.61,
2023-04-27 03:45:00,10.62,
2023-04-27 04:00:00,10.64,
2023-04-27 04:15:00,10.66,
2023-04-27 04:30:00,10.69,
2023-04-27 04:45:00,10.7,
2023-04-27 05:00:00,10.72,
2023-04-27 05:15:00,10.74,
2023-04-27 05:30:00,10.77,
2023-04-27 05:45:00,10.79,
2023-04-27 06:00:00,10.85,
2023-04-27 06:15:00,10.9,
2023-04-27 06:30:00,10.97,
2023-04-27 06:45:00,11.02,
2023-04-27 07:00:00,11.07,
2023-04-27 07:15:00,11.12,
2023-04-27 07:30:00,11.16,
2023-04-27 07:45:00,11.19,
2023-04-27 08:00:00,11.21,
2023-04-27 08:15:00,11.2,
2023-04-27 08:30:00,11.19,
2023-04-27 08:45:00,11.16,
2023-04-27 09:00:00,11.11,
2023-04-27 09:15:00,11.03,
2023-04-27 09:30:00,10.97,
2023-04-27 09:45:00,10.93,
2023-04-27 10:00:00,10.87,
2023-04-27 10:15:00,10.81,
2023-04-27 10:30:00,10.75,
2023-04-27 10:45:00,10.71,
2023-04-27 11:00:00,10.66,
2023-04-27 11:15:00,10.58,
2023-04-27 11:30:00,10.5,
2023-04-27 11:45:00,10.43,
2023-04-27 12:00:00,10.39,
2023-04-27 12:15:00,10.34,
2023-04-27 12:30:00,10.29,
2023-04-27 12:45:00,10.3,
2023-04-27 13:00:00,10.26,
2023-04-27 13:15:00,10.32,
2023-04-27 13:30:00,10.26,
2023-04-27 13:45:00,10.2,
2023-04-27 14:00:00,10.12,
2023-04-27 14:15:00,10.07,
2023-04-27 14:30:00,10.0,
2023-04-27 14:45:00,9.91,
2023-04-27 15:00:00,9.78,
2023-04-27 15:15:00,9.76,
2023-04-27 15:30:00,9.74,
2023-04-27 15:45:00,9.72,
2023-04-27 16:00:00,9.7,
2023-04-27 16:15:00,9.62,
2023-04-27 16:30:00,9.6,
2023-04-27 16:45:00,9.57,
2023-04-27 17:00:00,9.58,
2023-04-27 17:15:00,9.51,
2023-04-27 17:30:00,9.51,
2023-04-27 17:45:00,9.48,
2023-04-27 18:00:00,9.48,
2023-04-27 18:15:00,9.51,
2023-04-27 18:30:00,9.54,
2023-04-27 18:45:00,9.57,
2023-04-27 19:00:00,9.6,
2023-04-27 19:15:00,9.65,
2023-04-27 19:30:00,9.7,
2023-04-27 19:45:00,9.75,
2023-04-27 20:00:00,9.82,
2023-04-27 20:15:00,9.88,
2023-04-27 20:30:00,9.94,
2023-04-27 20:45:00,10.0,
2023-04-27 21:00:00,10.05,
2023-04-27 21:15:00,10.11,
2023-04-27 21:30:00,10.16,
2023-04-27 21:45:00,10.2,
2023-04-27 22:00:00,10.25,
2023-04-27 22:15:00,10.3,
2023-04-27 22:30:00,10.35,
2023-04-27 22:45:00,10.39,
2023-04-27 23:00:00,10.43,
2023-04-27 23:15:00,10.47,
2023-04-27 23:30:00,10.5,
2023-04-27 23:45:00,10.55,
2023-04-28 00:00:00,10.59,
2023-04-28 00:15:00,10.63,
2023-04-28 00:30:00,10.66,
2023-04-28 00:45:00,10.7,
2023-04-28 01:00:00,10.73,
2023-04-28 01:15:00,10.76,
2023-04-28 01:30:00,10.78,
2023-04-28 01:45:00,10.79,
2023-04-28 02:00:00,10.82,
2023-04-28 02:15:00,10.83,
2023-04-28 02:30:00,10.85,
2023-04-28 02:45:00,10.88,
2023-04-28 03:00:00,10.91,
2023-04-28 03:15:00,10.92,
2023-04-28 03:30:00,10.94,
2023-04-28 03:45:00,10.96,
2023-04-28 04:00:00,10.99,
2023-04-28 04:15:00,11.0,
2023-04-28 04:30:00,11.02,
2023-04-28 04:45:00,11.03,
2023-04-28 05:00:00,11.05,
2023-04-28 05:15:00,11.08,
2023-04-28 05:30:00,11.1,
2023-04-28 05:45:00,11.12,
2023-04-28 06:00:00,11.17,
2023-04-28 06:15:00,11.22,
2023-04-28 06:30:00,11.26,
2023-04-28 06:45:00,11.3,
2023-04-28 07:00:00,11.35,
2023-04-28 07:15:00,11.38,
2023-04-28 07:30:00,11.4,
2023-04-28 07:45:00,11.42,
2023-04-28 08:00:00,11.43,
2023-04-28 08:15:00,11.43,
2023-04-28 08:30:00,11.43,
2023-04-28 08:45:00,11.39,
2023-04-28 09:00:00,11.34,
2023-04-28 09:15:00,11.28,
2023-04-28 09:30:00,11.21,
2023-04-28 09:45:00,11.13,
2023-04-28 10:00:00,11.06,
2023-04-28 10:15:00,10.97,
2023-04-28 10:30:00,10.89,
2023-04-28 10:45:00,10.79,
2023-04-28 11:00:00,10.7,
2023-04-28 11:15:00,10.62,
2023-04-28 11:30:00,10.54,
2023-04-28 11:45:00,10.45,
2023-04-28 12:00:00,10.37,
2023-04-28 12:15:00,10.28,
2023-04-28 12:30:00,10.21,
2023-04-28 12:45:00,10.12,
2023-04-28 13:00:00,10.05,
2023-04-28 13:15:00,9.99,
2023-04-28 13:30:00,9.92,
2023-04-28 13:45:00,9.86,
2023-04-28 14:00:00,9.81,
2023-04-28 14:15:00,9.77,
2023-04-28 14:30:00,9.73,
2023-04-28 14:45:00,9.69,
2023-04-28 15:00:00,9.67,
2023-04-28 15:15:00,9.64,
2023-04-28 15:30:00,9.62,
2023-04-28 15:45:00,9.61,
2023-04-28 16:00:00,9.59,
2023-04-28 16:15:00,9.58,
2023-04-28 16:30:00,9.59,
2023-04-28 16:45:00,9.59,
2023-04-28 17:00:00,9.59,
2023-04-28 17:15:00,9.59,
2023-04-28 17:30:00,9.6,
2023-04-28 17:45:00,9.62,
2023-04-28 18:00:00,9.65,
2023-04-28 18:15:00,9.67,
2023-04-28 18:30:00,9.72,
2023-04-28 18:45:00,9.76,
2023-04-28 19:00:00,9.83,
2023-04-28 19:15:00,9.89,
2023-04-28 19:30:00,9.94,
2023-04-28 19:45:00,10.0,
2023-04-28 20:00:00,10.06,
2023-04-28 20:15:00,10.12,
2023-04-28 20:30:00,10.17,
2023-04-28 20:45:00,10.23,
2023-04-28 21:00:00,10.27,
2023-04-28 21:15:00,10.33,
2023-04-28 21:30:00,10.39,
2023-04-28 21:45:00,10.43,
2023-04-28 22:00:00,10.46,
2023-04-28 22:15:00,10.51,
2023-04-28 22:30:00,10.54,
2023-04-28 22:45:00,10.58,
2023-04-28 23:00:00,10.6,
2023-04-28 23:15:00,10.65,
2023-04-28 23:30:00,10.68,
2023-04-28 23:45:00,10.7,
2023-04-29 00:00:00,10.73,
2023-04-29 00:15:00,10.75,
2023-04-29 00:30:00,10.77,
2023-04-29 00:45:00,10.8,
2023-04-29 01:00:00,10.82,
2023-04-29 01:15:00,10.84,
2023-04-29 01:30:00,10.85,
2023-04-29 01:45:00,10.88,
2023-04-29 02:00:00,10.9,
2023-04-29 02:15:00,10.91,
2023-04-29 02:30:00,10.93,
2023-04-29 02:45:00,10.95,
2023-04-29 03:00:00,10.96,
2023-04-29 03:15:00,10.98,
2023-04-29 03:30:00,11.0,
2023-04-29 03:45:00,11.01,
2023-04-29 04:00:00,11.02,
2023-04-29 04:15:00,11.02,
2023-04-29 04:30:00,11.03,
2023-04-29 04:45:00,11.05,
2023-04-29 05:00:00,11.06,
2023-04-29 05:15:00,11.07,
2023-04-29 05:30:00,11.08,
2023-04-29 05:45:00,11.12,
2023-04-29 06:00:00,11.15,
2023-04-29 06:15:00,11.17,
2023-04-29 06:30:00,11.21,
2023-04-29 06:45:00,11.24,
2023-04-29 07:00:00,11.27,
2023-04-29 07:15:00,11.31,
2023-04-29 07:30:00,11.34,
2023-04-29 07:45:00,11.36,
2023-04-29 08:00:00,11.37,
2023-04-29 08:15:00,11.36,
2023-04-29 08:30:00,11.33,
2023-04-29 08:45:00,11.3,
2023-04-29 09:00:00,11.24,
2023-04-29 09:15:00,11.18,
2023-04-29 09:30:00,11.1,
2023-04-29 09:45:00,11.02,
2023-04-29 10:00:00,10.93,
2023-04-29 10:15:00,10.85,
2023-04-29 10:30:00,10.75,
2023-04-29 10:45:00,10.67,
2023-04-29 11:00:00,10.58,
2023-04-29 11:15:00,10.49,
2023-04-29 11:30:00,10.41,
2023-04-29 11:45:00,10.31,
2023-04-29 12:00:00,10.23,
2023-04-29 12:15:00,10.15,
2023-04-29 12:30:00,10.07,
2023-04-29 12:45:00,10.0,
2023-04-29 13:00:00,9.94,
2023-04-29 13:15:00,9.88,
2023-04-29 13:30:00,9.83,
2023-04-29 13:45:00,9.78,
2023-04-29 14:00:00,9.74,
2023-04-29 14:15:00,9.71,
2023-04-29 14:30:00,9.67,
2023-04-29 14:45:00,9.65,
2023-04-29 15:00:00,9.62,
2023-04-29 15:15:00,9.6,
2023-04-29 15:30:00,9.58,
2023-04-29 15:45:00,9.57,
2023-04-29 16:00:00,9.56,
2023-04-29 16:15:00,9.54,
2023-04-29 16:30:00,9.55,
2023-04-29 16:45:00,9.56,
2023-04-29 17:00:00,9.58,
2023-04-29 17:15:00,9.61,
2023-04-29 17:30:00,9.65,
2023-04-29 17:45:00,9.69,
2023-04-29 18:00:00,9.75,
2023-04-29 18:15:00,9.78,
2023-04-29 18:30:00,9.84,
2023-04-29 18:45:00,9.91,
2023-04-29 19:00:00,9.95,
2023-04-29 19:15:00,10.02,
2023-04-29 19:30:00,10.07,
2023-04-29 19:45:00,10.13,
2023-04-29 20:00:00,10.19,
2023-04-29 20:15:00,10.24,
2023-04-29 20:30:00,10.29,
2023-04-29 20:45:00,10.34,
2023-04-29 21:00:00,10.4,
2023-04-29 21:15:00,10.42,
2023-04-29 21:30:00,10.47,
2023-04-29 21:45:00,10.5,
2023-04-29 22:00:00,10.53,
2023-04-29 22:15:00,10.56,
2023-04-29 22:30:00,10.59,
2023-04-29 22:45:00,10.62,
2023-04-29 23:00:00,10.64,
2023-04-29 23:15:00,10.66,
2023-04-29 23:30:00,10.68,
2023-04-29 23:45:00,10.69,
2023-04-30 00:00:00,10.71,
2023-04-30 00:15:00,10.72,
2023-04-30 00:30:00,10.74,
2023-04-30 00:45:00,10.75,
2023-04-30 01:00:00,10.76,
2023-04-30 01:15:00,10.77,
2023-04-30 01:30:00,10.78,
2023-04-30 01:45:00,10.78,
2023-04-30 02:00:00,10.79,
2023-04-30 02:15:00,10.81,
2023-04-30 02:30:00,10.81,
2023-04-30 02:45:00,10.83,
2023-04-30 03:00:00,10.84,
2023-04-30 03:15:00,10.84,
2023-04-30 03:30:00,10.85,
2023-04-30 03:45:00,10.86,
2023-04-30 04:00:00,10.87,
2023-04-30 04:15:00,10.87,
2023-04-30 04:30:00,10.89,
2023-04-30 04:45:00,10.9,
2023-04-30 05:00:00,10.9,
2023-04-30 05:15:00,10.9,
2023-04-30 05:30:00,10.93,
2023-04-30 05:45:00,10.95,
2023-04-30 06:00:00,10.96,
2023-04-30 06:15:00,10.98,
2023-04-30 06:30:00,11.03,
2023-04-30 06:45:00,11.07,
2023-04-30 07:00:00,11.12,
2023-04-30 07:15:00,11.12,
2023-04-30 07:30:00,11.12,
2023-04-30 07:45:00,11.12,
2023-04-30 08:00:00,11.09,
2023-04-30 08:15:00,11.08,
2023-04-30 08:30:00,11.06,
2023-04-30 08:45:00,11.0,
2023-04-30 09:00:00,10.96,
2023-04-30 09:15:00,10.9,
2023-04-30 09:30:00,10.84,
2023-04-30 09:45:00,10.76,
2023-04-30 10:00:00,10.7,
2023-04-30 10:15:00,10.63,
2023-04-30 10:30:00,10.54,
2023-04-30 10:45:00,10.46,
2023-04-30 11:00:00,10.39,
2023-04-30 11:15:00,10.31,
2023-04-30 11:30:00,10.24,
2023-04-30 11:45:00,10.16,
2023-04-30 12:00:00,10.08,
2023-04-30 12:15:00,10.01,
2023-04-30 12:30:00,9.94,
2023-04-30 12:45:00,9.88,
2023-04-30 13:00:00,9.83,
2023-04-30 13:15:00,9.77,
2023-04-30 13:30:00,9.73,
2023-04-30 13:45:00,9.69,
2023-04-30 14:00:00,9.66,
2023-04-30 14:15:00,9.62,
2023-04-30 14:30:00,9.6,
2023-04-30 14:45:00,9.58,
2023-04-30 15:00:00,9.58,
2023-04-30 15:15:00,9.55,
2023-04-30 15:30:00,9.55,
2023-04-30 15:45:00,9.54,
2023-04-30 16:00:00,9.54,
2023-04-30 16:15:00,9.56,
2023-04-30 16:30:00,9.58,
2023-04-30 16:45:00,9.61,
2023-04-30 17:00:00,9.66,
2023-04-30 17:15:00,9.71,
2023-04-30 17:30:00,9.76,
2023-04-30 17:45:00,9.81,
2023-04-30 18:00:00,9.86,
2023-04-30 18:15:00,9.91,
2023-04-30 18:30:00,9.98,
2023-04-30 18:45:00,10.05,
2023-04-30 19:00:00,10.11,
2023-04-30 19:15:00,10.17,
2023-04-30 19:30:00,10.22,
2023-04-30 19:45:00,10.28,
2023-04-30 20:00:00,10.34,
2023-04-30 20:15:00,10.38,
2023-04-30 20:30:00,10.44,
2023-04-30 20:45:00,10.46,
2023-04-30 21:00:00,10.5,
2023-04-30 21:15:00,10.54,
2023-04-30 21:30:00,10.57,
2023-04-30 21:45:00,10.6,
2023-04-30 22:00:00,10.62,
2023-04-30 22:15:00,10.64,
2023-04-30 22:30:00,10.68,
2023-04-30 22:45:00,10.67,
2023-04-30 23:00:00,10.68,
2023-04-30 23:15:00,10.7,
2023-04-30 23:30:00,10.7,
2023-04-30 23:45:00,10.72,
2023-05-01 00:00:00,10.72,
2023-05-01 00:15:00,10.73,
2023-05-01 00:30:00,10.74,
2023-05-01 00:45:00,10.75,
2023-05-01 01:00:00,10.76,
2023-05-01 01:15:00,10.77,
2023-05-01 01:30:00,10.77,
2023-05-01 01:45:00,10.78,
2023-05-01 02:00:00,10.78,
2023-05-01 02:15:00,10.79,
2023-05-01 02:30:00,10.8,
2023-05-01 02:45:00,10.8,
2023-05-01 03:00:00,10.81,
2023-05-01 03:15:00,10.8,
2023-05-01 03:30:00,10.82,
2023-05-01 03:45:00,10.82,
2023-05-01 04:00:00,10.83,
2023-05-01 04:15:00,10.83,
2023-05-01 04:30:00,10.84,
2023-05-01 04:45:00,10.84,
2023-05-01 05:00:00,10.85,
2023-05-01 05:15:00,10.85,
2023-05-01 05:30:00,10.86,
2023-05-01 05:45:00,10.89,
2023-05-01 06:00:00,10.91,
2023-05-01 06:15:00,10.94,
2023-05-01 06:30:00,10.97,
2023-05-01 06:45:00,11.01,
2023-05-01 07:00:00,11.01,
2023-05-01 07:15:00,11.02,
2023-05-01 07:30:00,11.03,
2023-05-01 07:45:00,11.05,
2023-05-01 08:00:00,11.04,
2023-05-01 08:15:00,11.02,
2023-05-01 08:30:00,10.98,
2023-05-01 08:45:00,10.93,
2023-05-01 09:00:00,10.88,
2023-05-01 09:15:00,10.83,
2023-05-01 09:30:00,10.76,
2023-05-01 09:45:00,10.69,
2023-05-01 10:00:00,10.63,
2023-05-01 10:15:00,10.55,
2023-05-01 10:30:00,10.47,
2023-05-01 10:45:00,10.4,
2023-05-01 11:00:00,10.32,
2023-05-01 11:15:00,10.25,
2023-05-01 11:30:00,10.16,
2023-05-01 11:45:00,10.09,
2023-05-01 12:00:00,10.01,
2023-05-01 12:15:00,9.95,
2023-05-01 12:30:00,9.88,
2023-05-01 12:45:00,9.82,
2023-05-01 13:00:00,9.76,
2023-05-01 13:15:00,9.73,
2023-05-01 13:30:00,9.68,
2023-05-01 13:45:00,9.65,
2023-05-01 14:00:00,9.61,
2023-05-01 14:15:00,9.6,
2023-05-01 14:30:00,9.58,
2023-05-01 14:45:00,9.55,
2023-05-01 15:00:00,9.56,
2023-05-01 15:15:00,9.53,
2023-05-01 15:30:00,9.53,
2023-05-01 15:45:00,9.56,
2023-05-01 16:00:00,9.56,
2023-05-01 16:15:00,9.6,
2023-05-01 16:30:00,9.63,
2023-05-01 16:45:00,9.68,
2023-05-01 17:00:00,9.74,
2023-05-01 17:15:00,9.79,
2023-05-01 17:30:00,9.84,
2023-05-01 17:45:00,9.91,
2023-05-01 18:00:00,9.96,
2023-05-01 18:15:00,10.01,
2023-05-01 18:30:00,10.06,
2023-05-01 18:45:00,10.13,
2023-05-01 19:00:00,10.2,
2023-05-01 19:15:00,10.25,
2023-05-01 19:30:00,10.3,
2023-05-01 19:45:00,10.35,
2023-05-01 20:00:00,10.39,
2023-05-01 20:15:00,10.43,
2023-05-01 20:30:00,10.47,
2023-05-01 20:45:00,10.51,
2023-05-01 21:00:00,10.54,
2023-05-01 21:15:00,10.57,
2023-05-01 21:30:00,10.59,
2023-05-01 21:45:00,10.61,
2023-05-01 22:00:00,10.63,
2023-05-01 22:15:00,10.64,
2023-05-01 22:30:00,10.65,
2023-05-01 22:45:00,10.66,
2023-05-01 23:00:00,10.66,
2023-05-01 23:15:00,10.67,
2023-05-01 23:30:00,10.68,
2023-05-01 23:45:00,10.69,
2023-05-02 00:00:00,10.69,
2023-05-02 00:15:00,10.71,
2023-05-02 00:30:00,10.71,
2023-05-02 00:45:00,10.71,
2023-05-02 01:00:00,10.73,
2023-05-02 01:15:00,10.73,
2023-05-02 01:30:00,10.72,
2023-05-02 01:45:00,10.73,
2023-05-02 02:00:00,10.73,
2023-05-02 02:15:00,10.74,
2023-05-02 02:30:00,10.74,
2023-05-02 02:45:00,10.73,
2023-05-02 03:00:00,10.76,
2023-05-02 03:15:00,10.74,
2023-05-02 03:30:00,10.75,
2023-05-02 03:45:00,10.75,
2023-05-02 04:00:00,10.76,
2023-05-02 04:15:00,10.76,
2023-05-02 04:30:00,10.78,
2023-05-02 04:45:00,10.79,
2023-05-02 05:00:00,10.79,
2023-05-02 05:15:00,10.8,
2023-05-02 05:30:00,10.81,
2023-05-02 05:45:00,10.82,
2023-05-02 06:00:00,10.84,
2023-05-02 06:15:00,10.86,
2023-05-02 06:30:00,10.85,
2023-05-02 06:45:00,10.87,
2023-05-02 07:00:00,10.89,
2023-05-02 07:15:00,10.9,
2023-05-02 07:30:00,10.91,
2023-05-02 07:45:00,10.91,
2023-05-02 08:00:00,10.93,
2023-05-02 08:15:00,10.9,
2023-05-02 08:30:00,10.85,
2023-05-02 08:45:00,10.81,
2023-05-02 09:00:00,10.77,
2023-05-02 09:15:00,10.72,
2023-05-02 09:30:00,10.7,
2023-05-02 09:45:00,10.66,
2023-05-02 10:00:00,10.66,
2023-05-02 10:15:00,10.63,
2023-05-02 10:30:00,10.61,
2023-05-02 10:45:00,10.56,
2023-05-02 11:00:00,10.53,
2023-05-02 11:15:00,10.54,
2023-05-02 11:30:00,10.52,
2023-05-02 11:45:00,10.46,
2023-05-02 12:00:00,10.38,
2023-05-02 12:15:00,10.31,
2023-05-02 12:30:00,10.25,
2023-05-02 12:45:00,10.25,
2023-05-02 13:00:00,10.25,
2023-05-02 13:15:00,10.26,
2023-05-02 13:30:00,10.25,
2023-05-02 13:45:00,10.2,
2023-05-02 14:00:00,10.18,
2023-05-02 14:15:00,10.14,
2023-05-02 14:30:00,10.13,
2023-05-02 14:45:00,10.12,
2023-05-02 15:00:00,10.09,
2023-05-02 15:15:00,10.1,
2023-05-02 15:30:00,10.11,
2023-05-02 15:45:00,10.11,
2023-05-02 16:00:00,10.11,
2023-05-02 16:15:00,10.1,
2023-05-02 16:30:00,10.07,
2023-05-02 16:45:00,10.09,
2023-05-02 17:00:00,10.09,
2023-05-02 17:15:00,10.07,
2023-05-02 17:30:00,10.03,
2023-05-02 17:45:00,10.06,
2023-05-02 18:00:00,10.09,
2023-05-02 18:15:00,10.1,
2023-05-02 18:30:00,10.12,
2023-05-02 18:45:00,10.14,
2023-05-02 19:00:00,10.16,
2023-05-02 19:15:00,10.18,
2023-05-02 19:30:00,10.21,
2023-05-02 19:45:00,10.22,
2023-05-02 20:00:00,10.28,
2023-05-02 20:15:00,10.31,
2023-05-02 20:30:00,10.34,
2023-05-02 20:45:00,10.38,
2023-05-02 21:00:00,10.41,
2023-05-02 21:15:00,10.45,
2023-05-02 21:30:00,10.47,
2023-05-02 21:45:00,10.51,
2023-05-02 22:00:00,10.52,
2023-05-02 22:15:00,10.55,
2023-05-02 22:30:00,10.57,
2023-05-02 22:45:00,10.58,
2023-05-02 23:00:00,10.59,
2023-05-02 23:15:00,10.63,
2023-05-02 23:30:00,10.63,
2023-05-02 23:45:00,10.65,
2023-05-03 00:00:00,10.66,
2023-05-03 00:15:00,10.68,
2023-05-03 00:30:00,10.7,
2023-05-03 00:45:00,10.71,
2023-05-03 01:00:00,10.73,
2023-05-03 01:15:00,10.75,
2023-05-03 01:30:00,10.76,
2023-05-03 01:45:00,10.77,
2023-05-03 02:00:00,10.78,
2023-05-03 02:15:00,10.79,
2023-05-03 02:30:00,10.79,
2023-05-03 02:45:00,10.81,
2023-05-03 03:00:00,10.82,
2023-05-03 03:15:00,10.82,
2023-05-03 03:30:00,10.82,
2023-05-03 03:45:00,10.85,
2023-05-03 04:00:00,10.84,
2023-05-03 04:15:00,10.87,
2023-05-03 04:30:00,10.86,
2023-05-03 04:45:00,10.88,
2023-05-03 05:00:00,10.88,
2023-05-03 05:15:00,10.89,
2023-05-03 05:30:00,10.9,
2023-05-03 05:45:00,10.92,
2023-05-03 06:00:00,10.94,
2023-05-03 06:15:00,10.96,
2023-05-03 06:30:00,10.96,
2023-05-03 06:45:00,10.99,
2023-05-03 07:00:00,10.99,
2023-05-03 07:15:00,11.0,
2023-05-03 07:30:00,11.01,
2023-05-03 07:45:00,11.0,
2023-05-03 08:00:00,11.01,
2023-05-03 08:15:00,10.97,
2023-05-03 08:30:00,10.93,
2023-05-03 08:45:00,10.87,
2023-05-03 09:00:00,10.8,
2023-05-03 09:15:00,10.72,
2023-05-03 09:30:00,10.64,
2023-05-03 09:45:00,10.59,
2023-05-03 10:00:00,10.5,
2023-05-03 10:15:00,10.44,
2023-05-03 10:30:00,10.35,
2023-05-03 10:45:00,10.27,
2023-05-03 11:00:00,10.2,
2023-05-03 11:15:00,10.11,
2023-05-03 11:30:00,10.07,
2023-05-03 11:45:00,9.99,
2023-05-03 12:00:00,9.91,
2023-05-03 12:15:00,9.85,
2023-05-03 12:30:00,9.81,
2023-05-03 12:45:00,9.75,
2023-05-03 13:00:00,9.73,
2023-05-03 13:15:00,9.65,
2023-05-03 13:30:00,9.64,
2023-05-03 13:45:00,9.65,
2023-05-03 14:00:00,9.62,
2023-05-03 14:15:00,9.58,
2023-05-03 14:30:00,9.57,
2023-05-03 14:45:00,9.54,
2023-05-03 15:00:00,9.54,
2023-05-03 15:15:00,9.52,
2023-05-03 15:30:00,9.52,
2023-05-03 15:45:00,9.52,
2023-05-03 16:00:00,9.52,
2023-05-03 16:15:00,9.52,
2023-05-03 16:30:00,9.56,
2023-05-03 16:45:00,9.61,
2023-05-03 17:00:00,9.64,
2023-05-03 17:15:00,9.68,
2023-05-03 17:30:00,9.72,
2023-05-03 17:45:00,9.75,
2023-05-03 18:00:00,9.78,
2023-05-03 18:15:00,9.81,
2023-05-03 18:30:00,9.86,
2023-05-03 18:45:00,9.89,
2023-05-03 19:00:00,9.95,
2023-05-03 19:15:00,9.99,
2023-05-03 19:30:00,10.03,
2023-05-03 19:45:00,10.07,
2023-05-03 20:00:00,10.12,
2023-05-03 20:15:00,10.16,
2023-05-03 20:30:00,10.2,
2023-05-03 20:45:00,10.23,
2023-05-03 21:00:00,10.27,
2023-05-03 21:15:00,10.3,
2023-05-03 21:30:00,10.32,
2023-05-03 21:45:00,10.36,
2023-05-03 22:00:00,10.38,
2023-05-03 22:15:00,10.4,
2023-05-03 22:30:00,10.42,
2023-05-03 22:45:00,10.45,
2023-05-03 23:00:00,10.46,
2023-05-03 23:15:00,10.47,
2023-05-03 23:30:00,10.49,
2023-05-03 23:45:00,10.5,
2023-05-04 00:00:00,10.51,
2023-05-04 00:15:00,10.53,
2023-05-04 00:30:00,10.54,
2023-05-04 00:45:00,10.55,
2023-05-04 01:00:00,10.56,
2023-05-04 01:15:00,10.57,
2023-05-04 01:30:00,10.57,
2023-05-04 01:45:00,10.58,
2023-05-04 02:00:00,10.58,
2023-05-04 02:15:00,10.58,
2023-05-04 02:30:00,10.58,
2023-05-04 02:45:00,10.59,
2023-05-04 03:00:00,10.6,
2023-05-04 03:15:00,10.59,
2023-05-04 03:30:00,10.59,
2023-05-04 03:45:00,10.59,
2023-05-04 04:00:00,10.59,
2023-05-04 04:15:00,10.59,
2023-05-04 04:30:00,10.59,
2023-05-04 04:45:00,10.6,
2023-05-04 05:00:00,10.62,
2023-05-04 05:15:00,10.61,
2023-05-04 05:30:00,10.6,
2023-05-04 05:45:00,10.6,
2023-05-04 06:00:00,10.6,
2023-05-04 06:15:00,10.62,
2023-05-04 06:30:00,10.61,
2023-05-04 06:45:00,10.62,
2023-05-04 07:00:00,10.62,
2023-05-04 07:15:00,10.63,
2023-05-04 07:30:00,10.64,
2023-05-04 07:45:00,10.63,
2023-05-04 08:00:00,10.63,
2023-05-04 08:15:00,10.63,
2023-05-04 08:30:00,10.65,
2023-05-04 08:45:00,10.65,
2023-05-04 09:00:00,10.62,
2023-05-04 09:15:00,10.6,
2023-05-04 09:30:00,10.59,
2023-05-04 09:45:00,10.54,
2023-05-04 10:00:00,10.5,
2023-05-04 10:15:00,10.47,
2023-05-04 10:30:00,10.44,
2023-05-04 10:45:00,10.4,
2023-05-04 11:00:00,10.35,
2023-05-04 11:15:00,10.29,
2023-05-04 11:30:00,10.21,
2023-05-04 11:45:00,10.16,
2023-05-04 12:00:00,10.09,
2023-05-04 12:15:00,10.03,
2023-05-04 12:30:00,9.95,
2023-05-04 12:45:00,9.89,
2023-05-04 13:00:00,9.83,
2023-05-04 13:15:00,8.756,LI
2023-05-04 13:30:00,8.991999999999999,LI
2023-05-04 13:45:00,9.228,LI
2023-05-04 14:00:00,9.464,LI
2023-05-04 14:15:00,9.7,
2023-05-04 14:30:00,9.64,
2023-05-04 14:45:00,9.76,
2023-05-04 15:00:00,9.83,
2023-05-04 15:15:00,9.87,
2023-05-04 15:30:00,9.82,
2023-05-04 15:45:00,9.81,
2023-05-04 16:00:00,9.84,
2023-05-04 16:15:00,9.79,
2023-05-04 16:30:00,9.9,
2023-05-04 16:45:00,9.86,
2023-05-04 17:00:00,9.88,
2023-05-04 17:15:00,9.9,
2023-05-04 17:30:00,9.93,
2023-05-04 17:45:00,9.98,
2023-05-04 18:00:00,9.96,
2023-05-04 18:15:00,9.98,
2023-05-04 18:30:00,10.0,
2023-05-04 18:45:00,10.03,
2023-05-04 19:00:00,10.05,
2023-05-04 19:15:00,10.09,
2023-05-04 19:30:00,10.12,
2023-05-04 19:45:00,10.17,
2023-05-04 20:00:00,10.19,
2023-05-04 20:15:00,10.19,
2023-05-04 20:30:00,10.23,
2023-05-04 20:45:00,10.24,
2023-05-04 21:00:00,10.24,
2023-05-04 21:15:00,10.27,
2023-05-04 21:30:00,10.28,
2023-05-04 21:45:00,10.3,
2023-05-04 22:00:00,10.3,
2023-05-04 22:15:00,10.32,
2023-05-04 22:30:00,10.31,
2023-05-04 22:45:00,10.34,
2023-05-04 23:00:00,10.33,
2023-05-04 23:15:00,10.34,
2023-05-04 23:30:00,10.35,
2023-05-04 23:45:00,10.38,
2023-05-05 00:00:00,10.36,
2023-05-05 00:15:00,10.39,
2023-05-05 00:30:00,10.38,
2023-05-05 00:45:00,10.39,
2023-05-05 01:00:00,10.41,
2023-05-05 01:15:00,10.39,
2023-05-05 01:30:00,10.39,
2023-05-05 01:45:00,10.4,
2023-05-05 02:00:00,10.42,
2023-05-05 02:15:00,10.42,
2023-05-05 02:30:00,10.43,
2023-05-05 02:45:00,10.44,
2023-05-05 03:00:00,10.44,
2023-05-05 03:15:00,10.47,
2023-05-05 03:30:00,10.46,
2023-05-05 03:45:00,10.46,
2023-05-05 04:00:00,10.48,
2023-05-05 04:15:00,10.49,
2023-05-05 04:30:00,10.5,
2023-05-05 04:45:00,10.52,
2023-05-05 05:00:00,10.51,
2023-05-05 05:15:00,10.53,
2023-05-05 05:30:00,10.53,
2023-05-05 05:45:00,10.55,
2023-05-05 06:00:00,10.56,
2023-05-05 06:15:00,10.56,
2023-05-05 06:30:00,10.59,
2023-05-05 06:45:00,10.59,
2023-05-05 07:00:00,10.61,
2023-05-05 07:15:00,10.64,
2023-05-05 07:30:00,10.64,
2023-05-05 07:45:00,10.63,
2023-05-05 08:00:00,10.63,
2023-05-05 08:15:00,10.56,
2023-05-05 08:30:00,10.52,
2023-05-05 08:45:00,10.51,
2023-05-05 09:00:00,10.5,
2023-05-05 09:15:00,10.44,
2023-05-05 09:30:00,10.39,
2023-05-05 09:45:00,10.32,
2023-05-05 10:00:00,10.25,
2023-05-05 10:15:00,10.22,
2023-05-05 10:30:00,10.21,
2023-05-05 10:45:00,10.2,
2023-05-05 11:00:00,10.13,
2023-05-05 11:15:00,10.1,
2023-05-05 11:30:00,10.09,
2023-05-05 11:45:00,10.09,
2023-05-05 12:00:00,10.08,
2023-05-05 12:15:00,10.05,
2023-05-05 12:30:00,10.01,
2023-05-05 12:45:00,9.96,
2023-05-05 13:00:00,9.88,
2023-05-05 13:15:00,9.86,
2023-05-05 13:30:00,9.85,
2023-05-05 13:45:00,9.8,
2023-05-05 14:00:00,9.77,
2023-05-05 14:15:00,9.78,
2023-05-05 14:30:00,9.7,
2023-05-05 14:45:00,9.69,
2023-05-05 15:00:00,9.68,
2023-05-05 15:15:00,9.7,
2023-05-05 15:30:00,9.72,
2023-05-05 15:45:00,9.68,
2023-05-05 16:00:00,9.63,
2023-05-05 16:15:00,9.67,
2023-05-05 16:30:00,9.67,
2023-05-05 16:45:00,9.66,
2023-05-05 17:00:00,9.65,
2023-05-05 17:15:00,9.64,
2023-05-05 17:30:00,9.65,
2023-05-05 17:45:00,9.66,
2023-05-05 18:00:00,9.69,
2023-05-05 18:15:00,9.72,
2023-05-05 18:30:00,9.74,
2023-05-05 18:45:00,9.79,
2023-05-05 19:00:00,9.83,
2023-05-05 19:15:00,9.88,
2023-05-05 19:30:00,9.91,
2023-05-05 19:45:00,9.95,
2023-05-05 20:00:00,9.99,
2023-05-05 20:15:00,10.03,
2023-05-05 20:30:00,10.06,
2023-05-05 20:45:00,10.09,
2023-05-05 21:00:00,10.12,
2023-05-05 21:15:00,10.15,
2023-05-05 21:30:00,10.18,
2023-05-05 21:45:00,10.21,
2023-05-05 22:00:00,10.23,
2023-05-05 22:15:00,10.25,
2023-05-05 22:30:00,10.26,
2023-05-05 22:45:00,10.29,
2023-05-05 23:00:00,10.31,
2023-05-05 23:15:00,10.33,
2023-05-05 23:30:00,10.34,
2023-05-05 23:45:00,10.36,
2023-05-06 00:00:00,10.37,
2023-05-06 00:15:00,10.39,
2023-05-06 00:30:00,10.39,
2023-05-06 00:45:00,10.4,
2023-05-06 01:00:00,10.42,
2023-05-06 01:15:00,10.42,
2023-05-06 01:30:00,10.43,
2023-05-06 01:45:00,10.44,
2023-05-06 02:00:00,10.44,
2023-05-06 02:15:00,10.48,
2023-05-06 02:30:00,10.51,
2023-05-06 02:45:00,10.51,
2023-05-06 03:00:00,10.53,
2023-05-06 03:15:00,10.56,
2023-05-06 03:30:00,10.58,
2023-05-06 03:45:00,10.58,
2023-05-06 04:00:00,10.59,
2023-05-06 04:15:00,10.59,
2023-05-06 04:30:00,10.58,
2023-05-06 04:45:00,10.59,
2023-05-06 05:00:00,10.58,
2023-05-06 05:15:00,10.58,
2023-05-06 05:30:00,10.58,
2023-05-06 05:45:00,10.58,
2023-05-06 06:00:00,10.59,
2023-05-06 06:15:00,10.59,
2023-05-06 06:30:00,10.6,
2023-05-06 06:45:00,10.62,
2023-05-06 07:00:00,10.61,
2023-05-06 07:15:00,10.61,
2023-05-06 07:30:00,10.6,
2023-05-06 07:45:00,10.6,
2023-05-06 08:00:00,10.6,
2023-05-06 08:15:00,10.58,
2023-05-06 08:30:00,10.55,
2023-05-06 08:45:00,10.52,
2023-05-06 09:00:00,10.48,
2023-05-06 09:15:00,10.45,
2023-05-06 09:30:00,10.44,
2023-05-06 09:45:00,10.4,
2023-05-06 10:00:00,10.39,
2023-05-06 10:15:00,10.38,
2023-05-06 10:30:00,10.34,
2023-05-06 10:45:00,10.32,
2023-05-06 11:00:00,10.25,
2023-05-06 11:15:00,10.24,
2023-05-06 11:30:00,10.17,
2023-05-06 11:45:00,10.13,
2023-05-06 12:00:00,10.12,
2023-05-06 12:15:00,10.09,
2023-05-06 12:30:00,10.03,
2023-05-06 12:45:00,9.96,
2023-05-06 13:00:00,9.97,
2023-05-06 13:15:00,9.93,
2023-05-06 13:30:00,9.88,
2023-05-06 13:45:00,9.84,
2023-05-06 14:00:00,9.83,
2023-05-06 14:15:00,9.76,
2023-05-06 14:30:00,9.74,
2023-05-06 14:45:00,9.7,
2023-05-06 15:00:00,9.69,
2023-05-06 15:15:00,9.65,
2023-05-06 15:30:00,9.63,
2023-05-06 15:45:00,9.64,
2023-05-06 16:00:00,9.63,
2023-05-06 16:15:00,9.69,
2023-05-06 16:30:00,9.73,
2023-05-06 16:45:00,9.78,
2023-05-06 17:00:00,9.81,
2023-05-06 17:15:00,9.83,
2023-05-06 17:30:00,9.84,
2023-05-06 17:45:00,9.84,
2023-05-06 18:00:00,9.83,
2023-05-06 18:15:00,9.89,
2023-05-06 18:30:00,9.92,
2023-05-06 18:45:00,9.93,
2023-05-06 19:00:00,9.94,
2023-05-06 19:15:00,9.95,
2023-05-06 19:30:00,9.98,
2023-05-06 19:45:00,10.0,
2023-05-06 20:00:00,10.03,
2023-05-06 20:15:00,10.05,
2023-05-06 20:30:00,10.09,
2023-05-06 20:45:00,10.11,
2023-05-06 21:00:00,10.14,
2023-05-06 21:15:00,10.16,
2023-05-06 21:30:00,10.18,
2023-05-06 21:45:00,10.2,
2023-05-06 22:00:00,10.21,
2023-05-06 22:15:00,10.23,
2023-05-06 22:30:00,10.25,
2023-05-06 22:45:00,10.27,
2023-05-06 23:00:00,10.27,
2023-05-06 23:15:00,10.29,
2023-05-06 23:30:00,10.31,
2023-05-06 23:45:00,10.31,
2023-05-07 00:00:00,10.33,
2023-05-07 00:15:00,10.34,
2023-05-07 00:30:00,10.35,
2023-05-07 00:45:00,10.36,
2023-05-07 01:00:00,10.37,
2023-05-07 01:15:00,10.38,
2023-05-07 01:30:00,10.39,
2023-05-07 01:45:00,10.38,
2023-05-07 02:00:00,10.38,
2023-05-07 02:15:00,10.39,
2023-05-07 02:30:00,10.4,
2023-05-07 02:45:00,10.41,
2023-05-07 03:00:00,10.42,
2023-05-07 03:15:00,10.43,
2023-05-07 03:30:00,10.43,
2023-05-07 03:45:00,10.44,
2023-05-07 04:00:00,10.46,
2023-05-07 04:15:00,10.47,
2023-05-07 04:30:00,10.47,
2023-05-07 04:45:00,10.48,
2023-05-07 05:00:00,10.47,
2023-05-07 05:15:00,10.48,
2023-05-07 05:30:00,10.49,
2023-05-07 05:45:00,10.5,
2023-05-07 06:00:00,10.52,
2023-05-07 06:15:00,10.54,
2023-05-07 06:30:00,10.55,
2023-05-07 06:45:00,10.57,
2023-05-07 07:00:00,10.59,
2023-05-07 07:15:00,10.61,
2023-05-07 07:30:00,10.62,
2023-05-07 07:45:00,10.62,
2023-05-07 08:00:00,10.63,
2023-05-07 08:15:00,10.62,
2023-05-07 08:30:00,10.6,
2023-05-07 08:45:00,10.57,
2023-05-07 09:00:00,10.53,
2023-05-07 09:15:00,10.46,
2023-05-07 09:30:00,10.38,
2023-05-07 09:45:00,10.33,
2023-05-07 10:00:00,10.23,
2023-05-07 10:15:00,10.17,
2023-05-07 10:30:00,10.07,
2023-05-07 10:45:00,10.0,
2023-05-07 11:00:00,9.96,
2023-05-07 11:15:00,9.96,
2023-05-07 11:30:00,9.97,
2023-05-07 11:45:00,9.96,
2023-05-07 12:00:00,9.96,
2023-05-07 12:15:00,9.98,
2023-05-07 12:30:00,9.93,
2023-05-07 12:45:00,9.85,
2023-05-07 13:00:00,9.76,
2023-05-07 13:15:00,9.69,
2023-05-07 13:30:00,9.69,
2023-05-07 13:45:00,9.67,
2023-05-07 14:00:00,9.6,
2023-05-07 14:15:00,9.61,
2023-05-07 14:30:00,9.61,
2023-05-07 14:45:00,9.59,
2023-05-07 15:00:00,9.51,
2023-05-07 15:15:00,9.5,
2023-05-07 15:30:00,9.51,
2023-05-07 15:45:00,9.53,
2023-05-07 16:00:00,9.54,
2023-05-07 16:15:00,9.53,
2023-05-07 16:30:00,9.53,
2023-05-07 16:45:00,9.56,
2023-05-07 17:00:00,9.59,
2023-05-07 17:15:00,9.6,
2023-05-07 17:30:00,9.61,
2023-05-07 17:45:00,9.63,
2023-05-07 18:00:00,9.67,
2023-05-07 18:15:00,9.65,
2023-05-07 18:30:00,9.68,
2023-05-07 18:45:00,9.71,
2023-05-07 19:00:00,9.75,
2023-05-07 19:15:00,9.77,
2023-05-07 19:30:00,9.81,
2023-05-07 19:45:00,9.84,
2023-05-07 20:00:00,9.88,
2023-05-07 20:15:00,9.93,
2023-05-07 20:30:00,9.97,
2023-05-07 20:45:00,10.01,
2023-05-07 21:00:00,10.05,
2023-05-07 21:15:00,10.09,
2023-05-07 21:30:00,10.12,
2023-05-07 21:45:00,10.17,
2023-05-07 22:00:00,10.2,
2023-05-07 22:15:00,10.23,
2023-05-07 22:30:00,10.26,
2023-05-07 22:45:00,10.3,
2023-05-07 23:00:00,10.32,
2023-05-07 23:15:00,10.34,
2023-05-07 23:30:00,10.37,
2023-05-07 23:45:00,10.39,
2023-05-08 00:00:00,10.41,
2023-05-08 00:15:00,10.43,
2023-05-08 00:30:00,10.45,
2023-05-08 00:45:00,10.47,
2023-05-08 01:00:00,10.48,
2023-05-08 01:15:00,10.5,
2023-05-08 01:30:00,10.52,
2023-05-08 01:45:00,10.54,
2023-05-08 02:00:00,10.56,
2023-05-08 02:15:00,10.56,
2023-05-08 02:30:00,10.58,
2023-05-08 02:45:00,10.59,
2023-05-08 03:00:00,10.6,
2023-05-08 03:15:00,10.61,
2023-05-08 03:30:00,10.62,
2023-05-08 03:45:00,10.63,
2023-05-08 04:00:00,10.64,
2023-05-08 04:15:00,10.65,
2023-05-08 04:30:00,10.67,
2023-05-08 04:45:00,10.67,
2023-05-08 05:00:00,10.68,
2023-05-08 05:15:00,10.69,
2023-05-08 05:30:00,10.7,
2023-05-08 05:45:00,10.73,
2023-05-08 06:00:00,10.74,
2023-05-08 06:15:00,10.75,
2023-05-08 06:30:00,10.77,
2023-05-08 06:45:00,10.77,
2023-05-08 07:00:00,10.79,
2023-05-08 07:15:00,10.78,
2023-05-08 07:30:00,10.78,
2023-05-08 07:45:00,10.77,
2023-05-08 08:00:00,10.74,
2023-05-08 08:15:00,10.71,
2023-05-08 08:30:00,10.65,
2023-05-08 08:45:00,10.61,
2023-05-08 09:00:00,10.58,
2023-05-08 09:15:00,10.52,
2023-05-08 09:30:00,10.49,
2023-05-08 09:45:00,10.45,
2023-05-08 10:00:00,10.37,
2023-05-08 10:15:00,10.32,
2023-05-08 10:30:00,10.25,
2023-05-08 10:45:00,10.17,
2023-05-08 11:00:00,10.08,
2023-05-08 11:15:00,9.97,
2023-05-08 11:30:00,9.97,
2023-05-08 11:45:00,9.91,
2023-05-08 12:00:00,9.86,
2023-05-08 12:15:00,9.73,
2023-05-08 12:30:00,9.65,
2023-05-08 12:45:00,9.63,
2023-05-08 13:00:00,9.61,
2023-05-08 13:15:00,9.6,
2023-05-08 13:30:00,9.63,
2023-05-08 13:45:00,9.63,
2023-05-08 14:00:00,9.6,
2023-05-08 14:15:00,9.57,
2023-05-08 14:30:00,9.5,
2023-05-08 14:45:00,9.43,
2023-05-08 15:00:00,9.45,
2023-05-08 15:15:00,9.41,
2023-05-08 15:30:00,9.42,
2023-05-08 15:45:00,9.35,
2023-05-08 16:00:00,9.31,
2023-05-08 16:15:00,9.35,
2023-05-08 16:30:00,9.42,
2023-05-08 16:45:00,9.41,
2023-05-08 17:00:00,9.42,
2023-05-08 17:15:00,9.48,
2023-05-08 17:30:00,9.52,
2023-05-08 17:45:00,9.58,
2023-05-08 18:00:00,9.64,
2023-05-08 18:15:00,9.71,
2023-05-08 18:30:00,9.74,
2023-05-08 18:45:00,9.76,
2023-05-08 19:00:00,9.78,
2023-05-08 19:15:00,9.82,
2023-05-08 19:30:00,9.85,
2023-05-08 19:45:00,9.89,
2023-05-08 20:00:00,9.91,
2023-05-08 20:15:00,9.95,
2023-05-08 20:30:00,9.99,
2023-05-08 20:45:00,10.02,
2023-05-08 21:00:00,10.06,
2023-05-08 21:15:00,10.1,
2023-05-08 21:30:00,10.12,
2023-05-08 21:45:00,10.16,
2023-05-08 22:00:00,10.18,
2023-05-08 22:15:00,10.21,
2023-05-08 22:30:00,10.25,
2023-05-08 22:45:00,10.27,
2023-05-08 23:00:00,10.28,
2023-05-08 23:15:00,10.31,
2023-05-08 23:30:00,10.32,
2023-05-08 23:45:00,10.34,
2023-05-09 00:00:00,10.37,
2023-05-09 00:15:00,10.39,
2023-05-09 00:30:00,10.41,
2023-05-09 00:45:00,10.41,
2023-05-09 01:00:00,10.43,
2023-05-09 01:15:00,10.44,
2023-05-09 01:30:00,10.46,
2023-05-09 01:45:00,10.47,
2023-05-09 02:00:00,10.47,
2023-05-09 02:15:00,10.49,
2023-05-09 02:30:00,10.5,
2023-05-09 02:45:00,10.51,
2023-05-09 03:00:00,10.52,
2023-05-09 03:15:00,10.54,
2023-05-09 03:30:00,10.54,
2023-05-09 03:45:00,10.56,
2023-05-09 04:00:00,10.56,
2023-05-09 04:15:00,10.58,
2023-05-09 04:30:00,10.59,
2023-05-09 04:45:00,10.58,
2023-05-09 05:00:00,10.6,
2023-05-09 05:15:00,10.61,
2023-05-09 05:30:00,10.62,
2023-05-09 05:45:00,10.64,
2023-05-09 06:00:00,10.66,
2023-05-09 06:15:00,10.68,
2023-05-09 06:30:00,10.7,
2023-05-09 06:45:00,10.7,
2023-05-09 07:00:00,10.71,
2023-05-09 07:15:00,10.73,
2023-05-09 07:30:00,10.72,
2023-05-09 07:45:00,10.72,
2023-05-09 08:00:00,10.69,
2023-05-09 08:15:00,10.68,
2023-05-09 08:30:00,10.65,
2023-05-09 08:45:00,10.61,
2023-05-09 09:00:00,10.55,
2023-05-09 09:15:00,10.51,
2023-05-09 09:30:00,10.43,
2023-05-09 09:45:00,10.36,
2023-05-09 10:00:00,10.27,
2023-05-09 10:15:00,10.21,
2023-05-09 10:30:00,10.13,
2023-05-09 10:45:00,10.07,
2023-05-09 11:00:00,9.99,
2023-05-09 11:15:00,9.91,
2023-05-09 11:30:00,9.84,
2023-05-09 11:45:00,9.77,
2023-05-09 12:00:00,9.69,
2023-05-09 12:15:00,9.63,
2023-05-09 12:30:00,9.56,
2023-05-09 12:45:00,9.51,
2023-05-09 13:00:00,9.44,
2023-05-09 13:15:00,9.4,
2023-05-09 13:30:00,9.35,
2023-05-09 13:45:00,9.36,
2023-05-09 14:00:00,9.33,
2023-05-09 14:15:00,9.29,
2023-05-09 14:30:00,9.25,
2023-05-09 14:45:00,9.18,
2023-05-09 15:00:00,9.18,
2023-05-09 15:15:00,9.17,
2023-05-09 15:30:00,9.14,
2023-05-09 15:45:00,9.14,
2023-05-09 16:00:00,9.12,
2023-05-09 16:15:00,9.14,
2023-05-09 16:30:00,9.16,
2023-05-09 16:45:00,9.17,
2023-05-09 17:00:00,9.21,
2023-05-09 17:15:00,9.25,
2023-05-09 17:30:00,9.28,
2023-05-09 17:45:00,9.33,
2023-05-09 18:00:00,9.37,
2023-05-09 18:15:00,9.43,
2023-05-09 18:30:00,9.46,
2023-05-09 18:45:00,9.5,
2023-05-09 19:00:00,9.55,
2023-05-09 19:15:00,9.59,
2023-05-09 19:30:00,9.62,
2023-05-09 19:45:00,9.67,
2023-05-09 20:00:00,9.71,
2023-05-09 20:15:00,9.75,
2023-05-09 20:30:00,9.79,
2023-05-09 20:45:00,9.83,
2023-05-09 21:00:00,9.86,
2023-05-09 21:15:00,9.91,
2023-05-09 21:30:00,9.93,
2023-05-09 21:45:00,9.97,
2023-05-09 22:00:00,10.0,
2023-05-09 22:15:00,10.02,
2023-05-09 22:30:00,10.05,
2023-05-09 22:45:00,10.08,
2023-05-09 23:00:00,10.1,
2023-05-09 23:15:00,10.12,
2023-05-09 23:30:00,10.14,
2023-05-09 23:45:00,10.16,
2023-05-10 00:00:00,10.19,
2023-05-10 00:15:00,10.2,
2023-05-10 00:30:00,10.21,
2023-05-10 00:45:00,10.23,
2023-05-10 01:00:00,10.26,
2023-05-10 01:15:00,10.27,
2023-05-10 01:30:00,10.28,
2023-05-10 01:45:00,10.29,
2023-05-10 02:00:00,10.3,
2023-05-10 02:15:00,10.31,
2023-05-10 02:30:00,10.32,
2023-05-10 02:45:00,10.32,
2023-05-10 03:00:00,10.33,
2023-05-10 03:15:00,10.34,
2023-05-10 03:30:00,10.35,
2023-05-10 03:45:00,10.36,
2023-05-10 04:00:00,10.36,
2023-05-10 04:15:00,10.37,
2023-05-10 04:30:00,10.36,
2023-05-10 04:45:00,10.37,
2023-05-10 05:00:00,10.37,
2023-05-10 05:15:00,10.38,
2023-05-10 05:30:00,10.38,
2023-05-10 05:45:00,10.4,
2023-05-10 06:00:00,10.41,
2023-05-10 06:15:00,10.41,
2023-05-10 06:30:00,10.42,
2023-05-10 06:45:00,10.45,
2023-05-10 07:00:00,10.45,
2023-05-10 07:15:00,10.46,
2023-05-10 07:30:00,10.48,
2023-05-10 07:45:00,10.49,
2023-05-10 08:00:00,10.49,
2023-05-10 08:15:00,10.45,
2023-05-10 08:30:00,10.44,
2023-05-10 08:45:00,10.41,
2023-05-10 09:00:00,10.38,
2023-05-10 09:15:00,10.31,
2023-05-10 09:30:00,10.24,
2023-05-10 09:45:00,10.2,
2023-05-10 10:00:00,10.15,
2023-05-10 10:15:00,10.07,
2023-05-10 10:30:00,10.03,
2023-05-10 10:45:00,9.99,
2023-05-10 11:00:00,9.92,
2023-05-10 11:15:00,9.86,
2023-05-10 11:30:00,9.81,
2023-05-10 11:45:00,9.78,
2023-05-10 12:00:00,9.74,
2023-05-10 12:15:00,9.7,
2023-05-10 12:30:00,9.69,
2023-05-10 12:45:00,9.66,
2023-05-10 13:00:00,9.64,
2023-05-10 13:15:00,9.62,
2023-05-10 13:30:00,9.61,
2023-05-10 13:45:00,9.58,
2023-05-10 14:00:00,9.59,
2023-05-10 14:15:00,9.56,
2023-05-10 14:30:00,9.52,
2023-05-10 14:45:00,9.52,
2023-05-10 15:00:00,9.44,
2023-05-10 15:15:00,9.39,
2023-05-10 15:30:00,9.38,
2023-05-10 15:45:00,9.36,
2023-05-10 16:00:00,9.38,
2023-05-10 16:15:00,9.33,
2023-05-10 16:30:00,9.31,
2023-05-10 16:45:00,9.35,
2023-05-10 17:00:00,9.37,
2023-05-10 17:15:00,9.41,
2023-05-10 17:30:00,9.45,
2023-05-10 17:45:00,9.49,
2023-05-10 18:00:00,9.54,
2023-05-10 18:15:00,9.59,
2023-05-10 18:30:00,9.63,
2023-05-10 18:45:00,9.68,
2023-05-10 19:00:00,9.71,
2023-05-10 19:15:00,9.75,
2023-05-10 19:30:00,9.78,
2023-05-10 19:45:00,9.81,
2023-05-10 20:00:00,9.85,
2023-05-10 20:15:00,9.89,
2023-05-10 20:30:00,9.94,
2023-05-10 20:45:00,9.97,
2023-05-10 21:00:00,10.01,
2023-05-10 21:15:00,10.05,
2023-05-10 21:30:00,10.08,
2023-05-10 21:45:00,10.11,
2023-05-10 22:00:00,10.15,
2023-05-10 22:15:00,10.16,
2023-05-10 22:30:00,10.2,
2023-05-10 22:45:00,10.22,
2023-05-10 23:00:00,10.24,
2023-05-10 23:15:00,10.27,
2023-05-10 23:30:00,10.3,
2023-05-10 23:45:00,10.31,
2023-05-11 00:00:00,10.33,
2023-05-11 00:15:00,10.36,
2023-05-11 00:30:00,10.38,
2023-05-11 00:45:00,10.4,
2023-05-11 01:00:00,10.42,
2023-05-11 01:15:00,10.43,
2023-05-11 01:30:00,10.45,
2023-05-11 01:45:00,10.46,
2023-05-11 02:00:00,10.47,
2023-05-11 02:15:00,10.48,
2023-05-11 02:30:00,10.49,
2023-05-11 02:45:00,10.51,
2023-05-11 03:00:00,10.51,
2023-05-11 03:15:00,10.53,
2023-05-11 03:30:00,10.54,
2023-05-11 03:45:00,10.55,
2023-05-11 04:00:00,10.57,
2023-05-11 04:15:00,10.58,
2023-05-11 04:30:00,10.59,
2023-05-11 04:45:00,10.59,
2023-05-11 05:00:00,10.6,
2023-05-11 05:15:00,10.61,
2023-05-11 05:30:00,10.62,
2023-05-11 05:45:00,10.64,
2023-05-11 06:00:00,10.66,
2023-05-11 06:15:00,10.68,
2023-05-11 06:30:00,10.69,
2023-05-11 06:45:00,10.7,
2023-05-11 07:00:00,10.72,
2023-05-11 07:15:00,10.74,
2023-05-11 07:30:00,10.74,
2023-05-11 07:45:00,10.73,
2023-05-11 08:00:00,10.71,
2023-05-11 08:15:00,10.66,
2023-05-11 08:30:00,10.62,
2023-05-11 08:45:00,10.56,
2023-05-11 09:00:00,10.5,
2023-05-11 09:15:00,10.42,
2023-05-11 09:30:00,10.37,
2023-05-11 09:45:00,10.29,
2023-05-11 10:00:00,10.22,
2023-05-11 10:15:00,10.14,
2023-05-11 10:30:00,10.07,
2023-05-11 10:45:00,10.0,
2023-05-11 11:00:00,9.92,
2023-05-11 11:15:00,9.85,
2023-05-11 11:30:00,9.78,
2023-05-11 11:45:00,9.71,
2023-05-11 12:00:00,9.65,
2023-05-11 12:15:00,9.57,
2023-05-11 12:30:00,9.51,
2023-05-11 12:45:00,9.46,
2023-05-11 13:00:00,9.4,
2023-05-11 13:15:00,9.33,
2023-05-11 13:30:00,9.31,
2023-05-11 13:45:00,9.27,
2023-05-11 14:00:00,9.22,
2023-05-11 14:15:00,9.19,
2023-05-11 14:30:00,9.15,
2023-05-11 14:45:00,9.12,
2023-05-11 15:00:00,9.09,
2023-05-11 15:15:00,9.06,
2023-05-11 15:30:00,9.03,
2023-05-11 15:45:00,9.04,
2023-05-11 16:00:00,9.06,
2023-05-11 16:15:00,9.07,
2023-05-11 16:30:00,9.1,
2023-05-11 16:45:00,9.13,
2023-05-11 17:00:00,9.17,
2023-05-11 17:15:00,9.19,
2023-05-11 17:30:00,9.24,
2023-05-11 17:45:00,9.3,
2023-05-11 18:00:00,9.34,
2023-05-11 18:15:00,9.39,
2023-05-11 18:30:00,9.44,
2023-05-11 18:45:00,9.5,
2023-05-11 19:00:00,9.55,
2023-05-11 19:15:00,9.61,
2023-05-11 19:30:00,9.66,
2023-05-11 19:45:00,9.72,
2023-05-11 20:00:00,9.77,
2023-05-11 20:15:00,9.83,
2023-05-11 20:30:00,9.88,
2023-05-11 20:45:00,9.93,
2023-05-11 21:00:00,9.97,
2023-05-11 21:15:00,10.02,
2023-05-11 21:30:00,10.07,
2023-05-11 21:45:00,10.1,
2023-05-11 22:00:00,10.15,
2023-05-11 22:15:00,10.19,
2023-05-11 22:30:00,10.21,
2023-05-11 22:45:00,10.25,
2023-05-11 23:00:00,10.27,
2023-05-11 23:15:00,10.3,
2023-05-11 23:30:00,10.33,
2023-05-11 23:45:00,10.36,
2023-05-12 00:00:00,10.38,
2023-05-12 00:15:00,10.4,
2023-05-12 00:30:00,10.43,
2023-05-12 00:45:00,10.45,
2023-05-12 01:00:00,10.47,
2023-05-12 01:15:00,10.49,
2023-05-12 01:30:00,10.5,
2023-05-12 01:45:00,10.51,
2023-05-12 02:00:00,10.54,
2023-05-12 02:15:00,10.55,
2023-05-12 02:30:00,10.56,
2023-05-12 02:45:00,10.59,
2023-05-12 03:00:00,10.59,
2023-05-12 03:15:00,10.6,
2023-05-12 03:30:00,10.61,
2023-05-12 03:45:00,10.61,
2023-05-12 04:00:00,10.63,
2023-05-12 04:15:00,10.64,
2023-05-12 04:30:00,10.65,
2023-05-12 04:45:00,10.66,
2023-05-12 05:00:00,10.66,
2023-05-12 05:15:00,10.67,
2023-05-12 05:30:00,10.68,
2023-05-12 05:45:00,10.69,
2023-05-12 06:00:00,10.7,
2023-05-12 06:15:00,10.72,
2023-05-12 06:30:00,10.72,
2023-05-12 06:45:00,10.72,
2023-05-12 07:00:00,10.73,
2023-05-12 07:15:00,10.73,
2023-05-12 07:30:00,10.72,
2023-05-12 07:45:00,10.69,
2023-05-12 08:00:00,10.67,
2023-05-12 08:15:00,10.64,
2023-05-12 08:30:00,10.6,
2023-05-12 08:45:00,10.53,
2023-05-12 09:00:00,10.48,
2023-05-12 09:15:00,10.42,
2023-05-12 09:30:00,10.37,
2023-05-12 09:45:00,10.34,
2023-05-12 10:00:00,10.26,
2023-05-12 10:15:00,10.22,
2023-05-12 10:30:00,10.17,
2023-05-12 10:45:00,10.11,
2023-05-12 11:00:00,10.02,
2023-05-12 11:15:00,9.92,
2023-05-12 11:30:00,9.78,
2023-05-12 11:45:00,9.73,
2023-05-12 12:00:00,9.65,
2023-05-12 12:15:00,9.57,
2023-05-12 12:30:00,9.47,
2023-05-12 12:45:00,9.46,
2023-05-12 13:00:00,9.43,
2023-05-12 13:15:00,9.34,
2023-05-12 13:30:00,9.33,
2023-05-12 13:45:00,9.28,
2023-05-12 14:00:00,9.28,
2023-05-12 14:15:00,9.24,
2023-05-12 14:30:00,9.28,
2023-05-12 14:45:00,9.31,
2023-05-12 15:00:00,9.26,
2023-05-12 15:15:00,9.21,
2023-05-12 15:30:00,9.18,
2023-05-12 15:45:00,9.16,
2023-05-12 16:00:00,9.18,
2023-05-12 16:15:00,9.21,
2023-05-12 16:30:00,9.25,
2023-05-12 16:45:00,9.3,
2023-05-12 17:00:00,9.35,
2023-05-12 17:15:00,9.4,
2023-05-12 17:30:00,9.43,
2023-05-12 17:45:00,9.47,
2023-05-12 18:00:00,9.52,
2023-05-12 18:15:00,9.55,
2023-05-12 18:30:00,9.59,
2023-05-12 18:45:00,9.62,
2023-05-12 19:00:00,9.66,
2023-05-12 19:15:00,9.7,
2023-05-12 19:30:00,9.74,
2023-05-12 19:45:00,9.79,
2023-05-12 20:00:00,9.84,
2023-05-12 20:15:00,9.89,
2023-05-12 20:30:00,9.93,
2023-05-12 20:45:00,9.97,
2023-05-12 21:00:00,10.01,
2023-05-12 21:15:00,10.05,
2023-05-12 21:30:00,10.09,
2023-05-12 21:45:00,10.12,
2023-05-12 22:00:00,10.15,
2023-05-12 22:15:00,10.18,
2023-05-12 22:30:00,10.19,
2023-05-12 22:45:00,10.23,
2023-05-12 23:00:00,10.23,
2023-05-12 23:15:00,10.26,
2023-05-12 23:30:00,10.28,
2023-05-12 23:45:00,10.3,
2023-05-13 00:00:00,10.31,
2023-05-13 00:15:00,10.33,
2023-05-13 00:30:00,10.34,
2023-05-13 00:45:00,10.35,
2023-05-13 01:00:00,10.34,
2023-05-13 01:15:00,10.36,
2023-05-13 01:30:00,10.37,
2023-05-13 01:45:00,10.37,
2023-05-13 02:00:00,10.38,
2023-05-13 02:15:00,10.39,
2023-05-13 02:30:00,10.4,
2023-05-13 02:45:00,10.4,
2023-05-13 03:00:00,10.41,
2023-05-13 03:15:00,10.42,
2023-05-13 03:30:00,10.42,
2023-05-13 03:45:00,10.42,
2023-05-13 04:00:00,10.43,
2023-05-13 04:15:00,10.43,
2023-05-13 04:30:00,10.44,
2023-05-13 04:45:00,10.44,
2023-05-13 05:00:00,10.44,
2023-05-13 05:15:00,10.45,
2023-05-13 05:30:00,10.44,
2023-05-13 05:45:00,10.45,
2023-05-13 06:00:00,10.46,
2023-05-13 06:15:00,10.46,
2023-05-13 06:30:00,10.46,
2023-05-13 06:45:00,10.49,
2023-05-13 07:00:00,10.5,
2023-05-13 07:15:00,10.51,
2023-05-13 07:30:00,10.5,
2023-05-13 07:45:00,10.5,
2023-05-13 08:00:00,10.49,
2023-05-13 08:15:00,10.48,
2023-05-13 08:30:00,10.47,
2023-05-13 08:45:00,10.46,
2023-05-13 09:00:00,10.41,
2023-05-13 09:15:00,10.44,
2023-05-13 09:30:00,10.41,
2023-05-13 09:45:00,10.36,
2023-05-13 10:00:00,10.38,
2023-05-13 10:15:00,10.39,
2023-05-13 10:30:00,10.35,
2023-05-13 10:45:00,10.32,
2023-05-13 11:00:00,10.26,
2023-05-13 11:15:00,10.22,
2023-05-13 11:30:00,10.21,
2023-05-13 11:45:00,10.19,
2023-05-13 12:00:00,10.15,
2023-05-13 12:15:00,10.08,
2023-05-13 12:30:00,10.03,
2023-05-13 12:45:00,9.97,
2023-05-13 13:00:00,9.92,
2023-05-13 13:15:00,9.9,
2023-05-13 13:30:00,9.88,
2023-05-13 13:45:00,9.86,
2023-05-13 14:00:00,9.84,
2023-05-13 14:15:00,9.8,
2023-05-13 14:30:00,9.78,
2023-05-13 14:45:00,9.75,
2023-05-13 15:00:00,9.68,
2023-05-13 15:15:00,9.69,
2023-05-13 15:30:00,9.7,
2023-05-13 15:45:00,9.69,
2023-05-13 16:00:00,9.66,
2023-05-13 16:15:00,9.64,
2023-05-13 16:30:00,9.66,
2023-05-13 16:45:00,9.69,
2023-05-13 17:00:00,9.7,
2023-05-13 17:15:00,9.72,
2023-05-13 17:30:00,9.74,
2023-05-13 17:45:00,9.78,
2023-05-13 18:00:00,9.79,
2023-05-13 18:15:00,9.82,
2023-05-13 18:30:00,9.84,
2023-05-13 18:45:00,9.87,
2023-05-13 19:00:00,9.89,
2023-05-13 19:15:00,9.91,
2023-05-13 19:30:00,9.93,
2023-05-13 19:45:00,9.97,
2023-05-13 20:00:00,9.99,
2023-05-13 20:15:00,10.02,
2023-05-13 20:30:00,10.04,
2023-05-13 20:45:00,10.06,
2023-05-13 21:00:00,10.09,
2023-05-13 21:15:00,10.11,
2023-05-13 21:30:00,10.13,
2023-05-13 21:45:00,10.16,
2023-05-13 22:00:00,10.17,
2023-05-13 22:15:00,10.19,
2023-05-13 22:30:00,10.2,
2023-05-13 22:45:00,10.2,
2023-05-13 23:00:00,10.22,
2023-05-13 23:15:00,10.23,
2023-05-13 23:30:00,10.25,
2023-05-13 23:45:00,10.27,
2023-05-14 00:00:00,10.28,
2023-05-14 00:15:00,10.28,
2023-05-14 00:30:00,10.28,
2023-05-14 00:45:00,10.29,
2023-05-14 01:00:00,10.3,
2023-05-14 01:15:00,10.32,
2023-05-14 01:30:00,10.32,
2023-05-14 01:45:00,10.33,
2023-05-14 02:00:00,10.34,
2023-05-14 02:15:00,10.35,
2023-05-14 02:30:00,10.37,
2023-05-14 02:45:00,10.36,
2023-05-14 03:00:00,10.37,
2023-05-14 03:15:00,10.38,
2023-05-14 03:30:00,10.39,
2023-05-14 03:45:00,10.39,
2023-05-14 04:00:00,10.4,
2023-05-14 04:15:00,10.4,
2023-05-14 04:30:00,10.4,
2023-05-14 04:45:00,10.4,
2023-05-14 05:00:00,10.41,
2023-05-14 05:15:00,10.41,
2023-05-14 05:30:00,10.41,
2023-05-14 05:45:00,10.41,
2023-05-14 06:00:00,10.42,
2023-05-14 06:15:00,10.42,
2023-05-14 06:30:00,10.43,
2023-05-14 06:45:00,10.43,
2023-05-14 07:00:00,10.44,
2023-05-14 07:15:00,10.44,
2023-05-14 07:30:00,10.44,
2023-05-14 07:45:00,10.43,
2023-05-14 08:00:00,10.43,
2023-05-14 08:15:00,10.43,
2023-05-14 08:30:00,10.44,
2023-05-14 08:45:00,10.44,
2023-05-14 09:00:00,10.46,
2023-05-14 09:15:00,10.44,
2023-05-14 09:30:00,10.42,
2023-05-14 09:45:00,10.39,
2023-05-14 10:00:00,10.4,
2023-05-14 10:15:00,10.38,
2023-05-14 10:30:00,10.35,
2023-05-14 10:45:00,10.32,
2023-05-14 11:00:00,10.3,
2023-05-14 11:15:00,10.31,
2023-05-14 11:30:00,10.3,
2023-05-14 11:45:00,10.27,
2023-05-14 12:00:00,10.21,
2023-05-14 12:15:00,10.18,
2023-05-14 12:30:00,10.17,
2023-05-14 12:45:00,10.14,
2023-05-14 13:00:00,10.07,
2023-05-14 13:15:00,10.01,
2023-05-14 13:30:00,9.95,
2023-05-14 13:45:00,9.91,
2023-05-14 14:00:00,9.9,
2023-05-14 14:15:00,9.92,
2023-05-14 14:30:00,9.94,
2023-05-14 14:45:00,9.94,
2023-05-14 15:00:00,9.95,
2023-05-14 15:15:00,9.95,
2023-05-14 15:30:00,9.94,
2023-05-14 15:45:00,9.91,
2023-05-14 16:00:00,9.88,
2023-05-14 16:15:00,9.86,
2023-05-14 16:30:00,9.85,
2023-05-14 16:45:00,9.85,
2023-05-14 17:00:00,9.85,
2023-05-14 17:15:00,9.85,
2023-05-14 17:30:00,9.85,
2023-05-14 17:45:00,9.87,
2023-05-14 18:00:00,9.89,
2023-05-14 18:15:00,9.92,
2023-05-14 18:30:00,9.95,
2023-05-14 18:45:00,9.99,
2023-05-14 19:00:00,10.02,
2023-05-14 19:15:00,10.06,
2023-05-14 19:30:00,10.09,
2023-05-14 19:45:00,10.14,
2023-05-14 20:00:00,10.18,
2023-05-14 20:15:00,10.22,
2023-05-14 20:30:00,10.27,
2023-05-14 20:45:00,10.28,
2023-05-14 21:00:00,10.32,
2023-05-14 21:15:00,10.33,
2023-05-14 21:30:00,10.37,
2023-05-14 21:45:00,10.39,
2023-05-14 22:00:00,10.4,
2023-05-14 22:15:00,10.42,
2023-05-14 22:30:00,10.44,
2023-05-14 22:45:00,10.47,
2023-05-14 23:00:00,10.47,
2023-05-14 23:15:00,10.48,
2023-05-14 23:30:00,10.48,
2023-05-14 23:45:00,10.5,
2023-05-15 00:00:00,10.48,
2023-05-15 00:15:00,10.49,
2023-05-15 00:30:00,10.5,
2023-05-15 00:45:00,10.51,
2023-05-15 01:00:00,10.51,
2023-05-15 01:15:00,10.53,
2023-05-15 01:30:00,10.53,
2023-05-15 01:45:00,10.54,
2023-05-15 02:00:00,10.54,
2023-05-15 02:15:00,10.56,
2023-05-15 02:30:00,10.56,
2023-05-15 02:45:00,10.57,
2023-05-15 03:00:00,10.58,
2023-05-15 03:15:00,10.58,
2023-05-15 03:30:00,10.59,
2023-05-15 03:45:00,10.61,
2023-05-15 04:00:00,10.62,
2023-05-15 04:15:00,10.63,
2023-05-15 04:30:00,10.64,
2023-05-15 04:45:00,10.65,
2023-05-15 05:00:00,10.67,
2023-05-15 05:15:00,10.68,
2023-05-15 05:30:00,10.68,
2023-05-15 05:45:00,10.7,
2023-05-15 06:00:00,10.69,
2023-05-15 06:15:00,10.69,
2023-05-15 06:30:00,10.7,
2023-05-15 06:45:00,10.7,
2023-05-15 07:00:00,10.7,
2023-05-15 07:15:00,10.69,
2023-05-15 07:30:00,10.68,
2023-05-15 07:45:00,10.66,
2023-05-15 08:00:00,10.63,
2023-05-15 08:15:00,10.6,
2023-05-15 08:30:00,10.59,
2023-05-15 08:45:00,10.56,
2023-05-15 09:00:00,10.51,
2023-05-15 09:15:00,10.47,
2023-05-15 09:30:00,10.41,
2023-05-15 09:45:00,10.39,
2023-05-15 10:00:00,10.34,
2023-05-15 10:15:00,10.3,
2023-05-15 10:30:00,10.27,
2023-05-15 10:45:00,10.24,
2023-05-15 11:00:00,10.18,
2023-05-15 11:15:00,10.15,
2023-05-15 11:30:00,10.13,
2023-05-15 11:45:00,10.11,
2023-05-15 12:00:00,10.05,
2023-05-15 12:15:00,10.0,
2023-05-15 12:30:00,9.98,
2023-05-15 12:45:00,9.96,
2023-05-15 13:00:00,9.9,
2023-05-15 13:15:00,9.83,
2023-05-15 13:30:00,9.75,
2023-05-15 13:45:00,9.67,
2023-05-15 14:00:00,9.61,
2023-05-15 14:15:00,9.55,
2023-05-15 14:30:00,9.48,
2023-05-15 14:45:00,9.44,
2023-05-15 15:00:00,9.41,
2023-05-15 15:15:00,9.37,
2023-05-15 15:30:00,9.35,
2023-05-15 15:45:00,9.34,
2023-05-15 16:00:00,9.34,
2023-05-15 16:15:00,9.35,
2023-05-15 16:30:00,9.35,
2023-05-15 16:45:00,9.37,
2023-05-15 17:00:00,9.4,
2023-05-15 17:15:00,9.44,
2023-05-15 17:30:00,9.47,
2023-05-15 17:45:00,9.52,
2023-05-15 18:00:00,9.57,
2023-05-15 18:15:00,9.63,
2023-05-15 18:30:00,9.7,
2023-05-15 18:45:00,9.76,
2023-05-15 19:00:00,9.83,
2023-05-15 19:15:00,9.9,
2023-05-15 19:30:00,9.97,
2023-05-15 19:45:00,10.02,
2023-05-15 20:00:00,10.1,
2023-05-15 20:15:00,10.17,
2023-05-15 20:30:00,10.24,
2023-05-15 20:45:00,10.29,
2023-05-15 21:00:00,10.34,
2023-05-15 21:15:00,10.38,
2023-05-15 21:30:00,10.42,
2023-05-15 21:45:00,10.45,
2023-05-15 22:00:00,10.48,
2023-05-15 22:15:00,10.5,
2023-05-15 22:30:00,10.52,
2023-05-15 22:45:00,10.55,
2023-05-15 23:00:00,10.57,
2023-05-15 23:15:00,10.58,
2023-05-15 23:30:00,10.6,
2023-05-15 23:45:00,10.61,
2023-05-16 00:00:00,10.62,
2023-05-16 00:15:00,10.61,
2023-05-16 00:30:00,10.63,
2023-05-16 00:45:00,10.63,
2023-05-16 01:00:00,10.63,
2023-05-16 01:15:00,10.65,
2023-05-16 01:30:00,10.65,
2023-05-16 01:45:00,10.66,
2023-05-16 02:00:00,10.66,
2023-05-16 02:15:00,10.67,
2023-05-16 02:30:00,10.67,
2023-05-16 02:45:00,10.68,
2023-05-16 03:00:00,10.68,
2023-05-16 03:15:00,10.67,
2023-05-16 03:30:00,10.68,
2023-05-16 03:45:00,10.69,
2023-05-16 04:00:00,10.69,
2023-05-16 04:15:00,10.7,
2023-05-16 04:30:00,10.7,
2023-05-16 04:45:00,10.69,
2023-05-16 05:00:00,10.7,
2023-05-16 05:15:00,10.71,
2023-05-16 05:30:00,10.71,
2023-05-16 05:45:00,10.72,
2023-05-16 06:00:00,10.72,
2023-05-16 06:15:00,10.72,
2023-05-16 06:30:00,10.71,
2023-05-16 06:45:00,10.72,
2023-05-16 07:00:00,10.71,
2023-05-16 07:15:00,10.69,
2023-05-16 07:30:00,10.68,
2023-05-16 07:45:00,10.64,
2023-05-16 08:00:00,10.6,
2023-05-16 08:15:00,10.56,
2023-05-16 08:30:00,10.52,
2023-05-16 08:45:00,10.48,
2023-05-16 09:00:00,10.42,
2023-05-16 09:15:00,10.36,
2023-05-16 09:30:00,10.29,
2023-05-16 09:45:00,10.22,
2023-05-16 10:00:00,10.15,
2023-05-16 10:15:00,10.07,
2023-05-16 10:30:00,9.99,
2023-05-16 10:45:00,9.93,
2023-05-16 11:00:00,9.86,
2023-05-16 11:15:00,9.79,
2023-05-16 11:30:00,9.73,
2023-05-16 11:45:00,9.66,
2023-05-16 12:00:00,9.59,
2023-05-16 12:15:00,9.53,
2023-05-16 12:30:00,9.48,
2023-05-16 12:45:00,9.42,
2023-05-16 13:00:00,9.37,
2023-05-16 13:15:00,9.32,
2023-05-16 13:30:00,9.28,
2023-05-16 13:45:00,9.25,
2023-05-16 14:00:00,9.21,
2023-05-16 14:15:00,9.19,
2023-05-16 14:30:00,9.18,
2023-05-16 14:45:00,9.19,
2023-05-16 15:00:00,9.23,
2023-05-16 15:15:00,9.26,
2023-05-16 15:30:00,9.29,
2023-05-16 15:45:00,9.32,
2023-05-16 16:00:00,9.37,
2023-05-16 16:15:00,9.43,
2023-05-16 16:30:00,9.49,
2023-05-16 16:45:00,9.54,
2023-05-16 17:00:00,9.55,
2023-05-16 17:15:00,9.56,
2023-05-16 17:30:00,9.57,
2023-05-16 17:45:00,9.59,
2023-05-16 18:00:00,9.63,
2023-05-16 18:15:00,9.66,
2023-05-16 18:30:00,9.71,
2023-05-16 18:45:00,9.75,
2023-05-16 19:00:00,9.79,
2023-05-16 19:15:00,9.84,
2023-05-16 19:30:00,9.89,
2023-05-16 19:45:00,9.94,
2023-05-16 20:00:00,10.0,
2023-05-16 20:15:00,10.05,
2023-05-16 20:30:00,10.09,
2023-05-16 20:45:00,10.15,
2023-05-16 21:00:00,10.19,
2023-05-16 21:15:00,10.24,
2023-05-16 21:30:00,10.27,
2023-05-16 21:45:00,10.3,
2023-05-16 22:00:00,10.34,
2023-05-16 22:15:00,10.37,
2023-05-16 22:30:00,10.39,
2023-05-16 22:45:00,10.41,
2023-05-16 23:00:00,10.44,
2023-05-16 23:15:00,10.46,
2023-05-16 23:30:00,10.47,
2023-05-16 23:45:00,10.5,
2023-05-17 00:00:00,10.51,
2023-05-17 00:15:00,10.53,
2023-05-17 00:30:00,10.54,
2023-05-17 00:45:00,10.55,
2023-05-17 01:00:00,10.56,
2023-05-17 01:15:00,10.57,
2023-05-17 01:30:00,10.59,
2023-05-17 01:45:00,10.59,
2023-05-17 02:00:00,10.59,
2023-05-17 02:15:00,10.6,
2023-05-17 02:30:00,10.6,
2023-05-17 02:45:00,10.62,
2023-05-17 03:00:00,10.62,
2023-05-17 03:15:00,10.62,
2023-05-17 03:30:00,10.63,
2023-05-17 03:45:00,10.64,
2023-05-17 04:00:00,10.64,
2023-05-17 04:15:00,10.64,
2023-05-17 04:30:00,10.65,
2023-05-17 04:45:00,10.65,
2023-05-17 05:00:00,10.66,
2023-05-17 05:15:00,10.66,
2023-05-17 05:30:00,10.67,
2023-05-17 05:45:00,10.66,
2023-05-17 06:00:00,10.66,
2023-05-17 06:15:00,10.66,
2023-05-17 06:30:00,10.67,
2023-05-17 06:45:00,10.67,
2023-05-17 07:00:00,10.67,
2023-05-17 07:15:00,10.65,
2023-05-17 07:30:00,10.63,
2023-05-17 07:45:00,10.59,
2023-05-17 08:00:00,10.55,
2023-05-17 08:15:00,10.51,
2023-05-17 08:30:00,10.45,
2023-05-17 08:45:00,10.4,
2023-05-17 09:00:00,10.35,
2023-05-17 09:15:00,10.29,
2023-05-17 09:30:00,10.23,
2023-05-17 09:45:00,10.16,
2023-05-17 10:00:00,10.09,
2023-05-17 10:15:00,10.04,
2023-05-17 10:30:00,9.97,
2023-05-17 10:45:00,9.91,
2023-05-17 11:00:00,9.84,
2023-05-17 11:15:00,9.81,
2023-05-17 11:30:00,9.72,
2023-05-17 11:45:00,9.67,S
2023-05-17 12:00:00,9.619763560500695,S
2023-05-17 12:15:00,9.54952712100139,S
2023-05-17 12:30:00,9.489290681502087,S
2023-05-17 12:45:00,9.399054242002782,S
2023-05-17 13:00:00,9.328817802503478,S
2023-05-17 13:15:00,9.278581363004172,S
2023-05-17 13:30:00,9.248344923504868,S
2023-05-17 13:45:00,9.198108484005562,S
2023-05-17 14:00:00,9.19787204450626,S
2023-05-17 14:15:00,9.257635605006952,S
2023-05-17 14:30:00,9.24739916550765,S
2023-05-17 14:45:00,9.307162726008343,S
2023-05-17 15:00:00,9.35692628650904,S
2023-05-17 15:15:00,9.426689847009737,S
2023-05-17 15:30:00,9.436453407510433,S
2023-05-17 15:45:00,9.506216968011126,S
2023-05-17 16:00:00,9.495980528511822,S
2023-05-17 16:15:00,9.535744089012516,S
2023-05-17 16:30:00,9.605507649513212,S
2023-05-17 16:45:00,9.635271210013908,S
2023-05-17 17:00:00,9.645034770514604,S
2023-05-17 17:15:00,9.6447983310153,S
2023-05-17 17:30:00,9.674561891515994,S
2023-05-17 17:45:00,9.69432545201669,S
2023-05-17 18:00:00,9.664089012517383,S
2023-05-17 18:15:00,9.68385257301808,S
2023-05-17 18:30:00,9.763616133518775,S
2023-05-17 18:45:00,9.773379694019471,S
2023-05-17 19:00:00,9.803143254520169,S
2023-05-17 19:15:00,9.822906815020865,S
2023-05-17 19:30:00,9.842670375521555,S
2023-05-17 19:45:00,9.802433936022254,S
2023-05-17 20:00:00,9.862197496522947,S
2023-05-17 20:15:00,9.911961057023644,S
2023-05-17 20:30:00,9.99172461752434,S
2023-05-17 20:45:00,10.051488178025036,S
2023-05-17 21:00:00,10.08125173852573,S
2023-05-17 21:15:00,10.091015299026424,S
2023-05-17 21:30:00,10.10077885952712,S
2023-05-17 21:45:00,10.100542420027816,S
2023-05-17 22:00:00,10.070305980528511,S
2023-05-17 22:15:00,10.130069541029208,S
2023-05-17 22:30:00,10.149833101529902,S
2023-05-17 22:45:00,10.169596662030598,S
2023-05-17 23:00:00,10.179360222531294,S
2023-05-17 23:15:00,10.149123783031987,S
2023-05-17 23:30:00,10.208887343532686,S
2023-05-17 23:45:00,10.23865090403338,S
2023-05-18 00:00:00,10.278414464534077,S
2023-05-18 00:15:00,10.30817802503477,S
2023-05-18 00:30:00,10.237941585535468,S
2023-05-18 00:45:00,10.24770514603616,S
2023-05-18 01:00:00,10.267468706536857,S
2023-05-18 01:15:00,10.257232267037551,S
2023-05-18 01:30:00,10.236995827538248,S
2023-05-18 01:45:00,10.256759388038942,S
2023-05-18 02:00:00,10.256522948539638,S
2023-05-18 02:15:00,10.206286509040334,S
2023-05-18 02:30:00,10.22605006954103,S
2023-05-18 02:45:00,10.245813630041724,S
2023-05-18 03:00:00,10.27557719054242,S
2023-05-18 03:15:00,10.275340751043114,S
2023-05-18 03:30:00,10.305104311543811,S
2023-05-18 03:45:00,10.324867872044504,S
2023-05-18 04:00:00,10.224631432545202,S
2023-05-18 04:15:00,10.194394993045895,S
2023-05-18 04:30:00,10.254158553546592,S
2023-05-18 04:45:00,10.21392211404729,S
2023-05-18 05:00:00,10.233685674547983,S
2023-05-18 05:15:00,10.19344923504868,S
2023-05-18 05:30:00,10.183212795549371,S
2023-05-18 05:45:00,10.20297635605007,S
2023-05-18 06:00:00,10.222739916550765,S
2023-05-18 06:15:00,10.22250347705146,S
2023-05-18 06:30:00,10.232267037552155,S
2023-05-18 06:45:00,10.262030598052853,S
2023-05-18 07:00:00,10.301794158553546,S
2023-05-18 07:15:00,10.331557719054242,S
2023-05-18 07:30:00,10.311321279554935,S
2023-05-18 07:45:00,10.311084840055631,S
2023-05-18 08:00:00,10.290848400556328,S
2023-05-18 08:15:00,10.210611961057024,S
2023-05-18 08:30:00,10.160375521557718,S
2023-05-18 08:45:00,10.130139082058417,S
2023-05-18 09:00:00,10.109902642559108,S
2023-05-18 09:15:00,10.089666203059805,S
2023-05-18 09:30:00,10.1194297635605,S
2023-05-18 09:45:00,10.099193324061195,S
2023-05-18 10:00:00,10.058956884561892,S
2023-05-18 10:15:00,9.998720445062586,S
2023-05-18 10:30:00,9.858484005563282,S
2023-05-18 10:45:00,9.728247566063978,S
2023-05-18 11:00:00,9.668011126564672,S
2023-05-18 11:15:00,9.577774687065368,S
2023-05-18 11:30:00,9.567538247566064,S
2023-05-18 11:45:00,9.517301808066758,S
2023-05-18 12:00:00,9.477065368567455,S
2023-05-18 12:15:00,9.47682892906815,S
2023-05-18 12:30:00,9.436592489568843,S
2023-05-18 12:45:00,9.36635605006954,S
2023-05-18 13:00:00,9.316119610570237,S
2023-05-18 13:15:00,9.26588317107093,S
2023-05-18 13:30:00,9.175646731571629,S
2023-05-18 13:45:00,9.187410292072322,LI
2023-05-18 14:00:00,9.199173852573017,LI
2023-05-18 14:15:00,9.210937413073712,LI
2023-05-18 14:30:00,9.222700973574408,LI
2023-05-18 14:45:00,9.234464534075103,
2023-05-18 15:00:00,9.2442280945758,
2023-05-18 15:15:00,9.233991655076496,
2023-05-18 15:30:00,9.21375521557719,
2023-05-18 15:45:00,9.203518776077887,
2023-05-18 16:00:00,9.193282336578582,
2023-05-18 16:15:00,9.213045897079278,
2023-05-18 16:30:00,9.202809457579972,
2023-05-18 16:45:00,9.212573018080668,
2023-05-18 17:00:00,9.232336578581362,
2023-05-18 17:15:00,9.27210013908206,
2023-05-18 17:30:00,9.291863699582754,
2023-05-18 17:45:00,9.32162726008345,
2023-05-18 18:00:00,9.341390820584143,
2023-05-18 18:15:00,9.37115438108484,
2023-05-18 18:30:00,9.410917941585534,
2023-05-18 18:45:00,9.460681502086231,
2023-05-18 19:00:00,9.500445062586923,
2023-05-18 19:15:00,9.550208623087622,
2023-05-18 19:30:00,9.599972183588315,
2023-05-18 19:45:00,9.639735744089013,
2023-05-18 20:00:00,9.689499304589708,
2023-05-18 20:15:00,9.739262865090405,
2023-05-18 20:30:00,9.799026425591098,
2023-05-18 20:45:00,9.848789986091797,
2023-05-18 21:00:00,9.89855354659249,
2023-05-18 21:15:00,9.938317107093184,
2023-05-18 21:30:00,9.98808066759388,
2023-05-18 21:45:00,10.027844228094576,
2023-05-18 22:00:00,10.067607788595272,
2023-05-18 22:15:00,10.107371349095969,
2023-05-18 22:30:00,10.147134909596662,
2023-05-18 22:45:00,10.176898470097358,
2023-05-18 23:00:00,10.206662030598054,
2023-05-18 23:15:00,10.236425591098747,
2023-05-18 23:30:00,10.256189151599443,
2023-05-18 23:45:00,10.28595271210014,
2023-05-19 00:00:00,10.305716272600836,
2023-05-19 00:15:00,10.325479833101529,
2023-05-19 00:30:00,10.345243393602226,
2023-05-19 00:45:00,10.35500695410292,
2023-05-19 01:00:00,10.374770514603616,
2023-05-19 01:15:00,10.38453407510431,
2023-05-19 01:30:00,10.404297635605008,
2023-05-19 01:45:00,10.4140611961057,
2023-05-19 02:00:00,10.4238247566064,
2023-05-19 02:15:00,10.433588317107096,
2023-05-19 02:30:00,10.443351877607787,
2023-05-19 02:45:00,10.453115438108483,
2023-05-19 03:00:00,10.46287899860918,
2023-05-19 03:15:00,10.472642559109875,
2023-05-19 03:30:00,10.48240611961057,
2023-05-19 03:45:00,10.482169680111266,
2023-05-19 04:00:00,10.49193324061196,
2023-05-19 04:15:00,10.491696801112656,
2023-05-19 04:30:00,10.50146036161335,
2023-05-19 04:45:00,10.511223922114048,
2023-05-19 05:00:00,10.510987482614745,
2023-05-19 05:15:00,10.52075104311544,
2023-05-19 05:30:00,10.530514603616131,
2023-05-19 05:45:00,10.54027816411683,
2023-05-19 06:00:00,10.540041724617524,
2023-05-19 06:15:00,10.54980528511822,
2023-05-19 06:30:00,10.549568845618914,
2023-05-19 06:45:00,10.55933240611961,
2023-05-19 07:00:00,10.559095966620305,
2023-05-19 07:15:00,10.548859527121,
2023-05-19 07:30:00,10.538623087621698,
2023-05-19 07:45:00,10.508386648122393,
2023-05-19 08:00:00,10.478150208623088,
2023-05-19 08:15:00,10.447913769123783,
2023-05-19 08:30:00,10.407677329624478,
2023-05-19 08:45:00,10.367440890125174,
2023-05-19 09:00:00,10.31720445062587,
2023-05-19 09:15:00,10.266968011126565,
2023-05-19 09:30:00,10.20673157162726,
2023-05-19 09:45:00,10.146495132127956,
2023-05-19 10:00:00,10.086258692628652,
2023-05-19 10:15:00,10.016022253129346,
2023-05-19 10:30:00,9.955785813630042,
2023-05-19 10:45:00,9.885549374130736,
2023-05-19 11:00:00,9.825312934631432,
2023-05-19 11:15:00,9.755076495132128,
2023-05-19 11:30:00,9.684840055632824,
2023-05-19 11:45:00,9.634603616133518,
2023-05-19 12:00:00,9.564367176634214,
2023-05-19 12:15:00,9.50413073713491,
2023-05-19 12:30:00,9.453894297635603,
2023-05-19 12:45:00,9.4036578581363,
2023-05-19 13:00:00,9.343421418636996,
2023-05-19 13:15:00,9.303184979137692,
2023-05-19 13:30:00,9.272948539638389,
2023-05-19 13:45:00,9.242712100139082,
2023-05-19 14:00:00,9.202475660639776,
2023-05-19 14:15:00,9.172239221140474,
2023-05-19 14:30:00,9.142002781641168,
2023-05-19 14:45:00,9.131766342141864,
2023-05-19 15:00:00,9.12152990264256,
2023-05-19 15:15:00,9.121293463143257,
2023-05-19 15:30:00,9.10105702364395,
2023-05-19 15:45:00,9.100820584144646,
2023-05-19 16:00:00,9.10058414464534,
2023-05-19 16:15:00,9.100347705146037,
2023-05-19 16:30:00,9.110111265646731,
2023-05-19 16:45:00,9.119874826147427,
2023-05-19 17:00:00,9.13963838664812,
2023-05-19 17:15:00,9.15940194714882,
2023-05-19 17:30:00,9.179165507649511,
2023-05-19 17:45:00,9.208929068150209,
2023-05-19 18:00:00,9.238692628650902,
2023-05-19 18:15:00,9.2684561891516,
2023-05-19 18:30:00,9.308219749652295,
2023-05-19 18:45:00,9.34798331015299,
2023-05-19 19:00:00,9.397746870653686,
2023-05-19 19:15:00,9.44751043115438,
2023-05-19 19:30:00,9.497273991655078,
2023-05-19 19:45:00,9.547037552155771,
2023-05-19 20:00:00,9.606801112656468,
2023-05-19 20:15:00,9.676564673157165,
2023-05-19 20:30:00,9.736328233657858,
2023-05-19 20:45:00,9.796091794158553,
2023-05-19 21:00:00,9.85585535465925,
2023-05-19 21:15:00,9.915618915159945,
2023-05-19 21:30:00,9.96538247566064,
2023-05-19 21:45:00,10.015146036161337,
2023-05-19 22:00:00,10.06490959666203,
2023-05-19 22:15:00,10.104673157162726,
2023-05-19 22:30:00,10.14443671766342,
2023-05-19 22:45:00,10.184200278164116,
2023-05-19 23:00:00,10.213963838664812,
2023-05-19 23:15:00,10.243727399165508,
2023-05-19 23:30:00,10.273490959666203,
2023-05-19 23:45:00,10.293254520166895,
2023-05-20 00:00:00,10.313018080667591,
2023-05-20 00:15:00,10.33278164116829,
2023-05-20 00:30:00,10.352545201668985,
2023-05-20 00:45:00,10.37230876216968,
2023-05-20 01:00:00,10.382072322670377,
2023-05-20 01:15:00,10.39183588317107,
2023-05-20 01:30:00,10.411599443671768,
2023-05-20 01:45:00,10.421363004172465,
2023-05-20 02:00:00,10.431126564673155,
2023-05-20 02:15:00,10.440890125173851,
2023-05-20 02:30:00,10.450653685674547,
2023-05-20 02:45:00,10.460417246175243,
2023-05-20 03:00:00,10.460180806675938,
2023-05-20 03:15:00,10.469944367176634,
2023-05-20 03:30:00,10.469707927677328,
2023-05-20 03:45:00,10.479471488178024,
2023-05-20 04:00:00,10.48923504867872,
2023-05-20 04:15:00,10.488998609179417,
2023-05-20 04:30:00,10.498762169680113,
2023-05-20 04:45:00,10.498525730180807,
2023-05-20 05:00:00,10.508289290681502,
2023-05-20 05:15:00,10.508052851182198,
2023-05-20 05:30:00,10.517816411682894,
2023-05-20 05:45:00,10.527579972183588,
2023-05-20 06:00:00,10.537343532684284,
2023-05-20 06:15:00,10.53710709318498,
2023-05-20 06:30:00,10.546870653685676,
2023-05-20 06:45:00,10.54663421418637,
2023-05-20 07:00:00,10.546397774687064,
2023-05-20 07:15:00,10.54616133518776,
2023-05-20 07:30:00,10.525924895688457,
2023-05-20 07:45:00,10.495688456189152,
2023-05-20 08:00:00,10.465452016689849,
2023-05-20 08:15:00,10.425215577190542,
2023-05-20 08:30:00,10.384979137691236,
2023-05-20 08:45:00,10.344742698191933,
2023-05-20 09:00:00,10.294506258692628,
2023-05-20 09:15:00,10.234269819193324,
2023-05-20 09:30:00,10.17403337969402,
2023-05-20 09:45:00,10.113796940194714,
2023-05-20 10:00:00,10.03356050069541,
2023-05-20 10:15:00,9.973324061196104,
2023-05-20 10:30:00,9.913087621696802,
2023-05-20 10:45:00,9.852851182197496,
2023-05-20 11:00:00,9.782614742698192,
2023-05-20 11:15:00,9.712378303198888,
2023-05-20 11:30:00,9.622141863699582,
2023-05-20 11:45:00,9.57190542420028,
2023-05-20 12:00:00,9.561668984700974,
2023-05-20 12:15:00,9.56143254520167,
2023-05-20 12:30:00,9.561196105702363,
2023-05-20 12:45:00,9.53095966620306,
2023-05-20 13:00:00,9.500723226703755,
2023-05-20 13:15:00,9.490486787204452,
2023-05-20 13:30:00,9.460250347705143,
2023-05-20 13:45:00,9.400013908205842,
2023-05-20 14:00:00,9.339777468706536,
2023-05-20 14:15:00,9.299541029207232,
2023-05-20 14:30:00,9.269304589707929,
2023-05-20 14:45:00,9.249068150208624,
2023-05-20 15:00:00,9.198831710709316,
2023-05-20 15:15:00,9.178595271210014,
2023-05-20 15:30:00,9.13835883171071,
2023-05-20 15:45:00,9.108122392211405,
2023-05-20 16:00:00,9.1178859527121,
2023-05-20 16:15:00,9.117649513212797,
2023-05-20 16:30:00,9.107413073713492,
2023-05-20 16:45:00,9.107176634214186,
2023-05-20 17:00:00,9.106940194714882,
2023-05-20 17:15:00,9.116703755215577,
2023-05-20 17:30:00,9.136467315716274,
2023-05-20 17:45:00,9.156230876216968,
2023-05-20 18:00:00,9.175994436717664,
2023-05-20 18:15:00,9.205757997218358,
2023-05-20 18:30:00,9.245521557719057,
2023-05-20 18:45:00,9.285285118219749,
2023-05-20 19:00:00,9.335048678720446,
2023-05-20 19:15:00,9.38481223922114,
2023-05-20 19:30:00,9.434575799721836,
2023-05-20 19:45:00,9.484339360222531,
2023-05-20 20:00:00,9.544102920723226,
2023-05-20 20:15:00,9.60386648122392,
2023-05-20 20:30:00,9.663630041724618,
2023-05-20 20:45:00,9.713393602225311,
2023-05-20 21:00:00,9.773157162726008,
2023-05-20 21:15:00,9.822920723226703,
2023-05-20 21:30:00,9.872684283727398,
2023-05-20 21:45:00,9.922447844228095,
2023-05-20 22:00:00,9.97221140472879,
2023-05-20 22:15:00,10.011974965229486,
2023-05-20 22:30:00,10.05173852573018,
2023-05-20 22:45:00,10.091502086230877,
2023-05-20 23:00:00,10.12126564673157,
2023-05-20 23:15:00,10.151029207232268,
2023-05-20 23:30:00,10.170792767732962,
2023-05-20 23:45:00,10.200556328233658,
2023-05-21 00:00:00,10.220319888734354,
2023-05-21 00:15:00,10.24008344923505,
2023-05-21 00:30:00,10.259847009735743,
2023-05-21 00:45:00,10.27961057023644,
2023-05-21 01:00:00,10.289374130737134,
2023-05-21 01:15:00,10.299137691237831,
2023-05-21 01:30:00,10.308901251738526,
2023-05-21 01:45:00,10.318664812239222,
2023-05-21 02:00:00,10.328428372739916,
2023-05-21 02:15:00,10.328191933240612,
2023-05-21 02:30:00,10.337955493741308,
2023-05-21 02:45:00,10.337719054242005,
2023-05-21 03:00:00,10.347482614742695,
2023-05-21 03:15:00,10.347246175243392,
2023-05-21 03:30:00,10.34700973574409,
2023-05-21 03:45:00,10.356773296244784,
2023-05-21 04:00:00,10.36653685674548,
2023-05-21 04:15:00,10.366300417246174,
2023-05-21 04:30:00,10.376063977746872,
2023-05-21 04:45:00,10.375827538247568,
2023-05-21 05:00:00,10.385591098748264,
2023-05-21 05:15:00,10.385354659248955,
2023-05-21 05:30:00,10.395118219749651,
2023-05-21 05:45:00,10.394881780250348,
2023-05-21 06:00:00,10.404645340751044,
2023-05-21 06:15:00,10.414408901251738,
2023-05-21 06:30:00,10.414172461752434,
2023-05-21 06:45:00,10.413936022253129,
2023-05-21 07:00:00,10.413699582753823,
2023-05-21 07:15:00,10.41346314325452,
2023-05-21 07:30:00,10.393226703755216,
2023-05-21 07:45:00,10.372990264255913,
2023-05-21 08:00:00,10.342753824756606,
2023-05-21 08:15:00,10.3125173852573,
2023-05-21 08:30:00,10.282280945757996,
2023-05-21 08:45:00,10.242044506258694,
2023-05-21 09:00:00,10.191808066759387,
2023-05-21 09:15:00,10.141571627260085,
2023-05-21 09:30:00,10.08133518776078,
2023-05-21 09:45:00,10.021098748261474,
2023-05-21 10:00:00,9.96086230876217,
2023-05-21 10:15:00,9.890625869262866,
2023-05-21 10:30:00,9.82038942976356,
2023-05-21 10:45:00,9.760152990264256,
2023-05-21 11:00:00,9.68991655076495,
2023-05-21 11:15:00,9.609680111265646,
2023-05-21 11:30:00,9.539443671766342,
2023-05-21 11:45:00,9.499207232267038,
2023-05-21 12:00:00,9.468970792767731,
2023-05-21 12:15:00,9.398734353268429,
2023-05-21 12:30:00,9.448497913769122,
2023-05-21 12:45:00,9.47826147426982,
2023-05-21 13:00:00,9.508025034770514,
2023-05-21 13:15:00,9.50778859527121,
2023-05-21 13:30:00,9.497552155771904,
2023-05-21 13:45:00,9.5073157162726,
2023-05-21 14:00:00,9.487079276773295,
2023-05-21 14:15:00,9.416842837273991,
2023-05-21 14:30:00,9.356606397774687,
2023-05-21 14:45:00,9.296369958275385,
2023-05-21 15:00:00,9.246133518776078,
2023-05-21 15:15:00,9.205897079276774,
2023-05-21 15:30:00,9.185660639777469,
2023-05-21 15:45:00,9.155424200278164,
2023-05-21 16:00:00,9.13518776077886,
2023-05-21 16:15:00,9.124951321279555,
2023-05-21 16:30:00,9.114714881780252,
2023-05-21 16:45:00,9.114478442280946,
2023-05-21 17:00:00,9.114242002781642,
2023-05-21 17:15:00,9.124005563282337,
2023-05-21 17:30:00,9.143769123783033,
2023-05-21 17:45:00,9.163532684283728,
2023-05-21 18:00:00,9.183296244784422,
2023-05-21 18:15:00,9.223059805285118,
2023-05-21 18:30:00,9.242823365785814,
2023-05-21 18:45:00,9.282586926286507,
2023-05-21 19:00:00,9.332350486787204,
2023-05-21 19:15:00,9.3821140472879,
2023-05-21 19:30:00,9.431877607788596,
2023-05-21 19:45:00,9.481641168289292,
2023-05-21 20:00:00,9.531404728789989,
2023-05-21 20:15:00,9.591168289290682,
2023-05-21 20:30:00,9.640931849791375,
2023-05-21 20:45:00,9.700695410292074,
2023-05-21 21:00:00,9.750458970792767,
2023-05-21 21:15:00,9.800222531293464,
2023-05-21 21:30:00,9.849986091794158,
2023-05-21 21:45:00,9.899749652294854,
2023-05-21 22:00:00,9.939513212795548,
2023-05-21 22:15:00,9.979276773296244,
2023-05-21 22:30:00,10.01904033379694,
2023-05-21 22:45:00,10.058803894297636,
2023-05-21 23:00:00,10.08856745479833,
2023-05-21 23:15:00,10.118331015299027,
2023-05-21 23:30:00,10.14809457579972,
2023-05-21 23:45:00,10.167858136300415,
2023-05-22 00:00:00,10.187621696801113,
2023-05-22 00:15:00,10.207385257301809,
2023-05-22 00:30:00,10.217148817802505,
2023-05-22 00:45:00,10.2269123783032,
2023-05-22 01:00:00,10.236675938803897,
2023-05-22 01:15:00,10.24643949930459,
2023-05-22 01:30:00,10.256203059805284,
2023-05-22 01:45:00,10.25596662030598,
2023-05-22 02:00:00,10.265730180806676,
2023-05-22 02:15:00,10.275493741307372,
2023-05-22 02:30:00,10.275257301808068,
2023-05-22 02:45:00,10.285020862308762,
2023-05-22 03:00:00,10.294784422809458,
2023-05-22 03:15:00,10.294547983310151,
2023-05-22 03:30:00,10.304311543810847,
2023-05-22 03:45:00,10.304075104311543,
2023-05-22 04:00:00,10.31383866481224,
2023-05-22 04:15:00,10.323602225312934,
2023-05-22 04:30:00,10.32336578581363,
2023-05-22 04:45:00,10.333129346314324,
2023-05-22 05:00:00,10.33289290681502,
2023-05-22 05:15:00,10.342656467315717,
2023-05-22 05:30:00,10.352420027816413,
2023-05-22 05:45:00,10.352183588317107,
2023-05-22 06:00:00,10.361947148817803,
2023-05-22 06:15:00,10.371710709318496,
2023-05-22 06:30:00,10.371474269819194,
2023-05-22 06:45:00,10.37123783031989,
2023-05-22 07:00:00,10.371001390820584,
2023-05-22 07:15:00,10.36076495132128,
2023-05-22 07:30:00,10.340528511821974,
2023-05-22 07:45:00,10.310292072322673,
2023-05-22 08:00:00,10.280055632823366,
2023-05-22 08:15:00,10.24981919332406,
2023-05-22 08:30:00,10.219582753824756,
2023-05-22 08:45:00,10.169346314325452,
2023-05-22 09:00:00,10.129109874826147,
2023-05-22 09:15:00,10.068873435326845,
2023-05-22 09:30:00,10.008636995827535,
2023-05-22 09:45:00,9.948400556328236,
2023-05-22 10:00:00,9.888164116828928,
2023-05-22 10:15:00,9.817927677329624,
2023-05-22 10:30:00,9.74769123783032,
2023-05-22 10:45:00,9.687454798331016,
2023-05-22 11:00:00,9.61721835883171,
2023-05-22 11:15:00,9.556981919332406,
2023-05-22 11:30:00,9.4967454798331,
2023-05-22 11:45:00,9.436509040333798,
2023-05-22 12:00:00,9.376272600834492,
2023-05-22 12:15:00,9.316036161335187,
2023-05-22 12:30:00,9.255799721835883,
2023-05-22 12:45:00,9.20556328233658,
2023-05-22 13:00:00,9.155326842837274,
2023-05-22 13:15:00,9.10509040333797,
2023-05-22 13:30:00,9.064853963838663,
2023-05-22 13:45:00,9.02461752433936,
2023-05-22 14:00:00,8.984381084840056,
2023-05-22 14:15:00,8.954144645340751,
2023-05-22 14:30:00,8.933908205841448,
2023-05-22 14:45:00,8.903671766342141,
2023-05-22 15:00:00,8.883435326842838,
2023-05-22 15:15:00,8.873198887343532,
2023-05-22 15:30:00,8.862962447844229,
2023-05-22 15:45:00,8.862726008344923,
2023-05-22 16:00:00,8.86248956884562,
2023-05-22 16:15:00,8.862253129346314,
2023-05-22 16:30:00,8.86201668984701,
2023-05-22 16:45:00,8.871780250347705,
2023-05-22 17:00:00,8.8915438108484,
2023-05-22 17:15:00,8.901307371349095,
2023-05-22 17:30:00,8.931070931849792,
2023-05-22 17:45:00,8.970834492350487,
2023-05-22 18:00:00,9.010598052851185,
2023-05-22 18:15:00,9.060361613351878,
2023-05-22 18:30:00,9.120125173852571,
2023-05-22 18:45:00,9.17988873435327,
2023-05-22 19:00:00,9.249652294853965,
2023-05-22 19:15:00,9.31941585535466,
2023-05-22 19:30:00,9.389179415855354,
2023-05-22 19:45:00,9.46894297635605,
2023-05-22 20:00:00,9.538706536856743,
2023-05-22 20:15:00,9.608470097357442,
2023-05-22 20:30:00,9.658233657858135,
2023-05-22 20:45:00,9.707997218358832,
2023-05-22 21:00:00,9.757760778859527,
2023-05-22 21:15:00,9.797524339360224,
2023-05-22 21:30:00,9.837287899860918,
2023-05-22 21:45:00,9.877051460361614,
2023-05-22 22:00:00,9.906815020862307,
2023-05-22 22:15:00,9.936578581363005,
2023-05-22 22:30:00,9.9563421418637,
2023-05-22 22:45:00,9.986105702364394,
2023-05-22 23:00:00,10.005869262865092,
2023-05-22 23:15:00,10.025632823365786,
2023-05-22 23:30:00,10.045396383866482,
2023-05-22 23:45:00,10.055159944367176,
2023-05-23 00:00:00,10.064923504867872,
2023-05-23 00:15:00,10.074687065368568,
2023-05-23 00:30:00,10.084450625869264,
2023-05-23 00:45:00,10.104214186369958,
2023-05-23 01:00:00,10.113977746870654,
2023-05-23 01:15:00,10.123741307371349,
2023-05-23 01:30:00,10.133504867872045,
2023-05-23 01:45:00,10.14326842837274,
2023-05-23 02:00:00,10.153031988873437,
2023-05-23 02:15:00,10.16279554937413,
2023-05-23 02:30:00,10.162559109874826,
2023-05-23 02:45:00,10.172322670375522,
2023-05-23 03:00:00,10.172086230876218,
2023-05-23 03:15:00,10.171849791376912,
2023-05-23 03:30:00,10.171613351877609,
2023-05-23 03:45:00,10.161376912378302,
2023-05-23 04:00:00,10.171140472879,
2023-05-23 04:15:00,10.170904033379694,
2023-05-23 04:30:00,10.17066759388039,
2023-05-23 04:45:00,10.180431154381086,
2023-05-23 05:00:00,10.19019471488178,
2023-05-23 05:15:00,10.209958275382476,
2023-05-23 05:30:00,10.21972183588317,
2023-05-23 05:45:00,10.229485396383868,
2023-05-23 06:00:00,10.23924895688456,
2023-05-23 06:15:00,10.24901251738526,
2023-05-23 06:30:00,10.258776077885951,
2023-05-23 06:45:00,10.268539638386647,
2023-05-23 07:00:00,10.268303198887343,
2023-05-23 07:15:00,10.26806675938804,
2023-05-23 07:30:00,10.257830319888734,
2023-05-23 07:45:00,10.22759388038943,
2023-05-23 08:00:00,10.207357440890124,
2023-05-23 08:15:00,10.17712100139082,
2023-05-23 08:30:00,10.146884561891516,
2023-05-23 08:45:00,10.096648122392212,
2023-05-23 09:00:00,10.066411682892904,
2023-05-23 09:15:00,10.016175243393604,
2023-05-23 09:30:00,9.955938803894297,
2023-05-23 09:45:00,9.905702364394992,
2023-05-23 10:00:00,9.84546592489569,
2023-05-23 10:15:00,9.795229485396383,
2023-05-23 10:30:00,9.73499304589708,
2023-05-23 10:45:00,9.674756606397777,
2023-05-23 11:00:00,9.61452016689847,
2023-05-23 11:15:00,9.544283727399163,
2023-05-23 11:30:00,9.47404728789986,
2023-05-23 11:45:00,9.423810848400556,
2023-05-23 12:00:00,9.353574408901252,
2023-05-23 12:15:00,9.323337969401948,
2023-05-23 12:30:00,9.313101529902642,
2023-05-23 12:45:00,9.322865090403338,
2023-05-23 13:00:00,9.342628650904034,
2023-05-23 13:15:00,9.362392211404728,
2023-05-23 13:30:00,9.382155771905424,
2023-05-23 13:45:00,9.38191933240612,
2023-05-23 14:00:00,9.371682892906817,
2023-05-23 14:15:00,9.33144645340751,
2023-05-23 14:30:00,9.301210013908204,
2023-05-23 14:45:00,9.2609735744089,
2023-05-23 15:00:00,9.210737134909596,
2023-05-23 15:15:00,9.180500695410291,
2023-05-23 15:30:00,9.160264255910988,
2023-05-23 15:45:00,9.160027816411684,
2023-05-23 16:00:00,9.179791376912378,
2023-05-23 16:15:00,9.199554937413074,
2023-05-23 16:30:00,9.23931849791377,
2023-05-23 16:45:00,9.279082058414463,
2023-05-23 17:00:00,9.32884561891516,
2023-05-23 17:15:00,9.378609179415855,
2023-05-23 17:30:00,9.42837273991655,
2023-05-23 17:45:00,9.468136300417246,
2023-05-23 18:00:00,9.497899860917942,
2023-05-23 18:15:00,9.547663421418637,
2023-05-23 18:30:00,9.577426981919333,
2023-05-23 18:45:00,9.607190542420028,
2023-05-23 19:00:00,9.646954102920722,
2023-05-23 19:15:00,9.70671766342142,
2023-05-23 19:30:00,9.736481223922114,
2023-05-23 19:45:00,9.806244784422807,
2023-05-23 20:00:00,9.846008344923504,
2023-05-23 20:15:00,9.8957719054242,
2023-05-23 20:30:00,9.925535465924897,
2023-05-23 20:45:00,9.95529902642559,
2023-05-23 21:00:00,10.005062586926288,
2023-05-23 21:15:00,10.04482614742698,
2023-05-23 21:30:00,10.07458970792768,
2023-05-23 21:45:00,10.114353268428372,
2023-05-23 22:00:00,10.134116828929068,
2023-05-23 22:15:00,10.153880389429764,
2023-05-23 22:30:00,10.17364394993046,
2023-05-23 22:45:00,10.193407510431154,
2023-05-23 23:00:00,10.21317107093185,
2023-05-23 23:15:00,10.242934631432544,
2023-05-23 23:30:00,10.25269819193324,
2023-05-23 23:45:00,10.262461752433936,
2023-05-24 00:00:00,10.272225312934632,
2023-05-24 00:15:00,10.281988873435326,
2023-05-24 00:30:00,10.291752433936022,
2023-05-24 00:45:00,10.301515994436716,
2023-05-24 01:00:00,10.321279554937414,
2023-05-24 01:15:00,10.331043115438108,
2023-05-24 01:30:00,10.340806675938804,
2023-05-24 01:45:00,10.350570236439498,
2023-05-24 02:00:00,10.370333796940194,
2023-05-24 02:15:00,10.38009735744089,
2023-05-24 02:30:00,10.389860917941585,
2023-05-24 02:45:00,10.38962447844228,
2023-05-24 03:00:00,10.399388038942975,
2023-05-24 03:15:00,10.399151599443671,
2023-05-24 03:30:00,10.398915159944368,
2023-05-24 03:45:00,10.398678720445064,
2023-05-24 04:00:00,10.398442280945758,
2023-05-24 04:15:00,10.398205841446456,
2023-05-24 04:30:00,10.39796940194715,
2023-05-24 04:45:00,10.397732962447844,
2023-05-24 05:00:00,10.39749652294854,
2023-05-24 05:15:00,10.397260083449236,
2023-05-24 05:30:00,10.40702364394993,
2023-05-24 05:45:00,10.406787204450628,
2023-05-24 06:00:00,10.40655076495132,
2023-05-24 06:15:00,10.406314325452016,
2023-05-24 06:30:00,10.406077885952712,
2023-05-24 06:45:00,10.395841446453408,
2023-05-24 07:00:00,10.3856050069541,
2023-05-24 07:15:00,10.365368567454798,
2023-05-24 07:30:00,10.335132127955491,
2023-05-24 07:45:00,10.31489568845619,
2023-05-24 08:00:00,10.294659248956885,
2023-05-24 08:15:00,10.25442280945758,
2023-05-24 08:30:00,10.204186369958276,
2023-05-24 08:45:00,10.153949930458973,
2023-05-24 09:00:00,10.103713490959668,
2023-05-24 09:15:00,10.053477051460362,
2023-05-24 09:30:00,9.993240611961058,
2023-05-24 09:45:00,9.943004172461752,
2023-05-24 10:00:00,9.882767732962447,
2023-05-24 10:15:00,9.812531293463143,
2023-05-24 10:30:00,9.75229485396384,
2023-05-24 10:45:00,9.682058414464532,
2023-05-24 11:00:00,9.61182197496523,
2023-05-24 11:15:00,9.541585535465924,
2023-05-24 11:30:00,9.47134909596662,
2023-05-24 11:45:00,9.401112656467316,
2023-05-24 12:00:00,9.350876216968013,
2023-05-24 12:15:00,9.290639777468703,
2023-05-24 12:30:00,9.240403337969402,
2023-05-24 12:45:00,9.230166898470095,
2023-05-24 13:00:00,9.239930458970791,
2023-05-24 13:15:00,9.23969401947149,
2023-05-24 13:30:00,9.199457579972185,
2023-05-24 13:45:00,9.11922114047288,
2023-05-24 14:00:00,9.058984700973577,
2023-05-24 14:15:00,9.00874826147427,
2023-05-24 14:30:00,8.978511821974966,
2023-05-24 14:45:00,8.978275382475662,
2023-05-24 15:00:00,8.978038942976356,
2023-05-24 15:15:00,8.987802503477052,
2023-05-24 15:30:00,9.007566063977746,
2023-05-24 15:45:00,9.037329624478442,
2023-05-24 16:00:00,9.067093184979138,
2023-05-24 16:15:00,9.106856745479831,
2023-05-24 16:30:00,9.146620305980528,
2023-05-24 16:45:00,9.196383866481224,
2023-05-24 17:00:00,9.23614742698192,
2023-05-24 17:15:00,9.295910987482616,
2023-05-24 17:30:00,9.355674547983307,
2023-05-24 17:45:00,9.415438108484006,
2023-05-24 18:00:00,9.4752016689847,
2023-05-24 18:15:00,9.534965229485396,
2023-05-24 18:30:00,9.584728789986093,
2023-05-24 18:45:00,9.624492350486786,
2023-05-24 19:00:00,9.674255910987483,
2023-05-24 19:15:00,9.71401947148818,
2023-05-24 19:30:00,9.763783031988874,
2023-05-24 19:45:00,9.813546592489567,
2023-05-24 20:00:00,9.853310152990264,
2023-05-24 20:15:00,9.88307371349096,
2023-05-24 20:30:00,9.912837273991656,
2023-05-24 20:45:00,9.94260083449235,
2023-05-24 21:00:00,9.972364394993049,
2023-05-24 21:15:00,10.00212795549374,
2023-05-24 21:30:00,10.031891515994436,
2023-05-24 21:45:00,10.051655076495132,
2023-05-24 22:00:00,10.071418636995828,
2023-05-24 22:15:00,10.091182197496522,
2023-05-24 22:30:00,10.110945757997218,
2023-05-24 22:45:00,10.120709318497912,
2023-05-24 23:00:00,10.15047287899861,
2023-05-24 23:15:00,10.170236439499304,
2023-05-24 23:30:00,10.19,
2023-05-24 23:45:00,10.199763560500694,
2023-05-25 00:00:00,10.209527121001392,
2023-05-25 00:15:00,10.219290681502088,
2023-05-25 00:30:00,10.229054242002782,
2023-05-25 00:45:00,10.238817802503478,
2023-05-25 01:00:00,10.248581363004172,
2023-05-25 01:15:00,10.258344923504868,
2023-05-25 01:30:00,10.268108484005564,
2023-05-25 01:45:00,10.27787204450626,
2023-05-25 02:00:00,10.287635605006956,
2023-05-25 02:15:00,10.29739916550765,
2023-05-25 02:30:00,10.297162726008343,
2023-05-25 02:45:00,10.30692628650904,
2023-05-25 03:00:00,10.306689847009736,
2023-05-25 03:15:00,10.316453407510432,
2023-05-25 03:30:00,10.316216968011126,
2023-05-25 03:45:00,10.325980528511822,
2023-05-25 04:00:00,10.335744089012517,
2023-05-25 04:15:00,10.335507649513213,
2023-05-25 04:30:00,10.335271210013907,
2023-05-25 04:45:00,10.345034770514603,
2023-05-25 05:00:00,10.344798331015298,
2023-05-25 05:15:00,10.354561891515994,
2023-05-25 05:30:00,10.354325452016688,
2023-05-25 05:45:00,10.364089012517384,
2023-05-25 06:00:00,10.36385257301808,
2023-05-25 06:15:00,10.363616133518777,
2023-05-25 06:30:00,10.363379694019471,
2023-05-25 06:45:00,10.363143254520166,
2023-05-25 07:00:00,10.362906815020862,
2023-05-25 07:15:00,10.342670375521555,
2023-05-25 07:30:00,10.322433936022254,
2023-05-25 07:45:00,10.292197496522949,
2023-05-25 08:00:00,10.261961057023644,
2023-05-25 08:15:00,10.22172461752434,
2023-05-25 08:30:00,10.181488178025036,
2023-05-25 08:45:00,10.14125173852573,
2023-05-25 09:00:00,10.081015299026426,
2023-05-25 09:15:00,10.02077885952712,
2023-05-25 09:30:00,9.960542420027815,
2023-05-25 09:45:00,9.910305980528513,
2023-05-25 10:00:00,9.850069541029209,
2023-05-25 10:15:00,9.789833101529902,
2023-05-25 10:30:00,9.719596662030598,
2023-05-25 10:45:00,9.649360222531293,
2023-05-25 11:00:00,9.589123783031988,
2023-05-25 11:15:00,9.528887343532686,
2023-05-25 11:30:00,9.47865090403338,
2023-05-25 11:45:00,9.438414464534077,
2023-05-25 12:00:00,9.37817802503477,
2023-05-25 12:15:00,9.317941585535468,
2023-05-25 12:30:00,9.277705146036162,
2023-05-25 12:45:00,9.247468706536855,
2023-05-25 13:00:00,9.227232267037552,
2023-05-25 13:15:00,9.216995827538248,
2023-05-25 13:30:00,9.206759388038943,
2023-05-25 13:45:00,9.20652294853964,
2023-05-25 14:00:00,9.216286509040334,
2023-05-25 14:15:00,9.23605006954103,
2023-05-25 14:30:00,9.255813630041724,
2023-05-25 14:45:00,9.26557719054242,
2023-05-25 15:00:00,9.245340751043114,
2023-05-25 15:15:00,9.235104311543813,
2023-05-25 15:30:00,9.234867872044504,
2023-05-25 15:45:00,9.224631432545202,
2023-05-25 16:00:00,9.224394993045896,
2023-05-25 16:15:00,9.224158553546593,
2023-05-25 16:30:00,9.21392211404729,
2023-05-25 16:45:00,9.213685674547984,
2023-05-25 17:00:00,9.22344923504868,
2023-05-25 17:15:00,9.253212795549372,
2023-05-25 17:30:00,9.26297635605007,
2023-05-25 17:45:00,9.292739916550763,
2023-05-25 18:00:00,9.31250347705146,
2023-05-25 18:15:00,9.342267037552157,
2023-05-25 18:30:00,9.372030598052852,
2023-05-25 18:45:00,9.411794158553546,
2023-05-25 19:00:00,9.451557719054245,
2023-05-25 19:15:00,9.491321279554937,
2023-05-25 19:30:00,9.531084840055634,
2023-05-25 19:45:00,9.570848400556327,
2023-05-25 20:00:00,9.610611961057025,
2023-05-25 20:15:00,9.660375521557718,
2023-05-25 20:30:00,9.690139082058415,
2023-05-25 20:45:00,9.729902642559107,
2023-05-25 21:00:00,9.749666203059803,
2023-05-25 21:15:00,9.7694297635605,
2023-05-25 21:30:00,9.799193324061196,
2023-05-25 21:45:00,9.81895688456189,
2023-05-25 22:00:00,9.848720445062586,
2023-05-25 22:15:00,9.878484005563283,
2023-05-25 22:30:00,9.898247566063976,
2023-05-25 22:45:00,9.918011126564672,
2023-05-25 23:00:00,9.947774687065367,
2023-05-25 23:15:00,9.977538247566065,
2023-05-25 23:30:00,9.99730180806676,
2023-05-25 23:45:00,10.017065368567456,
2023-05-26 00:00:00,10.03682892906815,
2023-05-26 00:15:00,10.046592489568846,
2023-05-26 00:30:00,10.06635605006954,
2023-05-26 00:45:00,10.086119610570236,
2023-05-26 01:00:00,10.09588317107093,
2023-05-26 01:15:00,10.105646731571628,
2023-05-26 01:30:00,10.125410292072322,
2023-05-26 01:45:00,10.135173852573018,
2023-05-26 02:00:00,10.144937413073713,
2023-05-26 02:15:00,10.154700973574409,
2023-05-26 02:30:00,10.164464534075105,
2023-05-26 02:45:00,10.1742280945758,
2023-05-26 03:00:00,10.173991655076494,
2023-05-26 03:15:00,10.17375521557719,
2023-05-26 03:30:00,10.183518776077886,
2023-05-26 03:45:00,10.183282336578582,
2023-05-26 04:00:00,10.193045897079278,
2023-05-26 04:15:00,10.192809457579973,
2023-05-26 04:30:00,10.202573018080669,
2023-05-26 04:45:00,10.202336578581363,
2023-05-26 05:00:00,10.21210013908206,
2023-05-26 05:15:00,10.211863699582754,
2023-05-26 05:30:00,10.22162726008345,
2023-05-26 05:45:00,10.221390820584144,
2023-05-26 06:00:00,10.21115438108484,
2023-05-26 06:15:00,10.210917941585535,
2023-05-26 06:30:00,10.210681502086231,
2023-05-26 06:45:00,10.210445062586926,
2023-05-26 07:00:00,10.220208623087622,
2023-05-26 07:15:00,10.209972183588317,
2023-05-26 07:30:00,10.199735744089011,
2023-05-26 07:45:00,10.199499304589708,
2023-05-26 08:00:00,10.179262865090404,
2023-05-26 08:15:00,10.159026425591096,
2023-05-26 08:30:00,10.138789986091794,
2023-05-26 08:45:00,10.098553546592491,
2023-05-26 09:00:00,10.058317107093185,
2023-05-26 09:15:00,10.018080667593882,
2023-05-26 09:30:00,9.997844228094577,
2023-05-26 09:45:00,9.947607788595272,
2023-05-26 10:00:00,9.917371349095966,
2023-05-26 10:15:00,9.877134909596665,
2023-05-26 10:30:00,9.866898470097356,
2023-05-26 10:45:00,9.846662030598054,
2023-05-26 11:00:00,9.836425591098749,
2023-05-26 11:15:00,9.816189151599444,
2023-05-26 11:30:00,9.79595271210014,
2023-05-26 11:45:00,9.755716272600836,
2023-05-26 12:00:00,9.70547983310153,
2023-05-26 12:15:00,9.645243393602223,
2023-05-26 12:30:00,9.58500695410292,
2023-05-26 12:45:00,9.534770514603617,
2023-05-26 13:00:00,9.47453407510431,
2023-05-26 13:15:00,9.404297635605008,
2023-05-26 13:30:00,9.354061196105702,
2023-05-26 13:45:00,9.303824756606398,
2023-05-26 14:00:00,9.253588317107091,
2023-05-26 14:15:00,9.203351877607789,
2023-05-26 14:30:00,9.173115438108486,
2023-05-26 14:45:00,9.16287899860918,
2023-05-26 15:00:00,9.162642559109877,
2023-05-26 15:15:00,9.17240611961057,
2023-05-26 15:30:00,9.192169680111268,
2023-05-26 15:45:00,9.21193324061196,
2023-05-26 16:00:00,9.251696801112658,
2023-05-26 16:15:00,9.281460361613352,
2023-05-26 16:30:00,9.311223922114047,
2023-05-26 16:45:00,9.340987482614745,
2023-05-26 17:00:00,9.37075104311544,
2023-05-26 17:15:00,9.400514603616132,
2023-05-26 17:30:00,9.43027816411683,
2023-05-26 17:45:00,9.460041724617524,
2023-05-26 18:00:00,9.47980528511822,
2023-05-26 18:15:00,9.499568845618915,
2023-05-26 18:30:00,9.519332406119611,
2023-05-26 18:45:00,9.549095966620303,
2023-05-26 19:00:00,9.568859527121,
2023-05-26 19:15:00,9.598623087621696,
2023-05-26 19:30:00,9.628386648122392,
2023-05-26 19:45:00,9.658150208623088,
2023-05-26 20:00:00,9.687913769123783,
2023-05-26 20:15:00,9.72767732962448,
2023-05-26 20:30:00,9.757440890125174,
2023-05-26 20:45:00,9.78720445062587,
2023-05-26 21:00:00,9.826968011126564,
2023-05-26 21:15:00,9.85673157162726,
2023-05-26 21:30:00,9.886495132127957,
2023-05-26 21:45:00,9.90625869262865,
2023-05-26 22:00:00,9.936022253129346,
2023-05-26 22:15:00,9.965785813630042,
2023-05-26 22:30:00,9.985549374130736,
2023-05-26 22:45:00,10.005312934631434,
2023-05-26 23:00:00,10.035076495132127,
2023-05-26 23:15:00,10.044840055632823,
2023-05-26 23:30:00,10.064603616133518,
2023-05-26 23:45:00,10.084367176634215,
2023-05-27 00:00:00,10.09413073713491,
2023-05-27 00:15:00,10.103894297635604,
2023-05-27 00:30:00,10.1236578581363,
2023-05-27 00:45:00,10.133421418636996,
2023-05-27 01:00:00,10.14318497913769,
2023-05-27 01:15:00,10.152948539638386,
2023-05-27 01:30:00,10.162712100139084,
2023-05-27 01:45:00,10.172475660639778,
2023-05-27 02:00:00,10.182239221140474,
2023-05-27 02:15:00,10.182002781641168,
2023-05-27 02:30:00,10.191766342141864,
2023-05-27 02:45:00,10.20152990264256,
2023-05-27 03:00:00,10.211293463143257,
2023-05-27 03:15:00,10.221057023643947,
2023-05-27 03:30:00,10.220820584144644,
2023-05-27 03:45:00,10.23058414464534,
2023-05-27 04:00:00,10.240347705146036,
2023-05-27 04:15:00,10.240111265646732,
2023-05-27 04:30:00,10.249874826147428,
2023-05-27 04:45:00,10.249638386648122,
2023-05-27 05:00:00,10.259401947148818,
2023-05-27 05:15:00,10.259165507649511,
2023-05-27 05:30:00,10.268929068150207,
2023-05-27 05:45:00,10.268692628650903,
2023-05-27 06:00:00,10.2784561891516,
2023-05-27 06:15:00,10.278219749652294,
2023-05-27 06:30:00,10.27798331015299,
2023-05-27 06:45:00,10.277746870653688,
2023-05-27 07:00:00,10.26751043115438,
2023-05-27 07:15:00,10.257273991655078,
2023-05-27 07:30:00,10.237037552155773,
2023-05-27 07:45:00,10.206801112656468,
2023-05-27 08:00:00,10.176564673157165,
2023-05-27 08:15:00,10.146328233657858,
2023-05-27 08:30:00,10.096091794158554,
2023-05-27 08:45:00,10.055855354659249,
2023-05-27 09:00:00,10.005618915159944,
2023-05-27 09:15:00,9.94538247566064,
2023-05-27 09:30:00,9.885146036161334,
2023-05-27 09:45:00,9.81490959666203,
2023-05-27 10:00:00,9.764673157162726,
2023-05-27 10:15:00,9.71443671766342,
2023-05-27 10:30:00,9.654200278164115,
2023-05-27 10:45:00,9.613963838664812,
2023-05-27 11:00:00,9.593727399165507,
2023-05-27 11:15:00,9.573490959666204,
2023-05-27 11:30:00,9.553254520166895,
2023-05-27 11:45:00,9.523018080667594,
2023-05-27 12:00:00,9.48278164116829,
2023-05-27 12:15:00,9.432545201668985,
2023-05-27 12:30:00,9.38230876216968,
2023-05-27 12:45:00,9.342072322670376,
2023-05-27 13:00:00,9.281835883171071,
2023-05-27 13:15:00,9.231599443671769,
2023-05-27 13:30:00,9.181363004172464,
2023-05-27 13:45:00,9.131126564673156,
2023-05-27 14:00:00,9.070890125173854,
2023-05-27 14:15:00,9.030653685674547,
2023-05-27 14:30:00,9.000417246175244,
2023-05-27 14:45:00,8.990180806675939,
2023-05-27 15:00:00,8.969944367176634,
2023-05-27 15:15:00,8.949707927677329,
2023-05-27 15:30:00,8.969471488178025,
2023-05-27 15:45:00,8.97923504867872,
2023-05-27 16:00:00,8.988998609179417,
2023-05-27 16:15:00,9.00876216968011,
2023-05-27 16:30:00,9.048525730180806,
2023-05-27 16:45:00,9.078289290681502,
2023-05-27 17:00:00,9.108052851182196,
2023-05-27 17:15:00,9.127816411682891,
2023-05-27 17:30:00,9.147579972183587,
2023-05-27 17:45:00,9.167343532684283,
2023-05-27 18:00:00,9.19710709318498,
2023-05-27 18:15:00,9.226870653685676,
2023-05-27 18:30:00,9.27663421418637,
2023-05-27 18:45:00,9.316397774687069,
2023-05-27 19:00:00,9.35616133518776,
2023-05-27 19:15:00,9.395924895688458,
2023-05-27 19:30:00,9.445688456189153,
2023-05-27 19:45:00,9.485452016689848,
2023-05-27 20:00:00,9.525215577190542,
2023-05-27 20:15:00,9.56497913769124,
2023-05-27 20:30:00,9.594742698191933,
2023-05-27 20:45:00,9.624506258692628,
2023-05-27 21:00:00,9.664269819193324,
2023-05-27 21:15:00,9.69403337969402,
2023-05-27 21:30:00,9.723796940194717,
2023-05-27 21:45:00,9.75356050069541,
2023-05-27 22:00:00,9.793324061196104,
2023-05-27 22:15:00,9.813087621696802,
2023-05-27 22:30:00,9.842851182197496,
2023-05-27 22:45:00,9.872614742698191,
2023-05-27 23:00:00,9.902378303198889,
2023-05-27 23:15:00,9.922141863699585,
2023-05-27 23:30:00,9.951905424200278,
2023-05-27 23:45:00,9.971668984700974,
2023-05-28 00:00:00,9.99143254520167,
2023-05-28 00:15:00,10.011196105702364,
2023-05-28 00:30:00,10.03095966620306,
2023-05-28 00:45:00,10.050723226703754,
2023-05-28 01:00:00,10.070486787204452,
2023-05-28 01:15:00,10.080250347705146,
2023-05-28 01:30:00,10.100013908205842,
2023-05-28 01:45:00,10.109777468706536,
2023-05-28 02:00:00,10.129541029207232,
2023-05-28 02:15:00,10.139304589707928,
2023-05-28 02:30:00,10.149068150208624,
2023-05-28 02:45:00,10.158831710709318,
2023-05-28 03:00:00,10.168595271210014,
2023-05-28 03:15:00,10.178358831710709,
2023-05-28 03:30:00,10.178122392211405,
2023-05-28 03:45:00,10.1778859527121,
2023-05-28 04:00:00,10.187649513212795,
2023-05-28 04:15:00,10.18741307371349,
2023-05-28 04:30:00,10.197176634214186,
2023-05-28 04:45:00,10.196940194714882,
2023-05-28 05:00:00,10.196703755215577,
2023-05-28 05:15:00,10.206467315716273,
2023-05-28 05:30:00,10.206230876216967,
2023-05-28 05:45:00,10.205994436717663,
2023-05-28 06:00:00,10.21575799721836,
2023-05-28 06:15:00,10.215521557719056,
2023-05-28 06:30:00,10.21528511821975,
2023-05-28 06:45:00,10.215048678720446,
2023-05-28 07:00:00,10.19481223922114,
2023-05-28 07:15:00,10.174575799721836,
2023-05-28 07:30:00,10.164339360222533,
2023-05-28 07:45:00,10.164102920723227,
2023-05-28 08:00:00,10.153866481223922,
2023-05-28 08:15:00,10.123630041724615,
2023-05-28 08:30:00,10.083393602225312,
2023-05-28 08:45:00,10.05315716272601,
2023-05-28 09:00:00,10.012920723226705,
2023-05-28 09:15:00,9.9726842837274,
2023-05-28 09:30:00,9.942447844228091,
2023-05-28 09:45:00,9.89221140472879,
2023-05-28 10:00:00,9.861974965229484,
2023-05-28 10:15:00,9.82173852573018,
2023-05-28 10:30:00,9.801502086230878,
2023-05-28 10:45:00,9.771265646731573,
2023-05-28 11:00:00,9.751029207232268,
2023-05-28 11:15:00,9.740792767732962,
2023-05-28 11:30:00,9.73055632823366,
2023-05-28 11:45:00,9.710319888734354,
2023-05-28 12:00:00,9.67008344923505,
2023-05-28 12:15:00,9.619847009735745,
2023-05-28 12:30:00,9.55961057023644,
2023-05-28 12:45:00,9.509374130737134,
2023-05-28 13:00:00,9.469137691237831,
2023-05-28 13:15:00,9.418901251738523,
2023-05-28 13:30:00,9.35866481223922,
2023-05-28 13:45:00,9.318428372739916,
2023-05-28 14:00:00,9.238191933240612,
2023-05-28 14:15:00,9.157955493741309,
2023-05-28 14:30:00,9.097719054242004,
2023-05-28 14:45:00,9.057482614742698,
2023-05-28 15:00:00,9.027246175243391,
2023-05-28 15:15:00,9.017009735744088,
2023-05-28 15:30:00,8.996773296244784,
2023-05-28 15:45:00,8.98653685674548,
2023-05-28 16:00:00,8.986300417246175,
2023-05-28 16:15:00,8.996063977746871,
2023-05-28 16:30:00,8.995827538247566,
2023-05-28 16:45:00,9.015591098748262,
2023-05-28 17:00:00,9.035354659248956,
2023-05-28 17:15:00,9.065118219749651,
2023-05-28 17:30:00,9.084881780250347,
2023-05-28 17:45:00,9.094645340751043,
2023-05-28 18:00:00,9.12440890125174,
2023-05-28 18:15:00,9.154172461752434,
2023-05-28 18:30:00,9.193936022253128,
2023-05-28 18:45:00,9.243699582753823,
2023-05-28 19:00:00,9.28346314325452,
2023-05-28 19:15:00,9.323226703755216,
2023-05-28 19:30:00,9.36299026425591,
2023-05-28 19:45:00,9.402753824756608,
2023-05-28 20:00:00,9.4325173852573,
2023-05-28 20:15:00,9.472280945757998,
2023-05-28 20:30:00,9.512044506258691,
2023-05-28 20:45:00,9.541808066759389,
2023-05-28 21:00:00,9.581571627260082,
2023-05-28 21:15:00,9.63133518776078,
2023-05-28 21:30:00,9.671098748261477,
2023-05-28 21:45:00,9.70086230876217,
2023-05-28 22:00:00,9.730625869262866,
2023-05-28 22:15:00,9.76038942976356,
2023-05-28 22:30:00,9.800152990264255,
2023-05-28 22:45:00,9.819916550764953,
2023-05-28 23:00:00,9.849680111265648,
2023-05-28 23:15:00,9.869443671766344,
2023-05-28 23:30:00,9.889207232267038,
2023-05-28 23:45:00,9.908970792767732,
2023-05-29 00:00:00,9.918734353268428,
2023-05-29 00:15:00,9.938497913769124,
2023-05-29 00:30:00,9.94826147426982,
2023-05-29 00:45:00,9.958025034770516,
2023-05-29 01:00:00,9.96778859527121,
2023-05-29 01:15:00,9.987552155771905,
2023-05-29 01:30:00,9.9973157162726,
2023-05-29 01:45:00,10.017079276773297,
2023-05-29 02:00:00,10.02684283727399,
2023-05-29 02:15:00,10.026606397774684,
2023-05-29 02:30:00,10.036369958275383,
2023-05-29 02:45:00,10.04613351877608,
2023-05-29 03:00:00,10.055897079276772,
2023-05-29 03:15:00,10.06566063977747,
2023-05-29 03:30:00,10.075424200278164,
2023-05-29 03:45:00,10.07518776077886,
2023-05-29 04:00:00,10.084951321279554,
2023-05-29 04:15:00,10.08471488178025,
2023-05-29 04:30:00,10.094478442280945,
2023-05-29 04:45:00,10.09424200278164,
2023-05-29 05:00:00,10.104005563282335,
2023-05-29 05:15:00,10.113769123783031,
2023-05-29 05:30:00,10.123532684283727,
2023-05-29 05:45:00,10.133296244784423,
2023-05-29 06:00:00,10.143059805285118,
2023-05-29 06:15:00,10.142823365785814,
2023-05-29 06:30:00,10.152586926286508,
2023-05-29 06:45:00,10.152350486787205,
2023-05-29 07:00:00,10.1421140472879,
2023-05-29 07:15:00,10.141877607788595,
2023-05-29 07:30:00,10.13164116828929,
2023-05-29 07:45:00,10.121404728789988,
2023-05-29 08:00:00,10.10116828929068,
2023-05-29 08:15:00,10.080931849791376,
2023-05-29 08:30:00,10.070695410292071,
2023-05-29 08:45:00,10.040458970792768,
2023-05-29 09:00:00,10.020222531293465,
2023-05-29 09:15:00,9.999986091794158,
2023-05-29 09:30:00,9.969749652294857,
2023-05-29 09:45:00,9.929513212795548,
2023-05-29 10:00:00,9.879276773296246,
2023-05-29 10:15:00,9.82904033379694,
2023-05-29 10:30:00,9.758803894297635,
2023-05-29 10:45:00,9.708567454798333,
2023-05-29 11:00:00,9.648331015299028,
2023-05-29 11:15:00,9.59809457579972,
2023-05-29 11:30:00,9.547858136300418,
2023-05-29 11:45:00,9.497621696801112,
2023-05-29 12:00:00,9.467385257301808,
2023-05-29 12:15:00,9.437148817802504,
2023-05-29 12:30:00,9.3969123783032,
2023-05-29 12:45:00,9.356675938803894,
2023-05-29 13:00:00,9.31643949930459,
2023-05-29 13:15:00,9.266203059805283,
2023-05-29 13:30:00,9.21596662030598,
2023-05-29 13:45:00,9.175730180806676,
2023-05-29 14:00:00,9.135493741307371,
2023-05-29 14:15:00,9.105257301808068,
2023-05-29 14:30:00,9.075020862308762,
2023-05-29 14:45:00,9.054784422809458,
2023-05-29 15:00:00,9.044547983310151,
2023-05-29 15:15:00,9.03431154381085,
2023-05-29 15:30:00,9.034075104311544,
2023-05-29 15:45:00,9.04383866481224,
2023-05-29 16:00:00,9.043602225312934,
2023-05-29 16:15:00,9.023365785813631,
2023-05-29 16:30:00,9.013129346314324,
2023-05-29 16:45:00,9.00289290681502,
2023-05-29 17:00:00,8.992656467315715,
2023-05-29 17:15:00,8.982420027816412,
2023-05-29 17:30:00,8.982183588317106,
2023-05-29 17:45:00,8.991947148817802,
2023-05-29 18:00:00,8.991710709318497,
2023-05-29 18:15:00,9.011474269819193,
2023-05-29 18:30:00,9.051237830319888,
2023-05-29 18:45:00,9.081001390820584,
2023-05-29 19:00:00,9.12076495132128,
2023-05-29 19:15:00,9.160528511821974,
2023-05-29 19:30:00,9.200292072322672,
2023-05-29 19:45:00,9.240055632823363,
2023-05-29 20:00:00,9.289819193324062,
2023-05-29 20:15:00,9.329582753824756,
2023-05-29 20:30:00,9.379346314325453,
2023-05-29 20:45:00,9.439109874826148,
2023-05-29 21:00:00,9.488873435326845,
2023-05-29 21:15:00,9.538636995827538,
2023-05-29 21:30:00,9.578400556328234,
2023-05-29 21:45:00,9.628164116828929,
2023-05-29 22:00:00,9.667927677329624,
2023-05-29 22:15:00,9.70769123783032,
2023-05-29 22:30:00,9.737454798331015,
2023-05-29 22:45:00,9.76721835883171,
2023-05-29 23:00:00,9.796981919332406,
2023-05-29 23:15:00,9.8167454798331,
2023-05-29 23:30:00,9.836509040333796,
2023-05-29 23:45:00,9.856272600834492,
2023-05-30 00:00:00,9.876036161335188,
2023-05-30 00:15:00,9.895799721835884,
2023-05-30 00:30:00,9.905563282336578,
2023-05-30 00:45:00,9.915326842837274,
2023-05-30 01:00:00,9.93509040333797,
2023-05-30 01:15:00,9.944853963838666,
2023-05-30 01:30:00,9.95461752433936,
2023-05-30 01:45:00,9.974381084840056,
2023-05-30 02:00:00,9.98414464534075,
2023-05-30 02:15:00,9.993908205841446,
2023-05-30 02:30:00,10.00367176634214,
2023-05-30 02:45:00,10.003435326842837,
2023-05-30 03:00:00,10.003198887343531,
2023-05-30 03:15:00,10.01296244784423,
2023-05-30 03:30:00,10.022726008344923,
2023-05-30 03:45:00,10.03248956884562,
2023-05-30 04:00:00,10.042253129346314,
2023-05-30 04:15:00,10.04201668984701,
2023-05-30 04:30:00,10.051780250347704,
2023-05-30 04:45:00,10.0615438108484,
2023-05-30 05:00:00,10.061307371349097,
2023-05-30 05:15:00,10.07107093184979,
2023-05-30 05:30:00,10.080834492350489,
2023-05-30 05:45:00,10.090598052851185,
2023-05-30 06:00:00,10.10036161335188,
2023-05-30 06:15:00,10.100125173852572,
2023-05-30 06:30:00,10.09988873435327,
2023-05-30 06:45:00,10.109652294853964,
2023-05-30 07:00:00,10.10941585535466,
2023-05-30 07:15:00,10.099179415855357,
2023-05-30 07:30:00,10.07894297635605,
2023-05-30 07:45:00,10.068706536856745,
2023-05-30 08:00:00,10.03847009735744,
2023-05-30 08:15:00,10.018233657858136,
2023-05-30 08:30:00,9.977997218358832,
2023-05-30 08:45:00,9.937760778859529,
2023-05-30 09:00:00,9.897524339360222,
2023-05-30 09:15:00,9.847287899860918,
2023-05-30 09:30:00,9.787051460361614,
2023-05-30 09:45:00,9.726815020862308,
2023-05-30 10:00:00,9.676578581363003,
2023-05-30 10:15:00,9.6163421418637,
2023-05-30 10:30:00,9.546105702364397,
2023-05-30 10:45:00,9.485869262865087,
2023-05-30 11:00:00,9.415632823365788,
2023-05-30 11:15:00,9.335396383866485,
2023-05-30 11:30:00,9.265159944367175,
2023-05-30 11:45:00,9.204923504867873,
2023-05-30 12:00:00,9.164687065368568,
2023-05-30 12:15:00,9.124450625869263,
2023-05-30 12:30:00,9.134214186369958,
2023-05-30 12:45:00,9.133977746870654,
2023-05-30 13:00:00,9.143741307371348,
2023-05-30 13:15:00,9.153504867872044,
2023-05-30 13:30:00,9.13326842837274,
2023-05-30 13:45:00,9.103031988873436,
2023-05-30 14:00:00,9.082795549374133,
2023-05-30 14:15:00,9.062559109874826,
2023-05-30 14:30:00,9.05232267037552,
2023-05-30 14:45:00,9.002086230876218,
2023-05-30 15:00:00,8.961849791376912,
2023-05-30 15:15:00,8.951613351877608,
2023-05-30 15:30:00,8.951376912378302,
2023-05-30 15:45:00,8.971140472878998,
2023-05-30 16:00:00,8.990904033379692,
2023-05-30 16:15:00,9.00066759388039,
2023-05-30 16:30:00,9.010431154381084,
2023-05-30 16:45:00,9.03019471488178,
2023-05-30 17:00:00,9.039958275382476,
2023-05-30 17:15:00,9.03972183588317,
2023-05-30 17:30:00,9.049485396383869,
2023-05-30 17:45:00,9.06924895688456,
2023-05-30 18:00:00,9.08901251738526,
2023-05-30 18:15:00,9.108776077885953,
2023-05-30 18:30:00,9.138539638386648,
2023-05-30 18:45:00,9.168303198887344,
2023-05-30 19:00:00,9.18806675938804,
2023-05-30 19:15:00,9.217830319888732,
2023-05-30 19:30:00,9.25759388038943,
2023-05-30 19:45:00,9.287357440890124,
2023-05-30 20:00:00,9.327121001390822,
2023-05-30 20:15:00,9.366884561891515,
2023-05-30 20:30:00,9.406648122392212,
2023-05-30 20:45:00,9.446411682892906,
2023-05-30 21:00:00,9.486175243393602,
2023-05-30 21:15:00,9.525938803894295,
2023-05-30 21:30:00,9.565702364394992,
2023-05-30 21:45:00,9.615465924895688,
2023-05-30 22:00:00,9.655229485396385,
2023-05-30 22:15:00,9.68499304589708,
2023-05-30 22:30:00,9.724756606397774,
2023-05-30 22:45:00,9.754520166898471,
2023-05-30 23:00:00,9.784283727399163,
2023-05-30 23:15:00,9.81404728789986,
2023-05-30 23:30:00,9.843810848400556,
2023-05-30 23:45:00,9.863574408901252,
2023-05-31 00:00:00,9.883337969401946,
2023-05-31 00:15:00,9.903101529902644,
2023-05-31 00:30:00,9.922865090403338,
2023-05-31 00:45:00,9.942628650904034,
2023-05-31 01:00:00,9.952392211404728,
2023-05-31 01:15:00,9.972155771905424,
2023-05-31 01:30:00,9.981919332406118,
2023-05-31 01:45:00,9.991682892906816,
2023-05-31 02:00:00,10.00144645340751,
2023-05-31 02:15:00,10.011210013908206,
2023-05-31 02:30:00,10.0209735744089,
2023-05-31 02:45:00,10.030737134909597,
2023-05-31 03:00:00,10.04050069541029,
2023-05-31 03:15:00,10.050264255910989,
2023-05-31 03:30:00,10.05002781641168,
2023-05-31 03:45:00,10.059791376912376,
2023-05-31 04:00:00,10.069554937413075,
2023-05-31 04:15:00,10.06931849791377,
2023-05-31 04:30:00,10.079082058414466,
2023-05-31 04:45:00,10.08884561891516,
2023-05-31 05:00:00,10.098609179415856,
2023-05-31 05:15:00,10.09837273991655,
2023-05-31 05:30:00,10.108136300417248,
2023-05-31 05:45:00,10.11789986091794,
2023-05-31 06:00:00,10.117663421418635,
2023-05-31 06:15:00,10.127426981919331,
2023-05-31 06:30:00,10.127190542420028,
2023-05-31 06:45:00,10.126954102920722,
2023-05-31 07:00:00,10.126717663421418,
2023-05-31 07:15:00,10.116481223922111,
2023-05-31 07:30:00,10.09624478442281,
2023-05-31 07:45:00,10.076008344923505,
2023-05-31 08:00:00,10.0457719054242,
2023-05-31 08:15:00,10.015535465924897,
2023-05-31 08:30:00,9.985299026425592,
2023-05-31 08:45:00,9.935062586926286,
2023-05-31 09:00:00,9.88482614742698,
2023-05-31 09:15:00,9.83458970792768,
2023-05-31 09:30:00,9.784353268428372,
2023-05-31 09:45:00,9.724116828929068,
2023-05-31 10:00:00,9.663880389429764,
2023-05-31 10:15:00,9.60364394993046,
2023-05-31 10:30:00,9.533407510431154,
2023-05-31 10:45:00,9.47317107093185,
2023-05-31 11:00:00,9.412934631432543,
2023-05-31 11:15:00,9.34269819193324,
2023-05-31 11:30:00,9.272461752433935,
2023-05-31 11:45:00,9.212225312934631,
2023-05-31 12:00:00,9.181988873435326,
2023-05-31 12:15:00,9.141752433936023,
2023-05-31 12:30:00,9.111515994436717,
2023-05-31 12:45:00,9.081279554937414,
2023-05-31 13:00:00,9.051043115438109,
2023-05-31 13:15:00,9.040806675938803,
2023-05-31 13:30:00,9.0605702364395,
2023-05-31 13:45:00,9.100333796940197,
2023-05-31 14:00:00,9.130097357440889,
2023-05-31 14:15:00,9.119860917941583,
2023-05-31 14:30:00,9.09962447844228,
2023-05-31 14:45:00,9.079388038942977,
2023-05-31 15:00:00,9.059151599443672,
2023-05-31 15:15:00,9.048915159944366,
2023-05-31 15:30:00,9.048678720445062,
2023-05-31 15:45:00,9.068442280945758,
2023-05-31 16:00:00,9.068205841446456,
2023-05-31 16:15:00,9.077969401947149,
2023-05-31 16:30:00,9.097732962447845,
2023-05-31 16:45:00,9.10749652294854,
2023-05-31 17:00:00,9.127260083449237,
2023-05-31 17:15:00,9.13702364394993,
2023-05-31 17:30:00,9.156787204450628,
2023-05-31 17:45:00,9.16655076495132,
2023-05-31 18:00:00,9.186314325452017,
2023-05-31 18:15:00,9.196077885952713,
2023-05-31 18:30:00,9.215841446453409,
2023-05-31 18:45:00,9.245605006954102,
2023-05-31 19:00:00,9.265368567454798,
2023-05-31 19:15:00,9.295132127955492,
2023-05-31 19:30:00,9.31489568845619,
2023-05-31 19:45:00,9.344659248956884,
2023-05-31 20:00:00,9.37442280945758,
2023-05-31 20:15:00,9.404186369958277,
2023-05-31 20:30:00,9.43394993045897,
2023-05-31 20:45:00,9.463713490959666,
2023-05-31 21:00:00,9.50347705146036,
2023-05-31 21:15:00,9.533240611961055,
2023-05-31 21:30:00,9.563004172461753,
2023-05-31 21:45:00,9.592767732962448,
2023-05-31 22:00:00,9.622531293463142,
2023-05-31 22:15:00,9.64229485396384,
2023-05-31 22:30:00,9.672058414464534,
2023-05-31 22:45:00,9.69182197496523,
2023-05-31 23:00:00,9.711585535465924,
2023-05-31 23:15:00,9.74134909596662,
2023-05-31 23:30:00,9.751112656467315,
2023-05-31 23:45:00,9.770876216968013,
2023-06-01 00:00:00,9.790639777468703,
2023-06-01 00:15:00,9.800403337969405,
2023-06-01 00:30:00,9.810166898470095,
2023-06-01 00:45:00,9.819930458970791,
2023-06-01 01:00:00,9.829694019471487,
2023-06-01 01:15:00,9.849457579972183,
2023-06-01 01:30:00,9.84922114047288,
2023-06-01 01:45:00,9.868984700973574,
2023-06-01 02:00:00,9.878748261474271,
2023-06-01 02:15:00,9.878511821974966,
2023-06-01 02:30:00,9.888275382475662,
2023-06-01 02:45:00,9.888038942976356,
2023-06-01 03:00:00,9.897802503477052,
2023-06-01 03:15:00,9.897566063977749,
2023-06-01 03:30:00,9.897329624478443,
2023-06-01 03:45:00,9.907093184979136,
2023-06-01 04:00:00,9.906856745479834,
2023-06-01 04:15:00,9.906620305980528,
2023-06-01 04:30:00,9.906383866481224,
2023-06-01 04:45:00,9.91614742698192,
2023-06-01 05:00:00,9.915910987482617,
2023-06-01 05:15:00,9.92567454798331,
2023-06-01 05:30:00,9.935438108484004,
2023-06-01 05:45:00,9.9352016689847,
2023-06-01 06:00:00,9.944965229485396,
2023-06-01 06:15:00,9.95472878998609,
2023-06-01 06:30:00,9.954492350486786,
2023-06-01 06:45:00,9.964255910987482,
2023-06-01 07:00:00,9.954019471488175,
2023-06-01 07:15:00,9.943783031988874,
2023-06-01 07:30:00,9.923546592489568,
2023-06-01 07:45:00,9.913310152990263,
2023-06-01 08:00:00,9.89307371349096,
2023-06-01 08:15:00,9.872837273991657,
2023-06-01 08:30:00,9.84260083449235,
2023-06-01 08:45:00,9.802364394993049,
2023-06-01 09:00:00,9.75212795549374,
2023-06-01 09:15:00,9.701891515994436,
2023-06-01 09:30:00,9.651655076495132,
2023-06-01 09:45:00,9.601418636995827,
2023-06-01 10:00:00,9.551182197496525,
2023-06-01 10:15:00,9.510945757997218,
2023-06-01 10:30:00,9.470709318497914,
2023-06-01 10:45:00,9.450472878998609,
2023-06-01 11:00:00,9.400236439499304,
2023-06-01 11:15:00,9.35,
2023-06-01 11:30:00,9.276,LI
2023-06-01 11:45:00,9.202,LI
2023-06-01 12:00:00,9.128,LI
2023-06-01 12:15:00,9.054,LI
2023-06-01 12:30:00,8.98,
2023-06-01 12:45:00,9.03,
2023-06-01 13:00:00,9.06,
2023-06-01 13:15:00,9.07,
2023-06-01 13:30:00,9.09,
2023-06-01 13:45:00,9.12,
2023-06-01 14:00:00,9.14,
2023-06-01 14:15:00,9.14,
2023-06-01 14:30:00,9.14,
2023-06-01 14:45:00,9.15,
2023-06-01 15:00:00,9.16,
2023-06-01 15:15:00,9.18,
2023-06-01 15:30:00,9.21,
2023-06-01 15:45:00,9.23,
2023-06-01 16:00:00,9.25,
2023-06-01 16:15:00,9.26,
2023-06-01 16:30:00,9.27,
2023-06-01 16:45:00,9.26,
2023-06-01 17:00:00,9.25,
2023-06-01 17:15:00,9.26,
2023-06-01 17:30:00,9.28,
2023-06-01 17:45:00,9.3,
2023-06-01 18:00:00,9.32,
2023-06-01 18:15:00,9.34,
2023-06-01 18:30:00,9.36,
2023-06-01 18:45:00,9.38,
2023-06-01 19:00:00,9.39,
2023-06-01 19:15:00,9.41,
2023-06-01 19:30:00,9.42,
2023-06-01 19:45:00,9.44,
2023-06-01 20:00:00,9.46,
2023-06-01 20:15:00,9.48,
2023-06-01 20:30:00,9.5,
2023-06-01 20:45:00,9.52,
2023-06-01 21:00:00,9.55,
2023-06-01 21:15:00,9.57,
2023-06-01 21:30:00,9.59,
2023-06-01 21:45:00,9.61,
2023-06-01 22:00:00,9.63,
2023-06-01 22:15:00,9.65,
2023-06-01 22:30:00,9.67,
2023-06-01 22:45:00,9.68,
2023-06-01 23:00:00,9.7,
2023-06-01 23:15:00,9.71,
2023-06-01 23:30:00,9.73,
2023-06-01 23:45:00,9.74,
2023-06-02 00:00:00,9.76,
2023-06-02 00:15:00,9.77,
2023-06-02 00:30:00,9.78,
2023-06-02 00:45:00,9.79,
2023-06-02 01:00:00,9.8,
2023-06-02 01:15:00,9.81,
2023-06-02 01:30:00,9.82,
2023-06-02 01:45:00,9.82,
2023-06-02 02:00:00,9.83,
2023-06-02 02:15:00,9.83,
2023-06-02 02:30:00,9.83,
2023-06-02 02:45:00,9.84,
2023-06-02 03:00:00,9.84,
2023-06-02 03:15:00,9.85,
2023-06-02 03:30:00,9.85,
2023-06-02 03:45:00,9.85,
2023-06-02 04:00:00,9.85,
2023-06-02 04:15:00,9.85,
2023-06-02 04:30:00,9.86,
2023-06-02 04:45:00,9.86,
2023-06-02 05:00:00,9.86,
2023-06-02 05:15:00,9.87,
2023-06-02 05:30:00,9.87,
2023-06-02 05:45:00,9.88,
2023-06-02 06:00:00,9.88,
2023-06-02 06:15:00,9.89,
2023-06-02 06:30:00,9.89,
2023-06-02 06:45:00,9.89,
2023-06-02 07:00:00,9.89,
2023-06-02 07:15:00,9.89,
2023-06-02 07:30:00,9.88,
2023-06-02 07:45:00,9.89,
2023-06-02 08:00:00,9.9,
2023-06-02 08:15:00,9.89,
2023-06-02 08:30:00,9.88,
2023-06-02 08:45:00,9.88,
2023-06-02 09:00:00,9.86,
2023-06-02 09:15:00,9.85,
2023-06-02 09:30:00,9.84,
2023-06-02 09:45:00,9.82,
2023-06-02 10:00:00,9.79,
2023-06-02 10:15:00,9.77,
2023-06-02 10:30:00,9.75,
2023-06-02 10:45:00,9.75,
2023-06-02 11:00:00,9.75,
2023-06-02 11:15:00,9.74,
2023-06-02 11:30:00,9.71,
2023-06-02 11:45:00,9.7,
2023-06-02 12:00:00,9.69,
2023-06-02 12:15:00,9.68,
2023-06-02 12:30:00,9.67,
2023-06-02 12:45:00,9.65,
2023-06-02 13:00:00,9.630000000000004,
2023-06-02 13:15:00,9.6,
2023-06-02 13:30:00,9.59,
2023-06-02 13:45:00,9.58,
2023-06-02 14:00:00,9.56,
2023-06-02 14:15:00,9.56,
2023-06-02 14:30:00,9.55,
2023-06-02 14:45:00,9.55,
2023-06-02 15:00:00,9.55,
2023-06-02 15:15:00,9.54,
2023-06-02 15:30:00,9.53,
2023-06-02 15:45:00,9.53,
2023-06-02 16:00:00,9.52,
2023-06-02 16:15:00,9.51,
2023-06-02 16:30:00,9.48,
2023-06-02 16:45:00,9.45,
2023-06-02 17:00:00,9.42,
2023-06-02 17:15:00,9.39,
2023-06-02 17:30:00,9.39,
2023-06-02 17:45:00,9.4,
2023-06-02 18:00:00,9.4,
2023-06-02 18:15:00,9.41,
2023-06-02 18:30:00,9.42,
2023-06-02 18:45:00,9.42,
2023-06-02 19:00:00,9.43,
2023-06-02 19:15:00,9.43,
2023-06-02 19:30:00,9.45,
2023-06-02 19:45:00,9.46,
2023-06-02 20:00:00,9.48,
2023-06-02 20:15:00,9.49,
2023-06-02 20:30:00,9.51,
2023-06-02 20:45:00,9.54,
2023-06-02 21:00:00,9.56,
2023-06-02 21:15:00,9.58,
2023-06-02 21:30:00,9.6,
2023-06-02 21:45:00,9.63,
2023-06-02 22:00:00,9.65,
2023-06-02 22:15:00,9.67,
2023-06-02 22:30:00,9.69,
2023-06-02 22:45:00,9.71,
2023-06-02 23:00:00,9.73,
2023-06-02 23:15:00,9.75,
2023-06-02 23:30:00,9.77,
2023-06-02 23:45:00,9.79,
2023-06-03 00:00:00,9.8,
2023-06-03 00:15:00,9.82,
2023-06-03 00:30:00,9.83,
2023-06-03 00:45:00,9.85,
2023-06-03 01:00:00,9.86,
2023-06-03 01:15:00,9.87,
2023-06-03 01:30:00,9.88,
2023-06-03 01:45:00,9.89,
2023-06-03 02:00:00,9.9,
2023-06-03 02:15:00,9.91,
2023-06-03 02:30:00,9.92,
2023-06-03 02:45:00,9.93,
2023-06-03 03:00:00,9.94,
2023-06-03 03:15:00,9.94,
2023-06-03 03:30:00,9.95,
2023-06-03 03:45:00,9.96,
2023-06-03 04:00:00,9.96,
2023-06-03 04:15:00,9.97,
2023-06-03 04:30:00,9.98,
2023-06-03 04:45:00,9.98,
2023-06-03 05:00:00,9.99,
2023-06-03 05:15:00,10.0,
2023-06-03 05:30:00,10.01,
2023-06-03 05:45:00,10.01,
2023-06-03 06:00:00,10.02,
2023-06-03 06:15:00,10.03,
2023-06-03 06:30:00,10.03,
2023-06-03 06:45:00,10.04,
2023-06-03 07:00:00,10.05,
2023-06-03 07:15:00,10.05,
2023-06-03 07:30:00,10.03,
2023-06-03 07:45:00,10.01,
2023-06-03 08:00:00,9.99,
2023-06-03 08:15:00,9.97,
2023-06-03 08:30:00,9.93,
2023-06-03 08:45:00,9.9,
2023-06-03 09:00:00,9.85,
2023-06-03 09:15:00,9.8,
2023-06-03 09:30:00,9.75,
2023-06-03 09:45:00,9.7,
2023-06-03 10:00:00,9.64,
2023-06-03 10:15:00,9.58,
2023-06-03 10:30:00,9.5,
2023-06-03 10:45:00,9.46,
2023-06-03 11:00:00,9.43,
2023-06-03 11:15:00,9.4,
2023-06-03 11:30:00,9.38,
2023-06-03 11:45:00,9.37,
2023-06-03 12:00:00,9.33,
2023-06-03 12:15:00,9.25,
2023-06-03 12:30:00,9.18,
2023-06-03 12:45:00,9.11,
2023-06-03 13:00:00,9.07,
2023-06-03 13:15:00,9.02,
2023-06-03 13:30:00,8.99,
2023-06-03 13:45:00,8.97,
2023-06-03 14:00:00,8.96,
2023-06-03 14:15:00,8.96,
2023-06-03 14:30:00,8.95,
2023-06-03 14:45:00,8.92,
2023-06-03 15:00:00,8.89,
2023-06-03 15:15:00,8.87,
2023-06-03 15:30:00,8.88,
2023-06-03 15:45:00,8.88,
2023-06-03 16:00:00,8.86,
2023-06-03 16:15:00,8.84,
2023-06-03 16:30:00,8.83,
2023-06-03 16:45:00,8.83,
2023-06-03 17:00:00,8.85,
2023-06-03 17:15:00,8.88,
2023-06-03 17:30:00,8.89,
2023-06-03 17:45:00,8.89,
2023-06-03 18:00:00,8.91,
2023-06-03 18:15:00,8.93,
2023-06-03 18:30:00,8.95,
2023-06-03 18:45:00,8.97,
2023-06-03 19:00:00,9.0,
2023-06-03 19:15:00,9.04,
2023-06-03 19:30:00,9.08,
2023-06-03 19:45:00,9.12,
2023-06-03 20:00:00,9.17,
2023-06-03 20:15:00,9.22,
2023-06-03 20:30:00,9.27,
2023-06-03 20:45:00,9.32,
2023-06-03 21:00:00,9.38,
2023-06-03 21:15:00,9.42,
2023-06-03 21:30:00,9.47,
2023-06-03 21:45:00,9.52,
2023-06-03 22:00:00,9.56,
2023-06-03 22:15:00,9.59,
2023-06-03 22:30:00,9.62,
2023-06-03 22:45:00,9.65,
2023-06-03 23:00:00,9.68,
2023-06-03 23:15:00,9.7,
2023-06-03 23:30:00,9.73,
2023-06-03 23:45:00,9.75,
2023-06-04 00:00:00,9.77,
2023-06-04 00:15:00,9.79,
2023-06-04 00:30:00,9.81,
2023-06-04 00:45:00,9.82,
2023-06-04 01:00:00,9.83,
2023-06-04 01:15:00,9.85,
2023-06-04 01:30:00,9.86,
2023-06-04 01:45:00,9.86,
2023-06-04 02:00:00,9.87,
2023-06-04 02:15:00,9.88,
2023-06-04 02:30:00,9.88,
2023-06-04 02:45:00,9.89,
2023-06-04 03:00:00,9.89,
2023-06-04 03:15:00,9.9,
2023-06-04 03:30:00,9.9,
2023-06-04 03:45:00,9.9,
2023-06-04 04:00:00,9.91,
2023-06-04 04:15:00,9.91,
2023-06-04 04:30:00,9.92,
2023-06-04 04:45:00,9.93,
2023-06-04 05:00:00,9.93,
2023-06-04 05:15:00,9.94,
2023-06-04 05:30:00,9.94,
2023-06-04 05:45:00,9.95,
2023-06-04 06:00:00,9.95,
2023-06-04 06:15:00,9.96,
2023-06-04 06:30:00,9.96,
2023-06-04 06:45:00,9.97,
2023-06-04 07:00:00,9.97,
2023-06-04 07:15:00,9.97,
2023-06-04 07:30:00,9.96,
2023-06-04 07:45:00,9.95,
2023-06-04 08:00:00,9.94,
2023-06-04 08:15:00,9.92,
2023-06-04 08:30:00,9.89,
2023-06-04 08:45:00,9.85,
2023-06-04 09:00:00,9.81,
2023-06-04 09:15:00,9.77,
2023-06-04 09:30:00,9.72,
2023-06-04 09:45:00,9.67,
2023-06-04 10:00:00,9.62,
2023-06-04 10:15:00,9.57,
2023-06-04 10:30:00,9.51,
2023-06-04 10:45:00,9.45,
2023-06-04 11:00:00,9.39,
2023-06-04 11:15:00,9.32,
2023-06-04 11:30:00,9.27,
2023-06-04 11:45:00,9.21,
2023-06-04 12:00:00,9.15,
2023-06-04 12:15:00,9.08,
2023-06-04 12:30:00,9.03,
2023-06-04 12:45:00,8.99,
2023-06-04 13:00:00,8.95,
2023-06-04 13:15:00,8.91,
2023-06-04 13:30:00,8.9,
2023-06-04 13:45:00,8.92,
2023-06-04 14:00:00,8.96,
2023-06-04 14:15:00,9.03,
2023-06-04 14:30:00,9.05,
2023-06-04 14:45:00,9.07,
2023-06-04 15:00:00,9.06,
2023-06-04 15:15:00,9.05,
2023-06-04 15:30:00,9.02,
2023-06-04 15:45:00,9.0,
2023-06-04 16:00:00,8.98,
2023-06-04 16:15:00,8.96,
2023-06-04 16:30:00,8.95,
2023-06-04 16:45:00,8.93,
2023-06-04 17:00:00,8.92,
2023-06-04 17:15:00,8.92,
2023-06-04 17:30:00,8.92,
2023-06-04 17:45:00,8.93,
2023-06-04 18:00:00,8.95,
2023-06-04 18:15:00,8.96,
2023-06-04 18:30:00,8.98,
2023-06-04 18:45:00,9.01,
2023-06-04 19:00:00,9.05,
2023-06-04 19:15:00,9.09,
2023-06-04 19:30:00,9.12,
2023-06-04 19:45:00,9.16,
2023-06-04 20:00:00,9.19,
2023-06-04 20:15:00,9.22,
2023-06-04 20:30:00,9.26,
2023-06-04 20:45:00,9.29,
2023-06-04 21:00:00,9.34,
2023-06-04 21:15:00,9.37,
2023-06-04 21:30:00,9.41,
2023-06-04 21:45:00,9.45,
2023-06-04 22:00:00,9.49,
2023-06-04 22:15:00,9.52,
2023-06-04 22:30:00,9.56,
2023-06-04 22:45:00,9.58,
2023-06-04 23:00:00,9.61,
2023-06-04 23:15:00,9.63,
2023-06-04 23:30:00,9.66,
2023-06-04 23:45:00,9.68,
2023-06-05 00:00:00,9.7,
2023-06-05 00:15:00,9.72,
2023-06-05 00:30:00,9.74,
2023-06-05 00:45:00,9.75,
2023-06-05 01:00:00,9.77,
2023-06-05 01:15:00,9.79,
2023-06-05 01:30:00,9.8,
2023-06-05 01:45:00,9.81,
2023-06-05 02:00:00,9.83,
2023-06-05 02:15:00,9.84,
2023-06-05 02:30:00,9.85,
2023-06-05 02:45:00,9.86,
2023-06-05 03:00:00,9.87,
2023-06-05 03:15:00,9.88,
2023-06-05 03:30:00,9.89,
2023-06-05 03:45:00,9.9,
2023-06-05 04:00:00,9.9,
2023-06-05 04:15:00,9.91,
2023-06-05 04:30:00,9.92,
2023-06-05 04:45:00,9.93,
2023-06-05 05:00:00,9.94,
2023-06-05 05:15:00,9.94,
2023-06-05 05:30:00,9.95,
2023-06-05 05:45:00,9.96,
2023-06-05 06:00:00,9.97,
2023-06-05 06:15:00,9.97,
2023-06-05 06:30:00,9.98,
2023-06-05 06:45:00,9.99,
2023-06-05 07:00:00,9.99,
2023-06-05 07:15:00,9.98,
2023-06-05 07:30:00,9.97,
2023-06-05 07:45:00,9.95,
2023-06-05 08:00:00,9.93,
2023-06-05 08:15:00,9.91,
2023-06-05 08:30:00,9.88,
2023-06-05 08:45:00,9.85,
2023-06-05 09:00:00,9.81,
2023-06-05 09:15:00,9.76,
2023-06-05 09:30:00,9.71,
2023-06-05 09:45:00,9.66,
2023-06-05 10:00:00,9.61,
2023-06-05 10:15:00,9.56,
2023-06-05 10:30:00,9.5,
2023-06-05 10:45:00,9.44,
2023-06-05 11:00:00,9.38,
2023-06-05 11:15:00,9.32,
2023-06-05 11:30:00,9.25,
2023-06-05 11:45:00,9.18,
2023-06-05 12:00:00,9.12,
2023-06-05 12:15:00,9.08,
2023-06-05 12:30:00,9.09,
2023-06-05 12:45:00,9.08,
2023-06-05 13:00:00,9.1,
2023-06-05 13:15:00,9.12,
2023-06-05 13:30:00,9.11,
2023-06-05 13:45:00,9.07,
2023-06-05 14:00:00,8.99,
2023-06-05 14:15:00,8.91,
2023-06-05 14:30:00,8.85,
2023-06-05 14:45:00,8.78,
2023-06-05 15:00:00,8.75,
2023-06-05 15:15:00,8.72,
2023-06-05 15:30:00,8.7,
2023-06-05 15:45:00,8.67,
2023-06-05 16:00:00,8.64,
2023-06-05 16:15:00,8.61,
2023-06-05 16:30:00,8.6,
2023-06-05 16:45:00,8.61,
2023-06-05 17:00:00,8.62,
2023-06-05 17:15:00,8.64,
2023-06-05 17:30:00,8.68,
2023-06-05 17:45:00,8.72,
2023-06-05 18:00:00,8.73,
2023-06-05 18:15:00,8.75,
2023-06-05 18:30:00,8.77,
2023-06-05 18:45:00,8.79,
2023-06-05 19:00:00,8.82,
2023-06-05 19:15:00,8.85,
2023-06-05 19:30:00,8.88,
2023-06-05 19:45:00,8.92,
2023-06-05 20:00:00,8.95,
2023-06-05 20:15:00,9.0,
2023-06-05 20:30:00,9.04,
2023-06-05 20:45:00,9.09,
2023-06-05 21:00:00,9.13,
2023-06-05 21:15:00,9.18,
2023-06-05 21:30:00,9.22,
2023-06-05 21:45:00,9.27,
2023-06-05 22:00:00,9.31,
2023-06-05 22:15:00,9.36,
2023-06-05 22:30:00,9.4,
2023-06-05 22:45:00,9.43,
2023-06-05 23:00:00,9.47,
2023-06-05 23:15:00,9.5,
2023-06-05 23:30:00,9.53,
2023-06-05 23:45:00,9.55,
2023-06-06 00:00:00,9.58,
2023-06-06 00:15:00,9.6,
2023-06-06 00:30:00,9.62,
2023-06-06 00:45:00,9.65,
2023-06-06 01:00:00,9.66,
2023-06-06 01:15:00,9.68,
2023-06-06 01:30:00,9.7,
2023-06-06 01:45:00,9.72,
2023-06-06 02:00:00,9.73,
2023-06-06 02:15:00,9.75,
2023-06-06 02:30:00,9.75,
2023-06-06 02:45:00,9.77,
2023-06-06 03:00:00,9.78,
2023-06-06 03:15:00,9.8,
2023-06-06 03:30:00,9.8,
2023-06-06 03:45:00,9.81,
2023-06-06 04:00:00,9.83,
2023-06-06 04:15:00,9.83,
2023-06-06 04:30:00,9.84,
2023-06-06 04:45:00,9.85,
2023-06-06 05:00:00,9.86,
2023-06-06 05:15:00,9.87,
2023-06-06 05:30:00,9.88,
2023-06-06 05:45:00,9.89,
2023-06-06 06:00:00,9.9,
2023-06-06 06:15:00,9.9,
2023-06-06 06:30:00,9.91,
2023-06-06 06:45:00,9.92,
2023-06-06 07:00:00,9.92,
2023-06-06 07:15:00,9.92,
2023-06-06 07:30:00,9.91,
2023-06-06 07:45:00,9.9,
2023-06-06 08:00:00,9.89,
2023-06-06 08:15:00,9.86,
2023-06-06 08:30:00,9.84,
2023-06-06 08:45:00,9.8,
2023-06-06 09:00:00,9.76,
2023-06-06 09:15:00,9.72,
2023-06-06 09:30:00,9.67,
2023-06-06 09:45:00,9.62,
2023-06-06 10:00:00,9.57,
2023-06-06 10:15:00,9.52,
2023-06-06 10:30:00,9.46,
2023-06-06 10:45:00,9.41,
2023-06-06 11:00:00,9.36,
2023-06-06 11:15:00,9.3,
2023-06-06 11:30:00,9.26,
2023-06-06 11:45:00,9.2,
2023-06-06 12:00:00,9.12,
2023-06-06 12:15:00,9.05,
2023-06-06 12:30:00,9.01,
2023-06-06 12:45:00,9.01,
2023-06-06 13:00:00,9.04,
2023-06-06 13:15:00,9.05,
2023-06-06 13:30:00,9.01,
2023-06-06 13:45:00,8.98,
2023-06-06 14:00:00,8.91,
2023-06-06 14:15:00,8.88,
2023-06-06 14:30:00,8.88,
2023-06-06 14:45:00,8.9,
2023-06-06 15:00:00,8.93,
2023-06-06 15:15:00,8.97,
2023-06-06 15:30:00,9.0,
2023-06-06 15:45:00,9.0,
2023-06-06 16:00:00,8.99,
2023-06-06 16:15:00,8.98,
2023-06-06 16:30:00,8.98,
2023-06-06 16:45:00,9.0,
2023-06-06 17:00:00,9.01,
2023-06-06 17:15:00,9.0,
2023-06-06 17:30:00,8.99,
2023-06-06 17:45:00,9.009999999999998,
2023-06-06 18:00:00,9.02,
2023-06-06 18:15:00,9.03,
2023-06-06 18:30:00,9.04,
2023-06-06 18:45:00,9.05,
2023-06-06 19:00:00,9.06,
2023-06-06 19:15:00,9.08,
2023-06-06 19:30:00,9.1,
2023-06-06 19:45:00,9.12,
2023-06-06 20:00:00,9.14,
2023-06-06 20:15:00,9.17,
2023-06-06 20:30:00,9.2,
2023-06-06 20:45:00,9.23,
2023-06-06 21:00:00,9.27,
2023-06-06 21:15:00,9.29,
2023-06-06 21:30:00,9.32,
2023-06-06 21:45:00,9.34,
2023-06-06 22:00:00,9.37,
2023-06-06 22:15:00,9.39,
2023-06-06 22:30:00,9.41,
2023-06-06 22:45:00,9.44,
2023-06-06 23:00:00,9.46,
2023-06-06 23:15:00,9.48,
2023-06-06 23:30:00,9.49,
2023-06-06 23:45:00,9.5,
2023-06-07 00:00:00,9.52,
2023-06-07 00:15:00,9.53,
2023-06-07 00:30:00,9.55,
2023-06-07 00:45:00,9.56,
2023-06-07 01:00:00,9.57,
2023-06-07 01:15:00,9.59,
2023-06-07 01:30:00,9.6,
2023-06-07 01:45:00,9.62,
2023-06-07 02:00:00,9.64,
2023-06-07 02:15:00,9.64,
2023-06-07 02:30:00,9.66,
2023-06-07 02:45:00,9.66,
2023-06-07 03:00:00,9.67,
2023-06-07 03:15:00,9.68,
2023-06-07 03:30:00,9.68,
2023-06-07 03:45:00,9.7,
2023-06-07 04:00:00,9.7,
2023-06-07 04:15:00,9.71,
2023-06-07 04:30:00,9.72,
2023-06-07 04:45:00,9.73,
2023-06-07 05:00:00,9.74,
2023-06-07 05:15:00,9.75,
2023-06-07 05:30:00,9.77,
2023-06-07 05:45:00,9.77,
2023-06-07 06:00:00,9.78,
2023-06-07 06:15:00,9.79,
2023-06-07 06:30:00,9.8,
2023-06-07 06:45:00,9.8,
2023-06-07 07:00:00,9.8,
2023-06-07 07:15:00,9.8,
2023-06-07 07:30:00,9.79,
2023-06-07 07:45:00,9.78,
2023-06-07 08:00:00,9.76,
2023-06-07 08:15:00,9.75,
2023-06-07 08:30:00,9.75,
2023-06-07 08:45:00,9.73,
2023-06-07 09:00:00,9.7,
2023-06-07 09:15:00,9.67,
2023-06-07 09:30:00,9.64,
2023-06-07 09:45:00,9.62,
2023-06-07 10:00:00,9.58,
2023-06-07 10:15:00,9.54,
2023-06-07 10:30:00,9.49,
2023-06-07 10:45:00,9.44,
2023-06-07 11:00:00,9.39,
2023-06-07 11:15:00,9.33,
2023-06-07 11:30:00,9.31,
2023-06-07 11:45:00,9.3,
2023-06-07 12:00:00,9.33,
2023-06-07 12:15:00,9.35,
2023-06-07 12:30:00,9.33,
2023-06-07 12:45:00,9.3,
2023-06-07 13:00:00,9.24,
2023-06-07 13:15:00,9.2,
2023-06-07 13:30:00,9.16,
2023-06-07 13:45:00,9.13,
2023-06-07 14:00:00,9.12,
2023-06-07 14:15:00,9.14,
2023-06-07 14:30:00,9.15,
2023-06-07 14:45:00,9.14,
2023-06-07 15:00:00,9.17,
2023-06-07 15:15:00,9.16,
2023-06-07 15:30:00,9.13,
2023-06-07 15:45:00,9.1,
2023-06-07 16:00:00,9.08,
2023-06-07 16:15:00,9.09,
2023-06-07 16:30:00,9.12,
2023-06-07 16:45:00,9.14,
2023-06-07 17:00:00,9.14,
2023-06-07 17:15:00,9.13,
2023-06-07 17:30:00,9.15,
2023-06-07 17:45:00,9.15,
2023-06-07 18:00:00,9.17,
2023-06-07 18:15:00,9.17,
2023-06-07 18:30:00,9.17,
2023-06-07 18:45:00,9.18,
2023-06-07 19:00:00,9.19,
2023-06-07 19:15:00,9.2,
2023-06-07 19:30:00,9.22,
2023-06-07 19:45:00,9.24,
2023-06-07 20:00:00,9.26,
2023-06-07 20:15:00,9.28,
2023-06-07 20:30:00,9.3,
2023-06-07 20:45:00,9.33,
2023-06-07 21:00:00,9.36,
2023-06-07 21:15:00,9.39,
2023-06-07 21:30:00,9.41,
2023-06-07 21:45:00,9.43,
2023-06-07 22:00:00,9.46,
2023-06-07 22:15:00,9.48,
2023-06-07 22:30:00,9.5,
2023-06-07 22:45:00,9.51,
2023-06-07 23:00:00,9.53,
2023-06-07 23:15:00,9.55,
2023-06-07 23:30:00,9.56,
2023-06-07 23:45:00,9.57,
2023-06-08 00:00:00,9.59,
2023-06-08 00:15:00,9.6,
2023-06-08 00:30:00,9.61,
2023-06-08 00:45:00,9.63,
2023-06-08 01:00:00,9.64,
2023-06-08 01:15:00,9.64,
2023-06-08 01:30:00,9.65,
2023-06-08 01:45:00,9.66,
2023-06-08 02:00:00,9.67,
2023-06-08 02:15:00,9.68,
2023-06-08 02:30:00,9.7,
2023-06-08 02:45:00,9.7,
2023-06-08 03:00:00,9.71,
2023-06-08 03:15:00,9.72,
2023-06-08 03:30:00,9.73,
2023-06-08 03:45:00,9.74,
2023-06-08 04:00:00,9.75,
2023-06-08 04:15:00,9.76,
2023-06-08 04:30:00,9.77,
2023-06-08 04:45:00,9.78,
2023-06-08 05:00:00,9.79,
2023-06-08 05:15:00,9.8,
2023-06-08 05:30:00,9.82,
2023-06-08 05:45:00,9.83,
2023-06-08 06:00:00,9.84,
2023-06-08 06:15:00,9.85,
2023-06-08 06:30:00,9.85,
2023-06-08 06:45:00,9.86,
2023-06-08 07:00:00,9.87,
2023-06-08 07:15:00,9.88,
2023-06-08 07:30:00,9.87,
2023-06-08 07:45:00,9.86,
2023-06-08 08:00:00,9.85,
2023-06-08 08:15:00,9.84,
2023-06-08 08:30:00,9.82,
2023-06-08 08:45:00,9.79,
2023-06-08 09:00:00,9.75,
2023-06-08 09:15:00,9.72,
2023-06-08 09:30:00,9.67,
2023-06-08 09:45:00,9.63,
2023-06-08 10:00:00,9.59,
2023-06-08 10:15:00,9.53,
2023-06-08 10:30:00,9.45,
2023-06-08 10:45:00,9.4,
2023-06-08 11:00:00,9.38,
2023-06-08 11:15:00,9.33,
2023-06-08 11:30:00,9.27,
2023-06-08 11:45:00,9.23,
2023-06-08 12:00:00,9.21,
2023-06-08 12:15:00,9.2,
2023-06-08 12:30:00,9.21,
2023-06-08 12:45:00,9.26,
2023-06-08 13:00:00,9.26,
2023-06-08 13:15:00,9.240000000000002,
2023-06-08 13:30:00,9.21,
2023-06-08 13:45:00,9.18,
2023-06-08 14:00:00,9.17,
2023-06-08 14:15:00,9.15,
2023-06-08 14:30:00,9.11,
2023-06-08 14:45:00,9.08,
2023-06-08 15:00:00,9.07,
2023-06-08 15:15:00,9.1,
2023-06-08 15:30:00,9.12,
2023-06-08 15:45:00,9.12,
2023-06-08 16:00:00,9.119999999999996,
2023-06-08 16:15:00,9.14,
2023-06-08 16:30:00,9.14,
2023-06-08 16:45:00,9.13,
2023-06-08 17:00:00,9.13,
2023-06-08 17:15:00,9.13,
2023-06-08 17:30:00,9.14,
2023-06-08 17:45:00,9.13,
2023-06-08 18:00:00,9.13,
2023-06-08 18:15:00,9.15,
2023-06-08 18:30:00,9.17,
2023-06-08 18:45:00,9.18,
2023-06-08 19:00:00,9.18,
2023-06-08 19:15:00,9.19,
2023-06-08 19:30:00,9.19,
2023-06-08 19:45:00,9.21,
2023-06-08 20:00:00,9.23,
2023-06-08 20:15:00,9.25,
2023-06-08 20:30:00,9.27,
2023-06-08 20:45:00,9.3,
2023-06-08 21:00:00,9.33,
2023-06-08 21:15:00,9.35,
2023-06-08 21:30:00,9.38,
2023-06-08 21:45:00,9.41,
2023-06-08 22:00:00,9.43,
2023-06-08 22:15:00,9.46,
2023-06-08 22:30:00,9.48,
2023-06-08 22:45:00,9.51,
2023-06-08 23:00:00,9.53,
2023-06-08 23:15:00,9.55,
2023-06-08 23:30:00,9.57,
2023-06-08 23:45:00,9.59,
2023-06-09 00:00:00,9.61,
2023-06-09 00:15:00,9.62,
2023-06-09 00:30:00,9.64,
2023-06-09 00:45:00,9.66,
2023-06-09 01:00:00,9.68,
2023-06-09 01:15:00,9.69,
2023-06-09 01:30:00,9.71,
2023-06-09 01:45:00,9.73,
2023-06-09 02:00:00,9.75,
2023-06-09 02:15:00,9.76,
2023-06-09 02:30:00,9.77,
2023-06-09 02:45:00,9.79,
2023-06-09 03:00:00,9.81,
2023-06-09 03:15:00,9.82,
2023-06-09 03:30:00,9.83,
2023-06-09 03:45:00,9.84,
2023-06-09 04:00:00,9.85,
2023-06-09 04:15:00,9.87,
2023-06-09 04:30:00,9.87,
2023-06-09 04:45:00,9.88,
2023-06-09 05:00:00,9.89,
2023-06-09 05:15:00,9.9,
2023-06-09 05:30:00,9.91,
2023-06-09 05:45:00,9.92,
2023-06-09 06:00:00,9.93,
2023-06-09 06:15:00,9.94,
2023-06-09 06:30:00,9.95,
2023-06-09 06:45:00,9.96,
2023-06-09 07:00:00,9.97,
2023-06-09 07:15:00,9.98,
2023-06-09 07:30:00,9.97,
2023-06-09 07:45:00,9.96,
2023-06-09 08:00:00,9.95,
2023-06-09 08:15:00,9.93,
2023-06-09 08:30:00,9.91,
2023-06-09 08:45:00,9.87,
2023-06-09 09:00:00,9.84,
2023-06-09 09:15:00,9.8,
2023-06-09 09:30:00,9.76,
2023-06-09 09:45:00,9.71,
2023-06-09 10:00:00,9.66,
2023-06-09 10:15:00,9.58,
2023-06-09 10:30:00,9.53,
2023-06-09 10:45:00,9.5,
2023-06-09 11:00:00,9.48,
2023-06-09 11:15:00,9.47,
2023-06-09 11:30:00,9.47,
2023-06-09 11:45:00,9.47,
2023-06-09 12:00:00,9.46,
2023-06-09 12:15:00,9.42,
2023-06-09 12:30:00,9.38,
2023-06-09 12:45:00,9.31,
2023-06-09 13:00:00,9.24,
2023-06-09 13:15:00,9.19,
2023-06-09 13:30:00,9.21,
2023-06-09 13:45:00,9.2,
2023-06-09 14:00:00,9.16,
2023-06-09 14:15:00,9.13,
2023-06-09 14:30:00,9.11,
2023-06-09 14:45:00,9.06,
2023-06-09 15:00:00,9.05,
2023-06-09 15:15:00,9.09,
2023-06-09 15:30:00,9.07,
2023-06-09 15:45:00,9.09,
2023-06-09 16:00:00,9.09,
2023-06-09 16:15:00,9.09,
2023-06-09 16:30:00,9.1,
2023-06-09 16:45:00,9.09,
2023-06-09 17:00:00,9.11,
2023-06-09 17:15:00,9.14,
2023-06-09 17:30:00,9.17,
2023-06-09 17:45:00,9.21,
2023-06-09 18:00:00,9.23,
2023-06-09 18:15:00,9.25,
2023-06-09 18:30:00,9.26,
2023-06-09 18:45:00,9.27,
2023-06-09 19:00:00,9.29,
2023-06-09 19:15:00,9.31,
2023-06-09 19:30:00,9.32,
2023-06-09 19:45:00,9.34,
2023-06-09 20:00:00,9.35,
2023-06-09 20:15:00,9.37,
2023-06-09 20:30:00,9.39,
2023-06-09 20:45:00,9.41,
2023-06-09 21:00:00,9.44,
2023-06-09 21:15:00,9.46,
2023-06-09 21:30:00,9.48,
2023-06-09 21:45:00,9.51,
2023-06-09 22:00:00,9.53,
2023-06-09 22:15:00,9.55,
2023-06-09 22:30:00,9.57,
2023-06-09 22:45:00,9.59,
2023-06-09 23:00:00,9.61,
2023-06-09 23:15:00,9.63,
2023-06-09 23:30:00,9.65,
2023-06-09 23:45:00,9.66,
2023-06-10 00:00:00,9.68,
2023-06-10 00:15:00,9.7,
2023-06-10 00:30:00,9.71,
2023-06-10 00:45:00,9.73,
2023-06-10 01:00:00,9.74,
2023-06-10 01:15:00,9.75,
2023-06-10 01:30:00,9.77,
2023-06-10 01:45:00,9.78,
2023-06-10 02:00:00,9.79,
2023-06-10 02:15:00,9.8,
2023-06-10 02:30:00,9.81,
2023-06-10 02:45:00,9.82,
2023-06-10 03:00:00,9.83,
2023-06-10 03:15:00,9.84,
2023-06-10 03:30:00,9.85,
2023-06-10 03:45:00,9.86,
2023-06-10 04:00:00,9.87,
2023-06-10 04:15:00,9.88,
2023-06-10 04:30:00,9.89,
2023-06-10 04:45:00,9.9,
2023-06-10 05:00:00,9.9,
2023-06-10 05:15:00,9.91,
2023-06-10 05:30:00,9.92,
2023-06-10 05:45:00,9.94,
2023-06-10 06:00:00,9.94,
2023-06-10 06:15:00,9.95,
2023-06-10 06:30:00,9.96,
2023-06-10 06:45:00,9.97,
2023-06-10 07:00:00,9.98,
2023-06-10 07:15:00,9.98,
2023-06-10 07:30:00,9.97,
2023-06-10 07:45:00,9.96,
2023-06-10 08:00:00,9.95,
2023-06-10 08:15:00,9.93,
2023-06-10 08:30:00,9.91,
2023-06-10 08:45:00,9.87,
2023-06-10 09:00:00,9.84,
2023-06-10 09:15:00,9.8,
2023-06-10 09:30:00,9.75,
2023-06-10 09:45:00,9.7,
2023-06-10 10:00:00,9.65,
2023-06-10 10:15:00,9.6,
2023-06-10 10:30:00,9.54,
2023-06-10 10:45:00,9.45,
2023-06-10 11:00:00,9.34,
2023-06-10 11:15:00,9.27,
2023-06-10 11:30:00,9.26,
2023-06-10 11:45:00,9.28,
2023-06-10 12:00:00,9.31,
2023-06-10 12:15:00,9.28,
2023-06-10 12:30:00,9.23,
2023-06-10 12:45:00,9.23,
2023-06-10 13:00:00,9.22,
2023-06-10 13:15:00,9.22,
2023-06-10 13:30:00,9.22,
2023-06-10 13:45:00,9.19,
2023-06-10 14:00:00,9.16,
2023-06-10 14:15:00,9.13,
2023-06-10 14:30:00,9.1,
2023-06-10 14:45:00,9.05,
2023-06-10 15:00:00,9.02,
2023-06-10 15:15:00,8.98,
2023-06-10 15:30:00,8.97,
2023-06-10 15:45:00,8.95,
2023-06-10 16:00:00,8.95,
2023-06-10 16:15:00,8.93,
2023-06-10 16:30:00,8.92,
2023-06-10 16:45:00,8.91,
2023-06-10 17:00:00,8.920000000000002,
2023-06-10 17:15:00,8.93,
2023-06-10 17:30:00,8.95,
2023-06-10 17:45:00,8.95,
2023-06-10 18:00:00,8.96,
2023-06-10 18:15:00,8.98,
2023-06-10 18:30:00,9.01,
2023-06-10 18:45:00,9.03,
2023-06-10 19:00:00,9.06,
2023-06-10 19:15:00,9.08,
2023-06-10 19:30:00,9.11,
2023-06-10 19:45:00,9.13,
2023-06-10 20:00:00,9.16,
2023-06-10 20:15:00,9.18,
2023-06-10 20:30:00,9.22,
2023-06-10 20:45:00,9.25,
2023-06-10 21:00:00,9.28,
2023-06-10 21:15:00,9.31,
2023-06-10 21:30:00,9.34,
2023-06-10 21:45:00,9.37,
2023-06-10 22:00:00,9.39,
2023-06-10 22:15:00,9.42,
2023-06-10 22:30:00,9.45,
2023-06-10 22:45:00,9.47,
2023-06-10 23:00:00,9.49,
2023-06-10 23:15:00,9.51,
2023-06-10 23:30:00,9.53,
2023-06-10 23:45:00,9.55,
2023-06-11 00:00:00,9.56,
2023-06-11 00:15:00,9.58,
2023-06-11 00:30:00,9.6,
2023-06-11 00:45:00,9.61,
2023-06-11 01:00:00,9.63,
2023-06-11 01:15:00,9.64,
2023-06-11 01:30:00,9.66,
2023-06-11 01:45:00,9.67,
2023-06-11 02:00:00,9.68,
2023-06-11 02:15:00,9.69,
2023-06-11 02:30:00,9.71,
2023-06-11 02:45:00,9.71,
2023-06-11 03:00:00,9.72,
2023-06-11 03:15:00,9.73,
2023-06-11 03:30:00,9.74,
2023-06-11 03:45:00,9.75,
2023-06-11 04:00:00,9.76,
2023-06-11 04:15:00,9.77,
2023-06-11 04:30:00,9.78,
2023-06-11 04:45:00,9.79,
2023-06-11 05:00:00,9.8,
2023-06-11 05:15:00,9.81,
2023-06-11 05:30:00,9.83,
2023-06-11 05:45:00,9.84,
2023-06-11 06:00:00,9.85,
2023-06-11 06:15:00,9.86,
2023-06-11 06:30:00,9.86,
2023-06-11 06:45:00,9.87,
2023-06-11 07:00:00,9.89,
2023-06-11 07:15:00,9.89,
2023-06-11 07:30:00,9.89,
2023-06-11 07:45:00,9.88,
2023-06-11 08:00:00,9.87,
2023-06-11 08:15:00,9.86,
2023-06-11 08:30:00,9.84,
2023-06-11 08:45:00,9.82,
2023-06-11 09:00:00,9.79,
2023-06-11 09:15:00,9.75,
2023-06-11 09:30:00,9.7,
2023-06-11 09:45:00,9.66,
2023-06-11 10:00:00,9.61,
2023-06-11 10:15:00,9.56,
2023-06-11 10:30:00,9.51,
2023-06-11 10:45:00,9.46,
2023-06-11 11:00:00,9.4,
2023-06-11 11:15:00,9.35,
2023-06-11 11:30:00,9.29,
2023-06-11 11:45:00,9.23,
2023-06-11 12:00:00,9.18,
2023-06-11 12:15:00,9.11,
2023-06-11 12:30:00,9.05,
2023-06-11 12:45:00,8.99,
2023-06-11 13:00:00,8.91,
2023-06-11 13:15:00,8.92,
2023-06-11 13:30:00,8.88,
2023-06-11 13:45:00,8.82,
2023-06-11 14:00:00,8.75,
2023-06-11 14:15:00,8.69,
2023-06-11 14:30:00,8.66,
2023-06-11 14:45:00,8.64,
2023-06-11 15:00:00,8.64,
2023-06-11 15:15:00,8.66,
2023-06-11 15:30:00,8.68,
2023-06-11 15:45:00,8.72,
2023-06-11 16:00:00,8.76,
2023-06-11 16:15:00,8.81,
2023-06-11 16:30:00,8.86,
2023-06-11 16:45:00,8.91,
2023-06-11 17:00:00,8.97,
2023-06-11 17:15:00,9.0,
2023-06-11 17:30:00,9.03,
2023-06-11 17:45:00,9.05,
2023-06-11 18:00:00,9.07,
2023-06-11 18:15:00,9.1,
2023-06-11 18:30:00,9.14,
2023-06-11 18:45:00,9.16,
2023-06-11 19:00:00,9.18,
2023-06-11 19:15:00,9.2,
2023-06-11 19:30:00,9.22,
2023-06-11 19:45:00,9.24,
2023-06-11 20:00:00,9.26,
2023-06-11 20:15:00,9.27,
2023-06-11 20:30:00,9.28,
2023-06-11 20:45:00,9.29,
2023-06-11 21:00:00,9.31,
2023-06-11 21:15:00,9.33,
2023-06-11 21:30:00,9.35,
2023-06-11 21:45:00,9.38,
2023-06-11 22:00:00,9.4,
2023-06-11 22:15:00,9.43,
2023-06-11 22:30:00,9.45,
2023-06-11 22:45:00,9.47,
2023-06-11 23:00:00,9.5,
2023-06-11 23:15:00,9.52,
2023-06-11 23:30:00,9.53,
2023-06-11 23:45:00,9.55,
2023-06-12 00:00:00,9.56,
2023-06-12 00:15:00,9.57,
2023-06-12 00:30:00,9.58,
2023-06-12 00:45:00,9.59,
2023-06-12 01:00:00,9.6,
2023-06-12 01:15:00,9.6,
2023-06-12 01:30:00,9.61,
2023-06-12 01:45:00,9.62,
2023-06-12 02:00:00,9.63,
2023-06-12 02:15:00,9.65,
2023-06-12 02:30:00,9.66,
2023-06-12 02:45:00,9.67,
2023-06-12 03:00:00,9.68,
2023-06-12 03:15:00,9.68,
2023-06-12 03:30:00,9.7,
2023-06-12 03:45:00,9.71,
2023-06-12 04:00:00,9.72,
2023-06-12 04:15:00,9.72,
2023-06-12 04:30:00,9.73,
2023-06-12 04:45:00,9.74,
2023-06-12 05:00:00,9.75,
2023-06-12 05:15:00,9.76,
2023-06-12 05:30:00,9.77,
2023-06-12 05:45:00,9.78,
2023-06-12 06:00:00,9.79,
2023-06-12 06:15:00,9.8,
2023-06-12 06:30:00,9.81,
2023-06-12 06:45:00,9.83,
2023-06-12 07:00:00,9.86,
2023-06-12 07:15:00,9.87,
2023-06-12 07:30:00,9.87,
2023-06-12 07:45:00,9.87,
2023-06-12 08:00:00,9.84,
2023-06-12 08:15:00,9.83,
2023-06-12 08:30:00,9.81,
2023-06-12 08:45:00,9.79,
2023-06-12 09:00:00,9.77,
2023-06-12 09:15:00,9.74,
2023-06-12 09:30:00,9.7,
2023-06-12 09:45:00,9.66,
2023-06-12 10:00:00,9.62,
2023-06-12 10:15:00,9.57,
2023-06-12 10:30:00,9.52,
2023-06-12 10:45:00,9.38,
2023-06-12 11:00:00,9.35,
2023-06-12 11:15:00,9.33,
2023-06-12 11:30:00,9.34,
2023-06-12 11:45:00,9.31,
2023-06-12 12:00:00,9.27,
2023-06-12 12:15:00,9.25,
2023-06-12 12:30:00,9.23,
2023-06-12 12:45:00,9.24,
2023-06-12 13:00:00,9.28,
2023-06-12 13:15:00,9.33,
2023-06-12 13:30:00,9.36,
2023-06-12 13:45:00,9.31,
2023-06-12 14:00:00,9.28,
2023-06-12 14:15:00,9.24,
2023-06-12 14:30:00,9.2,
2023-06-12 14:45:00,9.18,
2023-06-12 15:00:00,9.19,
2023-06-12 15:15:00,9.22,
2023-06-12 15:30:00,9.24,
2023-06-12 15:45:00,9.22,
2023-06-12 16:00:00,9.16,
2023-06-12 16:15:00,9.08,
2023-06-12 16:30:00,9.05,
2023-06-12 16:45:00,9.08,
2023-06-12 17:00:00,9.09,
2023-06-12 17:15:00,9.13,
2023-06-12 17:30:00,9.16,
2023-06-12 17:45:00,9.15,
2023-06-12 18:00:00,9.15,
2023-06-12 18:15:00,9.15,
2023-06-12 18:30:00,9.16,
2023-06-12 18:45:00,9.17,
2023-06-12 19:00:00,9.18,
2023-06-12 19:15:00,9.19,
2023-06-12 19:30:00,9.19,
2023-06-12 19:45:00,9.19,
2023-06-12 20:00:00,9.21,
2023-06-12 20:15:00,9.23,
2023-06-12 20:30:00,9.24,
2023-06-12 20:45:00,9.26,
2023-06-12 21:00:00,9.27,
2023-06-12 21:15:00,9.29,
2023-06-12 21:30:00,9.31,
2023-06-12 21:45:00,9.32,
2023-06-12 22:00:00,9.34,
2023-06-12 22:15:00,9.36,
2023-06-12 22:30:00,9.38,
2023-06-12 22:45:00,9.4,
2023-06-12 23:00:00,9.41,
2023-06-12 23:15:00,9.43,
2023-06-12 23:30:00,9.45,
2023-06-12 23:45:00,9.46,
2023-06-13 00:00:00,9.47,
2023-06-13 00:15:00,9.49,
2023-06-13 00:30:00,9.5,
2023-06-13 00:45:00,9.51,
2023-06-13 01:00:00,9.52,
2023-06-13 01:15:00,9.54,
2023-06-13 01:30:00,9.55,
2023-06-13 01:45:00,9.57,
2023-06-13 02:00:00,9.58,
2023-06-13 02:15:00,9.59,
2023-06-13 02:30:00,9.6,
2023-06-13 02:45:00,9.61,
2023-06-13 03:00:00,9.62,
2023-06-13 03:15:00,9.62,
2023-06-13 03:30:00,9.63,
2023-06-13 03:45:00,9.64,
2023-06-13 04:00:00,9.65,
2023-06-13 04:15:00,9.66,
2023-06-13 04:30:00,9.66,
2023-06-13 04:45:00,9.68,
2023-06-13 05:00:00,9.69,
2023-06-13 05:15:00,9.7,
2023-06-13 05:30:00,9.71,
2023-06-13 05:45:00,9.72,
2023-06-13 06:00:00,9.73,
2023-06-13 06:15:00,9.74,
2023-06-13 06:30:00,9.75,
2023-06-13 06:45:00,9.76,
2023-06-13 07:00:00,9.78,
2023-06-13 07:15:00,9.8,
2023-06-13 07:30:00,9.82,
2023-06-13 07:45:00,9.82,
2023-06-13 08:00:00,9.82,
2023-06-13 08:15:00,9.8,
2023-06-13 08:30:00,9.78,
2023-06-13 08:45:00,9.78,
2023-06-13 09:00:00,9.77,
2023-06-13 09:15:00,9.76,
2023-06-13 09:30:00,9.77,
2023-06-13 09:45:00,9.76,
2023-06-13 10:00:00,9.71,
2023-06-13 10:15:00,9.65,
2023-06-13 10:30:00,9.6,
2023-06-13 10:45:00,9.53,
2023-06-13 11:00:00,9.48,
2023-06-13 11:15:00,9.48,
2023-06-13 11:30:00,9.48,
2023-06-13 11:45:00,9.48,
2023-06-13 12:00:00,9.49,
2023-06-13 12:15:00,9.48,
2023-06-13 12:30:00,9.48,
2023-06-13 12:45:00,9.48,
2023-06-13 13:00:00,9.42,
2023-06-13 13:15:00,9.34,
2023-06-13 13:30:00,9.31,
2023-06-13 13:45:00,9.28,
2023-06-13 14:00:00,9.22,
2023-06-13 14:15:00,9.21,
2023-06-13 14:30:00,9.21,
2023-06-13 14:45:00,9.16,
2023-06-13 15:00:00,9.13,
2023-06-13 15:15:00,9.15,
2023-06-13 15:30:00,9.14,
2023-06-13 15:45:00,9.06,
2023-06-13 16:00:00,9.01,
2023-06-13 16:15:00,8.97,
2023-06-13 16:30:00,8.95,
2023-06-13 16:45:00,8.98,
2023-06-13 17:00:00,8.96,
2023-06-13 17:15:00,8.93,
2023-06-13 17:30:00,8.88,
2023-06-13 17:45:00,8.87,
2023-06-13 18:00:00,8.9,
2023-06-13 18:15:00,8.95,
2023-06-13 18:30:00,8.99,
2023-06-13 18:45:00,9.0,
2023-06-13 19:00:00,9.01,
2023-06-13 19:15:00,9.03,
2023-06-13 19:30:00,9.06,
2023-06-13 19:45:00,9.09,
2023-06-13 20:00:00,9.12,
2023-06-13 20:15:00,9.15,
2023-06-13 20:30:00,9.18,
2023-06-13 20:45:00,9.21,
2023-06-13 21:00:00,9.23,
2023-06-13 21:15:00,9.25,
2023-06-13 21:30:00,9.28,
2023-06-13 21:45:00,9.3,
2023-06-13 22:00:00,9.33,
2023-06-13 22:15:00,9.35,
2023-06-13 22:30:00,9.36,
2023-06-13 22:45:00,9.38,
2023-06-13 23:00:00,9.39,
2023-06-13 23:15:00,9.41,
2023-06-13 23:30:00,9.42,
2023-06-13 23:45:00,9.44,
2023-06-14 00:00:00,9.45,
2023-06-14 00:15:00,9.46,
2023-06-14 00:30:00,9.47,
2023-06-14 00:45:00,9.48,
2023-06-14 01:00:00,9.48,
2023-06-14 01:15:00,9.49,
2023-06-14 01:30:00,9.49,
2023-06-14 01:45:00,9.5,
2023-06-14 02:00:00,9.5,
2023-06-14 02:15:00,9.51,
2023-06-14 02:30:00,9.51,
2023-06-14 02:45:00,9.52,
2023-06-14 03:00:00,9.52,
2023-06-14 03:15:00,9.52,
2023-06-14 03:30:00,9.52,
2023-06-14 03:45:00,9.53,
2023-06-14 04:00:00,9.53,
2023-06-14 04:15:00,9.54,
2023-06-14 04:30:00,9.55,
2023-06-14 04:45:00,9.55,
2023-06-14 05:00:00,9.56,
2023-06-14 05:15:00,9.57,
2023-06-14 05:30:00,9.58,
2023-06-14 05:45:00,9.59,
2023-06-14 06:00:00,9.59,
2023-06-14 06:15:00,9.61,
2023-06-14 06:30:00,9.63,
2023-06-14 06:45:00,9.64,
2023-06-14 07:00:00,9.65,
2023-06-14 07:15:00,9.63,
2023-06-14 07:30:00,9.63,
2023-06-14 07:45:00,9.67,
2023-06-14 08:00:00,9.66,
2023-06-14 08:15:00,9.63,
2023-06-14 08:30:00,9.65,
2023-06-14 08:45:00,9.62,
2023-06-14 09:00:00,9.6,
2023-06-14 09:15:00,9.59,
2023-06-14 09:30:00,9.63,
2023-06-14 09:45:00,9.61,
2023-06-14 10:00:00,9.62,
2023-06-14 10:15:00,9.62,
2023-06-14 10:30:00,9.61,
2023-06-14 10:45:00,9.57,
2023-06-14 11:00:00,9.55,
2023-06-14 11:15:00,9.52,
2023-06-14 11:30:00,9.48,
2023-06-14 11:45:00,9.46,
2023-06-14 12:00:00,9.43,
2023-06-14 12:15:00,9.41,
2023-06-14 12:30:00,9.38,
2023-06-14 12:45:00,9.32,
2023-06-14 13:00:00,9.31,
2023-06-14 13:15:00,9.3,
2023-06-14 13:30:00,9.310000000000002,
2023-06-14 13:45:00,9.29,
2023-06-14 14:00:00,9.25,
2023-06-14 14:15:00,9.31,
2023-06-14 14:30:00,9.22,
2023-06-14 14:45:00,9.16,
2023-06-14 15:00:00,9.15,
2023-06-14 15:15:00,9.18,
2023-06-14 15:30:00,9.18,
2023-06-14 15:45:00,9.2,
2023-06-14 16:00:00,9.21,
2023-06-14 16:15:00,9.259999999999998,
2023-06-14 16:30:00,9.33,
2023-06-14 16:45:00,9.33,
2023-06-14 17:00:00,9.29,
2023-06-14 17:15:00,9.19,
2023-06-14 17:30:00,9.19,
2023-06-14 17:45:00,9.19,
2023-06-14 18:00:00,9.18,
2023-06-14 18:15:00,9.18,
2023-06-14 18:30:00,9.17,
2023-06-14 18:45:00,9.17,
2023-06-14 19:00:00,9.18,
2023-06-14 19:15:00,9.18,
2023-06-14 19:30:00,9.19,
2023-06-14 19:45:00,9.2,
2023-06-14 20:00:00,9.21,
2023-06-14 20:15:00,9.22,
2023-06-14 20:30:00,9.23,
2023-06-14 20:45:00,9.25,
2023-06-14 21:00:00,9.27,
2023-06-14 21:15:00,9.29,
2023-06-14 21:30:00,9.31,
2023-06-14 21:45:00,9.329999999999998,
2023-06-14 22:00:00,9.35,
2023-06-14 22:15:00,9.37,
2023-06-14 22:30:00,9.38,
2023-06-14 22:45:00,9.4,
2023-06-14 23:00:00,9.42,
2023-06-14 23:15:00,9.43,
2023-06-14 23:30:00,9.45,
2023-06-14 23:45:00,9.46,
2023-06-15 00:00:00,9.47,
2023-06-15 00:15:00,9.48,
2023-06-15 00:30:00,9.49,
2023-06-15 00:45:00,9.5,
2023-06-15 01:00:00,9.51,
2023-06-15 01:15:00,9.51,
2023-06-15 01:30:00,9.52,
2023-06-15 01:45:00,9.53,
2023-06-15 02:00:00,9.54,
2023-06-15 02:15:00,9.55,
2023-06-15 02:30:00,9.56,
2023-06-15 02:45:00,9.57,
2023-06-15 03:00:00,9.57,
2023-06-15 03:15:00,9.58,
2023-06-15 03:30:00,9.58,
2023-06-15 03:45:00,9.59,
2023-06-15 04:00:00,9.59,
2023-06-15 04:15:00,9.6,
2023-06-15 04:30:00,9.6,
2023-06-15 04:45:00,9.6,
2023-06-15 05:00:00,9.61,
2023-06-15 05:15:00,9.61,
2023-06-15 05:30:00,9.62,
2023-06-15 05:45:00,9.63,
2023-06-15 06:00:00,9.64,
2023-06-15 06:15:00,9.65,
2023-06-15 06:30:00,9.67,
2023-06-15 06:45:00,9.69,
2023-06-15 07:00:00,9.71,
2023-06-15 07:15:00,9.73,
2023-06-15 07:30:00,9.75,
2023-06-15 07:45:00,9.76,
2023-06-15 08:00:00,9.79,
2023-06-15 08:15:00,9.79,
2023-06-15 08:30:00,9.79,
2023-06-15 08:45:00,9.79,
2023-06-15 09:00:00,9.78,
2023-06-15 09:15:00,9.76,
2023-06-15 09:30:00,9.74,
2023-06-15 09:45:00,9.72,
2023-06-15 10:00:00,9.7,
2023-06-15 10:15:00,9.7,
2023-06-15 10:30:00,9.69,
2023-06-15 10:45:00,9.67,
2023-06-15 11:00:00,9.64,
2023-06-15 11:15:00,9.62,
2023-06-15 11:30:00,9.6,
2023-06-15 11:45:00,9.59,
2023-06-15 12:00:00,9.56,
2023-06-15 12:15:00,9.53,
2023-06-15 12:30:00,9.52,
2023-06-15 12:45:00,9.49,
2023-06-15 13:00:00,9.45,
2023-06-15 13:15:00,9.45,
2023-06-15 13:30:00,9.44,
2023-06-15 13:45:00,9.42,
2023-06-15 14:00:00,9.4,
2023-06-15 14:15:00,9.35,
2023-06-15 14:30:00,9.3,
2023-06-15 14:45:00,9.27,
2023-06-15 15:00:00,9.19,
2023-06-15 15:15:00,9.15,
2023-06-15 15:30:00,9.12,
2023-06-15 15:45:00,9.09,
2023-06-15 16:00:00,9.08,
2023-06-15 16:15:00,9.08,
2023-06-15 16:30:00,9.09,
2023-06-15 16:45:00,9.08,
2023-06-15 17:00:00,9.07,
2023-06-15 17:15:00,9.06,
2023-06-15 17:30:00,9.05,
2023-06-15 17:45:00,9.06,
2023-06-15 18:00:00,9.06,
2023-06-15 18:15:00,9.06,
2023-06-15 18:30:00,9.06,
2023-06-15 18:45:00,9.06,
2023-06-15 19:00:00,9.06,
2023-06-15 19:15:00,9.08,
2023-06-15 19:30:00,9.11,
2023-06-15 19:45:00,9.14,
2023-06-15 20:00:00,9.16,
2023-06-15 20:15:00,9.19,
2023-06-15 20:30:00,9.22,
2023-06-15 20:45:00,9.25,
2023-06-15 21:00:00,9.29,
2023-06-15 21:15:00,9.33,
2023-06-15 21:30:00,9.36,
2023-06-15 21:45:00,9.39,
2023-06-15 22:00:00,9.42,
2023-06-15 22:15:00,9.45,
2023-06-15 22:30:00,9.48,
2023-06-15 22:45:00,9.51,
2023-06-15 23:00:00,9.53,
2023-06-15 23:15:00,9.56,
2023-06-15 23:30:00,9.58,
2023-06-15 23:45:00,9.6,
2023-06-16 00:00:00,9.62,
2023-06-16 00:15:00,9.64,
2023-06-16 00:30:00,9.66,
2023-06-16 00:45:00,9.67,
2023-06-16 01:00:00,9.69,
2023-06-16 01:15:00,9.71,
2023-06-16 01:30:00,9.73,
2023-06-16 01:45:00,9.74,
2023-06-16 02:00:00,9.76,
2023-06-16 02:15:00,9.77,
2023-06-16 02:30:00,9.79,
2023-06-16 02:45:00,9.8,
2023-06-16 03:00:00,9.82,
2023-06-16 03:15:00,9.83,
2023-06-16 03:30:00,9.85,
2023-06-16 03:45:00,9.86,
2023-06-16 04:00:00,9.87,
2023-06-16 04:15:00,9.88,
2023-06-16 04:30:00,9.89,
2023-06-16 04:45:00,9.9,
2023-06-16 05:00:00,9.92,
2023-06-16 05:15:00,9.93,
2023-06-16 05:30:00,9.94,
2023-06-16 05:45:00,9.96,
2023-06-16 06:00:00,9.97,
2023-06-16 06:15:00,9.99,
2023-06-16 06:30:00,10.0,
2023-06-16 06:45:00,10.02,
2023-06-16 07:00:00,10.04,
2023-06-16 07:15:00,10.06,
2023-06-16 07:30:00,10.06,
2023-06-16 07:45:00,10.06,
2023-06-16 08:00:00,10.04,
2023-06-16 08:15:00,9.99,
2023-06-16 08:30:00,10.04,
2023-06-16 08:45:00,10.01,
2023-06-16 09:00:00,9.96,
2023-06-16 09:15:00,9.93,
2023-06-16 09:30:00,9.88,
2023-06-16 09:45:00,9.84,
2023-06-16 10:00:00,9.8,
2023-06-16 10:15:00,9.76,
2023-06-16 10:30:00,9.7,
2023-06-16 10:45:00,9.65,
2023-06-16 11:00:00,9.63,
2023-06-16 11:15:00,9.55,
2023-06-16 11:30:00,9.49,
2023-06-16 11:45:00,9.46,
2023-06-16 12:00:00,9.48,
2023-06-16 12:15:00,9.52,
2023-06-16 12:30:00,9.53,
2023-06-16 12:45:00,9.53,
2023-06-16 13:00:00,9.54,
2023-06-16 13:15:00,9.48,
2023-06-16 13:30:00,9.42,
2023-06-16 13:45:00,9.43,
2023-06-16 14:00:00,9.38,
2023-06-16 14:15:00,9.41,
2023-06-16 14:30:00,9.4,
2023-06-16 14:45:00,9.32,
2023-06-16 15:00:00,9.33,
2023-06-16 15:15:00,9.23,
2023-06-16 15:30:00,9.17,
2023-06-16 15:45:00,9.13,
2023-06-16 16:00:00,9.2,
2023-06-16 16:15:00,9.26,
2023-06-16 16:30:00,9.26,
2023-06-16 16:45:00,9.29,
2023-06-16 17:00:00,9.21,
2023-06-16 17:15:00,9.170000000000002,
2023-06-16 17:30:00,9.13,
2023-06-16 17:45:00,9.12,
2023-06-16 18:00:00,9.18,
2023-06-16 18:15:00,9.19,
2023-06-16 18:30:00,9.19,
2023-06-16 18:45:00,9.19,
2023-06-16 19:00:00,9.19,
2023-06-16 19:15:00,9.21,
2023-06-16 19:30:00,9.22,
2023-06-16 19:45:00,9.24,
2023-06-16 20:00:00,9.259999999999998,
2023-06-16 20:15:00,9.28,
2023-06-16 20:30:00,9.31,
2023-06-16 20:45:00,9.34,
2023-06-16 21:00:00,9.37,
2023-06-16 21:15:00,9.4,
2023-06-16 21:30:00,9.42,
2023-06-16 21:45:00,9.45,
2023-06-16 22:00:00,9.47,
2023-06-16 22:15:00,9.49,
2023-06-16 22:30:00,9.51,
2023-06-16 22:45:00,9.54,
2023-06-16 23:00:00,9.56,
2023-06-16 23:15:00,9.58,
2023-06-16 23:30:00,9.59,
2023-06-16 23:45:00,9.61,
2023-06-17 00:00:00,9.63,
2023-06-17 00:15:00,9.65,
2023-06-17 00:30:00,9.66,
2023-06-17 00:45:00,9.68,
2023-06-17 01:00:00,9.7,
2023-06-17 01:15:00,9.71,
2023-06-17 01:30:00,9.72,
2023-06-17 01:45:00,9.74,
2023-06-17 02:00:00,9.75,
2023-06-17 02:15:00,9.77,
2023-06-17 02:30:00,9.78,
2023-06-17 02:45:00,9.79,
2023-06-17 03:00:00,9.81,
2023-06-17 03:15:00,9.82,
2023-06-17 03:30:00,9.83,
2023-06-17 03:45:00,9.84,
2023-06-17 04:00:00,9.85,
2023-06-17 04:15:00,9.86,
2023-06-17 04:30:00,9.87,
2023-06-17 04:45:00,9.88,
2023-06-17 05:00:00,9.89,
2023-06-17 05:15:00,9.91,
2023-06-17 05:30:00,9.92,
2023-06-17 05:45:00,9.94,
2023-06-17 06:00:00,9.95,
2023-06-17 06:15:00,9.97,
2023-06-17 06:30:00,9.99,
2023-06-17 06:45:00,10.0,
2023-06-17 07:00:00,10.01,
2023-06-17 07:15:00,10.04,
2023-06-17 07:30:00,10.05,
2023-06-17 07:45:00,10.02,
2023-06-17 08:00:00,10.01,
2023-06-17 08:15:00,10.0,
2023-06-17 08:30:00,10.0,
2023-06-17 08:45:00,9.97,
2023-06-17 09:00:00,9.93,
2023-06-17 09:15:00,9.91,
2023-06-17 09:30:00,9.86,
2023-06-17 09:45:00,9.8,
2023-06-17 10:00:00,9.74,
2023-06-17 10:15:00,9.74,
2023-06-17 10:30:00,9.73,
2023-06-17 10:45:00,9.7,
2023-06-17 11:00:00,9.67,
2023-06-17 11:15:00,9.63,
2023-06-17 11:30:00,9.57,
2023-06-17 11:45:00,9.55,
2023-06-17 12:00:00,9.51,
2023-06-17 12:15:00,9.49,
2023-06-17 12:30:00,9.43,
2023-06-17 12:45:00,9.4,
2023-06-17 13:00:00,9.33,
2023-06-17 13:15:00,9.29,
2023-06-17 13:30:00,9.26,
2023-06-17 13:45:00,9.21,
2023-06-17 14:00:00,9.19,
2023-06-17 14:15:00,9.15,
2023-06-17 14:30:00,9.13,
2023-06-17 14:45:00,9.1,
2023-06-17 15:00:00,9.08,
2023-06-17 15:15:00,8.97,
2023-06-17 15:30:00,8.92,
2023-06-17 15:45:00,8.94,
2023-06-17 16:00:00,8.98,
2023-06-17 16:15:00,9.04,
2023-06-17 16:30:00,9.1,
2023-06-17 16:45:00,9.12,
2023-06-17 17:00:00,9.1,
2023-06-17 17:15:00,9.04,
2023-06-17 17:30:00,9.0,
2023-06-17 17:45:00,8.97,
2023-06-17 18:00:00,8.94,
2023-06-17 18:15:00,8.9,
2023-06-17 18:30:00,8.88,
2023-06-17 18:45:00,8.88,
2023-06-17 19:00:00,8.88,
2023-06-17 19:15:00,8.89,
2023-06-17 19:30:00,8.9,
2023-06-17 19:45:00,8.92,
2023-06-17 20:00:00,8.94,
2023-06-17 20:15:00,8.97,
2023-06-17 20:30:00,9.0,
2023-06-17 20:45:00,9.03,
2023-06-17 21:00:00,9.06,
2023-06-17 21:15:00,9.09,
2023-06-17 21:30:00,9.11,
2023-06-17 21:45:00,9.14,
2023-06-17 22:00:00,9.17,
2023-06-17 22:15:00,9.19,
2023-06-17 22:30:00,9.21,
2023-06-17 22:45:00,9.23,
2023-06-17 23:00:00,9.25,
2023-06-17 23:15:00,9.27,
2023-06-17 23:30:00,9.29,
2023-06-17 23:45:00,9.3,
2023-06-18 00:00:00,9.32,
2023-06-18 00:15:00,9.33,
2023-06-18 00:30:00,9.35,
2023-06-18 00:45:00,9.36,
2023-06-18 01:00:00,9.37,
2023-06-18 01:15:00,9.39,
2023-06-18 01:30:00,9.4,
2023-06-18 01:45:00,9.41,
2023-06-18 02:00:00,9.41,
2023-06-18 02:15:00,9.42,
2023-06-18 02:30:00,9.43,
2023-06-18 02:45:00,9.44,
2023-06-18 03:00:00,9.45,
2023-06-18 03:15:00,9.46,
2023-06-18 03:30:00,9.46,
2023-06-18 03:45:00,9.47,
2023-06-18 04:00:00,9.47,
2023-06-18 04:15:00,9.48,
2023-06-18 04:30:00,9.48,
2023-06-18 04:45:00,9.48,
2023-06-18 05:00:00,9.48,
2023-06-18 05:15:00,9.49,
2023-06-18 05:30:00,9.49,
2023-06-18 05:45:00,9.5,
2023-06-18 06:00:00,9.5,
2023-06-18 06:15:00,9.51,
2023-06-18 06:30:00,9.52,
2023-06-18 06:45:00,9.55,
2023-06-18 07:00:00,9.6,
2023-06-18 07:15:00,9.61,
2023-06-18 07:30:00,9.6,
2023-06-18 07:45:00,9.59,
2023-06-18 08:00:00,9.62,
2023-06-18 08:15:00,9.61,
2023-06-18 08:30:00,9.6,
2023-06-18 08:45:00,9.59,
2023-06-18 09:00:00,9.56,
2023-06-18 09:15:00,9.55,
2023-06-18 09:30:00,9.57,
2023-06-18 09:45:00,9.56,
2023-06-18 10:00:00,9.57,
2023-06-18 10:15:00,9.56,
2023-06-18 10:30:00,9.51,
2023-06-18 10:45:00,9.53,
2023-06-18 11:00:00,9.53,
2023-06-18 11:15:00,9.52,
2023-06-18 11:30:00,9.47,
2023-06-18 11:45:00,9.45,
2023-06-18 12:00:00,9.41,
2023-06-18 12:15:00,9.37,
2023-06-18 12:30:00,9.33,
2023-06-18 12:45:00,9.33,
2023-06-18 13:00:00,9.31,
2023-06-18 13:15:00,9.35,
2023-06-18 13:30:00,9.3,
2023-06-18 13:45:00,9.17,
2023-06-18 14:00:00,9.08,
2023-06-18 14:15:00,9.04,
2023-06-18 14:30:00,8.95,
2023-06-18 14:45:00,8.86,
2023-06-18 15:00:00,8.79,
2023-06-18 15:15:00,8.74,
2023-06-18 15:30:00,8.78,
2023-06-18 15:45:00,8.87,
2023-06-18 16:00:00,8.82,
2023-06-18 16:15:00,8.83,
2023-06-18 16:30:00,8.84,
2023-06-18 16:45:00,8.85,
2023-06-18 17:00:00,8.87,
2023-06-18 17:15:00,8.89,
2023-06-18 17:30:00,8.95,
2023-06-18 17:45:00,8.95,
2023-06-18 18:00:00,8.97,
2023-06-18 18:15:00,8.989999999999998,
2023-06-18 18:30:00,8.97,
2023-06-18 18:45:00,8.98,
2023-06-18 19:00:00,8.98,
2023-06-18 19:15:00,8.98,
2023-06-18 19:30:00,9.0,
2023-06-18 19:45:00,9.01,
2023-06-18 20:00:00,9.03,
2023-06-18 20:15:00,9.04,
2023-06-18 20:30:00,9.06,
2023-06-18 20:45:00,9.08,
2023-06-18 21:00:00,9.1,
2023-06-18 21:15:00,9.12,
2023-06-18 21:30:00,9.13,
2023-06-18 21:45:00,9.15,
2023-06-18 22:00:00,9.16,
2023-06-18 22:15:00,9.18,
2023-06-18 22:30:00,9.19,
2023-06-18 22:45:00,9.2,
2023-06-18 23:00:00,9.21,
2023-06-18 23:15:00,9.22,
2023-06-18 23:30:00,9.23,
2023-06-18 23:45:00,9.239999999999998,
2023-06-19 00:00:00,9.25,
2023-06-19 00:15:00,9.26,
2023-06-19 00:30:00,9.27,
2023-06-19 00:45:00,9.27,
2023-06-19 01:00:00,9.27,
2023-06-19 01:15:00,9.28,
2023-06-19 01:30:00,9.29,
2023-06-19 01:45:00,9.29,
2023-06-19 02:00:00,9.29,
2023-06-19 02:15:00,9.3,
2023-06-19 02:30:00,9.3,
2023-06-19 02:45:00,9.31,
2023-06-19 03:00:00,9.32,
2023-06-19 03:15:00,9.32,
2023-06-19 03:30:00,9.33,
2023-06-19 03:45:00,9.34,
2023-06-19 04:00:00,9.34,
2023-06-19 04:15:00,9.35,
2023-06-19 04:30:00,9.36,
2023-06-19 04:45:00,9.36,
2023-06-19 05:00:00,9.37,
2023-06-19 05:15:00,9.369999999999996,
2023-06-19 05:30:00,9.39,
2023-06-19 05:45:00,9.41,
2023-06-19 06:00:00,9.42,
2023-06-19 06:15:00,9.44,
2023-06-19 06:30:00,9.46,
2023-06-19 06:45:00,9.49,
2023-06-19 07:00:00,9.51,
2023-06-19 07:15:00,9.54,
2023-06-19 07:30:00,9.56,
2023-06-19 07:45:00,9.57,
2023-06-19 08:00:00,9.58,
2023-06-19 08:15:00,9.57,
2023-06-19 08:30:00,9.56,
2023-06-19 08:45:00,9.56,
2023-06-19 09:00:00,9.55,
2023-06-19 09:15:00,9.52,
2023-06-19 09:30:00,9.49,
2023-06-19 09:45:00,9.45,
2023-06-19 10:00:00,9.44,
2023-06-19 10:15:00,9.41,
2023-06-19 10:30:00,9.42,
2023-06-19 10:45:00,9.42,
2023-06-19 11:00:00,9.42,
2023-06-19 11:15:00,9.4,
2023-06-19 11:30:00,9.35,
2023-06-19 11:45:00,9.3,
2023-06-19 12:00:00,9.25,
2023-06-19 12:15:00,9.2,
2023-06-19 12:30:00,9.2,
2023-06-19 12:45:00,9.21,
2023-06-19 13:00:00,9.18,
2023-06-19 13:15:00,9.14,
2023-06-19 13:30:00,9.1,
2023-06-19 13:45:00,9.07,
2023-06-19 14:00:00,9.04,
2023-06-19 14:15:00,9.05,
2023-06-19 14:30:00,9.0,
2023-06-19 14:45:00,8.97,
2023-06-19 15:00:00,8.95,
2023-06-19 15:15:00,8.92,
2023-06-19 15:30:00,8.88,
2023-06-19 15:45:00,8.82,
2023-06-19 16:00:00,8.87,
2023-06-19 16:15:00,8.91,
2023-06-19 16:30:00,8.85,
2023-06-19 16:45:00,8.83,
2023-06-19 17:00:00,8.87,
2023-06-19 17:15:00,8.96,
2023-06-19 17:30:00,8.95,
2023-06-19 17:45:00,8.91,
2023-06-19 18:00:00,8.9,
2023-06-19 18:15:00,8.92,
2023-06-19 18:30:00,8.92,
2023-06-19 18:45:00,8.92,
2023-06-19 19:00:00,8.94,
2023-06-19 19:15:00,8.95,
2023-06-19 19:30:00,8.95,
2023-06-19 19:45:00,8.97,
2023-06-19 20:00:00,8.98,
2023-06-19 20:15:00,9.0,
2023-06-19 20:30:00,9.02,
2023-06-19 20:45:00,9.04,
2023-06-19 21:00:00,9.07,
2023-06-19 21:15:00,9.09,
2023-06-19 21:30:00,9.11,
2023-06-19 21:45:00,9.13,
2023-06-19 22:00:00,9.15,
2023-06-19 22:15:00,9.17,
2023-06-19 22:30:00,9.19,
2023-06-19 22:45:00,9.21,
2023-06-19 23:00:00,9.23,
2023-06-19 23:15:00,9.24,
2023-06-19 23:30:00,9.26,
2023-06-19 23:45:00,9.28,
2023-06-20 00:00:00,9.29,
2023-06-20 00:15:00,9.31,
2023-06-20 00:30:00,9.32,
2023-06-20 00:45:00,9.34,
2023-06-20 01:00:00,9.35,
2023-06-20 01:15:00,9.37,
2023-06-20 01:30:00,9.38,
2023-06-20 01:45:00,9.39,
2023-06-20 02:00:00,9.4,
2023-06-20 02:15:00,9.42,
2023-06-20 02:30:00,9.43,
2023-06-20 02:45:00,9.44,
2023-06-20 03:00:00,9.45,
2023-06-20 03:15:00,9.46,
2023-06-20 03:30:00,9.47,
2023-06-20 03:45:00,9.47,
2023-06-20 04:00:00,9.48,
2023-06-20 04:15:00,9.49,
2023-06-20 04:30:00,9.5,
2023-06-20 04:45:00,9.51,
2023-06-20 05:00:00,9.51,
2023-06-20 05:15:00,9.52,
2023-06-20 05:30:00,9.53,
2023-06-20 05:45:00,9.54,
2023-06-20 06:00:00,9.56,
2023-06-20 06:15:00,9.57,
2023-06-20 06:30:00,9.58,
2023-06-20 06:45:00,9.59,
2023-06-20 07:00:00,9.59,
2023-06-20 07:15:00,9.6,
2023-06-20 07:30:00,9.61,
2023-06-20 07:45:00,9.63,
2023-06-20 08:00:00,9.64,
2023-06-20 08:15:00,9.65,
2023-06-20 08:30:00,9.67,
2023-06-20 08:45:00,9.68,
2023-06-20 09:00:00,9.69,
2023-06-20 09:15:00,9.71,
2023-06-20 09:30:00,9.74,
2023-06-20 09:45:00,9.75,
2023-06-20 10:00:00,9.76,
2023-06-20 10:15:00,9.75,
2023-06-20 10:30:00,9.75,
2023-06-20 10:45:00,9.78,
2023-06-20 11:00:00,9.82,
2023-06-20 11:15:00,9.8,
2023-06-20 11:30:00,9.76,
2023-06-20 11:45:00,9.76,
2023-06-20 12:00:00,9.73,
2023-06-20 12:15:00,9.76,
2023-06-20 12:30:00,9.73,
2023-06-20 12:45:00,9.72,
2023-06-20 13:00:00,9.67,
2023-06-20 13:15:00,9.62,
2023-06-20 13:30:00,9.57,
2023-06-20 13:45:00,9.52,
2023-06-20 14:00:00,9.48,
2023-06-20 14:15:00,9.46,
2023-06-20 14:30:00,9.41,
2023-06-20 14:45:00,9.47,
2023-06-20 15:00:00,9.45,
2023-06-20 15:15:00,9.39,
2023-06-20 15:30:00,9.32,
2023-06-20 15:45:00,9.26,
2023-06-20 16:00:00,9.21,
2023-06-20 16:15:00,9.18,
2023-06-20 16:30:00,9.15,
2023-06-20 16:45:00,9.13,
2023-06-20 17:00:00,9.11,
2023-06-20 17:15:00,9.09,
2023-06-20 17:30:00,9.07,
2023-06-20 17:45:00,9.07,
2023-06-20 18:00:00,9.06,
2023-06-20 18:15:00,9.06,
2023-06-20 18:30:00,9.07,
2023-06-20 18:45:00,9.06,
2023-06-20 19:00:00,9.07,
2023-06-20 19:15:00,9.08,
2023-06-20 19:30:00,9.1,
2023-06-20 19:45:00,9.12,
2023-06-20 20:00:00,9.15,
2023-06-20 20:15:00,9.17,
2023-06-20 20:30:00,9.2,
2023-06-20 20:45:00,9.24,
2023-06-20 21:00:00,9.28,
2023-06-20 21:15:00,9.31,
2023-06-20 21:30:00,9.35,
2023-06-20 21:45:00,9.38,
2023-06-20 22:00:00,9.41,
2023-06-20 22:15:00,9.44,
2023-06-20 22:30:00,9.47,
2023-06-20 22:45:00,9.5,
2023-06-20 23:00:00,9.52,
2023-06-20 23:15:00,9.55,
2023-06-20 23:30:00,9.57,
2023-06-20 23:45:00,9.59,
2023-06-21 00:00:00,9.61,
2023-06-21 00:15:00,9.63,
2023-06-21 00:30:00,9.65,
2023-06-21 00:45:00,9.670000000000002,
2023-06-21 01:00:00,9.69,
2023-06-21 01:15:00,9.7,
2023-06-21 01:30:00,9.72,
2023-06-21 01:45:00,9.74,
2023-06-21 02:00:00,9.75,
2023-06-21 02:15:00,9.77,
2023-06-21 02:30:00,9.78,
2023-06-21 02:45:00,9.79,
2023-06-21 03:00:00,9.81,
2023-06-21 03:15:00,9.82,
2023-06-21 03:30:00,9.829999999999998,
2023-06-21 03:45:00,9.85,
2023-06-21 04:00:00,9.86,
2023-06-21 04:15:00,9.87,
2023-06-21 04:30:00,9.88,
2023-06-21 04:45:00,9.89,
2023-06-21 05:00:00,9.91,
2023-06-21 05:15:00,9.92,
2023-06-21 05:30:00,9.94,
2023-06-21 05:45:00,9.96,
2023-06-21 06:00:00,9.97,
2023-06-21 06:15:00,9.98,
2023-06-21 06:30:00,10.0,
2023-06-21 06:45:00,10.02,
2023-06-21 07:00:00,10.04,
2023-06-21 07:15:00,10.06,
2023-06-21 07:30:00,10.07,
2023-06-21 07:45:00,10.07,
2023-06-21 08:00:00,10.06,
2023-06-21 08:15:00,10.06,
2023-06-21 08:30:00,10.04,
2023-06-21 08:45:00,10.02,
2023-06-21 09:00:00,9.989999999999998,
2023-06-21 09:15:00,9.96,
2023-06-21 09:30:00,9.92,
2023-06-21 09:45:00,9.88,
2023-06-21 10:00:00,9.84,
2023-06-21 10:15:00,9.79,
2023-06-21 10:30:00,9.74,
2023-06-21 10:45:00,9.69,
2023-06-21 11:00:00,9.63,
2023-06-21 11:15:00,9.58,
2023-06-21 11:30:00,9.52,
2023-06-21 11:45:00,9.470000000000002,
2023-06-21 12:00:00,9.41,
2023-06-21 12:15:00,9.36,
2023-06-21 12:30:00,9.31,
2023-06-21 12:45:00,9.26,
2023-06-21 13:00:00,9.21,
2023-06-21 13:15:00,9.17,
2023-06-21 13:30:00,9.14,
2023-06-21 13:45:00,9.11,
2023-06-21 14:00:00,9.08,
2023-06-21 14:15:00,9.04,
2023-06-21 14:30:00,9.0,
2023-06-21 14:45:00,8.97,
2023-06-21 15:00:00,8.95,
2023-06-21 15:15:00,8.92,
2023-06-21 15:30:00,8.91,
2023-06-21 15:45:00,8.89,
2023-06-21 16:00:00,8.88,
2023-06-21 16:15:00,8.86,
2023-06-21 16:30:00,8.86,
2023-06-21 16:45:00,8.85,
2023-06-21 17:00:00,8.85,
2023-06-21 17:15:00,8.85,
2023-06-21 17:30:00,8.85,
2023-06-21 17:45:00,8.85,
2023-06-21 18:00:00,8.85,
2023-06-21 18:15:00,8.86,
2023-06-21 18:30:00,8.86,
2023-06-21 18:45:00,8.86,
2023-06-21 19:00:00,8.87,
2023-06-21 19:15:00,8.89,
2023-06-21 19:30:00,8.92,
2023-06-21 19:45:00,8.95,
2023-06-21 20:00:00,8.98,
2023-06-21 20:15:00,9.0,
2023-06-21 20:30:00,9.04,
2023-06-21 20:45:00,9.07,
2023-06-21 21:00:00,9.11,
2023-06-21 21:15:00,9.15,
2023-06-21 21:30:00,9.19,
2023-06-21 21:45:00,9.23,
2023-06-21 22:00:00,9.26,
2023-06-21 22:15:00,9.29,
2023-06-21 22:30:00,9.33,
2023-06-21 22:45:00,9.36,
2023-06-21 23:00:00,9.39,
2023-06-21 23:15:00,9.42,
2023-06-21 23:30:00,9.44,
2023-06-21 23:45:00,9.47,
2023-06-22 00:00:00,9.5,
2023-06-22 00:15:00,9.52,
2023-06-22 00:30:00,9.54,
2023-06-22 00:45:00,9.57,
2023-06-22 01:00:00,9.58,
2023-06-22 01:15:00,9.61,
2023-06-22 01:30:00,9.63,
2023-06-22 01:45:00,9.64,
2023-06-22 02:00:00,9.66,
2023-06-22 02:15:00,9.68,
2023-06-22 02:30:00,9.69,
2023-06-22 02:45:00,9.71,
2023-06-22 03:00:00,9.72,
2023-06-22 03:15:00,9.74,
2023-06-22 03:30:00,9.75,
2023-06-22 03:45:00,9.759999999999998,
2023-06-22 04:00:00,9.77,
2023-06-22 04:15:00,9.79,
2023-06-22 04:30:00,9.79,
2023-06-22 04:45:00,9.8,
2023-06-22 05:00:00,9.82,
2023-06-22 05:15:00,9.83,
2023-06-22 05:30:00,9.85,
2023-06-22 05:45:00,9.87,
2023-06-22 06:00:00,9.89,
2023-06-22 06:15:00,9.91,
2023-06-22 06:30:00,9.93,
2023-06-22 06:45:00,9.94,
2023-06-22 07:00:00,9.96,
2023-06-22 07:15:00,9.96,
2023-06-22 07:30:00,9.93,
2023-06-22 07:45:00,9.91,
2023-06-22 08:00:00,9.93,
2023-06-22 08:15:00,9.93,
2023-06-22 08:30:00,9.96,
2023-06-22 08:45:00,9.96,
2023-06-22 09:00:00,9.9,
2023-06-22 09:15:00,9.84,
2023-06-22 09:30:00,9.78,
2023-06-22 09:45:00,9.78,
2023-06-22 10:00:00,9.75,
2023-06-22 10:15:00,9.69,
2023-06-22 10:30:00,9.6,
2023-06-22 10:45:00,9.61,
2023-06-22 11:00:00,9.59,
2023-06-22 11:15:00,9.54,
2023-06-22 11:30:00,9.47,
2023-06-22 11:45:00,9.41,
2023-06-22 12:00:00,9.36,
2023-06-22 12:15:00,9.3,
2023-06-22 12:30:00,9.25,
2023-06-22 12:45:00,9.2,
2023-06-22 13:00:00,9.15,
2023-06-22 13:15:00,9.06,
2023-06-22 13:30:00,8.98,
2023-06-22 13:45:00,8.94,
2023-06-22 14:00:00,8.96,
2023-06-22 14:15:00,8.94,
2023-06-22 14:30:00,8.88,
2023-06-22 14:45:00,8.869999999999997,
2023-06-22 15:00:00,8.85,
2023-06-22 15:15:00,8.83,
2023-06-22 15:30:00,8.8,
2023-06-22 15:45:00,8.79,
2023-06-22 16:00:00,8.8,
2023-06-22 16:15:00,8.81,
2023-06-22 16:30:00,8.79,
2023-06-22 16:45:00,8.78,
2023-06-22 17:00:00,8.81,
2023-06-22 17:15:00,8.79,
2023-06-22 17:30:00,8.780000000000001,
2023-06-22 17:45:00,8.79,
2023-06-22 18:00:00,8.78,
2023-06-22 18:15:00,8.77,
2023-06-22 18:30:00,8.75,
2023-06-22 18:45:00,8.71,
2023-06-22 19:00:00,8.7,
2023-06-22 19:15:00,8.71,
2023-06-22 19:30:00,8.72,
2023-06-22 19:45:00,8.75,
2023-06-22 20:00:00,8.78,
2023-06-22 20:15:00,8.809999999999999,
2023-06-22 20:30:00,8.83,
2023-06-22 20:45:00,8.86,
2023-06-22 21:00:00,8.89,
2023-06-22 21:15:00,8.93,
2023-06-22 21:30:00,8.96,
2023-06-22 21:45:00,8.99,
2023-06-22 22:00:00,9.02,
2023-06-22 22:15:00,9.05,
2023-06-22 22:30:00,9.08,
2023-06-22 22:45:00,9.1,
2023-06-22 23:00:00,9.130000000000004,
2023-06-22 23:15:00,9.16,
2023-06-22 23:30:00,9.18,
2023-06-22 23:45:00,9.2,
2023-06-23 00:00:00,9.21,
2023-06-23 00:15:00,9.23,
2023-06-23 00:30:00,9.24,
2023-06-23 00:45:00,9.26,
2023-06-23 01:00:00,9.27,
2023-06-23 01:15:00,9.29,
2023-06-23 01:30:00,9.31,
2023-06-23 01:45:00,9.329999999999998,
2023-06-23 02:00:00,9.34,
2023-06-23 02:15:00,9.36,
2023-06-23 02:30:00,9.38,
2023-06-23 02:45:00,9.39,
2023-06-23 03:00:00,9.4,
2023-06-23 03:15:00,9.42,
2023-06-23 03:30:00,9.43,
2023-06-23 03:45:00,9.44,
2023-06-23 04:00:00,9.44,
2023-06-23 04:15:00,9.45,
2023-06-23 04:30:00,9.45,
2023-06-23 04:45:00,9.46,
2023-06-23 05:00:00,9.46,
2023-06-23 05:15:00,9.47,
2023-06-23 05:30:00,9.5,
2023-06-23 05:45:00,9.54,
2023-06-23 06:00:00,9.53,
2023-06-23 06:15:00,9.55,
2023-06-23 06:30:00,9.55,
2023-06-23 06:45:00,9.54,
2023-06-23 07:00:00,9.56,
2023-06-23 07:15:00,9.59,
2023-06-23 07:30:00,9.62,
2023-06-23 07:45:00,9.66,
2023-06-23 08:00:00,9.68,
2023-06-23 08:15:00,9.66,
2023-06-23 08:30:00,9.58,
2023-06-23 08:45:00,9.47,
2023-06-23 09:00:00,9.39,
2023-06-23 09:15:00,9.41,
2023-06-23 09:30:00,9.45,
2023-06-23 09:45:00,9.43,
2023-06-23 10:00:00,9.52,
2023-06-23 10:15:00,9.48,
2023-06-23 10:30:00,9.43,
2023-06-23 10:45:00,9.43,
2023-06-23 11:00:00,9.4,
2023-06-23 11:15:00,9.39,
2023-06-23 11:30:00,9.4,
2023-06-23 11:45:00,9.45,
2023-06-23 12:00:00,9.51,
2023-06-23 12:15:00,9.54,
2023-06-23 12:30:00,9.56,
2023-06-23 12:45:00,9.53,
2023-06-23 13:00:00,9.5,
2023-06-23 13:15:00,9.49,
2023-06-23 13:30:00,9.46,
2023-06-23 13:45:00,9.43,
2023-06-23 14:00:00,9.4,
2023-06-23 14:15:00,9.36,
2023-06-23 14:30:00,9.29,
2023-06-23 14:45:00,9.3,
2023-06-23 15:00:00,9.369999999999996,
2023-06-23 15:15:00,9.42,
2023-06-23 15:30:00,9.4,
2023-06-23 15:45:00,9.38,
2023-06-23 16:00:00,9.22,
2023-06-23 16:15:00,9.3,
2023-06-23 16:30:00,9.22,
2023-06-23 16:45:00,9.26,
2023-06-23 17:00:00,9.25,
2023-06-23 17:15:00,9.25,
2023-06-23 17:30:00,9.19,
2023-06-23 17:45:00,9.16,
2023-06-23 18:00:00,9.14,
2023-06-23 18:15:00,9.14,
2023-06-23 18:30:00,9.15,
2023-06-23 18:45:00,9.16,
2023-06-23 19:00:00,9.16,
2023-06-23 19:15:00,9.15,
2023-06-23 19:30:00,9.16,
2023-06-23 19:45:00,9.18,
2023-06-23 20:00:00,9.18,
2023-06-23 20:15:00,9.19,
2023-06-23 20:30:00,9.21,
2023-06-23 20:45:00,9.24,
2023-06-23 21:00:00,9.27,
2023-06-23 21:15:00,9.3,
2023-06-23 21:30:00,9.32,
2023-06-23 21:45:00,9.35,
2023-06-23 22:00:00,9.38,
2023-06-23 22:15:00,9.41,
2023-06-23 22:30:00,9.44,
2023-06-23 22:45:00,9.46,
2023-06-23 23:00:00,9.49,
2023-06-23 23:15:00,9.510000000000002,
2023-06-23 23:30:00,9.53,
2023-06-23 23:45:00,9.55,
2023-06-24 00:00:00,9.57,
2023-06-24 00:15:00,9.59,
2023-06-24 00:30:00,9.61,
2023-06-24 00:45:00,9.62,
2023-06-24 01:00:00,9.64,
2023-06-24 01:15:00,9.65,
2023-06-24 01:30:00,9.66,
2023-06-24 01:45:00,9.68,
2023-06-24 02:00:00,9.689999999999998,
2023-06-24 02:15:00,9.71,
2023-06-24 02:30:00,9.72,
2023-06-24 02:45:00,9.73,
2023-06-24 03:00:00,9.75,
2023-06-24 03:15:00,9.76,
2023-06-24 03:30:00,9.77,
2023-06-24 03:45:00,9.78,
2023-06-24 04:00:00,9.79,
2023-06-24 04:15:00,9.8,
2023-06-24 04:30:00,9.81,
2023-06-24 04:45:00,9.82,
2023-06-24 05:00:00,9.83,
2023-06-24 05:15:00,9.86,
2023-06-24 05:30:00,9.88,
2023-06-24 05:45:00,9.89,
2023-06-24 06:00:00,9.91,
2023-06-24 06:15:00,9.92,
2023-06-24 06:30:00,9.94,
2023-06-24 06:45:00,9.95,
2023-06-24 07:00:00,9.99,
2023-06-24 07:15:00,10.01,
2023-06-24 07:30:00,10.009999999999998,
2023-06-24 07:45:00,10.02,
2023-06-24 08:00:00,10.01,
2023-06-24 08:15:00,10.0,
2023-06-24 08:30:00,9.99,
2023-06-24 08:45:00,9.97,
2023-06-24 09:00:00,9.94,
2023-06-24 09:15:00,9.9,
2023-06-24 09:30:00,9.86,
2023-06-24 09:45:00,9.82,
2023-06-24 10:00:00,9.77,
2023-06-24 10:15:00,9.73,
2023-06-24 10:30:00,9.67,
2023-06-24 10:45:00,9.62,
2023-06-24 11:00:00,9.58,
2023-06-24 11:15:00,9.52,
2023-06-24 11:30:00,9.47,
2023-06-24 11:45:00,9.36,
2023-06-24 12:00:00,9.28,
2023-06-24 12:15:00,9.28,
2023-06-24 12:30:00,9.26,
2023-06-24 12:45:00,9.22,
2023-06-24 13:00:00,9.169999999999998,
2023-06-24 13:15:00,9.13,
2023-06-24 13:30:00,9.09,
2023-06-24 13:45:00,9.05,
2023-06-24 14:00:00,9.01,
2023-06-24 14:15:00,8.98,
2023-06-24 14:30:00,8.95,
2023-06-24 14:45:00,8.92,
2023-06-24 15:00:00,8.9,
2023-06-24 15:15:00,8.88,
2023-06-24 15:30:00,8.86,
2023-06-24 15:45:00,8.82,
2023-06-24 16:00:00,8.82,
2023-06-24 16:15:00,8.81,
2023-06-24 16:30:00,8.82,
2023-06-24 16:45:00,8.8,
2023-06-24 17:00:00,8.79,
2023-06-24 17:15:00,8.76,
2023-06-24 17:30:00,8.8,
2023-06-24 17:45:00,8.82,
2023-06-24 18:00:00,8.8,
2023-06-24 18:15:00,8.78,
2023-06-24 18:30:00,8.779999999999998,
2023-06-24 18:45:00,8.79,
2023-06-24 19:00:00,8.8,
2023-06-24 19:15:00,8.82,
2023-06-24 19:30:00,8.86,
2023-06-24 19:45:00,8.88,
2023-06-24 20:00:00,8.9,
2023-06-24 20:15:00,8.92,
2023-06-24 20:30:00,8.95,
2023-06-24 20:45:00,8.98,
2023-06-24 21:00:00,9.02,
2023-06-24 21:15:00,9.05,
2023-06-24 21:30:00,9.09,
2023-06-24 21:45:00,9.12,
2023-06-24 22:00:00,9.15,
2023-06-24 22:15:00,9.18,
2023-06-24 22:30:00,9.2,
2023-06-24 22:45:00,9.23,
2023-06-24 23:00:00,9.25,
2023-06-24 23:15:00,9.27,
2023-06-24 23:30:00,9.29,
2023-06-24 23:45:00,9.31,
2023-06-25 00:00:00,9.32,
2023-06-25 00:15:00,9.34,
2023-06-25 00:30:00,9.35,
2023-06-25 00:45:00,9.37,
2023-06-25 01:00:00,9.39,
2023-06-25 01:15:00,9.41,
2023-06-25 01:30:00,9.42,
2023-06-25 01:45:00,9.44,
2023-06-25 02:00:00,9.45,
2023-06-25 02:15:00,9.47,
2023-06-25 02:30:00,9.48,
2023-06-25 02:45:00,9.5,
2023-06-25 03:00:00,9.52,
2023-06-25 03:15:00,9.52,
2023-06-25 03:30:00,9.54,
2023-06-25 03:45:00,9.55,
2023-06-25 04:00:00,9.56,
2023-06-25 04:15:00,9.57,
2023-06-25 04:30:00,9.58,
2023-06-25 04:45:00,9.59,
2023-06-25 05:00:00,9.61,
2023-06-25 05:15:00,9.63,
2023-06-25 05:30:00,9.65,
2023-06-25 05:45:00,9.67,
2023-06-25 06:00:00,9.68,
2023-06-25 06:15:00,9.7,
2023-06-25 06:30:00,9.71,
2023-06-25 06:45:00,9.73,
2023-06-25 07:00:00,9.77,
2023-06-25 07:15:00,9.79,
2023-06-25 07:30:00,9.8,
2023-06-25 07:45:00,9.8,
2023-06-25 08:00:00,9.8,
2023-06-25 08:15:00,9.8,
2023-06-25 08:30:00,9.79,
2023-06-25 08:45:00,9.77,
2023-06-25 09:00:00,9.75,
2023-06-25 09:15:00,9.71,
2023-06-25 09:30:00,9.68,
2023-06-25 09:45:00,9.64,
2023-06-25 10:00:00,9.6,
2023-06-25 10:15:00,9.56,
2023-06-25 10:30:00,9.51,
2023-06-25 10:45:00,9.46,
2023-06-25 11:00:00,9.42,
2023-06-25 11:15:00,9.37,
2023-06-25 11:30:00,9.32,
2023-06-25 11:45:00,9.27,
2023-06-25 12:00:00,9.22,
2023-06-25 12:15:00,9.17,
2023-06-25 12:30:00,9.04,
2023-06-25 12:45:00,9.0,
2023-06-25 13:00:00,9.03,
2023-06-25 13:15:00,8.93,
2023-06-25 13:30:00,8.92,
2023-06-25 13:45:00,8.92,
2023-06-25 14:00:00,8.82,
2023-06-25 14:15:00,8.87,
2023-06-25 14:30:00,8.85,
2023-06-25 14:45:00,8.84,
2023-06-25 15:00:00,8.84,
2023-06-25 15:15:00,8.86,
2023-06-25 15:30:00,8.83,
2023-06-25 15:45:00,8.81,
2023-06-25 16:00:00,8.85,
2023-06-25 16:15:00,8.87,
2023-06-25 16:30:00,8.78,
2023-06-25 16:45:00,8.88,
2023-06-25 17:00:00,8.89,
2023-06-25 17:15:00,8.9,
2023-06-25 17:30:00,8.89,
2023-06-25 17:45:00,8.89,
2023-06-25 18:00:00,8.88,
2023-06-25 18:15:00,8.87,
2023-06-25 18:30:00,8.85,
2023-06-25 18:45:00,8.84,
2023-06-25 19:00:00,8.83,
2023-06-25 19:15:00,8.83,
2023-06-25 19:30:00,8.84,
2023-06-25 19:45:00,8.85,
2023-06-25 20:00:00,8.86,
2023-06-25 20:15:00,8.88,
2023-06-25 20:30:00,8.9,
2023-06-25 20:45:00,8.93,
2023-06-25 21:00:00,8.96,
2023-06-25 21:15:00,9.0,
2023-06-25 21:30:00,9.04,
2023-06-25 21:45:00,9.07,
2023-06-25 22:00:00,9.1,
2023-06-25 22:15:00,9.13,
2023-06-25 22:30:00,9.16,
2023-06-25 22:45:00,9.19,
2023-06-25 23:00:00,9.22,
2023-06-25 23:15:00,9.24,
2023-06-25 23:30:00,9.27,
2023-06-25 23:45:00,9.29,
2023-06-26 00:00:00,9.32,
2023-06-26 00:15:00,9.34,
2023-06-26 00:30:00,9.37,
2023-06-26 00:45:00,9.39,
2023-06-26 01:00:00,9.41,
2023-06-26 01:15:00,9.43,
2023-06-26 01:30:00,9.45,
2023-06-26 01:45:00,9.47,
2023-06-26 02:00:00,9.49,
2023-06-26 02:15:00,9.5,
2023-06-26 02:30:00,9.52,
2023-06-26 02:45:00,9.53,
2023-06-26 03:00:00,9.55,
2023-06-26 03:15:00,9.56,
2023-06-26 03:30:00,9.57,
2023-06-26 03:45:00,9.58,
2023-06-26 04:00:00,9.59,
2023-06-26 04:15:00,9.6,
2023-06-26 04:30:00,9.61,
2023-06-26 04:45:00,9.62,
2023-06-26 05:00:00,9.64,
2023-06-26 05:15:00,9.65,
2023-06-26 05:30:00,9.67,
2023-06-26 05:45:00,9.69,
2023-06-26 06:00:00,9.7,
2023-06-26 06:15:00,9.71,
2023-06-26 06:30:00,9.73,
2023-06-26 06:45:00,9.74,
2023-06-26 07:00:00,9.77,
2023-06-26 07:15:00,9.79,
2023-06-26 07:30:00,9.79,
2023-06-26 07:45:00,9.79,
2023-06-26 08:00:00,9.79,
2023-06-26 08:15:00,9.78,
2023-06-26 08:30:00,9.77,
2023-06-26 08:45:00,9.75,
2023-06-26 09:00:00,9.73,
2023-06-26 09:15:00,9.7,
2023-06-26 09:30:00,9.66,
2023-06-26 09:45:00,9.62,
2023-06-26 10:00:00,9.58,
2023-06-26 10:15:00,9.53,
2023-06-26 10:30:00,9.49,
2023-06-26 10:45:00,9.45,
2023-06-26 11:00:00,9.41,
2023-06-26 11:15:00,9.35,
2023-06-26 11:30:00,9.3,
2023-06-26 11:45:00,9.25,
2023-06-26 12:00:00,9.19,
2023-06-26 12:15:00,9.13,
2023-06-26 12:30:00,9.09,
2023-06-26 12:45:00,9.03,
2023-06-26 13:00:00,8.98,
2023-06-26 13:15:00,8.94,
2023-06-26 13:30:00,8.91,
2023-06-26 13:45:00,8.88,
2023-06-26 14:00:00,8.850000000000001,
2023-06-26 14:15:00,8.82,
2023-06-26 14:30:00,8.8,
2023-06-26 14:45:00,8.79,
2023-06-26 15:00:00,8.76,
2023-06-26 15:15:00,8.76,
2023-06-26 15:30:00,8.74,
2023-06-26 15:45:00,8.73,
2023-06-26 16:00:00,8.71,
2023-06-26 16:15:00,8.69,
2023-06-26 16:30:00,8.67,
2023-06-26 16:45:00,8.66,
2023-06-26 17:00:00,8.66,
2023-06-26 17:15:00,8.66,
2023-06-26 17:30:00,8.66,
2023-06-26 17:45:00,8.66,
2023-06-26 18:00:00,8.67,
2023-06-26 18:15:00,8.66,
2023-06-26 18:30:00,8.66,
2023-06-26 18:45:00,8.65,
2023-06-26 19:00:00,8.66,
2023-06-26 19:15:00,8.65,
2023-06-26 19:30:00,8.670000000000002,
2023-06-26 19:45:00,8.69,
2023-06-26 20:00:00,8.7,
2023-06-26 20:15:00,8.73,
2023-06-26 20:30:00,8.76,
2023-06-26 20:45:00,8.79,
2023-06-26 21:00:00,8.82,
2023-06-26 21:15:00,8.85,
2023-06-26 21:30:00,8.89,
2023-06-26 21:45:00,8.92,
2023-06-26 22:00:00,8.96,
2023-06-26 22:15:00,8.98,
2023-06-26 22:30:00,9.01,
2023-06-26 22:45:00,9.04,
2023-06-26 23:00:00,9.07,
2023-06-26 23:15:00,9.09,
2023-06-26 23:30:00,9.11,
2023-06-26 23:45:00,9.14,
2023-06-27 00:00:00,9.16,
2023-06-27 00:15:00,9.18,
2023-06-27 00:30:00,9.2,
2023-06-27 00:45:00,9.21,
2023-06-27 01:00:00,9.23,
2023-06-27 01:15:00,9.24,
2023-06-27 01:30:00,9.26,
2023-06-27 01:45:00,9.27,
2023-06-27 02:00:00,9.29,
2023-06-27 02:15:00,9.3,
2023-06-27 02:30:00,9.31,
2023-06-27 02:45:00,9.32,
2023-06-27 03:00:00,9.33,
2023-06-27 03:15:00,9.34,
2023-06-27 03:30:00,9.34,
2023-06-27 03:45:00,9.34,
2023-06-27 04:00:00,9.35,
2023-06-27 04:15:00,9.36,
2023-06-27 04:30:00,9.36,
2023-06-27 04:45:00,9.37,
2023-06-27 05:00:00,9.39,
2023-06-27 05:15:00,9.4,
2023-06-27 05:30:00,9.43,
2023-06-27 05:45:00,9.46,
2023-06-27 06:00:00,9.48,
2023-06-27 06:15:00,9.49,
2023-06-27 06:30:00,9.5,
2023-06-27 06:45:00,9.52,
2023-06-27 07:00:00,9.55,
2023-06-27 07:15:00,9.58,
2023-06-27 07:30:00,9.59,
2023-06-27 07:45:00,9.6,
2023-06-27 08:00:00,9.6,
2023-06-27 08:15:00,9.61,
2023-06-27 08:30:00,9.6,
2023-06-27 08:45:00,9.59,
2023-06-27 09:00:00,9.57,
2023-06-27 09:15:00,9.55,
2023-06-27 09:30:00,9.52,
2023-06-27 09:45:00,9.48,
2023-06-27 10:00:00,9.45,
2023-06-27 10:15:00,9.42,
2023-06-27 10:30:00,9.37,
2023-06-27 10:45:00,9.33,
2023-06-27 11:00:00,9.28,
2023-06-27 11:15:00,9.23,
2023-06-27 11:30:00,9.16,
2023-06-27 11:45:00,9.1,
2023-06-27 12:00:00,9.07,
2023-06-27 12:15:00,8.98,
2023-06-27 12:30:00,9.0,
2023-06-27 12:45:00,9.02,
2023-06-27 13:00:00,8.95,
2023-06-27 13:15:00,8.89,
2023-06-27 13:30:00,8.88,
2023-06-27 13:45:00,8.88,
2023-06-27 14:00:00,8.8,
2023-06-27 14:15:00,8.75,
2023-06-27 14:30:00,8.8,
2023-06-27 14:45:00,8.809999999999999,
2023-06-27 15:00:00,8.73,
2023-06-27 15:15:00,8.71,
2023-06-27 15:30:00,8.74,
2023-06-27 15:45:00,8.75,
2023-06-27 16:00:00,8.69,
2023-06-27 16:15:00,8.7,
2023-06-27 16:30:00,8.7,
2023-06-27 16:45:00,8.73,
2023-06-27 17:00:00,8.74,
2023-06-27 17:15:00,8.7,
2023-06-27 17:30:00,8.7,
2023-06-27 17:45:00,8.67,
2023-06-27 18:00:00,8.68,
2023-06-27 18:15:00,8.71,
2023-06-27 18:30:00,8.74,
2023-06-27 18:45:00,8.74,
2023-06-27 19:00:00,8.74,
2023-06-27 19:15:00,8.75,
2023-06-27 19:30:00,8.77,
2023-06-27 19:45:00,8.79,
2023-06-27 20:00:00,8.82,
2023-06-27 20:15:00,8.85,
2023-06-27 20:30:00,8.88,
2023-06-27 20:45:00,8.91,
2023-06-27 21:00:00,8.94,
2023-06-27 21:15:00,8.97,
2023-06-27 21:30:00,8.99,
2023-06-27 21:45:00,9.02,
2023-06-27 22:00:00,9.05,
2023-06-27 22:15:00,9.07,
2023-06-27 22:30:00,9.1,
2023-06-27 22:45:00,9.13,
2023-06-27 23:00:00,9.15,
2023-06-27 23:15:00,9.17,
2023-06-27 23:30:00,9.19,
2023-06-27 23:45:00,9.2,
2023-06-28 00:00:00,9.22,
2023-06-28 00:15:00,9.23,
2023-06-28 00:30:00,9.24,
2023-06-28 00:45:00,9.26,
2023-06-28 01:00:00,9.27,
2023-06-28 01:15:00,9.29,
2023-06-28 01:30:00,9.31,
2023-06-28 01:45:00,9.32,
2023-06-28 02:00:00,9.33,
2023-06-28 02:15:00,9.34,
2023-06-28 02:30:00,9.34,
2023-06-28 02:45:00,9.35,
2023-06-28 03:00:00,9.37,
2023-06-28 03:15:00,9.38,
2023-06-28 03:30:00,9.39,
2023-06-28 03:45:00,9.4,
2023-06-28 04:00:00,9.42,
2023-06-28 04:15:00,9.43,
2023-06-28 04:30:00,9.44,
2023-06-28 04:45:00,9.46,
2023-06-28 05:00:00,9.48,
2023-06-28 05:15:00,9.5,
2023-06-28 05:30:00,9.52,
2023-06-28 05:45:00,9.55,
2023-06-28 06:00:00,9.57,
2023-06-28 06:15:00,9.59,
2023-06-28 06:30:00,9.62,
2023-06-28 06:45:00,9.66,
2023-06-28 07:00:00,9.69,
2023-06-28 07:15:00,9.71,
2023-06-28 07:30:00,9.72,
2023-06-28 07:45:00,9.73,
2023-06-28 08:00:00,9.74,
2023-06-28 08:15:00,9.73,
2023-06-28 08:30:00,9.74,
2023-06-28 08:45:00,9.73,
2023-06-28 09:00:00,9.7,
2023-06-28 09:15:00,9.69,
2023-06-28 09:30:00,9.68,
2023-06-28 09:45:00,9.66,
2023-06-28 10:00:00,9.63,
2023-06-28 10:15:00,9.57,
2023-06-28 10:30:00,9.53,
2023-06-28 10:45:00,9.48,
2023-06-28 11:00:00,9.44,
2023-06-28 11:15:00,9.4,
2023-06-28 11:30:00,9.35,
2023-06-28 11:45:00,9.32,
2023-06-28 12:00:00,9.29,
2023-06-28 12:15:00,9.23,
2023-06-28 12:30:00,9.18,
2023-06-28 12:45:00,9.15,
2023-06-28 13:00:00,9.16,
2023-06-28 13:15:00,9.04,
2023-06-28 13:30:00,9.03,
2023-06-28 13:45:00,8.99,
2023-06-28 14:00:00,8.88,
2023-06-28 14:15:00,8.91,
2023-06-28 14:30:00,8.86,
2023-06-28 14:45:00,8.88,
2023-06-28 15:00:00,8.84,
2023-06-28 15:15:00,8.77,
2023-06-28 15:30:00,8.7,
2023-06-28 15:45:00,8.69,
2023-06-28 16:00:00,8.73,
2023-06-28 16:15:00,8.8,
2023-06-28 16:30:00,8.78,
2023-06-28 16:45:00,8.74,
2023-06-28 17:00:00,8.72,
2023-06-28 17:15:00,8.74,
2023-06-28 17:30:00,8.74,
2023-06-28 17:45:00,8.73,
2023-06-28 18:00:00,8.74,
2023-06-28 18:15:00,8.7,
2023-06-28 18:30:00,8.7,
2023-06-28 18:45:00,8.71,
2023-06-28 19:00:00,8.73,
2023-06-28 19:15:00,8.75,
2023-06-28 19:30:00,8.77,
2023-06-28 19:45:00,8.79,
2023-06-28 20:00:00,8.8,
2023-06-28 20:15:00,8.82,
2023-06-28 20:30:00,8.86,
2023-06-28 20:45:00,8.89,
2023-06-28 21:00:00,8.92,
2023-06-28 21:15:00,8.96,
2023-06-28 21:30:00,8.99,
2023-06-28 21:45:00,9.02,
2023-06-28 22:00:00,9.05,
2023-06-28 22:15:00,9.08,
2023-06-28 22:30:00,9.11,
2023-06-28 22:45:00,9.14,
2023-06-28 23:00:00,9.17,
2023-06-28 23:15:00,9.2,
2023-06-28 23:30:00,9.22,
2023-06-28 23:45:00,9.25,
2023-06-29 00:00:00,9.27,
2023-06-29 00:15:00,9.29,
2023-06-29 00:30:00,9.31,
2023-06-29 00:45:00,9.33,
2023-06-29 01:00:00,9.34,
2023-06-29 01:15:00,9.36,
2023-06-29 01:30:00,9.37,
2023-06-29 01:45:00,9.39,
2023-06-29 02:00:00,9.4,
2023-06-29 02:15:00,9.42,
2023-06-29 02:30:00,9.43,
2023-06-29 02:45:00,9.44,
2023-06-29 03:00:00,9.45,
2023-06-29 03:15:00,9.45,
2023-06-29 03:30:00,9.46,
2023-06-29 03:45:00,9.47,
2023-06-29 04:00:00,9.47,
2023-06-29 04:15:00,9.48,
2023-06-29 04:30:00,9.49,
2023-06-29 04:45:00,9.490000000000002,
2023-06-29 05:00:00,9.5,
2023-06-29 05:15:00,9.51,
2023-06-29 05:30:00,9.54,
2023-06-29 05:45:00,9.56,
2023-06-29 06:00:00,9.58,
2023-06-29 06:15:00,9.59,
2023-06-29 06:30:00,9.6,
2023-06-29 06:45:00,9.61,
2023-06-29 07:00:00,9.64,
2023-06-29 07:15:00,9.67,
2023-06-29 07:30:00,9.68,
2023-06-29 07:45:00,9.7,
2023-06-29 08:00:00,9.71,
2023-06-29 08:15:00,9.74,
2023-06-29 08:30:00,9.76,
2023-06-29 08:45:00,9.75,
2023-06-29 09:00:00,9.72,
2023-06-29 09:15:00,9.67,
2023-06-29 09:30:00,9.62,
2023-06-29 09:45:00,9.56,
2023-06-29 10:00:00,9.51,
2023-06-29 10:15:00,9.46,
2023-06-29 10:30:00,9.41,
2023-06-29 10:45:00,9.31,
2023-06-29 11:00:00,9.22,
2023-06-29 11:15:00,9.08,
2023-06-29 11:30:00,9.05,
2023-06-29 11:45:00,9.07,
2023-06-29 12:00:00,9.08,
2023-06-29 12:15:00,9.16,
2023-06-29 12:30:00,9.21,
2023-06-29 12:45:00,9.26,
2023-06-29 13:00:00,9.349999999999998,
2023-06-29 13:15:00,9.4,
2023-06-29 13:30:00,9.41,
2023-06-29 13:45:00,9.4,
2023-06-29 14:00:00,9.36,
2023-06-29 14:15:00,9.32,
2023-06-29 14:30:00,9.29,
2023-06-29 14:45:00,9.29,
2023-06-29 15:00:00,9.28,
2023-06-29 15:15:00,9.22,
2023-06-29 15:30:00,9.18,
2023-06-29 15:45:00,9.14,
2023-06-29 16:00:00,9.12,
2023-06-29 16:15:00,9.06,
2023-06-29 16:30:00,9.07,
2023-06-29 16:45:00,9.11,
2023-06-29 17:00:00,9.13,
2023-06-29 17:15:00,9.11,
2023-06-29 17:30:00,9.1,
2023-06-29 17:45:00,9.08,
2023-06-29 18:00:00,9.08,
2023-06-29 18:15:00,9.05,
2023-06-29 18:30:00,9.029999999999998,
2023-06-29 18:45:00,9.01,
2023-06-29 19:00:00,8.98,
2023-06-29 19:15:00,8.97,
2023-06-29 19:30:00,8.97,
2023-06-29 19:45:00,8.96,
2023-06-29 20:00:00,8.96,
2023-06-29 20:15:00,8.97,
2023-06-29 20:30:00,8.99,
2023-06-29 20:45:00,9.01,
2023-06-29 21:00:00,9.04,
2023-06-29 21:15:00,9.060000000000002,
2023-06-29 21:30:00,9.09,
2023-06-29 21:45:00,9.12,
2023-06-29 22:00:00,9.14,
2023-06-29 22:15:00,9.17,
2023-06-29 22:30:00,9.19,
2023-06-29 22:45:00,9.22,
2023-06-29 23:00:00,9.24,
2023-06-29 23:15:00,9.26,
2023-06-29 23:30:00,9.28,
2023-06-29 23:45:00,9.3,
2023-06-30 00:00:00,9.32,
2023-06-30 00:15:00,9.34,
2023-06-30 00:30:00,9.36,
2023-06-30 00:45:00,9.37,
2023-06-30 01:00:00,9.39,
2023-06-30 01:15:00,9.41,
2023-06-30 01:30:00,9.42,
2023-06-30 01:45:00,9.44,
2023-06-30 02:00:00,9.46,
2023-06-30 02:15:00,9.47,
2023-06-30 02:30:00,9.49,
2023-06-30 02:45:00,9.5,
2023-06-30 03:00:00,9.51,
2023-06-30 03:15:00,9.52,
2023-06-30 03:30:00,9.53,
2023-06-30 03:45:00,9.54,
2023-06-30 04:00:00,9.56,
2023-06-30 04:15:00,9.57,
2023-06-30 04:30:00,9.58,
2023-06-30 04:45:00,9.59,
2023-06-30 05:00:00,9.61,
2023-06-30 05:15:00,9.63,
2023-06-30 05:30:00,9.66,
2023-06-30 05:45:00,9.68,
2023-06-30 06:00:00,9.7,
2023-06-30 06:15:00,9.71,
2023-06-30 06:30:00,9.73,
2023-06-30 06:45:00,9.75,
2023-06-30 07:00:00,9.78,
2023-06-30 07:15:00,9.8,
2023-06-30 07:30:00,9.81,
2023-06-30 07:45:00,9.82,
2023-06-30 08:00:00,9.81,
2023-06-30 08:15:00,9.8,
2023-06-30 08:30:00,9.79,
2023-06-30 08:45:00,9.77,
2023-06-30 09:00:00,9.75,
2023-06-30 09:15:00,9.72,
2023-06-30 09:30:00,9.68,
2023-06-30 09:45:00,9.62,
2023-06-30 10:00:00,9.58,
2023-06-30 10:15:00,9.47,
2023-06-30 10:30:00,9.39,
2023-06-30 10:45:00,9.44,
2023-06-30 11:00:00,9.41,
2023-06-30 11:15:00,9.31,
2023-06-30 11:30:00,9.21,
2023-06-30 11:45:00,9.23,
2023-06-30 12:00:00,9.36,
2023-06-30 12:15:00,9.26,
2023-06-30 12:30:00,9.17,
2023-06-30 12:45:00,9.14,
2023-06-30 13:00:00,9.23,
2023-06-30 13:15:00,9.18,
2023-06-30 13:30:00,9.12,
2023-06-30 13:45:00,9.07,
2023-06-30 14:00:00,9.04,
2023-06-30 14:15:00,8.96,
2023-06-30 14:30:00,8.99,
2023-06-30 14:45:00,8.95,
2023-06-30 15:00:00,8.89,
2023-06-30 15:15:00,8.86,
2023-06-30 15:30:00,8.83,
2023-06-30 15:45:00,8.78,
2023-06-30 16:00:00,8.77,
2023-06-30 16:15:00,8.75,
2023-06-30 16:30:00,8.73,
2023-06-30 16:45:00,8.71,
2023-06-30 17:00:00,8.7,
2023-06-30 17:15:00,8.68,
2023-06-30 17:30:00,8.66,
2023-06-30 17:45:00,8.65,
2023-06-30 18:00:00,8.64,
2023-06-30 18:15:00,8.61,
2023-06-30 18:30:00,8.63,
2023-06-30 18:45:00,8.61,
2023-06-30 19:00:00,8.63,
2023-06-30 19:15:00,8.66,
2023-06-30 19:30:00,8.68,
2023-06-30 19:45:00,8.71,
2023-06-30 20:00:00,8.73,
2023-06-30 20:15:00,8.76,
2023-06-30 20:30:00,8.8,
2023-06-30 20:45:00,8.83,
2023-06-30 21:00:00,8.87,
2023-06-30 21:15:00,8.91,
2023-06-30 21:30:00,8.95,
2023-06-30 21:45:00,8.99,
2023-06-30 22:00:00,9.02,
2023-06-30 22:15:00,9.06,
2023-06-30 22:30:00,9.08,
2023-06-30 22:45:00,9.11,
2023-06-30 23:00:00,9.14,
2023-06-30 23:15:00,9.17,
2023-06-30 23:30:00,9.19,
2023-06-30 23:45:00,9.22,
2023-07-01 00:00:00,9.23,
2023-07-01 00:15:00,9.259999999999998,
2023-07-01 00:30:00,9.28,
2023-07-01 00:45:00,9.3,
2023-07-01 01:00:00,9.31,
2023-07-01 01:15:00,9.33,
2023-07-01 01:30:00,9.35,
2023-07-01 01:45:00,9.36,
2023-07-01 02:00:00,9.38,
2023-07-01 02:15:00,9.39,
2023-07-01 02:30:00,9.41,
2023-07-01 02:45:00,9.42,
2023-07-01 03:00:00,9.44,
2023-07-01 03:15:00,9.45,
2023-07-01 03:30:00,9.47,
2023-07-01 03:45:00,9.48,
2023-07-01 04:00:00,9.49,
2023-07-01 04:15:00,9.5,
2023-07-01 04:30:00,9.51,
2023-07-01 04:45:00,9.52,
2023-07-01 05:00:00,9.54,
2023-07-01 05:15:00,9.55,
2023-07-01 05:30:00,9.58,
2023-07-01 05:45:00,9.599999999999998,
2023-07-01 06:00:00,9.61,
2023-07-01 06:15:00,9.63,
2023-07-01 06:30:00,9.65,
2023-07-01 06:45:00,9.66,
2023-07-01 07:00:00,9.7,
2023-07-01 07:15:00,9.72,
2023-07-01 07:30:00,9.74,
2023-07-01 07:45:00,9.74,
2023-07-01 08:00:00,9.74,
2023-07-01 08:15:00,9.73,
2023-07-01 08:30:00,9.720000000000002,
2023-07-01 08:45:00,9.7,
2023-07-01 09:00:00,9.68,
2023-07-01 09:15:00,9.66,
2023-07-01 09:30:00,9.62,
2023-07-01 09:45:00,9.58,
2023-07-01 10:00:00,9.54,
2023-07-01 10:15:00,9.49,
2023-07-01 10:30:00,9.44,
2023-07-01 10:45:00,9.39,
2023-07-01 11:00:00,9.34,
2023-07-01 11:15:00,9.29,
2023-07-01 11:30:00,9.24,
2023-07-01 11:45:00,9.19,
2023-07-01 12:00:00,9.14,
2023-07-01 12:15:00,9.09,
2023-07-01 12:30:00,9.04,
2023-07-01 12:45:00,8.99,
2023-07-01 13:00:00,8.95,
2023-07-01 13:15:00,8.9,
2023-07-01 13:30:00,8.85,
2023-07-01 13:45:00,8.81,
2023-07-01 14:00:00,8.77,
2023-07-01 14:15:00,8.74,
2023-07-01 14:30:00,8.71,
2023-07-01 14:45:00,8.68,
2023-07-01 15:00:00,8.64,
2023-07-01 15:15:00,8.62,
2023-07-01 15:30:00,8.58,
2023-07-01 15:45:00,8.55,
2023-07-01 16:00:00,8.56,
2023-07-01 16:15:00,8.55,
2023-07-01 16:30:00,8.54,
2023-07-01 16:45:00,8.53,
2023-07-01 17:00:00,8.52,
2023-07-01 17:15:00,8.51,
2023-07-01 17:30:00,8.48,
2023-07-01 17:45:00,8.45,
2023-07-01 18:00:00,8.48,
2023-07-01 18:15:00,8.46,
2023-07-01 18:30:00,8.5,
2023-07-01 18:45:00,8.5,
2023-07-01 19:00:00,8.5,
2023-07-01 19:15:00,8.51,
2023-07-01 19:30:00,8.53,
2023-07-01 19:45:00,8.55,
2023-07-01 20:00:00,8.57,
2023-07-01 20:15:00,8.6,
2023-07-01 20:30:00,8.63,
2023-07-01 20:45:00,8.67,
2023-07-01 21:00:00,8.71,
2023-07-01 21:15:00,8.75,
2023-07-01 21:30:00,8.78,
2023-07-01 21:45:00,8.82,
2023-07-01 22:00:00,8.86,
2023-07-01 22:15:00,8.879999999999999,
2023-07-01 22:30:00,8.9,
2023-07-01 22:45:00,8.93,
2023-07-01 23:00:00,8.95,
2023-07-01 23:15:00,8.98,
2023-07-01 23:30:00,9.0,
2023-07-01 23:45:00,9.03,
2023-07-02 00:00:00,9.06,
2023-07-02 00:15:00,9.08,
2023-07-02 00:30:00,9.1,
2023-07-02 00:45:00,9.12,
2023-07-02 01:00:00,9.130000000000004,
2023-07-02 01:15:00,9.15,
2023-07-02 01:30:00,9.17,
2023-07-02 01:45:00,9.19,
2023-07-02 02:00:00,9.21,
2023-07-02 02:15:00,9.22,
2023-07-02 02:30:00,9.24,
2023-07-02 02:45:00,9.26,
2023-07-02 03:00:00,9.27,
2023-07-02 03:15:00,9.28,
2023-07-02 03:30:00,9.3,
2023-07-02 03:45:00,9.31,
2023-07-02 04:00:00,9.32,
2023-07-02 04:15:00,9.34,
2023-07-02 04:30:00,9.35,
2023-07-02 04:45:00,9.36,
2023-07-02 05:00:00,9.38,
2023-07-02 05:15:00,9.4,
2023-07-02 05:30:00,9.43,
2023-07-02 05:45:00,9.45,
2023-07-02 06:00:00,9.47,
2023-07-02 06:15:00,9.49,
2023-07-02 06:30:00,9.51,
2023-07-02 06:45:00,9.53,
2023-07-02 07:00:00,9.57,
2023-07-02 07:15:00,9.6,
2023-07-02 07:30:00,9.62,
2023-07-02 07:45:00,9.62,
2023-07-02 08:00:00,9.63,
2023-07-02 08:15:00,9.63,
2023-07-02 08:30:00,9.62,
2023-07-02 08:45:00,9.61,
2023-07-02 09:00:00,9.59,
2023-07-02 09:15:00,9.56,
2023-07-02 09:30:00,9.52,
2023-07-02 09:45:00,9.48,
2023-07-02 10:00:00,9.44,
2023-07-02 10:15:00,9.4,
2023-07-02 10:30:00,9.36,
2023-07-02 10:45:00,9.32,
2023-07-02 11:00:00,9.28,
2023-07-02 11:15:00,9.23,
2023-07-02 11:30:00,9.18,
2023-07-02 11:45:00,9.14,
2023-07-02 12:00:00,9.09,
2023-07-02 12:15:00,9.04,
2023-07-02 12:30:00,8.99,
2023-07-02 12:45:00,8.95,
2023-07-02 13:00:00,8.9,
2023-07-02 13:15:00,8.86,
2023-07-02 13:30:00,8.8,
2023-07-02 13:45:00,8.77,
2023-07-02 14:00:00,8.74,
2023-07-02 14:15:00,8.7,
2023-07-02 14:30:00,8.67,
2023-07-02 14:45:00,8.64,
2023-07-02 15:00:00,8.61,
2023-07-02 15:15:00,8.58,
2023-07-02 15:30:00,8.55,
2023-07-02 15:45:00,8.54,
2023-07-02 16:00:00,8.53,
2023-07-02 16:15:00,8.5,
2023-07-02 16:30:00,8.48,
2023-07-02 16:45:00,8.48,
2023-07-02 17:00:00,8.43,
2023-07-02 17:15:00,8.44,
2023-07-02 17:30:00,8.43,
2023-07-02 17:45:00,8.41,
2023-07-02 18:00:00,8.41,
2023-07-02 18:15:00,8.4,
2023-07-02 18:30:00,8.4,
2023-07-02 18:45:00,8.41,
2023-07-02 19:00:00,8.43,
2023-07-02 19:15:00,8.47,
2023-07-02 19:30:00,8.53,
2023-07-02 19:45:00,8.57,
2023-07-02 20:00:00,8.55,
2023-07-02 20:15:00,8.56,
2023-07-02 20:30:00,8.59,
2023-07-02 20:45:00,8.62,
2023-07-02 21:00:00,8.66,
2023-07-02 21:15:00,8.71,
2023-07-02 21:30:00,8.74,
2023-07-02 21:45:00,8.78,
2023-07-02 22:00:00,8.81,
2023-07-02 22:15:00,8.85,
2023-07-02 22:30:00,8.88,
2023-07-02 22:45:00,8.91,
2023-07-02 23:00:00,8.94,
2023-07-02 23:15:00,8.97,
2023-07-02 23:30:00,9.0,
2023-07-02 23:45:00,9.02,
2023-07-03 00:00:00,9.05,
2023-07-03 00:15:00,9.07,
2023-07-03 00:30:00,9.09,
2023-07-03 00:45:00,9.11,
2023-07-03 01:00:00,9.13,
2023-07-03 01:15:00,9.14,
2023-07-03 01:30:00,9.16,
2023-07-03 01:45:00,9.18,
2023-07-03 02:00:00,9.19,
2023-07-03 02:15:00,9.21,
2023-07-03 02:30:00,9.23,
2023-07-03 02:45:00,9.24,
2023-07-03 03:00:00,9.26,
2023-07-03 03:15:00,9.27,
2023-07-03 03:30:00,9.28,
2023-07-03 03:45:00,9.3,
2023-07-03 04:00:00,9.31,
2023-07-03 04:15:00,9.33,
2023-07-03 04:30:00,9.34,
2023-07-03 04:45:00,9.35,
2023-07-03 05:00:00,9.37,
2023-07-03 05:15:00,9.39,
2023-07-03 05:30:00,9.41,
2023-07-03 05:45:00,9.43,
2023-07-03 06:00:00,9.46,
2023-07-03 06:15:00,9.48,
2023-07-03 06:30:00,9.49,
2023-07-03 06:45:00,9.510000000000002,
2023-07-03 07:00:00,9.54,
2023-07-03 07:15:00,9.56,
2023-07-03 07:30:00,9.58,
2023-07-03 07:45:00,9.59,
2023-07-03 08:00:00,9.59,
2023-07-03 08:15:00,9.58,
2023-07-03 08:30:00,9.58,
2023-07-03 08:45:00,9.56,
2023-07-03 09:00:00,9.54,
2023-07-03 09:15:00,9.52,
2023-07-03 09:30:00,9.489999999999998,
2023-07-03 09:45:00,9.45,
2023-07-03 10:00:00,9.41,
2023-07-03 10:15:00,9.37,
2023-07-03 10:30:00,9.32,
2023-07-03 10:45:00,9.28,
2023-07-03 11:00:00,9.22,
2023-07-03 11:15:00,9.16,
2023-07-03 11:30:00,9.08,
2023-07-03 11:45:00,8.96,
2023-07-03 12:00:00,8.93,
2023-07-03 12:15:00,8.780000000000001,
2023-07-03 12:30:00,8.72,
2023-07-03 12:45:00,8.7,
2023-07-03 13:00:00,8.8,
2023-07-03 13:15:00,8.73,
2023-07-03 13:30:00,8.7,
2023-07-03 13:45:00,8.77,
2023-07-03 14:00:00,8.78,
2023-07-03 14:15:00,8.72,
2023-07-03 14:30:00,8.79,
2023-07-03 14:45:00,8.86,
2023-07-03 15:00:00,8.829999999999998,
2023-07-03 15:15:00,8.76,
2023-07-03 15:30:00,8.67,
2023-07-03 15:45:00,8.62,
2023-07-03 16:00:00,8.64,
2023-07-03 16:15:00,8.69,
2023-07-03 16:30:00,8.81,
2023-07-03 16:45:00,8.93,
2023-07-03 17:00:00,8.96,
2023-07-03 17:15:00,8.95,
2023-07-03 17:30:00,8.85,
2023-07-03 17:45:00,8.79,
2023-07-03 18:00:00,8.75,
2023-07-03 18:15:00,8.73,
2023-07-03 18:30:00,8.75,
2023-07-03 18:45:00,8.78,
2023-07-03 19:00:00,8.79,
2023-07-03 19:15:00,8.82,
2023-07-03 19:30:00,8.83,
2023-07-03 19:45:00,8.84,
2023-07-03 20:00:00,8.85,
2023-07-03 20:15:00,8.86,
2023-07-03 20:30:00,8.879999999999999,
2023-07-03 20:45:00,8.89,
2023-07-03 21:00:00,8.91,
2023-07-03 21:15:00,8.93,
2023-07-03 21:30:00,8.95,
2023-07-03 21:45:00,8.97,
2023-07-03 22:00:00,8.99,
2023-07-03 22:15:00,9.01,
2023-07-03 22:30:00,9.03,
2023-07-03 22:45:00,9.05,
2023-07-03 23:00:00,9.06,
2023-07-03 23:15:00,9.060000000000002,
2023-07-03 23:30:00,9.07,
2023-07-03 23:45:00,9.08,
2023-07-04 00:00:00,9.09,
2023-07-04 00:15:00,9.11,
2023-07-04 00:30:00,9.13,
2023-07-04 00:45:00,9.15,
2023-07-04 01:00:00,9.16,
2023-07-04 01:15:00,9.18,
2023-07-04 01:30:00,9.19,
2023-07-04 01:45:00,9.21,
2023-07-04 02:00:00,9.22,
2023-07-04 02:15:00,9.23,
2023-07-04 02:30:00,9.25,
2023-07-04 02:45:00,9.26,
2023-07-04 03:00:00,9.27,
2023-07-04 03:15:00,9.29,
2023-07-04 03:30:00,9.3,
2023-07-04 03:45:00,9.32,
2023-07-04 04:00:00,9.33,
2023-07-04 04:15:00,9.34,
2023-07-04 04:30:00,9.35,
2023-07-04 04:45:00,9.36,
2023-07-04 05:00:00,9.37,
2023-07-04 05:15:00,9.4,
2023-07-04 05:30:00,9.41,
2023-07-04 05:45:00,9.44,
2023-07-04 06:00:00,9.45,
2023-07-04 06:15:00,9.48,
2023-07-04 06:30:00,9.5,
2023-07-04 06:45:00,9.52,
2023-07-04 07:00:00,9.55,
2023-07-04 07:15:00,9.56,
2023-07-04 07:30:00,9.61,
2023-07-04 07:45:00,9.63,
2023-07-04 08:00:00,9.62,
2023-07-04 08:15:00,9.63,
2023-07-04 08:30:00,9.62,
2023-07-04 08:45:00,9.59,
2023-07-04 09:00:00,9.59,
2023-07-04 09:15:00,9.58,
2023-07-04 09:30:00,9.51,
2023-07-04 09:45:00,9.509999999999998,
2023-07-04 10:00:00,9.52,
2023-07-04 10:15:00,9.41,
2023-07-04 10:30:00,9.36,
2023-07-04 10:45:00,9.33,
2023-07-04 11:00:00,9.34,
2023-07-04 11:15:00,9.36,
2023-07-04 11:30:00,9.34,
2023-07-04 11:45:00,9.33,
2023-07-04 12:00:00,9.29,
2023-07-04 12:15:00,9.23,
2023-07-04 12:30:00,9.18,
2023-07-04 12:45:00,9.12,
2023-07-04 13:00:00,9.07,
2023-07-04 13:15:00,9.02,
2023-07-04 13:30:00,8.98,
2023-07-04 13:45:00,8.92,
2023-07-04 14:00:00,8.89,
2023-07-04 14:15:00,8.85,
2023-07-04 14:30:00,8.81,
2023-07-04 14:45:00,8.72,
2023-07-04 15:00:00,8.71,
2023-07-04 15:15:00,8.7,
2023-07-04 15:30:00,8.64,
2023-07-04 15:45:00,8.62,
2023-07-04 16:00:00,8.64,
2023-07-04 16:15:00,8.63,
2023-07-04 16:30:00,8.59,
2023-07-04 16:45:00,8.52,
2023-07-04 17:00:00,8.46,
2023-07-04 17:15:00,8.52,
2023-07-04 17:30:00,8.52,
2023-07-04 17:45:00,8.55,
2023-07-04 18:00:00,8.54,
2023-07-04 18:15:00,8.54,
2023-07-04 18:30:00,8.53,
2023-07-04 18:45:00,8.55,
2023-07-04 19:00:00,8.56,
2023-07-04 19:15:00,8.55,
2023-07-04 19:30:00,8.57,
2023-07-04 19:45:00,8.61,
2023-07-04 20:00:00,8.63,
2023-07-04 20:15:00,8.66,
2023-07-04 20:30:00,8.69,
2023-07-04 20:45:00,8.72,
2023-07-04 21:00:00,8.75,
2023-07-04 21:15:00,8.79,
2023-07-04 21:30:00,8.82,
2023-07-04 21:45:00,8.85,
2023-07-04 22:00:00,8.89,
2023-07-04 22:15:00,8.92,
2023-07-04 22:30:00,8.94,
2023-07-04 22:45:00,8.97,
2023-07-04 23:00:00,9.01,
2023-07-04 23:15:00,9.03,
2023-07-04 23:30:00,9.060000000000002,
2023-07-04 23:45:00,9.09,
2023-07-05 00:00:00,9.11,
2023-07-05 00:15:00,9.13,
2023-07-05 00:30:00,9.16,
2023-07-05 00:45:00,9.18,
2023-07-05 01:00:00,9.2,
2023-07-05 01:15:00,9.22,
2023-07-05 01:30:00,9.24,
2023-07-05 01:45:00,9.25,
2023-07-05 02:00:00,9.27,
2023-07-05 02:15:00,9.29,
2023-07-05 02:30:00,9.3,
2023-07-05 02:45:00,9.32,
2023-07-05 03:00:00,9.34,
2023-07-05 03:15:00,9.35,
2023-07-05 03:30:00,9.37,
2023-07-05 03:45:00,9.38,
2023-07-05 04:00:00,9.4,
2023-07-05 04:15:00,9.42,
2023-07-05 04:30:00,9.43,
2023-07-05 04:45:00,9.44,
2023-07-05 05:00:00,9.46,
2023-07-05 05:15:00,9.49,
2023-07-05 05:30:00,9.51,
2023-07-05 05:45:00,9.54,
2023-07-05 06:00:00,9.56,
2023-07-05 06:15:00,9.59,
2023-07-05 06:30:00,9.61,
2023-07-05 06:45:00,9.63,
2023-07-05 07:00:00,9.66,
2023-07-05 07:15:00,9.7,
2023-07-05 07:30:00,9.71,
2023-07-05 07:45:00,9.72,
2023-07-05 08:00:00,9.72,
2023-07-05 08:15:00,9.72,
2023-07-05 08:30:00,9.71,
2023-07-05 08:45:00,9.7,
2023-07-05 09:00:00,9.68,
2023-07-05 09:15:00,9.66,
2023-07-05 09:30:00,9.62,
2023-07-05 09:45:00,9.58,
2023-07-05 10:00:00,9.54,
2023-07-05 10:15:00,9.49,
2023-07-05 10:30:00,9.44,
2023-07-05 10:45:00,9.4,
2023-07-05 11:00:00,9.31,
2023-07-05 11:15:00,9.29,
2023-07-05 11:30:00,9.24,
2023-07-05 11:45:00,9.19,
2023-07-05 12:00:00,9.14,
2023-07-05 12:15:00,9.1,
2023-07-05 12:30:00,9.05,
2023-07-05 12:45:00,9.0,
2023-07-05 13:00:00,8.96,
2023-07-05 13:15:00,8.919999999999998,
2023-07-05 13:30:00,8.88,
2023-07-05 13:45:00,8.84,
2023-07-05 14:00:00,8.8,
2023-07-05 14:15:00,8.77,
2023-07-05 14:30:00,8.74,
2023-07-05 14:45:00,8.71,
2023-07-05 15:00:00,8.69,
2023-07-05 15:15:00,8.66,
2023-07-05 15:30:00,8.64,
2023-07-05 15:45:00,8.63,
2023-07-05 16:00:00,8.61,
2023-07-05 16:15:00,8.59,
2023-07-05 16:30:00,8.58,
2023-07-05 16:45:00,8.57,
2023-07-05 17:00:00,8.57,
2023-07-05 17:15:00,8.56,
2023-07-05 17:30:00,8.55,
2023-07-05 17:45:00,8.54,
2023-07-05 18:00:00,8.54,
2023-07-05 18:15:00,8.54,
2023-07-05 18:30:00,8.53,
2023-07-05 18:45:00,8.52,
2023-07-05 19:00:00,8.53,
2023-07-05 19:15:00,8.55,
2023-07-05 19:30:00,8.57,
2023-07-05 19:45:00,8.59,
2023-07-05 20:00:00,8.62,
2023-07-05 20:15:00,8.64,
2023-07-05 20:30:00,8.67,
2023-07-05 20:45:00,8.71,
2023-07-05 21:00:00,8.75,
2023-07-05 21:15:00,8.79,
2023-07-05 21:30:00,8.830000000000002,
2023-07-05 21:45:00,8.87,
2023-07-05 22:00:00,8.9,
2023-07-05 22:15:00,8.94,
2023-07-05 22:30:00,8.97,
2023-07-05 22:45:00,9.0,
2023-07-05 23:00:00,9.04,
2023-07-05 23:15:00,9.06,
2023-07-05 23:30:00,9.09,
2023-07-05 23:45:00,9.11,
2023-07-06 00:00:00,9.14,
2023-07-06 00:15:00,9.169999999999998,
2023-07-06 00:30:00,9.19,
2023-07-06 00:45:00,9.21,
2023-07-06 01:00:00,9.23,
2023-07-06 01:15:00,9.25,
2023-07-06 01:30:00,9.27,
2023-07-06 01:45:00,9.29,
2023-07-06 02:00:00,9.31,
2023-07-06 02:15:00,9.33,
2023-07-06 02:30:00,9.34,
2023-07-06 02:45:00,9.35,
2023-07-06 03:00:00,9.37,
2023-07-06 03:15:00,9.38,
2023-07-06 03:30:00,9.39,
2023-07-06 03:45:00,9.4,
2023-07-06 04:00:00,9.42,
2023-07-06 04:15:00,9.43,
2023-07-06 04:30:00,9.44,
2023-07-06 04:45:00,9.46,
2023-07-06 05:00:00,9.47,
2023-07-06 05:15:00,9.49,
2023-07-06 05:30:00,9.51,
2023-07-06 05:45:00,9.54,
2023-07-06 06:00:00,9.56,
2023-07-06 06:15:00,9.58,
2023-07-06 06:30:00,9.59,
2023-07-06 06:45:00,9.61,
2023-07-06 07:00:00,9.65,
2023-07-06 07:15:00,9.67,
2023-07-06 07:30:00,9.69,
2023-07-06 07:45:00,9.7,
2023-07-06 08:00:00,9.7,
2023-07-06 08:15:00,9.69,
2023-07-06 08:30:00,9.68,
2023-07-06 08:45:00,9.67,
2023-07-06 09:00:00,9.65,
2023-07-06 09:15:00,9.62,
2023-07-06 09:30:00,9.59,
2023-07-06 09:45:00,9.55,
2023-07-06 10:00:00,9.51,
2023-07-06 10:15:00,9.46,
2023-07-06 10:30:00,9.41,
2023-07-06 10:45:00,9.34,
2023-07-06 11:00:00,9.29,
2023-07-06 11:15:00,9.259999999999998,
2023-07-06 11:30:00,9.21,
2023-07-06 11:45:00,9.19,
2023-07-06 12:00:00,9.16,
2023-07-06 12:15:00,9.17,
2023-07-06 12:30:00,9.14,
2023-07-06 12:45:00,9.1,
2023-07-06 13:00:00,9.05,
2023-07-06 13:15:00,8.98,
2023-07-06 13:30:00,8.919999999999998,
2023-07-06 13:45:00,8.87,
2023-07-06 14:00:00,8.75,
2023-07-06 14:15:00,8.72,
2023-07-06 14:30:00,8.73,
2023-07-06 14:45:00,8.71,
2023-07-06 15:00:00,8.69,
2023-07-06 15:15:00,8.67,
2023-07-06 15:30:00,8.64,
2023-07-06 15:45:00,8.59,
2023-07-06 16:00:00,8.6,
2023-07-06 16:15:00,8.59,
2023-07-06 16:30:00,8.56,
2023-07-06 16:45:00,8.54,
2023-07-06 17:00:00,8.53,
2023-07-06 17:15:00,8.52,
2023-07-06 17:30:00,8.48,
2023-07-06 17:45:00,8.49,
2023-07-06 18:00:00,8.49,
2023-07-06 18:15:00,8.51,
2023-07-06 18:30:00,8.49,
2023-07-06 18:45:00,8.49,
2023-07-06 19:00:00,8.51,
2023-07-06 19:15:00,8.51,
2023-07-06 19:30:00,8.52,
2023-07-06 19:45:00,8.55,
2023-07-06 20:00:00,8.57,
2023-07-06 20:15:00,8.6,
2023-07-06 20:30:00,8.63,
2023-07-06 20:45:00,8.67,
2023-07-06 21:00:00,8.71,
2023-07-06 21:15:00,8.74,
2023-07-06 21:30:00,8.77,
2023-07-06 21:45:00,8.810000000000002,
2023-07-06 22:00:00,8.84,
2023-07-06 22:15:00,8.88,
2023-07-06 22:30:00,8.91,
2023-07-06 22:45:00,8.94,
2023-07-06 23:00:00,8.97,
2023-07-06 23:15:00,9.0,
2023-07-06 23:30:00,9.03,
2023-07-06 23:45:00,9.05,
2023-07-07 00:00:00,9.08,
2023-07-07 00:15:00,9.1,
2023-07-07 00:30:00,9.119999999999996,
2023-07-07 00:45:00,9.14,
2023-07-07 01:00:00,9.15,
2023-07-07 01:15:00,9.17,
2023-07-07 01:30:00,9.18,
2023-07-07 01:45:00,9.2,
2023-07-07 02:00:00,9.21,
2023-07-07 02:15:00,9.22,
2023-07-07 02:30:00,9.24,
2023-07-07 02:45:00,9.25,
2023-07-07 03:00:00,9.27,
2023-07-07 03:15:00,9.28,
2023-07-07 03:30:00,9.29,
2023-07-07 03:45:00,9.31,
2023-07-07 04:00:00,9.32,
2023-07-07 04:15:00,9.33,
2023-07-07 04:30:00,9.34,
2023-07-07 04:45:00,9.35,
2023-07-07 05:00:00,9.37,
2023-07-07 05:15:00,9.39,
2023-07-07 05:30:00,9.41,
2023-07-07 05:45:00,9.44,
2023-07-07 06:00:00,9.47,
2023-07-07 06:15:00,9.49,
2023-07-07 06:30:00,9.51,
2023-07-07 06:45:00,9.53,
2023-07-07 07:00:00,9.56,
2023-07-07 07:15:00,9.6,
2023-07-07 07:30:00,9.62,
2023-07-07 07:45:00,9.63,
2023-07-07 08:00:00,9.63,
2023-07-07 08:15:00,9.62,
2023-07-07 08:30:00,9.63,
2023-07-07 08:45:00,9.6,
2023-07-07 09:00:00,9.6,
2023-07-07 09:15:00,9.6,
2023-07-07 09:30:00,9.55,
2023-07-07 09:45:00,9.49,
2023-07-07 10:00:00,9.5,
2023-07-07 10:15:00,9.49,
2023-07-07 10:30:00,9.43,
2023-07-07 10:45:00,9.38,
2023-07-07 11:00:00,9.35,
2023-07-07 11:15:00,9.3,
2023-07-07 11:30:00,9.25,
2023-07-07 11:45:00,9.19,
2023-07-07 12:00:00,9.13,
2023-07-07 12:15:00,9.0,
2023-07-07 12:30:00,8.89,
2023-07-07 12:45:00,8.82,
2023-07-07 13:00:00,8.85,
2023-07-07 13:15:00,8.79,
2023-07-07 13:30:00,8.72,
2023-07-07 13:45:00,8.71,
2023-07-07 14:00:00,8.78,
2023-07-07 14:15:00,8.84,
2023-07-07 14:30:00,8.78,
2023-07-07 14:45:00,8.73,
2023-07-07 15:00:00,8.64,
2023-07-07 15:15:00,8.53,
2023-07-07 15:30:00,8.54,
2023-07-07 15:45:00,8.54,
2023-07-07 16:00:00,8.59,
2023-07-07 16:15:00,8.66,
2023-07-07 16:30:00,8.66,
2023-07-07 16:45:00,8.7,
2023-07-07 17:00:00,8.7,
2023-07-07 17:15:00,8.66,
2023-07-07 17:30:00,8.64,
2023-07-07 17:45:00,8.61,
2023-07-07 18:00:00,8.6,
2023-07-07 18:15:00,8.6,
2023-07-07 18:30:00,8.62,
2023-07-07 18:45:00,8.63,
2023-07-07 19:00:00,8.63,
2023-07-07 19:15:00,8.62,
2023-07-07 19:30:00,8.63,
2023-07-07 19:45:00,8.65,
2023-07-07 20:00:00,8.67,
2023-07-07 20:15:00,8.69,
2023-07-07 20:30:00,8.72,
2023-07-07 20:45:00,8.74,
2023-07-07 21:00:00,8.77,
2023-07-07 21:15:00,8.79,
2023-07-07 21:30:00,8.82,
2023-07-07 21:45:00,8.84,
2023-07-07 22:00:00,8.87,
2023-07-07 22:15:00,8.89,
2023-07-07 22:30:00,8.91,
2023-07-07 22:45:00,8.94,
2023-07-07 23:00:00,8.96,
2023-07-07 23:15:00,8.98,
2023-07-07 23:30:00,9.0,
2023-07-07 23:45:00,9.02,
2023-07-08 00:00:00,9.03,
2023-07-08 00:15:00,9.05,
2023-07-08 00:30:00,9.06,
2023-07-08 00:45:00,9.08,
2023-07-08 01:00:00,9.09,
2023-07-08 01:15:00,9.11,
2023-07-08 01:30:00,9.13,
2023-07-08 01:45:00,9.14,
2023-07-08 02:00:00,9.15,
2023-07-08 02:15:00,9.17,
2023-07-08 02:30:00,9.18,
2023-07-08 02:45:00,9.19,
2023-07-08 03:00:00,9.2,
2023-07-08 03:15:00,9.21,
2023-07-08 03:30:00,9.23,
2023-07-08 03:45:00,9.23,
2023-07-08 04:00:00,9.24,
2023-07-08 04:15:00,9.25,
2023-07-08 04:30:00,9.26,
2023-07-08 04:45:00,9.27,
2023-07-08 05:00:00,9.28,
2023-07-08 05:15:00,9.3,
2023-07-08 05:30:00,9.31,
2023-07-08 05:45:00,9.33,
2023-07-08 06:00:00,9.35,
2023-07-08 06:15:00,9.38,
2023-07-08 06:30:00,9.42,
2023-07-08 06:45:00,9.46,
2023-07-08 07:00:00,9.48,
2023-07-08 07:15:00,9.53,
2023-07-08 07:30:00,9.53,
2023-07-08 07:45:00,9.53,
2023-07-08 08:00:00,9.52,
2023-07-08 08:15:00,9.5,
2023-07-08 08:30:00,9.5,
2023-07-08 08:45:00,9.49,
2023-07-08 09:00:00,9.47,
2023-07-08 09:15:00,9.45,
2023-07-08 09:30:00,9.43,
2023-07-08 09:45:00,9.4,
2023-07-08 10:00:00,9.37,
2023-07-08 10:15:00,9.34,
2023-07-08 10:30:00,9.3,
2023-07-08 10:45:00,9.26,
2023-07-08 11:00:00,9.21,
2023-07-08 11:15:00,9.17,
2023-07-08 11:30:00,9.11,
2023-07-08 11:45:00,9.06,
2023-07-08 12:00:00,9.02,
2023-07-08 12:15:00,8.96,
2023-07-08 12:30:00,8.9,
2023-07-08 12:45:00,8.87,
2023-07-08 13:00:00,8.83,
2023-07-08 13:15:00,8.79,
2023-07-08 13:30:00,8.71,
2023-07-08 13:45:00,8.7,
2023-07-08 14:00:00,8.68,
2023-07-08 14:15:00,8.67,
2023-07-08 14:30:00,8.68,
2023-07-08 14:45:00,8.65,
2023-07-08 15:00:00,8.63,
2023-07-08 15:15:00,8.61,
2023-07-08 15:30:00,8.55,
2023-07-08 15:45:00,8.49,
2023-07-08 16:00:00,8.49,
2023-07-08 16:15:00,8.47,
2023-07-08 16:30:00,8.43,
2023-07-08 16:45:00,8.51,
2023-07-08 17:00:00,8.52,
2023-07-08 17:15:00,8.51,
2023-07-08 17:30:00,8.5,
2023-07-08 17:45:00,8.48,
2023-07-08 18:00:00,8.45,
2023-07-08 18:15:00,8.46,
2023-07-08 18:30:00,8.47,
2023-07-08 18:45:00,8.48,
2023-07-08 19:00:00,8.47,
2023-07-08 19:15:00,8.49,
2023-07-08 19:30:00,8.5,
2023-07-08 19:45:00,8.51,
2023-07-08 20:00:00,8.52,
2023-07-08 20:15:00,8.53,
2023-07-08 20:30:00,8.55,
2023-07-08 20:45:00,8.59,
2023-07-08 21:00:00,8.62,
2023-07-08 21:15:00,8.66,
2023-07-08 21:30:00,8.69,
2023-07-08 21:45:00,8.73,
2023-07-08 22:00:00,8.77,
2023-07-08 22:15:00,8.81,
2023-07-08 22:30:00,8.84,
2023-07-08 22:45:00,8.869999999999997,
2023-07-08 23:00:00,8.9,
2023-07-08 23:15:00,8.93,
2023-07-08 23:30:00,8.95,
2023-07-08 23:45:00,8.98,
2023-07-09 00:00:00,9.0,
2023-07-09 00:15:00,9.02,
2023-07-09 00:30:00,9.04,
2023-07-09 00:45:00,9.06,
2023-07-09 01:00:00,9.08,
2023-07-09 01:15:00,9.09,
2023-07-09 01:30:00,9.11,
2023-07-09 01:45:00,9.12,
2023-07-09 02:00:00,9.14,
2023-07-09 02:15:00,9.15,
2023-07-09 02:30:00,9.16,
2023-07-09 02:45:00,9.17,
2023-07-09 03:00:00,9.19,
2023-07-09 03:15:00,9.2,
2023-07-09 03:30:00,9.21,
2023-07-09 03:45:00,9.22,
2023-07-09 04:00:00,9.23,
2023-07-09 04:15:00,9.239999999999998,
2023-07-09 04:30:00,9.25,
2023-07-09 04:45:00,9.26,
2023-07-09 05:00:00,9.27,
2023-07-09 05:15:00,9.29,
2023-07-09 05:30:00,9.31,
2023-07-09 05:45:00,9.34,
2023-07-09 06:00:00,9.37,
2023-07-09 06:15:00,9.4,
2023-07-09 06:30:00,9.42,
2023-07-09 06:45:00,9.43,
2023-07-09 07:00:00,9.45,
2023-07-09 07:15:00,9.49,
2023-07-09 07:30:00,9.51,
2023-07-09 07:45:00,9.52,
2023-07-09 08:00:00,9.53,
2023-07-09 08:15:00,9.53,
2023-07-09 08:30:00,9.52,
2023-07-09 08:45:00,9.51,
2023-07-09 09:00:00,9.49,
2023-07-09 09:15:00,9.48,
2023-07-09 09:30:00,9.45,
2023-07-09 09:45:00,9.419999999999998,
2023-07-09 10:00:00,9.37,
2023-07-09 10:15:00,9.33,
2023-07-09 10:30:00,9.29,
2023-07-09 10:45:00,9.23,
2023-07-09 11:00:00,9.18,
2023-07-09 11:15:00,9.14,
2023-07-09 11:30:00,9.08,
2023-07-09 11:45:00,9.03,
2023-07-09 12:00:00,8.98,
2023-07-09 12:15:00,8.93,
2023-07-09 12:30:00,8.880000000000003,
2023-07-09 12:45:00,8.84,
2023-07-09 13:00:00,8.79,
2023-07-09 13:15:00,8.74,
2023-07-09 13:30:00,8.7,
2023-07-09 13:45:00,8.66,
2023-07-09 14:00:00,8.61,
2023-07-09 14:15:00,8.58,
2023-07-09 14:30:00,8.55,
2023-07-09 14:45:00,8.52,
2023-07-09 15:00:00,8.49,
2023-07-09 15:15:00,8.47,
2023-07-09 15:30:00,8.44,
2023-07-09 15:45:00,8.42,
2023-07-09 16:00:00,8.4,
2023-07-09 16:15:00,8.39,
2023-07-09 16:30:00,8.37,
2023-07-09 16:45:00,8.36,
2023-07-09 17:00:00,8.36,
2023-07-09 17:15:00,8.33,
2023-07-09 17:30:00,8.33,
2023-07-09 17:45:00,8.34,
2023-07-09 18:00:00,8.34,
2023-07-09 18:15:00,8.34,
2023-07-09 18:30:00,8.34,
2023-07-09 18:45:00,8.33,
2023-07-09 19:00:00,8.34,
2023-07-09 19:15:00,8.37,
2023-07-09 19:30:00,8.39,
2023-07-09 19:45:00,8.42,
2023-07-09 20:00:00,8.44,
2023-07-09 20:15:00,8.47,
2023-07-09 20:30:00,8.51,
2023-07-09 20:45:00,8.55,
2023-07-09 21:00:00,8.59,
2023-07-09 21:15:00,8.64,
2023-07-09 21:30:00,8.68,
2023-07-09 21:45:00,8.72,
2023-07-09 22:00:00,8.76,
2023-07-09 22:15:00,8.8,
2023-07-09 22:30:00,8.83,
2023-07-09 22:45:00,8.86,
2023-07-09 23:00:00,8.89,
2023-07-09 23:15:00,8.92,
2023-07-09 23:30:00,8.94,
2023-07-09 23:45:00,8.96,
2023-07-10 00:00:00,8.98,
2023-07-10 00:15:00,9.0,
2023-07-10 00:30:00,9.02,
2023-07-10 00:45:00,9.04,
2023-07-10 01:00:00,9.05,
2023-07-10 01:15:00,9.07,
2023-07-10 01:30:00,9.09,
2023-07-10 01:45:00,9.1,
2023-07-10 02:00:00,9.11,
2023-07-10 02:15:00,9.13,
2023-07-10 02:30:00,9.14,
2023-07-10 02:45:00,9.15,
2023-07-10 03:00:00,9.17,
2023-07-10 03:15:00,9.18,
2023-07-10 03:30:00,9.19,
2023-07-10 03:45:00,9.21,
2023-07-10 04:00:00,9.22,
2023-07-10 04:15:00,9.23,
2023-07-10 04:30:00,9.24,
2023-07-10 04:45:00,9.25,
2023-07-10 05:00:00,9.27,
2023-07-10 05:15:00,9.29,
2023-07-10 05:30:00,9.31,
2023-07-10 05:45:00,9.34,
2023-07-10 06:00:00,9.36,
2023-07-10 06:15:00,9.39,
2023-07-10 06:30:00,9.41,
2023-07-10 06:45:00,9.42,
2023-07-10 07:00:00,9.45,
2023-07-10 07:15:00,9.49,
2023-07-10 07:30:00,9.52,
2023-07-10 07:45:00,9.53,
2023-07-10 08:00:00,9.53,
2023-07-10 08:15:00,9.53,
2023-07-10 08:30:00,9.52,
2023-07-10 08:45:00,9.51,
2023-07-10 09:00:00,9.5,
2023-07-10 09:15:00,9.47,
2023-07-10 09:30:00,9.45,
2023-07-10 09:45:00,9.41,
2023-07-10 10:00:00,9.36,
2023-07-10 10:15:00,9.31,
2023-07-10 10:30:00,9.26,
2023-07-10 10:45:00,9.22,
2023-07-10 11:00:00,9.17,
2023-07-10 11:15:00,9.12,
2023-07-10 11:30:00,9.07,
2023-07-10 11:45:00,9.02,
2023-07-10 12:00:00,8.97,
2023-07-10 12:15:00,8.92,
2023-07-10 12:30:00,8.87,
2023-07-10 12:45:00,8.83,
2023-07-10 13:00:00,8.78,
2023-07-10 13:15:00,8.74,
2023-07-10 13:30:00,8.7,
2023-07-10 13:45:00,8.66,
2023-07-10 14:00:00,8.62,
2023-07-10 14:15:00,8.59,
2023-07-10 14:30:00,8.55,
2023-07-10 14:45:00,8.52,
2023-07-10 15:00:00,8.49,
2023-07-10 15:15:00,8.47,
2023-07-10 15:30:00,8.44,
2023-07-10 15:45:00,8.42,
2023-07-10 16:00:00,8.41,
2023-07-10 16:15:00,8.39,
2023-07-10 16:30:00,8.38,
2023-07-10 16:45:00,8.37,
2023-07-10 17:00:00,8.36,
2023-07-10 17:15:00,8.36,
2023-07-10 17:30:00,8.35,
2023-07-10 17:45:00,8.35,
2023-07-10 18:00:00,8.34,
2023-07-10 18:15:00,8.34,
2023-07-10 18:30:00,8.34,
2023-07-10 18:45:00,8.33,
2023-07-10 19:00:00,8.34,
2023-07-10 19:15:00,8.36,
2023-07-10 19:30:00,8.39,
2023-07-10 19:45:00,8.42,
2023-07-10 20:00:00,8.45,
2023-07-10 20:15:00,8.48,
2023-07-10 20:30:00,8.52,
2023-07-10 20:45:00,8.56,
2023-07-10 21:00:00,8.61,
2023-07-10 21:15:00,8.65,
2023-07-10 21:30:00,8.7,
2023-07-10 21:45:00,8.74,
2023-07-10 22:00:00,8.78,
2023-07-10 22:15:00,8.82,
2023-07-10 22:30:00,8.86,
2023-07-10 22:45:00,8.89,
2023-07-10 23:00:00,8.92,
2023-07-10 23:15:00,8.96,
2023-07-10 23:30:00,8.99,
2023-07-10 23:45:00,9.02,
2023-07-11 00:00:00,9.05,
2023-07-11 00:15:00,9.07,
2023-07-11 00:30:00,9.09,
2023-07-11 00:45:00,9.11,
2023-07-11 01:00:00,9.14,
2023-07-11 01:15:00,9.16,
2023-07-11 01:30:00,9.18,
2023-07-11 01:45:00,9.19,
2023-07-11 02:00:00,9.21,
2023-07-11 02:15:00,9.23,
2023-07-11 02:30:00,9.25,
2023-07-11 02:45:00,9.26,
2023-07-11 03:00:00,9.28,
2023-07-11 03:15:00,9.3,
2023-07-11 03:30:00,9.31,
2023-07-11 03:45:00,9.32,
2023-07-11 04:00:00,9.34,
2023-07-11 04:15:00,9.36,
2023-07-11 04:30:00,9.37,
2023-07-11 04:45:00,9.38,
2023-07-11 05:00:00,9.4,
2023-07-11 05:15:00,9.420000000000002,
2023-07-11 05:30:00,9.45,
2023-07-11 05:45:00,9.47,
2023-07-11 06:00:00,9.5,
2023-07-11 06:15:00,9.52,
2023-07-11 06:30:00,9.54,
2023-07-11 06:45:00,9.56,
2023-07-11 07:00:00,9.58,
2023-07-11 07:15:00,9.62,
2023-07-11 07:30:00,9.65,
2023-07-11 07:45:00,9.66,
2023-07-11 08:00:00,9.65,
2023-07-11 08:15:00,9.64,
2023-07-11 08:30:00,9.63,
2023-07-11 08:45:00,9.61,
2023-07-11 09:00:00,9.59,
2023-07-11 09:15:00,9.56,
2023-07-11 09:30:00,9.54,
2023-07-11 09:45:00,9.5,
2023-07-11 10:00:00,9.45,
2023-07-11 10:15:00,9.41,
2023-07-11 10:30:00,9.36,
2023-07-11 10:45:00,9.3,
2023-07-11 11:00:00,9.25,
2023-07-11 11:15:00,9.19,
2023-07-11 11:30:00,9.14,
2023-07-11 11:45:00,9.09,
2023-07-11 12:00:00,9.03,
2023-07-11 12:15:00,8.98,
2023-07-11 12:30:00,8.93,
2023-07-11 12:45:00,8.88,
2023-07-11 13:00:00,8.84,
2023-07-11 13:15:00,8.8,
2023-07-11 13:30:00,8.75,
2023-07-11 13:45:00,8.71,
2023-07-11 14:00:00,8.67,
2023-07-11 14:15:00,8.64,
2023-07-11 14:30:00,8.6,
2023-07-11 14:45:00,8.57,
2023-07-11 15:00:00,8.54,
2023-07-11 15:15:00,8.52,
2023-07-11 15:30:00,8.48,
2023-07-11 15:45:00,8.46,
2023-07-11 16:00:00,8.45,
2023-07-11 16:15:00,8.43,
2023-07-11 16:30:00,8.42,
2023-07-11 16:45:00,8.41,
2023-07-11 17:00:00,8.39,
2023-07-11 17:15:00,8.37,
2023-07-11 17:30:00,8.38,
2023-07-11 17:45:00,8.37,
2023-07-11 18:00:00,8.36,
2023-07-11 18:15:00,8.36,
2023-07-11 18:30:00,8.36,
2023-07-11 18:45:00,8.35,
2023-07-11 19:00:00,8.36,
2023-07-11 19:15:00,8.38,
2023-07-11 19:30:00,8.4,
2023-07-11 19:45:00,8.43,
2023-07-11 20:00:00,8.46,
2023-07-11 20:15:00,8.49,
2023-07-11 20:30:00,8.52,
2023-07-11 20:45:00,8.56,
2023-07-11 21:00:00,8.61,
2023-07-11 21:15:00,8.65,
2023-07-11 21:30:00,8.69,
2023-07-11 21:45:00,8.74,
2023-07-11 22:00:00,8.78,
2023-07-11 22:15:00,8.81,
2023-07-11 22:30:00,8.85,
2023-07-11 22:45:00,8.88,
2023-07-11 23:00:00,8.91,
2023-07-11 23:15:00,8.94,
2023-07-11 23:30:00,8.97,
2023-07-11 23:45:00,8.99,
2023-07-12 00:00:00,9.01,
2023-07-12 00:15:00,9.03,
2023-07-12 00:30:00,9.05,
2023-07-12 00:45:00,9.07,
2023-07-12 01:00:00,9.09,
2023-07-12 01:15:00,9.11,
2023-07-12 01:30:00,9.13,
2023-07-12 01:45:00,9.14,
2023-07-12 02:00:00,9.16,
2023-07-12 02:15:00,9.17,
2023-07-12 02:30:00,9.19,
2023-07-12 02:45:00,9.21,
2023-07-12 03:00:00,9.22,
2023-07-12 03:15:00,9.24,
2023-07-12 03:30:00,9.25,
2023-07-12 03:45:00,9.27,
2023-07-12 04:00:00,9.28,
2023-07-12 04:15:00,9.29,
2023-07-12 04:30:00,9.31,
2023-07-12 04:45:00,9.32,
2023-07-12 05:00:00,9.34,
2023-07-12 05:15:00,9.36,
2023-07-12 05:30:00,9.38,
2023-07-12 05:45:00,9.41,
2023-07-12 06:00:00,9.43,
2023-07-12 06:15:00,9.46,
2023-07-12 06:30:00,9.48,
2023-07-12 06:45:00,9.5,
2023-07-12 07:00:00,9.52,
2023-07-12 07:15:00,9.56,
2023-07-12 07:30:00,9.58,
2023-07-12 07:45:00,9.6,
2023-07-12 08:00:00,9.6,
2023-07-12 08:15:00,9.59,
2023-07-12 08:30:00,9.58,
2023-07-12 08:45:00,9.56,
2023-07-12 09:00:00,9.54,
2023-07-12 09:15:00,9.52,
2023-07-12 09:30:00,9.49,
2023-07-12 09:45:00,9.45,
2023-07-12 10:00:00,9.41,
2023-07-12 10:15:00,9.36,
2023-07-12 10:30:00,9.3125,LI
2023-07-12 10:45:00,9.265,LI
2023-07-12 11:00:00,9.2175,LI
2023-07-12 11:15:00,9.17,
2023-07-12 11:30:00,9.11,
2023-07-12 11:45:00,9.06,
2023-07-12 12:00:00,8.99,
2023-07-12 12:15:00,8.95,
2023-07-12 12:30:00,8.9,
2023-07-12 12:45:00,8.85,
2023-07-12 13:00:00,8.81,
2023-07-12 13:15:00,8.76,
2023-07-12 13:30:00,8.71,
2023-07-12 13:45:00,8.66,
2023-07-12 14:00:00,8.62,
2023-07-12 14:15:00,8.58,
2023-07-12 14:30:00,8.55,
2023-07-12 14:45:00,8.52,
2023-07-12 15:00:00,8.5,
2023-07-12 15:15:00,8.47,
2023-07-12 15:30:00,8.45,
2023-07-12 15:45:00,8.42,
2023-07-12 16:00:00,8.4,
2023-07-12 16:15:00,8.38,
2023-07-12 16:30:00,8.37,
2023-07-12 16:45:00,8.36,
2023-07-12 17:00:00,8.35,
2023-07-12 17:15:00,8.34,
2023-07-12 17:30:00,8.34,
2023-07-12 17:45:00,8.33,
2023-07-12 18:00:00,8.32,
2023-07-12 18:15:00,8.32,
2023-07-12 18:30:00,8.32,
2023-07-12 18:45:00,8.31,
2023-07-12 19:00:00,8.32,
2023-07-12 19:15:00,8.35,
2023-07-12 19:30:00,8.38,
2023-07-12 19:45:00,8.41,
2023-07-12 20:00:00,8.44,
2023-07-12 20:15:00,8.47,
2023-07-12 20:30:00,8.51,
2023-07-12 20:45:00,8.55,
2023-07-12 21:00:00,8.6,
2023-07-12 21:15:00,8.64,
2023-07-12 21:30:00,8.69,
2023-07-12 21:45:00,8.73,
2023-07-12 22:00:00,8.77,
2023-07-12 22:15:00,8.81,
2023-07-12 22:30:00,8.85,
2023-07-12 22:45:00,8.88,
2023-07-12 23:00:00,8.91,
2023-07-12 23:15:00,8.94,
2023-07-12 23:30:00,8.97,
2023-07-12 23:45:00,9.0,
2023-07-13 00:00:00,9.02,
2023-07-13 00:15:00,9.05,
2023-07-13 00:30:00,9.07,
2023-07-13 00:45:00,9.09,
2023-07-13 01:00:00,9.11,
2023-07-13 01:15:00,9.13,
2023-07-13 01:30:00,9.14,
2023-07-13 01:45:00,9.16,
2023-07-13 02:00:00,9.18,
2023-07-13 02:15:00,9.2,
2023-07-13 02:30:00,9.21,
2023-07-13 02:45:00,9.23,
2023-07-13 03:00:00,9.24,
2023-07-13 03:15:00,9.26,
2023-07-13 03:30:00,9.27,
2023-07-13 03:45:00,9.28,
2023-07-13 04:00:00,9.3,
2023-07-13 04:15:00,9.31,
2023-07-13 04:30:00,9.32,
2023-07-13 04:45:00,9.33,
2023-07-13 05:00:00,9.35,
2023-07-13 05:15:00,9.37,
2023-07-13 05:30:00,9.39,
2023-07-13 05:45:00,9.42,
2023-07-13 06:00:00,9.44,
2023-07-13 06:15:00,9.46,
2023-07-13 06:30:00,9.48,
2023-07-13 06:45:00,9.5,
2023-07-13 07:00:00,9.52,
2023-07-13 07:15:00,9.56,
2023-07-13 07:30:00,9.58,
2023-07-13 07:45:00,9.59,
2023-07-13 08:00:00,9.59,
2023-07-13 08:15:00,9.58,
2023-07-13 08:30:00,9.57,
2023-07-13 08:45:00,9.55,
2023-07-13 09:00:00,9.53,
2023-07-13 09:15:00,9.5,
2023-07-13 09:30:00,9.46,
2023-07-13 09:45:00,9.42,
2023-07-13 10:00:00,9.38,
2023-07-13 10:15:00,9.33,
2023-07-13 10:30:00,9.28,
2023-07-13 10:45:00,9.23,
2023-07-13 11:00:00,9.17,
2023-07-13 11:15:00,9.12,
2023-07-13 11:30:00,9.06,
2023-07-13 11:45:00,9.01,
2023-07-13 12:00:00,8.96,
2023-07-13 12:15:00,8.91,
2023-07-13 12:30:00,8.86,
2023-07-13 12:45:00,8.82,
2023-07-13 13:00:00,8.77,
2023-07-13 13:15:00,8.73,
2023-07-13 13:30:00,8.69,
2023-07-13 13:45:00,8.65,
2023-07-13 14:00:00,8.61,
2023-07-13 14:15:00,8.57,
2023-07-13 14:30:00,8.54,
2023-07-13 14:45:00,8.51,
2023-07-13 15:00:00,8.48,
2023-07-13 15:15:00,8.46,
2023-07-13 15:30:00,8.43,
2023-07-13 15:45:00,8.41,
2023-07-13 16:00:00,8.39,
2023-07-13 16:15:00,8.38,
2023-07-13 16:30:00,8.28,
2023-07-13 16:45:00,8.35,
2023-07-13 17:00:00,8.31,
2023-07-13 17:15:00,8.33,
2023-07-13 17:30:00,8.35,
2023-07-13 17:45:00,8.36,
2023-07-13 18:00:00,8.36,
2023-07-13 18:15:00,8.35,
2023-07-13 18:30:00,8.34,
2023-07-13 18:45:00,8.33,
2023-07-13 19:00:00,8.34,
2023-07-13 19:15:00,8.36,
2023-07-13 19:30:00,8.38,
2023-07-13 19:45:00,8.41,
2023-07-13 20:00:00,8.43,
2023-07-13 20:15:00,8.46,
2023-07-13 20:30:00,8.49,
2023-07-13 20:45:00,8.54,
2023-07-13 21:00:00,8.58,
2023-07-13 21:15:00,8.62,
2023-07-13 21:30:00,8.66,
2023-07-13 21:45:00,8.7,
2023-07-13 22:00:00,8.74,
2023-07-13 22:15:00,8.78,
2023-07-13 22:30:00,8.81,
2023-07-13 22:45:00,8.85,
2023-07-13 23:00:00,8.88,
2023-07-13 23:15:00,8.92,
2023-07-13 23:30:00,8.95,
2023-07-13 23:45:00,8.98,
2023-07-14 00:00:00,9.0,
2023-07-14 00:15:00,9.03,
2023-07-14 00:30:00,9.05,
2023-07-14 00:45:00,9.07,
2023-07-14 01:00:00,9.09,
2023-07-14 01:15:00,9.11,
2023-07-14 01:30:00,9.13,
2023-07-14 01:45:00,9.14,
2023-07-14 02:00:00,9.16,
2023-07-14 02:15:00,9.18,
2023-07-14 02:30:00,9.19,
2023-07-14 02:45:00,9.21,
2023-07-14 03:00:00,9.23,
2023-07-14 03:15:00,9.24,
2023-07-14 03:30:00,9.25,
2023-07-14 03:45:00,9.27,
2023-07-14 04:00:00,9.28,
2023-07-14 04:15:00,9.29,
2023-07-14 04:30:00,9.31,
2023-07-14 04:45:00,9.32,
2023-07-14 05:00:00,9.33,
2023-07-14 05:15:00,9.35,
2023-07-14 05:30:00,9.38,
2023-07-14 05:45:00,9.41,
2023-07-14 06:00:00,9.43,
2023-07-14 06:15:00,9.45,
2023-07-14 06:30:00,9.47,
2023-07-14 06:45:00,9.49,
2023-07-14 07:00:00,9.52,
2023-07-14 07:15:00,9.55,
2023-07-14 07:30:00,9.58,
2023-07-14 07:45:00,9.6,
2023-07-14 08:00:00,9.59,
2023-07-14 08:15:00,9.58,
2023-07-14 08:30:00,9.56,
2023-07-14 08:45:00,9.54,
2023-07-14 09:00:00,9.52,
2023-07-14 09:15:00,9.49,
2023-07-14 09:30:00,9.46,
2023-07-14 09:45:00,9.42,
2023-07-14 10:00:00,9.38,
2023-07-14 10:15:00,9.34,
2023-07-14 10:30:00,9.29,
2023-07-14 10:45:00,9.24,
2023-07-14 11:00:00,9.19,
2023-07-14 11:15:00,9.14,
2023-07-14 11:30:00,9.09,
2023-07-14 11:45:00,9.03,
2023-07-14 12:00:00,8.98,
2023-07-14 12:15:00,8.93,
2023-07-14 12:30:00,8.87,
2023-07-14 12:45:00,8.82,
2023-07-14 13:00:00,8.78,
2023-07-14 13:15:00,8.73,
2023-07-14 13:30:00,8.69,
2023-07-14 13:45:00,8.65,
2023-07-14 14:00:00,8.61,
2023-07-14 14:15:00,8.57,
2023-07-14 14:30:00,8.54,
2023-07-14 14:45:00,8.51,
2023-07-14 15:00:00,8.48,
2023-07-14 15:15:00,8.45,
2023-07-14 15:30:00,8.43,
2023-07-14 15:45:00,8.4,
2023-07-14 16:00:00,8.38,
2023-07-14 16:15:00,8.38,
2023-07-14 16:30:00,8.36,
2023-07-14 16:45:00,8.34,
2023-07-14 17:00:00,8.34,
2023-07-14 17:15:00,8.34,
2023-07-14 17:30:00,8.34,
2023-07-14 17:45:00,8.33,
2023-07-14 18:00:00,8.33,
2023-07-14 18:15:00,8.32,
2023-07-14 18:30:00,8.32,
2023-07-14 18:45:00,8.32,
2023-07-14 19:00:00,8.33,
2023-07-14 19:15:00,8.35,
2023-07-14 19:30:00,8.37,
2023-07-14 19:45:00,8.4,
2023-07-14 20:00:00,8.43,
2023-07-14 20:15:00,8.46,
2023-07-14 20:30:00,8.5,
2023-07-14 20:45:00,8.55,
2023-07-14 21:00:00,8.59,
2023-07-14 21:15:00,8.63,
2023-07-14 21:30:00,8.68,
2023-07-14 21:45:00,8.72,
2023-07-14 22:00:00,8.77,
2023-07-14 22:15:00,8.81,
2023-07-14 22:30:00,8.85,
2023-07-14 22:45:00,8.89,
2023-07-14 23:00:00,8.93,
2023-07-14 23:15:00,8.96,
2023-07-14 23:30:00,8.99,
2023-07-14 23:45:00,9.02,
2023-07-15 00:00:00,9.05,
2023-07-15 00:15:00,9.08,
2023-07-15 00:30:00,9.11,
2023-07-15 00:45:00,9.13,
2023-07-15 01:00:00,9.15,
2023-07-15 01:15:00,9.17,
2023-07-15 01:30:00,9.19,
2023-07-15 01:45:00,9.22,
2023-07-15 02:00:00,9.23,
2023-07-15 02:15:00,9.25,
2023-07-15 02:30:00,9.27,
2023-07-15 02:45:00,9.29,
2023-07-15 03:00:00,9.3,
2023-07-15 03:15:00,9.32,
2023-07-15 03:30:00,9.34,
2023-07-15 03:45:00,9.36,
2023-07-15 04:00:00,9.37,
2023-07-15 04:15:00,9.38,
2023-07-15 04:30:00,9.4,
2023-07-15 04:45:00,9.41,
2023-07-15 05:00:00,9.43,
2023-07-15 05:15:00,9.45,
2023-07-15 05:30:00,9.48,
2023-07-15 05:45:00,9.5,
2023-07-15 06:00:00,9.53,
2023-07-15 06:15:00,9.55,
2023-07-15 06:30:00,9.57,
2023-07-15 06:45:00,9.59,
2023-07-15 07:00:00,9.61,
2023-07-15 07:15:00,9.65,
2023-07-15 07:30:00,9.67,
2023-07-15 07:45:00,9.68,
2023-07-15 08:00:00,9.68,
2023-07-15 08:15:00,9.66,
2023-07-15 08:30:00,9.64,
2023-07-15 08:45:00,9.62,
2023-07-15 09:00:00,9.59,
2023-07-15 09:15:00,9.56,
2023-07-15 09:30:00,9.53,
2023-07-15 09:45:00,9.49,
2023-07-15 10:00:00,9.45,
2023-07-15 10:15:00,9.4,
2023-07-15 10:30:00,9.34,
2023-07-15 10:45:00,9.28,
2023-07-15 11:00:00,9.22,
2023-07-15 11:15:00,9.17,
2023-07-15 11:30:00,9.11,
2023-07-15 11:45:00,9.05,
2023-07-15 12:00:00,9.0,
2023-07-15 12:15:00,8.94,
2023-07-15 12:30:00,8.89,
2023-07-15 12:45:00,8.84,
2023-07-15 13:00:00,8.79,
2023-07-15 13:15:00,8.75,
2023-07-15 13:30:00,8.7,
2023-07-15 13:45:00,8.66,
2023-07-15 14:00:00,8.62,
2023-07-15 14:15:00,8.58,
2023-07-15 14:30:00,8.53,
2023-07-15 14:45:00,8.5,
2023-07-15 15:00:00,8.48,
2023-07-15 15:15:00,8.46,
2023-07-15 15:30:00,8.43,
2023-07-15 15:45:00,8.4,
2023-07-15 16:00:00,8.37,
2023-07-15 16:15:00,8.35,
2023-07-15 16:30:00,8.35,
2023-07-15 16:45:00,8.34,
2023-07-15 17:00:00,8.33,
2023-07-15 17:15:00,8.32,
2023-07-15 17:30:00,8.31,
2023-07-15 17:45:00,8.31,
2023-07-15 18:00:00,8.31,
2023-07-15 18:15:00,8.310000000000002,
2023-07-15 18:30:00,8.31,
2023-07-15 18:45:00,8.3,
2023-07-15 19:00:00,8.32,
2023-07-15 19:15:00,8.35,
2023-07-15 19:30:00,8.38,
2023-07-15 19:45:00,8.41,
2023-07-15 20:00:00,8.44,
2023-07-15 20:15:00,8.48,
2023-07-15 20:30:00,8.52,
2023-07-15 20:45:00,8.57,
2023-07-15 21:00:00,8.61,
2023-07-15 21:15:00,8.66,
2023-07-15 21:30:00,8.7,
2023-07-15 21:45:00,8.75,
2023-07-15 22:00:00,8.79,
2023-07-15 22:15:00,8.83,
2023-07-15 22:30:00,8.87,
2023-07-15 22:45:00,8.91,
2023-07-15 23:00:00,8.95,
2023-07-15 23:15:00,8.98,
2023-07-15 23:30:00,9.01,
2023-07-15 23:45:00,9.04,
2023-07-16 00:00:00,9.07,
2023-07-16 00:15:00,9.09,
2023-07-16 00:30:00,9.12,
2023-07-16 00:45:00,9.13,
2023-07-16 01:00:00,9.15,
2023-07-16 01:15:00,9.18,
2023-07-16 01:30:00,9.19,
2023-07-16 01:45:00,9.21,
2023-07-16 02:00:00,9.23,
2023-07-16 02:15:00,9.25,
2023-07-16 02:30:00,9.26,
2023-07-16 02:45:00,9.28,
2023-07-16 03:00:00,9.29,
2023-07-16 03:15:00,9.3,
2023-07-16 03:30:00,9.31,
2023-07-16 03:45:00,9.33,
2023-07-16 04:00:00,9.34,
2023-07-16 04:15:00,9.35,
2023-07-16 04:30:00,9.36,
2023-07-16 04:45:00,9.37,
2023-07-16 05:00:00,9.38,
2023-07-16 05:15:00,9.4,
2023-07-16 05:30:00,9.42,
2023-07-16 05:45:00,9.45,
2023-07-16 06:00:00,9.47,
2023-07-16 06:15:00,9.49,
2023-07-16 06:30:00,9.5,
2023-07-16 06:45:00,9.52,
2023-07-16 07:00:00,9.54,
2023-07-16 07:15:00,9.56,
2023-07-16 07:30:00,9.58,
2023-07-16 07:45:00,9.59,
2023-07-16 08:00:00,9.59,
2023-07-16 08:15:00,9.57,
2023-07-16 08:30:00,9.55,
2023-07-16 08:45:00,9.53,
2023-07-16 09:00:00,9.5,
2023-07-16 09:15:00,9.47,
2023-07-16 09:30:00,9.43,
2023-07-16 09:45:00,9.4,
2023-07-16 10:00:00,9.35,
2023-07-16 10:15:00,9.3,
2023-07-16 10:30:00,9.25,
2023-07-16 10:45:00,9.19,
2023-07-16 11:00:00,9.13,
2023-07-16 11:15:00,9.07,
2023-07-16 11:30:00,9.01,
2023-07-16 11:45:00,8.96,
2023-07-16 12:00:00,8.9,
2023-07-16 12:15:00,8.85,
2023-07-16 12:30:00,8.8,
2023-07-16 12:45:00,8.75,
2023-07-16 13:00:00,8.7,
2023-07-16 13:15:00,8.65,
2023-07-16 13:30:00,8.6,
2023-07-16 13:45:00,8.56,
2023-07-16 14:00:00,8.52,
2023-07-16 14:15:00,8.47,
2023-07-16 14:30:00,8.43,
2023-07-16 14:45:00,8.37,
2023-07-16 15:00:00,8.36,
2023-07-16 15:15:00,8.32,
2023-07-16 15:30:00,8.26,
2023-07-16 15:45:00,8.26,
2023-07-16 16:00:00,8.23,
2023-07-16 16:15:00,8.23,
2023-07-16 16:30:00,8.22,
2023-07-16 16:45:00,8.22,
2023-07-16 17:00:00,8.21,
2023-07-16 17:15:00,8.21,
2023-07-16 17:30:00,8.21,
2023-07-16 17:45:00,8.2,
2023-07-16 18:00:00,8.2,
2023-07-16 18:15:00,8.2,
2023-07-16 18:30:00,8.2,
2023-07-16 18:45:00,8.19,
2023-07-16 19:00:00,8.21,
2023-07-16 19:15:00,8.24,
2023-07-16 19:30:00,8.26,
2023-07-16 19:45:00,8.3,
2023-07-16 20:00:00,8.33,
2023-07-16 20:15:00,8.36,
2023-07-16 20:30:00,8.4,
2023-07-16 20:45:00,8.44,
2023-07-16 21:00:00,8.49,
2023-07-16 21:15:00,8.53,
2023-07-16 21:30:00,8.58,
2023-07-16 21:45:00,8.62,
2023-07-16 22:00:00,8.66,
2023-07-16 22:15:00,8.7,
2023-07-16 22:30:00,8.74,
2023-07-16 22:45:00,8.77,
2023-07-16 23:00:00,8.81,
2023-07-16 23:15:00,8.84,
2023-07-16 23:30:00,8.86,
2023-07-16 23:45:00,8.9,
2023-07-17 00:00:00,8.92,
2023-07-17 00:15:00,8.95,
2023-07-17 00:30:00,8.97,
2023-07-17 00:45:00,8.990000000000002,
2023-07-17 01:00:00,9.01,
2023-07-17 01:15:00,9.03,
2023-07-17 01:30:00,9.04,
2023-07-17 01:45:00,9.06,
2023-07-17 02:00:00,9.07,
2023-07-17 02:15:00,9.09,
2023-07-17 02:30:00,9.1,
2023-07-17 02:45:00,9.11,
2023-07-17 03:00:00,9.13,
2023-07-17 03:15:00,9.14,
2023-07-17 03:30:00,9.15,
2023-07-17 03:45:00,9.17,
2023-07-17 04:00:00,9.18,
2023-07-17 04:15:00,9.19,
2023-07-17 04:30:00,9.2,
2023-07-17 04:45:00,9.21,
2023-07-17 05:00:00,9.22,
2023-07-17 05:15:00,9.23,
2023-07-17 05:30:00,9.25,
2023-07-17 05:45:00,9.27,
2023-07-17 06:00:00,9.31,
2023-07-17 06:15:00,9.34,
2023-07-17 06:30:00,9.36,
2023-07-17 06:45:00,9.39,
2023-07-17 07:00:00,9.43,
2023-07-17 07:15:00,9.44,
2023-07-17 07:30:00,9.44,
2023-07-17 07:45:00,9.45,
2023-07-17 08:00:00,9.45,
2023-07-17 08:15:00,9.45,
2023-07-17 08:30:00,9.44,
2023-07-17 08:45:00,9.43,
2023-07-17 09:00:00,9.39,
2023-07-17 09:15:00,9.35,
2023-07-17 09:30:00,9.32,
2023-07-17 09:45:00,9.28,
2023-07-17 10:00:00,9.24,
2023-07-17 10:15:00,9.2,
2023-07-17 10:30:00,9.14,
2023-07-17 10:45:00,9.09,
2023-07-17 11:00:00,9.02,
2023-07-17 11:15:00,8.99,
2023-07-17 11:30:00,8.96,
2023-07-17 11:45:00,8.91,
2023-07-17 12:00:00,8.87,
2023-07-17 12:15:00,8.82,
2023-07-17 12:30:00,8.77,
2023-07-17 12:45:00,8.73,
2023-07-17 13:00:00,8.68,
2023-07-17 13:15:00,8.63,
2023-07-17 13:30:00,8.59,
2023-07-17 13:45:00,8.55,
2023-07-17 14:00:00,8.5,
2023-07-17 14:15:00,8.47,
2023-07-17 14:30:00,8.43,
2023-07-17 14:45:00,8.39,
2023-07-17 15:00:00,8.41,
2023-07-17 15:15:00,8.4,
2023-07-17 15:30:00,8.38,
2023-07-17 15:45:00,8.37,
2023-07-17 16:00:00,8.4,
2023-07-17 16:15:00,8.38,
2023-07-17 16:30:00,8.3,
2023-07-17 16:45:00,8.28,
2023-07-17 17:00:00,8.27,
2023-07-17 17:15:00,8.25,
2023-07-17 17:30:00,8.3,
2023-07-17 17:45:00,8.32,
2023-07-17 18:00:00,8.35,
2023-07-17 18:15:00,8.37,
2023-07-17 18:30:00,8.38,
2023-07-17 18:45:00,8.35,
2023-07-17 19:00:00,8.34,
2023-07-17 19:15:00,8.35,
2023-07-17 19:30:00,8.37,
2023-07-17 19:45:00,8.39,
2023-07-17 20:00:00,8.41,
2023-07-17 20:15:00,8.43,
2023-07-17 20:30:00,8.46,
2023-07-17 20:45:00,8.49,
2023-07-17 21:00:00,8.53,
2023-07-17 21:15:00,8.57,
2023-07-17 21:30:00,8.6,
2023-07-17 21:45:00,8.64,
2023-07-17 22:00:00,8.67,
2023-07-17 22:15:00,8.7,
2023-07-17 22:30:00,8.72,
2023-07-17 22:45:00,8.74,
2023-07-17 23:00:00,8.76,
2023-07-17 23:15:00,8.78,
2023-07-17 23:30:00,8.81,
2023-07-17 23:45:00,8.83,
2023-07-18 00:00:00,8.86,
2023-07-18 00:15:00,8.88,
2023-07-18 00:30:00,8.9,
2023-07-18 00:45:00,8.92,
2023-07-18 01:00:00,8.93,
2023-07-18 01:15:00,8.94,
2023-07-18 01:30:00,8.96,
2023-07-18 01:45:00,8.97,
2023-07-18 02:00:00,8.99,
2023-07-18 02:15:00,9.0,
2023-07-18 02:30:00,9.01,
2023-07-18 02:45:00,9.02,
2023-07-18 03:00:00,9.03,
2023-07-18 03:15:00,9.03,
2023-07-18 03:30:00,9.04,
2023-07-18 03:45:00,9.04,
2023-07-18 04:00:00,9.05,
2023-07-18 04:15:00,9.06,
2023-07-18 04:30:00,9.07,
2023-07-18 04:45:00,9.07,
2023-07-18 05:00:00,9.08,
2023-07-18 05:15:00,9.09,
2023-07-18 05:30:00,9.12,
2023-07-18 05:45:00,9.15,
2023-07-18 06:00:00,9.19,
2023-07-18 06:15:00,9.2,
2023-07-18 06:30:00,9.22,
2023-07-18 06:45:00,9.22,
2023-07-18 07:00:00,9.24,
2023-07-18 07:15:00,9.260000000000002,
2023-07-18 07:30:00,9.29,
2023-07-18 07:45:00,9.34,
2023-07-18 08:00:00,9.28,
2023-07-18 08:15:00,9.27,
2023-07-18 08:30:00,9.29,
2023-07-18 08:45:00,9.28,
2023-07-18 09:00:00,9.27,
2023-07-18 09:15:00,9.24,
2023-07-18 09:30:00,9.2,
2023-07-18 09:45:00,9.21,
2023-07-18 10:00:00,9.19,
2023-07-18 10:15:00,9.14,
2023-07-18 10:30:00,9.07,
2023-07-18 10:45:00,9.12,
2023-07-18 11:00:00,9.13,
2023-07-18 11:15:00,9.09,
2023-07-18 11:30:00,9.03,
2023-07-18 11:45:00,8.98,
2023-07-18 12:00:00,8.89,
2023-07-18 12:15:00,8.809999999999999,
2023-07-18 12:30:00,8.810000000000002,
2023-07-18 12:45:00,8.74,
2023-07-18 13:00:00,8.73,
2023-07-18 13:15:00,8.67,
2023-07-18 13:30:00,8.66,
2023-07-18 13:45:00,8.61,
2023-07-18 14:00:00,8.54,
2023-07-18 14:15:00,8.46,
2023-07-18 14:30:00,8.45,
2023-07-18 14:45:00,8.44,
2023-07-18 15:00:00,8.4,
2023-07-18 15:15:00,8.36,
2023-07-18 15:30:00,8.3,
2023-07-18 15:45:00,8.23,
2023-07-18 16:00:00,8.1,
2023-07-18 16:15:00,8.04,
2023-07-18 16:30:00,8.07,
2023-07-18 16:45:00,8.09,
2023-07-18 17:00:00,8.13,
2023-07-18 17:15:00,8.19,
2023-07-18 17:30:00,8.32,
2023-07-18 17:45:00,8.41,
2023-07-18 18:00:00,8.39,
2023-07-18 18:15:00,8.37,
2023-07-18 18:30:00,8.34,
2023-07-18 18:45:00,8.31,
2023-07-18 19:00:00,8.3,
2023-07-18 19:15:00,8.33,
2023-07-18 19:30:00,8.36,
2023-07-18 19:45:00,8.39,
2023-07-18 20:00:00,8.42,
2023-07-18 20:15:00,8.46,
2023-07-18 20:30:00,8.5,
2023-07-18 20:45:00,8.54,
2023-07-18 21:00:00,8.57,
2023-07-18 21:15:00,8.61,
2023-07-18 21:30:00,8.64,
2023-07-18 21:45:00,8.67,
2023-07-18 22:00:00,8.7,
2023-07-18 22:15:00,8.73,
2023-07-18 22:30:00,8.76,
2023-07-18 22:45:00,8.79,
2023-07-18 23:00:00,8.81,
2023-07-18 23:15:00,8.83,
2023-07-18 23:30:00,8.86,
2023-07-18 23:45:00,8.88,
2023-07-19 00:00:00,8.89,
2023-07-19 00:15:00,8.91,
2023-07-19 00:30:00,8.93,
2023-07-19 00:45:00,8.94,
2023-07-19 01:00:00,8.96,
2023-07-19 01:15:00,8.97,
2023-07-19 01:30:00,8.99,
2023-07-19 01:45:00,9.0,
2023-07-19 02:00:00,9.01,
2023-07-19 02:15:00,9.02,
2023-07-19 02:30:00,9.03,
2023-07-19 02:45:00,9.04,
2023-07-19 03:00:00,9.05,
2023-07-19 03:15:00,9.07,
2023-07-19 03:30:00,9.08,
2023-07-19 03:45:00,9.09,
2023-07-19 04:00:00,9.1,
2023-07-19 04:15:00,9.11,
2023-07-19 04:30:00,9.12,
2023-07-19 04:45:00,9.13,
2023-07-19 05:00:00,9.14,
2023-07-19 05:15:00,9.16,
2023-07-19 05:30:00,9.18,
2023-07-19 05:45:00,9.21,
2023-07-19 06:00:00,9.25,
2023-07-19 06:15:00,9.28,
2023-07-19 06:30:00,9.3,
2023-07-19 06:45:00,9.34,
2023-07-19 07:00:00,9.33,
2023-07-19 07:15:00,9.33,
2023-07-19 07:30:00,9.36,
2023-07-19 07:45:00,9.38,
2023-07-19 08:00:00,9.37,
2023-07-19 08:15:00,9.37,
2023-07-19 08:30:00,9.36,
2023-07-19 08:45:00,9.35,
2023-07-19 09:00:00,9.33,
2023-07-19 09:15:00,9.3,
2023-07-19 09:30:00,9.27,
2023-07-19 09:45:00,9.23,
2023-07-19 10:00:00,9.18,
2023-07-19 10:15:00,9.13,
2023-07-19 10:30:00,9.1,
2023-07-19 10:45:00,9.06,
2023-07-19 11:00:00,9.02,
2023-07-19 11:15:00,8.97,
2023-07-19 11:30:00,8.92,
2023-07-19 11:45:00,8.86,
2023-07-19 12:00:00,8.82,
2023-07-19 12:15:00,8.73,
2023-07-19 12:30:00,8.69,
2023-07-19 12:45:00,8.62,
2023-07-19 13:00:00,8.61,
2023-07-19 13:15:00,8.54,
2023-07-19 13:30:00,8.44,
2023-07-19 13:45:00,8.44,
2023-07-19 14:00:00,8.379999999999999,
2023-07-19 14:15:00,8.33,
2023-07-19 14:30:00,8.29,
2023-07-19 14:45:00,8.38,
2023-07-19 15:00:00,8.39,
2023-07-19 15:15:00,8.33,
2023-07-19 15:30:00,8.33,
2023-07-19 15:45:00,8.32,
2023-07-19 16:00:00,8.31,
2023-07-19 16:15:00,8.28,
2023-07-19 16:30:00,8.28,
2023-07-19 16:45:00,8.29,
2023-07-19 17:00:00,8.25,
2023-07-19 17:15:00,8.28,
2023-07-19 17:30:00,8.28,
2023-07-19 17:45:00,8.29,
2023-07-19 18:00:00,8.31,
2023-07-19 18:15:00,8.33,
2023-07-19 18:30:00,8.29,
2023-07-19 18:45:00,8.23,
2023-07-19 19:00:00,8.21,
2023-07-19 19:15:00,8.22,
2023-07-19 19:30:00,8.23,
2023-07-19 19:45:00,8.24,
2023-07-19 20:00:00,8.26,
2023-07-19 20:15:00,8.3,
2023-07-19 20:30:00,8.34,
2023-07-19 20:45:00,8.38,
2023-07-19 21:00:00,8.42,
2023-07-19 21:15:00,8.45,
2023-07-19 21:30:00,8.49,
2023-07-19 21:45:00,8.52,
2023-07-19 22:00:00,8.55,
2023-07-19 22:15:00,8.58,
2023-07-19 22:30:00,8.59,
2023-07-19 22:45:00,8.62,
2023-07-19 23:00:00,8.64,
2023-07-19 23:15:00,8.66,
2023-07-19 23:30:00,8.69,
2023-07-19 23:45:00,8.71,
2023-07-20 00:00:00,8.739999999999998,
2023-07-20 00:15:00,8.760000000000002,
2023-07-20 00:30:00,8.78,
2023-07-20 00:45:00,8.8,
2023-07-20 01:00:00,8.82,
2023-07-20 01:15:00,8.83,
2023-07-20 01:30:00,8.85,
2023-07-20 01:45:00,8.87,
2023-07-20 02:00:00,8.88,
2023-07-20 02:15:00,8.89,
2023-07-20 02:30:00,8.91,
2023-07-20 02:45:00,8.92,
2023-07-20 03:00:00,8.94,
2023-07-20 03:15:00,8.96,
2023-07-20 03:30:00,8.97,
2023-07-20 03:45:00,8.99,
2023-07-20 04:00:00,9.0,
2023-07-20 04:15:00,9.01,
2023-07-20 04:30:00,9.03,
2023-07-20 04:45:00,9.04,
2023-07-20 05:00:00,9.06,
2023-07-20 05:15:00,9.079999999999998,
2023-07-20 05:30:00,9.1,
2023-07-20 05:45:00,9.14,
2023-07-20 06:00:00,9.18,
2023-07-20 06:15:00,9.2,
2023-07-20 06:30:00,9.22,
2023-07-20 06:45:00,9.25,
2023-07-20 07:00:00,9.26,
2023-07-20 07:15:00,9.3,
2023-07-20 07:30:00,9.33,
2023-07-20 07:45:00,9.35,
2023-07-20 08:00:00,9.37,
2023-07-20 08:15:00,9.36,
2023-07-20 08:30:00,9.35,
2023-07-20 08:45:00,9.34,
2023-07-20 09:00:00,9.32,
2023-07-20 09:15:00,9.29,
2023-07-20 09:30:00,9.25,
2023-07-20 09:45:00,9.22,
2023-07-20 10:00:00,9.19,
2023-07-20 10:15:00,9.15,
2023-07-20 10:30:00,9.11,
2023-07-20 10:45:00,9.06,
2023-07-20 11:00:00,9.01,
2023-07-20 11:15:00,8.97,
2023-07-20 11:30:00,8.91,
2023-07-20 11:45:00,8.86,
2023-07-20 12:00:00,8.79,
2023-07-20 12:15:00,8.75,
2023-07-20 12:30:00,8.7,
2023-07-20 12:45:00,8.6,
2023-07-20 13:00:00,8.54,
2023-07-20 13:15:00,8.52,
2023-07-20 13:30:00,8.45,
2023-07-20 13:45:00,8.41,
2023-07-20 14:00:00,8.41,
2023-07-20 14:15:00,8.33,
2023-07-20 14:30:00,8.35,
2023-07-20 14:45:00,8.43,
2023-07-20 15:00:00,8.35,
2023-07-20 15:15:00,8.37,
2023-07-20 15:30:00,8.36,
2023-07-20 15:45:00,8.33,
2023-07-20 16:00:00,8.32,
2023-07-20 16:15:00,8.27,
2023-07-20 16:30:00,8.3,
2023-07-20 16:45:00,8.34,
2023-07-20 17:00:00,8.38,
2023-07-20 17:15:00,8.37,
2023-07-20 17:30:00,8.38,
2023-07-20 17:45:00,8.38,
2023-07-20 18:00:00,8.39,
2023-07-20 18:15:00,8.34,
2023-07-20 18:30:00,8.31,
2023-07-20 18:45:00,8.27,
2023-07-20 19:00:00,8.25,
2023-07-20 19:15:00,8.3,
2023-07-20 19:30:00,8.34,
2023-07-20 19:45:00,8.36,
2023-07-20 20:00:00,8.38,
2023-07-20 20:15:00,8.41,
2023-07-20 20:30:00,8.439999999999998,
2023-07-20 20:45:00,8.49,
2023-07-20 21:00:00,8.54,
2023-07-20 21:15:00,8.58,
2023-07-20 21:30:00,8.62,
2023-07-20 21:45:00,8.66,
2023-07-20 22:00:00,8.7,
2023-07-20 22:15:00,8.73,
2023-07-20 22:30:00,8.77,
2023-07-20 22:45:00,8.8,
2023-07-20 23:00:00,8.83,
2023-07-20 23:15:00,8.86,
2023-07-20 23:30:00,8.89,
2023-07-20 23:45:00,8.92,
2023-07-21 00:00:00,8.95,
2023-07-21 00:15:00,8.97,
2023-07-21 00:30:00,9.0,
2023-07-21 00:45:00,9.02,
2023-07-21 01:00:00,9.04,
2023-07-21 01:15:00,9.06,
2023-07-21 01:30:00,9.080000000000002,
2023-07-21 01:45:00,9.1,
2023-07-21 02:00:00,9.11,
2023-07-21 02:15:00,9.13,
2023-07-21 02:30:00,9.14,
2023-07-21 02:45:00,9.15,
2023-07-21 03:00:00,9.17,
2023-07-21 03:15:00,9.18,
2023-07-21 03:30:00,9.19,
2023-07-21 03:45:00,9.2,
2023-07-21 04:00:00,9.21,
2023-07-21 04:15:00,9.22,
2023-07-21 04:30:00,9.23,
2023-07-21 04:45:00,9.24,
2023-07-21 05:00:00,9.25,
2023-07-21 05:15:00,9.27,
2023-07-21 05:30:00,9.29,
2023-07-21 05:45:00,9.32,
2023-07-21 06:00:00,9.35,
2023-07-21 06:15:00,9.39,
2023-07-21 06:30:00,9.41,
2023-07-21 06:45:00,9.4,
2023-07-21 07:00:00,9.4,
2023-07-21 07:15:00,9.42,
2023-07-21 07:30:00,9.45,
2023-07-21 07:45:00,9.47,
2023-07-21 08:00:00,9.47,
2023-07-21 08:15:00,9.46,
2023-07-21 08:30:00,9.44,
2023-07-21 08:45:00,9.42,
2023-07-21 09:00:00,9.4,
2023-07-21 09:15:00,9.37,
2023-07-21 09:30:00,9.34,
2023-07-21 09:45:00,9.31,
2023-07-21 10:00:00,9.27,
2023-07-21 10:15:00,9.22,
2023-07-21 10:30:00,9.17,
2023-07-21 10:45:00,9.13,
2023-07-21 11:00:00,9.07,
2023-07-21 11:15:00,9.01,
2023-07-21 11:30:00,8.95,
2023-07-21 11:45:00,8.899999999999999,
2023-07-21 12:00:00,8.83,
2023-07-21 12:15:00,8.78,
2023-07-21 12:30:00,8.67,
2023-07-21 12:45:00,8.65,
2023-07-21 13:00:00,8.6,
2023-07-21 13:15:00,8.57,
2023-07-21 13:30:00,8.5,
2023-07-21 13:45:00,8.5,
2023-07-21 14:00:00,8.46,
2023-07-21 14:15:00,8.42,
2023-07-21 14:30:00,8.38,
2023-07-21 14:45:00,8.26,
2023-07-21 15:00:00,8.3,
2023-07-21 15:15:00,8.3,
2023-07-21 15:30:00,8.29,
2023-07-21 15:45:00,8.27,
2023-07-21 16:00:00,8.27,
2023-07-21 16:15:00,8.27,
2023-07-21 16:30:00,8.31,
2023-07-21 16:45:00,8.3,
2023-07-21 17:00:00,8.16,
2023-07-21 17:15:00,8.13,
2023-07-21 17:30:00,8.08,
2023-07-21 17:45:00,8.08,
2023-07-21 18:00:00,8.22,
2023-07-21 18:15:00,8.29,
2023-07-21 18:30:00,8.29,
2023-07-21 18:45:00,8.27,
2023-07-21 19:00:00,8.28,
2023-07-21 19:15:00,8.29,
2023-07-21 19:30:00,8.31,
2023-07-21 19:45:00,8.33,
2023-07-21 20:00:00,8.35,
2023-07-21 20:15:00,8.38,
2023-07-21 20:30:00,8.41,
2023-07-21 20:45:00,8.45,
2023-07-21 21:00:00,8.49,
2023-07-21 21:15:00,8.53,
2023-07-21 21:30:00,8.57,
2023-07-21 21:45:00,8.61,
2023-07-21 22:00:00,8.64,
2023-07-21 22:15:00,8.67,
2023-07-21 22:30:00,8.7,
2023-07-21 22:45:00,8.73,
2023-07-21 23:00:00,8.76,
2023-07-21 23:15:00,8.79,
2023-07-21 23:30:00,8.82,
2023-07-21 23:45:00,8.84,
2023-07-22 00:00:00,8.86,
2023-07-22 00:15:00,8.88,
2023-07-22 00:30:00,8.9,
2023-07-22 00:45:00,8.93,
2023-07-22 01:00:00,8.95,
2023-07-22 01:15:00,8.97,
2023-07-22 01:30:00,8.98,
2023-07-22 01:45:00,9.0,
2023-07-22 02:00:00,9.01,
2023-07-22 02:15:00,9.03,
2023-07-22 02:30:00,9.04,
2023-07-22 02:45:00,9.06,
2023-07-22 03:00:00,9.07,
2023-07-22 03:15:00,9.09,
2023-07-22 03:30:00,9.1,
2023-07-22 03:45:00,9.11,
2023-07-22 04:00:00,9.12,
2023-07-22 04:15:00,9.13,
2023-07-22 04:30:00,9.15,
2023-07-22 04:45:00,9.16,
2023-07-22 05:00:00,9.17,
2023-07-22 05:15:00,9.19,
2023-07-22 05:30:00,9.21,
2023-07-22 05:45:00,9.23,
2023-07-22 06:00:00,9.25,
2023-07-22 06:15:00,9.27,
2023-07-22 06:30:00,9.29,
2023-07-22 06:45:00,9.31,
2023-07-22 07:00:00,9.33,
2023-07-22 07:15:00,9.36,
2023-07-22 07:30:00,9.39,
2023-07-22 07:45:00,9.41,
2023-07-22 08:00:00,9.41,
2023-07-22 08:15:00,9.4,
2023-07-22 08:30:00,9.39,
2023-07-22 08:45:00,9.36,
2023-07-22 09:00:00,9.33,
2023-07-22 09:15:00,9.3,
2023-07-22 09:30:00,9.27,
2023-07-22 09:45:00,9.23,
2023-07-22 10:00:00,9.2,
2023-07-22 10:15:00,9.16,
2023-07-22 10:30:00,9.11,
2023-07-22 10:45:00,9.06,
2023-07-22 11:00:00,9.0,
2023-07-22 11:15:00,8.95,
2023-07-22 11:30:00,8.89,
2023-07-22 11:45:00,8.83,
2023-07-22 12:00:00,8.77,
2023-07-22 12:15:00,8.72,
2023-07-22 12:30:00,8.67,
2023-07-22 12:45:00,8.63,
2023-07-22 13:00:00,8.579999999999998,
2023-07-22 13:15:00,8.54,
2023-07-22 13:30:00,8.49,
2023-07-22 13:45:00,8.45,
2023-07-22 14:00:00,8.42,
2023-07-22 14:15:00,8.38,
2023-07-22 14:30:00,8.34,
2023-07-22 14:45:00,8.31,
2023-07-22 15:00:00,8.28,
2023-07-22 15:15:00,8.25,
2023-07-22 15:30:00,8.23,
2023-07-22 15:45:00,8.2,
2023-07-22 16:00:00,8.18,
2023-07-22 16:15:00,8.16,
2023-07-22 16:30:00,8.14,
2023-07-22 16:45:00,8.12,
2023-07-22 17:00:00,8.09,
2023-07-22 17:15:00,8.09,
2023-07-22 17:30:00,8.09,
2023-07-22 17:45:00,8.09,
2023-07-22 18:00:00,8.08,
2023-07-22 18:15:00,8.07,
2023-07-22 18:30:00,8.07,
2023-07-22 18:45:00,8.05,
2023-07-22 19:00:00,8.08,
2023-07-22 19:15:00,8.09,
2023-07-22 19:30:00,8.11,
2023-07-22 19:45:00,8.14,
2023-07-22 20:00:00,8.18,
2023-07-22 20:15:00,8.21,
2023-07-22 20:30:00,8.26,
2023-07-22 20:45:00,8.3,
2023-07-22 21:00:00,8.34,
2023-07-22 21:15:00,8.38,
2023-07-22 21:30:00,8.43,
2023-07-22 21:45:00,8.47,
2023-07-22 22:00:00,8.51,
2023-07-22 22:15:00,8.55,
2023-07-22 22:30:00,8.59,
2023-07-22 22:45:00,8.62,
2023-07-22 23:00:00,8.66,
2023-07-22 23:15:00,8.68,
2023-07-22 23:30:00,8.71,
2023-07-22 23:45:00,8.74,
2023-07-23 00:00:00,8.77,
2023-07-23 00:15:00,8.79,
2023-07-23 00:30:00,8.81,
2023-07-23 00:45:00,8.83,
2023-07-23 01:00:00,8.85,
2023-07-23 01:15:00,8.86,
2023-07-23 01:30:00,8.87,
2023-07-23 01:45:00,8.89,
2023-07-23 02:00:00,8.89,
2023-07-23 02:15:00,8.9,
2023-07-23 02:30:00,8.91,
2023-07-23 02:45:00,8.92,
2023-07-23 03:00:00,8.93,
2023-07-23 03:15:00,8.94,
2023-07-23 03:30:00,8.95,
2023-07-23 03:45:00,8.95,
2023-07-23 04:00:00,8.96,
2023-07-23 04:15:00,8.96,
2023-07-23 04:30:00,8.970000000000002,
2023-07-23 04:45:00,8.98,
2023-07-23 05:00:00,8.99,
2023-07-23 05:15:00,8.99,
2023-07-23 05:30:00,9.01,
2023-07-23 05:45:00,9.05,
2023-07-23 06:00:00,9.08,
2023-07-23 06:15:00,9.1,
2023-07-23 06:30:00,9.11,
2023-07-23 06:45:00,9.12,
2023-07-23 07:00:00,9.15,
2023-07-23 07:15:00,9.19,
2023-07-23 07:30:00,9.22,
2023-07-23 07:45:00,9.24,
2023-07-23 08:00:00,9.25,
2023-07-23 08:15:00,9.24,
2023-07-23 08:30:00,9.23,
2023-07-23 08:45:00,9.21,
2023-07-23 09:00:00,9.19,
2023-07-23 09:15:00,9.17,
2023-07-23 09:30:00,9.14,
2023-07-23 09:45:00,9.11,
2023-07-23 10:00:00,9.07,
2023-07-23 10:15:00,9.04,
2023-07-23 10:30:00,8.99,
2023-07-23 10:45:00,8.95,
2023-07-23 11:00:00,8.89,
2023-07-23 11:15:00,8.84,
2023-07-23 11:30:00,8.79,
2023-07-23 11:45:00,8.73,
2023-07-23 12:00:00,8.68,
2023-07-23 12:15:00,8.63,
2023-07-23 12:30:00,8.58,
2023-07-23 12:45:00,8.53,
2023-07-23 13:00:00,8.49,
2023-07-23 13:15:00,8.39,
2023-07-23 13:30:00,8.39,
2023-07-23 13:45:00,8.39,
2023-07-23 14:00:00,8.35,
2023-07-23 14:15:00,8.32,
2023-07-23 14:30:00,8.28,
2023-07-23 14:45:00,8.24,
2023-07-23 15:00:00,8.19,
2023-07-23 15:15:00,8.16,
2023-07-23 15:30:00,8.12,
2023-07-23 15:45:00,8.08,
2023-07-23 16:00:00,8.05,
2023-07-23 16:15:00,8.02,
2023-07-23 16:30:00,8.05,
2023-07-23 16:45:00,8.05,
2023-07-23 17:00:00,8.04,
2023-07-23 17:15:00,8.04,
2023-07-23 17:30:00,8.09,
2023-07-23 17:45:00,8.06,
2023-07-23 18:00:00,8.03,
2023-07-23 18:15:00,8.02,
2023-07-23 18:30:00,7.98,
2023-07-23 18:45:00,7.97,
2023-07-23 19:00:00,7.98,
2023-07-23 19:15:00,8.02,
2023-07-23 19:30:00,8.04,
2023-07-23 19:45:00,8.07,
2023-07-23 20:00:00,8.09,
2023-07-23 20:15:00,8.13,
2023-07-23 20:30:00,8.17,
2023-07-23 20:45:00,8.21,
2023-07-23 21:00:00,8.26,
2023-07-23 21:15:00,8.3,
2023-07-23 21:30:00,8.34,
2023-07-23 21:45:00,8.38,
2023-07-23 22:00:00,8.42,
2023-07-23 22:15:00,8.46,
2023-07-23 22:30:00,8.49,
2023-07-23 22:45:00,8.52,
2023-07-23 23:00:00,8.55,
2023-07-23 23:15:00,8.57,
2023-07-23 23:30:00,8.6,
2023-07-23 23:45:00,8.63,
2023-07-24 00:00:00,8.65,
2023-07-24 00:15:00,8.67,
2023-07-24 00:30:00,8.69,
2023-07-24 00:45:00,8.71,
2023-07-24 01:00:00,8.73,
2023-07-24 01:15:00,8.75,
2023-07-24 01:30:00,8.77,
2023-07-24 01:45:00,8.79,
2023-07-24 02:00:00,8.81,
2023-07-24 02:15:00,8.82,
2023-07-24 02:30:00,8.83,
2023-07-24 02:45:00,8.85,
2023-07-24 03:00:00,8.86,
2023-07-24 03:15:00,8.87,
2023-07-24 03:30:00,8.88,
2023-07-24 03:45:00,8.89,
2023-07-24 04:00:00,8.9,
2023-07-24 04:15:00,8.9,
2023-07-24 04:30:00,8.92,
2023-07-24 04:45:00,8.93,
2023-07-24 05:00:00,8.94,
2023-07-24 05:15:00,8.95,
2023-07-24 05:30:00,8.98,
2023-07-24 05:45:00,9.02,
2023-07-24 06:00:00,9.04,
2023-07-24 06:15:00,9.05,
2023-07-24 06:30:00,9.09,
2023-07-24 06:45:00,9.11,
2023-07-24 07:00:00,9.14,
2023-07-24 07:15:00,9.17,
2023-07-24 07:30:00,9.22,
2023-07-24 07:45:00,9.24,
2023-07-24 08:00:00,9.25,
2023-07-24 08:15:00,9.23,
2023-07-24 08:30:00,9.21,
2023-07-24 08:45:00,9.16,
2023-07-24 09:00:00,9.18,
2023-07-24 09:15:00,9.18,
2023-07-24 09:30:00,9.18,
2023-07-24 09:45:00,9.17,
2023-07-24 10:00:00,9.13,
2023-07-24 10:15:00,9.11,
2023-07-24 10:30:00,9.02,
2023-07-24 10:45:00,9.009999999999998,
2023-07-24 11:00:00,9.010000000000002,
2023-07-24 11:15:00,8.97,
2023-07-24 11:30:00,8.94,
2023-07-24 11:45:00,8.9,
2023-07-24 12:00:00,8.89,
2023-07-24 12:15:00,8.91,
2023-07-24 12:30:00,8.9,
2023-07-24 12:45:00,8.86,
2023-07-24 13:00:00,8.79,
2023-07-24 13:15:00,8.75,
2023-07-24 13:30:00,8.76,
2023-07-24 13:45:00,8.86,
2023-07-24 14:00:00,8.93,
2023-07-24 14:15:00,8.91,
2023-07-24 14:30:00,8.88,
2023-07-24 14:45:00,8.83,
2023-07-24 15:00:00,8.81,
2023-07-24 15:15:00,8.75,
2023-07-24 15:30:00,8.7,
2023-07-24 15:45:00,8.7,
2023-07-24 16:00:00,8.71,
2023-07-24 16:15:00,8.690000000000001,
2023-07-24 16:30:00,8.62,
2023-07-24 16:45:00,8.64,
2023-07-24 17:00:00,8.65,
2023-07-24 17:15:00,8.68,
2023-07-24 17:30:00,8.66,
2023-07-24 17:45:00,8.64,
2023-07-24 18:00:00,8.62,
2023-07-24 18:15:00,8.59,
2023-07-24 18:30:00,8.52,
2023-07-24 18:45:00,8.5,
2023-07-24 19:00:00,8.49,
2023-07-24 19:15:00,8.46,
2023-07-24 19:30:00,8.48,
2023-07-24 19:45:00,8.5,
2023-07-24 20:00:00,8.51,
2023-07-24 20:15:00,8.53,
2023-07-24 20:30:00,8.54,
2023-07-24 20:45:00,8.57,
2023-07-24 21:00:00,8.59,
2023-07-24 21:15:00,8.619999999999997,
2023-07-24 21:30:00,8.64,
2023-07-24 21:45:00,8.67,
2023-07-24 22:00:00,8.68,
2023-07-24 22:15:00,8.7,
2023-07-24 22:30:00,8.71,
2023-07-24 22:45:00,8.74,
2023-07-24 23:00:00,8.76,
2023-07-24 23:15:00,8.78,
2023-07-24 23:30:00,8.79,
2023-07-24 23:45:00,8.81,
2023-07-25 00:00:00,8.82,
2023-07-25 00:15:00,8.84,
2023-07-25 00:30:00,8.85,
2023-07-25 00:45:00,8.87,
2023-07-25 01:00:00,8.9,
2023-07-25 01:15:00,8.91,
2023-07-25 01:30:00,8.94,
2023-07-25 01:45:00,8.96,
2023-07-25 02:00:00,8.98,
2023-07-25 02:15:00,8.990000000000002,
2023-07-25 02:30:00,9.009999999999998,
2023-07-25 02:45:00,9.02,
2023-07-25 03:00:00,9.04,
2023-07-25 03:15:00,9.05,
2023-07-25 03:30:00,9.07,
2023-07-25 03:45:00,9.08,
2023-07-25 04:00:00,9.09,
2023-07-25 04:15:00,9.11,
2023-07-25 04:30:00,9.12,
2023-07-25 04:45:00,9.14,
2023-07-25 05:00:00,9.15,
2023-07-25 05:15:00,9.16,
2023-07-25 05:30:00,9.18,
2023-07-25 05:45:00,9.2,
2023-07-25 06:00:00,9.23,
2023-07-25 06:15:00,9.25,
2023-07-25 06:30:00,9.27,
2023-07-25 06:45:00,9.29,
2023-07-25 07:00:00,9.31,
2023-07-25 07:15:00,9.34,
2023-07-25 07:30:00,9.37,
2023-07-25 07:45:00,9.39,
2023-07-25 08:00:00,9.4,
2023-07-25 08:15:00,9.39,
2023-07-25 08:30:00,9.37,
2023-07-25 08:45:00,9.35,
2023-07-25 09:00:00,9.32,
2023-07-25 09:15:00,9.29,
2023-07-25 09:30:00,9.26,
2023-07-25 09:45:00,9.23,
2023-07-25 10:00:00,9.19,
2023-07-25 10:15:00,9.15,
2023-07-25 10:30:00,9.1,
2023-07-25 10:45:00,9.05,
2023-07-25 11:00:00,8.99,
2023-07-25 11:15:00,8.94,
2023-07-25 11:30:00,8.88,
2023-07-25 11:45:00,8.83,
2023-07-25 12:00:00,8.79,
2023-07-25 12:15:00,8.74,
2023-07-25 12:30:00,8.689999999999998,
2023-07-25 12:45:00,8.65,
2023-07-25 13:00:00,8.6,
2023-07-25 13:15:00,8.56,
2023-07-25 13:30:00,8.52,
2023-07-25 13:45:00,8.49,
2023-07-25 14:00:00,8.45,
2023-07-25 14:15:00,8.41,
2023-07-25 14:30:00,8.37,
2023-07-25 14:45:00,8.34,
2023-07-25 15:00:00,8.31,
2023-07-25 15:15:00,8.29,
2023-07-25 15:30:00,8.26,
2023-07-25 15:45:00,8.24,
2023-07-25 16:00:00,8.21,
2023-07-25 16:15:00,8.2,
2023-07-25 16:30:00,8.18,
2023-07-25 16:45:00,8.18,
2023-07-25 17:00:00,8.17,
2023-07-25 17:15:00,8.16,
2023-07-25 17:30:00,8.15,
2023-07-25 17:45:00,8.14,
2023-07-25 18:00:00,8.13,
2023-07-25 18:15:00,8.08,
2023-07-25 18:30:00,8.11,
2023-07-25 18:45:00,8.12,
2023-07-25 19:00:00,8.15,
2023-07-25 19:15:00,8.16,
2023-07-25 19:30:00,8.17,
2023-07-25 19:45:00,8.19,
2023-07-25 20:00:00,8.21,
2023-07-25 20:15:00,8.24,
2023-07-25 20:30:00,8.28,
2023-07-25 20:45:00,8.33,
2023-07-25 21:00:00,8.38,
2023-07-25 21:15:00,8.42,
2023-07-25 21:30:00,8.47,
2023-07-25 21:45:00,8.51,
2023-07-25 22:00:00,8.56,
2023-07-25 22:15:00,8.6,
2023-07-25 22:30:00,8.64,
2023-07-25 22:45:00,8.68,
2023-07-25 23:00:00,8.719999999999999,
2023-07-25 23:15:00,8.76,
2023-07-25 23:30:00,8.79,
2023-07-25 23:45:00,8.82,
2023-07-26 00:00:00,8.85,
2023-07-26 00:15:00,8.87,
2023-07-26 00:30:00,8.9,
2023-07-26 00:45:00,8.92,
2023-07-26 01:00:00,8.94,
2023-07-26 01:15:00,8.96,
2023-07-26 01:30:00,8.98,
2023-07-26 01:45:00,9.0,
2023-07-26 02:00:00,9.01,
2023-07-26 02:15:00,9.02,
2023-07-26 02:30:00,9.04,
2023-07-26 02:45:00,9.05,
2023-07-26 03:00:00,9.06,
2023-07-26 03:15:00,9.08,
2023-07-26 03:30:00,9.1,
2023-07-26 03:45:00,9.11,
2023-07-26 04:00:00,9.130000000000004,
2023-07-26 04:15:00,9.14,
2023-07-26 04:30:00,9.15,
2023-07-26 04:45:00,9.16,
2023-07-26 05:00:00,9.17,
2023-07-26 05:15:00,9.18,
2023-07-26 05:30:00,9.2,
2023-07-26 05:45:00,9.23,
2023-07-26 06:00:00,9.25,
2023-07-26 06:15:00,9.27,
2023-07-26 06:30:00,9.28,
2023-07-26 06:45:00,9.31,
2023-07-26 07:00:00,9.36,
2023-07-26 07:15:00,9.38,
2023-07-26 07:30:00,9.39,
2023-07-26 07:45:00,9.4,
2023-07-26 08:00:00,9.41,
2023-07-26 08:15:00,9.41,
2023-07-26 08:30:00,9.41,
2023-07-26 08:45:00,9.44,
2023-07-26 09:00:00,9.46,
2023-07-26 09:15:00,9.43,
2023-07-26 09:30:00,9.39,
2023-07-26 09:45:00,9.39,
2023-07-26 10:00:00,9.32,
2023-07-26 10:15:00,9.23,
2023-07-26 10:30:00,9.2,
2023-07-26 10:45:00,9.11,
2023-07-26 11:00:00,9.17,
2023-07-26 11:15:00,9.17,
2023-07-26 11:30:00,9.09,
2023-07-26 11:45:00,9.05,
2023-07-26 12:00:00,9.06,
2023-07-26 12:15:00,8.99,
2023-07-26 12:30:00,8.93,
2023-07-26 12:45:00,8.92,
2023-07-26 13:00:00,8.86,
2023-07-26 13:15:00,8.8,
2023-07-26 13:30:00,8.73,
2023-07-26 13:45:00,8.66,
2023-07-26 14:00:00,8.61,
2023-07-26 14:15:00,8.53,
2023-07-26 14:30:00,8.49,
2023-07-26 14:45:00,8.5,
2023-07-26 15:00:00,8.47,
2023-07-26 15:15:00,8.44,
2023-07-26 15:30:00,8.41,
2023-07-26 15:45:00,8.39,
2023-07-26 16:00:00,8.36,
2023-07-26 16:15:00,8.34,
2023-07-26 16:30:00,8.31,
2023-07-26 16:45:00,8.3,
2023-07-26 17:00:00,8.28,
2023-07-26 17:15:00,8.26,
2023-07-26 17:30:00,8.24,
2023-07-26 17:45:00,8.22,
2023-07-26 18:00:00,8.2,
2023-07-26 18:15:00,8.19,
2023-07-26 18:30:00,8.16,
2023-07-26 18:45:00,8.16,
2023-07-26 19:00:00,8.16,
2023-07-26 19:15:00,8.17,
2023-07-26 19:30:00,8.19,
2023-07-26 19:45:00,8.21,
2023-07-26 20:00:00,8.24,
2023-07-26 20:15:00,8.27,
2023-07-26 20:30:00,8.31,
2023-07-26 20:45:00,8.35,
2023-07-26 21:00:00,8.39,
2023-07-26 21:15:00,8.43,
2023-07-26 21:30:00,8.47,
2023-07-26 21:45:00,8.51,
2023-07-26 22:00:00,8.55,
2023-07-26 22:15:00,8.58,
2023-07-26 22:30:00,8.61,
2023-07-26 22:45:00,8.65,
2023-07-26 23:00:00,8.68,
2023-07-26 23:15:00,8.71,
2023-07-26 23:30:00,8.74,
2023-07-26 23:45:00,8.77,
2023-07-27 00:00:00,8.8,
2023-07-27 00:15:00,8.82,
2023-07-27 00:30:00,8.85,
2023-07-27 00:45:00,8.87,
2023-07-27 01:00:00,8.89,
2023-07-27 01:15:00,8.91,
2023-07-27 01:30:00,8.93,
2023-07-27 01:45:00,8.95,
2023-07-27 02:00:00,8.96,
2023-07-27 02:15:00,8.97,
2023-07-27 02:30:00,8.99,
2023-07-27 02:45:00,9.0,
2023-07-27 03:00:00,9.01,
2023-07-27 03:15:00,9.02,
2023-07-27 03:30:00,9.03,
2023-07-27 03:45:00,9.03,
2023-07-27 04:00:00,9.04,
2023-07-27 04:15:00,9.05,
2023-07-27 04:30:00,9.05,
2023-07-27 04:45:00,9.06,
2023-07-27 05:00:00,9.07,
2023-07-27 05:15:00,9.09,
2023-07-27 05:30:00,9.1,
2023-07-27 05:45:00,9.12,
2023-07-27 06:00:00,9.15,
2023-07-27 06:15:00,9.18,
2023-07-27 06:30:00,9.21,
2023-07-27 06:45:00,9.22,
2023-07-27 07:00:00,9.24,
2023-07-27 07:15:00,9.26,
2023-07-27 07:30:00,9.27,
2023-07-27 07:45:00,9.32,
2023-07-27 08:00:00,9.34,
2023-07-27 08:15:00,9.35,
2023-07-27 08:30:00,9.34,
2023-07-27 08:45:00,9.32,
2023-07-27 09:00:00,9.31,
2023-07-27 09:15:00,9.27,
2023-07-27 09:30:00,9.23,
2023-07-27 09:45:00,9.2,
2023-07-27 10:00:00,9.16,
2023-07-27 10:15:00,9.11,
2023-07-27 10:30:00,9.060000000000002,
2023-07-27 10:45:00,9.0,
2023-07-27 11:00:00,8.95,
2023-07-27 11:15:00,8.89,
2023-07-27 11:30:00,8.84,
2023-07-27 11:45:00,8.79,
2023-07-27 12:00:00,8.74,
2023-07-27 12:15:00,8.68,
2023-07-27 12:30:00,8.62,
2023-07-27 12:45:00,8.58,
2023-07-27 13:00:00,8.53,
2023-07-27 13:15:00,8.468,LI
2023-07-27 13:30:00,8.406,LI
2023-07-27 13:45:00,8.344,LI
2023-07-27 14:00:00,8.282,LI
2023-07-27 14:15:00,8.22,
2023-07-27 14:30:00,8.19,
2023-07-27 14:45:00,8.16,
2023-07-27 15:00:00,8.12,
2023-07-27 15:15:00,8.11,
2023-07-27 15:30:00,8.09,
2023-07-27 15:45:00,8.07,
2023-07-27 16:00:00,8.05,
2023-07-27 16:15:00,8.03,
2023-07-27 16:30:00,8.01,
2023-07-27 16:45:00,7.93,
2023-07-27 17:00:00,7.87,
2023-07-27 17:15:00,7.83,
2023-07-27 17:30:00,7.86,
2023-07-27 17:45:00,7.86,
2023-07-27 18:00:00,7.86,
2023-07-27 18:15:00,7.88,
2023-07-27 18:30:00,7.92,
2023-07-27 18:45:00,7.94,
2023-07-27 19:00:00,7.96,
2023-07-27 19:15:00,7.98,
2023-07-27 19:30:00,7.99,
2023-07-27 19:45:00,8.01,
2023-07-27 20:00:00,8.03,
2023-07-27 20:15:00,8.06,
2023-07-27 20:30:00,8.1,
2023-07-27 20:45:00,8.15,
2023-07-27 21:00:00,8.19,
2023-07-27 21:15:00,8.24,
2023-07-27 21:30:00,8.28,
2023-07-27 21:45:00,8.32,
2023-07-27 22:00:00,8.36,
2023-07-27 22:15:00,8.4,
2023-07-27 22:30:00,8.45,
2023-07-27 22:45:00,8.48,
2023-07-27 23:00:00,8.52,
2023-07-27 23:15:00,8.56,
2023-07-27 23:30:00,8.59,
2023-07-27 23:45:00,8.63,
2023-07-28 00:00:00,8.66,
2023-07-28 00:15:00,8.7,
2023-07-28 00:30:00,8.72,
2023-07-28 00:45:00,8.75,
2023-07-28 01:00:00,8.78,
2023-07-28 01:15:00,8.81,
2023-07-28 01:30:00,8.83,
2023-07-28 01:45:00,8.85,
2023-07-28 02:00:00,8.87,
2023-07-28 02:15:00,8.89,
2023-07-28 02:30:00,8.91,
2023-07-28 02:45:00,8.92,
2023-07-28 03:00:00,8.94,
2023-07-28 03:15:00,8.96,
2023-07-28 03:30:00,8.98,
2023-07-28 03:45:00,8.99,
2023-07-28 04:00:00,9.01,
2023-07-28 04:15:00,9.03,
2023-07-28 04:30:00,9.04,
2023-07-28 04:45:00,9.05,
2023-07-28 05:00:00,9.07,
2023-07-28 05:15:00,9.08,
2023-07-28 05:30:00,9.1,
2023-07-28 05:45:00,9.13,
2023-07-28 06:00:00,9.15,
2023-07-28 06:15:00,9.18,
2023-07-28 06:30:00,9.2,
2023-07-28 06:45:00,9.22,
2023-07-28 07:00:00,9.24,
2023-07-28 07:15:00,9.27,
2023-07-28 07:30:00,9.31,
2023-07-28 07:45:00,9.33,
2023-07-28 08:00:00,9.36,
2023-07-28 08:15:00,9.36,
2023-07-28 08:30:00,9.34,
2023-07-28 08:45:00,9.32,
2023-07-28 09:00:00,9.29,
2023-07-28 09:15:00,9.25,
2023-07-28 09:30:00,9.22,
2023-07-28 09:45:00,9.18,
2023-07-28 10:00:00,9.14,
2023-07-28 10:15:00,9.1,
2023-07-28 10:30:00,9.06,
2023-07-28 10:45:00,9.01,
2023-07-28 11:00:00,8.96,
2023-07-28 11:15:00,8.88,
2023-07-28 11:30:00,8.85,
2023-07-28 11:45:00,8.78,
2023-07-28 12:00:00,8.71,
2023-07-28 12:15:00,8.7,
2023-07-28 12:30:00,8.64,
2023-07-28 12:45:00,8.58,
2023-07-28 13:00:00,8.54,
2023-07-28 13:15:00,8.5,
2023-07-28 13:30:00,8.47,
2023-07-28 13:45:00,8.43,
2023-07-28 14:00:00,8.4,
2023-07-28 14:15:00,8.38,
2023-07-28 14:30:00,8.34,
2023-07-28 14:45:00,8.31,
2023-07-28 15:00:00,8.27,
2023-07-28 15:15:00,8.25,
2023-07-28 15:30:00,8.22,
2023-07-28 15:45:00,8.19,
2023-07-28 16:00:00,8.17,
2023-07-28 16:15:00,8.15,
2023-07-28 16:30:00,8.13,
2023-07-28 16:45:00,8.11,
2023-07-28 17:00:00,8.1,
2023-07-28 17:15:00,8.08,
2023-07-28 17:30:00,8.06,
2023-07-28 17:45:00,8.05,
2023-07-28 18:00:00,8.03,
2023-07-28 18:15:00,8.01,
2023-07-28 18:30:00,7.98,
2023-07-28 18:45:00,7.98,
2023-07-28 19:00:00,7.99,
2023-07-28 19:15:00,8.02,
2023-07-28 19:30:00,8.05,
2023-07-28 19:45:00,8.08,
2023-07-28 20:00:00,8.1,
2023-07-28 20:15:00,8.13,
2023-07-28 20:30:00,8.18,
2023-07-28 20:45:00,8.22,
2023-07-28 21:00:00,8.27,
2023-07-28 21:15:00,8.32,
2023-07-28 21:30:00,8.36,
2023-07-28 21:45:00,8.4,
2023-07-28 22:00:00,8.44,
2023-07-28 22:15:00,8.48,
2023-07-28 22:30:00,8.52,
2023-07-28 22:45:00,8.56,
2023-07-28 23:00:00,8.6,
2023-07-28 23:15:00,8.63,
2023-07-28 23:30:00,8.67,
2023-07-28 23:45:00,8.7,
2023-07-29 00:00:00,8.73,
2023-07-29 00:15:00,8.76,
2023-07-29 00:30:00,8.79,
2023-07-29 00:45:00,8.82,
2023-07-29 01:00:00,8.84,
2023-07-29 01:15:00,8.87,
2023-07-29 01:30:00,8.89,
2023-07-29 01:45:00,8.91,
2023-07-29 02:00:00,8.93,
2023-07-29 02:15:00,8.95,
2023-07-29 02:30:00,8.96,
2023-07-29 02:45:00,8.98,
2023-07-29 03:00:00,8.99,
2023-07-29 03:15:00,9.01,
2023-07-29 03:30:00,9.02,
2023-07-29 03:45:00,9.03,
2023-07-29 04:00:00,9.04,
2023-07-29 04:15:00,9.05,
2023-07-29 04:30:00,9.06,
2023-07-29 04:45:00,9.07,
2023-07-29 05:00:00,9.08,
2023-07-29 05:15:00,9.09,
2023-07-29 05:30:00,9.11,
2023-07-29 05:45:00,9.14,
2023-07-29 06:00:00,9.16,
2023-07-29 06:15:00,9.19,
2023-07-29 06:30:00,9.21,
2023-07-29 06:45:00,9.23,
2023-07-29 07:00:00,9.24,
2023-07-29 07:15:00,9.27,
2023-07-29 07:30:00,9.3,
2023-07-29 07:45:00,9.33,
2023-07-29 08:00:00,9.36,
2023-07-29 08:15:00,9.36,
2023-07-29 08:30:00,9.33,
2023-07-29 08:45:00,9.32,
2023-07-29 09:00:00,9.28,
2023-07-29 09:15:00,9.24,
2023-07-29 09:30:00,9.22,
2023-07-29 09:45:00,9.19,
2023-07-29 10:00:00,9.11,
2023-07-29 10:15:00,9.11,
2023-07-29 10:30:00,9.08,
2023-07-29 10:45:00,9.03,
2023-07-29 11:00:00,8.98,
2023-07-29 11:15:00,8.93,
2023-07-29 11:30:00,8.88,
2023-07-29 11:45:00,8.82,
2023-07-29 12:00:00,8.74,
2023-07-29 12:15:00,8.68,
2023-07-29 12:30:00,8.63,
2023-07-29 12:45:00,8.59,
2023-07-29 13:00:00,8.54,
2023-07-29 13:15:00,8.5,
2023-07-29 13:30:00,8.44,
2023-07-29 13:45:00,8.4,
2023-07-29 14:00:00,8.36,
2023-07-29 14:15:00,8.32,
2023-07-29 14:30:00,8.29,
2023-07-29 14:45:00,8.25,
2023-07-29 15:00:00,8.22,
2023-07-29 15:15:00,8.19,
2023-07-29 15:30:00,8.15,
2023-07-29 15:45:00,8.12,
2023-07-29 16:00:00,8.08,
2023-07-29 16:15:00,8.07,
2023-07-29 16:30:00,8.06,
2023-07-29 16:45:00,8.04,
2023-07-29 17:00:00,8.03,
2023-07-29 17:15:00,8.03,
2023-07-29 17:30:00,8.01,
2023-07-29 17:45:00,8.0,
2023-07-29 18:00:00,7.98,
2023-07-29 18:15:00,7.97,
2023-07-29 18:30:00,7.93,
2023-07-29 18:45:00,7.93,
2023-07-29 19:00:00,7.95,
2023-07-29 19:15:00,7.97,
2023-07-29 19:30:00,8.0,
2023-07-29 19:45:00,8.02,
2023-07-29 20:00:00,8.05,
2023-07-29 20:15:00,8.08,
2023-07-29 20:30:00,8.12,
2023-07-29 20:45:00,8.17,
2023-07-29 21:00:00,8.21,
2023-07-29 21:15:00,8.26,
2023-07-29 21:30:00,8.3,
2023-07-29 21:45:00,8.34,
2023-07-29 22:00:00,8.39,
2023-07-29 22:15:00,8.43,
2023-07-29 22:30:00,8.47,
2023-07-29 22:45:00,8.51,
2023-07-29 23:00:00,8.55,
2023-07-29 23:15:00,8.58,
2023-07-29 23:30:00,8.61,
2023-07-29 23:45:00,8.65,
2023-07-30 00:00:00,8.68,
2023-07-30 00:15:00,8.72,
2023-07-30 00:30:00,8.74,
2023-07-30 00:45:00,8.77,
2023-07-30 01:00:00,8.8,
2023-07-30 01:15:00,8.82,
2023-07-30 01:30:00,8.84,
2023-07-30 01:45:00,8.86,
2023-07-30 02:00:00,8.88,
2023-07-30 02:15:00,8.9,
2023-07-30 02:30:00,8.92,
2023-07-30 02:45:00,8.93,
2023-07-30 03:00:00,8.95,
2023-07-30 03:15:00,8.96,
2023-07-30 03:30:00,8.97,
2023-07-30 03:45:00,8.98,
2023-07-30 04:00:00,8.99,
2023-07-30 04:15:00,9.0,
2023-07-30 04:30:00,9.01,
2023-07-30 04:45:00,9.02,
2023-07-30 05:00:00,9.03,
2023-07-30 05:15:00,9.04,
2023-07-30 05:30:00,9.05,
2023-07-30 05:45:00,9.08,
2023-07-30 06:00:00,9.1,
2023-07-30 06:15:00,9.12,
2023-07-30 06:30:00,9.16,
2023-07-30 06:45:00,9.18,
2023-07-30 07:00:00,9.19,
2023-07-30 07:15:00,9.22,
2023-07-30 07:30:00,9.27,
2023-07-30 07:45:00,9.29,
2023-07-30 08:00:00,9.28,
2023-07-30 08:15:00,9.26,
2023-07-30 08:30:00,9.25,
2023-07-30 08:45:00,9.23,
2023-07-30 09:00:00,9.21,
2023-07-30 09:15:00,9.18,
2023-07-30 09:30:00,9.14,
2023-07-30 09:45:00,9.11,
2023-07-30 10:00:00,9.07,
2023-07-30 10:15:00,9.02,
2023-07-30 10:30:00,8.97,
2023-07-30 10:45:00,8.93,
2023-07-30 11:00:00,8.89,
2023-07-30 11:15:00,8.83,
2023-07-30 11:30:00,8.77,
2023-07-30 11:45:00,8.69,
2023-07-30 12:00:00,8.68,
2023-07-30 12:15:00,8.67,
2023-07-30 12:30:00,8.61,
2023-07-30 12:45:00,8.57,
2023-07-30 13:00:00,8.52,
2023-07-30 13:15:00,8.48,
2023-07-30 13:30:00,8.4,
2023-07-30 13:45:00,8.39,
2023-07-30 14:00:00,8.4,
2023-07-30 14:15:00,8.37,
2023-07-30 14:30:00,8.34,
2023-07-30 14:45:00,8.3,
2023-07-30 15:00:00,8.26,
2023-07-30 15:15:00,8.22,
2023-07-30 15:30:00,8.19,
2023-07-30 15:45:00,8.16,
2023-07-30 16:00:00,8.13,
2023-07-30 16:15:00,8.11,
2023-07-30 16:30:00,8.09,
2023-07-30 16:45:00,8.06,
2023-07-30 17:00:00,8.04,
2023-07-30 17:15:00,8.04,
2023-07-30 17:30:00,8.03,
2023-07-30 17:45:00,8.02,
2023-07-30 18:00:00,8.01,
2023-07-30 18:15:00,7.98,
2023-07-30 18:30:00,7.96,
2023-07-30 18:45:00,7.97,
2023-07-30 19:00:00,7.97,
2023-07-30 19:15:00,7.99,
2023-07-30 19:30:00,8.01,
2023-07-30 19:45:00,8.03,
2023-07-30 20:00:00,8.05,
2023-07-30 20:15:00,8.08,
2023-07-30 20:30:00,8.12,
2023-07-30 20:45:00,8.16,
2023-07-30 21:00:00,8.2,
2023-07-30 21:15:00,8.24,
2023-07-30 21:30:00,8.28,
2023-07-30 21:45:00,8.31,
2023-07-30 22:00:00,8.35,
2023-07-30 22:15:00,8.38,
2023-07-30 22:30:00,8.42,
2023-07-30 22:45:00,8.45,
2023-07-30 23:00:00,8.49,
2023-07-30 23:15:00,8.51,
2023-07-30 23:30:00,8.54,
2023-07-30 23:45:00,8.58,
2023-07-31 00:00:00,8.61,
2023-07-31 00:15:00,8.63,
2023-07-31 00:30:00,8.66,
2023-07-31 00:45:00,8.68,
2023-07-31 01:00:00,8.7,
2023-07-31 01:15:00,8.72,
2023-07-31 01:30:00,8.73,
2023-07-31 01:45:00,8.75,
2023-07-31 02:00:00,8.76,
2023-07-31 02:15:00,8.77,
2023-07-31 02:30:00,8.78,
2023-07-31 02:45:00,8.79,
2023-07-31 03:00:00,8.8,
2023-07-31 03:15:00,8.81,
2023-07-31 03:30:00,8.82,
2023-07-31 03:45:00,8.82,
2023-07-31 04:00:00,8.83,
2023-07-31 04:15:00,8.84,
2023-07-31 04:30:00,8.84,
2023-07-31 04:45:00,8.85,
2023-07-31 05:00:00,8.86,
2023-07-31 05:15:00,8.87,
2023-07-31 05:30:00,8.87,
2023-07-31 05:45:00,8.89,
2023-07-31 06:00:00,8.91,
2023-07-31 06:15:00,8.92,
2023-07-31 06:30:00,8.93,
2023-07-31 06:45:00,8.95,
2023-07-31 07:00:00,9.0,
2023-07-31 07:15:00,9.08,
2023-07-31 07:30:00,9.13,
2023-07-31 07:45:00,9.13,
2023-07-31 08:00:00,9.12,
2023-07-31 08:15:00,9.13,
2023-07-31 08:30:00,9.13,
2023-07-31 08:45:00,9.12,
2023-07-31 09:00:00,9.11,
2023-07-31 09:15:00,9.09,
2023-07-31 09:30:00,9.09,
2023-07-31 09:45:00,9.11,
2023-07-31 10:00:00,9.1,
2023-07-31 10:15:00,9.07,
2023-07-31 10:30:00,9.05,
2023-07-31 10:45:00,8.99,
2023-07-31 11:00:00,8.97,
2023-07-31 11:15:00,8.93,
2023-07-31 11:30:00,8.9,
2023-07-31 11:45:00,8.85,
2023-07-31 12:00:00,8.79,
2023-07-31 12:15:00,8.71,
2023-07-31 12:30:00,8.7,
2023-07-31 12:45:00,8.67,
2023-07-31 13:00:00,8.61,
2023-07-31 13:15:00,8.57,
2023-07-31 13:30:00,8.5,
2023-07-31 13:45:00,8.37,
2023-07-31 14:00:00,8.32,
2023-07-31 14:15:00,8.32,
2023-07-31 14:30:00,8.39,
2023-07-31 14:45:00,8.38,
2023-07-31 15:00:00,8.39,
2023-07-31 15:15:00,8.36,
2023-07-31 15:30:00,8.33,
2023-07-31 15:45:00,8.4,
2023-07-31 16:00:00,8.53,
2023-07-31 16:15:00,8.52,
2023-07-31 16:30:00,8.49,
2023-07-31 16:45:00,8.45,
2023-07-31 17:00:00,8.33,
2023-07-31 17:15:00,8.23,
2023-07-31 17:30:00,8.2,
2023-07-31 17:45:00,8.22,
2023-07-31 18:00:00,8.21,
2023-07-31 18:15:00,8.19,
2023-07-31 18:30:00,8.18,
2023-07-31 18:45:00,8.2,
2023-07-31 19:00:00,8.21,
2023-07-31 19:15:00,8.21,
2023-07-31 19:30:00,8.21,
2023-07-31 19:45:00,8.21,
2023-07-31 20:00:00,8.23,
2023-07-31 20:15:00,8.26,
2023-07-31 20:30:00,8.29,
2023-07-31 20:45:00,8.33,
2023-07-31 21:00:00,8.35,
2023-07-31 21:15:00,8.38,
2023-07-31 21:30:00,8.41,
2023-07-31 21:45:00,8.42,
2023-07-31 22:00:00,8.44,
2023-07-31 22:15:00,8.47,
2023-07-31 22:30:00,8.49,
2023-07-31 22:45:00,8.51,
2023-07-31 23:00:00,8.53,
2023-07-31 23:15:00,8.56,
2023-07-31 23:30:00,8.57,
2023-07-31 23:45:00,8.58,
2023-08-01 00:00:00,8.59,
2023-08-01 00:15:00,8.59,
2023-08-01 00:30:00,8.61,
2023-08-01 00:45:00,8.62,
2023-08-01 01:00:00,8.63,
2023-08-01 01:15:00,8.65,
2023-08-01 01:30:00,8.66,
2023-08-01 01:45:00,8.68,
2023-08-01 02:00:00,8.69,
2023-08-01 02:15:00,8.7,
2023-08-01 02:30:00,8.7,
2023-08-01 02:45:00,8.7,
2023-08-01 03:00:00,8.71,
2023-08-01 03:15:00,8.71,
2023-08-01 03:30:00,8.72,
2023-08-01 03:45:00,8.73,
2023-08-01 04:00:00,8.74,
2023-08-01 04:15:00,8.75,
2023-08-01 04:30:00,8.76,
2023-08-01 04:45:00,8.77,
2023-08-01 05:00:00,8.78,
2023-08-01 05:15:00,8.79,
2023-08-01 05:30:00,8.81,
2023-08-01 05:45:00,8.83,
2023-08-01 06:00:00,8.86,
2023-08-01 06:15:00,8.89,
2023-08-01 06:30:00,8.93,
2023-08-01 06:45:00,8.99,
2023-08-01 07:00:00,9.03,
2023-08-01 07:15:00,9.04,
2023-08-01 07:30:00,9.08,
2023-08-01 07:45:00,9.11,
2023-08-01 08:00:00,9.13,
2023-08-01 08:15:00,9.15,
2023-08-01 08:30:00,9.14,
2023-08-01 08:45:00,9.14,
2023-08-01 09:00:00,9.16,
2023-08-01 09:15:00,9.18,
2023-08-01 09:30:00,9.19,
2023-08-01 09:45:00,9.15,
2023-08-01 10:00:00,9.08,
2023-08-01 10:15:00,9.02,
2023-08-01 10:30:00,8.97,
2023-08-01 10:45:00,8.95,
2023-08-01 11:00:00,8.93,
2023-08-01 11:15:00,8.91,
2023-08-01 11:30:00,8.91,
2023-08-01 11:45:00,8.91,
2023-08-01 12:00:00,8.87,
2023-08-01 12:15:00,8.74,
2023-08-01 12:30:00,8.7,
2023-08-01 12:45:00,8.69,
2023-08-01 13:00:00,8.73,
2023-08-01 13:15:00,8.76,
2023-08-01 13:30:00,8.77,
2023-08-01 13:45:00,8.76,
2023-08-01 14:00:00,8.72,
2023-08-01 14:15:00,8.61,
2023-08-01 14:30:00,8.64,
2023-08-01 14:45:00,8.6,
2023-08-01 15:00:00,8.55,
2023-08-01 15:15:00,8.42,
2023-08-01 15:30:00,8.42,
2023-08-01 15:45:00,8.4,
2023-08-01 16:00:00,8.36,
2023-08-01 16:15:00,8.34,
2023-08-01 16:30:00,8.21,
2023-08-01 16:45:00,8.08,
2023-08-01 17:00:00,8.03,
2023-08-01 17:15:00,7.92,
2023-08-01 17:30:00,7.89,
2023-08-01 17:45:00,7.87,
2023-08-01 18:00:00,7.89,
2023-08-01 18:15:00,7.91,
2023-08-01 18:30:00,7.94,
2023-08-01 18:45:00,7.98,
2023-08-01 19:00:00,8.01,
2023-08-01 19:15:00,8.04,
2023-08-01 19:30:00,8.08,
2023-08-01 19:45:00,8.1,
2023-08-01 20:00:00,8.13,
2023-08-01 20:15:00,8.16,
2023-08-01 20:30:00,8.19,
2023-08-01 20:45:00,8.22,
2023-08-01 21:00:00,8.25,
2023-08-01 21:15:00,8.27,
2023-08-01 21:30:00,8.31,
2023-08-01 21:45:00,8.33,
2023-08-01 22:00:00,8.35,
2023-08-01 22:15:00,8.37,
2023-08-01 22:30:00,8.38,
2023-08-01 22:45:00,8.4,
2023-08-01 23:00:00,8.41,
2023-08-01 23:15:00,8.43,
2023-08-01 23:30:00,8.46,
2023-08-01 23:45:00,8.48,
2023-08-02 00:00:00,8.5,
2023-08-02 00:15:00,8.51,
2023-08-02 00:30:00,8.53,
2023-08-02 00:45:00,8.54,
2023-08-02 01:00:00,8.56,
2023-08-02 01:15:00,8.58,
2023-08-02 01:30:00,8.6,
2023-08-02 01:45:00,8.62,
2023-08-02 02:00:00,8.63,
2023-08-02 02:15:00,8.65,
2023-08-02 02:30:00,8.67,
2023-08-02 02:45:00,8.68,
2023-08-02 03:00:00,8.69,
2023-08-02 03:15:00,8.71,
2023-08-02 03:30:00,8.72,
2023-08-02 03:45:00,8.73,
2023-08-02 04:00:00,8.74,
2023-08-02 04:15:00,8.75,
2023-08-02 04:30:00,8.76,
2023-08-02 04:45:00,8.77,
2023-08-02 05:00:00,8.78,
2023-08-02 05:15:00,8.78,
2023-08-02 05:30:00,8.79,
2023-08-02 05:45:00,8.8,
2023-08-02 06:00:00,8.81,
2023-08-02 06:15:00,8.83,
2023-08-02 06:30:00,8.85,
2023-08-02 06:45:00,8.88,
2023-08-02 07:00:00,8.91,
2023-08-02 07:15:00,8.91,
2023-08-02 07:30:00,8.92,
2023-08-02 07:45:00,8.95,
2023-08-02 08:00:00,8.97,
2023-08-02 08:15:00,8.95,
2023-08-02 08:30:00,8.96,
2023-08-02 08:45:00,9.01,
2023-08-02 09:00:00,9.07,
2023-08-02 09:15:00,9.08,
2023-08-02 09:30:00,9.11,
2023-08-02 09:45:00,9.12,
2023-08-02 10:00:00,9.1,
2023-08-02 10:15:00,9.12,
2023-08-02 10:30:00,9.14,
2023-08-02 10:45:00,9.1,
2023-08-02 11:00:00,9.06,
2023-08-02 11:15:00,9.03,
2023-08-02 11:30:00,9.01,
2023-08-02 11:45:00,8.94,
2023-08-02 12:00:00,8.9,
2023-08-02 12:15:00,8.88,
2023-08-02 12:30:00,8.81,
2023-08-02 12:45:00,8.7,
2023-08-02 13:00:00,8.75,
2023-08-02 13:15:00,8.76,
2023-08-02 13:30:00,8.72,
2023-08-02 13:45:00,8.66,
2023-08-02 14:00:00,8.58,
2023-08-02 14:15:00,8.49,
2023-08-02 14:30:00,8.49,
2023-08-02 14:45:00,8.46,
2023-08-02 15:00:00,8.43,
2023-08-02 15:15:00,8.42,
2023-08-02 15:30:00,8.33,
2023-08-02 15:45:00,8.4,
2023-08-02 16:00:00,8.42,
2023-08-02 16:15:00,8.38,
2023-08-02 16:30:00,8.36,
2023-08-02 16:45:00,8.29,
2023-08-02 17:00:00,8.21,
2023-08-02 17:15:00,8.17,
2023-08-02 17:30:00,8.2,
2023-08-02 17:45:00,8.18,
2023-08-02 18:00:00,8.15,
2023-08-02 18:15:00,8.15,
2023-08-02 18:30:00,8.18,
2023-08-02 18:45:00,8.2,
2023-08-02 19:00:00,8.22,
2023-08-02 19:15:00,8.24,
2023-08-02 19:30:00,8.26,
2023-08-02 19:45:00,8.27,
2023-08-02 20:00:00,8.29,
2023-08-02 20:15:00,8.31,
2023-08-02 20:30:00,8.33,
2023-08-02 20:45:00,8.36,
2023-08-02 21:00:00,8.39,
2023-08-02 21:15:00,8.42,
2023-08-02 21:30:00,8.45,
2023-08-02 21:45:00,8.47,
2023-08-02 22:00:00,8.5,
2023-08-02 22:15:00,8.52,
2023-08-02 22:30:00,8.54,
2023-08-02 22:45:00,8.57,
2023-08-02 23:00:00,8.59,
2023-08-02 23:15:00,8.62,
2023-08-02 23:30:00,8.65,
2023-08-02 23:45:00,8.67,
2023-08-03 00:00:00,8.7,
2023-08-03 00:15:00,8.72,
2023-08-03 00:30:00,8.75,
2023-08-03 00:45:00,8.77,
2023-08-03 01:00:00,8.79,
2023-08-03 01:15:00,8.81,
2023-08-03 01:30:00,8.83,
2023-08-03 01:45:00,8.85,
2023-08-03 02:00:00,8.86,
2023-08-03 02:15:00,8.88,
2023-08-03 02:30:00,8.9,
2023-08-03 02:45:00,8.91,
2023-08-03 03:00:00,8.93,
2023-08-03 03:15:00,8.94,
2023-08-03 03:30:00,8.94,
2023-08-03 03:45:00,8.95,
2023-08-03 04:00:00,8.96,
2023-08-03 04:15:00,8.97,
2023-08-03 04:30:00,8.98,
2023-08-03 04:45:00,8.99,
2023-08-03 05:00:00,9.0,
2023-08-03 05:15:00,9.01,
2023-08-03 05:30:00,9.02,
2023-08-03 05:45:00,9.03,
2023-08-03 06:00:00,9.06,
2023-08-03 06:15:00,9.07,
2023-08-03 06:30:00,9.09,
2023-08-03 06:45:00,9.11,
2023-08-03 07:00:00,9.15,
2023-08-03 07:15:00,9.2,
2023-08-03 07:30:00,9.21,
2023-08-03 07:45:00,9.22,
2023-08-03 08:00:00,9.2,
2023-08-03 08:15:00,9.17,
2023-08-03 08:30:00,9.14,
2023-08-03 08:45:00,9.14,
2023-08-03 09:00:00,9.13,
2023-08-03 09:15:00,9.09,
2023-08-03 09:30:00,9.07,
2023-08-03 09:45:00,9.08,
2023-08-03 10:00:00,9.15,
2023-08-03 10:15:00,9.21,
2023-08-03 10:30:00,9.21,
2023-08-03 10:45:00,9.17,
2023-08-03 11:00:00,9.12,
2023-08-03 11:15:00,9.12,
2023-08-03 11:30:00,9.1,
2023-08-03 11:45:00,9.02,
2023-08-03 12:00:00,8.98,
2023-08-03 12:15:00,9.0,
2023-08-03 12:30:00,8.98,
2023-08-03 12:45:00,8.97,
2023-08-03 13:00:00,8.99,
2023-08-03 13:15:00,9.0,
2023-08-03 13:30:00,9.02,
2023-08-03 13:45:00,9.04,
2023-08-03 14:00:00,9.02,
2023-08-03 14:15:00,9.0,
2023-08-03 14:30:00,9.0,
2023-08-03 14:45:00,8.99,
2023-08-03 15:00:00,8.99,
2023-08-03 15:15:00,8.98,
2023-08-03 15:30:00,8.96,
2023-08-03 15:45:00,8.95,
2023-08-03 16:00:00,8.95,
2023-08-03 16:15:00,8.93,
2023-08-03 16:30:00,8.89,
2023-08-03 16:45:00,8.88,
2023-08-03 17:00:00,8.86,
2023-08-03 17:15:00,8.85,
2023-08-03 17:30:00,8.88,
2023-08-03 17:45:00,8.86,
2023-08-03 18:00:00,8.79,
2023-08-03 18:15:00,8.71,
2023-08-03 18:30:00,8.68,
2023-08-03 18:45:00,8.66,
2023-08-03 19:00:00,8.66,
2023-08-03 19:15:00,8.65,
2023-08-03 19:30:00,8.64,
2023-08-03 19:45:00,8.65,
2023-08-03 20:00:00,8.66,
2023-08-03 20:15:00,8.68,
2023-08-03 20:30:00,8.69,
2023-08-03 20:45:00,8.71,
2023-08-03 21:00:00,8.74,
2023-08-03 21:15:00,8.76,
2023-08-03 21:30:00,8.79,
2023-08-03 21:45:00,8.81,
2023-08-03 22:00:00,8.83,
2023-08-03 22:15:00,8.85,
2023-08-03 22:30:00,8.87,
2023-08-03 22:45:00,8.88,
2023-08-03 23:00:00,8.89,
2023-08-03 23:15:00,8.9,
2023-08-03 23:30:00,8.91,
2023-08-03 23:45:00,8.92,
2023-08-04 00:00:00,8.93,
2023-08-04 00:15:00,8.93,
2023-08-04 00:30:00,8.94,
2023-08-04 00:45:00,8.94,
2023-08-04 01:00:00,8.95,
2023-08-04 01:15:00,8.96,
2023-08-04 01:30:00,8.96,
2023-08-04 01:45:00,8.97,
2023-08-04 02:00:00,8.97,
2023-08-04 02:15:00,8.98,
2023-08-04 02:30:00,8.98,
2023-08-04 02:45:00,8.99,
2023-08-04 03:00:00,8.99,
2023-08-04 03:15:00,9.0,
2023-08-04 03:30:00,9.0,
2023-08-04 03:45:00,9.01,
2023-08-04 04:00:00,9.01,
2023-08-04 04:15:00,9.02,
2023-08-04 04:30:00,9.03,
2023-08-04 04:45:00,9.04,
2023-08-04 05:00:00,9.05,
2023-08-04 05:15:00,9.06,
2023-08-04 05:30:00,9.08,
2023-08-04 05:45:00,9.1,
2023-08-04 06:00:00,9.14,
2023-08-04 06:15:00,9.17,
2023-08-04 06:30:00,9.21,
2023-08-04 06:45:00,9.24,
2023-08-04 07:00:00,9.26,
2023-08-04 07:15:00,9.29,
2023-08-04 07:30:00,9.31,
2023-08-04 07:45:00,9.34,
2023-08-04 08:00:00,9.37,
2023-08-04 08:15:00,9.39,
2023-08-04 08:30:00,9.4,
2023-08-04 08:45:00,9.39,
2023-08-04 09:00:00,9.35,
2023-08-04 09:15:00,9.33,
2023-08-04 09:30:00,9.33,
2023-08-04 09:45:00,9.32,
2023-08-04 10:00:00,9.29,
2023-08-04 10:15:00,9.25,
2023-08-04 10:30:00,9.2,
2023-08-04 10:45:00,9.16,
2023-08-04 11:00:00,9.12,
2023-08-04 11:15:00,9.02,
2023-08-04 11:30:00,8.94,
2023-08-04 11:45:00,8.9,
2023-08-04 12:00:00,8.89,
2023-08-04 12:15:00,8.88,
2023-08-04 12:30:00,8.81,
2023-08-04 12:45:00,8.81,
2023-08-04 13:00:00,8.75,
2023-08-04 13:15:00,8.64,
2023-08-04 13:30:00,8.55,
2023-08-04 13:45:00,8.52,
2023-08-04 14:00:00,8.51,
2023-08-04 14:15:00,8.46,
2023-08-04 14:30:00,8.43,
2023-08-04 14:45:00,8.34,
2023-08-04 15:00:00,8.37,
2023-08-04 15:15:00,8.24,
2023-08-04 15:30:00,8.23,
2023-08-04 15:45:00,8.36,
2023-08-04 16:00:00,8.38,
2023-08-04 16:15:00,8.2,
2023-08-04 16:30:00,8.17,
2023-08-04 16:45:00,8.25,
2023-08-04 17:00:00,8.26,
2023-08-04 17:15:00,8.2,
2023-08-04 17:30:00,8.22,
2023-08-04 17:45:00,8.3,
2023-08-04 18:00:00,8.27,
2023-08-04 18:15:00,8.32,
2023-08-04 18:30:00,8.29,
2023-08-04 18:45:00,8.28,
2023-08-04 19:00:00,8.28,
2023-08-04 19:15:00,8.29,
2023-08-04 19:30:00,8.3,
2023-08-04 19:45:00,8.32,
2023-08-04 20:00:00,8.35,
2023-08-04 20:15:00,8.38,
2023-08-04 20:30:00,8.42,
2023-08-04 20:45:00,8.46,
2023-08-04 21:00:00,8.5,
2023-08-04 21:15:00,8.53,
2023-08-04 21:30:00,8.56,
2023-08-04 21:45:00,8.6,
2023-08-04 22:00:00,8.63,
2023-08-04 22:15:00,8.67,
2023-08-04 22:30:00,8.7,
2023-08-04 22:45:00,8.71,
2023-08-04 23:00:00,8.73,
2023-08-04 23:15:00,8.74,
2023-08-04 23:30:00,8.76,
2023-08-04 23:45:00,8.77,
2023-08-05 00:00:00,8.78,
2023-08-05 00:15:00,8.8,
2023-08-05 00:30:00,8.82,
2023-08-05 00:45:00,8.83,
2023-08-05 01:00:00,8.85,
2023-08-05 01:15:00,8.86,
2023-08-05 01:30:00,8.88,
2023-08-05 01:45:00,8.9,
2023-08-05 02:00:00,8.91,
2023-08-05 02:15:00,8.93,
2023-08-05 02:30:00,8.94,
2023-08-05 02:45:00,8.97,
2023-08-05 03:00:00,8.98,
2023-08-05 03:15:00,9.0,
2023-08-05 03:30:00,9.01,
2023-08-05 03:45:00,9.03,
2023-08-05 04:00:00,9.04,
2023-08-05 04:15:00,9.06,
2023-08-05 04:30:00,9.07,
2023-08-05 04:45:00,9.08,
2023-08-05 05:00:00,9.1,
2023-08-05 05:15:00,9.11,
2023-08-05 05:30:00,9.14,
2023-08-05 05:45:00,9.16,
2023-08-05 06:00:00,9.19,
2023-08-05 06:15:00,9.22,
2023-08-05 06:30:00,9.27,
2023-08-05 06:45:00,9.28,
2023-08-05 07:00:00,9.26,
2023-08-05 07:15:00,9.27,
2023-08-05 07:30:00,9.3,
2023-08-05 07:45:00,9.33,
2023-08-05 08:00:00,9.35,
2023-08-05 08:15:00,9.38,
2023-08-05 08:30:00,9.39,
2023-08-05 08:45:00,9.36,
2023-08-05 09:00:00,9.34,
2023-08-05 09:15:00,9.32,
2023-08-05 09:30:00,9.29,
2023-08-05 09:45:00,9.26,
2023-08-05 10:00:00,9.22,
2023-08-05 10:15:00,9.17,
2023-08-05 10:30:00,9.13,
2023-08-05 10:45:00,9.07,
2023-08-05 11:00:00,9.03,
2023-08-05 11:15:00,8.98,
2023-08-05 11:30:00,8.93,
2023-08-05 11:45:00,8.87,
2023-08-05 12:00:00,8.83,
2023-08-05 12:15:00,8.78,
2023-08-05 12:30:00,8.73,
2023-08-05 12:45:00,8.69,
2023-08-05 13:00:00,8.65,
2023-08-05 13:15:00,8.6,
2023-08-05 13:30:00,8.55,
2023-08-05 13:45:00,8.51,
2023-08-05 14:00:00,8.43,
2023-08-05 14:15:00,8.3,
2023-08-05 14:30:00,8.22,
2023-08-05 14:45:00,8.27,
2023-08-05 15:00:00,8.28,
2023-08-05 15:15:00,8.29,
2023-08-05 15:30:00,8.18,
2023-08-05 15:45:00,8.17,
2023-08-05 16:00:00,8.22,
2023-08-05 16:15:00,8.23,
2023-08-05 16:30:00,8.22,
2023-08-05 16:45:00,8.21,
2023-08-05 17:00:00,8.19,
2023-08-05 17:15:00,8.18,
2023-08-05 17:30:00,8.17,
2023-08-05 17:45:00,8.15,
2023-08-05 18:00:00,8.13,
2023-08-05 18:15:00,8.11,
2023-08-05 18:30:00,8.06,
2023-08-05 18:45:00,8.07,
2023-08-05 19:00:00,8.07,
2023-08-05 19:15:00,8.08,
2023-08-05 19:30:00,8.1,
2023-08-05 19:45:00,8.13,
2023-08-05 20:00:00,8.16,
2023-08-05 20:15:00,8.19,
2023-08-05 20:30:00,8.23,
2023-08-05 20:45:00,8.27,
2023-08-05 21:00:00,8.31,
2023-08-05 21:15:00,8.35,
2023-08-05 21:30:00,8.39,
2023-08-05 21:45:00,8.43,
2023-08-05 22:00:00,8.46,
2023-08-05 22:15:00,8.49,
2023-08-05 22:30:00,8.53,
2023-08-05 22:45:00,8.56,
2023-08-05 23:00:00,8.58,
2023-08-05 23:15:00,8.61,
2023-08-05 23:30:00,8.63,
2023-08-05 23:45:00,8.65,
2023-08-06 00:00:00,8.68,
2023-08-06 00:15:00,8.7,
2023-08-06 00:30:00,8.72,
2023-08-06 00:45:00,8.74,
2023-08-06 01:00:00,8.76,
2023-08-06 01:15:00,8.77,
2023-08-06 01:30:00,8.79,
2023-08-06 01:45:00,8.79,
2023-08-06 02:00:00,8.8,
2023-08-06 02:15:00,8.81,
2023-08-06 02:30:00,8.81,
2023-08-06 02:45:00,8.83,
2023-08-06 03:00:00,8.84,
2023-08-06 03:15:00,8.86,
2023-08-06 03:30:00,8.87,
2023-08-06 03:45:00,8.88,
2023-08-06 04:00:00,8.89,
2023-08-06 04:15:00,8.9,
2023-08-06 04:30:00,8.91,
2023-08-06 04:45:00,8.92,
2023-08-06 05:00:00,8.93,
2023-08-06 05:15:00,8.94,
2023-08-06 05:30:00,8.94,
2023-08-06 05:45:00,8.96,
2023-08-06 06:00:00,8.99,
2023-08-06 06:15:00,9.01,
2023-08-06 06:30:00,9.06,
2023-08-06 06:45:00,9.06,
2023-08-06 07:00:00,9.08,
2023-08-06 07:15:00,9.08,
2023-08-06 07:30:00,9.13,
2023-08-06 07:45:00,9.21,
2023-08-06 08:00:00,9.26,
2023-08-06 08:15:00,9.23,
2023-08-06 08:30:00,9.18,
2023-08-06 08:45:00,9.17,
2023-08-06 09:00:00,9.21,
2023-08-06 09:15:00,9.22,
2023-08-06 09:30:00,9.2,
2023-08-06 09:45:00,9.18,
2023-08-06 10:00:00,9.15,
2023-08-06 10:15:00,9.11,
2023-08-06 10:30:00,9.06,
2023-08-06 10:45:00,9.01,
2023-08-06 11:00:00,8.97,
2023-08-06 11:15:00,8.92,
2023-08-06 11:30:00,8.88,
2023-08-06 11:45:00,8.81,
2023-08-06 12:00:00,8.79,
2023-08-06 12:15:00,8.74,
2023-08-06 12:30:00,8.71,
2023-08-06 12:45:00,8.67,
2023-08-06 13:00:00,8.58,
2023-08-06 13:15:00,8.55,
2023-08-06 13:30:00,8.44,
2023-08-06 13:45:00,8.41,
2023-08-06 14:00:00,8.31,
2023-08-06 14:15:00,8.35,
2023-08-06 14:30:00,8.42,
2023-08-06 14:45:00,8.37,
2023-08-06 15:00:00,8.43,
2023-08-06 15:15:00,8.38,
2023-08-06 15:30:00,8.33,
2023-08-06 15:45:00,8.35,
2023-08-06 16:00:00,8.38,
2023-08-06 16:15:00,8.32,
2023-08-06 16:30:00,8.27,
2023-08-06 16:45:00,8.23,
2023-08-06 17:00:00,8.36,
2023-08-06 17:15:00,8.39,
2023-08-06 17:30:00,8.34,
2023-08-06 17:45:00,8.32,
2023-08-06 18:00:00,8.33,
2023-08-06 18:15:00,8.34,
2023-08-06 18:30:00,8.34,
2023-08-06 18:45:00,8.3,
2023-08-06 19:00:00,8.29,
2023-08-06 19:15:00,8.29,
2023-08-06 19:30:00,8.28,
2023-08-06 19:45:00,8.27,
2023-08-06 20:00:00,8.29,
2023-08-06 20:15:00,8.32,
2023-08-06 20:30:00,8.35,
2023-08-06 20:45:00,8.39,
2023-08-06 21:00:00,8.43,
2023-08-06 21:15:00,8.46,
2023-08-06 21:30:00,8.5,
2023-08-06 21:45:00,8.54,
2023-08-06 22:00:00,8.57,
2023-08-06 22:15:00,8.6,
2023-08-06 22:30:00,8.64,
2023-08-06 22:45:00,8.67,
2023-08-06 23:00:00,8.7,
2023-08-06 23:15:00,8.73,
2023-08-06 23:30:00,8.76,
2023-08-06 23:45:00,8.79,
2023-08-07 00:00:00,8.82,
2023-08-07 00:15:00,8.85,
2023-08-07 00:30:00,8.87,
2023-08-07 00:45:00,8.89,
2023-08-07 01:00:00,8.91,
2023-08-07 01:15:00,8.94,
2023-08-07 01:30:00,8.96,
2023-08-07 01:45:00,8.98,
2023-08-07 02:00:00,9.0,
2023-08-07 02:15:00,9.01,
2023-08-07 02:30:00,9.03,
2023-08-07 02:45:00,9.04,
2023-08-07 03:00:00,9.05,
2023-08-07 03:15:00,9.06,
2023-08-07 03:30:00,9.08,
2023-08-07 03:45:00,9.09,
2023-08-07 04:00:00,9.1,
2023-08-07 04:15:00,9.11,
2023-08-07 04:30:00,9.12,
2023-08-07 04:45:00,9.13,
2023-08-07 05:00:00,9.14,
2023-08-07 05:15:00,9.15,
2023-08-07 05:30:00,9.16,
2023-08-07 05:45:00,9.19,
2023-08-07 06:00:00,9.22,
2023-08-07 06:15:00,9.25,
2023-08-07 06:30:00,9.28,
2023-08-07 06:45:00,9.3,
2023-08-07 07:00:00,9.3,
2023-08-07 07:15:00,9.31,
2023-08-07 07:30:00,9.33,
2023-08-07 07:45:00,9.37,
2023-08-07 08:00:00,9.39,
2023-08-07 08:15:00,9.39,
2023-08-07 08:30:00,9.39,
2023-08-07 08:45:00,9.38,
2023-08-07 09:00:00,9.35,
2023-08-07 09:15:00,9.31,
2023-08-07 09:30:00,9.29,
2023-08-07 09:45:00,9.26,
2023-08-07 10:00:00,9.21,
2023-08-07 10:15:00,9.17,
2023-08-07 10:30:00,9.13,
2023-08-07 10:45:00,9.07,
2023-08-07 11:00:00,9.01,
2023-08-07 11:15:00,9.0,
2023-08-07 11:30:00,8.89,
2023-08-07 11:45:00,8.88,
2023-08-07 12:00:00,8.88,
2023-08-07 12:15:00,8.87,
2023-08-07 12:30:00,8.82,
2023-08-07 12:45:00,8.82,
2023-08-07 13:00:00,8.79,
2023-08-07 13:15:00,8.78,
2023-08-07 13:30:00,8.71,
2023-08-07 13:45:00,8.67,
2023-08-07 14:00:00,8.61,
2023-08-07 14:15:00,8.59,
2023-08-07 14:30:00,8.59,
2023-08-07 14:45:00,8.56,
2023-08-07 15:00:00,8.49,
2023-08-07 15:15:00,8.44,
2023-08-07 15:30:00,8.47,
2023-08-07 15:45:00,8.48,
2023-08-07 16:00:00,8.44,
2023-08-07 16:15:00,8.44,
2023-08-07 16:30:00,8.47,
2023-08-07 16:45:00,8.48,
2023-08-07 17:00:00,8.43,
2023-08-07 17:15:00,8.45,
2023-08-07 17:30:00,8.4,
2023-08-07 17:45:00,8.4,
2023-08-07 18:00:00,8.39,
2023-08-07 18:15:00,8.37,
2023-08-07 18:30:00,8.35,
2023-08-07 18:45:00,8.32,
2023-08-07 19:00:00,8.31,
2023-08-07 19:15:00,8.3,
2023-08-07 19:30:00,8.3,
2023-08-07 19:45:00,8.3,
2023-08-07 20:00:00,8.31,
2023-08-07 20:15:00,8.34,
2023-08-07 20:30:00,8.36,
2023-08-07 20:45:00,8.4,
2023-08-07 21:00:00,8.43,
2023-08-07 21:15:00,8.46,
2023-08-07 21:30:00,8.5,
2023-08-07 21:45:00,8.52,
2023-08-07 22:00:00,8.55,
2023-08-07 22:15:00,8.58,
2023-08-07 22:30:00,8.61,
2023-08-07 22:45:00,8.64,
2023-08-07 23:00:00,8.66,
2023-08-07 23:15:00,8.68,
2023-08-07 23:30:00,8.7,
2023-08-07 23:45:00,8.73,
2023-08-08 00:00:00,8.74,
2023-08-08 00:15:00,8.76,
2023-08-08 00:30:00,8.78,
2023-08-08 00:45:00,8.79,
2023-08-08 01:00:00,8.81,
2023-08-08 01:15:00,8.83,
2023-08-08 01:30:00,8.84,
2023-08-08 01:45:00,8.86,
2023-08-08 02:00:00,8.87,
2023-08-08 02:15:00,8.88,
2023-08-08 02:30:00,8.89,
2023-08-08 02:45:00,8.9,
2023-08-08 03:00:00,8.91,
2023-08-08 03:15:00,8.92,
2023-08-08 03:30:00,8.92,
2023-08-08 03:45:00,8.93,
2023-08-08 04:00:00,8.94,
2023-08-08 04:15:00,8.95,
2023-08-08 04:30:00,8.95,
2023-08-08 04:45:00,8.96,
2023-08-08 05:00:00,8.97,
2023-08-08 05:15:00,8.98,
2023-08-08 05:30:00,8.99,
2023-08-08 05:45:00,8.99,
2023-08-08 06:00:00,8.98,
2023-08-08 06:15:00,9.01,
2023-08-08 06:30:00,9.04,
2023-08-08 06:45:00,9.06,
2023-08-08 07:00:00,9.1,
2023-08-08 07:15:00,9.13,
2023-08-08 07:30:00,9.18,
2023-08-08 07:45:00,9.24,
2023-08-08 08:00:00,9.28,
2023-08-08 08:15:00,9.29,
2023-08-08 08:30:00,9.29,
2023-08-08 08:45:00,9.31,
2023-08-08 09:00:00,9.29,
2023-08-08 09:15:00,9.24,
2023-08-08 09:30:00,9.24,
2023-08-08 09:45:00,9.19,
2023-08-08 10:00:00,9.17,
2023-08-08 10:15:00,9.18,
2023-08-08 10:30:00,9.15,
2023-08-08 10:45:00,9.12,
2023-08-08 11:00:00,9.09,
2023-08-08 11:15:00,9.01,
2023-08-08 11:30:00,9.01,
2023-08-08 11:45:00,9.04,
2023-08-08 12:00:00,9.05,
2023-08-08 12:15:00,9.07,
2023-08-08 12:30:00,9.04,
2023-08-08 12:45:00,9.0,
2023-08-08 13:00:00,8.94,
2023-08-08 13:15:00,8.9,
2023-08-08 13:30:00,8.86,
2023-08-08 13:45:00,8.8,
2023-08-08 14:00:00,8.8,
2023-08-08 14:15:00,8.76,
2023-08-08 14:30:00,8.72,
2023-08-08 14:45:00,8.66,
2023-08-08 15:00:00,8.62,
2023-08-08 15:15:00,8.61,
2023-08-08 15:30:00,8.63,
2023-08-08 15:45:00,8.62,
2023-08-08 16:00:00,8.6,
2023-08-08 16:15:00,8.58,
2023-08-08 16:30:00,8.59,
2023-08-08 16:45:00,8.61,
2023-08-08 17:00:00,8.59,
2023-08-08 17:15:00,8.56,
2023-08-08 17:30:00,8.54,
2023-08-08 17:45:00,8.51,
2023-08-08 18:00:00,8.46,
2023-08-08 18:15:00,8.41,
2023-08-08 18:30:00,8.37,
2023-08-08 18:45:00,8.37,
2023-08-08 19:00:00,8.36,
2023-08-08 19:15:00,8.36,
2023-08-08 19:30:00,8.36,
2023-08-08 19:45:00,8.37,
2023-08-08 20:00:00,8.39,
2023-08-08 20:15:00,8.42,
2023-08-08 20:30:00,8.45,
2023-08-08 20:45:00,8.49,
2023-08-08 21:00:00,8.53,
2023-08-08 21:15:00,8.56,
2023-08-08 21:30:00,8.6,
2023-08-08 21:45:00,8.64,
2023-08-08 22:00:00,8.67,
2023-08-08 22:15:00,8.71,
2023-08-08 22:30:00,8.74,
2023-08-08 22:45:00,8.77,
2023-08-08 23:00:00,8.8,
2023-08-08 23:15:00,8.83,
2023-08-08 23:30:00,8.86,
2023-08-08 23:45:00,8.89,
2023-08-09 00:00:00,8.92,
2023-08-09 00:15:00,8.94,
2023-08-09 00:30:00,8.97,
2023-08-09 00:45:00,8.99,
2023-08-09 01:00:00,9.01,
2023-08-09 01:15:00,9.03,
2023-08-09 01:30:00,9.06,
2023-08-09 01:45:00,9.08,
2023-08-09 02:00:00,9.09,
2023-08-09 02:15:00,9.11,
2023-08-09 02:30:00,9.13,
2023-08-09 02:45:00,9.15,
2023-08-09 03:00:00,9.17,
2023-08-09 03:15:00,9.18,
2023-08-09 03:30:00,9.2,
2023-08-09 03:45:00,9.21,
2023-08-09 04:00:00,9.22,
2023-08-09 04:15:00,9.23,
2023-08-09 04:30:00,9.25,
2023-08-09 04:45:00,9.26,
2023-08-09 05:00:00,9.27,
2023-08-09 05:15:00,9.28,
2023-08-09 05:30:00,9.3,
2023-08-09 05:45:00,9.33,
2023-08-09 06:00:00,9.35,
2023-08-09 06:15:00,9.38,
2023-08-09 06:30:00,9.41,
2023-08-09 06:45:00,9.43,
2023-08-09 07:00:00,9.45,
2023-08-09 07:15:00,9.47,
2023-08-09 07:30:00,9.5,
2023-08-09 07:45:00,9.53,
2023-08-09 08:00:00,9.55,
2023-08-09 08:15:00,9.56,
2023-08-09 08:30:00,9.56,
2023-08-09 08:45:00,9.53,
2023-08-09 09:00:00,9.5,
2023-08-09 09:15:00,9.47,
2023-08-09 09:30:00,9.42,
2023-08-09 09:45:00,9.38,
2023-08-09 10:00:00,9.33,
2023-08-09 10:15:00,9.28,
2023-08-09 10:30:00,9.23,
2023-08-09 10:45:00,9.17,
2023-08-09 11:00:00,9.11,
2023-08-09 11:15:00,9.06,
2023-08-09 11:30:00,9.01,
2023-08-09 11:45:00,8.95,
2023-08-09 12:00:00,8.9,
2023-08-09 12:15:00,8.85,
2023-08-09 12:30:00,8.8,
2023-08-09 12:45:00,8.75,
2023-08-09 13:00:00,8.7,
2023-08-09 13:15:00,8.66,
2023-08-09 13:30:00,8.62,
2023-08-09 13:45:00,8.58,
2023-08-09 14:00:00,8.54,
2023-08-09 14:15:00,8.5,
2023-08-09 14:30:00,8.46,
2023-08-09 14:45:00,8.42,
2023-08-09 15:00:00,8.38,
2023-08-09 15:15:00,8.35,
2023-08-09 15:30:00,8.32,
2023-08-09 15:45:00,8.29,
2023-08-09 16:00:00,8.27,
2023-08-09 16:15:00,8.24,
2023-08-09 16:30:00,8.21,
2023-08-09 16:45:00,8.2,
2023-08-09 17:00:00,8.22,
2023-08-09 17:15:00,8.23,
2023-08-09 17:30:00,8.15,
2023-08-09 17:45:00,8.14,
2023-08-09 18:00:00,8.14,
2023-08-09 18:15:00,8.14,
2023-08-09 18:30:00,8.12,
2023-08-09 18:45:00,8.08,
2023-08-09 19:00:00,8.05,
2023-08-09 19:15:00,8.05,
2023-08-09 19:30:00,8.05,
2023-08-09 19:45:00,8.07,
2023-08-09 20:00:00,8.1,
2023-08-09 20:15:00,8.13,
2023-08-09 20:30:00,8.17,
2023-08-09 20:45:00,8.22,
2023-08-09 21:00:00,8.26,
2023-08-09 21:15:00,8.3,
2023-08-09 21:30:00,8.34,
2023-08-09 21:45:00,8.38,
2023-08-09 22:00:00,8.42,
2023-08-09 22:15:00,8.46,
2023-08-09 22:30:00,8.5,
2023-08-09 22:45:00,8.53,
2023-08-09 23:00:00,8.57,
2023-08-09 23:15:00,8.6,
2023-08-09 23:30:00,8.63,
2023-08-09 23:45:00,8.67,
2023-08-10 00:00:00,8.69,
2023-08-10 00:15:00,8.72,
2023-08-10 00:30:00,8.75,
2023-08-10 00:45:00,8.78,
2023-08-10 01:00:00,8.8,
2023-08-10 01:15:00,8.82,
2023-08-10 01:30:00,8.84,
2023-08-10 01:45:00,8.86,
2023-08-10 02:00:00,8.88,
2023-08-10 02:15:00,8.89,
2023-08-10 02:30:00,8.91,
2023-08-10 02:45:00,8.92,
2023-08-10 03:00:00,8.93,
2023-08-10 03:15:00,8.94,
2023-08-10 03:30:00,8.95,
2023-08-10 03:45:00,8.96,
2023-08-10 04:00:00,8.96,
2023-08-10 04:15:00,8.97,
2023-08-10 04:30:00,8.98,
2023-08-10 04:45:00,8.99,
2023-08-10 05:00:00,9.0,
2023-08-10 05:15:00,9.0,
2023-08-10 05:30:00,9.01,
2023-08-10 05:45:00,9.03,
2023-08-10 06:00:00,9.05,
2023-08-10 06:15:00,9.09,
2023-08-10 06:30:00,9.11,
2023-08-10 06:45:00,9.14,
2023-08-10 07:00:00,9.16,
2023-08-10 07:15:00,9.18,
2023-08-10 07:30:00,9.21,
2023-08-10 07:45:00,9.25,
2023-08-10 08:00:00,9.28,
2023-08-10 08:15:00,9.3,
2023-08-10 08:30:00,9.3,
2023-08-10 08:45:00,9.29,
2023-08-10 09:00:00,9.27,
2023-08-10 09:15:00,9.24,
2023-08-10 09:30:00,9.21,
2023-08-10 09:45:00,9.17,
2023-08-10 10:00:00,9.12,
2023-08-10 10:15:00,9.07,
2023-08-10 10:30:00,9.03,
2023-08-10 10:45:00,8.98,
2023-08-10 11:00:00,8.93,
2023-08-10 11:15:00,8.88,
2023-08-10 11:30:00,8.83,
2023-08-10 11:45:00,8.78,
2023-08-10 12:00:00,8.74,
2023-08-10 12:15:00,8.7,
2023-08-10 12:30:00,8.65,
2023-08-10 12:45:00,8.6,
2023-08-10 13:00:00,8.56,
2023-08-10 13:15:00,8.51,
2023-08-10 13:30:00,8.47,
2023-08-10 13:45:00,8.43,
2023-08-10 14:00:00,8.38,
2023-08-10 14:15:00,8.35,
2023-08-10 14:30:00,8.31,
2023-08-10 14:45:00,8.27,
2023-08-10 15:00:00,8.24,
2023-08-10 15:15:00,8.21,
2023-08-10 15:30:00,8.17,
2023-08-10 15:45:00,8.14,
2023-08-10 16:00:00,8.12,
2023-08-10 16:15:00,8.07,
2023-08-10 16:30:00,8.07,
2023-08-10 16:45:00,8.02,
2023-08-10 17:00:00,8.02,
2023-08-10 17:15:00,8.04,
2023-08-10 17:30:00,8.02,
2023-08-10 17:45:00,8.0,
2023-08-10 18:00:00,7.98,
2023-08-10 18:15:00,7.95,
2023-08-10 18:30:00,7.92,
2023-08-10 18:45:00,7.93,
2023-08-10 19:00:00,7.93,
2023-08-10 19:15:00,7.94,
2023-08-10 19:30:00,7.95,
2023-08-10 19:45:00,7.97,
2023-08-10 20:00:00,7.99,
2023-08-10 20:15:00,8.03,
2023-08-10 20:30:00,8.07,
2023-08-10 20:45:00,8.11,
2023-08-10 21:00:00,8.15,
2023-08-10 21:15:00,8.2,
2023-08-10 21:30:00,8.24,
2023-08-10 21:45:00,8.28,
2023-08-10 22:00:00,8.31,
2023-08-10 22:15:00,8.36,
2023-08-10 22:30:00,8.4,
2023-08-10 22:45:00,8.44,
2023-08-10 23:00:00,8.47,
2023-08-10 23:15:00,8.51,
2023-08-10 23:30:00,8.54,
2023-08-10 23:45:00,8.58,
2023-08-11 00:00:00,8.61,
2023-08-11 00:15:00,8.65,
2023-08-11 00:30:00,8.68,
2023-08-11 00:45:00,8.71,
2023-08-11 01:00:00,8.73,
2023-08-11 01:15:00,8.76,
2023-08-11 01:30:00,8.79,
2023-08-11 01:45:00,8.82,
2023-08-11 02:00:00,8.84,
2023-08-11 02:15:00,8.86,
2023-08-11 02:30:00,8.89,
2023-08-11 02:45:00,8.91,
2023-08-11 03:00:00,8.93,
2023-08-11 03:15:00,8.95,
2023-08-11 03:30:00,8.97,
2023-08-11 03:45:00,8.99,
2023-08-11 04:00:00,9.0,
2023-08-11 04:15:00,9.02,
2023-08-11 04:30:00,9.04,
2023-08-11 04:45:00,9.05,
2023-08-11 05:00:00,9.06,
2023-08-11 05:15:00,9.07,
2023-08-11 05:30:00,9.09,
2023-08-11 05:45:00,9.11,
2023-08-11 06:00:00,9.14,
2023-08-11 06:15:00,9.17,
2023-08-11 06:30:00,9.19,
2023-08-11 06:45:00,9.22,
2023-08-11 07:00:00,9.24,
2023-08-11 07:15:00,9.26,
2023-08-11 07:30:00,9.28,
2023-08-11 07:45:00,9.31,
2023-08-11 08:00:00,9.34,
2023-08-11 08:15:00,9.35,
2023-08-11 08:30:00,9.36,
2023-08-11 08:45:00,9.35,
2023-08-11 09:00:00,9.31,
2023-08-11 09:15:00,9.28,
2023-08-11 09:30:00,9.24,
2023-08-11 09:45:00,9.2,
2023-08-11 10:00:00,9.16,
2023-08-11 10:15:00,9.11,
2023-08-11 10:30:00,9.05,
2023-08-11 10:45:00,9.0,
2023-08-11 11:00:00,8.94,
2023-08-11 11:15:00,8.89,
2023-08-11 11:30:00,8.84,
2023-08-11 11:45:00,8.77,
2023-08-11 12:00:00,8.74,
2023-08-11 12:15:00,8.67,
2023-08-11 12:30:00,8.6,
2023-08-11 12:45:00,8.59,
2023-08-11 13:00:00,8.55,
2023-08-11 13:15:00,8.48,
2023-08-11 13:30:00,8.4,
2023-08-11 13:45:00,8.39,
2023-08-11 14:00:00,8.38,
2023-08-11 14:15:00,8.34,
2023-08-11 14:30:00,8.3,
2023-08-11 14:45:00,8.26,
2023-08-11 15:00:00,8.22,
2023-08-11 15:15:00,8.19,
2023-08-11 15:30:00,8.15,
2023-08-11 15:45:00,8.12,
2023-08-11 16:00:00,8.1,
2023-08-11 16:15:00,8.08,
2023-08-11 16:30:00,8.06,
2023-08-11 16:45:00,8.03,
2023-08-11 17:00:00,7.99,
2023-08-11 17:15:00,7.99,
2023-08-11 17:30:00,7.97,
2023-08-11 17:45:00,7.95,
2023-08-11 18:00:00,7.93,
2023-08-11 18:15:00,7.89,
2023-08-11 18:30:00,7.87,
2023-08-11 18:45:00,7.87,
2023-08-11 19:00:00,7.89,
2023-08-11 19:15:00,7.91,
2023-08-11 19:30:00,7.92,
2023-08-11 19:45:00,7.94,
2023-08-11 20:00:00,7.97,
2023-08-11 20:15:00,8.0,
2023-08-11 20:30:00,8.05,
2023-08-11 20:45:00,8.09,
2023-08-11 21:00:00,8.13,
2023-08-11 21:15:00,8.17,
2023-08-11 21:30:00,8.21,
2023-08-11 21:45:00,8.25,
2023-08-11 22:00:00,8.29,
2023-08-11 22:15:00,8.33,
2023-08-11 22:30:00,8.36,
2023-08-11 22:45:00,8.4,
2023-08-11 23:00:00,8.44,
2023-08-11 23:15:00,8.47,
2023-08-11 23:30:00,8.51,
2023-08-11 23:45:00,8.54,
2023-08-12 00:00:00,8.57,
2023-08-12 00:15:00,8.61,
2023-08-12 00:30:00,8.63,
2023-08-12 00:45:00,8.66,
2023-08-12 01:00:00,8.69,
2023-08-12 01:15:00,8.71,
2023-08-12 01:30:00,8.74,
2023-08-12 01:45:00,8.76,
2023-08-12 02:00:00,8.78,
2023-08-12 02:15:00,8.79,
2023-08-12 02:30:00,8.8,
2023-08-12 02:45:00,8.82,
2023-08-12 03:00:00,8.84,
2023-08-12 03:15:00,8.86,
2023-08-12 03:30:00,8.88,
2023-08-12 03:45:00,8.89,
2023-08-12 04:00:00,8.91,
2023-08-12 04:15:00,8.92,
2023-08-12 04:30:00,8.93,
2023-08-12 04:45:00,8.94,
2023-08-12 05:00:00,8.94,
2023-08-12 05:15:00,8.95,
2023-08-12 05:30:00,8.96,
2023-08-12 05:45:00,8.97,
2023-08-12 06:00:00,8.99,
2023-08-12 06:15:00,9.03,
2023-08-12 06:30:00,9.06,
2023-08-12 06:45:00,9.1,
2023-08-12 07:00:00,9.14,
2023-08-12 07:15:00,9.16,
2023-08-12 07:30:00,9.17,
2023-08-12 07:45:00,9.19,
2023-08-12 08:00:00,9.22,
2023-08-12 08:15:00,9.26,
2023-08-12 08:30:00,9.25,
2023-08-12 08:45:00,9.21,
2023-08-12 09:00:00,9.23,
2023-08-12 09:15:00,9.23,
2023-08-12 09:30:00,9.21,
2023-08-12 09:45:00,9.16,
2023-08-12 10:00:00,9.13,
2023-08-12 10:15:00,9.12,
2023-08-12 10:30:00,9.08,
2023-08-12 10:45:00,9.02,
2023-08-12 11:00:00,8.96,
2023-08-12 11:15:00,8.91,
2023-08-12 11:30:00,8.84,
2023-08-12 11:45:00,8.78,
2023-08-12 12:00:00,8.72,
2023-08-12 12:15:00,8.67,
2023-08-12 12:30:00,8.61,
2023-08-12 12:45:00,8.57,
2023-08-12 13:00:00,8.52,
2023-08-12 13:15:00,8.47,
2023-08-12 13:30:00,8.42,
2023-08-12 13:45:00,8.38,
2023-08-12 14:00:00,8.34,
2023-08-12 14:15:00,8.3,
2023-08-12 14:30:00,8.26,
2023-08-12 14:45:00,8.23,
2023-08-12 15:00:00,8.19,
2023-08-12 15:15:00,8.13,
2023-08-12 15:30:00,8.13,
2023-08-12 15:45:00,8.11,
2023-08-12 16:00:00,8.09,
2023-08-12 16:15:00,8.03,
2023-08-12 16:30:00,8.03,
2023-08-12 16:45:00,8.0,
2023-08-12 17:00:00,8.02,
2023-08-12 17:15:00,8.0,
2023-08-12 17:30:00,7.99,
2023-08-12 17:45:00,7.91,
2023-08-12 18:00:00,7.93,
2023-08-12 18:15:00,7.91,
2023-08-12 18:30:00,7.9,
2023-08-12 18:45:00,7.9,
2023-08-12 19:00:00,7.89,
2023-08-12 19:15:00,7.9,
2023-08-12 19:30:00,7.92,
2023-08-12 19:45:00,7.94,
2023-08-12 20:00:00,7.96,
2023-08-12 20:15:00,8.0,
2023-08-12 20:30:00,8.04,
2023-08-12 20:45:00,8.08,
2023-08-12 21:00:00,8.12,
2023-08-12 21:15:00,8.16,
2023-08-12 21:30:00,8.21,
2023-08-12 21:45:00,8.25,
2023-08-12 22:00:00,8.29,
2023-08-12 22:15:00,8.33,
2023-08-12 22:30:00,8.37,
2023-08-12 22:45:00,8.42,
2023-08-12 23:00:00,8.46,
2023-08-12 23:15:00,8.49,
2023-08-12 23:30:00,8.53,
2023-08-12 23:45:00,8.56,
2023-08-13 00:00:00,8.59,
2023-08-13 00:15:00,8.63,
2023-08-13 00:30:00,8.66,
2023-08-13 00:45:00,8.69,
2023-08-13 01:00:00,8.73,
2023-08-13 01:15:00,8.76,
2023-08-13 01:30:00,8.79,
2023-08-13 01:45:00,8.82,
2023-08-13 02:00:00,8.85,
2023-08-13 02:15:00,8.87,
2023-08-13 02:30:00,8.9,
2023-08-13 02:45:00,8.93,
2023-08-13 03:00:00,8.95,
2023-08-13 03:15:00,8.98,
2023-08-13 03:30:00,9.0,
2023-08-13 03:45:00,9.01,
2023-08-13 04:00:00,9.03,
2023-08-13 04:15:00,9.05,
2023-08-13 04:30:00,9.07,
2023-08-13 04:45:00,9.09,
2023-08-13 05:00:00,9.11,
2023-08-13 05:15:00,9.12,
2023-08-13 05:30:00,9.14,
2023-08-13 05:45:00,9.17,
2023-08-13 06:00:00,9.2,
2023-08-13 06:15:00,9.23,
2023-08-13 06:30:00,9.26,
2023-08-13 06:45:00,9.28,
2023-08-13 07:00:00,9.3,
2023-08-13 07:15:00,9.32,
2023-08-13 07:30:00,9.35,
2023-08-13 07:45:00,9.38,
2023-08-13 08:00:00,9.41,
2023-08-13 08:15:00,9.43,
2023-08-13 08:30:00,9.44,
2023-08-13 08:45:00,9.42,
2023-08-13 09:00:00,9.4,
2023-08-13 09:15:00,9.37,
2023-08-13 09:30:00,9.33,
2023-08-13 09:45:00,9.28,
2023-08-13 10:00:00,9.24,
2023-08-13 10:15:00,9.19,
2023-08-13 10:30:00,9.14,
2023-08-13 10:45:00,9.08,
2023-08-13 11:00:00,9.03,
2023-08-13 11:15:00,8.97,
2023-08-13 11:30:00,8.92,
2023-08-13 11:45:00,8.86,
2023-08-13 12:00:00,8.81,
2023-08-13 12:15:00,8.76,
2023-08-13 12:30:00,8.71,
2023-08-13 12:45:00,8.66,
2023-08-13 13:00:00,8.61,
2023-08-13 13:15:00,8.57,
2023-08-13 13:30:00,8.52,
2023-08-13 13:45:00,8.47,
2023-08-13 14:00:00,8.43,
2023-08-13 14:15:00,8.39,
2023-08-13 14:30:00,8.35,
2023-08-13 14:45:00,8.32,
2023-08-13 15:00:00,8.28,
2023-08-13 15:15:00,8.24,
2023-08-13 15:30:00,8.21,
2023-08-13 15:45:00,8.18,
2023-08-13 16:00:00,8.15,
2023-08-13 16:15:00,8.13,
2023-08-13 16:30:00,8.1,
2023-08-13 16:45:00,8.08,
2023-08-13 17:00:00,8.06,
2023-08-13 17:15:00,8.04,
2023-08-13 17:30:00,8.02,
2023-08-13 17:45:00,8.0,
2023-08-13 18:00:00,7.98,
2023-08-13 18:15:00,7.92,
2023-08-13 18:30:00,7.92,
2023-08-13 18:45:00,7.93,
2023-08-13 19:00:00,7.95,
2023-08-13 19:15:00,7.97,
2023-08-13 19:30:00,7.99,
2023-08-13 19:45:00,8.01,
2023-08-13 20:00:00,8.04,
2023-08-13 20:15:00,8.08,
2023-08-13 20:30:00,8.12,
2023-08-13 20:45:00,8.16,
2023-08-13 21:00:00,8.2,
2023-08-13 21:15:00,8.25,
2023-08-13 21:30:00,8.29,
2023-08-13 21:45:00,8.32,
2023-08-13 22:00:00,8.36,
2023-08-13 22:15:00,8.4,
2023-08-13 22:30:00,8.44,
2023-08-13 22:45:00,8.48,
2023-08-13 23:00:00,8.51,
2023-08-13 23:15:00,8.55,
2023-08-13 23:30:00,8.58,
2023-08-13 23:45:00,8.6,
2023-08-14 00:00:00,8.64,
2023-08-14 00:15:00,8.67,
2023-08-14 00:30:00,8.7,
2023-08-14 00:45:00,8.73,
2023-08-14 01:00:00,8.76,
2023-08-14 01:15:00,8.79,
2023-08-14 01:30:00,8.81,
2023-08-14 01:45:00,8.84,
2023-08-14 02:00:00,8.87,
2023-08-14 02:15:00,8.9,
2023-08-14 02:30:00,8.92,
2023-08-14 02:45:00,8.94,
2023-08-14 03:00:00,8.97,
2023-08-14 03:15:00,8.99,
2023-08-14 03:30:00,9.01,
2023-08-14 03:45:00,9.03,
2023-08-14 04:00:00,9.05,
2023-08-14 04:15:00,9.07,
2023-08-14 04:30:00,9.09,
2023-08-14 04:45:00,9.11,
2023-08-14 05:00:00,9.13,
2023-08-14 05:15:00,9.14,
2023-08-14 05:30:00,9.16,
2023-08-14 05:45:00,9.19,
2023-08-14 06:00:00,9.22,
2023-08-14 06:15:00,9.25,
2023-08-14 06:30:00,9.28,
2023-08-14 06:45:00,9.3,
2023-08-14 07:00:00,9.32,
2023-08-14 07:15:00,9.35,
2023-08-14 07:30:00,9.37,
2023-08-14 07:45:00,9.4,
2023-08-14 08:00:00,9.43,
2023-08-14 08:15:00,9.45,
2023-08-14 08:30:00,9.46,
2023-08-14 08:45:00,9.45,
2023-08-14 09:00:00,9.43,
2023-08-14 09:15:00,9.39,
2023-08-14 09:30:00,9.35,
2023-08-14 09:45:00,9.31,
2023-08-14 10:00:00,9.27,
2023-08-14 10:15:00,9.22,
2023-08-14 10:30:00,9.17,
2023-08-14 10:45:00,9.11,
2023-08-14 11:00:00,9.07,
2023-08-14 11:15:00,9.01,
2023-08-14 11:30:00,8.96,
2023-08-14 11:45:00,8.9,
2023-08-14 12:00:00,8.85,
2023-08-14 12:15:00,8.79,
2023-08-14 12:30:00,8.74,
2023-08-14 12:45:00,8.69,
2023-08-14 13:00:00,8.64,
2023-08-14 13:15:00,8.58,
2023-08-14 13:30:00,8.53,
2023-08-14 13:45:00,8.49,
2023-08-14 14:00:00,8.44,
2023-08-14 14:15:00,8.39,
2023-08-14 14:30:00,8.35,
2023-08-14 14:45:00,8.32,
2023-08-14 15:00:00,8.28,
2023-08-14 15:15:00,8.24,
2023-08-14 15:30:00,8.2,
2023-08-14 15:45:00,8.17,
2023-08-14 16:00:00,8.14,
2023-08-14 16:15:00,8.12,
2023-08-14 16:30:00,8.09,
2023-08-14 16:45:00,8.07,
2023-08-14 17:00:00,8.05,
2023-08-14 17:15:00,8.03,
2023-08-14 17:30:00,8.0,
2023-08-14 17:45:00,7.98,
2023-08-14 18:00:00,7.95,
2023-08-14 18:15:00,7.89,
2023-08-14 18:30:00,7.89,
2023-08-14 18:45:00,7.9,
2023-08-14 19:00:00,7.91,
2023-08-14 19:15:00,7.93,
2023-08-14 19:30:00,7.96,
2023-08-14 19:45:00,7.98,
2023-08-14 20:00:00,8.02,
2023-08-14 20:15:00,8.06,
2023-08-14 20:30:00,8.1,
2023-08-14 20:45:00,8.14,
2023-08-14 21:00:00,8.18,
2023-08-14 21:15:00,8.22,
2023-08-14 21:30:00,8.26,
2023-08-14 21:45:00,8.3,
2023-08-14 22:00:00,8.34,
2023-08-14 22:15:00,8.37,
2023-08-14 22:30:00,8.41,
2023-08-14 22:45:00,8.45,
2023-08-14 23:00:00,8.48,
2023-08-14 23:15:00,8.52,
2023-08-14 23:30:00,8.55,
2023-08-14 23:45:00,8.58,
2023-08-15 00:00:00,8.61,
2023-08-15 00:15:00,8.64,
2023-08-15 00:30:00,8.66,
2023-08-15 00:45:00,8.69,
2023-08-15 01:00:00,8.72,
2023-08-15 01:15:00,8.74,
2023-08-15 01:30:00,8.76,
2023-08-15 01:45:00,8.78,
2023-08-15 02:00:00,8.81,
2023-08-15 02:15:00,8.83,
2023-08-15 02:30:00,8.85,
2023-08-15 02:45:00,8.87,
2023-08-15 03:00:00,8.89,
2023-08-15 03:15:00,8.91,
2023-08-15 03:30:00,8.92,
2023-08-15 03:45:00,8.94,
2023-08-15 04:00:00,8.96,
2023-08-15 04:15:00,8.97,
2023-08-15 04:30:00,8.99,
2023-08-15 04:45:00,9.0,
2023-08-15 05:00:00,9.01,
2023-08-15 05:15:00,9.03,
2023-08-15 05:30:00,9.05,
2023-08-15 05:45:00,9.07,
2023-08-15 06:00:00,9.1,
2023-08-15 06:15:00,9.13,
2023-08-15 06:30:00,9.16,
2023-08-15 06:45:00,9.18,
2023-08-15 07:00:00,9.2,
2023-08-15 07:15:00,9.22,
2023-08-15 07:30:00,9.25,
2023-08-15 07:45:00,9.28,
2023-08-15 08:00:00,9.3,
2023-08-15 08:15:00,9.32,
2023-08-15 08:30:00,9.33,
2023-08-15 08:45:00,9.32,
2023-08-15 09:00:00,9.3,
2023-08-15 09:15:00,9.27,
2023-08-15 09:30:00,9.23,
2023-08-15 09:45:00,9.2,
2023-08-15 10:00:00,9.15,
2023-08-15 10:15:00,9.11,
2023-08-15 10:30:00,9.06,
2023-08-15 10:45:00,9.01,
2023-08-15 11:00:00,8.95,
2023-08-15 11:15:00,8.89,
2023-08-15 11:30:00,8.84,
2023-08-15 11:45:00,8.79,
2023-08-15 12:00:00,8.74,
2023-08-15 12:15:00,8.68,
2023-08-15 12:30:00,8.63,
2023-08-15 12:45:00,8.58,
2023-08-15 13:00:00,8.53,
2023-08-15 13:15:00,8.49,
2023-08-15 13:30:00,8.44,
2023-08-15 13:45:00,8.39,
2023-08-15 14:00:00,8.35,
2023-08-15 14:15:00,8.31,
2023-08-15 14:30:00,8.27,
2023-08-15 14:45:00,8.23,
2023-08-15 15:00:00,8.19,
2023-08-15 15:15:00,8.14,
2023-08-15 15:30:00,8.13,
2023-08-15 15:45:00,8.09,
2023-08-15 16:00:00,8.07,
2023-08-15 16:15:00,8.04,
2023-08-15 16:30:00,8.02,
2023-08-15 16:45:00,8.0,
2023-08-15 17:00:00,7.98,
2023-08-15 17:15:00,7.96,
2023-08-15 17:30:00,7.94,
2023-08-15 17:45:00,7.91,
2023-08-15 18:00:00,7.89,
2023-08-15 18:15:00,7.83,
2023-08-15 18:30:00,7.82,
2023-08-15 18:45:00,7.83,
2023-08-15 19:00:00,7.84,
2023-08-15 19:15:00,7.86,
2023-08-15 19:30:00,7.88,
2023-08-15 19:45:00,7.89,
2023-08-15 20:00:00,7.93,
2023-08-15 20:15:00,7.96,
2023-08-15 20:30:00,8.0,
2023-08-15 20:45:00,8.04,
2023-08-15 21:00:00,8.08,
2023-08-15 21:15:00,8.12,
2023-08-15 21:30:00,8.16,
2023-08-15 21:45:00,8.2,
2023-08-15 22:00:00,8.23,
2023-08-15 22:15:00,8.27,
2023-08-15 22:30:00,8.31,
2023-08-15 22:45:00,8.35,
2023-08-15 23:00:00,8.38,
2023-08-15 23:15:00,8.42,
2023-08-15 23:30:00,8.45,
2023-08-15 23:45:00,8.48,
2023-08-16 00:00:00,8.51,
2023-08-16 00:15:00,8.54,
2023-08-16 00:30:00,8.56,
2023-08-16 00:45:00,8.59,
2023-08-16 01:00:00,8.62,
2023-08-16 01:15:00,8.64,
2023-08-16 01:30:00,8.67,
2023-08-16 01:45:00,8.69,
2023-08-16 02:00:00,8.71,
2023-08-16 02:15:00,8.73,
2023-08-16 02:30:00,8.76,
2023-08-16 02:45:00,8.78,
2023-08-16 03:00:00,8.8,
2023-08-16 03:15:00,8.82,
2023-08-16 03:30:00,8.84,
2023-08-16 03:45:00,8.85,
2023-08-16 04:00:00,8.86,
2023-08-16 04:15:00,8.88,
2023-08-16 04:30:00,8.9,
2023-08-16 04:45:00,8.91,
2023-08-16 05:00:00,8.93,
2023-08-16 05:15:00,8.94,
2023-08-16 05:30:00,8.95,
2023-08-16 05:45:00,8.97,
2023-08-16 06:00:00,9.0,
2023-08-16 06:15:00,9.03,
2023-08-16 06:30:00,9.05,
2023-08-16 06:45:00,9.07,
2023-08-16 07:00:00,9.1,
2023-08-16 07:15:00,9.11,
2023-08-16 07:30:00,9.14,
2023-08-16 07:45:00,9.18,
2023-08-16 08:00:00,9.2,
2023-08-16 08:15:00,9.23,
2023-08-16 08:30:00,9.24,
2023-08-16 08:45:00,9.23,
2023-08-16 09:00:00,9.22,
2023-08-16 09:15:00,9.19,
2023-08-16 09:30:00,9.16,
2023-08-16 09:45:00,9.12,
2023-08-16 10:00:00,9.07,
2023-08-16 10:15:00,9.03,
2023-08-16 10:30:00,8.98,
2023-08-16 10:45:00,8.93,
2023-08-16 11:00:00,8.87,
2023-08-16 11:15:00,8.75,
2023-08-16 11:30:00,8.69,
2023-08-16 11:45:00,8.68,
2023-08-16 12:00:00,8.52,
2023-08-16 12:15:00,8.41,
2023-08-16 12:30:00,8.52,
2023-08-16 12:45:00,8.47,
2023-08-16 13:00:00,8.42,
2023-08-16 13:15:00,8.38,
2023-08-16 13:30:00,8.34,
2023-08-16 13:45:00,8.3,
2023-08-16 14:00:00,8.24,
2023-08-16 14:15:00,8.2,
2023-08-16 14:30:00,8.17,
2023-08-16 14:45:00,8.15,
2023-08-16 15:00:00,8.13,
2023-08-16 15:15:00,8.12,
2023-08-16 15:30:00,8.1,
2023-08-16 15:45:00,8.08,
2023-08-16 16:00:00,8.06,
2023-08-16 16:15:00,8.03,
2023-08-16 16:30:00,8.0,
2023-08-16 16:45:00,7.97,
2023-08-16 17:00:00,7.95,
2023-08-16 17:15:00,7.93,
2023-08-16 17:30:00,7.9,
2023-08-16 17:45:00,7.86,
2023-08-16 18:00:00,7.83,
2023-08-16 18:15:00,7.77,
2023-08-16 18:30:00,7.77,
2023-08-16 18:45:00,7.78,
2023-08-16 19:00:00,7.79,
2023-08-16 19:15:00,7.81,
2023-08-16 19:30:00,7.83,
2023-08-16 19:45:00,7.85,
2023-08-16 20:00:00,7.88,
2023-08-16 20:15:00,7.91,
2023-08-16 20:30:00,7.94,
2023-08-16 20:45:00,7.98,
2023-08-16 21:00:00,8.02,
2023-08-16 21:15:00,8.06,
2023-08-16 21:30:00,8.1,
2023-08-16 21:45:00,8.13,
2023-08-16 22:00:00,8.17,
2023-08-16 22:15:00,8.21,
2023-08-16 22:30:00,8.25,
2023-08-16 22:45:00,8.28,
2023-08-16 23:00:00,8.32,
2023-08-16 23:15:00,8.35,
2023-08-16 23:30:00,8.38,
2023-08-16 23:45:00,8.42,
2023-08-17 00:00:00,8.45,
2023-08-17 00:15:00,8.48,
2023-08-17 00:30:00,8.5,
2023-08-17 00:45:00,8.54,
2023-08-17 01:00:00,8.56,
2023-08-17 01:15:00,8.58,
2023-08-17 01:30:00,8.61,
2023-08-17 01:45:00,8.63,
2023-08-17 02:00:00,8.65,
2023-08-17 02:15:00,8.68,
2023-08-17 02:30:00,8.7,
2023-08-17 02:45:00,8.72,
2023-08-17 03:00:00,8.74,
2023-08-17 03:15:00,8.76,
2023-08-17 03:30:00,8.78,
2023-08-17 03:45:00,8.8,
2023-08-17 04:00:00,8.81,
2023-08-17 04:15:00,8.82,
2023-08-17 04:30:00,8.83,
2023-08-17 04:45:00,8.84,
2023-08-17 05:00:00,8.85,
2023-08-17 05:15:00,8.86,
2023-08-17 05:30:00,8.88,
2023-08-17 05:45:00,8.9,
2023-08-17 06:00:00,8.93,
2023-08-17 06:15:00,8.96,
2023-08-17 06:30:00,8.99,
2023-08-17 06:45:00,9.01,
2023-08-17 07:00:00,9.03,
2023-08-17 07:15:00,9.05,
2023-08-17 07:30:00,9.06,
2023-08-17 07:45:00,9.1,
2023-08-17 08:00:00,9.13,
2023-08-17 08:15:00,9.15,
2023-08-17 08:30:00,9.16,
2023-08-17 08:45:00,9.16,
2023-08-17 09:00:00,9.15,
2023-08-17 09:15:00,9.12,
2023-08-17 09:30:00,9.08,
2023-08-17 09:45:00,9.04,
2023-08-17 10:00:00,9.0,
2023-08-17 10:15:00,8.96,
2023-08-17 10:30:00,8.91,
2023-08-17 10:45:00,8.87,
2023-08-17 11:00:00,8.81,
2023-08-17 11:15:00,8.76,
2023-08-17 11:30:00,8.71,
2023-08-17 11:45:00,8.65,
2023-08-17 12:00:00,8.6,
2023-08-17 12:15:00,8.55,
2023-08-17 12:30:00,8.5,
2023-08-17 12:45:00,8.45,
2023-08-17 13:00:00,8.4,
2023-08-17 13:15:00,8.35,
2023-08-17 13:30:00,8.29,
2023-08-17 13:45:00,8.25,
2023-08-17 14:00:00,8.21,
2023-08-17 14:15:00,8.17,
2023-08-17 14:30:00,8.11,
2023-08-17 14:45:00,8.09,
2023-08-17 15:00:00,8.05,
2023-08-17 15:15:00,8.02,
2023-08-17 15:30:00,7.99,
2023-08-17 15:45:00,7.96,
2023-08-17 16:00:00,7.92,
2023-08-17 16:15:00,7.87,
2023-08-17 16:30:00,7.86,
2023-08-17 16:45:00,7.85,
2023-08-17 17:00:00,7.85,
2023-08-17 17:15:00,7.81,
2023-08-17 17:30:00,7.79,
2023-08-17 17:45:00,7.79,
2023-08-17 18:00:00,7.78,
2023-08-17 18:15:00,7.76,
2023-08-17 18:30:00,7.73,
2023-08-17 18:45:00,7.71,
2023-08-17 19:00:00,7.7,
2023-08-17 19:15:00,7.7,
2023-08-17 19:30:00,7.7,
2023-08-17 19:45:00,7.72,
2023-08-17 20:00:00,7.75,
2023-08-17 20:15:00,7.79,
2023-08-17 20:30:00,7.83,
2023-08-17 20:45:00,7.86,
2023-08-17 21:00:00,7.89,
2023-08-17 21:15:00,7.93,
2023-08-17 21:30:00,7.96,
2023-08-17 21:45:00,7.99,
2023-08-17 22:00:00,8.02,
2023-08-17 22:15:00,8.05,
2023-08-17 22:30:00,8.08,
2023-08-17 22:45:00,8.1,
2023-08-17 23:00:00,8.13,
2023-08-17 23:15:00,8.16,
2023-08-17 23:30:00,8.19,
2023-08-17 23:45:00,8.22,
2023-08-18 00:00:00,8.25,
2023-08-18 00:15:00,8.28,
2023-08-18 00:30:00,8.3,
2023-08-18 00:45:00,8.32,
2023-08-18 01:00:00,8.35,
2023-08-18 01:15:00,8.36,
2023-08-18 01:30:00,8.39,
2023-08-18 01:45:00,8.4,
2023-08-18 02:00:00,8.42,
2023-08-18 02:15:00,8.44,
2023-08-18 02:30:00,8.46,
2023-08-18 02:45:00,8.48,
2023-08-18 03:00:00,8.5,
2023-08-18 03:15:00,8.52,
2023-08-18 03:30:00,8.53,
2023-08-18 03:45:00,8.54,
2023-08-18 04:00:00,8.56,
2023-08-18 04:15:00,8.58,
2023-08-18 04:30:00,8.6,
2023-08-18 04:45:00,8.61,
2023-08-18 05:00:00,8.62,
2023-08-18 05:15:00,8.64,
2023-08-18 05:30:00,8.65,
2023-08-18 05:45:00,8.67,
2023-08-18 06:00:00,8.69,
2023-08-18 06:15:00,8.73,
2023-08-18 06:30:00,8.76,
2023-08-18 06:45:00,8.77,
2023-08-18 07:00:00,8.8,
2023-08-18 07:15:00,8.82,
2023-08-18 07:30:00,8.85,
2023-08-18 07:45:00,8.89,
2023-08-18 08:00:00,8.92,
2023-08-18 08:15:00,8.95,
2023-08-18 08:30:00,8.97,
2023-08-18 08:45:00,8.98,
2023-08-18 09:00:00,8.97,
2023-08-18 09:15:00,8.94,
2023-08-18 09:30:00,8.9,
2023-08-18 09:45:00,8.86,
2023-08-18 10:00:00,8.83,
2023-08-18 10:15:00,8.79,
2023-08-18 10:30:00,8.74,
2023-08-18 10:45:00,8.7,
2023-08-18 11:00:00,8.65,
2023-08-18 11:15:00,8.61,
2023-08-18 11:30:00,8.57,
2023-08-18 11:45:00,8.53,
2023-08-18 12:00:00,8.49,
2023-08-18 12:15:00,8.45,
2023-08-18 12:30:00,8.41,
2023-08-18 12:45:00,8.38,
2023-08-18 13:00:00,8.35,
2023-08-18 13:15:00,8.33,
2023-08-18 13:30:00,8.29,
2023-08-18 13:45:00,8.23,
2023-08-18 14:00:00,8.19,
2023-08-18 14:15:00,8.16,
2023-08-18 14:30:00,8.08,
2023-08-18 14:45:00,8.09,
2023-08-18 15:00:00,8.11,
2023-08-18 15:15:00,8.11,
2023-08-18 15:30:00,8.08,
2023-08-18 15:45:00,8.02,
2023-08-18 16:00:00,7.97,
2023-08-18 16:15:00,7.92,
2023-08-18 16:30:00,7.9,
2023-08-18 16:45:00,7.86,
2023-08-18 17:00:00,7.86,
2023-08-18 17:15:00,7.87,
2023-08-18 17:30:00,7.88,
2023-08-18 17:45:00,7.83,
2023-08-18 18:00:00,7.79,
2023-08-18 18:15:00,7.78,
2023-08-18 18:30:00,7.78,
2023-08-18 18:45:00,7.75,
2023-08-18 19:00:00,7.72,
2023-08-18 19:15:00,7.7,
2023-08-18 19:30:00,7.72,
2023-08-18 19:45:00,7.74,
2023-08-18 20:00:00,7.78,
2023-08-18 20:15:00,7.82,
2023-08-18 20:30:00,7.86,
2023-08-18 20:45:00,7.89,
2023-08-18 21:00:00,7.93,
2023-08-18 21:15:00,7.97,
2023-08-18 21:30:00,8.0,
2023-08-18 21:45:00,8.04,
2023-08-18 22:00:00,8.08,
2023-08-18 22:15:00,8.11,
2023-08-18 22:30:00,8.14,
2023-08-18 22:45:00,8.18,
2023-08-18 23:00:00,8.21,
2023-08-18 23:15:00,8.25,
2023-08-18 23:30:00,8.28,
2023-08-18 23:45:00,8.31,
2023-08-19 00:00:00,8.34,
2023-08-19 00:15:00,8.36,
2023-08-19 00:30:00,8.39,
2023-08-19 00:45:00,8.42,
2023-08-19 01:00:00,8.44,
2023-08-19 01:15:00,8.46,
2023-08-19 01:30:00,8.49,
2023-08-19 01:45:00,8.51,
2023-08-19 02:00:00,8.53,
2023-08-19 02:15:00,8.55,
2023-08-19 02:30:00,8.57,
2023-08-19 02:45:00,8.59,
2023-08-19 03:00:00,8.6,
2023-08-19 03:15:00,8.62,
2023-08-19 03:30:00,8.64,
2023-08-19 03:45:00,8.65,
2023-08-19 04:00:00,8.67,
2023-08-19 04:15:00,8.69,
2023-08-19 04:30:00,8.7,
2023-08-19 04:45:00,8.72,
2023-08-19 05:00:00,8.73,
2023-08-19 05:15:00,8.74,
2023-08-19 05:30:00,8.75,
2023-08-19 05:45:00,8.77,
2023-08-19 06:00:00,8.79,
2023-08-19 06:15:00,8.82,
2023-08-19 06:30:00,8.87,
2023-08-19 06:45:00,8.9,
2023-08-19 07:00:00,8.94,
2023-08-19 07:15:00,8.93,
2023-08-19 07:30:00,8.95,
2023-08-19 07:45:00,8.98,
2023-08-19 08:00:00,9.03,
2023-08-19 08:15:00,9.07,
2023-08-19 08:30:00,9.09,
2023-08-19 08:45:00,9.06,
2023-08-19 09:00:00,9.05,
2023-08-19 09:15:00,9.07,
2023-08-19 09:30:00,9.08,
2023-08-19 09:45:00,9.07,
2023-08-19 10:00:00,9.05,
2023-08-19 10:15:00,9.01,
2023-08-19 10:30:00,8.92,
2023-08-19 10:45:00,8.89,
2023-08-19 11:00:00,8.85,
2023-08-19 11:15:00,8.82,
2023-08-19 11:30:00,8.81,
2023-08-19 11:45:00,8.75,
2023-08-19 12:00:00,8.71,
2023-08-19 12:15:00,8.65,
2023-08-19 12:30:00,8.64,
2023-08-19 12:45:00,8.62,
2023-08-19 13:00:00,8.59,
2023-08-19 13:15:00,8.5,
2023-08-19 13:30:00,8.55,
2023-08-19 13:45:00,8.5,
2023-08-19 14:00:00,8.44,
2023-08-19 14:15:00,8.55,
2023-08-19 14:30:00,8.57,
2023-08-19 14:45:00,8.42,
2023-08-19 15:00:00,8.47,
2023-08-19 15:15:00,8.58,
2023-08-19 15:30:00,8.64,
2023-08-19 15:45:00,8.64,
2023-08-19 16:00:00,8.62,
2023-08-19 16:15:00,8.57,
2023-08-19 16:30:00,8.5,
2023-08-19 16:45:00,8.37,
2023-08-19 17:00:00,8.42,
2023-08-19 17:15:00,8.4,
2023-08-19 17:30:00,8.37,
2023-08-19 17:45:00,8.33,
2023-08-19 18:00:00,8.32,
2023-08-19 18:15:00,8.27,
2023-08-19 18:30:00,8.27,
2023-08-19 18:45:00,8.25,
2023-08-19 19:00:00,8.22,
2023-08-19 19:15:00,8.21,
2023-08-19 19:30:00,8.21,
2023-08-19 19:45:00,8.23,
2023-08-19 20:00:00,8.26,
2023-08-19 20:15:00,8.27,
2023-08-19 20:30:00,8.3,
2023-08-19 20:45:00,8.32,
2023-08-19 21:00:00,8.33,
2023-08-19 21:15:00,8.35,
2023-08-19 21:30:00,8.37,
2023-08-19 21:45:00,8.39,
2023-08-19 22:00:00,8.41,
2023-08-19 22:15:00,8.43,
2023-08-19 22:30:00,8.45,
2023-08-19 22:45:00,8.46,
2023-08-19 23:00:00,8.48,
2023-08-19 23:15:00,8.49,
2023-08-19 23:30:00,8.51,
2023-08-19 23:45:00,8.53,
2023-08-20 00:00:00,8.55,
2023-08-20 00:15:00,8.56,
2023-08-20 00:30:00,8.58,
2023-08-20 00:45:00,8.59,
2023-08-20 01:00:00,8.61,
2023-08-20 01:15:00,8.61,
2023-08-20 01:30:00,8.63,
2023-08-20 01:45:00,8.64,
2023-08-20 02:00:00,8.66,
2023-08-20 02:15:00,8.66,
2023-08-20 02:30:00,8.67,
2023-08-20 02:45:00,8.68,
2023-08-20 03:00:00,8.69,
2023-08-20 03:15:00,8.7,
2023-08-20 03:30:00,8.71,
2023-08-20 03:45:00,8.71,
2023-08-20 04:00:00,8.72,
2023-08-20 04:15:00,8.74,
2023-08-20 04:30:00,8.74,
2023-08-20 04:45:00,8.76,
2023-08-20 05:00:00,8.76,
2023-08-20 05:15:00,8.77,
2023-08-20 05:30:00,8.78,
2023-08-20 05:45:00,8.79,
2023-08-20 06:00:00,8.8,
2023-08-20 06:15:00,8.81,
2023-08-20 06:30:00,8.84,
2023-08-20 06:45:00,8.87,
2023-08-20 07:00:00,8.93,
2023-08-20 07:15:00,8.93,
2023-08-20 07:30:00,8.97,
2023-08-20 07:45:00,9.0,
2023-08-20 08:00:00,9.01,
2023-08-20 08:15:00,9.03,
2023-08-20 08:30:00,8.99,
2023-08-20 08:45:00,9.05,
2023-08-20 09:00:00,9.11,
2023-08-20 09:15:00,9.1,
2023-08-20 09:30:00,9.13,
2023-08-20 09:45:00,9.14,
2023-08-20 10:00:00,9.13,
2023-08-20 10:15:00,9.09,
2023-08-20 10:30:00,9.08,
2023-08-20 10:45:00,9.04,
2023-08-20 11:00:00,9.01,
2023-08-20 11:15:00,8.99,
2023-08-20 11:30:00,8.94,
2023-08-20 11:45:00,8.87,
2023-08-20 12:00:00,8.83,
2023-08-20 12:15:00,8.76,
2023-08-20 12:30:00,8.72,
2023-08-20 12:45:00,8.67,
2023-08-20 13:00:00,8.66,
2023-08-20 13:15:00,8.62,
2023-08-20 13:30:00,8.58,
2023-08-20 13:45:00,8.5,
2023-08-20 14:00:00,8.46,
2023-08-20 14:15:00,8.43,
2023-08-20 14:30:00,8.43,
2023-08-20 14:45:00,8.35,
2023-08-20 15:00:00,8.27,
2023-08-20 15:15:00,8.22,
2023-08-20 15:30:00,8.2,
2023-08-20 15:45:00,8.18,
2023-08-20 16:00:00,8.14,
2023-08-20 16:15:00,8.14,
2023-08-20 16:30:00,8.15,
2023-08-20 16:45:00,8.08,
2023-08-20 17:00:00,8.06,
2023-08-20 17:15:00,8.03,
2023-08-20 17:30:00,8.01,
2023-08-20 17:45:00,8.01,
2023-08-20 18:00:00,8.03,
2023-08-20 18:15:00,8.07,
2023-08-20 18:30:00,8.1,
2023-08-20 18:45:00,8.1,
2023-08-20 19:00:00,8.11,
2023-08-20 19:15:00,8.1,
2023-08-20 19:30:00,8.11,
2023-08-20 19:45:00,8.13,
2023-08-20 20:00:00,8.15,
2023-08-20 20:15:00,8.17,
2023-08-20 20:30:00,8.2,
2023-08-20 20:45:00,8.23,
2023-08-20 21:00:00,8.26,
2023-08-20 21:15:00,8.29,
2023-08-20 21:30:00,8.31,
2023-08-20 21:45:00,8.33,
2023-08-20 22:00:00,8.36,
2023-08-20 22:15:00,8.37,
2023-08-20 22:30:00,8.39,
2023-08-20 22:45:00,8.41,
2023-08-20 23:00:00,8.43,
2023-08-20 23:15:00,8.45,
2023-08-20 23:30:00,8.47,
2023-08-20 23:45:00,8.48,
2023-08-21 00:00:00,8.5,
2023-08-21 00:15:00,8.52,
2023-08-21 00:30:00,8.54,
2023-08-21 00:45:00,8.55,
2023-08-21 01:00:00,8.56,
2023-08-21 01:15:00,8.57,
2023-08-21 01:30:00,8.59,
2023-08-21 01:45:00,8.6,
2023-08-21 02:00:00,8.6,
2023-08-21 02:15:00,8.6,
2023-08-21 02:30:00,8.61,
2023-08-21 02:45:00,8.62,
2023-08-21 03:00:00,8.63,
2023-08-21 03:15:00,8.63,
2023-08-21 03:30:00,8.64,
2023-08-21 03:45:00,8.64,
2023-08-21 04:00:00,8.64,
2023-08-21 04:15:00,8.65,
2023-08-21 04:30:00,8.66,
2023-08-21 04:45:00,8.67,
2023-08-21 05:00:00,8.68,
2023-08-21 05:15:00,8.69,
2023-08-21 05:30:00,8.7,
2023-08-21 05:45:00,8.72,
2023-08-21 06:00:00,8.75,
2023-08-21 06:15:00,8.78,
2023-08-21 06:30:00,8.82,
2023-08-21 06:45:00,8.84,
2023-08-21 07:00:00,8.85,
2023-08-21 07:15:00,8.87,
2023-08-21 07:30:00,8.9,
2023-08-21 07:45:00,8.94,
2023-08-21 08:00:00,8.99,
2023-08-21 08:15:00,9.02,
2023-08-21 08:30:00,9.1,
2023-08-21 08:45:00,9.11,
2023-08-21 09:00:00,9.08,
2023-08-21 09:15:00,9.05,
2023-08-21 09:30:00,9.01,
2023-08-21 09:45:00,8.92,
2023-08-21 10:00:00,8.8,
2023-08-21 10:15:00,8.82,
2023-08-21 10:30:00,8.84,
2023-08-21 10:45:00,8.79,
2023-08-21 11:00:00,8.73,
2023-08-21 11:15:00,8.8,
2023-08-21 11:30:00,8.9,
2023-08-21 11:45:00,8.87,
2023-08-21 12:00:00,8.85,
2023-08-21 12:15:00,8.86,
2023-08-21 12:30:00,8.84,
2023-08-21 12:45:00,8.78,
2023-08-21 13:00:00,8.7,
2023-08-21 13:15:00,8.69,
2023-08-21 13:30:00,8.74,
2023-08-21 13:45:00,8.75,
2023-08-21 14:00:00,8.72,
2023-08-21 14:15:00,8.64,
2023-08-21 14:30:00,8.48,
2023-08-21 14:45:00,8.34,
2023-08-21 15:00:00,8.26,
2023-08-21 15:15:00,8.32,
2023-08-21 15:30:00,8.43,
2023-08-21 15:45:00,8.5,
2023-08-21 16:00:00,8.44,
2023-08-21 16:15:00,8.47,
2023-08-21 16:30:00,8.43,
2023-08-21 16:45:00,8.54,
2023-08-21 17:00:00,8.44,
2023-08-21 17:15:00,8.46,
2023-08-21 17:30:00,8.39,
2023-08-21 17:45:00,8.37,
2023-08-21 18:00:00,8.37,
2023-08-21 18:15:00,8.37,
2023-08-21 18:30:00,8.37,
2023-08-21 18:45:00,8.33,
2023-08-21 19:00:00,8.29,
2023-08-21 19:15:00,8.26,
2023-08-21 19:30:00,8.26,
2023-08-21 19:45:00,8.27,
2023-08-21 20:00:00,8.29,
2023-08-21 20:15:00,8.3,
2023-08-21 20:30:00,8.33,
2023-08-21 20:45:00,8.35,
2023-08-21 21:00:00,8.38,
2023-08-21 21:15:00,8.4,
2023-08-21 21:30:00,8.42,
2023-08-21 21:45:00,8.45,
2023-08-21 22:00:00,8.47,
2023-08-21 22:15:00,8.49,
2023-08-21 22:30:00,8.51,
2023-08-21 22:45:00,8.53,
2023-08-21 23:00:00,8.56,
2023-08-21 23:15:00,8.59,
2023-08-21 23:30:00,8.61,
2023-08-21 23:45:00,8.63,
2023-08-22 00:00:00,8.65,
2023-08-22 00:15:00,8.67,
2023-08-22 00:30:00,8.68,
2023-08-22 00:45:00,8.69,
2023-08-22 01:00:00,8.71,
2023-08-22 01:15:00,8.73,
2023-08-22 01:30:00,8.74,
2023-08-22 01:45:00,8.76,
2023-08-22 02:00:00,8.77,
2023-08-22 02:15:00,8.79,
2023-08-22 02:30:00,8.81,
2023-08-22 02:45:00,8.82,
2023-08-22 03:00:00,8.84,
2023-08-22 03:15:00,8.86,
2023-08-22 03:30:00,8.87,
2023-08-22 03:45:00,8.88,
2023-08-22 04:00:00,8.9,
2023-08-22 04:15:00,8.9,
2023-08-22 04:30:00,8.92,
2023-08-22 04:45:00,8.92,
2023-08-22 05:00:00,8.94,
2023-08-22 05:15:00,8.95,
2023-08-22 05:30:00,8.95,
2023-08-22 05:45:00,8.96,
2023-08-22 06:00:00,8.97,
2023-08-22 06:15:00,8.99,
2023-08-22 06:30:00,9.02,
2023-08-22 06:45:00,9.05,
2023-08-22 07:00:00,9.08,
2023-08-22 07:15:00,9.1,
2023-08-22 07:30:00,9.12,
2023-08-22 07:45:00,9.16,
2023-08-22 08:00:00,9.21,
2023-08-22 08:15:00,9.25,
2023-08-22 08:30:00,9.25,
2023-08-22 08:45:00,9.28,
2023-08-22 09:00:00,9.26,
2023-08-22 09:15:00,9.21,
2023-08-22 09:30:00,9.21,
2023-08-22 09:45:00,9.17,
2023-08-22 10:00:00,9.1,
2023-08-22 10:15:00,9.02,
2023-08-22 10:30:00,9.01,
2023-08-22 10:45:00,9.04,
2023-08-22 11:00:00,9.0,
2023-08-22 11:15:00,9.06,
2023-08-22 11:30:00,9.06,
2023-08-22 11:45:00,9.06,
2023-08-22 12:00:00,9.05,
2023-08-22 12:15:00,9.03,
2023-08-22 12:30:00,8.98,
2023-08-22 12:45:00,8.96,
2023-08-22 13:00:00,8.95,
2023-08-22 13:15:00,8.9,
2023-08-22 13:30:00,8.81,
2023-08-22 13:45:00,8.7,
2023-08-22 14:00:00,8.54,
2023-08-22 14:15:00,8.51,
2023-08-22 14:30:00,8.52,
2023-08-22 14:45:00,8.52,
2023-08-22 15:00:00,8.53,
2023-08-22 15:15:00,8.69,
2023-08-22 15:30:00,8.76,
2023-08-22 15:45:00,8.71,
2023-08-22 16:00:00,8.64,
2023-08-22 16:15:00,8.71,
2023-08-22 16:30:00,8.73,
2023-08-22 16:45:00,8.72,
2023-08-22 17:00:00,8.63,
2023-08-22 17:15:00,8.61,
2023-08-22 17:30:00,8.55,
2023-08-22 17:45:00,8.53,
2023-08-22 18:00:00,8.49,
2023-08-22 18:15:00,8.46,
2023-08-22 18:30:00,8.44,
2023-08-22 18:45:00,8.43,
2023-08-22 19:00:00,8.43,
2023-08-22 19:15:00,8.43,
2023-08-22 19:30:00,8.44,
2023-08-22 19:45:00,8.45,
2023-08-22 20:00:00,8.47,
2023-08-22 20:15:00,8.49,
2023-08-22 20:30:00,8.52,
2023-08-22 20:45:00,8.55,
2023-08-22 21:00:00,8.57,
2023-08-22 21:15:00,8.59,
2023-08-22 21:30:00,8.62,
2023-08-22 21:45:00,8.64,
2023-08-22 22:00:00,8.66,
2023-08-22 22:15:00,8.69,
2023-08-22 22:30:00,8.71,
2023-08-22 22:45:00,8.73,
2023-08-22 23:00:00,8.75,
2023-08-22 23:15:00,8.78,
2023-08-22 23:30:00,8.8,
2023-08-22 23:45:00,8.82,
2023-08-23 00:00:00,8.84,
2023-08-23 00:15:00,8.86,
2023-08-23 00:30:00,8.88,
2023-08-23 00:45:00,8.9,
2023-08-23 01:00:00,8.92,
2023-08-23 01:15:00,8.93,
2023-08-23 01:30:00,8.95,
2023-08-23 01:45:00,8.97,
2023-08-23 02:00:00,8.98,
2023-08-23 02:15:00,9.0,
2023-08-23 02:30:00,9.02,
2023-08-23 02:45:00,9.04,
2023-08-23 03:00:00,9.05,
2023-08-23 03:15:00,9.07,
2023-08-23 03:30:00,9.08,
2023-08-23 03:45:00,9.09,
2023-08-23 04:00:00,9.11,
2023-08-23 04:15:00,9.12,
2023-08-23 04:30:00,9.13,
2023-08-23 04:45:00,9.15,
2023-08-23 05:00:00,9.16,
2023-08-23 05:15:00,9.17,
2023-08-23 05:30:00,9.17,
2023-08-23 05:45:00,9.19,
2023-08-23 06:00:00,9.22,
2023-08-23 06:15:00,9.25,
2023-08-23 06:30:00,9.28,
2023-08-23 06:45:00,9.3,
2023-08-23 07:00:00,9.32,
2023-08-23 07:15:00,9.33,
2023-08-23 07:30:00,9.35,
2023-08-23 07:45:00,9.37,
2023-08-23 08:00:00,9.39,
2023-08-23 08:15:00,9.41,
2023-08-23 08:30:00,9.42,
2023-08-23 08:45:00,9.41,
2023-08-23 09:00:00,9.39,
2023-08-23 09:15:00,9.36,
2023-08-23 09:30:00,9.31,
2023-08-23 09:45:00,9.26,
2023-08-23 10:00:00,9.2,
2023-08-23 10:15:00,9.16,
2023-08-23 10:30:00,9.1,
2023-08-23 10:45:00,9.05,
2023-08-23 11:00:00,9.0,
2023-08-23 11:15:00,8.91,
2023-08-23 11:30:00,8.8,
2023-08-23 11:45:00,8.81,
2023-08-23 12:00:00,8.71,
2023-08-23 12:15:00,8.68,
2023-08-23 12:30:00,8.64,
2023-08-23 12:45:00,8.57,
2023-08-23 13:00:00,8.5,
2023-08-23 13:15:00,8.4,
2023-08-23 13:30:00,8.33,
2023-08-23 13:45:00,8.29,
2023-08-23 14:00:00,8.32,
2023-08-23 14:15:00,8.32,
2023-08-23 14:30:00,8.27,
2023-08-23 14:45:00,8.23,
2023-08-23 15:00:00,8.19,
2023-08-23 15:15:00,8.14,
2023-08-23 15:30:00,8.11,
2023-08-23 15:45:00,8.05,
2023-08-23 16:00:00,8.04,
2023-08-23 16:15:00,7.96,
2023-08-23 16:30:00,7.99,
2023-08-23 16:45:00,8.01,
2023-08-23 17:00:00,7.94,
2023-08-23 17:15:00,7.98,
2023-08-23 17:30:00,8.02,
2023-08-23 17:45:00,8.0,
2023-08-23 18:00:00,7.94,
2023-08-23 18:15:00,7.9,
2023-08-23 18:30:00,7.9,
2023-08-23 18:45:00,7.91,
2023-08-23 19:00:00,7.93,
2023-08-23 19:15:00,7.95,
2023-08-23 19:30:00,7.96,
2023-08-23 19:45:00,7.99,
2023-08-23 20:00:00,8.01,
2023-08-23 20:15:00,8.05,
2023-08-23 20:30:00,8.07,
2023-08-23 20:45:00,8.1,
2023-08-23 21:00:00,8.14,
2023-08-23 21:15:00,8.17,
2023-08-23 21:30:00,8.2,
2023-08-23 21:45:00,8.23,
2023-08-23 22:00:00,8.26,
2023-08-23 22:15:00,8.29,
2023-08-23 22:30:00,8.32,
2023-08-23 22:45:00,8.36,
2023-08-23 23:00:00,8.39,
2023-08-23 23:15:00,8.43,
2023-08-23 23:30:00,8.46,
2023-08-23 23:45:00,8.49,
2023-08-24 00:00:00,8.52,
2023-08-24 00:15:00,8.55,
2023-08-24 00:30:00,8.58,
2023-08-24 00:45:00,8.6,
2023-08-24 01:00:00,8.64,
2023-08-24 01:15:00,8.66,
2023-08-24 01:30:00,8.69,
2023-08-24 01:45:00,8.72,
2023-08-24 02:00:00,8.74,
2023-08-24 02:15:00,8.77,
2023-08-24 02:30:00,8.79,
2023-08-24 02:45:00,8.81,
2023-08-24 03:00:00,8.83,
2023-08-24 03:15:00,8.85,
2023-08-24 03:30:00,8.86,
2023-08-24 03:45:00,8.88,
2023-08-24 04:00:00,8.9,
2023-08-24 04:15:00,8.91,
2023-08-24 04:30:00,8.93,
2023-08-24 04:45:00,8.94,
2023-08-24 05:00:00,8.95,
2023-08-24 05:15:00,8.96,
2023-08-24 05:30:00,8.96,
2023-08-24 05:45:00,8.97,
2023-08-24 06:00:00,8.99,
2023-08-24 06:15:00,9.01,
2023-08-24 06:30:00,9.04,
2023-08-24 06:45:00,9.07,
2023-08-24 07:00:00,9.1,
2023-08-24 07:15:00,9.12,
2023-08-24 07:30:00,9.16,
2023-08-24 07:45:00,9.21,
2023-08-24 08:00:00,9.22,
2023-08-24 08:15:00,9.25,
2023-08-24 08:30:00,9.26,
2023-08-24 08:45:00,9.28,
2023-08-24 09:00:00,9.26,
2023-08-24 09:15:00,9.22,
2023-08-24 09:30:00,9.17,
2023-08-24 09:45:00,9.19,
2023-08-24 10:00:00,9.21,
2023-08-24 10:15:00,9.15,
2023-08-24 10:30:00,9.04,
2023-08-24 10:45:00,9.01,
2023-08-24 11:00:00,9.02,
2023-08-24 11:15:00,9.01,
2023-08-24 11:30:00,8.98,
2023-08-24 11:45:00,8.92,
2023-08-24 12:00:00,8.88,
2023-08-24 12:15:00,8.85,
2023-08-24 12:30:00,8.81,
2023-08-24 12:45:00,8.75,
2023-08-24 13:00:00,8.66,
2023-08-24 13:15:00,8.53,
2023-08-24 13:30:00,8.41,
2023-08-24 13:45:00,8.38,
2023-08-24 14:00:00,8.42,
2023-08-24 14:15:00,8.42,
2023-08-24 14:30:00,8.43,
2023-08-24 14:45:00,8.49,
2023-08-24 15:00:00,8.56,
2023-08-24 15:15:00,8.55,
2023-08-24 15:30:00,8.45,
2023-08-24 15:45:00,8.4,
2023-08-24 16:00:00,8.44,
2023-08-24 16:15:00,8.44,
2023-08-24 16:30:00,8.43,
2023-08-24 16:45:00,8.4,
2023-08-24 17:00:00,8.39,
2023-08-24 17:15:00,8.37,
2023-08-24 17:30:00,8.25,
2023-08-24 17:45:00,8.2,
2023-08-24 18:00:00,8.13,
2023-08-24 18:15:00,8.14,
2023-08-24 18:30:00,8.14,
2023-08-24 18:45:00,8.13,
2023-08-24 19:00:00,8.11,
2023-08-24 19:15:00,8.12,
2023-08-24 19:30:00,8.14,
2023-08-24 19:45:00,8.16,
2023-08-24 20:00:00,8.19,
2023-08-24 20:15:00,8.21,
2023-08-24 20:30:00,8.25,
2023-08-24 20:45:00,8.28,
2023-08-24 21:00:00,8.31,
2023-08-24 21:15:00,8.35,
2023-08-24 21:30:00,8.38,
2023-08-24 21:45:00,8.41,
2023-08-24 22:00:00,8.44,
2023-08-24 22:15:00,8.46,
2023-08-24 22:30:00,8.49,
2023-08-24 22:45:00,8.52,
2023-08-24 23:00:00,8.55,
2023-08-24 23:15:00,8.57,
2023-08-24 23:30:00,8.59,
2023-08-24 23:45:00,8.61,
2023-08-25 00:00:00,8.64,
2023-08-25 00:15:00,8.66,
2023-08-25 00:30:00,8.68,
2023-08-25 00:45:00,8.69,
2023-08-25 01:00:00,8.72,
2023-08-25 01:15:00,8.73,
2023-08-25 01:30:00,8.75,
2023-08-25 01:45:00,8.77,
2023-08-25 02:00:00,8.78,
2023-08-25 02:15:00,8.8,
2023-08-25 02:30:00,8.81,
2023-08-25 02:45:00,8.83,
2023-08-25 03:00:00,8.84,
2023-08-25 03:15:00,8.85,
2023-08-25 03:30:00,8.87,
2023-08-25 03:45:00,8.89,
2023-08-25 04:00:00,8.9,
2023-08-25 04:15:00,8.92,
2023-08-25 04:30:00,8.92,
2023-08-25 04:45:00,8.93,
2023-08-25 05:00:00,8.94,
2023-08-25 05:15:00,8.95,
2023-08-25 05:30:00,8.97,
2023-08-25 05:45:00,8.98,
2023-08-25 06:00:00,9.0,
2023-08-25 06:15:00,9.03,
2023-08-25 06:30:00,9.06,
2023-08-25 06:45:00,9.09,
2023-08-25 07:00:00,9.11,
2023-08-25 07:15:00,9.13,
2023-08-25 07:30:00,9.15,
2023-08-25 07:45:00,9.17,
2023-08-25 08:00:00,9.2,
2023-08-25 08:15:00,9.22,
2023-08-25 08:30:00,9.24,
2023-08-25 08:45:00,9.24,
2023-08-25 09:00:00,9.23,
2023-08-25 09:15:00,9.2,
2023-08-25 09:30:00,9.16,
2023-08-25 09:45:00,9.12,
2023-08-25 10:00:00,9.07,
2023-08-25 10:15:00,9.03,
2023-08-25 10:30:00,8.98,
2023-08-25 10:45:00,8.93,
2023-08-25 11:00:00,8.87,
2023-08-25 11:15:00,8.84,
2023-08-25 11:30:00,8.8,
2023-08-25 11:45:00,8.74,
2023-08-25 12:00:00,8.63,
2023-08-25 12:15:00,8.63,
2023-08-25 12:30:00,8.58,
2023-08-25 12:45:00,8.46,
2023-08-25 13:00:00,8.48,
2023-08-25 13:15:00,8.45,
2023-08-25 13:30:00,8.25,
2023-08-25 13:45:00,8.24,
2023-08-25 14:00:00,8.22,
2023-08-25 14:15:00,8.27,
2023-08-25 14:30:00,8.23,
2023-08-25 14:45:00,8.3,
2023-08-25 15:00:00,8.29,
2023-08-25 15:15:00,8.19,
2023-08-25 15:30:00,8.17,
2023-08-25 15:45:00,8.07,
2023-08-25 16:00:00,8.09,
2023-08-25 16:15:00,8.14,
2023-08-25 16:30:00,8.15,
2023-08-25 16:45:00,8.11,
2023-08-25 17:00:00,8.09,
2023-08-25 17:15:00,8.04,
2023-08-25 17:30:00,8.02,
2023-08-25 17:45:00,8.02,
2023-08-25 18:00:00,7.96,
2023-08-25 18:15:00,7.93,
2023-08-25 18:30:00,7.92,
2023-08-25 18:45:00,7.92,
2023-08-25 19:00:00,7.93,
2023-08-25 19:15:00,7.94,
2023-08-25 19:30:00,7.96,
2023-08-25 19:45:00,7.98,
2023-08-25 20:00:00,8.01,
2023-08-25 20:15:00,8.04,
2023-08-25 20:30:00,8.07,
2023-08-25 20:45:00,8.1,
2023-08-25 21:00:00,8.13,
2023-08-25 21:15:00,8.15,
2023-08-25 21:30:00,8.18,
2023-08-25 21:45:00,8.2,
2023-08-25 22:00:00,8.22,
2023-08-25 22:15:00,8.25,
2023-08-25 22:30:00,8.28,
2023-08-25 22:45:00,8.31,
2023-08-25 23:00:00,8.34,
2023-08-25 23:15:00,8.37,
2023-08-25 23:30:00,8.41,
2023-08-25 23:45:00,8.44,
2023-08-26 00:00:00,8.47,
2023-08-26 00:15:00,8.49,
2023-08-26 00:30:00,8.53,
2023-08-26 00:45:00,8.55,
2023-08-26 01:00:00,8.58,
2023-08-26 01:15:00,8.6,
2023-08-26 01:30:00,8.63,
2023-08-26 01:45:00,8.66,
2023-08-26 02:00:00,8.68,
2023-08-26 02:15:00,8.7,
2023-08-26 02:30:00,8.73,
2023-08-26 02:45:00,8.75,
2023-08-26 03:00:00,8.76,
2023-08-26 03:15:00,8.79,
2023-08-26 03:30:00,8.8,
2023-08-26 03:45:00,8.82,
2023-08-26 04:00:00,8.84,
2023-08-26 04:15:00,8.85,
2023-08-26 04:30:00,8.86,
2023-08-26 04:45:00,8.88,
2023-08-26 05:00:00,8.89,
2023-08-26 05:15:00,8.9,
2023-08-26 05:30:00,8.91,
2023-08-26 05:45:00,8.93,
2023-08-26 06:00:00,8.95,
2023-08-26 06:15:00,8.99,
2023-08-26 06:30:00,9.03,
2023-08-26 06:45:00,9.07,
2023-08-26 07:00:00,9.11,
2023-08-26 07:15:00,9.16,
2023-08-26 07:30:00,9.19,
2023-08-26 07:45:00,9.2,
2023-08-26 08:00:00,9.21,
2023-08-26 08:15:00,9.22,
2023-08-26 08:30:00,9.24,
2023-08-26 08:45:00,9.23,
2023-08-26 09:00:00,9.22,
2023-08-26 09:15:00,9.21,
2023-08-26 09:30:00,9.16,
2023-08-26 09:45:00,9.1,
2023-08-26 10:00:00,9.06,
2023-08-26 10:15:00,9.05,
2023-08-26 10:30:00,9.04,
2023-08-26 10:45:00,9.02,
2023-08-26 11:00:00,8.96,
2023-08-26 11:15:00,8.92,
2023-08-26 11:30:00,8.86,
2023-08-26 11:45:00,8.81,
2023-08-26 12:00:00,8.75,
2023-08-26 12:15:00,8.67,
2023-08-26 12:30:00,8.63,
2023-08-26 12:45:00,8.5,
2023-08-26 13:00:00,8.51,
2023-08-26 13:15:00,8.47,
2023-08-26 13:30:00,8.48,
2023-08-26 13:45:00,8.35,
2023-08-26 14:00:00,8.31,
2023-08-26 14:15:00,8.19,
2023-08-26 14:30:00,8.24,
2023-08-26 14:45:00,8.29,
2023-08-26 15:00:00,8.28,
2023-08-26 15:15:00,8.19,
2023-08-26 15:30:00,8.14,
2023-08-26 15:45:00,8.03,
2023-08-26 16:00:00,7.97,
2023-08-26 16:15:00,7.99,
2023-08-26 16:30:00,8.05,
2023-08-26 16:45:00,8.05,
2023-08-26 17:00:00,8.09,
2023-08-26 17:15:00,8.2,
2023-08-26 17:30:00,8.26,
2023-08-26 17:45:00,8.25,
2023-08-26 18:00:00,8.18,
2023-08-26 18:15:00,8.16,
2023-08-26 18:30:00,8.16,
2023-08-26 18:45:00,8.16,
2023-08-26 19:00:00,8.16,
2023-08-26 19:15:00,8.18,
2023-08-26 19:30:00,8.2,
2023-08-26 19:45:00,8.22,
2023-08-26 20:00:00,8.26,
2023-08-26 20:15:00,8.28,
2023-08-26 20:30:00,8.31,
2023-08-26 20:45:00,8.33,
2023-08-26 21:00:00,8.36,
2023-08-26 21:15:00,8.38,
2023-08-26 21:30:00,8.4,
2023-08-26 21:45:00,8.42,
2023-08-26 22:00:00,8.44,
2023-08-26 22:15:00,8.47,
2023-08-26 22:30:00,8.48,
2023-08-26 22:45:00,8.5,
2023-08-26 23:00:00,8.52,
2023-08-26 23:15:00,8.55,
2023-08-26 23:30:00,8.57,
2023-08-26 23:45:00,8.58,
2023-08-27 00:00:00,8.6,
2023-08-27 00:15:00,8.61,
2023-08-27 00:30:00,8.63,
2023-08-27 00:45:00,8.65,
2023-08-27 01:00:00,8.66,
2023-08-27 01:15:00,8.68,
2023-08-27 01:30:00,8.7,
2023-08-27 01:45:00,8.72,
2023-08-27 02:00:00,8.73,
2023-08-27 02:15:00,8.74,
2023-08-27 02:30:00,8.75,
2023-08-27 02:45:00,8.76,
2023-08-27 03:00:00,8.77,
2023-08-27 03:15:00,8.77,
2023-08-27 03:30:00,8.78,
2023-08-27 03:45:00,8.79,
2023-08-27 04:00:00,8.79,
2023-08-27 04:15:00,8.79,
2023-08-27 04:30:00,8.79,
2023-08-27 04:45:00,8.78,
2023-08-27 05:00:00,8.78,
2023-08-27 05:15:00,8.79,
2023-08-27 05:30:00,8.81,
2023-08-27 05:45:00,8.83,
2023-08-27 06:00:00,8.85,
2023-08-27 06:15:00,8.87,
2023-08-27 06:30:00,8.88,
2023-08-27 06:45:00,8.91,
2023-08-27 07:00:00,8.94,
2023-08-27 07:15:00,9.0,
2023-08-27 07:30:00,9.03,
2023-08-27 07:45:00,9.06,
2023-08-27 08:00:00,9.08,
2023-08-27 08:15:00,9.11,
2023-08-27 08:30:00,9.13,
2023-08-27 08:45:00,9.11,
2023-08-27 09:00:00,9.1,
2023-08-27 09:15:00,9.08,
2023-08-27 09:30:00,9.03,
2023-08-27 09:45:00,9.02,
2023-08-27 10:00:00,9.03,
2023-08-27 10:15:00,8.97,
2023-08-27 10:30:00,8.94,
2023-08-27 10:45:00,8.9,
2023-08-27 11:00:00,8.81,
2023-08-27 11:15:00,8.77,
2023-08-27 11:30:00,8.75,
2023-08-27 11:45:00,8.71,
2023-08-27 12:00:00,8.68,
2023-08-27 12:15:00,8.65,
2023-08-27 12:30:00,8.58,
2023-08-27 12:45:00,8.54,
2023-08-27 13:00:00,8.44,
2023-08-27 13:15:00,8.37,
2023-08-27 13:30:00,8.28,
2023-08-27 13:45:00,8.32,
2023-08-27 14:00:00,8.31,
2023-08-27 14:15:00,8.23,
2023-08-27 14:30:00,8.21,
2023-08-27 14:45:00,8.2,
2023-08-27 15:00:00,8.24,
2023-08-27 15:15:00,8.22,
2023-08-27 15:30:00,8.24,
2023-08-27 15:45:00,8.19,
2023-08-27 16:00:00,8.26,
2023-08-27 16:15:00,8.28,
2023-08-27 16:30:00,8.24,
2023-08-27 16:45:00,8.2,
2023-08-27 17:00:00,8.23,
2023-08-27 17:15:00,8.25,
2023-08-27 17:30:00,8.24,
2023-08-27 17:45:00,8.23,
2023-08-27 18:00:00,8.21,
2023-08-27 18:15:00,8.2,
2023-08-27 18:30:00,8.19,
2023-08-27 18:45:00,8.25,
2023-08-27 19:00:00,8.29,
2023-08-27 19:15:00,8.28,
2023-08-27 19:30:00,8.28,
2023-08-27 19:45:00,8.29,
2023-08-27 20:00:00,8.32,
2023-08-27 20:15:00,8.34,
2023-08-27 20:30:00,8.37,
2023-08-27 20:45:00,8.4,
2023-08-27 21:00:00,8.43,
2023-08-27 21:15:00,8.45,
2023-08-27 21:30:00,8.48,
2023-08-27 21:45:00,8.5,
2023-08-27 22:00:00,8.53,
2023-08-27 22:15:00,8.55,
2023-08-27 22:30:00,8.57,
2023-08-27 22:45:00,8.6,
2023-08-27 23:00:00,8.62,
2023-08-27 23:15:00,8.64,
2023-08-27 23:30:00,8.66,
2023-08-27 23:45:00,8.69,
2023-08-28 00:00:00,8.71,
2023-08-28 00:15:00,8.72,
2023-08-28 00:30:00,8.75,
2023-08-28 00:45:00,8.77,
2023-08-28 01:00:00,8.78,
2023-08-28 01:15:00,8.81,
2023-08-28 01:30:00,8.82,
2023-08-28 01:45:00,8.84,
2023-08-28 02:00:00,8.86,
2023-08-28 02:15:00,8.88,
2023-08-28 02:30:00,8.89,
2023-08-28 02:45:00,8.91,
2023-08-28 03:00:00,8.92,
2023-08-28 03:15:00,8.94,
2023-08-28 03:30:00,8.95,
2023-08-28 03:45:00,8.97,
2023-08-28 04:00:00,8.98,
2023-08-28 04:15:00,9.0,
2023-08-28 04:30:00,9.01,
2023-08-28 04:45:00,9.02,
2023-08-28 05:00:00,9.03,
2023-08-28 05:15:00,9.04,
2023-08-28 05:30:00,9.05,
2023-08-28 05:45:00,9.07,
2023-08-28 06:00:00,9.09,
2023-08-28 06:15:00,9.12,
2023-08-28 06:30:00,9.14,
2023-08-28 06:45:00,9.16,
2023-08-28 07:00:00,9.19,
2023-08-28 07:15:00,9.21,
2023-08-28 07:30:00,9.23,
2023-08-28 07:45:00,9.25,
2023-08-28 08:00:00,9.28,
2023-08-28 08:15:00,9.3,
2023-08-28 08:30:00,9.31,
2023-08-28 08:45:00,9.31,
2023-08-28 09:00:00,9.3,
2023-08-28 09:15:00,9.27,
2023-08-28 09:30:00,9.24,
2023-08-28 09:45:00,9.19,
2023-08-28 10:00:00,9.15,
2023-08-28 10:15:00,9.1,
2023-08-28 10:30:00,9.06,
2023-08-28 10:45:00,8.98,
2023-08-28 11:00:00,8.96,
2023-08-28 11:15:00,8.86,
2023-08-28 11:30:00,8.77,
2023-08-28 11:45:00,8.76,
2023-08-28 12:00:00,8.68,
2023-08-28 12:15:00,8.61,
2023-08-28 12:30:00,8.65,
2023-08-28 12:45:00,8.64,
2023-08-28 13:00:00,8.57,
2023-08-28 13:15:00,8.52,
2023-08-28 13:30:00,8.48,
2023-08-28 13:45:00,8.45,
2023-08-28 14:00:00,8.4,
2023-08-28 14:15:00,8.35,
2023-08-28 14:30:00,8.31,
2023-08-28 14:45:00,8.26,
2023-08-28 15:00:00,8.22,
2023-08-28 15:15:00,8.18,
2023-08-28 15:30:00,8.15,
2023-08-28 15:45:00,8.12,
2023-08-28 16:00:00,8.1,
2023-08-28 16:15:00,8.07,
2023-08-28 16:30:00,8.05,
2023-08-28 16:45:00,8.03,
2023-08-28 17:00:00,8.01,
2023-08-28 17:15:00,8.0,
2023-08-28 17:30:00,7.98,
2023-08-28 17:45:00,7.96,
2023-08-28 18:00:00,7.9,
2023-08-28 18:15:00,7.9,
2023-08-28 18:30:00,7.91,
2023-08-28 18:45:00,7.93,
2023-08-28 19:00:00,7.94,
2023-08-28 19:15:00,7.96,
2023-08-28 19:30:00,7.99,
2023-08-28 19:45:00,8.02,
2023-08-28 20:00:00,8.06,
2023-08-28 20:15:00,8.1,
2023-08-28 20:30:00,8.14,
2023-08-28 20:45:00,8.17,
2023-08-28 21:00:00,8.21,
2023-08-28 21:15:00,8.25,
2023-08-28 21:30:00,8.29,
2023-08-28 21:45:00,8.32,
2023-08-28 22:00:00,8.35,
2023-08-28 22:15:00,8.39,
2023-08-28 22:30:00,8.42,
2023-08-28 22:45:00,8.46,
2023-08-28 23:00:00,8.49,
2023-08-28 23:15:00,8.51,
2023-08-28 23:30:00,8.55,
2023-08-28 23:45:00,8.58,
2023-08-29 00:00:00,8.6,
2023-08-29 00:15:00,8.63,
2023-08-29 00:30:00,8.66,
2023-08-29 00:45:00,8.69,
2023-08-29 01:00:00,8.71,
2023-08-29 01:15:00,8.74,
2023-08-29 01:30:00,8.76,
2023-08-29 01:45:00,8.78,
2023-08-29 02:00:00,8.81,
2023-08-29 02:15:00,8.83,
2023-08-29 02:30:00,8.85,
2023-08-29 02:45:00,8.87,
2023-08-29 03:00:00,8.89,
2023-08-29 03:15:00,8.91,
2023-08-29 03:30:00,8.93,
2023-08-29 03:45:00,8.94,
2023-08-29 04:00:00,8.96,
2023-08-29 04:15:00,8.98,
2023-08-29 04:30:00,8.99,
2023-08-29 04:45:00,9.01,
2023-08-29 05:00:00,9.02,
2023-08-29 05:15:00,9.04,
2023-08-29 05:30:00,9.05,
2023-08-29 05:45:00,9.07,
2023-08-29 06:00:00,9.09,
2023-08-29 06:15:00,9.12,
2023-08-29 06:30:00,9.15,
2023-08-29 06:45:00,9.17,
2023-08-29 07:00:00,9.19,
2023-08-29 07:15:00,9.21,
2023-08-29 07:30:00,9.23,
2023-08-29 07:45:00,9.25,
2023-08-29 08:00:00,9.28,
2023-08-29 08:15:00,9.3,
2023-08-29 08:30:00,9.31,
2023-08-29 08:45:00,9.31,
2023-08-29 09:00:00,9.29,
2023-08-29 09:15:00,9.27,
2023-08-29 09:30:00,9.23,
2023-08-29 09:45:00,9.18,
2023-08-29 10:00:00,9.14,
2023-08-29 10:15:00,9.08,
2023-08-29 10:30:00,9.04,
2023-08-29 10:45:00,8.98,
2023-08-29 11:00:00,8.93,
2023-08-29 11:15:00,8.87,
2023-08-29 11:30:00,8.81,
2023-08-29 11:45:00,8.75,
2023-08-29 12:00:00,8.69,
2023-08-29 12:15:00,8.64,
2023-08-29 12:30:00,8.58,
2023-08-29 12:45:00,8.52,
2023-08-29 13:00:00,8.47,
2023-08-29 13:15:00,8.42,
2023-08-29 13:30:00,8.37,
2023-08-29 13:45:00,8.33,
2023-08-29 14:00:00,8.28,
2023-08-29 14:15:00,8.24,
2023-08-29 14:30:00,8.2,
2023-08-29 14:45:00,8.16,
2023-08-29 15:00:00,8.13,
2023-08-29 15:15:00,8.09,
2023-08-29 15:30:00,8.06,
2023-08-29 15:45:00,8.04,
2023-08-29 16:00:00,7.93,
2023-08-29 16:15:00,7.95,
2023-08-29 16:30:00,7.89,
2023-08-29 16:45:00,7.93,
2023-08-29 17:00:00,7.93,
2023-08-29 17:15:00,7.92,
2023-08-29 17:30:00,7.85,
2023-08-29 17:45:00,7.86,
2023-08-29 18:00:00,7.81,
2023-08-29 18:15:00,7.79,
2023-08-29 18:30:00,7.79,
2023-08-29 18:45:00,7.8,
2023-08-29 19:00:00,7.8,
2023-08-29 19:15:00,7.81,
2023-08-29 19:30:00,7.84,
2023-08-29 19:45:00,7.86,
2023-08-29 20:00:00,7.9,
2023-08-29 20:15:00,7.93,
2023-08-29 20:30:00,7.96,
2023-08-29 20:45:00,7.99,
2023-08-29 21:00:00,8.02,
2023-08-29 21:15:00,8.06,
2023-08-29 21:30:00,8.1,
2023-08-29 21:45:00,8.13,
2023-08-29 22:00:00,8.17,
2023-08-29 22:15:00,8.2,
2023-08-29 22:30:00,8.23,
2023-08-29 22:45:00,8.27,
2023-08-29 23:00:00,8.3,
2023-08-29 23:15:00,8.34,
2023-08-29 23:30:00,8.38,
2023-08-29 23:45:00,8.41,
2023-08-30 00:00:00,8.44,
2023-08-30 00:15:00,8.47,
2023-08-30 00:30:00,8.51,
2023-08-30 00:45:00,8.54,
2023-08-30 01:00:00,8.57,
2023-08-30 01:15:00,8.6,
2023-08-30 01:30:00,8.63,
2023-08-30 01:45:00,8.65,
2023-08-30 02:00:00,8.68,
2023-08-30 02:15:00,8.71,
2023-08-30 02:30:00,8.74,
2023-08-30 02:45:00,8.77,
2023-08-30 03:00:00,8.79,
2023-08-30 03:15:00,8.81,
2023-08-30 03:30:00,8.84,
2023-08-30 03:45:00,8.87,
2023-08-30 04:00:00,8.89,
2023-08-30 04:15:00,8.91,
2023-08-30 04:30:00,8.94,
2023-08-30 04:45:00,8.96,
2023-08-30 05:00:00,8.98,
2023-08-30 05:15:00,9.01,
2023-08-30 05:30:00,9.03,
2023-08-30 05:45:00,9.05,
2023-08-30 06:00:00,9.08,
2023-08-30 06:15:00,9.12,
2023-08-30 06:30:00,9.16,
2023-08-30 06:45:00,9.21,
2023-08-30 07:00:00,9.25,
2023-08-30 07:15:00,9.29,
2023-08-30 07:30:00,9.31,
2023-08-30 07:45:00,9.34,
2023-08-30 08:00:00,9.36,
2023-08-30 08:15:00,9.38,
2023-08-30 08:30:00,9.4,
2023-08-30 08:45:00,9.4,
2023-08-30 09:00:00,9.39,
2023-08-30 09:15:00,9.37,
2023-08-30 09:30:00,9.34,
2023-08-30 09:45:00,9.3,
2023-08-30 10:00:00,9.25,
2023-08-30 10:15:00,9.2,
2023-08-30 10:30:00,9.15,
2023-08-30 10:45:00,9.09,
2023-08-30 11:00:00,9.04,
2023-08-30 11:15:00,8.98,
2023-08-30 11:30:00,8.93,
2023-08-30 11:45:00,8.87,
2023-08-30 12:00:00,8.82,
2023-08-30 12:15:00,8.78,
2023-08-30 12:30:00,8.73,
2023-08-30 12:45:00,8.69,
2023-08-30 13:00:00,8.63,
2023-08-30 13:15:00,8.59,
2023-08-30 13:30:00,8.55,
2023-08-30 13:45:00,8.51,
2023-08-30 14:00:00,8.47,
2023-08-30 14:15:00,8.44,
2023-08-30 14:30:00,8.4,
2023-08-30 14:45:00,8.36,
2023-08-30 15:00:00,8.33,
2023-08-30 15:15:00,8.31,
2023-08-30 15:30:00,8.28,
2023-08-30 15:45:00,8.25,
2023-08-30 16:00:00,8.23,
2023-08-30 16:15:00,8.21,
2023-08-30 16:30:00,8.19,
2023-08-30 16:45:00,8.17,
2023-08-30 17:00:00,8.16,
2023-08-30 17:15:00,8.14,
2023-08-30 17:30:00,8.12,
2023-08-30 17:45:00,8.09,
2023-08-30 18:00:00,8.05,
2023-08-30 18:15:00,8.04,
2023-08-30 18:30:00,8.04,
2023-08-30 18:45:00,8.05,
2023-08-30 19:00:00,8.06,
2023-08-30 19:15:00,8.07,
2023-08-30 19:30:00,8.1,
2023-08-30 19:45:00,8.13,
2023-08-30 20:00:00,8.17,
2023-08-30 20:15:00,8.21,
2023-08-30 20:30:00,8.25,
2023-08-30 20:45:00,8.29,
2023-08-30 21:00:00,8.32,
2023-08-30 21:15:00,8.36,
2023-08-30 21:30:00,8.4,
2023-08-30 21:45:00,8.43,
2023-08-30 22:00:00,8.47,
2023-08-30 22:15:00,8.51,
2023-08-30 22:30:00,8.54,
2023-08-30 22:45:00,8.57,
2023-08-30 23:00:00,8.61,
2023-08-30 23:15:00,8.65,
2023-08-30 23:30:00,8.68,
2023-08-30 23:45:00,8.71,
2023-08-31 00:00:00,8.75,
2023-08-31 00:15:00,8.78,
2023-08-31 00:30:00,8.81,
2023-08-31 00:45:00,8.85,
2023-08-31 01:00:00,8.87,
2023-08-31 01:15:00,8.9,
2023-08-31 01:30:00,8.93,
2023-08-31 01:45:00,8.96,
2023-08-31 02:00:00,8.98,
2023-08-31 02:15:00,9.01,
2023-08-31 02:30:00,9.03,
2023-08-31 02:45:00,9.06,
2023-08-31 03:00:00,9.08,
2023-08-31 03:15:00,9.1,
2023-08-31 03:30:00,9.12,
2023-08-31 03:45:00,9.14,
2023-08-31 04:00:00,9.16,
2023-08-31 04:15:00,9.19,
2023-08-31 04:30:00,9.21,
2023-08-31 04:45:00,9.22,
2023-08-31 05:00:00,9.24,
2023-08-31 05:15:00,9.26,
2023-08-31 05:30:00,9.28,
2023-08-31 05:45:00,9.3,
2023-08-31 06:00:00,9.33,
2023-08-31 06:15:00,9.36,
2023-08-31 06:30:00,9.4,
2023-08-31 06:45:00,9.43,
2023-08-31 07:00:00,9.45,
2023-08-31 07:15:00,9.48,
2023-08-31 07:30:00,9.51,
2023-08-31 07:45:00,9.52,
2023-08-31 08:00:00,9.54,
2023-08-31 08:15:00,9.56,
2023-08-31 08:30:00,9.57,
2023-08-31 08:45:00,9.57,
2023-08-31 09:00:00,9.55,
2023-08-31 09:15:00,9.52,
2023-08-31 09:30:00,9.48,
2023-08-31 09:45:00,9.43,
2023-08-31 10:00:00,9.38,
2023-08-31 10:15:00,9.32,
2023-08-31 10:30:00,9.26,
2023-08-31 10:45:00,9.2,
2023-08-31 11:00:00,9.13,
2023-08-31 11:15:00,9.07,
2023-08-31 11:30:00,9.01,
2023-08-31 11:45:00,8.95,
2023-08-31 12:00:00,8.88,
2023-08-31 12:15:00,8.82,
2023-08-31 12:30:00,8.76,
2023-08-31 12:45:00,8.71,
2023-08-31 13:00:00,8.65,
2023-08-31 13:15:00,8.59,
2023-08-31 13:30:00,8.54,
2023-08-31 13:45:00,8.5,
2023-08-31 14:00:00,8.45,
2023-08-31 14:15:00,8.41,
2023-08-31 14:30:00,8.37,
2023-08-31 14:45:00,8.32,
2023-08-31 15:00:00,8.29,
2023-08-31 15:15:00,8.25,
2023-08-31 15:30:00,8.21,
2023-08-31 15:45:00,8.18,
2023-08-31 16:00:00,8.16,
2023-08-31 16:15:00,8.13,
2023-08-31 16:30:00,8.1,
2023-08-31 16:45:00,8.08,
2023-08-31 17:00:00,8.07,
2023-08-31 17:15:00,8.05,
2023-08-31 17:30:00,8.03,
2023-08-31 17:45:00,8.0,
2023-08-31 18:00:00,7.94,
2023-08-31 18:15:00,7.94,
2023-08-31 18:30:00,7.93,
2023-08-31 18:45:00,7.95,
2023-08-31 19:00:00,7.96,
2023-08-31 19:15:00,7.98,
2023-08-31 19:30:00,8.01,
2023-08-31 19:45:00,8.04,
2023-08-31 20:00:00,8.07,
2023-08-31 20:15:00,8.1,
2023-08-31 20:30:00,8.13,
2023-08-31 20:45:00,8.16,
2023-08-31 21:00:00,8.19,
2023-08-31 21:15:00,8.22,
2023-08-31 21:30:00,8.25,
2023-08-31 21:45:00,8.29,
2023-08-31 22:00:00,8.32,
2023-08-31 22:15:00,8.35,
2023-08-31 22:30:00,8.38,
2023-08-31 22:45:00,8.42,
2023-08-31 23:00:00,8.44,
2023-08-31 23:15:00,8.47,
2023-08-31 23:30:00,8.5,
2023-08-31 23:45:00,8.52,
2023-09-01 00:00:00,8.55,
2023-09-01 00:15:00,8.58,
2023-09-01 00:30:00,8.6,
2023-09-01 00:45:00,8.62,
2023-09-01 01:00:00,8.65,
2023-09-01 01:15:00,8.67,
2023-09-01 01:30:00,8.69,
2023-09-01 01:45:00,8.7,
2023-09-01 02:00:00,8.72,
2023-09-01 02:15:00,8.74,
2023-09-01 02:30:00,8.76,
2023-09-01 02:45:00,8.78,
2023-09-01 03:00:00,8.8,
2023-09-01 03:15:00,8.82,
2023-09-01 03:30:00,8.83,
2023-09-01 03:45:00,8.84,
2023-09-01 04:00:00,8.86,
2023-09-01 04:15:00,8.87,
2023-09-01 04:30:00,8.88,
2023-09-01 04:45:00,8.9,
2023-09-01 05:00:00,8.91,
2023-09-01 05:15:00,8.93,
2023-09-01 05:30:00,8.94,
2023-09-01 05:45:00,8.95,
2023-09-01 06:00:00,8.97,
2023-09-01 06:15:00,8.99,
2023-09-01 06:30:00,9.02,
2023-09-01 06:45:00,9.04,
2023-09-01 07:00:00,9.06,
2023-09-01 07:15:00,9.1,
2023-09-01 07:30:00,9.16,
2023-09-01 07:45:00,9.21,
2023-09-01 08:00:00,9.27,
2023-09-01 08:15:00,9.28,
2023-09-01 08:30:00,9.29,
2023-09-01 08:45:00,9.31,
2023-09-01 09:00:00,9.34,
2023-09-01 09:15:00,9.32,
2023-09-01 09:30:00,9.29,
2023-09-01 09:45:00,9.29,
2023-09-01 10:00:00,9.27,
2023-09-01 10:15:00,9.26,
2023-09-01 10:30:00,9.23,
2023-09-01 10:45:00,9.18,
2023-09-01 11:00:00,9.12,
2023-09-01 11:15:00,9.05,
2023-09-01 11:30:00,9.0,
2023-09-01 11:45:00,9.0,
2023-09-01 12:00:00,8.99,
2023-09-01 12:15:00,8.93,
2023-09-01 12:30:00,8.91,
2023-09-01 12:45:00,8.85,
2023-09-01 13:00:00,8.82,
2023-09-01 13:15:00,8.79,
2023-09-01 13:30:00,8.83,
2023-09-01 13:45:00,8.86,
2023-09-01 14:00:00,8.87,
2023-09-01 14:15:00,8.87,
2023-09-01 14:30:00,8.86,
2023-09-01 14:45:00,8.79,
2023-09-01 15:00:00,8.74,
2023-09-01 15:15:00,8.71,
2023-09-01 15:30:00,8.69,
2023-09-01 15:45:00,8.72,
2023-09-01 16:00:00,8.72,
2023-09-01 16:15:00,8.73,
2023-09-01 16:30:00,8.67,
2023-09-01 16:45:00,8.55,
2023-09-01 17:00:00,8.48,
2023-09-01 17:15:00,8.45,
2023-09-01 17:30:00,8.45,
2023-09-01 17:45:00,8.45,
2023-09-01 18:00:00,8.43,
2023-09-01 18:15:00,8.4,
2023-09-01 18:30:00,8.37,
2023-09-01 18:45:00,8.35,
2023-09-01 19:00:00,8.35,
2023-09-01 19:15:00,8.35,
2023-09-01 19:30:00,8.37,
2023-09-01 19:45:00,8.39,
2023-09-01 20:00:00,8.41,
2023-09-01 20:15:00,8.44,
2023-09-01 20:30:00,8.46,
2023-09-01 20:45:00,8.49,
2023-09-01 21:00:00,8.52,
2023-09-01 21:15:00,8.54,
2023-09-01 21:30:00,8.57,
2023-09-01 21:45:00,8.59,
2023-09-01 22:00:00,8.62,
2023-09-01 22:15:00,8.64,
2023-09-01 22:30:00,8.66,
2023-09-01 22:45:00,8.68,
2023-09-01 23:00:00,8.69,
2023-09-01 23:15:00,8.71,
2023-09-01 23:30:00,8.73,
2023-09-01 23:45:00,8.75,
2023-09-02 00:00:00,8.76,
2023-09-02 00:15:00,8.78,
2023-09-02 00:30:00,8.79,
2023-09-02 00:45:00,8.8,
2023-09-02 01:00:00,8.81,
2023-09-02 01:15:00,8.82,
2023-09-02 01:30:00,8.83,
2023-09-02 01:45:00,8.84,
2023-09-02 02:00:00,8.85,
2023-09-02 02:15:00,8.87,
2023-09-02 02:30:00,8.88,
2023-09-02 02:45:00,8.88,
2023-09-02 03:00:00,8.9,
2023-09-02 03:15:00,8.91,
2023-09-02 03:30:00,8.92,
2023-09-02 03:45:00,8.92,
2023-09-02 04:00:00,8.94,
2023-09-02 04:15:00,8.94,
2023-09-02 04:30:00,8.95,
2023-09-02 04:45:00,8.95,
2023-09-02 05:00:00,8.96,
2023-09-02 05:15:00,8.97,
2023-09-02 05:30:00,8.98,
2023-09-02 05:45:00,8.99,
2023-09-02 06:00:00,9.0,
2023-09-02 06:15:00,9.02,
2023-09-02 06:30:00,9.05,
2023-09-02 06:45:00,9.08,
2023-09-02 07:00:00,9.14,
2023-09-02 07:15:00,9.19,
2023-09-02 07:30:00,9.22,
2023-09-02 07:45:00,9.22,
2023-09-02 08:00:00,9.21,
2023-09-02 08:15:00,9.24,
2023-09-02 08:30:00,9.29,
2023-09-02 08:45:00,9.26,
2023-09-02 09:00:00,9.29,
2023-09-02 09:15:00,9.28,
2023-09-02 09:30:00,9.26,
2023-09-02 09:45:00,9.25,
2023-09-02 10:00:00,9.21,
2023-09-02 10:15:00,9.17,
2023-09-02 10:30:00,9.14,
2023-09-02 10:45:00,9.05,
2023-09-02 11:00:00,8.98,
2023-09-02 11:15:00,8.91,
2023-09-02 11:30:00,8.88,
2023-09-02 11:45:00,8.81,
2023-09-02 12:00:00,8.71,
2023-09-02 12:15:00,8.65,
2023-09-02 12:30:00,8.55,
2023-09-02 12:45:00,8.59,
2023-09-02 13:00:00,8.64,
2023-09-02 13:15:00,8.66,
2023-09-02 13:30:00,8.64,
2023-09-02 13:45:00,8.61,
2023-09-02 14:00:00,8.64,
2023-09-02 14:15:00,8.56,
2023-09-02 14:30:00,8.65,
2023-09-02 14:45:00,8.66,
2023-09-02 15:00:00,8.63,
2023-09-02 15:15:00,8.58,
2023-09-02 15:30:00,8.53,
2023-09-02 15:45:00,8.49,
2023-09-02 16:00:00,8.43,
2023-09-02 16:15:00,8.5,
2023-09-02 16:30:00,8.48,
2023-09-02 16:45:00,8.42,
2023-09-02 17:00:00,8.36,
2023-09-02 17:15:00,8.3,
2023-09-02 17:30:00,8.25,
2023-09-02 17:45:00,8.19,
2023-09-02 18:00:00,8.12,
2023-09-02 18:15:00,8.11,
2023-09-02 18:30:00,8.11,
2023-09-02 18:45:00,8.12,
2023-09-02 19:00:00,8.13,
2023-09-02 19:15:00,8.15,
2023-09-02 19:30:00,8.17,
2023-09-02 19:45:00,8.19,
2023-09-02 20:00:00,8.22,
2023-09-02 20:15:00,8.26,
2023-09-02 20:30:00,8.29,
2023-09-02 20:45:00,8.32,
2023-09-02 21:00:00,8.34,
2023-09-02 21:15:00,8.37,
2023-09-02 21:30:00,8.4,
2023-09-02 21:45:00,8.42,
2023-09-02 22:00:00,8.45,
2023-09-02 22:15:00,8.47,
2023-09-02 22:30:00,8.5,
2023-09-02 22:45:00,8.52,
2023-09-02 23:00:00,8.55,
2023-09-02 23:15:00,8.57,
2023-09-02 23:30:00,8.59,
2023-09-02 23:45:00,8.62,
2023-09-03 00:00:00,8.64,
2023-09-03 00:15:00,8.66,
2023-09-03 00:30:00,8.68,
2023-09-03 00:45:00,8.7,
2023-09-03 01:00:00,8.71,
2023-09-03 01:15:00,8.73,
2023-09-03 01:30:00,8.75,
2023-09-03 01:45:00,8.76,
2023-09-03 02:00:00,8.77,
2023-09-03 02:15:00,8.8,
2023-09-03 02:30:00,8.81,
2023-09-03 02:45:00,8.82,
2023-09-03 03:00:00,8.84,
2023-09-03 03:15:00,8.85,
2023-09-03 03:30:00,8.86,
2023-09-03 03:45:00,8.87,
2023-09-03 04:00:00,8.87,
2023-09-03 04:15:00,8.88,
2023-09-03 04:30:00,8.89,
2023-09-03 04:45:00,8.89,
2023-09-03 05:00:00,8.9,
2023-09-03 05:15:00,8.91,
2023-09-03 05:30:00,8.92,
2023-09-03 05:45:00,8.93,
2023-09-03 06:00:00,8.95,
2023-09-03 06:15:00,8.97,
2023-09-03 06:30:00,9.0,
2023-09-03 06:45:00,9.03,
2023-09-03 07:00:00,9.07,
2023-09-03 07:15:00,9.09,
2023-09-03 07:30:00,9.11,
2023-09-03 07:45:00,9.13,
2023-09-03 08:00:00,9.15,
2023-09-03 08:15:00,9.17,
2023-09-03 08:30:00,9.18,
2023-09-03 08:45:00,9.19,
2023-09-03 09:00:00,9.19,
2023-09-03 09:15:00,9.18,
2023-09-03 09:30:00,9.15,
2023-09-03 09:45:00,9.12,
2023-09-03 10:00:00,9.06,
2023-09-03 10:15:00,9.01,
2023-09-03 10:30:00,8.97,
2023-09-03 10:45:00,8.96,
2023-09-03 11:00:00,8.96,
2023-09-03 11:15:00,8.91,
2023-09-03 11:30:00,8.83,
2023-09-03 11:45:00,8.78,
2023-09-03 12:00:00,8.76,
2023-09-03 12:15:00,8.72,
2023-09-03 12:30:00,8.58,
2023-09-03 12:45:00,8.52,
2023-09-03 13:00:00,8.57,
2023-09-03 13:15:00,8.55,
2023-09-03 13:30:00,8.51,
2023-09-03 13:45:00,8.47,
2023-09-03 14:00:00,8.46,
2023-09-03 14:15:00,8.41,
2023-09-03 14:30:00,8.32,
2023-09-03 14:45:00,8.32,
2023-09-03 15:00:00,8.27,
2023-09-03 15:15:00,8.25,
2023-09-03 15:30:00,8.19,
2023-09-03 15:45:00,8.1,
2023-09-03 16:00:00,8.01,
2023-09-03 16:15:00,7.97,
2023-09-03 16:30:00,7.91,
2023-09-03 16:45:00,7.88,
2023-09-03 17:00:00,8.05,
2023-09-03 17:15:00,8.11,
2023-09-03 17:30:00,8.14,
2023-09-03 17:45:00,8.15,
2023-09-03 18:00:00,8.2,
2023-09-03 18:15:00,8.19,
2023-09-03 18:30:00,8.16,
2023-09-03 18:45:00,8.17,
2023-09-03 19:00:00,8.19,
2023-09-03 19:15:00,8.2,
2023-09-03 19:30:00,8.21,
2023-09-03 19:45:00,8.23,
2023-09-03 20:00:00,8.24,
2023-09-03 20:15:00,8.27,
2023-09-03 20:30:00,8.29,
2023-09-03 20:45:00,8.32,
2023-09-03 21:00:00,8.33,
2023-09-03 21:15:00,8.35,
2023-09-03 21:30:00,8.37,
2023-09-03 21:45:00,8.39,
2023-09-03 22:00:00,8.41,
2023-09-03 22:15:00,8.43,
2023-09-03 22:30:00,8.46,
2023-09-03 22:45:00,8.48,
2023-09-03 23:00:00,8.5,
2023-09-03 23:15:00,8.52,
2023-09-03 23:30:00,8.54,
2023-09-03 23:45:00,8.55,
2023-09-04 00:00:00,8.57,
2023-09-04 00:15:00,8.58,
2023-09-04 00:30:00,8.59,
2023-09-04 00:45:00,8.61,
2023-09-04 01:00:00,8.63,
2023-09-04 01:15:00,8.64,
2023-09-04 01:30:00,8.65,
2023-09-04 01:45:00,8.66,
2023-09-04 02:00:00,8.67,
2023-09-04 02:15:00,8.68,
2023-09-04 02:30:00,8.69,
2023-09-04 02:45:00,8.71,
2023-09-04 03:00:00,8.72,
2023-09-04 03:15:00,8.73,
2023-09-04 03:30:00,8.73,
2023-09-04 03:45:00,8.74,
2023-09-04 04:00:00,8.75,
2023-09-04 04:15:00,8.76,
2023-09-04 04:30:00,8.76,
2023-09-04 04:45:00,8.76,
2023-09-04 05:00:00,8.77,
2023-09-04 05:15:00,8.78,
2023-09-04 05:30:00,8.78,
2023-09-04 05:45:00,8.79,
2023-09-04 06:00:00,8.8,
2023-09-04 06:15:00,8.81,
2023-09-04 06:30:00,8.82,
2023-09-04 06:45:00,8.84,
2023-09-04 07:00:00,8.86,
2023-09-04 07:15:00,8.87,
2023-09-04 07:30:00,8.87,
2023-09-04 07:45:00,8.89,
2023-09-04 08:00:00,8.94,
2023-09-04 08:15:00,8.98,
2023-09-04 08:30:00,9.03,
2023-09-04 08:45:00,9.04,
2023-09-04 09:00:00,9.03,
2023-09-04 09:15:00,9.03,
2023-09-04 09:30:00,9.06,
2023-09-04 09:45:00,9.06,
2023-09-04 10:00:00,9.1,
2023-09-04 10:15:00,9.14,
2023-09-04 10:30:00,9.1,
2023-09-04 10:45:00,9.09,
2023-09-04 11:00:00,9.08,
2023-09-04 11:15:00,9.08,
2023-09-04 11:30:00,9.02,
2023-09-04 11:45:00,9.0,
2023-09-04 12:00:00,8.99,
2023-09-04 12:15:00,9.04,
2023-09-04 12:30:00,9.07,
2023-09-04 12:45:00,9.09,
2023-09-04 13:00:00,9.07,
2023-09-04 13:15:00,9.08,
2023-09-04 13:30:00,9.09,
2023-09-04 13:45:00,9.07,
2023-09-04 14:00:00,8.99,
2023-09-04 14:15:00,9.0,
2023-09-04 14:30:00,9.05,
2023-09-04 14:45:00,9.04,
2023-09-04 15:00:00,9.02,
2023-09-04 15:15:00,8.99,
2023-09-04 15:30:00,8.97,
2023-09-04 15:45:00,8.93,
2023-09-04 16:00:00,8.84,
2023-09-04 16:15:00,8.88,
2023-09-04 16:30:00,8.86,
2023-09-04 16:45:00,8.76,
2023-09-04 17:00:00,8.8,
2023-09-04 17:15:00,8.75,
2023-09-04 17:30:00,8.71,
2023-09-04 17:45:00,8.61,
2023-09-04 18:00:00,8.54,
2023-09-04 18:15:00,8.51,
2023-09-04 18:30:00,8.5,
2023-09-04 18:45:00,8.5,
2023-09-04 19:00:00,8.5,
2023-09-04 19:15:00,8.5,
2023-09-04 19:30:00,8.51,
2023-09-04 19:45:00,8.53,
2023-09-04 20:00:00,8.56,
2023-09-04 20:15:00,8.58,
2023-09-04 20:30:00,8.61,
2023-09-04 20:45:00,8.63,
2023-09-04 21:00:00,8.64,
2023-09-04 21:15:00,8.67,
2023-09-04 21:30:00,8.69,
2023-09-04 21:45:00,8.7,
2023-09-04 22:00:00,8.72,
2023-09-04 22:15:00,8.74,
2023-09-04 22:30:00,8.76,
2023-09-04 22:45:00,8.78,
2023-09-04 23:00:00,8.8,
2023-09-04 23:15:00,8.82,
2023-09-04 23:30:00,8.85,
2023-09-04 23:45:00,8.87,
2023-09-05 00:00:00,8.89,
2023-09-05 00:15:00,8.92,
2023-09-05 00:30:00,8.93,
2023-09-05 00:45:00,8.96,
2023-09-05 01:00:00,8.98,
2023-09-05 01:15:00,9.0,
2023-09-05 01:30:00,9.02,
2023-09-05 01:45:00,9.05,
2023-09-05 02:00:00,9.07,
2023-09-05 02:15:00,9.09,
2023-09-05 02:30:00,9.11,
2023-09-05 02:45:00,9.12,
2023-09-05 03:00:00,9.14,
2023-09-05 03:15:00,9.16,
2023-09-05 03:30:00,9.18,
2023-09-05 03:45:00,9.19,
2023-09-05 04:00:00,9.21,
2023-09-05 04:15:00,9.22,
2023-09-05 04:30:00,9.24,
2023-09-05 04:45:00,9.25,
2023-09-05 05:00:00,9.26,
2023-09-05 05:15:00,9.28,
2023-09-05 05:30:00,9.29,
2023-09-05 05:45:00,9.31,
2023-09-05 06:00:00,9.32,
2023-09-05 06:15:00,9.35,
2023-09-05 06:30:00,9.38,
2023-09-05 06:45:00,9.41,
2023-09-05 07:00:00,9.44,
2023-09-05 07:15:00,9.46,
2023-09-05 07:30:00,9.48,
2023-09-05 07:45:00,9.5,
2023-09-05 08:00:00,9.52,
2023-09-05 08:15:00,9.51,
2023-09-05 08:30:00,9.56,
2023-09-05 08:45:00,9.58,
2023-09-05 09:00:00,9.53,
2023-09-05 09:15:00,9.53,
2023-09-05 09:30:00,9.5,
2023-09-05 09:45:00,9.49,
2023-09-05 10:00:00,9.45,
2023-09-05 10:15:00,9.4,
2023-09-05 10:30:00,9.35,
2023-09-05 10:45:00,9.28,
2023-09-05 11:00:00,9.29,
2023-09-05 11:15:00,9.31,
2023-09-05 11:30:00,9.25,
2023-09-05 11:45:00,9.21,
2023-09-05 12:00:00,9.14,
2023-09-05 12:15:00,9.1,
2023-09-05 12:30:00,9.05,
2023-09-05 12:45:00,8.97,
2023-09-05 13:00:00,8.92,
2023-09-05 13:15:00,8.86,
2023-09-05 13:30:00,8.77,
2023-09-05 13:45:00,8.74,
2023-09-05 14:00:00,8.73,
2023-09-05 14:15:00,8.68,
2023-09-05 14:30:00,8.61,
2023-09-05 14:45:00,8.54,
2023-09-05 15:00:00,8.49,
2023-09-05 15:15:00,8.44,
2023-09-05 15:30:00,8.39,
2023-09-05 15:45:00,8.33,
2023-09-05 16:00:00,8.3,
2023-09-05 16:15:00,8.31,
2023-09-05 16:30:00,8.32,
2023-09-05 16:45:00,8.31,
2023-09-05 17:00:00,8.27,
2023-09-05 17:15:00,8.25,
2023-09-05 17:30:00,8.24,
2023-09-05 17:45:00,8.18,
2023-09-05 18:00:00,8.16,
2023-09-05 18:15:00,8.16,
2023-09-05 18:30:00,8.17,
2023-09-05 18:45:00,8.19,
2023-09-05 19:00:00,8.21,
2023-09-05 19:15:00,8.23,
2023-09-05 19:30:00,8.27,
2023-09-05 19:45:00,8.3,
2023-09-05 20:00:00,8.34,
2023-09-05 20:15:00,8.37,
2023-09-05 20:30:00,8.4,
2023-09-05 20:45:00,8.43,
2023-09-05 21:00:00,8.46,
2023-09-05 21:15:00,8.48,
2023-09-05 21:30:00,8.5,
2023-09-05 21:45:00,8.52,
2023-09-05 22:00:00,8.54,
2023-09-05 22:15:00,8.57,
2023-09-05 22:30:00,8.6,
2023-09-05 22:45:00,8.63,
2023-09-05 23:00:00,8.65,
2023-09-05 23:15:00,8.68,
2023-09-05 23:30:00,8.71,
2023-09-05 23:45:00,8.73,
2023-09-06 00:00:00,8.76,
2023-09-06 00:15:00,8.78,
2023-09-06 00:30:00,8.81,
2023-09-06 00:45:00,8.83,
2023-09-06 01:00:00,8.86,
2023-09-06 01:15:00,8.88,
2023-09-06 01:30:00,8.9,
2023-09-06 01:45:00,8.93,
2023-09-06 02:00:00,8.95,
2023-09-06 02:15:00,8.98,
2023-09-06 02:30:00,9.0,
2023-09-06 02:45:00,9.03,
2023-09-06 03:00:00,9.05,
2023-09-06 03:15:00,9.08,
2023-09-06 03:30:00,9.09,
2023-09-06 03:45:00,9.11,
2023-09-06 04:00:00,9.13,
2023-09-06 04:15:00,9.15,
2023-09-06 04:30:00,9.17,
2023-09-06 04:45:00,9.19,
2023-09-06 05:00:00,9.21,
2023-09-06 05:15:00,9.22,
2023-09-06 05:30:00,9.24,
2023-09-06 05:45:00,9.26,
2023-09-06 06:00:00,9.28,
2023-09-06 06:15:00,9.31,
2023-09-06 06:30:00,9.34,
2023-09-06 06:45:00,9.37,
2023-09-06 07:00:00,9.4,
2023-09-06 07:15:00,9.43,
2023-09-06 07:30:00,9.45,
2023-09-06 07:45:00,9.47,
2023-09-06 08:00:00,9.49,
2023-09-06 08:15:00,9.51,
2023-09-06 08:30:00,9.52,
2023-09-06 08:45:00,9.52,
2023-09-06 09:00:00,9.51,
2023-09-06 09:15:00,9.49,
2023-09-06 09:30:00,9.45,
2023-09-06 09:45:00,9.4,
2023-09-06 10:00:00,9.35,
2023-09-06 10:15:00,9.29,
2023-09-06 10:30:00,9.23,
2023-09-06 10:45:00,9.17,
2023-09-06 11:00:00,9.11,
2023-09-06 11:15:00,9.05,
2023-09-06 11:30:00,8.97,
2023-09-06 11:45:00,8.86,
2023-09-06 12:00:00,8.86,
2023-09-06 12:15:00,8.82,
2023-09-06 12:30:00,8.75,
2023-09-06 12:45:00,8.72,
2023-09-06 13:00:00,8.67,
2023-09-06 13:15:00,8.6,
2023-09-06 13:30:00,8.55,
2023-09-06 13:45:00,8.5,
2023-09-06 14:00:00,8.47,
2023-09-06 14:15:00,8.41,
2023-09-06 14:30:00,8.37,
2023-09-06 14:45:00,8.34,
2023-09-06 15:00:00,8.34,
2023-09-06 15:15:00,8.32,
2023-09-06 15:30:00,8.29,
2023-09-06 15:45:00,8.27,
2023-09-06 16:00:00,8.22,
2023-09-06 16:15:00,8.23,
2023-09-06 16:30:00,8.23,
2023-09-06 16:45:00,8.23,
2023-09-06 17:00:00,8.22,
2023-09-06 17:15:00,8.21,
2023-09-06 17:30:00,8.19,
2023-09-06 17:45:00,8.13,
2023-09-06 18:00:00,8.12,
2023-09-06 18:15:00,8.12,
2023-09-06 18:30:00,8.14,
2023-09-06 18:45:00,8.15,
2023-09-06 19:00:00,8.16,
2023-09-06 19:15:00,8.17,
2023-09-06 19:30:00,8.2,
2023-09-06 19:45:00,8.24,
2023-09-06 20:00:00,8.27,
2023-09-06 20:15:00,8.3,
2023-09-06 20:30:00,8.33,
2023-09-06 20:45:00,8.37,
2023-09-06 21:00:00,8.39,
2023-09-06 21:15:00,8.42,
2023-09-06 21:30:00,8.45,
2023-09-06 21:45:00,8.48,
2023-09-06 22:00:00,8.51,
2023-09-06 22:15:00,8.53,
2023-09-06 22:30:00,8.56,
2023-09-06 22:45:00,8.59,
2023-09-06 23:00:00,8.62,
2023-09-06 23:15:00,8.65,
2023-09-06 23:30:00,8.68,
2023-09-06 23:45:00,8.7,
2023-09-07 00:00:00,8.72,
2023-09-07 00:15:00,8.73,
2023-09-07 00:30:00,8.75,
2023-09-07 00:45:00,8.78,
2023-09-07 01:00:00,8.8,
2023-09-07 01:15:00,8.83,
2023-09-07 01:30:00,8.85,
2023-09-07 01:45:00,8.87,
2023-09-07 02:00:00,8.89,
2023-09-07 02:15:00,8.91,
2023-09-07 02:30:00,8.93,
2023-09-07 02:45:00,8.94,
2023-09-07 03:00:00,8.96,
2023-09-07 03:15:00,8.99,
2023-09-07 03:30:00,9.0,
2023-09-07 03:45:00,9.02,
2023-09-07 04:00:00,9.04,
2023-09-07 04:15:00,9.07,
2023-09-07 04:30:00,9.08,
2023-09-07 04:45:00,9.1,
2023-09-07 05:00:00,9.12,
2023-09-07 05:15:00,9.14,
2023-09-07 05:30:00,9.16,
2023-09-07 05:45:00,9.17,
2023-09-07 06:00:00,9.2,
2023-09-07 06:15:00,9.23,
2023-09-07 06:30:00,9.26,
2023-09-07 06:45:00,9.29,
2023-09-07 07:00:00,9.32,
2023-09-07 07:15:00,9.35,
2023-09-07 07:30:00,9.38,
2023-09-07 07:45:00,9.4,
2023-09-07 08:00:00,9.42,
2023-09-07 08:15:00,9.44,
2023-09-07 08:30:00,9.46,
2023-09-07 08:45:00,9.46,
2023-09-07 09:00:00,9.46,
2023-09-07 09:15:00,9.44,
2023-09-07 09:30:00,9.4,
2023-09-07 09:45:00,9.36,
2023-09-07 10:00:00,9.31,
2023-09-07 10:15:00,9.24,
2023-09-07 10:30:00,9.18,
2023-09-07 10:45:00,9.12,
2023-09-07 11:00:00,9.07,
2023-09-07 11:15:00,9.01,
2023-09-07 11:30:00,8.95,
2023-09-07 11:45:00,8.89,
2023-09-07 12:00:00,8.84,
2023-09-07 12:15:00,8.78,
2023-09-07 12:30:00,8.71,
2023-09-07 12:45:00,8.66,
2023-09-07 13:00:00,8.61,
2023-09-07 13:15:00,8.55,
2023-09-07 13:30:00,8.51,
2023-09-07 13:45:00,8.46,
2023-09-07 14:00:00,8.4,
2023-09-07 14:15:00,8.36,
2023-09-07 14:30:00,8.3,
2023-09-07 14:45:00,8.33,
2023-09-07 15:00:00,8.41,
2023-09-07 15:15:00,8.45,
2023-09-07 15:30:00,8.48,
2023-09-07 15:45:00,8.49,
2023-09-07 16:00:00,8.49,
2023-09-07 16:15:00,8.46,
2023-09-07 16:30:00,8.42,
2023-09-07 16:45:00,8.37,
2023-09-07 17:00:00,8.33,
2023-09-07 17:15:00,8.28,
2023-09-07 17:30:00,8.22,
2023-09-07 17:45:00,8.13,
2023-09-07 18:00:00,8.11,
2023-09-07 18:15:00,8.1,
2023-09-07 18:30:00,8.11,
2023-09-07 18:45:00,8.12,
2023-09-07 19:00:00,8.12,
2023-09-07 19:15:00,8.14,
2023-09-07 19:30:00,8.16,
2023-09-07 19:45:00,8.2,
2023-09-07 20:00:00,8.23,
2023-09-07 20:15:00,8.27,
2023-09-07 20:30:00,8.31,
2023-09-07 20:45:00,8.34,
2023-09-07 21:00:00,8.37,
2023-09-07 21:15:00,8.41,
2023-09-07 21:30:00,8.44,
2023-09-07 21:45:00,8.47,
2023-09-07 22:00:00,8.5,
2023-09-07 22:15:00,8.53,
2023-09-07 22:30:00,8.56,
2023-09-07 22:45:00,8.59,
2023-09-07 23:00:00,8.62,
2023-09-07 23:15:00,8.65,
2023-09-07 23:30:00,8.68,
2023-09-07 23:45:00,8.71,
2023-09-08 00:00:00,8.74,
2023-09-08 00:15:00,8.76,
2023-09-08 00:30:00,8.79,
2023-09-08 00:45:00,8.81,
2023-09-08 01:00:00,8.84,
2023-09-08 01:15:00,8.86,
2023-09-08 01:30:00,8.89,
2023-09-08 01:45:00,8.91,
2023-09-08 02:00:00,8.93,
2023-09-08 02:15:00,8.95,
2023-09-08 02:30:00,8.97,
2023-09-08 02:45:00,8.99,
2023-09-08 03:00:00,9.01,
2023-09-08 03:15:00,9.03,
2023-09-08 03:30:00,9.06,
2023-09-08 03:45:00,9.08,
2023-09-08 04:00:00,9.1,
2023-09-08 04:15:00,9.11,
2023-09-08 04:30:00,9.14,
2023-09-08 04:45:00,9.15,
2023-09-08 05:00:00,9.17,
2023-09-08 05:15:00,9.19,
2023-09-08 05:30:00,9.21,
2023-09-08 05:45:00,9.23,
2023-09-08 06:00:00,9.26,
2023-09-08 06:15:00,9.29,
2023-09-08 06:30:00,9.32,
2023-09-08 06:45:00,9.35,
2023-09-08 07:00:00,9.38,
2023-09-08 07:15:00,9.42,
2023-09-08 07:30:00,9.45,
2023-09-08 07:45:00,9.47,
2023-09-08 08:00:00,9.5,
2023-09-08 08:15:00,9.51,
2023-09-08 08:30:00,9.53,
2023-09-08 08:45:00,9.52,
2023-09-08 09:00:00,9.51,
2023-09-08 09:15:00,9.48,
2023-09-08 09:30:00,9.47,
2023-09-08 09:45:00,9.42,
2023-09-08 10:00:00,9.37,
2023-09-08 10:15:00,9.3,
2023-09-08 10:30:00,9.24,
2023-09-08 10:45:00,9.17,
2023-09-08 11:00:00,9.1,
2023-09-08 11:15:00,9.04,
2023-09-08 11:30:00,8.99,
2023-09-08 11:45:00,8.92,
2023-09-08 12:00:00,8.86,
2023-09-08 12:15:00,8.8,
2023-09-08 12:30:00,8.75,
2023-09-08 12:45:00,8.69,
2023-09-08 13:00:00,8.65,
2023-09-08 13:15:00,8.6,
2023-09-08 13:30:00,8.55,
2023-09-08 13:45:00,8.51,
2023-09-08 14:00:00,8.47,
2023-09-08 14:15:00,8.43,
2023-09-08 14:30:00,8.39,
2023-09-08 14:45:00,8.34,
2023-09-08 15:00:00,8.31,
2023-09-08 15:15:00,8.28,
2023-09-08 15:30:00,8.26,
2023-09-08 15:45:00,8.23,
2023-09-08 16:00:00,8.21,
2023-09-08 16:15:00,8.19,
2023-09-08 16:30:00,8.18,
2023-09-08 16:45:00,8.17,
2023-09-08 17:00:00,8.14,
2023-09-08 17:15:00,8.14,
2023-09-08 17:30:00,8.15,
2023-09-08 17:45:00,8.06,
2023-09-08 18:00:00,8.04,
2023-09-08 18:15:00,8.02,
2023-09-08 18:30:00,8.06,
2023-09-08 18:45:00,8.09,
2023-09-08 19:00:00,8.1,
2023-09-08 19:15:00,8.12,
2023-09-08 19:30:00,8.14,
2023-09-08 19:45:00,8.17,
2023-09-08 20:00:00,8.22,
2023-09-08 20:15:00,8.26,
2023-09-08 20:30:00,8.3,
2023-09-08 20:45:00,8.34,
2023-09-08 21:00:00,8.37,
2023-09-08 21:15:00,8.41,
2023-09-08 21:30:00,8.44,
2023-09-08 21:45:00,8.48,
2023-09-08 22:00:00,8.52,
2023-09-08 22:15:00,8.55,
2023-09-08 22:30:00,8.58,
2023-09-08 22:45:00,8.61,
2023-09-08 23:00:00,8.65,
2023-09-08 23:15:00,8.68,
2023-09-08 23:30:00,8.71,
2023-09-08 23:45:00,8.74,
2023-09-09 00:00:00,8.77,
2023-09-09 00:15:00,8.8,
2023-09-09 00:30:00,8.82,
2023-09-09 00:45:00,8.85,
2023-09-09 01:00:00,8.88,
2023-09-09 01:15:00,8.91,
2023-09-09 01:30:00,8.93,
2023-09-09 01:45:00,8.96,
2023-09-09 02:00:00,8.99,
2023-09-09 02:15:00,9.02,
2023-09-09 02:30:00,9.05,
2023-09-09 02:45:00,9.07,
2023-09-09 03:00:00,9.09,
2023-09-09 03:15:00,9.11,
2023-09-09 03:30:00,9.14,
2023-09-09 03:45:00,9.16,
2023-09-09 04:00:00,9.18,
2023-09-09 04:15:00,9.2,
2023-09-09 04:30:00,9.22,
2023-09-09 04:45:00,9.24,
2023-09-09 05:00:00,9.26,
2023-09-09 05:15:00,9.28,
2023-09-09 05:30:00,9.3,
2023-09-09 05:45:00,9.32,
2023-09-09 06:00:00,9.34,
2023-09-09 06:15:00,9.37,
2023-09-09 06:30:00,9.4,
2023-09-09 06:45:00,9.43,
2023-09-09 07:00:00,9.46,
2023-09-09 07:15:00,9.48,
2023-09-09 07:30:00,9.51,
2023-09-09 07:45:00,9.53,
2023-09-09 08:00:00,9.55,
2023-09-09 08:15:00,9.57,
2023-09-09 08:30:00,9.59,
2023-09-09 08:45:00,9.6,
2023-09-09 09:00:00,9.59,
2023-09-09 09:15:00,9.57,
2023-09-09 09:30:00,9.53,
2023-09-09 09:45:00,9.49,
2023-09-09 10:00:00,9.43,
2023-09-09 10:15:00,9.37,
2023-09-09 10:30:00,9.3,
2023-09-09 10:45:00,9.24,
2023-09-09 11:00:00,9.17,
2023-09-09 11:15:00,9.1,
2023-09-09 11:30:00,9.04,
2023-09-09 11:45:00,8.97,
2023-09-09 12:00:00,8.91,
2023-09-09 12:15:00,8.85,
2023-09-09 12:30:00,8.8,
2023-09-09 12:45:00,8.74,
2023-09-09 13:00:00,8.69,
2023-09-09 13:15:00,8.65,
2023-09-09 13:30:00,8.6,
2023-09-09 13:45:00,8.56,
2023-09-09 14:00:00,8.51,
2023-09-09 14:15:00,8.47,
2023-09-09 14:30:00,8.43,
2023-09-09 14:45:00,8.39,
2023-09-09 15:00:00,8.35,
2023-09-09 15:15:00,8.32,
2023-09-09 15:30:00,8.29,
2023-09-09 15:45:00,8.26,
2023-09-09 16:00:00,8.24,
2023-09-09 16:15:00,8.19,
2023-09-09 16:30:00,8.16,
2023-09-09 16:45:00,8.16,
2023-09-09 17:00:00,8.16,
2023-09-09 17:15:00,8.12,
2023-09-09 17:30:00,8.12,
2023-09-09 17:45:00,8.1,
2023-09-09 18:00:00,8.08,
2023-09-09 18:15:00,8.07,
2023-09-09 18:30:00,8.06,
2023-09-09 18:45:00,8.06,
2023-09-09 19:00:00,8.07,
2023-09-09 19:15:00,8.1,
2023-09-09 19:30:00,8.13,
2023-09-09 19:45:00,8.16,
2023-09-09 20:00:00,8.19,
2023-09-09 20:15:00,8.22,
2023-09-09 20:30:00,8.25,
2023-09-09 20:45:00,8.29,
2023-09-09 21:00:00,8.32,
2023-09-09 21:15:00,8.36,
2023-09-09 21:30:00,8.39,
2023-09-09 21:45:00,8.42,
2023-09-09 22:00:00,8.45,
2023-09-09 22:15:00,8.47,
2023-09-09 22:30:00,8.5,
2023-09-09 22:45:00,8.51,
2023-09-09 23:00:00,8.55,
2023-09-09 23:15:00,8.58,
2023-09-09 23:30:00,8.6,
2023-09-09 23:45:00,8.62,
2023-09-10 00:00:00,8.65,
2023-09-10 00:15:00,8.68,
2023-09-10 00:30:00,8.7,
2023-09-10 00:45:00,8.73,
2023-09-10 01:00:00,8.75,
2023-09-10 01:15:00,8.75,
2023-09-10 01:30:00,8.79,
2023-09-10 01:45:00,8.82,
2023-09-10 02:00:00,8.84,
2023-09-10 02:15:00,8.86,
2023-09-10 02:30:00,8.88,
2023-09-10 02:45:00,8.9,
2023-09-10 03:00:00,8.92,
2023-09-10 03:15:00,8.94,
2023-09-10 03:30:00,8.96,
2023-09-10 03:45:00,8.98,
2023-09-10 04:00:00,8.99,
2023-09-10 04:15:00,9.01,
2023-09-10 04:30:00,9.03,
2023-09-10 04:45:00,9.05,
2023-09-10 05:00:00,9.07,
2023-09-10 05:15:00,9.09,
2023-09-10 05:30:00,9.1,
2023-09-10 05:45:00,9.12,
2023-09-10 06:00:00,9.14,
2023-09-10 06:15:00,9.17,
2023-09-10 06:30:00,9.21,
2023-09-10 06:45:00,9.26,
2023-09-10 07:00:00,9.3,
2023-09-10 07:15:00,9.34,
2023-09-10 07:30:00,9.37,
2023-09-10 07:45:00,9.4,
2023-09-10 08:00:00,9.41,
2023-09-10 08:15:00,9.44,
2023-09-10 08:30:00,9.41,
2023-09-10 08:45:00,9.42,
2023-09-10 09:00:00,9.41,
2023-09-10 09:15:00,9.38,
2023-09-10 09:30:00,9.36,
2023-09-10 09:45:00,9.33,
2023-09-10 10:00:00,9.29,
2023-09-10 10:15:00,9.25,
2023-09-10 10:30:00,9.19,
2023-09-10 10:45:00,9.17,
2023-09-10 11:00:00,9.15,
2023-09-10 11:15:00,9.08,
2023-09-10 11:30:00,9.0,
2023-09-10 11:45:00,8.95,
2023-09-10 12:00:00,8.91,
2023-09-10 12:15:00,8.8,
2023-09-10 12:30:00,8.81,
2023-09-10 12:45:00,8.79,
2023-09-10 13:00:00,8.73,
2023-09-10 13:15:00,8.69,
2023-09-10 13:30:00,8.65,
2023-09-10 13:45:00,8.6,
2023-09-10 14:00:00,8.56,
2023-09-10 14:15:00,8.51,
2023-09-10 14:30:00,8.46,
2023-09-10 14:45:00,8.42,
2023-09-10 15:00:00,8.38,
2023-09-10 15:15:00,8.36,
2023-09-10 15:30:00,8.34,
2023-09-10 15:45:00,8.21,
2023-09-10 16:00:00,8.13,
2023-09-10 16:15:00,8.08,
2023-09-10 16:30:00,8.06,
2023-09-10 16:45:00,8.12,
2023-09-10 17:00:00,8.15,
2023-09-10 17:15:00,8.16,
2023-09-10 17:30:00,8.16,
2023-09-10 17:45:00,8.17,
2023-09-10 18:00:00,8.19,
2023-09-10 18:15:00,8.18,
2023-09-10 18:30:00,8.17,
2023-09-10 18:45:00,8.16,
2023-09-10 19:00:00,8.16,
2023-09-10 19:15:00,8.17,
2023-09-10 19:30:00,8.2,
2023-09-10 19:45:00,8.23,
2023-09-10 20:00:00,8.26,
2023-09-10 20:15:00,8.3,
2023-09-10 20:30:00,8.33,
2023-09-10 20:45:00,8.37,
2023-09-10 21:00:00,8.41,
2023-09-10 21:15:00,8.44,
2023-09-10 21:30:00,8.47,
2023-09-10 21:45:00,8.51,
2023-09-10 22:00:00,8.54,
2023-09-10 22:15:00,8.57,
2023-09-10 22:30:00,8.6,
2023-09-10 22:45:00,8.64,
2023-09-10 23:00:00,8.66,
2023-09-10 23:15:00,8.7,
2023-09-10 23:30:00,8.72,
2023-09-10 23:45:00,8.75,
2023-09-11 00:00:00,8.78,
2023-09-11 00:15:00,8.8,
2023-09-11 00:30:00,8.83,
2023-09-11 00:45:00,8.86,
2023-09-11 01:00:00,8.89,
2023-09-11 01:15:00,8.91,
2023-09-11 01:30:00,8.93,
2023-09-11 01:45:00,8.96,
2023-09-11 02:00:00,8.98,
2023-09-11 02:15:00,9.01,
2023-09-11 02:30:00,9.03,
2023-09-11 02:45:00,9.05,
2023-09-11 03:00:00,9.07,
2023-09-11 03:15:00,9.09,
2023-09-11 03:30:00,9.1,
2023-09-11 03:45:00,9.12,
2023-09-11 04:00:00,9.13,
2023-09-11 04:15:00,9.15,
2023-09-11 04:30:00,9.17,
2023-09-11 04:45:00,9.18,
2023-09-11 05:00:00,9.2,
2023-09-11 05:15:00,9.22,
2023-09-11 05:30:00,9.23,
2023-09-11 05:45:00,9.25,
2023-09-11 06:00:00,9.27,
2023-09-11 06:15:00,9.29,
2023-09-11 06:30:00,9.33,
2023-09-11 06:45:00,9.36,
2023-09-11 07:00:00,9.39,
2023-09-11 07:15:00,9.42,
2023-09-11 07:30:00,9.45,
2023-09-11 07:45:00,9.47,
2023-09-11 08:00:00,9.5,
2023-09-11 08:15:00,9.52,
2023-09-11 08:30:00,9.53,
2023-09-11 08:45:00,9.54,
2023-09-11 09:00:00,9.53,
2023-09-11 09:15:00,9.51,
2023-09-11 09:30:00,9.48,
2023-09-11 09:45:00,9.44,
2023-09-11 10:00:00,9.39,
2023-09-11 10:15:00,9.33,
2023-09-11 10:30:00,9.27,
2023-09-11 10:45:00,9.21,
2023-09-11 11:00:00,9.15,
2023-09-11 11:15:00,9.1,
2023-09-11 11:30:00,9.02,
2023-09-11 11:45:00,8.93,
2023-09-11 12:00:00,8.93,
2023-09-11 12:15:00,8.92,
2023-09-11 12:30:00,8.88,
2023-09-11 12:45:00,8.8,
2023-09-11 13:00:00,8.77,
2023-09-11 13:15:00,8.79,
2023-09-11 13:30:00,8.81,
2023-09-11 13:45:00,8.81,
2023-09-11 14:00:00,8.85,
2023-09-11 14:15:00,8.81,
2023-09-11 14:30:00,8.67,
2023-09-11 14:45:00,8.6,
2023-09-11 15:00:00,8.56,
2023-09-11 15:15:00,8.57,
2023-09-11 15:30:00,8.48,
2023-09-11 15:45:00,8.46,
2023-09-11 16:00:00,8.38,
2023-09-11 16:15:00,8.35,
2023-09-11 16:30:00,8.38,
2023-09-11 16:45:00,8.41,
2023-09-11 17:00:00,8.37,
2023-09-11 17:15:00,8.31,
2023-09-11 17:30:00,8.28,
2023-09-11 17:45:00,8.2,
2023-09-11 18:00:00,8.18,
2023-09-11 18:15:00,8.17,
2023-09-11 18:30:00,8.17,
2023-09-11 18:45:00,8.17,
2023-09-11 19:00:00,8.19,
2023-09-11 19:15:00,8.22,
2023-09-11 19:30:00,8.25,
2023-09-11 19:45:00,8.28,
2023-09-11 20:00:00,8.32,
2023-09-11 20:15:00,8.36,
2023-09-11 20:30:00,8.4,
2023-09-11 20:45:00,8.43,
2023-09-11 21:00:00,8.46,
2023-09-11 21:15:00,8.5,
2023-09-11 21:30:00,8.53,
2023-09-11 21:45:00,8.56,
2023-09-11 22:00:00,8.59,
2023-09-11 22:15:00,8.62,
2023-09-11 22:30:00,8.65,
2023-09-11 22:45:00,8.67,
2023-09-11 23:00:00,8.7,
2023-09-11 23:15:00,8.73,
2023-09-11 23:30:00,8.76,
2023-09-11 23:45:00,8.78,
2023-09-12 00:00:00,8.81,
2023-09-12 00:15:00,8.83,
2023-09-12 00:30:00,8.86,
2023-09-12 00:45:00,8.88,
2023-09-12 01:00:00,8.91,
2023-09-12 01:15:00,8.93,
2023-09-12 01:30:00,8.95,
2023-09-12 01:45:00,8.96,
2023-09-12 02:00:00,8.99,
2023-09-12 02:15:00,9.01,
2023-09-12 02:30:00,9.03,
2023-09-12 02:45:00,9.05,
2023-09-12 03:00:00,9.07,
2023-09-12 03:15:00,9.09,
2023-09-12 03:30:00,9.11,
2023-09-12 03:45:00,9.13,
2023-09-12 04:00:00,9.15,
2023-09-12 04:15:00,9.16,
2023-09-12 04:30:00,9.18,
2023-09-12 04:45:00,9.19,
2023-09-12 05:00:00,9.22,
2023-09-12 05:15:00,9.23,
2023-09-12 05:30:00,9.24,
2023-09-12 05:45:00,9.26,
2023-09-12 06:00:00,9.28,
2023-09-12 06:15:00,9.3,
2023-09-12 06:30:00,9.34,
2023-09-12 06:45:00,9.37,
2023-09-12 07:00:00,9.41,
2023-09-12 07:15:00,9.45,
2023-09-12 07:30:00,9.49,
2023-09-12 07:45:00,9.53,
2023-09-12 08:00:00,9.54,
2023-09-12 08:15:00,9.55,
2023-09-12 08:30:00,9.54,
2023-09-12 08:45:00,9.53,
2023-09-12 09:00:00,9.52,
2023-09-12 09:15:00,9.5,
2023-09-12 09:30:00,9.47,
2023-09-12 09:45:00,9.43,
2023-09-12 10:00:00,9.38,
2023-09-12 10:15:00,9.31,
2023-09-12 10:30:00,9.26,
2023-09-12 10:45:00,9.19,
2023-09-12 11:00:00,9.16,
2023-09-12 11:15:00,9.11,
2023-09-12 11:30:00,9.06,
2023-09-12 11:45:00,9.02,
2023-09-12 12:00:00,8.93,
2023-09-12 12:15:00,8.89,
2023-09-12 12:30:00,8.89,
2023-09-12 12:45:00,8.87,
2023-09-12 13:00:00,8.79,
2023-09-12 13:15:00,8.72,
2023-09-12 13:30:00,8.64,
2023-09-12 13:45:00,8.57,
2023-09-12 14:00:00,8.53,
2023-09-12 14:15:00,8.48,
2023-09-12 14:30:00,8.47,
2023-09-12 14:45:00,8.49,
2023-09-12 15:00:00,8.52,
2023-09-12 15:15:00,8.47,
2023-09-12 15:30:00,8.39,
2023-09-12 15:45:00,8.42,
2023-09-12 16:00:00,8.49,
2023-09-12 16:15:00,8.46,
2023-09-12 16:30:00,8.45,
2023-09-12 16:45:00,8.43,
2023-09-12 17:00:00,8.42,
2023-09-12 17:15:00,8.4,
2023-09-12 17:30:00,8.38,
2023-09-12 17:45:00,8.31,
2023-09-12 18:00:00,8.27,
2023-09-12 18:15:00,8.25,
2023-09-12 18:30:00,8.25,
2023-09-12 18:45:00,8.24,
2023-09-12 19:00:00,8.25,
2023-09-12 19:15:00,8.27,
2023-09-12 19:30:00,8.29,
2023-09-12 19:45:00,8.32,
2023-09-12 20:00:00,8.35,
2023-09-12 20:15:00,8.38,
2023-09-12 20:30:00,8.42,
2023-09-12 20:45:00,8.45,
2023-09-12 21:00:00,8.48,
2023-09-12 21:15:00,8.52,
2023-09-12 21:30:00,8.55,
2023-09-12 21:45:00,8.58,
2023-09-12 22:00:00,8.62,
2023-09-12 22:15:00,8.65,
2023-09-12 22:30:00,8.67,
2023-09-12 22:45:00,8.7,
2023-09-12 23:00:00,8.74,
2023-09-12 23:15:00,8.76,
2023-09-12 23:30:00,8.79,
2023-09-12 23:45:00,8.82,
2023-09-13 00:00:00,8.84,
2023-09-13 00:15:00,8.86,
2023-09-13 00:30:00,8.88,
2023-09-13 00:45:00,8.91,
2023-09-13 01:00:00,8.93,
2023-09-13 01:15:00,8.95,
2023-09-13 01:30:00,8.97,
2023-09-13 01:45:00,8.99,
2023-09-13 02:00:00,9.01,
2023-09-13 02:15:00,9.03,
2023-09-13 02:30:00,9.05,
2023-09-13 02:45:00,9.07,
2023-09-13 03:00:00,9.09,
2023-09-13 03:15:00,9.11,
2023-09-13 03:30:00,9.12,
2023-09-13 03:45:00,9.14,
2023-09-13 04:00:00,9.15,
2023-09-13 04:15:00,9.17,
2023-09-13 04:30:00,9.18,
2023-09-13 04:45:00,9.2,
2023-09-13 05:00:00,9.21,
2023-09-13 05:15:00,9.22,
2023-09-13 05:30:00,9.23,
2023-09-13 05:45:00,9.24,
2023-09-13 06:00:00,9.25,
2023-09-13 06:15:00,9.27,
2023-09-13 06:30:00,9.32,
2023-09-13 06:45:00,9.37,
2023-09-13 07:00:00,9.41,
2023-09-13 07:15:00,9.45,
2023-09-13 07:30:00,9.47,
2023-09-13 07:45:00,9.5,
2023-09-13 08:00:00,9.51,
2023-09-13 08:15:00,9.53,
2023-09-13 08:30:00,9.53,
2023-09-13 08:45:00,9.47,
2023-09-13 09:00:00,9.46,
2023-09-13 09:15:00,9.45,
2023-09-13 09:30:00,9.46,
2023-09-13 09:45:00,9.48,
2023-09-13 10:00:00,9.43,
2023-09-13 10:15:00,9.39,
2023-09-13 10:30:00,9.35,
2023-09-13 10:45:00,9.23,
2023-09-13 11:00:00,9.18,
2023-09-13 11:15:00,9.23,
2023-09-13 11:30:00,9.3,
2023-09-13 11:45:00,9.34,
2023-09-13 12:00:00,9.32,
2023-09-13 12:15:00,9.25,
2023-09-13 12:30:00,9.23,
2023-09-13 12:45:00,9.17,
2023-09-13 13:00:00,9.07,
2023-09-13 13:15:00,9.06,
2023-09-13 13:30:00,9.07,
2023-09-13 13:45:00,9.06,
2023-09-13 14:00:00,8.96,
2023-09-13 14:15:00,8.89,
2023-09-13 14:30:00,8.79,
2023-09-13 14:45:00,8.76,
2023-09-13 15:00:00,8.78,
2023-09-13 15:15:00,8.76,
2023-09-13 15:30:00,8.71,
2023-09-13 15:45:00,8.68,
2023-09-13 16:00:00,8.63,
2023-09-13 16:15:00,8.62,
2023-09-13 16:30:00,8.62,
2023-09-13 16:45:00,8.6,
2023-09-13 17:00:00,8.61,
2023-09-13 17:15:00,8.63,
2023-09-13 17:30:00,8.62,
2023-09-13 17:45:00,8.64,
2023-09-13 18:00:00,8.62,
2023-09-13 18:15:00,8.59,
2023-09-13 18:30:00,8.56,
2023-09-13 18:45:00,8.55,
2023-09-13 19:00:00,8.55,
2023-09-13 19:15:00,8.55,
2023-09-13 19:30:00,8.58,
2023-09-13 19:45:00,8.59,
2023-09-13 20:00:00,8.61,
2023-09-13 20:15:00,8.64,
2023-09-13 20:30:00,8.67,
2023-09-13 20:45:00,8.69,
2023-09-13 21:00:00,8.72,
2023-09-13 21:15:00,8.74,
2023-09-13 21:30:00,8.76,
2023-09-13 21:45:00,8.78,
2023-09-13 22:00:00,8.8,
2023-09-13 22:15:00,8.83,
2023-09-13 22:30:00,8.85,
2023-09-13 22:45:00,8.85,
2023-09-13 23:00:00,8.89,
2023-09-13 23:15:00,8.91,
2023-09-13 23:30:00,8.93,
2023-09-13 23:45:00,8.96,
2023-09-14 00:00:00,8.98,
2023-09-14 00:15:00,9.0,
2023-09-14 00:30:00,9.02,
2023-09-14 00:45:00,9.04,
2023-09-14 01:00:00,9.06,
2023-09-14 01:15:00,9.09,
2023-09-14 01:30:00,9.11,
2023-09-14 01:45:00,9.12,
2023-09-14 02:00:00,9.15,
2023-09-14 02:15:00,9.17,
2023-09-14 02:30:00,9.19,
2023-09-14 02:45:00,9.21,
2023-09-14 03:00:00,9.23,
2023-09-14 03:15:00,9.24,
2023-09-14 03:30:00,9.27,
2023-09-14 03:45:00,9.28,
2023-09-14 04:00:00,9.3,
2023-09-14 04:15:00,9.32,
2023-09-14 04:30:00,9.34,
2023-09-14 04:45:00,9.35,
2023-09-14 05:00:00,9.36,
2023-09-14 05:15:00,9.38,
2023-09-14 05:30:00,9.4,
2023-09-14 05:45:00,9.41,
2023-09-14 06:00:00,9.43,
2023-09-14 06:15:00,9.46,
2023-09-14 06:30:00,9.5,
2023-09-14 06:45:00,9.54,
2023-09-14 07:00:00,9.57,
2023-09-14 07:15:00,9.59,
2023-09-14 07:30:00,9.62,
2023-09-14 07:45:00,9.64,
2023-09-14 08:00:00,9.67,
2023-09-14 08:15:00,9.68,
2023-09-14 08:30:00,9.69,
2023-09-14 08:45:00,9.7,
2023-09-14 09:00:00,9.69,
2023-09-14 09:15:00,9.68,
2023-09-14 09:30:00,9.68,
2023-09-14 09:45:00,9.57,
2023-09-14 10:00:00,9.47,
2023-09-14 10:15:00,9.52,
2023-09-14 10:30:00,9.5,
2023-09-14 10:45:00,9.46,
2023-09-14 11:00:00,9.44,
2023-09-14 11:15:00,9.35,
2023-09-14 11:30:00,9.24,
2023-09-14 11:45:00,9.22,
2023-09-14 12:00:00,9.29,
2023-09-14 12:15:00,9.23,
2023-09-14 12:30:00,9.18,
2023-09-14 12:45:00,9.14,
2023-09-14 13:00:00,9.1,
2023-09-14 13:15:00,8.98,
2023-09-14 13:30:00,8.95,
2023-09-14 13:45:00,8.93,
2023-09-14 14:00:00,8.9,
2023-09-14 14:15:00,8.81,
2023-09-14 14:30:00,8.73,
2023-09-14 14:45:00,8.64,
2023-09-14 15:00:00,8.73,
2023-09-14 15:15:00,8.72,
2023-09-14 15:30:00,8.72,
2023-09-14 15:45:00,8.64,
2023-09-14 16:00:00,8.71,
2023-09-14 16:15:00,8.77,
2023-09-14 16:30:00,8.74,
2023-09-14 16:45:00,8.67,
2023-09-14 17:00:00,8.6,
2023-09-14 17:15:00,8.55,
2023-09-14 17:30:00,8.49,
2023-09-14 17:45:00,8.44,
2023-09-14 18:00:00,8.42,
2023-09-14 18:15:00,8.41,
2023-09-14 18:30:00,8.42,
2023-09-14 18:45:00,8.43,
2023-09-14 19:00:00,8.45,
2023-09-14 19:15:00,8.48,
2023-09-14 19:30:00,8.52,
2023-09-14 19:45:00,8.55,
2023-09-14 20:00:00,8.59,
2023-09-14 20:15:00,8.63,
2023-09-14 20:30:00,8.66,
2023-09-14 20:45:00,8.69,
2023-09-14 21:00:00,8.72,
2023-09-14 21:15:00,8.76,
2023-09-14 21:30:00,8.79,
2023-09-14 21:45:00,8.82,
2023-09-14 22:00:00,8.85,
2023-09-14 22:15:00,8.88,
2023-09-14 22:30:00,8.91,
2023-09-14 22:45:00,8.94,
2023-09-14 23:00:00,8.96,
2023-09-14 23:15:00,8.99,
2023-09-14 23:30:00,9.02,
2023-09-14 23:45:00,9.04,
2023-09-15 00:00:00,9.06,
2023-09-15 00:15:00,9.08,
2023-09-15 00:30:00,9.11,
2023-09-15 00:45:00,9.13,
2023-09-15 01:00:00,9.15,
2023-09-15 01:15:00,9.17,
2023-09-15 01:30:00,9.19,
2023-09-15 01:45:00,9.21,
2023-09-15 02:00:00,9.22,
2023-09-15 02:15:00,9.24,
2023-09-15 02:30:00,9.26,
2023-09-15 02:45:00,9.28,
2023-09-15 03:00:00,9.3,
2023-09-15 03:15:00,9.31,
2023-09-15 03:30:00,9.33,
2023-09-15 03:45:00,9.34,
2023-09-15 04:00:00,9.36,
2023-09-15 04:15:00,9.38,
2023-09-15 04:30:00,9.39,
2023-09-15 04:45:00,9.4,
2023-09-15 05:00:00,9.42,
2023-09-15 05:15:00,9.43,
2023-09-15 05:30:00,9.44,
2023-09-15 05:45:00,9.46,
2023-09-15 06:00:00,9.48,
2023-09-15 06:15:00,9.5,
2023-09-15 06:30:00,9.54,
2023-09-15 06:45:00,9.56,
2023-09-15 07:00:00,9.57,
2023-09-15 07:15:00,9.61,
2023-09-15 07:30:00,9.64,
2023-09-15 07:45:00,9.67,
2023-09-15 08:00:00,9.69,
2023-09-15 08:15:00,9.7,
2023-09-15 08:30:00,9.72,
2023-09-15 08:45:00,9.73,
2023-09-15 09:00:00,9.73,
2023-09-15 09:15:00,9.7,
2023-09-15 09:30:00,9.67,
2023-09-15 09:45:00,9.63,
2023-09-15 10:00:00,9.59,
2023-09-15 10:15:00,9.53,
2023-09-15 10:30:00,9.46,
2023-09-15 10:45:00,9.39,
2023-09-15 11:00:00,9.33,
2023-09-15 11:15:00,9.26,
2023-09-15 11:30:00,9.2,
2023-09-15 11:45:00,9.14,
2023-09-15 12:00:00,9.09,
2023-09-15 12:15:00,8.97,
2023-09-15 12:30:00,8.96,
2023-09-15 12:45:00,8.88,
2023-09-15 13:00:00,8.73,
2023-09-15 13:15:00,8.8,
2023-09-15 13:30:00,8.81,
2023-09-15 13:45:00,8.74,
2023-09-15 14:00:00,8.69,
2023-09-15 14:15:00,8.64,
2023-09-15 14:30:00,8.61,
2023-09-15 14:45:00,8.58,
2023-09-15 15:00:00,8.55,
2023-09-15 15:15:00,8.51,
2023-09-15 15:30:00,8.41,
2023-09-15 15:45:00,8.39,
2023-09-15 16:00:00,8.43,
2023-09-15 16:15:00,8.42,
2023-09-15 16:30:00,8.4,
2023-09-15 16:45:00,8.37,
2023-09-15 17:00:00,8.31,
2023-09-15 17:15:00,8.21,
2023-09-15 17:30:00,8.21,
2023-09-15 17:45:00,8.2,
2023-09-15 18:00:00,8.2,
2023-09-15 18:15:00,8.24,
2023-09-15 18:30:00,8.26,
2023-09-15 18:45:00,8.28,
2023-09-15 19:00:00,8.3,
2023-09-15 19:15:00,8.33,
2023-09-15 19:30:00,8.38,
2023-09-15 19:45:00,8.42,
2023-09-15 20:00:00,8.46,
2023-09-15 20:15:00,8.5,
2023-09-15 20:30:00,8.54,
2023-09-15 20:45:00,8.58,
2023-09-15 21:00:00,8.61,
2023-09-15 21:15:00,8.65,
2023-09-15 21:30:00,8.68,
2023-09-15 21:45:00,8.72,
2023-09-15 22:00:00,8.74,
2023-09-15 22:15:00,8.77,
2023-09-15 22:30:00,8.81,
2023-09-15 22:45:00,8.84,
2023-09-15 23:00:00,8.87,
2023-09-15 23:15:00,8.9,
2023-09-15 23:30:00,8.93,
2023-09-15 23:45:00,8.95,
2023-09-16 00:00:00,8.98,
2023-09-16 00:15:00,9.0,
2023-09-16 00:30:00,9.03,
2023-09-16 00:45:00,9.06,
2023-09-16 01:00:00,9.07,
2023-09-16 01:15:00,9.11,
2023-09-16 01:30:00,9.13,
2023-09-16 01:45:00,9.16,
2023-09-16 02:00:00,9.17,
2023-09-16 02:15:00,9.2,
2023-09-16 02:30:00,9.22,
2023-09-16 02:45:00,9.25,
2023-09-16 03:00:00,9.26,
2023-09-16 03:15:00,9.28,
2023-09-16 03:30:00,9.3,
2023-09-16 03:45:00,9.32,
2023-09-16 04:00:00,9.34,
2023-09-16 04:15:00,9.37,
2023-09-16 04:30:00,9.38,
2023-09-16 04:45:00,9.4,
2023-09-16 05:00:00,9.43,
2023-09-16 05:15:00,9.44,
2023-09-16 05:30:00,9.47,
2023-09-16 05:45:00,9.48,
2023-09-16 06:00:00,9.5,
2023-09-16 06:15:00,9.53,
2023-09-16 06:30:00,9.56,
2023-09-16 06:45:00,9.6,
2023-09-16 07:00:00,9.63,
2023-09-16 07:15:00,9.66,
2023-09-16 07:30:00,9.68,
2023-09-16 07:45:00,9.71,
2023-09-16 08:00:00,9.74,
2023-09-16 08:15:00,9.75,
2023-09-16 08:30:00,9.76,
2023-09-16 08:45:00,9.78,
2023-09-16 09:00:00,9.78,
2023-09-16 09:15:00,9.76,
2023-09-16 09:30:00,9.72,
2023-09-16 09:45:00,9.68,
2023-09-16 10:00:00,9.63,
2023-09-16 10:15:00,9.57,
2023-09-16 10:30:00,9.5,
2023-09-16 10:45:00,9.42,
2023-09-16 11:00:00,9.35,
2023-09-16 11:15:00,9.29,
2023-09-16 11:30:00,9.22,
2023-09-16 11:45:00,9.15,
2023-09-16 12:00:00,9.09,
2023-09-16 12:15:00,9.03,
2023-09-16 12:30:00,8.97,
2023-09-16 12:45:00,8.91,
2023-09-16 13:00:00,8.86,
2023-09-16 13:15:00,8.81,
2023-09-16 13:30:00,8.77,
2023-09-16 13:45:00,8.71,
2023-09-16 14:00:00,8.67,
2023-09-16 14:15:00,8.63,
2023-09-16 14:30:00,8.59,
2023-09-16 14:45:00,8.54,
2023-09-16 15:00:00,8.51,
2023-09-16 15:15:00,8.48,
2023-09-16 15:30:00,8.45,
2023-09-16 15:45:00,8.42,
2023-09-16 16:00:00,8.4,
2023-09-16 16:15:00,8.37,
2023-09-16 16:30:00,8.35,
2023-09-16 16:45:00,8.32,
2023-09-16 17:00:00,8.3,
2023-09-16 17:15:00,8.27,
2023-09-16 17:30:00,8.21,
2023-09-16 17:45:00,8.19,
2023-09-16 18:00:00,8.19,
2023-09-16 18:15:00,8.19,
2023-09-16 18:30:00,8.2,
2023-09-16 18:45:00,8.23,
2023-09-16 19:00:00,8.25,
2023-09-16 19:15:00,8.28,
2023-09-16 19:30:00,8.32,
2023-09-16 19:45:00,8.36,
2023-09-16 20:00:00,8.4,
2023-09-16 20:15:00,8.44,
2023-09-16 20:30:00,8.48,
2023-09-16 20:45:00,8.52,
2023-09-16 21:00:00,8.55,
2023-09-16 21:15:00,8.58,
2023-09-16 21:30:00,8.62,
2023-09-16 21:45:00,8.65,
2023-09-16 22:00:00,8.68,
2023-09-16 22:15:00,8.71,
2023-09-16 22:30:00,8.75,
2023-09-16 22:45:00,8.77,
2023-09-16 23:00:00,8.81,
2023-09-16 23:15:00,8.85,
2023-09-16 23:30:00,8.88,
2023-09-16 23:45:00,8.91,
2023-09-17 00:00:00,8.94,
2023-09-17 00:15:00,8.96,
2023-09-17 00:30:00,8.99,
2023-09-17 00:45:00,9.02,
2023-09-17 01:00:00,9.04,
2023-09-17 01:15:00,9.07,
2023-09-17 01:30:00,9.09,
2023-09-17 01:45:00,9.12,
2023-09-17 02:00:00,9.15,
2023-09-17 02:15:00,9.16,
2023-09-17 02:30:00,9.19,
2023-09-17 02:45:00,9.21,
2023-09-17 03:00:00,9.23,
2023-09-17 03:15:00,9.25,
2023-09-17 03:30:00,9.28,
2023-09-17 03:45:00,9.3,
2023-09-17 04:00:00,9.32,
2023-09-17 04:15:00,9.34,
2023-09-17 04:30:00,9.36,
2023-09-17 04:45:00,9.38,
2023-09-17 05:00:00,9.4,
2023-09-17 05:15:00,9.43,
2023-09-17 05:30:00,9.45,
2023-09-17 05:45:00,9.47,
2023-09-17 06:00:00,9.49,
2023-09-17 06:15:00,9.52,
2023-09-17 06:30:00,9.56,
2023-09-17 06:45:00,9.59,
2023-09-17 07:00:00,9.63,
2023-09-17 07:15:00,9.65,
2023-09-17 07:30:00,9.68,
2023-09-17 07:45:00,9.71,
2023-09-17 08:00:00,9.74,
2023-09-17 08:15:00,9.76,
2023-09-17 08:30:00,9.78,
2023-09-17 08:45:00,9.79,
2023-09-17 09:00:00,9.79,
2023-09-17 09:15:00,9.77,
2023-09-17 09:30:00,9.74,
2023-09-17 09:45:00,9.7,
2023-09-17 10:00:00,9.65,
2023-09-17 10:15:00,9.59,
2023-09-17 10:30:00,9.52,
2023-09-17 10:45:00,9.45,
2023-09-17 11:00:00,9.39,
2023-09-17 11:15:00,9.31,
2023-09-17 11:30:00,9.23,
2023-09-17 11:45:00,9.17,
2023-09-17 12:00:00,9.06,
2023-09-17 12:15:00,9.01,
2023-09-17 12:30:00,8.93,
2023-09-17 12:45:00,8.97,
2023-09-17 13:00:00,8.93,
2023-09-17 13:15:00,8.8,
2023-09-17 13:30:00,8.78,
2023-09-17 13:45:00,8.68,
2023-09-17 14:00:00,8.68,
2023-09-17 14:15:00,8.65,
2023-09-17 14:30:00,8.57,
2023-09-17 14:45:00,8.55,
2023-09-17 15:00:00,8.52,
2023-09-17 15:15:00,8.49,
2023-09-17 15:30:00,8.47,
2023-09-17 15:45:00,8.42,
2023-09-17 16:00:00,8.41,
2023-09-17 16:15:00,8.38,
2023-09-17 16:30:00,8.34,
2023-09-17 16:45:00,8.34,
2023-09-17 17:00:00,8.32,
2023-09-17 17:15:00,8.29,
2023-09-17 17:30:00,8.22,
2023-09-17 17:45:00,8.21,
2023-09-17 18:00:00,8.21,
2023-09-17 18:15:00,8.21,
2023-09-17 18:30:00,8.23,
2023-09-17 18:45:00,8.24,
2023-09-17 19:00:00,8.27,
2023-09-17 19:15:00,8.3,
2023-09-17 19:30:00,8.34,
2023-09-17 19:45:00,8.38,
2023-09-17 20:00:00,8.42,
2023-09-17 20:15:00,8.47,
2023-09-17 20:30:00,8.5,
2023-09-17 20:45:00,8.54,
2023-09-17 21:00:00,8.58,
2023-09-17 21:15:00,8.61,
2023-09-17 21:30:00,8.64,
2023-09-17 21:45:00,8.68,
2023-09-17 22:00:00,8.71,
2023-09-17 22:15:00,8.74,
2023-09-17 22:30:00,8.77,
2023-09-17 22:45:00,8.8,
2023-09-17 23:00:00,8.84,
2023-09-17 23:15:00,8.87,
2023-09-17 23:30:00,8.9,
2023-09-17 23:45:00,8.92,
2023-09-18 00:00:00,8.95,
2023-09-18 00:15:00,8.98,
2023-09-18 00:30:00,9.01,
2023-09-18 00:45:00,9.04,
2023-09-18 01:00:00,9.06,
2023-09-18 01:15:00,9.08,
2023-09-18 01:30:00,9.11,
2023-09-18 01:45:00,9.13,
2023-09-18 02:00:00,9.15,
2023-09-18 02:15:00,9.18,
2023-09-18 02:30:00,9.2,
2023-09-18 02:45:00,9.22,
2023-09-18 03:00:00,9.24,
2023-09-18 03:15:00,9.26,
2023-09-18 03:30:00,9.28,
2023-09-18 03:45:00,9.3,
2023-09-18 04:00:00,9.32,
2023-09-18 04:15:00,9.34,
2023-09-18 04:30:00,9.36,
2023-09-18 04:45:00,9.37,
2023-09-18 05:00:00,9.39,
2023-09-18 05:15:00,9.4,
2023-09-18 05:30:00,9.42,
2023-09-18 05:45:00,9.43,
2023-09-18 06:00:00,9.44,
2023-09-18 06:15:00,9.46,
2023-09-18 06:30:00,9.49,
2023-09-18 06:45:00,9.51,
2023-09-18 07:00:00,9.54,
2023-09-18 07:15:00,9.56,
2023-09-18 07:30:00,9.6,
2023-09-18 07:45:00,9.65,
2023-09-18 08:00:00,9.69,
2023-09-18 08:15:00,9.67,
2023-09-18 08:30:00,9.64,
2023-09-18 08:45:00,9.64,
2023-09-18 09:00:00,9.64,
2023-09-18 09:15:00,9.61,
2023-09-18 09:30:00,9.59,
2023-09-18 09:45:00,9.58,
2023-09-18 10:00:00,9.48,
2023-09-18 10:15:00,9.45,
2023-09-18 10:30:00,9.41,
2023-09-18 10:45:00,9.35,
2023-09-18 11:00:00,9.31,
2023-09-18 11:15:00,9.27,
2023-09-18 11:30:00,9.15,
2023-09-18 11:45:00,9.07,
2023-09-18 12:00:00,9.08,
2023-09-18 12:15:00,9.06,
2023-09-18 12:30:00,8.99,
2023-09-18 12:45:00,8.92,
2023-09-18 13:00:00,8.88,
2023-09-18 13:15:00,8.81,
2023-09-18 13:30:00,8.74,
2023-09-18 13:45:00,8.7,
2023-09-18 14:00:00,8.72,
2023-09-18 14:15:00,8.68,
2023-09-18 14:30:00,8.68,
2023-09-18 14:45:00,8.69,
2023-09-18 15:00:00,8.69,
2023-09-18 15:15:00,8.72,
2023-09-18 15:30:00,8.7,
2023-09-18 15:45:00,8.66,
2023-09-18 16:00:00,8.61,
2023-09-18 16:15:00,8.53,
2023-09-18 16:30:00,8.43,
2023-09-18 16:45:00,8.42,
2023-09-18 17:00:00,8.4,
2023-09-18 17:15:00,8.34,
2023-09-18 17:30:00,8.33,
2023-09-18 17:45:00,8.33,
2023-09-18 18:00:00,8.3,
2023-09-18 18:15:00,8.28,
2023-09-18 18:30:00,8.25,
2023-09-18 18:45:00,8.25,
2023-09-18 19:00:00,8.26,
2023-09-18 19:15:00,8.28,
2023-09-18 19:30:00,8.3,
2023-09-18 19:45:00,8.32,
2023-09-18 20:00:00,8.36,
2023-09-18 20:15:00,8.39,
2023-09-18 20:30:00,8.41,
2023-09-18 20:45:00,8.44,
2023-09-18 21:00:00,8.47,
2023-09-18 21:15:00,8.51,
2023-09-18 21:30:00,8.54,
2023-09-18 21:45:00,8.57,
2023-09-18 22:00:00,8.6,
2023-09-18 22:15:00,8.62,
2023-09-18 22:30:00,8.65,
2023-09-18 22:45:00,8.68,
2023-09-18 23:00:00,8.7,
2023-09-18 23:15:00,8.73,
2023-09-18 23:30:00,8.75,
2023-09-18 23:45:00,8.78,
2023-09-19 00:00:00,8.8,
2023-09-19 00:15:00,8.83,
2023-09-19 00:30:00,8.86,
2023-09-19 00:45:00,8.88,
2023-09-19 01:00:00,8.9,
2023-09-19 01:15:00,8.93,
2023-09-19 01:30:00,8.95,
2023-09-19 01:45:00,8.97,
2023-09-19 02:00:00,9.0,
2023-09-19 02:15:00,9.02,
2023-09-19 02:30:00,9.04,
2023-09-19 02:45:00,9.06,
2023-09-19 03:00:00,9.08,
2023-09-19 03:15:00,9.1,
2023-09-19 03:30:00,9.12,
2023-09-19 03:45:00,9.15,
2023-09-19 04:00:00,9.17,
2023-09-19 04:15:00,9.18,
2023-09-19 04:30:00,9.2,
2023-09-19 04:45:00,9.22,
2023-09-19 05:00:00,9.23,
2023-09-19 05:15:00,9.25,
2023-09-19 05:30:00,9.27,
2023-09-19 05:45:00,9.29,
2023-09-19 06:00:00,9.3,
2023-09-19 06:15:00,9.33,
2023-09-19 06:30:00,9.36,
2023-09-19 06:45:00,9.42,
2023-09-19 07:00:00,9.47,
2023-09-19 07:15:00,9.51,
2023-09-19 07:30:00,9.56,
2023-09-19 07:45:00,9.6,
2023-09-19 08:00:00,9.62,
2023-09-19 08:15:00,9.63,
2023-09-19 08:30:00,9.633333333333336,LI
2023-09-19 08:45:00,9.636666666666668,LI
2023-09-19 09:00:00,9.64,
2023-09-19 09:15:00,9.66,
2023-09-19 09:30:00,9.64,
2023-09-19 09:45:00,9.59,
2023-09-19 10:00:00,9.57,
2023-09-19 10:15:00,9.52,
2023-09-19 10:30:00,9.46,
2023-09-19 10:45:00,9.4,
2023-09-19 11:00:00,9.33,
2023-09-19 11:15:00,9.29,
2023-09-19 11:30:00,9.22,
2023-09-19 11:45:00,9.09,
2023-09-19 12:00:00,9.03,
2023-09-19 12:15:00,9.04,
2023-09-19 12:30:00,9.03,
2023-09-19 12:45:00,9.01,
2023-09-19 13:00:00,9.0,
2023-09-19 13:15:00,8.97,
2023-09-19 13:30:00,8.89,
2023-09-19 13:45:00,8.87,
2023-09-19 14:00:00,8.83,
2023-09-19 14:15:00,8.77,
2023-09-19 14:30:00,8.73,
2023-09-19 14:45:00,8.72,
2023-09-19 15:00:00,8.69,
2023-09-19 15:15:00,8.63,
2023-09-19 15:30:00,8.6,
2023-09-19 15:45:00,8.52,
2023-09-19 16:00:00,8.48,
2023-09-19 16:15:00,8.42,
2023-09-19 16:30:00,8.35,
2023-09-19 16:45:00,8.27,
2023-09-19 17:00:00,8.31,
2023-09-19 17:15:00,8.31,
2023-09-19 17:30:00,8.3,
2023-09-19 17:45:00,8.27,
2023-09-19 18:00:00,8.19,
2023-09-19 18:15:00,8.17,
2023-09-19 18:30:00,8.17,
2023-09-19 18:45:00,8.18,
2023-09-19 19:00:00,8.19,
2023-09-19 19:15:00,8.23,
2023-09-19 19:30:00,8.26,
2023-09-19 19:45:00,8.29,
2023-09-19 20:00:00,8.32,
2023-09-19 20:15:00,8.35,
2023-09-19 20:30:00,8.38,
2023-09-19 20:45:00,8.41,
2023-09-19 21:00:00,8.44,
2023-09-19 21:15:00,8.46,
2023-09-19 21:30:00,8.49,
2023-09-19 21:45:00,8.51,
2023-09-19 22:00:00,8.54,
2023-09-19 22:15:00,8.57,
2023-09-19 22:30:00,8.6,
2023-09-19 22:45:00,8.63,
2023-09-19 23:00:00,8.66,
2023-09-19 23:15:00,8.69,
2023-09-19 23:30:00,8.72,
2023-09-19 23:45:00,8.74,
2023-09-20 00:00:00,8.77,
2023-09-20 00:15:00,8.79,
2023-09-20 00:30:00,8.82,
2023-09-20 00:45:00,8.84,
2023-09-20 01:00:00,8.87,
2023-09-20 01:15:00,8.9,
2023-09-20 01:30:00,8.93,
2023-09-20 01:45:00,8.95,
2023-09-20 02:00:00,8.98,
2023-09-20 02:15:00,9.0,
2023-09-20 02:30:00,9.03,
2023-09-20 02:45:00,9.05,
2023-09-20 03:00:00,9.07,
2023-09-20 03:15:00,9.09,
2023-09-20 03:30:00,9.11,
2023-09-20 03:45:00,9.13,
2023-09-20 04:00:00,9.15,
2023-09-20 04:15:00,9.17,
2023-09-20 04:30:00,9.19,
2023-09-20 04:45:00,9.21,
2023-09-20 05:00:00,9.22,
2023-09-20 05:15:00,9.25,
2023-09-20 05:30:00,9.27,
2023-09-20 05:45:00,9.29,
2023-09-20 06:00:00,9.3,
2023-09-20 06:15:00,9.33,
2023-09-20 06:30:00,9.36,
2023-09-20 06:45:00,9.42,
2023-09-20 07:00:00,9.46,
2023-09-20 07:15:00,9.46,
2023-09-20 07:30:00,9.49,
2023-09-20 07:45:00,9.52,
2023-09-20 08:00:00,9.52,
2023-09-20 08:15:00,9.52,
2023-09-20 08:30:00,9.53,
2023-09-20 08:45:00,9.59,
2023-09-20 09:00:00,9.56,
2023-09-20 09:15:00,9.59,
2023-09-20 09:30:00,9.6,
2023-09-20 09:45:00,9.55,
2023-09-20 10:00:00,9.5,
2023-09-20 10:15:00,9.49,
2023-09-20 10:30:00,9.45,
2023-09-20 10:45:00,9.48,
2023-09-20 11:00:00,9.59,
2023-09-20 11:15:00,9.59,
2023-09-20 11:30:00,9.53,
2023-09-20 11:45:00,9.47,
2023-09-20 12:00:00,9.37,
2023-09-20 12:15:00,9.3,
2023-09-20 12:30:00,9.21,
2023-09-20 12:45:00,9.16,
2023-09-20 13:00:00,9.09,
2023-09-20 13:15:00,9.05,
2023-09-20 13:30:00,9.02,
2023-09-20 13:45:00,9.0,
2023-09-20 14:00:00,8.93,
2023-09-20 14:15:00,8.9,
2023-09-20 14:30:00,8.77,
2023-09-20 14:45:00,8.77,
2023-09-20 15:00:00,8.55,
2023-09-20 15:15:00,8.67,
2023-09-20 15:30:00,8.64,
2023-09-20 15:45:00,8.57,
2023-09-20 16:00:00,8.57,
2023-09-20 16:15:00,8.47,
2023-09-20 16:30:00,8.49,
2023-09-20 16:45:00,8.43,
2023-09-20 17:00:00,8.47,
2023-09-20 17:15:00,8.58,
2023-09-20 17:30:00,8.59,
2023-09-20 17:45:00,8.57,
2023-09-20 18:00:00,8.5,
2023-09-20 18:15:00,8.45,
2023-09-20 18:30:00,8.44,
2023-09-20 18:45:00,8.44,
2023-09-20 19:00:00,8.47,
2023-09-20 19:15:00,8.5,
2023-09-20 19:30:00,8.53,
2023-09-20 19:45:00,8.55,
2023-09-20 20:00:00,8.57,
2023-09-20 20:15:00,8.59,
2023-09-20 20:30:00,8.61,
2023-09-20 20:45:00,8.62,
2023-09-20 21:00:00,8.65,
2023-09-20 21:15:00,8.65,
2023-09-20 21:30:00,8.67,
2023-09-20 21:45:00,8.68,
2023-09-20 22:00:00,8.7,
2023-09-20 22:15:00,8.72,
2023-09-20 22:30:00,8.73,
2023-09-20 22:45:00,8.75,
2023-09-20 23:00:00,8.76,
2023-09-20 23:15:00,8.78,
2023-09-20 23:30:00,8.79,
2023-09-20 23:45:00,8.81,
2023-09-21 00:00:00,8.82,
2023-09-21 00:15:00,8.83,
2023-09-21 00:30:00,8.84,
2023-09-21 00:45:00,8.84,
2023-09-21 01:00:00,8.85,
2023-09-21 01:15:00,8.85,
2023-09-21 01:30:00,8.87,
2023-09-21 01:45:00,8.88,
2023-09-21 02:00:00,8.89,
2023-09-21 02:15:00,8.91,
2023-09-21 02:30:00,8.92,
2023-09-21 02:45:00,8.94,
2023-09-21 03:00:00,8.95,
2023-09-21 03:15:00,8.97,
2023-09-21 03:30:00,8.98,
2023-09-21 03:45:00,9.0,
2023-09-21 04:00:00,9.02,
2023-09-21 04:15:00,9.03,
2023-09-21 04:30:00,9.04,
2023-09-21 04:45:00,9.06,
2023-09-21 05:00:00,9.08,
2023-09-21 05:15:00,9.1,
2023-09-21 05:30:00,9.11,
2023-09-21 05:45:00,9.13,
2023-09-21 06:00:00,9.15,
2023-09-21 06:15:00,9.18,
2023-09-21 06:30:00,9.21,
2023-09-21 06:45:00,9.26,
2023-09-21 07:00:00,9.3,
2023-09-21 07:15:00,9.35,
2023-09-21 07:30:00,9.39,
2023-09-21 07:45:00,9.43,
2023-09-21 08:00:00,9.39,
2023-09-21 08:15:00,9.41,
2023-09-21 08:30:00,9.48,
2023-09-21 08:45:00,9.51,
2023-09-21 09:00:00,9.59,
2023-09-21 09:15:00,9.59,
2023-09-21 09:30:00,9.59,
2023-09-21 09:45:00,9.57,
2023-09-21 10:00:00,9.58,
2023-09-21 10:15:00,9.49,
2023-09-21 10:30:00,9.4,
2023-09-21 10:45:00,9.33,
2023-09-21 11:00:00,9.35,
2023-09-21 11:15:00,9.33,
2023-09-21 11:30:00,9.39,
2023-09-21 11:45:00,9.38,
2023-09-21 12:00:00,9.35,
2023-09-21 12:15:00,9.37,
2023-09-21 12:30:00,9.41,
2023-09-21 12:45:00,9.38,
2023-09-21 13:00:00,9.33,
2023-09-21 13:15:00,9.31,
2023-09-21 13:30:00,9.23,
2023-09-21 13:45:00,9.19,
2023-09-21 14:00:00,9.19,
2023-09-21 14:15:00,9.21,
2023-09-21 14:30:00,9.27,
2023-09-21 14:45:00,9.28,
2023-09-21 15:00:00,9.41,
2023-09-21 15:15:00,9.41,
2023-09-21 15:30:00,9.4,
2023-09-21 15:45:00,9.33,
2023-09-21 16:00:00,9.3,
2023-09-21 16:15:00,9.3,
2023-09-21 16:30:00,9.32,
2023-09-21 16:45:00,9.37,
2023-09-21 17:00:00,9.38,
2023-09-21 17:15:00,9.28,
2023-09-21 17:30:00,9.2,
2023-09-21 17:45:00,9.18,
2023-09-21 18:00:00,9.14,
2023-09-21 18:15:00,9.12,
2023-09-21 18:30:00,9.11,
2023-09-21 18:45:00,9.11,
2023-09-21 19:00:00,9.12,
2023-09-21 19:15:00,9.13,
2023-09-21 19:30:00,9.14,
2023-09-21 19:45:00,9.15,
2023-09-21 20:00:00,9.17,
2023-09-21 20:15:00,9.18,
2023-09-21 20:30:00,9.2,
2023-09-21 20:45:00,9.21,
2023-09-21 21:00:00,9.22,
2023-09-21 21:15:00,9.24,
2023-09-21 21:30:00,9.24,
2023-09-21 21:45:00,9.26,
2023-09-21 22:00:00,9.27,
2023-09-21 22:15:00,9.28,
2023-09-21 22:30:00,9.3,
2023-09-21 22:45:00,9.31,
2023-09-21 23:00:00,9.33,
2023-09-21 23:15:00,9.34,
2023-09-21 23:30:00,9.35,
2023-09-21 23:45:00,9.37,
2023-09-22 00:00:00,9.38,
2023-09-22 00:15:00,9.39,
2023-09-22 00:30:00,9.4,
2023-09-22 00:45:00,9.41,
2023-09-22 01:00:00,9.41,
2023-09-22 01:15:00,9.42,
2023-09-22 01:30:00,9.43,
2023-09-22 01:45:00,9.44,
2023-09-22 02:00:00,9.45,
2023-09-22 02:15:00,9.44,
2023-09-22 02:30:00,9.45,
2023-09-22 02:45:00,9.45,
2023-09-22 03:00:00,9.46,
2023-09-22 03:15:00,9.47,
2023-09-22 03:30:00,9.47,
2023-09-22 03:45:00,9.47,
2023-09-22 04:00:00,9.47,
2023-09-22 04:15:00,9.48,
2023-09-22 04:30:00,9.48,
2023-09-22 04:45:00,9.49,
2023-09-22 05:00:00,9.49,
2023-09-22 05:15:00,9.49,
2023-09-22 05:30:00,9.49,
2023-09-22 05:45:00,9.48,
2023-09-22 06:00:00,9.49,
2023-09-22 06:15:00,9.49,
2023-09-22 06:30:00,9.51,
2023-09-22 06:45:00,9.53,
2023-09-22 07:00:00,9.55,
2023-09-22 07:15:00,9.58,
2023-09-22 07:30:00,9.6,
2023-09-22 07:45:00,9.64,
2023-09-22 08:00:00,9.68,
2023-09-22 08:15:00,9.73,
2023-09-22 08:30:00,9.77,
2023-09-22 08:45:00,9.79,
2023-09-22 09:00:00,9.82,
2023-09-22 09:15:00,9.84,
2023-09-22 09:30:00,9.73,
2023-09-22 09:45:00,9.67,
2023-09-22 10:00:00,9.72,
2023-09-22 10:15:00,9.76,
2023-09-22 10:30:00,9.79,
2023-09-22 10:45:00,9.79,
2023-09-22 11:00:00,9.77,
2023-09-22 11:15:00,9.7,
2023-09-22 11:30:00,9.67,
2023-09-22 11:45:00,9.66,
2023-09-22 12:00:00,9.61,
2023-09-22 12:15:00,9.46,
2023-09-22 12:30:00,9.33,
2023-09-22 12:45:00,9.38,
2023-09-22 13:00:00,9.47,
2023-09-22 13:15:00,9.41,
2023-09-22 13:30:00,9.36,
2023-09-22 13:45:00,9.47,
2023-09-22 14:00:00,9.44,
2023-09-22 14:15:00,9.44,
2023-09-22 14:30:00,9.42,
2023-09-22 14:45:00,9.42,
2023-09-22 15:00:00,9.41,
2023-09-22 15:15:00,9.47,
2023-09-22 15:30:00,9.53,
2023-09-22 15:45:00,9.48,
2023-09-22 16:00:00,9.44,
2023-09-22 16:15:00,9.4,
2023-09-22 16:30:00,9.29,
2023-09-22 16:45:00,9.3,
2023-09-22 17:00:00,9.3,
2023-09-22 17:15:00,9.24,
2023-09-22 17:30:00,9.22,
2023-09-22 17:45:00,9.19,
2023-09-22 18:00:00,9.18,
2023-09-22 18:15:00,9.17,
2023-09-22 18:30:00,9.16,
2023-09-22 18:45:00,9.16,
2023-09-22 19:00:00,9.17,
2023-09-22 19:15:00,9.19,
2023-09-22 19:30:00,9.21,
2023-09-22 19:45:00,9.22,
2023-09-22 20:00:00,9.25,
2023-09-22 20:15:00,9.27,
2023-09-22 20:30:00,9.29,
2023-09-22 20:45:00,9.31,
2023-09-22 21:00:00,9.33,
2023-09-22 21:15:00,9.35,
2023-09-22 21:30:00,9.38,
2023-09-22 21:45:00,9.41,
2023-09-22 22:00:00,9.43,
2023-09-22 22:15:00,9.46,
2023-09-22 22:30:00,9.48,
2023-09-22 22:45:00,9.5,
2023-09-22 23:00:00,9.51,
2023-09-22 23:15:00,9.53,
2023-09-22 23:30:00,9.55,
2023-09-22 23:45:00,9.57,
2023-09-23 00:00:00,9.59,
2023-09-23 00:15:00,9.61,
2023-09-23 00:30:00,9.63,
2023-09-23 00:45:00,9.65,
2023-09-23 01:00:00,9.67,
2023-09-23 01:15:00,9.69,
2023-09-23 01:30:00,9.71,
2023-09-23 01:45:00,9.73,
2023-09-23 02:00:00,9.74,
2023-09-23 02:15:00,9.77,
2023-09-23 02:30:00,9.78,
2023-09-23 02:45:00,9.8,
2023-09-23 03:00:00,9.82,
2023-09-23 03:15:00,9.83,
2023-09-23 03:30:00,9.84,
2023-09-23 03:45:00,9.87,
2023-09-23 04:00:00,9.88,
2023-09-23 04:15:00,9.89,
2023-09-23 04:30:00,9.91,
2023-09-23 04:45:00,9.92,
2023-09-23 05:00:00,9.94,
2023-09-23 05:15:00,9.95,
2023-09-23 05:30:00,9.96,
2023-09-23 05:45:00,9.98,
2023-09-23 06:00:00,9.99,
2023-09-23 06:15:00,10.01,
2023-09-23 06:30:00,10.04,
2023-09-23 06:45:00,10.08,
2023-09-23 07:00:00,10.12,
2023-09-23 07:15:00,10.15,
2023-09-23 07:30:00,10.17,
2023-09-23 07:45:00,10.2,
2023-09-23 08:00:00,10.23,
2023-09-23 08:15:00,10.24,
2023-09-23 08:30:00,10.26,
2023-09-23 08:45:00,10.26,
2023-09-23 09:00:00,10.27,
2023-09-23 09:15:00,10.25,
2023-09-23 09:30:00,10.22,
2023-09-23 09:45:00,10.19,
2023-09-23 10:00:00,10.13,
2023-09-23 10:15:00,10.07,
2023-09-23 10:30:00,10.0,
2023-09-23 10:45:00,9.93,
2023-09-23 11:00:00,9.85,
2023-09-23 11:15:00,9.77,
2023-09-23 11:30:00,9.7,
2023-09-23 11:45:00,9.63,
2023-09-23 12:00:00,9.56,
2023-09-23 12:15:00,9.5,
2023-09-23 12:30:00,9.43,
2023-09-23 12:45:00,9.37,
2023-09-23 13:00:00,9.32,
2023-09-23 13:15:00,9.26,
2023-09-23 13:30:00,9.2,
2023-09-23 13:45:00,9.16,
2023-09-23 14:00:00,9.12,
2023-09-23 14:15:00,9.07,
2023-09-23 14:30:00,9.03,
2023-09-23 14:45:00,9.0,
2023-09-23 15:00:00,8.97,
2023-09-23 15:15:00,8.94,
2023-09-23 15:30:00,8.92,
2023-09-23 15:45:00,8.89,
2023-09-23 16:00:00,8.87,
2023-09-23 16:15:00,8.85,
2023-09-23 16:30:00,8.83,
2023-09-23 16:45:00,8.81,
2023-09-23 17:00:00,8.79,
2023-09-23 17:15:00,8.77,
2023-09-23 17:30:00,8.72,
2023-09-23 17:45:00,8.71,
2023-09-23 18:00:00,8.72,
2023-09-23 18:15:00,8.73,
2023-09-23 18:30:00,8.76,
2023-09-23 18:45:00,8.77,
2023-09-23 19:00:00,8.81,
2023-09-23 19:15:00,8.84,
2023-09-23 19:30:00,8.89,
2023-09-23 19:45:00,8.93,
2023-09-23 20:00:00,8.97,
2023-09-23 20:15:00,9.0,
2023-09-23 20:30:00,9.04,
2023-09-23 20:45:00,9.08,
2023-09-23 21:00:00,9.11,
2023-09-23 21:15:00,9.15,
2023-09-23 21:30:00,9.18,
2023-09-23 21:45:00,9.21,
2023-09-23 22:00:00,9.25,
2023-09-23 22:15:00,9.28,
2023-09-23 22:30:00,9.32,
2023-09-23 22:45:00,9.35,
2023-09-23 23:00:00,9.37,
2023-09-23 23:15:00,9.4,
2023-09-23 23:30:00,9.43,
2023-09-23 23:45:00,9.47,
2023-09-24 00:00:00,9.49,
2023-09-24 00:15:00,9.52,
2023-09-24 00:30:00,9.55,
2023-09-24 00:45:00,9.58,
2023-09-24 01:00:00,9.61,
2023-09-24 01:15:00,9.63,
2023-09-24 01:30:00,9.66,
2023-09-24 01:45:00,9.69,
2023-09-24 02:00:00,9.71,
2023-09-24 02:15:00,9.73,
2023-09-24 02:30:00,9.76,
2023-09-24 02:45:00,9.79,
2023-09-24 03:00:00,9.81,
2023-09-24 03:15:00,9.84,
2023-09-24 03:30:00,9.86,
2023-09-24 03:45:00,9.88,
2023-09-24 04:00:00,9.89,
2023-09-24 04:15:00,9.92,
2023-09-24 04:30:00,9.93,
2023-09-24 04:45:00,9.95,
2023-09-24 05:00:00,9.97,
2023-09-24 05:15:00,9.99,
2023-09-24 05:30:00,10.01,
2023-09-24 05:45:00,10.03,
2023-09-24 06:00:00,10.04,
2023-09-24 06:15:00,10.06,
2023-09-24 06:30:00,10.1,
2023-09-24 06:45:00,10.13,
2023-09-24 07:00:00,10.17,
2023-09-24 07:15:00,10.2,
2023-09-24 07:30:00,10.22,
2023-09-24 07:45:00,10.25,
2023-09-24 08:00:00,10.27,
2023-09-24 08:15:00,10.29,
2023-09-24 08:30:00,10.31,
2023-09-24 08:45:00,10.32,
2023-09-24 09:00:00,10.31,
2023-09-24 09:15:00,10.29,
2023-09-24 09:30:00,10.26,
2023-09-24 09:45:00,10.22,
2023-09-24 10:00:00,10.16,
2023-09-24 10:15:00,10.1,
2023-09-24 10:30:00,10.03,
2023-09-24 10:45:00,9.94,
2023-09-24 11:00:00,9.86,
2023-09-24 11:15:00,9.78,
2023-09-24 11:30:00,9.7,
2023-09-24 11:45:00,9.63,
2023-09-24 12:00:00,9.55,
2023-09-24 12:15:00,9.48,
2023-09-24 12:30:00,9.41,
2023-09-24 12:45:00,9.35,
2023-09-24 13:00:00,9.29,
2023-09-24 13:15:00,9.23,
2023-09-24 13:30:00,9.19,
2023-09-24 13:45:00,9.15,
2023-09-24 14:00:00,9.11,
2023-09-24 14:15:00,9.07,
2023-09-24 14:30:00,9.03,
2023-09-24 14:45:00,9.0,
2023-09-24 15:00:00,8.98,
2023-09-24 15:15:00,8.94,
2023-09-24 15:30:00,8.92,
2023-09-24 15:45:00,8.92,
2023-09-24 16:00:00,8.92,
2023-09-24 16:15:00,8.92,
2023-09-24 16:30:00,8.86,
2023-09-24 16:45:00,8.8,
2023-09-24 17:00:00,8.81,
2023-09-24 17:15:00,8.76,
2023-09-24 17:30:00,8.69,
2023-09-24 17:45:00,8.66,
2023-09-24 18:00:00,8.65,
2023-09-24 18:15:00,8.65,
2023-09-24 18:30:00,8.64,
2023-09-24 18:45:00,8.66,
2023-09-24 19:00:00,8.68,
2023-09-24 19:15:00,8.72,
2023-09-24 19:30:00,8.76,
2023-09-24 19:45:00,8.79,
2023-09-24 20:00:00,8.83,
2023-09-24 20:15:00,8.86,
2023-09-24 20:30:00,8.9,
2023-09-24 20:45:00,8.94,
2023-09-24 21:00:00,8.97,
2023-09-24 21:15:00,9.0,
2023-09-24 21:30:00,9.03,
2023-09-24 21:45:00,9.06,
2023-09-24 22:00:00,9.09,
2023-09-24 22:15:00,9.11,
2023-09-24 22:30:00,9.15,
2023-09-24 22:45:00,9.18,
2023-09-24 23:00:00,9.21,
2023-09-24 23:15:00,9.23,
2023-09-24 23:30:00,9.25,
2023-09-24 23:45:00,9.28,
2023-09-25 00:00:00,9.3,
2023-09-25 00:15:00,9.32,
2023-09-25 00:30:00,9.35,
2023-09-25 00:45:00,9.38,
2023-09-25 01:00:00,9.4,
2023-09-25 01:15:00,9.42,
2023-09-25 01:30:00,9.44,
2023-09-25 01:45:00,9.46,
2023-09-25 02:00:00,9.48,
2023-09-25 02:15:00,9.5,
2023-09-25 02:30:00,9.52,
2023-09-25 02:45:00,9.54,
2023-09-25 03:00:00,9.55,
2023-09-25 03:15:00,9.57,
2023-09-25 03:30:00,9.58,
2023-09-25 03:45:00,9.61,
2023-09-25 04:00:00,9.62,
2023-09-25 04:15:00,9.64,
2023-09-25 04:30:00,9.66,
2023-09-25 04:45:00,9.67,
2023-09-25 05:00:00,9.68,
2023-09-25 05:15:00,9.71,
2023-09-25 05:30:00,9.72,
2023-09-25 05:45:00,9.73,
2023-09-25 06:00:00,9.76,
2023-09-25 06:15:00,9.77,
2023-09-25 06:30:00,9.8,
2023-09-25 06:45:00,9.84,
2023-09-25 07:00:00,9.87,
2023-09-25 07:15:00,9.9,
2023-09-25 07:30:00,9.93,
2023-09-25 07:45:00,9.95,
2023-09-25 08:00:00,9.99,
2023-09-25 08:15:00,10.01,
2023-09-25 08:30:00,10.03,
2023-09-25 08:45:00,10.04,
2023-09-25 09:00:00,10.05,
2023-09-25 09:15:00,10.04,
2023-09-25 09:30:00,10.01,
2023-09-25 09:45:00,9.97,
2023-09-25 10:00:00,9.93,
2023-09-25 10:15:00,9.87,
2023-09-25 10:30:00,9.8,
2023-09-25 10:45:00,9.73,
2023-09-25 11:00:00,9.65,
2023-09-25 11:15:00,9.58,
2023-09-25 11:30:00,9.51,
2023-09-25 11:45:00,9.44,
2023-09-25 12:00:00,9.37,
2023-09-25 12:15:00,9.31,
2023-09-25 12:30:00,9.25,
2023-09-25 12:45:00,9.18,
2023-09-25 13:00:00,9.13,
2023-09-25 13:15:00,9.08,
2023-09-25 13:30:00,9.03,
2023-09-25 13:45:00,8.98,
2023-09-25 14:00:00,8.93,
2023-09-25 14:15:00,8.89,
2023-09-25 14:30:00,8.84,
2023-09-25 14:45:00,8.81,
2023-09-25 15:00:00,8.77,
2023-09-25 15:15:00,8.74,
2023-09-25 15:30:00,8.71,
2023-09-25 15:45:00,8.68,
2023-09-25 16:00:00,8.66,
2023-09-25 16:15:00,8.64,
2023-09-25 16:30:00,8.61,
2023-09-25 16:45:00,8.58,
2023-09-25 17:00:00,8.55,
2023-09-25 17:15:00,8.5,
2023-09-25 17:30:00,8.46,
2023-09-25 17:45:00,8.44,
2023-09-25 18:00:00,8.46,
2023-09-25 18:15:00,8.47,
2023-09-25 18:30:00,8.49,
2023-09-25 18:45:00,8.52,
2023-09-25 19:00:00,8.55,
2023-09-25 19:15:00,8.59,
2023-09-25 19:30:00,8.63,
2023-09-25 19:45:00,8.67,
2023-09-25 20:00:00,8.7,
2023-09-25 20:15:00,8.75,
2023-09-25 20:30:00,8.78,
2023-09-25 20:45:00,8.82,
2023-09-25 21:00:00,8.86,
2023-09-25 21:15:00,8.89,
2023-09-25 21:30:00,8.93,
2023-09-25 21:45:00,8.96,
2023-09-25 22:00:00,9.0,
2023-09-25 22:15:00,9.03,
2023-09-25 22:30:00,9.06,
2023-09-25 22:45:00,9.1,
2023-09-25 23:00:00,9.13,
2023-09-25 23:15:00,9.16,
2023-09-25 23:30:00,9.19,
2023-09-25 23:45:00,9.21,
2023-09-26 00:00:00,9.24,
2023-09-26 00:15:00,9.27,
2023-09-26 00:30:00,9.29,
2023-09-26 00:45:00,9.32,
2023-09-26 01:00:00,9.34,
2023-09-26 01:15:00,9.36,
2023-09-26 01:30:00,9.38,
2023-09-26 01:45:00,9.4,
2023-09-26 02:00:00,9.42,
2023-09-26 02:15:00,9.43,
2023-09-26 02:30:00,9.46,
2023-09-26 02:45:00,9.47,
2023-09-26 03:00:00,9.49,
2023-09-26 03:15:00,9.51,
2023-09-26 03:30:00,9.52,
2023-09-26 03:45:00,9.55,
2023-09-26 04:00:00,9.56,
2023-09-26 04:15:00,9.57,
2023-09-26 04:30:00,9.59,
2023-09-26 04:45:00,9.61,
2023-09-26 05:00:00,9.62,
2023-09-26 05:15:00,9.64,
2023-09-26 05:30:00,9.65,
2023-09-26 05:45:00,9.67,
2023-09-26 06:00:00,9.68,
2023-09-26 06:15:00,9.71,
2023-09-26 06:30:00,9.74,
2023-09-26 06:45:00,9.77,
2023-09-26 07:00:00,9.81,
2023-09-26 07:15:00,9.83,
2023-09-26 07:30:00,9.86,
2023-09-26 07:45:00,9.88,
2023-09-26 08:00:00,9.92,
2023-09-26 08:15:00,9.94,
2023-09-26 08:30:00,9.96,
2023-09-26 08:45:00,9.97,
2023-09-26 09:00:00,9.98,
2023-09-26 09:15:00,9.97,
2023-09-26 09:30:00,9.94,
2023-09-26 09:45:00,9.9,
2023-09-26 10:00:00,9.86,
2023-09-26 10:15:00,9.81,
2023-09-26 10:30:00,9.74,
2023-09-26 10:45:00,9.66,
2023-09-26 11:00:00,9.59,
2023-09-26 11:15:00,9.52,
2023-09-26 11:30:00,9.45,
2023-09-26 11:45:00,9.38,
2023-09-26 12:00:00,9.31,
2023-09-26 12:15:00,9.25,
2023-09-26 12:30:00,9.18,
2023-09-26 12:45:00,9.13,
2023-09-26 13:00:00,9.08,
2023-09-26 13:15:00,9.02,
2023-09-26 13:30:00,8.97,
2023-09-26 13:45:00,8.93,
2023-09-26 14:00:00,8.88,
2023-09-26 14:15:00,8.84,
2023-09-26 14:30:00,8.8,
2023-09-26 14:45:00,8.76,
2023-09-26 15:00:00,8.72,
2023-09-26 15:15:00,8.69,
2023-09-26 15:30:00,8.66,
2023-09-26 15:45:00,8.63,
2023-09-26 16:00:00,8.61,
2023-09-26 16:15:00,8.57,
2023-09-26 16:30:00,8.54,
2023-09-26 16:45:00,8.51,
2023-09-26 17:00:00,8.47,
2023-09-26 17:15:00,8.42,
2023-09-26 17:30:00,8.37,
2023-09-26 17:45:00,8.36,
2023-09-26 18:00:00,8.37,
2023-09-26 18:15:00,8.39,
2023-09-26 18:30:00,8.41,
2023-09-26 18:45:00,8.42,
2023-09-26 19:00:00,8.46,
2023-09-26 19:15:00,8.49,
2023-09-26 19:30:00,8.52,
2023-09-26 19:45:00,8.56,
2023-09-26 20:00:00,8.6,
2023-09-26 20:15:00,8.64,
2023-09-26 20:30:00,8.67,
2023-09-26 20:45:00,8.71,
2023-09-26 21:00:00,8.74,
2023-09-26 21:15:00,8.77,
2023-09-26 21:30:00,8.81,
2023-09-26 21:45:00,8.84,
2023-09-26 22:00:00,8.88,
2023-09-26 22:15:00,8.91,
2023-09-26 22:30:00,8.94,
2023-09-26 22:45:00,8.97,
2023-09-26 23:00:00,9.01,
2023-09-26 23:15:00,9.04,
2023-09-26 23:30:00,9.06,
2023-09-26 23:45:00,9.09,
2023-09-27 00:00:00,9.12,
2023-09-27 00:15:00,9.14,
2023-09-27 00:30:00,9.17,
2023-09-27 00:45:00,9.19,
2023-09-27 01:00:00,9.21,
2023-09-27 01:15:00,9.23,
2023-09-27 01:30:00,9.25,
2023-09-27 01:45:00,9.28,
2023-09-27 02:00:00,9.3,
2023-09-27 02:15:00,9.32,
2023-09-27 02:30:00,9.34,
2023-09-27 02:45:00,9.36,
2023-09-27 03:00:00,9.38,
2023-09-27 03:15:00,9.4,
2023-09-27 03:30:00,9.42,
2023-09-27 03:45:00,9.43,
2023-09-27 04:00:00,9.45,
2023-09-27 04:15:00,9.47,
2023-09-27 04:30:00,9.49,
2023-09-27 04:45:00,9.51,
2023-09-27 05:00:00,9.52,
2023-09-27 05:15:00,9.54,
2023-09-27 05:30:00,9.56,
2023-09-27 05:45:00,9.57,
2023-09-27 06:00:00,9.59,
2023-09-27 06:15:00,9.61,
2023-09-27 06:30:00,9.64,
2023-09-27 06:45:00,9.68,
2023-09-27 07:00:00,9.72,
2023-09-27 07:15:00,9.74,
2023-09-27 07:30:00,9.77,
2023-09-27 07:45:00,9.79,
2023-09-27 08:00:00,9.83,
2023-09-27 08:15:00,9.85,
2023-09-27 08:30:00,9.87,
2023-09-27 08:45:00,9.89,
2023-09-27 09:00:00,9.9,
2023-09-27 09:15:00,9.89,
2023-09-27 09:30:00,9.86,
2023-09-27 09:45:00,9.83,
2023-09-27 10:00:00,9.79,
2023-09-27 10:15:00,9.73,
2023-09-27 10:30:00,9.67,
2023-09-27 10:45:00,9.59,
2023-09-27 11:00:00,9.52,
2023-09-27 11:15:00,9.45,
2023-09-27 11:30:00,9.38,
2023-09-27 11:45:00,9.31,
2023-09-27 12:00:00,9.26,
2023-09-27 12:15:00,9.19,
2023-09-27 12:30:00,9.14,
2023-09-27 12:45:00,9.08,
2023-09-27 13:00:00,9.03,
2023-09-27 13:15:00,8.99,
2023-09-27 13:30:00,8.94,
2023-09-27 13:45:00,8.9,
2023-09-27 14:00:00,8.86,
2023-09-27 14:15:00,8.82,
2023-09-27 14:30:00,8.78,
2023-09-27 14:45:00,8.75,
2023-09-27 15:00:00,8.71,
2023-09-27 15:15:00,8.68,
2023-09-27 15:30:00,8.66,
2023-09-27 15:45:00,8.62,
2023-09-27 16:00:00,8.6,
2023-09-27 16:15:00,8.57,
2023-09-27 16:30:00,8.54,
2023-09-27 16:45:00,8.51,
2023-09-27 17:00:00,8.47,
2023-09-27 17:15:00,8.4,
2023-09-27 17:30:00,8.36,
2023-09-27 17:45:00,8.35,
2023-09-27 18:00:00,8.35,
2023-09-27 18:15:00,8.37,
2023-09-27 18:30:00,8.38,
2023-09-27 18:45:00,8.41,
2023-09-27 19:00:00,8.44,
2023-09-27 19:15:00,8.48,
2023-09-27 19:30:00,8.52,
2023-09-27 19:45:00,8.56,
2023-09-27 20:00:00,8.59,
2023-09-27 20:15:00,8.63,
2023-09-27 20:30:00,8.67,
2023-09-27 20:45:00,8.7,
2023-09-27 21:00:00,8.74,
2023-09-27 21:15:00,8.78,
2023-09-27 21:30:00,8.81,
2023-09-27 21:45:00,8.85,
2023-09-27 22:00:00,8.88,
2023-09-27 22:15:00,8.91,
2023-09-27 22:30:00,8.95,
2023-09-27 22:45:00,8.98,
2023-09-27 23:00:00,9.01,
2023-09-27 23:15:00,9.04,
2023-09-27 23:30:00,9.08,
2023-09-27 23:45:00,9.11,
2023-09-28 00:00:00,9.14,
2023-09-28 00:15:00,9.17,
2023-09-28 00:30:00,9.19,
2023-09-28 00:45:00,9.22,
2023-09-28 01:00:00,9.24,
2023-09-28 01:15:00,9.27,
2023-09-28 01:30:00,9.29,
2023-09-28 01:45:00,9.31,
2023-09-28 02:00:00,9.33,
2023-09-28 02:15:00,9.36,
2023-09-28 02:30:00,9.38,
2023-09-28 02:45:00,9.41,
2023-09-28 03:00:00,9.42,
2023-09-28 03:15:00,9.45,
2023-09-28 03:30:00,9.47,
2023-09-28 03:45:00,9.49,
2023-09-28 04:00:00,9.51,
2023-09-28 04:15:00,9.53,
2023-09-28 04:30:00,9.55,
2023-09-28 04:45:00,9.56,
2023-09-28 05:00:00,9.58,
2023-09-28 05:15:00,9.6,
2023-09-28 05:30:00,9.61,
2023-09-28 05:45:00,9.62,
2023-09-28 06:00:00,9.64,
2023-09-28 06:15:00,9.66,
2023-09-28 06:30:00,9.68,
2023-09-28 06:45:00,9.72,
2023-09-28 07:00:00,9.76,
2023-09-28 07:15:00,9.79,
2023-09-28 07:30:00,9.82,
2023-09-28 07:45:00,9.85,
2023-09-28 08:00:00,9.89,
2023-09-28 08:15:00,9.92,
2023-09-28 08:30:00,9.94,
2023-09-28 08:45:00,9.95,
2023-09-28 09:00:00,9.96,
2023-09-28 09:15:00,9.96,
2023-09-28 09:30:00,9.94,
2023-09-28 09:45:00,9.91,
2023-09-28 10:00:00,9.87,
2023-09-28 10:15:00,9.82,
2023-09-28 10:30:00,9.76,
2023-09-28 10:45:00,9.7,
2023-09-28 11:00:00,9.64,
2023-09-28 11:15:00,9.57,
2023-09-28 11:30:00,9.52,
2023-09-28 11:45:00,9.47,
2023-09-28 12:00:00,9.42,
2023-09-28 12:15:00,9.39,
2023-09-28 12:30:00,9.28,
2023-09-28 12:45:00,9.23,
2023-09-28 13:00:00,9.19,
2023-09-28 13:15:00,9.14,
2023-09-28 13:30:00,9.09,
2023-09-28 13:45:00,9.05,
2023-09-28 14:00:00,8.96,
2023-09-28 14:15:00,8.88,
2023-09-28 14:30:00,8.89,
2023-09-28 14:45:00,8.92,
2023-09-28 15:00:00,8.91,
2023-09-28 15:15:00,8.94,
2023-09-28 15:30:00,8.98,
2023-09-28 15:45:00,8.91,
2023-09-28 16:00:00,8.84,
2023-09-28 16:15:00,8.82,
2023-09-28 16:30:00,8.79,
2023-09-28 16:45:00,8.75,
2023-09-28 17:00:00,8.71,
2023-09-28 17:15:00,8.62,
2023-09-28 17:30:00,8.56,
2023-09-28 17:45:00,8.51,
2023-09-28 18:00:00,8.48,
2023-09-28 18:15:00,8.48,
2023-09-28 18:30:00,8.47,
2023-09-28 18:45:00,8.5,
2023-09-28 19:00:00,8.52,
2023-09-28 19:15:00,8.57,
2023-09-28 19:30:00,8.6,
2023-09-28 19:45:00,8.65,
2023-09-28 20:00:00,8.69,
2023-09-28 20:15:00,8.73,
2023-09-28 20:30:00,8.77,
2023-09-28 20:45:00,8.8,
2023-09-28 21:00:00,8.83,
2023-09-28 21:15:00,8.86,
2023-09-28 21:30:00,8.9,
2023-09-28 21:45:00,8.93,
2023-09-28 22:00:00,8.96,
2023-09-28 22:15:00,8.99,
2023-09-28 22:30:00,9.02,
2023-09-28 22:45:00,9.06,
2023-09-28 23:00:00,9.08,
2023-09-28 23:15:00,9.11,
2023-09-28 23:30:00,9.14,
2023-09-28 23:45:00,9.17,
2023-09-29 00:00:00,9.2,
2023-09-29 00:15:00,9.22,
2023-09-29 00:30:00,9.25,
2023-09-29 00:45:00,9.27,
2023-09-29 01:00:00,9.3,
2023-09-29 01:15:00,9.32,
2023-09-29 01:30:00,9.35,
2023-09-29 01:45:00,9.37,
2023-09-29 02:00:00,9.39,
2023-09-29 02:15:00,9.42,
2023-09-29 02:30:00,9.44,
2023-09-29 02:45:00,9.45,
2023-09-29 03:00:00,9.48,
2023-09-29 03:15:00,9.49,
2023-09-29 03:30:00,9.52,
2023-09-29 03:45:00,9.53,
2023-09-29 04:00:00,9.55,
2023-09-29 04:15:00,9.56,
2023-09-29 04:30:00,9.57,
2023-09-29 04:45:00,9.58,
2023-09-29 05:00:00,9.59,
2023-09-29 05:15:00,9.61,
2023-09-29 05:30:00,9.63,
2023-09-29 05:45:00,9.64,
2023-09-29 06:00:00,9.66,
2023-09-29 06:15:00,9.68,
2023-09-29 06:30:00,9.7,
2023-09-29 06:45:00,9.75,
2023-09-29 07:00:00,9.79,
2023-09-29 07:15:00,9.82,
2023-09-29 07:30:00,9.84,
2023-09-29 07:45:00,9.86,
2023-09-29 08:00:00,9.9,
2023-09-29 08:15:00,9.93,
2023-09-29 08:30:00,9.96,
2023-09-29 08:45:00,9.97,
2023-09-29 09:00:00,9.98,
2023-09-29 09:15:00,9.98,
2023-09-29 09:30:00,9.96,
2023-09-29 09:45:00,9.92,
2023-09-29 10:00:00,9.89,
2023-09-29 10:15:00,9.84,
2023-09-29 10:30:00,9.78,
2023-09-29 10:45:00,9.71,
2023-09-29 11:00:00,9.63,
2023-09-29 11:15:00,9.57,
2023-09-29 11:30:00,9.5,
2023-09-29 11:45:00,9.42,
2023-09-29 12:00:00,9.36,
2023-09-29 12:15:00,9.3,
2023-09-29 12:30:00,9.24,
2023-09-29 12:45:00,9.18,
2023-09-29 13:00:00,9.12,
2023-09-29 13:15:00,9.07,
2023-09-29 13:30:00,9.03,
2023-09-29 13:45:00,8.98,
2023-09-29 14:00:00,8.93,
2023-09-29 14:15:00,8.89,
2023-09-29 14:30:00,8.85,
2023-09-29 14:45:00,8.81,
2023-09-29 15:00:00,8.77,
2023-09-29 15:15:00,8.74,
2023-09-29 15:30:00,8.71,
2023-09-29 15:45:00,8.67,
2023-09-29 16:00:00,8.64,
2023-09-29 16:15:00,8.6,
2023-09-29 16:30:00,8.55,
2023-09-29 16:45:00,8.53,
2023-09-29 17:00:00,8.49,
2023-09-29 17:15:00,8.42,
2023-09-29 17:30:00,8.4,
2023-09-29 17:45:00,8.39,
2023-09-29 18:00:00,8.36,
2023-09-29 18:15:00,8.35,
2023-09-29 18:30:00,8.39,
2023-09-29 18:45:00,8.42,
2023-09-29 19:00:00,8.46,
2023-09-29 19:15:00,8.5,
2023-09-29 19:30:00,8.54,
2023-09-29 19:45:00,8.57,
2023-09-29 20:00:00,8.61,
2023-09-29 20:15:00,8.64,
2023-09-29 20:30:00,8.67,
2023-09-29 20:45:00,8.7,
2023-09-29 21:00:00,8.74,
2023-09-29 21:15:00,8.77,
2023-09-29 21:30:00,8.8,
2023-09-29 21:45:00,8.83,
2023-09-29 22:00:00,8.86,
2023-09-29 22:15:00,8.88,
2023-09-29 22:30:00,8.9,
2023-09-29 22:45:00,8.91,
2023-09-29 23:00:00,8.93,
2023-09-29 23:15:00,8.95,
2023-09-29 23:30:00,8.97,
2023-09-29 23:45:00,8.98,
2023-09-30 00:00:00,9.0,
2023-09-30 00:15:00,9.02,
2023-09-30 00:30:00,9.04,
2023-09-30 00:45:00,9.06,
2023-09-30 01:00:00,9.08,
2023-09-30 01:15:00,9.1,
2023-09-30 01:30:00,9.12,
2023-09-30 01:45:00,9.14,
2023-09-30 02:00:00,9.15,
2023-09-30 02:15:00,9.18,
2023-09-30 02:30:00,9.2,
2023-09-30 02:45:00,9.22,
2023-09-30 03:00:00,9.24,
2023-09-30 03:15:00,9.26,
2023-09-30 03:30:00,9.28,
2023-09-30 03:45:00,9.3,
2023-09-30 04:00:00,9.32,
2023-09-30 04:15:00,9.34,
2023-09-30 04:30:00,9.35,
2023-09-30 04:45:00,9.36,
2023-09-30 05:00:00,9.38,
2023-09-30 05:15:00,9.4,
2023-09-30 05:30:00,9.42,
2023-09-30 05:45:00,9.44,
2023-09-30 06:00:00,9.45,
2023-09-30 06:15:00,9.47,
2023-09-30 06:30:00,9.49,
2023-09-30 06:45:00,9.53,
2023-09-30 07:00:00,9.56,
2023-09-30 07:15:00,9.6,
2023-09-30 07:30:00,9.63,
2023-09-30 07:45:00,9.66,
2023-09-30 08:00:00,9.7,
2023-09-30 08:15:00,9.73,
2023-09-30 08:30:00,9.75,
2023-09-30 08:45:00,9.77,
2023-09-30 09:00:00,9.8,
2023-09-30 09:15:00,9.82,
2023-09-30 09:30:00,9.78,
2023-09-30 09:45:00,9.78,
2023-09-30 10:00:00,9.74,
2023-09-30 10:15:00,9.7,
2023-09-30 10:30:00,9.63,
2023-09-30 10:45:00,9.59,
2023-09-30 11:00:00,9.54,
2023-09-30 11:15:00,9.47,
2023-09-30 11:30:00,9.42,
2023-09-30 11:45:00,9.38,
2023-09-30 12:00:00,9.35,
2023-09-30 12:15:00,9.32,
2023-09-30 12:30:00,9.28,
2023-09-30 12:45:00,9.24,
2023-09-30 13:00:00,9.2,
2023-09-30 13:15:00,9.17,
2023-09-30 13:30:00,9.14,
2023-09-30 13:45:00,9.1,
2023-09-30 14:00:00,9.11,
2023-09-30 14:15:00,9.09,
2023-09-30 14:30:00,9.07,
2023-09-30 14:45:00,9.02,
2023-09-30 15:00:00,8.97,
2023-09-30 15:15:00,8.95,
2023-09-30 15:30:00,8.91,
2023-09-30 15:45:00,8.84,
2023-09-30 16:00:00,8.78,
2023-09-30 16:15:00,8.71,
2023-09-30 16:30:00,8.64,
2023-09-30 16:45:00,8.6,
2023-09-30 17:00:00,8.6,
2023-09-30 17:15:00,8.61,
2023-09-30 17:30:00,8.61,
2023-09-30 17:45:00,8.6,
2023-09-30 18:00:00,8.59,
2023-09-30 18:15:00,8.61,
2023-09-30 18:30:00,8.62,
2023-09-30 18:45:00,8.63,
2023-09-30 19:00:00,8.65,
2023-09-30 19:15:00,8.67,
2023-09-30 19:30:00,8.69,
2023-09-30 19:45:00,8.7,
2023-09-30 20:00:00,8.72,
2023-09-30 20:15:00,8.73,
2023-09-30 20:30:00,8.75,
2023-09-30 20:45:00,8.78,
2023-09-30 21:00:00,8.8,
2023-09-30 21:15:00,8.82,
2023-09-30 21:30:00,8.84,
2023-09-30 21:45:00,8.85,
2023-09-30 22:00:00,8.87,
2023-09-30 22:15:00,8.89,
2023-09-30 22:30:00,8.91,
2023-09-30 22:45:00,8.93,
2023-09-30 23:00:00,8.94,
2023-09-30 23:15:00,8.95,
2023-09-30 23:30:00,8.97,
2023-09-30 23:45:00,8.98,
2023-10-01 00:00:00,9.0,
2023-10-01 00:15:00,9.02,
2023-10-01 00:30:00,9.03,
2023-10-01 00:45:00,9.05,
2023-10-01 01:00:00,9.05,
2023-10-01 01:15:00,9.06,
2023-10-01 01:30:00,9.06,
2023-10-01 01:45:00,9.07,
2023-10-01 02:00:00,9.08,
2023-10-01 02:15:00,9.09,
2023-10-01 02:30:00,9.1,
2023-10-01 02:45:00,9.11,
2023-10-01 03:00:00,9.12,
2023-10-01 03:15:00,9.13,
2023-10-01 03:30:00,9.14,
2023-10-01 03:45:00,9.15,
2023-10-01 04:00:00,9.17,
2023-10-01 04:15:00,9.17,
2023-10-01 04:30:00,9.18,
2023-10-01 04:45:00,9.19,
2023-10-01 05:00:00,9.18,
2023-10-01 05:15:00,9.19,
2023-10-01 05:30:00,9.19,
2023-10-01 05:45:00,9.19,
2023-10-01 06:00:00,9.2,
2023-10-01 06:15:00,9.21,
2023-10-01 06:30:00,9.22,
2023-10-01 06:45:00,9.23,
2023-10-01 07:00:00,9.25,
2023-10-01 07:15:00,9.27,
2023-10-01 07:30:00,9.3,
2023-10-01 07:45:00,9.34,
2023-10-01 08:00:00,9.44,
2023-10-01 08:15:00,9.52,
2023-10-01 08:30:00,9.57,
2023-10-01 08:45:00,9.6,
2023-10-01 09:00:00,9.61,
2023-10-01 09:15:00,9.57,
2023-10-01 09:30:00,9.58,
2023-10-01 09:45:00,9.62,
2023-10-01 10:00:00,9.65,
2023-10-01 10:15:00,9.62,
2023-10-01 10:30:00,9.62,
2023-10-01 10:45:00,9.65,
2023-10-01 11:00:00,9.55,
2023-10-01 11:15:00,9.57,
2023-10-01 11:30:00,9.57,
2023-10-01 11:45:00,9.54,
2023-10-01 12:00:00,9.5,
2023-10-01 12:15:00,9.4,
2023-10-01 12:30:00,9.33,
2023-10-01 12:45:00,9.34,
2023-10-01 13:00:00,9.34,
2023-10-01 13:15:00,9.37,
2023-10-01 13:30:00,9.42,
2023-10-01 13:45:00,9.37,
2023-10-01 14:00:00,9.37,
2023-10-01 14:15:00,9.31,
2023-10-01 14:30:00,9.29,
2023-10-01 14:45:00,9.34,
2023-10-01 15:00:00,9.31,
2023-10-01 15:15:00,9.27,
2023-10-01 15:30:00,9.21,
2023-10-01 15:45:00,9.16,
2023-10-01 16:00:00,9.13,
2023-10-01 16:15:00,9.09,
2023-10-01 16:30:00,9.04,
2023-10-01 16:45:00,9.0,
2023-10-01 17:00:00,8.96,
2023-10-01 17:15:00,8.88,
2023-10-01 17:30:00,8.85,
2023-10-01 17:45:00,8.83,
2023-10-01 18:00:00,8.82,
2023-10-01 18:15:00,8.82,
2023-10-01 18:30:00,8.82,
2023-10-01 18:45:00,8.84,
2023-10-01 19:00:00,8.86,
2023-10-01 19:15:00,8.89,
2023-10-01 19:30:00,8.91,
2023-10-01 19:45:00,8.94,
2023-10-01 20:00:00,8.96,
2023-10-01 20:15:00,8.98,
2023-10-01 20:30:00,9.0,
2023-10-01 20:45:00,9.02,
2023-10-01 21:00:00,9.04,
2023-10-01 21:15:00,9.05,
2023-10-01 21:30:00,9.07,
2023-10-01 21:45:00,9.08,
2023-10-01 22:00:00,9.1,
2023-10-01 22:15:00,9.11,
2023-10-01 22:30:00,9.12,
2023-10-01 22:45:00,9.14,
2023-10-01 23:00:00,9.15,
2023-10-01 23:15:00,9.16,
2023-10-01 23:30:00,9.17,
2023-10-01 23:45:00,9.18,
2023-10-02 00:00:00,9.19,
2023-10-02 00:15:00,9.21,
2023-10-02 00:30:00,9.21,
2023-10-02 00:45:00,9.23,
2023-10-02 01:00:00,9.23,
2023-10-02 01:15:00,9.24,
2023-10-02 01:30:00,9.26,
2023-10-02 01:45:00,9.26,
2023-10-02 02:00:00,9.27,
2023-10-02 02:15:00,9.27,
2023-10-02 02:30:00,9.28,
2023-10-02 02:45:00,9.28,
2023-10-02 03:00:00,9.29,
2023-10-02 03:15:00,9.29,
2023-10-02 03:30:00,9.3,
2023-10-02 03:45:00,9.31,
2023-10-02 04:00:00,9.31,
2023-10-02 04:15:00,9.31,
2023-10-02 04:30:00,9.31,
2023-10-02 04:45:00,9.31,
2023-10-02 05:00:00,9.31,
2023-10-02 05:15:00,9.31,
2023-10-02 05:30:00,9.32,
2023-10-02 05:45:00,9.32,
2023-10-02 06:00:00,9.32,
2023-10-02 06:15:00,9.33,
2023-10-02 06:30:00,9.33,
2023-10-02 06:45:00,9.34,
2023-10-02 07:00:00,9.36,
2023-10-02 07:15:00,9.38,
2023-10-02 07:30:00,9.42,
2023-10-02 07:45:00,9.44,
2023-10-02 08:00:00,9.49,
2023-10-02 08:15:00,9.57,
2023-10-02 08:30:00,9.7,
2023-10-02 08:45:00,9.74,
2023-10-02 09:00:00,9.81,
2023-10-02 09:15:00,9.79,
2023-10-02 09:30:00,9.73,
2023-10-02 09:45:00,9.65,
2023-10-02 10:00:00,9.5,
2023-10-02 10:15:00,9.41,
2023-10-02 10:30:00,9.42,
2023-10-02 10:45:00,9.47,
2023-10-02 11:00:00,9.64,
2023-10-02 11:15:00,9.71,
2023-10-02 11:30:00,9.75,
2023-10-02 11:45:00,9.77,
2023-10-02 12:00:00,9.7,
2023-10-02 12:15:00,9.57,
2023-10-02 12:30:00,9.49,
2023-10-02 12:45:00,9.59,
2023-10-02 13:00:00,9.55,
2023-10-02 13:15:00,9.49,
2023-10-02 13:30:00,9.45,
2023-10-02 13:45:00,9.41,
2023-10-02 14:00:00,9.3,
2023-10-02 14:15:00,9.27,
2023-10-02 14:30:00,9.29,
2023-10-02 14:45:00,9.42,
2023-10-02 15:00:00,9.47,
2023-10-02 15:15:00,9.4,
2023-10-02 15:30:00,9.27,
2023-10-02 15:45:00,9.16,
2023-10-02 16:00:00,9.12,
2023-10-02 16:15:00,9.14,
2023-10-02 16:30:00,9.16,
2023-10-02 16:45:00,9.18,
2023-10-02 17:00:00,9.17,
2023-10-02 17:15:00,9.17,
2023-10-02 17:30:00,9.17,
2023-10-02 17:45:00,9.15,
2023-10-02 18:00:00,9.11,
2023-10-02 18:15:00,9.1,
2023-10-02 18:30:00,9.1,
2023-10-02 18:45:00,9.1,
2023-10-02 19:00:00,9.11,
2023-10-02 19:15:00,9.13,
2023-10-02 19:30:00,9.14,
2023-10-02 19:45:00,9.16,
2023-10-02 20:00:00,9.17,
2023-10-02 20:15:00,9.18,
2023-10-02 20:30:00,9.2,
2023-10-02 20:45:00,9.21,
2023-10-02 21:00:00,9.22,
2023-10-02 21:15:00,9.23,
2023-10-02 21:30:00,9.24,
2023-10-02 21:45:00,9.25,
2023-10-02 22:00:00,9.26,
2023-10-02 22:15:00,9.27,
2023-10-02 22:30:00,9.28,
2023-10-02 22:45:00,9.29,
2023-10-02 23:00:00,9.3,
2023-10-02 23:15:00,9.31,
2023-10-02 23:30:00,9.32,
2023-10-02 23:45:00,9.32,
2023-10-03 00:00:00,9.33,
2023-10-03 00:15:00,9.33,
2023-10-03 00:30:00,9.35,
2023-10-03 00:45:00,9.35,
2023-10-03 01:00:00,9.36,
2023-10-03 01:15:00,9.37,
2023-10-03 01:30:00,9.38,
2023-10-03 01:45:00,9.39,
2023-10-03 02:00:00,9.39,
2023-10-03 02:15:00,9.4,
2023-10-03 02:30:00,9.4,
2023-10-03 02:45:00,9.41,
2023-10-03 03:00:00,9.42,
2023-10-03 03:15:00,9.43,
2023-10-03 03:30:00,9.43,
2023-10-03 03:45:00,9.44,
2023-10-03 04:00:00,9.44,
2023-10-03 04:15:00,9.45,
2023-10-03 04:30:00,9.46,
2023-10-03 04:45:00,9.46,
2023-10-03 05:00:00,9.46,
2023-10-03 05:15:00,9.47,
2023-10-03 05:30:00,9.48,
2023-10-03 05:45:00,9.48,
2023-10-03 06:00:00,9.48,
2023-10-03 06:15:00,9.49,
2023-10-03 06:30:00,9.49,
2023-10-03 06:45:00,9.51,
2023-10-03 07:00:00,9.54,
2023-10-03 07:15:00,9.57,
2023-10-03 07:30:00,9.62,
2023-10-03 07:45:00,9.64,
2023-10-03 08:00:00,9.63,
2023-10-03 08:15:00,9.66,
2023-10-03 08:30:00,9.73,
2023-10-03 08:45:00,9.79,
2023-10-03 09:00:00,9.8,
2023-10-03 09:15:00,9.83,
2023-10-03 09:30:00,9.83,
2023-10-03 09:45:00,9.85,
2023-10-03 10:00:00,9.89,
2023-10-03 10:15:00,9.93,
2023-10-03 10:30:00,9.93,
2023-10-03 10:45:00,9.9,
2023-10-03 11:00:00,9.89,
2023-10-03 11:15:00,9.86,
2023-10-03 11:30:00,9.86,
2023-10-03 11:45:00,9.8,
2023-10-03 12:00:00,9.77,
2023-10-03 12:15:00,9.78,
2023-10-03 12:30:00,9.77,
2023-10-03 12:45:00,9.78,
2023-10-03 13:00:00,9.75,
2023-10-03 13:15:00,9.72,
2023-10-03 13:30:00,9.66,
2023-10-03 13:45:00,9.64,
2023-10-03 14:00:00,9.61,
2023-10-03 14:15:00,9.56,
2023-10-03 14:30:00,9.54,
2023-10-03 14:45:00,9.54,
2023-10-03 15:00:00,9.52,
2023-10-03 15:15:00,9.51,
2023-10-03 15:30:00,9.5,
2023-10-03 15:45:00,9.48,
2023-10-03 16:00:00,9.45,
2023-10-03 16:15:00,9.45,
2023-10-03 16:30:00,9.44,
2023-10-03 16:45:00,9.44,
2023-10-03 17:00:00,9.41,
2023-10-03 17:15:00,9.4,
2023-10-03 17:30:00,9.38,
2023-10-03 17:45:00,9.34,
2023-10-03 18:00:00,9.32,
2023-10-03 18:15:00,9.31,
2023-10-03 18:30:00,9.31,
2023-10-03 18:45:00,9.31,
2023-10-03 19:00:00,9.32,
2023-10-03 19:15:00,9.31,
2023-10-03 19:30:00,9.33,
2023-10-03 19:45:00,9.34,
2023-10-03 20:00:00,9.34,
2023-10-03 20:15:00,9.35,
2023-10-03 20:30:00,9.37,
2023-10-03 20:45:00,9.37,
2023-10-03 21:00:00,9.38,
2023-10-03 21:15:00,9.38,
2023-10-03 21:30:00,9.38,
2023-10-03 21:45:00,9.39,
2023-10-03 22:00:00,9.39,
2023-10-03 22:15:00,9.4,
2023-10-03 22:30:00,9.41,
2023-10-03 22:45:00,9.41,
2023-10-03 23:00:00,9.42,
2023-10-03 23:15:00,9.42,
2023-10-03 23:30:00,9.42,
2023-10-03 23:45:00,9.43,
2023-10-04 00:00:00,9.43,
2023-10-04 00:15:00,9.43,
2023-10-04 00:30:00,9.44,
2023-10-04 00:45:00,9.44,
2023-10-04 01:00:00,9.45,
2023-10-04 01:15:00,9.45,
2023-10-04 01:30:00,9.45,
2023-10-04 01:45:00,9.46,
2023-10-04 02:00:00,9.47,
2023-10-04 02:15:00,9.47,
2023-10-04 02:30:00,9.48,
2023-10-04 02:45:00,9.48,
2023-10-04 03:00:00,9.49,
2023-10-04 03:15:00,9.49,
2023-10-04 03:30:00,9.49,
2023-10-04 03:45:00,9.5,
2023-10-04 04:00:00,9.5,
2023-10-04 04:15:00,9.5,
2023-10-04 04:30:00,9.51,
2023-10-04 04:45:00,9.51,
2023-10-04 05:00:00,9.51,
2023-10-04 05:15:00,9.51,
2023-10-04 05:30:00,9.51,
2023-10-04 05:45:00,9.52,
2023-10-04 06:00:00,9.52,
2023-10-04 06:15:00,9.52,
2023-10-04 06:30:00,9.52,
2023-10-04 06:45:00,9.53,
2023-10-04 07:00:00,9.54,
2023-10-04 07:15:00,9.57,
2023-10-04 07:30:00,9.6,
2023-10-04 07:45:00,9.63,
2023-10-04 08:00:00,9.66,
2023-10-04 08:15:00,9.68,
2023-10-04 08:30:00,9.71,
2023-10-04 08:45:00,9.71,
2023-10-04 09:00:00,9.71,
2023-10-04 09:15:00,9.7,
2023-10-04 09:30:00,9.74,
2023-10-04 09:45:00,9.75,
2023-10-04 10:00:00,9.77,
2023-10-04 10:15:00,9.82,
2023-10-04 10:30:00,9.81,
2023-10-04 10:45:00,9.85,
2023-10-04 11:00:00,9.93,
2023-10-04 11:15:00,9.95,
2023-10-04 11:30:00,9.92,
2023-10-04 11:45:00,9.89,
2023-10-04 12:00:00,9.76,
2023-10-04 12:15:00,9.71,
2023-10-04 12:30:00,9.72,
2023-10-04 12:45:00,9.71,
2023-10-04 13:00:00,9.72,
2023-10-04 13:15:00,9.66,
2023-10-04 13:30:00,9.65,
2023-10-04 13:45:00,9.64,
2023-10-04 14:00:00,9.68,
2023-10-04 14:15:00,9.53,
2023-10-04 14:30:00,9.49,
2023-10-04 14:45:00,9.48,
2023-10-04 15:00:00,9.5,
2023-10-04 15:15:00,9.52,
2023-10-04 15:30:00,9.46,
2023-10-04 15:45:00,9.41,
2023-10-04 16:00:00,9.33,
2023-10-04 16:15:00,9.22,
2023-10-04 16:30:00,9.15,
2023-10-04 16:45:00,9.11,
2023-10-04 17:00:00,9.04,
2023-10-04 17:15:00,8.99,
2023-10-04 17:30:00,8.99,
2023-10-04 17:45:00,8.98,
2023-10-04 18:00:00,8.96,
2023-10-04 18:15:00,8.95,
2023-10-04 18:30:00,8.96,
2023-10-04 18:45:00,8.97,
2023-10-04 19:00:00,9.0,
2023-10-04 19:15:00,9.03,
2023-10-04 19:30:00,9.07,
2023-10-04 19:45:00,9.1,
2023-10-04 20:00:00,9.13,
2023-10-04 20:15:00,9.17,
2023-10-04 20:30:00,9.2,
2023-10-04 20:45:00,9.23,
2023-10-04 21:00:00,9.26,
2023-10-04 21:15:00,9.29,
2023-10-04 21:30:00,9.32,
2023-10-04 21:45:00,9.35,
2023-10-04 22:00:00,9.38,
2023-10-04 22:15:00,9.4,
2023-10-04 22:30:00,9.43,
2023-10-04 22:45:00,9.46,
2023-10-04 23:00:00,9.49,
2023-10-04 23:15:00,9.51,
2023-10-04 23:30:00,9.54,
2023-10-04 23:45:00,9.57,
2023-10-05 00:00:00,9.59,
2023-10-05 00:15:00,9.61,
2023-10-05 00:30:00,9.64,
2023-10-05 00:45:00,9.66,
2023-10-05 01:00:00,9.68,
2023-10-05 01:15:00,9.7,
2023-10-05 01:30:00,9.72,
2023-10-05 01:45:00,9.75,
2023-10-05 02:00:00,9.77,
2023-10-05 02:15:00,9.79,
2023-10-05 02:30:00,9.8,
2023-10-05 02:45:00,9.82,
2023-10-05 03:00:00,9.84,
2023-10-05 03:15:00,9.86,
2023-10-05 03:30:00,9.87,
2023-10-05 03:45:00,9.89,
2023-10-05 04:00:00,9.91,
2023-10-05 04:15:00,9.92,
2023-10-05 04:30:00,9.94,
2023-10-05 04:45:00,9.95,
2023-10-05 05:00:00,9.97,
2023-10-05 05:15:00,9.98,
2023-10-05 05:30:00,10.01,
2023-10-05 05:45:00,10.03,
2023-10-05 06:00:00,10.04,
2023-10-05 06:15:00,10.06,
2023-10-05 06:30:00,10.08,
2023-10-05 06:45:00,10.11,
2023-10-05 07:00:00,10.15,
2023-10-05 07:15:00,10.18,
2023-10-05 07:30:00,10.21,
2023-10-05 07:45:00,10.23,
2023-10-05 08:00:00,10.27,
2023-10-05 08:15:00,10.31,
2023-10-05 08:30:00,10.34,
2023-10-05 08:45:00,10.35,
2023-10-05 09:00:00,10.37,
2023-10-05 09:15:00,10.37,
2023-10-05 09:30:00,10.35,
2023-10-05 09:45:00,10.32,
2023-10-05 10:00:00,10.28,
2023-10-05 10:15:00,10.24,
2023-10-05 10:30:00,10.17,
2023-10-05 10:45:00,10.11,
2023-10-05 11:00:00,10.03,
2023-10-05 11:15:00,9.95,
2023-10-05 11:30:00,9.87,
2023-10-05 11:45:00,9.8,
2023-10-05 12:00:00,9.72,
2023-10-05 12:15:00,9.66,
2023-10-05 12:30:00,9.59,
2023-10-05 12:45:00,9.54,
2023-10-05 13:00:00,9.47,
2023-10-05 13:15:00,9.43,
2023-10-05 13:30:00,9.38,
2023-10-05 13:45:00,9.32,
2023-10-05 14:00:00,9.24,
2023-10-05 14:15:00,9.27,
2023-10-05 14:30:00,9.2,
2023-10-05 14:45:00,9.17,
2023-10-05 15:00:00,9.13,
2023-10-05 15:15:00,9.11,
2023-10-05 15:30:00,9.13,
2023-10-05 15:45:00,9.1,
2023-10-05 16:00:00,9.07,
2023-10-05 16:15:00,9.04,
2023-10-05 16:30:00,9.01,
2023-10-05 16:45:00,8.97,
2023-10-05 17:00:00,8.92,
2023-10-05 17:15:00,8.84,
2023-10-05 17:30:00,8.82,
2023-10-05 17:45:00,8.81,
2023-10-05 18:00:00,8.82,
2023-10-05 18:15:00,8.83,
2023-10-05 18:30:00,8.84,
2023-10-05 18:45:00,8.87,
2023-10-05 19:00:00,8.9,
2023-10-05 19:15:00,8.94,
2023-10-05 19:30:00,8.97,
2023-10-05 19:45:00,9.01,
2023-10-05 20:00:00,9.04,
2023-10-05 20:15:00,9.08,
2023-10-05 20:30:00,9.11,
2023-10-05 20:45:00,9.14,
2023-10-05 21:00:00,9.17,
2023-10-05 21:15:00,9.2,
2023-10-05 21:30:00,9.23,
2023-10-05 21:45:00,9.26,
2023-10-05 22:00:00,9.29,
2023-10-05 22:15:00,9.32,
2023-10-05 22:30:00,9.35,
2023-10-05 22:45:00,9.38,
2023-10-05 23:00:00,9.4,
2023-10-05 23:15:00,9.43,
2023-10-05 23:30:00,9.45,
2023-10-05 23:45:00,9.48,
2023-10-06 00:00:00,9.5,
2023-10-06 00:15:00,9.52,
2023-10-06 00:30:00,9.55,
2023-10-06 00:45:00,9.57,
2023-10-06 01:00:00,9.59,
2023-10-06 01:15:00,9.61,
2023-10-06 01:30:00,9.63,
2023-10-06 01:45:00,9.65,
2023-10-06 02:00:00,9.66,
2023-10-06 02:15:00,9.67,
2023-10-06 02:30:00,9.69,
2023-10-06 02:45:00,9.71,
2023-10-06 03:00:00,9.72,
2023-10-06 03:15:00,9.73,
2023-10-06 03:30:00,9.75,
2023-10-06 03:45:00,9.76,
2023-10-06 04:00:00,9.78,
2023-10-06 04:15:00,9.79,
2023-10-06 04:30:00,9.81,
2023-10-06 04:45:00,9.81,
2023-10-06 05:00:00,9.83,
2023-10-06 05:15:00,9.85,
2023-10-06 05:30:00,9.86,
2023-10-06 05:45:00,9.88,
2023-10-06 06:00:00,9.89,
2023-10-06 06:15:00,9.91,
2023-10-06 06:30:00,9.93,
2023-10-06 06:45:00,9.96,
2023-10-06 07:00:00,10.0,
2023-10-06 07:15:00,10.03,
2023-10-06 07:30:00,10.06,
2023-10-06 07:45:00,10.08,
2023-10-06 08:00:00,10.12,
2023-10-06 08:15:00,10.17,
2023-10-06 08:30:00,10.2,
2023-10-06 08:45:00,10.21,
2023-10-06 09:00:00,10.23,
2023-10-06 09:15:00,10.23,
2023-10-06 09:30:00,10.21,
2023-10-06 09:45:00,10.18,
2023-10-06 10:00:00,10.14,
2023-10-06 10:15:00,10.1,
2023-10-06 10:30:00,10.04,
2023-10-06 10:45:00,9.97,
2023-10-06 11:00:00,9.9,
2023-10-06 11:15:00,9.83,
2023-10-06 11:30:00,9.76,
2023-10-06 11:45:00,9.68,
2023-10-06 12:00:00,9.62,
2023-10-06 12:15:00,9.55,
2023-10-06 12:30:00,9.49,
2023-10-06 12:45:00,9.43,
2023-10-06 13:00:00,9.39,
2023-10-06 13:15:00,9.33,
2023-10-06 13:30:00,9.28,
2023-10-06 13:45:00,9.22,
2023-10-06 14:00:00,9.16,
2023-10-06 14:15:00,9.11,
2023-10-06 14:30:00,9.08,
2023-10-06 14:45:00,9.04,
2023-10-06 15:00:00,9.0,
2023-10-06 15:15:00,8.96,
2023-10-06 15:30:00,8.92,
2023-10-06 15:45:00,8.89,
2023-10-06 16:00:00,8.85,
2023-10-06 16:15:00,8.81,
2023-10-06 16:30:00,8.77,
2023-10-06 16:45:00,8.72,
2023-10-06 17:00:00,8.66,
2023-10-06 17:15:00,8.6,
2023-10-06 17:30:00,8.58,
2023-10-06 17:45:00,8.58,
2023-10-06 18:00:00,8.58,
2023-10-06 18:15:00,8.58,
2023-10-06 18:30:00,8.59,
2023-10-06 18:45:00,8.62,
2023-10-06 19:00:00,8.65,
2023-10-06 19:15:00,8.69,
2023-10-06 19:30:00,8.73,
2023-10-06 19:45:00,8.77,
2023-10-06 20:00:00,8.81,
2023-10-06 20:15:00,8.84,
2023-10-06 20:30:00,8.88,
2023-10-06 20:45:00,8.92,
2023-10-06 21:00:00,8.95,
2023-10-06 21:15:00,8.97,
2023-10-06 21:30:00,9.0,
2023-10-06 21:45:00,9.04,
2023-10-06 22:00:00,9.06,
2023-10-06 22:15:00,9.09,
2023-10-06 22:30:00,9.12,
2023-10-06 22:45:00,9.14,
2023-10-06 23:00:00,9.17,
2023-10-06 23:15:00,9.2,
2023-10-06 23:30:00,9.22,
2023-10-06 23:45:00,9.24,
2023-10-07 00:00:00,9.26,
2023-10-07 00:15:00,9.29,
2023-10-07 00:30:00,9.32,
2023-10-07 00:45:00,9.34,
2023-10-07 01:00:00,9.36,
2023-10-07 01:15:00,9.38,
2023-10-07 01:30:00,9.4,
2023-10-07 01:45:00,9.42,
2023-10-07 02:00:00,9.45,
2023-10-07 02:15:00,9.46,
2023-10-07 02:30:00,9.48,
2023-10-07 02:45:00,9.5,
2023-10-07 03:00:00,9.52,
2023-10-07 03:15:00,9.53,
2023-10-07 03:30:00,9.56,
2023-10-07 03:45:00,9.57,
2023-10-07 04:00:00,9.59,
2023-10-07 04:15:00,9.61,
2023-10-07 04:30:00,9.63,
2023-10-07 04:45:00,9.64,
2023-10-07 05:00:00,9.66,
2023-10-07 05:15:00,9.67,
2023-10-07 05:30:00,9.69,
2023-10-07 05:45:00,9.7,
2023-10-07 06:00:00,9.72,
2023-10-07 06:15:00,9.73,
2023-10-07 06:30:00,9.75,
2023-10-07 06:45:00,9.79,
2023-10-07 07:00:00,9.83,
2023-10-07 07:15:00,9.86,
2023-10-07 07:30:00,9.9,
2023-10-07 07:45:00,9.92,
2023-10-07 08:00:00,9.96,
2023-10-07 08:15:00,10.01,
2023-10-07 08:30:00,10.04,
2023-10-07 08:45:00,10.06,
2023-10-07 09:00:00,10.08,
2023-10-07 09:15:00,10.09,
2023-10-07 09:30:00,10.08,
2023-10-07 09:45:00,10.05,
2023-10-07 10:00:00,10.02,
2023-10-07 10:15:00,9.98,
2023-10-07 10:30:00,9.93,
2023-10-07 10:45:00,9.87,
2023-10-07 11:00:00,9.8,
2023-10-07 11:15:00,9.73,
2023-10-07 11:30:00,9.66,
2023-10-07 11:45:00,9.6,
2023-10-07 12:00:00,9.53,
2023-10-07 12:15:00,9.46,
2023-10-07 12:30:00,9.41,
2023-10-07 12:45:00,9.35,
2023-10-07 13:00:00,9.29,
2023-10-07 13:15:00,9.24,
2023-10-07 13:30:00,9.19,
2023-10-07 13:45:00,9.15,
2023-10-07 14:00:00,9.1,
2023-10-07 14:15:00,9.05,
2023-10-07 14:30:00,9.01,
2023-10-07 14:45:00,8.97,
2023-10-07 15:00:00,8.93,
2023-10-07 15:15:00,8.9,
2023-10-07 15:30:00,8.86,
2023-10-07 15:45:00,8.82,
2023-10-07 16:00:00,8.78,
2023-10-07 16:15:00,8.75,
2023-10-07 16:30:00,8.7,
2023-10-07 16:45:00,8.65,
2023-10-07 17:00:00,8.59,
2023-10-07 17:15:00,8.53,
2023-10-07 17:30:00,8.51,
2023-10-07 17:45:00,8.5,
2023-10-07 18:00:00,8.52,
2023-10-07 18:15:00,8.52,
2023-10-07 18:30:00,8.55,
2023-10-07 18:45:00,8.58,
2023-10-07 19:00:00,8.61,
2023-10-07 19:15:00,8.65,
2023-10-07 19:30:00,8.68,
2023-10-07 19:45:00,8.73,
2023-10-07 20:00:00,8.77,
2023-10-07 20:15:00,8.8,
2023-10-07 20:30:00,8.84,
2023-10-07 20:45:00,8.88,
2023-10-07 21:00:00,8.91,
2023-10-07 21:15:00,8.94,
2023-10-07 21:30:00,8.97,
2023-10-07 21:45:00,9.0,
2023-10-07 22:00:00,9.03,
2023-10-07 22:15:00,9.07,
2023-10-07 22:30:00,9.1,
2023-10-07 22:45:00,9.13,
2023-10-07 23:00:00,9.16,
2023-10-07 23:15:00,9.19,
2023-10-07 23:30:00,9.22,
2023-10-07 23:45:00,9.25,
2023-10-08 00:00:00,9.28,
2023-10-08 00:15:00,9.3,
2023-10-08 00:30:00,9.33,
2023-10-08 00:45:00,9.35,
2023-10-08 01:00:00,9.38,
2023-10-08 01:15:00,9.4,
2023-10-08 01:30:00,9.42,
2023-10-08 01:45:00,9.44,
2023-10-08 02:00:00,9.46,
2023-10-08 02:15:00,9.48,
2023-10-08 02:30:00,9.5,
2023-10-08 02:45:00,9.52,
2023-10-08 03:00:00,9.54,
2023-10-08 03:15:00,9.56,
2023-10-08 03:30:00,9.58,
2023-10-08 03:45:00,9.6,
2023-10-08 04:00:00,9.61,
2023-10-08 04:15:00,9.63,
2023-10-08 04:30:00,9.65,
2023-10-08 04:45:00,9.68,
2023-10-08 05:00:00,9.69,
2023-10-08 05:15:00,9.71,
2023-10-08 05:30:00,9.72,
2023-10-08 05:45:00,9.74,
2023-10-08 06:00:00,9.76,
2023-10-08 06:15:00,9.78,
2023-10-08 06:30:00,9.8,
2023-10-08 06:45:00,9.84,
2023-10-08 07:00:00,9.88,
2023-10-08 07:15:00,9.93,
2023-10-08 07:30:00,9.96,
2023-10-08 07:45:00,9.99,
2023-10-08 08:00:00,10.03,
2023-10-08 08:15:00,10.08,
2023-10-08 08:30:00,10.11,
2023-10-08 08:45:00,10.14,
2023-10-08 09:00:00,10.16,
2023-10-08 09:15:00,10.16,
2023-10-08 09:30:00,10.16,
2023-10-08 09:45:00,10.13,
2023-10-08 10:00:00,10.09,
2023-10-08 10:15:00,10.04,
2023-10-08 10:30:00,9.99,
2023-10-08 10:45:00,9.93,
2023-10-08 11:00:00,9.86,
2023-10-08 11:15:00,9.79,
2023-10-08 11:30:00,9.71,
2023-10-08 11:45:00,9.64,
2023-10-08 12:00:00,9.57,
2023-10-08 12:15:00,9.51,
2023-10-08 12:30:00,9.44,
2023-10-08 12:45:00,9.39,
2023-10-08 13:00:00,9.33,
2023-10-08 13:15:00,9.28,
2023-10-08 13:30:00,9.23,
2023-10-08 13:45:00,9.18,
2023-10-08 14:00:00,9.14,
2023-10-08 14:15:00,9.09,
2023-10-08 14:30:00,9.05,
2023-10-08 14:45:00,9.01,
2023-10-08 15:00:00,8.97,
2023-10-08 15:15:00,8.94,
2023-10-08 15:30:00,8.9,
2023-10-08 15:45:00,8.86,
2023-10-08 16:00:00,8.83,
2023-10-08 16:15:00,8.79,
2023-10-08 16:30:00,8.74,
2023-10-08 16:45:00,8.7,
2023-10-08 17:00:00,8.63,
2023-10-08 17:15:00,8.56,
2023-10-08 17:30:00,8.55,
2023-10-08 17:45:00,8.56,
2023-10-08 18:00:00,8.56,
2023-10-08 18:15:00,8.58,
2023-10-08 18:30:00,8.61,
2023-10-08 18:45:00,8.64,
2023-10-08 19:00:00,8.67,
2023-10-08 19:15:00,8.72,
2023-10-08 19:30:00,8.76,
2023-10-08 19:45:00,8.8,
2023-10-08 20:00:00,8.84,
2023-10-08 20:15:00,8.89,
2023-10-08 20:30:00,8.92,
2023-10-08 20:45:00,8.96,
2023-10-08 21:00:00,9.0,
2023-10-08 21:15:00,9.03,
2023-10-08 21:30:00,9.06,
2023-10-08 21:45:00,9.1,
2023-10-08 22:00:00,9.13,
2023-10-08 22:15:00,9.16,
2023-10-08 22:30:00,9.19,
2023-10-08 22:45:00,9.23,
2023-10-08 23:00:00,9.26,
2023-10-08 23:15:00,9.29,
2023-10-08 23:30:00,9.31,
2023-10-08 23:45:00,9.34,
2023-10-09 00:00:00,9.36,
2023-10-09 00:15:00,9.39,
2023-10-09 00:30:00,9.42,
2023-10-09 00:45:00,9.44,
2023-10-09 01:00:00,9.47,
2023-10-09 01:15:00,9.49,
2023-10-09 01:30:00,9.52,
2023-10-09 01:45:00,9.54,
2023-10-09 02:00:00,9.57,
2023-10-09 02:15:00,9.58,
2023-10-09 02:30:00,9.61,
2023-10-09 02:45:00,9.63,
2023-10-09 03:00:00,9.64,
2023-10-09 03:15:00,9.66,
2023-10-09 03:30:00,9.68,
2023-10-09 03:45:00,9.68,
2023-10-09 04:00:00,9.71,
2023-10-09 04:15:00,9.73,
2023-10-09 04:30:00,9.75,
2023-10-09 04:45:00,9.77,
2023-10-09 05:00:00,9.78,
2023-10-09 05:15:00,9.8,
2023-10-09 05:30:00,9.81,
2023-10-09 05:45:00,9.83,
2023-10-09 06:00:00,9.84,
2023-10-09 06:15:00,9.86,
2023-10-09 06:30:00,9.87,
2023-10-09 06:45:00,9.91,
2023-10-09 07:00:00,9.94,
2023-10-09 07:15:00,9.98,
2023-10-09 07:30:00,10.01,
2023-10-09 07:45:00,10.03,
2023-10-09 08:00:00,10.06,
2023-10-09 08:15:00,10.11,
2023-10-09 08:30:00,10.14,
2023-10-09 08:45:00,10.16,
2023-10-09 09:00:00,10.17,
2023-10-09 09:15:00,10.18,
2023-10-09 09:30:00,10.17,
2023-10-09 09:45:00,10.13,
2023-10-09 10:00:00,10.09,
2023-10-09 10:15:00,10.04,
2023-10-09 10:30:00,9.99,
2023-10-09 10:45:00,9.92,
2023-10-09 11:00:00,9.85,
2023-10-09 11:15:00,9.78,
2023-10-09 11:30:00,9.7,
2023-10-09 11:45:00,9.63,
2023-10-09 12:00:00,9.56,
2023-10-09 12:15:00,9.5,
2023-10-09 12:30:00,9.43,
2023-10-09 12:45:00,9.38,
2023-10-09 13:00:00,9.32,
2023-10-09 13:15:00,9.27,
2023-10-09 13:30:00,9.21,
2023-10-09 13:45:00,9.16,
2023-10-09 14:00:00,9.11,
2023-10-09 14:15:00,9.07,
2023-10-09 14:30:00,9.03,
2023-10-09 14:45:00,8.99,
2023-10-09 15:00:00,8.95,
2023-10-09 15:15:00,8.91,
2023-10-09 15:30:00,8.87,
2023-10-09 15:45:00,8.84,
2023-10-09 16:00:00,8.8,
2023-10-09 16:15:00,8.76,
2023-10-09 16:30:00,8.71,
2023-10-09 16:45:00,8.66,
2023-10-09 17:00:00,8.58,
2023-10-09 17:15:00,8.53,
2023-10-09 17:30:00,8.51,
2023-10-09 17:45:00,8.51,
2023-10-09 18:00:00,8.51,
2023-10-09 18:15:00,8.51,
2023-10-09 18:30:00,8.54,
2023-10-09 18:45:00,8.57,
2023-10-09 19:00:00,8.62,
2023-10-09 19:15:00,8.66,
2023-10-09 19:30:00,8.7,
2023-10-09 19:45:00,8.74,
2023-10-09 20:00:00,8.77,
2023-10-09 20:15:00,8.82,
2023-10-09 20:30:00,8.85,
2023-10-09 20:45:00,8.88,
2023-10-09 21:00:00,8.91,
2023-10-09 21:15:00,8.95,
2023-10-09 21:30:00,8.98,
2023-10-09 21:45:00,9.01,
2023-10-09 22:00:00,9.05,
2023-10-09 22:15:00,9.08,
2023-10-09 22:30:00,9.12,
2023-10-09 22:45:00,9.14,
2023-10-09 23:00:00,9.18,
2023-10-09 23:15:00,9.2,
2023-10-09 23:30:00,9.23,
2023-10-09 23:45:00,9.25,
2023-10-10 00:00:00,9.27,
2023-10-10 00:15:00,9.3,
2023-10-10 00:30:00,9.32,
2023-10-10 00:45:00,9.34,
2023-10-10 01:00:00,9.37,
2023-10-10 01:15:00,9.39,
2023-10-10 01:30:00,9.41,
2023-10-10 01:45:00,9.42,
2023-10-10 02:00:00,9.44,
2023-10-10 02:15:00,9.46,
2023-10-10 02:30:00,9.47,
2023-10-10 02:45:00,9.5,
2023-10-10 03:00:00,9.51,
2023-10-10 03:15:00,9.53,
2023-10-10 03:30:00,9.54,
2023-10-10 03:45:00,9.55,
2023-10-10 04:00:00,9.57,
2023-10-10 04:15:00,9.59,
2023-10-10 04:30:00,9.6,
2023-10-10 04:45:00,9.62,
2023-10-10 05:00:00,9.63,
2023-10-10 05:15:00,9.64,
2023-10-10 05:30:00,9.66,
2023-10-10 05:45:00,9.67,
2023-10-10 06:00:00,9.69,
2023-10-10 06:15:00,9.7,
2023-10-10 06:30:00,9.73,
2023-10-10 06:45:00,9.75,
2023-10-10 07:00:00,9.78,
2023-10-10 07:15:00,9.83,
2023-10-10 07:30:00,9.86,
2023-10-10 07:45:00,9.91,
2023-10-10 08:00:00,9.95,
2023-10-10 08:15:00,9.98,
2023-10-10 08:30:00,10.0,
2023-10-10 08:45:00,10.02,
2023-10-10 09:00:00,10.03,
2023-10-10 09:15:00,10.04,
2023-10-10 09:30:00,10.03,
2023-10-10 09:45:00,10.0,
2023-10-10 10:00:00,9.97,
2023-10-10 10:15:00,9.92,
2023-10-10 10:30:00,9.87,
2023-10-10 10:45:00,9.81,
2023-10-10 11:00:00,9.75,
2023-10-10 11:15:00,9.68,
2023-10-10 11:30:00,9.61,
2023-10-10 11:45:00,9.55,
2023-10-10 12:00:00,9.44,
2023-10-10 12:15:00,9.46,
2023-10-10 12:30:00,9.44,
2023-10-10 12:45:00,9.37,
2023-10-10 13:00:00,9.33,
2023-10-10 13:15:00,9.3,
2023-10-10 13:30:00,9.24,
2023-10-10 13:45:00,9.13,
2023-10-10 14:00:00,9.1,
2023-10-10 14:15:00,9.1,
2023-10-10 14:30:00,9.1,
2023-10-10 14:45:00,9.02,
2023-10-10 15:00:00,8.94,
2023-10-10 15:15:00,8.94,
2023-10-10 15:30:00,8.95,
2023-10-10 15:45:00,9.0,
2023-10-10 16:00:00,8.95,
2023-10-10 16:15:00,8.82,
2023-10-10 16:30:00,8.74,
2023-10-10 16:45:00,8.66,
2023-10-10 17:00:00,8.6,
2023-10-10 17:15:00,8.57,
2023-10-10 17:30:00,8.58,
2023-10-10 17:45:00,8.55,
2023-10-10 18:00:00,8.53,
2023-10-10 18:15:00,8.53,
2023-10-10 18:30:00,8.54,
2023-10-10 18:45:00,8.57,
2023-10-10 19:00:00,8.58,
2023-10-10 19:15:00,8.6,
2023-10-10 19:30:00,8.62,
2023-10-10 19:45:00,8.65,
2023-10-10 20:00:00,8.67,
2023-10-10 20:15:00,8.7,
2023-10-10 20:30:00,8.73,
2023-10-10 20:45:00,8.76,
2023-10-10 21:00:00,8.8,
2023-10-10 21:15:00,8.83,
2023-10-10 21:30:00,8.85,
2023-10-10 21:45:00,8.88,
2023-10-10 22:00:00,8.91,
2023-10-10 22:15:00,8.94,
2023-10-10 22:30:00,8.97,
2023-10-10 22:45:00,9.0,
2023-10-10 23:00:00,9.03,
2023-10-10 23:15:00,9.05,
2023-10-10 23:30:00,9.07,
2023-10-10 23:45:00,9.1,
2023-10-11 00:00:00,9.11,
2023-10-11 00:15:00,9.14,
2023-10-11 00:30:00,9.15,
2023-10-11 00:45:00,9.17,
2023-10-11 01:00:00,9.19,
2023-10-11 01:15:00,9.2,
2023-10-11 01:30:00,9.22,
2023-10-11 01:45:00,9.22,
2023-10-11 02:00:00,9.23,
2023-10-11 02:15:00,9.25,
2023-10-11 02:30:00,9.25,
2023-10-11 02:45:00,9.26,
2023-10-11 03:00:00,9.27,
2023-10-11 03:15:00,9.26,
2023-10-11 03:30:00,9.27,
2023-10-11 03:45:00,9.28,
2023-10-11 04:00:00,9.28,
2023-10-11 04:15:00,9.29,
2023-10-11 04:30:00,9.3,
2023-10-11 04:45:00,9.31,
2023-10-11 05:00:00,9.31,
2023-10-11 05:15:00,9.31,
2023-10-11 05:30:00,9.31,
2023-10-11 05:45:00,9.32,
2023-10-11 06:00:00,9.32,
2023-10-11 06:15:00,9.32,
2023-10-11 06:30:00,9.32,
2023-10-11 06:45:00,9.33,
2023-10-11 07:00:00,9.34,
2023-10-11 07:15:00,9.35,
2023-10-11 07:30:00,9.37,
2023-10-11 07:45:00,9.41,
2023-10-11 08:00:00,9.43,
2023-10-11 08:15:00,9.48,
2023-10-11 08:30:00,9.51,
2023-10-11 08:45:00,9.53,
2023-10-11 09:00:00,9.6,
2023-10-11 09:15:00,9.66,
2023-10-11 09:30:00,9.7,
2023-10-11 09:45:00,9.74,
2023-10-11 10:00:00,9.78,
2023-10-11 10:15:00,9.76,
2023-10-11 10:30:00,9.79,
2023-10-11 10:45:00,9.76,
2023-10-11 11:00:00,9.7,
2023-10-11 11:15:00,9.7,
2023-10-11 11:30:00,9.75,
2023-10-11 11:45:00,9.62,
2023-10-11 12:00:00,9.54,
2023-10-11 12:15:00,9.55,
2023-10-11 12:30:00,9.49,
2023-10-11 12:45:00,9.43,
2023-10-11 13:00:00,9.37,
2023-10-11 13:15:00,9.35,
2023-10-11 13:30:00,9.47,
2023-10-11 13:45:00,9.51,
2023-10-11 14:00:00,9.53,
2023-10-11 14:15:00,9.48,
2023-10-11 14:30:00,9.41,
2023-10-11 14:45:00,9.42,
2023-10-11 15:00:00,9.34,
2023-10-11 15:15:00,9.31,
2023-10-11 15:30:00,9.36,
2023-10-11 15:45:00,9.34,
2023-10-11 16:00:00,9.29,
2023-10-11 16:15:00,9.22,
2023-10-11 16:30:00,9.19,
2023-10-11 16:45:00,9.19,
2023-10-11 17:00:00,9.16,
2023-10-11 17:15:00,9.15,
2023-10-11 17:30:00,9.14,
2023-10-11 17:45:00,9.14,
2023-10-11 18:00:00,9.15,
2023-10-11 18:15:00,9.17,
2023-10-11 18:30:00,9.18,
2023-10-11 18:45:00,9.18,
2023-10-11 19:00:00,9.2,
2023-10-11 19:15:00,9.22,
2023-10-11 19:30:00,9.23,
2023-10-11 19:45:00,9.25,
2023-10-11 20:00:00,9.26,
2023-10-11 20:15:00,9.28,
2023-10-11 20:30:00,9.29,
2023-10-11 20:45:00,9.3,
2023-10-11 21:00:00,9.31,
2023-10-11 21:15:00,9.32,
2023-10-11 21:30:00,9.34,
2023-10-11 21:45:00,9.35,
2023-10-11 22:00:00,9.35,
2023-10-11 22:15:00,9.36,
2023-10-11 22:30:00,9.38,
2023-10-11 22:45:00,9.39,
2023-10-11 23:00:00,9.4,
2023-10-11 23:15:00,9.42,
2023-10-11 23:30:00,9.44,
2023-10-11 23:45:00,9.45,
2023-10-12 00:00:00,9.47,
2023-10-12 00:15:00,9.48,
2023-10-12 00:30:00,9.49,
2023-10-12 00:45:00,9.5,
2023-10-12 01:00:00,9.51,
2023-10-12 01:15:00,9.51,
2023-10-12 01:30:00,9.53,
2023-10-12 01:45:00,9.53,
2023-10-12 02:00:00,9.54,
2023-10-12 02:15:00,9.55,
2023-10-12 02:30:00,9.56,
2023-10-12 02:45:00,9.57,
2023-10-12 03:00:00,9.59,
2023-10-12 03:15:00,9.6,
2023-10-12 03:30:00,9.61,
2023-10-12 03:45:00,9.62,
2023-10-12 04:00:00,9.63,
2023-10-12 04:15:00,9.64,
2023-10-12 04:30:00,9.65,
2023-10-12 04:45:00,9.66,
2023-10-12 05:00:00,9.67,
2023-10-12 05:15:00,9.68,
2023-10-12 05:30:00,9.69,
2023-10-12 05:45:00,9.7,
2023-10-12 06:00:00,9.71,
2023-10-12 06:15:00,9.71,
2023-10-12 06:30:00,9.73,
2023-10-12 06:45:00,9.74,
2023-10-12 07:00:00,9.76,
2023-10-12 07:15:00,9.78,
2023-10-12 07:30:00,9.83,
2023-10-12 07:45:00,9.9,
2023-10-12 08:00:00,9.94,
2023-10-12 08:15:00,9.97,
2023-10-12 08:30:00,10.03,
2023-10-12 08:45:00,10.05,
2023-10-12 09:00:00,10.06,
2023-10-12 09:15:00,10.08,
2023-10-12 09:30:00,10.14,
2023-10-12 09:45:00,10.14,
2023-10-12 10:00:00,10.12,
2023-10-12 10:15:00,10.11,
2023-10-12 10:30:00,10.12,
2023-10-12 10:45:00,10.13,
2023-10-12 11:00:00,10.14,
2023-10-12 11:15:00,10.14,
2023-10-12 11:30:00,10.12,
2023-10-12 11:45:00,10.13,
2023-10-12 12:00:00,10.12,
2023-10-12 12:15:00,10.09,
2023-10-12 12:30:00,10.07,
2023-10-12 12:45:00,9.99,
2023-10-12 13:00:00,9.94,
2023-10-12 13:15:00,9.86,
2023-10-12 13:30:00,9.82,
2023-10-12 13:45:00,9.86,
2023-10-12 14:00:00,9.88,
2023-10-12 14:15:00,9.91,
2023-10-12 14:30:00,9.87,
2023-10-12 14:45:00,9.9,
2023-10-12 15:00:00,9.91,
2023-10-12 15:15:00,9.9,
2023-10-12 15:30:00,9.89,
2023-10-12 15:45:00,9.85,
2023-10-12 16:00:00,9.8,
2023-10-12 16:15:00,9.76,
2023-10-12 16:30:00,9.68,
2023-10-12 16:45:00,9.61,
2023-10-12 17:00:00,9.57,
2023-10-12 17:15:00,9.53,
2023-10-12 17:30:00,9.49,
2023-10-12 17:45:00,9.47,
2023-10-12 18:00:00,9.45,
2023-10-12 18:15:00,9.46,
2023-10-12 18:30:00,9.46,
2023-10-12 18:45:00,9.47,
2023-10-12 19:00:00,9.47,
2023-10-12 19:15:00,9.49,
2023-10-12 19:30:00,9.5,
2023-10-12 19:45:00,9.51,
2023-10-12 20:00:00,9.52,
2023-10-12 20:15:00,9.52,
2023-10-12 20:30:00,9.53,
2023-10-12 20:45:00,9.54,
2023-10-12 21:00:00,9.55,
2023-10-12 21:15:00,9.56,
2023-10-12 21:30:00,9.56,
2023-10-12 21:45:00,9.57,
2023-10-12 22:00:00,9.58,
2023-10-12 22:15:00,9.59,
2023-10-12 22:30:00,9.59,
2023-10-12 22:45:00,9.6,
2023-10-12 23:00:00,9.61,
2023-10-12 23:15:00,9.62,
2023-10-12 23:30:00,9.62,
2023-10-12 23:45:00,9.63,
2023-10-13 00:00:00,9.64,
2023-10-13 00:15:00,9.64,
2023-10-13 00:30:00,9.65,
2023-10-13 00:45:00,9.65,
2023-10-13 01:00:00,9.66,
2023-10-13 01:15:00,9.67,
2023-10-13 01:30:00,9.67,
2023-10-13 01:45:00,9.69,
2023-10-13 02:00:00,9.7,
2023-10-13 02:15:00,9.71,
2023-10-13 02:30:00,9.73,
2023-10-13 02:45:00,9.74,
2023-10-13 03:00:00,9.74,
2023-10-13 03:15:00,9.75,
2023-10-13 03:30:00,9.76,
2023-10-13 03:45:00,9.78,
2023-10-13 04:00:00,9.79,
2023-10-13 04:15:00,9.8,
2023-10-13 04:30:00,9.83,
2023-10-13 04:45:00,9.85,
2023-10-13 05:00:00,9.86,
2023-10-13 05:15:00,9.88,
2023-10-13 05:30:00,9.9,
2023-10-13 05:45:00,9.92,
2023-10-13 06:00:00,9.93,
2023-10-13 06:15:00,9.95,
2023-10-13 06:30:00,9.97,
2023-10-13 06:45:00,10.0,
2023-10-13 07:00:00,10.04,
2023-10-13 07:15:00,10.08,
2023-10-13 07:30:00,10.12,
2023-10-13 07:45:00,10.15,
2023-10-13 08:00:00,10.18,
2023-10-13 08:15:00,10.23,
2023-10-13 08:30:00,10.29,
2023-10-13 08:45:00,10.32,
2023-10-13 09:00:00,10.33,
2023-10-13 09:15:00,10.34,
2023-10-13 09:30:00,10.34,
2023-10-13 09:45:00,10.32,
2023-10-13 10:00:00,10.29,
2023-10-13 10:15:00,10.26,
2023-10-13 10:30:00,10.22,
2023-10-13 10:45:00,10.2,
2023-10-13 11:00:00,10.14,
2023-10-13 11:15:00,10.09,
2023-10-13 11:30:00,10.05,
2023-10-13 11:45:00,9.97,
2023-10-13 12:00:00,9.87,
2023-10-13 12:15:00,9.81,
2023-10-13 12:30:00,9.79,
2023-10-13 12:45:00,9.7,
2023-10-13 13:00:00,9.65,
2023-10-13 13:15:00,9.6,
2023-10-13 13:30:00,9.59,
2023-10-13 13:45:00,9.56,
2023-10-13 14:00:00,9.52,
2023-10-13 14:15:00,9.45,
2023-10-13 14:30:00,9.41,
2023-10-13 14:45:00,9.39,
2023-10-13 15:00:00,9.37,
2023-10-13 15:15:00,9.43,
2023-10-13 15:30:00,9.45,
2023-10-13 15:45:00,9.47,
2023-10-13 16:00:00,9.35,
2023-10-13 16:15:00,9.27,
2023-10-13 16:30:00,9.27,
2023-10-13 16:45:00,9.25,
2023-10-13 17:00:00,9.23,
2023-10-13 17:15:00,9.21,
2023-10-13 17:30:00,9.2,
2023-10-13 17:45:00,9.19,
2023-10-13 18:00:00,9.18,
2023-10-13 18:15:00,9.18,
2023-10-13 18:30:00,9.19,
2023-10-13 18:45:00,9.2,
2023-10-13 19:00:00,9.21,
2023-10-13 19:15:00,9.24,
2023-10-13 19:30:00,9.25,
2023-10-13 19:45:00,9.28,
2023-10-13 20:00:00,9.31,
2023-10-13 20:15:00,9.32,
2023-10-13 20:30:00,9.35,
2023-10-13 20:45:00,9.37,
2023-10-13 21:00:00,9.4,
2023-10-13 21:15:00,9.42,
2023-10-13 21:30:00,9.44,
2023-10-13 21:45:00,9.46,
2023-10-13 22:00:00,9.48,
2023-10-13 22:15:00,9.49,
2023-10-13 22:30:00,9.52,
2023-10-13 22:45:00,9.54,
2023-10-13 23:00:00,9.56,
2023-10-13 23:15:00,9.58,
2023-10-13 23:30:00,9.59,
2023-10-13 23:45:00,9.62,
2023-10-14 00:00:00,9.64,
2023-10-14 00:15:00,9.67,
2023-10-14 00:30:00,9.7,
2023-10-14 00:45:00,9.72,
2023-10-14 01:00:00,9.75,
2023-10-14 01:15:00,9.77,
2023-10-14 01:30:00,9.8,
2023-10-14 01:45:00,9.83,
2023-10-14 02:00:00,9.85,
2023-10-14 02:15:00,9.87,
2023-10-14 02:30:00,9.9,
2023-10-14 02:45:00,9.92,
2023-10-14 03:00:00,9.94,
2023-10-14 03:15:00,9.97,
2023-10-14 03:30:00,9.99,
2023-10-14 03:45:00,10.0,
2023-10-14 04:00:00,10.02,
2023-10-14 04:15:00,10.04,
2023-10-14 04:30:00,10.06,
2023-10-14 04:45:00,10.07,
2023-10-14 05:00:00,10.08,
2023-10-14 05:15:00,10.1,
2023-10-14 05:30:00,10.11,
2023-10-14 05:45:00,10.13,
2023-10-14 06:00:00,10.15,
2023-10-14 06:15:00,10.15,
2023-10-14 06:30:00,10.16,
2023-10-14 06:45:00,10.17,
2023-10-14 07:00:00,10.2,
2023-10-14 07:15:00,10.25,
2023-10-14 07:30:00,10.3,
2023-10-14 07:45:00,10.39,
2023-10-14 08:00:00,10.43,
2023-10-14 08:15:00,10.4,
2023-10-14 08:30:00,10.41,
2023-10-14 08:45:00,10.45,
2023-10-14 09:00:00,10.45,
2023-10-14 09:15:00,10.39,
2023-10-14 09:30:00,10.29,
2023-10-14 09:45:00,10.27,
2023-10-14 10:00:00,10.33,
2023-10-14 10:15:00,10.41,
2023-10-14 10:30:00,10.51,
2023-10-14 10:45:00,10.53,
2023-10-14 11:00:00,10.52,
2023-10-14 11:15:00,10.48,
2023-10-14 11:30:00,10.44,
2023-10-14 11:45:00,10.39,
2023-10-14 12:00:00,10.33,
2023-10-14 12:15:00,10.22,
2023-10-14 12:30:00,10.14,
2023-10-14 12:45:00,10.12,
2023-10-14 13:00:00,10.04,
2023-10-14 13:15:00,9.99,
2023-10-14 13:30:00,9.89,
2023-10-14 13:45:00,9.79,
2023-10-14 14:00:00,9.74,
2023-10-14 14:15:00,9.68,
2023-10-14 14:30:00,9.63,
2023-10-14 14:45:00,9.59,
2023-10-14 15:00:00,9.55,
2023-10-14 15:15:00,9.52,
2023-10-14 15:30:00,9.49,
2023-10-14 15:45:00,9.46,
2023-10-14 16:00:00,9.39,
2023-10-14 16:15:00,9.39,
2023-10-14 16:30:00,9.38,
2023-10-14 16:45:00,9.33,
2023-10-14 17:00:00,9.25,
2023-10-14 17:15:00,9.2,
2023-10-14 17:30:00,9.16,
2023-10-14 17:45:00,9.15,
2023-10-14 18:00:00,9.15,
2023-10-14 18:15:00,9.17,
2023-10-14 18:30:00,9.19,
2023-10-14 18:45:00,9.21,
2023-10-14 19:00:00,9.25,
2023-10-14 19:15:00,9.28,
2023-10-14 19:30:00,9.32,
2023-10-14 19:45:00,9.35,
2023-10-14 20:00:00,9.39,
2023-10-14 20:15:00,9.42,
2023-10-14 20:30:00,9.46,
2023-10-14 20:45:00,9.48,
2023-10-14 21:00:00,9.52,
2023-10-14 21:15:00,9.55,
2023-10-14 21:30:00,9.58,
2023-10-14 21:45:00,9.6,
2023-10-14 22:00:00,9.63,
2023-10-14 22:15:00,9.67,
2023-10-14 22:30:00,9.7,
2023-10-14 22:45:00,9.72,
2023-10-14 23:00:00,9.74,
2023-10-14 23:15:00,9.77,
2023-10-14 23:30:00,9.8,
2023-10-14 23:45:00,9.82,
2023-10-15 00:00:00,9.85,
2023-10-15 00:15:00,9.87,
2023-10-15 00:30:00,9.89,
2023-10-15 00:45:00,9.91,
2023-10-15 01:00:00,9.94,
2023-10-15 01:15:00,9.96,
2023-10-15 01:30:00,9.98,
2023-10-15 01:45:00,10.0,
2023-10-15 02:00:00,10.02,
2023-10-15 02:15:00,10.04,
2023-10-15 02:30:00,10.06,
2023-10-15 02:45:00,10.08,
2023-10-15 03:00:00,10.1,
2023-10-15 03:15:00,10.12,
2023-10-15 03:30:00,10.14,
2023-10-15 03:45:00,10.16,
2023-10-15 04:00:00,10.17,
2023-10-15 04:15:00,10.19,
2023-10-15 04:30:00,10.21,
2023-10-15 04:45:00,10.22,
2023-10-15 05:00:00,10.24,
2023-10-15 05:15:00,10.25,
2023-10-15 05:30:00,10.26,
2023-10-15 05:45:00,10.28,
2023-10-15 06:00:00,10.3,
2023-10-15 06:15:00,10.31,
2023-10-15 06:30:00,10.32,
2023-10-15 06:45:00,10.35,
2023-10-15 07:00:00,10.39,
2023-10-15 07:15:00,10.43,
2023-10-15 07:30:00,10.46,
2023-10-15 07:45:00,10.49,
2023-10-15 08:00:00,10.52,
2023-10-15 08:15:00,10.57,
2023-10-15 08:30:00,10.61,
2023-10-15 08:45:00,10.63,
2023-10-15 09:00:00,10.64,
2023-10-15 09:15:00,10.64,
2023-10-15 09:30:00,10.64,
2023-10-15 09:45:00,10.61,
2023-10-15 10:00:00,10.57,
2023-10-15 10:15:00,10.52,
2023-10-15 10:30:00,10.46,
2023-10-15 10:45:00,10.4,
2023-10-15 11:00:00,10.33,
2023-10-15 11:15:00,10.26,
2023-10-15 11:30:00,10.18,
2023-10-15 11:45:00,10.1,
2023-10-15 12:00:00,10.02,
2023-10-15 12:15:00,9.95,
2023-10-15 12:30:00,9.88,
2023-10-15 12:45:00,9.82,
2023-10-15 13:00:00,9.77,
2023-10-15 13:15:00,9.72,
2023-10-15 13:30:00,9.67,
2023-10-15 13:45:00,9.62,
2023-10-15 14:00:00,9.57,
2023-10-15 14:15:00,9.52,
2023-10-15 14:30:00,9.47,
2023-10-15 14:45:00,9.43,
2023-10-15 15:00:00,9.39,
2023-10-15 15:15:00,9.34,
2023-10-15 15:30:00,9.35,
2023-10-15 15:45:00,9.32,
2023-10-15 16:00:00,9.26,
2023-10-15 16:15:00,9.22,
2023-10-15 16:30:00,9.15,
2023-10-15 16:45:00,9.1,
2023-10-15 17:00:00,9.03,
2023-10-15 17:15:00,9.02,
2023-10-15 17:30:00,9.0,
2023-10-15 17:45:00,8.97,
2023-10-15 18:00:00,8.95,
2023-10-15 18:15:00,8.96,
2023-10-15 18:30:00,8.97,
2023-10-15 18:45:00,9.0,
2023-10-15 19:00:00,9.03,
2023-10-15 19:15:00,9.07,
2023-10-15 19:30:00,9.12,
2023-10-15 19:45:00,9.15,
2023-10-15 20:00:00,9.19,
2023-10-15 20:15:00,9.22,
2023-10-15 20:30:00,9.25,
2023-10-15 20:45:00,9.28,
2023-10-15 21:00:00,9.32,
2023-10-15 21:15:00,9.34,
2023-10-15 21:30:00,9.37,
2023-10-15 21:45:00,9.41,
2023-10-15 22:00:00,9.44,
2023-10-15 22:15:00,9.47,
2023-10-15 22:30:00,9.5,
2023-10-15 22:45:00,9.52,
2023-10-15 23:00:00,9.55,
2023-10-15 23:15:00,9.57,
2023-10-15 23:30:00,9.6,
2023-10-15 23:45:00,9.62,
2023-10-16 00:00:00,9.65,
2023-10-16 00:15:00,9.67,
2023-10-16 00:30:00,9.7,
2023-10-16 00:45:00,9.71,
2023-10-16 01:00:00,9.73,
2023-10-16 01:15:00,9.76,
2023-10-16 01:30:00,9.78,
2023-10-16 01:45:00,9.8,
2023-10-16 02:00:00,9.82,
2023-10-16 02:15:00,9.84,
2023-10-16 02:30:00,9.86,
2023-10-16 02:45:00,9.88,
2023-10-16 03:00:00,9.9,
2023-10-16 03:15:00,9.91,
2023-10-16 03:30:00,9.93,
2023-10-16 03:45:00,9.94,
2023-10-16 04:00:00,9.96,
2023-10-16 04:15:00,9.97,
2023-10-16 04:30:00,9.99,
2023-10-16 04:45:00,10.0,
2023-10-16 05:00:00,10.02,
2023-10-16 05:15:00,10.03,
2023-10-16 05:30:00,10.05,
2023-10-16 05:45:00,10.07,
2023-10-16 06:00:00,10.08,
2023-10-16 06:15:00,10.1,
2023-10-16 06:30:00,10.11,
2023-10-16 06:45:00,10.14,
2023-10-16 07:00:00,10.17,
2023-10-16 07:15:00,10.21,
2023-10-16 07:30:00,10.25,
2023-10-16 07:45:00,10.28,
2023-10-16 08:00:00,10.31,
2023-10-16 08:15:00,10.36,
2023-10-16 08:30:00,10.4,
2023-10-16 08:45:00,10.43,
2023-10-16 09:00:00,10.44,
2023-10-16 09:15:00,10.45,
2023-10-16 09:30:00,10.44,
2023-10-16 09:45:00,10.41,
2023-10-16 10:00:00,10.37,
2023-10-16 10:15:00,10.33,
2023-10-16 10:30:00,10.28,
2023-10-16 10:45:00,10.21,
2023-10-16 11:00:00,10.14,
2023-10-16 11:15:00,10.07,
2023-10-16 11:30:00,9.99,
2023-10-16 11:45:00,9.92,
2023-10-16 12:00:00,9.85,
2023-10-16 12:15:00,9.78,
2023-10-16 12:30:00,9.71,
2023-10-16 12:45:00,9.63,
2023-10-16 13:00:00,9.57,
2023-10-16 13:15:00,9.52,
2023-10-16 13:30:00,9.46,
2023-10-16 13:45:00,9.41,
2023-10-16 14:00:00,9.35,
2023-10-16 14:15:00,9.3,
2023-10-16 14:30:00,9.26,
2023-10-16 14:45:00,9.22,
2023-10-16 15:00:00,9.18,
2023-10-16 15:15:00,9.13,
2023-10-16 15:30:00,9.1,
2023-10-16 15:45:00,9.06,
2023-10-16 16:00:00,9.02,
2023-10-16 16:15:00,8.97,
2023-10-16 16:30:00,8.92,
2023-10-16 16:45:00,8.86,
2023-10-16 17:00:00,8.78,
2023-10-16 17:15:00,8.74,
2023-10-16 17:30:00,8.73,
2023-10-16 17:45:00,8.73,
2023-10-16 18:00:00,8.74,
2023-10-16 18:15:00,8.76,
2023-10-16 18:30:00,8.79,
2023-10-16 18:45:00,8.82,
2023-10-16 19:00:00,8.86,
2023-10-16 19:15:00,8.9,
2023-10-16 19:30:00,8.94,
2023-10-16 19:45:00,8.98,
2023-10-16 20:00:00,9.02,
2023-10-16 20:15:00,9.05,
2023-10-16 20:30:00,9.08,
2023-10-16 20:45:00,9.12,
2023-10-16 21:00:00,9.16,
2023-10-16 21:15:00,9.19,
2023-10-16 21:30:00,9.22,
2023-10-16 21:45:00,9.26,
2023-10-16 22:00:00,9.29,
2023-10-16 22:15:00,9.32,
2023-10-16 22:30:00,9.35,
2023-10-16 22:45:00,9.39,
2023-10-16 23:00:00,9.42,
2023-10-16 23:15:00,9.44,
2023-10-16 23:30:00,9.47,
2023-10-16 23:45:00,9.5,
2023-10-17 00:00:00,9.53,
2023-10-17 00:15:00,9.56,
2023-10-17 00:30:00,9.58,
2023-10-17 00:45:00,9.6,
2023-10-17 01:00:00,9.63,
2023-10-17 01:15:00,9.65,
2023-10-17 01:30:00,9.67,
2023-10-17 01:45:00,9.69,
2023-10-17 02:00:00,9.71,
2023-10-17 02:15:00,9.73,
2023-10-17 02:30:00,9.75,
2023-10-17 02:45:00,9.78,
2023-10-17 03:00:00,9.79,
2023-10-17 03:15:00,9.81,
2023-10-17 03:30:00,9.83,
2023-10-17 03:45:00,9.84,
2023-10-17 04:00:00,9.86,
2023-10-17 04:15:00,9.87,
2023-10-17 04:30:00,9.89,
2023-10-17 04:45:00,9.91,
2023-10-17 05:00:00,9.92,
2023-10-17 05:15:00,9.93,
2023-10-17 05:30:00,9.94,
2023-10-17 05:45:00,9.96,
2023-10-17 06:00:00,9.97,
2023-10-17 06:15:00,9.98,
2023-10-17 06:30:00,9.99,
2023-10-17 06:45:00,10.01,
2023-10-17 07:00:00,10.04,
2023-10-17 07:15:00,10.07,
2023-10-17 07:30:00,10.1,
2023-10-17 07:45:00,10.13,
2023-10-17 08:00:00,10.16,
2023-10-17 08:15:00,10.22,
2023-10-17 08:30:00,10.28,
2023-10-17 08:45:00,10.31,
2023-10-17 09:00:00,10.33,
2023-10-17 09:15:00,10.34,
2023-10-17 09:30:00,10.34,
2023-10-17 09:45:00,10.31,
2023-10-17 10:00:00,10.27,
2023-10-17 10:15:00,10.23,
2023-10-17 10:30:00,10.18,
2023-10-17 10:45:00,10.12,
2023-10-17 11:00:00,10.06,
2023-10-17 11:15:00,9.98,
2023-10-17 11:30:00,9.91,
2023-10-17 11:45:00,9.84,
2023-10-17 12:00:00,9.77,
2023-10-17 12:15:00,9.7,
2023-10-17 12:30:00,9.64,
2023-10-17 12:45:00,9.58,
2023-10-17 13:00:00,9.53,
2023-10-17 13:15:00,9.47,
2023-10-17 13:30:00,9.42,
2023-10-17 13:45:00,9.38,
2023-10-17 14:00:00,9.33,
2023-10-17 14:15:00,9.28,
2023-10-17 14:30:00,9.24,
2023-10-17 14:45:00,9.2,
2023-10-17 15:00:00,9.17,
2023-10-17 15:15:00,9.13,
2023-10-17 15:30:00,9.09,
2023-10-17 15:45:00,9.05,
2023-10-17 16:00:00,9.01,
2023-10-17 16:15:00,8.96,
2023-10-17 16:30:00,8.92,
2023-10-17 16:45:00,8.85,
2023-10-17 17:00:00,8.77,
2023-10-17 17:15:00,8.74,
2023-10-17 17:30:00,8.72,
2023-10-17 17:45:00,8.71,
2023-10-17 18:00:00,8.72,
2023-10-17 18:15:00,8.74,
2023-10-17 18:30:00,8.76,
2023-10-17 18:45:00,8.79,
2023-10-17 19:00:00,8.84,
2023-10-17 19:15:00,8.88,
2023-10-17 19:30:00,8.92,
2023-10-17 19:45:00,8.95,
2023-10-17 20:00:00,8.99,
2023-10-17 20:15:00,9.02,
2023-10-17 20:30:00,9.06,
2023-10-17 20:45:00,9.1,
2023-10-17 21:00:00,9.13,
2023-10-17 21:15:00,9.16,
2023-10-17 21:30:00,9.19,
2023-10-17 21:45:00,9.23,
2023-10-17 22:00:00,9.26,
2023-10-17 22:15:00,9.29,
2023-10-17 22:30:00,9.33,
2023-10-17 22:45:00,9.36,
2023-10-17 23:00:00,9.4,
2023-10-17 23:15:00,9.43,
2023-10-17 23:30:00,9.45,
2023-10-17 23:45:00,9.48,
2023-10-18 00:00:00,9.5,
2023-10-18 00:15:00,9.53,
2023-10-18 00:30:00,9.55,
2023-10-18 00:45:00,9.58,
2023-10-18 01:00:00,9.6,
2023-10-18 01:15:00,9.62,
2023-10-18 01:30:00,9.65,
2023-10-18 01:45:00,9.68,
2023-10-18 02:00:00,9.7,
2023-10-18 02:15:00,9.72,
2023-10-18 02:30:00,9.75,
2023-10-18 02:45:00,9.76,
2023-10-18 03:00:00,9.78,
2023-10-18 03:15:00,9.8,
2023-10-18 03:30:00,9.83,
2023-10-18 03:45:00,9.84,
2023-10-18 04:00:00,9.86,
2023-10-18 04:15:00,9.89,
2023-10-18 04:30:00,9.91,
2023-10-18 04:45:00,9.92,
2023-10-18 05:00:00,9.94,
2023-10-18 05:15:00,9.95,
2023-10-18 05:30:00,9.97,
2023-10-18 05:45:00,9.99,
2023-10-18 06:00:00,10.01,
2023-10-18 06:15:00,10.02,
2023-10-18 06:30:00,10.04,
2023-10-18 06:45:00,10.06,
2023-10-18 07:00:00,10.1,
2023-10-18 07:15:00,10.14,
2023-10-18 07:30:00,10.18,
2023-10-18 07:45:00,10.21,
2023-10-18 08:00:00,10.24,
2023-10-18 08:15:00,10.3,
2023-10-18 08:30:00,10.35,
2023-10-18 08:45:00,10.38,
2023-10-18 09:00:00,10.4,
2023-10-18 09:15:00,10.41,
2023-10-18 09:30:00,10.42,
2023-10-18 09:45:00,10.4,
2023-10-18 10:00:00,10.37,
2023-10-18 10:15:00,10.32,
2023-10-18 10:30:00,10.28,
2023-10-18 10:45:00,10.22,
2023-10-18 11:00:00,10.16,
2023-10-18 11:15:00,10.09,
2023-10-18 11:30:00,10.02,
2023-10-18 11:45:00,9.94,
2023-10-18 12:00:00,9.87,
2023-10-18 12:15:00,9.8,
2023-10-18 12:30:00,9.73,
2023-10-18 12:45:00,9.68,
2023-10-18 13:00:00,9.62,
2023-10-18 13:15:00,9.56,
2023-10-18 13:30:00,9.5,
2023-10-18 13:45:00,9.45,
2023-10-18 14:00:00,9.4,
2023-10-18 14:15:00,9.35,
2023-10-18 14:30:00,9.3,
2023-10-18 14:45:00,9.26,
2023-10-18 15:00:00,9.22,
2023-10-18 15:15:00,9.18,
2023-10-18 15:30:00,9.13,
2023-10-18 15:45:00,9.1,
2023-10-18 16:00:00,9.07,
2023-10-18 16:15:00,9.03,
2023-10-18 16:30:00,8.99,
2023-10-18 16:45:00,8.93,
2023-10-18 17:00:00,8.85,
2023-10-18 17:15:00,8.8,
2023-10-18 17:30:00,8.78,
2023-10-18 17:45:00,8.76,
2023-10-18 18:00:00,8.77,
2023-10-18 18:15:00,8.79,
2023-10-18 18:30:00,8.82,
2023-10-18 18:45:00,8.85,
2023-10-18 19:00:00,8.89,
2023-10-18 19:15:00,8.92,
2023-10-18 19:30:00,8.97,
2023-10-18 19:45:00,9.01,
2023-10-18 20:00:00,9.05,
2023-10-18 20:15:00,9.09,
2023-10-18 20:30:00,9.12,
2023-10-18 20:45:00,9.16,
2023-10-18 21:00:00,9.19,
2023-10-18 21:15:00,9.22,
2023-10-18 21:30:00,9.25,
2023-10-18 21:45:00,9.29,
2023-10-18 22:00:00,9.32,
2023-10-18 22:15:00,9.36,
2023-10-18 22:30:00,9.39,
2023-10-18 22:45:00,9.42,
2023-10-18 23:00:00,9.46,
2023-10-18 23:15:00,9.49,
2023-10-18 23:30:00,9.52,
2023-10-18 23:45:00,9.54,
2023-10-19 00:00:00,9.57,
2023-10-19 00:15:00,9.6,
2023-10-19 00:30:00,9.62,
2023-10-19 00:45:00,9.65,
2023-10-19 01:00:00,9.67,
2023-10-19 01:15:00,9.7,
2023-10-19 01:30:00,9.73,
2023-10-19 01:45:00,9.75,
2023-10-19 02:00:00,9.78,
2023-10-19 02:15:00,9.8,
2023-10-19 02:30:00,9.82,
2023-10-19 02:45:00,9.84,
2023-10-19 03:00:00,9.86,
2023-10-19 03:15:00,9.88,
2023-10-19 03:30:00,9.9,
2023-10-19 03:45:00,9.92,
2023-10-19 04:00:00,9.94,
2023-10-19 04:15:00,9.96,
2023-10-19 04:30:00,9.98,
2023-10-19 04:45:00,10.0,
2023-10-19 05:00:00,10.01,
2023-10-19 05:15:00,10.03,
2023-10-19 05:30:00,10.04,
2023-10-19 05:45:00,10.05,
2023-10-19 06:00:00,10.07,
2023-10-19 06:15:00,10.09,
2023-10-19 06:30:00,10.11,
2023-10-19 06:45:00,10.13,
2023-10-19 07:00:00,10.17,
2023-10-19 07:15:00,10.22,
2023-10-19 07:30:00,10.26,
2023-10-19 07:45:00,10.3,
2023-10-19 08:00:00,10.32,
2023-10-19 08:15:00,10.37,
2023-10-19 08:30:00,10.41,
2023-10-19 08:45:00,10.44,
2023-10-19 09:00:00,10.46,
2023-10-19 09:15:00,10.48,
2023-10-19 09:30:00,10.47,
2023-10-19 09:45:00,10.46,
2023-10-19 10:00:00,10.42,
2023-10-19 10:15:00,10.37,
2023-10-19 10:30:00,10.32,
2023-10-19 10:45:00,10.27,
2023-10-19 11:00:00,10.2,
2023-10-19 11:15:00,10.13,
2023-10-19 11:30:00,10.04,
2023-10-19 11:45:00,9.97,
2023-10-19 12:00:00,9.89,
2023-10-19 12:15:00,9.81,
2023-10-19 12:30:00,9.73,
2023-10-19 12:45:00,9.66,
2023-10-19 13:00:00,9.6,
2023-10-19 13:15:00,9.53,
2023-10-19 13:30:00,9.48,
2023-10-19 13:45:00,9.43,
2023-10-19 14:00:00,9.37,
2023-10-19 14:15:00,9.33,
2023-10-19 14:30:00,9.28,
2023-10-19 14:45:00,9.24,
2023-10-19 15:00:00,9.2,
2023-10-19 15:15:00,9.16,
2023-10-19 15:30:00,9.12,
2023-10-19 15:45:00,9.07,
2023-10-19 16:00:00,9.03,
2023-10-19 16:15:00,8.98,
2023-10-19 16:30:00,8.92,
2023-10-19 16:45:00,8.84,
2023-10-19 17:00:00,8.76,
2023-10-19 17:15:00,8.74,
2023-10-19 17:30:00,8.74,
2023-10-19 17:45:00,8.74,
2023-10-19 18:00:00,8.75,
2023-10-19 18:15:00,8.78,
2023-10-19 18:30:00,8.81,
2023-10-19 18:45:00,8.85,
2023-10-19 19:00:00,8.89,
2023-10-19 19:15:00,8.94,
2023-10-19 19:30:00,8.98,
2023-10-19 19:45:00,9.02,
2023-10-19 20:00:00,9.06,
2023-10-19 20:15:00,9.1,
2023-10-19 20:30:00,9.14,
2023-10-19 20:45:00,9.17,
2023-10-19 21:00:00,9.2,
2023-10-19 21:15:00,9.25,
2023-10-19 21:30:00,9.28,
2023-10-19 21:45:00,9.32,
2023-10-19 22:00:00,9.36,
2023-10-19 22:15:00,9.38,
2023-10-19 22:30:00,9.42,
2023-10-19 22:45:00,9.44,
2023-10-19 23:00:00,9.48,
2023-10-19 23:15:00,9.51,
2023-10-19 23:30:00,9.55,
2023-10-19 23:45:00,9.58,
2023-10-20 00:00:00,9.61,
2023-10-20 00:15:00,9.65,
2023-10-20 00:30:00,9.68,
2023-10-20 00:45:00,9.71,
2023-10-20 01:00:00,9.74,
2023-10-20 01:15:00,9.77,
2023-10-20 01:30:00,9.79,
2023-10-20 01:45:00,9.82,
2023-10-20 02:00:00,9.85,
2023-10-20 02:15:00,9.87,
2023-10-20 02:30:00,9.9,
2023-10-20 02:45:00,9.92,
2023-10-20 03:00:00,9.94,
2023-10-20 03:15:00,9.96,
2023-10-20 03:30:00,9.98,
2023-10-20 03:45:00,10.0,
2023-10-20 04:00:00,10.02,
2023-10-20 04:15:00,10.05,
2023-10-20 04:30:00,10.06,
2023-10-20 04:45:00,10.08,
2023-10-20 05:00:00,10.1,
2023-10-20 05:15:00,10.12,
2023-10-20 05:30:00,10.14,
2023-10-20 05:45:00,10.15,
2023-10-20 06:00:00,10.17,
2023-10-20 06:15:00,10.18,
2023-10-20 06:30:00,10.2,
2023-10-20 06:45:00,10.23,
2023-10-20 07:00:00,10.26,
2023-10-20 07:15:00,10.3,
2023-10-20 07:30:00,10.34,
2023-10-20 07:45:00,10.37,
2023-10-20 08:00:00,10.4,
2023-10-20 08:15:00,10.44,
2023-10-20 08:30:00,10.49,
2023-10-20 08:45:00,10.52,
2023-10-20 09:00:00,10.54,
2023-10-20 09:15:00,10.55,
2023-10-20 09:30:00,10.55,
2023-10-20 09:45:00,10.53,
2023-10-20 10:00:00,10.49,
2023-10-20 10:15:00,10.44,
2023-10-20 10:30:00,10.38,
2023-10-20 10:45:00,10.32,
2023-10-20 11:00:00,10.25,
2023-10-20 11:15:00,10.17,
2023-10-20 11:30:00,10.09,
2023-10-20 11:45:00,10.01,
2023-10-20 12:00:00,9.92,
2023-10-20 12:15:00,9.84,
2023-10-20 12:30:00,9.76,
2023-10-20 12:45:00,9.69,
2023-10-20 13:00:00,9.61,
2023-10-20 13:15:00,9.55,
2023-10-20 13:30:00,9.5,
2023-10-20 13:45:00,9.44,
2023-10-20 14:00:00,9.38,
2023-10-20 14:15:00,9.33,
2023-10-20 14:30:00,9.28,
2023-10-20 14:45:00,9.24,
2023-10-20 15:00:00,9.19,
2023-10-20 15:15:00,9.15,
2023-10-20 15:30:00,9.11,
2023-10-20 15:45:00,9.06,
2023-10-20 16:00:00,9.02,
2023-10-20 16:15:00,8.96,
2023-10-20 16:30:00,8.91,
2023-10-20 16:45:00,8.84,
2023-10-20 17:00:00,8.75,
2023-10-20 17:15:00,8.73,
2023-10-20 17:30:00,8.73,
2023-10-20 17:45:00,8.73,
2023-10-20 18:00:00,8.74,
2023-10-20 18:15:00,8.77,
2023-10-20 18:30:00,8.79,
2023-10-20 18:45:00,8.83,
2023-10-20 19:00:00,8.87,
2023-10-20 19:15:00,8.91,
2023-10-20 19:30:00,8.95,
2023-10-20 19:45:00,8.99,
2023-10-20 20:00:00,9.02,
2023-10-20 20:15:00,9.05,
2023-10-20 20:30:00,9.09,
2023-10-20 20:45:00,9.12,
2023-10-20 21:00:00,9.14,
2023-10-20 21:15:00,9.17,
2023-10-20 21:30:00,9.21,
2023-10-20 21:45:00,9.24,
2023-10-20 22:00:00,9.27,
2023-10-20 22:15:00,9.31,
2023-10-20 22:30:00,9.34,
2023-10-20 22:45:00,9.37,
2023-10-20 23:00:00,9.41,
2023-10-20 23:15:00,9.44,
2023-10-20 23:30:00,9.46,
2023-10-20 23:45:00,9.49,
2023-10-21 00:00:00,9.51,
2023-10-21 00:15:00,9.54,
2023-10-21 00:30:00,9.56,
2023-10-21 00:45:00,9.59,
2023-10-21 01:00:00,9.61,
2023-10-21 01:15:00,9.63,
2023-10-21 01:30:00,9.65,
2023-10-21 01:45:00,9.67,
2023-10-21 02:00:00,9.69,
2023-10-21 02:15:00,9.71,
2023-10-21 02:30:00,9.74,
2023-10-21 02:45:00,9.76,
2023-10-21 03:00:00,9.78,
2023-10-21 03:15:00,9.79,
2023-10-21 03:30:00,9.81,
2023-10-21 03:45:00,9.83,
2023-10-21 04:00:00,9.85,
2023-10-21 04:15:00,9.86,
2023-10-21 04:30:00,9.88,
2023-10-21 04:45:00,9.89,
2023-10-21 05:00:00,9.91,
2023-10-21 05:15:00,9.92,
2023-10-21 05:30:00,9.93,
2023-10-21 05:45:00,9.93,
2023-10-21 06:00:00,9.94,
2023-10-21 06:15:00,9.96,
2023-10-21 06:30:00,9.97,
2023-10-21 06:45:00,9.99,
2023-10-21 07:00:00,10.02,
2023-10-21 07:15:00,10.06,
2023-10-21 07:30:00,10.12,
2023-10-21 07:45:00,10.14,
2023-10-21 08:00:00,10.16,
2023-10-21 08:15:00,10.2,
2023-10-21 08:30:00,10.25,
2023-10-21 08:45:00,10.28,
2023-10-21 09:00:00,10.3,
2023-10-21 09:15:00,10.32,
2023-10-21 09:30:00,10.32,
2023-10-21 09:45:00,10.3,
2023-10-21 10:00:00,10.27,
2023-10-21 10:15:00,10.23,
2023-10-21 10:30:00,10.2,
2023-10-21 10:45:00,10.14,
2023-10-21 11:00:00,10.07,
2023-10-21 11:15:00,10.01,
2023-10-21 11:30:00,9.96,
2023-10-21 11:45:00,9.9,
2023-10-21 12:00:00,9.85,
2023-10-21 12:15:00,9.77,
2023-10-21 12:30:00,9.69,
2023-10-21 12:45:00,9.58,
2023-10-21 13:00:00,9.57,
2023-10-21 13:15:00,9.5,
2023-10-21 13:30:00,9.38,
2023-10-21 13:45:00,9.4,
2023-10-21 14:00:00,9.37,
2023-10-21 14:15:00,9.37,
2023-10-21 14:30:00,9.38,
2023-10-21 14:45:00,9.38,
2023-10-21 15:00:00,9.35,
2023-10-21 15:15:00,9.31,
2023-10-21 15:30:00,9.31,
2023-10-21 15:45:00,9.24,
2023-10-21 16:00:00,9.15,
2023-10-21 16:15:00,9.06,
2023-10-21 16:30:00,8.98,
2023-10-21 16:45:00,8.9,
2023-10-21 17:00:00,8.84,
2023-10-21 17:15:00,8.79,
2023-10-21 17:30:00,8.75,
2023-10-21 17:45:00,8.74,
2023-10-21 18:00:00,8.75,
2023-10-21 18:15:00,8.78,
2023-10-21 18:30:00,8.81,
2023-10-21 18:45:00,8.84,
2023-10-21 19:00:00,8.88,
2023-10-21 19:15:00,8.92,
2023-10-21 19:30:00,8.96,
2023-10-21 19:45:00,8.99,
2023-10-21 20:00:00,9.02,
2023-10-21 20:15:00,9.05,
2023-10-21 20:30:00,9.08,
2023-10-21 20:45:00,9.11,
2023-10-21 21:00:00,9.14,
2023-10-21 21:15:00,9.16,
2023-10-21 21:30:00,9.18,
2023-10-21 21:45:00,9.21,
2023-10-21 22:00:00,9.23,
2023-10-21 22:15:00,9.25,
2023-10-21 22:30:00,9.28,
2023-10-21 22:45:00,9.3,
2023-10-21 23:00:00,9.32,
2023-10-21 23:15:00,9.34,
2023-10-21 23:30:00,9.36,
2023-10-21 23:45:00,9.38,
2023-10-22 00:00:00,9.41,
2023-10-22 00:15:00,9.43,
2023-10-22 00:30:00,9.45,
2023-10-22 00:45:00,9.48,
2023-10-22 01:00:00,9.5,
2023-10-22 01:15:00,9.52,
2023-10-22 01:30:00,9.54,
2023-10-22 01:45:00,9.57,
2023-10-22 02:00:00,9.59,
2023-10-22 02:15:00,9.61,
2023-10-22 02:30:00,9.64,
2023-10-22 02:45:00,9.66,
2023-10-22 03:00:00,9.68,
2023-10-22 03:15:00,9.7,
2023-10-22 03:30:00,9.71,
2023-10-22 03:45:00,9.74,
2023-10-22 04:00:00,9.75,
2023-10-22 04:15:00,9.77,
2023-10-22 04:30:00,9.79,
2023-10-22 04:45:00,9.81,
2023-10-22 05:00:00,9.83,
2023-10-22 05:15:00,9.85,
2023-10-22 05:30:00,9.87,
2023-10-22 05:45:00,9.89,
2023-10-22 06:00:00,9.9,
2023-10-22 06:15:00,9.92,
2023-10-22 06:30:00,9.93,
2023-10-22 06:45:00,9.95,
2023-10-22 07:00:00,9.99,
2023-10-22 07:15:00,10.03,
2023-10-22 07:30:00,10.08,
2023-10-22 07:45:00,10.12,
2023-10-22 08:00:00,10.14,
2023-10-22 08:15:00,10.19,
2023-10-22 08:30:00,10.25,
2023-10-22 08:45:00,10.29,
2023-10-22 09:00:00,10.31,
2023-10-22 09:15:00,10.32,
2023-10-22 09:30:00,10.34,
2023-10-22 09:45:00,10.31,
2023-10-22 10:00:00,10.27,
2023-10-22 10:15:00,10.23,
2023-10-22 10:30:00,10.18,
2023-10-22 10:45:00,10.11,
2023-10-22 11:00:00,10.11,
2023-10-22 11:15:00,10.06,
2023-10-22 11:30:00,9.98,
2023-10-22 11:45:00,9.9,
2023-10-22 12:00:00,9.81,
2023-10-22 12:15:00,9.71,
2023-10-22 12:30:00,9.66,
2023-10-22 12:45:00,9.62,
2023-10-22 13:00:00,9.54,
2023-10-22 13:15:00,9.5,
2023-10-22 13:30:00,9.52,
2023-10-22 13:45:00,9.41,
2023-10-22 14:00:00,9.33,
2023-10-22 14:15:00,9.34,
2023-10-22 14:30:00,9.32,
2023-10-22 14:45:00,9.25,
2023-10-22 15:00:00,9.21,
2023-10-22 15:15:00,9.15,
2023-10-22 15:30:00,9.04,
2023-10-22 15:45:00,8.91,
2023-10-22 16:00:00,8.97,
2023-10-22 16:15:00,8.97,
2023-10-22 16:30:00,8.84,
2023-10-22 16:45:00,8.76,
2023-10-22 17:00:00,8.72,
2023-10-22 17:15:00,8.74,
2023-10-22 17:30:00,8.69,
2023-10-22 17:45:00,8.67,
2023-10-22 18:00:00,8.67,
2023-10-22 18:15:00,8.69,
2023-10-22 18:30:00,8.71,
2023-10-22 18:45:00,8.74,
2023-10-22 19:00:00,8.77,
2023-10-22 19:15:00,8.81,
2023-10-22 19:30:00,8.83,
2023-10-22 19:45:00,8.85,
2023-10-22 20:00:00,8.88,
2023-10-22 20:15:00,8.9,
2023-10-22 20:30:00,8.93,
2023-10-22 20:45:00,8.96,
2023-10-22 21:00:00,8.99,
2023-10-22 21:15:00,9.02,
2023-10-22 21:30:00,9.05,
2023-10-22 21:45:00,9.08,
2023-10-22 22:00:00,9.1,
2023-10-22 22:15:00,9.13,
2023-10-22 22:30:00,9.16,
2023-10-22 22:45:00,9.19,
2023-10-22 23:00:00,9.22,
2023-10-22 23:15:00,9.24,
2023-10-22 23:30:00,9.26,
2023-10-22 23:45:00,9.28,
2023-10-23 00:00:00,9.29,
2023-10-23 00:15:00,9.3,
2023-10-23 00:30:00,9.31,
2023-10-23 00:45:00,9.31,
2023-10-23 01:00:00,9.33,
2023-10-23 01:15:00,9.34,
2023-10-23 01:30:00,9.34,
2023-10-23 01:45:00,9.35,
2023-10-23 02:00:00,9.36,
2023-10-23 02:15:00,9.37,
2023-10-23 02:30:00,9.38,
2023-10-23 02:45:00,9.39,
2023-10-23 03:00:00,9.41,
2023-10-23 03:15:00,9.42,
2023-10-23 03:30:00,9.44,
2023-10-23 03:45:00,9.45,
2023-10-23 04:00:00,9.47,
2023-10-23 04:15:00,9.49,
2023-10-23 04:30:00,9.52,
2023-10-23 04:45:00,9.54,
2023-10-23 05:00:00,9.56,
2023-10-23 05:15:00,9.57,
2023-10-23 05:30:00,9.6,
2023-10-23 05:45:00,9.62,
2023-10-23 06:00:00,9.64,
2023-10-23 06:15:00,9.66,
2023-10-23 06:30:00,9.67,
2023-10-23 06:45:00,9.69,
2023-10-23 07:00:00,9.73,
2023-10-23 07:15:00,9.8,
2023-10-23 07:30:00,9.89,
2023-10-23 07:45:00,10.02,
2023-10-23 08:00:00,10.07,
2023-10-23 08:15:00,10.04,
2023-10-23 08:30:00,10.0,
2023-10-23 08:45:00,10.04,
2023-10-23 09:00:00,10.05,
2023-10-23 09:15:00,10.06,
2023-10-23 09:30:00,10.06,
2023-10-23 09:45:00,10.04,
2023-10-23 10:00:00,10.0,
2023-10-23 10:15:00,9.97,
2023-10-23 10:30:00,9.94,
2023-10-23 10:45:00,9.91,
2023-10-23 11:00:00,9.84,
2023-10-23 11:15:00,9.77,
2023-10-23 11:30:00,9.7,
2023-10-23 11:45:00,9.69,
2023-10-23 12:00:00,9.62,
2023-10-23 12:15:00,9.55,
2023-10-23 12:30:00,9.5,
2023-10-23 12:45:00,9.44,
2023-10-23 13:00:00,9.36,
2023-10-23 13:15:00,9.27,
2023-10-23 13:30:00,9.28,
2023-10-23 13:45:00,9.28,
2023-10-23 14:00:00,9.24,
2023-10-23 14:15:00,9.2,
2023-10-23 14:30:00,9.17,
2023-10-23 14:45:00,9.14,
2023-10-23 15:00:00,9.11,
2023-10-23 15:15:00,9.05,
2023-10-23 15:30:00,9.01,
2023-10-23 15:45:00,8.97,
2023-10-23 16:00:00,8.92,
2023-10-23 16:15:00,8.87,
2023-10-23 16:30:00,8.82,
2023-10-23 16:45:00,8.72,
2023-10-23 17:00:00,8.66,
2023-10-23 17:15:00,8.64,
2023-10-23 17:30:00,8.63,
2023-10-23 17:45:00,8.62,
2023-10-23 18:00:00,8.63,
2023-10-23 18:15:00,8.64,
2023-10-23 18:30:00,8.67,
2023-10-23 18:45:00,8.69,
2023-10-23 19:00:00,8.71,
2023-10-23 19:15:00,8.73,
2023-10-23 19:30:00,8.75,
2023-10-23 19:45:00,8.77,
2023-10-23 20:00:00,8.8,
2023-10-23 20:15:00,8.82,
2023-10-23 20:30:00,8.85,
2023-10-23 20:45:00,8.87,
2023-10-23 21:00:00,8.9,
2023-10-23 21:15:00,8.94,
2023-10-23 21:30:00,8.97,
2023-10-23 21:45:00,9.01,
2023-10-23 22:00:00,9.05,
2023-10-23 22:15:00,9.08,
2023-10-23 22:30:00,9.11,
2023-10-23 22:45:00,9.15,
2023-10-23 23:00:00,9.17,
2023-10-23 23:15:00,9.21,
2023-10-23 23:30:00,9.24,
2023-10-23 23:45:00,9.27,
2023-10-24 00:00:00,9.3,
2023-10-24 00:15:00,9.31,
2023-10-24 00:30:00,9.33,
2023-10-24 00:45:00,9.34,
2023-10-24 01:00:00,9.37,
2023-10-24 01:15:00,9.38,
2023-10-24 01:30:00,9.39,
2023-10-24 01:45:00,9.41,
2023-10-24 02:00:00,9.43,
2023-10-24 02:15:00,9.46,
2023-10-24 02:30:00,9.48,
2023-10-24 02:45:00,9.49,
2023-10-24 03:00:00,9.51,
2023-10-24 03:15:00,9.53,
2023-10-24 03:30:00,9.54,
2023-10-24 03:45:00,9.56,
2023-10-24 04:00:00,9.58,
2023-10-24 04:15:00,9.6,
2023-10-24 04:30:00,9.63,
2023-10-24 04:45:00,9.65,
2023-10-24 05:00:00,9.67,
2023-10-24 05:15:00,9.69,
2023-10-24 05:30:00,9.71,
2023-10-24 05:45:00,9.73,
2023-10-24 06:00:00,9.75,
2023-10-24 06:15:00,9.77,
2023-10-24 06:30:00,9.79,
2023-10-24 06:45:00,9.81,
2023-10-24 07:00:00,9.85,
2023-10-24 07:15:00,9.9,
2023-10-24 07:30:00,9.97,
2023-10-24 07:45:00,10.04,
2023-10-24 08:00:00,10.09,
2023-10-24 08:15:00,10.14,
2023-10-24 08:30:00,10.19,
2023-10-24 08:45:00,10.23,
2023-10-24 09:00:00,10.26,
2023-10-24 09:15:00,10.26,
2023-10-24 09:30:00,10.33,
2023-10-24 09:45:00,10.35,
2023-10-24 10:00:00,10.34,
2023-10-24 10:15:00,10.31,
2023-10-24 10:30:00,10.27,
2023-10-24 10:45:00,10.23,
2023-10-24 11:00:00,10.19,
2023-10-24 11:15:00,10.13,
2023-10-24 11:30:00,10.07,
2023-10-24 11:45:00,10.02,
2023-10-24 12:00:00,9.96,
2023-10-24 12:15:00,9.91,
2023-10-24 12:30:00,9.85,
2023-10-24 12:45:00,9.8,
2023-10-24 13:00:00,9.75,
2023-10-24 13:15:00,9.71,
2023-10-24 13:30:00,9.66,
2023-10-24 13:45:00,9.62,
2023-10-24 14:00:00,9.58,
2023-10-24 14:15:00,9.54,
2023-10-24 14:30:00,9.51,
2023-10-24 14:45:00,9.48,
2023-10-24 15:00:00,9.45,
2023-10-24 15:15:00,9.42,
2023-10-24 15:30:00,9.39,
2023-10-24 15:45:00,9.37,
2023-10-24 16:00:00,9.31,
2023-10-24 16:15:00,9.28,
2023-10-24 16:30:00,9.26,
2023-10-24 16:45:00,9.19,
2023-10-24 17:00:00,9.14,
2023-10-24 17:15:00,9.11,
2023-10-24 17:30:00,9.11,
2023-10-24 17:45:00,9.1,
2023-10-24 18:00:00,9.13,
2023-10-24 18:15:00,9.15,
2023-10-24 18:30:00,9.19,
2023-10-24 18:45:00,9.23,
2023-10-24 19:00:00,9.27,
2023-10-24 19:15:00,9.32,
2023-10-24 19:30:00,9.36,
2023-10-24 19:45:00,9.4,
2023-10-24 20:00:00,9.44,
2023-10-24 20:15:00,9.47,
2023-10-24 20:30:00,9.51,
2023-10-24 20:45:00,9.54,
2023-10-24 21:00:00,9.58,
2023-10-24 21:15:00,9.61,
2023-10-24 21:30:00,9.64,
2023-10-24 21:45:00,9.67,
2023-10-24 22:00:00,9.7,
2023-10-24 22:15:00,9.73,
2023-10-24 22:30:00,9.76,
2023-10-24 22:45:00,9.78,
2023-10-24 23:00:00,9.81,
2023-10-24 23:15:00,9.84,
2023-10-24 23:30:00,9.86,
2023-10-24 23:45:00,9.89,
2023-10-25 00:00:00,9.91,
2023-10-25 00:15:00,9.94,
2023-10-25 00:30:00,9.96,
2023-10-25 00:45:00,9.98,
2023-10-25 01:00:00,10.0,
2023-10-25 01:15:00,10.02,
2023-10-25 01:30:00,10.04,
2023-10-25 01:45:00,10.06,
2023-10-25 02:00:00,10.08,
2023-10-25 02:15:00,10.09,
2023-10-25 02:30:00,10.1,
2023-10-25 02:45:00,10.13,
2023-10-25 03:00:00,10.14,
2023-10-25 03:15:00,10.15,
2023-10-25 03:30:00,10.17,
2023-10-25 03:45:00,10.18,
2023-10-25 04:00:00,10.19,
2023-10-25 04:15:00,10.21,
2023-10-25 04:30:00,10.22,
2023-10-25 04:45:00,10.23,
2023-10-25 05:00:00,10.24,
2023-10-25 05:15:00,10.24,
2023-10-25 05:30:00,10.25,
2023-10-25 05:45:00,10.25,
2023-10-25 06:00:00,10.25,
2023-10-25 06:15:00,10.25,
2023-10-25 06:30:00,10.26,
2023-10-25 06:45:00,10.27,
2023-10-25 07:00:00,10.3,
2023-10-25 07:15:00,10.37,
2023-10-25 07:30:00,10.44,
2023-10-25 07:45:00,10.49,
2023-10-25 08:00:00,10.51,
2023-10-25 08:15:00,10.54,
2023-10-25 08:30:00,10.57,
2023-10-25 08:45:00,10.6,
2023-10-25 09:00:00,10.6,
2023-10-25 09:15:00,10.58,
2023-10-25 09:30:00,10.54,
2023-10-25 09:45:00,10.52,
2023-10-25 10:00:00,10.51,
2023-10-25 10:15:00,10.5,
2023-10-25 10:30:00,10.48,
2023-10-25 10:45:00,10.46,
2023-10-25 11:00:00,10.4,
2023-10-25 11:15:00,10.31,
2023-10-25 11:30:00,10.24,
2023-10-25 11:45:00,10.2,
2023-10-25 12:00:00,10.18,
2023-10-25 12:15:00,10.15,
2023-10-25 12:30:00,10.13,
2023-10-25 12:45:00,10.1,
2023-10-25 13:00:00,10.04,
2023-10-25 13:15:00,9.98,
2023-10-25 13:30:00,9.92,
2023-10-25 13:45:00,9.94,
2023-10-25 14:00:00,9.97,
2023-10-25 14:15:00,9.95,
2023-10-25 14:30:00,9.85,
2023-10-25 14:45:00,9.66,
2023-10-25 15:00:00,9.46,
2023-10-25 15:15:00,9.37,
2023-10-25 15:30:00,9.38,
2023-10-25 15:45:00,9.36,
2023-10-25 16:00:00,9.3,
2023-10-25 16:15:00,9.27,
2023-10-25 16:30:00,9.27,
2023-10-25 16:45:00,9.26,
2023-10-25 17:00:00,9.24,
2023-10-25 17:15:00,9.23,
2023-10-25 17:30:00,9.21,
2023-10-25 17:45:00,9.18,
2023-10-25 18:00:00,9.18,
2023-10-25 18:15:00,9.19,
2023-10-25 18:30:00,9.21,
2023-10-25 18:45:00,9.22,
2023-10-25 19:00:00,9.24,
2023-10-25 19:15:00,9.26,
2023-10-25 19:30:00,9.27,
2023-10-25 19:45:00,9.3,
2023-10-25 20:00:00,9.31,
2023-10-25 20:15:00,9.33,
2023-10-25 20:30:00,9.33,
2023-10-25 20:45:00,9.34,
2023-10-25 21:00:00,9.35,
2023-10-25 21:15:00,9.36,
2023-10-25 21:30:00,9.37,
2023-10-25 21:45:00,9.37,
2023-10-25 22:00:00,9.39,
2023-10-25 22:15:00,9.4,
2023-10-25 22:30:00,9.41,
2023-10-25 22:45:00,9.42,
2023-10-25 23:00:00,9.43,
2023-10-25 23:15:00,9.45,
2023-10-25 23:30:00,9.46,
2023-10-25 23:45:00,9.48,
2023-10-26 00:00:00,9.49,
2023-10-26 00:15:00,9.52,
2023-10-26 00:30:00,9.54,
2023-10-26 00:45:00,9.57,
2023-10-26 01:00:00,9.62,
2023-10-26 01:15:00,9.68,
2023-10-26 01:30:00,9.74,
2023-10-26 01:45:00,9.8,
2023-10-26 02:00:00,9.86,
2023-10-26 02:15:00,9.92,
2023-10-26 02:30:00,9.97,
2023-10-26 02:45:00,10.02,
2023-10-26 03:00:00,10.07,
2023-10-26 03:15:00,10.12,
2023-10-26 03:30:00,10.17,
2023-10-26 03:45:00,10.2,
2023-10-26 04:00:00,10.22,
2023-10-26 04:15:00,10.25,
2023-10-26 04:30:00,10.29,
2023-10-26 04:45:00,10.31,
2023-10-26 05:00:00,10.32,
2023-10-26 05:15:00,10.34,
2023-10-26 05:30:00,10.35,
2023-10-26 05:45:00,10.36,
2023-10-26 06:00:00,10.36,
2023-10-26 06:15:00,10.36,
2023-10-26 06:30:00,10.37,
2023-10-26 06:45:00,10.38,
2023-10-26 07:00:00,10.4,
2023-10-26 07:15:00,10.43,
2023-10-26 07:30:00,10.48,
2023-10-26 07:45:00,10.54,
2023-10-26 08:00:00,10.59,
2023-10-26 08:15:00,10.69,
2023-10-26 08:30:00,10.74,
2023-10-26 08:45:00,10.8,
2023-10-26 09:00:00,10.84,
2023-10-26 09:15:00,10.86,
2023-10-26 09:30:00,10.84,
2023-10-26 09:45:00,10.77,
2023-10-26 10:00:00,10.79,
2023-10-26 10:15:00,10.85,
2023-10-26 10:30:00,10.88,
2023-10-26 10:45:00,10.9,
2023-10-26 11:00:00,10.87,
2023-10-26 11:15:00,10.84,
2023-10-26 11:30:00,10.78,
2023-10-26 11:45:00,10.8,
2023-10-26 12:00:00,10.79,
2023-10-26 12:15:00,10.73,
2023-10-26 12:30:00,10.76,
2023-10-26 12:45:00,10.74,
2023-10-26 13:00:00,10.72,
2023-10-26 13:15:00,10.69,
2023-10-26 13:30:00,10.68,
2023-10-26 13:45:00,10.63,
2023-10-26 14:00:00,10.55,
2023-10-26 14:15:00,10.53,
2023-10-26 14:30:00,10.54,
2023-10-26 14:45:00,10.54,
2023-10-26 15:00:00,10.52,
2023-10-26 15:15:00,10.5,
2023-10-26 15:30:00,10.54,
2023-10-26 15:45:00,10.55,
2023-10-26 16:00:00,10.54,
2023-10-26 16:15:00,10.52,
2023-10-26 16:30:00,10.48,
2023-10-26 16:45:00,10.43,
2023-10-26 17:00:00,10.39,
2023-10-26 17:15:00,10.36,
2023-10-26 17:30:00,10.31,
2023-10-26 17:45:00,10.28,
2023-10-26 18:00:00,10.26,
2023-10-26 18:15:00,10.27,
2023-10-26 18:30:00,10.3,
2023-10-26 18:45:00,10.32,
2023-10-26 19:00:00,10.36,
2023-10-26 19:15:00,10.39,
2023-10-26 19:30:00,10.42,
2023-10-26 19:45:00,10.46,
2023-10-26 20:00:00,10.48,
2023-10-26 20:15:00,10.51,
2023-10-26 20:30:00,10.54,
2023-10-26 20:45:00,10.58,
2023-10-26 21:00:00,10.61,
2023-10-26 21:15:00,10.64,
2023-10-26 21:30:00,10.67,
2023-10-26 21:45:00,10.7,
2023-10-26 22:00:00,10.73,
2023-10-26 22:15:00,10.75,
2023-10-26 22:30:00,10.78,
2023-10-26 22:45:00,10.81,
2023-10-26 23:00:00,10.83,
2023-10-26 23:15:00,10.85,
2023-10-26 23:30:00,10.88,
2023-10-26 23:45:00,10.9,
2023-10-27 00:00:00,10.92,
2023-10-27 00:15:00,10.94,
2023-10-27 00:30:00,10.97,
2023-10-27 00:45:00,10.99,
2023-10-27 01:00:00,11.01,
2023-10-27 01:15:00,11.04,
2023-10-27 01:30:00,11.06,
2023-10-27 01:45:00,11.09,
2023-10-27 02:00:00,11.11,
2023-10-27 02:15:00,11.12,
2023-10-27 02:30:00,11.15,
2023-10-27 02:45:00,11.17,
2023-10-27 03:00:00,11.19,
2023-10-27 03:15:00,11.2,
2023-10-27 03:30:00,11.22,
2023-10-27 03:45:00,11.23,
2023-10-27 04:00:00,11.25,
2023-10-27 04:15:00,11.27,
2023-10-27 04:30:00,11.28,
2023-10-27 04:45:00,11.3,
2023-10-27 05:00:00,11.31,
2023-10-27 05:15:00,11.33,
2023-10-27 05:30:00,11.34,
2023-10-27 05:45:00,11.35,
2023-10-27 06:00:00,11.36,
2023-10-27 06:15:00,11.36,
2023-10-27 06:30:00,11.37,
2023-10-27 06:45:00,11.37,
2023-10-27 07:00:00,11.39,
2023-10-27 07:15:00,11.42,
2023-10-27 07:30:00,11.46,
2023-10-27 07:45:00,11.5,
2023-10-27 08:00:00,11.54,
2023-10-27 08:15:00,11.6,
2023-10-27 08:30:00,11.65,
2023-10-27 08:45:00,11.68,
2023-10-27 09:00:00,11.7,
2023-10-27 09:15:00,11.71,
2023-10-27 09:30:00,11.7,
2023-10-27 09:45:00,11.68,
2023-10-27 10:00:00,11.65,
2023-10-27 10:15:00,11.6,
2023-10-27 10:30:00,11.56,
2023-10-27 10:45:00,11.51,
2023-10-27 11:00:00,11.44,
2023-10-27 11:15:00,11.37,
2023-10-27 11:30:00,11.29,
2023-10-27 11:45:00,11.2,
2023-10-27 12:00:00,11.11,
2023-10-27 12:15:00,11.02,
2023-10-27 12:30:00,10.94,
2023-10-27 12:45:00,10.87,
2023-10-27 13:00:00,10.81,
2023-10-27 13:15:00,10.74,
2023-10-27 13:30:00,10.67,
2023-10-27 13:45:00,10.61,
2023-10-27 14:00:00,10.54,
2023-10-27 14:15:00,10.48,
2023-10-27 14:30:00,10.44,
2023-10-27 14:45:00,10.4,
2023-10-27 15:00:00,10.36,
2023-10-27 15:15:00,10.32,
2023-10-27 15:30:00,10.3,
2023-10-27 15:45:00,10.25,
2023-10-27 16:00:00,10.21,
2023-10-27 16:15:00,10.14,
2023-10-27 16:30:00,10.1,
2023-10-27 16:45:00,10.08,
2023-10-27 17:00:00,10.06,
2023-10-27 17:15:00,10.05,
2023-10-27 17:30:00,10.05,
2023-10-27 17:45:00,10.06,
2023-10-27 18:00:00,10.08,
2023-10-27 18:15:00,10.1,
2023-10-27 18:30:00,10.13,
2023-10-27 18:45:00,10.16,
2023-10-27 19:00:00,10.2,
2023-10-27 19:15:00,10.23,
2023-10-27 19:30:00,10.27,
2023-10-27 19:45:00,10.31,
2023-10-27 20:00:00,10.34,
2023-10-27 20:15:00,10.37,
2023-10-27 20:30:00,10.41,
2023-10-27 20:45:00,10.44,
2023-10-27 21:00:00,10.47,
2023-10-27 21:15:00,10.51,
2023-10-27 21:30:00,10.53,
2023-10-27 21:45:00,10.57,
2023-10-27 22:00:00,10.6,
2023-10-27 22:15:00,10.63,
2023-10-27 22:30:00,10.66,
2023-10-27 22:45:00,10.68,
2023-10-27 23:00:00,10.71,
2023-10-27 23:15:00,10.74,
2023-10-27 23:30:00,10.76,
2023-10-27 23:45:00,10.79,
2023-10-28 00:00:00,10.83,
2023-10-28 00:15:00,10.85,
2023-10-28 00:30:00,10.88,
2023-10-28 00:45:00,10.9,
2023-10-28 01:00:00,10.93,
2023-10-28 01:15:00,10.95,
2023-10-28 01:30:00,10.97,
2023-10-28 01:45:00,11.0,
2023-10-28 02:00:00,11.02,
2023-10-28 02:15:00,11.04,
2023-10-28 02:30:00,11.06,
2023-10-28 02:45:00,11.07,
2023-10-28 03:00:00,11.08,
2023-10-28 03:15:00,11.11,
2023-10-28 03:30:00,11.13,
2023-10-28 03:45:00,11.15,
2023-10-28 04:00:00,11.18,
2023-10-28 04:15:00,11.2,
2023-10-28 04:30:00,11.21,
2023-10-28 04:45:00,11.24,
2023-10-28 05:00:00,11.26,
2023-10-28 05:15:00,11.28,
2023-10-28 05:30:00,11.3,
2023-10-28 05:45:00,11.31,
2023-10-28 06:00:00,11.33,
2023-10-28 06:15:00,11.35,
2023-10-28 06:30:00,11.35,
2023-10-28 06:45:00,11.35,
2023-10-28 07:00:00,11.37,
2023-10-28 07:15:00,11.39,
2023-10-28 07:30:00,11.45,
2023-10-28 07:45:00,11.51,
2023-10-28 08:00:00,11.56,
2023-10-28 08:15:00,11.6,
2023-10-28 08:30:00,11.63,
2023-10-28 08:45:00,11.65,
2023-10-28 09:00:00,11.64,
2023-10-28 09:15:00,11.62,
2023-10-28 09:30:00,11.62,
2023-10-28 09:45:00,11.59,
2023-10-28 10:00:00,11.58,
2023-10-28 10:15:00,11.56,
2023-10-28 10:30:00,11.5,
2023-10-28 10:45:00,11.45,
2023-10-28 11:00:00,11.4,
2023-10-28 11:15:00,11.37,
2023-10-28 11:30:00,11.33,
2023-10-28 11:45:00,11.29,
2023-10-28 12:00:00,11.2,
2023-10-28 12:15:00,11.13,
2023-10-28 12:30:00,11.05,
2023-10-28 12:45:00,10.95,
2023-10-28 13:00:00,10.89,
2023-10-28 13:15:00,10.81,
2023-10-28 13:30:00,10.73,
2023-10-28 13:45:00,10.65,
2023-10-28 14:00:00,10.63,
2023-10-28 14:15:00,10.64,
2023-10-28 14:30:00,10.67,
2023-10-28 14:45:00,10.68,
2023-10-28 15:00:00,10.68,
2023-10-28 15:15:00,10.72,
2023-10-28 15:30:00,10.76,
2023-10-28 15:45:00,10.77,
2023-10-28 16:00:00,10.76,
2023-10-28 16:15:00,10.73,
2023-10-28 16:30:00,10.66,
2023-10-28 16:45:00,10.62,
2023-10-28 17:00:00,10.59,
2023-10-28 17:15:00,10.56,
2023-10-28 17:30:00,10.54,
2023-10-28 17:45:00,10.52,
2023-10-28 18:00:00,10.51,
2023-10-28 18:15:00,10.52,
2023-10-28 18:30:00,10.53,
2023-10-28 18:45:00,10.54,
2023-10-28 19:00:00,10.56,
2023-10-28 19:15:00,10.59,
2023-10-28 19:30:00,10.62,
2023-10-28 19:45:00,10.64,
2023-10-28 20:00:00,10.67,
2023-10-28 20:15:00,10.7,
2023-10-28 20:30:00,10.72,
2023-10-28 20:45:00,10.75,
2023-10-28 21:00:00,10.77,
2023-10-28 21:15:00,10.8,
2023-10-28 21:30:00,10.83,
2023-10-28 21:45:00,10.86,
2023-10-28 22:00:00,10.89,
2023-10-28 22:15:00,10.93,
2023-10-28 22:30:00,10.97,
2023-10-28 22:45:00,11.0,
2023-10-28 23:00:00,11.05,
2023-10-28 23:15:00,11.09,
2023-10-28 23:30:00,11.12,
2023-10-28 23:45:00,11.15,
2023-10-29 00:00:00,11.19,
2023-10-29 00:15:00,11.22,
2023-10-29 00:30:00,11.25,
2023-10-29 00:45:00,11.29,
2023-10-29 01:00:00,11.32,
2023-10-29 01:15:00,11.35,
2023-10-29 01:30:00,11.39,
2023-10-29 01:45:00,11.41,
2023-10-29 02:00:00,11.45,
2023-10-29 02:15:00,11.48,
2023-10-29 02:30:00,11.51,
2023-10-29 02:45:00,11.54,
2023-10-29 03:00:00,11.57,
2023-10-29 03:15:00,11.59,
2023-10-29 03:30:00,11.61,
2023-10-29 03:45:00,11.65,
2023-10-29 04:00:00,11.68,
2023-10-29 04:15:00,11.71,
2023-10-29 04:30:00,11.73,
2023-10-29 04:45:00,11.76,
2023-10-29 05:00:00,11.77,
2023-10-29 05:15:00,11.78,
2023-10-29 05:30:00,11.79,
2023-10-29 05:45:00,11.79,
2023-10-29 06:00:00,11.79,
2023-10-29 06:15:00,11.78,
2023-10-29 06:30:00,11.79,
2023-10-29 06:45:00,11.79,
2023-10-29 07:00:00,11.8,
2023-10-29 07:15:00,11.83,
2023-10-29 07:30:00,11.86,
2023-10-29 07:45:00,11.9,
2023-10-29 08:00:00,11.93,
2023-10-29 08:15:00,11.96,
2023-10-29 08:30:00,12.0,
2023-10-29 08:45:00,12.04,
2023-10-29 09:00:00,12.06,
2023-10-29 09:15:00,12.09,
2023-10-29 09:30:00,12.12,
2023-10-29 09:45:00,12.14,
2023-10-29 10:00:00,12.14,
2023-10-29 10:15:00,12.13,
2023-10-29 10:30:00,12.13,
2023-10-29 10:45:00,12.12,
2023-10-29 11:00:00,12.09,
2023-10-29 11:15:00,12.02,
2023-10-29 11:30:00,11.95,
2023-10-29 11:45:00,11.89,
2023-10-29 12:00:00,11.78,
2023-10-29 12:15:00,11.63,
2023-10-29 12:30:00,11.46,
2023-10-29 12:45:00,11.33,
2023-10-29 13:00:00,11.23,
2023-10-29 13:15:00,11.14,
2023-10-29 13:30:00,11.06,
2023-10-29 13:45:00,10.99,
2023-10-29 14:00:00,10.93,
2023-10-29 14:15:00,10.87,
2023-10-29 14:30:00,10.81,
2023-10-29 14:45:00,10.77,
2023-10-29 15:00:00,10.73,
2023-10-29 15:15:00,10.69,
2023-10-29 15:30:00,10.66,
2023-10-29 15:45:00,10.63,
2023-10-29 16:00:00,10.61,
2023-10-29 16:15:00,10.57,
2023-10-29 16:30:00,10.53,
2023-10-29 16:45:00,10.49,
2023-10-29 17:00:00,10.46,
2023-10-29 17:15:00,10.45,
2023-10-29 17:30:00,10.45,
2023-10-29 17:45:00,10.44,
2023-10-29 18:00:00,10.47,
2023-10-29 18:15:00,10.5,
2023-10-29 18:30:00,10.54,
2023-10-29 18:45:00,10.57,
2023-10-29 19:00:00,10.61,
2023-10-29 19:15:00,10.66,
2023-10-29 19:30:00,10.7,
2023-10-29 19:45:00,10.74,
2023-10-29 20:00:00,10.78,
2023-10-29 20:15:00,10.82,
2023-10-29 20:30:00,10.87,
2023-10-29 20:45:00,10.91,
2023-10-29 21:00:00,10.95,
2023-10-29 21:15:00,10.99,
2023-10-29 21:30:00,11.04,
2023-10-29 21:45:00,11.07,
2023-10-29 22:00:00,11.12,
2023-10-29 22:15:00,11.16,
2023-10-29 22:30:00,11.19,
2023-10-29 22:45:00,11.23,
2023-10-29 23:00:00,11.27,
2023-10-29 23:15:00,11.3,
2023-10-29 23:30:00,11.34,
2023-10-29 23:45:00,11.37,
2023-10-30 00:00:00,11.4,
2023-10-30 00:15:00,11.43,
2023-10-30 00:30:00,11.46,
2023-10-30 00:45:00,11.49,
2023-10-30 01:00:00,11.52,
2023-10-30 01:15:00,11.55,
2023-10-30 01:30:00,11.57,
2023-10-30 01:45:00,11.6,
2023-10-30 02:00:00,11.62,
2023-10-30 02:15:00,11.65,
2023-10-30 02:30:00,11.67,
2023-10-30 02:45:00,11.69,
2023-10-30 03:00:00,11.73,
2023-10-30 03:15:00,11.74,
2023-10-30 03:30:00,11.76,
2023-10-30 03:45:00,11.78,
2023-10-30 04:00:00,11.8,
2023-10-30 04:15:00,11.8,
2023-10-30 04:30:00,11.81,
2023-10-30 04:45:00,11.81,
2023-10-30 05:00:00,11.81,
2023-10-30 05:15:00,11.8,
2023-10-30 05:30:00,11.81,
2023-10-30 05:45:00,11.82,
2023-10-30 06:00:00,11.81,
2023-10-30 06:15:00,11.81,
2023-10-30 06:30:00,11.81,
2023-10-30 06:45:00,11.81,
2023-10-30 07:00:00,11.82,
2023-10-30 07:15:00,11.84,
2023-10-30 07:30:00,11.88,
2023-10-30 07:45:00,11.91,
2023-10-30 08:00:00,11.94,
2023-10-30 08:15:00,11.97,
2023-10-30 08:30:00,12.0,
2023-10-30 08:45:00,12.04,
2023-10-30 09:00:00,12.07,
2023-10-30 09:15:00,12.1,
2023-10-30 09:30:00,12.12,
2023-10-30 09:45:00,12.14,
2023-10-30 10:00:00,12.15,
2023-10-30 10:15:00,12.15,
2023-10-30 10:30:00,12.15,
2023-10-30 10:45:00,12.14,
2023-10-30 11:00:00,12.13,
2023-10-30 11:15:00,12.07,
2023-10-30 11:30:00,12.0,
2023-10-30 11:45:00,11.94,
2023-10-30 12:00:00,11.86,
2023-10-30 12:15:00,11.74,
2023-10-30 12:30:00,11.56,
2023-10-30 12:45:00,11.4,
2023-10-30 13:00:00,11.27,
2023-10-30 13:15:00,11.17,
2023-10-30 13:30:00,11.08,
2023-10-30 13:45:00,11.0,
2023-10-30 14:00:00,10.92,
2023-10-30 14:15:00,10.87,
2023-10-30 14:30:00,10.81,
2023-10-30 14:45:00,10.77,
2023-10-30 15:00:00,10.73,
2023-10-30 15:15:00,10.69,
2023-10-30 15:30:00,10.65,
2023-10-30 15:45:00,10.62,
2023-10-30 16:00:00,10.59,
2023-10-30 16:15:00,10.55,
2023-10-30 16:30:00,10.5,
2023-10-30 16:45:00,10.45,
2023-10-30 17:00:00,10.42,
2023-10-30 17:15:00,10.41,
2023-10-30 17:30:00,10.4,
2023-10-30 17:45:00,10.41,
2023-10-30 18:00:00,10.43,
2023-10-30 18:15:00,10.46,
2023-10-30 18:30:00,10.49,
2023-10-30 18:45:00,10.52,
2023-10-30 19:00:00,10.56,
2023-10-30 19:15:00,10.6,
2023-10-30 19:30:00,10.64,
2023-10-30 19:45:00,10.67,
2023-10-30 20:00:00,10.71,
2023-10-30 20:15:00,10.75,
2023-10-30 20:30:00,10.79,
2023-10-30 20:45:00,10.81,
2023-10-30 21:00:00,10.85,
2023-10-30 21:15:00,10.88,
2023-10-30 21:30:00,10.91,
2023-10-30 21:45:00,10.95,
2023-10-30 22:00:00,10.98,
2023-10-30 22:15:00,11.01,
2023-10-30 22:30:00,11.04,
2023-10-30 22:45:00,11.07,
2023-10-30 23:00:00,11.1,
2023-10-30 23:15:00,11.12,
2023-10-30 23:30:00,11.16,
2023-10-30 23:45:00,11.18,
2023-10-31 00:00:00,11.21,
2023-10-31 00:15:00,11.23,
2023-10-31 00:30:00,11.25,
2023-10-31 00:45:00,11.28,
2023-10-31 01:00:00,11.3,
2023-10-31 01:15:00,11.32,
2023-10-31 01:30:00,11.35,
2023-10-31 01:45:00,11.37,
2023-10-31 02:00:00,11.39,
2023-10-31 02:15:00,11.41,
2023-10-31 02:30:00,11.43,
2023-10-31 02:45:00,11.45,
2023-10-31 03:00:00,11.47,
2023-10-31 03:15:00,11.48,
2023-10-31 03:30:00,11.5,
2023-10-31 03:45:00,11.52,
2023-10-31 04:00:00,11.53,
2023-10-31 04:15:00,11.55,
2023-10-31 04:30:00,11.57,
2023-10-31 04:45:00,11.58,
2023-10-31 05:00:00,11.6,
2023-10-31 05:15:00,11.62,
2023-10-31 05:30:00,11.64,
2023-10-31 05:45:00,11.65,
2023-10-31 06:00:00,11.67,
2023-10-31 06:15:00,11.68,
2023-10-31 06:30:00,11.7,
2023-10-31 06:45:00,11.72,
2023-10-31 07:00:00,11.73,
2023-10-31 07:15:00,11.77,
2023-10-31 07:30:00,11.81,
2023-10-31 07:45:00,11.85,
2023-10-31 08:00:00,11.88,
2023-10-31 08:15:00,11.9,
2023-10-31 08:30:00,11.92,
2023-10-31 08:45:00,11.96,
2023-10-31 09:00:00,11.98,
2023-10-31 09:15:00,11.98,
2023-10-31 09:30:00,11.96,
2023-10-31 09:45:00,11.93,
2023-10-31 10:00:00,11.9,
2023-10-31 10:15:00,11.84,
2023-10-31 10:30:00,11.77,
2023-10-31 10:45:00,11.7,
2023-10-31 11:00:00,11.63,
2023-10-31 11:15:00,11.55,
2023-10-31 11:30:00,11.46,
2023-10-31 11:45:00,11.37,
2023-10-31 12:00:00,11.28,
2023-10-31 12:15:00,11.19,
2023-10-31 12:30:00,11.1,
2023-10-31 12:45:00,11.01,
2023-10-31 13:00:00,10.93,
2023-10-31 13:15:00,10.85,
2023-10-31 13:30:00,10.78,
2023-10-31 13:45:00,10.72,
2023-10-31 14:00:00,10.65,
2023-10-31 14:15:00,10.59,
2023-10-31 14:30:00,10.53,
2023-10-31 14:45:00,10.49,
2023-10-31 15:00:00,10.44,
2023-10-31 15:15:00,10.4,
2023-10-31 15:30:00,10.37,
2023-10-31 15:45:00,10.34,
2023-10-31 16:00:00,10.3,
2023-10-31 16:15:00,10.26,
2023-10-31 16:30:00,10.2,
2023-10-31 16:45:00,10.14,
2023-10-31 17:00:00,10.1,
2023-10-31 17:15:00,10.07,
2023-10-31 17:30:00,10.06,
2023-10-31 17:45:00,10.07,
2023-10-31 18:00:00,10.09,
2023-10-31 18:15:00,10.11,
2023-10-31 18:30:00,10.15,
2023-10-31 18:45:00,10.18,
2023-10-31 19:00:00,10.22,
2023-10-31 19:15:00,10.26,
2023-10-31 19:30:00,10.29,
2023-10-31 19:45:00,10.33,
2023-10-31 20:00:00,10.36,
2023-10-31 20:15:00,10.39,
2023-10-31 20:30:00,10.42,
2023-10-31 20:45:00,10.45,
2023-10-31 21:00:00,10.48,
2023-10-31 21:15:00,10.5,
2023-10-31 21:30:00,10.53,
2023-10-31 21:45:00,10.55,
2023-10-31 22:00:00,10.58,
2023-10-31 22:15:00,10.61,
2023-10-31 22:30:00,10.65,
2023-10-31 22:45:00,10.67,
2023-10-31 23:00:00,10.69,
2023-10-31 23:15:00,10.72,
2023-10-31 23:30:00,10.74,
2023-10-31 23:45:00,10.77,
2023-11-01 00:00:00,10.78,
2023-11-01 00:15:00,10.8,
2023-11-01 00:30:00,10.83,
2023-11-01 00:45:00,10.84,
2023-11-01 01:00:00,10.86,
2023-11-01 01:15:00,10.88,
2023-11-01 01:30:00,10.89,
2023-11-01 01:45:00,10.91,
2023-11-01 02:00:00,10.93,
2023-11-01 02:15:00,10.95,
2023-11-01 02:30:00,10.97,
2023-11-01 02:45:00,10.98,
2023-11-01 03:00:00,10.99,
2023-11-01 03:15:00,11.0,
2023-11-01 03:30:00,11.01,
2023-11-01 03:45:00,11.01,
2023-11-01 04:00:00,11.02,
2023-11-01 04:15:00,11.03,
2023-11-01 04:30:00,11.04,
2023-11-01 04:45:00,11.05,
2023-11-01 05:00:00,11.05,
2023-11-01 05:15:00,11.06,
2023-11-01 05:30:00,11.07,
2023-11-01 05:45:00,11.08,
2023-11-01 06:00:00,11.09,
2023-11-01 06:15:00,11.1,
2023-11-01 06:30:00,11.12,
2023-11-01 06:45:00,11.13,
2023-11-01 07:00:00,11.14,
2023-11-01 07:15:00,11.17,
2023-11-01 07:30:00,11.22,
2023-11-01 07:45:00,11.26,
2023-11-01 08:00:00,11.33,
2023-11-01 08:15:00,11.39,
2023-11-01 08:30:00,11.44,
2023-11-01 08:45:00,11.48,
2023-11-01 09:00:00,11.48,
2023-11-01 09:15:00,11.49,
2023-11-01 09:30:00,11.49,
2023-11-01 09:45:00,11.48,
2023-11-01 10:00:00,11.46,
2023-11-01 10:15:00,11.42,
2023-11-01 10:30:00,11.38,
2023-11-01 10:45:00,11.31,
2023-11-01 11:00:00,11.23,
2023-11-01 11:15:00,11.23,
2023-11-01 11:30:00,11.17,
2023-11-01 11:45:00,11.08,
2023-11-01 12:00:00,11.0,
2023-11-01 12:15:00,10.92,
2023-11-01 12:30:00,10.85,
2023-11-01 12:45:00,10.81,
2023-11-01 13:00:00,10.78,
2023-11-01 13:15:00,10.7,
2023-11-01 13:30:00,10.63,
2023-11-01 13:45:00,10.56,
2023-11-01 14:00:00,10.55,
2023-11-01 14:15:00,10.55,
2023-11-01 14:30:00,10.54,
2023-11-01 14:45:00,10.53,
2023-11-01 15:00:00,10.54,
2023-11-01 15:15:00,10.53,
2023-11-01 15:30:00,10.49,
2023-11-01 15:45:00,10.43,
2023-11-01 16:00:00,10.36,
2023-11-01 16:15:00,10.32,
2023-11-01 16:30:00,10.24,
2023-11-01 16:45:00,10.16,
2023-11-01 17:00:00,10.09,
2023-11-01 17:15:00,10.03,
2023-11-01 17:30:00,9.97,
2023-11-01 17:45:00,9.94,
2023-11-01 18:00:00,9.95,
2023-11-01 18:15:00,9.96,
2023-11-01 18:30:00,9.99,
2023-11-01 18:45:00,10.02,
2023-11-01 19:00:00,10.06,
2023-11-01 19:15:00,10.09,
2023-11-01 19:30:00,10.12,
2023-11-01 19:45:00,10.15,
2023-11-01 20:00:00,10.18,
2023-11-01 20:15:00,10.21,
2023-11-01 20:30:00,10.23,
2023-11-01 20:45:00,10.25,
2023-11-01 21:00:00,10.26,
2023-11-01 21:15:00,10.29,
2023-11-01 21:30:00,10.3,
2023-11-01 21:45:00,10.33,
2023-11-01 22:00:00,10.35,
2023-11-01 22:15:00,10.37,
2023-11-01 22:30:00,10.4,
2023-11-01 22:45:00,10.43,
2023-11-01 23:00:00,10.45,
2023-11-01 23:15:00,10.47,
2023-11-01 23:30:00,10.48,
2023-11-01 23:45:00,10.49,
2023-11-02 00:00:00,10.5,
2023-11-02 00:15:00,10.51,
2023-11-02 00:30:00,10.53,
2023-11-02 00:45:00,10.55,
2023-11-02 01:00:00,10.57,
2023-11-02 01:15:00,10.6,
2023-11-02 01:30:00,10.61,
2023-11-02 01:45:00,10.63,
2023-11-02 02:00:00,10.63,
2023-11-02 02:15:00,10.64,
2023-11-02 02:30:00,10.64,
2023-11-02 02:45:00,10.64,
2023-11-02 03:00:00,10.64,
2023-11-02 03:15:00,10.64,
2023-11-02 03:30:00,10.65,
2023-11-02 03:45:00,10.65,
2023-11-02 04:00:00,10.65,
2023-11-02 04:15:00,10.65,
2023-11-02 04:30:00,10.66,
2023-11-02 04:45:00,10.66,
2023-11-02 05:00:00,10.66,
2023-11-02 05:15:00,10.66,
2023-11-02 05:30:00,10.67,
2023-11-02 05:45:00,10.67,
2023-11-02 06:00:00,10.67,
2023-11-02 06:15:00,10.68,
2023-11-02 06:30:00,10.68,
2023-11-02 06:45:00,10.68,
2023-11-02 07:00:00,10.68,
2023-11-02 07:15:00,10.69,
2023-11-02 07:30:00,10.72,
2023-11-02 07:45:00,10.74,
2023-11-02 08:00:00,10.77,
2023-11-02 08:15:00,10.81,
2023-11-02 08:30:00,10.81,
2023-11-02 08:45:00,10.82,
2023-11-02 09:00:00,10.88,
2023-11-02 09:15:00,10.91,
2023-11-02 09:30:00,10.99,
2023-11-02 09:45:00,11.08,
2023-11-02 10:00:00,11.08,
2023-11-02 10:15:00,11.01,
2023-11-02 10:30:00,10.88,
2023-11-02 10:45:00,10.85,
2023-11-02 11:00:00,10.81,
2023-11-02 11:15:00,10.75,
2023-11-02 11:30:00,10.79,
2023-11-02 11:45:00,10.82,
2023-11-02 12:00:00,10.78,
2023-11-02 12:15:00,10.74,
2023-11-02 12:30:00,10.7,
2023-11-02 12:45:00,10.7,
2023-11-02 13:00:00,10.63,
2023-11-02 13:15:00,10.63,
2023-11-02 13:30:00,10.63,
2023-11-02 13:45:00,10.55,
2023-11-02 14:00:00,10.53,
2023-11-02 14:15:00,10.51,
2023-11-02 14:30:00,10.48,
2023-11-02 14:45:00,10.48,
2023-11-02 15:00:00,10.45,
2023-11-02 15:15:00,10.42,
2023-11-02 15:30:00,10.4,
2023-11-02 15:45:00,10.37,
2023-11-02 16:00:00,10.37,
2023-11-02 16:15:00,10.27,
2023-11-02 16:30:00,10.16,
2023-11-02 16:45:00,10.07,
2023-11-02 17:00:00,10.01,
2023-11-02 17:15:00,9.94,
2023-11-02 17:30:00,9.89,
2023-11-02 17:45:00,9.87,
2023-11-02 18:00:00,9.86,
2023-11-02 18:15:00,9.88,
2023-11-02 18:30:00,9.91,
2023-11-02 18:45:00,9.93,
2023-11-02 19:00:00,9.95,
2023-11-02 19:15:00,9.98,
2023-11-02 19:30:00,10.01,
2023-11-02 19:45:00,10.04,
2023-11-02 20:00:00,10.07,
2023-11-02 20:15:00,10.09,
2023-11-02 20:30:00,10.1,
2023-11-02 20:45:00,10.12,
2023-11-02 21:00:00,10.12,
2023-11-02 21:15:00,10.14,
2023-11-02 21:30:00,10.14,
2023-11-02 21:45:00,10.15,
2023-11-02 22:00:00,10.17,
2023-11-02 22:15:00,10.17,
2023-11-02 22:30:00,10.16,
2023-11-02 22:45:00,10.17,
2023-11-02 23:00:00,10.17,
2023-11-02 23:15:00,10.18,
2023-11-02 23:30:00,10.18,
2023-11-02 23:45:00,10.18,
2023-11-03 00:00:00,10.18,
2023-11-03 00:15:00,10.19,
2023-11-03 00:30:00,10.18,
2023-11-03 00:45:00,10.19,
2023-11-03 01:00:00,10.19,
2023-11-03 01:15:00,10.2,
2023-11-03 01:30:00,10.21,
2023-11-03 01:45:00,10.2,
2023-11-03 02:00:00,10.21,
2023-11-03 02:15:00,10.21,
2023-11-03 02:30:00,10.21,
2023-11-03 02:45:00,10.21,
2023-11-03 03:00:00,10.21,
2023-11-03 03:15:00,10.21,
2023-11-03 03:30:00,10.21,
2023-11-03 03:45:00,10.2,
2023-11-03 04:00:00,10.21,
2023-11-03 04:15:00,10.21,
2023-11-03 04:30:00,10.22,
2023-11-03 04:45:00,10.22,
2023-11-03 05:00:00,10.23,
2023-11-03 05:15:00,10.23,
2023-11-03 05:30:00,10.22,
2023-11-03 05:45:00,10.22,
2023-11-03 06:00:00,10.23,
2023-11-03 06:15:00,10.23,
2023-11-03 06:30:00,10.23,
2023-11-03 06:45:00,10.24,
2023-11-03 07:00:00,10.24,
2023-11-03 07:15:00,10.25,
2023-11-03 07:30:00,10.27,
2023-11-03 07:45:00,10.3,
2023-11-03 08:00:00,10.34,
2023-11-03 08:15:00,10.38,
2023-11-03 08:30:00,10.44,
2023-11-03 08:45:00,10.52,
2023-11-03 09:00:00,10.57,
2023-11-03 09:15:00,10.63,
2023-11-03 09:30:00,10.65,
2023-11-03 09:45:00,10.68,
2023-11-03 10:00:00,10.62,
2023-11-03 10:15:00,10.57,
2023-11-03 10:30:00,10.59,
2023-11-03 10:45:00,10.6,
2023-11-03 11:00:00,10.61,
2023-11-03 11:15:00,10.6,
2023-11-03 11:30:00,10.56,
2023-11-03 11:45:00,10.5,
2023-11-03 12:00:00,10.43,
2023-11-03 12:15:00,10.41,
2023-11-03 12:30:00,10.38,
2023-11-03 12:45:00,10.39,
2023-11-03 13:00:00,10.4,
2023-11-03 13:15:00,10.36,
2023-11-03 13:30:00,10.33,
2023-11-03 13:45:00,10.34,
2023-11-03 14:00:00,10.33,
2023-11-03 14:15:00,10.35,
2023-11-03 14:30:00,10.35,
2023-11-03 14:45:00,10.29,
2023-11-03 15:00:00,10.27,
2023-11-03 15:15:00,10.25,
2023-11-03 15:30:00,10.21,
2023-11-03 15:45:00,10.15,
2023-11-03 16:00:00,10.08,
2023-11-03 16:15:00,10.04,
2023-11-03 16:30:00,9.95,
2023-11-03 16:45:00,9.87,
2023-11-03 17:00:00,9.81,
2023-11-03 17:15:00,9.74,
2023-11-03 17:30:00,9.7,
2023-11-03 17:45:00,9.66,
2023-11-03 18:00:00,9.68,
2023-11-03 18:15:00,9.69,
2023-11-03 18:30:00,9.72,
2023-11-03 18:45:00,9.74,
2023-11-03 19:00:00,9.77,
2023-11-03 19:15:00,9.8,
2023-11-03 19:30:00,9.82,
2023-11-03 19:45:00,9.85,
2023-11-03 20:00:00,9.87,
2023-11-03 20:15:00,9.9,
2023-11-03 20:30:00,9.91,
2023-11-03 20:45:00,9.92,
2023-11-03 21:00:00,9.94,
2023-11-03 21:15:00,9.96,
2023-11-03 21:30:00,9.97,
2023-11-03 21:45:00,9.98,
2023-11-03 22:00:00,9.99,
2023-11-03 22:15:00,10.0,
2023-11-03 22:30:00,10.02,
2023-11-03 22:45:00,10.04,
2023-11-03 23:00:00,10.06,
2023-11-03 23:15:00,10.07,
2023-11-03 23:30:00,10.08,
2023-11-03 23:45:00,10.11,
2023-11-04 00:00:00,10.12,
2023-11-04 00:15:00,10.14,
2023-11-04 00:30:00,10.15,
2023-11-04 00:45:00,10.18,
2023-11-04 01:00:00,10.2,
2023-11-04 01:15:00,10.23,
2023-11-04 01:30:00,10.24,
2023-11-04 01:45:00,10.26,
2023-11-04 02:00:00,10.27,
2023-11-04 02:15:00,10.3,
2023-11-04 02:30:00,10.31,
2023-11-04 02:45:00,10.33,
2023-11-04 03:00:00,10.36,
2023-11-04 03:15:00,10.37,
2023-11-04 03:30:00,10.38,
2023-11-04 03:45:00,10.41,
2023-11-04 04:00:00,10.42,
2023-11-04 04:15:00,10.44,
2023-11-04 04:30:00,10.45,
2023-11-04 04:45:00,10.48,
2023-11-04 05:00:00,10.5,
2023-11-04 05:15:00,10.51,
2023-11-04 05:30:00,10.53,
2023-11-04 05:45:00,10.54,
2023-11-04 06:00:00,10.56,
2023-11-04 06:15:00,10.58,
2023-11-04 06:30:00,10.6,
2023-11-04 06:45:00,10.61,
2023-11-04 07:00:00,10.63,
2023-11-04 07:15:00,10.66,
2023-11-04 07:30:00,10.71,
2023-11-04 07:45:00,10.76,
2023-11-04 08:00:00,10.8,
2023-11-04 08:15:00,10.83,
2023-11-04 08:30:00,10.86,
2023-11-04 08:45:00,10.93,
2023-11-04 09:00:00,10.98,
2023-11-04 09:15:00,11.02,
2023-11-04 09:30:00,11.03,
2023-11-04 09:45:00,11.02,
2023-11-04 10:00:00,11.0,
2023-11-04 10:15:00,10.97,
2023-11-04 10:30:00,10.92,
2023-11-04 10:45:00,10.87,
2023-11-04 11:00:00,10.81,
2023-11-04 11:15:00,10.75,
2023-11-04 11:30:00,10.7,
2023-11-04 11:45:00,10.62,
2023-11-04 12:00:00,10.56,
2023-11-04 12:15:00,10.49,
2023-11-04 12:30:00,10.44,
2023-11-04 12:45:00,10.41,
2023-11-04 13:00:00,10.33,
2023-11-04 13:15:00,10.25,
2023-11-04 13:30:00,10.18,
2023-11-04 13:45:00,10.12,
2023-11-04 14:00:00,10.06,
2023-11-04 14:15:00,10.03,
2023-11-04 14:30:00,10.03,
2023-11-04 14:45:00,10.01,
2023-11-04 15:00:00,9.99,
2023-11-04 15:15:00,9.92,
2023-11-04 15:30:00,9.87,
2023-11-04 15:45:00,9.79,
2023-11-04 16:00:00,9.75,
2023-11-04 16:15:00,9.69,
2023-11-04 16:30:00,9.61,
2023-11-04 16:45:00,9.54,
2023-11-04 17:00:00,9.48,
2023-11-04 17:15:00,9.43,
2023-11-04 17:30:00,9.39,
2023-11-04 17:45:00,9.37,
2023-11-04 18:00:00,9.38,
2023-11-04 18:15:00,9.39,
2023-11-04 18:30:00,9.41,
2023-11-04 18:45:00,9.44,
2023-11-04 19:00:00,9.46,
2023-11-04 19:15:00,9.48,
2023-11-04 19:30:00,9.5,
2023-11-04 19:45:00,9.52,
2023-11-04 20:00:00,9.54,
2023-11-04 20:15:00,9.57,
2023-11-04 20:30:00,9.6,
2023-11-04 20:45:00,9.62,
2023-11-04 21:00:00,9.65,
2023-11-04 21:15:00,9.67,
2023-11-04 21:30:00,9.7,
2023-11-04 21:45:00,9.72,
2023-11-04 22:00:00,9.75,
2023-11-04 22:15:00,9.78,
2023-11-04 22:30:00,9.8,
2023-11-04 22:45:00,9.81,
2023-11-04 23:00:00,9.84,
2023-11-04 23:15:00,9.86,
2023-11-04 23:30:00,9.87,
2023-11-04 23:45:00,9.89,
2023-11-05 00:00:00,9.9,
2023-11-05 00:15:00,9.91,
2023-11-05 00:30:00,9.93,
2023-11-05 00:45:00,9.94,
2023-11-05 01:00:00,9.96,
2023-11-05 01:15:00,9.98,
2023-11-05 01:30:00,9.98,
2023-11-05 01:45:00,10.0,
2023-11-05 02:00:00,10.0,
2023-11-05 02:15:00,10.0,
2023-11-05 02:30:00,10.01,
2023-11-05 02:45:00,10.02,
2023-11-05 03:00:00,10.02,
2023-11-05 03:15:00,10.02,
2023-11-05 03:30:00,10.02,
2023-11-05 03:45:00,10.03,
2023-11-05 04:00:00,10.02,
2023-11-05 04:15:00,10.03,
2023-11-05 04:30:00,10.03,
2023-11-05 04:45:00,10.03,
2023-11-05 05:00:00,10.03,
2023-11-05 05:15:00,10.04,
2023-11-05 05:30:00,10.04,
2023-11-05 05:45:00,10.05,
2023-11-05 06:00:00,10.06,
2023-11-05 06:15:00,10.05,
2023-11-05 06:30:00,10.06,
2023-11-05 06:45:00,10.06,
2023-11-05 07:00:00,10.07,
2023-11-05 07:15:00,10.09,
2023-11-05 07:30:00,10.13,
2023-11-05 07:45:00,10.18,
2023-11-05 08:00:00,10.24,
2023-11-05 08:15:00,10.26,
2023-11-05 08:30:00,10.3,
2023-11-05 08:45:00,10.46,
2023-11-05 09:00:00,10.51,
2023-11-05 09:15:00,10.43,
2023-11-05 09:30:00,10.4,
2023-11-05 09:45:00,10.39,
2023-11-05 10:00:00,10.4,
2023-11-05 10:15:00,10.46,
2023-11-05 10:30:00,10.48,
2023-11-05 10:45:00,10.48,
2023-11-05 11:00:00,10.4,
2023-11-05 11:15:00,10.4,
2023-11-05 11:30:00,10.44,
2023-11-05 11:45:00,10.44,
2023-11-05 12:00:00,10.38,
2023-11-05 12:15:00,10.38,
2023-11-05 12:30:00,10.38,
2023-11-05 12:45:00,10.33,
2023-11-05 13:00:00,10.31,
2023-11-05 13:15:00,10.27,
2023-11-05 13:30:00,10.23,
2023-11-05 13:45:00,10.14,
2023-11-05 14:00:00,10.02,
2023-11-05 14:15:00,9.96,
2023-11-05 14:30:00,9.95,
2023-11-05 14:45:00,9.97,
2023-11-05 15:00:00,9.98,
2023-11-05 15:15:00,9.95,
2023-11-05 15:30:00,9.89,
2023-11-05 15:45:00,9.87,
2023-11-05 16:00:00,9.79,
2023-11-05 16:15:00,9.69,
2023-11-05 16:30:00,9.65,
2023-11-05 16:45:00,9.63,
2023-11-05 17:00:00,9.57,
2023-11-05 17:15:00,9.53,
2023-11-05 17:30:00,9.49,
2023-11-05 17:45:00,9.49,
2023-11-05 18:00:00,9.48,
2023-11-05 18:15:00,9.5,
2023-11-05 18:30:00,9.52,
2023-11-05 18:45:00,9.54,
2023-11-05 19:00:00,9.55,
2023-11-05 19:15:00,9.57,
2023-11-05 19:30:00,9.58,
2023-11-05 19:45:00,9.6,
2023-11-05 20:00:00,9.61,
2023-11-05 20:15:00,9.63,
2023-11-05 20:30:00,9.65,
2023-11-05 20:45:00,9.67,
2023-11-05 21:00:00,9.69,
2023-11-05 21:15:00,9.7,
2023-11-05 21:30:00,9.72,
2023-11-05 21:45:00,9.73,
2023-11-05 22:00:00,9.76,
2023-11-05 22:15:00,9.77,
2023-11-05 22:30:00,9.8,
2023-11-05 22:45:00,9.81,
2023-11-05 23:00:00,9.84,
2023-11-05 23:15:00,9.86,
2023-11-05 23:30:00,9.87,
2023-11-05 23:45:00,9.89,
2023-11-06 00:00:00,9.9,
2023-11-06 00:15:00,9.92,
2023-11-06 00:30:00,9.93,
2023-11-06 00:45:00,9.94,
2023-11-06 01:00:00,9.94,
2023-11-06 01:15:00,9.95,
2023-11-06 01:30:00,9.95,
2023-11-06 01:45:00,9.96,
2023-11-06 02:00:00,9.97,
2023-11-06 02:15:00,9.97,
2023-11-06 02:30:00,9.98,
2023-11-06 02:45:00,9.97,
2023-11-06 03:00:00,9.97,
2023-11-06 03:15:00,9.97,
2023-11-06 03:30:00,9.97,
2023-11-06 03:45:00,9.98,
2023-11-06 04:00:00,9.97,
2023-11-06 04:15:00,9.97,
2023-11-06 04:30:00,9.98,
2023-11-06 04:45:00,9.96,
2023-11-06 05:00:00,9.97,
2023-11-06 05:15:00,9.97,
2023-11-06 05:30:00,9.98,
2023-11-06 05:45:00,9.98,
2023-11-06 06:00:00,9.99,
2023-11-06 06:15:00,9.99,
2023-11-06 06:30:00,9.99,
2023-11-06 06:45:00,9.99,
2023-11-06 07:00:00,10.0,
2023-11-06 07:15:00,10.01,
2023-11-06 07:30:00,10.05,
2023-11-06 07:45:00,10.13,
2023-11-06 08:00:00,10.18,
2023-11-06 08:15:00,10.26,
2023-11-06 08:30:00,10.33,
2023-11-06 08:45:00,10.38,
2023-11-06 09:00:00,10.43,
2023-11-06 09:15:00,10.46,
2023-11-06 09:30:00,10.46,
2023-11-06 09:45:00,10.45,
2023-11-06 10:00:00,10.41,
2023-11-06 10:15:00,10.39,
2023-11-06 10:30:00,10.37,
2023-11-06 10:45:00,10.34,
2023-11-06 11:00:00,10.3,
2023-11-06 11:15:00,10.31,
2023-11-06 11:30:00,10.34,
2023-11-06 11:45:00,10.41,
2023-11-06 12:00:00,10.46,
2023-11-06 12:15:00,10.42,
2023-11-06 12:30:00,10.35,
2023-11-06 12:45:00,10.3,
2023-11-06 13:00:00,10.3,
2023-11-06 13:15:00,10.32,
2023-11-06 13:30:00,10.3,
2023-11-06 13:45:00,10.31,
2023-11-06 14:00:00,10.3,
2023-11-06 14:15:00,10.25,
2023-11-06 14:30:00,10.17,
2023-11-06 14:45:00,10.13,
2023-11-06 15:00:00,10.11,
2023-11-06 15:15:00,10.05,
2023-11-06 15:30:00,10.02,
2023-11-06 15:45:00,9.93,
2023-11-06 16:00:00,9.86,
2023-11-06 16:15:00,9.79,
2023-11-06 16:30:00,9.75,
2023-11-06 16:45:00,9.7,
2023-11-06 17:00:00,9.63,
2023-11-06 17:15:00,9.58,
2023-11-06 17:30:00,9.55,
2023-11-06 17:45:00,9.53,
2023-11-06 18:00:00,9.54,
2023-11-06 18:15:00,9.55,
2023-11-06 18:30:00,9.57,
2023-11-06 18:45:00,9.58,
2023-11-06 19:00:00,9.59,
2023-11-06 19:15:00,9.61,
2023-11-06 19:30:00,9.61,
2023-11-06 19:45:00,9.62,
2023-11-06 20:00:00,9.64,
2023-11-06 20:15:00,9.64,
2023-11-06 20:30:00,9.65,
2023-11-06 20:45:00,9.67,
2023-11-06 21:00:00,9.67,
2023-11-06 21:15:00,9.67,
2023-11-06 21:30:00,9.68,
2023-11-06 21:45:00,9.69,
2023-11-06 22:00:00,9.69,
2023-11-06 22:15:00,9.7,
2023-11-06 22:30:00,9.71,
2023-11-06 22:45:00,9.71,
2023-11-06 23:00:00,9.73,
2023-11-06 23:15:00,9.73,
2023-11-06 23:30:00,9.73,
2023-11-06 23:45:00,9.74,
2023-11-07 00:00:00,9.75,
2023-11-07 00:15:00,9.76,
2023-11-07 00:30:00,9.77,
2023-11-07 00:45:00,9.78,
2023-11-07 01:00:00,9.79,
2023-11-07 01:15:00,9.81,
2023-11-07 01:30:00,9.83,
2023-11-07 01:45:00,9.84,
2023-11-07 02:00:00,9.86,
2023-11-07 02:15:00,9.89,
2023-11-07 02:30:00,9.9,
2023-11-07 02:45:00,9.92,
2023-11-07 03:00:00,9.93,
2023-11-07 03:15:00,9.94,
2023-11-07 03:30:00,9.97,
2023-11-07 03:45:00,9.99,
2023-11-07 04:00:00,10.01,
2023-11-07 04:15:00,10.04,
2023-11-07 04:30:00,10.06,
2023-11-07 04:45:00,10.08,
2023-11-07 05:00:00,10.09,
2023-11-07 05:15:00,10.1,
2023-11-07 05:30:00,10.11,
2023-11-07 05:45:00,10.12,
2023-11-07 06:00:00,10.13,
2023-11-07 06:15:00,10.14,
2023-11-07 06:30:00,10.14,
2023-11-07 06:45:00,10.15,
2023-11-07 07:00:00,10.16,
2023-11-07 07:15:00,10.17,
2023-11-07 07:30:00,10.2,
2023-11-07 07:45:00,10.21,
2023-11-07 08:00:00,10.25,
2023-11-07 08:15:00,10.32,
2023-11-07 08:30:00,10.41,
2023-11-07 08:45:00,10.5,
2023-11-07 09:00:00,10.59,
2023-11-07 09:15:00,10.7,
2023-11-07 09:30:00,10.74,
2023-11-07 09:45:00,10.75,
2023-11-07 10:00:00,10.74,
2023-11-07 10:15:00,10.73,
2023-11-07 10:30:00,10.7,
2023-11-07 10:45:00,10.65,
2023-11-07 11:00:00,10.61,
2023-11-07 11:15:00,10.55,
2023-11-07 11:30:00,10.49,
2023-11-07 11:45:00,10.43,
2023-11-07 12:00:00,10.36,
2023-11-07 12:15:00,10.34,
2023-11-07 12:30:00,10.33,
2023-11-07 12:45:00,10.36,
2023-11-07 13:00:00,10.31,
2023-11-07 13:15:00,10.3,
2023-11-07 13:30:00,10.29,
2023-11-07 13:45:00,10.26,
2023-11-07 14:00:00,10.24,
2023-11-07 14:15:00,10.24,
2023-11-07 14:30:00,10.22,
2023-11-07 14:45:00,10.19,
2023-11-07 15:00:00,10.22,
2023-11-07 15:15:00,10.24,
2023-11-07 15:30:00,10.28,
2023-11-07 15:45:00,10.3,
2023-11-07 16:00:00,10.31,
2023-11-07 16:15:00,10.33,
2023-11-07 16:30:00,10.32,
2023-11-07 16:45:00,10.32,
2023-11-07 17:00:00,10.3,
2023-11-07 17:15:00,10.27,
2023-11-07 17:30:00,10.24,
2023-11-07 17:45:00,10.23,
2023-11-07 18:00:00,10.24,
2023-11-07 18:15:00,10.25,
2023-11-07 18:30:00,10.26,
2023-11-07 18:45:00,10.28,
2023-11-07 19:00:00,10.3,
2023-11-07 19:15:00,10.31,
2023-11-07 19:30:00,10.34,
2023-11-07 19:45:00,10.36,
2023-11-07 20:00:00,10.38,
2023-11-07 20:15:00,10.39,
2023-11-07 20:30:00,10.41,
2023-11-07 20:45:00,10.41,
2023-11-07 21:00:00,10.42,
2023-11-07 21:15:00,10.42,
2023-11-07 21:30:00,10.42,
2023-11-07 21:45:00,10.44,
2023-11-07 22:00:00,10.45,
2023-11-07 22:15:00,10.47,
2023-11-07 22:30:00,10.48,
2023-11-07 22:45:00,10.5,
2023-11-07 23:00:00,10.52,
2023-11-07 23:15:00,10.54,
2023-11-07 23:30:00,10.56,
2023-11-07 23:45:00,10.58,
2023-11-08 00:00:00,10.58,
2023-11-08 00:15:00,10.6,
2023-11-08 00:30:00,10.6,
2023-11-08 00:45:00,10.61,
2023-11-08 01:00:00,10.62,
2023-11-08 01:15:00,10.63,
2023-11-08 01:30:00,10.64,
2023-11-08 01:45:00,10.65,
2023-11-08 02:00:00,10.67,
2023-11-08 02:15:00,10.69,
2023-11-08 02:30:00,10.71,
2023-11-08 02:45:00,10.73,
2023-11-08 03:00:00,10.75,
2023-11-08 03:15:00,10.77,
2023-11-08 03:30:00,10.79,
2023-11-08 03:45:00,10.81,
2023-11-08 04:00:00,10.82,
2023-11-08 04:15:00,10.84,
2023-11-08 04:30:00,10.87,
2023-11-08 04:45:00,10.89,
2023-11-08 05:00:00,10.9,
2023-11-08 05:15:00,10.91,
2023-11-08 05:30:00,10.93,
2023-11-08 05:45:00,10.94,
2023-11-08 06:00:00,10.95,
2023-11-08 06:15:00,10.96,
2023-11-08 06:30:00,10.95,
2023-11-08 06:45:00,10.96,
2023-11-08 07:00:00,10.96,
2023-11-08 07:15:00,10.97,
2023-11-08 07:30:00,11.0,
2023-11-08 07:45:00,11.04,
2023-11-08 08:00:00,11.09,
2023-11-08 08:15:00,11.12,
2023-11-08 08:30:00,11.16,
2023-11-08 08:45:00,11.24,
2023-11-08 09:00:00,11.32,
2023-11-08 09:15:00,11.37,
2023-11-08 09:30:00,11.38,
2023-11-08 09:45:00,11.38,
2023-11-08 10:00:00,11.39,
2023-11-08 10:15:00,11.4,
2023-11-08 10:30:00,11.4,
2023-11-08 10:45:00,11.37,
2023-11-08 11:00:00,11.35,
2023-11-08 11:15:00,11.31,
2023-11-08 11:30:00,11.31,
2023-11-08 11:45:00,11.24,
2023-11-08 12:00:00,11.2,
2023-11-08 12:15:00,11.14,
2023-11-08 12:30:00,11.09,
2023-11-08 12:45:00,11.03,
2023-11-08 13:00:00,10.97,
2023-11-08 13:15:00,10.92,
2023-11-08 13:30:00,10.88,
2023-11-08 13:45:00,10.76,
2023-11-08 14:00:00,10.79,
2023-11-08 14:15:00,10.72,
2023-11-08 14:30:00,10.66,
2023-11-08 14:45:00,10.61,
2023-11-08 15:00:00,10.57,
2023-11-08 15:15:00,10.58,
2023-11-08 15:30:00,10.55,
2023-11-08 15:45:00,10.5,
2023-11-08 16:00:00,10.42,
2023-11-08 16:15:00,10.34,
2023-11-08 16:30:00,10.3,
2023-11-08 16:45:00,10.28,
2023-11-08 17:00:00,10.25,
2023-11-08 17:15:00,10.22,
2023-11-08 17:30:00,10.19,
2023-11-08 17:45:00,10.17,
2023-11-08 18:00:00,10.18,
2023-11-08 18:15:00,10.18,
2023-11-08 18:30:00,10.21,
2023-11-08 18:45:00,10.23,
2023-11-08 19:00:00,10.24,
2023-11-08 19:15:00,10.27,
2023-11-08 19:30:00,10.3,
2023-11-08 19:45:00,10.32,
2023-11-08 20:00:00,10.34,
2023-11-08 20:15:00,10.38,
2023-11-08 20:30:00,10.41,
2023-11-08 20:45:00,10.44,
2023-11-08 21:00:00,10.46,
2023-11-08 21:15:00,10.5,
2023-11-08 21:30:00,10.52,
2023-11-08 21:45:00,10.55,
2023-11-08 22:00:00,10.59,
2023-11-08 22:15:00,10.61,
2023-11-08 22:30:00,10.64,
2023-11-08 22:45:00,10.66,
2023-11-08 23:00:00,10.7,
2023-11-08 23:15:00,10.72,
2023-11-08 23:30:00,10.75,
2023-11-08 23:45:00,10.78,
2023-11-09 00:00:00,10.81,
2023-11-09 00:15:00,10.84,
2023-11-09 00:30:00,10.86,
2023-11-09 00:45:00,10.89,
2023-11-09 01:00:00,10.92,
2023-11-09 01:15:00,10.94,
2023-11-09 01:30:00,10.97,
2023-11-09 01:45:00,10.99,
2023-11-09 02:00:00,11.01,
2023-11-09 02:15:00,11.04,
2023-11-09 02:30:00,11.06,
2023-11-09 02:45:00,11.09,
2023-11-09 03:00:00,11.11,
2023-11-09 03:15:00,11.13,
2023-11-09 03:30:00,11.16,
2023-11-09 03:45:00,11.17,
2023-11-09 04:00:00,11.2,
2023-11-09 04:15:00,11.22,
2023-11-09 04:30:00,11.24,
2023-11-09 04:45:00,11.26,
2023-11-09 05:00:00,11.28,
2023-11-09 05:15:00,11.3,
2023-11-09 05:30:00,11.32,
2023-11-09 05:45:00,11.34,
2023-11-09 06:00:00,11.36,
2023-11-09 06:15:00,11.38,
2023-11-09 06:30:00,11.41,
2023-11-09 06:45:00,11.42,
2023-11-09 07:00:00,11.44,
2023-11-09 07:15:00,11.47,
2023-11-09 07:30:00,11.53,
2023-11-09 07:45:00,11.59,
2023-11-09 08:00:00,11.65,
2023-11-09 08:15:00,11.7,
2023-11-09 08:30:00,11.73,
2023-11-09 08:45:00,11.77,
2023-11-09 09:00:00,11.83,
2023-11-09 09:15:00,11.85,
2023-11-09 09:30:00,11.86,
2023-11-09 09:45:00,11.85,
2023-11-09 10:00:00,11.82,
2023-11-09 10:15:00,11.79,
2023-11-09 10:30:00,11.74,
2023-11-09 10:45:00,11.7,
2023-11-09 11:00:00,11.63,
2023-11-09 11:15:00,11.56,
2023-11-09 11:30:00,11.5,
2023-11-09 11:45:00,11.42,
2023-11-09 12:00:00,11.34,
2023-11-09 12:15:00,11.26,
2023-11-09 12:30:00,11.18,
2023-11-09 12:45:00,11.11,
2023-11-09 13:00:00,11.04,
2023-11-09 13:15:00,10.96,
2023-11-09 13:30:00,10.9,
2023-11-09 13:45:00,10.84,
2023-11-09 14:00:00,10.79,
2023-11-09 14:15:00,10.74,
2023-11-09 14:30:00,10.7,
2023-11-09 14:45:00,10.65,
2023-11-09 15:00:00,10.62,
2023-11-09 15:15:00,10.59,
2023-11-09 15:30:00,10.55,
2023-11-09 15:45:00,10.51,
2023-11-09 16:00:00,10.48,
2023-11-09 16:15:00,10.42,
2023-11-09 16:30:00,10.35,
2023-11-09 16:45:00,10.32,
2023-11-09 17:00:00,10.28,
2023-11-09 17:15:00,10.26,
2023-11-09 17:30:00,10.24,
2023-11-09 17:45:00,10.27,
2023-11-09 18:00:00,10.3,
2023-11-09 18:15:00,10.33,
2023-11-09 18:30:00,10.36,
2023-11-09 18:45:00,10.4,
2023-11-09 19:00:00,10.44,
2023-11-09 19:15:00,10.48,
2023-11-09 19:30:00,10.52,
2023-11-09 19:45:00,10.56,
2023-11-09 20:00:00,10.6,
2023-11-09 20:15:00,10.64,
2023-11-09 20:30:00,10.67,
2023-11-09 20:45:00,10.71,
2023-11-09 21:00:00,10.74,
2023-11-09 21:15:00,10.77,
2023-11-09 21:30:00,10.8,
2023-11-09 21:45:00,10.84,
2023-11-09 22:00:00,10.87,
2023-11-09 22:15:00,10.91,
2023-11-09 22:30:00,10.94,
2023-11-09 22:45:00,10.97,
2023-11-09 23:00:00,10.99,
2023-11-09 23:15:00,11.02,
2023-11-09 23:30:00,11.05,
2023-11-09 23:45:00,11.07,
2023-11-10 00:00:00,11.1,
2023-11-10 00:15:00,11.12,
2023-11-10 00:30:00,11.15,
2023-11-10 00:45:00,11.18,
2023-11-10 01:00:00,11.2,
2023-11-10 01:15:00,11.22,
2023-11-10 01:30:00,11.23,
2023-11-10 01:45:00,11.25,
2023-11-10 02:00:00,11.27,
2023-11-10 02:15:00,11.3,
2023-11-10 02:30:00,11.32,
2023-11-10 02:45:00,11.34,
2023-11-10 03:00:00,11.36,
2023-11-10 03:15:00,11.37,
2023-11-10 03:30:00,11.4,
2023-11-10 03:45:00,11.41,
2023-11-10 04:00:00,11.42,
2023-11-10 04:15:00,11.44,
2023-11-10 04:30:00,11.45,
2023-11-10 04:45:00,11.47,
2023-11-10 05:00:00,11.48,
2023-11-10 05:15:00,11.5,
2023-11-10 05:30:00,11.51,
2023-11-10 05:45:00,11.52,
2023-11-10 06:00:00,11.53,
2023-11-10 06:15:00,11.55,
2023-11-10 06:30:00,11.55,
2023-11-10 06:45:00,11.56,
2023-11-10 07:00:00,11.57,
2023-11-10 07:15:00,11.59,
2023-11-10 07:30:00,11.62,
2023-11-10 07:45:00,11.67,
2023-11-10 08:00:00,11.7,
2023-11-10 08:15:00,11.73,
2023-11-10 08:30:00,11.81,
2023-11-10 08:45:00,11.89,
2023-11-10 09:00:00,11.93,
2023-11-10 09:15:00,11.93,
2023-11-10 09:30:00,11.92,
2023-11-10 09:45:00,11.91,
2023-11-10 10:00:00,11.9,
2023-11-10 10:15:00,11.9,
2023-11-10 10:30:00,11.84,
2023-11-10 10:45:00,11.81,
2023-11-10 11:00:00,11.75,
2023-11-10 11:15:00,11.68,
2023-11-10 11:30:00,11.63,
2023-11-10 11:45:00,11.54,
2023-11-10 12:00:00,11.48,
2023-11-10 12:15:00,11.41,
2023-11-10 12:30:00,11.33,
2023-11-10 12:45:00,11.25,
2023-11-10 13:00:00,11.14,
2023-11-10 13:15:00,11.09,
2023-11-10 13:30:00,11.06,
2023-11-10 13:45:00,10.99,
2023-11-10 14:00:00,10.95,
2023-11-10 14:15:00,10.92,
2023-11-10 14:30:00,10.9,
2023-11-10 14:45:00,10.85,
2023-11-10 15:00:00,10.83,
2023-11-10 15:15:00,10.84,
2023-11-10 15:30:00,10.86,
2023-11-10 15:45:00,10.84,
2023-11-10 16:00:00,10.76,
2023-11-10 16:15:00,10.72,
2023-11-10 16:30:00,10.63,
2023-11-10 16:45:00,10.57,
2023-11-10 17:00:00,10.55,
2023-11-10 17:15:00,10.52,
2023-11-10 17:30:00,10.48,
2023-11-10 17:45:00,10.49,
2023-11-10 18:00:00,10.51,
2023-11-10 18:15:00,10.52,
2023-11-10 18:30:00,10.54,
2023-11-10 18:45:00,10.56,
2023-11-10 19:00:00,10.59,
2023-11-10 19:15:00,10.63,
2023-11-10 19:30:00,10.65,
2023-11-10 19:45:00,10.68,
2023-11-10 20:00:00,10.71,
2023-11-10 20:15:00,10.74,
2023-11-10 20:30:00,10.76,
2023-11-10 20:45:00,10.8,
2023-11-10 21:00:00,10.83,
2023-11-10 21:15:00,10.85,
2023-11-10 21:30:00,10.88,
2023-11-10 21:45:00,10.9,
2023-11-10 22:00:00,10.93,
2023-11-10 22:15:00,10.95,
2023-11-10 22:30:00,10.97,
2023-11-10 22:45:00,11.01,
2023-11-10 23:00:00,11.03,
2023-11-10 23:15:00,11.05,
2023-11-10 23:30:00,11.07,
2023-11-10 23:45:00,11.09,
2023-11-11 00:00:00,11.12,
2023-11-11 00:15:00,11.14,
2023-11-11 00:30:00,11.16,
2023-11-11 00:45:00,11.18,
2023-11-11 01:00:00,11.2,
2023-11-11 01:15:00,11.23,
2023-11-11 01:30:00,11.25,
2023-11-11 01:45:00,11.27,
2023-11-11 02:00:00,11.28,
2023-11-11 02:15:00,11.3,
2023-11-11 02:30:00,11.32,
2023-11-11 02:45:00,11.35,
2023-11-11 03:00:00,11.36,
2023-11-11 03:15:00,11.38,
2023-11-11 03:30:00,11.41,
2023-11-11 03:45:00,11.42,
2023-11-11 04:00:00,11.44,
2023-11-11 04:15:00,11.45,
2023-11-11 04:30:00,11.45,
2023-11-11 04:45:00,11.45,
2023-11-11 05:00:00,11.46,
2023-11-11 05:15:00,11.45,
2023-11-11 05:30:00,11.45,
2023-11-11 05:45:00,11.45,
2023-11-11 06:00:00,11.46,
2023-11-11 06:15:00,11.47,
2023-11-11 06:30:00,11.48,
2023-11-11 06:45:00,11.5,
2023-11-11 07:00:00,11.5,
2023-11-11 07:15:00,11.53,
2023-11-11 07:30:00,11.56,
2023-11-11 07:45:00,11.63,
2023-11-11 08:00:00,11.69,
2023-11-11 08:15:00,11.72,
2023-11-11 08:30:00,11.78,
2023-11-11 08:45:00,11.81,
2023-11-11 09:00:00,11.84,
2023-11-11 09:15:00,11.84,
2023-11-11 09:30:00,11.84,
2023-11-11 09:45:00,11.82,
2023-11-11 10:00:00,11.8,
2023-11-11 10:15:00,11.76,
2023-11-11 10:30:00,11.67,
2023-11-11 10:45:00,11.61,
2023-11-11 11:00:00,11.54,
2023-11-11 11:15:00,11.44,
2023-11-11 11:30:00,11.35,
2023-11-11 11:45:00,11.28,
2023-11-11 12:00:00,11.2,
2023-11-11 12:15:00,11.12,
2023-11-11 12:30:00,11.05,
2023-11-11 12:45:00,10.99,
2023-11-11 13:00:00,10.93,
2023-11-11 13:15:00,10.83,
2023-11-11 13:30:00,10.78,
2023-11-11 13:45:00,10.75,
2023-11-11 14:00:00,10.72,
2023-11-11 14:15:00,10.68,
2023-11-11 14:30:00,10.63,
2023-11-11 14:45:00,10.58,
2023-11-11 15:00:00,10.55,
2023-11-11 15:15:00,10.54,
2023-11-11 15:30:00,10.51,
2023-11-11 15:45:00,10.5,
2023-11-11 16:00:00,10.46,
2023-11-11 16:15:00,10.4,
2023-11-11 16:30:00,10.35,
2023-11-11 16:45:00,10.28,
2023-11-11 17:00:00,10.2,
2023-11-11 17:15:00,10.17,
2023-11-11 17:30:00,10.16,
2023-11-11 17:45:00,10.15,
2023-11-11 18:00:00,10.17,
2023-11-11 18:15:00,10.2,
2023-11-11 18:30:00,10.23,
2023-11-11 18:45:00,10.26,
2023-11-11 19:00:00,10.3,
2023-11-11 19:15:00,10.34,
2023-11-11 19:30:00,10.37,
2023-11-11 19:45:00,10.4,
2023-11-11 20:00:00,10.43,
2023-11-11 20:15:00,10.46,
2023-11-11 20:30:00,10.5,
2023-11-11 20:45:00,10.52,
2023-11-11 21:00:00,10.56,
2023-11-11 21:15:00,10.59,
2023-11-11 21:30:00,10.62,
2023-11-11 21:45:00,10.64,
2023-11-11 22:00:00,10.67,
2023-11-11 22:15:00,10.71,
2023-11-11 22:30:00,10.74,
2023-11-11 22:45:00,10.76,
2023-11-11 23:00:00,10.79,
2023-11-11 23:15:00,10.81,
2023-11-11 23:30:00,10.84,
2023-11-11 23:45:00,10.87,
2023-11-12 00:00:00,10.89,
2023-11-12 00:15:00,10.91,
2023-11-12 00:30:00,10.94,
2023-11-12 00:45:00,10.96,
2023-11-12 01:00:00,10.98,
2023-11-12 01:15:00,11.0,
2023-11-12 01:30:00,11.02,
2023-11-12 01:45:00,11.04,
2023-11-12 02:00:00,11.06,
2023-11-12 02:15:00,11.08,
2023-11-12 02:30:00,11.09,
2023-11-12 02:45:00,11.11,
2023-11-12 03:00:00,11.13,
2023-11-12 03:15:00,11.14,
2023-11-12 03:30:00,11.15,
2023-11-12 03:45:00,11.17,
2023-11-12 04:00:00,11.18,
2023-11-12 04:15:00,11.21,
2023-11-12 04:30:00,11.22,
2023-11-12 04:45:00,11.23,
2023-11-12 05:00:00,11.24,
2023-11-12 05:15:00,11.26,
2023-11-12 05:30:00,11.28,
2023-11-12 05:45:00,11.29,
2023-11-12 06:00:00,11.3,
2023-11-12 06:15:00,11.32,
2023-11-12 06:30:00,11.33,
2023-11-12 06:45:00,11.35,
2023-11-12 07:00:00,11.36,
2023-11-12 07:15:00,11.38,
2023-11-12 07:30:00,11.42,
2023-11-12 07:45:00,11.47,
2023-11-12 08:00:00,11.51,
2023-11-12 08:15:00,11.55,
2023-11-12 08:30:00,11.58,
2023-11-12 08:45:00,11.61,
2023-11-12 09:00:00,11.67,
2023-11-12 09:15:00,11.69,
2023-11-12 09:30:00,11.7,
2023-11-12 09:45:00,11.69,
2023-11-12 10:00:00,11.67,
2023-11-12 10:15:00,11.64,
2023-11-12 10:30:00,11.6,
2023-11-12 10:45:00,11.55,
2023-11-12 11:00:00,11.49,
2023-11-12 11:15:00,11.42,
2023-11-12 11:30:00,11.35,
2023-11-12 11:45:00,11.27,
2023-11-12 12:00:00,11.2,
2023-11-12 12:15:00,11.13,
2023-11-12 12:30:00,11.07,
2023-11-12 12:45:00,11.01,
2023-11-12 13:00:00,10.93,
2023-11-12 13:15:00,10.81,
2023-11-12 13:30:00,10.74,
2023-11-12 13:45:00,10.68,
2023-11-12 14:00:00,10.62,
2023-11-12 14:15:00,10.56,
2023-11-12 14:30:00,10.5,
2023-11-12 14:45:00,10.46,
2023-11-12 15:00:00,10.42,
2023-11-12 15:15:00,10.37,
2023-11-12 15:30:00,10.3,
2023-11-12 15:45:00,10.27,
2023-11-12 16:00:00,10.2,
2023-11-12 16:15:00,10.11,
2023-11-12 16:30:00,10.03,
2023-11-12 16:45:00,9.99,
2023-11-12 17:00:00,9.96,
2023-11-12 17:15:00,9.96,
2023-11-12 17:30:00,9.98,
2023-11-12 17:45:00,9.99,
2023-11-12 18:00:00,10.02,
2023-11-12 18:15:00,10.06,
2023-11-12 18:30:00,10.09,
2023-11-12 18:45:00,10.12,
2023-11-12 19:00:00,10.16,
2023-11-12 19:15:00,10.19,
2023-11-12 19:30:00,10.22,
2023-11-12 19:45:00,10.25,
2023-11-12 20:00:00,10.28,
2023-11-12 20:15:00,10.31,
2023-11-12 20:30:00,10.34,
2023-11-12 20:45:00,10.36,
2023-11-12 21:00:00,10.39,
2023-11-12 21:15:00,10.41,
2023-11-12 21:30:00,10.43,
2023-11-12 21:45:00,10.46,
2023-11-12 22:00:00,10.49,
2023-11-12 22:15:00,10.51,
2023-11-12 22:30:00,10.53,
2023-11-12 22:45:00,10.55,
2023-11-12 23:00:00,10.57,
2023-11-12 23:15:00,10.59,
2023-11-12 23:30:00,10.61,
2023-11-12 23:45:00,10.62,
2023-11-13 00:00:00,10.64,
2023-11-13 00:15:00,10.66,
2023-11-13 00:30:00,10.68,
2023-11-13 00:45:00,10.69,
2023-11-13 01:00:00,10.71,
2023-11-13 01:15:00,10.72,
2023-11-13 01:30:00,10.74,
2023-11-13 01:45:00,10.75,
2023-11-13 02:00:00,10.76,
2023-11-13 02:15:00,10.78,
2023-11-13 02:30:00,10.81,
2023-11-13 02:45:00,10.83,
2023-11-13 03:00:00,10.85,
2023-11-13 03:15:00,10.87,
2023-11-13 03:30:00,10.89,
2023-11-13 03:45:00,10.9,
2023-11-13 04:00:00,10.92,
2023-11-13 04:15:00,10.93,
2023-11-13 04:30:00,10.95,
2023-11-13 04:45:00,10.97,
2023-11-13 05:00:00,10.99,
2023-11-13 05:15:00,11.01,
2023-11-13 05:30:00,11.02,
2023-11-13 05:45:00,11.05,
2023-11-13 06:00:00,11.06,
2023-11-13 06:15:00,11.07,
2023-11-13 06:30:00,11.09,
2023-11-13 06:45:00,11.1,
2023-11-13 07:00:00,11.11,
2023-11-13 07:15:00,11.13,
2023-11-13 07:30:00,11.17,
2023-11-13 07:45:00,11.22,
2023-11-13 08:00:00,11.3,
2023-11-13 08:15:00,11.39,
2023-11-13 08:30:00,11.46,
2023-11-13 08:45:00,11.51,
2023-11-13 09:00:00,11.53,
2023-11-13 09:15:00,11.52,
2023-11-13 09:30:00,11.52,
2023-11-13 09:45:00,11.53,
2023-11-13 10:00:00,11.55,
2023-11-13 10:15:00,11.54,
2023-11-13 10:30:00,11.48,
2023-11-13 10:45:00,11.4,
2023-11-13 11:00:00,11.34,
2023-11-13 11:15:00,11.29,
2023-11-13 11:30:00,11.25,
2023-11-13 11:45:00,11.18,
2023-11-13 12:00:00,11.11,
2023-11-13 12:15:00,11.03,
2023-11-13 12:30:00,10.97,
2023-11-13 12:45:00,10.9,
2023-11-13 13:00:00,10.83,
2023-11-13 13:15:00,10.77,
2023-11-13 13:30:00,10.71,
2023-11-13 13:45:00,10.66,
2023-11-13 14:00:00,10.66,
2023-11-13 14:15:00,10.56,
2023-11-13 14:30:00,10.48,
2023-11-13 14:45:00,10.5,
2023-11-13 15:00:00,10.45,
2023-11-13 15:15:00,10.35,
2023-11-13 15:30:00,10.36,
2023-11-13 15:45:00,10.35,
2023-11-13 16:00:00,10.31,
2023-11-13 16:15:00,10.18,
2023-11-13 16:30:00,10.06,
2023-11-13 16:45:00,10.02,
2023-11-13 17:00:00,9.99,
2023-11-13 17:15:00,9.95,
2023-11-13 17:30:00,9.95,
2023-11-13 17:45:00,9.97,
2023-11-13 18:00:00,9.99,
2023-11-13 18:15:00,10.03,
2023-11-13 18:30:00,10.07,
2023-11-13 18:45:00,10.11,
2023-11-13 19:00:00,10.15,
2023-11-13 19:15:00,10.18,
2023-11-13 19:30:00,10.22,
2023-11-13 19:45:00,10.25,
2023-11-13 20:00:00,10.29,
2023-11-13 20:15:00,10.32,
2023-11-13 20:30:00,10.34,
2023-11-13 20:45:00,10.37,
2023-11-13 21:00:00,10.41,
2023-11-13 21:15:00,10.43,
2023-11-13 21:30:00,10.47,
2023-11-13 21:45:00,10.49,
2023-11-13 22:00:00,10.52,
2023-11-13 22:15:00,10.55,
2023-11-13 22:30:00,10.58,
2023-11-13 22:45:00,10.6,
2023-11-13 23:00:00,10.63,
2023-11-13 23:15:00,10.66,
2023-11-13 23:30:00,10.67,
2023-11-13 23:45:00,10.7,
2023-11-14 00:00:00,10.72,
2023-11-14 00:15:00,10.74,
2023-11-14 00:30:00,10.76,
2023-11-14 00:45:00,10.78,
2023-11-14 01:00:00,10.79,
2023-11-14 01:15:00,10.81,
2023-11-14 01:30:00,10.83,
2023-11-14 01:45:00,10.85,
2023-11-14 02:00:00,10.87,
2023-11-14 02:15:00,10.89,
2023-11-14 02:30:00,10.9,
2023-11-14 02:45:00,10.92,
2023-11-14 03:00:00,10.94,
2023-11-14 03:15:00,10.95,
2023-11-14 03:30:00,10.96,
2023-11-14 03:45:00,10.98,
2023-11-14 04:00:00,10.99,
2023-11-14 04:15:00,11.01,
2023-11-14 04:30:00,11.02,
2023-11-14 04:45:00,11.03,
2023-11-14 05:00:00,11.04,
2023-11-14 05:15:00,11.06,
2023-11-14 05:30:00,11.07,
2023-11-14 05:45:00,11.08,
2023-11-14 06:00:00,11.09,
2023-11-14 06:15:00,11.1,
2023-11-14 06:30:00,11.1,
2023-11-14 06:45:00,11.12,
2023-11-14 07:00:00,11.13,
2023-11-14 07:15:00,11.15,
2023-11-14 07:30:00,11.18,
2023-11-14 07:45:00,11.23,
2023-11-14 08:00:00,11.28,
2023-11-14 08:15:00,11.31,
2023-11-14 08:30:00,11.35,
2023-11-14 08:45:00,11.37,
2023-11-14 09:00:00,11.43,
2023-11-14 09:15:00,11.47,
2023-11-14 09:30:00,11.48,
2023-11-14 09:45:00,11.48,
2023-11-14 10:00:00,11.46,
2023-11-14 10:15:00,11.42,
2023-11-14 10:30:00,11.38,
2023-11-14 10:45:00,11.32,
2023-11-14 11:00:00,11.27,
2023-11-14 11:15:00,11.22,
2023-11-14 11:30:00,11.14,
2023-11-14 11:45:00,11.06,
2023-11-14 12:00:00,10.99,
2023-11-14 12:15:00,10.92,
2023-11-14 12:30:00,10.83,
2023-11-14 12:45:00,10.78,
2023-11-14 13:00:00,10.72,
2023-11-14 13:15:00,10.65,
2023-11-14 13:30:00,10.58,
2023-11-14 13:45:00,10.51,
2023-11-14 14:00:00,10.45,
2023-11-14 14:15:00,10.4,
2023-11-14 14:30:00,10.35,
2023-11-14 14:45:00,10.33,
2023-11-14 15:00:00,10.3,
2023-11-14 15:15:00,10.27,
2023-11-14 15:30:00,10.24,
2023-11-14 15:45:00,10.2,
2023-11-14 16:00:00,10.16,
2023-11-14 16:15:00,10.07,
2023-11-14 16:30:00,10.0,
2023-11-14 16:45:00,9.96,
2023-11-14 17:00:00,9.93,
2023-11-14 17:15:00,9.9,
2023-11-14 17:30:00,9.88,
2023-11-14 17:45:00,9.9,
2023-11-14 18:00:00,9.92,
2023-11-14 18:15:00,9.96,
2023-11-14 18:30:00,10.0,
2023-11-14 18:45:00,10.03,
2023-11-14 19:00:00,10.07,
2023-11-14 19:15:00,10.1,
2023-11-14 19:30:00,10.14,
2023-11-14 19:45:00,10.17,
2023-11-14 20:00:00,10.21,
2023-11-14 20:15:00,10.23,
2023-11-14 20:30:00,10.27,
2023-11-14 20:45:00,10.29,
2023-11-14 21:00:00,10.33,
2023-11-14 21:15:00,10.36,
2023-11-14 21:30:00,10.39,
2023-11-14 21:45:00,10.41,
2023-11-14 22:00:00,10.44,
2023-11-14 22:15:00,10.47,
2023-11-14 22:30:00,10.5,
2023-11-14 22:45:00,10.52,
2023-11-14 23:00:00,10.55,
2023-11-14 23:15:00,10.57,
2023-11-14 23:30:00,10.6,
2023-11-14 23:45:00,10.62,
2023-11-15 00:00:00,10.65,
2023-11-15 00:15:00,10.67,
2023-11-15 00:30:00,10.68,
2023-11-15 00:45:00,10.7,
2023-11-15 01:00:00,10.71,
2023-11-15 01:15:00,10.73,
2023-11-15 01:30:00,10.74,
2023-11-15 01:45:00,10.76,
2023-11-15 02:00:00,10.77,
2023-11-15 02:15:00,10.79,
2023-11-15 02:30:00,10.81,
2023-11-15 02:45:00,10.82,
2023-11-15 03:00:00,10.84,
2023-11-15 03:15:00,10.85,
2023-11-15 03:30:00,10.86,
2023-11-15 03:45:00,10.87,
2023-11-15 04:00:00,10.88,
2023-11-15 04:15:00,10.91,
2023-11-15 04:30:00,10.91,
2023-11-15 04:45:00,10.92,
2023-11-15 05:00:00,10.93,
2023-11-15 05:15:00,10.95,
2023-11-15 05:30:00,10.96,
2023-11-15 05:45:00,10.97,
2023-11-15 06:00:00,10.98,
2023-11-15 06:15:00,10.98,
2023-11-15 06:30:00,10.99,
2023-11-15 06:45:00,10.99,
2023-11-15 07:00:00,11.0,
2023-11-15 07:15:00,11.02,
2023-11-15 07:30:00,11.04,
2023-11-15 07:45:00,11.08,
2023-11-15 08:00:00,11.14,
2023-11-15 08:15:00,11.22,
2023-11-15 08:30:00,11.31,
2023-11-15 08:45:00,11.37,
2023-11-15 09:00:00,11.41,
2023-11-15 09:15:00,11.43,
2023-11-15 09:30:00,11.45,
2023-11-15 09:45:00,11.46,
2023-11-15 10:00:00,11.45,
2023-11-15 10:15:00,11.4,
2023-11-15 10:30:00,11.35,
2023-11-15 10:45:00,11.29,
2023-11-15 11:00:00,11.25,
2023-11-15 11:15:00,11.19,
2023-11-15 11:30:00,11.12,
2023-11-15 11:45:00,11.04,
2023-11-15 12:00:00,10.96,
2023-11-15 12:15:00,10.88,
2023-11-15 12:30:00,10.83,
2023-11-15 12:45:00,10.76,
2023-11-15 13:00:00,10.7,
2023-11-15 13:15:00,10.62,
2023-11-15 13:30:00,10.56,
2023-11-15 13:45:00,10.49,
2023-11-15 14:00:00,10.43,
2023-11-15 14:15:00,10.36,
2023-11-15 14:30:00,10.31,
2023-11-15 14:45:00,10.26,
2023-11-15 15:00:00,10.21,
2023-11-15 15:15:00,10.15,
2023-11-15 15:30:00,10.11,
2023-11-15 15:45:00,10.07,
2023-11-15 16:00:00,9.99,
2023-11-15 16:15:00,9.95,
2023-11-15 16:30:00,9.88,
2023-11-15 16:45:00,9.81,
2023-11-15 17:00:00,9.75,
2023-11-15 17:15:00,9.7,
2023-11-15 17:30:00,9.68,
2023-11-15 17:45:00,9.7,
2023-11-15 18:00:00,9.71,
2023-11-15 18:15:00,9.73,
2023-11-15 18:30:00,9.77,
2023-11-15 18:45:00,9.81,
2023-11-15 19:00:00,9.83,
2023-11-15 19:15:00,9.87,
2023-11-15 19:30:00,9.91,
2023-11-15 19:45:00,9.93,
2023-11-15 20:00:00,9.97,
2023-11-15 20:15:00,9.99,
2023-11-15 20:30:00,10.01,
2023-11-15 20:45:00,10.03,
2023-11-15 21:00:00,10.03,
2023-11-15 21:15:00,10.04,
2023-11-15 21:30:00,10.06,
2023-11-15 21:45:00,10.05,
2023-11-15 22:00:00,10.06,
2023-11-15 22:15:00,10.06,
2023-11-15 22:30:00,10.06,
2023-11-15 22:45:00,10.06,
2023-11-15 23:00:00,10.08,
2023-11-15 23:15:00,10.08,
2023-11-15 23:30:00,10.08,
2023-11-15 23:45:00,10.09,
2023-11-16 00:00:00,10.1,
2023-11-16 00:15:00,10.1,
2023-11-16 00:30:00,10.12,
2023-11-16 00:45:00,10.13,
2023-11-16 01:00:00,10.13,
2023-11-16 01:15:00,10.15,
2023-11-16 01:30:00,10.16,
2023-11-16 01:45:00,10.15,
2023-11-16 02:00:00,10.15,
2023-11-16 02:15:00,10.14,
2023-11-16 02:30:00,10.15,
2023-11-16 02:45:00,10.16,
2023-11-16 03:00:00,10.15,
2023-11-16 03:15:00,10.15,
2023-11-16 03:30:00,10.14,
2023-11-16 03:45:00,10.15,
2023-11-16 04:00:00,10.14,
2023-11-16 04:15:00,10.14,
2023-11-16 04:30:00,10.13,
2023-11-16 04:45:00,10.12,
2023-11-16 05:00:00,10.12,
2023-11-16 05:15:00,10.12,
2023-11-16 05:30:00,10.12,
2023-11-16 05:45:00,10.12,
2023-11-16 06:00:00,10.12,
2023-11-16 06:15:00,10.13,
2023-11-16 06:30:00,10.13,
2023-11-16 06:45:00,10.14,
2023-11-16 07:00:00,10.14,
2023-11-16 07:15:00,10.14,
2023-11-16 07:30:00,10.15,
2023-11-16 07:45:00,10.16,
2023-11-16 08:00:00,10.18,
2023-11-16 08:15:00,10.22,
2023-11-16 08:30:00,10.25,
2023-11-16 08:45:00,10.28,
2023-11-16 09:00:00,10.32,
2023-11-16 09:15:00,10.33,
2023-11-16 09:30:00,10.33,
2023-11-16 09:45:00,10.35,
2023-11-16 10:00:00,10.39,
2023-11-16 10:15:00,10.42,
2023-11-16 10:30:00,10.43,
2023-11-16 10:45:00,10.47,
2023-11-16 11:00:00,10.53,
2023-11-16 11:15:00,10.6,
2023-11-16 11:30:00,10.66,
2023-11-16 11:45:00,10.68,
2023-11-16 12:00:00,10.71,
2023-11-16 12:15:00,10.73,
2023-11-16 12:30:00,10.74,
2023-11-16 12:45:00,10.61,
2023-11-16 13:00:00,10.49,
2023-11-16 13:15:00,10.48,
2023-11-16 13:30:00,10.56,
2023-11-16 13:45:00,10.62,
2023-11-16 14:00:00,10.57,
2023-11-16 14:15:00,10.54,
2023-11-16 14:30:00,10.41,
2023-11-16 14:45:00,10.33,
2023-11-16 15:00:00,10.21,
2023-11-16 15:15:00,10.16,
2023-11-16 15:30:00,10.15,
2023-11-16 15:45:00,10.15,
2023-11-16 16:00:00,10.13,
2023-11-16 16:15:00,10.09,
2023-11-16 16:30:00,10.05,
2023-11-16 16:45:00,9.98,
2023-11-16 17:00:00,9.91,
2023-11-16 17:15:00,9.87,
2023-11-16 17:30:00,9.85,
2023-11-16 17:45:00,9.86,
2023-11-16 18:00:00,9.88,
2023-11-16 18:15:00,9.88,
2023-11-16 18:30:00,9.9,
2023-11-16 18:45:00,9.94,
2023-11-16 19:00:00,9.96,
2023-11-16 19:15:00,10.0,
2023-11-16 19:30:00,10.03,
2023-11-16 19:45:00,10.06,
2023-11-16 20:00:00,10.08,
2023-11-16 20:15:00,10.1,
2023-11-16 20:30:00,10.13,
2023-11-16 20:45:00,10.14,
2023-11-16 21:00:00,10.17,
2023-11-16 21:15:00,10.19,
2023-11-16 21:30:00,10.21,
2023-11-16 21:45:00,10.23,
2023-11-16 22:00:00,10.25,
2023-11-16 22:15:00,10.28,
2023-11-16 22:30:00,10.3,
2023-11-16 22:45:00,10.32,
2023-11-16 23:00:00,10.34,
2023-11-16 23:15:00,10.37,
2023-11-16 23:30:00,10.39,
2023-11-16 23:45:00,10.41,
2023-11-17 00:00:00,10.43,
2023-11-17 00:15:00,10.45,
2023-11-17 00:30:00,10.48,
2023-11-17 00:45:00,10.51,
2023-11-17 01:00:00,10.52,
2023-11-17 01:15:00,10.55,
2023-11-17 01:30:00,10.57,
2023-11-17 01:45:00,10.58,
2023-11-17 02:00:00,10.6,
2023-11-17 02:15:00,10.63,
2023-11-17 02:30:00,10.64,
2023-11-17 02:45:00,10.66,
2023-11-17 03:00:00,10.67,
2023-11-17 03:15:00,10.69,
2023-11-17 03:30:00,10.71,
2023-11-17 03:45:00,10.73,
2023-11-17 04:00:00,10.75,
2023-11-17 04:15:00,10.76,
2023-11-17 04:30:00,10.78,
2023-11-17 04:45:00,10.79,
2023-11-17 05:00:00,10.81,
2023-11-17 05:15:00,10.83,
2023-11-17 05:30:00,10.84,
2023-11-17 05:45:00,10.85,
2023-11-17 06:00:00,10.87,
2023-11-17 06:15:00,10.88,
2023-11-17 06:30:00,10.89,
2023-11-17 06:45:00,10.9,
2023-11-17 07:00:00,10.92,
2023-11-17 07:15:00,10.93,
2023-11-17 07:30:00,10.97,
2023-11-17 07:45:00,11.02,
2023-11-17 08:00:00,11.07,
2023-11-17 08:15:00,11.12,
2023-11-17 08:30:00,11.15,
2023-11-17 08:45:00,11.19,
2023-11-17 09:00:00,11.24,
2023-11-17 09:15:00,11.29,
2023-11-17 09:30:00,11.32,
2023-11-17 09:45:00,11.33,
2023-11-17 10:00:00,11.33,
2023-11-17 10:15:00,11.31,
2023-11-17 10:30:00,11.28,
2023-11-17 10:45:00,11.25,
2023-11-17 11:00:00,11.2,
2023-11-17 11:15:00,11.16,
2023-11-17 11:30:00,11.11,
2023-11-17 11:45:00,11.04,
2023-11-17 12:00:00,10.98,
2023-11-17 12:15:00,10.92,
2023-11-17 12:30:00,10.86,
2023-11-17 12:45:00,10.8,
2023-11-17 13:00:00,10.77,
2023-11-17 13:15:00,10.72,
2023-11-17 13:30:00,10.67,
2023-11-17 13:45:00,10.6,
2023-11-17 14:00:00,10.54,
2023-11-17 14:15:00,10.48,
2023-11-17 14:30:00,10.42,
2023-11-17 14:45:00,10.38,
2023-11-17 15:00:00,10.4,
2023-11-17 15:15:00,10.38,
2023-11-17 15:30:00,10.32,
2023-11-17 15:45:00,10.32,
2023-11-17 16:00:00,10.26,
2023-11-17 16:15:00,10.17,
2023-11-17 16:30:00,10.08,
2023-11-17 16:45:00,10.04,
2023-11-17 17:00:00,10.01,
2023-11-17 17:15:00,9.99,
2023-11-17 17:30:00,9.97,
2023-11-17 17:45:00,9.96,
2023-11-17 18:00:00,9.98,
2023-11-17 18:15:00,9.99,
2023-11-17 18:30:00,10.03,
2023-11-17 18:45:00,10.04,
2023-11-17 19:00:00,10.07,
2023-11-17 19:15:00,10.08,
2023-11-17 19:30:00,10.11,
2023-11-17 19:45:00,10.13,
2023-11-17 20:00:00,10.15,
2023-11-17 20:15:00,10.18,
2023-11-17 20:30:00,10.2,
2023-11-17 20:45:00,10.23,
2023-11-17 21:00:00,10.24,
2023-11-17 21:15:00,10.27,
2023-11-17 21:30:00,10.29,
2023-11-17 21:45:00,10.31,
2023-11-17 22:00:00,10.34,
2023-11-17 22:15:00,10.35,
2023-11-17 22:30:00,10.37,
2023-11-17 22:45:00,10.39,
2023-11-17 23:00:00,10.41,
2023-11-17 23:15:00,10.43,
2023-11-17 23:30:00,10.46,
2023-11-17 23:45:00,10.48,
2023-11-18 00:00:00,10.5,
2023-11-18 00:15:00,10.52,
2023-11-18 00:30:00,10.54,
2023-11-18 00:45:00,10.55,
2023-11-18 01:00:00,10.57,
2023-11-18 01:15:00,10.59,
2023-11-18 01:30:00,10.61,
2023-11-18 01:45:00,10.62,
2023-11-18 02:00:00,10.64,
2023-11-18 02:15:00,10.66,
2023-11-18 02:30:00,10.68,
2023-11-18 02:45:00,10.7,
2023-11-18 03:00:00,10.71,
2023-11-18 03:15:00,10.72,
2023-11-18 03:30:00,10.73,
2023-11-18 03:45:00,10.74,
2023-11-18 04:00:00,10.75,
2023-11-18 04:15:00,10.77,
2023-11-18 04:30:00,10.78,
2023-11-18 04:45:00,10.79,
2023-11-18 05:00:00,10.8,
2023-11-18 05:15:00,10.81,
2023-11-18 05:30:00,10.82,
2023-11-18 05:45:00,10.83,
2023-11-18 06:00:00,10.84,
2023-11-18 06:15:00,10.84,
2023-11-18 06:30:00,10.85,
2023-11-18 06:45:00,10.85,
2023-11-18 07:00:00,10.87,
2023-11-18 07:15:00,10.87,
2023-11-18 07:30:00,10.91,
2023-11-18 07:45:00,10.95,
2023-11-18 08:00:00,11.02,
2023-11-18 08:15:00,11.1,
2023-11-18 08:30:00,11.18,
2023-11-18 08:45:00,11.22,
2023-11-18 09:00:00,11.27,
2023-11-18 09:15:00,11.3,
2023-11-18 09:30:00,11.31,
2023-11-18 09:45:00,11.32,
2023-11-18 10:00:00,11.27,
2023-11-18 10:15:00,11.26,
2023-11-18 10:30:00,11.26,
2023-11-18 10:45:00,11.25,
2023-11-18 11:00:00,11.17,
2023-11-18 11:15:00,10.98,
2023-11-18 11:30:00,10.92,
2023-11-18 11:45:00,10.98,
2023-11-18 12:00:00,11.04,
2023-11-18 12:15:00,11.08,
2023-11-18 12:30:00,11.06,
2023-11-18 12:45:00,11.01,
2023-11-18 13:00:00,10.96,
2023-11-18 13:15:00,10.93,
2023-11-18 13:30:00,10.86,
2023-11-18 13:45:00,10.69,
2023-11-18 14:00:00,10.49,
2023-11-18 14:15:00,10.42,
2023-11-18 14:30:00,10.45,
2023-11-18 14:45:00,10.54,
2023-11-18 15:00:00,10.65,
2023-11-18 15:15:00,10.69,
2023-11-18 15:30:00,10.65,
2023-11-18 15:45:00,10.57,
2023-11-18 16:00:00,10.47,
2023-11-18 16:15:00,10.43,
2023-11-18 16:30:00,10.33,
2023-11-18 16:45:00,10.21,
2023-11-18 17:00:00,10.14,
2023-11-18 17:15:00,10.07,
2023-11-18 17:30:00,10.06,
2023-11-18 17:45:00,10.04,
2023-11-18 18:00:00,10.05,
2023-11-18 18:15:00,10.07,
2023-11-18 18:30:00,10.08,
2023-11-18 18:45:00,10.09,
2023-11-18 19:00:00,10.1,
2023-11-18 19:15:00,10.11,
2023-11-18 19:30:00,10.11,
2023-11-18 19:45:00,10.12,
2023-11-18 20:00:00,10.13,
2023-11-18 20:15:00,10.14,
2023-11-18 20:30:00,10.15,
2023-11-18 20:45:00,10.15,
2023-11-18 21:00:00,10.16,
2023-11-18 21:15:00,10.16,
2023-11-18 21:30:00,10.17,
2023-11-18 21:45:00,10.18,
2023-11-18 22:00:00,10.17,
2023-11-18 22:15:00,10.18,
2023-11-18 22:30:00,10.18,
2023-11-18 22:45:00,10.19,
2023-11-18 23:00:00,10.19,
2023-11-18 23:15:00,10.19,
2023-11-18 23:30:00,10.19,
2023-11-18 23:45:00,10.2,
2023-11-19 00:00:00,10.2,
2023-11-19 00:15:00,10.21,
2023-11-19 00:30:00,10.2,
2023-11-19 00:45:00,10.21,
2023-11-19 01:00:00,10.21,
2023-11-19 01:15:00,10.21,
2023-11-19 01:30:00,10.21,
2023-11-19 01:45:00,10.21,
2023-11-19 02:00:00,10.21,
2023-11-19 02:15:00,10.21,
2023-11-19 02:30:00,10.22,
2023-11-19 02:45:00,10.22,
2023-11-19 03:00:00,10.22,
2023-11-19 03:15:00,10.24,
2023-11-19 03:30:00,10.24,
2023-11-19 03:45:00,10.25,
2023-11-19 04:00:00,10.27,
2023-11-19 04:15:00,10.27,
2023-11-19 04:30:00,10.26,
2023-11-19 04:45:00,10.26,
2023-11-19 05:00:00,10.26,
2023-11-19 05:15:00,10.27,
2023-11-19 05:30:00,10.27,
2023-11-19 05:45:00,10.27,
2023-11-19 06:00:00,10.28,
2023-11-19 06:15:00,10.31,
2023-11-19 06:30:00,10.39,
2023-11-19 06:45:00,10.47,
2023-11-19 07:00:00,10.54,
2023-11-19 07:15:00,10.58,
2023-11-19 07:30:00,10.63,
2023-11-19 07:45:00,10.68,
2023-11-19 08:00:00,10.75,
2023-11-19 08:15:00,10.82,
2023-11-19 08:30:00,10.9,
2023-11-19 08:45:00,10.99,
2023-11-19 09:00:00,11.05,
2023-11-19 09:15:00,11.11,
2023-11-19 09:30:00,11.19,
2023-11-19 09:45:00,11.24,
2023-11-19 10:00:00,11.28,
2023-11-19 10:15:00,11.34,
2023-11-19 10:30:00,11.44,
2023-11-19 10:45:00,11.48,
2023-11-19 11:00:00,11.46,
2023-11-19 11:15:00,11.46,
2023-11-19 11:30:00,11.45,
2023-11-19 11:45:00,11.4,
2023-11-19 12:00:00,11.36,
2023-11-19 12:15:00,11.29,
2023-11-19 12:30:00,11.22,
2023-11-19 12:45:00,11.17,
2023-11-19 13:00:00,11.14,
2023-11-19 13:15:00,11.12,
2023-11-19 13:30:00,11.1,
2023-11-19 13:45:00,11.09,
2023-11-19 14:00:00,11.1,
2023-11-19 14:15:00,11.07,
2023-11-19 14:30:00,10.98,
2023-11-19 14:45:00,10.89,
2023-11-19 15:00:00,10.82,
2023-11-19 15:15:00,10.8,
2023-11-19 15:30:00,10.67,
2023-11-19 15:45:00,10.58,
2023-11-19 16:00:00,10.51,
2023-11-19 16:15:00,10.46,
2023-11-19 16:30:00,10.42,
2023-11-19 16:45:00,10.39,
2023-11-19 17:00:00,10.34,
2023-11-19 17:15:00,10.33,
2023-11-19 17:30:00,10.32,
2023-11-19 17:45:00,10.32,
2023-11-19 18:00:00,10.33,
2023-11-19 18:15:00,10.34,
2023-11-19 18:30:00,10.36,
2023-11-19 18:45:00,10.38,
2023-11-19 19:00:00,10.4,
2023-11-19 19:15:00,10.41,
2023-11-19 19:30:00,10.43,
2023-11-19 19:45:00,10.45,
2023-11-19 20:00:00,10.47,
2023-11-19 20:15:00,10.49,
2023-11-19 20:30:00,10.51,
2023-11-19 20:45:00,10.53,
2023-11-19 21:00:00,10.55,
2023-11-19 21:15:00,10.57,
2023-11-19 21:30:00,10.59,
2023-11-19 21:45:00,10.61,
2023-11-19 22:00:00,10.62,
2023-11-19 22:15:00,10.64,
2023-11-19 22:30:00,10.65,
2023-11-19 22:45:00,10.66,
2023-11-19 23:00:00,10.66,
2023-11-19 23:15:00,10.67,
2023-11-19 23:30:00,10.67,
2023-11-19 23:45:00,10.68,
2023-11-20 00:00:00,10.68,
2023-11-20 00:15:00,10.68,
2023-11-20 00:30:00,10.69,
2023-11-20 00:45:00,10.7,
2023-11-20 01:00:00,10.7,
2023-11-20 01:15:00,10.71,
2023-11-20 01:30:00,10.7,
2023-11-20 01:45:00,10.71,
2023-11-20 02:00:00,10.72,
2023-11-20 02:15:00,10.72,
2023-11-20 02:30:00,10.72,
2023-11-20 02:45:00,10.73,
2023-11-20 03:00:00,10.73,
2023-11-20 03:15:00,10.73,
2023-11-20 03:30:00,10.73,
2023-11-20 03:45:00,10.74,
2023-11-20 04:00:00,10.75,
2023-11-20 04:15:00,10.76,
2023-11-20 04:30:00,10.76,
2023-11-20 04:45:00,10.77,
2023-11-20 05:00:00,10.77,
2023-11-20 05:15:00,10.79,
2023-11-20 05:30:00,10.79,
2023-11-20 05:45:00,10.81,
2023-11-20 06:00:00,10.82,
2023-11-20 06:15:00,10.83,
2023-11-20 06:30:00,10.84,
2023-11-20 06:45:00,10.86,
2023-11-20 07:00:00,10.87,
2023-11-20 07:15:00,10.89,
2023-11-20 07:30:00,10.92,
2023-11-20 07:45:00,10.98,
2023-11-20 08:00:00,11.05,
2023-11-20 08:15:00,11.13,
2023-11-20 08:30:00,11.18,
2023-11-20 08:45:00,11.28,
2023-11-20 09:00:00,11.35,
2023-11-20 09:15:00,11.4,
2023-11-20 09:30:00,11.41,
2023-11-20 09:45:00,11.42,
2023-11-20 10:00:00,11.43,
2023-11-20 10:15:00,11.42,
2023-11-20 10:30:00,11.4,
2023-11-20 10:45:00,11.37,
2023-11-20 11:00:00,11.36,
2023-11-20 11:15:00,11.33,
2023-11-20 11:30:00,11.34,
2023-11-20 11:45:00,11.3,
2023-11-20 12:00:00,11.27,
2023-11-20 12:15:00,11.21,
2023-11-20 12:30:00,11.15,
2023-11-20 12:45:00,11.16,
2023-11-20 13:00:00,11.09,
2023-11-20 13:15:00,10.99,
2023-11-20 13:30:00,10.97,
2023-11-20 13:45:00,10.96,
2023-11-20 14:00:00,10.98,
2023-11-20 14:15:00,10.98,
2023-11-20 14:30:00,10.95,
2023-11-20 14:45:00,10.78,
2023-11-20 15:00:00,10.76,
2023-11-20 15:15:00,10.79,
2023-11-20 15:30:00,10.86,
2023-11-20 15:45:00,10.81,
2023-11-20 16:00:00,10.73,
2023-11-20 16:15:00,10.61,
2023-11-20 16:30:00,10.51,
2023-11-20 16:45:00,10.44,
2023-11-20 17:00:00,10.39,
2023-11-20 17:15:00,10.35,
2023-11-20 17:30:00,10.35,
2023-11-20 17:45:00,10.36,
2023-11-20 18:00:00,10.38,
2023-11-20 18:15:00,10.4,
2023-11-20 18:30:00,10.43,
2023-11-20 18:45:00,10.49,
2023-11-20 19:00:00,10.53,
2023-11-20 19:15:00,10.59,
2023-11-20 19:30:00,10.63,
2023-11-20 19:45:00,10.66,
2023-11-20 20:00:00,10.71,
2023-11-20 20:15:00,10.76,
2023-11-20 20:30:00,10.8,
2023-11-20 20:45:00,10.83,
2023-11-20 21:00:00,10.88,
2023-11-20 21:15:00,10.92,
2023-11-20 21:30:00,10.95,
2023-11-20 21:45:00,10.99,
2023-11-20 22:00:00,11.03,
2023-11-20 22:15:00,11.06,
2023-11-20 22:30:00,11.09,
2023-11-20 22:45:00,11.13,
2023-11-20 23:00:00,11.16,
2023-11-20 23:15:00,11.19,
2023-11-20 23:30:00,11.23,
2023-11-20 23:45:00,11.26,
2023-11-21 00:00:00,11.3,
2023-11-21 00:15:00,11.32,
2023-11-21 00:30:00,11.36,
2023-11-21 00:45:00,11.37,
2023-11-21 01:00:00,11.4,
2023-11-21 01:15:00,11.43,
2023-11-21 01:30:00,11.45,
2023-11-21 01:45:00,11.47,
2023-11-21 02:00:00,11.5,
2023-11-21 02:15:00,11.53,
2023-11-21 02:30:00,11.54,
2023-11-21 02:45:00,11.57,
2023-11-21 03:00:00,11.59,
2023-11-21 03:15:00,11.61,
2023-11-21 03:30:00,11.63,
2023-11-21 03:45:00,11.64,
2023-11-21 04:00:00,11.67,
2023-11-21 04:15:00,11.69,
2023-11-21 04:30:00,11.71,
2023-11-21 04:45:00,11.74,
2023-11-21 05:00:00,11.75,
2023-11-21 05:15:00,11.76,
2023-11-21 05:30:00,11.79,
2023-11-21 05:45:00,11.8,
2023-11-21 06:00:00,11.82,
2023-11-21 06:15:00,11.83,
2023-11-21 06:30:00,11.84,
2023-11-21 06:45:00,11.86,
2023-11-21 07:00:00,11.86,
2023-11-21 07:15:00,11.88,
2023-11-21 07:30:00,11.91,
2023-11-21 07:45:00,11.96,
2023-11-21 08:00:00,12.0,
2023-11-21 08:15:00,12.05,
2023-11-21 08:30:00,12.07,
2023-11-21 08:45:00,12.11,
2023-11-21 09:00:00,12.13,
2023-11-21 09:15:00,12.19,
2023-11-21 09:30:00,12.21,
2023-11-21 09:45:00,12.24,
2023-11-21 10:00:00,12.26,
2023-11-21 10:15:00,12.27,
2023-11-21 10:30:00,12.21,
2023-11-21 10:45:00,12.14,
2023-11-21 11:00:00,12.09,
2023-11-21 11:15:00,12.03,
2023-11-21 11:30:00,11.96,
2023-11-21 11:45:00,11.89,
2023-11-21 12:00:00,11.81,
2023-11-21 12:15:00,11.74,
2023-11-21 12:30:00,11.67,
2023-11-21 12:45:00,11.59,
2023-11-21 13:00:00,11.5,
2023-11-21 13:15:00,11.44,
2023-11-21 13:30:00,11.37,
2023-11-21 13:45:00,11.31,
2023-11-21 14:00:00,11.24,
2023-11-21 14:15:00,11.18,
2023-11-21 14:30:00,11.13,
2023-11-21 14:45:00,11.08,
2023-11-21 15:00:00,11.02,
2023-11-21 15:15:00,10.98,
2023-11-21 15:30:00,10.94,
2023-11-21 15:45:00,10.89,
2023-11-21 16:00:00,10.83,
2023-11-21 16:15:00,10.74,
2023-11-21 16:30:00,10.67,
2023-11-21 16:45:00,10.63,
2023-11-21 17:00:00,10.59,
2023-11-21 17:15:00,10.56,
2023-11-21 17:30:00,10.54,
2023-11-21 17:45:00,10.57,
2023-11-21 18:00:00,10.58,
2023-11-21 18:15:00,10.61,
2023-11-21 18:30:00,10.63,
2023-11-21 18:45:00,10.65,
2023-11-21 19:00:00,10.68,
2023-11-21 19:15:00,10.71,
2023-11-21 19:30:00,10.74,
2023-11-21 19:45:00,10.78,
2023-11-21 20:00:00,10.81,
2023-11-21 20:15:00,10.82,
2023-11-21 20:30:00,10.86,
2023-11-21 20:45:00,10.88,
2023-11-21 21:00:00,10.91,
2023-11-21 21:15:00,10.93,
2023-11-21 21:30:00,10.96,
2023-11-21 21:45:00,10.98,
2023-11-21 22:00:00,11.01,
2023-11-21 22:15:00,11.04,
2023-11-21 22:30:00,11.04,
2023-11-21 22:45:00,11.07,
2023-11-21 23:00:00,11.09,
2023-11-21 23:15:00,11.11,
2023-11-21 23:30:00,11.13,
2023-11-21 23:45:00,11.15,
2023-11-22 00:00:00,11.17,
2023-11-22 00:15:00,11.18,
2023-11-22 00:30:00,11.2,
2023-11-22 00:45:00,11.22,
2023-11-22 01:00:00,11.22,
2023-11-22 01:15:00,11.25,
2023-11-22 01:30:00,11.26,
2023-11-22 01:45:00,11.27,
2023-11-22 02:00:00,11.29,
2023-11-22 02:15:00,11.31,
2023-11-22 02:30:00,11.33,
2023-11-22 02:45:00,11.34,
2023-11-22 03:00:00,11.36,
2023-11-22 03:15:00,11.38,
2023-11-22 03:30:00,11.38,
2023-11-22 03:45:00,11.4,
2023-11-22 04:00:00,11.42,
2023-11-22 04:15:00,11.43,
2023-11-22 04:30:00,11.43,
2023-11-22 04:45:00,11.45,
2023-11-22 05:00:00,11.46,
2023-11-22 05:15:00,11.48,
2023-11-22 05:30:00,11.49,
2023-11-22 05:45:00,11.5,
2023-11-22 06:00:00,11.52,
2023-11-22 06:15:00,11.52,
2023-11-22 06:30:00,11.54,
2023-11-22 06:45:00,11.55,
2023-11-22 07:00:00,11.55,
2023-11-22 07:15:00,11.57,
2023-11-22 07:30:00,11.6,
2023-11-22 07:45:00,11.63,
2023-11-22 08:00:00,11.69,
2023-11-22 08:15:00,11.75,
2023-11-22 08:30:00,11.81,
2023-11-22 08:45:00,11.85,
2023-11-22 09:00:00,11.88,
2023-11-22 09:15:00,11.93,
2023-11-22 09:30:00,11.96,
2023-11-22 09:45:00,11.97,
2023-11-22 10:00:00,11.96,
2023-11-22 10:15:00,11.94,
2023-11-22 10:30:00,11.92,
2023-11-22 10:45:00,11.9,
2023-11-22 11:00:00,11.85,
2023-11-22 11:15:00,11.81,
2023-11-22 11:30:00,11.74,
2023-11-22 11:45:00,11.68,
2023-11-22 12:00:00,11.6,
2023-11-22 12:15:00,11.52,
2023-11-22 12:30:00,11.44,
2023-11-22 12:45:00,11.37,
2023-11-22 13:00:00,11.3,
2023-11-22 13:15:00,11.24,
2023-11-22 13:30:00,11.18,
2023-11-22 13:45:00,11.1,
2023-11-22 14:00:00,11.03,
2023-11-22 14:15:00,10.98,
2023-11-22 14:30:00,10.94,
2023-11-22 14:45:00,10.89,
2023-11-22 15:00:00,10.84,
2023-11-22 15:15:00,10.8,
2023-11-22 15:30:00,10.74,
2023-11-22 15:45:00,10.68,
2023-11-22 16:00:00,10.62,
2023-11-22 16:15:00,10.53,
2023-11-22 16:30:00,10.47,
2023-11-22 16:45:00,10.43,
2023-11-22 17:00:00,10.37,
2023-11-22 17:15:00,10.36,
2023-11-22 17:30:00,10.36,
2023-11-22 17:45:00,10.38,
2023-11-22 18:00:00,10.38,
2023-11-22 18:15:00,10.41,
2023-11-22 18:30:00,10.44,
2023-11-22 18:45:00,10.47,
2023-11-22 19:00:00,10.5,
2023-11-22 19:15:00,10.53,
2023-11-22 19:30:00,10.56,
2023-11-22 19:45:00,10.59,
2023-11-22 20:00:00,10.61,
2023-11-22 20:15:00,10.64,
2023-11-22 20:30:00,10.67,
2023-11-22 20:45:00,10.69,
2023-11-22 21:00:00,10.71,
2023-11-22 21:15:00,10.74,
2023-11-22 21:30:00,10.76,
2023-11-22 21:45:00,10.79,
2023-11-22 22:00:00,10.81,
2023-11-22 22:15:00,10.84,
2023-11-22 22:30:00,10.85,
2023-11-22 22:45:00,10.87,
2023-11-22 23:00:00,10.89,
2023-11-22 23:15:00,10.91,
2023-11-22 23:30:00,10.92,
2023-11-22 23:45:00,10.93,
2023-11-23 00:00:00,10.96,
2023-11-23 00:15:00,10.98,
2023-11-23 00:30:00,10.98,
2023-11-23 00:45:00,11.0,
2023-11-23 01:00:00,11.02,
2023-11-23 01:15:00,11.04,
2023-11-23 01:30:00,11.05,
2023-11-23 01:45:00,11.06,
2023-11-23 02:00:00,11.06,
2023-11-23 02:15:00,11.07,
2023-11-23 02:30:00,11.07,
2023-11-23 02:45:00,11.06,
2023-11-23 03:00:00,11.06,
2023-11-23 03:15:00,11.06,
2023-11-23 03:30:00,11.06,
2023-11-23 03:45:00,11.07,
2023-11-23 04:00:00,11.07,
2023-11-23 04:15:00,11.07,
2023-11-23 04:30:00,11.07,
2023-11-23 04:45:00,11.06,
2023-11-23 05:00:00,11.06,
2023-11-23 05:15:00,11.06,
2023-11-23 05:30:00,11.06,
2023-11-23 05:45:00,11.06,
2023-11-23 06:00:00,11.05,
2023-11-23 06:15:00,11.03,
2023-11-23 06:30:00,11.03,
2023-11-23 06:45:00,11.03,
2023-11-23 07:00:00,11.02,
2023-11-23 07:15:00,11.01,
2023-11-23 07:30:00,11.01,
2023-11-23 07:45:00,11.04,
2023-11-23 08:00:00,11.06,
2023-11-23 08:15:00,11.11,
2023-11-23 08:30:00,11.19,
2023-11-23 08:45:00,11.25,
2023-11-23 09:00:00,11.32,
2023-11-23 09:15:00,11.36,
2023-11-23 09:30:00,11.34,
2023-11-23 09:45:00,11.35,
2023-11-23 10:00:00,11.34,
2023-11-23 10:15:00,11.35,
2023-11-23 10:30:00,11.37,
2023-11-23 10:45:00,11.38,
2023-11-23 11:00:00,11.37,
2023-11-23 11:15:00,11.33,
2023-11-23 11:30:00,11.31,
2023-11-23 11:45:00,11.3,
2023-11-23 12:00:00,11.3,
2023-11-23 12:15:00,11.3,
2023-11-23 12:30:00,11.28,
2023-11-23 12:45:00,11.25,
2023-11-23 13:00:00,11.21,
2023-11-23 13:15:00,11.13,
2023-11-23 13:30:00,11.06,
2023-11-23 13:45:00,11.0,
2023-11-23 14:00:00,10.9,
2023-11-23 14:15:00,10.81,
2023-11-23 14:30:00,10.78,
2023-11-23 14:45:00,10.78,
2023-11-23 15:00:00,10.76,
2023-11-23 15:15:00,10.74,
2023-11-23 15:30:00,10.73,
2023-11-23 15:45:00,10.7,
2023-11-23 16:00:00,10.63,
2023-11-23 16:15:00,10.56,
2023-11-23 16:30:00,10.51,
2023-11-23 16:45:00,10.44,
2023-11-23 17:00:00,10.41,
2023-11-23 17:15:00,10.38,
2023-11-23 17:30:00,10.38,
2023-11-23 17:45:00,10.4,
2023-11-23 18:00:00,10.43,
2023-11-23 18:15:00,10.47,
2023-11-23 18:30:00,10.5,
2023-11-23 18:45:00,10.52,
2023-11-23 19:00:00,10.55,
2023-11-23 19:15:00,10.58,
2023-11-23 19:30:00,10.61,
2023-11-23 19:45:00,10.64,
2023-11-23 20:00:00,10.68,
2023-11-23 20:15:00,10.71,
2023-11-23 20:30:00,10.74,
2023-11-23 20:45:00,10.77,
2023-11-23 21:00:00,10.82,
2023-11-23 21:15:00,10.86,
2023-11-23 21:30:00,10.91,
2023-11-23 21:45:00,10.96,
2023-11-23 22:00:00,11.0,
2023-11-23 22:15:00,11.04,
2023-11-23 22:30:00,11.08,
2023-11-23 22:45:00,11.11,
2023-11-23 23:00:00,11.14,
2023-11-23 23:15:00,11.17,
2023-11-23 23:30:00,11.2,
2023-11-23 23:45:00,11.22,
2023-11-24 00:00:00,11.24,
2023-11-24 00:15:00,11.27,
2023-11-24 00:30:00,11.28,
2023-11-24 00:45:00,11.3,
2023-11-24 01:00:00,11.32,
2023-11-24 01:15:00,11.33,
2023-11-24 01:30:00,11.34,
2023-11-24 01:45:00,11.35,
2023-11-24 02:00:00,11.36,
2023-11-24 02:15:00,11.36,
2023-11-24 02:30:00,11.39,
2023-11-24 02:45:00,11.42,
2023-11-24 03:00:00,11.43,
2023-11-24 03:15:00,11.46,
2023-11-24 03:30:00,11.48,
2023-11-24 03:45:00,11.5,
2023-11-24 04:00:00,11.53,
2023-11-24 04:15:00,11.55,
2023-11-24 04:30:00,11.54,
2023-11-24 04:45:00,11.57,
2023-11-24 05:00:00,11.57,
2023-11-24 05:15:00,11.58,
2023-11-24 05:30:00,11.58,
2023-11-24 05:45:00,11.59,
2023-11-24 06:00:00,11.59,
2023-11-24 06:15:00,11.59,
2023-11-24 06:30:00,11.59,
2023-11-24 06:45:00,11.6,
2023-11-24 07:00:00,11.6,
2023-11-24 07:15:00,11.6,
2023-11-24 07:30:00,11.62,
2023-11-24 07:45:00,11.64,
2023-11-24 08:00:00,11.68,
2023-11-24 08:15:00,11.75,
2023-11-24 08:30:00,11.81,
2023-11-24 08:45:00,11.87,
2023-11-24 09:00:00,11.94,
2023-11-24 09:15:00,12.01,
2023-11-24 09:30:00,12.05,
2023-11-24 09:45:00,12.09,
2023-11-24 10:00:00,12.12,
2023-11-24 10:15:00,12.16,
2023-11-24 10:30:00,12.17,
2023-11-24 10:45:00,12.16,
2023-11-24 11:00:00,12.18,
2023-11-24 11:15:00,12.19,
2023-11-24 11:30:00,12.14,
2023-11-24 11:45:00,12.14,
2023-11-24 12:00:00,12.14,
2023-11-24 12:15:00,12.12,
2023-11-24 12:30:00,12.08,
2023-11-24 12:45:00,12.03,
2023-11-24 13:00:00,11.97,
2023-11-24 13:15:00,11.88,
2023-11-24 13:30:00,11.82,
2023-11-24 13:45:00,11.78,
2023-11-24 14:00:00,11.74,
2023-11-24 14:15:00,11.73,
2023-11-24 14:30:00,11.7,
2023-11-24 14:45:00,11.64,
2023-11-24 15:00:00,11.6,
2023-11-24 15:15:00,11.61,
2023-11-24 15:30:00,11.62,
2023-11-24 15:45:00,11.62,
2023-11-24 16:00:00,11.58,
2023-11-24 16:15:00,11.49,
2023-11-24 16:30:00,11.38,
2023-11-24 16:45:00,11.3,
2023-11-24 17:00:00,11.23,
2023-11-24 17:15:00,11.18,
2023-11-24 17:30:00,11.16,
2023-11-24 17:45:00,11.15,
2023-11-24 18:00:00,11.16,
2023-11-24 18:15:00,11.18,
2023-11-24 18:30:00,11.22,
2023-11-24 18:45:00,11.24,
2023-11-24 19:00:00,11.27,
2023-11-24 19:15:00,11.3,
2023-11-24 19:30:00,11.33,
2023-11-24 19:45:00,11.36,
2023-11-24 20:00:00,11.39,
2023-11-24 20:15:00,11.42,
2023-11-24 20:30:00,11.45,
2023-11-24 20:45:00,11.48,
2023-11-24 21:00:00,11.53,
2023-11-24 21:15:00,11.54,
2023-11-24 21:30:00,11.55,
2023-11-24 21:45:00,11.58,
2023-11-24 22:00:00,11.59,
2023-11-24 22:15:00,11.6,
2023-11-24 22:30:00,11.6,
2023-11-24 22:45:00,11.61,
2023-11-24 23:00:00,11.61,
2023-11-24 23:15:00,11.62,
2023-11-24 23:30:00,11.63,
2023-11-24 23:45:00,11.63,
2023-11-25 00:00:00,11.62,
2023-11-25 00:15:00,11.62,
2023-11-25 00:30:00,11.62,
2023-11-25 00:45:00,11.62,
2023-11-25 01:00:00,11.61,
2023-11-25 01:15:00,11.61,
2023-11-25 01:30:00,11.61,
2023-11-25 01:45:00,11.61,
2023-11-25 02:00:00,11.61,
2023-11-25 02:15:00,11.61,
2023-11-25 02:30:00,11.6,
2023-11-25 02:45:00,11.6,
2023-11-25 03:00:00,11.6,
2023-11-25 03:15:00,11.61,
2023-11-25 03:30:00,11.6,
2023-11-25 03:45:00,11.6,
2023-11-25 04:00:00,11.61,
2023-11-25 04:15:00,11.61,
2023-11-25 04:30:00,11.6,
2023-11-25 04:45:00,11.6,
2023-11-25 05:00:00,11.61,
2023-11-25 05:15:00,11.6,
2023-11-25 05:30:00,11.61,
2023-11-25 05:45:00,11.62,
2023-11-25 06:00:00,11.62,
2023-11-25 06:15:00,11.63,
2023-11-25 06:30:00,11.64,
2023-11-25 06:45:00,11.64,
2023-11-25 07:00:00,11.66,
2023-11-25 07:15:00,11.68,
2023-11-25 07:30:00,11.69,
2023-11-25 07:45:00,11.72,
2023-11-25 08:00:00,11.77,
2023-11-25 08:15:00,11.85,
2023-11-25 08:30:00,11.92,
2023-11-25 08:45:00,11.97,
2023-11-25 09:00:00,12.03,
2023-11-25 09:15:00,12.09,
2023-11-25 09:30:00,12.13,
2023-11-25 09:45:00,12.17,
2023-11-25 10:00:00,12.2,
2023-11-25 10:15:00,12.18,
2023-11-25 10:30:00,12.14,
2023-11-25 10:45:00,12.09,
2023-11-25 11:00:00,12.04,
2023-11-25 11:15:00,11.99,
2023-11-25 11:30:00,11.92,
2023-11-25 11:45:00,11.88,
2023-11-25 12:00:00,11.83,
2023-11-25 12:15:00,11.78,
2023-11-25 12:30:00,11.73,
2023-11-25 12:45:00,11.66,
2023-11-25 13:00:00,11.6,
2023-11-25 13:15:00,11.57,
2023-11-25 13:30:00,11.44,
2023-11-25 13:45:00,11.36,
2023-11-25 14:00:00,11.25,
2023-11-25 14:15:00,11.21,
2023-11-25 14:30:00,11.2,
2023-11-25 14:45:00,11.11,
2023-11-25 15:00:00,11.05,
2023-11-25 15:15:00,11.06,
2023-11-25 15:30:00,11.05,
2023-11-25 15:45:00,11.06,
2023-11-25 16:00:00,11.09,
2023-11-25 16:15:00,11.11,
2023-11-25 16:30:00,11.11,
2023-11-25 16:45:00,11.11,
2023-11-25 17:00:00,11.09,
2023-11-25 17:15:00,11.06,
2023-11-25 17:30:00,11.06,
2023-11-25 17:45:00,11.06,
2023-11-25 18:00:00,11.1,
2023-11-25 18:15:00,11.14,
2023-11-25 18:30:00,11.18,
2023-11-25 18:45:00,11.22,
2023-11-25 19:00:00,11.28,
2023-11-25 19:15:00,11.33,
2023-11-25 19:30:00,11.38,
2023-11-25 19:45:00,11.41,
2023-11-25 20:00:00,11.47,
2023-11-25 20:15:00,11.52,
2023-11-25 20:30:00,11.56,
2023-11-25 20:45:00,11.6,
2023-11-25 21:00:00,11.65,
2023-11-25 21:15:00,11.67,
2023-11-25 21:30:00,11.71,
2023-11-25 21:45:00,11.75,
2023-11-25 22:00:00,11.76,
2023-11-25 22:15:00,11.77,
2023-11-25 22:30:00,11.77,
2023-11-25 22:45:00,11.78,
2023-11-25 23:00:00,11.77,
2023-11-25 23:15:00,11.76,
2023-11-25 23:30:00,11.77,
2023-11-25 23:45:00,11.77,
2023-11-26 00:00:00,11.75,
2023-11-26 00:15:00,11.75,
2023-11-26 00:30:00,11.74,
2023-11-26 00:45:00,11.71,
2023-11-26 01:00:00,11.71,
2023-11-26 01:15:00,11.71,
2023-11-26 01:30:00,11.7,
2023-11-26 01:45:00,11.71,
2023-11-26 02:00:00,11.69,
2023-11-26 02:15:00,11.68,
2023-11-26 02:30:00,11.69,
2023-11-26 02:45:00,11.7,
2023-11-26 03:00:00,11.72,
2023-11-26 03:15:00,11.73,
2023-11-26 03:30:00,11.74,
2023-11-26 03:45:00,11.73,
2023-11-26 04:00:00,11.72,
2023-11-26 04:15:00,11.72,
2023-11-26 04:30:00,11.7,
2023-11-26 04:45:00,11.67,
2023-11-26 05:00:00,11.68,
2023-11-26 05:15:00,11.68,
2023-11-26 05:30:00,11.68,
2023-11-26 05:45:00,11.69,
2023-11-26 06:00:00,11.67,
2023-11-26 06:15:00,11.66,
2023-11-26 06:30:00,11.67,
2023-11-26 06:45:00,11.66,
2023-11-26 07:00:00,11.65,
2023-11-26 07:15:00,11.65,
2023-11-26 07:30:00,11.64,
2023-11-26 07:45:00,11.65,
2023-11-26 08:00:00,11.68,
2023-11-26 08:15:00,11.7,
2023-11-26 08:30:00,11.75,
2023-11-26 08:45:00,11.77,
2023-11-26 09:00:00,11.79,
2023-11-26 09:15:00,11.78,
2023-11-26 09:30:00,11.9,
2023-11-26 09:45:00,11.98,
2023-11-26 10:00:00,11.96,
2023-11-26 10:15:00,12.11,
2023-11-26 10:30:00,12.23,
2023-11-26 10:45:00,12.27,
2023-11-26 11:00:00,12.3,
2023-11-26 11:15:00,12.31,
2023-11-26 11:30:00,12.32,
2023-11-26 11:45:00,12.3,
2023-11-26 12:00:00,12.28,
2023-11-26 12:15:00,12.26,
2023-11-26 12:30:00,12.23,
2023-11-26 12:45:00,12.21,
2023-11-26 13:00:00,12.2,
2023-11-26 13:15:00,12.19,
2023-11-26 13:30:00,12.18,
2023-11-26 13:45:00,12.17,
2023-11-26 14:00:00,12.16,
2023-11-26 14:15:00,12.15,
2023-11-26 14:30:00,12.13,
2023-11-26 14:45:00,12.12,
2023-11-26 15:00:00,12.11,
2023-11-26 15:15:00,12.09,
2023-11-26 15:30:00,12.07,
2023-11-26 15:45:00,12.04,
2023-11-26 16:00:00,12.01,
2023-11-26 16:15:00,11.94,
2023-11-26 16:30:00,11.89,
2023-11-26 16:45:00,11.85,
2023-11-26 17:00:00,11.81,
2023-11-26 17:15:00,11.78,
2023-11-26 17:30:00,11.75,
2023-11-26 17:45:00,11.74,
2023-11-26 18:00:00,11.73,
2023-11-26 18:15:00,11.74,
2023-11-26 18:30:00,11.74,
2023-11-26 18:45:00,11.73,
2023-11-26 19:00:00,11.73,
2023-11-26 19:15:00,11.73,
2023-11-26 19:30:00,11.72,
2023-11-26 19:45:00,11.73,
2023-11-26 20:00:00,11.73,
2023-11-26 20:15:00,11.73,
2023-11-26 20:30:00,11.73,
2023-11-26 20:45:00,11.73,
2023-11-26 21:00:00,11.72,
2023-11-26 21:15:00,11.73,
2023-11-26 21:30:00,11.72,
2023-11-26 21:45:00,11.72,
2023-11-26 22:00:00,11.72,
2023-11-26 22:15:00,11.72,
2023-11-26 22:30:00,11.72,
2023-11-26 22:45:00,11.72,
2023-11-26 23:00:00,11.71,
2023-11-26 23:15:00,11.71,
2023-11-26 23:30:00,11.71,
2023-11-26 23:45:00,11.72,
2023-11-27 00:00:00,11.71,
2023-11-27 00:15:00,11.72,
2023-11-27 00:30:00,11.71,
2023-11-27 00:45:00,11.72,
2023-11-27 01:00:00,11.71,
2023-11-27 01:15:00,11.71,
2023-11-27 01:30:00,11.72,
2023-11-27 01:45:00,11.73,
2023-11-27 02:00:00,11.73,
2023-11-27 02:15:00,11.73,
2023-11-27 02:30:00,11.72,
2023-11-27 02:45:00,11.72,
2023-11-27 03:00:00,11.72,
2023-11-27 03:15:00,11.72,
2023-11-27 03:30:00,11.72,
2023-11-27 03:45:00,11.71,
2023-11-27 04:00:00,11.71,
2023-11-27 04:15:00,11.71,
2023-11-27 04:30:00,11.71,
2023-11-27 04:45:00,11.72,
2023-11-27 05:00:00,11.72,
2023-11-27 05:15:00,11.72,
2023-11-27 05:30:00,11.72,
2023-11-27 05:45:00,11.72,
2023-11-27 06:00:00,11.73,
2023-11-27 06:15:00,11.73,
2023-11-27 06:30:00,11.72,
2023-11-27 06:45:00,11.72,
2023-11-27 07:00:00,11.72,
2023-11-27 07:15:00,11.72,
2023-11-27 07:30:00,11.72,
2023-11-27 07:45:00,11.73,
2023-11-27 08:00:00,11.75,
2023-11-27 08:15:00,11.78,
2023-11-27 08:30:00,11.81,
2023-11-27 08:45:00,11.82,
2023-11-27 09:00:00,11.86,
2023-11-27 09:15:00,11.89,
2023-11-27 09:30:00,11.93,
2023-11-27 09:45:00,11.98,
2023-11-27 10:00:00,12.01,
2023-11-27 10:15:00,12.04,
2023-11-27 10:30:00,12.08,
2023-11-27 10:45:00,12.11,
2023-11-27 11:00:00,12.14,
2023-11-27 11:15:00,12.16,
2023-11-27 11:30:00,12.17,
2023-11-27 11:45:00,12.16,
2023-11-27 12:00:00,12.16,
2023-11-27 12:15:00,12.16,
2023-11-27 12:30:00,12.15,
2023-11-27 12:45:00,12.14,
2023-11-27 13:00:00,12.12,
2023-11-27 13:15:00,12.12,
2023-11-27 13:30:00,12.12,
2023-11-27 13:45:00,12.11,
2023-11-27 14:00:00,12.1,
2023-11-27 14:15:00,12.1,
2023-11-27 14:30:00,12.09,
2023-11-27 14:45:00,12.09,
2023-11-27 15:00:00,12.08,
2023-11-27 15:15:00,12.06,
2023-11-27 15:30:00,12.05,
2023-11-27 15:45:00,12.03,
2023-11-27 16:00:00,11.99,
2023-11-27 16:15:00,11.95,
2023-11-27 16:30:00,11.9,
2023-11-27 16:45:00,11.86,
2023-11-27 17:00:00,11.82,
2023-11-27 17:15:00,11.79,
2023-11-27 17:30:00,11.77,
2023-11-27 17:45:00,11.75,
2023-11-27 18:00:00,11.73,
2023-11-27 18:15:00,11.72,
2023-11-27 18:30:00,11.72,
2023-11-27 18:45:00,11.72,
2023-11-27 19:00:00,11.72,
2023-11-27 19:15:00,11.71,
2023-11-27 19:30:00,11.72,
2023-11-27 19:45:00,11.71,
2023-11-27 20:00:00,11.71,
2023-11-27 20:15:00,11.71,
2023-11-27 20:30:00,11.71,
2023-11-27 20:45:00,11.71,
2023-11-27 21:00:00,11.69,
2023-11-27 21:15:00,11.7,
2023-11-27 21:30:00,11.71,
2023-11-27 21:45:00,11.71,
2023-11-27 22:00:00,11.71,
2023-11-27 22:15:00,11.71,
2023-11-27 22:30:00,11.71,
2023-11-27 22:45:00,11.71,
2023-11-27 23:00:00,11.72,
2023-11-27 23:15:00,11.72,
2023-11-27 23:30:00,11.72,
2023-11-27 23:45:00,11.73,
2023-11-28 00:00:00,11.73,
2023-11-28 00:15:00,11.73,
2023-11-28 00:30:00,11.73,
2023-11-28 00:45:00,11.73,
2023-11-28 01:00:00,11.73,
2023-11-28 01:15:00,11.72,
2023-11-28 01:30:00,11.72,
2023-11-28 01:45:00,11.72,
2023-11-28 02:00:00,11.71,
2023-11-28 02:15:00,11.7,
2023-11-28 02:30:00,11.7,
2023-11-28 02:45:00,11.69,
2023-11-28 03:00:00,11.67,
2023-11-28 03:15:00,11.67,
2023-11-28 03:30:00,11.65,
2023-11-28 03:45:00,11.64,
2023-11-28 04:00:00,11.65,
2023-11-28 04:15:00,11.65,
2023-11-28 04:30:00,11.66,
2023-11-28 04:45:00,11.66,
2023-11-28 05:00:00,11.65,
2023-11-28 05:15:00,11.63,
2023-11-28 05:30:00,11.63,
2023-11-28 05:45:00,11.63,
2023-11-28 06:00:00,11.63,
2023-11-28 06:15:00,11.63,
2023-11-28 06:30:00,11.63,
2023-11-28 06:45:00,11.64,
2023-11-28 07:00:00,11.63,
2023-11-28 07:15:00,11.64,
2023-11-28 07:30:00,11.65,
2023-11-28 07:45:00,11.65,
2023-11-28 08:00:00,11.68,
2023-11-28 08:15:00,11.71,
2023-11-28 08:30:00,11.72,
2023-11-28 08:45:00,11.76,
2023-11-28 09:00:00,11.77,
2023-11-28 09:15:00,11.78,
2023-11-28 09:30:00,11.83,
2023-11-28 09:45:00,11.86,
2023-11-28 10:00:00,11.89,
2023-11-28 10:15:00,11.92,
2023-11-28 10:30:00,11.98,
2023-11-28 10:45:00,12.03,
2023-11-28 11:00:00,12.05,
2023-11-28 11:15:00,12.06,
2023-11-28 11:30:00,12.06,
2023-11-28 11:45:00,12.06,
2023-11-28 12:00:00,12.06,
2023-11-28 12:15:00,12.06,
2023-11-28 12:30:00,12.06,
2023-11-28 12:45:00,12.06,
2023-11-28 13:00:00,12.06,
2023-11-28 13:15:00,12.06,
2023-11-28 13:30:00,12.06,
2023-11-28 13:45:00,12.06,
2023-11-28 14:00:00,12.05,
2023-11-28 14:15:00,12.05,
2023-11-28 14:30:00,12.04,
2023-11-28 14:45:00,12.02,
2023-11-28 15:00:00,11.99,
2023-11-28 15:15:00,11.92,
2023-11-28 15:30:00,11.83,
2023-11-28 15:45:00,11.75,
2023-11-28 16:00:00,11.68,
2023-11-28 16:15:00,11.59,
2023-11-28 16:30:00,11.51,
2023-11-28 16:45:00,11.44,
2023-11-28 17:00:00,11.35,
2023-11-28 17:15:00,11.26,
2023-11-28 17:30:00,11.19,
2023-11-28 17:45:00,11.1,
2023-11-28 18:00:00,11.04,
2023-11-28 18:15:00,10.98,
2023-11-28 18:30:00,10.94,
2023-11-28 18:45:00,10.97,
2023-11-28 19:00:00,11.03,
2023-11-28 19:15:00,11.13,
2023-11-28 19:30:00,11.14,
2023-11-28 19:45:00,11.15,
2023-11-28 20:00:00,11.16,
2023-11-28 20:15:00,11.19,
2023-11-28 20:30:00,11.23,
2023-11-28 20:45:00,11.25,
2023-11-28 21:00:00,11.28,
2023-11-28 21:15:00,11.31,
2023-11-28 21:30:00,11.32,
2023-11-28 21:45:00,11.34,
2023-11-28 22:00:00,11.35,
2023-11-28 22:15:00,11.38,
2023-11-28 22:30:00,11.41,
2023-11-28 22:45:00,11.44,
2023-11-28 23:00:00,11.46,
2023-11-28 23:15:00,11.48,
2023-11-28 23:30:00,11.5,
2023-11-28 23:45:00,11.52,
2023-11-29 00:00:00,11.54,
2023-11-29 00:15:00,11.56,
2023-11-29 00:30:00,11.59,
2023-11-29 00:45:00,11.6,
2023-11-29 01:00:00,11.62,
2023-11-29 01:15:00,11.62,
2023-11-29 01:30:00,11.66,
2023-11-29 01:45:00,11.67,
2023-11-29 02:00:00,11.68,
2023-11-29 02:15:00,11.67,
2023-11-29 02:30:00,11.68,
2023-11-29 02:45:00,11.69,
2023-11-29 03:00:00,11.68,
2023-11-29 03:15:00,11.68,
2023-11-29 03:30:00,11.67,
2023-11-29 03:45:00,11.67,
2023-11-29 04:00:00,11.67,
2023-11-29 04:15:00,11.66,
2023-11-29 04:30:00,11.66,
2023-11-29 04:45:00,11.65,
2023-11-29 05:00:00,11.65,
2023-11-29 05:15:00,11.64,
2023-11-29 05:30:00,11.64,
2023-11-29 05:45:00,11.64,
2023-11-29 06:00:00,11.64,
2023-11-29 06:15:00,11.63,
2023-11-29 06:30:00,11.63,
2023-11-29 06:45:00,11.63,
2023-11-29 07:00:00,11.62,
2023-11-29 07:15:00,11.63,
2023-11-29 07:30:00,11.62,
2023-11-29 07:45:00,11.63,
2023-11-29 08:00:00,11.66,
2023-11-29 08:15:00,11.69,
2023-11-29 08:30:00,11.74,
2023-11-29 08:45:00,11.8,
2023-11-29 09:00:00,11.84,
2023-11-29 09:15:00,11.9,
2023-11-29 09:30:00,11.94,
2023-11-29 09:45:00,11.96,
2023-11-29 10:00:00,11.98,
2023-11-29 10:15:00,12.0,
2023-11-29 10:30:00,12.03,
2023-11-29 10:45:00,12.04,
2023-11-29 11:00:00,12.03,
2023-11-29 11:15:00,12.03,
2023-11-29 11:30:00,12.05,
2023-11-29 11:45:00,12.05,
2023-11-29 12:00:00,12.04,
2023-11-29 12:15:00,11.96,
2023-11-29 12:30:00,11.89,
2023-11-29 12:45:00,11.94,
2023-11-29 13:00:00,11.93,
2023-11-29 13:15:00,11.82,
2023-11-29 13:30:00,11.67,
2023-11-29 13:45:00,11.58,
2023-11-29 14:00:00,11.5,
2023-11-29 14:15:00,11.43,
2023-11-29 14:30:00,11.35,
2023-11-29 14:45:00,11.27,
2023-11-29 15:00:00,11.22,
2023-11-29 15:15:00,11.17,
2023-11-29 15:30:00,11.15,
2023-11-29 15:45:00,11.11,
2023-11-29 16:00:00,11.06,
2023-11-29 16:15:00,10.98,
2023-11-29 16:30:00,10.92,
2023-11-29 16:45:00,10.88,
2023-11-29 17:00:00,10.85,
2023-11-29 17:15:00,10.82,
2023-11-29 17:30:00,10.81,
2023-11-29 17:45:00,10.81,
2023-11-29 18:00:00,10.83,
2023-11-29 18:15:00,10.83,
2023-11-29 18:30:00,10.85,
2023-11-29 18:45:00,10.86,
2023-11-29 19:00:00,10.87,
2023-11-29 19:15:00,10.88,
2023-11-29 19:30:00,10.91,
2023-11-29 19:45:00,10.92,
2023-11-29 20:00:00,10.94,
2023-11-29 20:15:00,10.96,
2023-11-29 20:30:00,10.97,
2023-11-29 20:45:00,10.99,
2023-11-29 21:00:00,11.0,
2023-11-29 21:15:00,11.02,
2023-11-29 21:30:00,11.04,
2023-11-29 21:45:00,11.06,
2023-11-29 22:00:00,11.07,
2023-11-29 22:15:00,11.1,
2023-11-29 22:30:00,11.12,
2023-11-29 22:45:00,11.14,
2023-11-29 23:00:00,11.16,
2023-11-29 23:15:00,11.19,
2023-11-29 23:30:00,11.21,
2023-11-29 23:45:00,11.22,
2023-11-30 00:00:00,11.24,
2023-11-30 00:15:00,11.25,
2023-11-30 00:30:00,11.28,
2023-11-30 00:45:00,11.3,
2023-11-30 01:00:00,11.31,
2023-11-30 01:15:00,11.33,
2023-11-30 01:30:00,11.35,
2023-11-30 01:45:00,11.36,
2023-11-30 02:00:00,11.36,
2023-11-30 02:15:00,11.37,
2023-11-30 02:30:00,11.39,
2023-11-30 02:45:00,11.4,
2023-11-30 03:00:00,11.42,
2023-11-30 03:15:00,11.43,
2023-11-30 03:30:00,11.44,
2023-11-30 03:45:00,11.45,
2023-11-30 04:00:00,11.46,
2023-11-30 04:15:00,11.47,
2023-11-30 04:30:00,11.47,
2023-11-30 04:45:00,11.48,
2023-11-30 05:00:00,11.48,
2023-11-30 05:15:00,11.49,
2023-11-30 05:30:00,11.49,
2023-11-30 05:45:00,11.5,
2023-11-30 06:00:00,11.51,
2023-11-30 06:15:00,11.51,
2023-11-30 06:30:00,11.51,
2023-11-30 06:45:00,11.51,
2023-11-30 07:00:00,11.51,
2023-11-30 07:15:00,11.52,
2023-11-30 07:30:00,11.52,
2023-11-30 07:45:00,11.53,
2023-11-30 08:00:00,11.55,
2023-11-30 08:15:00,11.58,
2023-11-30 08:30:00,11.63,
2023-11-30 08:45:00,11.68,
2023-11-30 09:00:00,11.73,
2023-11-30 09:15:00,11.8,
2023-11-30 09:30:00,11.84,
2023-11-30 09:45:00,11.84,
2023-11-30 10:00:00,11.84,
2023-11-30 10:15:00,11.83,
2023-11-30 10:30:00,11.82,
2023-11-30 10:45:00,11.81,
2023-11-30 11:00:00,11.78,
2023-11-30 11:15:00,11.74,
2023-11-30 11:30:00,11.7,
2023-11-30 11:45:00,11.66,
2023-11-30 12:00:00,11.62,
2023-11-30 12:15:00,11.59,
2023-11-30 12:30:00,11.57,
2023-11-30 12:45:00,11.53,
2023-11-30 13:00:00,11.48,
2023-11-30 13:15:00,11.44,
2023-11-30 13:30:00,11.38,
2023-11-30 13:45:00,11.34,
2023-11-30 14:00:00,11.32,
2023-11-30 14:15:00,11.3,
2023-11-30 14:30:00,11.27,
2023-11-30 14:45:00,11.25,
2023-11-30 15:00:00,11.23,
2023-11-30 15:15:00,11.23,
2023-11-30 15:30:00,11.21,
2023-11-30 15:45:00,11.16,
2023-11-30 16:00:00,11.09,
2023-11-30 16:15:00,10.99,
2023-11-30 16:30:00,10.9,
2023-11-30 16:45:00,10.83,
2023-11-30 17:00:00,10.77,
2023-11-30 17:15:00,10.73,
2023-11-30 17:30:00,10.71,
2023-11-30 17:45:00,10.71,
2023-11-30 18:00:00,10.72,
2023-11-30 18:15:00,10.73,
2023-11-30 18:30:00,10.74,
2023-11-30 18:45:00,10.76,
2023-11-30 19:00:00,10.76,
2023-11-30 19:15:00,10.78,
2023-11-30 19:30:00,10.81,
2023-11-30 19:45:00,10.82,
2023-11-30 20:00:00,10.84,
2023-11-30 20:15:00,10.85,
2023-11-30 20:30:00,10.87,
2023-11-30 20:45:00,10.89,
2023-11-30 21:00:00,10.92,
2023-11-30 21:15:00,10.94,
2023-11-30 21:30:00,10.96,
2023-11-30 21:45:00,10.99,
2023-11-30 22:00:00,11.01,
2023-11-30 22:15:00,11.03,
2023-11-30 22:30:00,11.05,
2023-11-30 22:45:00,11.08,
2023-11-30 23:00:00,11.1,
2023-11-30 23:15:00,11.12,
2023-11-30 23:30:00,11.15,
2023-11-30 23:45:00,11.18,
2023-12-01 00:00:00,11.21,
2023-12-01 00:15:00,11.24,
2023-12-01 00:30:00,11.27,
2023-12-01 00:45:00,11.29,
2023-12-01 01:00:00,11.32,
2023-12-01 01:15:00,11.34,
2023-12-01 01:30:00,11.35,
2023-12-01 01:45:00,11.37,
2023-12-01 02:00:00,11.39,
2023-12-01 02:15:00,11.4,
2023-12-01 02:30:00,11.41,
2023-12-01 02:45:00,11.43,
2023-12-01 03:00:00,11.44,
2023-12-01 03:15:00,11.45,
2023-12-01 03:30:00,11.45,
2023-12-01 03:45:00,11.46,
2023-12-01 04:00:00,11.46,
2023-12-01 04:15:00,11.47,
2023-12-01 04:30:00,11.48,
2023-12-01 04:45:00,11.47,
2023-12-01 05:00:00,11.47,
2023-12-01 05:15:00,11.49,
2023-12-01 05:30:00,11.5,
2023-12-01 05:45:00,11.5,
2023-12-01 06:00:00,11.51,
2023-12-01 06:15:00,11.52,
2023-12-01 06:30:00,11.52,
2023-12-01 06:45:00,11.52,
2023-12-01 07:00:00,11.53,
2023-12-01 07:15:00,11.54,
2023-12-01 07:30:00,11.54,
2023-12-01 07:45:00,11.55,
2023-12-01 08:00:00,11.55,
2023-12-01 08:15:00,11.57,
2023-12-01 08:30:00,11.61,
2023-12-01 08:45:00,11.66,
2023-12-01 09:00:00,11.7,
2023-12-01 09:15:00,11.73,
2023-12-01 09:30:00,11.78,
2023-12-01 09:45:00,11.83,
2023-12-01 10:00:00,11.87,
2023-12-01 10:15:00,11.85,
2023-12-01 10:30:00,11.83,
2023-12-01 10:45:00,11.86,
2023-12-01 11:00:00,11.85,
2023-12-01 11:15:00,11.83,
2023-12-01 11:30:00,11.8,
2023-12-01 11:45:00,11.77,
2023-12-01 12:00:00,11.73,
2023-12-01 12:15:00,11.74,
2023-12-01 12:30:00,11.73,
2023-12-01 12:45:00,11.77,
2023-12-01 13:00:00,11.79,
2023-12-01 13:15:00,11.79,
2023-12-01 13:30:00,11.75,
2023-12-01 13:45:00,11.71,
2023-12-01 14:00:00,11.68,
2023-12-01 14:15:00,11.66,
2023-12-01 14:30:00,11.62,
2023-12-01 14:45:00,11.54,
2023-12-01 15:00:00,11.49,
2023-12-01 15:15:00,11.47,
2023-12-01 15:30:00,11.5,
2023-12-01 15:45:00,11.49,
2023-12-01 16:00:00,11.43,
2023-12-01 16:15:00,11.36,
2023-12-01 16:30:00,11.28,
2023-12-01 16:45:00,11.25,
2023-12-01 17:00:00,11.21,
2023-12-01 17:15:00,11.18,
2023-12-01 17:30:00,11.17,
2023-12-01 17:45:00,11.17,
2023-12-01 18:00:00,11.15,
2023-12-01 18:15:00,11.17,
2023-12-01 18:30:00,11.18,
2023-12-01 18:45:00,11.19,
2023-12-01 19:00:00,11.21,
2023-12-01 19:15:00,11.24,
2023-12-01 19:30:00,11.25,
2023-12-01 19:45:00,11.28,
2023-12-01 20:00:00,11.3,
2023-12-01 20:15:00,11.32,
2023-12-01 20:30:00,11.32,
2023-12-01 20:45:00,11.33,
2023-12-01 21:00:00,11.35,
2023-12-01 21:15:00,11.36,
2023-12-01 21:30:00,11.35,
2023-12-01 21:45:00,11.35,
2023-12-01 22:00:00,11.36,
2023-12-01 22:15:00,11.37,
2023-12-01 22:30:00,11.37,
2023-12-01 22:45:00,11.37,
2023-12-01 23:00:00,11.38,
2023-12-01 23:15:00,11.42,
2023-12-01 23:30:00,11.46,
2023-12-01 23:45:00,11.5,
2023-12-02 00:00:00,11.51,
2023-12-02 00:15:00,11.53,
2023-12-02 00:30:00,11.53,
2023-12-02 00:45:00,11.52,
2023-12-02 01:00:00,11.49,
2023-12-02 01:15:00,11.51,
2023-12-02 01:30:00,11.49,
2023-12-02 01:45:00,11.46,
2023-12-02 02:00:00,11.44,
2023-12-02 02:15:00,11.45,
2023-12-02 02:30:00,11.45,
2023-12-02 02:45:00,11.47,
2023-12-02 03:00:00,11.48,
2023-12-02 03:15:00,11.48,
2023-12-02 03:30:00,11.48,
2023-12-02 03:45:00,11.48,
2023-12-02 04:00:00,11.48,
2023-12-02 04:15:00,11.48,
2023-12-02 04:30:00,11.49,
2023-12-02 04:45:00,11.51,
2023-12-02 05:00:00,11.51,
2023-12-02 05:15:00,11.51,
2023-12-02 05:30:00,11.52,
2023-12-02 05:45:00,11.54,
2023-12-02 06:00:00,11.55,
2023-12-02 06:15:00,11.54,
2023-12-02 06:30:00,11.55,
2023-12-02 06:45:00,11.55,
2023-12-02 07:00:00,11.56,
2023-12-02 07:15:00,11.56,
2023-12-02 07:30:00,11.56,
2023-12-02 07:45:00,11.56,
2023-12-02 08:00:00,11.57,
2023-12-02 08:15:00,11.61,
2023-12-02 08:30:00,11.66,
2023-12-02 08:45:00,11.7,
2023-12-02 09:00:00,11.74,
2023-12-02 09:15:00,11.79,
2023-12-02 09:30:00,11.84,
2023-12-02 09:45:00,11.85,
2023-12-02 10:00:00,11.85,
2023-12-02 10:15:00,11.86,
2023-12-02 10:30:00,11.88,
2023-12-02 10:45:00,11.9,
2023-12-02 11:00:00,11.9,
2023-12-02 11:15:00,11.92,
2023-12-02 11:30:00,11.95,
2023-12-02 11:45:00,11.98,
2023-12-02 12:00:00,11.94,
2023-12-02 12:15:00,11.94,
2023-12-02 12:30:00,11.93,
2023-12-02 12:45:00,11.87,
2023-12-02 13:00:00,11.78,
2023-12-02 13:15:00,11.71,
2023-12-02 13:30:00,11.66,
2023-12-02 13:45:00,11.61,
2023-12-02 14:00:00,11.56,
2023-12-02 14:15:00,11.52,
2023-12-02 14:30:00,11.44,
2023-12-02 14:45:00,11.4,
2023-12-02 15:00:00,11.36,
2023-12-02 15:15:00,11.32,
2023-12-02 15:30:00,11.28,
2023-12-02 15:45:00,11.25,
2023-12-02 16:00:00,11.24,
2023-12-02 16:15:00,11.23,
2023-12-02 16:30:00,11.2,
2023-12-02 16:45:00,11.19,
2023-12-02 17:00:00,11.2,
2023-12-02 17:15:00,11.2,
2023-12-02 17:30:00,11.22,
2023-12-02 17:45:00,11.24,
2023-12-02 18:00:00,11.27,
2023-12-02 18:15:00,11.3,
2023-12-02 18:30:00,11.32,
2023-12-02 18:45:00,11.32,
2023-12-02 19:00:00,11.34,
2023-12-02 19:15:00,11.37,
2023-12-02 19:30:00,11.39,
2023-12-02 19:45:00,11.41,
2023-12-02 20:00:00,11.44,
2023-12-02 20:15:00,11.46,
2023-12-02 20:30:00,11.48,
2023-12-02 20:45:00,11.5,
2023-12-02 21:00:00,11.5,
2023-12-02 21:15:00,11.52,
2023-12-02 21:30:00,11.54,
2023-12-02 21:45:00,11.49,
2023-12-02 22:00:00,11.48,
2023-12-02 22:15:00,11.45,
2023-12-02 22:30:00,11.44,
2023-12-02 22:45:00,11.45,
2023-12-02 23:00:00,11.44,
2023-12-02 23:15:00,11.44,
2023-12-02 23:30:00,11.44,
2023-12-02 23:45:00,11.43,
2023-12-03 00:00:00,11.42,
2023-12-03 00:15:00,11.43,
2023-12-03 00:30:00,11.41,
2023-12-03 00:45:00,11.41,
2023-12-03 01:00:00,11.42,
2023-12-03 01:15:00,11.43,
2023-12-03 01:30:00,11.44,
2023-12-03 01:45:00,11.45,
2023-12-03 02:00:00,11.45,
2023-12-03 02:15:00,11.45,
2023-12-03 02:30:00,11.41,
2023-12-03 02:45:00,11.4,
2023-12-03 03:00:00,11.39,
2023-12-03 03:15:00,11.4,
2023-12-03 03:30:00,11.4,
2023-12-03 03:45:00,11.41,
2023-12-03 04:00:00,11.43,
2023-12-03 04:15:00,11.48,
2023-12-03 04:30:00,11.48,
2023-12-03 04:45:00,11.47,
2023-12-03 05:00:00,11.45,
2023-12-03 05:15:00,11.46,
2023-12-03 05:30:00,11.46,
2023-12-03 05:45:00,11.45,
2023-12-03 06:00:00,11.44,
2023-12-03 06:15:00,11.46,
2023-12-03 06:30:00,11.45,
2023-12-03 06:45:00,11.46,
2023-12-03 07:00:00,11.46,
2023-12-03 07:15:00,11.47,
2023-12-03 07:30:00,11.48,
2023-12-03 07:45:00,11.5,
2023-12-03 08:00:00,11.53,
2023-12-03 08:15:00,11.57,
2023-12-03 08:30:00,11.62,
2023-12-03 08:45:00,11.66,
2023-12-03 09:00:00,11.72,
2023-12-03 09:15:00,11.78,
2023-12-03 09:30:00,11.82,
2023-12-03 09:45:00,11.84,
2023-12-03 10:00:00,11.86,
2023-12-03 10:15:00,11.9,
2023-12-03 10:30:00,11.91,
2023-12-03 10:45:00,11.94,
2023-12-03 11:00:00,11.94,
2023-12-03 11:15:00,11.96,
2023-12-03 11:30:00,11.95,
2023-12-03 11:45:00,11.95,
2023-12-03 12:00:00,11.94,
2023-12-03 12:15:00,11.96,
2023-12-03 12:30:00,11.95,
2023-12-03 12:45:00,11.95,
2023-12-03 13:00:00,11.95,
2023-12-03 13:15:00,11.96,
2023-12-03 13:30:00,11.95,
2023-12-03 13:45:00,11.94,
2023-12-03 14:00:00,11.92,
2023-12-03 14:15:00,11.92,
2023-12-03 14:30:00,11.9,
2023-12-03 14:45:00,11.87,
2023-12-03 15:00:00,11.85,
2023-12-03 15:15:00,11.85,
2023-12-03 15:30:00,11.83,
2023-12-03 15:45:00,11.79,
2023-12-03 16:00:00,11.75,
2023-12-03 16:15:00,11.73,
2023-12-03 16:30:00,11.7,
2023-12-03 16:45:00,11.67,
2023-12-03 17:00:00,11.64,
2023-12-03 17:15:00,11.61,
2023-12-03 17:30:00,11.58,
2023-12-03 17:45:00,11.56,
2023-12-03 18:00:00,11.55,
2023-12-03 18:15:00,11.54,
2023-12-03 18:30:00,11.52,
2023-12-03 18:45:00,11.51,
2023-12-03 19:00:00,11.5,
2023-12-03 19:15:00,11.5,
2023-12-03 19:30:00,11.48,
2023-12-03 19:45:00,11.46,
2023-12-03 20:00:00,11.45,
2023-12-03 20:15:00,11.43,
2023-12-03 20:30:00,11.4,
2023-12-03 20:45:00,11.38,
2023-12-03 21:00:00,11.37,
2023-12-03 21:15:00,11.35,
2023-12-03 21:30:00,11.34,
2023-12-03 21:45:00,11.32,
2023-12-03 22:00:00,11.3,
2023-12-03 22:15:00,11.29,
2023-12-03 22:30:00,11.28,
2023-12-03 22:45:00,11.27,
2023-12-03 23:00:00,11.25,
2023-12-03 23:15:00,11.23,
2023-12-03 23:30:00,11.21,
2023-12-03 23:45:00,11.2,
2023-12-04 00:00:00,11.18,
2023-12-04 00:15:00,11.17,
2023-12-04 00:30:00,11.15,
2023-12-04 00:45:00,11.14,
2023-12-04 01:00:00,11.13,
2023-12-04 01:15:00,11.11,
2023-12-04 01:30:00,11.09,
2023-12-04 01:45:00,11.09,
2023-12-04 02:00:00,11.07,
2023-12-04 02:15:00,11.06,
2023-12-04 02:30:00,11.05,
2023-12-04 02:45:00,11.04,
2023-12-04 03:00:00,11.03,
2023-12-04 03:15:00,11.02,
2023-12-04 03:30:00,11.01,
2023-12-04 03:45:00,11.0,
2023-12-04 04:00:00,10.99,
2023-12-04 04:15:00,10.99,
2023-12-04 04:30:00,10.99,
2023-12-04 04:45:00,10.98,
2023-12-04 05:00:00,10.99,
2023-12-04 05:15:00,10.98,
2023-12-04 05:30:00,10.98,
2023-12-04 05:45:00,10.98,
2023-12-04 06:00:00,10.99,
2023-12-04 06:15:00,10.99,
2023-12-04 06:30:00,10.98,
2023-12-04 06:45:00,10.98,
2023-12-04 07:00:00,10.97,
2023-12-04 07:15:00,10.97,
2023-12-04 07:30:00,10.97,
2023-12-04 07:45:00,10.97,
2023-12-04 08:00:00,10.97,
2023-12-04 08:15:00,10.99,
2023-12-04 08:30:00,11.0,
2023-12-04 08:45:00,11.02,
2023-12-04 09:00:00,11.04,
2023-12-04 09:15:00,11.05,
2023-12-04 09:30:00,11.04,
2023-12-04 09:45:00,11.07,
2023-12-04 10:00:00,11.14,
2023-12-04 10:15:00,11.17,
2023-12-04 10:30:00,11.16,
2023-12-04 10:45:00,11.15,
2023-12-04 11:00:00,11.16,
2023-12-04 11:15:00,11.17,
2023-12-04 11:30:00,11.2,
2023-12-04 11:45:00,11.22,
2023-12-04 12:00:00,11.23,
2023-12-04 12:15:00,11.25,
2023-12-04 12:30:00,11.21,
2023-12-04 12:45:00,11.16,
2023-12-04 13:00:00,11.19,
2023-12-04 13:15:00,11.19,
2023-12-04 13:30:00,11.19,
2023-12-04 13:45:00,11.17,
2023-12-04 14:00:00,11.11,
2023-12-04 14:15:00,11.06,
2023-12-04 14:30:00,11.09,
2023-12-04 14:45:00,11.1,
2023-12-04 15:00:00,11.08,
2023-12-04 15:15:00,11.06,
2023-12-04 15:30:00,11.04,
2023-12-04 15:45:00,11.02,
2023-12-04 16:00:00,10.98,
2023-12-04 16:15:00,10.95,
2023-12-04 16:30:00,10.91,
2023-12-04 16:45:00,10.83,
2023-12-04 17:00:00,10.74,
2023-12-04 17:15:00,10.68,
2023-12-04 17:30:00,10.65,
2023-12-04 17:45:00,10.63,
2023-12-04 18:00:00,10.64,
2023-12-04 18:15:00,10.65,
2023-12-04 18:30:00,10.68,
2023-12-04 18:45:00,10.69,
2023-12-04 19:00:00,10.71,
2023-12-04 19:15:00,10.73,
2023-12-04 19:30:00,10.75,
2023-12-04 19:45:00,10.77,
2023-12-04 20:00:00,10.8,
2023-12-04 20:15:00,10.81,
2023-12-04 20:30:00,10.84,
2023-12-04 20:45:00,10.85,
2023-12-04 21:00:00,10.88,
2023-12-04 21:15:00,10.9,
2023-12-04 21:30:00,10.92,
2023-12-04 21:45:00,10.94,
2023-12-04 22:00:00,10.96,
2023-12-04 22:15:00,10.97,
2023-12-04 22:30:00,11.0,
2023-12-04 22:45:00,11.01,
2023-12-04 23:00:00,11.03,
2023-12-04 23:15:00,11.05,
2023-12-04 23:30:00,11.06,
2023-12-04 23:45:00,11.09,
2023-12-05 00:00:00,11.11,
2023-12-05 00:15:00,11.12,
2023-12-05 00:30:00,11.13,
2023-12-05 00:45:00,11.16,
2023-12-05 01:00:00,11.18,
2023-12-05 01:15:00,11.19,
2023-12-05 01:30:00,11.21,
2023-12-05 01:45:00,11.23,
2023-12-05 02:00:00,11.25,
2023-12-05 02:15:00,11.26,
2023-12-05 02:30:00,11.27,
2023-12-05 02:45:00,11.29,
2023-12-05 03:00:00,11.3,
2023-12-05 03:15:00,11.32,
2023-12-05 03:30:00,11.32,
2023-12-05 03:45:00,11.34,
2023-12-05 04:00:00,11.35,
2023-12-05 04:15:00,11.37,
2023-12-05 04:30:00,11.37,
2023-12-05 04:45:00,11.39,
2023-12-05 05:00:00,11.4,
2023-12-05 05:15:00,11.41,
2023-12-05 05:30:00,11.43,
2023-12-05 05:45:00,11.44,
2023-12-05 06:00:00,11.44,
2023-12-05 06:15:00,11.45,
2023-12-05 06:30:00,11.46,
2023-12-05 06:45:00,11.48,
2023-12-05 07:00:00,11.49,
2023-12-05 07:15:00,11.5,
2023-12-05 07:30:00,11.51,
2023-12-05 07:45:00,11.54,
2023-12-05 08:00:00,11.57,
2023-12-05 08:15:00,11.6,
2023-12-05 08:30:00,11.66,
2023-12-05 08:45:00,11.7,
2023-12-05 09:00:00,11.75,
2023-12-05 09:15:00,11.81,
2023-12-05 09:30:00,11.86,
2023-12-05 09:45:00,11.9,
2023-12-05 10:00:00,11.89,
2023-12-05 10:15:00,11.88,
2023-12-05 10:30:00,11.85,
2023-12-05 10:45:00,11.81,
2023-12-05 11:00:00,11.74,
2023-12-05 11:15:00,11.7,
2023-12-05 11:30:00,11.66,
2023-12-05 11:45:00,11.59,
2023-12-05 12:00:00,11.53,
2023-12-05 12:15:00,11.48,
2023-12-05 12:30:00,11.42,
2023-12-05 12:45:00,11.35,
2023-12-05 13:00:00,11.28,
2023-12-05 13:15:00,11.22,
2023-12-05 13:30:00,11.17,
2023-12-05 13:45:00,11.11,
2023-12-05 14:00:00,11.05,
2023-12-05 14:15:00,11.0,
2023-12-05 14:30:00,10.96,
2023-12-05 14:45:00,10.93,
2023-12-05 15:00:00,10.88,
2023-12-05 15:15:00,10.84,
2023-12-05 15:30:00,10.79,
2023-12-05 15:45:00,10.75,
2023-12-05 16:00:00,10.73,
2023-12-05 16:15:00,10.66,
2023-12-05 16:30:00,10.61,
2023-12-05 16:45:00,10.56,
2023-12-05 17:00:00,10.51,
2023-12-05 17:15:00,10.49,
2023-12-05 17:30:00,10.47,
2023-12-05 17:45:00,10.48,
2023-12-05 18:00:00,10.51,
2023-12-05 18:15:00,10.54,
2023-12-05 18:30:00,10.57,
2023-12-05 18:45:00,10.58,
2023-12-05 19:00:00,10.62,
2023-12-05 19:15:00,10.65,
2023-12-05 19:30:00,10.68,
2023-12-05 19:45:00,10.72,
2023-12-05 20:00:00,10.74,
2023-12-05 20:15:00,10.77,
2023-12-05 20:30:00,10.79,
2023-12-05 20:45:00,10.82,
2023-12-05 21:00:00,10.84,
2023-12-05 21:15:00,10.87,
2023-12-05 21:30:00,10.9,
2023-12-05 21:45:00,10.91,
2023-12-05 22:00:00,10.95,
2023-12-05 22:15:00,10.97,
2023-12-05 22:30:00,11.0,
2023-12-05 22:45:00,11.02,
2023-12-05 23:00:00,11.03,
2023-12-05 23:15:00,11.06,
2023-12-05 23:30:00,11.09,
2023-12-05 23:45:00,11.11,
2023-12-06 00:00:00,11.12,
2023-12-06 00:15:00,11.13,
2023-12-06 00:30:00,11.16,
2023-12-06 00:45:00,11.17,
2023-12-06 01:00:00,11.18,
2023-12-06 01:15:00,11.19,
2023-12-06 01:30:00,11.21,
2023-12-06 01:45:00,11.23,
2023-12-06 02:00:00,11.24,
2023-12-06 02:15:00,11.25,
2023-12-06 02:30:00,11.28,
2023-12-06 02:45:00,11.29,
2023-12-06 03:00:00,11.31,
2023-12-06 03:15:00,11.33,
2023-12-06 03:30:00,11.33,
2023-12-06 03:45:00,11.35,
2023-12-06 04:00:00,11.36,
2023-12-06 04:15:00,11.37,
2023-12-06 04:30:00,11.39,
2023-12-06 04:45:00,11.41,
2023-12-06 05:00:00,11.41,
2023-12-06 05:15:00,11.43,
2023-12-06 05:30:00,11.44,
2023-12-06 05:45:00,11.45,
2023-12-06 06:00:00,11.46,
2023-12-06 06:15:00,11.47,
2023-12-06 06:30:00,11.48,
2023-12-06 06:45:00,11.49,
2023-12-06 07:00:00,11.49,
2023-12-06 07:15:00,11.51,
2023-12-06 07:30:00,11.52,
2023-12-06 07:45:00,11.54,
2023-12-06 08:00:00,11.57,
2023-12-06 08:15:00,11.62,
2023-12-06 08:30:00,11.66,
2023-12-06 08:45:00,11.69,
2023-12-06 09:00:00,11.72,
2023-12-06 09:15:00,11.74,
2023-12-06 09:30:00,11.79,
2023-12-06 09:45:00,11.83,
2023-12-06 10:00:00,11.83,
2023-12-06 10:15:00,11.84,
2023-12-06 10:30:00,11.84,
2023-12-06 10:45:00,11.8,
2023-12-06 11:00:00,11.76,
2023-12-06 11:15:00,11.7,
2023-12-06 11:30:00,11.66,
2023-12-06 11:45:00,11.6,
2023-12-06 12:00:00,11.53,
2023-12-06 12:15:00,11.44,
2023-12-06 12:30:00,11.36,
2023-12-06 12:45:00,11.29,
2023-12-06 13:00:00,11.26,
2023-12-06 13:15:00,11.2,
2023-12-06 13:30:00,11.14,
2023-12-06 13:45:00,11.08,
2023-12-06 14:00:00,11.04,
2023-12-06 14:15:00,11.0,
2023-12-06 14:30:00,10.92,
2023-12-06 14:45:00,10.88,
2023-12-06 15:00:00,10.83,
2023-12-06 15:15:00,10.8,
2023-12-06 15:30:00,10.82,
2023-12-06 15:45:00,10.79,
2023-12-06 16:00:00,10.72,
2023-12-06 16:15:00,10.59,
2023-12-06 16:30:00,10.52,
2023-12-06 16:45:00,10.45,
2023-12-06 17:00:00,10.4,
2023-12-06 17:15:00,10.38,
2023-12-06 17:30:00,10.37,
2023-12-06 17:45:00,10.39,
2023-12-06 18:00:00,10.39,
2023-12-06 18:15:00,10.41,
2023-12-06 18:30:00,10.45,
2023-12-06 18:45:00,10.49,
2023-12-06 19:00:00,10.52,
2023-12-06 19:15:00,10.54,
2023-12-06 19:30:00,10.56,
2023-12-06 19:45:00,10.6,
2023-12-06 20:00:00,10.63,
2023-12-06 20:15:00,10.64,
2023-12-06 20:30:00,10.67,
2023-12-06 20:45:00,10.69,
2023-12-06 21:00:00,10.71,
2023-12-06 21:15:00,10.74,
2023-12-06 21:30:00,10.75,
2023-12-06 21:45:00,10.78,
2023-12-06 22:00:00,10.79,
2023-12-06 22:15:00,10.8,
2023-12-06 22:30:00,10.81,
2023-12-06 22:45:00,10.81,
2023-12-06 23:00:00,10.83,
2023-12-06 23:15:00,10.83,
2023-12-06 23:30:00,10.84,
2023-12-06 23:45:00,10.85,
2023-12-07 00:00:00,10.85,
2023-12-07 00:15:00,10.85,
2023-12-07 00:30:00,10.85,
2023-12-07 00:45:00,10.85,
2023-12-07 01:00:00,10.84,
2023-12-07 01:15:00,10.84,
2023-12-07 01:30:00,10.83,
2023-12-07 01:45:00,10.82,
2023-12-07 02:00:00,10.81,
2023-12-07 02:15:00,10.79,
2023-12-07 02:30:00,10.79,
2023-12-07 02:45:00,10.77,
2023-12-07 03:00:00,10.77,
2023-12-07 03:15:00,10.77,
2023-12-07 03:30:00,10.77,
2023-12-07 03:45:00,10.78,
2023-12-07 04:00:00,10.81,
2023-12-07 04:15:00,10.84,
2023-12-07 04:30:00,10.87,
2023-12-07 04:45:00,10.91,
2023-12-07 05:00:00,10.94,
2023-12-07 05:15:00,10.95,
2023-12-07 05:30:00,10.96,
2023-12-07 05:45:00,10.94,
2023-12-07 06:00:00,10.94,
2023-12-07 06:15:00,10.95,
2023-12-07 06:30:00,10.97,
2023-12-07 06:45:00,11.04,
2023-12-07 07:00:00,11.09,
2023-12-07 07:15:00,11.13,
2023-12-07 07:30:00,11.15,
2023-12-07 07:45:00,11.17,
2023-12-07 08:00:00,11.18,
2023-12-07 08:15:00,11.21,
2023-12-07 08:30:00,11.28,
2023-12-07 08:45:00,11.33,
2023-12-07 09:00:00,11.37,
2023-12-07 09:15:00,11.42,
2023-12-07 09:30:00,11.47,
2023-12-07 09:45:00,11.47,
2023-12-07 10:00:00,11.48,
2023-12-07 10:15:00,11.46,
2023-12-07 10:30:00,11.45,
2023-12-07 10:45:00,11.5,
2023-12-07 11:00:00,11.54,
2023-12-07 11:15:00,11.6,
2023-12-07 11:30:00,11.61,
2023-12-07 11:45:00,11.65,
2023-12-07 12:00:00,11.67,
2023-12-07 12:15:00,11.69,
2023-12-07 12:30:00,11.69,
2023-12-07 12:45:00,11.69,
2023-12-07 13:00:00,11.67,
2023-12-07 13:15:00,11.65,
2023-12-07 13:30:00,11.63,
2023-12-07 13:45:00,11.55,
2023-12-07 14:00:00,11.39,
2023-12-07 14:15:00,11.36,
2023-12-07 14:30:00,11.39,
2023-12-07 14:45:00,11.4,
2023-12-07 15:00:00,11.32,
2023-12-07 15:15:00,11.28,
2023-12-07 15:30:00,11.3,
2023-12-07 15:45:00,11.26,
2023-12-07 16:00:00,11.14,
2023-12-07 16:15:00,11.08,
2023-12-07 16:30:00,11.05,
2023-12-07 16:45:00,11.03,
2023-12-07 17:00:00,11.0,
2023-12-07 17:15:00,10.98,
2023-12-07 17:30:00,10.97,
2023-12-07 17:45:00,10.98,
2023-12-07 18:00:00,10.97,
2023-12-07 18:15:00,10.99,
2023-12-07 18:30:00,10.99,
2023-12-07 18:45:00,10.98,
2023-12-07 19:00:00,11.01,
2023-12-07 19:15:00,11.01,
2023-12-07 19:30:00,11.01,
2023-12-07 19:45:00,11.03,
2023-12-07 20:00:00,11.04,
2023-12-07 20:15:00,11.04,
2023-12-07 20:30:00,11.05,
2023-12-07 20:45:00,11.06,
2023-12-07 21:00:00,11.05,
2023-12-07 21:15:00,11.06,
2023-12-07 21:30:00,11.05,
2023-12-07 21:45:00,11.07,
2023-12-07 22:00:00,11.08,
2023-12-07 22:15:00,11.09,
2023-12-07 22:30:00,11.09,
2023-12-07 22:45:00,11.1,
2023-12-07 23:00:00,11.1,
2023-12-07 23:15:00,11.11,
2023-12-07 23:30:00,11.11,
2023-12-07 23:45:00,11.11,
2023-12-08 00:00:00,11.11,
2023-12-08 00:15:00,11.1,
2023-12-08 00:30:00,11.11,
2023-12-08 00:45:00,11.12,
2023-12-08 01:00:00,11.12,
2023-12-08 01:15:00,11.13,
2023-12-08 01:30:00,11.14,
2023-12-08 01:45:00,11.13,
2023-12-08 02:00:00,11.14,
2023-12-08 02:15:00,11.13,
2023-12-08 02:30:00,11.14,
2023-12-08 02:45:00,11.13,
2023-12-08 03:00:00,11.14,
2023-12-08 03:15:00,11.15,
2023-12-08 03:30:00,11.19,
2023-12-08 03:45:00,11.23,
2023-12-08 04:00:00,11.25,
2023-12-08 04:15:00,11.3,
2023-12-08 04:30:00,11.36,
2023-12-08 04:45:00,11.4,
2023-12-08 05:00:00,11.44,
2023-12-08 05:15:00,11.5,
2023-12-08 05:30:00,11.52,
2023-12-08 05:45:00,11.54,
2023-12-08 06:00:00,11.56,
2023-12-08 06:15:00,11.55,
2023-12-08 06:30:00,11.56,
2023-12-08 06:45:00,11.53,
2023-12-08 07:00:00,11.56,
2023-12-08 07:15:00,11.57,
2023-12-08 07:30:00,11.57,
2023-12-08 07:45:00,11.58,
2023-12-08 08:00:00,11.6,
2023-12-08 08:15:00,11.63,
2023-12-08 08:30:00,11.66,
2023-12-08 08:45:00,11.72,
2023-12-08 09:00:00,11.77,
2023-12-08 09:15:00,11.79,
2023-12-08 09:30:00,11.82,
2023-12-08 09:45:00,11.85,
2023-12-08 10:00:00,11.89,
2023-12-08 10:15:00,11.92,
2023-12-08 10:30:00,11.95,
2023-12-08 10:45:00,11.97,
2023-12-08 11:00:00,11.99,
2023-12-08 11:15:00,12.01,
2023-12-08 11:30:00,12.03,
2023-12-08 11:45:00,12.05,
2023-12-08 12:00:00,12.07,
2023-12-08 12:15:00,12.08,
2023-12-08 12:30:00,12.08,
2023-12-08 12:45:00,12.08,
2023-12-08 13:00:00,12.08,
2023-12-08 13:15:00,12.08,
2023-12-08 13:30:00,12.06,
2023-12-08 13:45:00,12.06,
2023-12-08 14:00:00,12.07,
2023-12-08 14:15:00,12.08,
2023-12-08 14:30:00,12.08,
2023-12-08 14:45:00,12.08,
2023-12-08 15:00:00,12.06,
2023-12-08 15:15:00,12.01,
2023-12-08 15:30:00,11.94,
2023-12-08 15:45:00,11.85,
2023-12-08 16:00:00,11.78,
2023-12-08 16:15:00,11.69,
2023-12-08 16:30:00,11.6,
2023-12-08 16:45:00,11.52,
2023-12-08 17:00:00,11.42,
2023-12-08 17:15:00,11.35,
2023-12-08 17:30:00,11.33,
2023-12-08 17:45:00,11.31,
2023-12-08 18:00:00,11.31,
2023-12-08 18:15:00,11.33,
2023-12-08 18:30:00,11.34,
2023-12-08 18:45:00,11.36,
2023-12-08 19:00:00,11.38,
2023-12-08 19:15:00,11.38,
2023-12-08 19:30:00,11.39,
2023-12-08 19:45:00,11.4,
2023-12-08 20:00:00,11.42,
2023-12-08 20:15:00,11.41,
2023-12-08 20:30:00,11.42,
2023-12-08 20:45:00,11.42,
2023-12-08 21:00:00,11.44,
2023-12-08 21:15:00,11.44,
2023-12-08 21:30:00,11.44,
2023-12-08 21:45:00,11.45,
2023-12-08 22:00:00,11.46,
2023-12-08 22:15:00,11.45,
2023-12-08 22:30:00,11.46,
2023-12-08 22:45:00,11.46,
2023-12-08 23:00:00,11.46,
2023-12-08 23:15:00,11.47,
2023-12-08 23:30:00,11.46,
2023-12-08 23:45:00,11.47,
2023-12-09 00:00:00,11.47,
2023-12-09 00:15:00,11.47,
2023-12-09 00:30:00,11.48,
2023-12-09 00:45:00,11.48,
2023-12-09 01:00:00,11.49,
2023-12-09 01:15:00,11.48,
2023-12-09 01:30:00,11.49,
2023-12-09 01:45:00,11.49,
2023-12-09 02:00:00,11.5,
2023-12-09 02:15:00,11.51,
2023-12-09 02:30:00,11.51,
2023-12-09 02:45:00,11.51,
2023-12-09 03:00:00,11.52,
2023-12-09 03:15:00,11.52,
2023-12-09 03:30:00,11.53,
2023-12-09 03:45:00,11.53,
2023-12-09 04:00:00,11.55,
2023-12-09 04:15:00,11.54,
2023-12-09 04:30:00,11.55,
2023-12-09 04:45:00,11.55,
2023-12-09 05:00:00,11.56,
2023-12-09 05:15:00,11.58,
2023-12-09 05:30:00,11.6,
2023-12-09 05:45:00,11.6,
2023-12-09 06:00:00,11.63,
2023-12-09 06:15:00,11.64,
2023-12-09 06:30:00,11.66,
2023-12-09 06:45:00,11.67,
2023-12-09 07:00:00,11.7,
2023-12-09 07:15:00,11.73,
2023-12-09 07:30:00,11.76,
2023-12-09 07:45:00,11.79,
2023-12-09 08:00:00,11.83,
2023-12-09 08:15:00,11.87,
2023-12-09 08:30:00,11.91,
2023-12-09 08:45:00,11.98,
2023-12-09 09:00:00,12.04,
2023-12-09 09:15:00,12.09,
2023-12-09 09:30:00,12.13,
2023-12-09 09:45:00,12.18,
2023-12-09 10:00:00,12.21,
2023-12-09 10:15:00,12.23,
2023-12-09 10:30:00,12.25,
2023-12-09 10:45:00,12.26,
2023-12-09 11:00:00,12.26,
2023-12-09 11:15:00,12.24,
2023-12-09 11:30:00,12.28,
2023-12-09 11:45:00,12.28,
2023-12-09 12:00:00,12.23,
2023-12-09 12:15:00,12.11,
2023-12-09 12:30:00,12.12,
2023-12-09 12:45:00,12.05,
2023-12-09 13:00:00,11.99,
2023-12-09 13:15:00,11.93,
2023-12-09 13:30:00,11.87,
2023-12-09 13:45:00,11.83,
2023-12-09 14:00:00,11.77,
2023-12-09 14:15:00,11.73,
2023-12-09 14:30:00,11.7,
2023-12-09 14:45:00,11.67,
2023-12-09 15:00:00,11.65,
2023-12-09 15:15:00,11.62,
2023-12-09 15:30:00,11.59,
2023-12-09 15:45:00,11.56,
2023-12-09 16:00:00,11.51,
2023-12-09 16:15:00,11.47,
2023-12-09 16:30:00,11.46,
2023-12-09 16:45:00,11.43,
2023-12-09 17:00:00,11.43,
2023-12-09 17:15:00,11.42,
2023-12-09 17:30:00,11.42,
2023-12-09 17:45:00,11.45,
2023-12-09 18:00:00,11.48,
2023-12-09 18:15:00,11.52,
2023-12-09 18:30:00,11.57,
2023-12-09 18:45:00,11.62,
2023-12-09 19:00:00,11.65,
2023-12-09 19:15:00,11.7,
2023-12-09 19:30:00,11.74,
2023-12-09 19:45:00,11.79,
2023-12-09 20:00:00,11.83,
2023-12-09 20:15:00,11.84,
2023-12-09 20:30:00,11.84,
2023-12-09 20:45:00,11.85,
2023-12-09 21:00:00,11.85,
2023-12-09 21:15:00,11.85,
2023-12-09 21:30:00,11.83,
2023-12-09 21:45:00,11.83,
2023-12-09 22:00:00,11.83,
2023-12-09 22:15:00,11.83,
2023-12-09 22:30:00,11.83,
2023-12-09 22:45:00,11.82,
2023-12-09 23:00:00,11.83,
2023-12-09 23:15:00,11.82,
2023-12-09 23:30:00,11.82,
2023-12-09 23:45:00,11.8,
2023-12-10 00:00:00,11.81,
2023-12-10 00:15:00,11.8,
2023-12-10 00:30:00,11.8,
2023-12-10 00:45:00,11.8,
2023-12-10 01:00:00,11.79,
2023-12-10 01:15:00,11.79,
2023-12-10 01:30:00,11.77,
2023-12-10 01:45:00,11.78,
2023-12-10 02:00:00,11.78,
2023-12-10 02:15:00,11.78,
2023-12-10 02:30:00,11.77,
2023-12-10 02:45:00,11.77,
2023-12-10 03:00:00,11.77,
2023-12-10 03:15:00,11.77,
2023-12-10 03:30:00,11.77,
2023-12-10 03:45:00,11.77,
2023-12-10 04:00:00,11.77,
2023-12-10 04:15:00,11.76,
2023-12-10 04:30:00,11.76,
2023-12-10 04:45:00,11.75,
2023-12-10 05:00:00,11.75,
2023-12-10 05:15:00,11.76,
2023-12-10 05:30:00,11.76,
2023-12-10 05:45:00,11.76,
2023-12-10 06:00:00,11.76,
2023-12-10 06:15:00,11.75,
2023-12-10 06:30:00,11.75,
2023-12-10 06:45:00,11.75,
2023-12-10 07:00:00,11.75,
2023-12-10 07:15:00,11.74,
2023-12-10 07:30:00,11.74,
2023-12-10 07:45:00,11.74,
2023-12-10 08:00:00,11.76,
2023-12-10 08:15:00,11.8,
2023-12-10 08:30:00,11.85,
2023-12-10 08:45:00,11.91,
2023-12-10 09:00:00,11.98,
2023-12-10 09:15:00,12.06,
2023-12-10 09:30:00,12.11,
2023-12-10 09:45:00,12.16,
2023-12-10 10:00:00,12.21,
2023-12-10 10:15:00,12.24,
2023-12-10 10:30:00,12.25,
2023-12-10 10:45:00,12.24,
2023-12-10 11:00:00,12.26,
2023-12-10 11:15:00,12.27,
2023-12-10 11:30:00,12.26,
2023-12-10 11:45:00,12.25,
2023-12-10 12:00:00,12.26,
2023-12-10 12:15:00,12.24,
2023-12-10 12:30:00,12.22,
2023-12-10 12:45:00,12.2,
2023-12-10 13:00:00,12.18,
2023-12-10 13:15:00,12.18,
2023-12-10 13:30:00,12.18,
2023-12-10 13:45:00,12.17,
2023-12-10 14:00:00,12.16,
2023-12-10 14:15:00,12.16,
2023-12-10 14:30:00,12.16,
2023-12-10 14:45:00,12.11,
2023-12-10 15:00:00,12.07,
2023-12-10 15:15:00,12.04,
2023-12-10 15:30:00,11.99,
2023-12-10 15:45:00,11.9,
2023-12-10 16:00:00,11.73,
2023-12-10 16:15:00,11.51,
2023-12-10 16:30:00,11.38,
2023-12-10 16:45:00,11.27,
2023-12-10 17:00:00,11.2,
2023-12-10 17:15:00,11.15,
2023-12-10 17:30:00,11.13,
2023-12-10 17:45:00,11.1,
2023-12-10 18:00:00,11.09,
2023-12-10 18:15:00,11.08,
2023-12-10 18:30:00,11.07,
2023-12-10 18:45:00,11.07,
2023-12-10 19:00:00,11.07,
2023-12-10 19:15:00,11.06,
2023-12-10 19:30:00,11.07,
2023-12-10 19:45:00,11.06,
2023-12-10 20:00:00,11.06,
2023-12-10 20:15:00,11.06,
2023-12-10 20:30:00,11.06,
2023-12-10 20:45:00,11.06,
2023-12-10 21:00:00,11.06,
2023-12-10 21:15:00,11.06,
2023-12-10 21:30:00,11.06,
2023-12-10 21:45:00,11.07,
2023-12-10 22:00:00,11.06,
2023-12-10 22:15:00,11.07,
2023-12-10 22:30:00,11.06,
2023-12-10 22:45:00,11.05,
2023-12-10 23:00:00,11.07,
2023-12-10 23:15:00,11.06,
2023-12-10 23:30:00,11.06,
2023-12-10 23:45:00,11.05,
2023-12-11 00:00:00,11.05,
2023-12-11 00:15:00,11.06,
2023-12-11 00:30:00,11.06,
2023-12-11 00:45:00,11.05,
2023-12-11 01:00:00,11.06,
2023-12-11 01:15:00,11.05,
2023-12-11 01:30:00,11.05,
2023-12-11 01:45:00,11.06,
2023-12-11 02:00:00,11.07,
2023-12-11 02:15:00,11.06,
2023-12-11 02:30:00,11.08,
2023-12-11 02:45:00,11.08,
2023-12-11 03:00:00,11.08,
2023-12-11 03:15:00,11.1,
2023-12-11 03:30:00,11.09,
2023-12-11 03:45:00,11.09,
2023-12-11 04:00:00,11.1,
2023-12-11 04:15:00,11.09,
2023-12-11 04:30:00,11.09,
2023-12-11 04:45:00,11.1,
2023-12-11 05:00:00,11.11,
2023-12-11 05:15:00,11.12,
2023-12-11 05:30:00,11.11,
2023-12-11 05:45:00,11.13,
2023-12-11 06:00:00,11.14,
2023-12-11 06:15:00,11.14,
2023-12-11 06:30:00,11.14,
2023-12-11 06:45:00,11.16,
2023-12-11 07:00:00,11.16,
2023-12-11 07:15:00,11.16,
2023-12-11 07:30:00,11.16,
2023-12-11 07:45:00,11.17,
2023-12-11 08:00:00,11.19,
2023-12-11 08:15:00,11.23,
2023-12-11 08:30:00,11.29,
2023-12-11 08:45:00,11.35,
2023-12-11 09:00:00,11.4,
2023-12-11 09:15:00,11.46,
2023-12-11 09:30:00,11.51,
2023-12-11 09:45:00,11.55,
2023-12-11 10:00:00,11.56,
2023-12-11 10:15:00,11.56,
2023-12-11 10:30:00,11.57,
2023-12-11 10:45:00,11.57,
2023-12-11 11:00:00,11.56,
2023-12-11 11:15:00,11.54,
2023-12-11 11:30:00,11.51,
2023-12-11 11:45:00,11.48,
2023-12-11 12:00:00,11.46,
2023-12-11 12:15:00,11.44,
2023-12-11 12:30:00,11.38,
2023-12-11 12:45:00,11.3,
2023-12-11 13:00:00,11.27,
2023-12-11 13:15:00,11.25,
2023-12-11 13:30:00,11.25,
2023-12-11 13:45:00,11.22,
2023-12-11 14:00:00,11.21,
2023-12-11 14:15:00,11.12,
2023-12-11 14:30:00,11.06,
2023-12-11 14:45:00,11.0,
2023-12-11 15:00:00,10.99,
2023-12-11 15:15:00,11.01,
2023-12-11 15:30:00,11.01,
2023-12-11 15:45:00,10.93,
2023-12-11 16:00:00,10.87,
2023-12-11 16:15:00,10.8,
2023-12-11 16:30:00,10.71,
2023-12-11 16:45:00,10.64,
2023-12-11 17:00:00,10.57,
2023-12-11 17:15:00,10.52,
2023-12-11 17:30:00,10.5,
2023-12-11 17:45:00,10.49,
2023-12-11 18:00:00,10.5,
2023-12-11 18:15:00,10.5,
2023-12-11 18:30:00,10.52,
2023-12-11 18:45:00,10.54,
2023-12-11 19:00:00,10.55,
2023-12-11 19:15:00,10.57,
2023-12-11 19:30:00,10.58,
2023-12-11 19:45:00,10.59,
2023-12-11 20:00:00,10.61,
2023-12-11 20:15:00,10.64,
2023-12-11 20:30:00,10.66,
2023-12-11 20:45:00,10.67,
2023-12-11 21:00:00,10.68,
2023-12-11 21:15:00,10.68,
2023-12-11 21:30:00,10.71,
2023-12-11 21:45:00,10.72,
2023-12-11 22:00:00,10.73,
2023-12-11 22:15:00,10.74,
2023-12-11 22:30:00,10.75,
2023-12-11 22:45:00,10.76,
2023-12-11 23:00:00,10.78,
2023-12-11 23:15:00,10.8,
2023-12-11 23:30:00,10.81,
2023-12-11 23:45:00,10.82,
2023-12-12 00:00:00,10.85,
2023-12-12 00:15:00,10.86,
2023-12-12 00:30:00,10.87,
2023-12-12 00:45:00,10.88,
2023-12-12 01:00:00,10.89,
2023-12-12 01:15:00,10.9,
2023-12-12 01:30:00,10.93,
2023-12-12 01:45:00,10.94,
2023-12-12 02:00:00,10.96,
2023-12-12 02:15:00,10.97,
2023-12-12 02:30:00,10.98,
2023-12-12 02:45:00,11.0,
2023-12-12 03:00:00,11.01,
2023-12-12 03:15:00,11.03,
2023-12-12 03:30:00,11.04,
2023-12-12 03:45:00,11.04,
2023-12-12 04:00:00,11.06,
2023-12-12 04:15:00,11.06,
2023-12-12 04:30:00,11.07,
2023-12-12 04:45:00,11.08,
2023-12-12 05:00:00,11.08,
2023-12-12 05:15:00,11.08,
2023-12-12 05:30:00,11.09,
2023-12-12 05:45:00,11.1,
2023-12-12 06:00:00,11.11,
2023-12-12 06:15:00,11.11,
2023-12-12 06:30:00,11.11,
2023-12-12 06:45:00,11.11,
2023-12-12 07:00:00,11.12,
2023-12-12 07:15:00,11.13,
2023-12-12 07:30:00,11.12,
2023-12-12 07:45:00,11.13,
2023-12-12 08:00:00,11.14,
2023-12-12 08:15:00,11.17,
2023-12-12 08:30:00,11.21,
2023-12-12 08:45:00,11.27,
2023-12-12 09:00:00,11.31,
2023-12-12 09:15:00,11.36,
2023-12-12 09:30:00,11.41,
2023-12-12 09:45:00,11.47,
2023-12-12 10:00:00,11.52,
2023-12-12 10:15:00,11.55,
2023-12-12 10:30:00,11.55,
2023-12-12 10:45:00,11.54,
2023-12-12 11:00:00,11.51,
2023-12-12 11:15:00,11.49,
2023-12-12 11:30:00,11.42,
2023-12-12 11:45:00,11.41,
2023-12-12 12:00:00,11.39,
2023-12-12 12:15:00,11.35,
2023-12-12 12:30:00,11.27,
2023-12-12 12:45:00,11.2,
2023-12-12 13:00:00,11.17,
2023-12-12 13:15:00,11.12,
2023-12-12 13:30:00,11.06,
2023-12-12 13:45:00,11.03,
2023-12-12 14:00:00,11.02,
2023-12-12 14:15:00,11.01,
2023-12-12 14:30:00,11.01,
2023-12-12 14:45:00,11.01,
2023-12-12 15:00:00,10.98,
2023-12-12 15:15:00,10.94,
2023-12-12 15:30:00,10.92,
2023-12-12 15:45:00,10.9,
2023-12-12 16:00:00,10.82,
2023-12-12 16:15:00,10.75,
2023-12-12 16:30:00,10.69,
2023-12-12 16:45:00,10.62,
2023-12-12 17:00:00,10.55,
2023-12-12 17:15:00,10.51,
2023-12-12 17:30:00,10.48,
2023-12-12 17:45:00,10.49,
2023-12-12 18:00:00,10.49,
2023-12-12 18:15:00,10.5,
2023-12-12 18:30:00,10.51,
2023-12-12 18:45:00,10.52,
2023-12-12 19:00:00,10.52,
2023-12-12 19:15:00,10.55,
2023-12-12 19:30:00,10.55,
2023-12-12 19:45:00,10.57,
2023-12-12 20:00:00,10.59,
2023-12-12 20:15:00,10.61,
2023-12-12 20:30:00,10.63,
2023-12-12 20:45:00,10.65,
2023-12-12 21:00:00,10.69,
2023-12-12 21:15:00,10.71,
2023-12-12 21:30:00,10.73,
2023-12-12 21:45:00,10.76,
2023-12-12 22:00:00,10.79,
2023-12-12 22:15:00,10.81,
2023-12-12 22:30:00,10.84,
2023-12-12 22:45:00,10.87,
2023-12-12 23:00:00,10.87,
2023-12-12 23:15:00,10.89,
2023-12-12 23:30:00,10.91,
2023-12-12 23:45:00,10.94,
2023-12-13 00:00:00,10.95,
2023-12-13 00:15:00,10.95,
2023-12-13 00:30:00,10.97,
2023-12-13 00:45:00,10.98,
2023-12-13 01:00:00,11.0,
2023-12-13 01:15:00,11.0,
2023-12-13 01:30:00,11.03,
2023-12-13 01:45:00,11.03,
2023-12-13 02:00:00,11.05,
2023-12-13 02:15:00,11.06,
2023-12-13 02:30:00,11.06,
2023-12-13 02:45:00,11.07,
2023-12-13 03:00:00,11.07,
2023-12-13 03:15:00,11.09,
2023-12-13 03:30:00,11.11,
2023-12-13 03:45:00,11.12,
2023-12-13 04:00:00,11.14,
2023-12-13 04:15:00,11.15,
2023-12-13 04:30:00,11.17,
2023-12-13 04:45:00,11.18,
2023-12-13 05:00:00,11.18,
2023-12-13 05:15:00,11.19,
2023-12-13 05:30:00,11.19,
2023-12-13 05:45:00,11.2,
2023-12-13 06:00:00,11.21,
2023-12-13 06:15:00,11.22,
2023-12-13 06:30:00,11.23,
2023-12-13 06:45:00,11.24,
2023-12-13 07:00:00,11.24,
2023-12-13 07:15:00,11.24,
2023-12-13 07:30:00,11.24,
2023-12-13 07:45:00,11.25,
2023-12-13 08:00:00,11.28,
2023-12-13 08:15:00,11.33,
2023-12-13 08:30:00,11.39,
2023-12-13 08:45:00,11.42,
2023-12-13 09:00:00,11.49,
2023-12-13 09:15:00,11.52,
2023-12-13 09:30:00,11.58,
2023-12-13 09:45:00,11.63,
2023-12-13 10:00:00,11.66,
2023-12-13 10:15:00,11.68,
2023-12-13 10:30:00,11.67,
2023-12-13 10:45:00,11.66,
2023-12-13 11:00:00,11.67,
2023-12-13 11:15:00,11.6,
2023-12-13 11:30:00,11.57,
2023-12-13 11:45:00,11.54,
2023-12-13 12:00:00,11.5,
2023-12-13 12:15:00,11.45,
2023-12-13 12:30:00,11.4,
2023-12-13 12:45:00,11.35,
2023-12-13 13:00:00,11.29,
2023-12-13 13:15:00,11.24,
2023-12-13 13:30:00,11.21,
2023-12-13 13:45:00,11.14,
2023-12-13 14:00:00,11.1,
2023-12-13 14:15:00,11.06,
2023-12-13 14:30:00,11.03,
2023-12-13 14:45:00,11.0,
2023-12-13 15:00:00,10.97,
2023-12-13 15:15:00,10.93,
2023-12-13 15:30:00,10.89,
2023-12-13 15:45:00,10.86,
2023-12-13 16:00:00,10.81,
2023-12-13 16:15:00,10.72,
2023-12-13 16:30:00,10.67,
2023-12-13 16:45:00,10.65,
2023-12-13 17:00:00,10.63,
2023-12-13 17:15:00,10.61,
2023-12-13 17:30:00,10.61,
2023-12-13 17:45:00,10.63,
2023-12-13 18:00:00,10.65,
2023-12-13 18:15:00,10.7,
2023-12-13 18:30:00,10.71,
2023-12-13 18:45:00,10.76,
2023-12-13 19:00:00,10.79,
2023-12-13 19:15:00,10.84,
2023-12-13 19:30:00,10.87,
2023-12-13 19:45:00,10.92,
2023-12-13 20:00:00,10.95,
2023-12-13 20:15:00,10.99,
2023-12-13 20:30:00,11.03,
2023-12-13 20:45:00,11.05,
2023-12-13 21:00:00,11.1,
2023-12-13 21:15:00,11.12,
2023-12-13 21:30:00,11.14,
2023-12-13 21:45:00,11.18,
2023-12-13 22:00:00,11.21,
2023-12-13 22:15:00,11.25,
2023-12-13 22:30:00,11.26,
2023-12-13 22:45:00,11.29,
2023-12-13 23:00:00,11.31,
2023-12-13 23:15:00,11.34,
2023-12-13 23:30:00,11.36,
2023-12-13 23:45:00,11.37,
2023-12-14 00:00:00,11.4,
2023-12-14 00:15:00,11.42,
2023-12-14 00:30:00,11.43,
2023-12-14 00:45:00,11.46,
2023-12-14 01:00:00,11.48,
2023-12-14 01:15:00,11.5,
2023-12-14 01:30:00,11.52,
2023-12-14 01:45:00,11.53,
2023-12-14 02:00:00,11.55,
2023-12-14 02:15:00,11.57,
2023-12-14 02:30:00,11.58,
2023-12-14 02:45:00,11.61,
2023-12-14 03:00:00,11.61,
2023-12-14 03:15:00,11.63,
2023-12-14 03:30:00,11.65,
2023-12-14 03:45:00,11.66,
2023-12-14 04:00:00,11.67,
2023-12-14 04:15:00,11.69,
2023-12-14 04:30:00,11.7,
2023-12-14 04:45:00,11.71,
2023-12-14 05:00:00,11.7,
2023-12-14 05:15:00,11.7,
2023-12-14 05:30:00,11.7,
2023-12-14 05:45:00,11.69,
2023-12-14 06:00:00,11.69,
2023-12-14 06:15:00,11.7,
2023-12-14 06:30:00,11.7,
2023-12-14 06:45:00,11.7,
2023-12-14 07:00:00,11.69,
2023-12-14 07:15:00,11.71,
2023-12-14 07:30:00,11.71,
2023-12-14 07:45:00,11.72,
2023-12-14 08:00:00,11.74,
2023-12-14 08:15:00,11.78,
2023-12-14 08:30:00,11.81,
2023-12-14 08:45:00,11.83,
2023-12-14 09:00:00,11.87,
2023-12-14 09:15:00,11.91,
2023-12-14 09:30:00,11.93,
2023-12-14 09:45:00,11.97,
2023-12-14 10:00:00,12.06,
2023-12-14 10:15:00,12.11,
2023-12-14 10:30:00,12.15,
2023-12-14 10:45:00,12.18,
2023-12-14 11:00:00,12.19,
2023-12-14 11:15:00,12.19,
2023-12-14 11:30:00,12.19,
2023-12-14 11:45:00,12.19,
2023-12-14 12:00:00,12.18,
2023-12-14 12:15:00,12.19,
2023-12-14 12:30:00,12.18,
2023-12-14 12:45:00,12.13,
2023-12-14 13:00:00,12.06,
2023-12-14 13:15:00,12.01,
2023-12-14 13:30:00,11.87,
2023-12-14 13:45:00,11.71,
2023-12-14 14:00:00,11.62,
2023-12-14 14:15:00,11.54,
2023-12-14 14:30:00,11.46,
2023-12-14 14:45:00,11.39,
2023-12-14 15:00:00,11.35,
2023-12-14 15:15:00,11.29,
2023-12-14 15:30:00,11.24,
2023-12-14 15:45:00,11.2,
2023-12-14 16:00:00,11.15,
2023-12-14 16:15:00,11.06,
2023-12-14 16:30:00,11.0,
2023-12-14 16:45:00,10.97,
2023-12-14 17:00:00,10.94,
2023-12-14 17:15:00,10.92,
2023-12-14 17:30:00,10.91,
2023-12-14 17:45:00,10.93,
2023-12-14 18:00:00,10.97,
2023-12-14 18:15:00,10.98,
2023-12-14 18:30:00,11.02,
2023-12-14 18:45:00,11.06,
2023-12-14 19:00:00,11.09,
2023-12-14 19:15:00,11.13,
2023-12-14 19:30:00,11.18,
2023-12-14 19:45:00,11.21,
2023-12-14 20:00:00,11.25,
2023-12-14 20:15:00,11.3,
2023-12-14 20:30:00,11.34,
2023-12-14 20:45:00,11.38,
2023-12-14 21:00:00,11.41,
2023-12-14 21:15:00,11.45,
2023-12-14 21:30:00,11.48,
2023-12-14 21:45:00,11.5,
2023-12-14 22:00:00,11.54,
2023-12-14 22:15:00,11.57,
2023-12-14 22:30:00,11.6,
2023-12-14 22:45:00,11.63,
2023-12-14 23:00:00,11.66,
2023-12-14 23:15:00,11.69,
2023-12-14 23:30:00,11.7,
2023-12-14 23:45:00,11.72,
2023-12-15 00:00:00,11.75,
2023-12-15 00:15:00,11.77,
2023-12-15 00:30:00,11.78,
2023-12-15 00:45:00,11.78,
2023-12-15 01:00:00,11.78,
2023-12-15 01:15:00,11.79,
2023-12-15 01:30:00,11.78,
2023-12-15 01:45:00,11.78,
2023-12-15 02:00:00,11.78,
2023-12-15 02:15:00,11.77,
2023-12-15 02:30:00,11.77,
2023-12-15 02:45:00,11.77,
2023-12-15 03:00:00,11.75,
2023-12-15 03:15:00,11.72,
2023-12-15 03:30:00,11.73,
2023-12-15 03:45:00,11.71,
2023-12-15 04:00:00,11.74,
2023-12-15 04:15:00,11.78,
2023-12-15 04:30:00,11.78,
2023-12-15 04:45:00,11.78,
2023-12-15 05:00:00,11.79,
2023-12-15 05:15:00,11.79,
2023-12-15 05:30:00,11.79,
2023-12-15 05:45:00,11.79,
2023-12-15 06:00:00,11.79,
2023-12-15 06:15:00,11.79,
2023-12-15 06:30:00,11.79,
2023-12-15 06:45:00,11.79,
2023-12-15 07:00:00,11.79,
2023-12-15 07:15:00,11.79,
2023-12-15 07:30:00,11.79,
2023-12-15 07:45:00,11.8,
2023-12-15 08:00:00,11.81,
2023-12-15 08:15:00,11.85,
2023-12-15 08:30:00,11.89,
2023-12-15 08:45:00,11.93,
2023-12-15 09:00:00,11.96,
2023-12-15 09:15:00,11.99,
2023-12-15 09:30:00,12.03,
2023-12-15 09:45:00,12.09,
2023-12-15 10:00:00,12.13,
2023-12-15 10:15:00,12.15,
2023-12-15 10:30:00,12.16,
2023-12-15 10:45:00,12.13,
2023-12-15 11:00:00,12.22,
2023-12-15 11:15:00,12.26,
2023-12-15 11:30:00,12.29,
2023-12-15 11:45:00,12.3,
2023-12-15 12:00:00,12.29,
2023-12-15 12:15:00,12.3,
2023-12-15 12:30:00,12.29,
2023-12-15 12:45:00,12.29,
2023-12-15 13:00:00,12.29,
2023-12-15 13:15:00,12.29,
2023-12-15 13:30:00,12.28,
2023-12-15 13:45:00,12.27,
2023-12-15 14:00:00,12.25,
2023-12-15 14:15:00,12.2,
2023-12-15 14:30:00,12.1,
2023-12-15 14:45:00,11.92,
2023-12-15 15:00:00,11.77,
2023-12-15 15:15:00,11.63,
2023-12-15 15:30:00,11.53,
2023-12-15 15:45:00,11.54,
2023-12-15 16:00:00,11.42,
2023-12-15 16:15:00,11.32,
2023-12-15 16:30:00,11.25,
2023-12-15 16:45:00,11.16,
2023-12-15 17:00:00,11.1,
2023-12-15 17:15:00,11.04,
2023-12-15 17:30:00,11.01,
2023-12-15 17:45:00,11.01,
2023-12-15 18:00:00,11.04,
2023-12-15 18:15:00,11.05,
2023-12-15 18:30:00,11.09,
2023-12-15 18:45:00,11.11,
2023-12-15 19:00:00,11.15,
2023-12-15 19:15:00,11.18,
2023-12-15 19:30:00,11.21,
2023-12-15 19:45:00,11.24,
2023-12-15 20:00:00,11.28,
2023-12-15 20:15:00,11.31,
2023-12-15 20:30:00,11.35,
2023-12-15 20:45:00,11.37,
2023-12-15 21:00:00,11.4,
2023-12-15 21:15:00,11.44,
2023-12-15 21:30:00,11.47,
2023-12-15 21:45:00,11.48,
2023-12-15 22:00:00,11.51,
2023-12-15 22:15:00,11.53,
2023-12-15 22:30:00,11.56,
2023-12-15 22:45:00,11.58,
2023-12-15 23:00:00,11.61,
2023-12-15 23:15:00,11.62,
2023-12-15 23:30:00,11.64,
2023-12-15 23:45:00,11.66,
2023-12-16 00:00:00,11.67,
2023-12-16 00:15:00,11.7,
2023-12-16 00:30:00,11.71,
2023-12-16 00:45:00,11.72,
2023-12-16 01:00:00,11.73,
2023-12-16 01:15:00,11.75,
2023-12-16 01:30:00,11.75,
2023-12-16 01:45:00,11.76,
2023-12-16 02:00:00,11.77,
2023-12-16 02:15:00,11.77,
2023-12-16 02:30:00,11.77,
2023-12-16 02:45:00,11.78,
2023-12-16 03:00:00,11.78,
2023-12-16 03:15:00,11.78,
2023-12-16 03:30:00,11.77,
2023-12-16 03:45:00,11.77,
2023-12-16 04:00:00,11.77,
2023-12-16 04:15:00,11.77,
2023-12-16 04:30:00,11.77,
2023-12-16 04:45:00,11.76,
2023-12-16 05:00:00,11.76,
2023-12-16 05:15:00,11.76,
2023-12-16 05:30:00,11.77,
2023-12-16 05:45:00,11.77,
2023-12-16 06:00:00,11.76,
2023-12-16 06:15:00,11.76,
2023-12-16 06:30:00,11.76,
2023-12-16 06:45:00,11.75,
2023-12-16 07:00:00,11.76,
2023-12-16 07:15:00,11.75,
2023-12-16 07:30:00,11.76,
2023-12-16 07:45:00,11.76,
2023-12-16 08:00:00,11.77,
2023-12-16 08:15:00,11.81,
2023-12-16 08:30:00,11.86,
2023-12-16 08:45:00,11.91,
2023-12-16 09:00:00,11.98,
2023-12-16 09:15:00,12.03,
2023-12-16 09:30:00,12.08,
2023-12-16 09:45:00,12.14,
2023-12-16 10:00:00,12.18,
2023-12-16 10:15:00,12.21,
2023-12-16 10:30:00,12.18,
2023-12-16 10:45:00,12.23,
2023-12-16 11:00:00,12.27,
2023-12-16 11:15:00,12.28,
2023-12-16 11:30:00,12.28,
2023-12-16 11:45:00,12.28,
2023-12-16 12:00:00,12.28,
2023-12-16 12:15:00,12.28,
2023-12-16 12:30:00,12.28,
2023-12-16 12:45:00,12.28,
2023-12-16 13:00:00,12.28,
2023-12-16 13:15:00,12.28,
2023-12-16 13:30:00,12.26,
2023-12-16 13:45:00,12.2,
2023-12-16 14:00:00,12.05,
2023-12-16 14:15:00,11.9,
2023-12-16 14:30:00,11.71,
2023-12-16 14:45:00,11.59,
2023-12-16 15:00:00,11.54,
2023-12-16 15:15:00,11.41,
2023-12-16 15:30:00,11.36,
2023-12-16 15:45:00,11.31,
2023-12-16 16:00:00,11.3,
2023-12-16 16:15:00,11.21,
2023-12-16 16:30:00,11.15,
2023-12-16 16:45:00,11.08,
2023-12-16 17:00:00,11.03,
2023-12-16 17:15:00,11.01,
2023-12-16 17:30:00,10.99,
2023-12-16 17:45:00,11.0,
2023-12-16 18:00:00,11.02,
2023-12-16 18:15:00,11.04,
2023-12-16 18:30:00,11.07,
2023-12-16 18:45:00,11.09,
2023-12-16 19:00:00,11.14,
2023-12-16 19:15:00,11.17,
2023-12-16 19:30:00,11.21,
2023-12-16 19:45:00,11.23,
2023-12-16 20:00:00,11.28,
2023-12-16 20:15:00,11.31,
2023-12-16 20:30:00,11.35,
2023-12-16 20:45:00,11.38,
2023-12-16 21:00:00,11.42,
2023-12-16 21:15:00,11.45,
2023-12-16 21:30:00,11.49,
2023-12-16 21:45:00,11.52,
2023-12-16 22:00:00,11.54,
2023-12-16 22:15:00,11.57,
2023-12-16 22:30:00,11.59,
2023-12-16 22:45:00,11.62,
2023-12-16 23:00:00,11.66,
2023-12-16 23:15:00,11.69,
2023-12-16 23:30:00,11.71,
2023-12-16 23:45:00,11.74,
2023-12-17 00:00:00,11.75,
2023-12-17 00:15:00,11.77,
2023-12-17 00:30:00,11.78,
2023-12-17 00:45:00,11.77,
2023-12-17 01:00:00,11.77,
2023-12-17 01:15:00,11.76,
2023-12-17 01:30:00,11.75,
2023-12-17 01:45:00,11.76,
2023-12-17 02:00:00,11.76,
2023-12-17 02:15:00,11.76,
2023-12-17 02:30:00,11.77,
2023-12-17 02:45:00,11.77,
2023-12-17 03:00:00,11.72,
2023-12-17 03:15:00,11.71,
2023-12-17 03:30:00,11.78,
2023-12-17 03:45:00,11.78,
2023-12-17 04:00:00,11.78,
2023-12-17 04:15:00,11.78,
2023-12-17 04:30:00,11.78,
2023-12-17 04:45:00,11.79,
2023-12-17 05:00:00,11.79,
2023-12-17 05:15:00,11.79,
2023-12-17 05:30:00,11.79,
2023-12-17 05:45:00,11.79,
2023-12-17 06:00:00,11.8,
2023-12-17 06:15:00,11.79,
2023-12-17 06:30:00,11.79,
2023-12-17 06:45:00,11.79,
2023-12-17 07:00:00,11.79,
2023-12-17 07:15:00,11.8,
2023-12-17 07:30:00,11.8,
2023-12-17 07:45:00,11.8,
2023-12-17 08:00:00,11.82,
2023-12-17 08:15:00,11.85,
2023-12-17 08:30:00,11.89,
2023-12-17 08:45:00,11.94,
2023-12-17 09:00:00,11.97,
2023-12-17 09:15:00,12.01,
2023-12-17 09:30:00,12.05,
2023-12-17 09:45:00,12.11,
2023-12-17 10:00:00,12.16,
2023-12-17 10:15:00,12.2,
2023-12-17 10:30:00,12.24,
2023-12-17 10:45:00,12.3,
2023-12-17 11:00:00,12.34,
2023-12-17 11:15:00,12.35,
2023-12-17 11:30:00,12.36,
2023-12-17 11:45:00,12.34,
2023-12-17 12:00:00,12.33,
2023-12-17 12:15:00,12.32,
2023-12-17 12:30:00,12.31,
2023-12-17 12:45:00,12.3,
2023-12-17 13:00:00,12.3,
2023-12-17 13:15:00,12.29,
2023-12-17 13:30:00,12.29,
2023-12-17 13:45:00,12.28,
2023-12-17 14:00:00,12.27,
2023-12-17 14:15:00,12.28,
2023-12-17 14:30:00,12.27,
2023-12-17 14:45:00,12.25,
2023-12-17 15:00:00,12.21,
2023-12-17 15:15:00,12.16,
2023-12-17 15:30:00,12.06,
2023-12-17 15:45:00,11.88,
2023-12-17 16:00:00,11.7,
2023-12-17 16:15:00,11.55,
2023-12-17 16:30:00,11.39,
2023-12-17 16:45:00,11.32,
2023-12-17 17:00:00,11.26,
2023-12-17 17:15:00,11.22,
2023-12-17 17:30:00,11.2,
2023-12-17 17:45:00,11.18,
2023-12-17 18:00:00,11.18,
2023-12-17 18:15:00,11.19,
2023-12-17 18:30:00,11.21,
2023-12-17 18:45:00,11.23,
2023-12-17 19:00:00,11.25,
2023-12-17 19:15:00,11.27,
2023-12-17 19:30:00,11.29,
2023-12-17 19:45:00,11.31,
2023-12-17 20:00:00,11.34,
2023-12-17 20:15:00,11.36,
2023-12-17 20:30:00,11.39,
2023-12-17 20:45:00,11.41,
2023-12-17 21:00:00,11.43,
2023-12-17 21:15:00,11.45,
2023-12-17 21:30:00,11.48,
2023-12-17 21:45:00,11.49,
2023-12-17 22:00:00,11.52,
2023-12-17 22:15:00,11.55,
2023-12-17 22:30:00,11.56,
2023-12-17 22:45:00,11.57,
2023-12-17 23:00:00,11.59,
2023-12-17 23:15:00,11.61,
2023-12-17 23:30:00,11.63,
2023-12-17 23:45:00,11.64,
2023-12-18 00:00:00,11.64,
2023-12-18 00:15:00,11.66,
2023-12-18 00:30:00,11.67,
2023-12-18 00:45:00,11.7,
2023-12-18 01:00:00,11.71,
2023-12-18 01:15:00,11.71,
2023-12-18 01:30:00,11.73,
2023-12-18 01:45:00,11.74,
2023-12-18 02:00:00,11.74,
2023-12-18 02:15:00,11.74,
2023-12-18 02:30:00,11.75,
2023-12-18 02:45:00,11.74,
2023-12-18 03:00:00,11.74,
2023-12-18 03:15:00,11.74,
2023-12-18 03:30:00,11.74,
2023-12-18 03:45:00,11.74,
2023-12-18 04:00:00,11.73,
2023-12-18 04:15:00,11.73,
2023-12-18 04:30:00,11.72,
2023-12-18 04:45:00,11.72,
2023-12-18 05:00:00,11.72,
2023-12-18 05:15:00,11.71,
2023-12-18 05:30:00,11.71,
2023-12-18 05:45:00,11.71,
2023-12-18 06:00:00,11.7,
2023-12-18 06:15:00,11.7,
2023-12-18 06:30:00,11.7,
2023-12-18 06:45:00,11.7,
2023-12-18 07:00:00,11.7,
2023-12-18 07:15:00,11.7,
2023-12-18 07:30:00,11.7,
2023-12-18 07:45:00,11.7,
2023-12-18 08:00:00,11.71,
2023-12-18 08:15:00,11.74,
2023-12-18 08:30:00,11.81,
2023-12-18 08:45:00,11.88,
2023-12-18 09:00:00,11.96,
2023-12-18 09:15:00,12.03,
2023-12-18 09:30:00,12.08,
2023-12-18 09:45:00,12.13,
2023-12-18 10:00:00,12.16,
2023-12-18 10:15:00,12.18,
2023-12-18 10:30:00,12.21,
2023-12-18 10:45:00,12.24,
2023-12-18 11:00:00,12.26,
2023-12-18 11:15:00,12.28,
2023-12-18 11:30:00,12.26,
2023-12-18 11:45:00,12.24,
2023-12-18 12:00:00,12.22,
2023-12-18 12:15:00,12.13,
2023-12-18 12:30:00,11.96,
2023-12-18 12:45:00,11.82,
2023-12-18 13:00:00,11.77,
2023-12-18 13:15:00,11.67,
2023-12-18 13:30:00,11.57,
2023-12-18 13:45:00,11.52,
2023-12-18 14:00:00,11.48,
2023-12-18 14:15:00,11.44,
2023-12-18 14:30:00,11.38,
2023-12-18 14:45:00,11.31,
2023-12-18 15:00:00,11.26,
2023-12-18 15:15:00,11.21,
2023-12-18 15:30:00,11.16,
2023-12-18 15:45:00,11.12,
2023-12-18 16:00:00,11.05,
2023-12-18 16:15:00,10.96,
2023-12-18 16:30:00,10.91,
2023-12-18 16:45:00,10.84,
2023-12-18 17:00:00,10.78,
2023-12-18 17:15:00,10.71,
2023-12-18 17:30:00,10.68,
2023-12-18 17:45:00,10.68,
2023-12-18 18:00:00,10.68,
2023-12-18 18:15:00,10.7,
2023-12-18 18:30:00,10.71,
2023-12-18 18:45:00,10.72,
2023-12-18 19:00:00,10.73,
2023-12-18 19:15:00,10.74,
2023-12-18 19:30:00,10.74,
2023-12-18 19:45:00,10.76,
2023-12-18 20:00:00,10.76,
2023-12-18 20:15:00,10.77,
2023-12-18 20:30:00,10.77,
2023-12-18 20:45:00,10.79,
2023-12-18 21:00:00,10.8,
2023-12-18 21:15:00,10.8,
2023-12-18 21:30:00,10.8,
2023-12-18 21:45:00,10.79,
2023-12-18 22:00:00,10.81,
2023-12-18 22:15:00,10.81,
2023-12-18 22:30:00,10.82,
2023-12-18 22:45:00,10.82,
2023-12-18 23:00:00,10.84,
2023-12-18 23:15:00,10.86,
2023-12-18 23:30:00,10.88,
2023-12-18 23:45:00,10.89,
2023-12-19 00:00:00,10.91,
2023-12-19 00:15:00,10.93,
2023-12-19 00:30:00,10.94,
2023-12-19 00:45:00,10.95,
2023-12-19 01:00:00,10.97,
2023-12-19 01:15:00,10.97,
2023-12-19 01:30:00,11.0,
2023-12-19 01:45:00,11.01,
2023-12-19 02:00:00,11.03,
2023-12-19 02:15:00,11.05,
2023-12-19 02:30:00,11.07,
2023-12-19 02:45:00,11.07,
2023-12-19 03:00:00,11.08,
2023-12-19 03:15:00,11.08,
2023-12-19 03:30:00,11.09,
2023-12-19 03:45:00,11.09,
2023-12-19 04:00:00,11.09,
2023-12-19 04:15:00,11.09,
2023-12-19 04:30:00,11.1,
2023-12-19 04:45:00,11.11,
2023-12-19 05:00:00,11.13,
2023-12-19 05:15:00,11.12,
2023-12-19 05:30:00,11.11,
2023-12-19 05:45:00,11.11,
2023-12-19 06:00:00,11.1,
2023-12-19 06:15:00,11.1,
2023-12-19 06:30:00,11.07,
2023-12-19 06:45:00,11.07,
2023-12-19 07:00:00,11.07,
2023-12-19 07:15:00,11.06,
2023-12-19 07:30:00,11.07,
2023-12-19 07:45:00,11.06,
2023-12-19 08:00:00,11.07,
2023-12-19 08:15:00,11.11,
2023-12-19 08:30:00,11.15,
2023-12-19 08:45:00,11.2,
2023-12-19 09:00:00,11.25,
2023-12-19 09:15:00,11.31,
2023-12-19 09:30:00,11.33,
2023-12-19 09:45:00,11.35,
2023-12-19 10:00:00,11.4,
2023-12-19 10:15:00,11.42,
2023-12-19 10:30:00,11.46,
2023-12-19 10:45:00,11.47,
2023-12-19 11:00:00,11.46,
2023-12-19 11:15:00,11.44,
2023-12-19 11:30:00,11.4,
2023-12-19 11:45:00,11.39,
2023-12-19 12:00:00,11.38,
2023-12-19 12:15:00,11.35,
2023-12-19 12:30:00,11.33,
2023-12-19 12:45:00,11.3,
2023-12-19 13:00:00,11.24,
2023-12-19 13:15:00,11.17,
2023-12-19 13:30:00,11.13,
2023-12-19 13:45:00,11.09,
2023-12-19 14:00:00,11.11,
2023-12-19 14:15:00,11.11,
2023-12-19 14:30:00,11.09,
2023-12-19 14:45:00,11.03,
2023-12-19 15:00:00,10.96,
2023-12-19 15:15:00,10.85,
2023-12-19 15:30:00,10.79,
2023-12-19 15:45:00,10.79,
2023-12-19 16:00:00,10.8,
2023-12-19 16:15:00,10.71,
2023-12-19 16:30:00,10.62,
2023-12-19 16:45:00,10.55,
2023-12-19 17:00:00,10.49,
2023-12-19 17:15:00,10.44,
2023-12-19 17:30:00,10.42,
2023-12-19 17:45:00,10.43,
2023-12-19 18:00:00,10.43,
2023-12-19 18:15:00,10.44,
2023-12-19 18:30:00,10.44,
2023-12-19 18:45:00,10.45,
2023-12-19 19:00:00,10.46,
2023-12-19 19:15:00,10.48,
2023-12-19 19:30:00,10.48,
2023-12-19 19:45:00,10.49,
2023-12-19 20:00:00,10.53,
2023-12-19 20:15:00,10.55,
2023-12-19 20:30:00,10.57,
2023-12-19 20:45:00,10.58,
2023-12-19 21:00:00,10.61,
2023-12-19 21:15:00,10.62,
2023-12-19 21:30:00,10.65,
2023-12-19 21:45:00,10.67,
2023-12-19 22:00:00,10.68,
2023-12-19 22:15:00,10.7,
2023-12-19 22:30:00,10.73,
2023-12-19 22:45:00,10.75,
2023-12-19 23:00:00,10.76,
2023-12-19 23:15:00,10.77,
2023-12-19 23:30:00,10.78,
2023-12-19 23:45:00,10.8,
2023-12-20 00:00:00,10.82,
2023-12-20 00:15:00,10.84,
2023-12-20 00:30:00,10.86,
2023-12-20 00:45:00,10.88,
2023-12-20 01:00:00,10.88,
2023-12-20 01:15:00,10.88,
2023-12-20 01:30:00,10.89,
2023-12-20 01:45:00,10.89,
2023-12-20 02:00:00,10.89,
2023-12-20 02:15:00,10.87,
2023-12-20 02:30:00,10.88,
2023-12-20 02:45:00,10.89,
2023-12-20 03:00:00,10.88,
2023-12-20 03:15:00,10.9,
2023-12-20 03:30:00,10.9,
2023-12-20 03:45:00,10.9,
2023-12-20 04:00:00,10.9,
2023-12-20 04:15:00,10.9,
2023-12-20 04:30:00,10.9,
2023-12-20 04:45:00,10.91,
2023-12-20 05:00:00,10.91,
2023-12-20 05:15:00,10.9,
2023-12-20 05:30:00,10.9,
2023-12-20 05:45:00,10.9,
2023-12-20 06:00:00,10.91,
2023-12-20 06:15:00,10.91,
2023-12-20 06:30:00,10.9,
2023-12-20 06:45:00,10.9,
2023-12-20 07:00:00,10.89,
2023-12-20 07:15:00,10.89,
2023-12-20 07:30:00,10.89,
2023-12-20 07:45:00,10.88,
2023-12-20 08:00:00,10.89,
2023-12-20 08:15:00,10.91,
2023-12-20 08:30:00,10.96,
2023-12-20 08:45:00,11.02,
2023-12-20 09:00:00,11.08,
2023-12-20 09:15:00,11.15,
2023-12-20 09:30:00,11.19,
2023-12-20 09:45:00,11.23,
2023-12-20 10:00:00,11.26,
2023-12-20 10:15:00,11.3,
2023-12-20 10:30:00,11.35,
2023-12-20 10:45:00,11.37,
2023-12-20 11:00:00,11.37,
2023-12-20 11:15:00,11.35,
2023-12-20 11:30:00,11.34,
2023-12-20 11:45:00,11.32,
2023-12-20 12:00:00,11.26,
2023-12-20 12:15:00,11.18,
2023-12-20 12:30:00,11.16,
2023-12-20 12:45:00,11.15,
2023-12-20 13:00:00,11.08,
2023-12-20 13:15:00,11.12,
2023-12-20 13:30:00,11.1,
2023-12-20 13:45:00,10.99,
2023-12-20 14:00:00,10.9,
2023-12-20 14:15:00,10.86,
2023-12-20 14:30:00,10.86,
2023-12-20 14:45:00,10.82,
2023-12-20 15:00:00,10.79,
2023-12-20 15:15:00,10.74,
2023-12-20 15:30:00,10.69,
2023-12-20 15:45:00,10.63,
2023-12-20 16:00:00,10.52,
2023-12-20 16:15:00,10.45,
2023-12-20 16:30:00,10.39,
2023-12-20 16:45:00,10.34,
2023-12-20 17:00:00,10.31,
2023-12-20 17:15:00,10.27,
2023-12-20 17:30:00,10.24,
2023-12-20 17:45:00,10.23,
2023-12-20 18:00:00,10.23,
2023-12-20 18:15:00,10.24,
2023-12-20 18:30:00,10.25,
2023-12-20 18:45:00,10.25,
2023-12-20 19:00:00,10.26,
2023-12-20 19:15:00,10.28,
2023-12-20 19:30:00,10.3,
2023-12-20 19:45:00,10.3,
2023-12-20 20:00:00,10.32,
2023-12-20 20:15:00,10.33,
2023-12-20 20:30:00,10.34,
2023-12-20 20:45:00,10.35,
2023-12-20 21:00:00,10.36,
2023-12-20 21:15:00,10.38,
2023-12-20 21:30:00,10.38,
2023-12-20 21:45:00,10.39,
2023-12-20 22:00:00,10.41,
2023-12-20 22:15:00,10.42,
2023-12-20 22:30:00,10.43,
2023-12-20 22:45:00,10.44,
2023-12-20 23:00:00,10.46,
2023-12-20 23:15:00,10.47,
2023-12-20 23:30:00,10.49,
2023-12-20 23:45:00,10.51,
2023-12-21 00:00:00,10.53,
2023-12-21 00:15:00,10.54,
2023-12-21 00:30:00,10.55,
2023-12-21 00:45:00,10.56,
2023-12-21 01:00:00,10.58,
2023-12-21 01:15:00,10.58,
2023-12-21 01:30:00,10.6,
2023-12-21 01:45:00,10.62,
2023-12-21 02:00:00,10.63,
2023-12-21 02:15:00,10.64,
2023-12-21 02:30:00,10.65,
2023-12-21 02:45:00,10.66,
2023-12-21 03:00:00,10.65,
2023-12-21 03:15:00,10.66,
2023-12-21 03:30:00,10.67,
2023-12-21 03:45:00,10.66,
2023-12-21 04:00:00,10.67,
2023-12-21 04:15:00,10.68,
2023-12-21 04:30:00,10.68,
2023-12-21 04:45:00,10.68,
2023-12-21 05:00:00,10.68,
2023-12-21 05:15:00,10.68,
2023-12-21 05:30:00,10.67,
2023-12-21 05:45:00,10.68,
2023-12-21 06:00:00,10.69,
2023-12-21 06:15:00,10.7,
2023-12-21 06:30:00,10.71,
2023-12-21 06:45:00,10.71,
2023-12-21 07:00:00,10.73,
2023-12-21 07:15:00,10.73,
2023-12-21 07:30:00,10.73,
2023-12-21 07:45:00,10.72,
2023-12-21 08:00:00,10.74,
2023-12-21 08:15:00,10.78,
2023-12-21 08:30:00,10.85,
2023-12-21 08:45:00,10.95,
2023-12-21 09:00:00,11.07,
2023-12-21 09:15:00,11.16,
2023-12-21 09:30:00,11.19,
2023-12-21 09:45:00,11.24,
2023-12-21 10:00:00,11.26,
2023-12-21 10:15:00,11.28,
2023-12-21 10:30:00,11.29,
2023-12-21 10:45:00,11.3,
2023-12-21 11:00:00,11.3,
2023-12-21 11:15:00,11.28,
2023-12-21 11:30:00,11.19,
2023-12-21 11:45:00,11.14,
2023-12-21 12:00:00,11.08,
2023-12-21 12:15:00,11.08,
2023-12-21 12:30:00,11.03,
2023-12-21 12:45:00,10.96,
2023-12-21 13:00:00,10.89,
2023-12-21 13:15:00,10.85,
2023-12-21 13:30:00,10.83,
2023-12-21 13:45:00,10.79,
2023-12-21 14:00:00,10.77,
2023-12-21 14:15:00,10.72,
2023-12-21 14:30:00,10.65,
2023-12-21 14:45:00,10.61,
2023-12-21 15:00:00,10.59,
2023-12-21 15:15:00,10.56,
2023-12-21 15:30:00,10.55,
2023-12-21 15:45:00,10.53,
2023-12-21 16:00:00,10.45,
2023-12-21 16:15:00,10.33,
2023-12-21 16:30:00,10.22,
2023-12-21 16:45:00,10.16,
2023-12-21 17:00:00,10.1,
2023-12-21 17:15:00,10.06,
2023-12-21 17:30:00,10.05,
2023-12-21 17:45:00,10.06,
2023-12-21 18:00:00,10.09,
2023-12-21 18:15:00,10.14,
2023-12-21 18:30:00,10.16,
2023-12-21 18:45:00,10.22,
2023-12-21 19:00:00,10.25,
2023-12-21 19:15:00,10.28,
2023-12-21 19:30:00,10.32,
2023-12-21 19:45:00,10.36,
2023-12-21 20:00:00,10.38,
2023-12-21 20:15:00,10.43,
2023-12-21 20:30:00,10.45,
2023-12-21 20:45:00,10.49,
2023-12-21 21:00:00,10.52,
2023-12-21 21:15:00,10.54,
2023-12-21 21:30:00,10.58,
2023-12-21 21:45:00,10.6,
2023-12-21 22:00:00,10.63,
2023-12-21 22:15:00,10.67,
2023-12-21 22:30:00,10.68,
2023-12-21 22:45:00,10.71,
2023-12-21 23:00:00,10.75,
2023-12-21 23:15:00,10.76,
2023-12-21 23:30:00,10.8,
2023-12-21 23:45:00,10.82,
2023-12-22 00:00:00,10.84,
2023-12-22 00:15:00,10.87,
2023-12-22 00:30:00,10.88,
2023-12-22 00:45:00,10.89,
2023-12-22 01:00:00,10.91,
2023-12-22 01:15:00,10.93,
2023-12-22 01:30:00,10.96,
2023-12-22 01:45:00,10.98,
2023-12-22 02:00:00,11.0,
2023-12-22 02:15:00,11.02,
2023-12-22 02:30:00,11.04,
2023-12-22 02:45:00,11.05,
2023-12-22 03:00:00,11.06,
2023-12-22 03:15:00,11.08,
2023-12-22 03:30:00,11.1,
2023-12-22 03:45:00,11.11,
2023-12-22 04:00:00,11.13,
2023-12-22 04:15:00,11.15,
2023-12-22 04:30:00,11.16,
2023-12-22 04:45:00,11.17,
2023-12-22 05:00:00,11.19,
2023-12-22 05:15:00,11.2,
2023-12-22 05:30:00,11.21,
2023-12-22 05:45:00,11.22,
2023-12-22 06:00:00,11.25,
2023-12-22 06:15:00,11.26,
2023-12-22 06:30:00,11.28,
2023-12-22 06:45:00,11.29,
2023-12-22 07:00:00,11.29,
2023-12-22 07:15:00,11.31,
2023-12-22 07:30:00,11.31,
2023-12-22 07:45:00,11.33,
2023-12-22 08:00:00,11.36,
2023-12-22 08:15:00,11.39,
2023-12-22 08:30:00,11.48,
2023-12-22 08:45:00,11.57,
2023-12-22 09:00:00,11.62,
2023-12-22 09:15:00,11.65,
2023-12-22 09:30:00,11.68,
2023-12-22 09:45:00,11.74,
2023-12-22 10:00:00,11.8,
2023-12-22 10:15:00,11.84,
2023-12-22 10:30:00,11.87,
2023-12-22 10:45:00,11.84,
2023-12-22 11:00:00,11.82,
2023-12-22 11:15:00,11.79,
2023-12-22 11:30:00,11.72,
2023-12-22 11:45:00,11.75,
2023-12-22 12:00:00,11.72,
2023-12-22 12:15:00,11.69,
2023-12-22 12:30:00,11.67,
2023-12-22 12:45:00,11.62,
2023-12-22 13:00:00,11.56,
2023-12-22 13:15:00,11.53,
2023-12-22 13:30:00,11.46,
2023-12-22 13:45:00,11.39,
2023-12-22 14:00:00,11.3,
2023-12-22 14:15:00,11.28,
2023-12-22 14:30:00,11.25,
2023-12-22 14:45:00,11.19,
2023-12-22 15:00:00,11.13,
2023-12-22 15:15:00,11.07,
2023-12-22 15:30:00,10.97,
2023-12-22 15:45:00,10.9,
2023-12-22 16:00:00,10.84,
2023-12-22 16:15:00,10.77,
2023-12-22 16:30:00,10.69,
2023-12-22 16:45:00,10.59,
2023-12-22 17:00:00,10.51,
2023-12-22 17:15:00,10.46,
2023-12-22 17:30:00,10.42,
2023-12-22 17:45:00,10.42,
2023-12-22 18:00:00,10.44,
2023-12-22 18:15:00,10.45,
2023-12-22 18:30:00,10.48,
2023-12-22 18:45:00,10.49,
2023-12-22 19:00:00,10.51,
2023-12-22 19:15:00,10.55,
2023-12-22 19:30:00,10.57,
2023-12-22 19:45:00,10.6,
2023-12-22 20:00:00,10.63,
2023-12-22 20:15:00,10.64,
2023-12-22 20:30:00,10.68,
2023-12-22 20:45:00,10.69,
2023-12-22 21:00:00,10.73,
2023-12-22 21:15:00,10.73,
2023-12-22 21:30:00,10.77,
2023-12-22 21:45:00,10.77,
2023-12-22 22:00:00,10.79,
2023-12-22 22:15:00,10.8,
2023-12-22 22:30:00,10.82,
2023-12-22 22:45:00,10.84,
2023-12-22 23:00:00,10.84,
2023-12-22 23:15:00,10.88,
2023-12-22 23:30:00,10.87,
2023-12-22 23:45:00,10.9,
2023-12-23 00:00:00,10.91,
2023-12-23 00:15:00,10.91,
2023-12-23 00:30:00,10.93,
2023-12-23 00:45:00,10.94,
2023-12-23 01:00:00,10.97,
2023-12-23 01:15:00,10.97,
2023-12-23 01:30:00,10.97,
2023-12-23 01:45:00,10.98,
2023-12-23 02:00:00,10.99,
2023-12-23 02:15:00,10.99,
2023-12-23 02:30:00,11.0,
2023-12-23 02:45:00,11.02,
2023-12-23 03:00:00,11.02,
2023-12-23 03:15:00,11.03,
2023-12-23 03:30:00,11.04,
2023-12-23 03:45:00,11.02,
2023-12-23 04:00:00,11.03,
2023-12-23 04:15:00,11.0,
2023-12-23 04:30:00,11.01,
2023-12-23 04:45:00,11.0,
2023-12-23 05:00:00,10.99,
2023-12-23 05:15:00,11.0,
2023-12-23 05:30:00,11.0,
2023-12-23 05:45:00,11.01,
2023-12-23 06:00:00,11.03,
2023-12-23 06:15:00,11.02,
2023-12-23 06:30:00,11.02,
2023-12-23 06:45:00,11.01,
2023-12-23 07:00:00,11.01,
2023-12-23 07:15:00,11.01,
2023-12-23 07:30:00,11.01,
2023-12-23 07:45:00,10.99,
2023-12-23 08:00:00,11.01,
2023-12-23 08:15:00,11.04,
2023-12-23 08:30:00,11.07,
2023-12-23 08:45:00,11.13,
2023-12-23 09:00:00,11.24,
2023-12-23 09:15:00,11.34,
2023-12-23 09:30:00,11.4,
2023-12-23 09:45:00,11.39,
2023-12-23 10:00:00,11.42,
2023-12-23 10:15:00,11.5,
2023-12-23 10:30:00,11.57,
2023-12-23 10:45:00,11.59,
2023-12-23 11:00:00,11.57,
2023-12-23 11:15:00,11.55,
2023-12-23 11:30:00,11.58,
2023-12-23 11:45:00,11.58,
2023-12-23 12:00:00,11.51,
2023-12-23 12:15:00,11.44,
2023-12-23 12:30:00,11.41,
2023-12-23 12:45:00,11.41,
2023-12-23 13:00:00,11.38,
2023-12-23 13:15:00,11.38,
2023-12-23 13:30:00,11.33,
2023-12-23 13:45:00,11.29,
2023-12-23 14:00:00,11.33,
2023-12-23 14:15:00,11.41,
2023-12-23 14:30:00,11.45,
2023-12-23 14:45:00,11.41,
2023-12-23 15:00:00,11.3,
2023-12-23 15:15:00,11.28,
2023-12-23 15:30:00,11.2,
2023-12-23 15:45:00,11.1,
2023-12-23 16:00:00,11.0,
2023-12-23 16:15:00,10.91,
2023-12-23 16:30:00,10.82,
2023-12-23 16:45:00,10.75,
2023-12-23 17:00:00,10.71,
2023-12-23 17:15:00,10.68,
2023-12-23 17:30:00,10.68,
2023-12-23 17:45:00,10.69,
2023-12-23 18:00:00,10.71,
2023-12-23 18:15:00,10.75,
2023-12-23 18:30:00,10.77,
2023-12-23 18:45:00,10.79,
2023-12-23 19:00:00,10.82,
2023-12-23 19:15:00,10.84,
2023-12-23 19:30:00,10.85,
2023-12-23 19:45:00,10.9,
2023-12-23 20:00:00,10.93,
2023-12-23 20:15:00,10.95,
2023-12-23 20:30:00,10.97,
2023-12-23 20:45:00,11.0,
2023-12-23 21:00:00,11.02,
2023-12-23 21:15:00,11.05,
2023-12-23 21:30:00,11.07,
2023-12-23 21:45:00,11.07,
2023-12-23 22:00:00,11.08,
2023-12-23 22:15:00,11.1,
2023-12-23 22:30:00,11.13,
2023-12-23 22:45:00,11.16,
2023-12-23 23:00:00,11.17,
2023-12-23 23:15:00,11.2,
2023-12-23 23:30:00,11.22,
2023-12-23 23:45:00,11.24,
2023-12-24 00:00:00,11.25,
2023-12-24 00:15:00,11.27,
2023-12-24 00:30:00,11.29,
2023-12-24 00:45:00,11.31,
2023-12-24 01:00:00,11.35,
2023-12-24 01:15:00,11.37,
2023-12-24 01:30:00,11.4,
2023-12-24 01:45:00,11.44,
2023-12-24 02:00:00,11.47,
2023-12-24 02:15:00,11.49,
2023-12-24 02:30:00,11.53,
2023-12-24 02:45:00,11.55,
2023-12-24 03:00:00,11.58,
2023-12-24 03:15:00,11.61,
2023-12-24 03:30:00,11.63,
2023-12-24 03:45:00,11.66,
2023-12-24 04:00:00,11.69,
2023-12-24 04:15:00,11.7,
2023-12-24 04:30:00,11.68,
2023-12-24 04:45:00,11.67,
2023-12-24 05:00:00,11.67,
2023-12-24 05:15:00,11.65,
2023-12-24 05:30:00,11.59,
2023-12-24 05:45:00,11.58,
2023-12-24 06:00:00,11.73,
2023-12-24 06:15:00,11.73,
2023-12-24 06:30:00,11.73,
2023-12-24 06:45:00,11.73,
2023-12-24 07:00:00,11.75,
2023-12-24 07:15:00,11.75,
2023-12-24 07:30:00,11.76,
2023-12-24 07:45:00,11.76,
2023-12-24 08:00:00,11.77,
2023-12-24 08:15:00,11.83,
2023-12-24 08:30:00,11.88,
2023-12-24 08:45:00,11.93,
2023-12-24 09:00:00,11.99,
2023-12-24 09:15:00,12.03,
2023-12-24 09:30:00,12.08,
2023-12-24 09:45:00,12.15,
2023-12-24 10:00:00,12.22,
2023-12-24 10:15:00,12.26,
2023-12-24 10:30:00,12.3,
2023-12-24 10:45:00,12.34,
2023-12-24 11:00:00,12.38,
2023-12-24 11:15:00,12.39,
2023-12-24 11:30:00,12.4,
2023-12-24 11:45:00,12.38,
2023-12-24 12:00:00,12.37,
2023-12-24 12:15:00,12.37,
2023-12-24 12:30:00,12.36,
2023-12-24 12:45:00,12.34,
2023-12-24 13:00:00,12.33,
2023-12-24 13:15:00,12.32,
2023-12-24 13:30:00,12.31,
2023-12-24 13:45:00,12.31,
2023-12-24 14:00:00,12.3,
2023-12-24 14:15:00,12.29,
2023-12-24 14:30:00,12.27,
2023-12-24 14:45:00,12.25,
2023-12-24 15:00:00,12.23,
2023-12-24 15:15:00,12.22,
2023-12-24 15:30:00,12.2,
2023-12-24 15:45:00,12.12,
2023-12-24 16:00:00,12.09,
2023-12-24 16:15:00,12.05,
2023-12-24 16:30:00,11.99,
2023-12-24 16:45:00,11.92,
2023-12-24 17:00:00,11.84,
2023-12-24 17:15:00,11.75,
2023-12-24 17:30:00,11.67,
2023-12-24 17:45:00,11.63,
2023-12-24 18:00:00,11.62,
2023-12-24 18:15:00,11.62,
2023-12-24 18:30:00,11.62,
2023-12-24 18:45:00,11.58,
2023-12-24 19:00:00,11.63,
2023-12-24 19:15:00,11.73,
2023-12-24 19:30:00,11.77,
2023-12-24 19:45:00,11.79,
2023-12-24 20:00:00,11.8,
2023-12-24 20:15:00,11.8,
2023-12-24 20:30:00,11.8,
2023-12-24 20:45:00,11.79,
2023-12-24 21:00:00,11.78,
2023-12-24 21:15:00,11.79,
2023-12-24 21:30:00,11.79,
2023-12-24 21:45:00,11.75,
2023-12-24 22:00:00,11.72,
2023-12-24 22:15:00,,ICE
2023-12-24 22:30:00,,ICE
2023-12-24 22:45:00,,ICE
2023-12-24 23:00:00,,ICE
2023-12-24 23:15:00,,ICE
2023-12-24 23:30:00,,ICE
2023-12-24 23:45:00,,ICE
2023-12-25 00:00:00,,ICE
2023-12-25 00:15:00,,ICE
2023-12-25 00:30:00,,ICE
2023-12-25 00:45:00,,ICE
2023-12-25 01:00:00,,ICE
2023-12-25 01:15:00,,ICE
2023-12-25 01:30:00,,ICE
2023-12-25 01:45:00,,ICE
2023-12-25 02:00:00,,ICE
2023-12-25 02:15:00,,ICE
2023-12-25 02:30:00,,ICE
2023-12-25 02:45:00,,ICE
2023-12-25 03:00:00,,ICE
2023-12-25 03:15:00,,ICE
2023-12-25 03:30:00,,ICE
2023-12-25 03:45:00,,ICE
2023-12-25 04:00:00,,ICE
2023-12-25 04:15:00,,ICE
2023-12-25 04:30:00,,ICE
2023-12-25 04:45:00,,ICE
2023-12-25 05:00:00,,ICE
2023-12-25 05:15:00,,ICE
2023-12-25 05:30:00,,ICE
2023-12-25 05:45:00,,ICE
2023-12-25 06:00:00,,ICE
2023-12-25 06:15:00,,ICE
2023-12-25 06:30:00,,ICE
2023-12-25 06:45:00,,ICE
2023-12-25 07:00:00,,ICE
2023-12-25 07:15:00,,ICE
2023-12-25 07:30:00,,ICE
2023-12-25 07:45:00,,ICE
2023-12-25 08:00:00,,ICE
2023-12-25 08:15:00,,ICE
2023-12-25 08:30:00,,ICE
2023-12-25 08:45:00,,ICE
2023-12-25 09:00:00,,ICE
2023-12-25 09:15:00,,ICE
2023-12-25 09:30:00,,ICE
2023-12-25 09:45:00,,ICE
2023-12-25 10:00:00,,ICE
2023-12-25 10:15:00,,ICE
2023-12-25 10:30:00,,ICE
2023-12-25 10:45:00,,ICE
2023-12-25 11:00:00,,ICE
2023-12-25 11:15:00,,ICE
2023-12-25 11:30:00,,ICE
2023-12-25 11:45:00,,ICE
2023-12-25 12:00:00,,ICE
2023-12-25 12:15:00,,ICE
2023-12-25 12:30:00,,ICE
2023-12-25 12:45:00,,ICE
2023-12-25 13:00:00,,ICE
2023-12-25 13:15:00,,ICE
2023-12-25 13:30:00,,ICE
2023-12-25 13:45:00,,ICE
2023-12-25 14:00:00,,ICE
2023-12-25 14:15:00,,ICE
2023-12-25 14:30:00,,ICE
2023-12-25 14:45:00,,ICE
2023-12-25 15:00:00,,ICE
2023-12-25 15:15:00,,ICE
2023-12-25 15:30:00,,ICE
2023-12-25 15:45:00,,ICE
2023-12-25 16:00:00,,ICE
2023-12-25 16:15:00,,ICE
2023-12-25 16:30:00,,ICE
2023-12-25 16:45:00,,ICE
2023-12-25 17:00:00,,ICE
2023-12-25 17:15:00,,ICE
2023-12-25 17:30:00,,ICE
2023-12-25 17:45:00,,ICE
2023-12-25 18:00:00,,ICE
2023-12-25 18:15:00,,ICE
2023-12-25 18:30:00,,ICE
2023-12-25 18:45:00,,ICE
2023-12-25 19:00:00,,ICE
2023-12-25 19:15:00,,ICE
2023-12-25 19:30:00,,ICE
2023-12-25 19:45:00,,ICE
2023-12-25 20:00:00,,ICE
2023-12-25 20:15:00,,ICE
2023-12-25 20:30:00,,ICE
2023-12-25 20:45:00,,ICE
2023-12-25 21:00:00,,ICE
2023-12-25 21:15:00,,ICE
2023-12-25 21:30:00,,ICE
2023-12-25 21:45:00,,ICE
2023-12-25 22:00:00,,ICE
2023-12-25 22:15:00,,ICE
2023-12-25 22:30:00,,ICE
2023-12-25 22:45:00,,ICE
2023-12-25 23:00:00,,ICE
2023-12-25 23:15:00,,ICE
2023-12-25 23:30:00,,ICE
2023-12-25 23:45:00,,ICE
2023-12-26 00:00:00,,ICE
2023-12-26 00:15:00,,ICE
2023-12-26 00:30:00,,ICE
2023-12-26 00:45:00,,ICE
2023-12-26 01:00:00,,ICE
2023-12-26 01:15:00,,ICE
2023-12-26 01:30:00,,ICE
2023-12-26 01:45:00,,ICE
2023-12-26 02:00:00,,ICE
2023-12-26 02:15:00,,ICE
2023-12-26 02:30:00,,ICE
2023-12-26 02:45:00,,ICE
2023-12-26 03:00:00,,ICE
2023-12-26 03:15:00,,ICE
2023-12-26 03:30:00,,ICE
2023-12-26 03:45:00,,ICE
2023-12-26 04:00:00,,ICE
2023-12-26 04:15:00,,ICE
2023-12-26 04:30:00,,ICE
2023-12-26 04:45:00,,ICE
2023-12-26 05:00:00,,ICE
2023-12-26 05:15:00,,ICE
2023-12-26 05:30:00,,ICE
2023-12-26 05:45:00,,ICE
2023-12-26 06:00:00,,ICE
2023-12-26 06:15:00,,ICE
2023-12-26 06:30:00,,ICE
2023-12-26 06:45:00,,ICE
2023-12-26 07:00:00,,ICE
2023-12-26 07:15:00,,ICE
2023-12-26 07:30:00,,ICE
2023-12-26 07:45:00,,ICE
2023-12-26 08:00:00,,ICE
2023-12-26 08:15:00,,ICE
2023-12-26 08:30:00,,ICE
2023-12-26 08:45:00,,ICE
2023-12-26 09:00:00,,ICE
2023-12-26 09:15:00,,ICE
2023-12-26 09:30:00,,ICE
2023-12-26 09:45:00,,ICE
2023-12-26 10:00:00,,ICE
2023-12-26 10:15:00,,ICE
2023-12-26 10:30:00,,ICE
2023-12-26 10:45:00,,ICE
2023-12-26 11:00:00,,ICE
2023-12-26 11:15:00,,ICE
2023-12-26 11:30:00,,ICE
2023-12-26 11:45:00,,ICE
2023-12-26 12:00:00,,ICE
2023-12-26 12:15:00,,ICE
2023-12-26 12:30:00,,ICE
2023-12-26 12:45:00,,ICE
2023-12-26 13:00:00,,ICE
2023-12-26 13:15:00,,ICE
2023-12-26 13:30:00,,ICE
2023-12-26 13:45:00,,ICE
2023-12-26 14:00:00,,ICE
2023-12-26 14:15:00,,ICE
2023-12-26 14:30:00,,ICE
2023-12-26 14:45:00,,ICE
2023-12-26 15:00:00,,ICE
2023-12-26 15:15:00,,ICE
2023-12-26 15:30:00,,ICE
2023-12-26 15:45:00,,ICE
2023-12-26 16:00:00,,ICE
2023-12-26 16:15:00,,ICE
2023-12-26 16:30:00,,ICE
2023-12-26 16:45:00,,ICE
2023-12-26 17:00:00,,ICE
2023-12-26 17:15:00,,ICE
2023-12-26 17:30:00,,ICE
2023-12-26 17:45:00,,ICE
2023-12-26 18:00:00,,ICE
2023-12-26 18:15:00,,ICE
2023-12-26 18:30:00,,ICE
2023-12-26 18:45:00,,ICE
2023-12-26 19:00:00,,ICE
2023-12-26 19:15:00,,ICE
2023-12-26 19:30:00,,ICE
2023-12-26 19:45:00,,ICE
2023-12-26 20:00:00,,ICE
2023-12-26 20:15:00,,ICE
2023-12-26 20:30:00,,ICE
2023-12-26 20:45:00,,ICE
2023-12-26 21:00:00,,ICE
2023-12-26 21:15:00,,ICE
2023-12-26 21:30:00,,ICE
2023-12-26 21:45:00,,ICE
2023-12-26 22:00:00,,ICE
2023-12-26 22:15:00,,ICE
2023-12-26 22:30:00,,ICE
2023-12-26 22:45:00,,ICE
2023-12-26 23:00:00,,ICE
2023-12-26 23:15:00,,ICE
2023-12-26 23:30:00,,ICE
2023-12-26 23:45:00,,ICE
2023-12-27 00:00:00,,ICE
2023-12-27 00:15:00,,ICE
2023-12-27 00:30:00,,ICE
2023-12-27 00:45:00,,ICE
2023-12-27 01:00:00,,ICE
2023-12-27 01:15:00,,ICE
2023-12-27 01:30:00,,ICE
2023-12-27 01:45:00,,ICE
2023-12-27 02:00:00,,ICE
2023-12-27 02:15:00,,ICE
2023-12-27 02:30:00,,ICE
2023-12-27 02:45:00,,ICE
2023-12-27 03:00:00,,ICE
2023-12-27 03:15:00,,ICE
2023-12-27 03:30:00,,ICE
2023-12-27 03:45:00,,ICE
2023-12-27 04:00:00,,ICE
2023-12-27 04:15:00,,ICE
2023-12-27 04:30:00,,ICE
2023-12-27 04:45:00,,ICE
2023-12-27 05:00:00,,ICE
2023-12-27 05:15:00,,ICE
2023-12-27 05:30:00,,ICE
2023-12-27 05:45:00,,ICE
2023-12-27 06:00:00,,ICE
2023-12-27 06:15:00,,ICE
2023-12-27 06:30:00,,ICE
2023-12-27 06:45:00,,ICE
2023-12-27 07:00:00,,ICE
2023-12-27 07:15:00,,ICE
2023-12-27 07:30:00,,ICE
2023-12-27 07:45:00,,ICE
2023-12-27 08:00:00,,ICE
2023-12-27 08:15:00,,ICE
2023-12-27 08:30:00,,ICE
2023-12-27 08:45:00,,ICE
2023-12-27 09:00:00,,ICE
2023-12-27 09:15:00,,ICE
2023-12-27 09:30:00,,ICE
2023-12-27 09:45:00,,ICE
2023-12-27 10:00:00,,ICE
2023-12-27 10:15:00,,ICE
2023-12-27 10:30:00,,ICE
2023-12-27 10:45:00,,ICE
2023-12-27 11:00:00,,ICE
2023-12-27 11:15:00,,ICE
2023-12-27 11:30:00,,ICE
2023-12-27 11:45:00,,ICE
2023-12-27 12:00:00,,ICE
2023-12-27 12:15:00,,ICE
2023-12-27 12:30:00,,ICE
2023-12-27 12:45:00,,ICE
2023-12-27 13:00:00,,ICE
2023-12-27 13:15:00,,ICE
2023-12-27 13:30:00,,ICE
2023-12-27 13:45:00,,ICE
2023-12-27 14:00:00,,ICE
2023-12-27 14:15:00,,ICE
2023-12-27 14:30:00,,ICE
2023-12-27 14:45:00,,ICE
2023-12-27 15:00:00,,ICE
2023-12-27 15:15:00,,ICE
2023-12-27 15:30:00,,ICE
2023-12-27 15:45:00,,ICE
2023-12-27 16:00:00,,ICE
2023-12-27 16:15:00,,ICE
2023-12-27 16:30:00,,ICE
2023-12-27 16:45:00,,ICE
2023-12-27 17:00:00,,ICE
2023-12-27 17:15:00,,ICE
2023-12-27 17:30:00,,ICE
2023-12-27 17:45:00,,ICE
2023-12-27 18:00:00,,ICE
2023-12-27 18:15:00,,ICE
2023-12-27 18:30:00,,ICE
2023-12-27 18:45:00,,ICE
2023-12-27 19:00:00,,ICE
2023-12-27 19:15:00,,ICE
2023-12-27 19:30:00,,ICE
2023-12-27 19:45:00,,ICE
2023-12-27 20:00:00,,ICE
2023-12-27 20:15:00,,ICE
2023-12-27 20:30:00,,ICE
2023-12-27 20:45:00,,ICE
2023-12-27 21:00:00,,ICE
2023-12-27 21:15:00,,ICE
2023-12-27 21:30:00,,ICE
2023-12-27 21:45:00,,ICE
2023-12-27 22:00:00,,ICE
2023-12-27 22:15:00,,ICE
2023-12-27 22:30:00,,ICE
2023-12-27 22:45:00,,ICE
2023-12-27 23:00:00,,ICE
2023-12-27 23:15:00,,ICE
2023-12-27 23:30:00,,ICE
2023-12-27 23:45:00,,ICE
2023-12-28 00:00:00,,ICE
2023-12-28 00:15:00,,ICE
2023-12-28 00:30:00,,ICE
2023-12-28 00:45:00,,ICE
2023-12-28 01:00:00,,ICE
2023-12-28 01:15:00,,ICE
2023-12-28 01:30:00,,ICE
2023-12-28 01:45:00,,ICE
2023-12-28 02:00:00,,ICE
2023-12-28 02:15:00,,ICE
2023-12-28 02:30:00,,ICE
2023-12-28 02:45:00,,ICE
2023-12-28 03:00:00,,ICE
2023-12-28 03:15:00,,ICE
2023-12-28 03:30:00,,ICE
2023-12-28 03:45:00,,ICE
2023-12-28 04:00:00,,ICE
2023-12-28 04:15:00,,ICE
2023-12-28 04:30:00,,ICE
2023-12-28 04:45:00,,ICE
2023-12-28 05:00:00,,ICE
2023-12-28 05:15:00,,ICE
2023-12-28 05:30:00,,ICE
2023-12-28 05:45:00,,ICE
2023-12-28 06:00:00,,ICE
2023-12-28 06:15:00,,ICE
2023-12-28 06:30:00,,ICE
2023-12-28 06:45:00,,ICE
2023-12-28 07:00:00,,ICE
2023-12-28 07:15:00,,ICE
2023-12-28 07:30:00,,ICE
2023-12-28 07:45:00,,ICE
2023-12-28 08:00:00,,ICE
2023-12-28 08:15:00,,ICE
2023-12-28 08:30:00,,ICE
2023-12-28 08:45:00,,ICE
2023-12-28 09:00:00,,ICE
2023-12-28 09:15:00,,ICE
2023-12-28 09:30:00,,ICE
2023-12-28 09:45:00,,ICE
2023-12-28 10:00:00,,ICE
2023-12-28 10:15:00,,ICE
2023-12-28 10:30:00,,ICE
2023-12-28 10:45:00,,ICE
2023-12-28 11:00:00,,ICE
2023-12-28 11:15:00,,ICE
2023-12-28 11:30:00,,ICE
2023-12-28 11:45:00,,ICE
2023-12-28 12:00:00,,ICE
2023-12-28 12:15:00,,ICE
2023-12-28 12:30:00,,ICE
2023-12-28 12:45:00,,ICE
2023-12-28 13:00:00,,ICE
2023-12-28 13:15:00,,ICE
2023-12-28 13:30:00,,ICE
2023-12-28 13:45:00,,ICE
2023-12-28 14:00:00,,ICE
2023-12-28 14:15:00,,ICE
2023-12-28 14:30:00,,ICE
2023-12-28 14:45:00,,ICE
2023-12-28 15:00:00,,ICE
2023-12-28 15:15:00,,ICE
2023-12-28 15:30:00,,ICE
2023-12-28 15:45:00,,ICE
2023-12-28 16:00:00,,ICE
2023-12-28 16:15:00,,ICE
2023-12-28 16:30:00,,ICE
2023-12-28 16:45:00,,ICE
2023-12-28 17:00:00,,ICE
2023-12-28 17:15:00,,ICE
2023-12-28 17:30:00,,ICE
2023-12-28 17:45:00,,ICE
2023-12-28 18:00:00,,ICE
2023-12-28 18:15:00,,ICE
2023-12-28 18:30:00,,ICE
2023-12-28 18:45:00,,ICE
2023-12-28 19:00:00,,ICE
2023-12-28 19:15:00,,ICE
2023-12-28 19:30:00,,ICE
2023-12-28 19:45:00,,ICE
2023-12-28 20:00:00,,ICE
2023-12-28 20:15:00,,ICE
2023-12-28 20:30:00,,ICE
2023-12-28 20:45:00,,ICE
2023-12-28 21:00:00,,ICE
2023-12-28 21:15:00,,ICE
2023-12-28 21:30:00,,ICE
2023-12-28 21:45:00,,ICE
2023-12-28 22:00:00,,ICE
2023-12-28 22:15:00,,ICE
2023-12-28 22:30:00,,ICE
2023-12-28 22:45:00,,ICE
2023-12-28 23:00:00,,ICE
2023-12-28 23:15:00,,ICE
2023-12-28 23:30:00,,ICE
2023-12-28 23:45:00,,ICE
2023-12-29 00:00:00,,ICE
2023-12-29 00:15:00,,ICE
2023-12-29 00:30:00,,ICE
2023-12-29 00:45:00,,ICE
2023-12-29 01:00:00,,ICE
2023-12-29 01:15:00,,ICE
2023-12-29 01:30:00,,ICE
2023-12-29 01:45:00,,ICE
2023-12-29 02:00:00,,ICE
2023-12-29 02:15:00,,ICE
2023-12-29 02:30:00,,ICE
2023-12-29 02:45:00,,ICE
2023-12-29 03:00:00,,ICE
2023-12-29 03:15:00,,ICE
2023-12-29 03:30:00,,ICE
2023-12-29 03:45:00,,ICE
2023-12-29 04:00:00,,ICE
2023-12-29 04:15:00,,ICE
2023-12-29 04:30:00,,ICE
2023-12-29 04:45:00,,ICE
2023-12-29 05:00:00,,ICE
2023-12-29 05:15:00,,ICE
2023-12-29 05:30:00,,ICE
2023-12-29 05:45:00,,ICE
2023-12-29 06:00:00,,ICE
2023-12-29 06:15:00,,ICE
2023-12-29 06:30:00,,ICE
2023-12-29 06:45:00,,ICE
2023-12-29 07:00:00,,ICE
2023-12-29 07:15:00,,ICE
2023-12-29 07:30:00,,ICE
2023-12-29 07:45:00,,ICE
2023-12-29 08:00:00,,ICE
2023-12-29 08:15:00,,ICE
2023-12-29 08:30:00,,ICE
2023-12-29 08:45:00,,ICE
2023-12-29 09:00:00,,ICE
2023-12-29 09:15:00,,ICE
2023-12-29 09:30:00,,ICE
2023-12-29 09:45:00,,ICE
2023-12-29 10:00:00,,ICE
2023-12-29 10:15:00,,ICE
2023-12-29 10:30:00,,ICE
2023-12-29 10:45:00,,ICE
2023-12-29 11:00:00,,ICE
2023-12-29 11:15:00,,ICE
2023-12-29 11:30:00,,ICE
2023-12-29 11:45:00,,ICE
2023-12-29 12:00:00,,ICE
2023-12-29 12:15:00,,ICE
2023-12-29 12:30:00,,ICE
2023-12-29 12:45:00,,ICE
2023-12-29 13:00:00,,ICE
2023-12-29 13:15:00,,ICE
2023-12-29 13:30:00,,ICE
2023-12-29 13:45:00,,ICE
2023-12-29 14:00:00,,ICE
2023-12-29 14:15:00,,ICE
2023-12-29 14:30:00,,ICE
2023-12-29 14:45:00,,ICE
2023-12-29 15:00:00,,ICE
2023-12-29 15:15:00,,ICE
2023-12-29 15:30:00,,ICE
2023-12-29 15:45:00,,ICE
2023-12-29 16:00:00,,ICE
2023-12-29 16:15:00,,ICE
2023-12-29 16:30:00,10.85,
2023-12-29 16:45:00,10.82,
2023-12-29 17:00:00,10.82,
2023-12-29 17:15:00,10.8,
2023-12-29 17:30:00,10.79,
2023-12-29 17:45:00,10.77,
2023-12-29 18:00:00,10.8,
2023-12-29 18:15:00,10.79,
2023-12-29 18:30:00,10.82,
2023-12-29 18:45:00,10.83,
2023-12-29 19:00:00,10.88,
2023-12-29 19:15:00,10.9,
2023-12-29 19:30:00,10.91,
2023-12-29 19:45:00,10.95,
2023-12-29 20:00:00,10.96,
2023-12-29 20:15:00,11.0,
2023-12-29 20:30:00,11.0,
2023-12-29 20:45:00,11.02,
2023-12-29 21:00:00,11.06,
2023-12-29 21:15:00,11.06,
2023-12-29 21:30:00,11.07,
2023-12-29 21:45:00,11.11,
2023-12-29 22:00:00,11.12,
2023-12-29 22:15:00,11.15,
2023-12-29 22:30:00,11.16,
2023-12-29 22:45:00,11.18,
2023-12-29 23:00:00,11.19,
2023-12-29 23:15:00,11.21,
2023-12-29 23:30:00,11.22,
2023-12-29 23:45:00,11.24,
2023-12-30 00:00:00,11.26,
2023-12-30 00:15:00,11.27,
2023-12-30 00:30:00,11.28,
2023-12-30 00:45:00,11.29,
2023-12-30 01:00:00,11.3,
2023-12-30 01:15:00,11.31,
2023-12-30 01:30:00,11.33,
2023-12-30 01:45:00,11.34,
2023-12-30 02:00:00,11.33,
2023-12-30 02:15:00,11.38,
2023-12-30 02:30:00,11.38,
2023-12-30 02:45:00,11.39,
2023-12-30 03:00:00,11.4,
2023-12-30 03:15:00,11.4,
2023-12-30 03:30:00,11.4,
2023-12-30 03:45:00,11.38,
2023-12-30 04:00:00,11.43,
2023-12-30 04:15:00,11.43,
2023-12-30 04:30:00,11.45,
2023-12-30 04:45:00,11.46,
2023-12-30 05:00:00,11.44,
2023-12-30 05:15:00,11.46,
2023-12-30 05:30:00,11.48,
2023-12-30 05:45:00,11.46,
2023-12-30 06:00:00,11.49,
2023-12-30 06:15:00,11.48,
2023-12-30 06:30:00,11.5,
2023-12-30 06:45:00,11.49,
2023-12-30 07:00:00,11.5,
2023-12-30 07:15:00,11.51,
2023-12-30 07:30:00,11.51,
2023-12-30 07:45:00,11.52,
2023-12-30 08:00:00,11.53,
2023-12-30 08:15:00,11.56,
2023-12-30 08:30:00,11.6,
2023-12-30 08:45:00,11.64,
2023-12-30 09:00:00,11.67,
2023-12-30 09:15:00,11.72,
2023-12-30 09:30:00,11.77,
2023-12-30 09:45:00,11.79,
2023-12-30 10:00:00,11.84,
2023-12-30 10:15:00,11.83,
2023-12-30 10:30:00,11.85,
2023-12-30 10:45:00,11.85,
2023-12-30 11:00:00,11.87,
2023-12-30 11:15:00,11.85,
2023-12-30 11:30:00,11.86,
2023-12-30 11:45:00,11.79,
2023-12-30 12:00:00,11.75,
2023-12-30 12:15:00,11.73,
2023-12-30 12:30:00,11.69,
2023-12-30 12:45:00,11.64,
2023-12-30 13:00:00,11.59,
2023-12-30 13:15:00,11.55,
2023-12-30 13:30:00,11.55,
2023-12-30 13:45:00,11.48,
2023-12-30 14:00:00,11.42,
2023-12-30 14:15:00,11.37,
2023-12-30 14:30:00,11.32,
2023-12-30 14:45:00,11.31,
2023-12-30 15:00:00,11.27,
2023-12-30 15:15:00,11.2,
2023-12-30 15:30:00,11.18,
2023-12-30 15:45:00,11.12,
2023-12-30 16:00:00,11.06,
2023-12-30 16:15:00,10.97,
2023-12-30 16:30:00,10.88,
2023-12-30 16:45:00,10.83,
2023-12-30 17:00:00,10.81,
2023-12-30 17:15:00,10.77,
2023-12-30 17:30:00,10.73,
2023-12-30 17:45:00,10.76,
2023-12-30 18:00:00,10.74,
2023-12-30 18:15:00,10.76,
2023-12-30 18:30:00,10.78,
2023-12-30 18:45:00,10.8,
2023-12-30 19:00:00,10.82,
2023-12-30 19:15:00,10.82,
2023-12-30 19:30:00,10.84,
2023-12-30 19:45:00,10.86,
2023-12-30 20:00:00,10.9,
2023-12-30 20:15:00,10.9,
2023-12-30 20:30:00,10.93,
2023-12-30 20:45:00,10.95,
2023-12-30 21:00:00,10.96,
2023-12-30 21:15:00,10.99,
2023-12-30 21:30:00,11.0,
2023-12-30 21:45:00,11.02,
2023-12-30 22:00:00,11.02,
2023-12-30 22:15:00,11.05,
2023-12-30 22:30:00,11.05,
2023-12-30 22:45:00,11.08,
2023-12-30 23:00:00,11.12,
2023-12-30 23:15:00,11.11,
2023-12-30 23:30:00,11.13,
2023-12-30 23:45:00,11.15,
2023-12-31 00:00:00,11.16,
2023-12-31 00:15:00,11.15,
2023-12-31 00:30:00,11.15,
2023-12-31 00:45:00,11.17,
2023-12-31 01:00:00,11.18,
2023-12-31 01:15:00,11.18,
2023-12-31 01:30:00,11.18,
2023-12-31 01:45:00,11.18,
2023-12-31 02:00:00,11.2,
2023-12-31 02:15:00,11.19,
2023-12-31 02:30:00,11.22,
2023-12-31 02:45:00,11.2,
2023-12-31 03:00:00,11.23,
2023-12-31 03:15:00,11.22,
2023-12-31 03:30:00,11.25,
2023-12-31 03:45:00,11.24,
2023-12-31 04:00:00,11.26,
2023-12-31 04:15:00,11.27,
2023-12-31 04:30:00,11.27,
2023-12-31 04:45:00,11.27,
2023-12-31 05:00:00,11.29,
2023-12-31 05:15:00,11.26,
2023-12-31 05:30:00,11.29,
2023-12-31 05:45:00,11.3,
2023-12-31 06:00:00,11.32,
2023-12-31 06:15:00,11.33,
2023-12-31 06:30:00,11.32,
2023-12-31 06:45:00,11.35,
2023-12-31 07:00:00,11.36,
2023-12-31 07:15:00,11.37,
2023-12-31 07:30:00,11.38,
2023-12-31 07:45:00,11.39,
2023-12-31 08:00:00,11.43,
2023-12-31 08:15:00,11.47,
2023-12-31 08:30:00,11.52,
2023-12-31 08:45:00,11.56,
2023-12-31 09:00:00,11.58,
2023-12-31 09:15:00,11.63,
2023-12-31 09:30:00,11.66,
2023-12-31 09:45:00,11.72,
2023-12-31 10:00:00,11.77,
2023-12-31 10:15:00,11.8,
2023-12-31 10:30:00,11.82,
2023-12-31 10:45:00,11.78,
2023-12-31 11:00:00,11.79,
2023-12-31 11:15:00,11.76,
2023-12-31 11:30:00,11.73,
2023-12-31 11:45:00,11.71,
2023-12-31 12:00:00,11.66,
2023-12-31 12:15:00,11.6,
2023-12-31 12:30:00,11.55,
2023-12-31 12:45:00,11.5,
2023-12-31 13:00:00,11.44,
2023-12-31 13:15:00,11.4,
2023-12-31 13:30:00,11.34,
2023-12-31 13:45:00,11.29,
2023-12-31 14:00:00,11.24,
2023-12-31 14:15:00,11.19,
2023-12-31 14:30:00,11.15,
2023-12-31 14:45:00,11.09,
2023-12-31 15:00:00,11.08,
2023-12-31 15:15:00,11.05,
2023-12-31 15:30:00,11.01,
2023-12-31 15:45:00,10.96,
2023-12-31 16:00:00,10.91,
2023-12-31 16:15:00,10.87,
2023-12-31 16:30:00,10.79,
2023-12-31 16:45:00,10.75,
2023-12-31 17:00:00,10.72,
2023-12-31 17:15:00,10.7,
2023-12-31 17:30:00,10.67,
2023-12-31 17:45:00,10.68,
2023-12-31 18:00:00,10.69,
2023-12-31 18:15:00,10.72,
2023-12-31 18:30:00,10.75,
2023-12-31 18:45:00,10.77,
2023-12-31 19:00:00,10.79,
2023-12-31 19:15:00,10.82,
2023-12-31 19:30:00,10.86,
2023-12-31 19:45:00,10.88,
2023-12-31 20:00:00,10.93,
2023-12-31 20:15:00,10.92,
2023-12-31 20:30:00,10.98,
2023-12-31 20:45:00,11.02,
2023-12-31 21:00:00,11.05,
2023-12-31 21:15:00,11.06,
2023-12-31 21:30:00,11.09,
2023-12-31 21:45:00,11.12,
2023-12-31 22:00:00,11.16,
2023-12-31 22:15:00,11.19,
2023-12-31 22:30:00,11.2,
2023-12-31 22:45:00,11.22,
2023-12-31 23:00:00,11.28,
2023-12-31 23:15:00,11.3,
2023-12-31 23:30:00,11.33,
2023-12-31 23:45:00,11.34,
