LocalDateTime,Stage_QC1,QualifierCode
2021-01-01 00:00:00,,ICEQ
2021-01-01 00:15:00,,ICEQ
2021-01-01 00:30:00,,ICEQ
2021-01-01 00:45:00,,ICEQ
2021-01-01 01:00:00,,ICEQ
2021-01-01 01:15:00,,ICEQ
2021-01-01 01:30:00,,ICEQ
2021-01-01 01:45:00,,ICEQ
2021-01-01 02:00:00,,ICEQ
2021-01-01 02:15:00,,ICEQ
2021-01-01 02:30:00,,ICEQ
2021-01-01 02:45:00,,ICEQ
2021-01-01 03:00:00,,ICEQ
2021-01-01 03:15:00,,ICEQ
2021-01-01 03:30:00,,ICEQ
2021-01-01 03:45:00,,ICEQ
2021-01-01 04:00:00,,ICEQ
2021-01-01 04:15:00,,ICEQ
2021-01-01 04:30:00,,ICEQ
2021-01-01 04:45:00,,ICEQ
2021-01-01 05:00:00,,ICEQ
2021-01-01 05:15:00,,ICEQ
2021-01-01 05:30:00,,ICEQ
2021-01-01 05:45:00,,ICEQ
2021-01-01 06:00:00,,ICEQ
2021-01-01 06:15:00,,ICEQ
2021-01-01 06:30:00,,ICEQ
2021-01-01 06:45:00,,ICEQ
2021-01-01 07:00:00,,ICEQ
2021-01-01 07:15:00,,ICEQ
2021-01-01 07:30:00,,ICEQ
2021-01-01 07:45:00,,ICEQ
2021-01-01 08:00:00,,ICEQ
2021-01-01 08:15:00,,ICEQ
2021-01-01 08:30:00,,ICEQ
2021-01-01 08:45:00,,ICEQ
2021-01-01 09:00:00,,ICEQ
2021-01-01 09:15:00,,ICEQ
2021-01-01 09:30:00,,ICEQ
2021-01-01 09:45:00,,ICEQ
2021-01-01 10:00:00,,ICEQ
2021-01-01 10:15:00,,ICEQ
2021-01-01 10:30:00,,ICEQ
2021-01-01 10:45:00,,ICEQ
2021-01-01 11:00:00,,ICEQ
2021-01-01 11:15:00,,ICEQ
2021-01-01 11:30:00,,ICEQ
2021-01-01 11:45:00,,ICEQ
2021-01-01 12:00:00,,ICEQ
2021-01-01 12:15:00,,ICEQ
2021-01-01 12:30:00,,ICEQ
2021-01-01 12:45:00,,ICEQ
2021-01-01 13:00:00,,ICEQ
2021-01-01 13:15:00,,ICEQ
2021-01-01 13:30:00,,ICEQ
2021-01-01 13:45:00,,ICEQ
2021-01-01 14:00:00,,ICEQ
2021-01-01 14:15:00,,ICEQ
2021-01-01 14:30:00,,ICEQ
2021-01-01 14:45:00,,ICEQ
2021-01-01 15:00:00,,ICEQ
2021-01-01 15:15:00,,ICEQ
2021-01-01 15:30:00,,ICEQ
2021-01-01 15:45:00,,ICEQ
2021-01-01 16:00:00,,ICEQ
2021-01-01 16:15:00,,ICEQ
2021-01-01 16:30:00,,ICEQ
2021-01-01 16:45:00,,ICEQ
2021-01-01 17:00:00,,ICEQ
2021-01-01 17:15:00,,ICEQ
2021-01-01 17:30:00,,ICEQ
2021-01-01 17:45:00,,ICEQ
2021-01-01 18:00:00,,ICEQ
2021-01-01 18:15:00,,ICEQ
2021-01-01 18:30:00,,ICEQ
2021-01-01 18:45:00,,ICEQ
2021-01-01 19:00:00,,ICEQ
2021-01-01 19:15:00,,ICEQ
2021-01-01 19:30:00,,ICEQ
2021-01-01 19:45:00,,ICEQ
2021-01-01 20:00:00,,ICEQ
2021-01-01 20:15:00,,ICEQ
2021-01-01 20:30:00,,ICEQ
2021-01-01 20:45:00,,ICEQ
2021-01-01 21:00:00,,ICEQ
2021-01-01 21:15:00,,ICEQ
2021-01-01 21:30:00,,ICEQ
2021-01-01 21:45:00,,ICEQ
2021-01-01 22:00:00,,ICEQ
2021-01-01 22:15:00,,ICEQ
2021-01-01 22:30:00,,ICEQ
2021-01-01 22:45:00,,ICEQ
2021-01-01 23:00:00,,ICEQ
2021-01-01 23:15:00,,ICEQ
2021-01-01 23:30:00,,ICEQ
2021-01-01 23:45:00,,ICEQ
2021-01-02 00:00:00,,ICEQ
2021-01-02 00:15:00,,ICEQ
2021-01-02 00:30:00,,ICEQ
2021-01-02 00:45:00,,ICEQ
2021-01-02 01:00:00,,ICEQ
2021-01-02 01:15:00,,ICEQ
2021-01-02 01:30:00,,ICEQ
2021-01-02 01:45:00,,ICEQ
2021-01-02 02:00:00,,ICEQ
2021-01-02 02:15:00,,ICEQ
2021-01-02 02:30:00,,ICEQ
2021-01-02 02:45:00,,ICEQ
2021-01-02 03:00:00,,ICEQ
2021-01-02 03:15:00,,ICEQ
2021-01-02 03:30:00,,ICEQ
2021-01-02 03:45:00,,ICEQ
2021-01-02 04:00:00,,ICEQ
2021-01-02 04:15:00,,ICEQ
2021-01-02 04:30:00,,ICEQ
2021-01-02 04:45:00,,ICEQ
2021-01-02 05:00:00,,ICEQ
2021-01-02 05:15:00,,ICEQ
2021-01-02 05:30:00,,ICEQ
2021-01-02 05:45:00,,ICEQ
2021-01-02 06:00:00,,ICEQ
2021-01-02 06:15:00,,ICEQ
2021-01-02 06:30:00,,ICEQ
2021-01-02 06:45:00,,ICEQ
2021-01-02 07:00:00,,ICEQ
2021-01-02 07:15:00,,ICEQ
2021-01-02 07:30:00,,ICEQ
2021-01-02 07:45:00,,ICEQ
2021-01-02 08:00:00,,ICEQ
2021-01-02 08:15:00,,ICEQ
2021-01-02 08:30:00,,ICEQ
2021-01-02 08:45:00,,ICEQ
2021-01-02 09:00:00,,ICEQ
2021-01-02 09:15:00,,ICEQ
2021-01-02 09:30:00,,ICEQ
2021-01-02 09:45:00,,ICEQ
2021-01-02 10:00:00,,ICEQ
2021-01-02 10:15:00,,ICEQ
2021-01-02 10:30:00,,ICEQ
2021-01-02 10:45:00,,ICEQ
2021-01-02 11:00:00,,ICEQ
2021-01-02 11:15:00,,ICEQ
2021-01-02 11:30:00,,ICEQ
2021-01-02 11:45:00,,ICEQ
2021-01-02 12:00:00,,ICEQ
2021-01-02 12:15:00,,ICEQ
2021-01-02 12:30:00,,ICEQ
2021-01-02 12:45:00,,ICEQ
2021-01-02 13:00:00,,ICEQ
2021-01-02 13:15:00,,ICEQ
2021-01-02 13:30:00,,ICEQ
2021-01-02 13:45:00,,ICEQ
2021-01-02 14:00:00,,ICEQ
2021-01-02 14:15:00,,ICEQ
2021-01-02 14:30:00,,ICEQ
2021-01-02 14:45:00,,ICEQ
2021-01-02 15:00:00,,ICEQ
2021-01-02 15:15:00,,ICEQ
2021-01-02 15:30:00,,ICEQ
2021-01-02 15:45:00,,ICEQ
2021-01-02 16:00:00,,ICEQ
2021-01-02 16:15:00,,ICEQ
2021-01-02 16:30:00,,ICEQ
2021-01-02 16:45:00,,ICEQ
2021-01-02 17:00:00,,ICEQ
2021-01-02 17:15:00,,ICEQ
2021-01-02 17:30:00,,ICEQ
2021-01-02 17:45:00,,ICEQ
2021-01-02 18:00:00,,ICEQ
2021-01-02 18:15:00,,ICEQ
2021-01-02 18:30:00,,ICEQ
2021-01-02 18:45:00,,ICEQ
2021-01-02 19:00:00,,ICEQ
2021-01-02 19:15:00,,ICEQ
2021-01-02 19:30:00,,ICEQ
2021-01-02 19:45:00,,ICEQ
2021-01-02 20:00:00,,ICEQ
2021-01-02 20:15:00,,ICEQ
2021-01-02 20:30:00,,ICEQ
2021-01-02 20:45:00,,ICEQ
2021-01-02 21:00:00,,ICEQ
2021-01-02 21:15:00,,ICEQ
2021-01-02 21:30:00,,ICEQ
2021-01-02 21:45:00,,ICEQ
2021-01-02 22:00:00,,ICEQ
2021-01-02 22:15:00,,ICEQ
2021-01-02 22:30:00,,ICEQ
2021-01-02 22:45:00,,ICEQ
2021-01-02 23:00:00,,ICEQ
2021-01-02 23:15:00,,ICEQ
2021-01-02 23:30:00,,ICEQ
2021-01-02 23:45:00,,ICEQ
2021-01-03 00:00:00,,ICEQ
2021-01-03 00:15:00,,ICEQ
2021-01-03 00:30:00,,ICEQ
2021-01-03 00:45:00,,ICEQ
2021-01-03 01:00:00,,ICEQ
2021-01-03 01:15:00,,ICEQ
2021-01-03 01:30:00,,ICEQ
2021-01-03 01:45:00,,ICEQ
2021-01-03 02:00:00,,ICEQ
2021-01-03 02:15:00,,ICEQ
2021-01-03 02:30:00,,ICEQ
2021-01-03 02:45:00,,ICEQ
2021-01-03 03:00:00,,ICEQ
2021-01-03 03:15:00,,ICEQ
2021-01-03 03:30:00,,ICEQ
2021-01-03 03:45:00,,ICEQ
2021-01-03 04:00:00,,ICEQ
2021-01-03 04:15:00,,ICEQ
2021-01-03 04:30:00,,ICEQ
2021-01-03 04:45:00,,ICEQ
2021-01-03 05:00:00,,ICEQ
2021-01-03 05:15:00,,ICEQ
2021-01-03 05:30:00,,ICEQ
2021-01-03 05:45:00,,ICEQ
2021-01-03 06:00:00,,ICEQ
2021-01-03 06:15:00,,ICEQ
2021-01-03 06:30:00,,ICEQ
2021-01-03 06:45:00,,ICEQ
2021-01-03 07:00:00,,ICEQ
2021-01-03 07:15:00,,ICEQ
2021-01-03 07:30:00,,ICEQ
2021-01-03 07:45:00,,ICEQ
2021-01-03 08:00:00,,ICEQ
2021-01-03 08:15:00,,ICEQ
2021-01-03 08:30:00,,ICEQ
2021-01-03 08:45:00,,ICEQ
2021-01-03 09:00:00,,ICEQ
2021-01-03 09:15:00,,ICEQ
2021-01-03 09:30:00,,ICEQ
2021-01-03 09:45:00,,ICEQ
2021-01-03 10:00:00,,ICEQ
2021-01-03 10:15:00,,ICEQ
2021-01-03 10:30:00,,ICEQ
2021-01-03 10:45:00,,ICEQ
2021-01-03 11:00:00,,ICEQ
2021-01-03 11:15:00,,ICEQ
2021-01-03 11:30:00,,ICEQ
2021-01-03 11:45:00,,ICEQ
2021-01-03 12:00:00,,ICEQ
2021-01-03 12:15:00,,ICEQ
2021-01-03 12:30:00,,ICEQ
2021-01-03 12:45:00,,ICEQ
2021-01-03 13:00:00,,ICEQ
2021-01-03 13:15:00,,ICEQ
2021-01-03 13:30:00,,ICEQ
2021-01-03 13:45:00,,ICEQ
2021-01-03 14:00:00,,ICEQ
2021-01-03 14:15:00,,ICEQ
2021-01-03 14:30:00,,ICEQ
2021-01-03 14:45:00,,ICEQ
2021-01-03 15:00:00,,ICEQ
2021-01-03 15:15:00,,ICEQ
2021-01-03 15:30:00,,ICEQ
2021-01-03 15:45:00,,ICEQ
2021-01-03 16:00:00,,ICEQ
2021-01-03 16:15:00,,ICEQ
2021-01-03 16:30:00,,ICEQ
2021-01-03 16:45:00,,ICEQ
2021-01-03 17:00:00,,ICEQ
2021-01-03 17:15:00,,ICEQ
2021-01-03 17:30:00,,ICEQ
2021-01-03 17:45:00,,ICEQ
2021-01-03 18:00:00,,ICEQ
2021-01-03 18:15:00,,ICEQ
2021-01-03 18:30:00,,ICEQ
2021-01-03 18:45:00,,ICEQ
2021-01-03 19:00:00,,ICEQ
2021-01-03 19:15:00,,ICEQ
2021-01-03 19:30:00,,ICEQ
2021-01-03 19:45:00,,ICEQ
2021-01-03 20:00:00,,ICEQ
2021-01-03 20:15:00,,ICEQ
2021-01-03 20:30:00,,ICEQ
2021-01-03 20:45:00,,ICEQ
2021-01-03 21:00:00,,ICEQ
2021-01-03 21:15:00,,ICEQ
2021-01-03 21:30:00,,ICEQ
2021-01-03 21:45:00,,ICEQ
2021-01-03 22:00:00,,ICEQ
2021-01-03 22:15:00,,ICEQ
2021-01-03 22:30:00,,ICEQ
2021-01-03 22:45:00,,ICEQ
2021-01-03 23:00:00,,ICEQ
2021-01-03 23:15:00,,ICEQ
2021-01-03 23:30:00,,ICEQ
2021-01-03 23:45:00,,ICEQ
2021-01-04 00:00:00,,ICEQ
2021-01-04 00:15:00,,ICEQ
2021-01-04 00:30:00,,ICEQ
2021-01-04 00:45:00,,ICEQ
2021-01-04 01:00:00,,ICEQ
2021-01-04 01:15:00,,ICEQ
2021-01-04 01:30:00,,ICEQ
2021-01-04 01:45:00,,ICEQ
2021-01-04 02:00:00,,ICEQ
2021-01-04 02:15:00,,ICEQ
2021-01-04 02:30:00,,ICEQ
2021-01-04 02:45:00,,ICEQ
2021-01-04 03:00:00,,ICEQ
2021-01-04 03:15:00,,ICEQ
2021-01-04 03:30:00,,ICEQ
2021-01-04 03:45:00,,ICEQ
2021-01-04 04:00:00,,ICEQ
2021-01-04 04:15:00,,ICEQ
2021-01-04 04:30:00,,ICEQ
2021-01-04 04:45:00,,ICEQ
2021-01-04 05:00:00,,ICEQ
2021-01-04 05:15:00,,ICEQ
2021-01-04 05:30:00,,ICEQ
2021-01-04 05:45:00,,ICEQ
2021-01-04 06:00:00,,ICEQ
2021-01-04 06:15:00,,ICEQ
2021-01-04 06:30:00,,ICEQ
2021-01-04 06:45:00,,ICEQ
2021-01-04 07:00:00,,ICEQ
2021-01-04 07:15:00,,ICEQ
2021-01-04 07:30:00,,ICEQ
2021-01-04 07:45:00,,ICEQ
2021-01-04 08:00:00,,ICEQ
2021-01-04 08:15:00,,ICEQ
2021-01-04 08:30:00,,ICEQ
2021-01-04 08:45:00,,ICEQ
2021-01-04 09:00:00,,ICEQ
2021-01-04 09:15:00,,ICEQ
2021-01-04 09:30:00,,ICEQ
2021-01-04 09:45:00,,ICEQ
2021-01-04 10:00:00,,ICEQ
2021-01-04 10:15:00,,ICEQ
2021-01-04 10:30:00,,ICEQ
2021-01-04 10:45:00,,ICEQ
2021-01-04 11:00:00,,ICEQ
2021-01-04 11:15:00,,ICEQ
2021-01-04 11:30:00,,ICEQ
2021-01-04 11:45:00,,ICEQ
2021-01-04 12:00:00,,ICEQ
2021-01-04 12:15:00,,ICEQ
2021-01-04 12:30:00,,ICEQ
2021-01-04 12:45:00,,ICEQ
2021-01-04 13:00:00,,ICEQ
2021-01-04 13:15:00,,ICEQ
2021-01-04 13:30:00,,ICEQ
2021-01-04 13:45:00,,ICEQ
2021-01-04 14:00:00,,ICEQ
2021-01-04 14:15:00,,ICEQ
2021-01-04 14:30:00,,ICEQ
2021-01-04 14:45:00,,ICEQ
2021-01-04 15:00:00,,ICEQ
2021-01-04 15:15:00,,ICEQ
2021-01-04 15:30:00,,ICEQ
2021-01-04 15:45:00,,ICEQ
2021-01-04 16:00:00,,ICEQ
2021-01-04 16:15:00,,ICEQ
2021-01-04 16:30:00,,ICEQ
2021-01-04 16:45:00,,ICEQ
2021-01-04 17:00:00,,ICEQ
2021-01-04 17:15:00,,ICEQ
2021-01-04 17:30:00,,ICEQ
2021-01-04 17:45:00,,ICEQ
2021-01-04 18:00:00,,ICEQ
2021-01-04 18:15:00,,ICEQ
2021-01-04 18:30:00,,ICEQ
2021-01-04 18:45:00,,ICEQ
2021-01-04 19:00:00,,ICEQ
2021-01-04 19:15:00,,ICEQ
2021-01-04 19:30:00,,ICEQ
2021-01-04 19:45:00,,ICEQ
2021-01-04 20:00:00,,ICEQ
2021-01-04 20:15:00,,ICEQ
2021-01-04 20:30:00,,ICEQ
2021-01-04 20:45:00,20.84,ICEQ
2021-01-04 21:00:00,20.91,ICEQ
2021-01-04 21:15:00,20.98,ICEQ
2021-01-04 21:30:00,20.98,ICEQ
2021-01-04 21:45:00,21.13,ICEQ
2021-01-04 22:00:00,21.16,ICEQ
2021-01-04 22:15:00,21.23,ICEQ
2021-01-04 22:30:00,21.18,ICEQ
2021-01-04 22:45:00,21.18,ICEQ
2021-01-04 23:00:00,21.25,ICEQ
2021-01-04 23:15:00,21.21,ICEQ
2021-01-04 23:30:00,21.17,ICEQ
2021-01-04 23:45:00,21.11,ICEQ
2021-01-05 00:00:00,21.12,ICEQ
2021-01-05 00:15:00,21.13,ICEQ
2021-01-05 00:30:00,21.1,ICEQ
2021-01-05 00:45:00,21.06,ICEQ
2021-01-05 01:00:00,21.04,ICEQ
2021-01-05 01:15:00,21.06,ICEQ
2021-01-05 01:30:00,21.02,ICEQ
2021-01-05 01:45:00,21.03,ICEQ
2021-01-05 02:00:00,21.1,ICEQ
2021-01-05 02:15:00,21.23,ICEQ
2021-01-05 02:30:00,21.2,ICEQ
2021-01-05 02:45:00,21.12,ICEQ
2021-01-05 03:00:00,21.18,ICEQ
2021-01-05 03:15:00,21.1,ICEQ
2021-01-05 03:30:00,21.08,ICEQ
2021-01-05 03:45:00,21.16,ICEQ
2021-01-05 04:00:00,21.1,ICEQ
2021-01-05 04:15:00,21.22,ICEQ
2021-01-05 04:30:00,21.27,ICEQ
2021-01-05 04:45:00,21.18,ICEQ
2021-01-05 05:00:00,21.22,ICEQ
2021-01-05 05:15:00,21.28,ICEQ
2021-01-05 05:30:00,21.23,ICEQ
2021-01-05 05:45:00,21.21,ICEQ
2021-01-05 06:00:00,21.2,ICEQ
2021-01-05 06:15:00,21.16,ICEQ
2021-01-05 06:30:00,21.17,ICEQ
2021-01-05 06:45:00,21.14,ICEQ
2021-01-05 07:00:00,21.23,ICEQ
2021-01-05 07:15:00,21.25,ICEQ
2021-01-05 07:30:00,21.22,ICEQ
2021-01-05 07:45:00,21.23,ICEQ
2021-01-05 08:00:00,21.3,ICEQ
2021-01-05 08:15:00,21.2,ICEQ
2021-01-05 08:30:00,21.1,ICEQ
2021-01-05 08:45:00,21.16,ICEQ
2021-01-05 09:00:00,21.13,ICEQ
2021-01-05 09:15:00,21.04,ICEQ
2021-01-05 09:30:00,21.08,ICEQ
2021-01-05 09:45:00,21.04,ICEQ
2021-01-05 10:00:00,20.98,ICEQ
2021-01-05 10:15:00,20.92,ICEQ
2021-01-05 10:30:00,20.94,ICEQ
2021-01-05 10:45:00,20.93,ICEQ
2021-01-05 11:00:00,20.95,ICEQ
2021-01-05 11:15:00,20.86,ICEQ
2021-01-05 11:30:00,20.87,ICEQ
2021-01-05 11:45:00,20.88,ICEQ
2021-01-05 12:00:00,20.86,ICEQ
2021-01-05 12:15:00,20.83,ICEQ
2021-01-05 12:30:00,20.79,ICEQ
2021-01-05 12:45:00,20.78,ICEQ
2021-01-05 13:00:00,20.74,ICEQ
2021-01-05 13:15:00,20.74,ICEQ
2021-01-05 13:30:00,20.7,ICEQ
2021-01-05 13:45:00,20.63,ICEQ
2021-01-05 14:00:00,20.69,ICEQ
2021-01-05 14:15:00,20.7,ICEQ
2021-01-05 14:30:00,20.72,ICEQ
2021-01-05 14:45:00,20.73,ICEQ
2021-01-05 15:00:00,20.74,ICEQ
2021-01-05 15:15:00,20.71,ICEQ
2021-01-05 15:30:00,20.68,ICEQ
2021-01-05 15:45:00,20.69,ICEQ
2021-01-05 16:00:00,20.7,ICEQ
2021-01-05 16:15:00,20.68,ICEQ
2021-01-05 16:30:00,20.69,ICEQ
2021-01-05 16:45:00,20.7,ICEQ
2021-01-05 17:00:00,20.78,ICEQ
2021-01-05 17:15:00,20.63,ICEQ
2021-01-05 17:30:00,20.59,ICEQ
2021-01-05 17:45:00,20.6,ICEQ
2021-01-05 18:00:00,20.63,ICEQ
2021-01-05 18:15:00,20.65,ICEQ
2021-01-05 18:30:00,20.66,ICEQ
2021-01-05 18:45:00,20.69,ICEQ
2021-01-05 19:00:00,20.62,ICEQ
2021-01-05 19:15:00,20.62,ICEQ
2021-01-05 19:30:00,20.64,ICEQ
2021-01-05 19:45:00,20.63,ICEQ
2021-01-05 20:00:00,20.59,ICEQ
2021-01-05 20:15:00,20.55,ICEQ
2021-01-05 20:30:00,20.52,ICEQ
2021-01-05 20:45:00,20.59,ICEQ
2021-01-05 21:00:00,20.6,ICEQ
2021-01-05 21:15:00,20.62,ICEQ
2021-01-05 21:30:00,20.52,ICEQ
2021-01-05 21:45:00,20.55,ICEQ
2021-01-05 22:00:00,20.55,ICEQ
2021-01-05 22:15:00,20.54,ICEQ
2021-01-05 22:30:00,20.5,ICEQ
2021-01-05 22:45:00,20.5,ICEQ
2021-01-05 23:00:00,20.53,ICEQ
2021-01-05 23:15:00,20.49,ICEQ
2021-01-05 23:30:00,20.47,ICEQ
2021-01-05 23:45:00,20.47,ICEQ
2021-01-06 00:00:00,,ICEQ
2021-01-06 00:15:00,,ICEQ
2021-01-06 00:30:00,,ICEQ
2021-01-06 00:45:00,,ICEQ
2021-01-06 01:00:00,,ICEQ
2021-01-06 01:15:00,,ICEQ
2021-01-06 01:30:00,,ICEQ
2021-01-06 01:45:00,,ICEQ
2021-01-06 02:00:00,,ICEQ
2021-01-06 02:15:00,,ICEQ
2021-01-06 02:30:00,,ICEQ
2021-01-06 02:45:00,,ICEQ
2021-01-06 03:00:00,,ICEQ
2021-01-06 03:15:00,,ICEQ
2021-01-06 03:30:00,,ICEQ
2021-01-06 03:45:00,,ICEQ
2021-01-06 04:00:00,,ICEQ
2021-01-06 04:15:00,,ICEQ
2021-01-06 04:30:00,,ICEQ
2021-01-06 04:45:00,,ICEQ
2021-01-06 05:00:00,,ICEQ
2021-01-06 05:15:00,,ICEQ
2021-01-06 05:30:00,,ICEQ
2021-01-06 05:45:00,,ICEQ
2021-01-06 06:00:00,,ICEQ
2021-01-06 06:15:00,,ICEQ
2021-01-06 06:30:00,,ICEQ
2021-01-06 06:45:00,,ICEQ
2021-01-06 07:00:00,,ICEQ
2021-01-06 07:15:00,,ICEQ
2021-01-06 07:30:00,,ICEQ
2021-01-06 07:45:00,,ICEQ
2021-01-06 08:00:00,,ICEQ
2021-01-06 08:15:00,,ICEQ
2021-01-06 08:30:00,,ICEQ
2021-01-06 08:45:00,,ICEQ
2021-01-06 09:00:00,,ICEQ
2021-01-06 09:15:00,,ICEQ
2021-01-06 09:30:00,,ICEQ
2021-01-06 09:45:00,,ICEQ
2021-01-06 10:00:00,,ICEQ
2021-01-06 10:15:00,,ICEQ
2021-01-06 10:30:00,,ICEQ
2021-01-06 10:45:00,,ICEQ
2021-01-06 11:00:00,,ICEQ
2021-01-06 11:15:00,,ICEQ
2021-01-06 11:30:00,,ICEQ
2021-01-06 11:45:00,,ICEQ
2021-01-06 12:00:00,,ICEQ
2021-01-06 12:15:00,,ICEQ
2021-01-06 12:30:00,,ICEQ
2021-01-06 12:45:00,,ICEQ
2021-01-06 13:00:00,,ICEQ
2021-01-06 13:15:00,,ICEQ
2021-01-06 13:30:00,,ICEQ
2021-01-06 13:45:00,,ICEQ
2021-01-06 14:00:00,,ICEQ
2021-01-06 14:15:00,,ICEQ
2021-01-06 14:30:00,,ICEQ
2021-01-06 14:45:00,,ICEQ
2021-01-06 15:00:00,,ICEQ
2021-01-06 15:15:00,,ICEQ
2021-01-06 15:30:00,,ICEQ
2021-01-06 15:45:00,,ICEQ
2021-01-06 16:00:00,,ICEQ
2021-01-06 16:15:00,,ICEQ
2021-01-06 16:30:00,,ICEQ
2021-01-06 16:45:00,,ICEQ
2021-01-06 17:00:00,,ICEQ
2021-01-06 17:15:00,,ICEQ
2021-01-06 17:30:00,,ICEQ
2021-01-06 17:45:00,,ICEQ
2021-01-06 18:00:00,,ICEQ
2021-01-06 18:15:00,,ICEQ
2021-01-06 18:30:00,,ICEQ
2021-01-06 18:45:00,,ICEQ
2021-01-06 19:00:00,,ICEQ
2021-01-06 19:15:00,,ICEQ
2021-01-06 19:30:00,,ICEQ
2021-01-06 19:45:00,,ICEQ
2021-01-06 20:00:00,,ICEQ
2021-01-06 20:15:00,,ICEQ
2021-01-06 20:30:00,,ICEQ
2021-01-06 20:45:00,,ICEQ
2021-01-06 21:00:00,,ICEQ
2021-01-06 21:15:00,,ICEQ
2021-01-06 21:30:00,,ICEQ
2021-01-06 21:45:00,,ICEQ
2021-01-06 22:00:00,,ICEQ
2021-01-06 22:15:00,,ICEQ
2021-01-06 22:30:00,,ICEQ
2021-01-06 22:45:00,,ICEQ
2021-01-06 23:00:00,,ICEQ
2021-01-06 23:15:00,,ICEQ
2021-01-06 23:30:00,,ICEQ
2021-01-06 23:45:00,,ICEQ
2021-01-07 00:00:00,,ICEQ
2021-01-07 00:15:00,,ICEQ
2021-01-07 00:30:00,,ICEQ
2021-01-07 00:45:00,,ICEQ
2021-01-07 01:00:00,,ICEQ
2021-01-07 01:15:00,,ICEQ
2021-01-07 01:30:00,,ICEQ
2021-01-07 01:45:00,,ICEQ
2021-01-07 02:00:00,,ICEQ
2021-01-07 02:15:00,,ICEQ
2021-01-07 02:30:00,,ICEQ
2021-01-07 02:45:00,,ICEQ
2021-01-07 03:00:00,,ICEQ
2021-01-07 03:15:00,,ICEQ
2021-01-07 03:30:00,,ICEQ
2021-01-07 03:45:00,,ICEQ
2021-01-07 04:00:00,,ICEQ
2021-01-07 04:15:00,,ICEQ
2021-01-07 04:30:00,,ICEQ
2021-01-07 04:45:00,,ICEQ
2021-01-07 05:00:00,,ICEQ
2021-01-07 05:15:00,,ICEQ
2021-01-07 05:30:00,,ICEQ
2021-01-07 05:45:00,,ICEQ
2021-01-07 06:00:00,,ICEQ
2021-01-07 06:15:00,,ICEQ
2021-01-07 06:30:00,,ICEQ
2021-01-07 06:45:00,,ICEQ
2021-01-07 07:00:00,,ICEQ
2021-01-07 07:15:00,,ICEQ
2021-01-07 07:30:00,,ICEQ
2021-01-07 07:45:00,,ICEQ
2021-01-07 08:00:00,,ICEQ
2021-01-07 08:15:00,,ICEQ
2021-01-07 08:30:00,,ICEQ
2021-01-07 08:45:00,,ICEQ
2021-01-07 09:00:00,,ICEQ
2021-01-07 09:15:00,,ICEQ
2021-01-07 09:30:00,,ICEQ
2021-01-07 09:45:00,,ICEQ
2021-01-07 10:00:00,,ICEQ
2021-01-07 10:15:00,,ICEQ
2021-01-07 10:30:00,,ICEQ
2021-01-07 10:45:00,,ICEQ
2021-01-07 11:00:00,,ICEQ
2021-01-07 11:15:00,,ICEQ
2021-01-07 11:30:00,,ICEQ
2021-01-07 11:45:00,,ICEQ
2021-01-07 12:00:00,,ICEQ
2021-01-07 12:15:00,,ICEQ
2021-01-07 12:30:00,,ICEQ
2021-01-07 12:45:00,,ICEQ
2021-01-07 13:00:00,,ICEQ
2021-01-07 13:15:00,,ICEQ
2021-01-07 13:30:00,,ICEQ
2021-01-07 13:45:00,,ICEQ
2021-01-07 14:00:00,,ICEQ
2021-01-07 14:15:00,20.43,ICEQ
2021-01-07 14:30:00,20.52,ICEQ
2021-01-07 14:45:00,20.47,ICEQ
2021-01-07 15:00:00,20.49,ICEQ
2021-01-07 15:15:00,20.47,ICEQ
2021-01-07 15:30:00,20.44,ICEQ
2021-01-07 15:45:00,20.44,ICEQ
2021-01-07 16:00:00,20.46,ICEQ
2021-01-07 16:15:00,20.5,ICEQ
2021-01-07 16:30:00,20.44,ICEQ
2021-01-07 16:45:00,20.48,ICEQ
2021-01-07 17:00:00,20.51,ICEQ
2021-01-07 17:15:00,20.41,ICEQ
2021-01-07 17:30:00,20.43,ICEQ
2021-01-07 17:45:00,20.43,ICEQ
2021-01-07 18:00:00,20.46,ICEQ
2021-01-07 18:15:00,20.44,ICEQ
2021-01-07 18:30:00,20.46,ICEQ
2021-01-07 18:45:00,20.44,ICEQ
2021-01-07 19:00:00,20.42,ICEQ
2021-01-07 19:15:00,20.53,ICEQ
2021-01-07 19:30:00,20.5,ICEQ
2021-01-07 19:45:00,20.45,ICEQ
2021-01-07 20:00:00,20.49,ICEQ
2021-01-07 20:15:00,20.46,ICEQ
2021-01-07 20:30:00,20.56,ICEQ
2021-01-07 20:45:00,20.44,ICEQ
2021-01-07 21:00:00,20.45,ICEQ
2021-01-07 21:15:00,20.42,ICEQ
2021-01-07 21:30:00,20.48,ICEQ
2021-01-07 21:45:00,20.44,ICEQ
2021-01-07 22:00:00,20.39,ICEQ
2021-01-07 22:15:00,20.45,ICEQ
2021-01-07 22:30:00,20.45,ICEQ
2021-01-07 22:45:00,20.42,ICEQ
2021-01-07 23:00:00,20.43,ICEQ
2021-01-07 23:15:00,20.43,ICEQ
2021-01-07 23:30:00,20.42,ICEQ
2021-01-07 23:45:00,20.41,ICEQ
2021-01-08 00:00:00,20.37,ICEQ
2021-01-08 00:15:00,20.38,ICEQ
2021-01-08 00:30:00,20.37,ICEQ
2021-01-08 00:45:00,20.4,ICEQ
2021-01-08 01:00:00,20.43,ICEQ
2021-01-08 01:15:00,20.43,ICEQ
2021-01-08 01:30:00,20.4,ICEQ
2021-01-08 01:45:00,20.32,ICEQ
2021-01-08 02:00:00,20.36,ICEQ
2021-01-08 02:15:00,20.43,ICEQ
2021-01-08 02:30:00,20.4,ICEQ
2021-01-08 02:45:00,20.43,ICEQ
2021-01-08 03:00:00,20.4,ICEQ
2021-01-08 03:15:00,20.41,ICEQ
2021-01-08 03:30:00,20.36,ICEQ
2021-01-08 03:45:00,20.38,ICEQ
2021-01-08 04:00:00,20.39,ICEQ
2021-01-08 04:15:00,20.37,ICEQ
2021-01-08 04:30:00,20.37,ICEQ
2021-01-08 04:45:00,20.39,ICEQ
2021-01-08 05:00:00,20.39,ICEQ
2021-01-08 05:15:00,20.38,ICEQ
2021-01-08 05:30:00,20.32,ICEQ
2021-01-08 05:45:00,20.46,ICEQ
2021-01-08 06:00:00,20.37,ICEQ
2021-01-08 06:15:00,20.39,ICEQ
2021-01-08 06:30:00,20.4,ICEQ
2021-01-08 06:45:00,20.47,ICEQ
2021-01-08 07:00:00,20.38,ICEQ
2021-01-08 07:15:00,20.38,ICEQ
2021-01-08 07:30:00,20.39,ICEQ
2021-01-08 07:45:00,20.37,ICEQ
2021-01-08 08:00:00,20.38,ICEQ
2021-01-08 08:15:00,20.37,ICEQ
2021-01-08 08:30:00,20.39,ICEQ
2021-01-08 08:45:00,20.37,ICEQ
2021-01-08 09:00:00,20.35,ICEQ
2021-01-08 09:15:00,20.28,ICEQ
2021-01-08 09:30:00,20.31,ICEQ
2021-01-08 09:45:00,20.31,ICEQ
2021-01-08 10:00:00,20.3,ICEQ
2021-01-08 10:15:00,20.28,ICEQ
2021-01-08 10:30:00,20.33,ICEQ
2021-01-08 10:45:00,20.29,ICEQ
2021-01-08 11:00:00,20.26,ICEQ
2021-01-08 11:15:00,20.33,ICEQ
2021-01-08 11:30:00,20.3,ICEQ
2021-01-08 11:45:00,20.3,ICEQ
2021-01-08 12:00:00,20.31,ICEQ
2021-01-08 12:15:00,20.32,ICEQ
2021-01-08 12:30:00,20.31,ICEQ
2021-01-08 12:45:00,20.31,ICEQ
2021-01-08 13:00:00,20.33,ICEQ
2021-01-08 13:15:00,20.36,ICEQ
2021-01-08 13:30:00,20.3,ICEQ
2021-01-08 13:45:00,20.33,ICEQ
2021-01-08 14:00:00,20.37,ICEQ
2021-01-08 14:15:00,20.32,ICEQ
2021-01-08 14:30:00,20.37,ICEQ
2021-01-08 14:45:00,20.43,ICEQ
2021-01-08 15:00:00,20.4,ICEQ
2021-01-08 15:15:00,20.46,ICEQ
2021-01-08 15:30:00,20.42,ICEQ
2021-01-08 15:45:00,20.44,ICEQ
2021-01-08 16:00:00,20.44,ICEQ
2021-01-08 16:15:00,20.51,ICEQ
2021-01-08 16:30:00,20.47,ICEQ
2021-01-08 16:45:00,20.44,ICEQ
2021-01-08 17:00:00,20.5,ICEQ
2021-01-08 17:15:00,20.46,ICEQ
2021-01-08 17:30:00,20.42,ICEQ
2021-01-08 17:45:00,20.41,ICEQ
2021-01-08 18:00:00,20.47,ICEQ
2021-01-08 18:15:00,20.47,ICEQ
2021-01-08 18:30:00,20.42,ICEQ
2021-01-08 18:45:00,20.44,ICEQ
2021-01-08 19:00:00,20.47,ICEQ
2021-01-08 19:15:00,20.44,ICEQ
2021-01-08 19:30:00,20.42,ICEQ
2021-01-08 19:45:00,20.43,ICEQ
2021-01-08 20:00:00,20.49,ICEQ
2021-01-08 20:15:00,20.43,ICEQ
2021-01-08 20:30:00,20.46,ICEQ
2021-01-08 20:45:00,20.46,ICEQ
2021-01-08 21:00:00,20.42,ICEQ
2021-01-08 21:15:00,20.46,ICEQ
2021-01-08 21:30:00,20.43,ICEQ
2021-01-08 21:45:00,20.42,ICEQ
2021-01-08 22:00:00,20.4,ICEQ
2021-01-08 22:15:00,20.42,ICEQ
2021-01-08 22:30:00,20.39,ICEQ
2021-01-08 22:45:00,20.38,ICEQ
2021-01-08 23:00:00,20.34,ICEQ
2021-01-08 23:15:00,20.33,ICEQ
2021-01-08 23:30:00,20.33,ICEQ
2021-01-08 23:45:00,20.28,ICEQ
2021-01-09 00:00:00,20.26,ICEQ
2021-01-09 00:15:00,20.31,ICEQ
2021-01-09 00:30:00,20.33,ICEQ
2021-01-09 00:45:00,20.32,ICEQ
2021-01-09 01:00:00,20.31,ICEQ
2021-01-09 01:15:00,20.33,ICEQ
2021-01-09 01:30:00,20.27,ICEQ
2021-01-09 01:45:00,20.29,ICEQ
2021-01-09 02:00:00,20.31,ICEQ
2021-01-09 02:15:00,20.3,ICEQ
2021-01-09 02:30:00,20.27,ICEQ
2021-01-09 02:45:00,20.25,ICEQ
2021-01-09 03:00:00,20.22,ICEQ
2021-01-09 03:15:00,20.27,ICEQ
2021-01-09 03:30:00,20.25,ICEQ
2021-01-09 03:45:00,20.27,ICEQ
2021-01-09 04:00:00,20.27,ICEQ
2021-01-09 04:15:00,20.25,ICEQ
2021-01-09 04:30:00,20.29,ICEQ
2021-01-09 04:45:00,20.22,ICEQ
2021-01-09 05:00:00,20.26,ICEQ
2021-01-09 05:15:00,20.24,ICEQ
2021-01-09 05:30:00,20.26,ICEQ
2021-01-09 05:45:00,20.28,ICEQ
2021-01-09 06:00:00,20.24,ICEQ
2021-01-09 06:15:00,20.22,ICEQ
2021-01-09 06:30:00,,ICEQ
2021-01-09 06:45:00,,ICEQ
2021-01-09 07:00:00,,ICEQ
2021-01-09 07:15:00,,ICEQ
2021-01-09 07:30:00,,ICEQ
2021-01-09 07:45:00,,ICEQ
2021-01-09 08:00:00,,ICEQ
2021-01-09 08:15:00,,ICEQ
2021-01-09 08:30:00,,ICEQ
2021-01-09 08:45:00,,ICEQ
2021-01-09 09:00:00,,ICEQ
2021-01-09 09:15:00,,ICEQ
2021-01-09 09:30:00,,ICEQ
2021-01-09 09:45:00,,ICEQ
2021-01-09 10:00:00,,ICEQ
2021-01-09 10:15:00,,ICEQ
2021-01-09 10:30:00,,ICEQ
2021-01-09 10:45:00,,ICEQ
2021-01-09 11:00:00,,ICEQ
2021-01-09 11:15:00,,ICEQ
2021-01-09 11:30:00,,ICEQ
2021-01-09 11:45:00,,ICEQ
2021-01-09 12:00:00,,ICEQ
2021-01-09 12:15:00,,ICEQ
2021-01-09 12:30:00,,ICEQ
2021-01-09 12:45:00,,ICEQ
2021-01-09 13:00:00,,ICEQ
2021-01-09 13:15:00,,ICEQ
2021-01-09 13:30:00,,ICEQ
2021-01-09 13:45:00,,ICEQ
2021-01-09 14:00:00,,ICEQ
2021-01-09 14:15:00,,ICEQ
2021-01-09 14:30:00,,ICEQ
2021-01-09 14:45:00,,ICEQ
2021-01-09 15:00:00,,ICEQ
2021-01-09 15:15:00,,ICEQ
2021-01-09 15:30:00,,ICEQ
2021-01-09 15:45:00,,ICEQ
2021-01-09 16:00:00,20.41,ICEQ
2021-01-09 16:15:00,20.42,ICEQ
2021-01-09 16:30:00,20.37,ICEQ
2021-01-09 16:45:00,20.45,ICEQ
2021-01-09 17:00:00,20.4,ICEQ
2021-01-09 17:15:00,20.4,ICEQ
2021-01-09 17:30:00,20.39,ICEQ
2021-01-09 17:45:00,20.39,ICEQ
2021-01-09 18:00:00,20.4,ICEQ
2021-01-09 18:15:00,20.39,ICEQ
2021-01-09 18:30:00,20.38,ICEQ
2021-01-09 18:45:00,20.36,ICEQ
2021-01-09 19:00:00,20.37,ICEQ
2021-01-09 19:15:00,20.32,ICEQ
2021-01-09 19:30:00,20.36,ICEQ
2021-01-09 19:45:00,20.38,ICEQ
2021-01-09 20:00:00,20.32,ICEQ
2021-01-09 20:15:00,20.31,ICEQ
2021-01-09 20:30:00,20.34,ICEQ
2021-01-09 20:45:00,20.31,ICEQ
2021-01-09 21:00:00,20.38,ICEQ
2021-01-09 21:15:00,20.27,ICEQ
2021-01-09 21:30:00,20.28,ICEQ
2021-01-09 21:45:00,20.29,ICEQ
2021-01-09 22:00:00,20.25,ICEQ
2021-01-09 22:15:00,20.29,ICEQ
2021-01-09 22:30:00,20.21,ICEQ
2021-01-09 22:45:00,20.24,ICEQ
2021-01-09 23:00:00,20.24,ICEQ
2021-01-09 23:15:00,20.25,ICEQ
2021-01-09 23:30:00,20.24,ICEQ
2021-01-09 23:45:00,20.25,ICEQ
2021-01-10 00:00:00,,ICEQ
2021-01-10 00:15:00,,ICEQ
2021-01-10 00:30:00,,ICEQ
2021-01-10 00:45:00,,ICEQ
2021-01-10 01:00:00,,ICEQ
2021-01-10 01:15:00,,ICEQ
2021-01-10 01:30:00,,ICEQ
2021-01-10 01:45:00,,ICEQ
2021-01-10 02:00:00,,ICEQ
2021-01-10 02:15:00,,ICEQ
2021-01-10 02:30:00,,ICEQ
2021-01-10 02:45:00,,ICEQ
2021-01-10 03:00:00,,ICEQ
2021-01-10 03:15:00,,ICEQ
2021-01-10 03:30:00,,ICEQ
2021-01-10 03:45:00,,ICEQ
2021-01-10 04:00:00,,ICEQ
2021-01-10 04:15:00,,ICEQ
2021-01-10 04:30:00,,ICEQ
2021-01-10 04:45:00,,ICEQ
2021-01-10 05:00:00,,ICEQ
2021-01-10 05:15:00,,ICEQ
2021-01-10 05:30:00,,ICEQ
2021-01-10 05:45:00,,ICEQ
2021-01-10 06:00:00,,ICEQ
2021-01-10 06:15:00,,ICEQ
2021-01-10 06:30:00,,ICEQ
2021-01-10 06:45:00,,ICEQ
2021-01-10 07:00:00,,ICEQ
2021-01-10 07:15:00,,ICEQ
2021-01-10 07:30:00,,ICEQ
2021-01-10 07:45:00,,ICEQ
2021-01-10 08:00:00,,ICEQ
2021-01-10 08:15:00,,ICEQ
2021-01-10 08:30:00,,ICEQ
2021-01-10 08:45:00,,ICEQ
2021-01-10 09:00:00,,ICEQ
2021-01-10 09:15:00,,ICEQ
2021-01-10 09:30:00,,ICEQ
2021-01-10 09:45:00,,ICEQ
2021-01-10 10:00:00,,ICEQ
2021-01-10 10:15:00,,ICEQ
2021-01-10 10:30:00,,ICEQ
2021-01-10 10:45:00,,ICEQ
2021-01-10 11:00:00,,ICEQ
2021-01-10 11:15:00,,ICEQ
2021-01-10 11:30:00,,ICEQ
2021-01-10 11:45:00,,ICEQ
2021-01-10 12:00:00,,ICEQ
2021-01-10 12:15:00,,ICEQ
2021-01-10 12:30:00,,ICEQ
2021-01-10 12:45:00,,ICEQ
2021-01-10 13:00:00,,ICEQ
2021-01-10 13:15:00,,ICEQ
2021-01-10 13:30:00,,ICEQ
2021-01-10 13:45:00,,ICEQ
2021-01-10 14:00:00,,ICEQ
2021-01-10 14:15:00,,ICEQ
2021-01-10 14:30:00,,ICEQ
2021-01-10 14:45:00,,ICEQ
2021-01-10 15:00:00,,ICEQ
2021-01-10 15:15:00,,ICEQ
2021-01-10 15:30:00,,ICEQ
2021-01-10 15:45:00,,ICEQ
2021-01-10 16:00:00,,ICEQ
2021-01-10 16:15:00,,ICEQ
2021-01-10 16:30:00,,ICEQ
2021-01-10 16:45:00,,ICEQ
2021-01-10 17:00:00,,ICEQ
2021-01-10 17:15:00,,ICEQ
2021-01-10 17:30:00,,ICEQ
2021-01-10 17:45:00,,ICEQ
2021-01-10 18:00:00,,ICEQ
2021-01-10 18:15:00,,ICEQ
2021-01-10 18:30:00,,ICEQ
2021-01-10 18:45:00,,ICEQ
2021-01-10 19:00:00,,ICEQ
2021-01-10 19:15:00,,ICEQ
2021-01-10 19:30:00,,ICEQ
2021-01-10 19:45:00,,ICEQ
2021-01-10 20:00:00,,ICEQ
2021-01-10 20:15:00,,ICEQ
2021-01-10 20:30:00,,ICEQ
2021-01-10 20:45:00,,ICEQ
2021-01-10 21:00:00,,ICEQ
2021-01-10 21:15:00,,ICEQ
2021-01-10 21:30:00,,ICEQ
2021-01-10 21:45:00,,ICEQ
2021-01-10 22:00:00,,ICEQ
2021-01-10 22:15:00,,ICEQ
2021-01-10 22:30:00,,ICEQ
2021-01-10 22:45:00,,ICEQ
2021-01-10 23:00:00,,ICEQ
2021-01-10 23:15:00,,ICEQ
2021-01-10 23:30:00,,ICEQ
2021-01-10 23:45:00,,ICEQ
2021-01-11 00:00:00,,ICEQ
2021-01-11 00:15:00,,ICEQ
2021-01-11 00:30:00,,ICEQ
2021-01-11 00:45:00,,ICEQ
2021-01-11 01:00:00,,ICEQ
2021-01-11 01:15:00,,ICEQ
2021-01-11 01:30:00,,ICEQ
2021-01-11 01:45:00,,ICEQ
2021-01-11 02:00:00,,ICEQ
2021-01-11 02:15:00,,ICEQ
2021-01-11 02:30:00,,ICEQ
2021-01-11 02:45:00,,ICEQ
2021-01-11 03:00:00,,ICEQ
2021-01-11 03:15:00,,ICEQ
2021-01-11 03:30:00,,ICEQ
2021-01-11 03:45:00,,ICEQ
2021-01-11 04:00:00,,ICEQ
2021-01-11 04:15:00,,ICEQ
2021-01-11 04:30:00,,ICEQ
2021-01-11 04:45:00,,ICEQ
2021-01-11 05:00:00,,ICEQ
2021-01-11 05:15:00,,ICEQ
2021-01-11 05:30:00,,ICEQ
2021-01-11 05:45:00,,ICEQ
2021-01-11 06:00:00,,ICEQ
2021-01-11 06:15:00,,ICEQ
2021-01-11 06:30:00,,ICEQ
2021-01-11 06:45:00,,ICEQ
2021-01-11 07:00:00,,ICEQ
2021-01-11 07:15:00,,ICEQ
2021-01-11 07:30:00,,ICEQ
2021-01-11 07:45:00,,ICEQ
2021-01-11 08:00:00,,ICEQ
2021-01-11 08:15:00,,ICEQ
2021-01-11 08:30:00,,ICEQ
2021-01-11 08:45:00,,ICEQ
2021-01-11 09:00:00,,ICEQ
2021-01-11 09:15:00,,ICEQ
2021-01-11 09:30:00,,ICEQ
2021-01-11 09:45:00,,ICEQ
2021-01-11 10:00:00,,ICEQ
2021-01-11 10:15:00,,ICEQ
2021-01-11 10:30:00,,ICEQ
2021-01-11 10:45:00,,ICEQ
2021-01-11 11:00:00,,ICEQ
2021-01-11 11:15:00,,ICEQ
2021-01-11 11:30:00,,ICEQ
2021-01-11 11:45:00,,ICEQ
2021-01-11 12:00:00,,ICEQ
2021-01-11 12:15:00,,ICEQ
2021-01-11 12:30:00,,ICEQ
2021-01-11 12:45:00,,ICEQ
2021-01-11 13:00:00,,ICEQ
2021-01-11 13:15:00,,ICEQ
2021-01-11 13:30:00,,ICEQ
2021-01-11 13:45:00,,ICEQ
2021-01-11 14:00:00,,ICEQ
2021-01-11 14:15:00,,ICEQ
2021-01-11 14:30:00,,ICEQ
2021-01-11 14:45:00,,ICEQ
2021-01-11 15:00:00,,ICEQ
2021-01-11 15:15:00,,ICEQ
2021-01-11 15:30:00,,ICEQ
2021-01-11 15:45:00,,ICEQ
2021-01-11 16:00:00,,ICEQ
2021-01-11 16:15:00,,ICEQ
2021-01-11 16:30:00,,ICEQ
2021-01-11 16:45:00,,ICEQ
2021-01-11 17:00:00,,ICEQ
2021-01-11 17:15:00,,ICEQ
2021-01-11 17:30:00,,ICEQ
2021-01-11 17:45:00,,ICEQ
2021-01-11 18:00:00,,ICEQ
2021-01-11 18:15:00,,ICEQ
2021-01-11 18:30:00,,ICEQ
2021-01-11 18:45:00,,ICEQ
2021-01-11 19:00:00,,ICEQ
2021-01-11 19:15:00,,ICEQ
2021-01-11 19:30:00,,ICEQ
2021-01-11 19:45:00,,ICEQ
2021-01-11 20:00:00,,ICEQ
2021-01-11 20:15:00,,ICEQ
2021-01-11 20:30:00,,ICEQ
2021-01-11 20:45:00,,ICEQ
2021-01-11 21:00:00,,ICEQ
2021-01-11 21:15:00,,ICEQ
2021-01-11 21:30:00,,ICEQ
2021-01-11 21:45:00,,ICEQ
2021-01-11 22:00:00,,ICEQ
2021-01-11 22:15:00,,ICEQ
2021-01-11 22:30:00,,ICEQ
2021-01-11 22:45:00,,ICEQ
2021-01-11 23:00:00,,ICEQ
2021-01-11 23:15:00,,ICEQ
2021-01-11 23:30:00,,ICEQ
2021-01-11 23:45:00,,ICEQ
2021-01-12 00:00:00,,ICEQ
2021-01-12 00:15:00,,ICEQ
2021-01-12 00:30:00,,ICEQ
2021-01-12 00:45:00,,ICEQ
2021-01-12 01:00:00,,ICEQ
2021-01-12 01:15:00,,ICEQ
2021-01-12 01:30:00,,ICEQ
2021-01-12 01:45:00,,ICEQ
2021-01-12 02:00:00,,ICEQ
2021-01-12 02:15:00,,ICEQ
2021-01-12 02:30:00,,ICEQ
2021-01-12 02:45:00,,ICEQ
2021-01-12 03:00:00,,ICEQ
2021-01-12 03:15:00,,ICEQ
2021-01-12 03:30:00,,ICEQ
2021-01-12 03:45:00,,ICEQ
2021-01-12 04:00:00,,ICEQ
2021-01-12 04:15:00,,ICEQ
2021-01-12 04:30:00,,ICEQ
2021-01-12 04:45:00,,ICEQ
2021-01-12 05:00:00,,ICEQ
2021-01-12 05:15:00,,ICEQ
2021-01-12 05:30:00,,ICEQ
2021-01-12 05:45:00,,ICEQ
2021-01-12 06:00:00,,ICEQ
2021-01-12 06:15:00,,ICEQ
2021-01-12 06:30:00,,ICEQ
2021-01-12 06:45:00,,ICEQ
2021-01-12 07:00:00,,ICEQ
2021-01-12 07:15:00,,ICEQ
2021-01-12 07:30:00,,ICEQ
2021-01-12 07:45:00,,ICEQ
2021-01-12 08:00:00,,ICEQ
2021-01-12 08:15:00,,ICEQ
2021-01-12 08:30:00,,ICEQ
2021-01-12 08:45:00,,ICEQ
2021-01-12 09:00:00,,ICEQ
2021-01-12 09:15:00,,ICEQ
2021-01-12 09:30:00,,ICEQ
2021-01-12 09:45:00,,ICEQ
2021-01-12 10:00:00,,ICEQ
2021-01-12 10:15:00,,ICEQ
2021-01-12 10:30:00,,ICEQ
2021-01-12 10:45:00,,ICEQ
2021-01-12 11:00:00,,ICEQ
2021-01-12 11:15:00,,ICEQ
2021-01-12 11:30:00,,ICEQ
2021-01-12 11:45:00,,ICEQ
2021-01-12 12:00:00,,ICEQ
2021-01-12 12:15:00,,ICEQ
2021-01-12 12:30:00,,ICEQ
2021-01-12 12:45:00,,ICEQ
2021-01-12 13:00:00,,ICEQ
2021-01-12 13:15:00,,ICEQ
2021-01-12 13:30:00,,ICEQ
2021-01-12 13:45:00,,ICEQ
2021-01-12 14:00:00,,ICEQ
2021-01-12 14:15:00,,ICEQ
2021-01-12 14:30:00,,ICEQ
2021-01-12 14:45:00,,ICEQ
2021-01-12 15:00:00,,ICEQ
2021-01-12 15:15:00,,ICEQ
2021-01-12 15:30:00,,ICEQ
2021-01-12 15:45:00,,ICEQ
2021-01-12 16:00:00,,ICEQ
2021-01-12 16:15:00,,ICEQ
2021-01-12 16:30:00,,ICEQ
2021-01-12 16:45:00,,ICEQ
2021-01-12 17:00:00,,ICEQ
2021-01-12 17:15:00,,ICEQ
2021-01-12 17:30:00,,ICEQ
2021-01-12 17:45:00,,ICEQ
2021-01-12 18:00:00,,ICEQ
2021-01-12 18:15:00,,ICEQ
2021-01-12 18:30:00,,ICEQ
2021-01-12 18:45:00,,ICEQ
2021-01-12 19:00:00,,ICEQ
2021-01-12 19:15:00,,ICEQ
2021-01-12 19:30:00,,ICEQ
2021-01-12 19:45:00,,ICEQ
2021-01-12 20:00:00,,ICEQ
2021-01-12 20:15:00,,ICEQ
2021-01-12 20:30:00,,ICEQ
2021-01-12 20:45:00,,ICEQ
2021-01-12 21:00:00,,ICEQ
2021-01-12 21:15:00,,ICEQ
2021-01-12 21:30:00,,ICEQ
2021-01-12 21:45:00,,ICEQ
2021-01-12 22:00:00,,ICEQ
2021-01-12 22:15:00,,ICEQ
2021-01-12 22:30:00,,ICEQ
2021-01-12 22:45:00,,ICEQ
2021-01-12 23:00:00,,ICEQ
2021-01-12 23:15:00,,ICEQ
2021-01-12 23:30:00,,ICEQ
2021-01-12 23:45:00,,ICEQ
2021-01-13 00:00:00,,ICEQ
2021-01-13 00:15:00,,ICEQ
2021-01-13 00:30:00,,ICEQ
2021-01-13 00:45:00,,ICEQ
2021-01-13 01:00:00,,ICEQ
2021-01-13 01:15:00,,ICEQ
2021-01-13 01:30:00,,ICEQ
2021-01-13 01:45:00,,ICEQ
2021-01-13 02:00:00,,ICEQ
2021-01-13 02:15:00,,ICEQ
2021-01-13 02:30:00,,ICEQ
2021-01-13 02:45:00,,ICEQ
2021-01-13 03:00:00,,ICEQ
2021-01-13 03:15:00,,ICEQ
2021-01-13 03:30:00,,ICEQ
2021-01-13 03:45:00,,ICEQ
2021-01-13 04:00:00,,ICEQ
2021-01-13 04:15:00,,ICEQ
2021-01-13 04:30:00,,ICEQ
2021-01-13 04:45:00,,ICEQ
2021-01-13 05:00:00,,ICEQ
2021-01-13 05:15:00,,ICEQ
2021-01-13 05:30:00,,ICEQ
2021-01-13 05:45:00,,ICEQ
2021-01-13 06:00:00,,ICEQ
2021-01-13 06:15:00,,ICEQ
2021-01-13 06:30:00,,ICEQ
2021-01-13 06:45:00,,ICEQ
2021-01-13 07:00:00,,ICEQ
2021-01-13 07:15:00,,ICEQ
2021-01-13 07:30:00,,ICEQ
2021-01-13 07:45:00,,ICEQ
2021-01-13 08:00:00,,ICEQ
2021-01-13 08:15:00,,ICEQ
2021-01-13 08:30:00,,ICEQ
2021-01-13 08:45:00,,ICEQ
2021-01-13 09:00:00,,ICEQ
2021-01-13 09:15:00,,ICEQ
2021-01-13 09:30:00,,ICEQ
2021-01-13 09:45:00,,ICEQ
2021-01-13 10:00:00,,ICEQ
2021-01-13 10:15:00,,ICEQ
2021-01-13 10:30:00,,ICEQ
2021-01-13 10:45:00,,ICEQ
2021-01-13 11:00:00,,ICEQ
2021-01-13 11:15:00,,ICEQ
2021-01-13 11:30:00,,ICEQ
2021-01-13 11:45:00,,ICEQ
2021-01-13 12:00:00,,ICEQ
2021-01-13 12:15:00,,ICEQ
2021-01-13 12:30:00,,ICEQ
2021-01-13 12:45:00,,ICEQ
2021-01-13 13:00:00,,ICEQ
2021-01-13 13:15:00,,ICEQ
2021-01-13 13:30:00,,ICEQ
2021-01-13 13:45:00,,ICEQ
2021-01-13 14:00:00,,ICEQ
2021-01-13 14:15:00,,ICEQ
2021-01-13 14:30:00,,ICEQ
2021-01-13 14:45:00,,ICEQ
2021-01-13 15:00:00,,ICEQ
2021-01-13 15:15:00,,ICEQ
2021-01-13 15:30:00,,ICEQ
2021-01-13 15:45:00,,ICEQ
2021-01-13 16:00:00,,ICEQ
2021-01-13 16:15:00,,ICEQ
2021-01-13 16:30:00,,ICEQ
2021-01-13 16:45:00,,ICEQ
2021-01-13 17:00:00,,ICEQ
2021-01-13 17:15:00,,ICEQ
2021-01-13 17:30:00,,ICEQ
2021-01-13 17:45:00,,ICEQ
2021-01-13 18:00:00,,ICEQ
2021-01-13 18:15:00,,ICEQ
2021-01-13 18:30:00,,ICEQ
2021-01-13 18:45:00,,ICEQ
2021-01-13 19:00:00,,ICEQ
2021-01-13 19:15:00,,ICEQ
2021-01-13 19:30:00,,ICEQ
2021-01-13 19:45:00,,ICEQ
2021-01-13 20:00:00,,ICEQ
2021-01-13 20:15:00,,ICEQ
2021-01-13 20:30:00,,ICEQ
2021-01-13 20:45:00,,ICEQ
2021-01-13 21:00:00,,ICEQ
2021-01-13 21:15:00,,ICEQ
2021-01-13 21:30:00,,ICEQ
2021-01-13 21:45:00,,ICEQ
2021-01-13 22:00:00,,ICEQ
2021-01-13 22:15:00,,ICEQ
2021-01-13 22:30:00,,ICEQ
2021-01-13 22:45:00,,ICEQ
2021-01-13 23:00:00,,ICEQ
2021-01-13 23:15:00,,ICEQ
2021-01-13 23:30:00,,ICEQ
2021-01-13 23:45:00,,ICEQ
2021-01-14 00:00:00,,ICEQ
2021-01-14 00:15:00,,ICEQ
2021-01-14 00:30:00,,ICEQ
2021-01-14 00:45:00,,ICEQ
2021-01-14 01:00:00,,ICEQ
2021-01-14 01:15:00,,ICEQ
2021-01-14 01:30:00,,ICEQ
2021-01-14 01:45:00,,ICEQ
2021-01-14 02:00:00,,ICEQ
2021-01-14 02:15:00,,ICEQ
2021-01-14 02:30:00,,ICEQ
2021-01-14 02:45:00,,ICEQ
2021-01-14 03:00:00,,ICEQ
2021-01-14 03:15:00,,ICEQ
2021-01-14 03:30:00,,ICEQ
2021-01-14 03:45:00,,ICEQ
2021-01-14 04:00:00,,ICEQ
2021-01-14 04:15:00,,ICEQ
2021-01-14 04:30:00,,ICEQ
2021-01-14 04:45:00,,ICEQ
2021-01-14 05:00:00,,ICEQ
2021-01-14 05:15:00,,ICEQ
2021-01-14 05:30:00,,ICEQ
2021-01-14 05:45:00,,ICEQ
2021-01-14 06:00:00,,ICEQ
2021-01-14 06:15:00,,ICEQ
2021-01-14 06:30:00,,ICEQ
2021-01-14 06:45:00,,ICEQ
2021-01-14 07:00:00,,ICEQ
2021-01-14 07:15:00,,ICEQ
2021-01-14 07:30:00,,ICEQ
2021-01-14 07:45:00,,ICEQ
2021-01-14 08:00:00,,ICEQ
2021-01-14 08:15:00,,ICEQ
2021-01-14 08:30:00,,ICEQ
2021-01-14 08:45:00,,ICEQ
2021-01-14 09:00:00,,ICEQ
2021-01-14 09:15:00,,ICEQ
2021-01-14 09:30:00,,ICEQ
2021-01-14 09:45:00,,ICEQ
2021-01-14 10:00:00,,ICEQ
2021-01-14 10:15:00,,ICEQ
2021-01-14 10:30:00,,ICEQ
2021-01-14 10:45:00,,ICEQ
2021-01-14 11:00:00,,ICEQ
2021-01-14 11:15:00,,ICEQ
2021-01-14 11:30:00,,ICEQ
2021-01-14 11:45:00,,ICEQ
2021-01-14 12:00:00,,ICEQ
2021-01-14 12:15:00,,ICEQ
2021-01-14 12:30:00,,ICEQ
2021-01-14 12:45:00,,ICEQ
2021-01-14 13:00:00,,ICEQ
2021-01-14 13:15:00,,ICEQ
2021-01-14 13:30:00,,ICEQ
2021-01-14 13:45:00,,ICEQ
2021-01-14 14:00:00,,ICEQ
2021-01-14 14:15:00,,ICEQ
2021-01-14 14:30:00,,ICEQ
2021-01-14 14:45:00,,ICEQ
2021-01-14 15:00:00,,ICEQ
2021-01-14 15:15:00,,ICEQ
2021-01-14 15:30:00,,ICEQ
2021-01-14 15:45:00,,ICEQ
2021-01-14 16:00:00,,ICEQ
2021-01-14 16:15:00,,ICEQ
2021-01-14 16:30:00,,ICEQ
2021-01-14 16:45:00,,ICEQ
2021-01-14 17:00:00,,ICEQ
2021-01-14 17:15:00,,ICEQ
2021-01-14 17:30:00,,ICEQ
2021-01-14 17:45:00,,ICEQ
2021-01-14 18:00:00,,ICEQ
2021-01-14 18:15:00,,ICEQ
2021-01-14 18:30:00,,ICEQ
2021-01-14 18:45:00,,ICEQ
2021-01-14 19:00:00,,ICEQ
2021-01-14 19:15:00,,ICEQ
2021-01-14 19:30:00,,ICEQ
2021-01-14 19:45:00,,ICEQ
2021-01-14 20:00:00,,ICEQ
2021-01-14 20:15:00,,ICEQ
2021-01-14 20:30:00,,ICEQ
2021-01-14 20:45:00,,ICEQ
2021-01-14 21:00:00,,ICEQ
2021-01-14 21:15:00,,ICEQ
2021-01-14 21:30:00,,ICEQ
2021-01-14 21:45:00,,ICEQ
2021-01-14 22:00:00,,ICEQ
2021-01-14 22:15:00,,ICEQ
2021-01-14 22:30:00,,ICEQ
2021-01-14 22:45:00,,ICEQ
2021-01-14 23:00:00,,ICEQ
2021-01-14 23:15:00,,ICEQ
2021-01-14 23:30:00,,ICEQ
2021-01-14 23:45:00,,ICEQ
2021-01-15 00:00:00,,ICEQ
2021-01-15 00:15:00,,ICEQ
2021-01-15 00:30:00,,ICEQ
2021-01-15 00:45:00,,ICEQ
2021-01-15 01:00:00,,ICEQ
2021-01-15 01:15:00,,ICEQ
2021-01-15 01:30:00,,ICEQ
2021-01-15 01:45:00,,ICEQ
2021-01-15 02:00:00,,ICEQ
2021-01-15 02:15:00,,ICEQ
2021-01-15 02:30:00,,ICEQ
2021-01-15 02:45:00,,ICEQ
2021-01-15 03:00:00,,ICEQ
2021-01-15 03:15:00,,ICEQ
2021-01-15 03:30:00,,ICEQ
2021-01-15 03:45:00,,ICEQ
2021-01-15 04:00:00,,ICEQ
2021-01-15 04:15:00,,ICEQ
2021-01-15 04:30:00,,ICEQ
2021-01-15 04:45:00,,ICEQ
2021-01-15 05:00:00,,ICEQ
2021-01-15 05:15:00,,ICEQ
2021-01-15 05:30:00,,ICEQ
2021-01-15 05:45:00,,ICEQ
2021-01-15 06:00:00,,ICEQ
2021-01-15 06:15:00,,ICEQ
2021-01-15 06:30:00,,ICEQ
2021-01-15 06:45:00,,ICEQ
2021-01-15 07:00:00,,ICEQ
2021-01-15 07:15:00,,ICEQ
2021-01-15 07:30:00,,ICEQ
2021-01-15 07:45:00,,ICEQ
2021-01-15 08:00:00,,ICEQ
2021-01-15 08:15:00,,ICEQ
2021-01-15 08:30:00,,ICEQ
2021-01-15 08:45:00,,ICEQ
2021-01-15 09:00:00,,ICEQ
2021-01-15 09:15:00,,ICEQ
2021-01-15 09:30:00,,ICEQ
2021-01-15 09:45:00,,ICEQ
2021-01-15 10:00:00,,ICEQ
2021-01-15 10:15:00,,ICEQ
2021-01-15 10:30:00,,ICEQ
2021-01-15 10:45:00,,ICEQ
2021-01-15 11:00:00,,ICEQ
2021-01-15 11:15:00,,ICEQ
2021-01-15 11:30:00,,ICEQ
2021-01-15 11:45:00,,ICEQ
2021-01-15 12:00:00,,ICEQ
2021-01-15 12:15:00,,ICEQ
2021-01-15 12:30:00,,ICEQ
2021-01-15 12:45:00,,ICEQ
2021-01-15 13:00:00,,ICEQ
2021-01-15 13:15:00,,ICEQ
2021-01-15 13:30:00,,ICEQ
2021-01-15 13:45:00,,ICEQ
2021-01-15 14:00:00,,ICEQ
2021-01-15 14:15:00,,ICEQ
2021-01-15 14:30:00,,ICEQ
2021-01-15 14:45:00,,ICEQ
2021-01-15 15:00:00,,ICEQ
2021-01-15 15:15:00,,ICEQ
2021-01-15 15:30:00,,ICEQ
2021-01-15 15:45:00,,ICEQ
2021-01-15 16:00:00,,ICEQ
2021-01-15 16:15:00,,ICEQ
2021-01-15 16:30:00,,ICEQ
2021-01-15 16:45:00,,ICEQ
2021-01-15 17:00:00,,ICEQ
2021-01-15 17:15:00,,ICEQ
2021-01-15 17:30:00,,ICEQ
2021-01-15 17:45:00,,ICEQ
2021-01-15 18:00:00,,ICEQ
2021-01-15 18:15:00,,ICEQ
2021-01-15 18:30:00,,ICEQ
2021-01-15 18:45:00,,ICEQ
2021-01-15 19:00:00,,ICEQ
2021-01-15 19:15:00,,ICEQ
2021-01-15 19:30:00,,ICEQ
2021-01-15 19:45:00,,ICEQ
2021-01-15 20:00:00,,ICEQ
2021-01-15 20:15:00,,ICEQ
2021-01-15 20:30:00,,ICEQ
2021-01-15 20:45:00,,ICEQ
2021-01-15 21:00:00,,ICEQ
2021-01-15 21:15:00,,ICEQ
2021-01-15 21:30:00,,ICEQ
2021-01-15 21:45:00,,ICEQ
2021-01-15 22:00:00,,ICEQ
2021-01-15 22:15:00,,ICEQ
2021-01-15 22:30:00,,ICEQ
2021-01-15 22:45:00,,ICEQ
2021-01-15 23:00:00,,ICEQ
2021-01-15 23:15:00,,ICEQ
2021-01-15 23:30:00,,ICEQ
2021-01-15 23:45:00,,ICEQ
2021-01-16 00:00:00,,ICEQ
2021-01-16 00:15:00,,ICEQ
2021-01-16 00:30:00,,ICEQ
2021-01-16 00:45:00,,ICEQ
2021-01-16 01:00:00,,ICEQ
2021-01-16 01:15:00,,ICEQ
2021-01-16 01:30:00,,ICEQ
2021-01-16 01:45:00,19.94,ICEQ
2021-01-16 02:00:00,19.96,ICEQ
2021-01-16 02:15:00,19.97,ICEQ
2021-01-16 02:30:00,19.87,ICEQ
2021-01-16 02:45:00,19.86,ICEQ
2021-01-16 03:00:00,19.87,ICEQ
2021-01-16 03:15:00,19.83,ICEQ
2021-01-16 03:30:00,19.84,ICEQ
2021-01-16 03:45:00,19.87,ICEQ
2021-01-16 04:00:00,19.89,ICEQ
2021-01-16 04:15:00,19.88,ICEQ
2021-01-16 04:30:00,19.89,ICEQ
2021-01-16 04:45:00,19.92,ICEQ
2021-01-16 05:00:00,19.89,ICEQ
2021-01-16 05:15:00,19.88,ICEQ
2021-01-16 05:30:00,19.94,ICEQ
2021-01-16 05:45:00,19.88,ICEQ
2021-01-16 06:00:00,19.88,ICEQ
2021-01-16 06:15:00,19.86,ICEQ
2021-01-16 06:30:00,19.85,ICEQ
2021-01-16 06:45:00,19.86,ICEQ
2021-01-16 07:00:00,19.81,ICEQ
2021-01-16 07:15:00,19.81,ICEQ
2021-01-16 07:30:00,19.87,ICEQ
2021-01-16 07:45:00,19.86,ICEQ
2021-01-16 08:00:00,19.92,ICEQ
2021-01-16 08:15:00,19.85,ICEQ
2021-01-16 08:30:00,19.86,ICEQ
2021-01-16 08:45:00,19.84,ICEQ
2021-01-16 09:00:00,19.79,ICEQ
2021-01-16 09:15:00,19.83,ICEQ
2021-01-16 09:30:00,19.83,ICEQ
2021-01-16 09:45:00,19.76,ICEQ
2021-01-16 10:00:00,19.84,ICEQ
2021-01-16 10:15:00,19.82,ICEQ
2021-01-16 10:30:00,19.82,ICEQ
2021-01-16 10:45:00,19.81,ICEQ
2021-01-16 11:00:00,19.82,ICEQ
2021-01-16 11:15:00,19.82,ICEQ
2021-01-16 11:30:00,19.79,ICEQ
2021-01-16 11:45:00,19.87,ICEQ
2021-01-16 12:00:00,19.83,ICEQ
2021-01-16 12:15:00,19.84,ICEQ
2021-01-16 12:30:00,19.87,ICEQ
2021-01-16 12:45:00,19.85,ICEQ
2021-01-16 13:00:00,19.88,ICEQ
2021-01-16 13:15:00,19.91,ICEQ
2021-01-16 13:30:00,19.86,ICEQ
2021-01-16 13:45:00,19.9,ICEQ
2021-01-16 14:00:00,19.95,ICEQ
2021-01-16 14:15:00,19.89,ICEQ
2021-01-16 14:30:00,19.99,ICEQ
2021-01-16 14:45:00,19.99,ICEQ
2021-01-16 15:00:00,20.06,ICEQ
2021-01-16 15:15:00,20.02,ICEQ
2021-01-16 15:30:00,20.04,ICEQ
2021-01-16 15:45:00,20.09,ICEQ
2021-01-16 16:00:00,20.08,ICEQ
2021-01-16 16:15:00,20.02,ICEQ
2021-01-16 16:30:00,20.03,ICEQ
2021-01-16 16:45:00,20.09,ICEQ
2021-01-16 17:00:00,19.99,ICEQ
2021-01-16 17:15:00,20.01,ICEQ
2021-01-16 17:30:00,19.98,ICEQ
2021-01-16 17:45:00,19.99,ICEQ
2021-01-16 18:00:00,19.99,ICEQ
2021-01-16 18:15:00,20.0,ICEQ
2021-01-16 18:30:00,20.01,ICEQ
2021-01-16 18:45:00,19.98,ICEQ
2021-01-16 19:00:00,20.02,ICEQ
2021-01-16 19:15:00,20.02,ICEQ
2021-01-16 19:30:00,20.02,ICEQ
2021-01-16 19:45:00,19.95,ICEQ
2021-01-16 20:00:00,19.93,ICEQ
2021-01-16 20:15:00,19.95,ICEQ
2021-01-16 20:30:00,19.97,ICEQ
2021-01-16 20:45:00,19.97,ICEQ
2021-01-16 21:00:00,19.96,ICEQ
2021-01-16 21:15:00,19.97,ICEQ
2021-01-16 21:30:00,19.9,ICEQ
2021-01-16 21:45:00,19.88,ICEQ
2021-01-16 22:00:00,19.97,ICEQ
2021-01-16 22:15:00,19.9,ICEQ
2021-01-16 22:30:00,19.9,ICEQ
2021-01-16 22:45:00,19.92,ICEQ
2021-01-16 23:00:00,19.87,ICEQ
2021-01-16 23:15:00,19.82,ICEQ
2021-01-16 23:30:00,19.84,ICEQ
2021-01-16 23:45:00,19.85,ICEQ
2021-01-17 00:00:00,19.84,ICEQ
2021-01-17 00:15:00,19.85,ICEQ
2021-01-17 00:30:00,19.86,ICEQ
2021-01-17 00:45:00,19.83,ICEQ
2021-01-17 01:00:00,19.82,ICEQ
2021-01-17 01:15:00,19.85,ICEQ
2021-01-17 01:30:00,,ICEQ
2021-01-17 01:45:00,,ICEQ
2021-01-17 02:00:00,,ICEQ
2021-01-17 02:15:00,,ICEQ
2021-01-17 02:30:00,,ICEQ
2021-01-17 02:45:00,,ICEQ
2021-01-17 03:00:00,,ICEQ
2021-01-17 03:15:00,,ICEQ
2021-01-17 03:30:00,,ICEQ
2021-01-17 03:45:00,,ICEQ
2021-01-17 04:00:00,,ICEQ
2021-01-17 04:15:00,,ICEQ
2021-01-17 04:30:00,,ICEQ
2021-01-17 04:45:00,,ICEQ
2021-01-17 05:00:00,,ICEQ
2021-01-17 05:15:00,,ICEQ
2021-01-17 05:30:00,,ICEQ
2021-01-17 05:45:00,,ICEQ
2021-01-17 06:00:00,,ICEQ
2021-01-17 06:15:00,,ICEQ
2021-01-17 06:30:00,,ICEQ
2021-01-17 06:45:00,,ICEQ
2021-01-17 07:00:00,,ICEQ
2021-01-17 07:15:00,,ICEQ
2021-01-17 07:30:00,,ICEQ
2021-01-17 07:45:00,,ICEQ
2021-01-17 08:00:00,,ICEQ
2021-01-17 08:15:00,,ICEQ
2021-01-17 08:30:00,,ICEQ
2021-01-17 08:45:00,,ICEQ
2021-01-17 09:00:00,,ICEQ
2021-01-17 09:15:00,,ICEQ
2021-01-17 09:30:00,,ICEQ
2021-01-17 09:45:00,,ICEQ
2021-01-17 10:00:00,,ICEQ
2021-01-17 10:15:00,,ICEQ
2021-01-17 10:30:00,,ICEQ
2021-01-17 10:45:00,,ICEQ
2021-01-17 11:00:00,,ICEQ
2021-01-17 11:15:00,,ICEQ
2021-01-17 11:30:00,,ICEQ
2021-01-17 11:45:00,,ICEQ
2021-01-17 12:00:00,,ICEQ
2021-01-17 12:15:00,,ICEQ
2021-01-17 12:30:00,,ICEQ
2021-01-17 12:45:00,,ICEQ
2021-01-17 13:00:00,,ICEQ
2021-01-17 13:15:00,,ICEQ
2021-01-17 13:30:00,,ICEQ
2021-01-17 13:45:00,,ICEQ
2021-01-17 14:00:00,,ICEQ
2021-01-17 14:15:00,,ICEQ
2021-01-17 14:30:00,,ICEQ
2021-01-17 14:45:00,,ICEQ
2021-01-17 15:00:00,,ICEQ
2021-01-17 15:15:00,,ICEQ
2021-01-17 15:30:00,,ICEQ
2021-01-17 15:45:00,,ICEQ
2021-01-17 16:00:00,,ICEQ
2021-01-17 16:15:00,,ICEQ
2021-01-17 16:30:00,,ICEQ
2021-01-17 16:45:00,,ICEQ
2021-01-17 17:00:00,,ICEQ
2021-01-17 17:15:00,,ICEQ
2021-01-17 17:30:00,,ICEQ
2021-01-17 17:45:00,,ICEQ
2021-01-17 18:00:00,,ICEQ
2021-01-17 18:15:00,20.11,ICEQ
2021-01-17 18:30:00,20.08,ICEQ
2021-01-17 18:45:00,20.09,ICEQ
2021-01-17 19:00:00,20.07,ICEQ
2021-01-17 19:15:00,20.1,ICEQ
2021-01-17 19:30:00,20.14,ICEQ
2021-01-17 19:45:00,20.08,ICEQ
2021-01-17 20:00:00,20.02,ICEQ
2021-01-17 20:15:00,20.11,ICEQ
2021-01-17 20:30:00,20.1,ICEQ
2021-01-17 20:45:00,20.04,ICEQ
2021-01-17 21:00:00,20.08,ICEQ
2021-01-17 21:15:00,20.13,ICEQ
2021-01-17 21:30:00,20.1,ICEQ
2021-01-17 21:45:00,20.13,ICEQ
2021-01-17 22:00:00,20.1,ICEQ
2021-01-17 22:15:00,20.06,ICEQ
2021-01-17 22:30:00,20.07,ICEQ
2021-01-17 22:45:00,20.02,ICEQ
2021-01-17 23:00:00,19.99,ICEQ
2021-01-17 23:15:00,20.07,ICEQ
2021-01-17 23:30:00,20.03,ICEQ
2021-01-17 23:45:00,20.06,ICEQ
2021-01-18 00:00:00,20.04,ICEQ
2021-01-18 00:15:00,20.05,ICEQ
2021-01-18 00:30:00,19.97,ICEQ
2021-01-18 00:45:00,19.92,ICEQ
2021-01-18 01:00:00,20.0,ICEQ
2021-01-18 01:15:00,20.02,ICEQ
2021-01-18 01:30:00,20.03,ICEQ
2021-01-18 01:45:00,19.97,ICEQ
2021-01-18 02:00:00,19.97,ICEQ
2021-01-18 02:15:00,19.98,ICEQ
2021-01-18 02:30:00,20.0,ICEQ
2021-01-18 02:45:00,20.02,ICEQ
2021-01-18 03:00:00,19.96,ICEQ
2021-01-18 03:15:00,19.97,ICEQ
2021-01-18 03:30:00,19.93,ICEQ
2021-01-18 03:45:00,19.91,ICEQ
2021-01-18 04:00:00,19.92,ICEQ
2021-01-18 04:15:00,19.97,ICEQ
2021-01-18 04:30:00,19.91,ICEQ
2021-01-18 04:45:00,19.98,ICEQ
2021-01-18 05:00:00,19.99,ICEQ
2021-01-18 05:15:00,19.89,ICEQ
2021-01-18 05:30:00,19.96,ICEQ
2021-01-18 05:45:00,19.9,ICEQ
2021-01-18 06:00:00,19.91,ICEQ
2021-01-18 06:15:00,19.91,ICEQ
2021-01-18 06:30:00,19.93,ICEQ
2021-01-18 06:45:00,19.98,ICEQ
2021-01-18 07:00:00,19.94,ICEQ
2021-01-18 07:15:00,19.93,ICEQ
2021-01-18 07:30:00,19.92,ICEQ
2021-01-18 07:45:00,19.91,ICEQ
2021-01-18 08:00:00,19.91,ICEQ
2021-01-18 08:15:00,19.81,ICEQ
2021-01-18 08:30:00,19.85,ICEQ
2021-01-18 08:45:00,19.89,ICEQ
2021-01-18 09:00:00,19.85,ICEQ
2021-01-18 09:15:00,19.81,ICEQ
2021-01-18 09:30:00,19.85,ICEQ
2021-01-18 09:45:00,19.89,ICEQ
2021-01-18 10:00:00,19.9,ICEQ
2021-01-18 10:15:00,19.88,ICEQ
2021-01-18 10:30:00,19.85,ICEQ
2021-01-18 10:45:00,19.88,ICEQ
2021-01-18 11:00:00,19.88,ICEQ
2021-01-18 11:15:00,19.88,ICEQ
2021-01-18 11:30:00,19.84,ICEQ
2021-01-18 11:45:00,19.85,ICEQ
2021-01-18 12:00:00,19.89,ICEQ
2021-01-18 12:15:00,19.87,ICEQ
2021-01-18 12:30:00,19.86,ICEQ
2021-01-18 12:45:00,19.89,ICEQ
2021-01-18 13:00:00,19.94,ICEQ
2021-01-18 13:15:00,19.96,ICEQ
2021-01-18 13:30:00,19.98,ICEQ
2021-01-18 13:45:00,19.94,ICEQ
2021-01-18 14:00:00,19.97,ICEQ
2021-01-18 14:15:00,20.0,ICEQ
2021-01-18 14:30:00,20.01,ICEQ
2021-01-18 14:45:00,19.98,ICEQ
2021-01-18 15:00:00,20.01,ICEQ
2021-01-18 15:15:00,20.02,ICEQ
2021-01-18 15:30:00,20.02,ICEQ
2021-01-18 15:45:00,19.95,ICEQ
2021-01-18 16:00:00,20.01,ICEQ
2021-01-18 16:15:00,19.99,ICEQ
2021-01-18 16:30:00,20.02,ICEQ
2021-01-18 16:45:00,19.98,ICEQ
2021-01-18 17:00:00,19.96,ICEQ
2021-01-18 17:15:00,19.98,ICEQ
2021-01-18 17:30:00,19.95,ICEQ
2021-01-18 17:45:00,19.95,ICEQ
2021-01-18 18:00:00,19.97,ICEQ
2021-01-18 18:15:00,19.93,ICEQ
2021-01-18 18:30:00,19.88,ICEQ
2021-01-18 18:45:00,19.92,ICEQ
2021-01-18 19:00:00,19.93,ICEQ
2021-01-18 19:15:00,19.86,ICEQ
2021-01-18 19:30:00,19.86,ICEQ
2021-01-18 19:45:00,19.87,ICEQ
2021-01-18 20:00:00,19.84,ICEQ
2021-01-18 20:15:00,19.88,ICEQ
2021-01-18 20:30:00,19.86,ICEQ
2021-01-18 20:45:00,19.8,ICEQ
2021-01-18 21:00:00,19.88,ICEQ
2021-01-18 21:15:00,19.88,ICEQ
2021-01-18 21:30:00,19.83,ICEQ
2021-01-18 21:45:00,19.85,ICEQ
2021-01-18 22:00:00,19.82,ICEQ
2021-01-18 22:15:00,19.82,ICEQ
2021-01-18 22:30:00,19.84,ICEQ
2021-01-18 22:45:00,19.76,ICEQ
2021-01-18 23:00:00,19.81,ICEQ
2021-01-18 23:15:00,19.77,ICEQ
2021-01-18 23:30:00,,ICEQ
2021-01-18 23:45:00,,ICEQ
2021-01-19 00:00:00,,ICEQ
2021-01-19 00:15:00,,ICEQ
2021-01-19 00:30:00,,ICEQ
2021-01-19 00:45:00,,ICEQ
2021-01-19 01:00:00,,ICEQ
2021-01-19 01:15:00,,ICEQ
2021-01-19 01:30:00,19.69,ICEQ
2021-01-19 01:45:00,19.78,ICEQ
2021-01-19 02:00:00,19.78,ICEQ
2021-01-19 02:15:00,19.79,ICEQ
2021-01-19 02:30:00,19.75,ICEQ
2021-01-19 02:45:00,19.72,ICEQ
2021-01-19 03:00:00,19.7,ICEQ
2021-01-19 03:15:00,19.73,ICEQ
2021-01-19 03:30:00,19.77,ICEQ
2021-01-19 03:45:00,19.74,ICEQ
2021-01-19 04:00:00,19.73,ICEQ
2021-01-19 04:15:00,19.67,ICEQ
2021-01-19 04:30:00,19.56,ICEQ
2021-01-19 04:45:00,19.59,ICEQ
2021-01-19 05:00:00,19.63,ICEQ
2021-01-19 05:15:00,19.72,ICEQ
2021-01-19 05:30:00,19.72,ICEQ
2021-01-19 05:45:00,19.74,ICEQ
2021-01-19 06:00:00,,ICEQ
2021-01-19 06:15:00,,ICEQ
2021-01-19 06:30:00,,ICEQ
2021-01-19 06:45:00,,ICEQ
2021-01-19 07:00:00,,ICEQ
2021-01-19 07:15:00,,ICEQ
2021-01-19 07:30:00,,ICEQ
2021-01-19 07:45:00,,ICEQ
2021-01-19 08:00:00,,ICEQ
2021-01-19 08:15:00,,ICEQ
2021-01-19 08:30:00,,ICEQ
2021-01-19 08:45:00,,ICEQ
2021-01-19 09:00:00,,ICEQ
2021-01-19 09:15:00,,ICEQ
2021-01-19 09:30:00,,ICEQ
2021-01-19 09:45:00,,ICEQ
2021-01-19 10:00:00,,ICEQ
2021-01-19 10:15:00,,ICEQ
2021-01-19 10:30:00,,ICEQ
2021-01-19 10:45:00,,ICEQ
2021-01-19 11:00:00,,ICEQ
2021-01-19 11:15:00,,ICEQ
2021-01-19 11:30:00,,ICEQ
2021-01-19 11:45:00,,ICEQ
2021-01-19 12:00:00,,ICEQ
2021-01-19 12:15:00,,ICEQ
2021-01-19 12:30:00,,ICEQ
2021-01-19 12:45:00,,ICEQ
2021-01-19 13:00:00,19.84,
2021-01-19 13:15:00,19.86,
2021-01-19 13:30:00,19.85,
2021-01-19 13:45:00,19.89,
2021-01-19 14:00:00,19.94,
2021-01-19 14:15:00,19.93,
2021-01-19 14:30:00,19.94,
2021-01-19 14:45:00,19.94,
2021-01-19 15:00:00,19.91,
2021-01-19 15:15:00,19.95,
2021-01-19 15:30:00,19.87,
2021-01-19 15:45:00,19.96,
2021-01-19 16:00:00,19.88,
2021-01-19 16:15:00,19.93,
2021-01-19 16:30:00,19.96,
2021-01-19 16:45:00,19.94,
2021-01-19 17:00:00,19.95,
2021-01-19 17:15:00,20.01,
2021-01-19 17:30:00,19.88,
2021-01-19 17:45:00,19.88,
2021-01-19 18:00:00,19.88,
2021-01-19 18:15:00,19.85,
2021-01-19 18:30:00,19.84,
2021-01-19 18:45:00,19.83,
2021-01-19 19:00:00,19.83,
2021-01-19 19:15:00,19.82,
2021-01-19 19:30:00,19.77,
2021-01-19 19:45:00,19.77,
2021-01-19 20:00:00,19.71,
2021-01-19 20:15:00,19.72,
2021-01-19 20:30:00,19.7,
2021-01-19 20:45:00,19.65,
2021-01-19 21:00:00,19.71,
2021-01-19 21:15:00,19.66,
2021-01-19 21:30:00,19.66,
2021-01-19 21:45:00,19.61,
2021-01-19 22:00:00,19.56,
2021-01-19 22:15:00,19.53,
2021-01-19 22:30:00,19.55,
2021-01-19 22:45:00,19.54,
2021-01-19 23:00:00,19.58,
2021-01-19 23:15:00,19.47,
2021-01-19 23:30:00,,ICE
2021-01-19 23:45:00,,ICE
2021-01-20 00:00:00,,ICE
2021-01-20 00:15:00,,ICE
2021-01-20 00:30:00,,ICE
2021-01-20 00:45:00,,ICE
2021-01-20 01:00:00,,ICE
2021-01-20 01:15:00,,ICE
2021-01-20 01:30:00,,ICE
2021-01-20 01:45:00,,ICE
2021-01-20 02:00:00,,ICE
2021-01-20 02:15:00,,ICE
2021-01-20 02:30:00,,ICE
2021-01-20 02:45:00,,ICE
2021-01-20 03:00:00,,ICE
2021-01-20 03:15:00,,ICE
2021-01-20 03:30:00,,ICE
2021-01-20 03:45:00,,ICE
2021-01-20 04:00:00,,ICE
2021-01-20 04:15:00,,ICE
2021-01-20 04:30:00,,ICE
2021-01-20 04:45:00,,ICE
2021-01-20 05:00:00,,ICE
2021-01-20 05:15:00,,ICE
2021-01-20 05:30:00,,ICE
2021-01-20 05:45:00,,ICE
2021-01-20 06:00:00,,ICE
2021-01-20 06:15:00,,ICE
2021-01-20 06:30:00,,ICE
2021-01-20 06:45:00,,ICE
2021-01-20 07:00:00,,ICE
2021-01-20 07:15:00,,ICE
2021-01-20 07:30:00,,ICE
2021-01-20 07:45:00,,ICE
2021-01-20 08:00:00,,ICE
2021-01-20 08:15:00,,ICE
2021-01-20 08:30:00,,ICE
2021-01-20 08:45:00,,ICE
2021-01-20 09:00:00,,ICE
2021-01-20 09:15:00,,ICE
2021-01-20 09:30:00,,ICE
2021-01-20 09:45:00,,ICE
2021-01-20 10:00:00,,ICE
2021-01-20 10:15:00,,ICE
2021-01-20 10:30:00,,ICE
2021-01-20 10:45:00,,ICE
2021-01-20 11:00:00,,ICE
2021-01-20 11:15:00,,ICE
2021-01-20 11:30:00,,ICE
2021-01-20 11:45:00,,ICE
2021-01-20 12:00:00,,ICE
2021-01-20 12:15:00,,ICE
2021-01-20 12:30:00,,ICE
2021-01-20 12:45:00,,ICE
2021-01-20 13:00:00,,ICE
2021-01-20 13:15:00,,ICE
2021-01-20 13:30:00,,ICE
2021-01-20 13:45:00,,ICE
2021-01-20 14:00:00,,ICE
2021-01-20 14:15:00,,ICE
2021-01-20 14:30:00,,ICE
2021-01-20 14:45:00,,ICE
2021-01-20 15:00:00,,ICE
2021-01-20 15:15:00,,ICE
2021-01-20 15:30:00,,ICE
2021-01-20 15:45:00,,ICE
2021-01-20 16:00:00,,ICE
2021-01-20 16:15:00,,ICE
2021-01-20 16:30:00,,ICE
2021-01-20 16:45:00,,ICE
2021-01-20 17:00:00,,ICE
2021-01-20 17:15:00,,ICE
2021-01-20 17:30:00,,ICE
2021-01-20 17:45:00,,ICE
2021-01-20 18:00:00,,ICE
2021-01-20 18:15:00,,ICE
2021-01-20 18:30:00,,ICE
2021-01-20 18:45:00,,ICE
2021-01-20 19:00:00,,ICE
2021-01-20 19:15:00,,ICE
2021-01-20 19:30:00,,ICE
2021-01-20 19:45:00,,ICE
2021-01-20 20:00:00,,ICE
2021-01-20 20:15:00,,ICE
2021-01-20 20:30:00,,ICE
2021-01-20 20:45:00,,ICE
2021-01-20 21:00:00,,ICE
2021-01-20 21:15:00,,ICE
2021-01-20 21:30:00,,ICE
2021-01-20 21:45:00,,ICE
2021-01-20 22:00:00,,ICE
2021-01-20 22:15:00,,ICE
2021-01-20 22:30:00,,ICE
2021-01-20 22:45:00,,ICE
2021-01-20 23:00:00,,ICE
2021-01-20 23:15:00,,ICE
2021-01-20 23:30:00,,ICE
2021-01-20 23:45:00,,ICE
2021-01-21 00:00:00,,ICE
2021-01-21 00:15:00,,ICE
2021-01-21 00:30:00,,ICE
2021-01-21 00:45:00,,ICE
2021-01-21 01:00:00,,ICE
2021-01-21 01:15:00,,ICE
2021-01-21 01:30:00,,ICE
2021-01-21 01:45:00,,ICE
2021-01-21 02:00:00,,ICE
2021-01-21 02:15:00,,ICE
2021-01-21 02:30:00,,ICE
2021-01-21 02:45:00,,ICE
2021-01-21 03:00:00,,ICE
2021-01-21 03:15:00,,ICE
2021-01-21 03:30:00,,ICE
2021-01-21 03:45:00,,ICE
2021-01-21 04:00:00,,ICE
2021-01-21 04:15:00,,ICE
2021-01-21 04:30:00,,ICE
2021-01-21 04:45:00,,ICE
2021-01-21 05:00:00,,ICE
2021-01-21 05:15:00,,ICE
2021-01-21 05:30:00,,ICE
2021-01-21 05:45:00,,ICE
2021-01-21 06:00:00,,ICE
2021-01-21 06:15:00,,ICE
2021-01-21 06:30:00,,ICE
2021-01-21 06:45:00,,ICE
2021-01-21 07:00:00,,ICE
2021-01-21 07:15:00,,ICE
2021-01-21 07:30:00,,ICE
2021-01-21 07:45:00,,ICE
2021-01-21 08:00:00,,ICE
2021-01-21 08:15:00,,ICE
2021-01-21 08:30:00,,ICE
2021-01-21 08:45:00,,ICE
2021-01-21 09:00:00,,ICE
2021-01-21 09:15:00,,ICE
2021-01-21 09:30:00,,ICE
2021-01-21 09:45:00,,ICE
2021-01-21 10:00:00,,ICE
2021-01-21 10:15:00,,ICE
2021-01-21 10:30:00,,ICE
2021-01-21 10:45:00,,ICE
2021-01-21 11:00:00,,ICE
2021-01-21 11:15:00,,ICE
2021-01-21 11:30:00,,ICE
2021-01-21 11:45:00,,ICE
2021-01-21 12:00:00,,ICE
2021-01-21 12:15:00,,ICE
2021-01-21 12:30:00,,ICE
2021-01-21 12:45:00,,ICE
2021-01-21 13:00:00,,ICE
2021-01-21 13:15:00,,ICE
2021-01-21 13:30:00,,ICE
2021-01-21 13:45:00,,ICE
2021-01-21 14:00:00,,ICE
2021-01-21 14:15:00,,ICE
2021-01-21 14:30:00,,ICE
2021-01-21 14:45:00,,ICE
2021-01-21 15:00:00,,ICE
2021-01-21 15:15:00,,ICE
2021-01-21 15:30:00,,ICE
2021-01-21 15:45:00,,ICE
2021-01-21 16:00:00,,ICE
2021-01-21 16:15:00,19.75,
2021-01-21 16:30:00,19.67,
2021-01-21 16:45:00,19.68,
2021-01-21 17:00:00,19.78,
2021-01-21 17:15:00,19.73,
2021-01-21 17:30:00,19.63,
2021-01-21 17:45:00,19.55,
2021-01-21 18:00:00,19.6,
2021-01-21 18:15:00,19.59,
2021-01-21 18:30:00,19.59,
2021-01-21 18:45:00,19.51,
2021-01-21 19:00:00,19.57,
2021-01-21 19:15:00,19.52,
2021-01-21 19:30:00,19.56,
2021-01-21 19:45:00,19.57,
2021-01-21 20:00:00,19.55,
2021-01-21 20:15:00,19.5,
2021-01-21 20:30:00,19.55,
2021-01-21 20:45:00,19.52,
2021-01-21 21:00:00,19.54,
2021-01-21 21:15:00,19.55,
2021-01-21 21:30:00,19.6,
2021-01-21 21:45:00,19.56,
2021-01-21 22:00:00,19.58,
2021-01-21 22:15:00,19.55,
2021-01-21 22:30:00,19.55,
2021-01-21 22:45:00,19.58,
2021-01-21 23:00:00,19.57,
2021-01-21 23:15:00,19.58,
2021-01-21 23:30:00,19.53,
2021-01-21 23:45:00,19.57,
2021-01-22 00:00:00,19.51,
2021-01-22 00:15:00,19.52,
2021-01-22 00:30:00,19.53,
2021-01-22 00:45:00,19.57,
2021-01-22 01:00:00,19.54,
2021-01-22 01:15:00,19.53,
2021-01-22 01:30:00,19.53,
2021-01-22 01:45:00,19.48,
2021-01-22 02:00:00,19.57,
2021-01-22 02:15:00,19.56,
2021-01-22 02:30:00,19.56,
2021-01-22 02:45:00,19.49,
2021-01-22 03:00:00,19.55,
2021-01-22 03:15:00,19.52,
2021-01-22 03:30:00,19.52,
2021-01-22 03:45:00,19.55,
2021-01-22 04:00:00,19.58,
2021-01-22 04:15:00,19.54,
2021-01-22 04:30:00,19.54,
2021-01-22 04:45:00,19.56,
2021-01-22 05:00:00,19.5,
2021-01-22 05:15:00,19.48,
2021-01-22 05:30:00,19.48,
2021-01-22 05:45:00,19.48,
2021-01-22 06:00:00,19.5,
2021-01-22 06:15:00,19.5,
2021-01-22 06:30:00,19.55,
2021-01-22 06:45:00,19.48,
2021-01-22 07:00:00,19.48,
2021-01-22 07:15:00,19.48,
2021-01-22 07:30:00,19.48,
2021-01-22 07:45:00,19.51,
2021-01-22 08:00:00,19.56,
2021-01-22 08:15:00,19.57,
2021-01-22 08:30:00,19.56,
2021-01-22 08:45:00,19.53,
2021-01-22 09:00:00,19.53,
2021-01-22 09:15:00,19.54,
2021-01-22 09:30:00,19.54,
2021-01-22 09:45:00,19.58,
2021-01-22 10:00:00,19.55,
2021-01-22 10:15:00,19.57,
2021-01-22 10:30:00,19.57,
2021-01-22 10:45:00,19.59,
2021-01-22 11:00:00,19.62,
2021-01-22 11:15:00,19.69,
2021-01-22 11:30:00,19.67,
2021-01-22 11:45:00,19.7,
2021-01-22 12:00:00,19.69,
2021-01-22 12:15:00,19.71,
2021-01-22 12:30:00,19.71,
2021-01-22 12:45:00,19.76,
2021-01-22 13:00:00,19.75,
2021-01-22 13:15:00,19.81,
2021-01-22 13:30:00,19.8,
2021-01-22 13:45:00,19.82,
2021-01-22 14:00:00,19.87,
2021-01-22 14:15:00,19.86,
2021-01-22 14:30:00,19.9,
2021-01-22 14:45:00,19.89,
2021-01-22 15:00:00,19.86,
2021-01-22 15:15:00,19.87,
2021-01-22 15:30:00,19.9,
2021-01-22 15:45:00,19.92,
2021-01-22 16:00:00,19.93,
2021-01-22 16:15:00,19.92,
2021-01-22 16:30:00,19.88,
2021-01-22 16:45:00,19.92,
2021-01-22 17:00:00,19.9,
2021-01-22 17:15:00,19.93,
2021-01-22 17:30:00,19.89,
2021-01-22 17:45:00,19.88,
2021-01-22 18:00:00,19.88,
2021-01-22 18:15:00,19.91,
2021-01-22 18:30:00,19.88,
2021-01-22 18:45:00,19.84,
2021-01-22 19:00:00,19.88,
2021-01-22 19:15:00,19.83,
2021-01-22 19:30:00,19.79,
2021-01-22 19:45:00,19.79,
2021-01-22 20:00:00,19.77,
2021-01-22 20:15:00,19.77,
2021-01-22 20:30:00,19.79,
2021-01-22 20:45:00,19.78,
2021-01-22 21:00:00,19.79,
2021-01-22 21:15:00,19.8,
2021-01-22 21:30:00,19.83,
2021-01-22 21:45:00,19.82,
2021-01-22 22:00:00,19.84,
2021-01-22 22:15:00,19.85,
2021-01-22 22:30:00,19.89,
2021-01-22 22:45:00,19.91,
2021-01-22 23:00:00,19.9,
2021-01-22 23:15:00,20.01,
2021-01-22 23:30:00,20.01,
2021-01-22 23:45:00,20.01,
2021-01-23 00:00:00,20.06,
2021-01-23 00:15:00,20.14,
2021-01-23 00:30:00,20.2,
2021-01-23 00:45:00,20.14,
2021-01-23 01:00:00,20.07,
2021-01-23 01:15:00,20.03,
2021-01-23 01:30:00,20.01,
2021-01-23 01:45:00,19.95,
2021-01-23 02:00:00,19.94,
2021-01-23 02:15:00,19.94,
2021-01-23 02:30:00,19.92,
2021-01-23 02:45:00,19.95,
2021-01-23 03:00:00,19.89,
2021-01-23 03:15:00,19.96,
2021-01-23 03:30:00,19.92,
2021-01-23 03:45:00,19.99,
2021-01-23 04:00:00,20.04,
2021-01-23 04:15:00,19.99,
2021-01-23 04:30:00,20.01,
2021-01-23 04:45:00,20.02,
2021-01-23 05:00:00,19.99,
2021-01-23 05:15:00,19.97,
2021-01-23 05:30:00,20.0,
2021-01-23 05:45:00,19.97,
2021-01-23 06:00:00,20.01,
2021-01-23 06:15:00,20.08,
2021-01-23 06:30:00,19.98,
2021-01-23 06:45:00,19.93,
2021-01-23 07:00:00,19.94,
2021-01-23 07:15:00,19.94,
2021-01-23 07:30:00,19.9,
2021-01-23 07:45:00,19.88,
2021-01-23 08:00:00,19.9,
2021-01-23 08:15:00,19.94,
2021-01-23 08:30:00,19.9,
2021-01-23 08:45:00,19.92,
2021-01-23 09:00:00,19.93,
2021-01-23 09:15:00,19.89,
2021-01-23 09:30:00,19.87,
2021-01-23 09:45:00,19.88,
2021-01-23 10:00:00,19.94,
2021-01-23 10:15:00,20.04,
2021-01-23 10:30:00,20.13,
2021-01-23 10:45:00,20.09,
2021-01-23 11:00:00,20.05,
2021-01-23 11:15:00,20.02,
2021-01-23 11:30:00,19.98,
2021-01-23 11:45:00,20.01,
2021-01-23 12:00:00,19.99,
2021-01-23 12:15:00,20.0,
2021-01-23 12:30:00,19.96,
2021-01-23 12:45:00,19.93,
2021-01-23 13:00:00,19.97,
2021-01-23 13:15:00,19.97,
2021-01-23 13:30:00,19.98,
2021-01-23 13:45:00,19.92,
2021-01-23 14:00:00,20.0,
2021-01-23 14:15:00,19.91,
2021-01-23 14:30:00,19.91,
2021-01-23 14:45:00,19.89,
2021-01-23 15:00:00,19.91,
2021-01-23 15:15:00,19.91,
2021-01-23 15:30:00,19.92,
2021-01-23 15:45:00,19.87,
2021-01-23 16:00:00,19.88,
2021-01-23 16:15:00,19.85,
2021-01-23 16:30:00,19.88,
2021-01-23 16:45:00,19.91,
2021-01-23 17:00:00,19.91,
2021-01-23 17:15:00,19.9,
2021-01-23 17:30:00,19.88,
2021-01-23 17:45:00,19.96,
2021-01-23 18:00:00,20.02,
2021-01-23 18:15:00,20.01,
2021-01-23 18:30:00,19.97,
2021-01-23 18:45:00,19.92,
2021-01-23 19:00:00,19.91,
2021-01-23 19:15:00,19.88,
2021-01-23 19:30:00,19.88,
2021-01-23 19:45:00,19.87,
2021-01-23 20:00:00,19.87,
2021-01-23 20:15:00,19.84,
2021-01-23 20:30:00,19.82,
2021-01-23 20:45:00,19.77,
2021-01-23 21:00:00,19.83,
2021-01-23 21:15:00,19.75,
2021-01-23 21:30:00,19.74,
2021-01-23 21:45:00,19.76,
2021-01-23 22:00:00,19.76,
2021-01-23 22:15:00,19.8,
2021-01-23 22:30:00,19.76,
2021-01-23 22:45:00,19.73,
2021-01-23 23:00:00,19.76,
2021-01-23 23:15:00,19.75,
2021-01-23 23:30:00,19.7,
2021-01-23 23:45:00,19.67,
2021-01-24 00:00:00,19.65,
2021-01-24 00:15:00,19.63,
2021-01-24 00:30:00,19.64,
2021-01-24 00:45:00,19.66,
2021-01-24 01:00:00,19.6,
2021-01-24 01:15:00,19.61,
2021-01-24 01:30:00,19.63,
2021-01-24 01:45:00,19.64,
2021-01-24 02:00:00,19.67,
2021-01-24 02:15:00,19.64,
2021-01-24 02:30:00,19.6,
2021-01-24 02:45:00,19.64,
2021-01-24 03:00:00,19.64,
2021-01-24 03:15:00,19.63,
2021-01-24 03:30:00,19.62,
2021-01-24 03:45:00,19.68,
2021-01-24 04:00:00,19.68,
2021-01-24 04:15:00,19.66,
2021-01-24 04:30:00,19.65,
2021-01-24 04:45:00,19.68,
2021-01-24 05:00:00,19.74,
2021-01-24 05:15:00,19.7,
2021-01-24 05:30:00,19.73,
2021-01-24 05:45:00,19.7,
2021-01-24 06:00:00,19.64,
2021-01-24 06:15:00,19.62,
2021-01-24 06:30:00,19.62,
2021-01-24 06:45:00,19.61,
2021-01-24 07:00:00,19.67,
2021-01-24 07:15:00,19.69,
2021-01-24 07:30:00,19.68,
2021-01-24 07:45:00,19.71,
2021-01-24 08:00:00,19.74,
2021-01-24 08:15:00,19.74,
2021-01-24 08:30:00,19.73,
2021-01-24 08:45:00,19.72,
2021-01-24 09:00:00,19.68,
2021-01-24 09:15:00,19.68,
2021-01-24 09:30:00,19.63,
2021-01-24 09:45:00,19.69,
2021-01-24 10:00:00,19.67,
2021-01-24 10:15:00,19.66,
2021-01-24 10:30:00,19.72,
2021-01-24 10:45:00,19.72,
2021-01-24 11:00:00,19.73,
2021-01-24 11:15:00,19.78,
2021-01-24 11:30:00,19.77,
2021-01-24 11:45:00,19.76,
2021-01-24 12:00:00,19.74,
2021-01-24 12:15:00,19.75,
2021-01-24 12:30:00,19.76,
2021-01-24 12:45:00,19.76,
2021-01-24 13:00:00,19.77,
2021-01-24 13:15:00,19.72,
2021-01-24 13:30:00,19.74,
2021-01-24 13:45:00,19.75,
2021-01-24 14:00:00,19.76,
2021-01-24 14:15:00,19.78,
2021-01-24 14:30:00,19.78,
2021-01-24 14:45:00,19.79,
2021-01-24 15:00:00,19.77,
2021-01-24 15:15:00,19.79,
2021-01-24 15:30:00,19.84,
2021-01-24 15:45:00,19.78,
2021-01-24 16:00:00,19.75,
2021-01-24 16:15:00,19.76,
2021-01-24 16:30:00,19.75,
2021-01-24 16:45:00,19.77,
2021-01-24 17:00:00,19.72,
2021-01-24 17:15:00,19.79,
2021-01-24 17:30:00,19.75,
2021-01-24 17:45:00,19.75,
2021-01-24 18:00:00,19.75,
2021-01-24 18:15:00,19.71,
2021-01-24 18:30:00,19.77,
2021-01-24 18:45:00,19.72,
2021-01-24 19:00:00,19.73,
2021-01-24 19:15:00,19.73,
2021-01-24 19:30:00,19.78,
2021-01-24 19:45:00,19.77,
2021-01-24 20:00:00,19.76,
2021-01-24 20:15:00,19.72,
2021-01-24 20:30:00,19.72,
2021-01-24 20:45:00,19.69,
2021-01-24 21:00:00,19.69,
2021-01-24 21:15:00,19.67,
2021-01-24 21:30:00,19.66,
2021-01-24 21:45:00,19.63,
2021-01-24 22:00:00,19.58,
2021-01-24 22:15:00,19.63,
2021-01-24 22:30:00,19.6,
2021-01-24 22:45:00,19.6,
2021-01-24 23:00:00,19.69,
2021-01-24 23:15:00,19.57,
2021-01-24 23:30:00,19.6,
2021-01-24 23:45:00,19.59,
2021-01-25 00:00:00,19.54,
2021-01-25 00:15:00,19.61,
2021-01-25 00:30:00,19.55,
2021-01-25 00:45:00,19.58,
2021-01-25 01:00:00,19.52,
2021-01-25 01:15:00,19.57,
2021-01-25 01:30:00,19.54,
2021-01-25 01:45:00,19.52,
2021-01-25 02:00:00,19.52,
2021-01-25 02:15:00,19.54,
2021-01-25 02:30:00,19.58,
2021-01-25 02:45:00,19.54,
2021-01-25 03:00:00,19.65,
2021-01-25 03:15:00,19.62,
2021-01-25 03:30:00,19.58,
2021-01-25 03:45:00,19.54,
2021-01-25 04:00:00,19.53,
2021-01-25 04:15:00,19.53,
2021-01-25 04:30:00,,ICE
2021-01-25 04:45:00,,ICE
2021-01-25 05:00:00,,ICE
2021-01-25 05:15:00,,ICE
2021-01-25 05:30:00,,ICE
2021-01-25 05:45:00,,ICE
2021-01-25 06:00:00,,ICE
2021-01-25 06:15:00,,ICE
2021-01-25 06:30:00,,ICE
2021-01-25 06:45:00,,ICE
2021-01-25 07:00:00,,ICE
2021-01-25 07:15:00,,ICE
2021-01-25 07:30:00,,ICE
2021-01-25 07:45:00,,ICE
2021-01-25 08:00:00,,ICE
2021-01-25 08:15:00,,ICE
2021-01-25 08:30:00,,ICE
2021-01-25 08:45:00,,ICE
2021-01-25 09:00:00,,ICE
2021-01-25 09:15:00,,ICE
2021-01-25 09:30:00,,ICE
2021-01-25 09:45:00,,ICE
2021-01-25 10:00:00,,ICE
2021-01-25 10:15:00,,ICE
2021-01-25 10:30:00,,ICE
2021-01-25 10:45:00,,ICE
2021-01-25 11:00:00,,ICE
2021-01-25 11:15:00,,ICE
2021-01-25 11:30:00,,ICE
2021-01-25 11:45:00,,ICE
2021-01-25 12:00:00,,ICE
2021-01-25 12:15:00,,ICE
2021-01-25 12:30:00,,ICE
2021-01-25 12:45:00,,ICE
2021-01-25 13:00:00,,ICE
2021-01-25 13:15:00,,ICE
2021-01-25 13:30:00,,ICE
2021-01-25 13:45:00,,ICE
2021-01-25 14:00:00,,ICE
2021-01-25 14:15:00,,ICE
2021-01-25 14:30:00,,ICE
2021-01-25 14:45:00,,ICE
2021-01-25 15:00:00,,ICE
2021-01-25 15:15:00,,ICE
2021-01-25 15:30:00,,ICE
2021-01-25 15:45:00,,ICE
2021-01-25 16:00:00,,ICE
2021-01-25 16:15:00,,ICE
2021-01-25 16:30:00,,ICE
2021-01-25 16:45:00,,ICE
2021-01-25 17:00:00,,ICE
2021-01-25 17:15:00,,ICE
2021-01-25 17:30:00,,ICE
2021-01-25 17:45:00,,ICE
2021-01-25 18:00:00,,ICE
2021-01-25 18:15:00,19.48,
2021-01-25 18:30:00,19.46,
2021-01-25 18:45:00,19.45,
2021-01-25 19:00:00,19.46,
2021-01-25 19:15:00,19.43,
2021-01-25 19:30:00,19.45,
2021-01-25 19:45:00,19.45,
2021-01-25 20:00:00,19.41,
2021-01-25 20:15:00,19.43,
2021-01-25 20:30:00,19.41,
2021-01-25 20:45:00,19.38,
2021-01-25 21:00:00,19.42,
2021-01-25 21:15:00,19.46,
2021-01-25 21:30:00,19.42,
2021-01-25 21:45:00,19.42,
2021-01-25 22:00:00,19.42,
2021-01-25 22:15:00,19.37,
2021-01-25 22:30:00,19.46,
2021-01-25 22:45:00,19.43,
2021-01-25 23:00:00,19.41,
2021-01-25 23:15:00,19.41,
2021-01-25 23:30:00,,ICE
2021-01-25 23:45:00,,ICE
2021-01-26 00:00:00,,ICE
2021-01-26 00:15:00,,ICE
2021-01-26 00:30:00,,ICE
2021-01-26 00:45:00,,ICE
2021-01-26 01:00:00,,ICE
2021-01-26 01:15:00,,ICE
2021-01-26 01:30:00,,ICE
2021-01-26 01:45:00,,ICE
2021-01-26 02:00:00,,ICE
2021-01-26 02:15:00,,ICE
2021-01-26 02:30:00,,ICE
2021-01-26 02:45:00,,ICE
2021-01-26 03:00:00,,ICE
2021-01-26 03:15:00,,ICE
2021-01-26 03:30:00,,ICE
2021-01-26 03:45:00,,ICE
2021-01-26 04:00:00,,ICE
2021-01-26 04:15:00,,ICE
2021-01-26 04:30:00,,ICE
2021-01-26 04:45:00,,ICE
2021-01-26 05:00:00,,ICE
2021-01-26 05:15:00,,ICE
2021-01-26 05:30:00,,ICE
2021-01-26 05:45:00,,ICE
2021-01-26 06:00:00,,ICE
2021-01-26 06:15:00,,ICE
2021-01-26 06:30:00,,ICE
2021-01-26 06:45:00,,ICE
2021-01-26 07:00:00,,ICE
2021-01-26 07:15:00,,ICE
2021-01-26 07:30:00,,ICE
2021-01-26 07:45:00,,ICE
2021-01-26 08:00:00,,ICE
2021-01-26 08:15:00,,ICE
2021-01-26 08:30:00,,ICE
2021-01-26 08:45:00,,ICE
2021-01-26 09:00:00,,ICE
2021-01-26 09:15:00,,ICE
2021-01-26 09:30:00,,ICE
2021-01-26 09:45:00,,ICE
2021-01-26 10:00:00,,ICE
2021-01-26 10:15:00,,ICE
2021-01-26 10:30:00,,ICE
2021-01-26 10:45:00,,ICE
2021-01-26 11:00:00,,ICE
2021-01-26 11:15:00,,ICE
2021-01-26 11:30:00,,ICE
2021-01-26 11:45:00,,ICE
2021-01-26 12:00:00,,ICE
2021-01-26 12:15:00,,ICE
2021-01-26 12:30:00,,ICE
2021-01-26 12:45:00,,ICE
2021-01-26 13:00:00,,ICE
2021-01-26 13:15:00,,ICE
2021-01-26 13:30:00,,ICE
2021-01-26 13:45:00,,ICE
2021-01-26 14:00:00,,ICE
2021-01-26 14:15:00,,ICE
2021-01-26 14:30:00,,ICE
2021-01-26 14:45:00,,ICE
2021-01-26 15:00:00,,ICE
2021-01-26 15:15:00,,ICE
2021-01-26 15:30:00,,ICE
2021-01-26 15:45:00,,ICE
2021-01-26 16:00:00,,ICE
2021-01-26 16:15:00,,ICE
2021-01-26 16:30:00,19.33,
2021-01-26 16:45:00,19.32,
2021-01-26 17:00:00,19.32,
2021-01-26 17:15:00,19.28,
2021-01-26 17:30:00,19.33,
2021-01-26 17:45:00,19.32,
2021-01-26 18:00:00,19.37,
2021-01-26 18:15:00,19.34,
2021-01-26 18:30:00,19.38,
2021-01-26 18:45:00,19.36,
2021-01-26 19:00:00,19.36,
2021-01-26 19:15:00,19.39,
2021-01-26 19:30:00,19.41,
2021-01-26 19:45:00,19.41,
2021-01-26 20:00:00,19.39,
2021-01-26 20:15:00,19.41,
2021-01-26 20:30:00,19.39,
2021-01-26 20:45:00,19.4,
2021-01-26 21:00:00,19.38,
2021-01-26 21:15:00,19.44,
2021-01-26 21:30:00,19.43,
2021-01-26 21:45:00,19.47,
2021-01-26 22:00:00,19.42,
2021-01-26 22:15:00,19.42,
2021-01-26 22:30:00,19.42,
2021-01-26 22:45:00,19.46,
2021-01-26 23:00:00,19.43,
2021-01-26 23:15:00,19.45,
2021-01-26 23:30:00,19.46,
2021-01-26 23:45:00,19.46,
2021-01-27 00:00:00,19.44,
2021-01-27 00:15:00,19.47,
2021-01-27 00:30:00,19.46,
2021-01-27 00:45:00,19.44,
2021-01-27 01:00:00,19.41,
2021-01-27 01:15:00,19.41,
2021-01-27 01:30:00,19.44,
2021-01-27 01:45:00,19.42,
2021-01-27 02:00:00,19.45,
2021-01-27 02:15:00,19.36,
2021-01-27 02:30:00,19.33,
2021-01-27 02:45:00,19.33,
2021-01-27 03:00:00,19.37,
2021-01-27 03:15:00,19.35,
2021-01-27 03:30:00,19.41,
2021-01-27 03:45:00,19.42,
2021-01-27 04:00:00,19.42,
2021-01-27 04:15:00,19.44,
2021-01-27 04:30:00,19.43,
2021-01-27 04:45:00,19.45,
2021-01-27 05:00:00,19.48,
2021-01-27 05:15:00,19.47,
2021-01-27 05:30:00,19.46,
2021-01-27 05:45:00,19.48,
2021-01-27 06:00:00,19.46,
2021-01-27 06:15:00,19.46,
2021-01-27 06:30:00,19.45,
2021-01-27 06:45:00,19.46,
2021-01-27 07:00:00,19.47,
2021-01-27 07:15:00,19.52,
2021-01-27 07:30:00,19.47,
2021-01-27 07:45:00,19.45,
2021-01-27 08:00:00,19.33,
2021-01-27 08:15:00,,ICE
2021-01-27 08:30:00,,ICE
2021-01-27 08:45:00,,ICE
2021-01-27 09:00:00,,ICE
2021-01-27 09:15:00,,ICE
2021-01-27 09:30:00,,ICE
2021-01-27 09:45:00,,ICE
2021-01-27 10:00:00,,ICE
2021-01-27 10:15:00,,ICE
2021-01-27 10:30:00,,ICE
2021-01-27 10:45:00,,ICE
2021-01-27 11:00:00,,ICE
2021-01-27 11:15:00,,ICE
2021-01-27 11:30:00,19.41,
2021-01-27 11:45:00,19.46,
2021-01-27 12:00:00,19.49,
2021-01-27 12:15:00,19.46,
2021-01-27 12:30:00,19.47,
2021-01-27 12:45:00,19.44,
2021-01-27 13:00:00,19.51,
2021-01-27 13:15:00,19.47,
2021-01-27 13:30:00,19.53,
2021-01-27 13:45:00,19.44,
2021-01-27 14:00:00,19.42,
2021-01-27 14:15:00,19.43,
2021-01-27 14:30:00,19.44,
2021-01-27 14:45:00,19.45,
2021-01-27 15:00:00,19.46,
2021-01-27 15:15:00,19.45,
2021-01-27 15:30:00,19.52,
2021-01-27 15:45:00,19.52,
2021-01-27 16:00:00,19.59,
2021-01-27 16:15:00,19.53,
2021-01-27 16:30:00,19.62,
2021-01-27 16:45:00,19.58,
2021-01-27 17:00:00,19.49,
2021-01-27 17:15:00,19.53,
2021-01-27 17:30:00,19.51,
2021-01-27 17:45:00,19.53,
2021-01-27 18:00:00,19.48,
2021-01-27 18:15:00,19.46,
2021-01-27 18:30:00,19.46,
2021-01-27 18:45:00,19.5,
2021-01-27 19:00:00,19.5,
2021-01-27 19:15:00,19.47,
2021-01-27 19:30:00,19.47,
2021-01-27 19:45:00,19.44,
2021-01-27 20:00:00,19.42,
2021-01-27 20:15:00,19.48,
2021-01-27 20:30:00,19.42,
2021-01-27 20:45:00,19.42,
2021-01-27 21:00:00,19.45,
2021-01-27 21:15:00,19.46,
2021-01-27 21:30:00,19.42,
2021-01-27 21:45:00,19.42,
2021-01-27 22:00:00,19.47,
2021-01-27 22:15:00,19.45,
2021-01-27 22:30:00,19.46,
2021-01-27 22:45:00,19.42,
2021-01-27 23:00:00,19.42,
2021-01-27 23:15:00,19.45,
2021-01-27 23:30:00,19.47,
2021-01-27 23:45:00,19.41,
2021-01-28 00:00:00,19.42,
2021-01-28 00:15:00,19.4,
2021-01-28 00:30:00,19.41,
2021-01-28 00:45:00,19.4,
2021-01-28 01:00:00,19.43,
2021-01-28 01:15:00,19.37,
2021-01-28 01:30:00,19.42,
2021-01-28 01:45:00,19.42,
2021-01-28 02:00:00,19.45,
2021-01-28 02:15:00,19.46,
2021-01-28 02:30:00,19.46,
2021-01-28 02:45:00,19.52,
2021-01-28 03:00:00,19.53,
2021-01-28 03:15:00,19.54,
2021-01-28 03:30:00,19.54,
2021-01-28 03:45:00,19.51,
2021-01-28 04:00:00,19.64,
2021-01-28 04:15:00,19.64,
2021-01-28 04:30:00,19.68,
2021-01-28 04:45:00,19.66,
2021-01-28 05:00:00,19.68,
2021-01-28 05:15:00,19.7,
2021-01-28 05:30:00,19.7,
2021-01-28 05:45:00,19.64,
2021-01-28 06:00:00,19.65,
2021-01-28 06:15:00,19.7,
2021-01-28 06:30:00,19.67,
2021-01-28 06:45:00,19.71,
2021-01-28 07:00:00,19.68,
2021-01-28 07:15:00,19.64,
2021-01-28 07:30:00,19.7,
2021-01-28 07:45:00,19.67,
2021-01-28 08:00:00,19.69,
2021-01-28 08:15:00,19.71,
2021-01-28 08:30:00,19.72,
2021-01-28 08:45:00,19.7,
2021-01-28 09:00:00,19.7,
2021-01-28 09:15:00,19.76,
2021-01-28 09:30:00,19.77,
2021-01-28 09:45:00,19.78,
2021-01-28 10:00:00,19.81,
2021-01-28 10:15:00,19.76,
2021-01-28 10:30:00,19.7,
2021-01-28 10:45:00,19.67,
2021-01-28 11:00:00,19.65,
2021-01-28 11:15:00,19.67,
2021-01-28 11:30:00,19.68,
2021-01-28 11:45:00,19.71,
2021-01-28 12:00:00,19.71,
2021-01-28 12:15:00,19.69,
2021-01-28 12:30:00,19.68,
2021-01-28 12:45:00,19.65,
2021-01-28 13:00:00,19.72,
2021-01-28 13:15:00,19.66,
2021-01-28 13:30:00,19.7,
2021-01-28 13:45:00,19.7,
2021-01-28 14:00:00,19.69,
2021-01-28 14:15:00,19.67,
2021-01-28 14:30:00,19.68,
2021-01-28 14:45:00,19.69,
2021-01-28 15:00:00,19.71,
2021-01-28 15:15:00,19.7,
2021-01-28 15:30:00,19.66,
2021-01-28 15:45:00,19.7,
2021-01-28 16:00:00,19.72,
2021-01-28 16:15:00,19.67,
2021-01-28 16:30:00,19.69,
2021-01-28 16:45:00,19.64,
2021-01-28 17:00:00,19.68,
2021-01-28 17:15:00,19.68,
2021-01-28 17:30:00,19.67,
2021-01-28 17:45:00,19.63,
2021-01-28 18:00:00,19.61,
2021-01-28 18:15:00,19.56,
2021-01-28 18:30:00,19.61,
2021-01-28 18:45:00,19.63,
2021-01-28 19:00:00,19.65,
2021-01-28 19:15:00,19.6,
2021-01-28 19:30:00,19.6,
2021-01-28 19:45:00,19.68,
2021-01-28 20:00:00,19.69,
2021-01-28 20:15:00,19.62,
2021-01-28 20:30:00,19.66,
2021-01-28 20:45:00,19.64,
2021-01-28 21:00:00,19.62,
2021-01-28 21:15:00,19.6,
2021-01-28 21:30:00,19.61,
2021-01-28 21:45:00,19.55,
2021-01-28 22:00:00,19.53,
2021-01-28 22:15:00,19.53,
2021-01-28 22:30:00,19.57,
2021-01-28 22:45:00,19.62,
2021-01-28 23:00:00,19.58,
2021-01-28 23:15:00,19.55,
2021-01-28 23:30:00,19.57,
2021-01-28 23:45:00,19.52,
2021-01-29 00:00:00,19.54,
2021-01-29 00:15:00,19.5,
2021-01-29 00:30:00,19.52,
2021-01-29 00:45:00,19.53,
2021-01-29 01:00:00,19.57,
2021-01-29 01:15:00,19.52,
2021-01-29 01:30:00,19.44,
2021-01-29 01:45:00,19.52,
2021-01-29 02:00:00,19.47,
2021-01-29 02:15:00,19.49,
2021-01-29 02:30:00,19.44,
2021-01-29 02:45:00,19.47,
2021-01-29 03:00:00,19.45,
2021-01-29 03:15:00,19.44,
2021-01-29 03:30:00,19.44,
2021-01-29 03:45:00,19.48,
2021-01-29 04:00:00,19.44,
2021-01-29 04:15:00,19.46,
2021-01-29 04:30:00,19.48,
2021-01-29 04:45:00,19.48,
2021-01-29 05:00:00,19.45,
2021-01-29 05:15:00,19.48,
2021-01-29 05:30:00,19.43,
2021-01-29 05:45:00,19.49,
2021-01-29 06:00:00,19.48,
2021-01-29 06:15:00,19.48,
2021-01-29 06:30:00,19.47,
2021-01-29 06:45:00,19.51,
2021-01-29 07:00:00,19.53,
2021-01-29 07:15:00,19.5,
2021-01-29 07:30:00,19.53,
2021-01-29 07:45:00,19.55,
2021-01-29 08:00:00,19.64,
2021-01-29 08:15:00,19.8,
2021-01-29 08:30:00,19.85,
2021-01-29 08:45:00,19.85,
2021-01-29 09:00:00,19.85,
2021-01-29 09:15:00,19.79,
2021-01-29 09:30:00,19.82,
2021-01-29 09:45:00,19.74,
2021-01-29 10:00:00,19.7,
2021-01-29 10:15:00,19.69,
2021-01-29 10:30:00,19.69,
2021-01-29 10:45:00,19.7,
2021-01-29 11:00:00,19.75,
2021-01-29 11:15:00,19.69,
2021-01-29 11:30:00,19.73,
2021-01-29 11:45:00,19.72,
2021-01-29 12:00:00,19.72,
2021-01-29 12:15:00,19.76,
2021-01-29 12:30:00,19.76,
2021-01-29 12:45:00,19.78,
2021-01-29 13:00:00,19.76,
2021-01-29 13:15:00,19.82,
2021-01-29 13:30:00,19.79,
2021-01-29 13:45:00,19.84,
2021-01-29 14:00:00,19.87,
2021-01-29 14:15:00,19.82,
2021-01-29 14:30:00,19.8,
2021-01-29 14:45:00,19.91,
2021-01-29 15:00:00,19.82,
2021-01-29 15:15:00,19.83,
2021-01-29 15:30:00,19.85,
2021-01-29 15:45:00,19.82,
2021-01-29 16:00:00,19.8,
2021-01-29 16:15:00,19.81,
2021-01-29 16:30:00,19.84,
2021-01-29 16:45:00,19.85,
2021-01-29 17:00:00,19.83,
2021-01-29 17:15:00,19.8,
2021-01-29 17:30:00,19.73,
2021-01-29 17:45:00,19.75,
2021-01-29 18:00:00,19.7,
2021-01-29 18:15:00,19.72,
2021-01-29 18:30:00,19.74,
2021-01-29 18:45:00,19.8,
2021-01-29 19:00:00,19.83,
2021-01-29 19:15:00,19.91,
2021-01-29 19:30:00,19.93,
2021-01-29 19:45:00,19.92,
2021-01-29 20:00:00,19.94,
2021-01-29 20:15:00,19.97,
2021-01-29 20:30:00,19.96,
2021-01-29 20:45:00,19.96,
2021-01-29 21:00:00,19.95,
2021-01-29 21:15:00,19.95,
2021-01-29 21:30:00,20.02,
2021-01-29 21:45:00,20.1,
2021-01-29 22:00:00,20.2,
2021-01-29 22:15:00,20.24,
2021-01-29 22:30:00,20.35,
2021-01-29 22:45:00,20.4,
2021-01-29 23:00:00,20.33,
2021-01-29 23:15:00,20.34,
2021-01-29 23:30:00,20.25,
2021-01-29 23:45:00,20.34,
2021-01-30 00:00:00,20.28,
2021-01-30 00:15:00,20.2,
2021-01-30 00:30:00,20.15,
2021-01-30 00:45:00,20.19,
2021-01-30 01:00:00,20.17,
2021-01-30 01:15:00,20.16,
2021-01-30 01:30:00,20.16,
2021-01-30 01:45:00,20.15,
2021-01-30 02:00:00,20.18,
2021-01-30 02:15:00,20.12,
2021-01-30 02:30:00,20.07,
2021-01-30 02:45:00,20.0,
2021-01-30 03:00:00,20.01,
2021-01-30 03:15:00,19.97,
2021-01-30 03:30:00,19.96,
2021-01-30 03:45:00,19.91,
2021-01-30 04:00:00,19.83,
2021-01-30 04:15:00,19.86,
2021-01-30 04:30:00,19.8,
2021-01-30 04:45:00,19.8,
2021-01-30 05:00:00,19.82,
2021-01-30 05:15:00,19.77,
2021-01-30 05:30:00,19.82,
2021-01-30 05:45:00,19.74,
2021-01-30 06:00:00,19.8,
2021-01-30 06:15:00,19.77,
2021-01-30 06:30:00,19.69,
2021-01-30 06:45:00,19.71,
2021-01-30 07:00:00,19.69,
2021-01-30 07:15:00,19.74,
2021-01-30 07:30:00,19.73,
2021-01-30 07:45:00,19.68,
2021-01-30 08:00:00,19.67,
2021-01-30 08:15:00,19.65,
2021-01-30 08:30:00,19.66,
2021-01-30 08:45:00,19.69,
2021-01-30 09:00:00,19.66,
2021-01-30 09:15:00,19.68,
2021-01-30 09:30:00,19.65,
2021-01-30 09:45:00,19.65,
2021-01-30 10:00:00,19.67,
2021-01-30 10:15:00,19.67,
2021-01-30 10:30:00,19.68,
2021-01-30 10:45:00,19.73,
2021-01-30 11:00:00,19.73,
2021-01-30 11:15:00,19.72,
2021-01-30 11:30:00,19.71,
2021-01-30 11:45:00,19.74,
2021-01-30 12:00:00,19.71,
2021-01-30 12:15:00,19.83,
2021-01-30 12:30:00,19.79,
2021-01-30 12:45:00,19.74,
2021-01-30 13:00:00,19.68,
2021-01-30 13:15:00,19.7,
2021-01-30 13:30:00,19.65,
2021-01-30 13:45:00,19.67,
2021-01-30 14:00:00,19.62,
2021-01-30 14:15:00,19.61,
2021-01-30 14:30:00,19.64,
2021-01-30 14:45:00,19.61,
2021-01-30 15:00:00,19.59,
2021-01-30 15:15:00,19.63,
2021-01-30 15:30:00,19.59,
2021-01-30 15:45:00,19.57,
2021-01-30 16:00:00,19.62,
2021-01-30 16:15:00,19.54,
2021-01-30 16:30:00,19.57,
2021-01-30 16:45:00,19.55,
2021-01-30 17:00:00,19.59,
2021-01-30 17:15:00,19.59,
2021-01-30 17:30:00,19.54,
2021-01-30 17:45:00,19.54,
2021-01-30 18:00:00,19.57,
2021-01-30 18:15:00,19.5,
2021-01-30 18:30:00,19.5,
2021-01-30 18:45:00,19.5,
2021-01-30 19:00:00,19.48,
2021-01-30 19:15:00,19.5,
2021-01-30 19:30:00,19.46,
2021-01-30 19:45:00,19.47,
2021-01-30 20:00:00,19.45,
2021-01-30 20:15:00,19.48,
2021-01-30 20:30:00,19.43,
2021-01-30 20:45:00,19.41,
2021-01-30 21:00:00,19.44,
2021-01-30 21:15:00,19.41,
2021-01-30 21:30:00,19.48,
2021-01-30 21:45:00,19.36,
2021-01-30 22:00:00,19.4,
2021-01-30 22:15:00,19.44,
2021-01-30 22:30:00,19.41,
2021-01-30 22:45:00,19.41,
2021-01-30 23:00:00,19.37,
2021-01-30 23:15:00,19.37,
2021-01-30 23:30:00,19.39,
2021-01-30 23:45:00,19.35,
2021-01-31 00:00:00,19.31,
2021-01-31 00:15:00,19.31,
2021-01-31 00:30:00,19.29,
2021-01-31 00:45:00,19.34,
2021-01-31 01:00:00,19.21,
2021-01-31 01:15:00,,ICE
2021-01-31 01:30:00,,ICE
2021-01-31 01:45:00,,ICE
2021-01-31 02:00:00,,ICE
2021-01-31 02:15:00,,ICE
2021-01-31 02:30:00,,ICE
2021-01-31 02:45:00,,ICE
2021-01-31 03:00:00,,ICE
2021-01-31 03:15:00,,ICE
2021-01-31 03:30:00,,ICE
2021-01-31 03:45:00,,ICE
2021-01-31 04:00:00,,ICE
2021-01-31 04:15:00,,ICE
2021-01-31 04:30:00,,ICE
2021-01-31 04:45:00,,ICE
2021-01-31 05:00:00,,ICE
2021-01-31 05:15:00,,ICE
2021-01-31 05:30:00,,ICE
2021-01-31 05:45:00,,ICE
2021-01-31 06:00:00,,ICE
2021-01-31 06:15:00,,ICE
2021-01-31 06:30:00,,ICE
2021-01-31 06:45:00,,ICE
2021-01-31 07:00:00,,ICE
2021-01-31 07:15:00,,ICE
2021-01-31 07:30:00,,ICE
2021-01-31 07:45:00,,ICE
2021-01-31 08:00:00,,ICE
2021-01-31 08:15:00,,ICE
2021-01-31 08:30:00,,ICE
2021-01-31 08:45:00,,ICE
2021-01-31 09:00:00,,ICE
2021-01-31 09:15:00,,ICE
2021-01-31 09:30:00,,ICE
2021-01-31 09:45:00,,ICE
2021-01-31 10:00:00,,ICE
2021-01-31 10:15:00,,ICE
2021-01-31 10:30:00,,ICE
2021-01-31 10:45:00,,ICE
2021-01-31 11:00:00,,ICE
2021-01-31 11:15:00,,ICE
2021-01-31 11:30:00,,ICE
2021-01-31 11:45:00,,ICE
2021-01-31 12:00:00,,ICE
2021-01-31 12:15:00,,ICE
2021-01-31 12:30:00,,ICE
2021-01-31 12:45:00,,ICE
2021-01-31 13:00:00,,ICE
2021-01-31 13:15:00,,ICE
2021-01-31 13:30:00,,ICE
2021-01-31 13:45:00,,ICE
2021-01-31 14:00:00,,ICE
2021-01-31 14:15:00,,ICE
2021-01-31 14:30:00,,ICE
2021-01-31 14:45:00,,ICE
2021-01-31 15:00:00,,ICE
2021-01-31 15:15:00,,ICE
2021-01-31 15:30:00,,ICE
2021-01-31 15:45:00,,ICE
2021-01-31 16:00:00,,ICE
2021-01-31 16:15:00,,ICE
2021-01-31 16:30:00,,ICE
2021-01-31 16:45:00,,ICE
2021-01-31 17:00:00,,ICE
2021-01-31 17:15:00,,ICE
2021-01-31 17:30:00,,ICE
2021-01-31 17:45:00,,ICE
2021-01-31 18:00:00,,ICE
2021-01-31 18:15:00,,ICE
2021-01-31 18:30:00,,ICE
2021-01-31 18:45:00,,ICE
2021-01-31 19:00:00,,ICE
2021-01-31 19:15:00,,ICE
2021-01-31 19:30:00,,ICE
2021-01-31 19:45:00,,ICE
2021-01-31 20:00:00,,ICE
2021-01-31 20:15:00,,ICE
2021-01-31 20:30:00,,ICE
2021-01-31 20:45:00,,ICE
2021-01-31 21:00:00,,ICE
2021-01-31 21:15:00,,ICE
2021-01-31 21:30:00,,ICE
2021-01-31 21:45:00,,ICE
2021-01-31 22:00:00,,ICE
2021-01-31 22:15:00,,ICE
2021-01-31 22:30:00,,ICE
2021-01-31 22:45:00,,ICE
2021-01-31 23:00:00,,ICE
2021-01-31 23:15:00,,ICE
2021-01-31 23:30:00,,ICE
2021-01-31 23:45:00,,ICE
2021-02-01 00:00:00,,ICE
2021-02-01 00:15:00,,ICE
2021-02-01 00:30:00,,ICE
2021-02-01 00:45:00,,ICE
2021-02-01 01:00:00,,ICE
2021-02-01 01:15:00,,ICE
2021-02-01 01:30:00,,ICE
2021-02-01 01:45:00,,ICE
2021-02-01 02:00:00,,ICE
2021-02-01 02:15:00,,ICE
2021-02-01 02:30:00,,ICE
2021-02-01 02:45:00,,ICE
2021-02-01 03:00:00,,ICE
2021-02-01 03:15:00,,ICE
2021-02-01 03:30:00,,ICE
2021-02-01 03:45:00,,ICE
2021-02-01 04:00:00,,ICE
2021-02-01 04:15:00,,ICE
2021-02-01 04:30:00,,ICE
2021-02-01 04:45:00,,ICE
2021-02-01 05:00:00,,ICE
2021-02-01 05:15:00,,ICE
2021-02-01 05:30:00,,ICE
2021-02-01 05:45:00,,ICE
2021-02-01 06:00:00,,ICE
2021-02-01 06:15:00,,ICE
2021-02-01 06:30:00,,ICE
2021-02-01 06:45:00,,ICE
2021-02-01 07:00:00,,ICE
2021-02-01 07:15:00,,ICE
2021-02-01 07:30:00,,ICE
2021-02-01 07:45:00,,ICE
2021-02-01 08:00:00,,ICE
2021-02-01 08:15:00,,ICE
2021-02-01 08:30:00,,ICE
2021-02-01 08:45:00,,ICE
2021-02-01 09:00:00,,ICE
2021-02-01 09:15:00,,ICE
2021-02-01 09:30:00,,ICE
2021-02-01 09:45:00,,ICE
2021-02-01 10:00:00,,ICE
2021-02-01 10:15:00,,ICE
2021-02-01 10:30:00,,ICE
2021-02-01 10:45:00,,ICE
2021-02-01 11:00:00,,ICE
2021-02-01 11:15:00,,ICE
2021-02-01 11:30:00,,ICE
2021-02-01 11:45:00,,ICE
2021-02-01 12:00:00,,ICE
2021-02-01 12:15:00,,ICE
2021-02-01 12:30:00,,ICE
2021-02-01 12:45:00,,ICE
2021-02-01 13:00:00,,ICE
2021-02-01 13:15:00,,ICE
2021-02-01 13:30:00,,ICE
2021-02-01 13:45:00,,ICE
2021-02-01 14:00:00,,ICE
2021-02-01 14:15:00,,ICE
2021-02-01 14:30:00,,ICE
2021-02-01 14:45:00,,ICE
2021-02-01 15:00:00,,ICE
2021-02-01 15:15:00,,ICE
2021-02-01 15:30:00,,ICE
2021-02-01 15:45:00,,ICE
2021-02-01 16:00:00,,ICE
2021-02-01 16:15:00,,ICE
2021-02-01 16:30:00,,ICE
2021-02-01 16:45:00,,ICE
2021-02-01 17:00:00,,ICE
2021-02-01 17:15:00,,ICE
2021-02-01 17:30:00,,ICE
2021-02-01 17:45:00,,ICE
2021-02-01 18:00:00,,ICE
2021-02-01 18:15:00,,ICE
2021-02-01 18:30:00,,ICE
2021-02-01 18:45:00,,ICE
2021-02-01 19:00:00,,ICE
2021-02-01 19:15:00,,ICE
2021-02-01 19:30:00,,ICE
2021-02-01 19:45:00,,ICE
2021-02-01 20:00:00,,ICE
2021-02-01 20:15:00,,ICE
2021-02-01 20:30:00,,ICE
2021-02-01 20:45:00,,ICE
2021-02-01 21:00:00,,ICE
2021-02-01 21:15:00,,ICE
2021-02-01 21:30:00,,ICE
2021-02-01 21:45:00,,ICE
2021-02-01 22:00:00,,ICE
2021-02-01 22:15:00,,ICE
2021-02-01 22:30:00,,ICE
2021-02-01 22:45:00,,ICE
2021-02-01 23:00:00,,ICE
2021-02-01 23:15:00,,ICE
2021-02-01 23:30:00,,ICE
2021-02-01 23:45:00,,ICE
2021-02-02 00:00:00,,ICE
2021-02-02 00:15:00,,ICE
2021-02-02 00:30:00,,ICE
2021-02-02 00:45:00,,ICE
2021-02-02 01:00:00,,ICE
2021-02-02 01:15:00,,ICE
2021-02-02 01:30:00,,ICE
2021-02-02 01:45:00,,ICE
2021-02-02 02:00:00,,ICE
2021-02-02 02:15:00,,ICE
2021-02-02 02:30:00,,ICE
2021-02-02 02:45:00,,ICE
2021-02-02 03:00:00,,ICE
2021-02-02 03:15:00,,ICE
2021-02-02 03:30:00,,ICE
2021-02-02 03:45:00,,ICE
2021-02-02 04:00:00,,ICE
2021-02-02 04:15:00,,ICE
2021-02-02 04:30:00,,ICE
2021-02-02 04:45:00,,ICE
2021-02-02 05:00:00,,ICE
2021-02-02 05:15:00,,ICE
2021-02-02 05:30:00,,ICE
2021-02-02 05:45:00,,ICE
2021-02-02 06:00:00,,ICE
2021-02-02 06:15:00,,ICE
2021-02-02 06:30:00,,ICE
2021-02-02 06:45:00,,ICE
2021-02-02 07:00:00,,ICE
2021-02-02 07:15:00,,ICE
2021-02-02 07:30:00,,ICE
2021-02-02 07:45:00,,ICE
2021-02-02 08:00:00,,ICE
2021-02-02 08:15:00,,ICE
2021-02-02 08:30:00,,ICE
2021-02-02 08:45:00,,ICE
2021-02-02 09:00:00,,ICE
2021-02-02 09:15:00,,ICE
2021-02-02 09:30:00,,ICE
2021-02-02 09:45:00,,ICE
2021-02-02 10:00:00,,ICE
2021-02-02 10:15:00,,ICE
2021-02-02 10:30:00,,ICE
2021-02-02 10:45:00,,ICE
2021-02-02 11:00:00,,ICE
2021-02-02 11:15:00,,ICE
2021-02-02 11:30:00,,ICE
2021-02-02 11:45:00,,ICE
2021-02-02 12:00:00,,ICE
2021-02-02 12:15:00,,ICE
2021-02-02 12:30:00,,ICE
2021-02-02 12:45:00,,ICE
2021-02-02 13:00:00,19.32,
2021-02-02 13:15:00,19.32,
2021-02-02 13:30:00,19.36,
2021-02-02 13:45:00,19.33,
2021-02-02 14:00:00,19.4,
2021-02-02 14:15:00,19.34,
2021-02-02 14:30:00,19.39,
2021-02-02 14:45:00,19.38,
2021-02-02 15:00:00,19.4,
2021-02-02 15:15:00,19.42,
2021-02-02 15:30:00,19.41,
2021-02-02 15:45:00,19.48,
2021-02-02 16:00:00,19.5,
2021-02-02 16:15:00,19.51,
2021-02-02 16:30:00,19.55,
2021-02-02 16:45:00,19.52,
2021-02-02 17:00:00,19.54,
2021-02-02 17:15:00,19.6,
2021-02-02 17:30:00,19.56,
2021-02-02 17:45:00,19.58,
2021-02-02 18:00:00,19.6,
2021-02-02 18:15:00,19.55,
2021-02-02 18:30:00,19.59,
2021-02-02 18:45:00,19.59,
2021-02-02 19:00:00,19.55,
2021-02-02 19:15:00,19.59,
2021-02-02 19:30:00,19.61,
2021-02-02 19:45:00,19.52,
2021-02-02 20:00:00,19.55,
2021-02-02 20:15:00,19.53,
2021-02-02 20:30:00,19.52,
2021-02-02 20:45:00,19.49,
2021-02-02 21:00:00,19.52,
2021-02-02 21:15:00,19.49,
2021-02-02 21:30:00,19.47,
2021-02-02 21:45:00,19.53,
2021-02-02 22:00:00,19.57,
2021-02-02 22:15:00,19.58,
2021-02-02 22:30:00,19.58,
2021-02-02 22:45:00,19.56,
2021-02-02 23:00:00,19.51,
2021-02-02 23:15:00,19.52,
2021-02-02 23:30:00,19.55,
2021-02-02 23:45:00,19.5,
2021-02-03 00:00:00,19.56,
2021-02-03 00:15:00,19.58,
2021-02-03 00:30:00,19.61,
2021-02-03 00:45:00,19.67,
2021-02-03 01:00:00,19.63,
2021-02-03 01:15:00,19.65,
2021-02-03 01:30:00,19.69,
2021-02-03 01:45:00,19.62,
2021-02-03 02:00:00,19.61,
2021-02-03 02:15:00,19.57,
2021-02-03 02:30:00,19.57,
2021-02-03 02:45:00,19.66,
2021-02-03 03:00:00,19.6,
2021-02-03 03:15:00,19.55,
2021-02-03 03:30:00,19.59,
2021-02-03 03:45:00,19.6,
2021-02-03 04:00:00,19.65,
2021-02-03 04:15:00,19.62,
2021-02-03 04:30:00,19.77,
2021-02-03 04:45:00,19.94,
2021-02-03 05:00:00,20.01,
2021-02-03 05:15:00,20.19,
2021-02-03 05:30:00,20.3,
2021-02-03 05:45:00,20.29,
2021-02-03 06:00:00,20.29,
2021-02-03 06:15:00,20.29,
2021-02-03 06:30:00,20.29,
2021-02-03 06:45:00,20.36,
2021-02-03 07:00:00,20.48,
2021-02-03 07:15:00,20.5,
2021-02-03 07:30:00,20.46,
2021-02-03 07:45:00,20.4,
2021-02-03 08:00:00,20.41,
2021-02-03 08:15:00,20.44,
2021-02-03 08:30:00,20.41,
2021-02-03 08:45:00,20.41,
2021-02-03 09:00:00,20.44,
2021-02-03 09:15:00,20.44,
2021-02-03 09:30:00,20.44,
2021-02-03 09:45:00,20.38,
2021-02-03 10:00:00,20.37,
2021-02-03 10:15:00,20.35,
2021-02-03 10:30:00,20.37,
2021-02-03 10:45:00,20.37,
2021-02-03 11:00:00,20.39,
2021-02-03 11:15:00,20.44,
2021-02-03 11:30:00,20.27,
2021-02-03 11:45:00,20.25,
2021-02-03 12:00:00,20.22,
2021-02-03 12:15:00,20.25,
2021-02-03 12:30:00,20.15,
2021-02-03 12:45:00,20.13,
2021-02-03 13:00:00,20.15,
2021-02-03 13:15:00,20.09,
2021-02-03 13:30:00,20.09,
2021-02-03 13:45:00,20.05,
2021-02-03 14:00:00,20.0,
2021-02-03 14:15:00,19.99,
2021-02-03 14:30:00,19.94,
2021-02-03 14:45:00,19.89,
2021-02-03 15:00:00,19.87,
2021-02-03 15:15:00,19.8,
2021-02-03 15:30:00,19.79,
2021-02-03 15:45:00,19.75,
2021-02-03 16:00:00,19.73,
2021-02-03 16:15:00,19.71,
2021-02-03 16:30:00,19.69,
2021-02-03 16:45:00,19.67,
2021-02-03 17:00:00,19.61,
2021-02-03 17:15:00,19.6,
2021-02-03 17:30:00,19.6,
2021-02-03 17:45:00,19.53,
2021-02-03 18:00:00,19.55,
2021-02-03 18:15:00,19.58,
2021-02-03 18:30:00,19.49,
2021-02-03 18:45:00,19.46,
2021-02-03 19:00:00,19.47,
2021-02-03 19:15:00,19.49,
2021-02-03 19:30:00,19.43,
2021-02-03 19:45:00,19.45,
2021-02-03 20:00:00,19.46,
2021-02-03 20:15:00,19.46,
2021-02-03 20:30:00,19.46,
2021-02-03 20:45:00,19.51,
2021-02-03 21:00:00,19.44,
2021-02-03 21:15:00,19.4,
2021-02-03 21:30:00,19.42,
2021-02-03 21:45:00,19.37,
2021-02-03 22:00:00,19.39,
2021-02-03 22:15:00,19.41,
2021-02-03 22:30:00,19.36,
2021-02-03 22:45:00,19.35,
2021-02-03 23:00:00,19.37,
2021-02-03 23:15:00,19.34,
2021-02-03 23:30:00,19.32,
2021-02-03 23:45:00,19.33,
2021-02-04 00:00:00,19.34,
2021-02-04 00:15:00,19.34,
2021-02-04 00:30:00,19.32,
2021-02-04 00:45:00,19.31,
2021-02-04 01:00:00,19.28,
2021-02-04 01:15:00,19.29,
2021-02-04 01:30:00,19.31,
2021-02-04 01:45:00,19.28,
2021-02-04 02:00:00,19.26,
2021-02-04 02:15:00,19.31,
2021-02-04 02:30:00,19.34,
2021-02-04 02:45:00,19.36,
2021-02-04 03:00:00,19.33,
2021-02-04 03:15:00,19.32,
2021-02-04 03:30:00,19.32,
2021-02-04 03:45:00,19.3,
2021-02-04 04:00:00,19.33,
2021-02-04 04:15:00,19.3,
2021-02-04 04:30:00,19.35,
2021-02-04 04:45:00,19.39,
2021-02-04 05:00:00,19.35,
2021-02-04 05:15:00,19.37,
2021-02-04 05:30:00,19.32,
2021-02-04 05:45:00,19.32,
2021-02-04 06:00:00,19.36,
2021-02-04 06:15:00,19.32,
2021-02-04 06:30:00,19.36,
2021-02-04 06:45:00,19.24,
2021-02-04 07:00:00,19.18,
2021-02-04 07:15:00,19.19,
2021-02-04 07:30:00,19.2,
2021-02-04 07:45:00,19.26,
2021-02-04 08:00:00,19.32,
2021-02-04 08:15:00,19.29,
2021-02-04 08:30:00,19.26,
2021-02-04 08:45:00,19.31,
2021-02-04 09:00:00,19.33,
2021-02-04 09:15:00,19.33,
2021-02-04 09:30:00,19.33,
2021-02-04 09:45:00,19.35,
2021-02-04 10:00:00,19.35,
2021-02-04 10:15:00,19.37,
2021-02-04 10:30:00,19.36,
2021-02-04 10:45:00,19.33,
2021-02-04 11:00:00,19.36,
2021-02-04 11:15:00,19.32,
2021-02-04 11:30:00,19.33,
2021-02-04 11:45:00,19.28,
2021-02-04 12:00:00,19.3,
2021-02-04 12:15:00,19.27,
2021-02-04 12:30:00,19.33,
2021-02-04 12:45:00,19.31,
2021-02-04 13:00:00,19.35,
2021-02-04 13:15:00,19.29,
2021-02-04 13:30:00,19.35,
2021-02-04 13:45:00,19.35,
2021-02-04 14:00:00,19.34,
2021-02-04 14:15:00,19.32,
2021-02-04 14:30:00,19.37,
2021-02-04 14:45:00,19.36,
2021-02-04 15:00:00,19.39,
2021-02-04 15:15:00,19.35,
2021-02-04 15:30:00,19.4,
2021-02-04 15:45:00,19.34,
2021-02-04 16:00:00,19.37,
2021-02-04 16:15:00,19.38,
2021-02-04 16:30:00,19.31,
2021-02-04 16:45:00,19.27,
2021-02-04 17:00:00,19.3,
2021-02-04 17:15:00,19.3,
2021-02-04 17:30:00,19.27,
2021-02-04 17:45:00,19.24,
2021-02-04 18:00:00,19.24,
2021-02-04 18:15:00,19.26,
2021-02-04 18:30:00,19.33,
2021-02-04 18:45:00,19.26,
2021-02-04 19:00:00,19.29,
2021-02-04 19:15:00,19.29,
2021-02-04 19:30:00,19.25,
2021-02-04 19:45:00,19.27,
2021-02-04 20:00:00,19.31,
2021-02-04 20:15:00,19.28,
2021-02-04 20:30:00,19.28,
2021-02-04 20:45:00,19.3,
2021-02-04 21:00:00,19.26,
2021-02-04 21:15:00,19.22,
2021-02-04 21:30:00,19.21,
2021-02-04 21:45:00,19.25,
2021-02-04 22:00:00,19.28,
2021-02-04 22:15:00,19.22,
2021-02-04 22:30:00,19.25,
2021-02-04 22:45:00,19.28,
2021-02-04 23:00:00,19.23,
2021-02-04 23:15:00,19.29,
2021-02-04 23:30:00,19.38,
2021-02-04 23:45:00,19.35,
2021-02-05 00:00:00,19.31,
2021-02-05 00:15:00,19.28,
2021-02-05 00:30:00,19.22,
2021-02-05 00:45:00,19.25,
2021-02-05 01:00:00,19.23,
2021-02-05 01:15:00,19.2,
2021-02-05 01:30:00,19.25,
2021-02-05 01:45:00,19.23,
2021-02-05 02:00:00,19.3,
2021-02-05 02:15:00,19.26,
2021-02-05 02:30:00,19.26,
2021-02-05 02:45:00,19.23,
2021-02-05 03:00:00,19.25,
2021-02-05 03:15:00,19.15,
2021-02-05 03:30:00,19.1,
2021-02-05 03:45:00,19.15,
2021-02-05 04:00:00,19.19,
2021-02-05 04:15:00,19.22,
2021-02-05 04:30:00,,ICE
2021-02-05 04:45:00,,ICE
2021-02-05 05:00:00,,ICE
2021-02-05 05:15:00,,ICE
2021-02-05 05:30:00,,ICE
2021-02-05 05:45:00,,ICE
2021-02-05 06:00:00,,ICE
2021-02-05 06:15:00,,ICE
2021-02-05 06:30:00,,ICE
2021-02-05 06:45:00,,ICE
2021-02-05 07:00:00,,ICE
2021-02-05 07:15:00,,ICE
2021-02-05 07:30:00,,ICE
2021-02-05 07:45:00,,ICE
2021-02-05 08:00:00,,ICE
2021-02-05 08:15:00,,ICE
2021-02-05 08:30:00,,ICE
2021-02-05 08:45:00,,ICE
2021-02-05 09:00:00,,ICE
2021-02-05 09:15:00,,ICE
2021-02-05 09:30:00,,ICE
2021-02-05 09:45:00,,ICE
2021-02-05 10:00:00,,ICE
2021-02-05 10:15:00,,ICE
2021-02-05 10:30:00,,ICE
2021-02-05 10:45:00,,ICE
2021-02-05 11:00:00,,ICE
2021-02-05 11:15:00,,ICE
2021-02-05 11:30:00,,ICE
2021-02-05 11:45:00,,ICE
2021-02-05 12:00:00,,ICE
2021-02-05 12:15:00,,ICE
2021-02-05 12:30:00,,ICE
2021-02-05 12:45:00,,ICE
2021-02-05 13:00:00,,ICE
2021-02-05 13:15:00,,ICE
2021-02-05 13:30:00,,ICE
2021-02-05 13:45:00,,ICE
2021-02-05 14:00:00,,ICE
2021-02-05 14:15:00,,ICE
2021-02-05 14:30:00,,ICE
2021-02-05 14:45:00,,ICE
2021-02-05 15:00:00,,ICE
2021-02-05 15:15:00,,ICE
2021-02-05 15:30:00,,ICE
2021-02-05 15:45:00,,ICE
2021-02-05 16:00:00,,ICE
2021-02-05 16:15:00,,ICE
2021-02-05 16:30:00,,ICE
2021-02-05 16:45:00,,ICE
2021-02-05 17:00:00,,ICE
2021-02-05 17:15:00,,ICE
2021-02-05 17:30:00,,ICE
2021-02-05 17:45:00,,ICE
2021-02-05 18:00:00,,ICE
2021-02-05 18:15:00,,ICE
2021-02-05 18:30:00,,ICE
2021-02-05 18:45:00,,ICE
2021-02-05 19:00:00,,ICE
2021-02-05 19:15:00,,ICE
2021-02-05 19:30:00,,ICE
2021-02-05 19:45:00,,ICE
2021-02-05 20:00:00,,ICE
2021-02-05 20:15:00,,ICE
2021-02-05 20:30:00,,ICE
2021-02-05 20:45:00,,ICE
2021-02-05 21:00:00,,ICE
2021-02-05 21:15:00,,ICE
2021-02-05 21:30:00,,ICE
2021-02-05 21:45:00,,ICE
2021-02-05 22:00:00,,ICE
2021-02-05 22:15:00,,ICE
2021-02-05 22:30:00,,ICE
2021-02-05 22:45:00,,ICE
2021-02-05 23:00:00,,ICE
2021-02-05 23:15:00,,ICE
2021-02-05 23:30:00,,ICE
2021-02-05 23:45:00,,ICE
2021-02-06 00:00:00,,ICE
2021-02-06 00:15:00,,ICE
2021-02-06 00:30:00,,ICE
2021-02-06 00:45:00,,ICE
2021-02-06 01:00:00,,ICE
2021-02-06 01:15:00,,ICE
2021-02-06 01:30:00,,ICE
2021-02-06 01:45:00,,ICE
2021-02-06 02:00:00,,ICE
2021-02-06 02:15:00,,ICE
2021-02-06 02:30:00,,ICE
2021-02-06 02:45:00,,ICE
2021-02-06 03:00:00,,ICE
2021-02-06 03:15:00,,ICE
2021-02-06 03:30:00,,ICE
2021-02-06 03:45:00,,ICE
2021-02-06 04:00:00,,ICE
2021-02-06 04:15:00,,ICE
2021-02-06 04:30:00,,ICE
2021-02-06 04:45:00,,ICE
2021-02-06 05:00:00,,ICE
2021-02-06 05:15:00,,ICE
2021-02-06 05:30:00,,ICE
2021-02-06 05:45:00,,ICE
2021-02-06 06:00:00,,ICE
2021-02-06 06:15:00,,ICE
2021-02-06 06:30:00,,ICE
2021-02-06 06:45:00,,ICE
2021-02-06 07:00:00,,ICE
2021-02-06 07:15:00,,ICE
2021-02-06 07:30:00,,ICE
2021-02-06 07:45:00,,ICE
2021-02-06 08:00:00,,ICE
2021-02-06 08:15:00,,ICE
2021-02-06 08:30:00,,ICE
2021-02-06 08:45:00,,ICE
2021-02-06 09:00:00,,ICE
2021-02-06 09:15:00,,ICE
2021-02-06 09:30:00,,ICE
2021-02-06 09:45:00,,ICE
2021-02-06 10:00:00,,ICE
2021-02-06 10:15:00,,ICE
2021-02-06 10:30:00,,ICE
2021-02-06 10:45:00,,ICE
2021-02-06 11:00:00,,ICE
2021-02-06 11:15:00,,ICE
2021-02-06 11:30:00,,ICE
2021-02-06 11:45:00,,ICE
2021-02-06 12:00:00,,ICE
2021-02-06 12:15:00,,ICE
2021-02-06 12:30:00,,ICE
2021-02-06 12:45:00,,ICE
2021-02-06 13:00:00,,ICE
2021-02-06 13:15:00,,ICE
2021-02-06 13:30:00,,ICE
2021-02-06 13:45:00,,ICE
2021-02-06 14:00:00,,ICE
2021-02-06 14:15:00,,ICE
2021-02-06 14:30:00,,ICE
2021-02-06 14:45:00,,ICE
2021-02-06 15:00:00,19.42,
2021-02-06 15:15:00,19.47,
2021-02-06 15:30:00,19.5,
2021-02-06 15:45:00,19.52,
2021-02-06 16:00:00,19.51,
2021-02-06 16:15:00,19.52,
2021-02-06 16:30:00,19.51,
2021-02-06 16:45:00,19.51,
2021-02-06 17:00:00,19.5,
2021-02-06 17:15:00,19.5,
2021-02-06 17:30:00,19.47,
2021-02-06 17:45:00,19.47,
2021-02-06 18:00:00,19.44,
2021-02-06 18:15:00,19.46,
2021-02-06 18:30:00,19.37,
2021-02-06 18:45:00,19.43,
2021-02-06 19:00:00,19.44,
2021-02-06 19:15:00,19.46,
2021-02-06 19:30:00,19.44,
2021-02-06 19:45:00,19.43,
2021-02-06 20:00:00,19.39,
2021-02-06 20:15:00,19.37,
2021-02-06 20:30:00,19.41,
2021-02-06 20:45:00,19.39,
2021-02-06 21:00:00,19.36,
2021-02-06 21:15:00,19.36,
2021-02-06 21:30:00,19.41,
2021-02-06 21:45:00,19.36,
2021-02-06 22:00:00,19.43,
2021-02-06 22:15:00,19.32,
2021-02-06 22:30:00,19.3,
2021-02-06 22:45:00,19.39,
2021-02-06 23:00:00,19.33,
2021-02-06 23:15:00,19.37,
2021-02-06 23:30:00,19.4,
2021-02-06 23:45:00,19.37,
2021-02-07 00:00:00,19.38,
2021-02-07 00:15:00,19.32,
2021-02-07 00:30:00,19.41,
2021-02-07 00:45:00,19.32,
2021-02-07 01:00:00,19.37,
2021-02-07 01:15:00,19.45,
2021-02-07 01:30:00,19.37,
2021-02-07 01:45:00,19.35,
2021-02-07 02:00:00,19.39,
2021-02-07 02:15:00,19.42,
2021-02-07 02:30:00,19.35,
2021-02-07 02:45:00,19.35,
2021-02-07 03:00:00,19.34,
2021-02-07 03:15:00,19.41,
2021-02-07 03:30:00,19.38,
2021-02-07 03:45:00,19.37,
2021-02-07 04:00:00,19.35,
2021-02-07 04:15:00,19.34,
2021-02-07 04:30:00,19.36,
2021-02-07 04:45:00,19.3,
2021-02-07 05:00:00,19.34,
2021-02-07 05:15:00,19.37,
2021-02-07 05:30:00,19.38,
2021-02-07 05:45:00,19.34,
2021-02-07 06:00:00,19.31,
2021-02-07 06:15:00,19.33,
2021-02-07 06:30:00,19.3,
2021-02-07 06:45:00,19.28,
2021-02-07 07:00:00,19.26,
2021-02-07 07:15:00,19.27,
2021-02-07 07:30:00,19.21,
2021-02-07 07:45:00,19.25,
2021-02-07 08:00:00,19.21,
2021-02-07 08:15:00,19.24,
2021-02-07 08:30:00,19.26,
2021-02-07 08:45:00,19.28,
2021-02-07 09:00:00,19.26,
2021-02-07 09:15:00,19.36,
2021-02-07 09:30:00,19.3,
2021-02-07 09:45:00,19.23,
2021-02-07 10:00:00,19.29,
2021-02-07 10:15:00,19.26,
2021-02-07 10:30:00,19.28,
2021-02-07 10:45:00,19.26,
2021-02-07 11:00:00,19.26,
2021-02-07 11:15:00,19.29,
2021-02-07 11:30:00,19.2,
2021-02-07 11:45:00,19.36,
2021-02-07 12:00:00,19.31,
2021-02-07 12:15:00,19.33,
2021-02-07 12:30:00,19.36,
2021-02-07 12:45:00,19.39,
2021-02-07 13:00:00,19.27,
2021-02-07 13:15:00,19.3,
2021-02-07 13:30:00,19.39,
2021-02-07 13:45:00,19.48,
2021-02-07 14:00:00,19.41,
2021-02-07 14:15:00,19.36,
2021-02-07 14:30:00,19.41,
2021-02-07 14:45:00,19.4,
2021-02-07 15:00:00,19.47,
2021-02-07 15:15:00,19.42,
2021-02-07 15:30:00,19.42,
2021-02-07 15:45:00,19.45,
2021-02-07 16:00:00,19.36,
2021-02-07 16:15:00,19.4,
2021-02-07 16:30:00,19.43,
2021-02-07 16:45:00,19.36,
2021-02-07 17:00:00,19.42,
2021-02-07 17:15:00,19.38,
2021-02-07 17:30:00,19.39,
2021-02-07 17:45:00,19.39,
2021-02-07 18:00:00,19.41,
2021-02-07 18:15:00,19.38,
2021-02-07 18:30:00,19.38,
2021-02-07 18:45:00,19.34,
2021-02-07 19:00:00,19.31,
2021-02-07 19:15:00,19.36,
2021-02-07 19:30:00,19.3,
2021-02-07 19:45:00,19.36,
2021-02-07 20:00:00,19.32,
2021-02-07 20:15:00,19.33,
2021-02-07 20:30:00,19.31,
2021-02-07 20:45:00,19.38,
2021-02-07 21:00:00,19.41,
2021-02-07 21:15:00,19.31,
2021-02-07 21:30:00,19.3,
2021-02-07 21:45:00,19.34,
2021-02-07 22:00:00,19.28,
2021-02-07 22:15:00,19.27,
2021-02-07 22:30:00,19.25,
2021-02-07 22:45:00,19.27,
2021-02-07 23:00:00,19.26,
2021-02-07 23:15:00,19.21,
2021-02-07 23:30:00,19.2,
2021-02-07 23:45:00,19.2,
2021-02-08 00:00:00,19.24,
2021-02-08 00:15:00,19.21,
2021-02-08 00:30:00,19.22,
2021-02-08 00:45:00,19.22,
2021-02-08 01:00:00,19.21,
2021-02-08 01:15:00,19.14,
2021-02-08 01:30:00,19.12,
2021-02-08 01:45:00,19.21,
2021-02-08 02:00:00,19.2,
2021-02-08 02:15:00,19.16,
2021-02-08 02:30:00,19.22,
2021-02-08 02:45:00,19.19,
2021-02-08 03:00:00,19.18,
2021-02-08 03:15:00,19.19,
2021-02-08 03:30:00,19.19,
2021-02-08 03:45:00,19.24,
2021-02-08 04:00:00,19.19,
2021-02-08 04:15:00,19.16,
2021-02-08 04:30:00,19.17,
2021-02-08 04:45:00,19.21,
2021-02-08 05:00:00,19.19,
2021-02-08 05:15:00,19.2,
2021-02-08 05:30:00,19.06,
2021-02-08 05:45:00,19.23,
2021-02-08 06:00:00,19.19,
2021-02-08 06:15:00,19.17,
2021-02-08 06:30:00,19.17,
2021-02-08 06:45:00,19.22,
2021-02-08 07:00:00,19.22,
2021-02-08 07:15:00,19.21,
2021-02-08 07:30:00,19.19,
2021-02-08 07:45:00,19.19,
2021-02-08 08:00:00,19.19,
2021-02-08 08:15:00,19.2,
2021-02-08 08:30:00,19.17,
2021-02-08 08:45:00,19.15,
2021-02-08 09:00:00,,ICE
2021-02-08 09:15:00,,ICE
2021-02-08 09:30:00,,ICE
2021-02-08 09:45:00,,ICE
2021-02-08 10:00:00,,ICE
2021-02-08 10:15:00,,ICE
2021-02-08 10:30:00,,ICE
2021-02-08 10:45:00,,ICE
2021-02-08 11:00:00,,ICE
2021-02-08 11:15:00,19.2,
2021-02-08 11:30:00,19.23,
2021-02-08 11:45:00,19.14,
2021-02-08 12:00:00,19.15,
2021-02-08 12:15:00,19.15,
2021-02-08 12:30:00,19.21,
2021-02-08 12:45:00,19.22,
2021-02-08 13:00:00,19.19,
2021-02-08 13:15:00,19.26,
2021-02-08 13:30:00,19.25,
2021-02-08 13:45:00,19.18,
2021-02-08 14:00:00,19.27,
2021-02-08 14:15:00,19.24,
2021-02-08 14:30:00,19.16,
2021-02-08 14:45:00,19.25,
2021-02-08 15:00:00,19.25,
2021-02-08 15:15:00,19.25,
2021-02-08 15:30:00,19.28,
2021-02-08 15:45:00,19.33,
2021-02-08 16:00:00,19.32,
2021-02-08 16:15:00,19.26,
2021-02-08 16:30:00,19.31,
2021-02-08 16:45:00,19.32,
2021-02-08 17:00:00,19.26,
2021-02-08 17:15:00,19.3,
2021-02-08 17:30:00,19.29,
2021-02-08 17:45:00,19.31,
2021-02-08 18:00:00,19.27,
2021-02-08 18:15:00,19.29,
2021-02-08 18:30:00,19.33,
2021-02-08 18:45:00,19.26,
2021-02-08 19:00:00,19.25,
2021-02-08 19:15:00,19.21,
2021-02-08 19:30:00,19.23,
2021-02-08 19:45:00,19.23,
2021-02-08 20:00:00,19.24,
2021-02-08 20:15:00,19.21,
2021-02-08 20:30:00,19.19,
2021-02-08 20:45:00,19.19,
2021-02-08 21:00:00,19.15,
2021-02-08 21:15:00,19.22,
2021-02-08 21:30:00,19.22,
2021-02-08 21:45:00,19.19,
2021-02-08 22:00:00,19.2,
2021-02-08 22:15:00,19.2,
2021-02-08 22:30:00,19.18,
2021-02-08 22:45:00,19.21,
2021-02-08 23:00:00,19.17,
2021-02-08 23:15:00,19.16,
2021-02-08 23:30:00,19.17,
2021-02-08 23:45:00,19.18,
2021-02-09 00:00:00,19.16,
2021-02-09 00:15:00,19.15,
2021-02-09 00:30:00,19.11,
2021-02-09 00:45:00,19.13,
2021-02-09 01:00:00,19.12,
2021-02-09 01:15:00,19.12,
2021-02-09 01:30:00,19.17,
2021-02-09 01:45:00,19.15,
2021-02-09 02:00:00,19.14,
2021-02-09 02:15:00,19.16,
2021-02-09 02:30:00,19.13,
2021-02-09 02:45:00,19.15,
2021-02-09 03:00:00,19.14,
2021-02-09 03:15:00,19.12,
2021-02-09 03:30:00,19.12,
2021-02-09 03:45:00,19.13,
2021-02-09 04:00:00,19.08,
2021-02-09 04:15:00,19.07,
2021-02-09 04:30:00,19.06,
2021-02-09 04:45:00,19.1,
2021-02-09 05:00:00,19.08,
2021-02-09 05:15:00,19.07,
2021-02-09 05:30:00,19.11,
2021-02-09 05:45:00,19.13,
2021-02-09 06:00:00,19.15,
2021-02-09 06:15:00,19.2,
2021-02-09 06:30:00,19.12,
2021-02-09 06:45:00,19.11,
2021-02-09 07:00:00,19.07,
2021-02-09 07:15:00,19.05,
2021-02-09 07:30:00,19.05,
2021-02-09 07:45:00,19.12,
2021-02-09 08:00:00,19.11,
2021-02-09 08:15:00,19.14,
2021-02-09 08:30:00,19.17,
2021-02-09 08:45:00,19.22,
2021-02-09 09:00:00,19.19,
2021-02-09 09:15:00,19.21,
2021-02-09 09:30:00,19.23,
2021-02-09 09:45:00,19.29,
2021-02-09 10:00:00,19.24,
2021-02-09 10:15:00,19.24,
2021-02-09 10:30:00,19.2,
2021-02-09 10:45:00,19.19,
2021-02-09 11:00:00,19.14,
2021-02-09 11:15:00,19.15,
2021-02-09 11:30:00,19.2,
2021-02-09 11:45:00,19.21,
2021-02-09 12:00:00,19.18,
2021-02-09 12:15:00,19.16,
2021-02-09 12:30:00,19.18,
2021-02-09 12:45:00,19.25,
2021-02-09 13:00:00,19.19,
2021-02-09 13:15:00,19.2,
2021-02-09 13:30:00,19.28,
2021-02-09 13:45:00,19.16,
2021-02-09 14:00:00,19.26,
2021-02-09 14:15:00,19.11,
2021-02-09 14:30:00,19.19,
2021-02-09 14:45:00,19.17,
2021-02-09 15:00:00,19.17,
2021-02-09 15:15:00,19.16,
2021-02-09 15:30:00,19.21,
2021-02-09 15:45:00,19.2,
2021-02-09 16:00:00,19.18,
2021-02-09 16:15:00,19.24,
2021-02-09 16:30:00,19.26,
2021-02-09 16:45:00,19.3,
2021-02-09 17:00:00,19.32,
2021-02-09 17:15:00,19.33,
2021-02-09 17:30:00,19.27,
2021-02-09 17:45:00,19.31,
2021-02-09 18:00:00,19.32,
2021-02-09 18:15:00,19.34,
2021-02-09 18:30:00,19.3,
2021-02-09 18:45:00,19.3,
2021-02-09 19:00:00,19.3,
2021-02-09 19:15:00,19.3,
2021-02-09 19:30:00,19.28,
2021-02-09 19:45:00,19.29,
2021-02-09 20:00:00,19.31,
2021-02-09 20:15:00,19.29,
2021-02-09 20:30:00,19.25,
2021-02-09 20:45:00,19.29,
2021-02-09 21:00:00,19.29,
2021-02-09 21:15:00,19.27,
2021-02-09 21:30:00,19.31,
2021-02-09 21:45:00,19.33,
2021-02-09 22:00:00,19.32,
2021-02-09 22:15:00,19.2,
2021-02-09 22:30:00,19.29,
2021-02-09 22:45:00,19.3,
2021-02-09 23:00:00,19.33,
2021-02-09 23:15:00,19.3,
2021-02-09 23:30:00,19.28,
2021-02-09 23:45:00,19.32,
2021-02-10 00:00:00,19.31,
2021-02-10 00:15:00,19.24,
2021-02-10 00:30:00,19.19,
2021-02-10 00:45:00,19.15,
2021-02-10 01:00:00,19.12,
2021-02-10 01:15:00,19.13,
2021-02-10 01:30:00,19.11,
2021-02-10 01:45:00,19.11,
2021-02-10 02:00:00,19.08,
2021-02-10 02:15:00,19.07,
2021-02-10 02:30:00,18.93,
2021-02-10 02:45:00,18.95,
2021-02-10 03:00:00,19.03,
2021-02-10 03:15:00,19.08,
2021-02-10 03:30:00,19.13,
2021-02-10 03:45:00,19.08,
2021-02-10 04:00:00,19.14,
2021-02-10 04:15:00,19.12,
2021-02-10 04:30:00,19.1,
2021-02-10 04:45:00,19.08,
2021-02-10 05:00:00,19.09,
2021-02-10 05:15:00,19.07,
2021-02-10 05:30:00,19.07,
2021-02-10 05:45:00,19.08,
2021-02-10 06:00:00,19.09,
2021-02-10 06:15:00,19.08,
2021-02-10 06:30:00,19.04,
2021-02-10 06:45:00,19.01,
2021-02-10 07:00:00,19.07,
2021-02-10 07:15:00,19.08,
2021-02-10 07:30:00,19.09,
2021-02-10 07:45:00,19.15,
2021-02-10 08:00:00,19.15,
2021-02-10 08:15:00,19.15,
2021-02-10 08:30:00,19.12,
2021-02-10 08:45:00,19.1,
2021-02-10 09:00:00,19.12,
2021-02-10 09:15:00,19.06,
2021-02-10 09:30:00,19.07,
2021-02-10 09:45:00,19.06,
2021-02-10 10:00:00,19.06,
2021-02-10 10:15:00,19.08,
2021-02-10 10:30:00,19.07,
2021-02-10 10:45:00,19.06,
2021-02-10 11:00:00,19.07,
2021-02-10 11:15:00,19.13,
2021-02-10 11:30:00,19.06,
2021-02-10 11:45:00,19.05,
2021-02-10 12:00:00,19.13,
2021-02-10 12:15:00,19.09,
2021-02-10 12:30:00,19.04,
2021-02-10 12:45:00,19.05,
2021-02-10 13:00:00,19.04,
2021-02-10 13:15:00,19.03,
2021-02-10 13:30:00,19.0,
2021-02-10 13:45:00,19.06,
2021-02-10 14:00:00,19.06,
2021-02-10 14:15:00,19.17,
2021-02-10 14:30:00,19.02,
2021-02-10 14:45:00,19.12,
2021-02-10 15:00:00,19.17,
2021-02-10 15:15:00,19.15,
2021-02-10 15:30:00,19.17,
2021-02-10 15:45:00,19.22,
2021-02-10 16:00:00,19.25,
2021-02-10 16:15:00,19.2,
2021-02-10 16:30:00,19.29,
2021-02-10 16:45:00,19.27,
2021-02-10 17:00:00,19.3,
2021-02-10 17:15:00,19.26,
2021-02-10 17:30:00,19.24,
2021-02-10 17:45:00,19.23,
2021-02-10 18:00:00,19.25,
2021-02-10 18:15:00,19.22,
2021-02-10 18:30:00,19.22,
2021-02-10 18:45:00,19.24,
2021-02-10 19:00:00,19.2,
2021-02-10 19:15:00,19.17,
2021-02-10 19:30:00,19.19,
2021-02-10 19:45:00,19.2,
2021-02-10 20:00:00,19.2,
2021-02-10 20:15:00,19.18,
2021-02-10 20:30:00,19.19,
2021-02-10 20:45:00,19.19,
2021-02-10 21:00:00,19.12,
2021-02-10 21:15:00,19.15,
2021-02-10 21:30:00,19.17,
2021-02-10 21:45:00,19.16,
2021-02-10 22:00:00,19.13,
2021-02-10 22:15:00,19.14,
2021-02-10 22:30:00,19.15,
2021-02-10 22:45:00,19.16,
2021-02-10 23:00:00,19.1,
2021-02-10 23:15:00,19.11,
2021-02-10 23:30:00,19.17,
2021-02-10 23:45:00,19.12,
2021-02-11 00:00:00,19.1,
2021-02-11 00:15:00,19.07,
2021-02-11 00:30:00,19.08,
2021-02-11 00:45:00,19.06,
2021-02-11 01:00:00,19.09,
2021-02-11 01:15:00,19.06,
2021-02-11 01:30:00,19.09,
2021-02-11 01:45:00,19.09,
2021-02-11 02:00:00,19.09,
2021-02-11 02:15:00,19.08,
2021-02-11 02:30:00,19.08,
2021-02-11 02:45:00,19.09,
2021-02-11 03:00:00,19.07,
2021-02-11 03:15:00,19.08,
2021-02-11 03:30:00,19.04,
2021-02-11 03:45:00,19.07,
2021-02-11 04:00:00,19.07,
2021-02-11 04:15:00,19.08,
2021-02-11 04:30:00,19.07,
2021-02-11 04:45:00,19.05,
2021-02-11 05:00:00,19.07,
2021-02-11 05:15:00,19.0,
2021-02-11 05:30:00,19.01,
2021-02-11 05:45:00,19.08,
2021-02-11 06:00:00,19.1,
2021-02-11 06:15:00,19.08,
2021-02-11 06:30:00,19.05,
2021-02-11 06:45:00,19.15,
2021-02-11 07:00:00,19.12,
2021-02-11 07:15:00,18.99,
2021-02-11 07:30:00,19.01,
2021-02-11 07:45:00,19.07,
2021-02-11 08:00:00,19.08,
2021-02-11 08:15:00,19.1,
2021-02-11 08:30:00,19.02,
2021-02-11 08:45:00,19.07,
2021-02-11 09:00:00,19.07,
2021-02-11 09:15:00,19.05,
2021-02-11 09:30:00,19.01,
2021-02-11 09:45:00,19.1,
2021-02-11 10:00:00,19.05,
2021-02-11 10:15:00,19.06,
2021-02-11 10:30:00,19.08,
2021-02-11 10:45:00,19.05,
2021-02-11 11:00:00,19.08,
2021-02-11 11:15:00,19.15,
2021-02-11 11:30:00,19.08,
2021-02-11 11:45:00,19.1,
2021-02-11 12:00:00,19.14,
2021-02-11 12:15:00,19.09,
2021-02-11 12:30:00,19.09,
2021-02-11 12:45:00,19.17,
2021-02-11 13:00:00,19.17,
2021-02-11 13:15:00,19.17,
2021-02-11 13:30:00,19.16,
2021-02-11 13:45:00,19.16,
2021-02-11 14:00:00,19.16,
2021-02-11 14:15:00,19.17,
2021-02-11 14:30:00,19.2,
2021-02-11 14:45:00,19.19,
2021-02-11 15:00:00,19.23,
2021-02-11 15:15:00,19.25,
2021-02-11 15:30:00,19.21,
2021-02-11 15:45:00,19.21,
2021-02-11 16:00:00,19.26,
2021-02-11 16:15:00,19.25,
2021-02-11 16:30:00,19.21,
2021-02-11 16:45:00,19.25,
2021-02-11 17:00:00,19.24,
2021-02-11 17:15:00,19.22,
2021-02-11 17:30:00,19.24,
2021-02-11 17:45:00,19.25,
2021-02-11 18:00:00,19.27,
2021-02-11 18:15:00,19.27,
2021-02-11 18:30:00,19.24,
2021-02-11 18:45:00,19.26,
2021-02-11 19:00:00,19.28,
2021-02-11 19:15:00,19.24,
2021-02-11 19:30:00,19.29,
2021-02-11 19:45:00,19.25,
2021-02-11 20:00:00,19.27,
2021-02-11 20:15:00,19.24,
2021-02-11 20:30:00,19.27,
2021-02-11 20:45:00,19.27,
2021-02-11 21:00:00,19.27,
2021-02-11 21:15:00,19.28,
2021-02-11 21:30:00,19.27,
2021-02-11 21:45:00,19.26,
2021-02-11 22:00:00,19.3,
2021-02-11 22:15:00,19.34,
2021-02-11 22:30:00,19.37,
2021-02-11 22:45:00,19.39,
2021-02-11 23:00:00,19.44,
2021-02-11 23:15:00,19.4,
2021-02-11 23:30:00,19.43,
2021-02-11 23:45:00,19.44,
2021-02-12 00:00:00,19.43,
2021-02-12 00:15:00,19.43,
2021-02-12 00:30:00,19.45,
2021-02-12 00:45:00,19.44,
2021-02-12 01:00:00,19.43,
2021-02-12 01:15:00,19.43,
2021-02-12 01:30:00,19.48,
2021-02-12 01:45:00,19.46,
2021-02-12 02:00:00,19.49,
2021-02-12 02:15:00,19.54,
2021-02-12 02:30:00,19.54,
2021-02-12 02:45:00,19.51,
2021-02-12 03:00:00,19.53,
2021-02-12 03:15:00,19.55,
2021-02-12 03:30:00,19.54,
2021-02-12 03:45:00,19.58,
2021-02-12 04:00:00,19.6,
2021-02-12 04:15:00,19.58,
2021-02-12 04:30:00,19.61,
2021-02-12 04:45:00,19.61,
2021-02-12 05:00:00,19.64,
2021-02-12 05:15:00,19.64,
2021-02-12 05:30:00,19.73,
2021-02-12 05:45:00,19.74,
2021-02-12 06:00:00,19.75,
2021-02-12 06:15:00,19.72,
2021-02-12 06:30:00,19.71,
2021-02-12 06:45:00,19.66,
2021-02-12 07:00:00,19.69,
2021-02-12 07:15:00,19.7,
2021-02-12 07:30:00,19.7,
2021-02-12 07:45:00,19.62,
2021-02-12 08:00:00,19.56,
2021-02-12 08:15:00,19.49,
2021-02-12 08:30:00,19.56,
2021-02-12 08:45:00,19.54,
2021-02-12 09:00:00,19.57,
2021-02-12 09:15:00,19.56,
2021-02-12 09:30:00,19.56,
2021-02-12 09:45:00,19.57,
2021-02-12 10:00:00,19.54,
2021-02-12 10:15:00,19.54,
2021-02-12 10:30:00,19.62,
2021-02-12 10:45:00,19.67,
2021-02-12 11:00:00,19.73,
2021-02-12 11:15:00,19.72,
2021-02-12 11:30:00,19.74,
2021-02-12 11:45:00,19.75,
2021-02-12 12:00:00,19.67,
2021-02-12 12:15:00,19.76,
2021-02-12 12:30:00,19.71,
2021-02-12 12:45:00,19.74,
2021-02-12 13:00:00,19.77,
2021-02-12 13:15:00,19.82,
2021-02-12 13:30:00,19.75,
2021-02-12 13:45:00,19.73,
2021-02-12 14:00:00,19.75,
2021-02-12 14:15:00,19.76,
2021-02-12 14:30:00,19.72,
2021-02-12 14:45:00,19.65,
2021-02-12 15:00:00,19.68,
2021-02-12 15:15:00,19.66,
2021-02-12 15:30:00,19.61,
2021-02-12 15:45:00,19.59,
2021-02-12 16:00:00,19.58,
2021-02-12 16:15:00,19.67,
2021-02-12 16:30:00,19.66,
2021-02-12 16:45:00,19.69,
2021-02-12 17:00:00,19.64,
2021-02-12 17:15:00,19.56,
2021-02-12 17:30:00,19.59,
2021-02-12 17:45:00,19.58,
2021-02-12 18:00:00,19.63,
2021-02-12 18:15:00,19.6,
2021-02-12 18:30:00,19.67,
2021-02-12 18:45:00,19.65,
2021-02-12 19:00:00,19.67,
2021-02-12 19:15:00,19.61,
2021-02-12 19:30:00,19.7,
2021-02-12 19:45:00,19.72,
2021-02-12 20:00:00,19.7,
2021-02-12 20:15:00,19.72,
2021-02-12 20:30:00,19.68,
2021-02-12 20:45:00,19.75,
2021-02-12 21:00:00,19.74,
2021-02-12 21:15:00,19.78,
2021-02-12 21:30:00,19.82,
2021-02-12 21:45:00,19.85,
2021-02-12 22:00:00,19.92,
2021-02-12 22:15:00,19.95,
2021-02-12 22:30:00,19.98,
2021-02-12 22:45:00,20.0,
2021-02-12 23:00:00,19.95,
2021-02-12 23:15:00,19.94,
2021-02-12 23:30:00,19.89,
2021-02-12 23:45:00,19.88,
2021-02-13 00:00:00,19.87,
2021-02-13 00:15:00,19.9,
2021-02-13 00:30:00,19.84,
2021-02-13 00:45:00,19.79,
2021-02-13 01:00:00,19.83,
2021-02-13 01:15:00,19.75,
2021-02-13 01:30:00,19.7,
2021-02-13 01:45:00,19.66,
2021-02-13 02:00:00,19.69,
2021-02-13 02:15:00,19.72,
2021-02-13 02:30:00,19.65,
2021-02-13 02:45:00,19.58,
2021-02-13 03:00:00,19.55,
2021-02-13 03:15:00,19.53,
2021-02-13 03:30:00,19.47,
2021-02-13 03:45:00,19.44,
2021-02-13 04:00:00,19.42,
2021-02-13 04:15:00,19.4,
2021-02-13 04:30:00,19.46,
2021-02-13 04:45:00,19.4,
2021-02-13 05:00:00,19.36,
2021-02-13 05:15:00,19.34,
2021-02-13 05:30:00,19.29,
2021-02-13 05:45:00,19.3,
2021-02-13 06:00:00,19.27,
2021-02-13 06:15:00,19.36,
2021-02-13 06:30:00,19.33,
2021-02-13 06:45:00,19.31,
2021-02-13 07:00:00,19.32,
2021-02-13 07:15:00,19.34,
2021-02-13 07:30:00,19.32,
2021-02-13 07:45:00,19.34,
2021-02-13 08:00:00,19.3,
2021-02-13 08:15:00,19.35,
2021-02-13 08:30:00,19.33,
2021-02-13 08:45:00,19.34,
2021-02-13 09:00:00,19.31,
2021-02-13 09:15:00,19.34,
2021-02-13 09:30:00,19.34,
2021-02-13 09:45:00,19.35,
2021-02-13 10:00:00,19.39,
2021-02-13 10:15:00,19.42,
2021-02-13 10:30:00,19.46,
2021-02-13 10:45:00,19.56,
2021-02-13 11:00:00,19.62,
2021-02-13 11:15:00,19.69,
2021-02-13 11:30:00,19.67,
2021-02-13 11:45:00,19.68,
2021-02-13 12:00:00,19.72,
2021-02-13 12:15:00,19.74,
2021-02-13 12:30:00,19.75,
2021-02-13 12:45:00,19.8,
2021-02-13 13:00:00,19.77,
2021-02-13 13:15:00,19.76,
2021-02-13 13:30:00,19.77,
2021-02-13 13:45:00,19.8,
2021-02-13 14:00:00,19.79,
2021-02-13 14:15:00,19.75,
2021-02-13 14:30:00,19.75,
2021-02-13 14:45:00,19.72,
2021-02-13 15:00:00,19.69,
2021-02-13 15:15:00,19.67,
2021-02-13 15:30:00,19.7,
2021-02-13 15:45:00,19.7,
2021-02-13 16:00:00,19.72,
2021-02-13 16:15:00,19.64,
2021-02-13 16:30:00,19.62,
2021-02-13 16:45:00,19.58,
2021-02-13 17:00:00,19.59,
2021-02-13 17:15:00,19.55,
2021-02-13 17:30:00,19.56,
2021-02-13 17:45:00,19.5,
2021-02-13 18:00:00,19.49,
2021-02-13 18:15:00,19.52,
2021-02-13 18:30:00,19.5,
2021-02-13 18:45:00,19.47,
2021-02-13 19:00:00,19.47,
2021-02-13 19:15:00,19.45,
2021-02-13 19:30:00,19.43,
2021-02-13 19:45:00,19.45,
2021-02-13 20:00:00,19.39,
2021-02-13 20:15:00,19.36,
2021-02-13 20:30:00,19.35,
2021-02-13 20:45:00,19.36,
2021-02-13 21:00:00,19.3,
2021-02-13 21:15:00,19.29,
2021-02-13 21:30:00,19.31,
2021-02-13 21:45:00,19.36,
2021-02-13 22:00:00,19.33,
2021-02-13 22:15:00,19.34,
2021-02-13 22:30:00,19.31,
2021-02-13 22:45:00,19.32,
2021-02-13 23:00:00,19.32,
2021-02-13 23:15:00,19.31,
2021-02-13 23:30:00,19.15,
2021-02-13 23:45:00,19.04,
2021-02-14 00:00:00,19.13,
2021-02-14 00:15:00,19.21,
2021-02-14 00:30:00,19.22,
2021-02-14 00:45:00,19.25,
2021-02-14 01:00:00,19.22,
2021-02-14 01:15:00,19.21,
2021-02-14 01:30:00,19.17,
2021-02-14 01:45:00,19.21,
2021-02-14 02:00:00,19.15,
2021-02-14 02:15:00,19.14,
2021-02-14 02:30:00,19.14,
2021-02-14 02:45:00,19.11,
2021-02-14 03:00:00,19.08,
2021-02-14 03:15:00,19.14,
2021-02-14 03:30:00,19.08,
2021-02-14 03:45:00,19.05,
2021-02-14 04:00:00,19.02,
2021-02-14 04:15:00,19.04,
2021-02-14 04:30:00,19.03,
2021-02-14 04:45:00,19.02,
2021-02-14 05:00:00,19.01,
2021-02-14 05:15:00,18.99,
2021-02-14 05:30:00,18.94,
2021-02-14 05:45:00,18.95,
2021-02-14 06:00:00,18.96,
2021-02-14 06:15:00,18.93,
2021-02-14 06:30:00,18.91,
2021-02-14 06:45:00,18.91,
2021-02-14 07:00:00,18.86,
2021-02-14 07:15:00,,ICE
2021-02-14 07:30:00,,ICE
2021-02-14 07:45:00,,ICE
2021-02-14 08:00:00,,ICE
2021-02-14 08:15:00,,ICE
2021-02-14 08:30:00,,ICE
2021-02-14 08:45:00,,ICE
2021-02-14 09:00:00,,ICE
2021-02-14 09:15:00,,ICE
2021-02-14 09:30:00,,ICE
2021-02-14 09:45:00,,ICE
2021-02-14 10:00:00,,ICE
2021-02-14 10:15:00,,ICE
2021-02-14 10:30:00,,ICE
2021-02-14 10:45:00,,ICE
2021-02-14 11:00:00,,ICE
2021-02-14 11:15:00,,ICE
2021-02-14 11:30:00,,ICE
2021-02-14 11:45:00,,ICE
2021-02-14 12:00:00,,ICE
2021-02-14 12:15:00,,ICE
2021-02-14 12:30:00,,ICE
2021-02-14 12:45:00,,ICE
2021-02-14 13:00:00,,ICE
2021-02-14 13:15:00,,ICE
2021-02-14 13:30:00,,ICE
2021-02-14 13:45:00,,ICE
2021-02-14 14:00:00,,ICE
2021-02-14 14:15:00,,ICE
2021-02-14 14:30:00,,ICE
2021-02-14 14:45:00,,ICE
2021-02-14 15:00:00,,ICE
2021-02-14 15:15:00,,ICE
2021-02-14 15:30:00,,ICE
2021-02-14 15:45:00,18.98,
2021-02-14 16:00:00,18.97,
2021-02-14 16:15:00,19.03,
2021-02-14 16:30:00,19.01,
2021-02-14 16:45:00,19.03,
2021-02-14 17:00:00,19.0,
2021-02-14 17:15:00,19.03,
2021-02-14 17:30:00,19.02,
2021-02-14 17:45:00,18.98,
2021-02-14 18:00:00,19.01,
2021-02-14 18:15:00,18.99,
2021-02-14 18:30:00,18.94,
2021-02-14 18:45:00,18.9,
2021-02-14 19:00:00,18.97,
2021-02-14 19:15:00,18.97,
2021-02-14 19:30:00,18.96,
2021-02-14 19:45:00,18.98,
2021-02-14 20:00:00,18.96,
2021-02-14 20:15:00,18.95,
2021-02-14 20:30:00,18.95,
2021-02-14 20:45:00,18.98,
2021-02-14 21:00:00,18.99,
2021-02-14 21:15:00,18.96,
2021-02-14 21:30:00,18.95,
2021-02-14 21:45:00,18.94,
2021-02-14 22:00:00,18.94,
2021-02-14 22:15:00,18.9,
2021-02-14 22:30:00,18.93,
2021-02-14 22:45:00,18.96,
2021-02-14 23:00:00,19.0,
2021-02-14 23:15:00,18.96,
2021-02-14 23:30:00,18.98,
2021-02-14 23:45:00,18.95,
2021-02-15 00:00:00,18.9,
2021-02-15 00:15:00,18.92,
2021-02-15 00:30:00,18.93,
2021-02-15 00:45:00,18.92,
2021-02-15 01:00:00,18.89,
2021-02-15 01:15:00,18.95,
2021-02-15 01:30:00,18.95,
2021-02-15 01:45:00,18.95,
2021-02-15 02:00:00,18.91,
2021-02-15 02:15:00,18.92,
2021-02-15 02:30:00,18.91,
2021-02-15 02:45:00,18.9,
2021-02-15 03:00:00,18.92,
2021-02-15 03:15:00,18.92,
2021-02-15 03:30:00,18.89,
2021-02-15 03:45:00,18.93,
2021-02-15 04:00:00,18.91,
2021-02-15 04:15:00,,ICE
2021-02-15 04:30:00,,ICE
2021-02-15 04:45:00,,ICE
2021-02-15 05:00:00,,ICE
2021-02-15 05:15:00,,ICE
2021-02-15 05:30:00,,ICE
2021-02-15 05:45:00,,ICE
2021-02-15 06:00:00,,ICE
2021-02-15 06:15:00,,ICE
2021-02-15 06:30:00,,ICE
2021-02-15 06:45:00,,ICE
2021-02-15 07:00:00,,ICE
2021-02-15 07:15:00,,ICE
2021-02-15 07:30:00,,ICE
2021-02-15 07:45:00,,ICE
2021-02-15 08:00:00,,ICE
2021-02-15 08:15:00,,ICE
2021-02-15 08:30:00,,ICE
2021-02-15 08:45:00,,ICE
2021-02-15 09:00:00,,ICE
2021-02-15 09:15:00,,ICE
2021-02-15 09:30:00,,ICE
2021-02-15 09:45:00,,ICE
2021-02-15 10:00:00,,ICE
2021-02-15 10:15:00,,ICE
2021-02-15 10:30:00,,ICE
2021-02-15 10:45:00,,ICE
2021-02-15 11:00:00,,ICE
2021-02-15 11:15:00,,ICE
2021-02-15 11:30:00,,ICE
2021-02-15 11:45:00,,ICE
2021-02-15 12:00:00,,ICE
2021-02-15 12:15:00,,ICE
2021-02-15 12:30:00,,ICE
2021-02-15 12:45:00,,ICE
2021-02-15 13:00:00,19.35,
2021-02-15 13:15:00,19.31,
2021-02-15 13:30:00,19.31,
2021-02-15 13:45:00,19.27,
2021-02-15 14:00:00,19.31,
2021-02-15 14:15:00,19.39,
2021-02-15 14:30:00,19.49,
2021-02-15 14:45:00,19.41,
2021-02-15 15:00:00,19.44,
2021-02-15 15:15:00,19.38,
2021-02-15 15:30:00,19.36,
2021-02-15 15:45:00,19.37,
2021-02-15 16:00:00,19.31,
2021-02-15 16:15:00,19.39,
2021-02-15 16:30:00,19.34,
2021-02-15 16:45:00,19.32,
2021-02-15 17:00:00,19.3,
2021-02-15 17:15:00,19.34,
2021-02-15 17:30:00,19.31,
2021-02-15 17:45:00,19.34,
2021-02-15 18:00:00,19.3,
2021-02-15 18:15:00,19.31,
2021-02-15 18:30:00,19.26,
2021-02-15 18:45:00,19.33,
2021-02-15 19:00:00,19.28,
2021-02-15 19:15:00,19.3,
2021-02-15 19:30:00,19.3,
2021-02-15 19:45:00,19.21,
2021-02-15 20:00:00,19.22,
2021-02-15 20:15:00,19.25,
2021-02-15 20:30:00,19.24,
2021-02-15 20:45:00,19.19,
2021-02-15 21:00:00,19.19,
2021-02-15 21:15:00,19.15,
2021-02-15 21:30:00,19.08,
2021-02-15 21:45:00,19.11,
2021-02-15 22:00:00,19.09,
2021-02-15 22:15:00,19.05,
2021-02-15 22:30:00,19.1,
2021-02-15 22:45:00,19.01,
2021-02-15 23:00:00,19.11,
2021-02-15 23:15:00,19.11,
2021-02-15 23:30:00,19.14,
2021-02-15 23:45:00,19.14,
2021-02-16 00:00:00,19.23,
2021-02-16 00:15:00,19.24,
2021-02-16 00:30:00,19.33,
2021-02-16 00:45:00,19.31,
2021-02-16 01:00:00,19.3,
2021-02-16 01:15:00,19.33,
2021-02-16 01:30:00,19.38,
2021-02-16 01:45:00,19.35,
2021-02-16 02:00:00,19.37,
2021-02-16 02:15:00,19.4,
2021-02-16 02:30:00,19.44,
2021-02-16 02:45:00,19.48,
2021-02-16 03:00:00,,ICE
2021-02-16 03:15:00,,ICE
2021-02-16 03:30:00,,ICE
2021-02-16 03:45:00,,ICE
2021-02-16 04:00:00,,ICE
2021-02-16 04:15:00,,ICE
2021-02-16 04:30:00,,ICE
2021-02-16 04:45:00,,ICE
2021-02-16 05:00:00,,ICE
2021-02-16 05:15:00,,ICE
2021-02-16 05:30:00,,ICE
2021-02-16 05:45:00,,ICE
2021-02-16 06:00:00,,ICE
2021-02-16 06:15:00,,ICE
2021-02-16 06:30:00,,ICE
2021-02-16 06:45:00,,ICE
2021-02-16 07:00:00,,ICE
2021-02-16 07:15:00,,ICE
2021-02-16 07:30:00,,ICE
2021-02-16 07:45:00,,ICE
2021-02-16 08:00:00,,ICE
2021-02-16 08:15:00,,ICE
2021-02-16 08:30:00,,ICE
2021-02-16 08:45:00,,ICE
2021-02-16 09:00:00,,ICE
2021-02-16 09:15:00,,ICE
2021-02-16 09:30:00,,ICE
2021-02-16 09:45:00,,ICE
2021-02-16 10:00:00,,ICE
2021-02-16 10:15:00,,ICE
2021-02-16 10:30:00,,ICE
2021-02-16 10:45:00,,ICE
2021-02-16 11:00:00,,ICE
2021-02-16 11:15:00,,ICE
2021-02-16 11:30:00,,ICE
2021-02-16 11:45:00,,ICE
2021-02-16 12:00:00,,ICE
2021-02-16 12:15:00,,ICE
2021-02-16 12:30:00,,ICE
2021-02-16 12:45:00,,ICE
2021-02-16 13:00:00,,ICE
2021-02-16 13:15:00,,ICE
2021-02-16 13:30:00,19.56,
2021-02-16 13:45:00,19.48,
2021-02-16 14:00:00,19.39,
2021-02-16 14:15:00,19.38,
2021-02-16 14:30:00,19.38,
2021-02-16 14:45:00,19.33,
2021-02-16 15:00:00,19.27,
2021-02-16 15:15:00,19.24,
2021-02-16 15:30:00,19.22,
2021-02-16 15:45:00,19.17,
2021-02-16 16:00:00,19.17,
2021-02-16 16:15:00,19.18,
2021-02-16 16:30:00,19.17,
2021-02-16 16:45:00,19.18,
2021-02-16 17:00:00,19.19,
2021-02-16 17:15:00,19.16,
2021-02-16 17:30:00,19.15,
2021-02-16 17:45:00,19.2,
2021-02-16 18:00:00,19.18,
2021-02-16 18:15:00,19.16,
2021-02-16 18:30:00,19.22,
2021-02-16 18:45:00,19.22,
2021-02-16 19:00:00,19.22,
2021-02-16 19:15:00,19.2,
2021-02-16 19:30:00,19.17,
2021-02-16 19:45:00,19.24,
2021-02-16 20:00:00,19.22,
2021-02-16 20:15:00,19.2,
2021-02-16 20:30:00,19.2,
2021-02-16 20:45:00,19.22,
2021-02-16 21:00:00,19.22,
2021-02-16 21:15:00,19.27,
2021-02-16 21:30:00,19.28,
2021-02-16 21:45:00,19.25,
2021-02-16 22:00:00,19.23,
2021-02-16 22:15:00,19.22,
2021-02-16 22:30:00,19.22,
2021-02-16 22:45:00,19.25,
2021-02-16 23:00:00,19.28,
2021-02-16 23:15:00,19.31,
2021-02-16 23:30:00,19.26,
2021-02-16 23:45:00,19.22,
2021-02-17 00:00:00,19.16,
2021-02-17 00:15:00,19.18,
2021-02-17 00:30:00,19.15,
2021-02-17 00:45:00,19.18,
2021-02-17 01:00:00,19.21,
2021-02-17 01:15:00,19.2,
2021-02-17 01:30:00,19.15,
2021-02-17 01:45:00,19.12,
2021-02-17 02:00:00,19.1,
2021-02-17 02:15:00,19.05,
2021-02-17 02:30:00,19.04,
2021-02-17 02:45:00,19.03,
2021-02-17 03:00:00,18.95,
2021-02-17 03:15:00,18.97,
2021-02-17 03:30:00,18.93,
2021-02-17 03:45:00,18.95,
2021-02-17 04:00:00,18.96,
2021-02-17 04:15:00,18.96,
2021-02-17 04:30:00,18.98,
2021-02-17 04:45:00,18.98,
2021-02-17 05:00:00,18.95,
2021-02-17 05:15:00,18.99,
2021-02-17 05:30:00,18.92,
2021-02-17 05:45:00,18.95,
2021-02-17 06:00:00,,ICE
2021-02-17 06:15:00,,ICE
2021-02-17 06:30:00,,ICE
2021-02-17 06:45:00,,ICE
2021-02-17 07:00:00,,ICE
2021-02-17 07:15:00,,ICE
2021-02-17 07:30:00,,ICE
2021-02-17 07:45:00,,ICE
2021-02-17 08:00:00,,ICE
2021-02-17 08:15:00,,ICE
2021-02-17 08:30:00,,ICE
2021-02-17 08:45:00,,ICE
2021-02-17 09:00:00,,ICE
2021-02-17 09:15:00,,ICE
2021-02-17 09:30:00,,ICE
2021-02-17 09:45:00,,ICE
2021-02-17 10:00:00,,ICE
2021-02-17 10:15:00,,ICE
2021-02-17 10:30:00,,ICE
2021-02-17 10:45:00,,ICE
2021-02-17 11:00:00,,ICE
2021-02-17 11:15:00,,ICE
2021-02-17 11:30:00,18.98,
2021-02-17 11:45:00,18.98,
2021-02-17 12:00:00,18.93,
2021-02-17 12:15:00,18.88,
2021-02-17 12:30:00,18.97,
2021-02-17 12:45:00,19.01,
2021-02-17 13:00:00,19.02,
2021-02-17 13:15:00,19.05,
2021-02-17 13:30:00,19.01,
2021-02-17 13:45:00,18.98,
2021-02-17 14:00:00,19.0,
2021-02-17 14:15:00,18.94,
2021-02-17 14:30:00,19.0,
2021-02-17 14:45:00,18.91,
2021-02-17 15:00:00,18.95,
2021-02-17 15:15:00,18.95,
2021-02-17 15:30:00,18.95,
2021-02-17 15:45:00,18.96,
2021-02-17 16:00:00,18.95,
2021-02-17 16:15:00,19.01,
2021-02-17 16:30:00,18.94,
2021-02-17 16:45:00,18.93,
2021-02-17 17:00:00,18.95,
2021-02-17 17:15:00,18.93,
2021-02-17 17:30:00,18.96,
2021-02-17 17:45:00,18.93,
2021-02-17 18:00:00,18.91,
2021-02-17 18:15:00,18.91,
2021-02-17 18:30:00,18.85,
2021-02-17 18:45:00,18.82,
2021-02-17 19:00:00,18.83,
2021-02-17 19:15:00,18.81,
2021-02-17 19:30:00,18.83,
2021-02-17 19:45:00,18.78,
2021-02-17 20:00:00,18.8,
2021-02-17 20:15:00,18.76,
2021-02-17 20:30:00,18.75,
2021-02-17 20:45:00,18.75,
2021-02-17 21:00:00,18.69,
2021-02-17 21:15:00,18.69,
2021-02-17 21:30:00,18.66,
2021-02-17 21:45:00,18.69,
2021-02-17 22:00:00,18.67,
2021-02-17 22:15:00,18.65,
2021-02-17 22:30:00,18.44,
2021-02-17 22:45:00,17.71,
2021-02-17 23:00:00,,ICE
2021-02-17 23:15:00,,ICE
2021-02-17 23:30:00,,ICE
2021-02-17 23:45:00,,ICE
2021-02-18 00:00:00,,ICE
2021-02-18 00:15:00,,ICE
2021-02-18 00:30:00,,ICE
2021-02-18 00:45:00,,ICE
2021-02-18 01:00:00,,ICE
2021-02-18 01:15:00,,ICE
2021-02-18 01:30:00,,ICE
2021-02-18 01:45:00,,ICE
2021-02-18 02:00:00,,ICE
2021-02-18 02:15:00,,ICE
2021-02-18 02:30:00,,ICE
2021-02-18 02:45:00,,ICE
2021-02-18 03:00:00,,ICE
2021-02-18 03:15:00,,ICE
2021-02-18 03:30:00,,ICE
2021-02-18 03:45:00,,ICE
2021-02-18 04:00:00,,ICE
2021-02-18 04:15:00,,ICE
2021-02-18 04:30:00,,ICE
2021-02-18 04:45:00,,ICE
2021-02-18 05:00:00,,ICE
2021-02-18 05:15:00,,ICE
2021-02-18 05:30:00,,ICE
2021-02-18 05:45:00,,ICE
2021-02-18 06:00:00,,ICE
2021-02-18 06:15:00,,ICE
2021-02-18 06:30:00,,ICE
2021-02-18 06:45:00,,ICE
2021-02-18 07:00:00,,ICE
2021-02-18 07:15:00,,ICE
2021-02-18 07:30:00,,ICE
2021-02-18 07:45:00,,ICE
2021-02-18 08:00:00,,ICE
2021-02-18 08:15:00,,ICE
2021-02-18 08:30:00,,ICE
2021-02-18 08:45:00,,ICE
2021-02-18 09:00:00,,ICE
2021-02-18 09:15:00,,ICE
2021-02-18 09:30:00,,ICE
2021-02-18 09:45:00,,ICE
2021-02-18 10:00:00,,ICE
2021-02-18 10:15:00,,ICE
2021-02-18 10:30:00,,ICE
2021-02-18 10:45:00,,ICE
2021-02-18 11:00:00,,ICE
2021-02-18 11:15:00,,ICE
2021-02-18 11:30:00,,ICE
2021-02-18 11:45:00,,ICE
2021-02-18 12:00:00,,ICE
2021-02-18 12:15:00,,ICE
2021-02-18 12:30:00,,ICE
2021-02-18 12:45:00,,ICE
2021-02-18 13:00:00,,ICE
2021-02-18 13:15:00,,ICE
2021-02-18 13:30:00,,ICE
2021-02-18 13:45:00,,ICE
2021-02-18 14:00:00,,ICE
2021-02-18 14:15:00,,ICE
2021-02-18 14:30:00,,ICE
2021-02-18 14:45:00,,ICE
2021-02-18 15:00:00,,ICE
2021-02-18 15:15:00,,ICE
2021-02-18 15:30:00,,ICE
2021-02-18 15:45:00,,ICE
2021-02-18 16:00:00,,ICE
2021-02-18 16:15:00,,ICE
2021-02-18 16:30:00,,ICE
2021-02-18 16:45:00,,ICE
2021-02-18 17:00:00,,ICE
2021-02-18 17:15:00,,ICE
2021-02-18 17:30:00,,ICE
2021-02-18 17:45:00,,ICE
2021-02-18 18:00:00,,ICE
2021-02-18 18:15:00,,ICE
2021-02-18 18:30:00,,ICE
2021-02-18 18:45:00,,ICE
2021-02-18 19:00:00,,ICE
2021-02-18 19:15:00,,ICE
2021-02-18 19:30:00,,ICE
2021-02-18 19:45:00,,ICE
2021-02-18 20:00:00,,ICE
2021-02-18 20:15:00,,ICE
2021-02-18 20:30:00,,ICE
2021-02-18 20:45:00,,ICE
2021-02-18 21:00:00,,ICE
2021-02-18 21:15:00,,ICE
2021-02-18 21:30:00,,ICE
2021-02-18 21:45:00,,ICE
2021-02-18 22:00:00,,ICE
2021-02-18 22:15:00,,ICE
2021-02-18 22:30:00,,ICE
2021-02-18 22:45:00,,ICE
2021-02-18 23:00:00,,ICE
2021-02-18 23:15:00,,ICE
2021-02-18 23:30:00,,ICE
2021-02-18 23:45:00,,ICE
2021-02-19 00:00:00,,ICE
2021-02-19 00:15:00,,ICE
2021-02-19 00:30:00,,ICE
2021-02-19 00:45:00,,ICE
2021-02-19 01:00:00,,ICE
2021-02-19 01:15:00,,ICE
2021-02-19 01:30:00,,ICE
2021-02-19 01:45:00,,ICE
2021-02-19 02:00:00,,ICE
2021-02-19 02:15:00,,ICE
2021-02-19 02:30:00,,ICE
2021-02-19 02:45:00,,ICE
2021-02-19 03:00:00,,ICE
2021-02-19 03:15:00,,ICE
2021-02-19 03:30:00,,ICE
2021-02-19 03:45:00,,ICE
2021-02-19 04:00:00,,ICE
2021-02-19 04:15:00,,ICE
2021-02-19 04:30:00,,ICE
2021-02-19 04:45:00,,ICE
2021-02-19 05:00:00,,ICE
2021-02-19 05:15:00,,ICE
2021-02-19 05:30:00,,ICE
2021-02-19 05:45:00,,ICE
2021-02-19 06:00:00,,ICE
2021-02-19 06:15:00,,ICE
2021-02-19 06:30:00,,ICE
2021-02-19 06:45:00,,ICE
2021-02-19 07:00:00,,ICE
2021-02-19 07:15:00,,ICE
2021-02-19 07:30:00,,ICE
2021-02-19 07:45:00,,ICE
2021-02-19 08:00:00,,ICE
2021-02-19 08:15:00,,ICE
2021-02-19 08:30:00,,ICE
2021-02-19 08:45:00,,ICE
2021-02-19 09:00:00,,ICE
2021-02-19 09:15:00,,ICE
2021-02-19 09:30:00,,ICE
2021-02-19 09:45:00,,ICE
2021-02-19 10:00:00,,ICE
2021-02-19 10:15:00,,ICE
2021-02-19 10:30:00,,ICE
2021-02-19 10:45:00,,ICE
2021-02-19 11:00:00,,ICE
2021-02-19 11:15:00,,ICE
2021-02-19 11:30:00,,ICE
2021-02-19 11:45:00,,ICE
2021-02-19 12:00:00,,ICE
2021-02-19 12:15:00,,ICE
2021-02-19 12:30:00,,ICE
2021-02-19 12:45:00,,ICE
2021-02-19 13:00:00,,ICE
2021-02-19 13:15:00,,ICE
2021-02-19 13:30:00,,ICE
2021-02-19 13:45:00,,ICE
2021-02-19 14:00:00,,ICE
2021-02-19 14:15:00,,ICE
2021-02-19 14:30:00,,ICE
2021-02-19 14:45:00,,ICE
2021-02-19 15:00:00,,ICE
2021-02-19 15:15:00,,ICE
2021-02-19 15:30:00,19.1,
2021-02-19 15:45:00,19.14,
2021-02-19 16:00:00,19.15,
2021-02-19 16:15:00,19.11,
2021-02-19 16:30:00,19.1,
2021-02-19 16:45:00,19.14,
2021-02-19 17:00:00,19.16,
2021-02-19 17:15:00,19.13,
2021-02-19 17:30:00,19.14,
2021-02-19 17:45:00,19.11,
2021-02-19 18:00:00,19.08,
2021-02-19 18:15:00,19.1,
2021-02-19 18:30:00,19.12,
2021-02-19 18:45:00,19.02,
2021-02-19 19:00:00,19.06,
2021-02-19 19:15:00,19.02,
2021-02-19 19:30:00,18.92,
2021-02-19 19:45:00,18.97,
2021-02-19 20:00:00,18.98,
2021-02-19 20:15:00,18.99,
2021-02-19 20:30:00,19.01,
2021-02-19 20:45:00,18.94,
2021-02-19 21:00:00,19.02,
2021-02-19 21:15:00,18.99,
2021-02-19 21:30:00,18.97,
2021-02-19 21:45:00,18.94,
2021-02-19 22:00:00,18.93,
2021-02-19 22:15:00,18.92,
2021-02-19 22:30:00,18.9,
2021-02-19 22:45:00,18.96,
2021-02-19 23:00:00,18.94,
2021-02-19 23:15:00,18.97,
2021-02-19 23:30:00,18.96,
2021-02-19 23:45:00,18.98,
2021-02-20 00:00:00,18.97,
2021-02-20 00:15:00,18.95,
2021-02-20 00:30:00,18.97,
2021-02-20 00:45:00,18.97,
2021-02-20 01:00:00,19.02,
2021-02-20 01:15:00,19.0,
2021-02-20 01:30:00,19.0,
2021-02-20 01:45:00,19.01,
2021-02-20 02:00:00,19.01,
2021-02-20 02:15:00,19.0,
2021-02-20 02:30:00,19.03,
2021-02-20 02:45:00,19.09,
2021-02-20 03:00:00,19.09,
2021-02-20 03:15:00,19.12,
2021-02-20 03:30:00,19.12,
2021-02-20 03:45:00,19.18,
2021-02-20 04:00:00,19.22,
2021-02-20 04:15:00,19.24,
2021-02-20 04:30:00,19.22,
2021-02-20 04:45:00,19.2,
2021-02-20 05:00:00,19.23,
2021-02-20 05:15:00,19.18,
2021-02-20 05:30:00,19.18,
2021-02-20 05:45:00,19.17,
2021-02-20 06:00:00,19.17,
2021-02-20 06:15:00,19.15,
2021-02-20 06:30:00,19.23,
2021-02-20 06:45:00,19.18,
2021-02-20 07:00:00,19.19,
2021-02-20 07:15:00,19.14,
2021-02-20 07:30:00,19.17,
2021-02-20 07:45:00,19.15,
2021-02-20 08:00:00,19.13,
2021-02-20 08:15:00,19.12,
2021-02-20 08:30:00,19.09,
2021-02-20 08:45:00,19.09,
2021-02-20 09:00:00,19.03,
2021-02-20 09:15:00,19.04,
2021-02-20 09:30:00,19.01,
2021-02-20 09:45:00,19.03,
2021-02-20 10:00:00,19.08,
2021-02-20 10:15:00,19.05,
2021-02-20 10:30:00,19.07,
2021-02-20 10:45:00,19.03,
2021-02-20 11:00:00,19.09,
2021-02-20 11:15:00,19.06,
2021-02-20 11:30:00,19.05,
2021-02-20 11:45:00,19.07,
2021-02-20 12:00:00,19.0,
2021-02-20 12:15:00,19.05,
2021-02-20 12:30:00,19.09,
2021-02-20 12:45:00,19.0,
2021-02-20 13:00:00,19.01,
2021-02-20 13:15:00,19.07,
2021-02-20 13:30:00,18.94,
2021-02-20 13:45:00,18.98,
2021-02-20 14:00:00,18.95,
2021-02-20 14:15:00,18.98,
2021-02-20 14:30:00,19.04,
2021-02-20 14:45:00,19.06,
2021-02-20 15:00:00,19.06,
2021-02-20 15:15:00,19.01,
2021-02-20 15:30:00,19.06,
2021-02-20 15:45:00,19.04,
2021-02-20 16:00:00,19.08,
2021-02-20 16:15:00,19.11,
2021-02-20 16:30:00,19.07,
2021-02-20 16:45:00,19.11,
2021-02-20 17:00:00,19.05,
2021-02-20 17:15:00,19.03,
2021-02-20 17:30:00,19.03,
2021-02-20 17:45:00,18.98,
2021-02-20 18:00:00,19.04,
2021-02-20 18:15:00,19.01,
2021-02-20 18:30:00,18.99,
2021-02-20 18:45:00,18.98,
2021-02-20 19:00:00,18.95,
2021-02-20 19:15:00,18.94,
2021-02-20 19:30:00,18.95,
2021-02-20 19:45:00,18.9,
2021-02-20 20:00:00,18.9,
2021-02-20 20:15:00,18.88,
2021-02-20 20:30:00,18.89,
2021-02-20 20:45:00,18.85,
2021-02-20 21:00:00,18.9,
2021-02-20 21:15:00,18.9,
2021-02-20 21:30:00,18.87,
2021-02-20 21:45:00,18.93,
2021-02-20 22:00:00,18.9,
2021-02-20 22:15:00,18.87,
2021-02-20 22:30:00,18.9,
2021-02-20 22:45:00,18.85,
2021-02-20 23:00:00,18.88,
2021-02-20 23:15:00,18.87,
2021-02-20 23:30:00,18.84,
2021-02-20 23:45:00,18.83,
2021-02-21 00:00:00,18.86,
2021-02-21 00:15:00,18.84,
2021-02-21 00:30:00,18.84,
2021-02-21 00:45:00,18.83,
2021-02-21 01:00:00,18.84,
2021-02-21 01:15:00,18.81,
2021-02-21 01:30:00,18.75,
2021-02-21 01:45:00,18.81,
2021-02-21 02:00:00,18.72,
2021-02-21 02:15:00,18.79,
2021-02-21 02:30:00,18.79,
2021-02-21 02:45:00,18.74,
2021-02-21 03:00:00,18.74,
2021-02-21 03:15:00,18.75,
2021-02-21 03:30:00,18.79,
2021-02-21 03:45:00,18.76,
2021-02-21 04:00:00,18.74,
2021-02-21 04:15:00,18.65,
2021-02-21 04:30:00,18.68,
2021-02-21 04:45:00,18.7,
2021-02-21 05:00:00,18.67,
2021-02-21 05:15:00,18.64,
2021-02-21 05:30:00,18.68,
2021-02-21 05:45:00,18.68,
2021-02-21 06:00:00,18.72,
2021-02-21 06:15:00,18.72,
2021-02-21 06:30:00,18.71,
2021-02-21 06:45:00,18.67,
2021-02-21 07:00:00,18.68,
2021-02-21 07:15:00,18.62,
2021-02-21 07:30:00,18.65,
2021-02-21 07:45:00,18.68,
2021-02-21 08:00:00,18.7,
2021-02-21 08:15:00,18.66,
2021-02-21 08:30:00,18.68,
2021-02-21 08:45:00,18.71,
2021-02-21 09:00:00,18.69,
2021-02-21 09:15:00,18.74,
2021-02-21 09:30:00,18.64,
2021-02-21 09:45:00,18.66,
2021-02-21 10:00:00,18.69,
2021-02-21 10:15:00,18.71,
2021-02-21 10:30:00,18.67,
2021-02-21 10:45:00,18.7,
2021-02-21 11:00:00,18.69,
2021-02-21 11:15:00,18.67,
2021-02-21 11:30:00,18.71,
2021-02-21 11:45:00,18.65,
2021-02-21 12:00:00,18.7,
2021-02-21 12:15:00,18.68,
2021-02-21 12:30:00,18.7,
2021-02-21 12:45:00,18.72,
2021-02-21 13:00:00,18.76,
2021-02-21 13:15:00,18.71,
2021-02-21 13:30:00,18.73,
2021-02-21 13:45:00,18.72,
2021-02-21 14:00:00,18.75,
2021-02-21 14:15:00,18.77,
2021-02-21 14:30:00,18.77,
2021-02-21 14:45:00,18.76,
2021-02-21 15:00:00,18.74,
2021-02-21 15:15:00,18.74,
2021-02-21 15:30:00,18.74,
2021-02-21 15:45:00,18.72,
2021-02-21 16:00:00,18.75,
2021-02-21 16:15:00,18.76,
2021-02-21 16:30:00,18.76,
2021-02-21 16:45:00,18.74,
2021-02-21 17:00:00,18.72,
2021-02-21 17:15:00,18.75,
2021-02-21 17:30:00,18.79,
2021-02-21 17:45:00,18.79,
2021-02-21 18:00:00,18.74,
2021-02-21 18:15:00,18.73,
2021-02-21 18:30:00,18.77,
2021-02-21 18:45:00,18.71,
2021-02-21 19:00:00,18.7,
2021-02-21 19:15:00,18.66,
2021-02-21 19:30:00,18.65,
2021-02-21 19:45:00,18.66,
2021-02-21 20:00:00,18.66,
2021-02-21 20:15:00,18.69,
2021-02-21 20:30:00,18.65,
2021-02-21 20:45:00,18.68,
2021-02-21 21:00:00,18.62,
2021-02-21 21:15:00,18.69,
2021-02-21 21:30:00,18.68,
2021-02-21 21:45:00,18.7,
2021-02-21 22:00:00,18.66,
2021-02-21 22:15:00,18.71,
2021-02-21 22:30:00,18.67,
2021-02-21 22:45:00,18.65,
2021-02-21 23:00:00,18.66,
2021-02-21 23:15:00,18.64,
2021-02-21 23:30:00,18.64,
2021-02-21 23:45:00,18.64,
2021-02-22 00:00:00,18.63,
2021-02-22 00:15:00,18.67,
2021-02-22 00:30:00,18.63,
2021-02-22 00:45:00,18.59,
2021-02-22 01:00:00,18.68,
2021-02-22 01:15:00,18.6,
2021-02-22 01:30:00,18.6,
2021-02-22 01:45:00,18.64,
2021-02-22 02:00:00,18.61,
2021-02-22 02:15:00,18.61,
2021-02-22 02:30:00,18.58,
2021-02-22 02:45:00,18.63,
2021-02-22 03:00:00,18.61,
2021-02-22 03:15:00,18.67,
2021-02-22 03:30:00,18.63,
2021-02-22 03:45:00,18.58,
2021-02-22 04:00:00,18.65,
2021-02-22 04:15:00,18.6,
2021-02-22 04:30:00,18.59,
2021-02-22 04:45:00,18.62,
2021-02-22 05:00:00,18.57,
2021-02-22 05:15:00,18.61,
2021-02-22 05:30:00,18.65,
2021-02-22 05:45:00,18.62,
2021-02-22 06:00:00,18.63,
2021-02-22 06:15:00,18.62,
2021-02-22 06:30:00,18.63,
2021-02-22 06:45:00,18.66,
2021-02-22 07:00:00,18.65,
2021-02-22 07:15:00,18.65,
2021-02-22 07:30:00,18.64,
2021-02-22 07:45:00,18.62,
2021-02-22 08:00:00,18.62,
2021-02-22 08:15:00,18.65,
2021-02-22 08:30:00,18.64,
2021-02-22 08:45:00,18.65,
2021-02-22 09:00:00,18.63,
2021-02-22 09:15:00,18.65,
2021-02-22 09:30:00,18.62,
2021-02-22 09:45:00,18.61,
2021-02-22 10:00:00,18.64,
2021-02-22 10:15:00,18.61,
2021-02-22 10:30:00,18.58,
2021-02-22 10:45:00,18.57,
2021-02-22 11:00:00,18.65,
2021-02-22 11:15:00,18.66,
2021-02-22 11:30:00,18.6,
2021-02-22 11:45:00,18.71,
2021-02-22 12:00:00,18.73,
2021-02-22 12:15:00,18.7,
2021-02-22 12:30:00,18.7,
2021-02-22 12:45:00,18.66,
2021-02-22 13:00:00,18.77,
2021-02-22 13:15:00,18.68,
2021-02-22 13:30:00,18.8,
2021-02-22 13:45:00,18.83,
2021-02-22 14:00:00,18.76,
2021-02-22 14:15:00,18.76,
2021-02-22 14:30:00,18.85,
2021-02-22 14:45:00,18.81,
2021-02-22 15:00:00,18.86,
2021-02-22 15:15:00,18.83,
2021-02-22 15:30:00,18.91,
2021-02-22 15:45:00,18.91,
2021-02-22 16:00:00,18.93,
2021-02-22 16:15:00,18.91,
2021-02-22 16:30:00,18.95,
2021-02-22 16:45:00,18.94,
2021-02-22 17:00:00,19.01,
2021-02-22 17:15:00,18.98,
2021-02-22 17:30:00,18.98,
2021-02-22 17:45:00,18.95,
2021-02-22 18:00:00,18.96,
2021-02-22 18:15:00,18.99,
2021-02-22 18:30:00,18.92,
2021-02-22 18:45:00,18.94,
2021-02-22 19:00:00,18.86,
2021-02-22 19:15:00,18.92,
2021-02-22 19:30:00,18.89,
2021-02-22 19:45:00,18.89,
2021-02-22 20:00:00,18.8,
2021-02-22 20:15:00,18.84,
2021-02-22 20:30:00,18.85,
2021-02-22 20:45:00,18.81,
2021-02-22 21:00:00,18.78,
2021-02-22 21:15:00,18.73,
2021-02-22 21:30:00,18.75,
2021-02-22 21:45:00,18.75,
2021-02-22 22:00:00,18.65,
2021-02-22 22:15:00,18.73,
2021-02-22 22:30:00,18.84,
2021-02-22 22:45:00,18.85,
2021-02-22 23:00:00,18.94,
2021-02-22 23:15:00,18.95,
2021-02-22 23:30:00,18.83,
2021-02-22 23:45:00,18.8,
2021-02-23 00:00:00,18.72,
2021-02-23 00:15:00,18.68,
2021-02-23 00:30:00,18.65,
2021-02-23 00:45:00,18.63,
2021-02-23 01:00:00,18.6,
2021-02-23 01:15:00,18.59,
2021-02-23 01:30:00,18.58,
2021-02-23 01:45:00,18.55,
2021-02-23 02:00:00,18.6,
2021-02-23 02:15:00,18.57,
2021-02-23 02:30:00,18.59,
2021-02-23 02:45:00,18.6,
2021-02-23 03:00:00,18.63,
2021-02-23 03:15:00,18.57,
2021-02-23 03:30:00,18.57,
2021-02-23 03:45:00,18.53,
2021-02-23 04:00:00,18.54,
2021-02-23 04:15:00,18.57,
2021-02-23 04:30:00,18.61,
2021-02-23 04:45:00,18.64,
2021-02-23 05:00:00,18.59,
2021-02-23 05:15:00,18.57,
2021-02-23 05:30:00,18.6,
2021-02-23 05:45:00,18.62,
2021-02-23 06:00:00,18.63,
2021-02-23 06:15:00,18.63,
2021-02-23 06:30:00,18.61,
2021-02-23 06:45:00,18.65,
2021-02-23 07:00:00,18.64,
2021-02-23 07:15:00,18.66,
2021-02-23 07:30:00,18.66,
2021-02-23 07:45:00,18.67,
2021-02-23 08:00:00,18.75,
2021-02-23 08:15:00,18.73,
2021-02-23 08:30:00,18.79,
2021-02-23 08:45:00,18.78,
2021-02-23 09:00:00,18.79,
2021-02-23 09:15:00,18.86,
2021-02-23 09:30:00,18.83,
2021-02-23 09:45:00,18.86,
2021-02-23 10:00:00,18.76,
2021-02-23 10:15:00,18.83,
2021-02-23 10:30:00,18.89,
2021-02-23 10:45:00,18.75,
2021-02-23 11:00:00,18.82,
2021-02-23 11:15:00,18.84,
2021-02-23 11:30:00,18.85,
2021-02-23 11:45:00,18.8,
2021-02-23 12:00:00,18.78,
2021-02-23 12:15:00,18.8,
2021-02-23 12:30:00,18.78,
2021-02-23 12:45:00,18.76,
2021-02-23 13:00:00,18.77,
2021-02-23 13:15:00,18.8,
2021-02-23 13:30:00,18.79,
2021-02-23 13:45:00,18.86,
2021-02-23 14:00:00,18.79,
2021-02-23 14:15:00,18.78,
2021-02-23 14:30:00,18.83,
2021-02-23 14:45:00,18.87,
2021-02-23 15:00:00,18.8,
2021-02-23 15:15:00,18.84,
2021-02-23 15:30:00,18.77,
2021-02-23 15:45:00,18.84,
2021-02-23 16:00:00,18.83,
2021-02-23 16:15:00,18.83,
2021-02-23 16:30:00,18.76,
2021-02-23 16:45:00,18.78,
2021-02-23 17:00:00,18.82,
2021-02-23 17:15:00,18.77,
2021-02-23 17:30:00,18.76,
2021-02-23 17:45:00,18.75,
2021-02-23 18:00:00,18.7,
2021-02-23 18:15:00,18.68,
2021-02-23 18:30:00,18.73,
2021-02-23 18:45:00,18.72,
2021-02-23 19:00:00,18.71,
2021-02-23 19:15:00,18.72,
2021-02-23 19:30:00,18.69,
2021-02-23 19:45:00,18.65,
2021-02-23 20:00:00,18.69,
2021-02-23 20:15:00,18.62,
2021-02-23 20:30:00,18.63,
2021-02-23 20:45:00,18.58,
2021-02-23 21:00:00,18.55,
2021-02-23 21:15:00,18.56,
2021-02-23 21:30:00,18.55,
2021-02-23 21:45:00,18.55,
2021-02-23 22:00:00,18.56,
2021-02-23 22:15:00,18.53,
2021-02-23 22:30:00,18.52,
2021-02-23 22:45:00,18.56,
2021-02-23 23:00:00,18.54,
2021-02-23 23:15:00,18.56,
2021-02-23 23:30:00,18.52,
2021-02-23 23:45:00,18.49,
2021-02-24 00:00:00,18.44,
2021-02-24 00:15:00,18.46,
2021-02-24 00:30:00,18.45,
2021-02-24 00:45:00,18.43,
2021-02-24 01:00:00,18.43,
2021-02-24 01:15:00,18.45,
2021-02-24 01:30:00,18.44,
2021-02-24 01:45:00,18.49,
2021-02-24 02:00:00,18.51,
2021-02-24 02:15:00,18.53,
2021-02-24 02:30:00,18.5,
2021-02-24 02:45:00,18.49,
2021-02-24 03:00:00,18.56,
2021-02-24 03:15:00,18.49,
2021-02-24 03:30:00,18.58,
2021-02-24 03:45:00,18.53,
2021-02-24 04:00:00,18.55,
2021-02-24 04:15:00,18.63,
2021-02-24 04:30:00,18.61,
2021-02-24 04:45:00,18.66,
2021-02-24 05:00:00,18.65,
2021-02-24 05:15:00,18.57,
2021-02-24 05:30:00,18.29,
2021-02-24 05:45:00,18.19,
2021-02-24 06:00:00,18.34,
2021-02-24 06:15:00,18.48,
2021-02-24 06:30:00,18.53,
2021-02-24 06:45:00,18.51,
2021-02-24 07:00:00,18.51,
2021-02-24 07:15:00,18.58,
2021-02-24 07:30:00,18.59,
2021-02-24 07:45:00,18.58,
2021-02-24 08:00:00,18.52,
2021-02-24 08:15:00,18.55,
2021-02-24 08:30:00,18.66,
2021-02-24 08:45:00,18.8,
2021-02-24 09:00:00,18.78,
2021-02-24 09:15:00,18.77,
2021-02-24 09:30:00,19.1,
2021-02-24 09:45:00,19.47,
2021-02-24 10:00:00,19.58,
2021-02-24 10:15:00,19.32,
2021-02-24 10:30:00,19.01,
2021-02-24 10:45:00,18.91,
2021-02-24 11:00:00,18.7,
2021-02-24 11:15:00,18.65,
2021-02-24 11:30:00,18.57,
2021-02-24 11:45:00,18.57,
2021-02-24 12:00:00,18.64,
2021-02-24 12:15:00,18.68,
2021-02-24 12:30:00,18.72,
2021-02-24 12:45:00,18.75,
2021-02-24 13:00:00,18.84,
2021-02-24 13:15:00,18.91,
2021-02-24 13:30:00,18.86,
2021-02-24 13:45:00,18.89,
2021-02-24 14:00:00,18.84,
2021-02-24 14:15:00,18.76,
2021-02-24 14:30:00,18.73,
2021-02-24 14:45:00,18.69,
2021-02-24 15:00:00,18.7,
2021-02-24 15:15:00,18.66,
2021-02-24 15:30:00,18.7,
2021-02-24 15:45:00,18.7,
2021-02-24 16:00:00,18.66,
2021-02-24 16:15:00,18.6,
2021-02-24 16:30:00,18.63,
2021-02-24 16:45:00,18.68,
2021-02-24 17:00:00,18.68,
2021-02-24 17:15:00,18.67,
2021-02-24 17:30:00,18.67,
2021-02-24 17:45:00,18.64,
2021-02-24 18:00:00,18.63,
2021-02-24 18:15:00,18.59,
2021-02-24 18:30:00,18.59,
2021-02-24 18:45:00,18.56,
2021-02-24 19:00:00,18.54,
2021-02-24 19:15:00,18.57,
2021-02-24 19:30:00,18.52,
2021-02-24 19:45:00,18.54,
2021-02-24 20:00:00,18.54,
2021-02-24 20:15:00,18.51,
2021-02-24 20:30:00,18.49,
2021-02-24 20:45:00,18.48,
2021-02-24 21:00:00,18.48,
2021-02-24 21:15:00,18.47,
2021-02-24 21:30:00,18.42,
2021-02-24 21:45:00,18.44,
2021-02-24 22:00:00,18.42,
2021-02-24 22:15:00,18.37,
2021-02-24 22:30:00,,ICE
2021-02-24 22:45:00,,ICE
2021-02-24 23:00:00,,ICE
2021-02-24 23:15:00,,ICE
2021-02-24 23:30:00,,ICE
2021-02-24 23:45:00,,ICE
2021-02-25 00:00:00,,ICE
2021-02-25 00:15:00,,ICE
2021-02-25 00:30:00,,ICE
2021-02-25 00:45:00,,ICE
2021-02-25 01:00:00,,ICE
2021-02-25 01:15:00,,ICE
2021-02-25 01:30:00,,ICE
2021-02-25 01:45:00,,ICE
2021-02-25 02:00:00,,ICE
2021-02-25 02:15:00,,ICE
2021-02-25 02:30:00,,ICE
2021-02-25 02:45:00,,ICE
2021-02-25 03:00:00,,ICE
2021-02-25 03:15:00,,ICE
2021-02-25 03:30:00,,ICE
2021-02-25 03:45:00,,ICE
2021-02-25 04:00:00,,ICE
2021-02-25 04:15:00,,ICE
2021-02-25 04:30:00,,ICE
2021-02-25 04:45:00,,ICE
2021-02-25 05:00:00,,ICE
2021-02-25 05:15:00,,ICE
2021-02-25 05:30:00,,ICE
2021-02-25 05:45:00,,ICE
2021-02-25 06:00:00,,ICE
2021-02-25 06:15:00,,ICE
2021-02-25 06:30:00,,ICE
2021-02-25 06:45:00,,ICE
2021-02-25 07:00:00,,ICE
2021-02-25 07:15:00,,ICE
2021-02-25 07:30:00,,ICE
2021-02-25 07:45:00,,ICE
2021-02-25 08:00:00,,ICE
2021-02-25 08:15:00,,ICE
2021-02-25 08:30:00,,ICE
2021-02-25 08:45:00,,ICE
2021-02-25 09:00:00,,ICE
2021-02-25 09:15:00,,ICE
2021-02-25 09:30:00,,ICE
2021-02-25 09:45:00,,ICE
2021-02-25 10:00:00,,ICE
2021-02-25 10:15:00,,ICE
2021-02-25 10:30:00,,ICE
2021-02-25 10:45:00,,ICE
2021-02-25 11:00:00,,ICE
2021-02-25 11:15:00,,ICE
2021-02-25 11:30:00,,ICE
2021-02-25 11:45:00,,ICE
2021-02-25 12:00:00,,ICE
2021-02-25 12:15:00,,ICE
2021-02-25 12:30:00,,ICE
2021-02-25 12:45:00,,ICE
2021-02-25 13:00:00,,ICE
2021-02-25 13:15:00,,ICE
2021-02-25 13:30:00,,ICE
2021-02-25 13:45:00,,ICE
2021-02-25 14:00:00,,ICE
2021-02-25 14:15:00,,ICE
2021-02-25 14:30:00,,ICE
2021-02-25 14:45:00,,ICE
2021-02-25 15:00:00,,ICE
2021-02-25 15:15:00,,ICE
2021-02-25 15:30:00,,ICE
2021-02-25 15:45:00,,ICE
2021-02-25 16:00:00,,ICE
2021-02-25 16:15:00,,ICE
2021-02-25 16:30:00,,ICE
2021-02-25 16:45:00,,ICE
2021-02-25 17:00:00,,ICE
2021-02-25 17:15:00,,ICE
2021-02-25 17:30:00,,ICE
2021-02-25 17:45:00,,ICE
2021-02-25 18:00:00,,ICE
2021-02-25 18:15:00,,ICE
2021-02-25 18:30:00,,ICE
2021-02-25 18:45:00,,ICE
2021-02-25 19:00:00,,ICE
2021-02-25 19:15:00,,ICE
2021-02-25 19:30:00,,ICE
2021-02-25 19:45:00,,ICE
2021-02-25 20:00:00,,ICE
2021-02-25 20:15:00,,ICE
2021-02-25 20:30:00,,ICE
2021-02-25 20:45:00,,ICE
2021-02-25 21:00:00,,ICE
2021-02-25 21:15:00,,ICE
2021-02-25 21:30:00,,ICE
2021-02-25 21:45:00,,ICE
2021-02-25 22:00:00,,ICE
2021-02-25 22:15:00,,ICE
2021-02-25 22:30:00,,ICE
2021-02-25 22:45:00,,ICE
2021-02-25 23:00:00,,ICE
2021-02-25 23:15:00,,ICE
2021-02-25 23:30:00,,ICE
2021-02-25 23:45:00,,ICE
2021-02-26 00:00:00,,ICE
2021-02-26 00:15:00,,ICE
2021-02-26 00:30:00,,ICE
2021-02-26 00:45:00,,ICE
2021-02-26 01:00:00,,ICE
2021-02-26 01:15:00,,ICE
2021-02-26 01:30:00,,ICE
2021-02-26 01:45:00,,ICE
2021-02-26 02:00:00,,ICE
2021-02-26 02:15:00,,ICE
2021-02-26 02:30:00,,ICE
2021-02-26 02:45:00,,ICE
2021-02-26 03:00:00,,ICE
2021-02-26 03:15:00,,ICE
2021-02-26 03:30:00,,ICE
2021-02-26 03:45:00,,ICE
2021-02-26 04:00:00,,ICE
2021-02-26 04:15:00,,ICE
2021-02-26 04:30:00,,ICE
2021-02-26 04:45:00,,ICE
2021-02-26 05:00:00,,ICE
2021-02-26 05:15:00,,ICE
2021-02-26 05:30:00,,ICE
2021-02-26 05:45:00,,ICE
2021-02-26 06:00:00,,ICE
2021-02-26 06:15:00,,ICE
2021-02-26 06:30:00,,ICE
2021-02-26 06:45:00,,ICE
2021-02-26 07:00:00,,ICE
2021-02-26 07:15:00,,ICE
2021-02-26 07:30:00,,ICE
2021-02-26 07:45:00,,ICE
2021-02-26 08:00:00,,ICE
2021-02-26 08:15:00,,ICE
2021-02-26 08:30:00,,ICE
2021-02-26 08:45:00,,ICE
2021-02-26 09:00:00,,ICE
2021-02-26 09:15:00,,ICE
2021-02-26 09:30:00,,ICE
2021-02-26 09:45:00,,ICE
2021-02-26 10:00:00,,ICE
2021-02-26 10:15:00,,ICE
2021-02-26 10:30:00,,ICE
2021-02-26 10:45:00,,ICE
2021-02-26 11:00:00,,ICE
2021-02-26 11:15:00,,ICE
2021-02-26 11:30:00,,ICE
2021-02-26 11:45:00,,ICE
2021-02-26 12:00:00,,ICE
2021-02-26 12:15:00,,ICE
2021-02-26 12:30:00,,ICE
2021-02-26 12:45:00,,ICE
2021-02-26 13:00:00,,ICE
2021-02-26 13:15:00,,ICE
2021-02-26 13:30:00,,ICE
2021-02-26 13:45:00,,ICE
2021-02-26 14:00:00,,ICE
2021-02-26 14:15:00,,ICE
2021-02-26 14:30:00,,ICE
2021-02-26 14:45:00,,ICE
2021-02-26 15:00:00,,ICE
2021-02-26 15:15:00,,ICE
2021-02-26 15:30:00,,ICE
2021-02-26 15:45:00,,ICE
2021-02-26 16:00:00,,ICE
2021-02-26 16:15:00,,ICE
2021-02-26 16:30:00,,ICE
2021-02-26 16:45:00,,ICE
2021-02-26 17:00:00,,ICE
2021-02-26 17:15:00,,ICE
2021-02-26 17:30:00,,ICE
2021-02-26 17:45:00,,ICE
2021-02-26 18:00:00,,ICE
2021-02-26 18:15:00,,ICE
2021-02-26 18:30:00,,ICE
2021-02-26 18:45:00,,ICE
2021-02-26 19:00:00,,ICE
2021-02-26 19:15:00,,ICE
2021-02-26 19:30:00,,ICE
2021-02-26 19:45:00,,ICE
2021-02-26 20:00:00,,ICE
2021-02-26 20:15:00,,ICE
2021-02-26 20:30:00,,ICE
2021-02-26 20:45:00,,ICE
2021-02-26 21:00:00,,ICE
2021-02-26 21:15:00,,ICE
2021-02-26 21:30:00,,ICE
2021-02-26 21:45:00,,ICE
2021-02-26 22:00:00,,ICE
2021-02-26 22:15:00,,ICE
2021-02-26 22:30:00,,ICE
2021-02-26 22:45:00,,ICE
2021-02-26 23:00:00,,ICE
2021-02-26 23:15:00,,ICE
2021-02-26 23:30:00,,ICE
2021-02-26 23:45:00,,ICE
2021-02-27 00:00:00,,ICE
2021-02-27 00:15:00,,ICE
2021-02-27 00:30:00,,ICE
2021-02-27 00:45:00,,ICE
2021-02-27 01:00:00,,ICE
2021-02-27 01:15:00,,ICE
2021-02-27 01:30:00,,ICE
2021-02-27 01:45:00,,ICE
2021-02-27 02:00:00,,ICE
2021-02-27 02:15:00,,ICE
2021-02-27 02:30:00,,ICE
2021-02-27 02:45:00,,ICE
2021-02-27 03:00:00,,ICE
2021-02-27 03:15:00,,ICE
2021-02-27 03:30:00,,ICE
2021-02-27 03:45:00,,ICE
2021-02-27 04:00:00,,ICE
2021-02-27 04:15:00,,ICE
2021-02-27 04:30:00,,ICE
2021-02-27 04:45:00,,ICE
2021-02-27 05:00:00,,ICE
2021-02-27 05:15:00,,ICE
2021-02-27 05:30:00,,ICE
2021-02-27 05:45:00,,ICE
2021-02-27 06:00:00,,ICE
2021-02-27 06:15:00,,ICE
2021-02-27 06:30:00,,ICE
2021-02-27 06:45:00,,ICE
2021-02-27 07:00:00,,ICE
2021-02-27 07:15:00,,ICE
2021-02-27 07:30:00,,ICE
2021-02-27 07:45:00,,ICE
2021-02-27 08:00:00,,ICE
2021-02-27 08:15:00,,ICE
2021-02-27 08:30:00,,ICE
2021-02-27 08:45:00,,ICE
2021-02-27 09:00:00,,ICE
2021-02-27 09:15:00,,ICE
2021-02-27 09:30:00,,ICE
2021-02-27 09:45:00,,ICE
2021-02-27 10:00:00,,ICE
2021-02-27 10:15:00,,ICE
2021-02-27 10:30:00,,ICE
2021-02-27 10:45:00,,ICE
2021-02-27 11:00:00,,ICE
2021-02-27 11:15:00,,ICE
2021-02-27 11:30:00,,ICE
2021-02-27 11:45:00,,ICE
2021-02-27 12:00:00,,ICE
2021-02-27 12:15:00,,ICE
2021-02-27 12:30:00,,ICE
2021-02-27 12:45:00,,ICE
2021-02-27 13:00:00,,ICE
2021-02-27 13:15:00,,ICE
2021-02-27 13:30:00,,ICE
2021-02-27 13:45:00,,ICE
2021-02-27 14:00:00,,ICE
2021-02-27 14:15:00,,ICE
2021-02-27 14:30:00,,ICE
2021-02-27 14:45:00,,ICE
2021-02-27 15:00:00,,ICE
2021-02-27 15:15:00,,ICE
2021-02-27 15:30:00,,ICE
2021-02-27 15:45:00,,ICE
2021-02-27 16:00:00,,ICE
2021-02-27 16:15:00,,ICE
2021-02-27 16:30:00,,ICE
2021-02-27 16:45:00,,ICE
2021-02-27 17:00:00,,ICE
2021-02-27 17:15:00,,ICE
2021-02-27 17:30:00,,ICE
2021-02-27 17:45:00,,ICE
2021-02-27 18:00:00,,ICE
2021-02-27 18:15:00,,ICE
2021-02-27 18:30:00,,ICE
2021-02-27 18:45:00,,ICE
2021-02-27 19:00:00,,ICE
2021-02-27 19:15:00,,ICE
2021-02-27 19:30:00,,ICE
2021-02-27 19:45:00,,ICE
2021-02-27 20:00:00,,ICE
2021-02-27 20:15:00,,ICE
2021-02-27 20:30:00,,ICE
2021-02-27 20:45:00,,ICE
2021-02-27 21:00:00,,ICE
2021-02-27 21:15:00,,ICE
2021-02-27 21:30:00,,ICE
2021-02-27 21:45:00,,ICE
2021-02-27 22:00:00,,ICE
2021-02-27 22:15:00,,ICE
2021-02-27 22:30:00,,ICE
2021-02-27 22:45:00,,ICE
2021-02-27 23:00:00,,ICE
2021-02-27 23:15:00,,ICE
2021-02-27 23:30:00,,ICE
2021-02-27 23:45:00,,ICE
2021-02-28 00:00:00,,ICE
2021-02-28 00:15:00,,ICE
2021-02-28 00:30:00,,ICE
2021-02-28 00:45:00,,ICE
2021-02-28 01:00:00,,ICE
2021-02-28 01:15:00,,ICE
2021-02-28 01:30:00,,ICE
2021-02-28 01:45:00,,ICE
2021-02-28 02:00:00,,ICE
2021-02-28 02:15:00,,ICE
2021-02-28 02:30:00,,ICE
2021-02-28 02:45:00,,ICE
2021-02-28 03:00:00,,ICE
2021-02-28 03:15:00,,ICE
2021-02-28 03:30:00,,ICE
2021-02-28 03:45:00,,ICE
2021-02-28 04:00:00,,ICE
2021-02-28 04:15:00,,ICE
2021-02-28 04:30:00,,ICE
2021-02-28 04:45:00,,ICE
2021-02-28 05:00:00,,ICE
2021-02-28 05:15:00,,ICE
2021-02-28 05:30:00,,ICE
2021-02-28 05:45:00,,ICE
2021-02-28 06:00:00,,ICE
2021-02-28 06:15:00,,ICE
2021-02-28 06:30:00,,ICE
2021-02-28 06:45:00,,ICE
2021-02-28 07:00:00,,ICE
2021-02-28 07:15:00,,ICE
2021-02-28 07:30:00,,ICE
2021-02-28 07:45:00,,ICE
2021-02-28 08:00:00,,ICE
2021-02-28 08:15:00,,ICE
2021-02-28 08:30:00,,ICE
2021-02-28 08:45:00,,ICE
2021-02-28 09:00:00,,ICE
2021-02-28 09:15:00,,ICE
2021-02-28 09:30:00,,ICE
2021-02-28 09:45:00,,ICE
2021-02-28 10:00:00,,ICE
2021-02-28 10:15:00,,ICE
2021-02-28 10:30:00,,ICE
2021-02-28 10:45:00,,ICE
2021-02-28 11:00:00,,ICE
2021-02-28 11:15:00,,ICE
2021-02-28 11:30:00,,ICE
2021-02-28 11:45:00,,ICE
2021-02-28 12:00:00,,ICE
2021-02-28 12:15:00,,ICE
2021-02-28 12:30:00,,ICE
2021-02-28 12:45:00,,ICE
2021-02-28 13:00:00,,ICE
2021-02-28 13:15:00,,ICE
2021-02-28 13:30:00,,ICE
2021-02-28 13:45:00,,ICE
2021-02-28 14:00:00,,ICE
2021-02-28 14:15:00,,ICE
2021-02-28 14:30:00,,ICE
2021-02-28 14:45:00,,ICE
2021-02-28 15:00:00,,ICE
2021-02-28 15:15:00,,ICE
2021-02-28 15:30:00,,ICE
2021-02-28 15:45:00,,ICE
2021-02-28 16:00:00,,ICE
2021-02-28 16:15:00,,ICE
2021-02-28 16:30:00,,ICE
2021-02-28 16:45:00,,ICE
2021-02-28 17:00:00,,ICE
2021-02-28 17:15:00,,ICE
2021-02-28 17:30:00,,ICE
2021-02-28 17:45:00,,ICE
2021-02-28 18:00:00,,ICE
2021-02-28 18:15:00,,ICE
2021-02-28 18:30:00,,ICE
2021-02-28 18:45:00,,ICE
2021-02-28 19:00:00,,ICE
2021-02-28 19:15:00,,ICE
2021-02-28 19:30:00,,ICE
2021-02-28 19:45:00,,ICE
2021-02-28 20:00:00,,ICE
2021-02-28 20:15:00,,ICE
2021-02-28 20:30:00,,ICE
2021-02-28 20:45:00,,ICE
2021-02-28 21:00:00,,ICE
2021-02-28 21:15:00,,ICE
2021-02-28 21:30:00,,ICE
2021-02-28 21:45:00,,ICE
2021-02-28 22:00:00,,ICE
2021-02-28 22:15:00,,ICE
2021-02-28 22:30:00,,ICE
2021-02-28 22:45:00,,ICE
2021-02-28 23:00:00,,ICE
2021-02-28 23:15:00,,ICE
2021-02-28 23:30:00,,ICE
2021-02-28 23:45:00,,ICE
2021-03-01 00:00:00,,ICE
2021-03-01 00:15:00,,ICE
2021-03-01 00:30:00,,ICE
2021-03-01 00:45:00,,ICE
2021-03-01 01:00:00,,ICE
2021-03-01 01:15:00,,ICE
2021-03-01 01:30:00,,ICE
2021-03-01 01:45:00,,ICE
2021-03-01 02:00:00,,ICE
2021-03-01 02:15:00,,ICE
2021-03-01 02:30:00,,ICE
2021-03-01 02:45:00,,ICE
2021-03-01 03:00:00,,ICE
2021-03-01 03:15:00,,ICE
2021-03-01 03:30:00,,ICE
2021-03-01 03:45:00,,ICE
2021-03-01 04:00:00,,ICE
2021-03-01 04:15:00,,ICE
2021-03-01 04:30:00,,ICE
2021-03-01 04:45:00,,ICE
2021-03-01 05:00:00,,ICE
2021-03-01 05:15:00,,ICE
2021-03-01 05:30:00,,ICE
2021-03-01 05:45:00,,ICE
2021-03-01 06:00:00,,ICE
2021-03-01 06:15:00,,ICE
2021-03-01 06:30:00,,ICE
2021-03-01 06:45:00,,ICE
2021-03-01 07:00:00,,ICE
2021-03-01 07:15:00,,ICE
2021-03-01 07:30:00,,ICE
2021-03-01 07:45:00,,ICE
2021-03-01 08:00:00,,ICE
2021-03-01 08:15:00,,ICE
2021-03-01 08:30:00,,ICE
2021-03-01 08:45:00,,ICE
2021-03-01 09:00:00,,ICE
2021-03-01 09:15:00,,ICE
2021-03-01 09:30:00,,ICE
2021-03-01 09:45:00,,ICE
2021-03-01 10:00:00,,ICE
2021-03-01 10:15:00,,ICE
2021-03-01 10:30:00,,ICE
2021-03-01 10:45:00,,ICE
2021-03-01 11:00:00,,ICE
2021-03-01 11:15:00,,ICE
2021-03-01 11:30:00,,ICE
2021-03-01 11:45:00,,ICE
2021-03-01 12:00:00,,ICE
2021-03-01 12:15:00,,ICE
2021-03-01 12:30:00,,ICE
2021-03-01 12:45:00,,ICE
2021-03-01 13:00:00,,ICE
2021-03-01 13:15:00,,ICE
2021-03-01 13:30:00,,ICE
2021-03-01 13:45:00,,ICE
2021-03-01 14:00:00,,ICE
2021-03-01 14:15:00,,ICE
2021-03-01 14:30:00,,ICE
2021-03-01 14:45:00,,ICE
2021-03-01 15:00:00,,ICE
2021-03-01 15:15:00,,ICE
2021-03-01 15:30:00,,ICE
2021-03-01 15:45:00,,ICE
2021-03-01 16:00:00,,ICE
2021-03-01 16:15:00,,ICE
2021-03-01 16:30:00,,ICE
2021-03-01 16:45:00,,ICE
2021-03-01 17:00:00,,ICE
2021-03-01 17:15:00,,ICE
2021-03-01 17:30:00,,ICE
2021-03-01 17:45:00,,ICE
2021-03-01 18:00:00,,ICE
2021-03-01 18:15:00,,ICE
2021-03-01 18:30:00,,ICE
2021-03-01 18:45:00,,ICE
2021-03-01 19:00:00,,ICE
2021-03-01 19:15:00,,ICE
2021-03-01 19:30:00,,ICE
2021-03-01 19:45:00,,ICE
2021-03-01 20:00:00,,ICE
2021-03-01 20:15:00,,ICE
2021-03-01 20:30:00,,ICE
2021-03-01 20:45:00,,ICE
2021-03-01 21:00:00,,ICE
2021-03-01 21:15:00,,ICE
2021-03-01 21:30:00,,ICE
2021-03-01 21:45:00,,ICE
2021-03-01 22:00:00,,ICE
2021-03-01 22:15:00,,ICE
2021-03-01 22:30:00,,ICE
2021-03-01 22:45:00,,ICE
2021-03-01 23:00:00,,ICE
2021-03-01 23:15:00,,ICE
2021-03-01 23:30:00,,ICE
2021-03-01 23:45:00,,ICE
2021-03-02 00:00:00,,ICE
2021-03-02 00:15:00,,ICE
2021-03-02 00:30:00,,ICE
2021-03-02 00:45:00,,ICE
2021-03-02 01:00:00,,ICE
2021-03-02 01:15:00,,ICE
2021-03-02 01:30:00,,ICE
2021-03-02 01:45:00,,ICE
2021-03-02 02:00:00,,ICE
2021-03-02 02:15:00,,ICE
2021-03-02 02:30:00,,ICE
2021-03-02 02:45:00,,ICE
2021-03-02 03:00:00,,ICE
2021-03-02 03:15:00,,ICE
2021-03-02 03:30:00,,ICE
2021-03-02 03:45:00,,ICE
2021-03-02 04:00:00,,ICE
2021-03-02 04:15:00,,ICE
2021-03-02 04:30:00,,ICE
2021-03-02 04:45:00,,ICE
2021-03-02 05:00:00,,ICE
2021-03-02 05:15:00,,ICE
2021-03-02 05:30:00,,ICE
2021-03-02 05:45:00,,ICE
2021-03-02 06:00:00,,ICE
2021-03-02 06:15:00,,ICE
2021-03-02 06:30:00,,ICE
2021-03-02 06:45:00,,ICE
2021-03-02 07:00:00,,ICE
2021-03-02 07:15:00,,ICE
2021-03-02 07:30:00,,ICE
2021-03-02 07:45:00,,ICE
2021-03-02 08:00:00,,ICE
2021-03-02 08:15:00,,ICE
2021-03-02 08:30:00,,ICE
2021-03-02 08:45:00,,ICE
2021-03-02 09:00:00,,ICE
2021-03-02 09:15:00,,ICE
2021-03-02 09:30:00,,ICE
2021-03-02 09:45:00,,ICE
2021-03-02 10:00:00,,ICE
2021-03-02 10:15:00,,ICE
2021-03-02 10:30:00,,ICE
2021-03-02 10:45:00,,ICE
2021-03-02 11:00:00,,ICE
2021-03-02 11:15:00,,ICE
2021-03-02 11:30:00,,ICE
2021-03-02 11:45:00,,ICE
2021-03-02 12:00:00,,ICE
2021-03-02 12:15:00,,ICE
2021-03-02 12:30:00,,ICE
2021-03-02 12:45:00,,ICE
2021-03-02 13:00:00,,ICE
2021-03-02 13:15:00,,ICE
2021-03-02 13:30:00,,ICE
2021-03-02 13:45:00,,ICE
2021-03-02 14:00:00,,ICE
2021-03-02 14:15:00,,ICE
2021-03-02 14:30:00,,ICE
2021-03-02 14:45:00,,ICE
2021-03-02 15:00:00,,ICE
2021-03-02 15:15:00,,ICE
2021-03-02 15:30:00,,ICE
2021-03-02 15:45:00,,ICE
2021-03-02 16:00:00,,ICE
2021-03-02 16:15:00,,ICE
2021-03-02 16:30:00,,ICE
2021-03-02 16:45:00,,ICE
2021-03-02 17:00:00,,ICE
2021-03-02 17:15:00,,ICE
2021-03-02 17:30:00,,ICE
2021-03-02 17:45:00,,ICE
2021-03-02 18:00:00,,ICE
2021-03-02 18:15:00,,ICE
2021-03-02 18:30:00,,ICE
2021-03-02 18:45:00,,ICE
2021-03-02 19:00:00,,ICE
2021-03-02 19:15:00,,ICE
2021-03-02 19:30:00,,ICE
2021-03-02 19:45:00,,ICE
2021-03-02 20:00:00,,ICE
2021-03-02 20:15:00,,ICE
2021-03-02 20:30:00,,ICE
2021-03-02 20:45:00,,ICE
2021-03-02 21:00:00,,ICE
2021-03-02 21:15:00,,ICE
2021-03-02 21:30:00,,ICE
2021-03-02 21:45:00,,ICE
2021-03-02 22:00:00,,ICE
2021-03-02 22:15:00,,ICE
2021-03-02 22:30:00,,ICE
2021-03-02 22:45:00,,ICE
2021-03-02 23:00:00,,ICE
2021-03-02 23:15:00,,ICE
2021-03-02 23:30:00,,ICE
2021-03-02 23:45:00,,ICE
2021-03-03 00:00:00,,ICE
2021-03-03 00:15:00,,ICE
2021-03-03 00:30:00,,ICE
2021-03-03 00:45:00,,ICE
2021-03-03 01:00:00,,ICE
2021-03-03 01:15:00,,ICE
2021-03-03 01:30:00,,ICE
2021-03-03 01:45:00,,ICE
2021-03-03 02:00:00,,ICE
2021-03-03 02:15:00,,ICE
2021-03-03 02:30:00,,ICE
2021-03-03 02:45:00,,ICE
2021-03-03 03:00:00,,ICE
2021-03-03 03:15:00,,ICE
2021-03-03 03:30:00,,ICE
2021-03-03 03:45:00,,ICE
2021-03-03 04:00:00,,ICE
2021-03-03 04:15:00,,ICE
2021-03-03 04:30:00,,ICE
2021-03-03 04:45:00,,ICE
2021-03-03 05:00:00,,ICE
2021-03-03 05:15:00,,ICE
2021-03-03 05:30:00,,ICE
2021-03-03 05:45:00,,ICE
2021-03-03 06:00:00,,ICE
2021-03-03 06:15:00,,ICE
2021-03-03 06:30:00,,ICE
2021-03-03 06:45:00,,ICE
2021-03-03 07:00:00,,ICE
2021-03-03 07:15:00,,ICE
2021-03-03 07:30:00,,ICE
2021-03-03 07:45:00,,ICE
2021-03-03 08:00:00,,ICE
2021-03-03 08:15:00,,ICE
2021-03-03 08:30:00,,ICE
2021-03-03 08:45:00,,ICE
2021-03-03 09:00:00,,ICE
2021-03-03 09:15:00,,ICE
2021-03-03 09:30:00,,ICE
2021-03-03 09:45:00,,ICE
2021-03-03 10:00:00,,ICE
2021-03-03 10:15:00,,ICE
2021-03-03 10:30:00,,ICE
2021-03-03 10:45:00,,ICE
2021-03-03 11:00:00,,ICE
2021-03-03 11:15:00,,ICE
2021-03-03 11:30:00,,ICE
2021-03-03 11:45:00,,ICE
2021-03-03 12:00:00,,ICE
2021-03-03 12:15:00,,ICE
2021-03-03 12:30:00,,ICE
2021-03-03 12:45:00,,ICE
2021-03-03 13:00:00,,ICE
2021-03-03 13:15:00,,ICE
2021-03-03 13:30:00,,ICE
2021-03-03 13:45:00,,ICE
2021-03-03 14:00:00,,ICE
2021-03-03 14:15:00,,ICE
2021-03-03 14:30:00,,ICE
2021-03-03 14:45:00,,ICE
2021-03-03 15:00:00,,ICE
2021-03-03 15:15:00,,ICE
2021-03-03 15:30:00,,ICE
2021-03-03 15:45:00,,ICE
2021-03-03 16:00:00,,ICE
2021-03-03 16:15:00,,ICE
2021-03-03 16:30:00,,ICE
2021-03-03 16:45:00,,ICE
2021-03-03 17:00:00,,ICE
2021-03-03 17:15:00,,ICE
2021-03-03 17:30:00,,ICE
2021-03-03 17:45:00,,ICE
2021-03-03 18:00:00,,ICE
2021-03-03 18:15:00,,ICE
2021-03-03 18:30:00,,ICE
2021-03-03 18:45:00,18.72,
2021-03-03 19:00:00,18.72,
2021-03-03 19:15:00,18.74,
2021-03-03 19:30:00,18.87,
2021-03-03 19:45:00,18.85,
2021-03-03 20:00:00,18.77,
2021-03-03 20:15:00,18.7,
2021-03-03 20:30:00,18.67,
2021-03-03 20:45:00,18.67,
2021-03-03 21:00:00,18.66,
2021-03-03 21:15:00,18.6,
2021-03-03 21:30:00,18.59,
2021-03-03 21:45:00,18.55,
2021-03-03 22:00:00,18.51,
2021-03-03 22:15:00,18.49,
2021-03-03 22:30:00,18.51,
2021-03-03 22:45:00,18.5,
2021-03-03 23:00:00,18.44,
2021-03-03 23:15:00,18.37,
2021-03-03 23:30:00,18.36,
2021-03-03 23:45:00,18.29,
2021-03-04 00:00:00,18.3,
2021-03-04 00:15:00,18.36,
2021-03-04 00:30:00,18.33,
2021-03-04 00:45:00,18.34,
2021-03-04 01:00:00,18.31,
2021-03-04 01:15:00,18.32,
2021-03-04 01:30:00,18.25,
2021-03-04 01:45:00,18.24,
2021-03-04 02:00:00,18.22,
2021-03-04 02:15:00,18.26,
2021-03-04 02:30:00,18.26,
2021-03-04 02:45:00,18.26,
2021-03-04 03:00:00,18.21,
2021-03-04 03:15:00,18.22,
2021-03-04 03:30:00,18.19,
2021-03-04 03:45:00,18.21,
2021-03-04 04:00:00,18.19,
2021-03-04 04:15:00,18.2,
2021-03-04 04:30:00,18.23,
2021-03-04 04:45:00,18.21,
2021-03-04 05:00:00,18.22,
2021-03-04 05:15:00,18.19,
2021-03-04 05:30:00,18.14,
2021-03-04 05:45:00,18.15,
2021-03-04 06:00:00,18.1,
2021-03-04 06:15:00,18.14,
2021-03-04 06:30:00,18.12,
2021-03-04 06:45:00,18.09,
2021-03-04 07:00:00,18.11,
2021-03-04 07:15:00,18.15,
2021-03-04 07:30:00,18.13,
2021-03-04 07:45:00,18.13,
2021-03-04 08:00:00,18.06,
2021-03-04 08:15:00,18.12,
2021-03-04 08:30:00,18.11,
2021-03-04 08:45:00,18.06,
2021-03-04 09:00:00,18.1,
2021-03-04 09:15:00,18.07,
2021-03-04 09:30:00,18.06,
2021-03-04 09:45:00,18.1,
2021-03-04 10:00:00,18.04,
2021-03-04 10:15:00,18.12,
2021-03-04 10:30:00,18.09,
2021-03-04 10:45:00,18.14,
2021-03-04 11:00:00,18.13,
2021-03-04 11:15:00,18.13,
2021-03-04 11:30:00,18.14,
2021-03-04 11:45:00,18.14,
2021-03-04 12:00:00,18.17,
2021-03-04 12:15:00,18.21,
2021-03-04 12:30:00,18.25,
2021-03-04 12:45:00,18.23,
2021-03-04 13:00:00,18.23,
2021-03-04 13:15:00,18.23,
2021-03-04 13:30:00,18.24,
2021-03-04 13:45:00,18.25,
2021-03-04 14:00:00,18.31,
2021-03-04 14:15:00,18.29,
2021-03-04 14:30:00,18.31,
2021-03-04 14:45:00,18.35,
2021-03-04 15:00:00,18.24,
2021-03-04 15:15:00,18.23,
2021-03-04 15:30:00,18.26,
2021-03-04 15:45:00,18.32,
2021-03-04 16:00:00,18.39,
2021-03-04 16:15:00,18.5,
2021-03-04 16:30:00,18.54,
2021-03-04 16:45:00,18.61,
2021-03-04 17:00:00,18.56,
2021-03-04 17:15:00,18.63,
2021-03-04 17:30:00,18.57,
2021-03-04 17:45:00,18.57,
2021-03-04 18:00:00,18.61,
2021-03-04 18:15:00,18.62,
2021-03-04 18:30:00,18.57,
2021-03-04 18:45:00,18.55,
2021-03-04 19:00:00,18.64,
2021-03-04 19:15:00,18.57,
2021-03-04 19:30:00,18.55,
2021-03-04 19:45:00,18.51,
2021-03-04 20:00:00,18.52,
2021-03-04 20:15:00,18.48,
2021-03-04 20:30:00,18.49,
2021-03-04 20:45:00,18.46,
2021-03-04 21:00:00,18.44,
2021-03-04 21:15:00,18.45,
2021-03-04 21:30:00,18.42,
2021-03-04 21:45:00,18.41,
2021-03-04 22:00:00,18.39,
2021-03-04 22:15:00,18.38,
2021-03-04 22:30:00,18.35,
2021-03-04 22:45:00,18.33,
2021-03-04 23:00:00,18.33,
2021-03-04 23:15:00,18.32,
2021-03-04 23:30:00,18.3,
2021-03-04 23:45:00,18.3,
2021-03-05 00:00:00,18.28,
2021-03-05 00:15:00,18.25,
2021-03-05 00:30:00,18.23,
2021-03-05 00:45:00,18.19,
2021-03-05 01:00:00,18.16,
2021-03-05 01:15:00,18.16,
2021-03-05 01:30:00,18.12,
2021-03-05 01:45:00,18.16,
2021-03-05 02:00:00,18.13,
2021-03-05 02:15:00,18.15,
2021-03-05 02:30:00,18.13,
2021-03-05 02:45:00,18.09,
2021-03-05 03:00:00,18.03,
2021-03-05 03:15:00,18.05,
2021-03-05 03:30:00,18.08,
2021-03-05 03:45:00,18.06,
2021-03-05 04:00:00,18.05,
2021-03-05 04:15:00,18.05,
2021-03-05 04:30:00,18.03,
2021-03-05 04:45:00,18.03,
2021-03-05 05:00:00,,ICE
2021-03-05 05:15:00,,ICE
2021-03-05 05:30:00,,ICE
2021-03-05 05:45:00,,ICE
2021-03-05 06:00:00,,ICE
2021-03-05 06:15:00,,ICE
2021-03-05 06:30:00,,ICE
2021-03-05 06:45:00,,ICE
2021-03-05 07:00:00,,ICE
2021-03-05 07:15:00,,ICE
2021-03-05 07:30:00,,ICE
2021-03-05 07:45:00,,ICE
2021-03-05 08:00:00,,ICE
2021-03-05 08:15:00,,ICE
2021-03-05 08:30:00,,ICE
2021-03-05 08:45:00,,ICE
2021-03-05 09:00:00,,ICE
2021-03-05 09:15:00,,ICE
2021-03-05 09:30:00,,ICE
2021-03-05 09:45:00,,ICE
2021-03-05 10:00:00,,ICE
2021-03-05 10:15:00,,ICE
2021-03-05 10:30:00,,ICE
2021-03-05 10:45:00,,ICE
2021-03-05 11:00:00,,ICE
2021-03-05 11:15:00,,ICE
2021-03-05 11:30:00,,ICE
2021-03-05 11:45:00,,ICE
2021-03-05 12:00:00,,ICE
2021-03-05 12:15:00,,ICE
2021-03-05 12:30:00,,ICE
2021-03-05 12:45:00,,ICE
2021-03-05 13:00:00,,ICE
2021-03-05 13:15:00,,ICE
2021-03-05 13:30:00,,ICE
2021-03-05 13:45:00,,ICE
2021-03-05 14:00:00,,ICE
2021-03-05 14:15:00,,ICE
2021-03-05 14:30:00,,ICE
2021-03-05 14:45:00,,ICE
2021-03-05 15:00:00,,ICE
2021-03-05 15:15:00,,ICE
2021-03-05 15:30:00,,ICE
2021-03-05 15:45:00,,ICE
2021-03-05 16:00:00,18.42,
2021-03-05 16:15:00,18.46,
2021-03-05 16:30:00,18.51,
2021-03-05 16:45:00,18.6,
2021-03-05 17:00:00,18.59,
2021-03-05 17:15:00,18.62,
2021-03-05 17:30:00,18.71,
2021-03-05 17:45:00,18.71,
2021-03-05 18:00:00,18.78,
2021-03-05 18:15:00,18.79,
2021-03-05 18:30:00,18.81,
2021-03-05 18:45:00,18.89,
2021-03-05 19:00:00,18.89,
2021-03-05 19:15:00,18.89,
2021-03-05 19:30:00,18.91,
2021-03-05 19:45:00,18.91,
2021-03-05 20:00:00,18.94,
2021-03-05 20:15:00,18.9,
2021-03-05 20:30:00,18.92,
2021-03-05 20:45:00,18.89,
2021-03-05 21:00:00,18.85,
2021-03-05 21:15:00,18.83,
2021-03-05 21:30:00,18.83,
2021-03-05 21:45:00,18.81,
2021-03-05 22:00:00,18.75,
2021-03-05 22:15:00,18.86,
2021-03-05 22:30:00,18.81,
2021-03-05 22:45:00,18.78,
2021-03-05 23:00:00,18.73,
2021-03-05 23:15:00,18.69,
2021-03-05 23:30:00,18.68,
2021-03-05 23:45:00,18.63,
2021-03-06 00:00:00,18.57,
2021-03-06 00:15:00,18.59,
2021-03-06 00:30:00,18.5,
2021-03-06 00:45:00,18.48,
2021-03-06 01:00:00,18.45,
2021-03-06 01:15:00,18.4,
2021-03-06 01:30:00,18.39,
2021-03-06 01:45:00,18.32,
2021-03-06 02:00:00,18.35,
2021-03-06 02:15:00,18.31,
2021-03-06 02:30:00,18.37,
2021-03-06 02:45:00,18.36,
2021-03-06 03:00:00,18.37,
2021-03-06 03:15:00,18.37,
2021-03-06 03:30:00,18.31,
2021-03-06 03:45:00,18.32,
2021-03-06 04:00:00,18.28,
2021-03-06 04:15:00,18.26,
2021-03-06 04:30:00,18.29,
2021-03-06 04:45:00,18.26,
2021-03-06 05:00:00,18.29,
2021-03-06 05:15:00,18.27,
2021-03-06 05:30:00,18.25,
2021-03-06 05:45:00,18.2,
2021-03-06 06:00:00,18.26,
2021-03-06 06:15:00,18.3,
2021-03-06 06:30:00,18.27,
2021-03-06 06:45:00,18.28,
2021-03-06 07:00:00,18.29,
2021-03-06 07:15:00,18.26,
2021-03-06 07:30:00,18.32,
2021-03-06 07:45:00,18.26,
2021-03-06 08:00:00,18.29,
2021-03-06 08:15:00,18.22,
2021-03-06 08:30:00,18.25,
2021-03-06 08:45:00,18.24,
2021-03-06 09:00:00,18.27,
2021-03-06 09:15:00,18.25,
2021-03-06 09:30:00,18.22,
2021-03-06 09:45:00,18.3,
2021-03-06 10:00:00,18.28,
2021-03-06 10:15:00,18.29,
2021-03-06 10:30:00,18.28,
2021-03-06 10:45:00,18.29,
2021-03-06 11:00:00,18.34,
2021-03-06 11:15:00,18.32,
2021-03-06 11:30:00,18.34,
2021-03-06 11:45:00,18.37,
2021-03-06 12:00:00,18.48,
2021-03-06 12:15:00,18.42,
2021-03-06 12:30:00,18.51,
2021-03-06 12:45:00,18.61,
2021-03-06 13:00:00,18.59,
2021-03-06 13:15:00,18.6,
2021-03-06 13:30:00,18.74,
2021-03-06 13:45:00,18.61,
2021-03-06 14:00:00,18.63,
2021-03-06 14:15:00,18.71,
2021-03-06 14:30:00,18.65,
2021-03-06 14:45:00,18.73,
2021-03-06 15:00:00,18.74,
2021-03-06 15:15:00,18.8,
2021-03-06 15:30:00,18.83,
2021-03-06 15:45:00,18.85,
2021-03-06 16:00:00,18.83,
2021-03-06 16:15:00,18.92,
2021-03-06 16:30:00,18.89,
2021-03-06 16:45:00,18.98,
2021-03-06 17:00:00,19.02,
2021-03-06 17:15:00,19.03,
2021-03-06 17:30:00,19.12,
2021-03-06 17:45:00,19.18,
2021-03-06 18:00:00,19.2,
2021-03-06 18:15:00,19.25,
2021-03-06 18:30:00,19.21,
2021-03-06 18:45:00,19.23,
2021-03-06 19:00:00,19.21,
2021-03-06 19:15:00,19.18,
2021-03-06 19:30:00,19.2,
2021-03-06 19:45:00,19.19,
2021-03-06 20:00:00,19.2,
2021-03-06 20:15:00,19.16,
2021-03-06 20:30:00,19.16,
2021-03-06 20:45:00,19.12,
2021-03-06 21:00:00,19.09,
2021-03-06 21:15:00,19.06,
2021-03-06 21:30:00,19.08,
2021-03-06 21:45:00,19.04,
2021-03-06 22:00:00,19.03,
2021-03-06 22:15:00,19.03,
2021-03-06 22:30:00,18.95,
2021-03-06 22:45:00,18.97,
2021-03-06 23:00:00,18.94,
2021-03-06 23:15:00,18.93,
2021-03-06 23:30:00,18.86,
2021-03-06 23:45:00,18.88,
2021-03-07 00:00:00,18.77,
2021-03-07 00:15:00,18.77,
2021-03-07 00:30:00,18.77,
2021-03-07 00:45:00,18.72,
2021-03-07 01:00:00,18.69,
2021-03-07 01:15:00,18.75,
2021-03-07 01:30:00,18.65,
2021-03-07 01:45:00,18.62,
2021-03-07 02:00:00,18.58,
2021-03-07 02:15:00,18.6,
2021-03-07 02:30:00,18.6,
2021-03-07 02:45:00,18.57,
2021-03-07 03:00:00,18.56,
2021-03-07 03:15:00,18.55,
2021-03-07 03:30:00,18.53,
2021-03-07 03:45:00,18.47,
2021-03-07 04:00:00,18.56,
2021-03-07 04:15:00,18.57,
2021-03-07 04:30:00,18.53,
2021-03-07 04:45:00,18.5,
2021-03-07 05:00:00,18.43,
2021-03-07 05:15:00,18.5,
2021-03-07 05:30:00,18.45,
2021-03-07 05:45:00,18.45,
2021-03-07 06:00:00,18.41,
2021-03-07 06:15:00,18.41,
2021-03-07 06:30:00,18.4,
2021-03-07 06:45:00,18.43,
2021-03-07 07:00:00,18.41,
2021-03-07 07:15:00,18.41,
2021-03-07 07:30:00,18.39,
2021-03-07 07:45:00,18.38,
2021-03-07 08:00:00,18.34,
2021-03-07 08:15:00,18.35,
2021-03-07 08:30:00,18.34,
2021-03-07 08:45:00,18.36,
2021-03-07 09:00:00,18.3,
2021-03-07 09:15:00,18.37,
2021-03-07 09:30:00,18.39,
2021-03-07 09:45:00,18.37,
2021-03-07 10:00:00,18.39,
2021-03-07 10:15:00,18.35,
2021-03-07 10:30:00,18.36,
2021-03-07 10:45:00,18.41,
2021-03-07 11:00:00,18.42,
2021-03-07 11:15:00,18.37,
2021-03-07 11:30:00,18.45,
2021-03-07 11:45:00,18.51,
2021-03-07 12:00:00,18.49,
2021-03-07 12:15:00,18.49,
2021-03-07 12:30:00,18.55,
2021-03-07 12:45:00,18.58,
2021-03-07 13:00:00,18.63,
2021-03-07 13:15:00,18.62,
2021-03-07 13:30:00,18.67,
2021-03-07 13:45:00,18.74,
2021-03-07 14:00:00,18.74,
2021-03-07 14:15:00,18.74,
2021-03-07 14:30:00,18.85,
2021-03-07 14:45:00,18.87,
2021-03-07 15:00:00,18.94,
2021-03-07 15:15:00,18.94,
2021-03-07 15:30:00,19.04,
2021-03-07 15:45:00,19.0,
2021-03-07 16:00:00,19.08,
2021-03-07 16:15:00,19.1,
2021-03-07 16:30:00,19.22,
2021-03-07 16:45:00,19.25,
2021-03-07 17:00:00,19.25,
2021-03-07 17:15:00,19.34,
2021-03-07 17:30:00,19.32,
2021-03-07 17:45:00,19.39,
2021-03-07 18:00:00,19.4,
2021-03-07 18:15:00,19.48,
2021-03-07 18:30:00,19.51,
2021-03-07 18:45:00,19.57,
2021-03-07 19:00:00,19.57,
2021-03-07 19:15:00,19.52,
2021-03-07 19:30:00,19.59,
2021-03-07 19:45:00,19.54,
2021-03-07 20:00:00,19.5,
2021-03-07 20:15:00,19.51,
2021-03-07 20:30:00,19.47,
2021-03-07 20:45:00,19.47,
2021-03-07 21:00:00,19.41,
2021-03-07 21:15:00,19.36,
2021-03-07 21:30:00,19.36,
2021-03-07 21:45:00,19.36,
2021-03-07 22:00:00,19.29,
2021-03-07 22:15:00,19.23,
2021-03-07 22:30:00,19.23,
2021-03-07 22:45:00,19.16,
2021-03-07 23:00:00,19.17,
2021-03-07 23:15:00,19.12,
2021-03-07 23:30:00,19.07,
2021-03-07 23:45:00,19.09,
2021-03-08 00:00:00,19.09,
2021-03-08 00:15:00,19.04,
2021-03-08 00:30:00,19.07,
2021-03-08 00:45:00,18.97,
2021-03-08 01:00:00,18.96,
2021-03-08 01:15:00,18.93,
2021-03-08 01:30:00,18.94,
2021-03-08 01:45:00,18.93,
2021-03-08 02:00:00,18.88,
2021-03-08 02:15:00,18.91,
2021-03-08 02:30:00,18.87,
2021-03-08 02:45:00,18.81,
2021-03-08 03:00:00,18.83,
2021-03-08 03:15:00,18.78,
2021-03-08 03:30:00,18.84,
2021-03-08 03:45:00,18.82,
2021-03-08 04:00:00,18.79,
2021-03-08 04:15:00,18.73,
2021-03-08 04:30:00,18.78,
2021-03-08 04:45:00,18.77,
2021-03-08 05:00:00,18.72,
2021-03-08 05:15:00,18.72,
2021-03-08 05:30:00,18.76,
2021-03-08 05:45:00,18.72,
2021-03-08 06:00:00,18.73,
2021-03-08 06:15:00,18.71,
2021-03-08 06:30:00,18.68,
2021-03-08 06:45:00,18.7,
2021-03-08 07:00:00,18.67,
2021-03-08 07:15:00,18.68,
2021-03-08 07:30:00,18.67,
2021-03-08 07:45:00,18.64,
2021-03-08 08:00:00,18.65,
2021-03-08 08:15:00,18.61,
2021-03-08 08:30:00,18.6,
2021-03-08 08:45:00,18.65,
2021-03-08 09:00:00,18.62,
2021-03-08 09:15:00,18.59,
2021-03-08 09:30:00,18.55,
2021-03-08 09:45:00,18.54,
2021-03-08 10:00:00,18.66,
2021-03-08 10:15:00,18.65,
2021-03-08 10:30:00,18.62,
2021-03-08 10:45:00,18.63,
2021-03-08 11:00:00,18.65,
2021-03-08 11:15:00,18.75,
2021-03-08 11:30:00,18.76,
2021-03-08 11:45:00,18.8,
2021-03-08 12:00:00,18.82,
2021-03-08 12:15:00,18.79,
2021-03-08 12:30:00,18.85,
2021-03-08 12:45:00,18.82,
2021-03-08 13:00:00,18.82,
2021-03-08 13:15:00,18.8,
2021-03-08 13:30:00,18.99,
2021-03-08 13:45:00,19.04,
2021-03-08 14:00:00,19.06,
2021-03-08 14:15:00,19.21,
2021-03-08 14:30:00,19.18,
2021-03-08 14:45:00,19.26,
2021-03-08 15:00:00,19.34,
2021-03-08 15:15:00,19.41,
2021-03-08 15:30:00,19.44,
2021-03-08 15:45:00,19.49,
2021-03-08 16:00:00,19.56,
2021-03-08 16:15:00,19.61,
2021-03-08 16:30:00,19.72,
2021-03-08 16:45:00,19.67,
2021-03-08 17:00:00,19.79,
2021-03-08 17:15:00,19.77,
2021-03-08 17:30:00,19.9,
2021-03-08 17:45:00,19.92,
2021-03-08 18:00:00,19.98,
2021-03-08 18:15:00,20.04,
2021-03-08 18:30:00,20.02,
2021-03-08 18:45:00,20.05,
2021-03-08 19:00:00,20.09,
2021-03-08 19:15:00,20.05,
2021-03-08 19:30:00,20.04,
2021-03-08 19:45:00,20.02,
2021-03-08 20:00:00,20.0,
2021-03-08 20:15:00,19.95,
2021-03-08 20:30:00,19.89,
2021-03-08 20:45:00,19.93,
2021-03-08 21:00:00,19.94,
2021-03-08 21:15:00,19.93,
2021-03-08 21:30:00,19.87,
2021-03-08 21:45:00,19.95,
2021-03-08 22:00:00,19.86,
2021-03-08 22:15:00,19.77,
2021-03-08 22:30:00,19.82,
2021-03-08 22:45:00,19.77,
2021-03-08 23:00:00,19.75,
2021-03-08 23:15:00,19.68,
2021-03-08 23:30:00,19.7,
2021-03-08 23:45:00,19.66,
2021-03-09 00:00:00,19.6,
2021-03-09 00:15:00,19.59,
2021-03-09 00:30:00,19.56,
2021-03-09 00:45:00,19.49,
2021-03-09 01:00:00,19.4,
2021-03-09 01:15:00,19.45,
2021-03-09 01:30:00,19.39,
2021-03-09 01:45:00,19.36,
2021-03-09 02:00:00,19.33,
2021-03-09 02:15:00,19.31,
2021-03-09 02:30:00,19.32,
2021-03-09 02:45:00,19.24,
2021-03-09 03:00:00,19.23,
2021-03-09 03:15:00,19.2,
2021-03-09 03:30:00,19.17,
2021-03-09 03:45:00,19.15,
2021-03-09 04:00:00,19.18,
2021-03-09 04:15:00,19.18,
2021-03-09 04:30:00,19.22,
2021-03-09 04:45:00,19.2,
2021-03-09 05:00:00,19.22,
2021-03-09 05:15:00,19.21,
2021-03-09 05:30:00,19.26,
2021-03-09 05:45:00,19.28,
2021-03-09 06:00:00,19.24,
2021-03-09 06:15:00,19.22,
2021-03-09 06:30:00,19.2,
2021-03-09 06:45:00,19.22,
2021-03-09 07:00:00,19.2,
2021-03-09 07:15:00,19.14,
2021-03-09 07:30:00,19.17,
2021-03-09 07:45:00,19.13,
2021-03-09 08:00:00,19.17,
2021-03-09 08:15:00,19.11,
2021-03-09 08:30:00,19.08,
2021-03-09 08:45:00,19.04,
2021-03-09 09:00:00,19.0,
2021-03-09 09:15:00,19.02,
2021-03-09 09:30:00,19.05,
2021-03-09 09:45:00,19.05,
2021-03-09 10:00:00,19.01,
2021-03-09 10:15:00,19.0,
2021-03-09 10:30:00,19.08,
2021-03-09 10:45:00,19.06,
2021-03-09 11:00:00,19.0,
2021-03-09 11:15:00,19.05,
2021-03-09 11:30:00,19.03,
2021-03-09 11:45:00,18.95,
2021-03-09 12:00:00,18.99,
2021-03-09 12:15:00,18.96,
2021-03-09 12:30:00,18.98,
2021-03-09 12:45:00,18.93,
2021-03-09 13:00:00,18.95,
2021-03-09 13:15:00,18.91,
2021-03-09 13:30:00,18.91,
2021-03-09 13:45:00,18.88,
2021-03-09 14:00:00,18.9,
2021-03-09 14:15:00,18.85,
2021-03-09 14:30:00,18.85,
2021-03-09 14:45:00,18.84,
2021-03-09 15:00:00,18.82,
2021-03-09 15:15:00,18.82,
2021-03-09 15:30:00,18.82,
2021-03-09 15:45:00,18.83,
2021-03-09 16:00:00,18.85,
2021-03-09 16:15:00,18.85,
2021-03-09 16:30:00,18.82,
2021-03-09 16:45:00,18.84,
2021-03-09 17:00:00,18.85,
2021-03-09 17:15:00,18.86,
2021-03-09 17:30:00,18.85,
2021-03-09 17:45:00,18.82,
2021-03-09 18:00:00,18.8,
2021-03-09 18:15:00,18.81,
2021-03-09 18:30:00,18.83,
2021-03-09 18:45:00,18.82,
2021-03-09 19:00:00,18.78,
2021-03-09 19:15:00,18.77,
2021-03-09 19:30:00,18.73,
2021-03-09 19:45:00,18.76,
2021-03-09 20:00:00,18.72,
2021-03-09 20:15:00,18.71,
2021-03-09 20:30:00,18.71,
2021-03-09 20:45:00,18.65,
2021-03-09 21:00:00,18.64,
2021-03-09 21:15:00,18.64,
2021-03-09 21:30:00,18.64,
2021-03-09 21:45:00,18.62,
2021-03-09 22:00:00,18.6,
2021-03-09 22:15:00,18.6,
2021-03-09 22:30:00,18.64,
2021-03-09 22:45:00,18.62,
2021-03-09 23:00:00,18.62,
2021-03-09 23:15:00,18.6,
2021-03-09 23:30:00,18.65,
2021-03-09 23:45:00,18.57,
2021-03-10 00:00:00,18.57,
2021-03-10 00:15:00,18.56,
2021-03-10 00:30:00,18.55,
2021-03-10 00:45:00,18.55,
2021-03-10 01:00:00,18.52,
2021-03-10 01:15:00,18.54,
2021-03-10 01:30:00,18.54,
2021-03-10 01:45:00,18.54,
2021-03-10 02:00:00,18.54,
2021-03-10 02:15:00,18.44,
2021-03-10 02:30:00,18.46,
2021-03-10 02:45:00,18.46,
2021-03-10 03:00:00,18.51,
2021-03-10 03:15:00,18.51,
2021-03-10 03:30:00,18.49,
2021-03-10 03:45:00,18.5,
2021-03-10 04:00:00,18.45,
2021-03-10 04:15:00,18.45,
2021-03-10 04:30:00,18.46,
2021-03-10 04:45:00,18.44,
2021-03-10 05:00:00,18.43,
2021-03-10 05:15:00,18.38,
2021-03-10 05:30:00,18.29,
2021-03-10 05:45:00,18.29,
2021-03-10 06:00:00,18.34,
2021-03-10 06:15:00,18.41,
2021-03-10 06:30:00,18.43,
2021-03-10 06:45:00,18.34,
2021-03-10 07:00:00,18.41,
2021-03-10 07:15:00,18.34,
2021-03-10 07:30:00,18.36,
2021-03-10 07:45:00,18.39,
2021-03-10 08:00:00,18.44,
2021-03-10 08:15:00,18.45,
2021-03-10 08:30:00,18.42,
2021-03-10 08:45:00,18.44,
2021-03-10 09:00:00,18.41,
2021-03-10 09:15:00,18.49,
2021-03-10 09:30:00,18.43,
2021-03-10 09:45:00,18.48,
2021-03-10 10:00:00,18.49,
2021-03-10 10:15:00,18.46,
2021-03-10 10:30:00,18.49,
2021-03-10 10:45:00,18.42,
2021-03-10 11:00:00,18.5,
2021-03-10 11:15:00,18.4,
2021-03-10 11:30:00,18.47,
2021-03-10 11:45:00,18.48,
2021-03-10 12:00:00,18.43,
2021-03-10 12:15:00,18.49,
2021-03-10 12:30:00,18.53,
2021-03-10 12:45:00,18.53,
2021-03-10 13:00:00,18.5,
2021-03-10 13:15:00,18.55,
2021-03-10 13:30:00,18.53,
2021-03-10 13:45:00,18.59,
2021-03-10 14:00:00,18.62,
2021-03-10 14:15:00,18.62,
2021-03-10 14:30:00,18.58,
2021-03-10 14:45:00,18.63,
2021-03-10 15:00:00,18.63,
2021-03-10 15:15:00,18.6,
2021-03-10 15:30:00,18.56,
2021-03-10 15:45:00,18.61,
2021-03-10 16:00:00,18.6,
2021-03-10 16:15:00,18.62,
2021-03-10 16:30:00,18.6,
2021-03-10 16:45:00,18.7,
2021-03-10 17:00:00,18.63,
2021-03-10 17:15:00,18.63,
2021-03-10 17:30:00,18.54,
2021-03-10 17:45:00,18.52,
2021-03-10 18:00:00,18.55,
2021-03-10 18:15:00,18.56,
2021-03-10 18:30:00,18.52,
2021-03-10 18:45:00,18.51,
2021-03-10 19:00:00,18.49,
2021-03-10 19:15:00,18.47,
2021-03-10 19:30:00,18.47,
2021-03-10 19:45:00,18.51,
2021-03-10 20:00:00,18.49,
2021-03-10 20:15:00,18.43,
2021-03-10 20:30:00,18.47,
2021-03-10 20:45:00,18.46,
2021-03-10 21:00:00,18.44,
2021-03-10 21:15:00,18.39,
2021-03-10 21:30:00,18.39,
2021-03-10 21:45:00,18.38,
2021-03-10 22:00:00,18.38,
2021-03-10 22:15:00,18.4,
2021-03-10 22:30:00,18.38,
2021-03-10 22:45:00,18.41,
2021-03-10 23:00:00,18.37,
2021-03-10 23:15:00,18.28,
2021-03-10 23:30:00,18.28,
2021-03-10 23:45:00,18.28,
2021-03-11 00:00:00,18.31,
2021-03-11 00:15:00,18.24,
2021-03-11 00:30:00,18.24,
2021-03-11 00:45:00,18.22,
2021-03-11 01:00:00,18.27,
2021-03-11 01:15:00,18.26,
2021-03-11 01:30:00,18.28,
2021-03-11 01:45:00,18.29,
2021-03-11 02:00:00,18.27,
2021-03-11 02:15:00,18.23,
2021-03-11 02:30:00,18.25,
2021-03-11 02:45:00,18.25,
2021-03-11 03:00:00,18.26,
2021-03-11 03:15:00,18.23,
2021-03-11 03:30:00,18.24,
2021-03-11 03:45:00,18.21,
2021-03-11 04:00:00,18.21,
2021-03-11 04:15:00,18.21,
2021-03-11 04:30:00,18.17,
2021-03-11 04:45:00,18.16,
2021-03-11 05:00:00,18.16,
2021-03-11 05:15:00,18.16,
2021-03-11 05:30:00,18.17,
2021-03-11 05:45:00,18.2,
2021-03-11 06:00:00,18.2,
2021-03-11 06:15:00,18.22,
2021-03-11 06:30:00,18.16,
2021-03-11 06:45:00,18.17,
2021-03-11 07:00:00,18.19,
2021-03-11 07:15:00,18.19,
2021-03-11 07:30:00,18.2,
2021-03-11 07:45:00,18.17,
2021-03-11 08:00:00,18.18,
2021-03-11 08:15:00,18.21,
2021-03-11 08:30:00,18.22,
2021-03-11 08:45:00,18.25,
2021-03-11 09:00:00,18.27,
2021-03-11 09:15:00,18.26,
2021-03-11 09:30:00,18.26,
2021-03-11 09:45:00,18.28,
2021-03-11 10:00:00,18.28,
2021-03-11 10:15:00,18.32,
2021-03-11 10:30:00,18.35,
2021-03-11 10:45:00,18.31,
2021-03-11 11:00:00,18.31,
2021-03-11 11:15:00,18.33,
2021-03-11 11:30:00,18.31,
2021-03-11 11:45:00,18.36,
2021-03-11 12:00:00,18.33,
2021-03-11 12:15:00,18.36,
2021-03-11 12:30:00,18.39,
2021-03-11 12:45:00,18.34,
2021-03-11 13:00:00,18.34,
2021-03-11 13:15:00,18.38,
2021-03-11 13:30:00,18.32,
2021-03-11 13:45:00,18.38,
2021-03-11 14:00:00,18.4,
2021-03-11 14:15:00,18.38,
2021-03-11 14:30:00,18.48,
2021-03-11 14:45:00,18.43,
2021-03-11 15:00:00,18.39,
2021-03-11 15:15:00,18.41,
2021-03-11 15:30:00,18.42,
2021-03-11 15:45:00,18.47,
2021-03-11 16:00:00,18.46,
2021-03-11 16:15:00,18.47,
2021-03-11 16:30:00,18.44,
2021-03-11 16:45:00,18.46,
2021-03-11 17:00:00,18.5,
2021-03-11 17:15:00,18.53,
2021-03-11 17:30:00,18.43,
2021-03-11 17:45:00,18.47,
2021-03-11 18:00:00,18.48,
2021-03-11 18:15:00,18.43,
2021-03-11 18:30:00,18.47,
2021-03-11 18:45:00,18.46,
2021-03-11 19:00:00,18.47,
2021-03-11 19:15:00,18.41,
2021-03-11 19:30:00,18.42,
2021-03-11 19:45:00,18.38,
2021-03-11 20:00:00,18.36,
2021-03-11 20:15:00,18.35,
2021-03-11 20:30:00,18.37,
2021-03-11 20:45:00,18.33,
2021-03-11 21:00:00,18.31,
2021-03-11 21:15:00,18.35,
2021-03-11 21:30:00,18.31,
2021-03-11 21:45:00,18.35,
2021-03-11 22:00:00,18.28,
2021-03-11 22:15:00,18.28,
2021-03-11 22:30:00,18.24,
2021-03-11 22:45:00,18.27,
2021-03-11 23:00:00,18.21,
2021-03-11 23:15:00,18.19,
2021-03-11 23:30:00,18.16,
2021-03-11 23:45:00,18.17,
2021-03-12 00:00:00,18.2,
2021-03-12 00:15:00,18.19,
2021-03-12 00:30:00,18.15,
2021-03-12 00:45:00,18.15,
2021-03-12 01:00:00,18.14,
2021-03-12 01:15:00,18.1,
2021-03-12 01:30:00,18.05,
2021-03-12 01:45:00,18.07,
2021-03-12 02:00:00,18.1,
2021-03-12 02:15:00,18.02,
2021-03-12 02:30:00,18.06,
2021-03-12 02:45:00,18.06,
2021-03-12 03:00:00,18.07,
2021-03-12 03:15:00,18.01,
2021-03-12 03:30:00,18.03,
2021-03-12 03:45:00,18.04,
2021-03-12 04:00:00,18.06,
2021-03-12 04:15:00,18.05,
2021-03-12 04:30:00,,ICE
2021-03-12 04:45:00,,ICE
2021-03-12 05:00:00,,ICE
2021-03-12 05:15:00,,ICE
2021-03-12 05:30:00,,ICE
2021-03-12 05:45:00,,ICE
2021-03-12 06:00:00,,ICE
2021-03-12 06:15:00,,ICE
2021-03-12 06:30:00,,ICE
2021-03-12 06:45:00,,ICE
2021-03-12 07:00:00,,ICE
2021-03-12 07:15:00,,ICE
2021-03-12 07:30:00,,ICE
2021-03-12 07:45:00,,ICE
2021-03-12 08:00:00,,ICE
2021-03-12 08:15:00,,ICE
2021-03-12 08:30:00,,ICE
2021-03-12 08:45:00,,ICE
2021-03-12 09:00:00,,ICE
2021-03-12 09:15:00,,ICE
2021-03-12 09:30:00,,ICE
2021-03-12 09:45:00,,ICE
2021-03-12 10:00:00,,ICE
2021-03-12 10:15:00,,ICE
2021-03-12 10:30:00,,ICE
2021-03-12 10:45:00,,ICE
2021-03-12 11:00:00,,ICE
2021-03-12 11:15:00,,ICE
2021-03-12 11:30:00,,ICE
2021-03-12 11:45:00,,ICE
2021-03-12 12:00:00,,ICE
2021-03-12 12:15:00,18.58,
2021-03-12 12:30:00,18.61,
2021-03-12 12:45:00,18.66,
2021-03-12 13:00:00,18.63,
2021-03-12 13:15:00,18.62,
2021-03-12 13:30:00,18.53,
2021-03-12 13:45:00,18.59,
2021-03-12 14:00:00,18.5,
2021-03-12 14:15:00,18.48,
2021-03-12 14:30:00,18.5,
2021-03-12 14:45:00,18.41,
2021-03-12 15:00:00,18.41,
2021-03-12 15:15:00,18.36,
2021-03-12 15:30:00,18.41,
2021-03-12 15:45:00,18.42,
2021-03-12 16:00:00,18.43,
2021-03-12 16:15:00,18.39,
2021-03-12 16:30:00,18.4,
2021-03-12 16:45:00,18.42,
2021-03-12 17:00:00,18.41,
2021-03-12 17:15:00,18.38,
2021-03-12 17:30:00,18.39,
2021-03-12 17:45:00,18.35,
2021-03-12 18:00:00,18.39,
2021-03-12 18:15:00,18.38,
2021-03-12 18:30:00,18.35,
2021-03-12 18:45:00,18.41,
2021-03-12 19:00:00,18.36,
2021-03-12 19:15:00,18.35,
2021-03-12 19:30:00,18.35,
2021-03-12 19:45:00,18.32,
2021-03-12 20:00:00,18.32,
2021-03-12 20:15:00,18.28,
2021-03-12 20:30:00,18.3,
2021-03-12 20:45:00,18.27,
2021-03-12 21:00:00,18.26,
2021-03-12 21:15:00,18.25,
2021-03-12 21:30:00,18.26,
2021-03-12 21:45:00,18.21,
2021-03-12 22:00:00,18.24,
2021-03-12 22:15:00,18.23,
2021-03-12 22:30:00,18.13,
2021-03-12 22:45:00,18.2,
2021-03-12 23:00:00,18.22,
2021-03-12 23:15:00,18.2,
2021-03-12 23:30:00,18.22,
2021-03-12 23:45:00,18.19,
2021-03-13 00:00:00,18.18,
2021-03-13 00:15:00,18.16,
2021-03-13 00:30:00,18.15,
2021-03-13 00:45:00,18.1,
2021-03-13 01:00:00,18.13,
2021-03-13 01:15:00,18.07,
2021-03-13 01:30:00,18.13,
2021-03-13 01:45:00,18.11,
2021-03-13 02:00:00,18.09,
2021-03-13 02:15:00,18.09,
2021-03-13 02:30:00,18.02,
2021-03-13 02:45:00,18.04,
2021-03-13 03:00:00,18.03,
2021-03-13 03:15:00,18.06,
2021-03-13 03:30:00,18.05,
2021-03-13 03:45:00,18.05,
2021-03-13 04:00:00,18.05,
2021-03-13 04:15:00,18.01,
2021-03-13 04:30:00,17.96,
2021-03-13 04:45:00,17.97,
2021-03-13 05:00:00,17.97,
2021-03-13 05:15:00,17.95,
2021-03-13 05:30:00,17.96,
2021-03-13 05:45:00,17.95,
2021-03-13 06:00:00,17.96,
2021-03-13 06:15:00,18.01,
2021-03-13 06:30:00,17.97,
2021-03-13 06:45:00,17.94,
2021-03-13 07:00:00,17.93,
2021-03-13 07:15:00,17.99,
2021-03-13 07:30:00,18.01,
2021-03-13 07:45:00,18.02,
2021-03-13 08:00:00,18.08,
2021-03-13 08:15:00,18.06,
2021-03-13 08:30:00,18.02,
2021-03-13 08:45:00,18.08,
2021-03-13 09:00:00,18.1,
2021-03-13 09:15:00,18.08,
2021-03-13 09:30:00,18.12,
2021-03-13 09:45:00,18.11,
2021-03-13 10:00:00,18.16,
2021-03-13 10:15:00,18.17,
2021-03-13 10:30:00,18.14,
2021-03-13 10:45:00,18.17,
2021-03-13 11:00:00,18.19,
2021-03-13 11:15:00,18.18,
2021-03-13 11:30:00,18.19,
2021-03-13 11:45:00,18.21,
2021-03-13 12:00:00,18.22,
2021-03-13 12:15:00,18.2,
2021-03-13 12:30:00,18.22,
2021-03-13 12:45:00,18.24,
2021-03-13 13:00:00,18.25,
2021-03-13 13:15:00,18.24,
2021-03-13 13:30:00,18.23,
2021-03-13 13:45:00,18.28,
2021-03-13 14:00:00,18.24,
2021-03-13 14:15:00,18.3,
2021-03-13 14:30:00,18.28,
2021-03-13 14:45:00,18.28,
2021-03-13 15:00:00,18.28,
2021-03-13 15:15:00,18.31,
2021-03-13 15:30:00,18.39,
2021-03-13 15:45:00,18.33,
2021-03-13 16:00:00,18.38,
2021-03-13 16:15:00,18.37,
2021-03-13 16:30:00,18.38,
2021-03-13 16:45:00,18.42,
2021-03-13 17:00:00,18.39,
2021-03-13 17:15:00,18.43,
2021-03-13 17:30:00,18.41,
2021-03-13 17:45:00,18.39,
2021-03-13 18:00:00,18.38,
2021-03-13 18:15:00,18.41,
2021-03-13 18:30:00,18.43,
2021-03-13 18:45:00,18.45,
2021-03-13 19:00:00,18.4,
2021-03-13 19:15:00,18.39,
2021-03-13 19:30:00,18.35,
2021-03-13 19:45:00,18.39,
2021-03-13 20:00:00,18.34,
2021-03-13 20:15:00,18.37,
2021-03-13 20:30:00,18.34,
2021-03-13 20:45:00,18.34,
2021-03-13 21:00:00,18.33,
2021-03-13 21:15:00,18.3,
2021-03-13 21:30:00,18.33,
2021-03-13 21:45:00,18.28,
2021-03-13 22:00:00,18.3,
2021-03-13 22:15:00,18.26,
2021-03-13 22:30:00,18.28,
2021-03-13 22:45:00,18.21,
2021-03-13 23:00:00,18.27,
2021-03-13 23:15:00,18.23,
2021-03-13 23:30:00,18.22,
2021-03-13 23:45:00,18.19,
2021-03-14 00:00:00,18.21,
2021-03-14 00:15:00,18.19,
2021-03-14 00:30:00,18.23,
2021-03-14 00:45:00,18.18,
2021-03-14 01:00:00,18.18,
2021-03-14 01:15:00,18.21,
2021-03-14 01:30:00,18.21,
2021-03-14 01:45:00,18.22,
2021-03-14 02:00:00,18.23,
2021-03-14 02:15:00,18.19,
2021-03-14 02:30:00,18.21,
2021-03-14 02:45:00,18.17,
2021-03-14 03:00:00,18.18,
2021-03-14 03:15:00,18.16,
2021-03-14 03:30:00,18.14,
2021-03-14 03:45:00,18.16,
2021-03-14 04:00:00,18.15,
2021-03-14 04:15:00,18.18,
2021-03-14 04:30:00,18.12,
2021-03-14 04:45:00,18.13,
2021-03-14 05:00:00,18.18,
2021-03-14 05:15:00,18.16,
2021-03-14 05:30:00,18.19,
2021-03-14 05:45:00,18.15,
2021-03-14 06:00:00,18.16,
2021-03-14 06:15:00,18.13,
2021-03-14 06:30:00,18.16,
2021-03-14 06:45:00,18.14,
2021-03-14 07:00:00,18.15,
2021-03-14 07:15:00,18.19,
2021-03-14 07:30:00,18.16,
2021-03-14 07:45:00,18.13,
2021-03-14 08:00:00,18.15,
2021-03-14 08:15:00,18.11,
2021-03-14 08:30:00,18.12,
2021-03-14 08:45:00,18.1,
2021-03-14 09:00:00,18.15,
2021-03-14 09:15:00,18.16,
2021-03-14 09:30:00,18.15,
2021-03-14 09:45:00,18.19,
2021-03-14 10:00:00,18.2,
2021-03-14 10:15:00,18.19,
2021-03-14 10:30:00,18.22,
2021-03-14 10:45:00,18.25,
2021-03-14 11:00:00,18.27,
2021-03-14 11:15:00,18.3,
2021-03-14 11:30:00,18.36,
2021-03-14 11:45:00,18.33,
2021-03-14 12:00:00,18.39,
2021-03-14 12:15:00,18.41,
2021-03-14 12:30:00,18.5,
2021-03-14 12:45:00,18.51,
2021-03-14 13:00:00,18.52,
2021-03-14 13:15:00,18.54,
2021-03-14 13:30:00,18.6,
2021-03-14 13:45:00,18.62,
2021-03-14 14:00:00,18.64,
2021-03-14 14:15:00,18.68,
2021-03-14 14:30:00,18.76,
2021-03-14 14:45:00,18.82,
2021-03-14 15:00:00,18.89,
2021-03-14 15:15:00,18.93,
2021-03-14 15:30:00,19.02,
2021-03-14 15:45:00,19.03,
2021-03-14 16:00:00,19.09,
2021-03-14 16:15:00,19.15,
2021-03-14 16:30:00,19.28,
2021-03-14 16:45:00,19.3,
2021-03-14 17:00:00,19.34,
2021-03-14 17:15:00,19.4,
2021-03-14 17:30:00,19.39,
2021-03-14 17:45:00,19.47,
2021-03-14 18:00:00,19.54,
2021-03-14 18:15:00,19.61,
2021-03-14 18:30:00,19.59,
2021-03-14 18:45:00,19.63,
2021-03-14 19:00:00,19.63,
2021-03-14 19:15:00,19.65,
2021-03-14 19:30:00,19.62,
2021-03-14 19:45:00,19.62,
2021-03-14 20:00:00,19.64,
2021-03-14 20:15:00,19.6,
2021-03-14 20:30:00,19.62,
2021-03-14 20:45:00,19.58,
2021-03-14 21:00:00,19.58,
2021-03-14 21:15:00,19.49,
2021-03-14 21:30:00,19.48,
2021-03-14 21:45:00,19.42,
2021-03-14 22:00:00,19.41,
2021-03-14 22:15:00,19.36,
2021-03-14 22:30:00,19.28,
2021-03-14 22:45:00,19.27,
2021-03-14 23:00:00,19.25,
2021-03-14 23:15:00,19.25,
2021-03-14 23:30:00,19.19,
2021-03-14 23:45:00,19.1,
2021-03-15 00:00:00,19.1,
2021-03-15 00:15:00,19.02,
2021-03-15 00:30:00,19.02,
2021-03-15 00:45:00,19.0,
2021-03-15 01:00:00,18.97,
2021-03-15 01:15:00,18.92,
2021-03-15 01:30:00,18.96,
2021-03-15 01:45:00,18.9,
2021-03-15 02:00:00,18.76,
2021-03-15 02:15:00,18.78,
2021-03-15 02:30:00,18.74,
2021-03-15 02:45:00,18.73,
2021-03-15 03:00:00,18.73,
2021-03-15 03:15:00,18.71,
2021-03-15 03:30:00,18.66,
2021-03-15 03:45:00,18.72,
2021-03-15 04:00:00,18.66,
2021-03-15 04:15:00,18.68,
2021-03-15 04:30:00,18.66,
2021-03-15 04:45:00,18.61,
2021-03-15 05:00:00,18.6,
2021-03-15 05:15:00,18.56,
2021-03-15 05:30:00,18.62,
2021-03-15 05:45:00,18.62,
2021-03-15 06:00:00,18.61,
2021-03-15 06:15:00,18.55,
2021-03-15 06:30:00,18.53,
2021-03-15 06:45:00,18.51,
2021-03-15 07:00:00,18.58,
2021-03-15 07:15:00,18.58,
2021-03-15 07:30:00,18.55,
2021-03-15 07:45:00,18.57,
2021-03-15 08:00:00,18.56,
2021-03-15 08:15:00,18.57,
2021-03-15 08:30:00,18.54,
2021-03-15 08:45:00,18.59,
2021-03-15 09:00:00,18.54,
2021-03-15 09:15:00,18.57,
2021-03-15 09:30:00,18.58,
2021-03-15 09:45:00,18.5,
2021-03-15 10:00:00,18.58,
2021-03-15 10:15:00,18.61,
2021-03-15 10:30:00,18.63,
2021-03-15 10:45:00,18.65,
2021-03-15 11:00:00,18.67,
2021-03-15 11:15:00,18.65,
2021-03-15 11:30:00,18.71,
2021-03-15 11:45:00,18.7,
2021-03-15 12:00:00,18.73,
2021-03-15 12:15:00,18.78,
2021-03-15 12:30:00,18.81,
2021-03-15 12:45:00,18.81,
2021-03-15 13:00:00,18.87,
2021-03-15 13:15:00,18.93,
2021-03-15 13:30:00,18.95,
2021-03-15 13:45:00,18.98,
2021-03-15 14:00:00,19.02,
2021-03-15 14:15:00,19.1,
2021-03-15 14:30:00,19.16,
2021-03-15 14:45:00,19.26,
2021-03-15 15:00:00,19.26,
2021-03-15 15:15:00,19.27,
2021-03-15 15:30:00,19.34,
2021-03-15 15:45:00,19.37,
2021-03-15 16:00:00,19.48,
2021-03-15 16:15:00,19.51,
2021-03-15 16:30:00,19.56,
2021-03-15 16:45:00,19.61,
2021-03-15 17:00:00,19.66,
2021-03-15 17:15:00,19.74,
2021-03-15 17:30:00,19.74,
2021-03-15 17:45:00,19.79,
2021-03-15 18:00:00,19.86,
2021-03-15 18:15:00,19.9,
2021-03-15 18:30:00,19.97,
2021-03-15 18:45:00,19.99,
2021-03-15 19:00:00,19.97,
2021-03-15 19:15:00,19.97,
2021-03-15 19:30:00,19.94,
2021-03-15 19:45:00,19.96,
2021-03-15 20:00:00,19.92,
2021-03-15 20:15:00,19.95,
2021-03-15 20:30:00,19.87,
2021-03-15 20:45:00,19.92,
2021-03-15 21:00:00,19.91,
2021-03-15 21:15:00,19.84,
2021-03-15 21:30:00,19.81,
2021-03-15 21:45:00,19.75,
2021-03-15 22:00:00,19.69,
2021-03-15 22:15:00,19.66,
2021-03-15 22:30:00,19.62,
2021-03-15 22:45:00,19.58,
2021-03-15 23:00:00,19.57,
2021-03-15 23:15:00,19.53,
2021-03-15 23:30:00,19.51,
2021-03-15 23:45:00,19.5,
2021-03-16 00:00:00,19.47,
2021-03-16 00:15:00,19.42,
2021-03-16 00:30:00,19.46,
2021-03-16 00:45:00,19.43,
2021-03-16 01:00:00,19.37,
2021-03-16 01:15:00,19.37,
2021-03-16 01:30:00,19.36,
2021-03-16 01:45:00,19.32,
2021-03-16 02:00:00,19.32,
2021-03-16 02:15:00,19.25,
2021-03-16 02:30:00,19.23,
2021-03-16 02:45:00,19.16,
2021-03-16 03:00:00,19.16,
2021-03-16 03:15:00,19.12,
2021-03-16 03:30:00,19.11,
2021-03-16 03:45:00,19.1,
2021-03-16 04:00:00,19.13,
2021-03-16 04:15:00,19.05,
2021-03-16 04:30:00,19.07,
2021-03-16 04:45:00,19.03,
2021-03-16 05:00:00,19.03,
2021-03-16 05:15:00,19.03,
2021-03-16 05:30:00,19.01,
2021-03-16 05:45:00,18.99,
2021-03-16 06:00:00,18.98,
2021-03-16 06:15:00,18.94,
2021-03-16 06:30:00,18.96,
2021-03-16 06:45:00,18.93,
2021-03-16 07:00:00,18.88,
2021-03-16 07:15:00,18.88,
2021-03-16 07:30:00,18.86,
2021-03-16 07:45:00,18.83,
2021-03-16 08:00:00,18.87,
2021-03-16 08:15:00,18.88,
2021-03-16 08:30:00,18.79,
2021-03-16 08:45:00,18.79,
2021-03-16 09:00:00,18.85,
2021-03-16 09:15:00,18.79,
2021-03-16 09:30:00,18.82,
2021-03-16 09:45:00,18.8,
2021-03-16 10:00:00,18.81,
2021-03-16 10:15:00,18.82,
2021-03-16 10:30:00,18.79,
2021-03-16 10:45:00,18.87,
2021-03-16 11:00:00,18.9,
2021-03-16 11:15:00,18.91,
2021-03-16 11:30:00,18.97,
2021-03-16 11:45:00,18.87,
2021-03-16 12:00:00,18.95,
2021-03-16 12:15:00,18.93,
2021-03-16 12:30:00,18.99,
2021-03-16 12:45:00,18.9,
2021-03-16 13:00:00,18.96,
2021-03-16 13:15:00,19.02,
2021-03-16 13:30:00,18.97,
2021-03-16 13:45:00,18.98,
2021-03-16 14:00:00,19.01,
2021-03-16 14:15:00,19.04,
2021-03-16 14:30:00,19.03,
2021-03-16 14:45:00,19.04,
2021-03-16 15:00:00,19.09,
2021-03-16 15:15:00,19.15,
2021-03-16 15:30:00,19.2,
2021-03-16 15:45:00,19.2,
2021-03-16 16:00:00,19.24,
2021-03-16 16:15:00,19.3,
2021-03-16 16:30:00,19.37,
2021-03-16 16:45:00,19.35,
2021-03-16 17:00:00,19.37,
2021-03-16 17:15:00,19.33,
2021-03-16 17:30:00,19.44,
2021-03-16 17:45:00,19.45,
2021-03-16 18:00:00,19.42,
2021-03-16 18:15:00,19.41,
2021-03-16 18:30:00,19.38,
2021-03-16 18:45:00,19.38,
2021-03-16 19:00:00,19.41,
2021-03-16 19:15:00,19.42,
2021-03-16 19:30:00,19.41,
2021-03-16 19:45:00,19.39,
2021-03-16 20:00:00,19.38,
2021-03-16 20:15:00,19.33,
2021-03-16 20:30:00,19.29,
2021-03-16 20:45:00,19.3,
2021-03-16 21:00:00,19.24,
2021-03-16 21:15:00,19.28,
2021-03-16 21:30:00,19.22,
2021-03-16 21:45:00,19.15,
2021-03-16 22:00:00,19.13,
2021-03-16 22:15:00,19.11,
2021-03-16 22:30:00,19.14,
2021-03-16 22:45:00,19.09,
2021-03-16 23:00:00,19.05,
2021-03-16 23:15:00,19.06,
2021-03-16 23:30:00,19.01,
2021-03-16 23:45:00,18.99,
2021-03-17 00:00:00,18.92,
2021-03-17 00:15:00,18.93,
2021-03-17 00:30:00,18.89,
2021-03-17 00:45:00,18.85,
2021-03-17 01:00:00,18.84,
2021-03-17 01:15:00,18.82,
2021-03-17 01:30:00,18.81,
2021-03-17 01:45:00,18.78,
2021-03-17 02:00:00,18.75,
2021-03-17 02:15:00,18.8,
2021-03-17 02:30:00,18.7,
2021-03-17 02:45:00,18.7,
2021-03-17 03:00:00,18.68,
2021-03-17 03:15:00,18.68,
2021-03-17 03:30:00,18.65,
2021-03-17 03:45:00,18.59,
2021-03-17 04:00:00,18.6,
2021-03-17 04:15:00,18.62,
2021-03-17 04:30:00,18.62,
2021-03-17 04:45:00,18.54,
2021-03-17 05:00:00,18.56,
2021-03-17 05:15:00,18.57,
2021-03-17 05:30:00,18.56,
2021-03-17 05:45:00,18.53,
2021-03-17 06:00:00,18.53,
2021-03-17 06:15:00,18.51,
2021-03-17 06:30:00,18.52,
2021-03-17 06:45:00,18.44,
2021-03-17 07:00:00,18.49,
2021-03-17 07:15:00,18.5,
2021-03-17 07:30:00,18.49,
2021-03-17 07:45:00,18.46,
2021-03-17 08:00:00,18.41,
2021-03-17 08:15:00,18.45,
2021-03-17 08:30:00,18.44,
2021-03-17 08:45:00,18.46,
2021-03-17 09:00:00,18.45,
2021-03-17 09:15:00,18.51,
2021-03-17 09:30:00,18.48,
2021-03-17 09:45:00,18.53,
2021-03-17 10:00:00,18.49,
2021-03-17 10:15:00,18.49,
2021-03-17 10:30:00,18.52,
2021-03-17 10:45:00,18.53,
2021-03-17 11:00:00,18.56,
2021-03-17 11:15:00,18.61,
2021-03-17 11:30:00,18.64,
2021-03-17 11:45:00,18.64,
2021-03-17 12:00:00,18.66,
2021-03-17 12:15:00,18.75,
2021-03-17 12:30:00,18.74,
2021-03-17 12:45:00,18.82,
2021-03-17 13:00:00,18.83,
2021-03-17 13:15:00,18.93,
2021-03-17 13:30:00,18.99,
2021-03-17 13:45:00,18.97,
2021-03-17 14:00:00,19.09,
2021-03-17 14:15:00,19.05,
2021-03-17 14:30:00,19.16,
2021-03-17 14:45:00,19.13,
2021-03-17 15:00:00,19.18,
2021-03-17 15:15:00,19.21,
2021-03-17 15:30:00,19.23,
2021-03-17 15:45:00,19.29,
2021-03-17 16:00:00,19.3,
2021-03-17 16:15:00,19.38,
2021-03-17 16:30:00,19.42,
2021-03-17 16:45:00,19.47,
2021-03-17 17:00:00,19.51,
2021-03-17 17:15:00,19.57,
2021-03-17 17:30:00,19.57,
2021-03-17 17:45:00,19.62,
2021-03-17 18:00:00,19.59,
2021-03-17 18:15:00,19.62,
2021-03-17 18:30:00,19.64,
2021-03-17 18:45:00,19.69,
2021-03-17 19:00:00,19.65,
2021-03-17 19:15:00,19.66,
2021-03-17 19:30:00,19.66,
2021-03-17 19:45:00,19.65,
2021-03-17 20:00:00,19.57,
2021-03-17 20:15:00,19.58,
2021-03-17 20:30:00,19.55,
2021-03-17 20:45:00,19.49,
2021-03-17 21:00:00,19.53,
2021-03-17 21:15:00,19.47,
2021-03-17 21:30:00,19.47,
2021-03-17 21:45:00,19.46,
2021-03-17 22:00:00,19.43,
2021-03-17 22:15:00,19.39,
2021-03-17 22:30:00,19.35,
2021-03-17 22:45:00,19.34,
2021-03-17 23:00:00,19.41,
2021-03-17 23:15:00,19.36,
2021-03-17 23:30:00,19.34,
2021-03-17 23:45:00,19.29,
2021-03-18 00:00:00,19.28,
2021-03-18 00:15:00,19.26,
2021-03-18 00:30:00,19.3,
2021-03-18 00:45:00,19.22,
2021-03-18 01:00:00,19.25,
2021-03-18 01:15:00,19.19,
2021-03-18 01:30:00,19.19,
2021-03-18 01:45:00,19.13,
2021-03-18 02:00:00,19.13,
2021-03-18 02:15:00,19.18,
2021-03-18 02:30:00,19.16,
2021-03-18 02:45:00,19.13,
2021-03-18 03:00:00,19.03,
2021-03-18 03:15:00,19.09,
2021-03-18 03:30:00,19.06,
2021-03-18 03:45:00,19.09,
2021-03-18 04:00:00,18.97,
2021-03-18 04:15:00,18.99,
2021-03-18 04:30:00,18.98,
2021-03-18 04:45:00,19.02,
2021-03-18 05:00:00,18.97,
2021-03-18 05:15:00,18.99,
2021-03-18 05:30:00,18.95,
2021-03-18 05:45:00,18.95,
2021-03-18 06:00:00,18.92,
2021-03-18 06:15:00,18.9,
2021-03-18 06:30:00,18.93,
2021-03-18 06:45:00,18.84,
2021-03-18 07:00:00,18.85,
2021-03-18 07:15:00,18.86,
2021-03-18 07:30:00,18.79,
2021-03-18 07:45:00,18.86,
2021-03-18 08:00:00,18.8,
2021-03-18 08:15:00,18.83,
2021-03-18 08:30:00,18.83,
2021-03-18 08:45:00,18.77,
2021-03-18 09:00:00,18.79,
2021-03-18 09:15:00,18.73,
2021-03-18 09:30:00,18.83,
2021-03-18 09:45:00,18.82,
2021-03-18 10:00:00,18.76,
2021-03-18 10:15:00,18.84,
2021-03-18 10:30:00,18.85,
2021-03-18 10:45:00,18.81,
2021-03-18 11:00:00,18.87,
2021-03-18 11:15:00,18.91,
2021-03-18 11:30:00,18.95,
2021-03-18 11:45:00,18.96,
2021-03-18 12:00:00,18.97,
2021-03-18 12:15:00,19.02,
2021-03-18 12:30:00,19.05,
2021-03-18 12:45:00,19.16,
2021-03-18 13:00:00,19.11,
2021-03-18 13:15:00,19.25,
2021-03-18 13:30:00,19.29,
2021-03-18 13:45:00,19.37,
2021-03-18 14:00:00,19.41,
2021-03-18 14:15:00,19.47,
2021-03-18 14:30:00,19.47,
2021-03-18 14:45:00,19.53,
2021-03-18 15:00:00,19.6,
2021-03-18 15:15:00,19.61,
2021-03-18 15:30:00,19.68,
2021-03-18 15:45:00,19.75,
2021-03-18 16:00:00,19.85,
2021-03-18 16:15:00,19.92,
2021-03-18 16:30:00,20.09,
2021-03-18 16:45:00,20.18,
2021-03-18 17:00:00,20.28,
2021-03-18 17:15:00,20.34,
2021-03-18 17:30:00,20.49,
2021-03-18 17:45:00,20.52,
2021-03-18 18:00:00,20.54,
2021-03-18 18:15:00,20.59,
2021-03-18 18:30:00,20.66,
2021-03-18 18:45:00,20.68,
2021-03-18 19:00:00,20.69,
2021-03-18 19:15:00,20.72,
2021-03-18 19:30:00,20.71,
2021-03-18 19:45:00,20.7,
2021-03-18 20:00:00,20.69,
2021-03-18 20:15:00,20.66,
2021-03-18 20:30:00,20.63,
2021-03-18 20:45:00,20.62,
2021-03-18 21:00:00,20.56,
2021-03-18 21:15:00,20.49,
2021-03-18 21:30:00,20.46,
2021-03-18 21:45:00,20.46,
2021-03-18 22:00:00,20.44,
2021-03-18 22:15:00,20.3,
2021-03-18 22:30:00,20.29,
2021-03-18 22:45:00,20.26,
2021-03-18 23:00:00,20.18,
2021-03-18 23:15:00,20.15,
2021-03-18 23:30:00,20.13,
2021-03-18 23:45:00,20.07,
2021-03-19 00:00:00,20.03,
2021-03-19 00:15:00,20.03,
2021-03-19 00:30:00,19.96,
2021-03-19 00:45:00,19.98,
2021-03-19 01:00:00,19.92,
2021-03-19 01:15:00,19.86,
2021-03-19 01:30:00,19.89,
2021-03-19 01:45:00,19.87,
2021-03-19 02:00:00,19.81,
2021-03-19 02:15:00,19.77,
2021-03-19 02:30:00,19.73,
2021-03-19 02:45:00,19.67,
2021-03-19 03:00:00,19.63,
2021-03-19 03:15:00,19.54,
2021-03-19 03:30:00,19.58,
2021-03-19 03:45:00,19.52,
2021-03-19 04:00:00,19.5,
2021-03-19 04:15:00,19.51,
2021-03-19 04:30:00,19.41,
2021-03-19 04:45:00,19.43,
2021-03-19 05:00:00,19.42,
2021-03-19 05:15:00,19.38,
2021-03-19 05:30:00,19.4,
2021-03-19 05:45:00,19.33,
2021-03-19 06:00:00,19.34,
2021-03-19 06:15:00,19.32,
2021-03-19 06:30:00,19.29,
2021-03-19 06:45:00,19.31,
2021-03-19 07:00:00,19.25,
2021-03-19 07:15:00,19.22,
2021-03-19 07:30:00,19.2,
2021-03-19 07:45:00,19.25,
2021-03-19 08:00:00,19.19,
2021-03-19 08:15:00,19.21,
2021-03-19 08:30:00,19.19,
2021-03-19 08:45:00,19.17,
2021-03-19 09:00:00,19.18,
2021-03-19 09:15:00,19.23,
2021-03-19 09:30:00,19.07,
2021-03-19 09:45:00,19.97,
2021-03-19 10:00:00,20.01,
2021-03-19 10:15:00,19.98,
2021-03-19 10:30:00,20.01,
2021-03-19 10:45:00,20.04,
2021-03-19 11:00:00,20.04,
2021-03-19 11:15:00,20.04,
2021-03-19 11:30:00,20.07,
2021-03-19 11:45:00,20.04,
2021-03-19 12:00:00,20.05,
2021-03-19 12:15:00,20.16,
2021-03-19 12:30:00,20.13,
2021-03-19 12:45:00,20.22,
2021-03-19 13:00:00,20.25,
2021-03-19 13:15:00,20.27,
2021-03-19 13:30:00,20.37,
2021-03-19 13:45:00,20.45,
2021-03-19 14:00:00,20.47,
2021-03-19 14:15:00,20.59,
2021-03-19 14:30:00,20.6,
2021-03-19 14:45:00,20.73,
2021-03-19 15:00:00,20.73,
2021-03-19 15:15:00,20.92,
2021-03-19 15:30:00,21.03,
2021-03-19 15:45:00,21.13,
2021-03-19 16:00:00,21.26,
2021-03-19 16:15:00,21.42,
2021-03-19 16:30:00,21.47,
2021-03-19 16:45:00,21.63,
2021-03-19 17:00:00,21.73,
2021-03-19 17:15:00,21.85,
2021-03-19 17:30:00,21.92,
2021-03-19 17:45:00,22.01,
2021-03-19 18:00:00,22.08,
2021-03-19 18:15:00,22.15,
2021-03-19 18:30:00,22.21,
2021-03-19 18:45:00,22.19,
2021-03-19 19:00:00,22.19,
2021-03-19 19:15:00,22.23,
2021-03-19 19:30:00,22.18,
2021-03-19 19:45:00,22.19,
2021-03-19 20:00:00,22.19,
2021-03-19 20:15:00,22.19,
2021-03-19 20:30:00,22.18,
2021-03-19 20:45:00,22.19,
2021-03-19 21:00:00,22.15,
2021-03-19 21:15:00,22.19,
2021-03-19 21:30:00,22.12,
2021-03-19 21:45:00,22.11,
2021-03-19 22:00:00,22.04,
2021-03-19 22:15:00,21.99,
2021-03-19 22:30:00,21.99,
2021-03-19 22:45:00,21.9,
2021-03-19 23:00:00,21.87,
2021-03-19 23:15:00,21.84,
2021-03-19 23:30:00,21.78,
2021-03-19 23:45:00,21.7,
2021-03-20 00:00:00,21.71,
2021-03-20 00:15:00,21.63,
2021-03-20 00:30:00,21.56,
2021-03-20 00:45:00,21.53,
2021-03-20 01:00:00,21.48,
2021-03-20 01:15:00,21.43,
2021-03-20 01:30:00,21.47,
2021-03-20 01:45:00,21.34,
2021-03-20 02:00:00,21.26,
2021-03-20 02:15:00,21.2,
2021-03-20 02:30:00,21.11,
2021-03-20 02:45:00,21.15,
2021-03-20 03:00:00,21.13,
2021-03-20 03:15:00,21.08,
2021-03-20 03:30:00,21.07,
2021-03-20 03:45:00,20.99,
2021-03-20 04:00:00,20.96,
2021-03-20 04:15:00,20.97,
2021-03-20 04:30:00,20.9,
2021-03-20 04:45:00,20.88,
2021-03-20 05:00:00,20.87,
2021-03-20 05:15:00,20.86,
2021-03-20 05:30:00,20.79,
2021-03-20 05:45:00,20.78,
2021-03-20 06:00:00,20.78,
2021-03-20 06:15:00,20.76,
2021-03-20 06:30:00,20.71,
2021-03-20 06:45:00,20.72,
2021-03-20 07:00:00,20.72,
2021-03-20 07:15:00,20.69,
2021-03-20 07:30:00,20.75,
2021-03-20 07:45:00,20.77,
2021-03-20 08:00:00,20.75,
2021-03-20 08:15:00,20.75,
2021-03-20 08:30:00,20.86,
2021-03-20 08:45:00,20.94,
2021-03-20 09:00:00,21.04,
2021-03-20 09:15:00,21.11,
2021-03-20 09:30:00,21.2,
2021-03-20 09:45:00,21.14,
2021-03-20 10:00:00,21.13,
2021-03-20 10:15:00,21.2,
2021-03-20 10:30:00,21.21,
2021-03-20 10:45:00,21.23,
2021-03-20 11:00:00,21.2,
2021-03-20 11:15:00,21.19,
2021-03-20 11:30:00,21.21,
2021-03-20 11:45:00,21.19,
2021-03-20 12:00:00,21.23,
2021-03-20 12:15:00,21.19,
2021-03-20 12:30:00,21.23,
2021-03-20 12:45:00,21.29,
2021-03-20 13:00:00,21.28,
2021-03-20 13:15:00,21.33,
2021-03-20 13:30:00,21.35,
2021-03-20 13:45:00,21.36,
2021-03-20 14:00:00,21.35,
2021-03-20 14:15:00,21.28,
2021-03-20 14:30:00,21.26,
2021-03-20 14:45:00,21.23,
2021-03-20 15:00:00,21.26,
2021-03-20 15:15:00,21.17,
2021-03-20 15:30:00,21.16,
2021-03-20 15:45:00,21.16,
2021-03-20 16:00:00,21.16,
2021-03-20 16:15:00,21.14,
2021-03-20 16:30:00,21.06,
2021-03-20 16:45:00,21.04,
2021-03-20 17:00:00,21.01,
2021-03-20 17:15:00,20.96,
2021-03-20 17:30:00,20.96,
2021-03-20 17:45:00,20.96,
2021-03-20 18:00:00,20.94,
2021-03-20 18:15:00,20.82,
2021-03-20 18:30:00,20.78,
2021-03-20 18:45:00,20.79,
2021-03-20 19:00:00,20.74,
2021-03-20 19:15:00,20.75,
2021-03-20 19:30:00,20.67,
2021-03-20 19:45:00,20.62,
2021-03-20 20:00:00,20.65,
2021-03-20 20:15:00,20.62,
2021-03-20 20:30:00,20.55,
2021-03-20 20:45:00,20.54,
2021-03-20 21:00:00,20.51,
2021-03-20 21:15:00,20.5,
2021-03-20 21:30:00,20.47,
2021-03-20 21:45:00,20.45,
2021-03-20 22:00:00,20.44,
2021-03-20 22:15:00,20.45,
2021-03-20 22:30:00,20.5,
2021-03-20 22:45:00,20.39,
2021-03-20 23:00:00,20.38,
2021-03-20 23:15:00,20.36,
2021-03-20 23:30:00,20.33,
2021-03-20 23:45:00,20.32,
2021-03-21 00:00:00,20.34,
2021-03-21 00:15:00,20.34,
2021-03-21 00:30:00,20.34,
2021-03-21 00:45:00,20.27,
2021-03-21 01:00:00,20.28,
2021-03-21 01:15:00,20.3,
2021-03-21 01:30:00,20.34,
2021-03-21 01:45:00,20.35,
2021-03-21 02:00:00,20.31,
2021-03-21 02:15:00,20.31,
2021-03-21 02:30:00,20.27,
2021-03-21 02:45:00,20.26,
2021-03-21 03:00:00,20.29,
2021-03-21 03:15:00,20.27,
2021-03-21 03:30:00,20.21,
2021-03-21 03:45:00,20.21,
2021-03-21 04:00:00,20.17,
2021-03-21 04:15:00,20.18,
2021-03-21 04:30:00,20.16,
2021-03-21 04:45:00,20.13,
2021-03-21 05:00:00,20.09,
2021-03-21 05:15:00,20.04,
2021-03-21 05:30:00,19.97,
2021-03-21 05:45:00,20.01,
2021-03-21 06:00:00,20.04,
2021-03-21 06:15:00,20.04,
2021-03-21 06:30:00,19.97,
2021-03-21 06:45:00,19.99,
2021-03-21 07:00:00,19.93,
2021-03-21 07:15:00,19.9,
2021-03-21 07:30:00,19.94,
2021-03-21 07:45:00,19.9,
2021-03-21 08:00:00,19.86,
2021-03-21 08:15:00,19.85,
2021-03-21 08:30:00,19.87,
2021-03-21 08:45:00,19.8,
2021-03-21 09:00:00,19.86,
2021-03-21 09:15:00,19.81,
2021-03-21 09:30:00,19.8,
2021-03-21 09:45:00,19.88,
2021-03-21 10:00:00,19.85,
2021-03-21 10:15:00,19.88,
2021-03-21 10:30:00,19.88,
2021-03-21 10:45:00,19.91,
2021-03-21 11:00:00,19.89,
2021-03-21 11:15:00,19.85,
2021-03-21 11:30:00,19.86,
2021-03-21 11:45:00,19.93,
2021-03-21 12:00:00,19.95,
2021-03-21 12:15:00,19.96,
2021-03-21 12:30:00,20.03,
2021-03-21 12:45:00,19.96,
2021-03-21 13:00:00,20.02,
2021-03-21 13:15:00,20.02,
2021-03-21 13:30:00,20.02,
2021-03-21 13:45:00,20.01,
2021-03-21 14:00:00,20.03,
2021-03-21 14:15:00,19.98,
2021-03-21 14:30:00,19.97,
2021-03-21 14:45:00,19.97,
2021-03-21 15:00:00,19.92,
2021-03-21 15:15:00,19.93,
2021-03-21 15:30:00,19.92,
2021-03-21 15:45:00,19.9,
2021-03-21 16:00:00,19.92,
2021-03-21 16:15:00,19.89,
2021-03-21 16:30:00,19.94,
2021-03-21 16:45:00,19.94,
2021-03-21 17:00:00,19.98,
2021-03-21 17:15:00,19.91,
2021-03-21 17:30:00,19.97,
2021-03-21 17:45:00,19.95,
2021-03-21 18:00:00,19.92,
2021-03-21 18:15:00,19.93,
2021-03-21 18:30:00,19.92,
2021-03-21 18:45:00,19.92,
2021-03-21 19:00:00,19.92,
2021-03-21 19:15:00,19.93,
2021-03-21 19:30:00,19.85,
2021-03-21 19:45:00,19.87,
2021-03-21 20:00:00,19.82,
2021-03-21 20:15:00,19.83,
2021-03-21 20:30:00,19.78,
2021-03-21 20:45:00,19.76,
2021-03-21 21:00:00,19.71,
2021-03-21 21:15:00,19.74,
2021-03-21 21:30:00,19.68,
2021-03-21 21:45:00,19.68,
2021-03-21 22:00:00,19.71,
2021-03-21 22:15:00,19.64,
2021-03-21 22:30:00,19.63,
2021-03-21 22:45:00,19.63,
2021-03-21 23:00:00,19.65,
2021-03-21 23:15:00,19.64,
2021-03-21 23:30:00,19.65,
2021-03-21 23:45:00,19.59,
2021-03-22 00:00:00,19.55,
2021-03-22 00:15:00,19.62,
2021-03-22 00:30:00,19.53,
2021-03-22 00:45:00,19.54,
2021-03-22 01:00:00,19.53,
2021-03-22 01:15:00,19.46,
2021-03-22 01:30:00,19.54,
2021-03-22 01:45:00,19.43,
2021-03-22 02:00:00,19.39,
2021-03-22 02:15:00,19.4,
2021-03-22 02:30:00,19.44,
2021-03-22 02:45:00,19.45,
2021-03-22 03:00:00,19.4,
2021-03-22 03:15:00,19.35,
2021-03-22 03:30:00,19.37,
2021-03-22 03:45:00,19.34,
2021-03-22 04:00:00,19.37,
2021-03-22 04:15:00,19.33,
2021-03-22 04:30:00,,ICE
2021-03-22 04:45:00,,ICE
2021-03-22 05:00:00,,ICE
2021-03-22 05:15:00,,ICE
2021-03-22 05:30:00,,ICE
2021-03-22 05:45:00,,ICE
2021-03-22 06:00:00,,ICE
2021-03-22 06:15:00,,ICE
2021-03-22 06:30:00,,ICE
2021-03-22 06:45:00,,ICE
2021-03-22 07:00:00,,ICE
2021-03-22 07:15:00,,ICE
2021-03-22 07:30:00,,ICE
2021-03-22 07:45:00,,ICE
2021-03-22 08:00:00,,ICE
2021-03-22 08:15:00,,ICE
2021-03-22 08:30:00,,ICE
2021-03-22 08:45:00,,ICE
2021-03-22 09:00:00,,ICE
2021-03-22 09:15:00,,ICE
2021-03-22 09:30:00,,ICE
2021-03-22 09:45:00,,ICE
2021-03-22 10:00:00,,ICE
2021-03-22 10:15:00,,ICE
2021-03-22 10:30:00,,ICE
2021-03-22 10:45:00,,ICE
2021-03-22 11:00:00,,ICE
2021-03-22 11:15:00,,ICE
2021-03-22 11:30:00,,ICE
2021-03-22 11:45:00,,ICE
2021-03-22 12:00:00,,ICE
2021-03-22 12:15:00,,ICE
2021-03-22 12:30:00,,ICE
2021-03-22 12:45:00,,ICE
2021-03-22 13:00:00,,ICE
2021-03-22 13:15:00,,ICE
2021-03-22 13:30:00,,ICE
2021-03-22 13:45:00,,ICE
2021-03-22 14:00:00,,ICE
2021-03-22 14:15:00,,ICE
2021-03-22 14:30:00,,ICE
2021-03-22 14:45:00,,ICE
2021-03-22 15:00:00,,ICE
2021-03-22 15:15:00,,ICE
2021-03-22 15:30:00,,ICE
2021-03-22 15:45:00,,ICE
2021-03-22 16:00:00,,ICE
2021-03-22 16:15:00,,ICE
2021-03-22 16:30:00,19.88,
2021-03-22 16:45:00,19.91,
2021-03-22 17:00:00,19.88,
2021-03-22 17:15:00,19.91,
2021-03-22 17:30:00,19.93,
2021-03-22 17:45:00,19.91,
2021-03-22 18:00:00,19.99,
2021-03-22 18:15:00,19.99,
2021-03-22 18:30:00,19.96,
2021-03-22 18:45:00,19.97,
2021-03-22 19:00:00,19.9,
2021-03-22 19:15:00,19.86,
2021-03-22 19:30:00,19.87,
2021-03-22 19:45:00,19.82,
2021-03-22 20:00:00,19.84,
2021-03-22 20:15:00,19.77,
2021-03-22 20:30:00,19.81,
2021-03-22 20:45:00,19.78,
2021-03-22 21:00:00,19.76,
2021-03-22 21:15:00,19.79,
2021-03-22 21:30:00,19.78,
2021-03-22 21:45:00,19.77,
2021-03-22 22:00:00,19.71,
2021-03-22 22:15:00,19.69,
2021-03-22 22:30:00,19.6,
2021-03-22 22:45:00,19.61,
2021-03-22 23:00:00,19.6,
2021-03-22 23:15:00,19.59,
2021-03-22 23:30:00,19.6,
2021-03-22 23:45:00,19.55,
2021-03-23 00:00:00,19.56,
2021-03-23 00:15:00,19.53,
2021-03-23 00:30:00,19.48,
2021-03-23 00:45:00,19.46,
2021-03-23 01:00:00,19.48,
2021-03-23 01:15:00,19.46,
2021-03-23 01:30:00,19.41,
2021-03-23 01:45:00,19.41,
2021-03-23 02:00:00,19.41,
2021-03-23 02:15:00,19.46,
2021-03-23 02:30:00,19.42,
2021-03-23 02:45:00,19.38,
2021-03-23 03:00:00,19.43,
2021-03-23 03:15:00,19.29,
2021-03-23 03:30:00,19.34,
2021-03-23 03:45:00,19.34,
2021-03-23 04:00:00,19.36,
2021-03-23 04:15:00,19.34,
2021-03-23 04:30:00,19.29,
2021-03-23 04:45:00,19.3,
2021-03-23 05:00:00,19.28,
2021-03-23 05:15:00,19.26,
2021-03-23 05:30:00,19.27,
2021-03-23 05:45:00,19.24,
2021-03-23 06:00:00,19.29,
2021-03-23 06:15:00,19.34,
2021-03-23 06:30:00,19.29,
2021-03-23 06:45:00,19.26,
2021-03-23 07:00:00,19.28,
2021-03-23 07:15:00,19.31,
2021-03-23 07:30:00,19.29,
2021-03-23 07:45:00,19.26,
2021-03-23 08:00:00,19.33,
2021-03-23 08:15:00,19.31,
2021-03-23 08:30:00,19.3,
2021-03-23 08:45:00,19.3,
2021-03-23 09:00:00,19.32,
2021-03-23 09:15:00,19.29,
2021-03-23 09:30:00,19.27,
2021-03-23 09:45:00,19.29,
2021-03-23 10:00:00,19.29,
2021-03-23 10:15:00,19.24,
2021-03-23 10:30:00,19.3,
2021-03-23 10:45:00,19.3,
2021-03-23 11:00:00,19.34,
2021-03-23 11:15:00,19.42,
2021-03-23 11:30:00,19.41,
2021-03-23 11:45:00,19.47,
2021-03-23 12:00:00,19.46,
2021-03-23 12:15:00,19.55,
2021-03-23 12:30:00,19.55,
2021-03-23 12:45:00,19.56,
2021-03-23 13:00:00,19.58,
2021-03-23 13:15:00,19.63,
2021-03-23 13:30:00,19.61,
2021-03-23 13:45:00,19.67,
2021-03-23 14:00:00,19.7,
2021-03-23 14:15:00,19.75,
2021-03-23 14:30:00,19.76,
2021-03-23 14:45:00,19.83,
2021-03-23 15:00:00,19.73,
2021-03-23 15:15:00,19.81,
2021-03-23 15:30:00,19.9,
2021-03-23 15:45:00,19.9,
2021-03-23 16:00:00,19.86,
2021-03-23 16:15:00,19.89,
2021-03-23 16:30:00,19.95,
2021-03-23 16:45:00,19.95,
2021-03-23 17:00:00,19.97,
2021-03-23 17:15:00,19.92,
2021-03-23 17:30:00,19.92,
2021-03-23 17:45:00,19.86,
2021-03-23 18:00:00,19.82,
2021-03-23 18:15:00,19.87,
2021-03-23 18:30:00,19.83,
2021-03-23 18:45:00,19.79,
2021-03-23 19:00:00,19.81,
2021-03-23 19:15:00,19.75,
2021-03-23 19:30:00,19.78,
2021-03-23 19:45:00,19.72,
2021-03-23 20:00:00,19.73,
2021-03-23 20:15:00,19.6,
2021-03-23 20:30:00,19.57,
2021-03-23 20:45:00,19.57,
2021-03-23 21:00:00,19.5,
2021-03-23 21:15:00,19.41,
2021-03-23 21:30:00,19.4,
2021-03-23 21:45:00,19.46,
2021-03-23 22:00:00,19.42,
2021-03-23 22:15:00,19.38,
2021-03-23 22:30:00,19.39,
2021-03-23 22:45:00,19.32,
2021-03-23 23:00:00,19.39,
2021-03-23 23:15:00,19.32,
2021-03-23 23:30:00,19.32,
2021-03-23 23:45:00,19.32,
2021-03-24 00:00:00,19.32,
2021-03-24 00:15:00,19.29,
2021-03-24 00:30:00,19.27,
2021-03-24 00:45:00,19.28,
2021-03-24 01:00:00,19.26,
2021-03-24 01:15:00,19.27,
2021-03-24 01:30:00,19.24,
2021-03-24 01:45:00,19.24,
2021-03-24 02:00:00,19.27,
2021-03-24 02:15:00,19.23,
2021-03-24 02:30:00,19.23,
2021-03-24 02:45:00,19.25,
2021-03-24 03:00:00,19.23,
2021-03-24 03:15:00,19.2,
2021-03-24 03:30:00,19.17,
2021-03-24 03:45:00,19.15,
2021-03-24 04:00:00,19.19,
2021-03-24 04:15:00,19.14,
2021-03-24 04:30:00,19.12,
2021-03-24 04:45:00,19.08,
2021-03-24 05:00:00,19.09,
2021-03-24 05:15:00,19.07,
2021-03-24 05:30:00,19.09,
2021-03-24 05:45:00,19.05,
2021-03-24 06:00:00,19.09,
2021-03-24 06:15:00,19.05,
2021-03-24 06:30:00,19.09,
2021-03-24 06:45:00,19.11,
2021-03-24 07:00:00,19.04,
2021-03-24 07:15:00,19.08,
2021-03-24 07:30:00,19.07,
2021-03-24 07:45:00,19.04,
2021-03-24 08:00:00,19.05,
2021-03-24 08:15:00,19.03,
2021-03-24 08:30:00,19.07,
2021-03-24 08:45:00,19.02,
2021-03-24 09:00:00,19.06,
2021-03-24 09:15:00,19.07,
2021-03-24 09:30:00,19.03,
2021-03-24 09:45:00,19.08,
2021-03-24 10:00:00,19.1,
2021-03-24 10:15:00,19.09,
2021-03-24 10:30:00,19.15,
2021-03-24 10:45:00,19.14,
2021-03-24 11:00:00,19.13,
2021-03-24 11:15:00,19.19,
2021-03-24 11:30:00,19.2,
2021-03-24 11:45:00,19.2,
2021-03-24 12:00:00,19.16,
2021-03-24 12:15:00,19.22,
2021-03-24 12:30:00,19.24,
2021-03-24 12:45:00,19.27,
2021-03-24 13:00:00,19.23,
2021-03-24 13:15:00,19.34,
2021-03-24 13:30:00,19.35,
2021-03-24 13:45:00,19.34,
2021-03-24 14:00:00,19.43,
2021-03-24 14:15:00,19.45,
2021-03-24 14:30:00,19.47,
2021-03-24 14:45:00,19.46,
2021-03-24 15:00:00,19.46,
2021-03-24 15:15:00,19.5,
2021-03-24 15:30:00,19.49,
2021-03-24 15:45:00,19.5,
2021-03-24 16:00:00,19.52,
2021-03-24 16:15:00,19.51,
2021-03-24 16:30:00,19.56,
2021-03-24 16:45:00,19.53,
2021-03-24 17:00:00,19.55,
2021-03-24 17:15:00,19.57,
2021-03-24 17:30:00,19.52,
2021-03-24 17:45:00,19.5,
2021-03-24 18:00:00,19.54,
2021-03-24 18:15:00,19.51,
2021-03-24 18:30:00,19.56,
2021-03-24 18:45:00,19.55,
2021-03-24 19:00:00,19.47,
2021-03-24 19:15:00,19.47,
2021-03-24 19:30:00,19.46,
2021-03-24 19:45:00,19.46,
2021-03-24 20:00:00,19.45,
2021-03-24 20:15:00,19.43,
2021-03-24 20:30:00,19.37,
2021-03-24 20:45:00,19.4,
2021-03-24 21:00:00,19.34,
2021-03-24 21:15:00,19.32,
2021-03-24 21:30:00,19.34,
2021-03-24 21:45:00,19.3,
2021-03-24 22:00:00,19.29,
2021-03-24 22:15:00,19.3,
2021-03-24 22:30:00,19.29,
2021-03-24 22:45:00,19.29,
2021-03-24 23:00:00,19.26,
2021-03-24 23:15:00,19.25,
2021-03-24 23:30:00,19.2,
2021-03-24 23:45:00,19.19,
2021-03-25 00:00:00,19.2,
2021-03-25 00:15:00,19.19,
2021-03-25 00:30:00,19.18,
2021-03-25 00:45:00,19.15,
2021-03-25 01:00:00,19.13,
2021-03-25 01:15:00,19.13,
2021-03-25 01:30:00,19.08,
2021-03-25 01:45:00,19.15,
2021-03-25 02:00:00,19.14,
2021-03-25 02:15:00,19.16,
2021-03-25 02:30:00,19.13,
2021-03-25 02:45:00,19.12,
2021-03-25 03:00:00,19.08,
2021-03-25 03:15:00,19.15,
2021-03-25 03:30:00,19.08,
2021-03-25 03:45:00,19.06,
2021-03-25 04:00:00,18.97,
2021-03-25 04:15:00,18.98,
2021-03-25 04:30:00,19.01,
2021-03-25 04:45:00,18.97,
2021-03-25 05:00:00,18.96,
2021-03-25 05:15:00,19.04,
2021-03-25 05:30:00,19.01,
2021-03-25 05:45:00,19.04,
2021-03-25 06:00:00,18.97,
2021-03-25 06:15:00,19.05,
2021-03-25 06:30:00,19.02,
2021-03-25 06:45:00,18.99,
2021-03-25 07:00:00,19.04,
2021-03-25 07:15:00,19.08,
2021-03-25 07:30:00,19.04,
2021-03-25 07:45:00,19.05,
2021-03-25 08:00:00,19.08,
2021-03-25 08:15:00,19.08,
2021-03-25 08:30:00,19.07,
2021-03-25 08:45:00,19.1,
2021-03-25 09:00:00,19.14,
2021-03-25 09:15:00,19.11,
2021-03-25 09:30:00,19.12,
2021-03-25 09:45:00,19.15,
2021-03-25 10:00:00,19.12,
2021-03-25 10:15:00,19.2,
2021-03-25 10:30:00,19.14,
2021-03-25 10:45:00,19.17,
2021-03-25 11:00:00,19.1,
2021-03-25 11:15:00,19.14,
2021-03-25 11:30:00,19.09,
2021-03-25 11:45:00,19.16,
2021-03-25 12:00:00,19.1,
2021-03-25 12:15:00,19.17,
2021-03-25 12:30:00,19.22,
2021-03-25 12:45:00,19.2,
2021-03-25 13:00:00,19.19,
2021-03-25 13:15:00,19.25,
2021-03-25 13:30:00,19.2,
2021-03-25 13:45:00,19.26,
2021-03-25 14:00:00,19.22,
2021-03-25 14:15:00,19.26,
2021-03-25 14:30:00,19.25,
2021-03-25 14:45:00,19.27,
2021-03-25 15:00:00,19.32,
2021-03-25 15:15:00,19.3,
2021-03-25 15:30:00,19.36,
2021-03-25 15:45:00,19.34,
2021-03-25 16:00:00,19.35,
2021-03-25 16:15:00,19.35,
2021-03-25 16:30:00,19.37,
2021-03-25 16:45:00,19.38,
2021-03-25 17:00:00,19.38,
2021-03-25 17:15:00,19.35,
2021-03-25 17:30:00,19.34,
2021-03-25 17:45:00,19.33,
2021-03-25 18:00:00,19.44,
2021-03-25 18:15:00,19.42,
2021-03-25 18:30:00,19.41,
2021-03-25 18:45:00,19.46,
2021-03-25 19:00:00,19.59,
2021-03-25 19:15:00,19.63,
2021-03-25 19:30:00,19.64,
2021-03-25 19:45:00,19.7,
2021-03-25 20:00:00,19.67,
2021-03-25 20:15:00,19.63,
2021-03-25 20:30:00,19.58,
2021-03-25 20:45:00,19.58,
2021-03-25 21:00:00,19.58,
2021-03-25 21:15:00,19.5,
2021-03-25 21:30:00,19.52,
2021-03-25 21:45:00,19.52,
2021-03-25 22:00:00,19.55,
2021-03-25 22:15:00,19.5,
2021-03-25 22:30:00,19.51,
2021-03-25 22:45:00,19.5,
2021-03-25 23:00:00,19.46,
2021-03-25 23:15:00,19.49,
2021-03-25 23:30:00,19.48,
2021-03-25 23:45:00,19.47,
2021-03-26 00:00:00,19.47,
2021-03-26 00:15:00,19.49,
2021-03-26 00:30:00,19.49,
2021-03-26 00:45:00,19.43,
2021-03-26 01:00:00,19.5,
2021-03-26 01:15:00,19.47,
2021-03-26 01:30:00,19.45,
2021-03-26 01:45:00,19.5,
2021-03-26 02:00:00,19.45,
2021-03-26 02:15:00,19.46,
2021-03-26 02:30:00,19.44,
2021-03-26 02:45:00,19.41,
2021-03-26 03:00:00,19.37,
2021-03-26 03:15:00,19.3,
2021-03-26 03:30:00,19.31,
2021-03-26 03:45:00,19.31,
2021-03-26 04:00:00,19.26,
2021-03-26 04:15:00,19.25,
2021-03-26 04:30:00,19.17,
2021-03-26 04:45:00,19.15,
2021-03-26 05:00:00,19.13,
2021-03-26 05:15:00,19.09,
2021-03-26 05:30:00,19.08,
2021-03-26 05:45:00,19.06,
2021-03-26 06:00:00,19.05,
2021-03-26 06:15:00,19.07,
2021-03-26 06:30:00,19.06,
2021-03-26 06:45:00,19.03,
2021-03-26 07:00:00,19.11,
2021-03-26 07:15:00,19.06,
2021-03-26 07:30:00,19.04,
2021-03-26 07:45:00,19.01,
2021-03-26 08:00:00,19.04,
2021-03-26 08:15:00,19.0,
2021-03-26 08:30:00,19.04,
2021-03-26 08:45:00,19.04,
2021-03-26 09:00:00,19.06,
2021-03-26 09:15:00,19.05,
2021-03-26 09:30:00,19.03,
2021-03-26 09:45:00,19.03,
2021-03-26 10:00:00,19.09,
2021-03-26 10:15:00,19.1,
2021-03-26 10:30:00,19.1,
2021-03-26 10:45:00,19.16,
2021-03-26 11:00:00,19.13,
2021-03-26 11:15:00,19.15,
2021-03-26 11:30:00,19.15,
2021-03-26 11:45:00,19.19,
2021-03-26 12:00:00,19.2,
2021-03-26 12:15:00,19.19,
2021-03-26 12:30:00,19.24,
2021-03-26 12:45:00,19.27,
2021-03-26 13:00:00,19.27,
2021-03-26 13:15:00,19.22,
2021-03-26 13:30:00,19.26,
2021-03-26 13:45:00,19.24,
2021-03-26 14:00:00,19.29,
2021-03-26 14:15:00,19.29,
2021-03-26 14:30:00,19.31,
2021-03-26 14:45:00,19.26,
2021-03-26 15:00:00,19.28,
2021-03-26 15:15:00,19.27,
2021-03-26 15:30:00,19.3,
2021-03-26 15:45:00,19.29,
2021-03-26 16:00:00,19.32,
2021-03-26 16:15:00,19.34,
2021-03-26 16:30:00,19.37,
2021-03-26 16:45:00,19.33,
2021-03-26 17:00:00,19.34,
2021-03-26 17:15:00,19.36,
2021-03-26 17:30:00,19.4,
2021-03-26 17:45:00,19.39,
2021-03-26 18:00:00,19.37,
2021-03-26 18:15:00,19.32,
2021-03-26 18:30:00,19.36,
2021-03-26 18:45:00,19.33,
2021-03-26 19:00:00,19.31,
2021-03-26 19:15:00,19.3,
2021-03-26 19:30:00,19.3,
2021-03-26 19:45:00,19.32,
2021-03-26 20:00:00,19.2,
2021-03-26 20:15:00,19.29,
2021-03-26 20:30:00,19.24,
2021-03-26 20:45:00,19.25,
2021-03-26 21:00:00,19.16,
2021-03-26 21:15:00,19.21,
2021-03-26 21:30:00,19.15,
2021-03-26 21:45:00,19.14,
2021-03-26 22:00:00,19.13,
2021-03-26 22:15:00,19.14,
2021-03-26 22:30:00,19.13,
2021-03-26 22:45:00,19.07,
2021-03-26 23:00:00,19.08,
2021-03-26 23:15:00,19.04,
2021-03-26 23:30:00,19.04,
2021-03-26 23:45:00,19.01,
2021-03-27 00:00:00,18.98,
2021-03-27 00:15:00,18.97,
2021-03-27 00:30:00,18.98,
2021-03-27 00:45:00,18.9,
2021-03-27 01:00:00,18.91,
2021-03-27 01:15:00,18.87,
2021-03-27 01:30:00,18.92,
2021-03-27 01:45:00,18.89,
2021-03-27 02:00:00,18.9,
2021-03-27 02:15:00,18.82,
2021-03-27 02:30:00,18.82,
2021-03-27 02:45:00,18.85,
2021-03-27 03:00:00,18.79,
2021-03-27 03:15:00,18.78,
2021-03-27 03:30:00,18.76,
2021-03-27 03:45:00,18.72,
2021-03-27 04:00:00,18.72,
2021-03-27 04:15:00,18.7,
2021-03-27 04:30:00,18.67,
2021-03-27 04:45:00,18.73,
2021-03-27 05:00:00,18.66,
2021-03-27 05:15:00,18.68,
2021-03-27 05:30:00,18.68,
2021-03-27 05:45:00,18.64,
2021-03-27 06:00:00,18.63,
2021-03-27 06:15:00,18.64,
2021-03-27 06:30:00,18.65,
2021-03-27 06:45:00,18.72,
2021-03-27 07:00:00,18.67,
2021-03-27 07:15:00,18.65,
2021-03-27 07:30:00,18.71,
2021-03-27 07:45:00,18.72,
2021-03-27 08:00:00,18.71,
2021-03-27 08:15:00,18.66,
2021-03-27 08:30:00,18.75,
2021-03-27 08:45:00,18.74,
2021-03-27 09:00:00,18.76,
2021-03-27 09:15:00,18.73,
2021-03-27 09:30:00,18.77,
2021-03-27 09:45:00,18.77,
2021-03-27 10:00:00,18.77,
2021-03-27 10:15:00,18.81,
2021-03-27 10:30:00,18.8,
2021-03-27 10:45:00,18.82,
2021-03-27 11:00:00,18.87,
2021-03-27 11:15:00,18.93,
2021-03-27 11:30:00,18.93,
2021-03-27 11:45:00,18.95,
2021-03-27 12:00:00,18.94,
2021-03-27 12:15:00,19.03,
2021-03-27 12:30:00,19.03,
2021-03-27 12:45:00,19.09,
2021-03-27 13:00:00,19.07,
2021-03-27 13:15:00,19.05,
2021-03-27 13:30:00,19.08,
2021-03-27 13:45:00,19.17,
2021-03-27 14:00:00,19.21,
2021-03-27 14:15:00,19.25,
2021-03-27 14:30:00,19.28,
2021-03-27 14:45:00,19.31,
2021-03-27 15:00:00,19.37,
2021-03-27 15:15:00,19.43,
2021-03-27 15:30:00,19.43,
2021-03-27 15:45:00,19.52,
2021-03-27 16:00:00,19.53,
2021-03-27 16:15:00,19.61,
2021-03-27 16:30:00,19.64,
2021-03-27 16:45:00,19.66,
2021-03-27 17:00:00,19.68,
2021-03-27 17:15:00,19.73,
2021-03-27 17:30:00,19.83,
2021-03-27 17:45:00,19.81,
2021-03-27 18:00:00,19.84,
2021-03-27 18:15:00,19.85,
2021-03-27 18:30:00,19.79,
2021-03-27 18:45:00,19.79,
2021-03-27 19:00:00,19.77,
2021-03-27 19:15:00,19.73,
2021-03-27 19:30:00,19.7,
2021-03-27 19:45:00,19.66,
2021-03-27 20:00:00,19.66,
2021-03-27 20:15:00,19.66,
2021-03-27 20:30:00,19.64,
2021-03-27 20:45:00,19.66,
2021-03-27 21:00:00,19.59,
2021-03-27 21:15:00,19.56,
2021-03-27 21:30:00,19.54,
2021-03-27 21:45:00,19.5,
2021-03-27 22:00:00,19.5,
2021-03-27 22:15:00,19.49,
2021-03-27 22:30:00,19.49,
2021-03-27 22:45:00,19.46,
2021-03-27 23:00:00,19.42,
2021-03-27 23:15:00,19.41,
2021-03-27 23:30:00,19.36,
2021-03-27 23:45:00,19.32,
2021-03-28 00:00:00,19.33,
2021-03-28 00:15:00,19.28,
2021-03-28 00:30:00,19.26,
2021-03-28 00:45:00,19.23,
2021-03-28 01:00:00,19.16,
2021-03-28 01:15:00,19.11,
2021-03-28 01:30:00,19.14,
2021-03-28 01:45:00,19.08,
2021-03-28 02:00:00,19.01,
2021-03-28 02:15:00,19.05,
2021-03-28 02:30:00,19.01,
2021-03-28 02:45:00,18.97,
2021-03-28 03:00:00,18.93,
2021-03-28 03:15:00,18.92,
2021-03-28 03:30:00,19.04,
2021-03-28 03:45:00,19.0,
2021-03-28 04:00:00,18.93,
2021-03-28 04:15:00,18.91,
2021-03-28 04:30:00,18.88,
2021-03-28 04:45:00,18.95,
2021-03-28 05:00:00,18.98,
2021-03-28 05:15:00,18.93,
2021-03-28 05:30:00,18.91,
2021-03-28 05:45:00,18.94,
2021-03-28 06:00:00,18.93,
2021-03-28 06:15:00,18.94,
2021-03-28 06:30:00,18.95,
2021-03-28 06:45:00,18.91,
2021-03-28 07:00:00,18.95,
2021-03-28 07:15:00,18.94,
2021-03-28 07:30:00,18.85,
2021-03-28 07:45:00,18.87,
2021-03-28 08:00:00,18.9,
2021-03-28 08:15:00,18.91,
2021-03-28 08:30:00,18.93,
2021-03-28 08:45:00,18.93,
2021-03-28 09:00:00,18.87,
2021-03-28 09:15:00,19.0,
2021-03-28 09:30:00,19.06,
2021-03-28 09:45:00,19.02,
2021-03-28 10:00:00,19.06,
2021-03-28 10:15:00,19.04,
2021-03-28 10:30:00,19.12,
2021-03-28 10:45:00,19.05,
2021-03-28 11:00:00,19.15,
2021-03-28 11:15:00,19.26,
2021-03-28 11:30:00,19.25,
2021-03-28 11:45:00,19.24,
2021-03-28 12:00:00,19.29,
2021-03-28 12:15:00,19.26,
2021-03-28 12:30:00,19.33,
2021-03-28 12:45:00,19.33,
2021-03-28 13:00:00,19.39,
2021-03-28 13:15:00,19.5,
2021-03-28 13:30:00,19.55,
2021-03-28 13:45:00,19.7,
2021-03-28 14:00:00,19.71,
2021-03-28 14:15:00,19.74,
2021-03-28 14:30:00,19.97,
2021-03-28 14:45:00,19.96,
2021-03-28 15:00:00,20.07,
2021-03-28 15:15:00,20.24,
2021-03-28 15:30:00,20.4,
2021-03-28 15:45:00,20.45,
2021-03-28 16:00:00,20.54,
2021-03-28 16:15:00,20.62,
2021-03-28 16:30:00,20.72,
2021-03-28 16:45:00,20.81,
2021-03-28 17:00:00,20.98,
2021-03-28 17:15:00,21.07,
2021-03-28 17:30:00,21.24,
2021-03-28 17:45:00,21.25,
2021-03-28 18:00:00,21.24,
2021-03-28 18:15:00,21.29,
2021-03-28 18:30:00,21.27,
2021-03-28 18:45:00,21.41,
2021-03-28 19:00:00,21.41,
2021-03-28 19:15:00,21.41,
2021-03-28 19:30:00,21.44,
2021-03-28 19:45:00,21.4,
2021-03-28 20:00:00,21.39,
2021-03-28 20:15:00,21.38,
2021-03-28 20:30:00,21.3,
2021-03-28 20:45:00,21.31,
2021-03-28 21:00:00,21.34,
2021-03-28 21:15:00,21.2,
2021-03-28 21:30:00,21.14,
2021-03-28 21:45:00,21.08,
2021-03-28 22:00:00,21.09,
2021-03-28 22:15:00,21.05,
2021-03-28 22:30:00,20.94,
2021-03-28 22:45:00,20.89,
2021-03-28 23:00:00,20.88,
2021-03-28 23:15:00,20.82,
2021-03-28 23:30:00,20.84,
2021-03-28 23:45:00,20.94,
2021-03-29 00:00:00,20.81,
2021-03-29 00:15:00,20.75,
2021-03-29 00:30:00,20.67,
2021-03-29 00:45:00,20.64,
2021-03-29 01:00:00,20.62,
2021-03-29 01:15:00,20.64,
2021-03-29 01:30:00,20.64,
2021-03-29 01:45:00,20.54,
2021-03-29 02:00:00,20.48,
2021-03-29 02:15:00,20.34,
2021-03-29 02:30:00,20.41,
2021-03-29 02:45:00,20.36,
2021-03-29 03:00:00,20.25,
2021-03-29 03:15:00,20.34,
2021-03-29 03:30:00,20.27,
2021-03-29 03:45:00,20.27,
2021-03-29 04:00:00,20.23,
2021-03-29 04:15:00,20.24,
2021-03-29 04:30:00,20.16,
2021-03-29 04:45:00,20.13,
2021-03-29 05:00:00,20.09,
2021-03-29 05:15:00,20.08,
2021-03-29 05:30:00,20.05,
2021-03-29 05:45:00,20.04,
2021-03-29 06:00:00,19.99,
2021-03-29 06:15:00,20.01,
2021-03-29 06:30:00,19.92,
2021-03-29 06:45:00,19.97,
2021-03-29 07:00:00,19.95,
2021-03-29 07:15:00,19.91,
2021-03-29 07:30:00,19.94,
2021-03-29 07:45:00,19.93,
2021-03-29 08:00:00,19.88,
2021-03-29 08:15:00,19.88,
2021-03-29 08:30:00,19.87,
2021-03-29 08:45:00,19.88,
2021-03-29 09:00:00,19.79,
2021-03-29 09:15:00,19.79,
2021-03-29 09:30:00,19.77,
2021-03-29 09:45:00,19.75,
2021-03-29 10:00:00,19.71,
2021-03-29 10:15:00,19.76,
2021-03-29 10:30:00,19.79,
2021-03-29 10:45:00,19.75,
2021-03-29 11:00:00,19.75,
2021-03-29 11:15:00,19.78,
2021-03-29 11:30:00,19.74,
2021-03-29 11:45:00,19.75,
2021-03-29 12:00:00,19.67,
2021-03-29 12:15:00,19.76,
2021-03-29 12:30:00,19.81,
2021-03-29 12:45:00,19.71,
2021-03-29 13:00:00,19.77,
2021-03-29 13:15:00,19.77,
2021-03-29 13:30:00,19.78,
2021-03-29 13:45:00,19.72,
2021-03-29 14:00:00,19.78,
2021-03-29 14:15:00,19.78,
2021-03-29 14:30:00,19.8,
2021-03-29 14:45:00,19.7,
2021-03-29 15:00:00,19.77,
2021-03-29 15:15:00,19.79,
2021-03-29 15:30:00,19.78,
2021-03-29 15:45:00,19.76,
2021-03-29 16:00:00,19.79,
2021-03-29 16:15:00,19.76,
2021-03-29 16:30:00,19.78,
2021-03-29 16:45:00,19.85,
2021-03-29 17:00:00,19.75,
2021-03-29 17:15:00,19.8,
2021-03-29 17:30:00,19.83,
2021-03-29 17:45:00,19.73,
2021-03-29 18:00:00,19.73,
2021-03-29 18:15:00,19.68,
2021-03-29 18:30:00,19.68,
2021-03-29 18:45:00,19.65,
2021-03-29 19:00:00,19.66,
2021-03-29 19:15:00,19.69,
2021-03-29 19:30:00,19.58,
2021-03-29 19:45:00,19.6,
2021-03-29 20:00:00,19.56,
2021-03-29 20:15:00,19.58,
2021-03-29 20:30:00,19.54,
2021-03-29 20:45:00,19.43,
2021-03-29 21:00:00,19.49,
2021-03-29 21:15:00,19.5,
2021-03-29 21:30:00,19.46,
2021-03-29 21:45:00,19.46,
2021-03-29 22:00:00,19.51,
2021-03-29 22:15:00,19.49,
2021-03-29 22:30:00,19.51,
2021-03-29 22:45:00,19.51,
2021-03-29 23:00:00,19.51,
2021-03-29 23:15:00,19.47,
2021-03-29 23:30:00,19.44,
2021-03-29 23:45:00,19.43,
2021-03-30 00:00:00,19.42,
2021-03-30 00:15:00,19.42,
2021-03-30 00:30:00,19.38,
2021-03-30 00:45:00,19.4,
2021-03-30 01:00:00,19.37,
2021-03-30 01:15:00,19.36,
2021-03-30 01:30:00,19.32,
2021-03-30 01:45:00,19.28,
2021-03-30 02:00:00,19.3,
2021-03-30 02:15:00,19.29,
2021-03-30 02:30:00,19.27,
2021-03-30 02:45:00,19.27,
2021-03-30 03:00:00,19.24,
2021-03-30 03:15:00,19.21,
2021-03-30 03:30:00,19.21,
2021-03-30 03:45:00,19.24,
2021-03-30 04:00:00,19.17,
2021-03-30 04:15:00,19.16,
2021-03-30 04:30:00,19.12,
2021-03-30 04:45:00,,ICE
2021-03-30 05:00:00,,ICE
2021-03-30 05:15:00,,ICE
2021-03-30 05:30:00,,ICE
2021-03-30 05:45:00,,ICE
2021-03-30 06:00:00,,ICE
2021-03-30 06:15:00,,ICE
2021-03-30 06:30:00,,ICE
2021-03-30 06:45:00,,ICE
2021-03-30 07:00:00,,ICE
2021-03-30 07:15:00,,ICE
2021-03-30 07:30:00,,ICE
2021-03-30 07:45:00,,ICE
2021-03-30 08:00:00,,ICE
2021-03-30 08:15:00,,ICE
2021-03-30 08:30:00,,ICE
2021-03-30 08:45:00,,ICE
2021-03-30 09:00:00,,ICE
2021-03-30 09:15:00,,ICE
2021-03-30 09:30:00,,ICE
2021-03-30 09:45:00,,ICE
2021-03-30 10:00:00,,ICE
2021-03-30 10:15:00,,ICE
2021-03-30 10:30:00,,ICE
2021-03-30 10:45:00,,ICE
2021-03-30 11:00:00,,ICE
2021-03-30 11:15:00,,ICE
2021-03-30 11:30:00,,ICE
2021-03-30 11:45:00,,ICE
2021-03-30 12:00:00,,ICE
2021-03-30 12:15:00,,ICE
2021-03-30 12:30:00,,ICE
2021-03-30 12:45:00,,ICE
2021-03-30 13:00:00,,ICE
2021-03-30 13:15:00,,ICE
2021-03-30 13:30:00,,ICE
2021-03-30 13:45:00,,ICE
2021-03-30 14:00:00,,ICE
2021-03-30 14:15:00,,ICE
2021-03-30 14:30:00,,ICE
2021-03-30 14:45:00,,ICE
2021-03-30 15:00:00,,ICE
2021-03-30 15:15:00,,ICE
2021-03-30 15:30:00,,ICE
2021-03-30 15:45:00,,ICE
2021-03-30 16:00:00,,ICE
2021-03-30 16:15:00,,ICE
2021-03-30 16:30:00,19.71,
2021-03-30 16:45:00,19.63,
2021-03-30 17:00:00,19.67,
2021-03-30 17:15:00,19.61,
2021-03-30 17:30:00,19.58,
2021-03-30 17:45:00,19.56,
2021-03-30 18:00:00,19.49,
2021-03-30 18:15:00,19.54,
2021-03-30 18:30:00,19.47,
2021-03-30 18:45:00,19.39,
2021-03-30 19:00:00,19.42,
2021-03-30 19:15:00,19.38,
2021-03-30 19:30:00,19.35,
2021-03-30 19:45:00,19.38,
2021-03-30 20:00:00,19.36,
2021-03-30 20:15:00,19.32,
2021-03-30 20:30:00,19.3,
2021-03-30 20:45:00,19.25,
2021-03-30 21:00:00,19.27,
2021-03-30 21:15:00,19.21,
2021-03-30 21:30:00,19.17,
2021-03-30 21:45:00,19.16,
2021-03-30 22:00:00,19.18,
2021-03-30 22:15:00,19.15,
2021-03-30 22:30:00,19.17,
2021-03-30 22:45:00,19.17,
2021-03-30 23:00:00,19.15,
2021-03-30 23:15:00,19.11,
2021-03-30 23:30:00,19.1,
2021-03-30 23:45:00,19.01,
2021-03-31 00:00:00,19.03,
2021-03-31 00:15:00,19.04,
2021-03-31 00:30:00,19.09,
2021-03-31 00:45:00,19.05,
2021-03-31 01:00:00,19.06,
2021-03-31 01:15:00,19.06,
2021-03-31 01:30:00,19.05,
2021-03-31 01:45:00,19.06,
2021-03-31 02:00:00,19.07,
2021-03-31 02:15:00,19.09,
2021-03-31 02:30:00,19.03,
2021-03-31 02:45:00,19.01,
2021-03-31 03:00:00,18.98,
2021-03-31 03:15:00,18.96,
2021-03-31 03:30:00,18.89,
2021-03-31 03:45:00,18.91,
2021-03-31 04:00:00,18.89,
2021-03-31 04:15:00,18.91,
2021-03-31 04:30:00,18.91,
2021-03-31 04:45:00,18.92,
2021-03-31 05:00:00,18.87,
2021-03-31 05:15:00,,ICE
2021-03-31 05:30:00,,ICE
2021-03-31 05:45:00,,ICE
2021-03-31 06:00:00,,ICE
2021-03-31 06:15:00,,ICE
2021-03-31 06:30:00,,ICE
2021-03-31 06:45:00,,ICE
2021-03-31 07:00:00,,ICE
2021-03-31 07:15:00,,ICE
2021-03-31 07:30:00,,ICE
2021-03-31 07:45:00,,ICE
2021-03-31 08:00:00,,ICE
2021-03-31 08:15:00,,ICE
2021-03-31 08:30:00,,ICE
2021-03-31 08:45:00,,ICE
2021-03-31 09:00:00,,ICE
2021-03-31 09:15:00,,ICE
2021-03-31 09:30:00,,ICE
2021-03-31 09:45:00,,ICE
2021-03-31 10:00:00,,ICE
2021-03-31 10:15:00,,ICE
2021-03-31 10:30:00,,ICE
2021-03-31 10:45:00,,ICE
2021-03-31 11:00:00,,ICE
2021-03-31 11:15:00,,ICE
2021-03-31 11:30:00,,ICE
2021-03-31 11:45:00,,ICE
2021-03-31 12:00:00,,ICE
2021-03-31 12:15:00,,ICE
2021-03-31 12:30:00,,ICE
2021-03-31 12:45:00,,ICE
2021-03-31 13:00:00,,ICE
2021-03-31 13:15:00,,ICE
2021-03-31 13:30:00,,ICE
2021-03-31 13:45:00,,ICE
2021-03-31 14:00:00,,ICE
2021-03-31 14:15:00,,ICE
2021-03-31 14:30:00,,ICE
2021-03-31 14:45:00,,ICE
2021-03-31 15:00:00,,ICE
2021-03-31 15:15:00,,ICE
2021-03-31 15:30:00,,ICE
2021-03-31 15:45:00,,ICE
2021-03-31 16:00:00,,ICE
2021-03-31 16:15:00,,ICE
2021-03-31 16:30:00,,ICE
2021-03-31 16:45:00,,ICE
2021-03-31 17:00:00,,ICE
2021-03-31 17:15:00,,ICE
2021-03-31 17:30:00,19.8,
2021-03-31 17:45:00,19.82,
2021-03-31 18:00:00,19.82,
2021-03-31 18:15:00,19.79,
2021-03-31 18:30:00,19.88,
2021-03-31 18:45:00,19.81,
2021-03-31 19:00:00,19.9,
2021-03-31 19:15:00,19.92,
2021-03-31 19:30:00,19.96,
2021-03-31 19:45:00,20.0,
2021-03-31 20:00:00,19.94,
2021-03-31 20:15:00,19.91,
2021-03-31 20:30:00,19.87,
2021-03-31 20:45:00,19.84,
2021-03-31 21:00:00,19.83,
2021-03-31 21:15:00,19.88,
2021-03-31 21:30:00,19.86,
2021-03-31 21:45:00,19.83,
2021-03-31 22:00:00,19.84,
2021-03-31 22:15:00,19.77,
2021-03-31 22:30:00,19.75,
2021-03-31 22:45:00,19.71,
2021-03-31 23:00:00,19.7,
2021-03-31 23:15:00,19.65,
2021-03-31 23:30:00,19.55,
2021-03-31 23:45:00,19.46,
2021-04-01 00:00:00,19.47,
2021-04-01 00:15:00,19.4,
2021-04-01 00:30:00,19.39,
2021-04-01 00:45:00,19.33,
2021-04-01 01:00:00,19.37,
2021-04-01 01:15:00,19.38,
2021-04-01 01:30:00,19.38,
2021-04-01 01:45:00,19.42,
2021-04-01 02:00:00,19.38,
2021-04-01 02:15:00,19.37,
2021-04-01 02:30:00,19.27,
2021-04-01 02:45:00,19.29,
2021-04-01 03:00:00,19.29,
2021-04-01 03:15:00,19.28,
2021-04-01 03:30:00,19.25,
2021-04-01 03:45:00,19.3,
2021-04-01 04:00:00,19.3,
2021-04-01 04:15:00,19.28,
2021-04-01 04:30:00,19.26,
2021-04-01 04:45:00,19.23,
2021-04-01 05:00:00,19.21,
2021-04-01 05:15:00,19.19,
2021-04-01 05:30:00,19.16,
2021-04-01 05:45:00,19.18,
2021-04-01 06:00:00,19.1,
2021-04-01 06:15:00,19.06,
2021-04-01 06:30:00,19.11,
2021-04-01 06:45:00,19.11,
2021-04-01 07:00:00,19.1,
2021-04-01 07:15:00,19.09,
2021-04-01 07:30:00,19.05,
2021-04-01 07:45:00,19.06,
2021-04-01 08:00:00,19.05,
2021-04-01 08:15:00,19.05,
2021-04-01 08:30:00,19.06,
2021-04-01 08:45:00,19.09,
2021-04-01 09:00:00,19.12,
2021-04-01 09:15:00,19.12,
2021-04-01 09:30:00,19.19,
2021-04-01 09:45:00,19.22,
2021-04-01 10:00:00,19.19,
2021-04-01 10:15:00,19.24,
2021-04-01 10:30:00,19.22,
2021-04-01 10:45:00,19.27,
2021-04-01 11:00:00,19.27,
2021-04-01 11:15:00,19.35,
2021-04-01 11:30:00,19.42,
2021-04-01 11:45:00,19.42,
2021-04-01 12:00:00,19.5,
2021-04-01 12:15:00,19.57,
2021-04-01 12:30:00,19.67,
2021-04-01 12:45:00,19.67,
2021-04-01 13:00:00,19.75,
2021-04-01 13:15:00,19.8,
2021-04-01 13:30:00,19.88,
2021-04-01 13:45:00,19.95,
2021-04-01 14:00:00,19.96,
2021-04-01 14:15:00,20.07,
2021-04-01 14:30:00,20.15,
2021-04-01 14:45:00,20.21,
2021-04-01 15:00:00,20.35,
2021-04-01 15:15:00,20.42,
2021-04-01 15:30:00,20.54,
2021-04-01 15:45:00,20.72,
2021-04-01 16:00:00,20.78,
2021-04-01 16:15:00,20.88,
2021-04-01 16:30:00,20.98,
2021-04-01 16:45:00,21.12,
2021-04-01 17:00:00,21.28,
2021-04-01 17:15:00,21.39,
2021-04-01 17:30:00,21.61,
2021-04-01 17:45:00,21.62,
2021-04-01 18:00:00,21.68,
2021-04-01 18:15:00,21.7,
2021-04-01 18:30:00,21.79,
2021-04-01 18:45:00,21.78,
2021-04-01 19:00:00,21.9,
2021-04-01 19:15:00,21.83,
2021-04-01 19:30:00,21.8,
2021-04-01 19:45:00,21.82,
2021-04-01 20:00:00,21.8,
2021-04-01 20:15:00,21.77,
2021-04-01 20:30:00,21.69,
2021-04-01 20:45:00,21.62,
2021-04-01 21:00:00,21.63,
2021-04-01 21:15:00,21.55,
2021-04-01 21:30:00,21.47,
2021-04-01 21:45:00,21.45,
2021-04-01 22:00:00,21.37,
2021-04-01 22:15:00,21.35,
2021-04-01 22:30:00,21.37,
2021-04-01 22:45:00,21.33,
2021-04-01 23:00:00,21.3,
2021-04-01 23:15:00,21.26,
2021-04-01 23:30:00,21.13,
2021-04-01 23:45:00,21.09,
2021-04-02 00:00:00,21.06,
2021-04-02 00:15:00,20.99,
2021-04-02 00:30:00,20.9,
2021-04-02 00:45:00,20.85,
2021-04-02 01:00:00,20.8,
2021-04-02 01:15:00,20.79,
2021-04-02 01:30:00,20.77,
2021-04-02 01:45:00,20.71,
2021-04-02 02:00:00,20.71,
2021-04-02 02:15:00,20.65,
2021-04-02 02:30:00,20.65,
2021-04-02 02:45:00,20.58,
2021-04-02 03:00:00,20.58,
2021-04-02 03:15:00,20.57,
2021-04-02 03:30:00,20.49,
2021-04-02 03:45:00,20.49,
2021-04-02 04:00:00,20.43,
2021-04-02 04:15:00,20.44,
2021-04-02 04:30:00,20.35,
2021-04-02 04:45:00,20.37,
2021-04-02 05:00:00,20.32,
2021-04-02 05:15:00,20.31,
2021-04-02 05:30:00,20.23,
2021-04-02 05:45:00,20.21,
2021-04-02 06:00:00,20.19,
2021-04-02 06:15:00,20.12,
2021-04-02 06:30:00,20.12,
2021-04-02 06:45:00,20.11,
2021-04-02 07:00:00,20.11,
2021-04-02 07:15:00,20.12,
2021-04-02 07:30:00,20.05,
2021-04-02 07:45:00,20.11,
2021-04-02 08:00:00,20.09,
2021-04-02 08:15:00,20.11,
2021-04-02 08:30:00,20.01,
2021-04-02 08:45:00,20.07,
2021-04-02 09:00:00,20.1,
2021-04-02 09:15:00,20.09,
2021-04-02 09:30:00,20.09,
2021-04-02 09:45:00,20.18,
2021-04-02 10:00:00,20.15,
2021-04-02 10:15:00,20.26,
2021-04-02 10:30:00,20.17,
2021-04-02 10:45:00,20.25,
2021-04-02 11:00:00,20.31,
2021-04-02 11:15:00,20.32,
2021-04-02 11:30:00,20.35,
2021-04-02 11:45:00,20.41,
2021-04-02 12:00:00,20.43,
2021-04-02 12:15:00,20.54,
2021-04-02 12:30:00,20.55,
2021-04-02 12:45:00,20.63,
2021-04-02 13:00:00,20.69,
2021-04-02 13:15:00,20.79,
2021-04-02 13:30:00,20.86,
2021-04-02 13:45:00,20.97,
2021-04-02 14:00:00,21.1,
2021-04-02 14:15:00,21.32,
2021-04-02 14:30:00,21.47,
2021-04-02 14:45:00,21.64,
2021-04-02 15:00:00,21.78,
2021-04-02 15:15:00,22.06,
2021-04-02 15:30:00,22.13,
2021-04-02 15:45:00,22.35,
2021-04-02 16:00:00,22.54,
2021-04-02 16:15:00,22.78,
2021-04-02 16:30:00,22.93,
2021-04-02 16:45:00,23.09,
2021-04-02 17:00:00,23.29,
2021-04-02 17:15:00,23.44,
2021-04-02 17:30:00,23.69,
2021-04-02 17:45:00,23.85,
2021-04-02 18:00:00,23.81,
2021-04-02 18:15:00,23.96,
2021-04-02 18:30:00,23.96,
2021-04-02 18:45:00,23.98,
2021-04-02 19:00:00,23.92,
2021-04-02 19:15:00,23.98,
2021-04-02 19:30:00,24.04,
2021-04-02 19:45:00,23.92,
2021-04-02 20:00:00,23.87,
2021-04-02 20:15:00,23.85,
2021-04-02 20:30:00,23.71,
2021-04-02 20:45:00,23.66,
2021-04-02 21:00:00,23.57,
2021-04-02 21:15:00,23.55,
2021-04-02 21:30:00,23.41,
2021-04-02 21:45:00,23.38,
2021-04-02 22:00:00,23.22,
2021-04-02 22:15:00,23.14,
2021-04-02 22:30:00,23.06,
2021-04-02 22:45:00,22.94,
2021-04-02 23:00:00,22.9,
2021-04-02 23:15:00,22.83,
2021-04-02 23:30:00,22.65,
2021-04-02 23:45:00,22.66,
2021-04-03 00:00:00,22.58,
2021-04-03 00:15:00,22.51,
2021-04-03 00:30:00,22.37,
2021-04-03 00:45:00,22.39,
2021-04-03 01:00:00,22.27,
2021-04-03 01:15:00,22.16,
2021-04-03 01:30:00,22.1,
2021-04-03 01:45:00,22.01,
2021-04-03 02:00:00,21.97,
2021-04-03 02:15:00,21.94,
2021-04-03 02:30:00,21.9,
2021-04-03 02:45:00,21.88,
2021-04-03 03:00:00,21.82,
2021-04-03 03:15:00,21.73,
2021-04-03 03:30:00,21.71,
2021-04-03 03:45:00,21.64,
2021-04-03 04:00:00,21.65,
2021-04-03 04:15:00,21.63,
2021-04-03 04:30:00,21.64,
2021-04-03 04:45:00,21.64,
2021-04-03 05:00:00,21.58,
2021-04-03 05:15:00,21.56,
2021-04-03 05:30:00,21.55,
2021-04-03 05:45:00,21.51,
2021-04-03 06:00:00,21.49,
2021-04-03 06:15:00,21.44,
2021-04-03 06:30:00,21.5,
2021-04-03 06:45:00,21.41,
2021-04-03 07:00:00,21.37,
2021-04-03 07:15:00,21.35,
2021-04-03 07:30:00,21.34,
2021-04-03 07:45:00,21.33,
2021-04-03 08:00:00,21.27,
2021-04-03 08:15:00,21.3,
2021-04-03 08:30:00,21.26,
2021-04-03 08:45:00,21.3,
2021-04-03 09:00:00,21.3,
2021-04-03 09:15:00,21.38,
2021-04-03 09:30:00,21.37,
2021-04-03 09:45:00,21.35,
2021-04-03 10:00:00,21.32,
2021-04-03 10:15:00,21.4,
2021-04-03 10:30:00,21.41,
2021-04-03 10:45:00,21.44,
2021-04-03 11:00:00,21.48,
2021-04-03 11:15:00,21.57,
2021-04-03 11:30:00,21.62,
2021-04-03 11:45:00,21.6,
2021-04-03 12:00:00,21.73,
2021-04-03 12:15:00,21.75,
2021-04-03 12:30:00,21.81,
2021-04-03 12:45:00,21.88,
2021-04-03 13:00:00,21.97,
2021-04-03 13:15:00,22.12,
2021-04-03 13:30:00,22.26,
2021-04-03 13:45:00,22.31,
2021-04-03 14:00:00,22.59,
2021-04-03 14:15:00,22.61,
2021-04-03 14:30:00,22.78,
2021-04-03 14:45:00,22.97,
2021-04-03 15:00:00,23.23,
2021-04-03 15:15:00,23.35,
2021-04-03 15:30:00,23.57,
2021-04-03 15:45:00,23.81,
2021-04-03 16:00:00,24.06,
2021-04-03 16:15:00,24.3,
2021-04-03 16:30:00,24.54,
2021-04-03 16:45:00,24.7,
2021-04-03 17:00:00,24.84,
2021-04-03 17:15:00,25.08,
2021-04-03 17:30:00,25.28,
2021-04-03 17:45:00,25.37,
2021-04-03 18:00:00,25.39,
2021-04-03 18:15:00,25.49,
2021-04-03 18:30:00,25.37,
2021-04-03 18:45:00,25.4,
2021-04-03 19:00:00,25.41,
2021-04-03 19:15:00,25.43,
2021-04-03 19:30:00,25.39,
2021-04-03 19:45:00,25.31,
2021-04-03 20:00:00,25.25,
2021-04-03 20:15:00,25.16,
2021-04-03 20:30:00,25.05,
2021-04-03 20:45:00,24.94,
2021-04-03 21:00:00,24.86,
2021-04-03 21:15:00,24.74,
2021-04-03 21:30:00,24.65,
2021-04-03 21:45:00,24.58,
2021-04-03 22:00:00,24.47,
2021-04-03 22:15:00,24.41,
2021-04-03 22:30:00,24.31,
2021-04-03 22:45:00,24.22,
2021-04-03 23:00:00,24.16,
2021-04-03 23:15:00,24.04,
2021-04-03 23:30:00,23.91,
2021-04-03 23:45:00,23.86,
2021-04-04 00:00:00,23.71,
2021-04-04 00:15:00,23.68,
2021-04-04 00:30:00,23.61,
2021-04-04 00:45:00,23.47,
2021-04-04 01:00:00,23.41,
2021-04-04 01:15:00,23.26,
2021-04-04 01:30:00,23.34,
2021-04-04 01:45:00,23.33,
2021-04-04 02:00:00,23.25,
2021-04-04 02:15:00,23.19,
2021-04-04 02:30:00,23.14,
2021-04-04 02:45:00,23.11,
2021-04-04 03:00:00,23.04,
2021-04-04 03:15:00,23.02,
2021-04-04 03:30:00,23.05,
2021-04-04 03:45:00,22.98,
2021-04-04 04:00:00,22.98,
2021-04-04 04:15:00,22.96,
2021-04-04 04:30:00,22.92,
2021-04-04 04:45:00,22.89,
2021-04-04 05:00:00,22.82,
2021-04-04 05:15:00,22.8,
2021-04-04 05:30:00,22.81,
2021-04-04 05:45:00,22.8,
2021-04-04 06:00:00,22.77,
2021-04-04 06:15:00,22.73,
2021-04-04 06:30:00,22.69,
2021-04-04 06:45:00,22.67,
2021-04-04 07:00:00,22.71,
2021-04-04 07:15:00,22.67,
2021-04-04 07:30:00,22.68,
2021-04-04 07:45:00,22.71,
2021-04-04 08:00:00,22.68,
2021-04-04 08:15:00,22.68,
2021-04-04 08:30:00,22.68,
2021-04-04 08:45:00,22.67,
2021-04-04 09:00:00,22.63,
2021-04-04 09:15:00,22.69,
2021-04-04 09:30:00,22.74,
2021-04-04 09:45:00,22.72,
2021-04-04 10:00:00,22.77,
2021-04-04 10:15:00,22.76,
2021-04-04 10:30:00,22.85,
2021-04-04 10:45:00,22.79,
2021-04-04 11:00:00,22.83,
2021-04-04 11:15:00,22.84,
2021-04-04 11:30:00,22.89,
2021-04-04 11:45:00,22.97,
2021-04-04 12:00:00,23.03,
2021-04-04 12:15:00,23.13,
2021-04-04 12:30:00,23.21,
2021-04-04 12:45:00,23.34,
2021-04-04 13:00:00,23.41,
2021-04-04 13:15:00,23.65,
2021-04-04 13:30:00,23.8,
2021-04-04 13:45:00,24.07,
2021-04-04 14:00:00,24.31,
2021-04-04 14:15:00,24.59,
2021-04-04 14:30:00,24.9,
2021-04-04 14:45:00,25.27,
2021-04-04 15:00:00,25.65,
2021-04-04 15:15:00,25.98,
2021-04-04 15:30:00,26.39,
2021-04-04 15:45:00,26.74,
2021-04-04 16:00:00,27.04,
2021-04-04 16:15:00,27.4,
2021-04-04 16:30:00,27.72,
2021-04-04 16:45:00,27.98,
2021-04-04 17:00:00,28.26,
2021-04-04 17:15:00,28.37,
2021-04-04 17:30:00,28.51,
2021-04-04 17:45:00,28.55,
2021-04-04 18:00:00,28.3,
2021-04-04 18:15:00,28.43,
2021-04-04 18:30:00,28.39,
2021-04-04 18:45:00,28.23,
2021-04-04 19:00:00,28.12,
2021-04-04 19:15:00,27.99,
2021-04-04 19:30:00,27.83,
2021-04-04 19:45:00,27.74,
2021-04-04 20:00:00,27.53,
2021-04-04 20:15:00,27.34,
2021-04-04 20:30:00,27.18,
2021-04-04 20:45:00,27.07,
2021-04-04 21:00:00,26.95,
2021-04-04 21:15:00,26.83,
2021-04-04 21:30:00,26.65,
2021-04-04 21:45:00,26.53,
2021-04-04 22:00:00,26.42,
2021-04-04 22:15:00,26.33,
2021-04-04 22:30:00,26.22,
2021-04-04 22:45:00,26.08,
2021-04-04 23:00:00,26.01,
2021-04-04 23:15:00,25.82,
2021-04-04 23:30:00,25.73,
2021-04-04 23:45:00,25.73,
2021-04-05 00:00:00,25.68,
2021-04-05 00:15:00,25.53,
2021-04-05 00:30:00,25.51,
2021-04-05 00:45:00,25.39,
2021-04-05 01:00:00,25.35,
2021-04-05 01:15:00,25.23,
2021-04-05 01:30:00,25.18,
2021-04-05 01:45:00,25.16,
2021-04-05 02:00:00,25.09,
2021-04-05 02:15:00,25.03,
2021-04-05 02:30:00,24.96,
2021-04-05 02:45:00,24.93,
2021-04-05 03:00:00,24.95,
2021-04-05 03:15:00,24.88,
2021-04-05 03:30:00,24.86,
2021-04-05 03:45:00,24.83,
2021-04-05 04:00:00,24.81,
2021-04-05 04:15:00,24.74,
2021-04-05 04:30:00,24.63,
2021-04-05 04:45:00,24.61,
2021-04-05 05:00:00,24.58,
2021-04-05 05:15:00,24.55,
2021-04-05 05:30:00,24.45,
2021-04-05 05:45:00,24.42,
2021-04-05 06:00:00,24.36,
2021-04-05 06:15:00,24.27,
2021-04-05 06:30:00,24.33,
2021-04-05 06:45:00,24.22,
2021-04-05 07:00:00,24.2,
2021-04-05 07:15:00,24.22,
2021-04-05 07:30:00,24.16,
2021-04-05 07:45:00,24.18,
2021-04-05 08:00:00,24.06,
2021-04-05 08:15:00,24.05,
2021-04-05 08:30:00,24.1,
2021-04-05 08:45:00,24.03,
2021-04-05 09:00:00,24.04,
2021-04-05 09:15:00,23.98,
2021-04-05 09:30:00,24.03,
2021-04-05 09:45:00,23.94,
2021-04-05 10:00:00,23.99,
2021-04-05 10:15:00,23.96,
2021-04-05 10:30:00,24.01,
2021-04-05 10:45:00,24.06,
2021-04-05 11:00:00,24.07,
2021-04-05 11:15:00,24.04,
2021-04-05 11:30:00,24.05,
2021-04-05 11:45:00,24.06,
2021-04-05 12:00:00,24.11,
2021-04-05 12:15:00,24.18,
2021-04-05 12:30:00,24.32,
2021-04-05 12:45:00,24.39,
2021-04-05 13:00:00,24.4,
2021-04-05 13:15:00,24.6,
2021-04-05 13:30:00,24.63,
2021-04-05 13:45:00,24.85,
2021-04-05 14:00:00,25.08,
2021-04-05 14:15:00,25.31,
2021-04-05 14:30:00,25.55,
2021-04-05 14:45:00,25.63,
2021-04-05 15:00:00,25.8,
2021-04-05 15:15:00,26.18,
2021-04-05 15:30:00,26.41,
2021-04-05 15:45:00,26.66,
2021-04-05 16:00:00,27.07,
2021-04-05 16:15:00,27.25,
2021-04-05 16:30:00,27.53,
2021-04-05 16:45:00,27.68,
2021-04-05 17:00:00,27.87,
2021-04-05 17:15:00,27.93,
2021-04-05 17:30:00,28.04,
2021-04-05 17:45:00,28.12,
2021-04-05 18:00:00,28.01,
2021-04-05 18:15:00,27.95,
2021-04-05 18:30:00,27.87,
2021-04-05 18:45:00,27.82,
2021-04-05 19:00:00,27.75,
2021-04-05 19:15:00,27.73,
2021-04-05 19:30:00,27.66,
2021-04-05 19:45:00,27.62,
2021-04-05 20:00:00,27.46,
2021-04-05 20:15:00,27.46,
2021-04-05 20:30:00,27.47,
2021-04-05 20:45:00,27.46,
2021-04-05 21:00:00,27.45,
2021-04-05 21:15:00,27.35,
2021-04-05 21:30:00,27.28,
2021-04-05 21:45:00,27.2,
2021-04-05 22:00:00,27.07,
2021-04-05 22:15:00,27.0,
2021-04-05 22:30:00,26.96,
2021-04-05 22:45:00,26.93,
2021-04-05 23:00:00,26.87,
2021-04-05 23:15:00,26.71,
2021-04-05 23:30:00,26.6,
2021-04-05 23:45:00,26.53,
2021-04-06 00:00:00,26.46,
2021-04-06 00:15:00,26.42,
2021-04-06 00:30:00,26.3,
2021-04-06 00:45:00,26.29,
2021-04-06 01:00:00,26.18,
2021-04-06 01:15:00,26.08,
2021-04-06 01:30:00,26.01,
2021-04-06 01:45:00,25.93,
2021-04-06 02:00:00,25.93,
2021-04-06 02:15:00,25.83,
2021-04-06 02:30:00,25.88,
2021-04-06 02:45:00,25.67,
2021-04-06 03:00:00,25.71,
2021-04-06 03:15:00,25.55,
2021-04-06 03:30:00,25.55,
2021-04-06 03:45:00,25.46,
2021-04-06 04:00:00,25.48,
2021-04-06 04:15:00,25.32,
2021-04-06 04:30:00,25.38,
2021-04-06 04:45:00,25.29,
2021-04-06 05:00:00,25.22,
2021-04-06 05:15:00,25.16,
2021-04-06 05:30:00,25.11,
2021-04-06 05:45:00,25.0,
2021-04-06 06:00:00,24.96,
2021-04-06 06:15:00,24.98,
2021-04-06 06:30:00,24.97,
2021-04-06 06:45:00,24.9,
2021-04-06 07:00:00,24.88,
2021-04-06 07:15:00,24.82,
2021-04-06 07:30:00,24.84,
2021-04-06 07:45:00,24.71,
2021-04-06 08:00:00,24.72,
2021-04-06 08:15:00,24.66,
2021-04-06 08:30:00,24.62,
2021-04-06 08:45:00,24.63,
2021-04-06 09:00:00,24.54,
2021-04-06 09:15:00,24.59,
2021-04-06 09:30:00,24.61,
2021-04-06 09:45:00,24.69,
2021-04-06 10:00:00,24.57,
2021-04-06 10:15:00,24.64,
2021-04-06 10:30:00,24.68,
2021-04-06 10:45:00,24.68,
2021-04-06 11:00:00,24.59,
2021-04-06 11:15:00,24.53,
2021-04-06 11:30:00,24.47,
2021-04-06 11:45:00,24.48,
2021-04-06 12:00:00,24.54,
2021-04-06 12:15:00,24.46,
2021-04-06 12:30:00,24.55,
2021-04-06 12:45:00,24.53,
2021-04-06 13:00:00,24.5,
2021-04-06 13:15:00,24.53,
2021-04-06 13:30:00,24.52,
2021-04-06 13:45:00,24.54,
2021-04-06 14:00:00,24.5,
2021-04-06 14:15:00,24.49,
2021-04-06 14:30:00,24.38,
2021-04-06 14:45:00,24.53,
2021-04-06 15:00:00,24.47,
2021-04-06 15:15:00,24.39,
2021-04-06 15:30:00,24.37,
2021-04-06 15:45:00,24.4,
2021-04-06 16:00:00,24.33,
2021-04-06 16:15:00,24.35,
2021-04-06 16:30:00,24.33,
2021-04-06 16:45:00,24.23,
2021-04-06 17:00:00,24.28,
2021-04-06 17:15:00,24.31,
2021-04-06 17:30:00,24.32,
2021-04-06 17:45:00,24.26,
2021-04-06 18:00:00,24.24,
2021-04-06 18:15:00,24.19,
2021-04-06 18:30:00,24.17,
2021-04-06 18:45:00,24.13,
2021-04-06 19:00:00,24.13,
2021-04-06 19:15:00,24.12,
2021-04-06 19:30:00,24.02,
2021-04-06 19:45:00,24.05,
2021-04-06 20:00:00,24.01,
2021-04-06 20:15:00,23.97,
2021-04-06 20:30:00,23.98,
2021-04-06 20:45:00,23.95,
2021-04-06 21:00:00,23.95,
2021-04-06 21:15:00,23.93,
2021-04-06 21:30:00,23.89,
2021-04-06 21:45:00,23.89,
2021-04-06 22:00:00,23.82,
2021-04-06 22:15:00,23.84,
2021-04-06 22:30:00,23.85,
2021-04-06 22:45:00,23.79,
2021-04-06 23:00:00,23.75,
2021-04-06 23:15:00,23.73,
2021-04-06 23:30:00,23.75,
2021-04-06 23:45:00,23.66,
2021-04-07 00:00:00,23.64,
2021-04-07 00:15:00,23.71,
2021-04-07 00:30:00,23.66,
2021-04-07 00:45:00,23.64,
2021-04-07 01:00:00,23.6,
2021-04-07 01:15:00,23.63,
2021-04-07 01:30:00,23.58,
2021-04-07 01:45:00,23.55,
2021-04-07 02:00:00,23.53,
2021-04-07 02:15:00,23.5,
2021-04-07 02:30:00,23.46,
2021-04-07 02:45:00,23.5,
2021-04-07 03:00:00,23.36,
2021-04-07 03:15:00,23.34,
2021-04-07 03:30:00,23.4,
2021-04-07 03:45:00,23.28,
2021-04-07 04:00:00,23.31,
2021-04-07 04:15:00,23.27,
2021-04-07 04:30:00,23.23,
2021-04-07 04:45:00,23.24,
2021-04-07 05:00:00,23.29,
2021-04-07 05:15:00,23.19,
2021-04-07 05:30:00,23.17,
2021-04-07 05:45:00,23.18,
2021-04-07 06:00:00,23.14,
2021-04-07 06:15:00,23.11,
2021-04-07 06:30:00,23.09,
2021-04-07 06:45:00,22.99,
2021-04-07 07:00:00,23.07,
2021-04-07 07:15:00,23.04,
2021-04-07 07:30:00,23.1,
2021-04-07 07:45:00,23.05,
2021-04-07 08:00:00,23.02,
2021-04-07 08:15:00,23.09,
2021-04-07 08:30:00,22.95,
2021-04-07 08:45:00,22.97,
2021-04-07 09:00:00,23.07,
2021-04-07 09:15:00,23.02,
2021-04-07 09:30:00,23.05,
2021-04-07 09:45:00,23.1,
2021-04-07 10:00:00,23.12,
2021-04-07 10:15:00,23.12,
2021-04-07 10:30:00,23.19,
2021-04-07 10:45:00,23.2,
2021-04-07 11:00:00,23.23,
2021-04-07 11:15:00,23.29,
2021-04-07 11:30:00,23.29,
2021-04-07 11:45:00,23.27,
2021-04-07 12:00:00,23.31,
2021-04-07 12:15:00,23.41,
2021-04-07 12:30:00,23.48,
2021-04-07 12:45:00,23.57,
2021-04-07 13:00:00,23.57,
2021-04-07 13:15:00,23.5,
2021-04-07 13:30:00,23.58,
2021-04-07 13:45:00,23.61,
2021-04-07 14:00:00,23.64,
2021-04-07 14:15:00,23.79,
2021-04-07 14:30:00,23.84,
2021-04-07 14:45:00,23.91,
2021-04-07 15:00:00,24.0,
2021-04-07 15:15:00,24.03,
2021-04-07 15:30:00,24.16,
2021-04-07 15:45:00,24.22,
2021-04-07 16:00:00,24.33,
2021-04-07 16:15:00,24.46,
2021-04-07 16:30:00,24.58,
2021-04-07 16:45:00,24.7,
2021-04-07 17:00:00,24.8,
2021-04-07 17:15:00,24.87,
2021-04-07 17:30:00,25.05,
2021-04-07 17:45:00,25.12,
2021-04-07 18:00:00,25.15,
2021-04-07 18:15:00,25.24,
2021-04-07 18:30:00,25.13,
2021-04-07 18:45:00,25.18,
2021-04-07 19:00:00,25.15,
2021-04-07 19:15:00,25.16,
2021-04-07 19:30:00,25.14,
2021-04-07 19:45:00,25.11,
2021-04-07 20:00:00,25.06,
2021-04-07 20:15:00,24.99,
2021-04-07 20:30:00,25.04,
2021-04-07 20:45:00,24.96,
2021-04-07 21:00:00,24.9,
2021-04-07 21:15:00,24.86,
2021-04-07 21:30:00,24.87,
2021-04-07 21:45:00,24.81,
2021-04-07 22:00:00,24.8,
2021-04-07 22:15:00,24.75,
2021-04-07 22:30:00,24.65,
2021-04-07 22:45:00,24.61,
2021-04-07 23:00:00,24.55,
2021-04-07 23:15:00,24.47,
2021-04-07 23:30:00,24.49,
2021-04-07 23:45:00,24.51,
2021-04-08 00:00:00,24.49,
2021-04-08 00:15:00,24.47,
2021-04-08 00:30:00,24.38,
2021-04-08 00:45:00,24.22,
2021-04-08 01:00:00,24.26,
2021-04-08 01:15:00,24.24,
2021-04-08 01:30:00,24.24,
2021-04-08 01:45:00,24.18,
2021-04-08 02:00:00,24.12,
2021-04-08 02:15:00,24.1,
2021-04-08 02:30:00,24.05,
2021-04-08 02:45:00,24.06,
2021-04-08 03:00:00,24.05,
2021-04-08 03:15:00,24.05,
2021-04-08 03:30:00,23.99,
2021-04-08 03:45:00,23.92,
2021-04-08 04:00:00,23.95,
2021-04-08 04:15:00,23.91,
2021-04-08 04:30:00,23.87,
2021-04-08 04:45:00,23.84,
2021-04-08 05:00:00,23.74,
2021-04-08 05:15:00,23.82,
2021-04-08 05:30:00,23.78,
2021-04-08 05:45:00,23.74,
2021-04-08 06:00:00,23.7,
2021-04-08 06:15:00,23.71,
2021-04-08 06:30:00,23.68,
2021-04-08 06:45:00,23.69,
2021-04-08 07:00:00,23.58,
2021-04-08 07:15:00,23.62,
2021-04-08 07:30:00,23.67,
2021-04-08 07:45:00,23.63,
2021-04-08 08:00:00,23.59,
2021-04-08 08:15:00,23.59,
2021-04-08 08:30:00,23.58,
2021-04-08 08:45:00,23.64,
2021-04-08 09:00:00,23.64,
2021-04-08 09:15:00,23.56,
2021-04-08 09:30:00,23.58,
2021-04-08 09:45:00,23.58,
2021-04-08 10:00:00,23.55,
2021-04-08 10:15:00,23.65,
2021-04-08 10:30:00,23.64,
2021-04-08 10:45:00,23.68,
2021-04-08 11:00:00,23.69,
2021-04-08 11:15:00,23.72,
2021-04-08 11:30:00,23.75,
2021-04-08 11:45:00,23.75,
2021-04-08 12:00:00,23.87,
2021-04-08 12:15:00,23.89,
2021-04-08 12:30:00,23.83,
2021-04-08 12:45:00,23.89,
2021-04-08 13:00:00,23.87,
2021-04-08 13:15:00,24.02,
2021-04-08 13:30:00,24.05,
2021-04-08 13:45:00,24.03,
2021-04-08 14:00:00,24.18,
2021-04-08 14:15:00,24.22,
2021-04-08 14:30:00,24.29,
2021-04-08 14:45:00,24.44,
2021-04-08 15:00:00,24.55,
2021-04-08 15:15:00,24.57,
2021-04-08 15:30:00,24.68,
2021-04-08 15:45:00,24.74,
2021-04-08 16:00:00,25.02,
2021-04-08 16:15:00,25.01,
2021-04-08 16:30:00,25.23,
2021-04-08 16:45:00,25.35,
2021-04-08 17:00:00,25.46,
2021-04-08 17:15:00,25.56,
2021-04-08 17:30:00,25.68,
2021-04-08 17:45:00,25.71,
2021-04-08 18:00:00,25.68,
2021-04-08 18:15:00,25.74,
2021-04-08 18:30:00,25.76,
2021-04-08 18:45:00,25.83,
2021-04-08 19:00:00,25.8,
2021-04-08 19:15:00,25.72,
2021-04-08 19:30:00,25.74,
2021-04-08 19:45:00,25.68,
2021-04-08 20:00:00,25.61,
2021-04-08 20:15:00,25.6,
2021-04-08 20:30:00,25.59,
2021-04-08 20:45:00,25.51,
2021-04-08 21:00:00,25.47,
2021-04-08 21:15:00,25.39,
2021-04-08 21:30:00,25.32,
2021-04-08 21:45:00,25.35,
2021-04-08 22:00:00,25.19,
2021-04-08 22:15:00,25.09,
2021-04-08 22:30:00,25.17,
2021-04-08 22:45:00,25.14,
2021-04-08 23:00:00,24.94,
2021-04-08 23:15:00,24.92,
2021-04-08 23:30:00,24.86,
2021-04-08 23:45:00,24.78,
2021-04-09 00:00:00,24.77,
2021-04-09 00:15:00,24.72,
2021-04-09 00:30:00,24.69,
2021-04-09 00:45:00,24.59,
2021-04-09 01:00:00,24.49,
2021-04-09 01:15:00,24.53,
2021-04-09 01:30:00,24.47,
2021-04-09 01:45:00,24.47,
2021-04-09 02:00:00,24.44,
2021-04-09 02:15:00,24.43,
2021-04-09 02:30:00,24.3,
2021-04-09 02:45:00,24.45,
2021-04-09 03:00:00,24.36,
2021-04-09 03:15:00,24.27,
2021-04-09 03:30:00,24.28,
2021-04-09 03:45:00,24.41,
2021-04-09 04:00:00,24.28,
2021-04-09 04:15:00,24.28,
2021-04-09 04:30:00,24.31,
2021-04-09 04:45:00,24.21,
2021-04-09 05:00:00,24.22,
2021-04-09 05:15:00,24.23,
2021-04-09 05:30:00,24.14,
2021-04-09 05:45:00,24.13,
2021-04-09 06:00:00,24.12,
2021-04-09 06:15:00,24.11,
2021-04-09 06:30:00,24.11,
2021-04-09 06:45:00,24.08,
2021-04-09 07:00:00,24.04,
2021-04-09 07:15:00,24.01,
2021-04-09 07:30:00,24.05,
2021-04-09 07:45:00,23.95,
2021-04-09 08:00:00,23.89,
2021-04-09 08:15:00,23.96,
2021-04-09 08:30:00,23.96,
2021-04-09 08:45:00,23.88,
2021-04-09 09:00:00,23.88,
2021-04-09 09:15:00,23.99,
2021-04-09 09:30:00,24.03,
2021-04-09 09:45:00,23.96,
2021-04-09 10:00:00,24.02,
2021-04-09 10:15:00,24.02,
2021-04-09 10:30:00,24.1,
2021-04-09 10:45:00,24.1,
2021-04-09 11:00:00,24.04,
2021-04-09 11:15:00,24.16,
2021-04-09 11:30:00,24.23,
2021-04-09 11:45:00,24.32,
2021-04-09 12:00:00,24.4,
2021-04-09 12:15:00,24.34,
2021-04-09 12:30:00,24.45,
2021-04-09 12:45:00,24.45,
2021-04-09 13:00:00,24.54,
2021-04-09 13:15:00,24.54,
2021-04-09 13:30:00,24.46,
2021-04-09 13:45:00,24.51,
2021-04-09 14:00:00,24.64,
2021-04-09 14:15:00,24.59,
2021-04-09 14:30:00,24.73,
2021-04-09 14:45:00,24.66,
2021-04-09 15:00:00,24.72,
2021-04-09 15:15:00,24.77,
2021-04-09 15:30:00,24.81,
2021-04-09 15:45:00,24.85,
2021-04-09 16:00:00,24.92,
2021-04-09 16:15:00,25.02,
2021-04-09 16:30:00,25.04,
2021-04-09 16:45:00,25.08,
2021-04-09 17:00:00,25.1,
2021-04-09 17:15:00,25.19,
2021-04-09 17:30:00,25.31,
2021-04-09 17:45:00,25.4,
2021-04-09 18:00:00,25.25,
2021-04-09 18:15:00,25.23,
2021-04-09 18:30:00,25.33,
2021-04-09 18:45:00,25.32,
2021-04-09 19:00:00,25.23,
2021-04-09 19:15:00,25.34,
2021-04-09 19:30:00,25.31,
2021-04-09 19:45:00,25.26,
2021-04-09 20:00:00,25.24,
2021-04-09 20:15:00,25.22,
2021-04-09 20:30:00,25.17,
2021-04-09 20:45:00,25.14,
2021-04-09 21:00:00,25.07,
2021-04-09 21:15:00,25.13,
2021-04-09 21:30:00,25.07,
2021-04-09 21:45:00,24.94,
2021-04-09 22:00:00,24.98,
2021-04-09 22:15:00,24.9,
2021-04-09 22:30:00,24.91,
2021-04-09 22:45:00,24.8,
2021-04-09 23:00:00,24.86,
2021-04-09 23:15:00,24.87,
2021-04-09 23:30:00,24.77,
2021-04-09 23:45:00,24.72,
2021-04-10 00:00:00,24.75,
2021-04-10 00:15:00,24.66,
2021-04-10 00:30:00,24.67,
2021-04-10 00:45:00,24.63,
2021-04-10 01:00:00,24.64,
2021-04-10 01:15:00,24.57,
2021-04-10 01:30:00,24.61,
2021-04-10 01:45:00,24.52,
2021-04-10 02:00:00,24.53,
2021-04-10 02:15:00,24.53,
2021-04-10 02:30:00,24.52,
2021-04-10 02:45:00,24.32,
2021-04-10 03:00:00,24.47,
2021-04-10 03:15:00,24.39,
2021-04-10 03:30:00,24.37,
2021-04-10 03:45:00,24.36,
2021-04-10 04:00:00,24.32,
2021-04-10 04:15:00,24.28,
2021-04-10 04:30:00,24.3,
2021-04-10 04:45:00,24.25,
2021-04-10 05:00:00,24.16,
2021-04-10 05:15:00,24.16,
2021-04-10 05:30:00,24.12,
2021-04-10 05:45:00,24.19,
2021-04-10 06:00:00,24.17,
2021-04-10 06:15:00,24.16,
2021-04-10 06:30:00,24.15,
2021-04-10 06:45:00,24.12,
2021-04-10 07:00:00,24.13,
2021-04-10 07:15:00,24.11,
2021-04-10 07:30:00,24.16,
2021-04-10 07:45:00,24.1,
2021-04-10 08:00:00,24.05,
2021-04-10 08:15:00,24.05,
2021-04-10 08:30:00,24.07,
2021-04-10 08:45:00,24.06,
2021-04-10 09:00:00,24.13,
2021-04-10 09:15:00,24.03,
2021-04-10 09:30:00,24.22,
2021-04-10 09:45:00,24.22,
2021-04-10 10:00:00,24.27,
2021-04-10 10:15:00,24.26,
2021-04-10 10:30:00,24.23,
2021-04-10 10:45:00,24.26,
2021-04-10 11:00:00,24.25,
2021-04-10 11:15:00,24.41,
2021-04-10 11:30:00,24.47,
2021-04-10 11:45:00,24.49,
2021-04-10 12:00:00,24.48,
2021-04-10 12:15:00,24.49,
2021-04-10 12:30:00,24.5,
2021-04-10 12:45:00,24.62,
2021-04-10 13:00:00,24.68,
2021-04-10 13:15:00,24.63,
2021-04-10 13:30:00,24.66,
2021-04-10 13:45:00,24.76,
2021-04-10 14:00:00,24.76,
2021-04-10 14:15:00,24.9,
2021-04-10 14:30:00,24.91,
2021-04-10 14:45:00,24.99,
2021-04-10 15:00:00,25.02,
2021-04-10 15:15:00,25.03,
2021-04-10 15:30:00,25.15,
2021-04-10 15:45:00,25.16,
2021-04-10 16:00:00,25.32,
2021-04-10 16:15:00,25.31,
2021-04-10 16:30:00,25.35,
2021-04-10 16:45:00,25.57,
2021-04-10 17:00:00,25.62,
2021-04-10 17:15:00,25.66,
2021-04-10 17:30:00,25.84,
2021-04-10 17:45:00,26.01,
2021-04-10 18:00:00,25.86,
2021-04-10 18:15:00,25.96,
2021-04-10 18:30:00,25.99,
2021-04-10 18:45:00,25.95,
2021-04-10 19:00:00,26.02,
2021-04-10 19:15:00,25.94,
2021-04-10 19:30:00,25.91,
2021-04-10 19:45:00,25.95,
2021-04-10 20:00:00,25.93,
2021-04-10 20:15:00,25.86,
2021-04-10 20:30:00,25.83,
2021-04-10 20:45:00,25.81,
2021-04-10 21:00:00,25.75,
2021-04-10 21:15:00,25.7,
2021-04-10 21:30:00,25.68,
2021-04-10 21:45:00,25.64,
2021-04-10 22:00:00,25.6,
2021-04-10 22:15:00,25.63,
2021-04-10 22:30:00,25.55,
2021-04-10 22:45:00,25.46,
2021-04-10 23:00:00,25.46,
2021-04-10 23:15:00,25.49,
2021-04-10 23:30:00,25.43,
2021-04-10 23:45:00,25.37,
2021-04-11 00:00:00,25.34,
2021-04-11 00:15:00,25.28,
2021-04-11 00:30:00,25.35,
2021-04-11 00:45:00,25.41,
2021-04-11 01:00:00,25.31,
2021-04-11 01:15:00,25.35,
2021-04-11 01:30:00,25.37,
2021-04-11 01:45:00,25.52,
2021-04-11 02:00:00,25.58,
2021-04-11 02:15:00,25.56,
2021-04-11 02:30:00,25.59,
2021-04-11 02:45:00,25.53,
2021-04-11 03:00:00,25.56,
2021-04-11 03:15:00,25.58,
2021-04-11 03:30:00,25.59,
2021-04-11 03:45:00,25.61,
2021-04-11 04:00:00,25.54,
2021-04-11 04:15:00,25.51,
2021-04-11 04:30:00,25.57,
2021-04-11 04:45:00,25.59,
2021-04-11 05:00:00,25.58,
2021-04-11 05:15:00,25.57,
2021-04-11 05:30:00,25.58,
2021-04-11 05:45:00,25.39,
2021-04-11 06:00:00,25.46,
2021-04-11 06:15:00,25.34,
2021-04-11 06:30:00,25.32,
2021-04-11 06:45:00,25.34,
2021-04-11 07:00:00,25.37,
2021-04-11 07:15:00,25.36,
2021-04-11 07:30:00,25.3,
2021-04-11 07:45:00,25.22,
2021-04-11 08:00:00,25.24,
2021-04-11 08:15:00,25.17,
2021-04-11 08:30:00,25.25,
2021-04-11 08:45:00,25.16,
2021-04-11 09:00:00,25.19,
2021-04-11 09:15:00,25.17,
2021-04-11 09:30:00,25.19,
2021-04-11 09:45:00,25.15,
2021-04-11 10:00:00,25.17,
2021-04-11 10:15:00,25.21,
2021-04-11 10:30:00,25.27,
2021-04-11 10:45:00,25.23,
2021-04-11 11:00:00,25.25,
2021-04-11 11:15:00,25.21,
2021-04-11 11:30:00,25.33,
2021-04-11 11:45:00,25.29,
2021-04-11 12:00:00,25.29,
2021-04-11 12:15:00,25.36,
2021-04-11 12:30:00,25.33,
2021-04-11 12:45:00,25.36,
2021-04-11 13:00:00,25.34,
2021-04-11 13:15:00,25.3,
2021-04-11 13:30:00,25.24,
2021-04-11 13:45:00,25.26,
2021-04-11 14:00:00,25.33,
2021-04-11 14:15:00,25.4,
2021-04-11 14:30:00,25.29,
2021-04-11 14:45:00,25.26,
2021-04-11 15:00:00,25.25,
2021-04-11 15:15:00,25.33,
2021-04-11 15:30:00,25.34,
2021-04-11 15:45:00,25.34,
2021-04-11 16:00:00,25.41,
2021-04-11 16:15:00,25.43,
2021-04-11 16:30:00,25.48,
2021-04-11 16:45:00,25.51,
2021-04-11 17:00:00,25.59,
2021-04-11 17:15:00,25.62,
2021-04-11 17:30:00,25.66,
2021-04-11 17:45:00,25.68,
2021-04-11 18:00:00,25.63,
2021-04-11 18:15:00,25.61,
2021-04-11 18:30:00,25.63,
2021-04-11 18:45:00,25.67,
2021-04-11 19:00:00,25.66,
2021-04-11 19:15:00,25.65,
2021-04-11 19:30:00,25.54,
2021-04-11 19:45:00,25.66,
2021-04-11 20:00:00,25.58,
2021-04-11 20:15:00,25.41,
2021-04-11 20:30:00,25.48,
2021-04-11 20:45:00,25.49,
2021-04-11 21:00:00,25.46,
2021-04-11 21:15:00,25.36,
2021-04-11 21:30:00,25.37,
2021-04-11 21:45:00,25.2,
2021-04-11 22:00:00,25.23,
2021-04-11 22:15:00,25.19,
2021-04-11 22:30:00,25.19,
2021-04-11 22:45:00,25.15,
2021-04-11 23:00:00,25.09,
2021-04-11 23:15:00,25.16,
2021-04-11 23:30:00,25.16,
2021-04-11 23:45:00,25.05,
2021-04-12 00:00:00,25.02,
2021-04-12 00:15:00,25.01,
2021-04-12 00:30:00,24.94,
2021-04-12 00:45:00,25.03,
2021-04-12 01:00:00,24.99,
2021-04-12 01:15:00,25.07,
2021-04-12 01:30:00,25.03,
2021-04-12 01:45:00,25.23,
2021-04-12 02:00:00,25.19,
2021-04-12 02:15:00,25.3,
2021-04-12 02:30:00,25.28,
2021-04-12 02:45:00,25.26,
2021-04-12 03:00:00,25.33,
2021-04-12 03:15:00,25.28,
2021-04-12 03:30:00,25.27,
2021-04-12 03:45:00,25.24,
2021-04-12 04:00:00,25.18,
2021-04-12 04:15:00,25.1,
2021-04-12 04:30:00,25.1,
2021-04-12 04:45:00,25.07,
2021-04-12 05:00:00,25.04,
2021-04-12 05:15:00,24.99,
2021-04-12 05:30:00,24.97,
2021-04-12 05:45:00,24.93,
2021-04-12 06:00:00,24.97,
2021-04-12 06:15:00,24.84,
2021-04-12 06:30:00,24.95,
2021-04-12 06:45:00,24.94,
2021-04-12 07:00:00,24.86,
2021-04-12 07:15:00,24.83,
2021-04-12 07:30:00,24.86,
2021-04-12 07:45:00,24.8,
2021-04-12 08:00:00,24.81,
2021-04-12 08:15:00,24.79,
2021-04-12 08:30:00,24.87,
2021-04-12 08:45:00,24.87,
2021-04-12 09:00:00,24.86,
2021-04-12 09:15:00,24.83,
2021-04-12 09:30:00,24.89,
2021-04-12 09:45:00,24.87,
2021-04-12 10:00:00,24.9,
2021-04-12 10:15:00,24.93,
2021-04-12 10:30:00,24.94,
2021-04-12 10:45:00,24.96,
2021-04-12 11:00:00,24.93,
2021-04-12 11:15:00,25.0,
2021-04-12 11:30:00,25.04,
2021-04-12 11:45:00,25.03,
2021-04-12 12:00:00,25.11,
2021-04-12 12:15:00,25.1,
2021-04-12 12:30:00,25.2,
2021-04-12 12:45:00,25.16,
2021-04-12 13:00:00,25.2,
2021-04-12 13:15:00,25.2,
2021-04-12 13:30:00,25.23,
2021-04-12 13:45:00,25.24,
2021-04-12 14:00:00,25.37,
2021-04-12 14:15:00,25.24,
2021-04-12 14:30:00,25.29,
2021-04-12 14:45:00,25.33,
2021-04-12 15:00:00,25.27,
2021-04-12 15:15:00,25.25,
2021-04-12 15:30:00,25.24,
2021-04-12 15:45:00,25.29,
2021-04-12 16:00:00,25.23,
2021-04-12 16:15:00,25.28,
2021-04-12 16:30:00,25.3,
2021-04-12 16:45:00,25.28,
2021-04-12 17:00:00,25.32,
2021-04-12 17:15:00,25.35,
2021-04-12 17:30:00,25.38,
2021-04-12 17:45:00,25.53,
2021-04-12 18:00:00,25.32,
2021-04-12 18:15:00,25.28,
2021-04-12 18:30:00,25.27,
2021-04-12 18:45:00,25.22,
2021-04-12 19:00:00,25.27,
2021-04-12 19:15:00,25.24,
2021-04-12 19:30:00,25.21,
2021-04-12 19:45:00,25.23,
2021-04-12 20:00:00,25.22,
2021-04-12 20:15:00,25.19,
2021-04-12 20:30:00,25.13,
2021-04-12 20:45:00,25.16,
2021-04-12 21:00:00,25.04,
2021-04-12 21:15:00,25.08,
2021-04-12 21:30:00,25.1,
2021-04-12 21:45:00,25.1,
2021-04-12 22:00:00,25.14,
2021-04-12 22:15:00,24.97,
2021-04-12 22:30:00,25.03,
2021-04-12 22:45:00,25.03,
2021-04-12 23:00:00,25.02,
2021-04-12 23:15:00,24.86,
2021-04-12 23:30:00,24.84,
2021-04-12 23:45:00,24.82,
2021-04-13 00:00:00,24.8,
2021-04-13 00:15:00,24.77,
2021-04-13 00:30:00,24.72,
2021-04-13 00:45:00,24.72,
2021-04-13 01:00:00,24.76,
2021-04-13 01:15:00,24.61,
2021-04-13 01:30:00,24.65,
2021-04-13 01:45:00,24.49,
2021-04-13 02:00:00,24.54,
2021-04-13 02:15:00,24.59,
2021-04-13 02:30:00,24.76,
2021-04-13 02:45:00,25.02,
2021-04-13 03:00:00,25.02,
2021-04-13 03:15:00,24.96,
2021-04-13 03:30:00,25.01,
2021-04-13 03:45:00,25.01,
2021-04-13 04:00:00,25.0,
2021-04-13 04:15:00,25.01,
2021-04-13 04:30:00,25.0,
2021-04-13 04:45:00,25.1,
2021-04-13 05:00:00,24.98,
2021-04-13 05:15:00,24.87,
2021-04-13 05:30:00,24.82,
2021-04-13 05:45:00,24.8,
2021-04-13 06:00:00,24.86,
2021-04-13 06:15:00,24.73,
2021-04-13 06:30:00,24.81,
2021-04-13 06:45:00,24.85,
2021-04-13 07:00:00,24.81,
2021-04-13 07:15:00,24.79,
2021-04-13 07:30:00,24.84,
2021-04-13 07:45:00,24.82,
2021-04-13 08:00:00,24.72,
2021-04-13 08:15:00,24.76,
2021-04-13 08:30:00,24.77,
2021-04-13 08:45:00,24.74,
2021-04-13 09:00:00,24.78,
2021-04-13 09:15:00,24.76,
2021-04-13 09:30:00,24.75,
2021-04-13 09:45:00,24.67,
2021-04-13 10:00:00,24.8,
2021-04-13 10:15:00,24.73,
2021-04-13 10:30:00,24.77,
2021-04-13 10:45:00,24.72,
2021-04-13 11:00:00,24.83,
2021-04-13 11:15:00,24.88,
2021-04-13 11:30:00,24.81,
2021-04-13 11:45:00,24.85,
2021-04-13 12:00:00,24.84,
2021-04-13 12:15:00,24.86,
2021-04-13 12:30:00,24.88,
2021-04-13 12:45:00,24.96,
2021-04-13 13:00:00,24.89,
2021-04-13 13:15:00,25.09,
2021-04-13 13:30:00,24.97,
2021-04-13 13:45:00,24.97,
2021-04-13 14:00:00,24.96,
2021-04-13 14:15:00,25.04,
2021-04-13 14:30:00,25.06,
2021-04-13 14:45:00,25.08,
2021-04-13 15:00:00,25.01,
2021-04-13 15:15:00,25.06,
2021-04-13 15:30:00,24.97,
2021-04-13 15:45:00,25.07,
2021-04-13 16:00:00,25.12,
2021-04-13 16:15:00,25.0,
2021-04-13 16:30:00,25.15,
2021-04-13 16:45:00,25.03,
2021-04-13 17:00:00,24.92,
2021-04-13 17:15:00,24.97,
2021-04-13 17:30:00,24.99,
2021-04-13 17:45:00,24.94,
2021-04-13 18:00:00,24.93,
2021-04-13 18:15:00,24.92,
2021-04-13 18:30:00,25.01,
2021-04-13 18:45:00,24.88,
2021-04-13 19:00:00,24.82,
2021-04-13 19:15:00,24.87,
2021-04-13 19:30:00,24.82,
2021-04-13 19:45:00,24.81,
2021-04-13 20:00:00,24.76,
2021-04-13 20:15:00,24.94,
2021-04-13 20:30:00,24.81,
2021-04-13 20:45:00,24.79,
2021-04-13 21:00:00,24.85,
2021-04-13 21:15:00,24.83,
2021-04-13 21:30:00,24.87,
2021-04-13 21:45:00,24.91,
2021-04-13 22:00:00,24.9,
2021-04-13 22:15:00,24.89,
2021-04-13 22:30:00,24.87,
2021-04-13 22:45:00,24.85,
2021-04-13 23:00:00,24.86,
2021-04-13 23:15:00,24.86,
2021-04-13 23:30:00,24.95,
2021-04-13 23:45:00,24.98,
2021-04-14 00:00:00,25.04,
2021-04-14 00:15:00,25.26,
2021-04-14 00:30:00,25.36,
2021-04-14 00:45:00,25.35,
2021-04-14 01:00:00,25.43,
2021-04-14 01:15:00,25.45,
2021-04-14 01:30:00,25.42,
2021-04-14 01:45:00,25.49,
2021-04-14 02:00:00,25.43,
2021-04-14 02:15:00,25.51,
2021-04-14 02:30:00,25.5,
2021-04-14 02:45:00,25.78,
2021-04-14 03:00:00,25.89,
2021-04-14 03:15:00,25.92,
2021-04-14 03:30:00,25.97,
2021-04-14 03:45:00,25.98,
2021-04-14 04:00:00,25.93,
2021-04-14 04:15:00,25.88,
2021-04-14 04:30:00,25.81,
2021-04-14 04:45:00,25.76,
2021-04-14 05:00:00,25.71,
2021-04-14 05:15:00,25.71,
2021-04-14 05:30:00,25.69,
2021-04-14 05:45:00,25.63,
2021-04-14 06:00:00,25.42,
2021-04-14 06:15:00,25.49,
2021-04-14 06:30:00,25.4,
2021-04-14 06:45:00,25.44,
2021-04-14 07:00:00,25.32,
2021-04-14 07:15:00,25.38,
2021-04-14 07:30:00,25.33,
2021-04-14 07:45:00,25.23,
2021-04-14 08:00:00,25.22,
2021-04-14 08:15:00,25.2,
2021-04-14 08:30:00,25.3,
2021-04-14 08:45:00,25.33,
2021-04-14 09:00:00,25.3,
2021-04-14 09:15:00,25.32,
2021-04-14 09:30:00,25.44,
2021-04-14 09:45:00,25.52,
2021-04-14 10:00:00,25.26,
2021-04-14 10:15:00,,ICE
2021-04-14 10:30:00,,ICE
2021-04-14 10:45:00,,ICE
2021-04-14 11:00:00,,ICE
2021-04-14 11:15:00,,ICE
2021-04-14 11:30:00,,ICE
2021-04-14 11:45:00,,ICE
2021-04-14 12:00:00,,ICE
2021-04-14 12:15:00,,ICE
2021-04-14 12:30:00,,ICE
2021-04-14 12:45:00,,ICE
2021-04-14 13:00:00,,ICE
2021-04-14 13:15:00,,ICE
2021-04-14 13:30:00,,ICE
2021-04-14 13:45:00,,ICE
2021-04-14 14:00:00,,ICE
2021-04-14 14:15:00,,ICE
2021-04-14 14:30:00,,ICE
2021-04-14 14:45:00,,ICE
2021-04-14 15:00:00,,ICE
2021-04-14 15:15:00,,ICE
2021-04-14 15:30:00,,ICE
2021-04-14 15:45:00,,ICE
2021-04-14 16:00:00,,ICE
2021-04-14 16:15:00,,ICE
2021-04-14 16:30:00,,ICE
2021-04-14 16:45:00,,ICE
2021-04-14 17:00:00,,ICE
2021-04-14 17:15:00,,ICE
2021-04-14 17:30:00,,ICE
2021-04-14 17:45:00,25.3,
2021-04-14 18:00:00,25.12,
2021-04-14 18:15:00,25.15,
2021-04-14 18:30:00,25.19,
2021-04-14 18:45:00,25.15,
2021-04-14 19:00:00,25.08,
2021-04-14 19:15:00,25.05,
2021-04-14 19:30:00,25.07,
2021-04-14 19:45:00,25.02,
2021-04-14 20:00:00,25.05,
2021-04-14 20:15:00,24.98,
2021-04-14 20:30:00,24.94,
2021-04-14 20:45:00,24.96,
2021-04-14 21:00:00,24.91,
2021-04-14 21:15:00,25.03,
2021-04-14 21:30:00,25.05,
2021-04-14 21:45:00,25.05,
2021-04-14 22:00:00,25.07,
2021-04-14 22:15:00,25.07,
2021-04-14 22:30:00,25.07,
2021-04-14 22:45:00,25.02,
2021-04-14 23:00:00,25.09,
2021-04-14 23:15:00,25.02,
2021-04-14 23:30:00,25.09,
2021-04-14 23:45:00,25.02,
2021-04-15 00:00:00,25.1,
2021-04-15 00:15:00,25.04,
2021-04-15 00:30:00,25.07,
2021-04-15 00:45:00,25.09,
2021-04-15 01:00:00,24.96,
2021-04-15 01:15:00,25.03,
2021-04-15 01:30:00,24.88,
2021-04-15 01:45:00,24.96,
2021-04-15 02:00:00,24.88,
2021-04-15 02:15:00,24.85,
2021-04-15 02:30:00,24.92,
2021-04-15 02:45:00,24.92,
2021-04-15 03:00:00,24.88,
2021-04-15 03:15:00,24.84,
2021-04-15 03:30:00,24.88,
2021-04-15 03:45:00,24.81,
2021-04-15 04:00:00,24.83,
2021-04-15 04:15:00,24.86,
2021-04-15 04:30:00,24.87,
2021-04-15 04:45:00,24.84,
2021-04-15 05:00:00,24.86,
2021-04-15 05:15:00,24.78,
2021-04-15 05:30:00,24.8,
2021-04-15 05:45:00,24.81,
2021-04-15 06:00:00,24.76,
2021-04-15 06:15:00,24.78,
2021-04-15 06:30:00,24.87,
2021-04-15 06:45:00,24.77,
2021-04-15 07:00:00,24.84,
2021-04-15 07:15:00,24.78,
2021-04-15 07:30:00,24.77,
2021-04-15 07:45:00,24.79,
2021-04-15 08:00:00,24.73,
2021-04-15 08:15:00,24.82,
2021-04-15 08:30:00,24.76,
2021-04-15 08:45:00,24.75,
2021-04-15 09:00:00,24.85,
2021-04-15 09:15:00,24.8,
2021-04-15 09:30:00,24.85,
2021-04-15 09:45:00,24.82,
2021-04-15 10:00:00,24.81,
2021-04-15 10:15:00,24.82,
2021-04-15 10:30:00,24.95,
2021-04-15 10:45:00,24.91,
2021-04-15 11:00:00,24.94,
2021-04-15 11:15:00,24.95,
2021-04-15 11:30:00,25.01,
2021-04-15 11:45:00,24.97,
2021-04-15 12:00:00,25.05,
2021-04-15 12:15:00,25.01,
2021-04-15 12:30:00,25.06,
2021-04-15 12:45:00,25.1,
2021-04-15 13:00:00,25.13,
2021-04-15 13:15:00,25.19,
2021-04-15 13:30:00,25.09,
2021-04-15 13:45:00,25.16,
2021-04-15 14:00:00,25.18,
2021-04-15 14:15:00,25.17,
2021-04-15 14:30:00,25.19,
2021-04-15 14:45:00,25.26,
2021-04-15 15:00:00,25.28,
2021-04-15 15:15:00,25.3,
2021-04-15 15:30:00,25.23,
2021-04-15 15:45:00,25.36,
2021-04-15 16:00:00,25.39,
2021-04-15 16:15:00,25.43,
2021-04-15 16:30:00,25.46,
2021-04-15 16:45:00,25.42,
2021-04-15 17:00:00,25.52,
2021-04-15 17:15:00,25.48,
2021-04-15 17:30:00,25.52,
2021-04-15 17:45:00,25.53,
2021-04-15 18:00:00,25.54,
2021-04-15 18:15:00,25.47,
2021-04-15 18:30:00,25.47,
2021-04-15 18:45:00,25.51,
2021-04-15 19:00:00,25.57,
2021-04-15 19:15:00,25.5,
2021-04-15 19:30:00,25.5,
2021-04-15 19:45:00,25.46,
2021-04-15 20:00:00,25.51,
2021-04-15 20:15:00,25.36,
2021-04-15 20:30:00,25.44,
2021-04-15 20:45:00,25.39,
2021-04-15 21:00:00,25.39,
2021-04-15 21:15:00,25.41,
2021-04-15 21:30:00,25.36,
2021-04-15 21:45:00,25.32,
2021-04-15 22:00:00,25.25,
2021-04-15 22:15:00,25.29,
2021-04-15 22:30:00,25.23,
2021-04-15 22:45:00,25.13,
2021-04-15 23:00:00,25.17,
2021-04-15 23:15:00,25.1,
2021-04-15 23:30:00,25.16,
2021-04-15 23:45:00,25.11,
2021-04-16 00:00:00,25.14,
2021-04-16 00:15:00,25.09,
2021-04-16 00:30:00,25.04,
2021-04-16 00:45:00,25.04,
2021-04-16 01:00:00,24.97,
2021-04-16 01:15:00,25.07,
2021-04-16 01:30:00,24.99,
2021-04-16 01:45:00,24.93,
2021-04-16 02:00:00,25.04,
2021-04-16 02:15:00,25.01,
2021-04-16 02:30:00,24.96,
2021-04-16 02:45:00,24.94,
2021-04-16 03:00:00,24.88,
2021-04-16 03:15:00,24.93,
2021-04-16 03:30:00,24.85,
2021-04-16 03:45:00,24.87,
2021-04-16 04:00:00,24.84,
2021-04-16 04:15:00,24.88,
2021-04-16 04:30:00,24.82,
2021-04-16 04:45:00,24.74,
2021-04-16 05:00:00,24.79,
2021-04-16 05:15:00,24.88,
2021-04-16 05:30:00,24.77,
2021-04-16 05:45:00,24.83,
2021-04-16 06:00:00,24.71,
2021-04-16 06:15:00,24.66,
2021-04-16 06:30:00,24.76,
2021-04-16 06:45:00,24.71,
2021-04-16 07:00:00,24.8,
2021-04-16 07:15:00,24.78,
2021-04-16 07:30:00,24.69,
2021-04-16 07:45:00,24.66,
2021-04-16 08:00:00,24.72,
2021-04-16 08:15:00,24.7,
2021-04-16 08:30:00,24.72,
2021-04-16 08:45:00,24.71,
2021-04-16 09:00:00,24.68,
2021-04-16 09:15:00,24.73,
2021-04-16 09:30:00,24.75,
2021-04-16 09:45:00,24.77,
2021-04-16 10:00:00,24.73,
2021-04-16 10:15:00,24.8,
2021-04-16 10:30:00,24.77,
2021-04-16 10:45:00,24.75,
2021-04-16 11:00:00,24.8,
2021-04-16 11:15:00,24.78,
2021-04-16 11:30:00,24.81,
2021-04-16 11:45:00,24.78,
2021-04-16 12:00:00,24.88,
2021-04-16 12:15:00,24.82,
2021-04-16 12:30:00,24.88,
2021-04-16 12:45:00,24.81,
2021-04-16 13:00:00,24.87,
2021-04-16 13:15:00,24.89,
2021-04-16 13:30:00,24.98,
2021-04-16 13:45:00,24.89,
2021-04-16 14:00:00,24.88,
2021-04-16 14:15:00,24.94,
2021-04-16 14:30:00,24.88,
2021-04-16 14:45:00,24.9,
2021-04-16 15:00:00,24.88,
2021-04-16 15:15:00,24.97,
2021-04-16 15:30:00,24.95,
2021-04-16 15:45:00,25.02,
2021-04-16 16:00:00,24.98,
2021-04-16 16:15:00,24.98,
2021-04-16 16:30:00,24.97,
2021-04-16 16:45:00,25.0,
2021-04-16 17:00:00,25.05,
2021-04-16 17:15:00,25.08,
2021-04-16 17:30:00,25.11,
2021-04-16 17:45:00,25.1,
2021-04-16 18:00:00,25.11,
2021-04-16 18:15:00,25.12,
2021-04-16 18:30:00,25.09,
2021-04-16 18:45:00,25.14,
2021-04-16 19:00:00,25.04,
2021-04-16 19:15:00,25.14,
2021-04-16 19:30:00,25.08,
2021-04-16 19:45:00,25.04,
2021-04-16 20:00:00,25.03,
2021-04-16 20:15:00,25.0,
2021-04-16 20:30:00,24.96,
2021-04-16 20:45:00,24.92,
2021-04-16 21:00:00,24.94,
2021-04-16 21:15:00,24.93,
2021-04-16 21:30:00,24.86,
2021-04-16 21:45:00,24.86,
2021-04-16 22:00:00,24.83,
2021-04-16 22:15:00,24.88,
2021-04-16 22:30:00,24.66,
2021-04-16 22:45:00,24.75,
2021-04-16 23:00:00,24.7,
2021-04-16 23:15:00,24.74,
2021-04-16 23:30:00,24.7,
2021-04-16 23:45:00,24.7,
2021-04-17 00:00:00,24.69,
2021-04-17 00:15:00,24.64,
2021-04-17 00:30:00,24.64,
2021-04-17 00:45:00,24.62,
2021-04-17 01:00:00,24.62,
2021-04-17 01:15:00,24.7,
2021-04-17 01:30:00,24.7,
2021-04-17 01:45:00,24.69,
2021-04-17 02:00:00,24.6,
2021-04-17 02:15:00,24.66,
2021-04-17 02:30:00,24.63,
2021-04-17 02:45:00,24.58,
2021-04-17 03:00:00,24.63,
2021-04-17 03:15:00,24.58,
2021-04-17 03:30:00,24.6,
2021-04-17 03:45:00,24.59,
2021-04-17 04:00:00,24.54,
2021-04-17 04:15:00,24.53,
2021-04-17 04:30:00,24.52,
2021-04-17 04:45:00,24.44,
2021-04-17 05:00:00,24.44,
2021-04-17 05:15:00,24.45,
2021-04-17 05:30:00,24.38,
2021-04-17 05:45:00,24.48,
2021-04-17 06:00:00,24.4,
2021-04-17 06:15:00,24.41,
2021-04-17 06:30:00,24.41,
2021-04-17 06:45:00,24.4,
2021-04-17 07:00:00,24.35,
2021-04-17 07:15:00,24.42,
2021-04-17 07:30:00,24.43,
2021-04-17 07:45:00,24.34,
2021-04-17 08:00:00,24.39,
2021-04-17 08:15:00,24.35,
2021-04-17 08:30:00,24.37,
2021-04-17 08:45:00,24.38,
2021-04-17 09:00:00,24.37,
2021-04-17 09:15:00,24.39,
2021-04-17 09:30:00,24.4,
2021-04-17 09:45:00,24.39,
2021-04-17 10:00:00,24.43,
2021-04-17 10:15:00,24.41,
2021-04-17 10:30:00,24.41,
2021-04-17 10:45:00,24.48,
2021-04-17 11:00:00,24.48,
2021-04-17 11:15:00,24.46,
2021-04-17 11:30:00,24.43,
2021-04-17 11:45:00,24.53,
2021-04-17 12:00:00,24.51,
2021-04-17 12:15:00,24.5,
2021-04-17 12:30:00,24.62,
2021-04-17 12:45:00,24.6,
2021-04-17 13:00:00,24.74,
2021-04-17 13:15:00,24.86,
2021-04-17 13:30:00,24.89,
2021-04-17 13:45:00,24.92,
2021-04-17 14:00:00,25.05,
2021-04-17 14:15:00,25.17,
2021-04-17 14:30:00,25.11,
2021-04-17 14:45:00,25.31,
2021-04-17 15:00:00,25.42,
2021-04-17 15:15:00,25.51,
2021-04-17 15:30:00,25.7,
2021-04-17 15:45:00,25.76,
2021-04-17 16:00:00,25.95,
2021-04-17 16:15:00,26.12,
2021-04-17 16:30:00,26.21,
2021-04-17 16:45:00,26.31,
2021-04-17 17:00:00,26.49,
2021-04-17 17:15:00,26.6,
2021-04-17 17:30:00,26.71,
2021-04-17 17:45:00,26.87,
2021-04-17 18:00:00,26.8,
2021-04-17 18:15:00,26.67,
2021-04-17 18:30:00,26.63,
2021-04-17 18:45:00,26.66,
2021-04-17 19:00:00,26.47,
2021-04-17 19:15:00,26.5,
2021-04-17 19:30:00,26.38,
2021-04-17 19:45:00,26.33,
2021-04-17 20:00:00,26.19,
2021-04-17 20:15:00,26.16,
2021-04-17 20:30:00,26.06,
2021-04-17 20:45:00,25.97,
2021-04-17 21:00:00,25.84,
2021-04-17 21:15:00,25.81,
2021-04-17 21:30:00,25.74,
2021-04-17 21:45:00,25.66,
2021-04-17 22:00:00,25.66,
2021-04-17 22:15:00,25.47,
2021-04-17 22:30:00,25.53,
2021-04-17 22:45:00,25.43,
2021-04-17 23:00:00,25.39,
2021-04-17 23:15:00,25.33,
2021-04-17 23:30:00,25.26,
2021-04-17 23:45:00,25.18,
2021-04-18 00:00:00,25.2,
2021-04-18 00:15:00,25.13,
2021-04-18 00:30:00,25.1,
2021-04-18 00:45:00,25.06,
2021-04-18 01:00:00,25.09,
2021-04-18 01:15:00,24.92,
2021-04-18 01:30:00,25.07,
2021-04-18 01:45:00,25.04,
2021-04-18 02:00:00,24.91,
2021-04-18 02:15:00,24.96,
2021-04-18 02:30:00,24.92,
2021-04-18 02:45:00,24.88,
2021-04-18 03:00:00,24.83,
2021-04-18 03:15:00,24.83,
2021-04-18 03:30:00,24.81,
2021-04-18 03:45:00,24.74,
2021-04-18 04:00:00,24.76,
2021-04-18 04:15:00,24.7,
2021-04-18 04:30:00,24.65,
2021-04-18 04:45:00,24.63,
2021-04-18 05:00:00,24.69,
2021-04-18 05:15:00,24.55,
2021-04-18 05:30:00,24.63,
2021-04-18 05:45:00,24.55,
2021-04-18 06:00:00,24.49,
2021-04-18 06:15:00,24.59,
2021-04-18 06:30:00,24.42,
2021-04-18 06:45:00,24.46,
2021-04-18 07:00:00,24.37,
2021-04-18 07:15:00,24.44,
2021-04-18 07:30:00,24.42,
2021-04-18 07:45:00,24.36,
2021-04-18 08:00:00,24.43,
2021-04-18 08:15:00,24.4,
2021-04-18 08:30:00,24.38,
2021-04-18 08:45:00,24.41,
2021-04-18 09:00:00,24.41,
2021-04-18 09:15:00,24.48,
2021-04-18 09:30:00,24.45,
2021-04-18 09:45:00,24.39,
2021-04-18 10:00:00,24.47,
2021-04-18 10:15:00,24.46,
2021-04-18 10:30:00,24.52,
2021-04-18 10:45:00,24.58,
2021-04-18 11:00:00,24.65,
2021-04-18 11:15:00,24.62,
2021-04-18 11:30:00,24.71,
2021-04-18 11:45:00,24.72,
2021-04-18 12:00:00,24.82,
2021-04-18 12:15:00,24.73,
2021-04-18 12:30:00,24.83,
2021-04-18 12:45:00,24.98,
2021-04-18 13:00:00,24.94,
2021-04-18 13:15:00,25.05,
2021-04-18 13:30:00,25.17,
2021-04-18 13:45:00,25.25,
2021-04-18 14:00:00,25.36,
2021-04-18 14:15:00,25.38,
2021-04-18 14:30:00,25.45,
2021-04-18 14:45:00,25.55,
2021-04-18 15:00:00,25.66,
2021-04-18 15:15:00,25.62,
2021-04-18 15:30:00,25.76,
2021-04-18 15:45:00,25.85,
2021-04-18 16:00:00,25.9,
2021-04-18 16:15:00,25.93,
2021-04-18 16:30:00,25.99,
2021-04-18 16:45:00,26.14,
2021-04-18 17:00:00,26.02,
2021-04-18 17:15:00,26.09,
2021-04-18 17:30:00,26.08,
2021-04-18 17:45:00,26.05,
2021-04-18 18:00:00,26.03,
2021-04-18 18:15:00,25.98,
2021-04-18 18:30:00,26.03,
2021-04-18 18:45:00,25.95,
2021-04-18 19:00:00,25.97,
2021-04-18 19:15:00,25.89,
2021-04-18 19:30:00,25.88,
2021-04-18 19:45:00,25.8,
2021-04-18 20:00:00,25.69,
2021-04-18 20:15:00,25.65,
2021-04-18 20:30:00,25.71,
2021-04-18 20:45:00,25.57,
2021-04-18 21:00:00,25.63,
2021-04-18 21:15:00,25.54,
2021-04-18 21:30:00,25.53,
2021-04-18 21:45:00,25.46,
2021-04-18 22:00:00,25.43,
2021-04-18 22:15:00,25.3,
2021-04-18 22:30:00,25.36,
2021-04-18 22:45:00,25.34,
2021-04-18 23:00:00,25.31,
2021-04-18 23:15:00,25.33,
2021-04-18 23:30:00,25.32,
2021-04-18 23:45:00,25.29,
2021-04-19 00:00:00,25.21,
2021-04-19 00:15:00,25.24,
2021-04-19 00:30:00,25.19,
2021-04-19 00:45:00,25.1,
2021-04-19 01:00:00,25.17,
2021-04-19 01:15:00,25.12,
2021-04-19 01:30:00,25.07,
2021-04-19 01:45:00,25.14,
2021-04-19 02:00:00,25.07,
2021-04-19 02:15:00,25.11,
2021-04-19 02:30:00,25.07,
2021-04-19 02:45:00,25.07,
2021-04-19 03:00:00,25.02,
2021-04-19 03:15:00,25.05,
2021-04-19 03:30:00,25.1,
2021-04-19 03:45:00,25.02,
2021-04-19 04:00:00,24.95,
2021-04-19 04:15:00,24.91,
2021-04-19 04:30:00,25.03,
2021-04-19 04:45:00,24.97,
2021-04-19 05:00:00,24.83,
2021-04-19 05:15:00,24.92,
2021-04-19 05:30:00,24.89,
2021-04-19 05:45:00,24.87,
2021-04-19 06:00:00,24.79,
2021-04-19 06:15:00,24.85,
2021-04-19 06:30:00,24.78,
2021-04-19 06:45:00,24.83,
2021-04-19 07:00:00,24.85,
2021-04-19 07:15:00,24.86,
2021-04-19 07:30:00,24.95,
2021-04-19 07:45:00,25.01,
2021-04-19 08:00:00,25.07,
2021-04-19 08:15:00,25.07,
2021-04-19 08:30:00,25.09,
2021-04-19 08:45:00,25.17,
2021-04-19 09:00:00,25.12,
2021-04-19 09:15:00,25.13,
2021-04-19 09:30:00,25.1,
2021-04-19 09:45:00,25.1,
2021-04-19 10:00:00,25.19,
2021-04-19 10:15:00,25.16,
2021-04-19 10:30:00,25.17,
2021-04-19 10:45:00,25.18,
2021-04-19 11:00:00,25.25,
2021-04-19 11:15:00,25.21,
2021-04-19 11:30:00,25.33,
2021-04-19 11:45:00,25.37,
2021-04-19 12:00:00,25.28,
2021-04-19 12:15:00,25.19,
2021-04-19 12:30:00,25.24,
2021-04-19 12:45:00,25.24,
2021-04-19 13:00:00,25.28,
2021-04-19 13:15:00,25.22,
2021-04-19 13:30:00,25.27,
2021-04-19 13:45:00,25.2,
2021-04-19 14:00:00,25.15,
2021-04-19 14:15:00,25.26,
2021-04-19 14:30:00,25.19,
2021-04-19 14:45:00,25.23,
2021-04-19 15:00:00,25.33,
2021-04-19 15:15:00,25.35,
2021-04-19 15:30:00,25.39,
2021-04-19 15:45:00,25.44,
2021-04-19 16:00:00,25.38,
2021-04-19 16:15:00,25.42,
2021-04-19 16:30:00,25.41,
2021-04-19 16:45:00,25.49,
2021-04-19 17:00:00,25.46,
2021-04-19 17:15:00,25.53,
2021-04-19 17:30:00,25.68,
2021-04-19 17:45:00,25.75,
2021-04-19 18:00:00,25.73,
2021-04-19 18:15:00,25.66,
2021-04-19 18:30:00,25.58,
2021-04-19 18:45:00,25.6,
2021-04-19 19:00:00,25.65,
2021-04-19 19:15:00,25.54,
2021-04-19 19:30:00,25.53,
2021-04-19 19:45:00,25.49,
2021-04-19 20:00:00,25.41,
2021-04-19 20:15:00,25.41,
2021-04-19 20:30:00,25.4,
2021-04-19 20:45:00,25.3,
2021-04-19 21:00:00,25.22,
2021-04-19 21:15:00,25.23,
2021-04-19 21:30:00,25.13,
2021-04-19 21:45:00,25.17,
2021-04-19 22:00:00,25.12,
2021-04-19 22:15:00,24.96,
2021-04-19 22:30:00,25.0,
2021-04-19 22:45:00,24.95,
2021-04-19 23:00:00,25.03,
2021-04-19 23:15:00,24.96,
2021-04-19 23:30:00,24.91,
2021-04-19 23:45:00,24.91,
2021-04-20 00:00:00,24.87,
2021-04-20 00:15:00,24.85,
2021-04-20 00:30:00,24.86,
2021-04-20 00:45:00,24.82,
2021-04-20 01:00:00,24.82,
2021-04-20 01:15:00,24.93,
2021-04-20 01:30:00,24.8,
2021-04-20 01:45:00,24.74,
2021-04-20 02:00:00,24.82,
2021-04-20 02:15:00,24.82,
2021-04-20 02:30:00,24.78,
2021-04-20 02:45:00,24.69,
2021-04-20 03:00:00,24.74,
2021-04-20 03:15:00,24.71,
2021-04-20 03:30:00,24.76,
2021-04-20 03:45:00,24.65,
2021-04-20 04:00:00,24.74,
2021-04-20 04:15:00,24.64,
2021-04-20 04:30:00,24.68,
2021-04-20 04:45:00,24.68,
2021-04-20 05:00:00,24.64,
2021-04-20 05:15:00,24.61,
2021-04-20 05:30:00,24.62,
2021-04-20 05:45:00,24.61,
2021-04-20 06:00:00,24.65,
2021-04-20 06:15:00,24.63,
2021-04-20 06:30:00,24.55,
2021-04-20 06:45:00,24.64,
2021-04-20 07:00:00,24.56,
2021-04-20 07:15:00,24.64,
2021-04-20 07:30:00,24.67,
2021-04-20 07:45:00,24.67,
2021-04-20 08:00:00,24.6,
2021-04-20 08:15:00,24.63,
2021-04-20 08:30:00,24.61,
2021-04-20 08:45:00,24.61,
2021-04-20 09:00:00,24.62,
2021-04-20 09:15:00,24.75,
2021-04-20 09:30:00,24.63,
2021-04-20 09:45:00,24.72,
2021-04-20 10:00:00,24.7,
2021-04-20 10:15:00,24.72,
2021-04-20 10:30:00,24.63,
2021-04-20 10:45:00,24.74,
2021-04-20 11:00:00,24.75,
2021-04-20 11:15:00,24.78,
2021-04-20 11:30:00,24.81,
2021-04-20 11:45:00,24.82,
2021-04-20 12:00:00,24.89,
2021-04-20 12:15:00,24.98,
2021-04-20 12:30:00,24.93,
2021-04-20 12:45:00,24.93,
2021-04-20 13:00:00,24.95,
2021-04-20 13:15:00,25.04,
2021-04-20 13:30:00,24.95,
2021-04-20 13:45:00,25.07,
2021-04-20 14:00:00,25.06,
2021-04-20 14:15:00,25.0,
2021-04-20 14:30:00,24.95,
2021-04-20 14:45:00,25.1,
2021-04-20 15:00:00,25.05,
2021-04-20 15:15:00,25.02,
2021-04-20 15:30:00,25.01,
2021-04-20 15:45:00,25.01,
2021-04-20 16:00:00,24.98,
2021-04-20 16:15:00,25.11,
2021-04-20 16:30:00,24.93,
2021-04-20 16:45:00,25.0,
2021-04-20 17:00:00,25.13,
2021-04-20 17:15:00,25.2,
2021-04-20 17:30:00,25.51,
2021-04-20 17:45:00,25.71,
2021-04-20 18:00:00,25.78,
2021-04-20 18:15:00,25.8,
2021-04-20 18:30:00,25.66,
2021-04-20 18:45:00,25.66,
2021-04-20 19:00:00,25.64,
2021-04-20 19:15:00,25.55,
2021-04-20 19:30:00,25.53,
2021-04-20 19:45:00,25.36,
2021-04-20 20:00:00,25.42,
2021-04-20 20:15:00,25.33,
2021-04-20 20:30:00,25.19,
2021-04-20 20:45:00,25.14,
2021-04-20 21:00:00,25.09,
2021-04-20 21:15:00,24.98,
2021-04-20 21:30:00,24.89,
2021-04-20 21:45:00,24.81,
2021-04-20 22:00:00,24.71,
2021-04-20 22:15:00,24.59,
2021-04-20 22:30:00,24.52,
2021-04-20 22:45:00,24.42,
2021-04-20 23:00:00,24.33,
2021-04-20 23:15:00,24.4,
2021-04-20 23:30:00,24.34,
2021-04-20 23:45:00,24.28,
2021-04-21 00:00:00,24.3,
2021-04-21 00:15:00,24.25,
2021-04-21 00:30:00,24.29,
2021-04-21 00:45:00,24.19,
2021-04-21 01:00:00,24.2,
2021-04-21 01:15:00,24.29,
2021-04-21 01:30:00,24.33,
2021-04-21 01:45:00,24.43,
2021-04-21 02:00:00,24.54,
2021-04-21 02:15:00,24.52,
2021-04-21 02:30:00,24.61,
2021-04-21 02:45:00,24.71,
2021-04-21 03:00:00,24.66,
2021-04-21 03:15:00,24.74,
2021-04-21 03:30:00,24.7,
2021-04-21 03:45:00,24.62,
2021-04-21 04:00:00,24.65,
2021-04-21 04:15:00,24.65,
2021-04-21 04:30:00,24.6,
2021-04-21 04:45:00,24.52,
2021-04-21 05:00:00,24.44,
2021-04-21 05:15:00,24.51,
2021-04-21 05:30:00,24.42,
2021-04-21 05:45:00,24.47,
2021-04-21 06:00:00,24.61,
2021-04-21 06:15:00,24.58,
2021-04-21 06:30:00,24.61,
2021-04-21 06:45:00,24.6,
2021-04-21 07:00:00,24.63,
2021-04-21 07:15:00,24.63,
2021-04-21 07:30:00,24.62,
2021-04-21 07:45:00,24.7,
2021-04-21 08:00:00,24.63,
2021-04-21 08:15:00,24.66,
2021-04-21 08:30:00,24.66,
2021-04-21 08:45:00,24.67,
2021-04-21 09:00:00,24.64,
2021-04-21 09:15:00,24.69,
2021-04-21 09:30:00,24.76,
2021-04-21 09:45:00,24.64,
2021-04-21 10:00:00,24.7,
2021-04-21 10:15:00,24.79,
2021-04-21 10:30:00,24.79,
2021-04-21 10:45:00,24.82,
2021-04-21 11:00:00,24.83,
2021-04-21 11:15:00,24.86,
2021-04-21 11:30:00,24.87,
2021-04-21 11:45:00,24.9,
2021-04-21 12:00:00,24.86,
2021-04-21 12:15:00,24.94,
2021-04-21 12:30:00,24.95,
2021-04-21 12:45:00,25.02,
2021-04-21 13:00:00,24.91,
2021-04-21 13:15:00,24.87,
2021-04-21 13:30:00,24.92,
2021-04-21 13:45:00,25.01,
2021-04-21 14:00:00,24.93,
2021-04-21 14:15:00,25.02,
2021-04-21 14:30:00,24.94,
2021-04-21 14:45:00,25.03,
2021-04-21 15:00:00,25.08,
2021-04-21 15:15:00,25.01,
2021-04-21 15:30:00,25.05,
2021-04-21 15:45:00,25.01,
2021-04-21 16:00:00,25.0,
2021-04-21 16:15:00,25.08,
2021-04-21 16:30:00,24.96,
2021-04-21 16:45:00,25.04,
2021-04-21 17:00:00,25.09,
2021-04-21 17:15:00,25.2,
2021-04-21 17:30:00,25.28,
2021-04-21 17:45:00,25.25,
2021-04-21 18:00:00,25.26,
2021-04-21 18:15:00,25.13,
2021-04-21 18:30:00,25.14,
2021-04-21 18:45:00,25.04,
2021-04-21 19:00:00,25.1,
2021-04-21 19:15:00,25.1,
2021-04-21 19:30:00,24.98,
2021-04-21 19:45:00,25.07,
2021-04-21 20:00:00,24.98,
2021-04-21 20:15:00,25.01,
2021-04-21 20:30:00,25.06,
2021-04-21 20:45:00,25.06,
2021-04-21 21:00:00,25.02,
2021-04-21 21:15:00,25.01,
2021-04-21 21:30:00,25.01,
2021-04-21 21:45:00,25.02,
2021-04-21 22:00:00,25.0,
2021-04-21 22:15:00,25.03,
2021-04-21 22:30:00,24.95,
2021-04-21 22:45:00,24.97,
2021-04-21 23:00:00,24.95,
2021-04-21 23:15:00,24.93,
2021-04-21 23:30:00,24.89,
2021-04-21 23:45:00,24.98,
2021-04-22 00:00:00,24.89,
2021-04-22 00:15:00,24.88,
2021-04-22 00:30:00,24.87,
2021-04-22 00:45:00,24.85,
2021-04-22 01:00:00,24.76,
2021-04-22 01:15:00,24.85,
2021-04-22 01:30:00,24.74,
2021-04-22 01:45:00,24.79,
2021-04-22 02:00:00,24.84,
2021-04-22 02:15:00,24.95,
2021-04-22 02:30:00,25.08,
2021-04-22 02:45:00,25.18,
2021-04-22 03:00:00,25.39,
2021-04-22 03:15:00,25.29,
2021-04-22 03:30:00,25.31,
2021-04-22 03:45:00,25.32,
2021-04-22 04:00:00,25.39,
2021-04-22 04:15:00,25.3,
2021-04-22 04:30:00,25.29,
2021-04-22 04:45:00,25.24,
2021-04-22 05:00:00,25.19,
2021-04-22 05:15:00,25.15,
2021-04-22 05:30:00,25.19,
2021-04-22 05:45:00,25.1,
2021-04-22 06:00:00,25.13,
2021-04-22 06:15:00,25.14,
2021-04-22 06:30:00,25.03,
2021-04-22 06:45:00,25.05,
2021-04-22 07:00:00,25.04,
2021-04-22 07:15:00,25.1,
2021-04-22 07:30:00,25.07,
2021-04-22 07:45:00,25.38,
2021-04-22 08:00:00,25.15,
2021-04-22 08:15:00,25.02,
2021-04-22 08:30:00,24.95,
2021-04-22 08:45:00,24.99,
2021-04-22 09:00:00,24.96,
2021-04-22 09:15:00,24.96,
2021-04-22 09:30:00,25.01,
2021-04-22 09:45:00,25.13,
2021-04-22 10:00:00,25.12,
2021-04-22 10:15:00,25.08,
2021-04-22 10:30:00,25.13,
2021-04-22 10:45:00,25.08,
2021-04-22 11:00:00,25.16,
2021-04-22 11:15:00,25.16,
2021-04-22 11:30:00,25.21,
2021-04-22 11:45:00,25.25,
2021-04-22 12:00:00,25.26,
2021-04-22 12:15:00,25.26,
2021-04-22 12:30:00,25.24,
2021-04-22 12:45:00,25.32,
2021-04-22 13:00:00,25.23,
2021-04-22 13:15:00,25.35,
2021-04-22 13:30:00,25.36,
2021-04-22 13:45:00,25.22,
2021-04-22 14:00:00,25.34,
2021-04-22 14:15:00,25.31,
2021-04-22 14:30:00,25.27,
2021-04-22 14:45:00,25.39,
2021-04-22 15:00:00,25.33,
2021-04-22 15:15:00,25.37,
2021-04-22 15:30:00,25.34,
2021-04-22 15:45:00,25.29,
2021-04-22 16:00:00,25.31,
2021-04-22 16:15:00,25.29,
2021-04-22 16:30:00,25.27,
2021-04-22 16:45:00,25.4,
2021-04-22 17:00:00,25.33,
2021-04-22 17:15:00,25.44,
2021-04-22 17:30:00,25.46,
2021-04-22 17:45:00,25.52,
2021-04-22 18:00:00,25.34,
2021-04-22 18:15:00,25.37,
2021-04-22 18:30:00,25.44,
2021-04-22 18:45:00,25.46,
2021-04-22 19:00:00,25.37,
2021-04-22 19:15:00,25.41,
2021-04-22 19:30:00,25.37,
2021-04-22 19:45:00,25.34,
2021-04-22 20:00:00,25.36,
2021-04-22 20:15:00,25.34,
2021-04-22 20:30:00,25.35,
2021-04-22 20:45:00,25.42,
2021-04-22 21:00:00,25.36,
2021-04-22 21:15:00,25.32,
2021-04-22 21:30:00,25.3,
2021-04-22 21:45:00,25.34,
2021-04-22 22:00:00,25.39,
2021-04-22 22:15:00,25.23,
2021-04-22 22:30:00,25.27,
2021-04-22 22:45:00,25.28,
2021-04-22 23:00:00,25.4,
2021-04-22 23:15:00,25.81,
2021-04-22 23:30:00,26.15,
2021-04-22 23:45:00,26.32,
2021-04-23 00:00:00,26.4,
2021-04-23 00:15:00,26.54,
2021-04-23 00:30:00,26.54,
2021-04-23 00:45:00,26.57,
2021-04-23 01:00:00,26.54,
2021-04-23 01:15:00,26.39,
2021-04-23 01:30:00,26.3,
2021-04-23 01:45:00,26.24,
2021-04-23 02:00:00,26.13,
2021-04-23 02:15:00,26.18,
2021-04-23 02:30:00,26.18,
2021-04-23 02:45:00,26.18,
2021-04-23 03:00:00,26.09,
2021-04-23 03:15:00,26.09,
2021-04-23 03:30:00,25.99,
2021-04-23 03:45:00,26.04,
2021-04-23 04:00:00,25.95,
2021-04-23 04:15:00,25.84,
2021-04-23 04:30:00,25.98,
2021-04-23 04:45:00,25.94,
2021-04-23 05:00:00,25.88,
2021-04-23 05:15:00,25.89,
2021-04-23 05:30:00,25.82,
2021-04-23 05:45:00,25.81,
2021-04-23 06:00:00,25.81,
2021-04-23 06:15:00,25.81,
2021-04-23 06:30:00,25.78,
2021-04-23 06:45:00,25.75,
2021-04-23 07:00:00,25.7,
2021-04-23 07:15:00,25.63,
2021-04-23 07:30:00,25.7,
2021-04-23 07:45:00,25.67,
2021-04-23 08:00:00,25.69,
2021-04-23 08:15:00,25.75,
2021-04-23 08:30:00,25.73,
2021-04-23 08:45:00,25.7,
2021-04-23 09:00:00,25.71,
2021-04-23 09:15:00,25.73,
2021-04-23 09:30:00,25.65,
2021-04-23 09:45:00,25.65,
2021-04-23 10:00:00,25.65,
2021-04-23 10:15:00,25.62,
2021-04-23 10:30:00,25.67,
2021-04-23 10:45:00,25.64,
2021-04-23 11:00:00,25.78,
2021-04-23 11:15:00,25.72,
2021-04-23 11:30:00,25.77,
2021-04-23 11:45:00,25.73,
2021-04-23 12:00:00,25.67,
2021-04-23 12:15:00,25.65,
2021-04-23 12:30:00,25.53,
2021-04-23 12:45:00,25.69,
2021-04-23 13:00:00,25.64,
2021-04-23 13:15:00,25.76,
2021-04-23 13:30:00,25.6,
2021-04-23 13:45:00,25.55,
2021-04-23 14:00:00,25.61,
2021-04-23 14:15:00,25.6,
2021-04-23 14:30:00,25.53,
2021-04-23 14:45:00,25.72,
2021-04-23 15:00:00,25.64,
2021-04-23 15:15:00,25.67,
2021-04-23 15:30:00,25.61,
2021-04-23 15:45:00,25.63,
2021-04-23 16:00:00,25.57,
2021-04-23 16:15:00,25.6,
2021-04-23 16:30:00,25.57,
2021-04-23 16:45:00,25.58,
2021-04-23 17:00:00,25.63,
2021-04-23 17:15:00,25.63,
2021-04-23 17:30:00,25.65,
2021-04-23 17:45:00,25.66,
2021-04-23 18:00:00,25.72,
2021-04-23 18:15:00,25.66,
2021-04-23 18:30:00,25.57,
2021-04-23 18:45:00,25.6,
2021-04-23 19:00:00,25.59,
2021-04-23 19:15:00,25.57,
2021-04-23 19:30:00,25.5,
2021-04-23 19:45:00,25.57,
2021-04-23 20:00:00,25.5,
2021-04-23 20:15:00,25.6,
2021-04-23 20:30:00,25.54,
2021-04-23 20:45:00,25.57,
2021-04-23 21:00:00,25.55,
2021-04-23 21:15:00,25.47,
2021-04-23 21:30:00,25.46,
2021-04-23 21:45:00,25.53,
2021-04-23 22:00:00,25.91,
2021-04-23 22:15:00,25.93,
2021-04-23 22:30:00,25.74,
2021-04-23 22:45:00,25.6,
2021-04-23 23:00:00,25.57,
2021-04-23 23:15:00,25.7,
2021-04-23 23:30:00,26.0,
2021-04-23 23:45:00,26.21,
2021-04-24 00:00:00,26.25,
2021-04-24 00:15:00,26.33,
2021-04-24 00:30:00,26.32,
2021-04-24 00:45:00,26.27,
2021-04-24 01:00:00,26.25,
2021-04-24 01:15:00,26.22,
2021-04-24 01:30:00,26.13,
2021-04-24 01:45:00,26.18,
2021-04-24 02:00:00,26.1,
2021-04-24 02:15:00,26.11,
2021-04-24 02:30:00,26.03,
2021-04-24 02:45:00,25.97,
2021-04-24 03:00:00,25.95,
2021-04-24 03:15:00,25.97,
2021-04-24 03:30:00,25.97,
2021-04-24 03:45:00,26.0,
2021-04-24 04:00:00,25.86,
2021-04-24 04:15:00,25.9,
2021-04-24 04:30:00,25.83,
2021-04-24 04:45:00,25.74,
2021-04-24 05:00:00,25.77,
2021-04-24 05:15:00,25.76,
2021-04-24 05:30:00,25.78,
2021-04-24 05:45:00,25.7,
2021-04-24 06:00:00,25.78,
2021-04-24 06:15:00,25.66,
2021-04-24 06:30:00,25.64,
2021-04-24 06:45:00,25.66,
2021-04-24 07:00:00,25.69,
2021-04-24 07:15:00,25.72,
2021-04-24 07:30:00,25.66,
2021-04-24 07:45:00,25.66,
2021-04-24 08:00:00,25.69,
2021-04-24 08:15:00,25.63,
2021-04-24 08:30:00,25.66,
2021-04-24 08:45:00,25.69,
2021-04-24 09:00:00,25.61,
2021-04-24 09:15:00,25.72,
2021-04-24 09:30:00,25.72,
2021-04-24 09:45:00,25.76,
2021-04-24 10:00:00,25.69,
2021-04-24 10:15:00,25.71,
2021-04-24 10:30:00,25.81,
2021-04-24 10:45:00,25.73,
2021-04-24 11:00:00,25.85,
2021-04-24 11:15:00,25.81,
2021-04-24 11:30:00,25.75,
2021-04-24 11:45:00,25.88,
2021-04-24 12:00:00,25.85,
2021-04-24 12:15:00,25.86,
2021-04-24 12:30:00,25.91,
2021-04-24 12:45:00,25.94,
2021-04-24 13:00:00,25.85,
2021-04-24 13:15:00,25.87,
2021-04-24 13:30:00,25.96,
2021-04-24 13:45:00,25.92,
2021-04-24 14:00:00,25.85,
2021-04-24 14:15:00,25.82,
2021-04-24 14:30:00,25.82,
2021-04-24 14:45:00,25.84,
2021-04-24 15:00:00,25.94,
2021-04-24 15:15:00,25.85,
2021-04-24 15:30:00,25.83,
2021-04-24 15:45:00,25.84,
2021-04-24 16:00:00,25.81,
2021-04-24 16:15:00,25.88,
2021-04-24 16:30:00,25.77,
2021-04-24 16:45:00,25.79,
2021-04-24 17:00:00,25.76,
2021-04-24 17:15:00,25.76,
2021-04-24 17:30:00,25.84,
2021-04-24 17:45:00,25.85,
2021-04-24 18:00:00,25.91,
2021-04-24 18:15:00,25.88,
2021-04-24 18:30:00,25.86,
2021-04-24 18:45:00,25.89,
2021-04-24 19:00:00,25.83,
2021-04-24 19:15:00,25.85,
2021-04-24 19:30:00,25.9,
2021-04-24 19:45:00,25.88,
2021-04-24 20:00:00,25.81,
2021-04-24 20:15:00,25.89,
2021-04-24 20:30:00,25.88,
2021-04-24 20:45:00,25.9,
2021-04-24 21:00:00,25.88,
2021-04-24 21:15:00,25.86,
2021-04-24 21:30:00,25.87,
2021-04-24 21:45:00,25.86,
2021-04-24 22:00:00,25.87,
2021-04-24 22:15:00,25.82,
2021-04-24 22:30:00,25.79,
2021-04-24 22:45:00,25.77,
2021-04-24 23:00:00,25.83,
2021-04-24 23:15:00,25.77,
2021-04-24 23:30:00,25.78,
2021-04-24 23:45:00,25.89,
2021-04-25 00:00:00,26.1,
2021-04-25 00:15:00,26.37,
2021-04-25 00:30:00,26.38,
2021-04-25 00:45:00,26.47,
2021-04-25 01:00:00,26.47,
2021-04-25 01:15:00,26.44,
2021-04-25 01:30:00,26.42,
2021-04-25 01:45:00,26.45,
2021-04-25 02:00:00,26.47,
2021-04-25 02:15:00,26.4,
2021-04-25 02:30:00,26.39,
2021-04-25 02:45:00,26.42,
2021-04-25 03:00:00,26.37,
2021-04-25 03:15:00,26.4,
2021-04-25 03:30:00,26.33,
2021-04-25 03:45:00,26.38,
2021-04-25 04:00:00,26.4,
2021-04-25 04:15:00,26.41,
2021-04-25 04:30:00,26.34,
2021-04-25 04:45:00,26.38,
2021-04-25 05:00:00,26.36,
2021-04-25 05:15:00,26.34,
2021-04-25 05:30:00,26.36,
2021-04-25 05:45:00,26.32,
2021-04-25 06:00:00,26.28,
2021-04-25 06:15:00,26.3,
2021-04-25 06:30:00,26.41,
2021-04-25 06:45:00,26.49,
2021-04-25 07:00:00,26.5,
2021-04-25 07:15:00,26.38,
2021-04-25 07:30:00,26.32,
2021-04-25 07:45:00,26.34,
2021-04-25 08:00:00,26.35,
2021-04-25 08:15:00,26.43,
2021-04-25 08:30:00,26.39,
2021-04-25 08:45:00,26.36,
2021-04-25 09:00:00,26.38,
2021-04-25 09:15:00,26.37,
2021-04-25 09:30:00,26.3,
2021-04-25 09:45:00,26.35,
2021-04-25 10:00:00,26.3,
2021-04-25 10:15:00,26.38,
2021-04-25 10:30:00,26.35,
2021-04-25 10:45:00,26.33,
2021-04-25 11:00:00,26.45,
2021-04-25 11:15:00,26.42,
2021-04-25 11:30:00,26.47,
2021-04-25 11:45:00,26.43,
2021-04-25 12:00:00,26.47,
2021-04-25 12:15:00,26.45,
2021-04-25 12:30:00,26.46,
2021-04-25 12:45:00,26.45,
2021-04-25 13:00:00,26.5,
2021-04-25 13:15:00,26.46,
2021-04-25 13:30:00,26.5,
2021-04-25 13:45:00,26.46,
2021-04-25 14:00:00,26.53,
2021-04-25 14:15:00,26.42,
2021-04-25 14:30:00,26.42,
2021-04-25 14:45:00,26.48,
2021-04-25 15:00:00,26.44,
2021-04-25 15:15:00,26.45,
2021-04-25 15:30:00,26.56,
2021-04-25 15:45:00,26.57,
2021-04-25 16:00:00,26.59,
2021-04-25 16:15:00,26.59,
2021-04-25 16:30:00,26.67,
2021-04-25 16:45:00,26.64,
2021-04-25 17:00:00,26.66,
2021-04-25 17:15:00,26.66,
2021-04-25 17:30:00,26.67,
2021-04-25 17:45:00,26.67,
2021-04-25 18:00:00,26.7,
2021-04-25 18:15:00,26.65,
2021-04-25 18:30:00,26.68,
2021-04-25 18:45:00,26.65,
2021-04-25 19:00:00,26.7,
2021-04-25 19:15:00,26.67,
2021-04-25 19:30:00,26.71,
2021-04-25 19:45:00,26.62,
2021-04-25 20:00:00,26.7,
2021-04-25 20:15:00,26.67,
2021-04-25 20:30:00,26.66,
2021-04-25 20:45:00,26.68,
2021-04-25 21:00:00,26.7,
2021-04-25 21:15:00,26.74,
2021-04-25 21:30:00,26.76,
2021-04-25 21:45:00,26.77,
2021-04-25 22:00:00,26.77,
2021-04-25 22:15:00,26.79,
2021-04-25 22:30:00,26.8,
2021-04-25 22:45:00,26.72,
2021-04-25 23:00:00,26.83,
2021-04-25 23:15:00,26.95,
2021-04-25 23:30:00,27.19,
2021-04-25 23:45:00,27.42,
2021-04-26 00:00:00,27.64,
2021-04-26 00:15:00,27.73,
2021-04-26 00:30:00,27.84,
2021-04-26 00:45:00,28.01,
2021-04-26 01:00:00,28.07,
2021-04-26 01:15:00,28.12,
2021-04-26 01:30:00,28.15,
2021-04-26 01:45:00,28.28,
2021-04-26 02:00:00,28.33,
2021-04-26 02:15:00,28.35,
2021-04-26 02:30:00,28.35,
2021-04-26 02:45:00,28.42,
2021-04-26 03:00:00,28.38,
2021-04-26 03:15:00,28.46,
2021-04-26 03:30:00,28.49,
2021-04-26 03:45:00,28.56,
2021-04-26 04:00:00,28.54,
2021-04-26 04:15:00,28.61,
2021-04-26 04:30:00,28.56,
2021-04-26 04:45:00,28.55,
2021-04-26 05:00:00,28.56,
2021-04-26 05:15:00,28.48,
2021-04-26 05:30:00,28.57,
2021-04-26 05:45:00,28.53,
2021-04-26 06:00:00,28.63,
2021-04-26 06:15:00,28.51,
2021-04-26 06:30:00,28.59,
2021-04-26 06:45:00,28.61,
2021-04-26 07:00:00,28.59,
2021-04-26 07:15:00,28.62,
2021-04-26 07:30:00,28.62,
2021-04-26 07:45:00,28.65,
2021-04-26 08:00:00,28.55,
2021-04-26 08:15:00,28.63,
2021-04-26 08:30:00,28.59,
2021-04-26 08:45:00,28.67,
2021-04-26 09:00:00,28.73,
2021-04-26 09:15:00,28.89,
2021-04-26 09:30:00,28.92,
2021-04-26 09:45:00,29.04,
2021-04-26 10:00:00,29.03,
2021-04-26 10:15:00,29.1,
2021-04-26 10:30:00,29.12,
2021-04-26 10:45:00,29.15,
2021-04-26 11:00:00,29.15,
2021-04-26 11:15:00,29.23,
2021-04-26 11:30:00,29.23,
2021-04-26 11:45:00,29.29,
2021-04-26 12:00:00,29.25,
2021-04-26 12:15:00,29.29,
2021-04-26 12:30:00,29.37,
2021-04-26 12:45:00,29.29,
2021-04-26 13:00:00,29.35,
2021-04-26 13:15:00,29.3,
2021-04-26 13:30:00,29.32,
2021-04-26 13:45:00,29.44,
2021-04-26 14:00:00,29.36,
2021-04-26 14:15:00,29.3,
2021-04-26 14:30:00,29.2,
2021-04-26 14:45:00,29.22,
2021-04-26 15:00:00,29.15,
2021-04-26 15:15:00,29.11,
2021-04-26 15:30:00,29.12,
2021-04-26 15:45:00,29.05,
2021-04-26 16:00:00,28.93,
2021-04-26 16:15:00,28.9,
2021-04-26 16:30:00,28.81,
2021-04-26 16:45:00,28.76,
2021-04-26 17:00:00,28.75,
2021-04-26 17:15:00,28.69,
2021-04-26 17:30:00,28.67,
2021-04-26 17:45:00,28.56,
2021-04-26 18:00:00,28.56,
2021-04-26 18:15:00,28.57,
2021-04-26 18:30:00,28.56,
2021-04-26 18:45:00,28.5,
2021-04-26 19:00:00,28.55,
2021-04-26 19:15:00,28.5,
2021-04-26 19:30:00,28.53,
2021-04-26 19:45:00,28.52,
2021-04-26 20:00:00,28.5,
2021-04-26 20:15:00,28.54,
2021-04-26 20:30:00,28.58,
2021-04-26 20:45:00,28.59,
2021-04-26 21:00:00,28.59,
2021-04-26 21:15:00,28.56,
2021-04-26 21:30:00,28.55,
2021-04-26 21:45:00,28.56,
2021-04-26 22:00:00,28.63,
2021-04-26 22:15:00,28.56,
2021-04-26 22:30:00,28.6,
2021-04-26 22:45:00,28.6,
2021-04-26 23:00:00,28.51,
2021-04-26 23:15:00,28.54,
2021-04-26 23:30:00,28.54,
2021-04-26 23:45:00,28.46,
2021-04-27 00:00:00,28.46,
2021-04-27 00:15:00,28.37,
2021-04-27 00:30:00,28.45,
2021-04-27 00:45:00,28.43,
2021-04-27 01:00:00,28.34,
2021-04-27 01:15:00,28.38,
2021-04-27 01:30:00,28.33,
2021-04-27 01:45:00,28.22,
2021-04-27 02:00:00,28.31,
2021-04-27 02:15:00,28.19,
2021-04-27 02:30:00,28.26,
2021-04-27 02:45:00,28.13,
2021-04-27 03:00:00,28.19,
2021-04-27 03:15:00,28.2,
2021-04-27 03:30:00,28.15,
2021-04-27 03:45:00,28.18,
2021-04-27 04:00:00,28.13,
2021-04-27 04:15:00,28.08,
2021-04-27 04:30:00,28.01,
2021-04-27 04:45:00,28.09,
2021-04-27 05:00:00,28.03,
2021-04-27 05:15:00,27.93,
2021-04-27 05:30:00,27.97,
2021-04-27 05:45:00,27.92,
2021-04-27 06:00:00,28.02,
2021-04-27 06:15:00,27.95,
2021-04-27 06:30:00,28.0,
2021-04-27 06:45:00,27.88,
2021-04-27 07:00:00,27.93,
2021-04-27 07:15:00,27.86,
2021-04-27 07:30:00,27.88,
2021-04-27 07:45:00,27.87,
2021-04-27 08:00:00,27.83,
2021-04-27 08:15:00,27.78,
2021-04-27 08:30:00,27.79,
2021-04-27 08:45:00,27.84,
2021-04-27 09:00:00,27.86,
2021-04-27 09:15:00,27.83,
2021-04-27 09:30:00,27.87,
2021-04-27 09:45:00,27.87,
2021-04-27 10:00:00,27.9,
2021-04-27 10:15:00,27.83,
2021-04-27 10:30:00,27.92,
2021-04-27 10:45:00,27.86,
2021-04-27 11:00:00,27.87,
2021-04-27 11:15:00,27.86,
2021-04-27 11:30:00,27.88,
2021-04-27 11:45:00,27.86,
2021-04-27 12:00:00,27.85,
2021-04-27 12:15:00,27.83,
2021-04-27 12:30:00,27.81,
2021-04-27 12:45:00,27.88,
2021-04-27 13:00:00,27.82,
2021-04-27 13:15:00,27.83,
2021-04-27 13:30:00,27.77,
2021-04-27 13:45:00,27.8,
2021-04-27 14:00:00,27.81,
2021-04-27 14:15:00,27.69,
2021-04-27 14:30:00,27.66,
2021-04-27 14:45:00,27.72,
2021-04-27 15:00:00,27.61,
2021-04-27 15:15:00,27.66,
2021-04-27 15:30:00,27.63,
2021-04-27 15:45:00,27.61,
2021-04-27 16:00:00,27.65,
2021-04-27 16:15:00,27.7,
2021-04-27 16:30:00,27.69,
2021-04-27 16:45:00,27.68,
2021-04-27 17:00:00,27.76,
2021-04-27 17:15:00,27.71,
2021-04-27 17:30:00,27.8,
2021-04-27 17:45:00,27.78,
2021-04-27 18:00:00,27.75,
2021-04-27 18:15:00,27.64,
2021-04-27 18:30:00,27.56,
2021-04-27 18:45:00,27.54,
2021-04-27 19:00:00,27.61,
2021-04-27 19:15:00,27.52,
2021-04-27 19:30:00,27.51,
2021-04-27 19:45:00,27.51,
2021-04-27 20:00:00,27.5,
2021-04-27 20:15:00,27.47,
2021-04-27 20:30:00,27.46,
2021-04-27 20:45:00,27.5,
2021-04-27 21:00:00,27.44,
2021-04-27 21:15:00,27.37,
2021-04-27 21:30:00,27.44,
2021-04-27 21:45:00,27.41,
2021-04-27 22:00:00,27.43,
2021-04-27 22:15:00,27.45,
2021-04-27 22:30:00,27.38,
2021-04-27 22:45:00,27.4,
2021-04-27 23:00:00,27.4,
2021-04-27 23:15:00,27.38,
2021-04-27 23:30:00,27.39,
2021-04-27 23:45:00,27.42,
2021-04-28 00:00:00,27.41,
2021-04-28 00:15:00,27.41,
2021-04-28 00:30:00,27.36,
2021-04-28 00:45:00,27.4,
2021-04-28 01:00:00,27.5,
2021-04-28 01:15:00,27.71,
2021-04-28 01:30:00,27.86,
2021-04-28 01:45:00,27.86,
2021-04-28 02:00:00,27.92,
2021-04-28 02:15:00,27.86,
2021-04-28 02:30:00,27.86,
2021-04-28 02:45:00,27.88,
2021-04-28 03:00:00,27.82,
2021-04-28 03:15:00,27.73,
2021-04-28 03:30:00,27.67,
2021-04-28 03:45:00,27.72,
2021-04-28 04:00:00,27.68,
2021-04-28 04:15:00,27.67,
2021-04-28 04:30:00,27.63,
2021-04-28 04:45:00,27.66,
2021-04-28 05:00:00,27.56,
2021-04-28 05:15:00,27.61,
2021-04-28 05:30:00,27.59,
2021-04-28 05:45:00,27.54,
2021-04-28 06:00:00,27.58,
2021-04-28 06:15:00,27.55,
2021-04-28 06:30:00,27.44,
2021-04-28 06:45:00,27.46,
2021-04-28 07:00:00,27.54,
2021-04-28 07:15:00,27.4,
2021-04-28 07:30:00,27.4,
2021-04-28 07:45:00,27.39,
2021-04-28 08:00:00,27.4,
2021-04-28 08:15:00,27.46,
2021-04-28 08:30:00,27.42,
2021-04-28 08:45:00,27.51,
2021-04-28 09:00:00,27.46,
2021-04-28 09:15:00,27.49,
2021-04-28 09:30:00,27.52,
2021-04-28 09:45:00,27.5,
2021-04-28 10:00:00,27.52,
2021-04-28 10:15:00,27.58,
2021-04-28 10:30:00,27.63,
2021-04-28 10:45:00,27.53,
2021-04-28 11:00:00,27.61,
2021-04-28 11:15:00,27.57,
2021-04-28 11:30:00,27.53,
2021-04-28 11:45:00,27.54,
2021-04-28 12:00:00,27.64,
2021-04-28 12:15:00,27.61,
2021-04-28 12:30:00,27.55,
2021-04-28 12:45:00,27.58,
2021-04-28 13:00:00,27.59,
2021-04-28 13:15:00,27.67,
2021-04-28 13:30:00,27.59,
2021-04-28 13:45:00,27.62,
2021-04-28 14:00:00,27.59,
2021-04-28 14:15:00,27.51,
2021-04-28 14:30:00,27.52,
2021-04-28 14:45:00,27.64,
2021-04-28 15:00:00,27.66,
2021-04-28 15:15:00,27.55,
2021-04-28 15:30:00,27.67,
2021-04-28 15:45:00,27.61,
2021-04-28 16:00:00,27.62,
2021-04-28 16:15:00,27.63,
2021-04-28 16:30:00,27.63,
2021-04-28 16:45:00,27.64,
2021-04-28 17:00:00,27.7,
2021-04-28 17:15:00,27.73,
2021-04-28 17:30:00,27.75,
2021-04-28 17:45:00,27.76,
2021-04-28 18:00:00,27.78,
2021-04-28 18:15:00,27.71,
2021-04-28 18:30:00,27.68,
2021-04-28 18:45:00,27.62,
2021-04-28 19:00:00,27.63,
2021-04-28 19:15:00,27.64,
2021-04-28 19:30:00,27.68,
2021-04-28 19:45:00,27.62,
2021-04-28 20:00:00,27.5,
2021-04-28 20:15:00,27.48,
2021-04-28 20:30:00,27.6,
2021-04-28 20:45:00,27.63,
2021-04-28 21:00:00,27.62,
2021-04-28 21:15:00,27.61,
2021-04-28 21:30:00,27.6,
2021-04-28 21:45:00,27.57,
2021-04-28 22:00:00,27.6,
2021-04-28 22:15:00,27.56,
2021-04-28 22:30:00,27.55,
2021-04-28 22:45:00,27.74,
2021-04-28 23:00:00,27.92,
2021-04-28 23:15:00,28.1,
2021-04-28 23:30:00,28.2,
2021-04-28 23:45:00,28.21,
2021-04-29 00:00:00,28.21,
2021-04-29 00:15:00,28.26,
2021-04-29 00:30:00,28.24,
2021-04-29 00:45:00,28.26,
2021-04-29 01:00:00,28.29,
2021-04-29 01:15:00,28.24,
2021-04-29 01:30:00,28.2,
2021-04-29 01:45:00,28.24,
2021-04-29 02:00:00,28.12,
2021-04-29 02:15:00,28.2,
2021-04-29 02:30:00,28.14,
2021-04-29 02:45:00,28.13,
2021-04-29 03:00:00,28.11,
2021-04-29 03:15:00,28.14,
2021-04-29 03:30:00,28.11,
2021-04-29 03:45:00,28.05,
2021-04-29 04:00:00,28.08,
2021-04-29 04:15:00,28.09,
2021-04-29 04:30:00,28.08,
2021-04-29 04:45:00,28.03,
2021-04-29 05:00:00,28.0,
2021-04-29 05:15:00,28.06,
2021-04-29 05:30:00,28.04,
2021-04-29 05:45:00,27.98,
2021-04-29 06:00:00,28.05,
2021-04-29 06:15:00,27.94,
2021-04-29 06:30:00,28.02,
2021-04-29 06:45:00,27.97,
2021-04-29 07:00:00,28.0,
2021-04-29 07:15:00,27.94,
2021-04-29 07:30:00,28.04,
2021-04-29 07:45:00,28.02,
2021-04-29 08:00:00,28.08,
2021-04-29 08:15:00,28.09,
2021-04-29 08:30:00,28.13,
2021-04-29 08:45:00,28.35,
2021-04-29 09:00:00,28.28,
2021-04-29 09:15:00,28.26,
2021-04-29 09:30:00,28.32,
2021-04-29 09:45:00,28.39,
2021-04-29 10:00:00,28.3,
2021-04-29 10:15:00,28.34,
2021-04-29 10:30:00,28.38,
2021-04-29 10:45:00,28.42,
2021-04-29 11:00:00,28.39,
2021-04-29 11:15:00,28.48,
2021-04-29 11:30:00,28.5,
2021-04-29 11:45:00,28.61,
2021-04-29 12:00:00,28.56,
2021-04-29 12:15:00,28.68,
2021-04-29 12:30:00,28.63,
2021-04-29 12:45:00,28.59,
2021-04-29 13:00:00,28.66,
2021-04-29 13:15:00,28.6,
2021-04-29 13:30:00,28.7,
2021-04-29 13:45:00,28.75,
2021-04-29 14:00:00,28.7,
2021-04-29 14:15:00,28.77,
2021-04-29 14:30:00,28.77,
2021-04-29 14:45:00,28.8,
2021-04-29 15:00:00,28.84,
2021-04-29 15:15:00,28.85,
2021-04-29 15:30:00,28.85,
2021-04-29 15:45:00,28.9,
2021-04-29 16:00:00,28.84,
2021-04-29 16:15:00,28.89,
2021-04-29 16:30:00,28.9,
2021-04-29 16:45:00,28.91,
2021-04-29 17:00:00,28.97,
2021-04-29 17:15:00,29.06,
2021-04-29 17:30:00,29.09,
2021-04-29 17:45:00,29.08,
2021-04-29 18:00:00,29.14,
2021-04-29 18:15:00,29.02,
2021-04-29 18:30:00,29.02,
2021-04-29 18:45:00,29.07,
2021-04-29 19:00:00,29.03,
2021-04-29 19:15:00,29.03,
2021-04-29 19:30:00,29.03,
2021-04-29 19:45:00,29.02,
2021-04-29 20:00:00,29.07,
2021-04-29 20:15:00,29.12,
2021-04-29 20:30:00,29.17,
2021-04-29 20:45:00,29.19,
2021-04-29 21:00:00,29.12,
2021-04-29 21:15:00,29.25,
2021-04-29 21:30:00,29.22,
2021-04-29 21:45:00,29.25,
2021-04-29 22:00:00,29.26,
2021-04-29 22:15:00,29.33,
2021-04-29 22:30:00,29.51,
2021-04-29 22:45:00,29.72,
2021-04-29 23:00:00,29.8,
2021-04-29 23:15:00,30.01,
2021-04-29 23:30:00,30.23,
2021-04-29 23:45:00,30.36,
2021-04-30 00:00:00,30.56,
2021-04-30 00:15:00,30.72,
2021-04-30 00:30:00,31.01,
2021-04-30 00:45:00,31.28,
2021-04-30 01:00:00,31.43,
2021-04-30 01:15:00,31.49,
2021-04-30 01:30:00,31.69,
2021-04-30 01:45:00,31.75,
2021-04-30 02:00:00,31.9,
2021-04-30 02:15:00,32.06,
2021-04-30 02:30:00,32.24,
2021-04-30 02:45:00,32.26,
2021-04-30 03:00:00,32.46,
2021-04-30 03:15:00,32.53,
2021-04-30 03:30:00,32.66,
2021-04-30 03:45:00,32.7,
2021-04-30 04:00:00,32.62,
2021-04-30 04:15:00,32.82,
2021-04-30 04:30:00,32.97,
2021-04-30 04:45:00,32.97,
2021-04-30 05:00:00,32.99,
2021-04-30 05:15:00,33.01,
2021-04-30 05:30:00,33.13,
2021-04-30 05:45:00,33.13,
2021-04-30 06:00:00,33.1,
2021-04-30 06:15:00,33.1,
2021-04-30 06:30:00,33.15,
2021-04-30 06:45:00,33.27,
2021-04-30 07:00:00,33.23,
2021-04-30 07:15:00,33.22,
2021-04-30 07:30:00,33.24,
2021-04-30 07:45:00,33.15,
2021-04-30 08:00:00,33.26,
2021-04-30 08:15:00,33.34,
2021-04-30 08:30:00,33.36,
2021-04-30 08:45:00,33.32,
2021-04-30 09:00:00,33.39,
2021-04-30 09:15:00,33.38,
2021-04-30 09:30:00,33.41,
2021-04-30 09:45:00,33.46,
2021-04-30 10:00:00,33.52,
2021-04-30 10:15:00,33.54,
2021-04-30 10:30:00,33.73,
2021-04-30 10:45:00,33.6,
2021-04-30 11:00:00,33.54,
2021-04-30 11:15:00,33.44,
2021-04-30 11:30:00,33.45,
2021-04-30 11:45:00,33.64,
2021-04-30 12:00:00,33.64,
2021-04-30 12:15:00,33.54,
2021-04-30 12:30:00,33.56,
2021-04-30 12:45:00,33.64,
2021-04-30 13:00:00,33.75,
2021-04-30 13:15:00,33.74,
2021-04-30 13:30:00,33.83,
2021-04-30 13:45:00,33.91,
2021-04-30 14:00:00,34.04,
2021-04-30 14:15:00,34.27,
2021-04-30 14:30:00,34.27,
2021-04-30 14:45:00,34.58,
2021-04-30 15:00:00,34.75,
2021-04-30 15:15:00,34.89,
2021-04-30 15:30:00,34.98,
2021-04-30 15:45:00,35.06,
2021-04-30 16:00:00,35.21,
2021-04-30 16:15:00,35.33,
2021-04-30 16:30:00,35.39,
2021-04-30 16:45:00,35.53,
2021-04-30 17:00:00,35.77,
2021-04-30 17:15:00,36.12,
2021-04-30 17:30:00,36.21,
2021-04-30 17:45:00,36.52,
2021-04-30 18:00:00,36.81,
2021-04-30 18:15:00,37.04,
2021-04-30 18:30:00,37.37,
2021-04-30 18:45:00,37.76,
2021-04-30 19:00:00,38.04,
2021-04-30 19:15:00,38.44,
2021-04-30 19:30:00,38.58,
2021-04-30 19:45:00,38.96,
2021-04-30 20:00:00,39.27,
2021-04-30 20:15:00,39.42,
2021-04-30 20:30:00,39.59,
2021-04-30 20:45:00,39.62,
2021-04-30 21:00:00,39.72,
2021-04-30 21:15:00,39.97,
2021-04-30 21:30:00,40.03,
2021-04-30 21:45:00,40.03,
2021-04-30 22:00:00,40.1,
2021-04-30 22:15:00,40.25,
2021-04-30 22:30:00,40.27,
2021-04-30 22:45:00,40.2,
2021-04-30 23:00:00,40.37,
2021-04-30 23:15:00,40.4,
2021-04-30 23:30:00,40.43,
2021-04-30 23:45:00,40.29,
2021-05-01 00:00:00,40.24,
2021-05-01 00:15:00,40.21,
2021-05-01 00:30:00,40.27,
2021-05-01 00:45:00,40.28,
2021-05-01 01:00:00,40.26,
2021-05-01 01:15:00,40.16,
2021-05-01 01:30:00,40.17,
2021-05-01 01:45:00,40.26,
2021-05-01 02:00:00,40.08,
2021-05-01 02:15:00,40.06,
2021-05-01 02:30:00,40.04,
2021-05-01 02:45:00,40.03,
2021-05-01 03:00:00,39.99,
2021-05-01 03:15:00,39.96,
2021-05-01 03:30:00,39.81,
2021-05-01 03:45:00,39.88,
2021-05-01 04:00:00,39.71,
2021-05-01 04:15:00,39.73,
2021-05-01 04:30:00,39.57,
2021-05-01 04:45:00,39.55,
2021-05-01 05:00:00,39.52,
2021-05-01 05:15:00,39.51,
2021-05-01 05:30:00,39.66,
2021-05-01 05:45:00,39.65,
2021-05-01 06:00:00,39.72,
2021-05-01 06:15:00,39.58,
2021-05-01 06:30:00,39.47,
2021-05-01 06:45:00,39.29,
2021-05-01 07:00:00,39.11,
2021-05-01 07:15:00,39.01,
2021-05-01 07:30:00,38.94,
2021-05-01 07:45:00,38.82,
2021-05-01 08:00:00,38.85,
2021-05-01 08:15:00,38.8,
2021-05-01 08:30:00,38.82,
2021-05-01 08:45:00,38.89,
2021-05-01 09:00:00,38.75,
2021-05-01 09:15:00,38.78,
2021-05-01 09:30:00,38.79,
2021-05-01 09:45:00,38.8,
2021-05-01 10:00:00,38.84,
2021-05-01 10:15:00,38.82,
2021-05-01 10:30:00,38.77,
2021-05-01 10:45:00,38.77,
2021-05-01 11:00:00,38.67,
2021-05-01 11:15:00,38.73,
2021-05-01 11:30:00,38.69,
2021-05-01 11:45:00,38.69,
2021-05-01 12:00:00,38.65,
2021-05-01 12:15:00,38.71,
2021-05-01 12:30:00,38.63,
2021-05-01 12:45:00,38.74,
2021-05-01 13:00:00,38.59,
2021-05-01 13:15:00,38.74,
2021-05-01 13:30:00,38.63,
2021-05-01 13:45:00,38.56,
2021-05-01 14:00:00,38.57,
2021-05-01 14:15:00,38.67,
2021-05-01 14:30:00,38.69,
2021-05-01 14:45:00,38.71,
2021-05-01 15:00:00,38.69,
2021-05-01 15:15:00,38.72,
2021-05-01 15:30:00,38.73,
2021-05-01 15:45:00,38.79,
2021-05-01 16:00:00,38.79,
2021-05-01 16:15:00,39.0,
2021-05-01 16:30:00,39.11,
2021-05-01 16:45:00,39.33,
2021-05-01 17:00:00,39.27,
2021-05-01 17:15:00,39.62,
2021-05-01 17:30:00,39.65,
2021-05-01 17:45:00,39.89,
2021-05-01 18:00:00,40.23,
2021-05-01 18:15:00,40.35,
2021-05-01 18:30:00,40.64,
2021-05-01 18:45:00,40.8,
2021-05-01 19:00:00,40.94,
2021-05-01 19:15:00,41.11,
2021-05-01 19:30:00,41.41,
2021-05-01 19:45:00,41.66,
2021-05-01 20:00:00,41.89,
2021-05-01 20:15:00,42.08,
2021-05-01 20:30:00,42.19,
2021-05-01 20:45:00,42.41,
2021-05-01 21:00:00,42.49,
2021-05-01 21:15:00,42.68,
2021-05-01 21:30:00,42.74,
2021-05-01 21:45:00,42.84,
2021-05-01 22:00:00,42.92,
2021-05-01 22:15:00,42.86,
2021-05-01 22:30:00,42.88,
2021-05-01 22:45:00,42.77,
2021-05-01 23:00:00,42.8,
2021-05-01 23:15:00,42.71,
2021-05-01 23:30:00,42.76,
2021-05-01 23:45:00,42.57,
2021-05-02 00:00:00,42.49,
2021-05-02 00:15:00,42.38,
2021-05-02 00:30:00,42.3,
2021-05-02 00:45:00,42.26,
2021-05-02 01:00:00,42.22,
2021-05-02 01:15:00,42.14,
2021-05-02 01:30:00,42.03,
2021-05-02 01:45:00,41.92,
2021-05-02 02:00:00,41.9,
2021-05-02 02:15:00,41.74,
2021-05-02 02:30:00,41.82,
2021-05-02 02:45:00,41.71,
2021-05-02 03:00:00,41.7,
2021-05-02 03:15:00,41.56,
2021-05-02 03:30:00,41.54,
2021-05-02 03:45:00,41.4,
2021-05-02 04:00:00,41.36,
2021-05-02 04:15:00,41.33,
2021-05-02 04:30:00,41.29,
2021-05-02 04:45:00,41.22,
2021-05-02 05:00:00,41.11,
2021-05-02 05:15:00,41.15,
2021-05-02 05:30:00,41.04,
2021-05-02 05:45:00,40.96,
2021-05-02 06:00:00,41.0,
2021-05-02 06:15:00,41.0,
2021-05-02 06:30:00,40.95,
2021-05-02 06:45:00,40.94,
2021-05-02 07:00:00,40.75,
2021-05-02 07:15:00,40.83,
2021-05-02 07:30:00,40.74,
2021-05-02 07:45:00,40.75,
2021-05-02 08:00:00,40.78,
2021-05-02 08:15:00,40.8,
2021-05-02 08:30:00,40.86,
2021-05-02 08:45:00,40.78,
2021-05-02 09:00:00,40.72,
2021-05-02 09:15:00,40.77,
2021-05-02 09:30:00,40.69,
2021-05-02 09:45:00,40.73,
2021-05-02 10:00:00,40.65,
2021-05-02 10:15:00,40.62,
2021-05-02 10:30:00,40.54,
2021-05-02 10:45:00,40.58,
2021-05-02 11:00:00,40.5,
2021-05-02 11:15:00,40.84,
2021-05-02 11:30:00,41.13,
2021-05-02 11:45:00,40.72,
2021-05-02 12:00:00,40.5,
2021-05-02 12:15:00,40.52,
2021-05-02 12:30:00,40.49,
2021-05-02 12:45:00,40.62,
2021-05-02 13:00:00,40.63,
2021-05-02 13:15:00,40.43,
2021-05-02 13:30:00,40.47,
2021-05-02 13:45:00,40.36,
2021-05-02 14:00:00,40.36,
2021-05-02 14:15:00,40.31,
2021-05-02 14:30:00,40.25,
2021-05-02 14:45:00,40.26,
2021-05-02 15:00:00,40.25,
2021-05-02 15:15:00,40.24,
2021-05-02 15:30:00,40.19,
2021-05-02 15:45:00,40.3,
2021-05-02 16:00:00,40.26,
2021-05-02 16:15:00,40.28,
2021-05-02 16:30:00,40.35,
2021-05-02 16:45:00,40.29,
2021-05-02 17:00:00,40.27,
2021-05-02 17:15:00,40.43,
2021-05-02 17:30:00,40.26,
2021-05-02 17:45:00,40.57,
2021-05-02 18:00:00,40.65,
2021-05-02 18:15:00,40.74,
2021-05-02 18:30:00,40.88,
2021-05-02 18:45:00,40.85,
2021-05-02 19:00:00,41.01,
2021-05-02 19:15:00,41.11,
2021-05-02 19:30:00,41.21,
2021-05-02 19:45:00,41.36,
2021-05-02 20:00:00,41.5,
2021-05-02 20:15:00,41.5,
2021-05-02 20:30:00,41.57,
2021-05-02 20:45:00,41.59,
2021-05-02 21:00:00,41.66,
2021-05-02 21:15:00,41.76,
2021-05-02 21:30:00,41.73,
2021-05-02 21:45:00,41.78,
2021-05-02 22:00:00,41.87,
2021-05-02 22:15:00,41.85,
2021-05-02 22:30:00,41.78,
2021-05-02 22:45:00,41.84,
2021-05-02 23:00:00,41.74,
2021-05-02 23:15:00,41.73,
2021-05-02 23:30:00,41.74,
2021-05-02 23:45:00,41.64,
2021-05-03 00:00:00,41.65,
2021-05-03 00:15:00,41.48,
2021-05-03 00:30:00,41.46,
2021-05-03 00:45:00,41.4,
2021-05-03 01:00:00,41.35,
2021-05-03 01:15:00,41.27,
2021-05-03 01:30:00,41.28,
2021-05-03 01:45:00,41.12,
2021-05-03 02:00:00,41.24,
2021-05-03 02:15:00,41.0,
2021-05-03 02:30:00,40.98,
2021-05-03 02:45:00,40.96,
2021-05-03 03:00:00,40.98,
2021-05-03 03:15:00,40.82,
2021-05-03 03:30:00,40.91,
2021-05-03 03:45:00,40.88,
2021-05-03 04:00:00,40.65,
2021-05-03 04:15:00,40.75,
2021-05-03 04:30:00,40.65,
2021-05-03 04:45:00,40.57,
2021-05-03 05:00:00,40.48,
2021-05-03 05:15:00,40.56,
2021-05-03 05:30:00,40.33,
2021-05-03 05:45:00,40.39,
2021-05-03 06:00:00,40.35,
2021-05-03 06:15:00,40.31,
2021-05-03 06:30:00,40.18,
2021-05-03 06:45:00,40.17,
2021-05-03 07:00:00,40.13,
2021-05-03 07:15:00,40.17,
2021-05-03 07:30:00,40.19,
2021-05-03 07:45:00,40.01,
2021-05-03 08:00:00,40.1,
2021-05-03 08:15:00,40.04,
2021-05-03 08:30:00,39.98,
2021-05-03 08:45:00,40.01,
2021-05-03 09:00:00,39.81,
2021-05-03 09:15:00,39.85,
2021-05-03 09:30:00,39.86,
2021-05-03 09:45:00,39.86,
2021-05-03 10:00:00,39.74,
2021-05-03 10:15:00,39.72,
2021-05-03 10:30:00,39.68,
2021-05-03 10:45:00,39.64,
2021-05-03 11:00:00,39.6,
2021-05-03 11:15:00,39.44,
2021-05-03 11:30:00,39.51,
2021-05-03 11:45:00,39.53,
2021-05-03 12:00:00,39.47,
2021-05-03 12:15:00,39.37,
2021-05-03 12:30:00,39.37,
2021-05-03 12:45:00,39.37,
2021-05-03 13:00:00,39.27,
2021-05-03 13:15:00,39.23,
2021-05-03 13:30:00,39.16,
2021-05-03 13:45:00,39.12,
2021-05-03 14:00:00,39.1,
2021-05-03 14:15:00,39.04,
2021-05-03 14:30:00,39.04,
2021-05-03 14:45:00,39.02,
2021-05-03 15:00:00,38.9,
2021-05-03 15:15:00,38.91,
2021-05-03 15:30:00,38.84,
2021-05-03 15:45:00,38.93,
2021-05-03 16:00:00,38.82,
2021-05-03 16:15:00,38.73,
2021-05-03 16:30:00,38.77,
2021-05-03 16:45:00,38.7,
2021-05-03 17:00:00,38.7,
2021-05-03 17:15:00,38.54,
2021-05-03 17:30:00,38.65,
2021-05-03 17:45:00,38.67,
2021-05-03 18:00:00,38.6,
2021-05-03 18:15:00,38.68,
2021-05-03 18:30:00,38.66,
2021-05-03 18:45:00,38.53,
2021-05-03 19:00:00,38.65,
2021-05-03 19:15:00,38.6,
2021-05-03 19:30:00,38.56,
2021-05-03 19:45:00,38.6,
2021-05-03 20:00:00,38.59,
2021-05-03 20:15:00,38.55,
2021-05-03 20:30:00,38.59,
2021-05-03 20:45:00,38.64,
2021-05-03 21:00:00,38.74,
2021-05-03 21:15:00,38.73,
2021-05-03 21:30:00,38.78,
2021-05-03 21:45:00,38.83,
2021-05-03 22:00:00,38.89,
2021-05-03 22:15:00,38.76,
2021-05-03 22:30:00,38.85,
2021-05-03 22:45:00,38.78,
2021-05-03 23:00:00,38.84,
2021-05-03 23:15:00,38.78,
2021-05-03 23:30:00,38.7,
2021-05-03 23:45:00,38.8,
2021-05-04 00:00:00,38.69,
2021-05-04 00:15:00,38.76,
2021-05-04 00:30:00,38.67,
2021-05-04 00:45:00,38.66,
2021-05-04 01:00:00,38.7,
2021-05-04 01:15:00,38.68,
2021-05-04 01:30:00,38.61,
2021-05-04 01:45:00,38.65,
2021-05-04 02:00:00,38.58,
2021-05-04 02:15:00,38.63,
2021-05-04 02:30:00,38.53,
2021-05-04 02:45:00,38.42,
2021-05-04 03:00:00,38.35,
2021-05-04 03:15:00,38.39,
2021-05-04 03:30:00,38.5,
2021-05-04 03:45:00,38.33,
2021-05-04 04:00:00,38.41,
2021-05-04 04:15:00,38.38,
2021-05-04 04:30:00,38.36,
2021-05-04 04:45:00,38.3,
2021-05-04 05:00:00,38.23,
2021-05-04 05:15:00,38.21,
2021-05-04 05:30:00,38.25,
2021-05-04 05:45:00,38.21,
2021-05-04 06:00:00,38.19,
2021-05-04 06:15:00,38.15,
2021-05-04 06:30:00,38.09,
2021-05-04 06:45:00,38.07,
2021-05-04 07:00:00,38.11,
2021-05-04 07:15:00,38.06,
2021-05-04 07:30:00,38.01,
2021-05-04 07:45:00,38.0,
2021-05-04 08:00:00,38.02,
2021-05-04 08:15:00,38.06,
2021-05-04 08:30:00,38.06,
2021-05-04 08:45:00,38.01,
2021-05-04 09:00:00,37.89,
2021-05-04 09:15:00,37.89,
2021-05-04 09:30:00,37.85,
2021-05-04 09:45:00,37.81,
2021-05-04 10:00:00,37.82,
2021-05-04 10:15:00,37.77,
2021-05-04 10:30:00,37.82,
2021-05-04 10:45:00,37.74,
2021-05-04 11:00:00,37.71,
2021-05-04 11:15:00,37.7,
2021-05-04 11:30:00,37.66,
2021-05-04 11:45:00,37.66,
2021-05-04 12:00:00,37.7,
2021-05-04 12:15:00,37.57,
2021-05-04 12:30:00,37.63,
2021-05-04 12:45:00,37.52,
2021-05-04 13:00:00,37.62,
2021-05-04 13:15:00,37.49,
2021-05-04 13:30:00,37.43,
2021-05-04 13:45:00,37.53,
2021-05-04 14:00:00,37.36,
2021-05-04 14:15:00,37.41,
2021-05-04 14:30:00,37.53,
2021-05-04 14:45:00,37.35,
2021-05-04 15:00:00,37.56,
2021-05-04 15:15:00,37.39,
2021-05-04 15:30:00,37.57,
2021-05-04 15:45:00,37.53,
2021-05-04 16:00:00,37.51,
2021-05-04 16:15:00,37.47,
2021-05-04 16:30:00,37.47,
2021-05-04 16:45:00,37.54,
2021-05-04 17:00:00,37.6,
2021-05-04 17:15:00,37.54,
2021-05-04 17:30:00,37.54,
2021-05-04 17:45:00,37.7,
2021-05-04 18:00:00,37.67,
2021-05-04 18:15:00,37.81,
2021-05-04 18:30:00,37.89,
2021-05-04 18:45:00,37.86,
2021-05-04 19:00:00,37.89,
2021-05-04 19:15:00,37.98,
2021-05-04 19:30:00,38.05,
2021-05-04 19:45:00,38.29,
2021-05-04 20:00:00,38.33,
2021-05-04 20:15:00,38.39,
2021-05-04 20:30:00,38.58,
2021-05-04 20:45:00,38.73,
2021-05-04 21:00:00,38.99,
2021-05-04 21:15:00,39.13,
2021-05-04 21:30:00,39.32,
2021-05-04 21:45:00,39.47,
2021-05-04 22:00:00,39.55,
2021-05-04 22:15:00,39.83,
2021-05-04 22:30:00,39.74,
2021-05-04 22:45:00,39.61,
2021-05-04 23:00:00,39.65,
2021-05-04 23:15:00,39.65,
2021-05-04 23:30:00,39.61,
2021-05-04 23:45:00,39.56,
2021-05-05 00:00:00,39.51,
2021-05-05 00:15:00,39.62,
2021-05-05 00:30:00,39.48,
2021-05-05 00:45:00,39.49,
2021-05-05 01:00:00,39.45,
2021-05-05 01:15:00,39.37,
2021-05-05 01:30:00,39.4,
2021-05-05 01:45:00,39.3,
2021-05-05 02:00:00,39.28,
2021-05-05 02:15:00,39.29,
2021-05-05 02:30:00,39.2,
2021-05-05 02:45:00,39.2,
2021-05-05 03:00:00,39.1,
2021-05-05 03:15:00,39.0,
2021-05-05 03:30:00,38.96,
2021-05-05 03:45:00,39.01,
2021-05-05 04:00:00,38.95,
2021-05-05 04:15:00,38.94,
2021-05-05 04:30:00,38.87,
2021-05-05 04:45:00,38.84,
2021-05-05 05:00:00,38.82,
2021-05-05 05:15:00,38.76,
2021-05-05 05:30:00,38.64,
2021-05-05 05:45:00,38.66,
2021-05-05 06:00:00,38.54,
2021-05-05 06:15:00,38.5,
2021-05-05 06:30:00,38.56,
2021-05-05 06:45:00,38.5,
2021-05-05 07:00:00,38.41,
2021-05-05 07:15:00,38.41,
2021-05-05 07:30:00,38.37,
2021-05-05 07:45:00,38.25,
2021-05-05 08:00:00,38.27,
2021-05-05 08:15:00,38.24,
2021-05-05 08:30:00,38.16,
2021-05-05 08:45:00,38.18,
2021-05-05 09:00:00,38.1,
2021-05-05 09:15:00,38.21,
2021-05-05 09:30:00,38.19,
2021-05-05 09:45:00,38.1,
2021-05-05 10:00:00,38.07,
2021-05-05 10:15:00,38.06,
2021-05-05 10:30:00,37.98,
2021-05-05 10:45:00,37.94,
2021-05-05 11:00:00,37.77,
2021-05-05 11:15:00,37.91,
2021-05-05 11:30:00,37.9,
2021-05-05 11:45:00,37.77,
2021-05-05 12:00:00,37.78,
2021-05-05 12:15:00,37.75,
2021-05-05 12:30:00,37.84,
2021-05-05 12:45:00,37.74,
2021-05-05 13:00:00,37.65,
2021-05-05 13:15:00,37.66,
2021-05-05 13:30:00,37.6,
2021-05-05 13:45:00,37.68,
2021-05-05 14:00:00,37.61,
2021-05-05 14:15:00,37.71,
2021-05-05 14:30:00,37.55,
2021-05-05 14:45:00,37.55,
2021-05-05 15:00:00,37.49,
2021-05-05 15:15:00,37.56,
2021-05-05 15:30:00,37.59,
2021-05-05 15:45:00,37.58,
2021-05-05 16:00:00,37.65,
2021-05-05 16:15:00,37.58,
2021-05-05 16:30:00,37.69,
2021-05-05 16:45:00,37.73,
2021-05-05 17:00:00,37.82,
2021-05-05 17:15:00,37.89,
2021-05-05 17:30:00,38.15,
2021-05-05 17:45:00,38.18,
2021-05-05 18:00:00,38.37,
2021-05-05 18:15:00,38.6,
2021-05-05 18:30:00,38.76,
2021-05-05 18:45:00,39.04,
2021-05-05 19:00:00,39.44,
2021-05-05 19:15:00,39.91,
2021-05-05 19:30:00,40.4,
2021-05-05 19:45:00,40.71,
2021-05-05 20:00:00,41.22,
2021-05-05 20:15:00,41.54,
2021-05-05 20:30:00,41.83,
2021-05-05 20:45:00,42.08,
2021-05-05 21:00:00,42.27,
2021-05-05 21:15:00,42.36,
2021-05-05 21:30:00,42.45,
2021-05-05 21:45:00,42.72,
2021-05-05 22:00:00,42.64,
2021-05-05 22:15:00,42.84,
2021-05-05 22:30:00,42.88,
2021-05-05 22:45:00,42.96,
2021-05-05 23:00:00,42.96,
2021-05-05 23:15:00,42.94,
2021-05-05 23:30:00,42.83,
2021-05-05 23:45:00,42.72,
2021-05-06 00:00:00,42.71,
2021-05-06 00:15:00,42.62,
2021-05-06 00:30:00,42.59,
2021-05-06 00:45:00,42.46,
2021-05-06 01:00:00,42.3,
2021-05-06 01:15:00,42.21,
2021-05-06 01:30:00,42.21,
2021-05-06 01:45:00,42.2,
2021-05-06 02:00:00,42.11,
2021-05-06 02:15:00,42.09,
2021-05-06 02:30:00,41.94,
2021-05-06 02:45:00,41.8,
2021-05-06 03:00:00,41.79,
2021-05-06 03:15:00,41.77,
2021-05-06 03:30:00,41.64,
2021-05-06 03:45:00,41.55,
2021-05-06 04:00:00,41.62,
2021-05-06 04:15:00,41.34,
2021-05-06 04:30:00,41.45,
2021-05-06 04:45:00,41.47,
2021-05-06 05:00:00,41.37,
2021-05-06 05:15:00,41.33,
2021-05-06 05:30:00,41.37,
2021-05-06 05:45:00,41.27,
2021-05-06 06:00:00,41.25,
2021-05-06 06:15:00,41.18,
2021-05-06 06:30:00,41.15,
2021-05-06 06:45:00,41.13,
2021-05-06 07:00:00,41.1,
2021-05-06 07:15:00,41.06,
2021-05-06 07:30:00,41.11,
2021-05-06 07:45:00,41.08,
2021-05-06 08:00:00,40.8,
2021-05-06 08:15:00,40.52,
2021-05-06 08:30:00,40.36,
2021-05-06 08:45:00,40.32,
2021-05-06 09:00:00,40.39,
2021-05-06 09:15:00,40.54,
2021-05-06 09:30:00,40.47,
2021-05-06 09:45:00,40.52,
2021-05-06 10:00:00,40.56,
2021-05-06 10:15:00,40.63,
2021-05-06 10:30:00,40.82,
2021-05-06 10:45:00,40.93,
2021-05-06 11:00:00,41.16,
2021-05-06 11:15:00,41.69,
2021-05-06 11:30:00,41.74,
2021-05-06 11:45:00,41.44,
2021-05-06 12:00:00,41.18,
2021-05-06 12:15:00,40.91,
2021-05-06 12:30:00,40.75,
2021-05-06 12:45:00,40.54,
2021-05-06 13:00:00,40.34,
2021-05-06 13:15:00,40.33,
2021-05-06 13:30:00,40.25,
2021-05-06 13:45:00,40.29,
2021-05-06 14:00:00,40.08,
2021-05-06 14:15:00,40.01,
2021-05-06 14:30:00,40.01,
2021-05-06 14:45:00,39.99,
2021-05-06 15:00:00,40.02,
2021-05-06 15:15:00,39.93,
2021-05-06 15:30:00,40.01,
2021-05-06 15:45:00,39.96,
2021-05-06 16:00:00,40.05,
2021-05-06 16:15:00,40.33,
2021-05-06 16:30:00,40.34,
2021-05-06 16:45:00,40.35,
2021-05-06 17:00:00,40.68,
2021-05-06 17:15:00,40.86,
2021-05-06 17:30:00,41.17,
2021-05-06 17:45:00,41.55,
2021-05-06 18:00:00,41.88,
2021-05-06 18:15:00,42.48,
2021-05-06 18:30:00,43.09,
2021-05-06 18:45:00,43.63,
2021-05-06 19:00:00,44.36,
2021-05-06 19:15:00,44.87,
2021-05-06 19:30:00,45.35,
2021-05-06 19:45:00,45.74,
2021-05-06 20:00:00,46.03,
2021-05-06 20:15:00,46.2,
2021-05-06 20:30:00,46.72,
2021-05-06 20:45:00,46.88,
2021-05-06 21:00:00,47.03,
2021-05-06 21:15:00,47.23,
2021-05-06 21:30:00,47.25,
2021-05-06 21:45:00,47.54,
2021-05-06 22:00:00,47.44,
2021-05-06 22:15:00,47.37,
2021-05-06 22:30:00,47.4,
2021-05-06 22:45:00,47.29,
2021-05-06 23:00:00,47.32,
2021-05-06 23:15:00,47.15,
2021-05-06 23:30:00,47.18,
2021-05-06 23:45:00,46.93,
2021-05-07 00:00:00,46.89,
2021-05-07 00:15:00,46.78,
2021-05-07 00:30:00,46.59,
2021-05-07 00:45:00,46.55,
2021-05-07 01:00:00,46.39,
2021-05-07 01:15:00,46.38,
2021-05-07 01:30:00,46.43,
2021-05-07 01:45:00,46.3,
2021-05-07 02:00:00,46.32,
2021-05-07 02:15:00,46.2,
2021-05-07 02:30:00,46.13,
2021-05-07 02:45:00,46.22,
2021-05-07 03:00:00,46.15,
2021-05-07 03:15:00,46.03,
2021-05-07 03:30:00,45.91,
2021-05-07 03:45:00,46.09,
2021-05-07 04:00:00,45.98,
2021-05-07 04:15:00,45.64,
2021-05-07 04:30:00,45.75,
2021-05-07 04:45:00,45.65,
2021-05-07 05:00:00,45.68,
2021-05-07 05:15:00,45.66,
2021-05-07 05:30:00,45.62,
2021-05-07 05:45:00,45.64,
2021-05-07 06:00:00,45.54,
2021-05-07 06:15:00,45.48,
2021-05-07 06:30:00,45.49,
2021-05-07 06:45:00,45.48,
2021-05-07 07:00:00,45.29,
2021-05-07 07:15:00,45.32,
2021-05-07 07:30:00,45.29,
2021-05-07 07:45:00,45.32,
2021-05-07 08:00:00,45.29,
2021-05-07 08:15:00,45.1,
2021-05-07 08:30:00,45.1,
2021-05-07 08:45:00,45.11,
2021-05-07 09:00:00,45.08,
2021-05-07 09:15:00,45.02,
2021-05-07 09:30:00,44.96,
2021-05-07 09:45:00,44.91,
2021-05-07 10:00:00,44.68,
2021-05-07 10:15:00,44.61,
2021-05-07 10:30:00,44.43,
2021-05-07 10:45:00,44.33,
2021-05-07 11:00:00,44.21,
2021-05-07 11:15:00,44.01,
2021-05-07 11:30:00,43.81,
2021-05-07 11:45:00,43.7,
2021-05-07 12:00:00,43.66,
2021-05-07 12:15:00,43.5,
2021-05-07 12:30:00,43.44,
2021-05-07 12:45:00,43.53,
2021-05-07 13:00:00,43.42,
2021-05-07 13:15:00,43.18,
2021-05-07 13:30:00,43.09,
2021-05-07 13:45:00,43.1,
2021-05-07 14:00:00,43.04,
2021-05-07 14:15:00,43.15,
2021-05-07 14:30:00,43.05,
2021-05-07 14:45:00,43.09,
2021-05-07 15:00:00,43.24,
2021-05-07 15:15:00,43.26,
2021-05-07 15:30:00,43.35,
2021-05-07 15:45:00,43.56,
2021-05-07 16:00:00,43.79,
2021-05-07 16:15:00,44.18,
2021-05-07 16:30:00,44.77,
2021-05-07 16:45:00,45.31,
2021-05-07 17:00:00,45.94,
2021-05-07 17:15:00,46.42,
2021-05-07 17:30:00,47.13,
2021-05-07 17:45:00,47.57,
2021-05-07 18:00:00,48.06,
2021-05-07 18:15:00,48.77,
2021-05-07 18:30:00,49.13,
2021-05-07 18:45:00,49.51,
2021-05-07 19:00:00,49.83,
2021-05-07 19:15:00,50.15,
2021-05-07 19:30:00,50.45,
2021-05-07 19:45:00,50.54,
2021-05-07 20:00:00,50.86,
2021-05-07 20:15:00,51.64,
2021-05-07 20:30:00,51.41,
2021-05-07 20:45:00,51.51,
2021-05-07 21:00:00,51.55,
2021-05-07 21:15:00,51.56,
2021-05-07 21:30:00,51.79,
2021-05-07 21:45:00,51.97,
2021-05-07 22:00:00,52.08,
2021-05-07 22:15:00,52.05,
2021-05-07 22:30:00,52.09,
2021-05-07 22:45:00,52.1,
2021-05-07 23:00:00,52.01,
2021-05-07 23:15:00,52.18,
2021-05-07 23:30:00,52.31,
2021-05-07 23:45:00,52.22,
2021-05-08 00:00:00,52.17,
2021-05-08 00:15:00,52.29,
2021-05-08 00:30:00,52.34,
2021-05-08 00:45:00,52.4,
2021-05-08 01:00:00,52.34,
2021-05-08 01:15:00,52.4,
2021-05-08 01:30:00,52.37,
2021-05-08 01:45:00,52.3,
2021-05-08 02:00:00,52.27,
2021-05-08 02:15:00,52.28,
2021-05-08 02:30:00,52.02,
2021-05-08 02:45:00,51.97,
2021-05-08 03:00:00,51.69,
2021-05-08 03:15:00,51.57,
2021-05-08 03:30:00,51.45,
2021-05-08 03:45:00,51.22,
2021-05-08 04:00:00,51.01,
2021-05-08 04:15:00,50.93,
2021-05-08 04:30:00,50.73,
2021-05-08 04:45:00,50.69,
2021-05-08 05:00:00,50.52,
2021-05-08 05:15:00,50.41,
2021-05-08 05:30:00,50.39,
2021-05-08 05:45:00,50.14,
2021-05-08 06:00:00,50.17,
2021-05-08 06:15:00,50.01,
2021-05-08 06:30:00,49.9,
2021-05-08 06:45:00,49.8,
2021-05-08 07:00:00,49.61,
2021-05-08 07:15:00,49.58,
2021-05-08 07:30:00,49.46,
2021-05-08 07:45:00,49.37,
2021-05-08 08:00:00,49.19,
2021-05-08 08:15:00,49.13,
2021-05-08 08:30:00,48.95,
2021-05-08 08:45:00,48.71,
2021-05-08 09:00:00,48.6,
2021-05-08 09:15:00,48.38,
2021-05-08 09:30:00,48.22,
2021-05-08 09:45:00,47.85,
2021-05-08 10:00:00,47.72,
2021-05-08 10:15:00,47.81,
2021-05-08 10:30:00,47.6,
2021-05-08 10:45:00,47.34,
2021-05-08 11:00:00,47.22,
2021-05-08 11:15:00,47.14,
2021-05-08 11:30:00,47.12,
2021-05-08 11:45:00,47.17,
2021-05-08 12:00:00,47.1,
2021-05-08 12:15:00,46.85,
2021-05-08 12:30:00,46.95,
2021-05-08 12:45:00,46.75,
2021-05-08 13:00:00,46.46,
2021-05-08 13:15:00,46.53,
2021-05-08 13:30:00,46.47,
2021-05-08 13:45:00,46.4,
2021-05-08 14:00:00,46.31,
2021-05-08 14:15:00,46.06,
2021-05-08 14:30:00,46.1,
2021-05-08 14:45:00,45.96,
2021-05-08 15:00:00,45.97,
2021-05-08 15:15:00,45.88,
2021-05-08 15:30:00,45.93,
2021-05-08 15:45:00,45.96,
2021-05-08 16:00:00,45.88,
2021-05-08 16:15:00,45.86,
2021-05-08 16:30:00,45.78,
2021-05-08 16:45:00,45.99,
2021-05-08 17:00:00,45.76,
2021-05-08 17:15:00,46.02,
2021-05-08 17:30:00,46.14,
2021-05-08 17:45:00,46.33,
2021-05-08 18:00:00,46.22,
2021-05-08 18:15:00,46.49,
2021-05-08 18:30:00,46.67,
2021-05-08 18:45:00,46.76,
2021-05-08 19:00:00,46.85,
2021-05-08 19:15:00,47.17,
2021-05-08 19:30:00,47.32,
2021-05-08 19:45:00,47.48,
2021-05-08 20:00:00,47.56,
2021-05-08 20:15:00,47.64,
2021-05-08 20:30:00,47.63,
2021-05-08 20:45:00,47.9,
2021-05-08 21:00:00,47.93,
2021-05-08 21:15:00,47.86,
2021-05-08 21:30:00,47.85,
2021-05-08 21:45:00,47.91,
2021-05-08 22:00:00,47.79,
2021-05-08 22:15:00,47.75,
2021-05-08 22:30:00,47.7,
2021-05-08 22:45:00,47.7,
2021-05-08 23:00:00,47.66,
2021-05-08 23:15:00,47.39,
2021-05-08 23:30:00,47.47,
2021-05-08 23:45:00,47.42,
2021-05-09 00:00:00,47.18,
2021-05-09 00:15:00,47.23,
2021-05-09 00:30:00,47.09,
2021-05-09 00:45:00,46.81,
2021-05-09 01:00:00,46.88,
2021-05-09 01:15:00,46.73,
2021-05-09 01:30:00,46.67,
2021-05-09 01:45:00,46.56,
2021-05-09 02:00:00,46.53,
2021-05-09 02:15:00,46.25,
2021-05-09 02:30:00,46.31,
2021-05-09 02:45:00,46.15,
2021-05-09 03:00:00,46.16,
2021-05-09 03:15:00,46.15,
2021-05-09 03:30:00,45.77,
2021-05-09 03:45:00,45.7,
2021-05-09 04:00:00,45.62,
2021-05-09 04:15:00,45.65,
2021-05-09 04:30:00,45.62,
2021-05-09 04:45:00,45.5,
2021-05-09 05:00:00,45.42,
2021-05-09 05:15:00,45.39,
2021-05-09 05:30:00,45.36,
2021-05-09 05:45:00,45.35,
2021-05-09 06:00:00,45.37,
2021-05-09 06:15:00,44.99,
2021-05-09 06:30:00,45.0,
2021-05-09 06:45:00,45.07,
2021-05-09 07:00:00,44.96,
2021-05-09 07:15:00,44.92,
2021-05-09 07:30:00,44.93,
2021-05-09 07:45:00,44.89,
2021-05-09 08:00:00,44.82,
2021-05-09 08:15:00,44.66,
2021-05-09 08:30:00,44.59,
2021-05-09 08:45:00,44.51,
2021-05-09 09:00:00,44.06,
2021-05-09 09:15:00,43.72,
2021-05-09 09:30:00,43.69,
2021-05-09 09:45:00,43.63,
2021-05-09 10:00:00,43.64,
2021-05-09 10:15:00,43.63,
2021-05-09 10:30:00,43.86,
2021-05-09 10:45:00,44.14,
2021-05-09 11:00:00,44.59,
2021-05-09 11:15:00,44.75,
2021-05-09 11:30:00,44.65,
2021-05-09 11:45:00,44.58,
2021-05-09 12:00:00,44.82,
2021-05-09 12:15:00,45.01,
2021-05-09 12:30:00,44.87,
2021-05-09 12:45:00,44.75,
2021-05-09 13:00:00,44.46,
2021-05-09 13:15:00,44.36,
2021-05-09 13:30:00,44.17,
2021-05-09 13:45:00,44.22,
2021-05-09 14:00:00,44.15,
2021-05-09 14:15:00,44.02,
2021-05-09 14:30:00,43.8,
2021-05-09 14:45:00,43.95,
2021-05-09 15:00:00,43.95,
2021-05-09 15:15:00,43.77,
2021-05-09 15:30:00,43.78,
2021-05-09 15:45:00,43.73,
2021-05-09 16:00:00,43.87,
2021-05-09 16:15:00,43.72,
2021-05-09 16:30:00,43.8,
2021-05-09 16:45:00,43.77,
2021-05-09 17:00:00,43.77,
2021-05-09 17:15:00,43.91,
2021-05-09 17:30:00,43.98,
2021-05-09 17:45:00,44.15,
2021-05-09 18:00:00,44.21,
2021-05-09 18:15:00,44.3,
2021-05-09 18:30:00,44.39,
2021-05-09 18:45:00,44.41,
2021-05-09 19:00:00,44.46,
2021-05-09 19:15:00,44.53,
2021-05-09 19:30:00,44.65,
2021-05-09 19:45:00,44.9,
2021-05-09 20:00:00,45.02,
2021-05-09 20:15:00,45.03,
2021-05-09 20:30:00,45.11,
2021-05-09 20:45:00,45.2,
2021-05-09 21:00:00,45.37,
2021-05-09 21:15:00,45.5,
2021-05-09 21:30:00,45.54,
2021-05-09 21:45:00,45.78,
2021-05-09 22:00:00,45.7,
2021-05-09 22:15:00,45.9,
2021-05-09 22:30:00,45.84,
2021-05-09 22:45:00,45.85,
2021-05-09 23:00:00,45.95,
2021-05-09 23:15:00,45.94,
2021-05-09 23:30:00,45.82,
2021-05-09 23:45:00,45.69,
2021-05-10 00:00:00,45.71,
2021-05-10 00:15:00,45.73,
2021-05-10 00:30:00,45.56,
2021-05-10 00:45:00,45.69,
2021-05-10 01:00:00,45.52,
2021-05-10 01:15:00,45.58,
2021-05-10 01:30:00,45.36,
2021-05-10 01:45:00,45.39,
2021-05-10 02:00:00,45.34,
2021-05-10 02:15:00,45.25,
2021-05-10 02:30:00,45.24,
2021-05-10 02:45:00,45.15,
2021-05-10 03:00:00,44.98,
2021-05-10 03:15:00,45.06,
2021-05-10 03:30:00,44.88,
2021-05-10 03:45:00,44.81,
2021-05-10 04:00:00,44.75,
2021-05-10 04:15:00,44.77,
2021-05-10 04:30:00,44.73,
2021-05-10 04:45:00,44.52,
2021-05-10 05:00:00,44.57,
2021-05-10 05:15:00,44.47,
2021-05-10 05:30:00,44.49,
2021-05-10 05:45:00,44.4,
2021-05-10 06:00:00,44.33,
2021-05-10 06:15:00,44.2,
2021-05-10 06:30:00,44.12,
2021-05-10 06:45:00,44.13,
2021-05-10 07:00:00,43.97,
2021-05-10 07:15:00,44.08,
2021-05-10 07:30:00,43.98,
2021-05-10 07:45:00,43.91,
2021-05-10 08:00:00,43.89,
2021-05-10 08:15:00,43.87,
2021-05-10 08:30:00,43.9,
2021-05-10 08:45:00,43.78,
2021-05-10 09:00:00,43.7,
2021-05-10 09:15:00,43.72,
2021-05-10 09:30:00,43.6,
2021-05-10 09:45:00,43.62,
2021-05-10 10:00:00,43.51,
2021-05-10 10:15:00,43.59,
2021-05-10 10:30:00,43.65,
2021-05-10 10:45:00,43.53,
2021-05-10 11:00:00,43.68,
2021-05-10 11:15:00,43.67,
2021-05-10 11:30:00,43.75,
2021-05-10 11:45:00,43.76,
2021-05-10 12:00:00,43.57,
2021-05-10 12:15:00,43.57,
2021-05-10 12:30:00,43.5,
2021-05-10 12:45:00,43.32,
2021-05-10 13:00:00,43.47,
2021-05-10 13:15:00,43.26,
2021-05-10 13:30:00,43.26,
2021-05-10 13:45:00,43.22,
2021-05-10 14:00:00,43.24,
2021-05-10 14:15:00,43.14,
2021-05-10 14:30:00,43.02,
2021-05-10 14:45:00,43.01,
2021-05-10 15:00:00,43.04,
2021-05-10 15:15:00,42.97,
2021-05-10 15:30:00,42.82,
2021-05-10 15:45:00,42.86,
2021-05-10 16:00:00,42.91,
2021-05-10 16:15:00,42.68,
2021-05-10 16:30:00,42.63,
2021-05-10 16:45:00,42.62,
2021-05-10 17:00:00,42.68,
2021-05-10 17:15:00,42.59,
2021-05-10 17:30:00,42.61,
2021-05-10 17:45:00,42.53,
2021-05-10 18:00:00,42.34,
2021-05-10 18:15:00,42.4,
2021-05-10 18:30:00,42.38,
2021-05-10 18:45:00,42.45,
2021-05-10 19:00:00,42.34,
2021-05-10 19:15:00,42.42,
2021-05-10 19:30:00,42.5,
2021-05-10 19:45:00,42.56,
2021-05-10 20:00:00,42.64,
2021-05-10 20:15:00,42.64,
2021-05-10 20:30:00,42.75,
2021-05-10 20:45:00,42.69,
2021-05-10 21:00:00,42.73,
2021-05-10 21:15:00,42.85,
2021-05-10 21:30:00,42.83,
2021-05-10 21:45:00,42.98,
2021-05-10 22:00:00,43.04,
2021-05-10 22:15:00,43.16,
2021-05-10 22:30:00,43.19,
2021-05-10 22:45:00,43.25,
2021-05-10 23:00:00,43.36,
2021-05-10 23:15:00,43.31,
2021-05-10 23:30:00,43.48,
2021-05-10 23:45:00,43.53,
2021-05-11 00:00:00,43.51,
2021-05-11 00:15:00,43.58,
2021-05-11 00:30:00,43.52,
2021-05-11 00:45:00,43.47,
2021-05-11 01:00:00,43.49,
2021-05-11 01:15:00,43.48,
2021-05-11 01:30:00,43.41,
2021-05-11 01:45:00,43.37,
2021-05-11 02:00:00,43.31,
2021-05-11 02:15:00,43.31,
2021-05-11 02:30:00,43.28,
2021-05-11 02:45:00,43.09,
2021-05-11 03:00:00,43.03,
2021-05-11 03:15:00,43.02,
2021-05-11 03:30:00,42.92,
2021-05-11 03:45:00,42.97,
2021-05-11 04:00:00,42.78,
2021-05-11 04:15:00,42.8,
2021-05-11 04:30:00,42.74,
2021-05-11 04:45:00,42.75,
2021-05-11 05:00:00,42.77,
2021-05-11 05:15:00,42.67,
2021-05-11 05:30:00,42.64,
2021-05-11 05:45:00,42.66,
2021-05-11 06:00:00,42.54,
2021-05-11 06:15:00,42.58,
2021-05-11 06:30:00,42.51,
2021-05-11 06:45:00,42.45,
2021-05-11 07:00:00,42.35,
2021-05-11 07:15:00,42.46,
2021-05-11 07:30:00,42.35,
2021-05-11 07:45:00,42.4,
2021-05-11 08:00:00,42.3,
2021-05-11 08:15:00,42.3,
2021-05-11 08:30:00,42.38,
2021-05-11 08:45:00,42.2,
2021-05-11 09:00:00,42.2,
2021-05-11 09:15:00,42.24,
2021-05-11 09:30:00,42.06,
2021-05-11 09:45:00,42.05,
2021-05-11 10:00:00,42.09,
2021-05-11 10:15:00,42.02,
2021-05-11 10:30:00,42.04,
2021-05-11 10:45:00,42.0,
2021-05-11 11:00:00,41.95,
2021-05-11 11:15:00,41.95,
2021-05-11 11:30:00,41.86,
2021-05-11 11:45:00,41.87,
2021-05-11 12:00:00,41.82,
2021-05-11 12:15:00,41.8,
2021-05-11 12:30:00,41.82,
2021-05-11 12:45:00,41.79,
2021-05-11 13:00:00,41.72,
2021-05-11 13:15:00,41.72,
2021-05-11 13:30:00,41.71,
2021-05-11 13:45:00,41.75,
2021-05-11 14:00:00,41.73,
2021-05-11 14:15:00,41.7,
2021-05-11 14:30:00,41.63,
2021-05-11 14:45:00,41.71,
2021-05-11 15:00:00,41.71,
2021-05-11 15:15:00,41.66,
2021-05-11 15:30:00,41.66,
2021-05-11 15:45:00,41.63,
2021-05-11 16:00:00,41.66,
2021-05-11 16:15:00,41.58,
2021-05-11 16:30:00,41.56,
2021-05-11 16:45:00,41.56,
2021-05-11 17:00:00,41.5,
2021-05-11 17:15:00,41.55,
2021-05-11 17:30:00,41.59,
2021-05-11 17:45:00,41.54,
2021-05-11 18:00:00,41.44,
2021-05-11 18:15:00,41.38,
2021-05-11 18:30:00,41.44,
2021-05-11 18:45:00,41.29,
2021-05-11 19:00:00,41.32,
2021-05-11 19:15:00,41.36,
2021-05-11 19:30:00,41.28,
2021-05-11 19:45:00,41.32,
2021-05-11 20:00:00,41.38,
2021-05-11 20:15:00,41.29,
2021-05-11 20:30:00,41.33,
2021-05-11 20:45:00,41.4,
2021-05-11 21:00:00,41.41,
2021-05-11 21:15:00,41.53,
2021-05-11 21:30:00,41.48,
2021-05-11 21:45:00,41.51,
2021-05-11 22:00:00,41.59,
2021-05-11 22:15:00,41.69,
2021-05-11 22:30:00,41.74,
2021-05-11 22:45:00,41.9,
2021-05-11 23:00:00,41.97,
2021-05-11 23:15:00,42.16,
2021-05-11 23:30:00,42.02,
2021-05-11 23:45:00,42.14,
2021-05-12 00:00:00,42.2,
2021-05-12 00:15:00,42.21,
2021-05-12 00:30:00,42.14,
2021-05-12 00:45:00,42.18,
2021-05-12 01:00:00,42.18,
2021-05-12 01:15:00,42.06,
2021-05-12 01:30:00,42.03,
2021-05-12 01:45:00,42.03,
2021-05-12 02:00:00,41.93,
2021-05-12 02:15:00,42.05,
2021-05-12 02:30:00,41.9,
2021-05-12 02:45:00,41.8,
2021-05-12 03:00:00,41.89,
2021-05-12 03:15:00,41.78,
2021-05-12 03:30:00,41.69,
2021-05-12 03:45:00,41.77,
2021-05-12 04:00:00,41.67,
2021-05-12 04:15:00,41.61,
2021-05-12 04:30:00,41.61,
2021-05-12 04:45:00,41.66,
2021-05-12 05:00:00,41.49,
2021-05-12 05:15:00,41.44,
2021-05-12 05:30:00,41.36,
2021-05-12 05:45:00,41.26,
2021-05-12 06:00:00,41.31,
2021-05-12 06:15:00,41.27,
2021-05-12 06:30:00,41.25,
2021-05-12 06:45:00,41.08,
2021-05-12 07:00:00,41.19,
2021-05-12 07:15:00,41.21,
2021-05-12 07:30:00,41.15,
2021-05-12 07:45:00,41.13,
2021-05-12 08:00:00,41.11,
2021-05-12 08:15:00,41.04,
2021-05-12 08:30:00,41.03,
2021-05-12 08:45:00,41.05,
2021-05-12 09:00:00,40.97,
2021-05-12 09:15:00,41.02,
2021-05-12 09:30:00,40.98,
2021-05-12 09:45:00,40.93,
2021-05-12 10:00:00,40.91,
2021-05-12 10:15:00,40.93,
2021-05-12 10:30:00,40.95,
2021-05-12 10:45:00,40.95,
2021-05-12 11:00:00,40.86,
2021-05-12 11:15:00,40.85,
2021-05-12 11:30:00,40.84,
2021-05-12 11:45:00,40.73,
2021-05-12 12:00:00,40.73,
2021-05-12 12:15:00,40.77,
2021-05-12 12:30:00,40.71,
2021-05-12 12:45:00,40.78,
2021-05-12 13:00:00,40.69,
2021-05-12 13:15:00,40.77,
2021-05-12 13:30:00,40.64,
2021-05-12 13:45:00,40.56,
2021-05-12 14:00:00,40.72,
2021-05-12 14:15:00,40.69,
2021-05-12 14:30:00,40.64,
2021-05-12 14:45:00,40.56,
2021-05-12 15:00:00,40.63,
2021-05-12 15:15:00,40.625,LI
2021-05-12 15:30:00,40.62,
2021-05-12 15:45:00,40.51,
2021-05-12 16:00:00,40.51,
2021-05-12 16:15:00,40.49,
2021-05-12 16:30:00,40.55,
2021-05-12 16:45:00,40.6,
2021-05-12 17:00:00,40.61,
2021-05-12 17:15:00,40.68,
2021-05-12 17:30:00,40.6,
2021-05-12 17:45:00,40.82,
2021-05-12 18:00:00,40.82,
2021-05-12 18:15:00,41.02,
2021-05-12 18:30:00,41.04,
2021-05-12 18:45:00,41.2,
2021-05-12 19:00:00,41.51,
2021-05-12 19:15:00,41.84,
2021-05-12 19:30:00,42.31,
2021-05-12 19:45:00,42.79,
2021-05-12 20:00:00,43.22,
2021-05-12 20:15:00,43.65,
2021-05-12 20:30:00,44.21,
2021-05-12 20:45:00,44.55,
2021-05-12 21:00:00,44.84,
2021-05-12 21:15:00,45.01,
2021-05-12 21:30:00,45.24,
2021-05-12 21:45:00,45.35,
2021-05-12 22:00:00,45.35,
2021-05-12 22:15:00,45.68,
2021-05-12 22:30:00,45.45,
2021-05-12 22:45:00,45.52,
2021-05-12 23:00:00,45.67,
2021-05-12 23:15:00,45.56,
2021-05-12 23:30:00,45.63,
2021-05-12 23:45:00,45.55,
2021-05-13 00:00:00,45.53,
2021-05-13 00:15:00,45.32,
2021-05-13 00:30:00,45.19,
2021-05-13 00:45:00,45.24,
2021-05-13 01:00:00,45.06,
2021-05-13 01:15:00,45.08,
2021-05-13 01:30:00,45.01,
2021-05-13 01:45:00,44.84,
2021-05-13 02:00:00,44.83,
2021-05-13 02:15:00,44.69,
2021-05-13 02:30:00,44.45,
2021-05-13 02:45:00,44.21,
2021-05-13 03:00:00,44.25,
2021-05-13 03:15:00,44.28,
2021-05-13 03:30:00,43.93,
2021-05-13 03:45:00,43.91,
2021-05-13 04:00:00,43.7,
2021-05-13 04:15:00,43.8,
2021-05-13 04:30:00,43.66,
2021-05-13 04:45:00,43.43,
2021-05-13 05:00:00,43.44,
2021-05-13 05:15:00,43.31,
2021-05-13 05:30:00,43.26,
2021-05-13 05:45:00,43.17,
2021-05-13 06:00:00,43.05,
2021-05-13 06:15:00,43.09,
2021-05-13 06:30:00,43.01,
2021-05-13 06:45:00,42.79,
2021-05-13 07:00:00,42.79,
2021-05-13 07:15:00,42.75,
2021-05-13 07:30:00,42.66,
2021-05-13 07:45:00,42.63,
2021-05-13 08:00:00,42.52,
2021-05-13 08:15:00,42.5,
2021-05-13 08:30:00,42.43,
2021-05-13 08:45:00,42.41,
2021-05-13 09:00:00,42.32,
2021-05-13 09:15:00,42.27,
2021-05-13 09:30:00,42.21,
2021-05-13 09:45:00,42.16,
2021-05-13 10:00:00,42.18,
2021-05-13 10:15:00,42.09,
2021-05-13 10:30:00,42.07,
2021-05-13 10:45:00,41.95,
2021-05-13 11:00:00,41.92,
2021-05-13 11:15:00,41.91,
2021-05-13 11:30:00,41.95,
2021-05-13 11:45:00,41.85,
2021-05-13 12:00:00,41.73,
2021-05-13 12:15:00,41.7,
2021-05-13 12:30:00,41.67,
2021-05-13 12:45:00,41.59,
2021-05-13 13:00:00,41.69,
2021-05-13 13:15:00,41.58,
2021-05-13 13:30:00,41.57,
2021-05-13 13:45:00,41.52,
2021-05-13 14:00:00,41.45,
2021-05-13 14:15:00,41.44,
2021-05-13 14:30:00,41.39,
2021-05-13 14:45:00,41.39,
2021-05-13 15:00:00,41.3,
2021-05-13 15:15:00,41.36,
2021-05-13 15:30:00,41.42,
2021-05-13 15:45:00,41.37,
2021-05-13 16:00:00,41.23,
2021-05-13 16:15:00,41.36,
2021-05-13 16:30:00,41.43,
2021-05-13 16:45:00,41.59,
2021-05-13 17:00:00,41.75,
2021-05-13 17:15:00,41.88,
2021-05-13 17:30:00,42.17,
2021-05-13 17:45:00,42.5,
2021-05-13 18:00:00,43.0,
2021-05-13 18:15:00,43.48,
2021-05-13 18:30:00,44.21,
2021-05-13 18:45:00,45.06,
2021-05-13 19:00:00,45.67,
2021-05-13 19:15:00,46.1,
2021-05-13 19:30:00,46.89,
2021-05-13 19:45:00,47.32,
2021-05-13 20:00:00,47.69,
2021-05-13 20:15:00,48.2,
2021-05-13 20:30:00,48.45,
2021-05-13 20:45:00,48.86,
2021-05-13 21:00:00,48.84,
2021-05-13 21:15:00,49.58,
2021-05-13 21:30:00,49.26,
2021-05-13 21:45:00,49.25,
2021-05-13 22:00:00,49.21,
2021-05-13 22:15:00,49.03,
2021-05-13 22:30:00,49.03,
2021-05-13 22:45:00,48.74,
2021-05-13 23:00:00,48.75,
2021-05-13 23:15:00,48.54,
2021-05-13 23:30:00,48.27,
2021-05-13 23:45:00,48.08,
2021-05-14 00:00:00,47.86,
2021-05-14 00:15:00,47.81,
2021-05-14 00:30:00,47.51,
2021-05-14 00:45:00,47.39,
2021-05-14 01:00:00,47.2,
2021-05-14 01:15:00,47.11,
2021-05-14 01:30:00,46.91,
2021-05-14 01:45:00,46.65,
2021-05-14 02:00:00,46.45,
2021-05-14 02:15:00,46.35,
2021-05-14 02:30:00,46.41,
2021-05-14 02:45:00,46.14,
2021-05-14 03:00:00,45.87,
2021-05-14 03:15:00,45.92,
2021-05-14 03:30:00,45.81,
2021-05-14 03:45:00,45.66,
2021-05-14 04:00:00,45.59,
2021-05-14 04:15:00,45.46,
2021-05-14 04:30:00,45.31,
2021-05-14 04:45:00,45.3,
2021-05-14 05:00:00,45.1,
2021-05-14 05:15:00,45.05,
2021-05-14 05:30:00,44.87,
2021-05-14 05:45:00,44.93,
2021-05-14 06:00:00,44.79,
2021-05-14 06:15:00,44.78,
2021-05-14 06:30:00,44.68,
2021-05-14 06:45:00,44.56,
2021-05-14 07:00:00,44.51,
2021-05-14 07:15:00,44.49,
2021-05-14 07:30:00,44.39,
2021-05-14 07:45:00,44.3,
2021-05-14 08:00:00,44.31,
2021-05-14 08:15:00,44.12,
2021-05-14 08:30:00,44.07,
2021-05-14 08:45:00,44.08,
2021-05-14 09:00:00,44.07,
2021-05-14 09:15:00,43.91,
2021-05-14 09:30:00,43.84,
2021-05-14 09:45:00,43.81,
2021-05-14 10:00:00,43.7,
2021-05-14 10:15:00,43.63,
2021-05-14 10:30:00,43.59,
2021-05-14 10:45:00,43.59,
2021-05-14 11:00:00,43.6,
2021-05-14 11:15:00,43.47,
2021-05-14 11:30:00,43.41,
2021-05-14 11:45:00,43.34,
2021-05-14 12:00:00,43.18,
2021-05-14 12:15:00,43.26,
2021-05-14 12:30:00,43.23,
2021-05-14 12:45:00,43.17,
2021-05-14 13:00:00,43.09,
2021-05-14 13:15:00,43.02,
2021-05-14 13:30:00,43.09,
2021-05-14 13:45:00,43.03,
2021-05-14 14:00:00,42.93,
2021-05-14 14:15:00,42.92,
2021-05-14 14:30:00,42.81,
2021-05-14 14:45:00,42.93,
2021-05-14 15:00:00,42.84,
2021-05-14 15:15:00,42.79,
2021-05-14 15:30:00,42.86,
2021-05-14 15:45:00,42.93,
2021-05-14 16:00:00,43.02,
2021-05-14 16:15:00,43.07,
2021-05-14 16:30:00,43.39,
2021-05-14 16:45:00,43.58,
2021-05-14 17:00:00,44.09,
2021-05-14 17:15:00,44.62,
2021-05-14 17:30:00,45.25,
2021-05-14 17:45:00,45.86,
2021-05-14 18:00:00,46.67,
2021-05-14 18:15:00,47.53,
2021-05-14 18:30:00,48.32,
2021-05-14 18:45:00,48.94,
2021-05-14 19:00:00,49.34,
2021-05-14 19:15:00,49.73,
2021-05-14 19:30:00,49.91,
2021-05-14 19:45:00,49.79,
2021-05-14 20:00:00,49.9,
2021-05-14 20:15:00,49.92,
2021-05-14 20:30:00,49.82,
2021-05-14 20:45:00,49.86,
2021-05-14 21:00:00,49.89,
2021-05-14 21:15:00,49.8,
2021-05-14 21:30:00,49.73,
2021-05-14 21:45:00,49.72,
2021-05-14 22:00:00,49.61,
2021-05-14 22:15:00,49.59,
2021-05-14 22:30:00,49.38,
2021-05-14 22:45:00,49.3,
2021-05-14 23:00:00,49.18,
2021-05-14 23:15:00,49.02,
2021-05-14 23:30:00,48.93,
2021-05-14 23:45:00,48.79,
2021-05-15 00:00:00,48.7,
2021-05-15 00:15:00,48.67,
2021-05-15 00:30:00,48.43,
2021-05-15 00:45:00,48.29,
2021-05-15 01:00:00,48.22,
2021-05-15 01:15:00,47.97,
2021-05-15 01:30:00,47.79,
2021-05-15 01:45:00,47.73,
2021-05-15 02:00:00,47.47,
2021-05-15 02:15:00,47.34,
2021-05-15 02:30:00,47.15,
2021-05-15 02:45:00,47.21,
2021-05-15 03:00:00,46.88,
2021-05-15 03:15:00,46.77,
2021-05-15 03:30:00,46.65,
2021-05-15 03:45:00,46.63,
2021-05-15 04:00:00,46.45,
2021-05-15 04:15:00,46.39,
2021-05-15 04:30:00,46.3,
2021-05-15 04:45:00,46.21,
2021-05-15 05:00:00,46.07,
2021-05-15 05:15:00,45.99,
2021-05-15 05:30:00,45.84,
2021-05-15 05:45:00,45.91,
2021-05-15 06:00:00,45.74,
2021-05-15 06:15:00,45.81,
2021-05-15 06:30:00,45.55,
2021-05-15 06:45:00,45.57,
2021-05-15 07:00:00,45.49,
2021-05-15 07:15:00,45.25,
2021-05-15 07:30:00,45.28,
2021-05-15 07:45:00,45.35,
2021-05-15 08:00:00,45.21,
2021-05-15 08:15:00,45.31,
2021-05-15 08:30:00,45.19,
2021-05-15 08:45:00,45.07,
2021-05-15 09:00:00,45.11,
2021-05-15 09:15:00,45.08,
2021-05-15 09:30:00,45.0,
2021-05-15 09:45:00,45.04,
2021-05-15 10:00:00,44.91,
2021-05-15 10:15:00,44.92,
2021-05-15 10:30:00,44.93,
2021-05-15 10:45:00,44.82,
2021-05-15 11:00:00,44.84,
2021-05-15 11:15:00,44.79,
2021-05-15 11:30:00,44.76,
2021-05-15 11:45:00,44.58,
2021-05-15 12:00:00,44.55,
2021-05-15 12:15:00,44.54,
2021-05-15 12:30:00,44.55,
2021-05-15 12:45:00,44.39,
2021-05-15 13:00:00,44.35,
2021-05-15 13:15:00,44.42,
2021-05-15 13:30:00,44.21,
2021-05-15 13:45:00,44.28,
2021-05-15 14:00:00,44.23,
2021-05-15 14:15:00,44.18,
2021-05-15 14:30:00,44.2,
2021-05-15 14:45:00,44.34,
2021-05-15 15:00:00,44.12,
2021-05-15 15:15:00,44.22,
2021-05-15 15:30:00,44.21,
2021-05-15 15:45:00,44.24,
2021-05-15 16:00:00,44.37,
2021-05-15 16:15:00,44.45,
2021-05-15 16:30:00,44.63,
2021-05-15 16:45:00,44.85,
2021-05-15 17:00:00,45.24,
2021-05-15 17:15:00,45.52,
2021-05-15 17:30:00,45.88,
2021-05-15 17:45:00,48.0,
2021-05-15 18:00:00,48.09,
2021-05-15 18:15:00,48.3,
2021-05-15 18:30:00,48.74,
2021-05-15 18:45:00,49.3,
2021-05-15 19:00:00,49.67,
2021-05-15 19:15:00,50.13,
2021-05-15 19:30:00,51.03,
2021-05-15 19:45:00,51.34,
2021-05-15 20:00:00,50.98,
2021-05-15 20:15:00,51.01,
2021-05-15 20:30:00,51.17,
2021-05-15 20:45:00,51.25,
2021-05-15 21:00:00,51.41,
2021-05-15 21:15:00,51.53,
2021-05-15 21:30:00,51.53,
2021-05-15 21:45:00,51.59,
2021-05-15 22:00:00,51.63,
2021-05-15 22:15:00,51.72,
2021-05-15 22:30:00,51.59,
2021-05-15 22:45:00,51.45,
2021-05-15 23:00:00,51.35,
2021-05-15 23:15:00,51.17,
2021-05-15 23:30:00,51.05,
2021-05-15 23:45:00,50.8,
2021-05-16 00:00:00,50.71,
2021-05-16 00:15:00,50.59,
2021-05-16 00:30:00,50.34,
2021-05-16 00:45:00,50.04,
2021-05-16 01:00:00,50.01,
2021-05-16 01:15:00,49.86,
2021-05-16 01:30:00,49.65,
2021-05-16 01:45:00,49.42,
2021-05-16 02:00:00,49.25,
2021-05-16 02:15:00,49.09,
2021-05-16 02:30:00,48.92,
2021-05-16 02:45:00,48.64,
2021-05-16 03:00:00,48.64,
2021-05-16 03:15:00,48.5,
2021-05-16 03:30:00,48.4,
2021-05-16 03:45:00,48.27,
2021-05-16 04:00:00,48.1,
2021-05-16 04:15:00,47.91,
2021-05-16 04:30:00,47.86,
2021-05-16 04:45:00,47.64,
2021-05-16 05:00:00,47.62,
2021-05-16 05:15:00,47.47,
2021-05-16 05:30:00,47.29,
2021-05-16 05:45:00,47.16,
2021-05-16 06:00:00,47.03,
2021-05-16 06:15:00,46.98,
2021-05-16 06:30:00,46.96,
2021-05-16 06:45:00,46.86,
2021-05-16 07:00:00,46.86,
2021-05-16 07:15:00,46.7,
2021-05-16 07:30:00,46.57,
2021-05-16 07:45:00,46.55,
2021-05-16 08:00:00,46.4,
2021-05-16 08:15:00,46.35,
2021-05-16 08:30:00,46.32,
2021-05-16 08:45:00,46.28,
2021-05-16 09:00:00,46.23,
2021-05-16 09:15:00,46.19,
2021-05-16 09:30:00,46.13,
2021-05-16 09:45:00,46.04,
2021-05-16 10:00:00,45.98,
2021-05-16 10:15:00,45.92,
2021-05-16 10:30:00,45.92,
2021-05-16 10:45:00,45.72,
2021-05-16 11:00:00,45.68,
2021-05-16 11:15:00,45.6,
2021-05-16 11:30:00,45.64,
2021-05-16 11:45:00,45.56,
2021-05-16 12:00:00,45.58,
2021-05-16 12:15:00,45.54,
2021-05-16 12:30:00,45.41,
2021-05-16 12:45:00,45.46,
2021-05-16 13:00:00,45.54,
2021-05-16 13:15:00,45.44,
2021-05-16 13:30:00,45.31,
2021-05-16 13:45:00,45.34,
2021-05-16 14:00:00,45.39,
2021-05-16 14:15:00,45.36,
2021-05-16 14:30:00,45.33,
2021-05-16 14:45:00,45.29,
2021-05-16 15:00:00,45.26,
2021-05-16 15:15:00,45.46,
2021-05-16 15:30:00,45.38,
2021-05-16 15:45:00,45.5,
2021-05-16 16:00:00,45.81,
2021-05-16 16:15:00,46.0,
2021-05-16 16:30:00,46.27,
2021-05-16 16:45:00,46.67,
2021-05-16 17:00:00,47.22,
2021-05-16 17:15:00,47.85,
2021-05-16 17:30:00,48.49,
2021-05-16 17:45:00,49.13,
2021-05-16 18:00:00,49.55,
2021-05-16 18:15:00,49.91,
2021-05-16 18:30:00,50.26,
2021-05-16 18:45:00,50.53,
2021-05-16 19:00:00,50.83,
2021-05-16 19:15:00,50.89,
2021-05-16 19:30:00,50.95,
2021-05-16 19:45:00,50.9,
2021-05-16 20:00:00,50.97,
2021-05-16 20:15:00,50.92,
2021-05-16 20:30:00,50.74,
2021-05-16 20:45:00,50.68,
2021-05-16 21:00:00,50.81,
2021-05-16 21:15:00,50.93,
2021-05-16 21:30:00,50.78,
2021-05-16 21:45:00,50.75,
2021-05-16 22:00:00,50.6,
2021-05-16 22:15:00,50.47,
2021-05-16 22:30:00,50.35,
2021-05-16 22:45:00,50.05,
2021-05-16 23:00:00,50.03,
2021-05-16 23:15:00,49.89,
2021-05-16 23:30:00,49.79,
2021-05-16 23:45:00,49.57,
2021-05-17 00:00:00,49.58,
2021-05-17 00:15:00,49.45,
2021-05-17 00:30:00,49.51,
2021-05-17 00:45:00,49.36,
2021-05-17 01:00:00,49.39,
2021-05-17 01:15:00,49.35,
2021-05-17 01:30:00,49.6,
2021-05-17 01:45:00,49.72,
2021-05-17 02:00:00,49.75,
2021-05-17 02:15:00,50.01,
2021-05-17 02:30:00,50.03,
2021-05-17 02:45:00,50.11,
2021-05-17 03:00:00,50.27,
2021-05-17 03:15:00,49.95,
2021-05-17 03:30:00,49.92,
2021-05-17 03:45:00,49.76,
2021-05-17 04:00:00,49.83,
2021-05-17 04:15:00,49.73,
2021-05-17 04:30:00,49.45,
2021-05-17 04:45:00,49.46,
2021-05-17 05:00:00,49.32,
2021-05-17 05:15:00,49.17,
2021-05-17 05:30:00,49.01,
2021-05-17 05:45:00,48.89,
2021-05-17 06:00:00,48.87,
2021-05-17 06:15:00,48.67,
2021-05-17 06:30:00,48.54,
2021-05-17 06:45:00,48.43,
2021-05-17 07:00:00,48.39,
2021-05-17 07:15:00,48.36,
2021-05-17 07:30:00,48.24,
2021-05-17 07:45:00,48.15,
2021-05-17 08:00:00,48.07,
2021-05-17 08:15:00,47.92,
2021-05-17 08:30:00,47.97,
2021-05-17 08:45:00,47.88,
2021-05-17 09:00:00,47.76,
2021-05-17 09:15:00,47.82,
2021-05-17 09:30:00,47.7,
2021-05-17 09:45:00,47.59,
2021-05-17 10:00:00,47.64,
2021-05-17 10:15:00,47.53,
2021-05-17 10:30:00,47.35,
2021-05-17 10:45:00,47.32,
2021-05-17 11:00:00,47.26,
2021-05-17 11:15:00,47.11,
2021-05-17 11:30:00,47.13,
2021-05-17 11:45:00,47.03,
2021-05-17 12:00:00,47.01,
2021-05-17 12:15:00,47.02,
2021-05-17 12:30:00,46.9,
2021-05-17 12:45:00,46.89,
2021-05-17 13:00:00,46.8,
2021-05-17 13:15:00,46.94,
2021-05-17 13:30:00,46.7,
2021-05-17 13:45:00,46.68,
2021-05-17 14:00:00,46.64,
2021-05-17 14:15:00,46.62,
2021-05-17 14:30:00,46.54,
2021-05-17 14:45:00,46.74,
2021-05-17 15:00:00,46.76,
2021-05-17 15:15:00,46.74,
2021-05-17 15:30:00,46.76,
2021-05-17 15:45:00,46.7,
2021-05-17 16:00:00,46.85,
2021-05-17 16:15:00,46.99,
2021-05-17 16:30:00,47.16,
2021-05-17 16:45:00,47.4,
2021-05-17 17:00:00,47.6,
2021-05-17 17:15:00,48.13,
2021-05-17 17:30:00,48.43,
2021-05-17 17:45:00,48.89,
2021-05-17 18:00:00,49.26,
2021-05-17 18:15:00,49.82,
2021-05-17 18:30:00,50.06,
2021-05-17 18:45:00,50.25,
2021-05-17 19:00:00,50.56,
2021-05-17 19:15:00,50.75,
2021-05-17 19:30:00,50.81,
2021-05-17 19:45:00,50.92,
2021-05-17 20:00:00,50.95,
2021-05-17 20:15:00,51.03,
2021-05-17 20:30:00,50.96,
2021-05-17 20:45:00,50.92,
2021-05-17 21:00:00,50.94,
2021-05-17 21:15:00,50.85,
2021-05-17 21:30:00,50.67,
2021-05-17 21:45:00,50.83,
2021-05-17 22:00:00,50.65,
2021-05-17 22:15:00,50.67,
2021-05-17 22:30:00,50.64,
2021-05-17 22:45:00,50.53,
2021-05-17 23:00:00,50.36,
2021-05-17 23:15:00,50.33,
2021-05-17 23:30:00,50.25,
2021-05-17 23:45:00,50.26,
2021-05-18 00:00:00,50.04,
2021-05-18 00:15:00,50.03,
2021-05-18 00:30:00,49.89,
2021-05-18 00:45:00,49.78,
2021-05-18 01:00:00,49.77,
2021-05-18 01:15:00,49.58,
2021-05-18 01:30:00,49.58,
2021-05-18 01:45:00,49.34,
2021-05-18 02:00:00,49.23,
2021-05-18 02:15:00,49.21,
2021-05-18 02:30:00,49.02,
2021-05-18 02:45:00,48.94,
2021-05-18 03:00:00,48.95,
2021-05-18 03:15:00,48.69,
2021-05-18 03:30:00,48.64,
2021-05-18 03:45:00,48.54,
2021-05-18 04:00:00,48.46,
2021-05-18 04:15:00,48.43,
2021-05-18 04:30:00,48.3,
2021-05-18 04:45:00,48.13,
2021-05-18 05:00:00,48.1,
2021-05-18 05:15:00,48.06,
2021-05-18 05:30:00,47.98,
2021-05-18 05:45:00,47.86,
2021-05-18 06:00:00,47.92,
2021-05-18 06:15:00,47.9,
2021-05-18 06:30:00,47.74,
2021-05-18 06:45:00,47.7,
2021-05-18 07:00:00,47.73,
2021-05-18 07:15:00,47.7,
2021-05-18 07:30:00,47.65,
2021-05-18 07:45:00,47.61,
2021-05-18 08:00:00,47.6,
2021-05-18 08:15:00,47.51,
2021-05-18 08:30:00,47.62,
2021-05-18 08:45:00,47.48,
2021-05-18 09:00:00,47.54,
2021-05-18 09:15:00,47.44,
2021-05-18 09:30:00,47.39,
2021-05-18 09:45:00,47.4,
2021-05-18 10:00:00,47.4,
2021-05-18 10:15:00,47.41,
2021-05-18 10:30:00,47.27,
2021-05-18 10:45:00,47.24,
2021-05-18 11:00:00,47.22,
2021-05-18 11:15:00,47.16,
2021-05-18 11:30:00,47.12,
2021-05-18 11:45:00,47.03,
2021-05-18 12:00:00,47.15,
2021-05-18 12:15:00,46.96,
2021-05-18 12:30:00,47.02,
2021-05-18 12:45:00,46.99,
2021-05-18 13:00:00,46.89,
2021-05-18 13:15:00,46.89,
2021-05-18 13:30:00,46.9,
2021-05-18 13:45:00,46.83,
2021-05-18 14:00:00,46.75,
2021-05-18 14:15:00,46.76,
2021-05-18 14:30:00,46.81,
2021-05-18 14:45:00,46.65,
2021-05-18 15:00:00,46.62,
2021-05-18 15:15:00,46.74,
2021-05-18 15:30:00,46.72,
2021-05-18 15:45:00,46.76,
2021-05-18 16:00:00,46.76,
2021-05-18 16:15:00,46.9,
2021-05-18 16:30:00,46.98,
2021-05-18 16:45:00,47.09,
2021-05-18 17:00:00,47.23,
2021-05-18 17:15:00,47.53,
2021-05-18 17:30:00,47.72,
2021-05-18 17:45:00,47.89,
2021-05-18 18:00:00,48.23,
2021-05-18 18:15:00,48.57,
2021-05-18 18:30:00,48.74,
2021-05-18 18:45:00,49.11,
2021-05-18 19:00:00,49.31,
2021-05-18 19:15:00,49.73,
2021-05-18 19:30:00,49.88,
2021-05-18 19:45:00,50.2,
2021-05-18 20:00:00,50.22,
2021-05-18 20:15:00,50.48,
2021-05-18 20:30:00,50.65,
2021-05-18 20:45:00,50.72,
2021-05-18 21:00:00,50.77,
2021-05-18 21:15:00,50.75,
2021-05-18 21:30:00,50.79,
2021-05-18 21:45:00,50.73,
2021-05-18 22:00:00,50.74,
2021-05-18 22:15:00,50.65,
2021-05-18 22:30:00,50.78,
2021-05-18 22:45:00,50.54,
2021-05-18 23:00:00,50.68,
2021-05-18 23:15:00,50.57,
2021-05-18 23:30:00,50.57,
2021-05-18 23:45:00,50.29,
2021-05-19 00:00:00,50.38,
2021-05-19 00:15:00,50.25,
2021-05-19 00:30:00,50.26,
2021-05-19 00:45:00,50.03,
2021-05-19 01:00:00,49.93,
2021-05-19 01:15:00,49.93,
2021-05-19 01:30:00,49.89,
2021-05-19 01:45:00,49.8,
2021-05-19 02:00:00,49.68,
2021-05-19 02:15:00,49.69,
2021-05-19 02:30:00,49.39,
2021-05-19 02:45:00,49.43,
2021-05-19 03:00:00,49.19,
2021-05-19 03:15:00,49.16,
2021-05-19 03:30:00,49.17,
2021-05-19 03:45:00,48.95,
2021-05-19 04:00:00,48.92,
2021-05-19 04:15:00,48.89,
2021-05-19 04:30:00,48.81,
2021-05-19 04:45:00,48.78,
2021-05-19 05:00:00,48.66,
2021-05-19 05:15:00,48.69,
2021-05-19 05:30:00,48.53,
2021-05-19 05:45:00,48.67,
2021-05-19 06:00:00,48.63,
2021-05-19 06:15:00,48.53,
2021-05-19 06:30:00,48.44,
2021-05-19 06:45:00,48.55,
2021-05-19 07:00:00,48.48,
2021-05-19 07:15:00,48.46,
2021-05-19 07:30:00,48.39,
2021-05-19 07:45:00,48.37,
2021-05-19 08:00:00,48.3,
2021-05-19 08:15:00,48.35,
2021-05-19 08:30:00,48.31,
2021-05-19 08:45:00,48.39,
2021-05-19 09:00:00,48.43,
2021-05-19 09:15:00,48.27,
2021-05-19 09:30:00,48.28,
2021-05-19 09:45:00,48.28,
2021-05-19 10:00:00,48.14,
2021-05-19 10:15:00,48.22,
2021-05-19 10:30:00,48.27,
2021-05-19 10:45:00,48.22,
2021-05-19 11:00:00,48.1,
2021-05-19 11:15:00,48.11,
2021-05-19 11:30:00,47.94,
2021-05-19 11:45:00,47.97,
2021-05-19 12:00:00,47.86,
2021-05-19 12:15:00,47.95,
2021-05-19 12:30:00,47.8,
2021-05-19 12:45:00,47.87,
2021-05-19 13:00:00,47.9,
2021-05-19 13:15:00,47.65,
2021-05-19 13:30:00,47.62,
2021-05-19 13:45:00,47.54,
2021-05-19 14:00:00,47.58,
2021-05-19 14:15:00,47.77,
2021-05-19 14:30:00,47.42,
2021-05-19 14:45:00,47.53,
2021-05-19 15:00:00,47.41,
2021-05-19 15:15:00,47.38,
2021-05-19 15:30:00,47.39,
2021-05-19 15:45:00,47.45,
2021-05-19 16:00:00,47.22,
2021-05-19 16:15:00,47.44,
2021-05-19 16:30:00,47.32,
2021-05-19 16:45:00,47.38,
2021-05-19 17:00:00,47.51,
2021-05-19 17:15:00,47.41,
2021-05-19 17:30:00,47.63,
2021-05-19 17:45:00,47.8,
2021-05-19 18:00:00,47.84,
2021-05-19 18:15:00,48.12,
2021-05-19 18:30:00,48.21,
2021-05-19 18:45:00,48.37,
2021-05-19 19:00:00,48.45,
2021-05-19 19:15:00,48.62,
2021-05-19 19:30:00,48.77,
2021-05-19 19:45:00,49.04,
2021-05-19 20:00:00,49.39,
2021-05-19 20:15:00,49.61,
2021-05-19 20:30:00,49.72,
2021-05-19 20:45:00,49.83,
2021-05-19 21:00:00,50.01,
2021-05-19 21:15:00,50.24,
2021-05-19 21:30:00,50.31,
2021-05-19 21:45:00,50.28,
2021-05-19 22:00:00,50.42,
2021-05-19 22:15:00,50.57,
2021-05-19 22:30:00,50.49,
2021-05-19 22:45:00,50.54,
2021-05-19 23:00:00,50.45,
2021-05-19 23:15:00,50.46,
2021-05-19 23:30:00,50.44,
2021-05-19 23:45:00,50.39,
2021-05-20 00:00:00,50.4,
2021-05-20 00:15:00,50.19,
2021-05-20 00:30:00,50.11,
2021-05-20 00:45:00,50.06,
2021-05-20 01:00:00,50.2,
2021-05-20 01:15:00,49.96,
2021-05-20 01:30:00,49.9,
2021-05-20 01:45:00,49.86,
2021-05-20 02:00:00,49.85,
2021-05-20 02:15:00,49.79,
2021-05-20 02:30:00,49.87,
2021-05-20 02:45:00,49.91,
2021-05-20 03:00:00,49.77,
2021-05-20 03:15:00,49.83,
2021-05-20 03:30:00,49.74,
2021-05-20 03:45:00,49.68,
2021-05-20 04:00:00,49.72,
2021-05-20 04:15:00,49.74,
2021-05-20 04:30:00,49.64,
2021-05-20 04:45:00,49.59,
2021-05-20 05:00:00,49.61,
2021-05-20 05:15:00,49.58,
2021-05-20 05:30:00,49.39,
2021-05-20 05:45:00,49.4,
2021-05-20 06:00:00,49.42,
2021-05-20 06:15:00,49.41,
2021-05-20 06:30:00,49.38,
2021-05-20 06:45:00,49.38,
2021-05-20 07:00:00,49.33,
2021-05-20 07:15:00,49.18,
2021-05-20 07:30:00,49.21,
2021-05-20 07:45:00,49.21,
2021-05-20 08:00:00,49.12,
2021-05-20 08:15:00,49.23,
2021-05-20 08:30:00,49.17,
2021-05-20 08:45:00,49.04,
2021-05-20 09:00:00,49.05,
2021-05-20 09:15:00,49.02,
2021-05-20 09:30:00,48.95,
2021-05-20 09:45:00,48.94,
2021-05-20 10:00:00,48.94,
2021-05-20 10:15:00,48.82,
2021-05-20 10:30:00,48.9,
2021-05-20 10:45:00,48.81,
2021-05-20 11:00:00,48.82,
2021-05-20 11:15:00,48.8,
2021-05-20 11:30:00,48.77,
2021-05-20 11:45:00,48.78,
2021-05-20 12:00:00,48.67,
2021-05-20 12:15:00,49.1,
2021-05-20 12:30:00,48.44,
2021-05-20 12:45:00,49.14,
2021-05-20 13:00:00,48.87,
2021-05-20 13:15:00,49.1,
2021-05-20 13:30:00,48.95,
2021-05-20 13:45:00,48.9,
2021-05-20 14:00:00,48.76,
2021-05-20 14:15:00,48.53,
2021-05-20 14:30:00,48.62,
2021-05-20 14:45:00,48.66,
2021-05-20 15:00:00,48.57,
2021-05-20 15:15:00,48.55,
2021-05-20 15:30:00,48.51,
2021-05-20 15:45:00,48.35,
2021-05-20 16:00:00,48.41,
2021-05-20 16:15:00,48.25,
2021-05-20 16:30:00,48.43,
2021-05-20 16:45:00,48.36,
2021-05-20 17:00:00,48.4,
2021-05-20 17:15:00,48.46,
2021-05-20 17:30:00,48.61,
2021-05-20 17:45:00,48.48,
2021-05-20 18:00:00,48.52,
2021-05-20 18:15:00,48.53,
2021-05-20 18:30:00,48.66,
2021-05-20 18:45:00,48.83,
2021-05-20 19:00:00,48.96,
2021-05-20 19:15:00,48.95,
2021-05-20 19:30:00,49.07,
2021-05-20 19:45:00,49.25,
2021-05-20 20:00:00,49.42,
2021-05-20 20:15:00,49.36,
2021-05-20 20:30:00,49.65,
2021-05-20 20:45:00,49.68,
2021-05-20 21:00:00,49.78,
2021-05-20 21:15:00,49.92,
2021-05-20 21:30:00,49.96,
2021-05-20 21:45:00,50.07,
2021-05-20 22:00:00,50.02,
2021-05-20 22:15:00,49.98,
2021-05-20 22:30:00,49.8,
2021-05-20 22:45:00,49.88,
2021-05-20 23:00:00,50.07,
2021-05-20 23:15:00,49.95,
2021-05-20 23:30:00,49.78,
2021-05-20 23:45:00,49.77,
2021-05-21 00:00:00,49.87,
2021-05-21 00:15:00,50.05,
2021-05-21 00:30:00,50.05,
2021-05-21 00:45:00,50.2,
2021-05-21 01:00:00,50.28,
2021-05-21 01:15:00,50.28,
2021-05-21 01:30:00,50.14,
2021-05-21 01:45:00,50.16,
2021-05-21 02:00:00,50.37,
2021-05-21 02:15:00,50.26,
2021-05-21 02:30:00,50.23,
2021-05-21 02:45:00,50.35,
2021-05-21 03:00:00,50.4,
2021-05-21 03:15:00,50.38,
2021-05-21 03:30:00,50.31,
2021-05-21 03:45:00,50.25,
2021-05-21 04:00:00,50.1,
2021-05-21 04:15:00,50.21,
2021-05-21 04:30:00,50.11,
2021-05-21 04:45:00,50.1,
2021-05-21 05:00:00,49.98,
2021-05-21 05:15:00,50.09,
2021-05-21 05:30:00,50.0,
2021-05-21 05:45:00,49.94,
2021-05-21 06:00:00,50.04,
2021-05-21 06:15:00,50.1,
2021-05-21 06:30:00,49.95,
2021-05-21 06:45:00,49.91,
2021-05-21 07:00:00,50.04,
2021-05-21 07:15:00,49.85,
2021-05-21 07:30:00,49.84,
2021-05-21 07:45:00,49.74,
2021-05-21 08:00:00,49.78,
2021-05-21 08:15:00,49.72,
2021-05-21 08:30:00,49.76,
2021-05-21 08:45:00,49.68,
2021-05-21 09:00:00,49.76,
2021-05-21 09:15:00,49.62,
2021-05-21 09:30:00,49.68,
2021-05-21 09:45:00,49.57,
2021-05-21 10:00:00,49.61,
2021-05-21 10:15:00,49.54,
2021-05-21 10:30:00,49.48,
2021-05-21 10:45:00,49.4,
2021-05-21 11:00:00,49.33,
2021-05-21 11:15:00,49.41,
2021-05-21 11:30:00,49.37,
2021-05-21 11:45:00,49.31,
2021-05-21 12:00:00,49.25,
2021-05-21 12:15:00,49.12,
2021-05-21 12:30:00,49.25,
2021-05-21 12:45:00,49.16,
2021-05-21 13:00:00,49.14,
2021-05-21 13:15:00,49.08,
2021-05-21 13:30:00,49.1,
2021-05-21 13:45:00,49.12,
2021-05-21 14:00:00,49.78,
2021-05-21 14:15:00,50.15,
2021-05-21 14:30:00,50.51,
2021-05-21 14:45:00,50.52,
2021-05-21 15:00:00,49.26,
2021-05-21 15:15:00,49.24,
2021-05-21 15:30:00,49.51,
2021-05-21 15:45:00,49.59,
2021-05-21 16:00:00,49.84,
2021-05-21 16:15:00,49.86,
2021-05-21 16:30:00,49.92,
2021-05-21 16:45:00,49.7,
2021-05-21 17:00:00,49.52,
2021-05-21 17:15:00,49.52,
2021-05-21 17:30:00,49.4,
2021-05-21 17:45:00,49.63,
2021-05-21 18:00:00,49.56,
2021-05-21 18:15:00,49.47,
2021-05-21 18:30:00,49.53,
2021-05-21 18:45:00,49.31,
2021-05-21 19:00:00,49.39,
2021-05-21 19:15:00,49.46,
2021-05-21 19:30:00,49.44,
2021-05-21 19:45:00,49.47,
2021-05-21 20:00:00,49.65,
2021-05-21 20:15:00,49.75,
2021-05-21 20:30:00,49.83,
2021-05-21 20:45:00,49.95,
2021-05-21 21:00:00,49.98,
2021-05-21 21:15:00,50.01,
2021-05-21 21:30:00,50.15,
2021-05-21 21:45:00,50.2,
2021-05-21 22:00:00,50.26,
2021-05-21 22:15:00,50.32,
2021-05-21 22:30:00,50.16,
2021-05-21 22:45:00,50.13,
2021-05-21 23:00:00,50.01,
2021-05-21 23:15:00,49.93,
2021-05-21 23:30:00,49.57,
2021-05-21 23:45:00,49.72,
2021-05-22 00:00:00,49.59,
2021-05-22 00:15:00,49.54,
2021-05-22 00:30:00,49.49,
2021-05-22 00:45:00,49.44,
2021-05-22 01:00:00,49.54,
2021-05-22 01:15:00,49.45,
2021-05-22 01:30:00,49.36,
2021-05-22 01:45:00,49.46,
2021-05-22 02:00:00,49.39,
2021-05-22 02:15:00,49.37,
2021-05-22 02:30:00,49.34,
2021-05-22 02:45:00,49.34,
2021-05-22 03:00:00,49.28,
2021-05-22 03:15:00,49.19,
2021-05-22 03:30:00,49.17,
2021-05-22 03:45:00,49.16,
2021-05-22 04:00:00,49.03,
2021-05-22 04:15:00,48.99,
2021-05-22 04:30:00,48.99,
2021-05-22 04:45:00,48.88,
2021-05-22 05:00:00,48.96,
2021-05-22 05:15:00,48.88,
2021-05-22 05:30:00,48.85,
2021-05-22 05:45:00,48.72,
2021-05-22 06:00:00,48.74,
2021-05-22 06:15:00,48.66,
2021-05-22 06:30:00,48.71,
2021-05-22 06:45:00,48.58,
2021-05-22 07:00:00,48.48,
2021-05-22 07:15:00,48.44,
2021-05-22 07:30:00,48.48,
2021-05-22 07:45:00,48.54,
2021-05-22 08:00:00,48.56,
2021-05-22 08:15:00,48.37,
2021-05-22 08:30:00,48.34,
2021-05-22 08:45:00,48.44,
2021-05-22 09:00:00,48.37,
2021-05-22 09:15:00,48.35,
2021-05-22 09:30:00,48.3,
2021-05-22 09:45:00,48.15,
2021-05-22 10:00:00,48.21,
2021-05-22 10:15:00,48.08,
2021-05-22 10:30:00,48.15,
2021-05-22 10:45:00,48.11,
2021-05-22 11:00:00,47.94,
2021-05-22 11:15:00,47.95,
2021-05-22 11:30:00,48.07,
2021-05-22 11:45:00,47.97,
2021-05-22 12:00:00,47.98,
2021-05-22 12:15:00,47.76,
2021-05-22 12:30:00,47.82,
2021-05-22 12:45:00,47.71,
2021-05-22 13:00:00,47.77,
2021-05-22 13:15:00,47.71,
2021-05-22 13:30:00,47.6,
2021-05-22 13:45:00,47.63,
2021-05-22 14:00:00,47.65,
2021-05-22 14:15:00,47.57,
2021-05-22 14:30:00,47.74,
2021-05-22 14:45:00,47.54,
2021-05-22 15:00:00,47.4,
2021-05-22 15:15:00,47.39,
2021-05-22 15:30:00,47.44,
2021-05-22 15:45:00,47.39,
2021-05-22 16:00:00,47.37,
2021-05-22 16:15:00,47.29,
2021-05-22 16:30:00,47.2,
2021-05-22 16:45:00,47.14,
2021-05-22 17:00:00,47.36,
2021-05-22 17:15:00,47.13,
2021-05-22 17:30:00,47.07,
2021-05-22 17:45:00,47.09,
2021-05-22 18:00:00,47.12,
2021-05-22 18:15:00,47.0,
2021-05-22 18:30:00,47.06,
2021-05-22 18:45:00,46.98,
2021-05-22 19:00:00,47.04,
2021-05-22 19:15:00,46.91,
2021-05-22 19:30:00,46.99,
2021-05-22 19:45:00,46.97,
2021-05-22 20:00:00,47.03,
2021-05-22 20:15:00,46.93,
2021-05-22 20:30:00,47.07,
2021-05-22 20:45:00,47.06,
2021-05-22 21:00:00,47.06,
2021-05-22 21:15:00,46.99,
2021-05-22 21:30:00,47.14,
2021-05-22 21:45:00,47.2,
2021-05-22 22:00:00,47.24,
2021-05-22 22:15:00,47.3,
2021-05-22 22:30:00,47.29,
2021-05-22 22:45:00,47.46,
2021-05-22 23:00:00,47.34,
2021-05-22 23:15:00,47.15,
2021-05-22 23:30:00,47.41,
2021-05-22 23:45:00,47.5,
2021-05-23 00:00:00,47.3,
2021-05-23 00:15:00,47.45,
2021-05-23 00:30:00,47.45,
2021-05-23 00:45:00,47.54,
2021-05-23 01:00:00,47.38,
2021-05-23 01:15:00,47.38,
2021-05-23 01:30:00,47.45,
2021-05-23 01:45:00,47.43,
2021-05-23 02:00:00,47.39,
2021-05-23 02:15:00,47.5,
2021-05-23 02:30:00,47.33,
2021-05-23 02:45:00,47.37,
2021-05-23 03:00:00,47.39,
2021-05-23 03:15:00,47.31,
2021-05-23 03:30:00,47.29,
2021-05-23 03:45:00,47.4,
2021-05-23 04:00:00,47.39,
2021-05-23 04:15:00,47.56,
2021-05-23 04:30:00,47.72,
2021-05-23 04:45:00,47.72,
2021-05-23 05:00:00,47.79,
2021-05-23 05:15:00,47.78,
2021-05-23 05:30:00,47.69,
2021-05-23 05:45:00,47.73,
2021-05-23 06:00:00,47.87,
2021-05-23 06:15:00,47.93,
2021-05-23 06:30:00,48.06,
2021-05-23 06:45:00,48.01,
2021-05-23 07:00:00,47.99,
2021-05-23 07:15:00,47.98,
2021-05-23 07:30:00,48.06,
2021-05-23 07:45:00,48.13,
2021-05-23 08:00:00,47.98,
2021-05-23 08:15:00,48.11,
2021-05-23 08:30:00,48.03,
2021-05-23 08:45:00,48.24,
2021-05-23 09:00:00,48.15,
2021-05-23 09:15:00,48.09,
2021-05-23 09:30:00,48.07,
2021-05-23 09:45:00,48.15,
2021-05-23 10:00:00,48.23,
2021-05-23 10:15:00,48.18,
2021-05-23 10:30:00,48.18,
2021-05-23 10:45:00,48.23,
2021-05-23 11:00:00,47.99,
2021-05-23 11:15:00,48.18,
2021-05-23 11:30:00,48.09,
2021-05-23 11:45:00,48.2,
2021-05-23 12:00:00,48.06,
2021-05-23 12:15:00,48.15,
2021-05-23 12:30:00,48.04,
2021-05-23 12:45:00,48.05,
2021-05-23 13:00:00,47.96,
2021-05-23 13:15:00,47.87,
2021-05-23 13:30:00,47.85,
2021-05-23 13:45:00,47.98,
2021-05-23 14:00:00,47.83,
2021-05-23 14:15:00,47.88,
2021-05-23 14:30:00,47.82,
2021-05-23 14:45:00,48.0,
2021-05-23 15:00:00,47.88,
2021-05-23 15:15:00,47.91,
2021-05-23 15:30:00,47.97,
2021-05-23 15:45:00,48.02,
2021-05-23 16:00:00,47.9,
2021-05-23 16:15:00,47.84,
2021-05-23 16:30:00,47.86,
2021-05-23 16:45:00,47.93,
2021-05-23 17:00:00,47.82,
2021-05-23 17:15:00,47.95,
2021-05-23 17:30:00,47.83,
2021-05-23 17:45:00,47.95,
2021-05-23 18:00:00,47.9,
2021-05-23 18:15:00,47.93,
2021-05-23 18:30:00,48.08,
2021-05-23 18:45:00,48.2,
2021-05-23 19:00:00,48.05,
2021-05-23 19:15:00,48.06,
2021-05-23 19:30:00,48.0,
2021-05-23 19:45:00,48.02,
2021-05-23 20:00:00,48.05,
2021-05-23 20:15:00,48.02,
2021-05-23 20:30:00,47.92,
2021-05-23 20:45:00,48.02,
2021-05-23 21:00:00,47.84,
2021-05-23 21:15:00,47.75,
2021-05-23 21:30:00,47.74,
2021-05-23 21:45:00,47.57,
2021-05-23 22:00:00,47.71,
2021-05-23 22:15:00,47.62,
2021-05-23 22:30:00,47.65,
2021-05-23 22:45:00,47.72,
2021-05-23 23:00:00,47.56,
2021-05-23 23:15:00,47.48,
2021-05-23 23:30:00,47.44,
2021-05-23 23:45:00,47.22,
2021-05-24 00:00:00,47.19,
2021-05-24 00:15:00,47.27,
2021-05-24 00:30:00,47.4,
2021-05-24 00:45:00,47.18,
2021-05-24 01:00:00,47.11,
2021-05-24 01:15:00,46.98,
2021-05-24 01:30:00,47.13,
2021-05-24 01:45:00,46.98,
2021-05-24 02:00:00,47.05,
2021-05-24 02:15:00,46.92,
2021-05-24 02:30:00,46.89,
2021-05-24 02:45:00,46.86,
2021-05-24 03:00:00,46.91,
2021-05-24 03:15:00,46.83,
2021-05-24 03:30:00,46.86,
2021-05-24 03:45:00,46.95,
2021-05-24 04:00:00,46.86,
2021-05-24 04:15:00,46.87,
2021-05-24 04:30:00,46.87,
2021-05-24 04:45:00,46.65,
2021-05-24 05:00:00,46.52,
2021-05-24 05:15:00,46.72,
2021-05-24 05:30:00,46.67,
2021-05-24 05:45:00,46.69,
2021-05-24 06:00:00,46.6,
2021-05-24 06:15:00,46.52,
2021-05-24 06:30:00,46.47,
2021-05-24 06:45:00,46.53,
2021-05-24 07:00:00,46.54,
2021-05-24 07:15:00,46.5,
2021-05-24 07:30:00,46.62,
2021-05-24 07:45:00,46.5,
2021-05-24 08:00:00,46.57,
2021-05-24 08:15:00,46.53,
2021-05-24 08:30:00,46.31,
2021-05-24 08:45:00,46.41,
2021-05-24 09:00:00,46.35,
2021-05-24 09:15:00,46.44,
2021-05-24 09:30:00,46.52,
2021-05-24 09:45:00,46.32,
2021-05-24 10:00:00,46.35,
2021-05-24 10:15:00,46.41,
2021-05-24 10:30:00,46.34,
2021-05-24 10:45:00,46.31,
2021-05-24 11:00:00,46.22,
2021-05-24 11:15:00,46.23,
2021-05-24 11:30:00,46.29,
2021-05-24 11:45:00,46.22,
2021-05-24 12:00:00,46.28,
2021-05-24 12:15:00,46.23,
2021-05-24 12:30:00,46.14,
2021-05-24 12:45:00,46.21,
2021-05-24 13:00:00,46.14,
2021-05-24 13:15:00,46.15,
2021-05-24 13:30:00,46.17,
2021-05-24 13:45:00,46.1,
2021-05-24 14:00:00,46.15,
2021-05-24 14:15:00,46.08,
2021-05-24 14:30:00,46.01,
2021-05-24 14:45:00,45.95,
2021-05-24 15:00:00,46.06,
2021-05-24 15:15:00,46.0,
2021-05-24 15:30:00,45.94,
2021-05-24 15:45:00,45.91,
2021-05-24 16:00:00,45.81,
2021-05-24 16:15:00,45.93,
2021-05-24 16:30:00,45.84,
2021-05-24 16:45:00,45.8,
2021-05-24 17:00:00,45.76,
2021-05-24 17:15:00,45.79,
2021-05-24 17:30:00,45.72,
2021-05-24 17:45:00,45.81,
2021-05-24 18:00:00,45.88,
2021-05-24 18:15:00,45.69,
2021-05-24 18:30:00,45.83,
2021-05-24 18:45:00,45.76,
2021-05-24 19:00:00,45.8,
2021-05-24 19:15:00,45.82,
2021-05-24 19:30:00,45.84,
2021-05-24 19:45:00,45.72,
2021-05-24 20:00:00,45.63,
2021-05-24 20:15:00,45.59,
2021-05-24 20:30:00,45.7,
2021-05-24 20:45:00,45.65,
2021-05-24 21:00:00,45.58,
2021-05-24 21:15:00,45.5,
2021-05-24 21:30:00,45.5,
2021-05-24 21:45:00,45.52,
2021-05-24 22:00:00,45.48,
2021-05-24 22:15:00,45.62,
2021-05-24 22:30:00,45.62,
2021-05-24 22:45:00,45.51,
2021-05-24 23:00:00,45.52,
2021-05-24 23:15:00,45.47,
2021-05-24 23:30:00,45.46,
2021-05-24 23:45:00,45.5,
2021-05-25 00:00:00,45.47,
2021-05-25 00:15:00,45.49,
2021-05-25 00:30:00,45.35,
2021-05-25 00:45:00,45.35,
2021-05-25 01:00:00,45.36,
2021-05-25 01:15:00,45.35,
2021-05-25 01:30:00,45.26,
2021-05-25 01:45:00,45.29,
2021-05-25 02:00:00,45.4,
2021-05-25 02:15:00,45.3,
2021-05-25 02:30:00,45.31,
2021-05-25 02:45:00,45.35,
2021-05-25 03:00:00,45.34,
2021-05-25 03:15:00,45.24,
2021-05-25 03:30:00,45.32,
2021-05-25 03:45:00,45.33,
2021-05-25 04:00:00,45.19,
2021-05-25 04:15:00,45.24,
2021-05-25 04:30:00,45.23,
2021-05-25 04:45:00,45.34,
2021-05-25 05:00:00,45.38,
2021-05-25 05:15:00,45.31,
2021-05-25 05:30:00,45.28,
2021-05-25 05:45:00,45.29,
2021-05-25 06:00:00,45.26,
2021-05-25 06:15:00,45.24,
2021-05-25 06:30:00,45.13,
2021-05-25 06:45:00,45.18,
2021-05-25 07:00:00,45.18,
2021-05-25 07:15:00,45.21,
2021-05-25 07:30:00,45.26,
2021-05-25 07:45:00,45.13,
2021-05-25 08:00:00,45.13,
2021-05-25 08:15:00,45.39,
2021-05-25 08:30:00,45.2,
2021-05-25 08:45:00,45.37,
2021-05-25 09:00:00,45.29,
2021-05-25 09:15:00,45.19,
2021-05-25 09:30:00,45.21,
2021-05-25 09:45:00,45.31,
2021-05-25 10:00:00,45.36,
2021-05-25 10:15:00,45.28,
2021-05-25 10:30:00,45.46,
2021-05-25 10:45:00,45.33,
2021-05-25 11:00:00,45.23,
2021-05-25 11:15:00,45.26,
2021-05-25 11:30:00,45.22,
2021-05-25 11:45:00,45.25,
2021-05-25 12:00:00,45.25,
2021-05-25 12:15:00,45.31,
2021-05-25 12:30:00,45.11,
2021-05-25 12:45:00,45.06,
2021-05-25 13:00:00,45.23,
2021-05-25 13:15:00,45.13,
2021-05-25 13:30:00,45.0,
2021-05-25 13:45:00,45.0,
2021-05-25 14:00:00,45.02,
2021-05-25 14:15:00,45.09,
2021-05-25 14:30:00,45.08,
2021-05-25 14:45:00,45.05,
2021-05-25 15:00:00,44.93,
2021-05-25 15:15:00,45.0,
2021-05-25 15:30:00,44.92,
2021-05-25 15:45:00,44.95,
2021-05-25 16:00:00,44.95,
2021-05-25 16:15:00,44.95,
2021-05-25 16:30:00,44.85,
2021-05-25 16:45:00,44.95,
2021-05-25 17:00:00,44.92,
2021-05-25 17:15:00,44.92,
2021-05-25 17:30:00,44.87,
2021-05-25 17:45:00,44.84,
2021-05-25 18:00:00,44.83,
2021-05-25 18:15:00,44.86,
2021-05-25 18:30:00,44.82,
2021-05-25 18:45:00,44.72,
2021-05-25 19:00:00,44.7,
2021-05-25 19:15:00,44.84,
2021-05-25 19:30:00,44.71,
2021-05-25 19:45:00,44.76,
2021-05-25 20:00:00,44.92,
2021-05-25 20:15:00,44.77,
2021-05-25 20:30:00,44.76,
2021-05-25 20:45:00,44.65,
2021-05-25 21:00:00,44.65,
2021-05-25 21:15:00,44.68,
2021-05-25 21:30:00,44.76,
2021-05-25 21:45:00,44.92,
2021-05-25 22:00:00,44.87,
2021-05-25 22:15:00,44.72,
2021-05-25 22:30:00,44.72,
2021-05-25 22:45:00,44.71,
2021-05-25 23:00:00,44.94,
2021-05-25 23:15:00,45.06,
2021-05-25 23:30:00,44.8,
2021-05-25 23:45:00,44.97,
2021-05-26 00:00:00,44.93,
2021-05-26 00:15:00,44.9,
2021-05-26 00:30:00,44.89,
2021-05-26 00:45:00,44.78,
2021-05-26 01:00:00,44.83,
2021-05-26 01:15:00,44.84,
2021-05-26 01:30:00,44.81,
2021-05-26 01:45:00,44.79,
2021-05-26 02:00:00,44.83,
2021-05-26 02:15:00,44.71,
2021-05-26 02:30:00,44.74,
2021-05-26 02:45:00,44.75,
2021-05-26 03:00:00,44.77,
2021-05-26 03:15:00,44.8,
2021-05-26 03:30:00,44.81,
2021-05-26 03:45:00,44.67,
2021-05-26 04:00:00,44.65,
2021-05-26 04:15:00,44.72,
2021-05-26 04:30:00,44.69,
2021-05-26 04:45:00,44.66,
2021-05-26 05:00:00,44.68,
2021-05-26 05:15:00,44.64,
2021-05-26 05:30:00,44.73,
2021-05-26 05:45:00,44.83,
2021-05-26 06:00:00,44.64,
2021-05-26 06:15:00,44.78,
2021-05-26 06:30:00,44.66,
2021-05-26 06:45:00,44.7,
2021-05-26 07:00:00,44.75,
2021-05-26 07:15:00,44.89,
2021-05-26 07:30:00,44.85,
2021-05-26 07:45:00,44.78,
2021-05-26 08:00:00,44.75,
2021-05-26 08:15:00,44.83,
2021-05-26 08:30:00,44.73,
2021-05-26 08:45:00,44.86,
2021-05-26 09:00:00,44.81,
2021-05-26 09:15:00,44.93,
2021-05-26 09:30:00,44.83,
2021-05-26 09:45:00,44.77,
2021-05-26 10:00:00,44.95,
2021-05-26 10:15:00,44.84,
2021-05-26 10:30:00,44.97,
2021-05-26 10:45:00,44.99,
2021-05-26 11:00:00,44.94,
2021-05-26 11:15:00,44.91,
2021-05-26 11:30:00,44.93,
2021-05-26 11:45:00,45.0,
2021-05-26 12:00:00,45.03,
2021-05-26 12:15:00,45.15,
2021-05-26 12:30:00,45.18,
2021-05-26 12:45:00,45.26,
2021-05-26 13:00:00,45.31,
2021-05-26 13:15:00,45.2,
2021-05-26 13:30:00,45.19,
2021-05-26 13:45:00,45.3,
2021-05-26 14:00:00,45.37,
2021-05-26 14:15:00,45.44,
2021-05-26 14:30:00,45.28,
2021-05-26 14:45:00,45.2,
2021-05-26 15:00:00,45.32,
2021-05-26 15:15:00,45.16,
2021-05-26 15:30:00,45.29,
2021-05-26 15:45:00,45.09,
2021-05-26 16:00:00,45.0,
2021-05-26 16:15:00,45.17,
2021-05-26 16:30:00,45.06,
2021-05-26 16:45:00,44.9,
2021-05-26 17:00:00,44.88,
2021-05-26 17:15:00,45.01,
2021-05-26 17:30:00,44.94,
2021-05-26 17:45:00,44.96,
2021-05-26 18:00:00,44.87,
2021-05-26 18:15:00,44.74,
2021-05-26 18:30:00,44.85,
2021-05-26 18:45:00,44.55,
2021-05-26 19:00:00,44.71,
2021-05-26 19:15:00,44.64,
2021-05-26 19:30:00,44.62,
2021-05-26 19:45:00,44.58,
2021-05-26 20:00:00,44.65,
2021-05-26 20:15:00,44.58,
2021-05-26 20:30:00,44.59,
2021-05-26 20:45:00,44.59,
2021-05-26 21:00:00,44.52,
2021-05-26 21:15:00,44.54,
2021-05-26 21:30:00,44.51,
2021-05-26 21:45:00,44.45,
2021-05-26 22:00:00,44.47,
2021-05-26 22:15:00,44.57,
2021-05-26 22:30:00,44.6,
2021-05-26 22:45:00,44.57,
2021-05-26 23:00:00,44.53,
2021-05-26 23:15:00,44.52,
2021-05-26 23:30:00,44.46,
2021-05-26 23:45:00,44.68,
2021-05-27 00:00:00,44.49,
2021-05-27 00:15:00,44.44,
2021-05-27 00:30:00,44.65,
2021-05-27 00:45:00,44.59,
2021-05-27 01:00:00,44.53,
2021-05-27 01:15:00,44.53,
2021-05-27 01:30:00,44.58,
2021-05-27 01:45:00,44.52,
2021-05-27 02:00:00,44.39,
2021-05-27 02:15:00,44.43,
2021-05-27 02:30:00,44.37,
2021-05-27 02:45:00,44.42,
2021-05-27 03:00:00,44.44,
2021-05-27 03:15:00,44.47,
2021-05-27 03:30:00,44.46,
2021-05-27 03:45:00,44.57,
2021-05-27 04:00:00,44.46,
2021-05-27 04:15:00,44.34,
2021-05-27 04:30:00,44.37,
2021-05-27 04:45:00,44.39,
2021-05-27 05:00:00,44.29,
2021-05-27 05:15:00,44.38,
2021-05-27 05:30:00,44.29,
2021-05-27 05:45:00,44.27,
2021-05-27 06:00:00,44.33,
2021-05-27 06:15:00,44.37,
2021-05-27 06:30:00,44.25,
2021-05-27 06:45:00,44.37,
2021-05-27 07:00:00,44.32,
2021-05-27 07:15:00,44.3,
2021-05-27 07:30:00,44.36,
2021-05-27 07:45:00,44.37,
2021-05-27 08:00:00,44.4,
2021-05-27 08:15:00,44.44,
2021-05-27 08:30:00,44.46,
2021-05-27 08:45:00,44.54,
2021-05-27 09:00:00,44.5,
2021-05-27 09:15:00,44.57,
2021-05-27 09:30:00,44.47,
2021-05-27 09:45:00,44.6,
2021-05-27 10:00:00,44.58,
2021-05-27 10:15:00,44.58,
2021-05-27 10:30:00,44.59,
2021-05-27 10:45:00,44.63,
2021-05-27 11:00:00,44.6,
2021-05-27 11:15:00,44.89,S
2021-05-27 11:30:00,44.65,
2021-05-27 11:45:00,44.71,S
2021-05-27 12:00:00,44.56,
2021-05-27 12:15:00,44.54,
2021-05-27 12:30:00,44.48,
2021-05-27 12:45:00,44.41,
2021-05-27 13:00:00,44.48,
2021-05-27 13:15:00,44.53,
2021-05-27 13:30:00,44.48,
2021-05-27 13:45:00,44.45,
2021-05-27 14:00:00,44.34,
2021-05-27 14:15:00,44.3,
2021-05-27 14:30:00,44.39,
2021-05-27 14:45:00,44.28,
2021-05-27 15:00:00,44.29,
2021-05-27 15:15:00,44.18,
2021-05-27 15:30:00,44.15,
2021-05-27 15:45:00,44.17,
2021-05-27 16:00:00,44.16,
2021-05-27 16:15:00,44.03,
2021-05-27 16:30:00,44.03,
2021-05-27 16:45:00,44.12,
2021-05-27 17:00:00,44.12,
2021-05-27 17:15:00,44.08,
2021-05-27 17:30:00,44.11,
2021-05-27 17:45:00,43.89,
2021-05-27 18:00:00,43.89,
2021-05-27 18:15:00,43.86,
2021-05-27 18:30:00,43.88,
2021-05-27 18:45:00,43.74,
2021-05-27 19:00:00,43.72,
2021-05-27 19:15:00,43.74,
2021-05-27 19:30:00,43.66,
2021-05-27 19:45:00,43.67,
2021-05-27 20:00:00,43.53,
2021-05-27 20:15:00,43.62,
2021-05-27 20:30:00,43.44,
2021-05-27 20:45:00,43.63,
2021-05-27 21:00:00,43.63,
2021-05-27 21:15:00,43.65,
2021-05-27 21:30:00,43.51,
2021-05-27 21:45:00,43.66,
2021-05-27 22:00:00,43.49,
2021-05-27 22:15:00,43.72,
2021-05-27 22:30:00,43.5,
2021-05-27 22:45:00,43.58,
2021-05-27 23:00:00,43.52,
2021-05-27 23:15:00,43.69,
2021-05-27 23:30:00,43.6,
2021-05-27 23:45:00,43.56,
2021-05-28 00:00:00,43.54,
2021-05-28 00:15:00,43.67,
2021-05-28 00:30:00,43.61,
2021-05-28 00:45:00,43.65,
2021-05-28 01:00:00,43.65,
2021-05-28 01:15:00,43.7,
2021-05-28 01:30:00,43.68,
2021-05-28 01:45:00,43.69,
2021-05-28 02:00:00,43.78,
2021-05-28 02:15:00,43.71,
2021-05-28 02:30:00,43.7,
2021-05-28 02:45:00,43.71,
2021-05-28 03:00:00,43.84,
2021-05-28 03:15:00,43.75,
2021-05-28 03:30:00,43.73,
2021-05-28 03:45:00,43.71,
2021-05-28 04:00:00,43.68,
2021-05-28 04:15:00,43.73,
2021-05-28 04:30:00,43.68,
2021-05-28 04:45:00,43.74,
2021-05-28 05:00:00,43.71,
2021-05-28 05:15:00,43.76,
2021-05-28 05:30:00,43.73,
2021-05-28 05:45:00,43.74,
2021-05-28 06:00:00,43.7,
2021-05-28 06:15:00,43.72,
2021-05-28 06:30:00,43.79,
2021-05-28 06:45:00,43.86,
2021-05-28 07:00:00,43.79,
2021-05-28 07:15:00,43.87,
2021-05-28 07:30:00,43.87,
2021-05-28 07:45:00,43.88,
2021-05-28 08:00:00,43.86,
2021-05-28 08:15:00,43.85,
2021-05-28 08:30:00,43.96,
2021-05-28 08:45:00,43.95,
2021-05-28 09:00:00,43.9,
2021-05-28 09:15:00,44.01,
2021-05-28 09:30:00,44.07,
2021-05-28 09:45:00,44.03,
2021-05-28 10:00:00,44.0,
2021-05-28 10:15:00,43.95,
2021-05-28 10:30:00,44.07,
2021-05-28 10:45:00,43.97,
2021-05-28 11:00:00,44.11,
2021-05-28 11:15:00,43.88,
2021-05-28 11:30:00,44.07,
2021-05-28 11:45:00,43.9,
2021-05-28 12:00:00,44.09,
2021-05-28 12:15:00,44.03,
2021-05-28 12:30:00,44.03,
2021-05-28 12:45:00,43.98,
2021-05-28 13:00:00,43.96,
2021-05-28 13:15:00,43.93,
2021-05-28 13:30:00,43.93,
2021-05-28 13:45:00,43.89,
2021-05-28 14:00:00,43.89,
2021-05-28 14:15:00,43.93,
2021-05-28 14:30:00,43.87,
2021-05-28 14:45:00,43.87,
2021-05-28 15:00:00,43.88,
2021-05-28 15:15:00,43.77,
2021-05-28 15:30:00,43.75,
2021-05-28 15:45:00,43.59,
2021-05-28 16:00:00,43.58,
2021-05-28 16:15:00,43.6,
2021-05-28 16:30:00,43.47,
2021-05-28 16:45:00,43.51,
2021-05-28 17:00:00,43.6,
2021-05-28 17:15:00,43.48,
2021-05-28 17:30:00,43.52,
2021-05-28 17:45:00,43.53,
2021-05-28 18:00:00,43.41,
2021-05-28 18:15:00,43.35,
2021-05-28 18:30:00,43.48,
2021-05-28 18:45:00,43.3,
2021-05-28 19:00:00,43.16,
2021-05-28 19:15:00,43.36,
2021-05-28 19:30:00,43.22,
2021-05-28 19:45:00,43.32,
2021-05-28 20:00:00,43.35,
2021-05-28 20:15:00,43.28,
2021-05-28 20:30:00,43.34,
2021-05-28 20:45:00,43.32,
2021-05-28 21:00:00,43.14,
2021-05-28 21:15:00,43.28,
2021-05-28 21:30:00,43.23,
2021-05-28 21:45:00,43.26,
2021-05-28 22:00:00,43.34,
2021-05-28 22:15:00,43.41,
2021-05-28 22:30:00,43.26,
2021-05-28 22:45:00,43.31,
2021-05-28 23:00:00,43.26,
2021-05-28 23:15:00,43.2,
2021-05-28 23:30:00,43.19,
2021-05-28 23:45:00,43.27,
2021-05-29 00:00:00,43.23,
2021-05-29 00:15:00,43.16,
2021-05-29 00:30:00,43.31,
2021-05-29 00:45:00,43.22,
2021-05-29 01:00:00,43.27,
2021-05-29 01:15:00,43.43,
2021-05-29 01:30:00,43.35,
2021-05-29 01:45:00,43.28,
2021-05-29 02:00:00,43.35,
2021-05-29 02:15:00,43.39,
2021-05-29 02:30:00,43.35,
2021-05-29 02:45:00,43.34,
2021-05-29 03:00:00,43.23,
2021-05-29 03:15:00,43.27,
2021-05-29 03:30:00,43.31,
2021-05-29 03:45:00,43.39,
2021-05-29 04:00:00,43.32,
2021-05-29 04:15:00,43.39,
2021-05-29 04:30:00,43.22,
2021-05-29 04:45:00,43.37,
2021-05-29 05:00:00,43.32,
2021-05-29 05:15:00,43.34,
2021-05-29 05:30:00,43.34,
2021-05-29 05:45:00,43.32,
2021-05-29 06:00:00,43.33,
2021-05-29 06:15:00,43.31,
2021-05-29 06:30:00,43.34,
2021-05-29 06:45:00,43.36,
2021-05-29 07:00:00,43.39,
2021-05-29 07:15:00,43.25,
2021-05-29 07:30:00,43.26,
2021-05-29 07:45:00,43.33,
2021-05-29 08:00:00,43.44,
2021-05-29 08:15:00,43.36,
2021-05-29 08:30:00,43.4,
2021-05-29 08:45:00,43.39,
2021-05-29 09:00:00,43.53,
2021-05-29 09:15:00,43.48,
2021-05-29 09:30:00,43.57,
2021-05-29 09:45:00,43.57,
2021-05-29 10:00:00,43.67,
2021-05-29 10:15:00,43.69,
2021-05-29 10:30:00,43.55,
2021-05-29 10:45:00,43.58,
2021-05-29 11:00:00,43.67,
2021-05-29 11:15:00,43.64,
2021-05-29 11:30:00,43.6,
2021-05-29 11:45:00,43.62,
2021-05-29 12:00:00,43.62,
2021-05-29 12:15:00,43.55,
2021-05-29 12:30:00,43.64,
2021-05-29 12:45:00,43.48,
2021-05-29 13:00:00,43.65,
2021-05-29 13:15:00,43.51,
2021-05-29 13:30:00,43.46,
2021-05-29 13:45:00,43.44,
2021-05-29 14:00:00,43.32,
2021-05-29 14:15:00,43.31,
2021-05-29 14:30:00,43.3,
2021-05-29 14:45:00,43.26,
2021-05-29 15:00:00,43.28,
2021-05-29 15:15:00,43.27,
2021-05-29 15:30:00,43.28,
2021-05-29 15:45:00,43.27,
2021-05-29 16:00:00,43.15,
2021-05-29 16:15:00,43.26,
2021-05-29 16:30:00,43.19,
2021-05-29 16:45:00,43.14,
2021-05-29 17:00:00,43.04,
2021-05-29 17:15:00,43.17,
2021-05-29 17:30:00,43.09,
2021-05-29 17:45:00,43.09,
2021-05-29 18:00:00,42.98,
2021-05-29 18:15:00,43.09,
2021-05-29 18:30:00,43.05,
2021-05-29 18:45:00,43.04,
2021-05-29 19:00:00,43.51,S
2021-05-29 19:15:00,43.89,S
2021-05-29 19:30:00,43.72,S
2021-05-29 19:45:00,43.42,S
2021-05-29 20:00:00,43.11,
2021-05-29 20:15:00,43.12,
2021-05-29 20:30:00,43.0,
2021-05-29 20:45:00,43.0,
2021-05-29 21:00:00,42.99,
2021-05-29 21:15:00,42.98,
2021-05-29 21:30:00,42.9,
2021-05-29 21:45:00,42.88,
2021-05-29 22:00:00,42.93,
2021-05-29 22:15:00,42.9,
2021-05-29 22:30:00,42.85,
2021-05-29 22:45:00,42.88,
2021-05-29 23:00:00,42.93,
2021-05-29 23:15:00,42.85,
2021-05-29 23:30:00,42.7,
2021-05-29 23:45:00,42.84,
2021-05-30 00:00:00,42.88,
2021-05-30 00:15:00,42.87,
2021-05-30 00:30:00,42.85,
2021-05-30 00:45:00,42.93,
2021-05-30 01:00:00,42.9,
2021-05-30 01:15:00,42.96,
2021-05-30 01:30:00,42.77,
2021-05-30 01:45:00,42.88,
2021-05-30 02:00:00,42.8,
2021-05-30 02:15:00,42.88,
2021-05-30 02:30:00,42.82,
2021-05-30 02:45:00,42.92,
2021-05-30 03:00:00,42.86,
2021-05-30 03:15:00,42.74,
2021-05-30 03:30:00,42.75,
2021-05-30 03:45:00,42.8,
2021-05-30 04:00:00,42.91,
2021-05-30 04:15:00,42.84,
2021-05-30 04:30:00,42.93,
2021-05-30 04:45:00,42.82,
2021-05-30 05:00:00,42.83,
2021-05-30 05:15:00,42.79,
2021-05-30 05:30:00,42.69,
2021-05-30 05:45:00,42.81,
2021-05-30 06:00:00,42.87,
2021-05-30 06:15:00,42.8,
2021-05-30 06:30:00,42.81,
2021-05-30 06:45:00,42.78,
2021-05-30 07:00:00,42.82,
2021-05-30 07:15:00,42.91,
2021-05-30 07:30:00,43.0,
2021-05-30 07:45:00,43.02,
2021-05-30 08:00:00,42.97,
2021-05-30 08:15:00,43.07,
2021-05-30 08:30:00,43.1,
2021-05-30 08:45:00,42.97,
2021-05-30 09:00:00,43.08,
2021-05-30 09:15:00,43.04,
2021-05-30 09:30:00,43.17,
2021-05-30 09:45:00,43.09,
2021-05-30 10:00:00,43.07,
2021-05-30 10:15:00,43.01,
2021-05-30 10:30:00,43.05,
2021-05-30 10:45:00,43.16,
2021-05-30 11:00:00,43.14,
2021-05-30 11:15:00,43.09,
2021-05-30 11:30:00,43.13,
2021-05-30 11:45:00,43.19,
2021-05-30 12:00:00,43.05,
2021-05-30 12:15:00,43.08,
2021-05-30 12:30:00,43.19,
2021-05-30 12:45:00,43.13,
2021-05-30 13:00:00,43.05,
2021-05-30 13:15:00,43.16,
2021-05-30 13:30:00,42.98,
2021-05-30 13:45:00,43.07,
2021-05-30 14:00:00,43.08,
2021-05-30 14:15:00,43.17,
2021-05-30 14:30:00,42.92,
2021-05-30 14:45:00,42.96,
2021-05-30 15:00:00,42.94,
2021-05-30 15:15:00,43.0,
2021-05-30 15:30:00,42.9,
2021-05-30 15:45:00,42.92,
2021-05-30 16:00:00,42.81,
2021-05-30 16:15:00,42.85,
2021-05-30 16:30:00,42.8,
2021-05-30 16:45:00,42.79,
2021-05-30 17:00:00,42.72,
2021-05-30 17:15:00,42.81,
2021-05-30 17:30:00,42.76,
2021-05-30 17:45:00,42.72,
2021-05-30 18:00:00,42.73,
2021-05-30 18:15:00,42.89,
2021-05-30 18:30:00,42.81,
2021-05-30 18:45:00,42.68,
2021-05-30 19:00:00,42.64,
2021-05-30 19:15:00,42.55,
2021-05-30 19:30:00,42.6,
2021-05-30 19:45:00,42.53,
2021-05-30 20:00:00,42.55,
2021-05-30 20:15:00,42.53,
2021-05-30 20:30:00,42.48,
2021-05-30 20:45:00,42.49,
2021-05-30 21:00:00,42.52,
2021-05-30 21:15:00,42.53,
2021-05-30 21:30:00,42.45,
2021-05-30 21:45:00,42.44,
2021-05-30 22:00:00,42.57,
2021-05-30 22:15:00,42.45,
2021-05-30 22:30:00,42.46,
2021-05-30 22:45:00,42.5,
2021-05-30 23:00:00,42.42,
2021-05-30 23:15:00,42.53,
2021-05-30 23:30:00,42.55,
2021-05-30 23:45:00,42.61,
2021-05-31 00:00:00,42.43,
2021-05-31 00:15:00,42.48,
2021-05-31 00:30:00,42.53,
2021-05-31 00:45:00,42.58,
2021-05-31 01:00:00,42.6,
2021-05-31 01:15:00,42.66,
2021-05-31 01:30:00,42.62,
2021-05-31 01:45:00,42.58,
2021-05-31 02:00:00,42.5,
2021-05-31 02:15:00,42.66,
2021-05-31 02:30:00,42.63,
2021-05-31 02:45:00,42.6,
2021-05-31 03:00:00,42.66,
2021-05-31 03:15:00,42.49,
2021-05-31 03:30:00,42.64,
2021-05-31 03:45:00,42.51,
2021-05-31 04:00:00,42.59,
2021-05-31 04:15:00,42.67,
2021-05-31 04:30:00,42.7,
2021-05-31 04:45:00,42.7,
2021-05-31 05:00:00,42.63,
2021-05-31 05:15:00,42.68,
2021-05-31 05:30:00,42.71,
2021-05-31 05:45:00,42.73,
2021-05-31 06:00:00,42.69,
2021-05-31 06:15:00,42.71,
2021-05-31 06:30:00,42.71,
2021-05-31 06:45:00,42.75,
2021-05-31 07:00:00,42.72,
2021-05-31 07:15:00,42.78,
2021-05-31 07:30:00,42.82,
2021-05-31 07:45:00,42.8,
2021-05-31 08:00:00,42.84,
2021-05-31 08:15:00,42.82,
2021-05-31 08:30:00,42.82,
2021-05-31 08:45:00,42.92,
2021-05-31 09:00:00,42.99,
2021-05-31 09:15:00,42.99,
2021-05-31 09:30:00,43.03,
2021-05-31 09:45:00,43.21,
2021-05-31 10:00:00,42.94,
2021-05-31 10:15:00,42.96,
2021-05-31 10:30:00,43.02,
2021-05-31 10:45:00,43.06,
2021-05-31 11:00:00,43.07,
2021-05-31 11:15:00,43.05,
2021-05-31 11:30:00,42.89,
2021-05-31 11:45:00,42.98,
2021-05-31 12:00:00,42.93,
2021-05-31 12:15:00,42.79,
2021-05-31 12:30:00,42.97,
2021-05-31 12:45:00,42.92,
2021-05-31 13:00:00,42.89,
2021-05-31 13:15:00,42.83,
2021-05-31 13:30:00,42.87,
2021-05-31 13:45:00,42.89,
2021-05-31 14:00:00,42.75,
2021-05-31 14:15:00,42.84,
2021-05-31 14:30:00,42.85,
2021-05-31 14:45:00,42.98,
2021-05-31 15:00:00,42.82,
2021-05-31 15:15:00,42.69,
2021-05-31 15:30:00,42.72,
2021-05-31 15:45:00,42.7,
2021-05-31 16:00:00,42.62,
2021-05-31 16:15:00,42.63,
2021-05-31 16:30:00,42.62,
2021-05-31 16:45:00,42.53,
2021-05-31 17:00:00,42.63,
2021-05-31 17:15:00,42.78,
2021-05-31 17:30:00,42.63,
2021-05-31 17:45:00,42.69,
2021-05-31 18:00:00,42.55,
2021-05-31 18:15:00,42.54,
2021-05-31 18:30:00,42.58,
2021-05-31 18:45:00,42.43,
2021-05-31 19:00:00,42.41,
2021-05-31 19:15:00,42.44,
2021-05-31 19:30:00,42.39,
2021-05-31 19:45:00,42.46,
2021-05-31 20:00:00,42.33,
2021-05-31 20:15:00,42.43,
2021-05-31 20:30:00,42.31,
2021-05-31 20:45:00,42.37,
2021-05-31 21:00:00,42.37,
2021-05-31 21:15:00,42.39,
2021-05-31 21:30:00,42.29,
2021-05-31 21:45:00,42.37,
2021-05-31 22:00:00,42.29,
2021-05-31 22:15:00,42.37,
2021-05-31 22:30:00,42.34,
2021-05-31 22:45:00,42.29,
2021-05-31 23:00:00,42.36,
2021-05-31 23:15:00,42.24,
2021-05-31 23:30:00,42.27,
2021-05-31 23:45:00,42.42,
2021-06-01 00:00:00,42.31,
2021-06-01 00:15:00,42.37,
2021-06-01 00:30:00,42.36,
2021-06-01 00:45:00,42.36,
2021-06-01 01:00:00,42.38,
2021-06-01 01:15:00,42.36,
2021-06-01 01:30:00,42.37,
2021-06-01 01:45:00,42.51,
2021-06-01 02:00:00,42.38,
2021-06-01 02:15:00,42.37,
2021-06-01 02:30:00,42.32,
2021-06-01 02:45:00,42.29,
2021-06-01 03:00:00,42.38,
2021-06-01 03:15:00,42.32,
2021-06-01 03:30:00,42.41,
2021-06-01 03:45:00,42.45,
2021-06-01 04:00:00,42.48,
2021-06-01 04:15:00,42.43,
2021-06-01 04:30:00,42.45,
2021-06-01 04:45:00,42.4,
2021-06-01 05:00:00,42.46,
2021-06-01 05:15:00,42.49,
2021-06-01 05:30:00,42.52,
2021-06-01 05:45:00,42.59,
2021-06-01 06:00:00,42.6,
2021-06-01 06:15:00,42.56,
2021-06-01 06:30:00,42.69,
2021-06-01 06:45:00,42.57,
2021-06-01 07:00:00,42.7,
2021-06-01 07:15:00,42.68,
2021-06-01 07:30:00,42.61,
2021-06-01 07:45:00,42.76,
2021-06-01 08:00:00,42.69,
2021-06-01 08:15:00,42.71,
2021-06-01 08:30:00,42.8,
2021-06-01 08:45:00,42.73,
2021-06-01 09:00:00,42.85,
2021-06-01 09:15:00,42.75,
2021-06-01 09:30:00,42.91,
2021-06-01 09:45:00,42.79,
2021-06-01 10:00:00,42.82,
2021-06-01 10:15:00,42.81,
2021-06-01 10:30:00,42.84,
2021-06-01 10:45:00,42.84,
2021-06-01 11:00:00,42.91,
2021-06-01 11:15:00,42.89,
2021-06-01 11:30:00,42.74,
2021-06-01 11:45:00,42.83,
2021-06-01 12:00:00,42.74,
2021-06-01 12:15:00,42.81,
2021-06-01 12:30:00,42.84,
2021-06-01 12:45:00,42.68,
2021-06-01 13:00:00,42.68,
2021-06-01 13:15:00,42.69,
2021-06-01 13:30:00,42.63,
2021-06-01 13:45:00,42.58,
2021-06-01 14:00:00,42.61,
2021-06-01 14:15:00,42.6,
2021-06-01 14:30:00,42.6,
2021-06-01 14:45:00,42.4,
2021-06-01 15:00:00,42.57,
2021-06-01 15:15:00,42.7,
2021-06-01 15:30:00,42.46,
2021-06-01 15:45:00,42.49,
2021-06-01 16:00:00,42.46,
2021-06-01 16:15:00,42.46,
2021-06-01 16:30:00,42.38,
2021-06-01 16:45:00,42.42,
2021-06-01 17:00:00,42.49,
2021-06-01 17:15:00,42.47,
2021-06-01 17:30:00,42.36,
2021-06-01 17:45:00,42.42,
2021-06-01 18:00:00,42.35,
2021-06-01 18:15:00,42.28,
2021-06-01 18:30:00,42.37,
2021-06-01 18:45:00,42.26,
2021-06-01 19:00:00,42.22,
2021-06-01 19:15:00,42.31,
2021-06-01 19:30:00,42.31,
2021-06-01 19:45:00,42.22,
2021-06-01 20:00:00,42.24,
2021-06-01 20:15:00,42.29,
2021-06-01 20:30:00,42.29,
2021-06-01 20:45:00,42.32,
2021-06-01 21:00:00,42.33,
2021-06-01 21:15:00,42.27,
2021-06-01 21:30:00,42.23,
2021-06-01 21:45:00,42.23,
2021-06-01 22:00:00,42.15,
2021-06-01 22:15:00,42.15,
2021-06-01 22:30:00,42.16,
2021-06-01 22:45:00,42.24,
2021-06-01 23:00:00,42.27,
2021-06-01 23:15:00,42.3,
2021-06-01 23:30:00,42.24,
2021-06-01 23:45:00,42.25,
2021-06-02 00:00:00,42.26,
2021-06-02 00:15:00,42.25,
2021-06-02 00:30:00,42.21,
2021-06-02 00:45:00,42.32,
2021-06-02 01:00:00,42.27,
2021-06-02 01:15:00,42.4,
2021-06-02 01:30:00,42.29,
2021-06-02 01:45:00,42.36,
2021-06-02 02:00:00,42.36,
2021-06-02 02:15:00,42.34,
2021-06-02 02:30:00,42.39,
2021-06-02 02:45:00,42.23,
2021-06-02 03:00:00,42.31,
2021-06-02 03:15:00,42.38,
2021-06-02 03:30:00,42.38,
2021-06-02 03:45:00,42.45,
2021-06-02 04:00:00,42.46,
2021-06-02 04:15:00,42.44,
2021-06-02 04:30:00,42.57,
2021-06-02 04:45:00,42.51,
2021-06-02 05:00:00,42.54,
2021-06-02 05:15:00,42.52,
2021-06-02 05:30:00,42.54,
2021-06-02 05:45:00,42.6,
2021-06-02 06:00:00,42.61,
2021-06-02 06:15:00,42.63,
2021-06-02 06:30:00,42.55,
2021-06-02 06:45:00,42.59,
2021-06-02 07:00:00,42.72,
2021-06-02 07:15:00,42.62,
2021-06-02 07:30:00,42.55,
2021-06-02 07:45:00,42.65,
2021-06-02 08:00:00,42.69,
2021-06-02 08:15:00,42.75,
2021-06-02 08:30:00,42.81,
2021-06-02 08:45:00,42.76,
2021-06-02 09:00:00,42.84,
2021-06-02 09:15:00,42.9,
2021-06-02 09:30:00,42.83,
2021-06-02 09:45:00,42.86,
2021-06-02 10:00:00,42.75,
2021-06-02 10:15:00,42.8,
2021-06-02 10:30:00,42.84,
2021-06-02 10:45:00,42.85,
2021-06-02 11:00:00,42.8,
2021-06-02 11:15:00,42.84,
2021-06-02 11:30:00,42.8,
2021-06-02 11:45:00,42.92,
2021-06-02 12:00:00,42.74,
2021-06-02 12:15:00,42.81,
2021-06-02 12:30:00,42.81,
2021-06-02 12:45:00,42.83,
2021-06-02 13:00:00,42.71,
2021-06-02 13:15:00,42.73,
2021-06-02 13:30:00,42.72,
2021-06-02 13:45:00,42.68,
2021-06-02 14:00:00,42.69,
2021-06-02 14:15:00,42.62,
2021-06-02 14:30:00,42.68,
2021-06-02 14:45:00,42.55,
2021-06-02 15:00:00,42.62,
2021-06-02 15:15:00,42.65,
2021-06-02 15:30:00,42.6,
2021-06-02 15:45:00,42.53,
2021-06-02 16:00:00,42.36,
2021-06-02 16:15:00,42.52,
2021-06-02 16:30:00,42.45,
2021-06-02 16:45:00,42.48,
2021-06-02 17:00:00,42.46,
2021-06-02 17:15:00,42.54,
2021-06-02 17:30:00,42.47,
2021-06-02 17:45:00,42.54,
2021-06-02 18:00:00,42.43,
2021-06-02 18:15:00,42.45,
2021-06-02 18:30:00,42.43,
2021-06-02 18:45:00,42.31,
2021-06-02 19:00:00,42.19,
2021-06-02 19:15:00,42.22,
2021-06-02 19:30:00,42.36,
2021-06-02 19:45:00,42.23,
2021-06-02 20:00:00,42.25,
2021-06-02 20:15:00,42.28,
2021-06-02 20:30:00,42.22,
2021-06-02 20:45:00,42.27,
2021-06-02 21:00:00,42.36,
2021-06-02 21:15:00,42.31,
2021-06-02 21:30:00,42.36,
2021-06-02 21:45:00,42.29,
2021-06-02 22:00:00,42.4,
2021-06-02 22:15:00,42.48,
2021-06-02 22:30:00,42.37,
2021-06-02 22:45:00,42.44,
2021-06-02 23:00:00,42.53,
2021-06-02 23:15:00,42.46,
2021-06-02 23:30:00,42.47,
2021-06-02 23:45:00,42.53,
2021-06-03 00:00:00,42.47,
2021-06-03 00:15:00,42.42,
2021-06-03 00:30:00,42.33,
2021-06-03 00:45:00,42.5,
2021-06-03 01:00:00,42.49,
2021-06-03 01:15:00,42.47,
2021-06-03 01:30:00,42.44,
2021-06-03 01:45:00,42.55,
2021-06-03 02:00:00,42.65,
2021-06-03 02:15:00,42.57,
2021-06-03 02:30:00,42.76,
2021-06-03 02:45:00,42.7,
2021-06-03 03:00:00,42.65,
2021-06-03 03:15:00,42.67,
2021-06-03 03:30:00,42.77,
2021-06-03 03:45:00,42.77,
2021-06-03 04:00:00,42.81,
2021-06-03 04:15:00,42.73,
2021-06-03 04:30:00,42.72,
2021-06-03 04:45:00,42.85,
2021-06-03 05:00:00,42.71,
2021-06-03 05:15:00,42.84,
2021-06-03 05:30:00,42.74,
2021-06-03 05:45:00,42.89,
2021-06-03 06:00:00,42.88,
2021-06-03 06:15:00,42.87,
2021-06-03 06:30:00,42.95,
2021-06-03 06:45:00,43.03,
2021-06-03 07:00:00,42.96,
2021-06-03 07:15:00,43.05,
2021-06-03 07:30:00,43.0,
2021-06-03 07:45:00,43.02,
2021-06-03 08:00:00,43.08,
2021-06-03 08:15:00,43.02,
2021-06-03 08:30:00,43.07,
2021-06-03 08:45:00,43.04,
2021-06-03 09:00:00,43.16,
2021-06-03 09:15:00,43.14,
2021-06-03 09:30:00,43.22,
2021-06-03 09:45:00,43.19,
2021-06-03 10:00:00,43.11,
2021-06-03 10:15:00,43.2,
2021-06-03 10:30:00,43.17,
2021-06-03 10:45:00,43.08,
2021-06-03 11:00:00,43.07,
2021-06-03 11:15:00,43.06,
2021-06-03 11:30:00,43.16,
2021-06-03 11:45:00,43.11,
2021-06-03 12:00:00,43.04,
2021-06-03 12:15:00,43.11,
2021-06-03 12:30:00,42.94,
2021-06-03 12:45:00,42.97,
2021-06-03 13:00:00,42.94,
2021-06-03 13:15:00,42.88,
2021-06-03 13:30:00,43.0,
2021-06-03 13:45:00,42.89,
2021-06-03 14:00:00,43.0,
2021-06-03 14:15:00,42.81,
2021-06-03 14:30:00,42.86,
2021-06-03 14:45:00,42.89,
2021-06-03 15:00:00,42.77,
2021-06-03 15:15:00,42.74,
2021-06-03 15:30:00,42.79,
2021-06-03 15:45:00,42.74,
2021-06-03 16:00:00,42.72,
2021-06-03 16:15:00,42.68,
2021-06-03 16:30:00,42.82,
2021-06-03 16:45:00,42.69,
2021-06-03 17:00:00,42.78,
2021-06-03 17:15:00,42.68,
2021-06-03 17:30:00,42.68,
2021-06-03 17:45:00,42.75,
2021-06-03 18:00:00,42.75,
2021-06-03 18:15:00,42.71,
2021-06-03 18:30:00,42.72,
2021-06-03 18:45:00,42.64,
2021-06-03 19:00:00,42.64,
2021-06-03 19:15:00,42.62,
2021-06-03 19:30:00,42.64,
2021-06-03 19:45:00,42.58,
2021-06-03 20:00:00,42.65,
2021-06-03 20:15:00,42.62,
2021-06-03 20:30:00,42.58,
2021-06-03 20:45:00,42.66,
2021-06-03 21:00:00,42.62,
2021-06-03 21:15:00,42.74,
2021-06-03 21:30:00,42.62,
2021-06-03 21:45:00,42.63,
2021-06-03 22:00:00,42.72,
2021-06-03 22:15:00,42.68,
2021-06-03 22:30:00,42.79,
2021-06-03 22:45:00,42.68,
2021-06-03 23:00:00,42.83,
2021-06-03 23:15:00,42.77,
2021-06-03 23:30:00,42.69,
2021-06-03 23:45:00,42.72,
2021-06-04 00:00:00,42.76,
2021-06-04 00:15:00,42.79,
2021-06-04 00:30:00,42.88,
2021-06-04 00:45:00,42.83,
2021-06-04 01:00:00,42.84,
2021-06-04 01:15:00,42.84,
2021-06-04 01:30:00,42.93,
2021-06-04 01:45:00,42.96,
2021-06-04 02:00:00,43.02,
2021-06-04 02:15:00,42.97,
2021-06-04 02:30:00,42.96,
2021-06-04 02:45:00,42.85,
2021-06-04 03:00:00,43.04,
2021-06-04 03:15:00,42.98,
2021-06-04 03:30:00,43.05,
2021-06-04 03:45:00,43.17,
2021-06-04 04:00:00,43.04,
2021-06-04 04:15:00,43.17,
2021-06-04 04:30:00,43.16,
2021-06-04 04:45:00,43.21,
2021-06-04 05:00:00,42.99,
2021-06-04 05:15:00,43.12,
2021-06-04 05:30:00,43.07,
2021-06-04 05:45:00,43.19,
2021-06-04 06:00:00,43.1,
2021-06-04 06:15:00,43.2,
2021-06-04 06:30:00,43.26,
2021-06-04 06:45:00,43.28,
2021-06-04 07:00:00,43.29,
2021-06-04 07:15:00,43.27,
2021-06-04 07:30:00,43.32,
2021-06-04 07:45:00,43.3,
2021-06-04 08:00:00,43.32,
2021-06-04 08:15:00,43.3,
2021-06-04 08:30:00,43.46,
2021-06-04 08:45:00,43.34,
2021-06-04 09:00:00,43.45,
2021-06-04 09:15:00,43.48,
2021-06-04 09:30:00,43.37,
2021-06-04 09:45:00,43.48,
2021-06-04 10:00:00,43.45,
2021-06-04 10:15:00,43.38,
2021-06-04 10:30:00,43.47,
2021-06-04 10:45:00,43.27,
2021-06-04 11:00:00,43.42,
2021-06-04 11:15:00,43.39,
2021-06-04 11:30:00,43.36,
2021-06-04 11:45:00,43.39,
2021-06-04 12:00:00,43.32,
2021-06-04 12:15:00,43.21,
2021-06-04 12:30:00,43.29,
2021-06-04 12:45:00,43.21,
2021-06-04 13:00:00,43.23,
2021-06-04 13:15:00,43.3,
2021-06-04 13:30:00,43.13,
2021-06-04 13:45:00,43.2,
2021-06-04 14:00:00,43.23,
2021-06-04 14:15:00,43.1,
2021-06-04 14:30:00,43.06,
2021-06-04 14:45:00,43.1,
2021-06-04 15:00:00,42.96,
2021-06-04 15:15:00,43.12,
2021-06-04 15:30:00,42.86,
2021-06-04 15:45:00,42.95,
2021-06-04 16:00:00,42.94,
2021-06-04 16:15:00,42.97,
2021-06-04 16:30:00,42.84,
2021-06-04 16:45:00,42.88,
2021-06-04 17:00:00,42.86,
2021-06-04 17:15:00,42.95,
2021-06-04 17:30:00,42.96,
2021-06-04 17:45:00,42.96,
2021-06-04 18:00:00,42.86,
2021-06-04 18:15:00,42.71,
2021-06-04 18:30:00,42.72,
2021-06-04 18:45:00,42.73,
2021-06-04 19:00:00,42.77,
2021-06-04 19:15:00,42.77,
2021-06-04 19:30:00,42.71,
2021-06-04 19:45:00,42.74,
2021-06-04 20:00:00,42.75,
2021-06-04 20:15:00,42.85,
2021-06-04 20:30:00,42.78,
2021-06-04 20:45:00,42.81,
2021-06-04 21:00:00,43.02,
2021-06-04 21:15:00,42.94,
2021-06-04 21:30:00,42.99,
2021-06-04 21:45:00,42.94,
2021-06-04 22:00:00,42.93,
2021-06-04 22:15:00,43.06,
2021-06-04 22:30:00,42.97,
2021-06-04 22:45:00,43.08,
2021-06-04 23:00:00,43.1,
2021-06-04 23:15:00,43.11,
2021-06-04 23:30:00,43.17,
2021-06-04 23:45:00,43.02,
2021-06-05 00:00:00,43.1,
2021-06-05 00:15:00,43.11,
2021-06-05 00:30:00,43.1,
2021-06-05 00:45:00,43.09,
2021-06-05 01:00:00,43.22,
2021-06-05 01:15:00,43.25,
2021-06-05 01:30:00,43.21,
2021-06-05 01:45:00,43.21,
2021-06-05 02:00:00,43.34,
2021-06-05 02:15:00,43.29,
2021-06-05 02:30:00,43.3,
2021-06-05 02:45:00,43.44,
2021-06-05 03:00:00,43.25,
2021-06-05 03:15:00,43.36,
2021-06-05 03:30:00,43.36,
2021-06-05 03:45:00,43.35,
2021-06-05 04:00:00,43.43,
2021-06-05 04:15:00,43.38,
2021-06-05 04:30:00,43.29,
2021-06-05 04:45:00,43.38,
2021-06-05 05:00:00,43.32,
2021-06-05 05:15:00,43.34,
2021-06-05 05:30:00,43.4,
2021-06-05 05:45:00,43.34,
2021-06-05 06:00:00,43.46,
2021-06-05 06:15:00,43.49,
2021-06-05 06:30:00,43.51,
2021-06-05 06:45:00,43.42,
2021-06-05 07:00:00,43.53,
2021-06-05 07:15:00,43.55,
2021-06-05 07:30:00,43.51,
2021-06-05 07:45:00,43.59,
2021-06-05 08:00:00,43.59,
2021-06-05 08:15:00,43.69,
2021-06-05 08:30:00,43.53,
2021-06-05 08:45:00,43.67,
2021-06-05 09:00:00,43.56,
2021-06-05 09:15:00,43.7,
2021-06-05 09:30:00,43.67,
2021-06-05 09:45:00,43.7,
2021-06-05 10:00:00,43.8,
2021-06-05 10:15:00,43.76,
2021-06-05 10:30:00,43.77,
2021-06-05 10:45:00,43.65,
2021-06-05 11:00:00,43.63,
2021-06-05 11:15:00,43.57,
2021-06-05 11:30:00,43.67,
2021-06-05 11:45:00,43.63,
2021-06-05 12:00:00,43.64,
2021-06-05 12:15:00,43.6,
2021-06-05 12:30:00,43.54,
2021-06-05 12:45:00,43.55,
2021-06-05 13:00:00,43.59,
2021-06-05 13:15:00,43.49,
2021-06-05 13:30:00,43.39,
2021-06-05 13:45:00,43.45,
2021-06-05 14:00:00,43.48,
2021-06-05 14:15:00,43.36,
2021-06-05 14:30:00,43.3,
2021-06-05 14:45:00,43.29,
2021-06-05 15:00:00,43.44,
2021-06-05 15:15:00,43.24,
2021-06-05 15:30:00,43.33,
2021-06-05 15:45:00,43.28,
2021-06-05 16:00:00,43.23,
2021-06-05 16:15:00,43.16,
2021-06-05 16:30:00,43.26,
2021-06-05 16:45:00,43.21,
2021-06-05 17:00:00,43.07,
2021-06-05 17:15:00,43.12,
2021-06-05 17:30:00,43.08,
2021-06-05 17:45:00,42.93,
2021-06-05 18:00:00,42.97,
2021-06-05 18:15:00,42.95,
2021-06-05 18:30:00,42.97,
2021-06-05 18:45:00,42.99,
2021-06-05 19:00:00,43.02,
2021-06-05 19:15:00,43.09,
2021-06-05 19:30:00,43.01,
2021-06-05 19:45:00,43.08,
2021-06-05 20:00:00,42.99,
2021-06-05 20:15:00,43.06,
2021-06-05 20:30:00,43.06,
2021-06-05 20:45:00,43.07,
2021-06-05 21:00:00,43.13,
2021-06-05 21:15:00,43.13,
2021-06-05 21:30:00,43.0,
2021-06-05 21:45:00,43.13,
2021-06-05 22:00:00,43.15,
2021-06-05 22:15:00,43.15,
2021-06-05 22:30:00,43.24,
2021-06-05 22:45:00,43.16,
2021-06-05 23:00:00,43.28,
2021-06-05 23:15:00,43.31,
2021-06-05 23:30:00,43.32,
2021-06-05 23:45:00,43.4,
2021-06-06 00:00:00,43.43,
2021-06-06 00:15:00,43.35,
2021-06-06 00:30:00,43.45,
2021-06-06 00:45:00,43.43,
2021-06-06 01:00:00,43.46,
2021-06-06 01:15:00,43.53,
2021-06-06 01:30:00,43.42,
2021-06-06 01:45:00,43.36,
2021-06-06 02:00:00,43.36,
2021-06-06 02:15:00,43.38,
2021-06-06 02:30:00,43.46,
2021-06-06 02:45:00,43.42,
2021-06-06 03:00:00,43.5,
2021-06-06 03:15:00,43.52,
2021-06-06 03:30:00,43.44,
2021-06-06 03:45:00,43.48,
2021-06-06 04:00:00,43.47,
2021-06-06 04:15:00,43.54,
2021-06-06 04:30:00,43.54,
2021-06-06 04:45:00,43.55,
2021-06-06 05:00:00,43.57,
2021-06-06 05:15:00,43.55,
2021-06-06 05:30:00,43.6,
2021-06-06 05:45:00,43.53,
2021-06-06 06:00:00,43.66,
2021-06-06 06:15:00,43.58,
2021-06-06 06:30:00,43.68,
2021-06-06 06:45:00,43.67,
2021-06-06 07:00:00,43.66,
2021-06-06 07:15:00,43.67,
2021-06-06 07:30:00,43.73,
2021-06-06 07:45:00,43.74,
2021-06-06 08:00:00,43.72,
2021-06-06 08:15:00,43.73,
2021-06-06 08:30:00,43.78,
2021-06-06 08:45:00,43.73,
2021-06-06 09:00:00,43.73,
2021-06-06 09:15:00,43.83,
2021-06-06 09:30:00,43.87,
2021-06-06 09:45:00,43.75,
2021-06-06 10:00:00,43.81,
2021-06-06 10:15:00,43.78,
2021-06-06 10:30:00,43.72,
2021-06-06 10:45:00,43.7,
2021-06-06 11:00:00,43.81,
2021-06-06 11:15:00,43.72,
2021-06-06 11:30:00,43.63,
2021-06-06 11:45:00,43.72,
2021-06-06 12:00:00,43.74,
2021-06-06 12:15:00,43.7,
2021-06-06 12:30:00,43.68,
2021-06-06 12:45:00,43.66,
2021-06-06 13:00:00,43.59,
2021-06-06 13:15:00,43.53,
2021-06-06 13:30:00,43.53,
2021-06-06 13:45:00,43.61,
2021-06-06 14:00:00,43.58,
2021-06-06 14:15:00,43.44,
2021-06-06 14:30:00,43.37,
2021-06-06 14:45:00,43.47,
2021-06-06 15:00:00,43.36,
2021-06-06 15:15:00,43.33,
2021-06-06 15:30:00,43.27,
2021-06-06 15:45:00,43.2,
2021-06-06 16:00:00,43.33,
2021-06-06 16:15:00,43.18,
2021-06-06 16:30:00,43.16,
2021-06-06 16:45:00,43.17,
2021-06-06 17:00:00,43.19,
2021-06-06 17:15:00,43.23,
2021-06-06 17:30:00,43.12,
2021-06-06 17:45:00,43.19,
2021-06-06 18:00:00,43.14,
2021-06-06 18:15:00,43.17,
2021-06-06 18:30:00,43.1,
2021-06-06 18:45:00,43.05,
2021-06-06 19:00:00,42.97,
2021-06-06 19:15:00,42.95,
2021-06-06 19:30:00,42.92,
2021-06-06 19:45:00,42.97,
2021-06-06 20:00:00,42.94,
2021-06-06 20:15:00,42.94,
2021-06-06 20:30:00,43.0,
2021-06-06 20:45:00,42.98,
2021-06-06 21:00:00,42.99,
2021-06-06 21:15:00,42.98,
2021-06-06 21:30:00,43.03,
2021-06-06 21:45:00,42.97,
2021-06-06 22:00:00,42.99,
2021-06-06 22:15:00,43.02,
2021-06-06 22:30:00,43.03,
2021-06-06 22:45:00,43.03,
2021-06-06 23:00:00,42.96,
2021-06-06 23:15:00,43.05,
2021-06-06 23:30:00,43.07,
2021-06-06 23:45:00,43.1,
2021-06-07 00:00:00,43.17,
2021-06-07 00:15:00,43.09,
2021-06-07 00:30:00,43.1,
2021-06-07 00:45:00,43.05,
2021-06-07 01:00:00,43.09,
2021-06-07 01:15:00,43.1,
2021-06-07 01:30:00,43.13,
2021-06-07 01:45:00,43.11,
2021-06-07 02:00:00,43.06,
2021-06-07 02:15:00,43.05,
2021-06-07 02:30:00,43.16,
2021-06-07 02:45:00,43.21,
2021-06-07 03:00:00,43.19,
2021-06-07 03:15:00,43.24,
2021-06-07 03:30:00,43.18,
2021-06-07 03:45:00,43.17,
2021-06-07 04:00:00,43.19,
2021-06-07 04:15:00,43.2,
2021-06-07 04:30:00,43.2,
2021-06-07 04:45:00,43.19,
2021-06-07 05:00:00,43.2,
2021-06-07 05:15:00,43.28,
2021-06-07 05:30:00,43.26,
2021-06-07 05:45:00,43.2,
2021-06-07 06:00:00,43.29,
2021-06-07 06:15:00,43.29,
2021-06-07 06:30:00,43.15,
2021-06-07 06:45:00,43.29,
2021-06-07 07:00:00,43.31,
2021-06-07 07:15:00,43.22,
2021-06-07 07:30:00,43.38,
2021-06-07 07:45:00,43.35,
2021-06-07 08:00:00,43.43,
2021-06-07 08:15:00,43.36,
2021-06-07 08:30:00,43.43,
2021-06-07 08:45:00,43.4,
2021-06-07 09:00:00,43.39,
2021-06-07 09:15:00,43.5,
2021-06-07 09:30:00,44.19,S
2021-06-07 09:45:00,44.28,S
2021-06-07 10:00:00,44.06,S
2021-06-07 10:15:00,43.94,S
2021-06-07 10:30:00,43.84,S
2021-06-07 10:45:00,43.54,
2021-06-07 11:00:00,43.51,
2021-06-07 11:15:00,43.46,
2021-06-07 11:30:00,43.39,
2021-06-07 11:45:00,43.3,
2021-06-07 12:00:00,43.39,
2021-06-07 12:15:00,43.22,
2021-06-07 12:30:00,43.19,
2021-06-07 12:45:00,43.18,
2021-06-07 13:00:00,43.2,
2021-06-07 13:15:00,43.26,
2021-06-07 13:30:00,43.21,
2021-06-07 13:45:00,43.23,
2021-06-07 14:00:00,43.12,
2021-06-07 14:15:00,43.01,
2021-06-07 14:30:00,43.04,
2021-06-07 14:45:00,43.03,
2021-06-07 15:00:00,43.08,
2021-06-07 15:15:00,42.97,
2021-06-07 15:30:00,42.93,
2021-06-07 15:45:00,42.88,
2021-06-07 16:00:00,42.93,
2021-06-07 16:15:00,42.88,
2021-06-07 16:30:00,42.88,
2021-06-07 16:45:00,42.9,
2021-06-07 17:00:00,42.81,
2021-06-07 17:15:00,42.89,
2021-06-07 17:30:00,42.74,
2021-06-07 17:45:00,42.72,
2021-06-07 18:00:00,42.72,
2021-06-07 18:15:00,42.74,
2021-06-07 18:30:00,42.67,
2021-06-07 18:45:00,42.67,
2021-06-07 19:00:00,42.58,
2021-06-07 19:15:00,42.63,
2021-06-07 19:30:00,42.6,
2021-06-07 19:45:00,42.58,
2021-06-07 20:00:00,42.62,
2021-06-07 20:15:00,42.72,
2021-06-07 20:30:00,42.66,
2021-06-07 20:45:00,42.66,
2021-06-07 21:00:00,42.55,
2021-06-07 21:15:00,42.55,
2021-06-07 21:30:00,42.67,
2021-06-07 21:45:00,42.58,
2021-06-07 22:00:00,42.65,
2021-06-07 22:15:00,42.55,
2021-06-07 22:30:00,42.57,
2021-06-07 22:45:00,42.65,
2021-06-07 23:00:00,42.72,
2021-06-07 23:15:00,42.61,
2021-06-07 23:30:00,42.56,
2021-06-07 23:45:00,42.42,
2021-06-08 00:00:00,42.25,
2021-06-08 00:15:00,42.23,
2021-06-08 00:30:00,42.3,
2021-06-08 00:45:00,42.26,
2021-06-08 01:00:00,42.31,
2021-06-08 01:15:00,42.43,
2021-06-08 01:30:00,42.19,
2021-06-08 01:45:00,42.34,
2021-06-08 02:00:00,42.39,
2021-06-08 02:15:00,42.43,
2021-06-08 02:30:00,42.52,
2021-06-08 02:45:00,42.47,
2021-06-08 03:00:00,42.58,
2021-06-08 03:15:00,42.57,
2021-06-08 03:30:00,42.6,
2021-06-08 03:45:00,42.63,
2021-06-08 04:00:00,42.69,
2021-06-08 04:15:00,42.72,
2021-06-08 04:30:00,42.67,
2021-06-08 04:45:00,42.69,
2021-06-08 05:00:00,42.7,
2021-06-08 05:15:00,42.75,
2021-06-08 05:30:00,42.58,
2021-06-08 05:45:00,42.67,
2021-06-08 06:00:00,42.6,
2021-06-08 06:15:00,42.63,
2021-06-08 06:30:00,42.6,
2021-06-08 06:45:00,42.6,
2021-06-08 07:00:00,42.66,
2021-06-08 07:15:00,42.71,
2021-06-08 07:30:00,42.81,
2021-06-08 07:45:00,42.81,
2021-06-08 08:00:00,42.8,
2021-06-08 08:15:00,42.78,
2021-06-08 08:30:00,42.72,
2021-06-08 08:45:00,42.77,
2021-06-08 09:00:00,42.81,
2021-06-08 09:15:00,42.78,
2021-06-08 09:30:00,42.87,
2021-06-08 09:45:00,42.69,
2021-06-08 10:00:00,42.75,
2021-06-08 10:15:00,42.79,
2021-06-08 10:30:00,42.77,
2021-06-08 10:45:00,42.64,
2021-06-08 11:00:00,42.72,
2021-06-08 11:15:00,42.64,
2021-06-08 11:30:00,42.86,
2021-06-08 11:45:00,42.59,
2021-06-08 12:00:00,42.57,
2021-06-08 12:15:00,42.54,
2021-06-08 12:30:00,42.56,
2021-06-08 12:45:00,42.71,
2021-06-08 13:00:00,42.61,
2021-06-08 13:15:00,42.52,
2021-06-08 13:30:00,42.49,
2021-06-08 13:45:00,42.47,
2021-06-08 14:00:00,42.34,
2021-06-08 14:15:00,42.41,
2021-06-08 14:30:00,42.35,
2021-06-08 14:45:00,42.3,
2021-06-08 15:00:00,42.34,
2021-06-08 15:15:00,42.35,
2021-06-08 15:30:00,42.36,
2021-06-08 15:45:00,42.26,
2021-06-08 16:00:00,42.32,
2021-06-08 16:15:00,42.21,
2021-06-08 16:30:00,42.26,
2021-06-08 16:45:00,42.22,
2021-06-08 17:00:00,42.29,
2021-06-08 17:15:00,42.23,
2021-06-08 17:30:00,42.21,
2021-06-08 17:45:00,42.28,
2021-06-08 18:00:00,42.22,
2021-06-08 18:15:00,42.28,
2021-06-08 18:30:00,42.17,
2021-06-08 18:45:00,42.08,
2021-06-08 19:00:00,42.07,
2021-06-08 19:15:00,42.09,
2021-06-08 19:30:00,42.06,
2021-06-08 19:45:00,42.07,
2021-06-08 20:00:00,42.01,
2021-06-08 20:15:00,41.92,
2021-06-08 20:30:00,42.15,
2021-06-08 20:45:00,42.05,
2021-06-08 21:00:00,42.1,
2021-06-08 21:15:00,42.02,
2021-06-08 21:30:00,42.04,
2021-06-08 21:45:00,41.98,
2021-06-08 22:00:00,42.03,
2021-06-08 22:15:00,42.0,
2021-06-08 22:30:00,41.99,
2021-06-08 22:45:00,41.99,
2021-06-08 23:00:00,42.0,
2021-06-08 23:15:00,42.1,
2021-06-08 23:30:00,42.01,
2021-06-08 23:45:00,42.12,
2021-06-09 00:00:00,42.05,
2021-06-09 00:15:00,42.07,
2021-06-09 00:30:00,41.91,
2021-06-09 00:45:00,41.92,
2021-06-09 01:00:00,42.05,
2021-06-09 01:15:00,42.01,
2021-06-09 01:30:00,42.02,
2021-06-09 01:45:00,41.91,
2021-06-09 02:00:00,41.92,
2021-06-09 02:15:00,42.11,
2021-06-09 02:30:00,41.99,
2021-06-09 02:45:00,41.93,
2021-06-09 03:00:00,42.01,
2021-06-09 03:15:00,41.99,
2021-06-09 03:30:00,42.07,
2021-06-09 03:45:00,42.17,
2021-06-09 04:00:00,42.14,
2021-06-09 04:15:00,42.06,
2021-06-09 04:30:00,42.12,
2021-06-09 04:45:00,42.13,
2021-06-09 05:00:00,42.14,
2021-06-09 05:15:00,42.13,
2021-06-09 05:30:00,42.1,
2021-06-09 05:45:00,42.19,
2021-06-09 06:00:00,42.13,
2021-06-09 06:15:00,42.15,
2021-06-09 06:30:00,42.1,
2021-06-09 06:45:00,42.18,
2021-06-09 07:00:00,42.22,
2021-06-09 07:15:00,42.23,
2021-06-09 07:30:00,42.23,
2021-06-09 07:45:00,42.34,
2021-06-09 08:00:00,42.18,
2021-06-09 08:15:00,42.21,
2021-06-09 08:30:00,42.24,
2021-06-09 08:45:00,42.25,
2021-06-09 09:00:00,42.25,
2021-06-09 09:15:00,42.3,
2021-06-09 09:30:00,42.33,
2021-06-09 09:45:00,42.24,
2021-06-09 10:00:00,42.29,
2021-06-09 10:15:00,42.2,
2021-06-09 10:30:00,42.35,
2021-06-09 10:45:00,42.22,
2021-06-09 11:00:00,42.22,
2021-06-09 11:15:00,42.22,
2021-06-09 11:30:00,42.22,
2021-06-09 11:45:00,42.14,
2021-06-09 12:00:00,42.12,
2021-06-09 12:15:00,42.13,
2021-06-09 12:30:00,42.16,
2021-06-09 12:45:00,41.99,
2021-06-09 13:00:00,41.96,
2021-06-09 13:15:00,42.2,
2021-06-09 13:30:00,42.01,
2021-06-09 13:45:00,42.06,
2021-06-09 14:00:00,42.01,
2021-06-09 14:15:00,42.03,
2021-06-09 14:30:00,41.9,
2021-06-09 14:45:00,41.91,
2021-06-09 15:00:00,41.9,
2021-06-09 15:15:00,41.96,
2021-06-09 15:30:00,41.86,
2021-06-09 15:45:00,41.8,
2021-06-09 16:00:00,41.78,
2021-06-09 16:15:00,41.82,
2021-06-09 16:30:00,41.84,
2021-06-09 16:45:00,41.77,
2021-06-09 17:00:00,41.74,
2021-06-09 17:15:00,41.75,
2021-06-09 17:30:00,41.77,
2021-06-09 17:45:00,41.75,
2021-06-09 18:00:00,41.82,
2021-06-09 18:15:00,41.7,
2021-06-09 18:30:00,41.79,
2021-06-09 18:45:00,41.68,
2021-06-09 19:00:00,41.67,
2021-06-09 19:15:00,41.66,
2021-06-09 19:30:00,41.58,
2021-06-09 19:45:00,41.67,
2021-06-09 20:00:00,41.6,
2021-06-09 20:15:00,41.62,
2021-06-09 20:30:00,41.56,
2021-06-09 20:45:00,41.51,
2021-06-09 21:00:00,41.53,
2021-06-09 21:15:00,41.54,
2021-06-09 21:30:00,41.59,
2021-06-09 21:45:00,41.67,
2021-06-09 22:00:00,41.55,
2021-06-09 22:15:00,41.56,
2021-06-09 22:30:00,41.63,
2021-06-09 22:45:00,41.56,
2021-06-09 23:00:00,41.53,
2021-06-09 23:15:00,41.5,
2021-06-09 23:30:00,41.52,
2021-06-09 23:45:00,41.45,
2021-06-10 00:00:00,41.52,
2021-06-10 00:15:00,41.45,
2021-06-10 00:30:00,41.49,
2021-06-10 00:45:00,41.53,
2021-06-10 01:00:00,41.49,
2021-06-10 01:15:00,41.47,
2021-06-10 01:30:00,41.44,
2021-06-10 01:45:00,41.39,
2021-06-10 02:00:00,41.49,
2021-06-10 02:15:00,41.46,
2021-06-10 02:30:00,41.51,
2021-06-10 02:45:00,41.54,
2021-06-10 03:00:00,41.43,
2021-06-10 03:15:00,41.53,
2021-06-10 03:30:00,41.45,
2021-06-10 03:45:00,41.42,
2021-06-10 04:00:00,41.54,
2021-06-10 04:15:00,41.66,
2021-06-10 04:30:00,41.56,
2021-06-10 04:45:00,41.59,
2021-06-10 05:00:00,41.5,
2021-06-10 05:15:00,41.57,
2021-06-10 05:30:00,41.7,
2021-06-10 05:45:00,41.64,
2021-06-10 06:00:00,41.58,
2021-06-10 06:15:00,41.57,
2021-06-10 06:30:00,41.59,
2021-06-10 06:45:00,41.59,
2021-06-10 07:00:00,41.68,
2021-06-10 07:15:00,41.75,
2021-06-10 07:30:00,41.65,
2021-06-10 07:45:00,41.6,
2021-06-10 08:00:00,41.74,
2021-06-10 08:15:00,41.71,
2021-06-10 08:30:00,41.6,
2021-06-10 08:45:00,41.68,
2021-06-10 09:00:00,41.56,
2021-06-10 09:15:00,41.63,
2021-06-10 09:30:00,41.65,
2021-06-10 09:45:00,41.64,
2021-06-10 10:00:00,41.59,
2021-06-10 10:15:00,41.57,
2021-06-10 10:30:00,41.65,
2021-06-10 10:45:00,41.62,
2021-06-10 11:00:00,41.52,
2021-06-10 11:15:00,41.6,
2021-06-10 11:30:00,41.5,
2021-06-10 11:45:00,41.48,
2021-06-10 12:00:00,41.52,
2021-06-10 12:15:00,41.41,
2021-06-10 12:30:00,41.67,
2021-06-10 12:45:00,41.56,
2021-06-10 13:00:00,41.33,
2021-06-10 13:15:00,41.48,
2021-06-10 13:30:00,41.34,
2021-06-10 13:45:00,41.33,
2021-06-10 14:00:00,41.33,
2021-06-10 14:15:00,41.39,
2021-06-10 14:30:00,41.34,
2021-06-10 14:45:00,41.4,
2021-06-10 15:00:00,41.33,
2021-06-10 15:15:00,41.21,
2021-06-10 15:30:00,41.23,
2021-06-10 15:45:00,41.13,
2021-06-10 16:00:00,41.34,
2021-06-10 16:15:00,41.27,
2021-06-10 16:30:00,41.19,
2021-06-10 16:45:00,41.16,
2021-06-10 17:00:00,41.23,
2021-06-10 17:15:00,41.22,
2021-06-10 17:30:00,41.11,
2021-06-10 17:45:00,41.14,
2021-06-10 18:00:00,41.08,
2021-06-10 18:15:00,41.15,
2021-06-10 18:30:00,41.02,
2021-06-10 18:45:00,41.1,
2021-06-10 19:00:00,41.0,
2021-06-10 19:15:00,41.07,
2021-06-10 19:30:00,40.99,
2021-06-10 19:45:00,41.07,
2021-06-10 20:00:00,40.94,
2021-06-10 20:15:00,40.93,
2021-06-10 20:30:00,40.99,
2021-06-10 20:45:00,41.05,
2021-06-10 21:00:00,40.98,
2021-06-10 21:15:00,41.02,
2021-06-10 21:30:00,40.96,
2021-06-10 21:45:00,40.84,
2021-06-10 22:00:00,40.93,
2021-06-10 22:15:00,40.83,
2021-06-10 22:30:00,40.83,
2021-06-10 22:45:00,40.86,
2021-06-10 23:00:00,40.8,
2021-06-10 23:15:00,40.95,
2021-06-10 23:30:00,40.92,
2021-06-10 23:45:00,40.85,
2021-06-11 00:00:00,40.83,
2021-06-11 00:15:00,40.85,
2021-06-11 00:30:00,40.83,
2021-06-11 00:45:00,40.85,
2021-06-11 01:00:00,40.97,
2021-06-11 01:15:00,40.77,
2021-06-11 01:30:00,40.83,
2021-06-11 01:45:00,40.8,
2021-06-11 02:00:00,40.81,
2021-06-11 02:15:00,40.84,
2021-06-11 02:30:00,40.9,
2021-06-11 02:45:00,40.8,
2021-06-11 03:00:00,40.92,
2021-06-11 03:15:00,40.76,
2021-06-11 03:30:00,40.86,
2021-06-11 03:45:00,40.79,
2021-06-11 04:00:00,40.82,
2021-06-11 04:15:00,40.79,
2021-06-11 04:30:00,40.91,
2021-06-11 04:45:00,40.87,
2021-06-11 05:00:00,40.96,
2021-06-11 05:15:00,40.9,
2021-06-11 05:30:00,40.85,
2021-06-11 05:45:00,40.92,
2021-06-11 06:00:00,40.96,
2021-06-11 06:15:00,40.8,
2021-06-11 06:30:00,40.91,
2021-06-11 06:45:00,40.87,
2021-06-11 07:00:00,40.93,
2021-06-11 07:15:00,40.93,
2021-06-11 07:30:00,40.96,
2021-06-11 07:45:00,41.03,
2021-06-11 08:00:00,41.02,
2021-06-11 08:15:00,40.92,
2021-06-11 08:30:00,41.01,
2021-06-11 08:45:00,41.05,
2021-06-11 09:00:00,41.09,
2021-06-11 09:15:00,41.08,
2021-06-11 09:30:00,41.0,
2021-06-11 09:45:00,41.09,
2021-06-11 10:00:00,41.01,
2021-06-11 10:15:00,41.1,
2021-06-11 10:30:00,41.03,
2021-06-11 10:45:00,41.08,
2021-06-11 11:00:00,41.05,
2021-06-11 11:15:00,41.03,
2021-06-11 11:30:00,41.09,
2021-06-11 11:45:00,41.0,
2021-06-11 12:00:00,41.03,
2021-06-11 12:15:00,41.0,
2021-06-11 12:30:00,40.99,
2021-06-11 12:45:00,41.11,
2021-06-11 13:00:00,41.0,
2021-06-11 13:15:00,41.04,
2021-06-11 13:30:00,41.08,
2021-06-11 13:45:00,40.85,
2021-06-11 14:00:00,40.94,
2021-06-11 14:15:00,40.94,
2021-06-11 14:30:00,40.84,
2021-06-11 14:45:00,40.77,
2021-06-11 15:00:00,40.9,
2021-06-11 15:15:00,40.88,
2021-06-11 15:30:00,40.82,
2021-06-11 15:45:00,40.86,
2021-06-11 16:00:00,40.78,
2021-06-11 16:15:00,40.77,
2021-06-11 16:30:00,40.74,
2021-06-11 16:45:00,40.83,
2021-06-11 17:00:00,40.82,
2021-06-11 17:15:00,40.71,
2021-06-11 17:30:00,40.67,
2021-06-11 17:45:00,40.66,
2021-06-11 18:00:00,40.73,
2021-06-11 18:15:00,40.68,
2021-06-11 18:30:00,40.65,
2021-06-11 18:45:00,40.64,
2021-06-11 19:00:00,40.66,
2021-06-11 19:15:00,40.54,
2021-06-11 19:30:00,40.58,
2021-06-11 19:45:00,40.47,
2021-06-11 20:00:00,40.54,
2021-06-11 20:15:00,40.49,
2021-06-11 20:30:00,40.57,
2021-06-11 20:45:00,40.48,
2021-06-11 21:00:00,40.45,
2021-06-11 21:15:00,40.48,
2021-06-11 21:30:00,40.52,
2021-06-11 21:45:00,40.5,
2021-06-11 22:00:00,40.51,
2021-06-11 22:15:00,40.48,
2021-06-11 22:30:00,40.43,
2021-06-11 22:45:00,40.4,
2021-06-11 23:00:00,40.48,
2021-06-11 23:15:00,40.38,
2021-06-11 23:30:00,40.44,
2021-06-11 23:45:00,40.51,
2021-06-12 00:00:00,40.4,
2021-06-12 00:15:00,40.35,
2021-06-12 00:30:00,40.39,
2021-06-12 00:45:00,40.36,
2021-06-12 01:00:00,40.3,
2021-06-12 01:15:00,40.35,
2021-06-12 01:30:00,40.35,
2021-06-12 01:45:00,40.38,
2021-06-12 02:00:00,40.27,
2021-06-12 02:15:00,40.22,
2021-06-12 02:30:00,40.19,
2021-06-12 02:45:00,40.26,
2021-06-12 03:00:00,40.24,
2021-06-12 03:15:00,40.37,
2021-06-12 03:30:00,40.26,
2021-06-12 03:45:00,40.23,
2021-06-12 04:00:00,40.28,
2021-06-12 04:15:00,40.27,
2021-06-12 04:30:00,40.14,
2021-06-12 04:45:00,40.3,
2021-06-12 05:00:00,40.24,
2021-06-12 05:15:00,40.19,
2021-06-12 05:30:00,40.27,
2021-06-12 05:45:00,40.36,
2021-06-12 06:00:00,40.24,
2021-06-12 06:15:00,40.39,
2021-06-12 06:30:00,40.32,
2021-06-12 06:45:00,40.25,
2021-06-12 07:00:00,40.36,
2021-06-12 07:15:00,40.29,
2021-06-12 07:30:00,40.38,
2021-06-12 07:45:00,40.41,
2021-06-12 08:00:00,40.39,
2021-06-12 08:15:00,40.29,
2021-06-12 08:30:00,40.43,
2021-06-12 08:45:00,40.39,
2021-06-12 09:00:00,40.37,
2021-06-12 09:15:00,40.35,
2021-06-12 09:30:00,40.37,
2021-06-12 09:45:00,40.38,
2021-06-12 10:00:00,40.37,
2021-06-12 10:15:00,40.49,
2021-06-12 10:30:00,40.39,
2021-06-12 10:45:00,40.46,
2021-06-12 11:00:00,40.37,
2021-06-12 11:15:00,40.45,
2021-06-12 11:30:00,40.29,
2021-06-12 11:45:00,40.33,
2021-06-12 12:00:00,40.31,
2021-06-12 12:15:00,40.36,
2021-06-12 12:30:00,40.43,
2021-06-12 12:45:00,40.3,
2021-06-12 13:00:00,40.31,
2021-06-12 13:15:00,40.31,
2021-06-12 13:30:00,40.33,
2021-06-12 13:45:00,40.29,
2021-06-12 14:00:00,40.22,
2021-06-12 14:15:00,40.24,
2021-06-12 14:30:00,40.27,
2021-06-12 14:45:00,40.22,
2021-06-12 15:00:00,40.25,
2021-06-12 15:15:00,40.18,
2021-06-12 15:30:00,40.19,
2021-06-12 15:45:00,40.19,
2021-06-12 16:00:00,40.11,
2021-06-12 16:15:00,40.18,
2021-06-12 16:30:00,40.05,
2021-06-12 16:45:00,40.11,
2021-06-12 17:00:00,40.07,
2021-06-12 17:15:00,40.14,
2021-06-12 17:30:00,40.06,
2021-06-12 17:45:00,40.1,
2021-06-12 18:00:00,40.07,
2021-06-12 18:15:00,40.13,
2021-06-12 18:30:00,40.05,
2021-06-12 18:45:00,39.9,
2021-06-12 19:00:00,39.84,
2021-06-12 19:15:00,39.81,
2021-06-12 19:30:00,39.77,
2021-06-12 19:45:00,39.89,
2021-06-12 20:00:00,39.71,
2021-06-12 20:15:00,39.86,
2021-06-12 20:30:00,39.75,
2021-06-12 20:45:00,39.8,
2021-06-12 21:00:00,39.85,
2021-06-12 21:15:00,39.78,
2021-06-12 21:30:00,39.75,
2021-06-12 21:45:00,39.7,
2021-06-12 22:00:00,39.75,
2021-06-12 22:15:00,39.74,
2021-06-12 22:30:00,39.72,
2021-06-12 22:45:00,39.72,
2021-06-12 23:00:00,39.68,
2021-06-12 23:15:00,39.65,
2021-06-12 23:30:00,39.72,
2021-06-12 23:45:00,39.7,
2021-06-13 00:00:00,39.7,
2021-06-13 00:15:00,39.72,
2021-06-13 00:30:00,39.7,
2021-06-13 00:45:00,39.65,
2021-06-13 01:00:00,39.68,
2021-06-13 01:15:00,39.7,
2021-06-13 01:30:00,39.57,
2021-06-13 01:45:00,39.6,
2021-06-13 02:00:00,39.61,
2021-06-13 02:15:00,39.62,
2021-06-13 02:30:00,39.65,
2021-06-13 02:45:00,39.62,
2021-06-13 03:00:00,39.6,
2021-06-13 03:15:00,39.53,
2021-06-13 03:30:00,39.57,
2021-06-13 03:45:00,39.57,
2021-06-13 04:00:00,39.64,
2021-06-13 04:15:00,39.62,
2021-06-13 04:30:00,39.53,
2021-06-13 04:45:00,39.53,
2021-06-13 05:00:00,39.47,
2021-06-13 05:15:00,39.6,
2021-06-13 05:30:00,39.58,
2021-06-13 05:45:00,39.54,
2021-06-13 06:00:00,39.59,
2021-06-13 06:15:00,39.51,
2021-06-13 06:30:00,39.68,
2021-06-13 06:45:00,39.59,
2021-06-13 07:00:00,39.63,
2021-06-13 07:15:00,39.66,
2021-06-13 07:30:00,39.63,
2021-06-13 07:45:00,39.58,
2021-06-13 08:00:00,39.67,
2021-06-13 08:15:00,39.69,
2021-06-13 08:30:00,39.63,
2021-06-13 08:45:00,39.7,
2021-06-13 09:00:00,39.6,
2021-06-13 09:15:00,39.72,
2021-06-13 09:30:00,39.7,
2021-06-13 09:45:00,39.66,
2021-06-13 10:00:00,39.7,
2021-06-13 10:15:00,39.76,
2021-06-13 10:30:00,39.65,
2021-06-13 10:45:00,39.68,
2021-06-13 11:00:00,39.71,
2021-06-13 11:15:00,39.6,
2021-06-13 11:30:00,39.63,
2021-06-13 11:45:00,39.66,
2021-06-13 12:00:00,39.55,
2021-06-13 12:15:00,39.56,
2021-06-13 12:30:00,39.55,
2021-06-13 12:45:00,39.5,
2021-06-13 13:00:00,39.46,
2021-06-13 13:15:00,39.55,
2021-06-13 13:30:00,39.51,
2021-06-13 13:45:00,39.51,
2021-06-13 14:00:00,39.57,
2021-06-13 14:15:00,39.51,
2021-06-13 14:30:00,39.45,
2021-06-13 14:45:00,39.45,
2021-06-13 15:00:00,39.48,
2021-06-13 15:15:00,39.4,
2021-06-13 15:30:00,39.39,
2021-06-13 15:45:00,39.29,
2021-06-13 16:00:00,39.26,
2021-06-13 16:15:00,39.29,
2021-06-13 16:30:00,39.25,
2021-06-13 16:45:00,39.2,
2021-06-13 17:00:00,39.24,
2021-06-13 17:15:00,39.24,
2021-06-13 17:30:00,39.35,
2021-06-13 17:45:00,39.23,
2021-06-13 18:00:00,39.32,
2021-06-13 18:15:00,39.3,
2021-06-13 18:30:00,39.33,
2021-06-13 18:45:00,39.23,
2021-06-13 19:00:00,39.23,
2021-06-13 19:15:00,39.1,
2021-06-13 19:30:00,39.22,
2021-06-13 19:45:00,39.18,
2021-06-13 20:00:00,39.14,
2021-06-13 20:15:00,39.15,
2021-06-13 20:30:00,39.06,
2021-06-13 20:45:00,39.03,
2021-06-13 21:00:00,39.06,
2021-06-13 21:15:00,39.05,
2021-06-13 21:30:00,38.99,
2021-06-13 21:45:00,38.99,
2021-06-13 22:00:00,38.92,
2021-06-13 22:15:00,38.95,
2021-06-13 22:30:00,38.93,
2021-06-13 22:45:00,38.98,
2021-06-13 23:00:00,38.83,
2021-06-13 23:15:00,38.96,
2021-06-13 23:30:00,38.82,
2021-06-13 23:45:00,38.85,
2021-06-14 00:00:00,38.96,
2021-06-14 00:15:00,38.91,
2021-06-14 00:30:00,38.98,
2021-06-14 00:45:00,38.91,
2021-06-14 01:00:00,38.94,
2021-06-14 01:15:00,38.91,
2021-06-14 01:30:00,38.86,
2021-06-14 01:45:00,38.9,
2021-06-14 02:00:00,38.81,
2021-06-14 02:15:00,38.8,
2021-06-14 02:30:00,38.87,
2021-06-14 02:45:00,38.89,
2021-06-14 03:00:00,38.8,
2021-06-14 03:15:00,38.75,
2021-06-14 03:30:00,38.67,
2021-06-14 03:45:00,38.69,
2021-06-14 04:00:00,38.66,
2021-06-14 04:15:00,38.74,
2021-06-14 04:30:00,38.64,
2021-06-14 04:45:00,38.72,
2021-06-14 05:00:00,38.71,
2021-06-14 05:15:00,38.71,
2021-06-14 05:30:00,38.72,
2021-06-14 05:45:00,38.76,
2021-06-14 06:00:00,38.77,
2021-06-14 06:15:00,38.71,
2021-06-14 06:30:00,38.71,
2021-06-14 06:45:00,38.78,
2021-06-14 07:00:00,38.7,
2021-06-14 07:15:00,38.91,
2021-06-14 07:30:00,38.77,
2021-06-14 07:45:00,38.71,
2021-06-14 08:00:00,38.78,
2021-06-14 08:15:00,38.84,
2021-06-14 08:30:00,38.86,
2021-06-14 08:45:00,38.75,
2021-06-14 09:00:00,38.8,
2021-06-14 09:15:00,38.78,
2021-06-14 09:30:00,38.79,
2021-06-14 09:45:00,38.83,
2021-06-14 10:00:00,38.84,
2021-06-14 10:15:00,38.85,
2021-06-14 10:30:00,38.74,
2021-06-14 10:45:00,38.85,
2021-06-14 11:00:00,38.95,
2021-06-14 11:15:00,38.8,
2021-06-14 11:30:00,38.73,
2021-06-14 11:45:00,38.8,
2021-06-14 12:00:00,38.74,
2021-06-14 12:15:00,38.78,
2021-06-14 12:30:00,38.77,
2021-06-14 12:45:00,38.65,
2021-06-14 13:00:00,38.65,
2021-06-14 13:15:00,38.65,
2021-06-14 13:30:00,38.59,
2021-06-14 13:45:00,38.61,
2021-06-14 14:00:00,38.6,
2021-06-14 14:15:00,38.64,
2021-06-14 14:30:00,38.68,
2021-06-14 14:45:00,38.52,
2021-06-14 15:00:00,38.52,
2021-06-14 15:15:00,38.57,
2021-06-14 15:30:00,38.53,
2021-06-14 15:45:00,38.46,
2021-06-14 16:00:00,38.5,
2021-06-14 16:15:00,38.52,
2021-06-14 16:30:00,38.51,
2021-06-14 16:45:00,38.41,
2021-06-14 17:00:00,38.37,
2021-06-14 17:15:00,38.4,
2021-06-14 17:30:00,38.34,
2021-06-14 17:45:00,38.39,
2021-06-14 18:00:00,38.37,
2021-06-14 18:15:00,38.43,
2021-06-14 18:30:00,38.36,
2021-06-14 18:45:00,38.32,
2021-06-14 19:00:00,38.16,
2021-06-14 19:15:00,38.23,
2021-06-14 19:30:00,38.18,
2021-06-14 19:45:00,38.23,
2021-06-14 20:00:00,38.24,
2021-06-14 20:15:00,38.25,
2021-06-14 20:30:00,38.13,
2021-06-14 20:45:00,38.14,
2021-06-14 21:00:00,38.17,
2021-06-14 21:15:00,38.18,
2021-06-14 21:30:00,38.18,
2021-06-14 21:45:00,38.12,
2021-06-14 22:00:00,38.18,
2021-06-14 22:15:00,38.18,
2021-06-14 22:30:00,38.22,
2021-06-14 22:45:00,38.19,
2021-06-14 23:00:00,38.15,
2021-06-14 23:15:00,38.23,
2021-06-14 23:30:00,38.18,
2021-06-14 23:45:00,38.16,
2021-06-15 00:00:00,38.12,
2021-06-15 00:15:00,38.15,
2021-06-15 00:30:00,38.14,
2021-06-15 00:45:00,38.04,
2021-06-15 01:00:00,38.13,
2021-06-15 01:15:00,38.02,
2021-06-15 01:30:00,38.05,
2021-06-15 01:45:00,38.06,
2021-06-15 02:00:00,38.05,
2021-06-15 02:15:00,37.94,
2021-06-15 02:30:00,37.98,
2021-06-15 02:45:00,38.02,
2021-06-15 03:00:00,37.99,
2021-06-15 03:15:00,38.02,
2021-06-15 03:30:00,38.11,
2021-06-15 03:45:00,37.93,
2021-06-15 04:00:00,37.96,
2021-06-15 04:15:00,37.91,
2021-06-15 04:30:00,37.96,
2021-06-15 04:45:00,37.83,
2021-06-15 05:00:00,37.87,
2021-06-15 05:15:00,37.81,
2021-06-15 05:30:00,37.91,
2021-06-15 05:45:00,37.88,
2021-06-15 06:00:00,37.84,
2021-06-15 06:15:00,37.92,
2021-06-15 06:30:00,37.89,
2021-06-15 06:45:00,37.93,
2021-06-15 07:00:00,38.01,
2021-06-15 07:15:00,38.15,
2021-06-15 07:30:00,38.31,
2021-06-15 07:45:00,38.22,
2021-06-15 08:00:00,38.11,
2021-06-15 08:15:00,38.04,
2021-06-15 08:30:00,38.02,
2021-06-15 08:45:00,37.98,
2021-06-15 09:00:00,38.12,
2021-06-15 09:15:00,38.15,
2021-06-15 09:30:00,38.12,
2021-06-15 09:45:00,38.2,
2021-06-15 10:00:00,38.23,
2021-06-15 10:15:00,38.19,
2021-06-15 10:30:00,38.18,
2021-06-15 10:45:00,38.19,
2021-06-15 11:00:00,38.15,
2021-06-15 11:15:00,38.08,
2021-06-15 11:30:00,38.03,
2021-06-15 11:45:00,38.04,
2021-06-15 12:00:00,38.08,
2021-06-15 12:15:00,38.05,
2021-06-15 12:30:00,37.92,
2021-06-15 12:45:00,37.98,
2021-06-15 13:00:00,37.98,
2021-06-15 13:15:00,37.93,
2021-06-15 13:30:00,37.86,
2021-06-15 13:45:00,37.85,
2021-06-15 14:00:00,37.85,
2021-06-15 14:15:00,37.87,
2021-06-15 14:30:00,37.81,
2021-06-15 14:45:00,37.8,
2021-06-15 15:00:00,37.8,
2021-06-15 15:15:00,37.83,
2021-06-15 15:30:00,37.88,
2021-06-15 15:45:00,37.84,
2021-06-15 16:00:00,37.84,
2021-06-15 16:15:00,37.72,
2021-06-15 16:30:00,37.69,
2021-06-15 16:45:00,37.68,
2021-06-15 17:00:00,37.7,
2021-06-15 17:15:00,37.7,
2021-06-15 17:30:00,37.72,
2021-06-15 17:45:00,37.8,
2021-06-15 18:00:00,37.72,
2021-06-15 18:15:00,37.7,
2021-06-15 18:30:00,37.68,
2021-06-15 18:45:00,37.7,
2021-06-15 19:00:00,37.61,
2021-06-15 19:15:00,37.67,
2021-06-15 19:30:00,37.66,
2021-06-15 19:45:00,37.57,
2021-06-15 20:00:00,37.54,
2021-06-15 20:15:00,37.58,
2021-06-15 20:30:00,37.56,
2021-06-15 20:45:00,37.57,
2021-06-15 21:00:00,37.56,
2021-06-15 21:15:00,37.53,
2021-06-15 21:30:00,37.64,
2021-06-15 21:45:00,37.62,
2021-06-15 22:00:00,37.52,
2021-06-15 22:15:00,37.43,
2021-06-15 22:30:00,37.51,
2021-06-15 22:45:00,37.53,
2021-06-15 23:00:00,37.57,
2021-06-15 23:15:00,37.53,
2021-06-15 23:30:00,37.54,
2021-06-15 23:45:00,37.54,
2021-06-16 00:00:00,37.45,
2021-06-16 00:15:00,37.55,
2021-06-16 00:30:00,37.52,
2021-06-16 00:45:00,37.46,
2021-06-16 01:00:00,37.44,
2021-06-16 01:15:00,37.36,
2021-06-16 01:30:00,37.51,
2021-06-16 01:45:00,37.5,
2021-06-16 02:00:00,37.49,
2021-06-16 02:15:00,37.56,
2021-06-16 02:30:00,37.41,
2021-06-16 02:45:00,37.52,
2021-06-16 03:00:00,37.46,
2021-06-16 03:15:00,37.47,
2021-06-16 03:30:00,37.51,
2021-06-16 03:45:00,37.46,
2021-06-16 04:00:00,37.39,
2021-06-16 04:15:00,37.3,
2021-06-16 04:30:00,37.33,
2021-06-16 04:45:00,37.26,
2021-06-16 05:00:00,37.26,
2021-06-16 05:15:00,37.34,
2021-06-16 05:30:00,37.41,
2021-06-16 05:45:00,37.31,
2021-06-16 06:00:00,37.34,
2021-06-16 06:15:00,37.35,
2021-06-16 06:30:00,37.37,
2021-06-16 06:45:00,37.41,
2021-06-16 07:00:00,37.45,
2021-06-16 07:15:00,37.46,
2021-06-16 07:30:00,37.42,
2021-06-16 07:45:00,37.44,
2021-06-16 08:00:00,37.39,
2021-06-16 08:15:00,37.46,
2021-06-16 08:30:00,37.53,
2021-06-16 08:45:00,37.47,
2021-06-16 09:00:00,37.45,
2021-06-16 09:15:00,37.47,
2021-06-16 09:30:00,37.5,
2021-06-16 09:45:00,37.5,
2021-06-16 10:00:00,37.53,
2021-06-16 10:15:00,37.49,
2021-06-16 10:30:00,37.38,
2021-06-16 10:45:00,37.45,
2021-06-16 11:00:00,37.48,
2021-06-16 11:15:00,37.49,
2021-06-16 11:30:00,37.42,
2021-06-16 11:45:00,37.45,
2021-06-16 12:00:00,37.48,
2021-06-16 12:15:00,37.5,
2021-06-16 12:30:00,37.4,
2021-06-16 12:45:00,37.42,
2021-06-16 13:00:00,37.378,LI
2021-06-16 13:15:00,37.336,LI
2021-06-16 13:30:00,37.294,LI
2021-06-16 13:45:00,37.252,LI
2021-06-16 14:00:00,37.21,
2021-06-16 14:15:00,37.24,
2021-06-16 14:30:00,37.3,
2021-06-16 14:45:00,37.32,
2021-06-16 15:00:00,37.33,
2021-06-16 15:15:00,37.24,
2021-06-16 15:30:00,37.18,
2021-06-16 15:45:00,37.18,
2021-06-16 16:00:00,37.14,
2021-06-16 16:15:00,37.11,
2021-06-16 16:30:00,37.120000000000005,
2021-06-16 16:45:00,36.99,
2021-06-16 17:00:00,37.09,
2021-06-16 17:15:00,37.11,
2021-06-16 17:30:00,37.07,
2021-06-16 17:45:00,37.03,
2021-06-16 18:00:00,37.04,
2021-06-16 18:15:00,37.05,
2021-06-16 18:30:00,37.0,
2021-06-16 18:45:00,36.870000000000005,
2021-06-16 19:00:00,36.95,
2021-06-16 19:15:00,36.99,
2021-06-16 19:30:00,36.91,
2021-06-16 19:45:00,36.81,
2021-06-16 20:00:00,36.91,
2021-06-16 20:15:00,36.93,
2021-06-16 20:30:00,37.0,
2021-06-16 20:45:00,36.92,
2021-06-16 21:00:00,36.92,
2021-06-16 21:15:00,36.98,
2021-06-16 21:30:00,36.98,
2021-06-16 21:45:00,36.900000000000006,
2021-06-16 22:00:00,36.93,
2021-06-16 22:15:00,36.879999999999995,
2021-06-16 22:30:00,36.900000000000006,
2021-06-16 22:45:00,36.95,
2021-06-16 23:00:00,36.99,
2021-06-16 23:15:00,37.010000000000005,
2021-06-16 23:30:00,36.92,
2021-06-16 23:45:00,36.92,
2021-06-17 00:00:00,36.92,
2021-06-17 00:15:00,36.870000000000005,
2021-06-17 00:30:00,36.900000000000006,
2021-06-17 00:45:00,36.879999999999995,
2021-06-17 01:00:00,36.870000000000005,
2021-06-17 01:15:00,36.900000000000006,
2021-06-17 01:30:00,36.86,
2021-06-17 01:45:00,36.85,
2021-06-17 02:00:00,36.84,
2021-06-17 02:15:00,36.81,
2021-06-17 02:30:00,36.879999999999995,
2021-06-17 02:45:00,36.77,
2021-06-17 03:00:00,36.78,
2021-06-17 03:15:00,36.89,
2021-06-17 03:30:00,36.8,
2021-06-17 03:45:00,36.78,
2021-06-17 04:00:00,36.77,
2021-06-17 04:15:00,36.66,
2021-06-17 04:30:00,36.66,
2021-06-17 04:45:00,36.69,
2021-06-17 05:00:00,36.7,
2021-06-17 05:15:00,36.7,
2021-06-17 05:30:00,36.72,
2021-06-17 05:45:00,36.69,
2021-06-17 06:00:00,36.61,
2021-06-17 06:15:00,36.69,
2021-06-17 06:30:00,36.72,
2021-06-17 06:45:00,36.69,
2021-06-17 07:00:00,36.82,
2021-06-17 07:15:00,36.72,
2021-06-17 07:30:00,36.82,
2021-06-17 07:45:00,36.629999999999995,
2021-06-17 08:00:00,36.79,
2021-06-17 08:15:00,36.77,
2021-06-17 08:30:00,36.83,
2021-06-17 08:45:00,36.85,
2021-06-17 09:00:00,36.75,
2021-06-17 09:15:00,36.879999999999995,
2021-06-17 09:30:00,36.79,
2021-06-17 09:45:00,36.78,
2021-06-17 10:00:00,36.75,
2021-06-17 10:15:00,36.74,
2021-06-17 10:30:00,36.760000000000005,
2021-06-17 10:45:00,36.79,
2021-06-17 11:00:00,36.78,
2021-06-17 11:15:00,36.81,
2021-06-17 11:30:00,36.75,
2021-06-17 11:45:00,36.71,
2021-06-17 12:00:00,36.73,
2021-06-17 12:15:00,36.629999999999995,
2021-06-17 12:30:00,36.66,
2021-06-17 12:45:00,36.629999999999995,
2021-06-17 13:00:00,36.6,
2021-06-17 13:15:00,36.620000000000005,
2021-06-17 13:30:00,36.58,
2021-06-17 13:45:00,36.620000000000005,
2021-06-17 14:00:00,36.67,
2021-06-17 14:15:00,36.510000000000005,
2021-06-17 14:30:00,36.5,
2021-06-17 14:45:00,36.49,
2021-06-17 15:00:00,36.510000000000005,
2021-06-17 15:15:00,36.52,
2021-06-17 15:30:00,36.58,
2021-06-17 15:45:00,36.5,
2021-06-17 16:00:00,36.46,
2021-06-17 16:15:00,36.44,
2021-06-17 16:30:00,36.42,
2021-06-17 16:45:00,36.42,
2021-06-17 17:00:00,36.47,
2021-06-17 17:15:00,36.45,
2021-06-17 17:30:00,36.48,
2021-06-17 17:45:00,36.39,
2021-06-17 18:00:00,36.41,
2021-06-17 18:15:00,36.45,
2021-06-17 18:30:00,36.36,
2021-06-17 18:45:00,36.400000000000006,
2021-06-17 19:00:00,36.36,
2021-06-17 19:15:00,36.3,
2021-06-17 19:30:00,36.41,
2021-06-17 19:45:00,36.36,
2021-06-17 20:00:00,36.36,
2021-06-17 20:15:00,36.39,
2021-06-17 20:30:00,36.400000000000006,
2021-06-17 20:45:00,36.33,
2021-06-17 21:00:00,36.39,
2021-06-17 21:15:00,36.44,
2021-06-17 21:30:00,36.400000000000006,
2021-06-17 21:45:00,36.48,
2021-06-17 22:00:00,36.39,
2021-06-17 22:15:00,36.46,
2021-06-17 22:30:00,36.370000000000005,
2021-06-17 22:45:00,36.43,
2021-06-17 23:00:00,36.45,
2021-06-17 23:15:00,36.370000000000005,
2021-06-17 23:30:00,36.32,
2021-06-17 23:45:00,36.3,
2021-06-18 00:00:00,36.34,
2021-06-18 00:15:00,36.17,
2021-06-18 00:30:00,36.260000000000005,
2021-06-18 00:45:00,36.3,
2021-06-18 01:00:00,36.3,
2021-06-18 01:15:00,36.29,
2021-06-18 01:30:00,36.29,
2021-06-18 01:45:00,36.33,
2021-06-18 02:00:00,36.31,
2021-06-18 02:15:00,36.28,
2021-06-18 02:30:00,36.370000000000005,
2021-06-18 02:45:00,36.25,
2021-06-18 03:00:00,36.3,
2021-06-18 03:15:00,36.25,
2021-06-18 03:30:00,36.29,
2021-06-18 03:45:00,36.25,
2021-06-18 04:00:00,36.27,
2021-06-18 04:15:00,36.3,
2021-06-18 04:30:00,36.27,
2021-06-18 04:45:00,36.18,
2021-06-18 05:00:00,36.19,
2021-06-18 05:15:00,36.1,
2021-06-18 05:30:00,36.17,
2021-06-18 05:45:00,36.24,
2021-06-18 06:00:00,36.129999999999995,
2021-06-18 06:15:00,36.17,
2021-06-18 06:30:00,36.11,
2021-06-18 06:45:00,36.25,
2021-06-18 07:00:00,36.260000000000005,
2021-06-18 07:15:00,36.21,
2021-06-18 07:30:00,36.24,
2021-06-18 07:45:00,36.28,
2021-06-18 08:00:00,36.25,
2021-06-18 08:15:00,36.21,
2021-06-18 08:30:00,36.28,
2021-06-18 08:45:00,36.25,
2021-06-18 09:00:00,36.36,
2021-06-18 09:15:00,36.24,
2021-06-18 09:30:00,36.23,
2021-06-18 09:45:00,36.27,
2021-06-18 10:00:00,36.24,
2021-06-18 10:15:00,36.3,
2021-06-18 10:30:00,36.29,
2021-06-18 10:45:00,36.2,
2021-06-18 11:00:00,36.18,
2021-06-18 11:15:00,36.18,
2021-06-18 11:30:00,36.24,
2021-06-18 11:45:00,36.07,
2021-06-18 12:00:00,36.2,
2021-06-18 12:15:00,36.2,
2021-06-18 12:30:00,36.2,
2021-06-18 12:45:00,36.23,
2021-06-18 13:00:00,36.06,
2021-06-18 13:15:00,36.03,
2021-06-18 13:30:00,36.09,
2021-06-18 13:45:00,35.94,
2021-06-18 14:00:00,36.03,
2021-06-18 14:15:00,35.980000000000004,
2021-06-18 14:30:00,36.06,
2021-06-18 14:45:00,35.96,
2021-06-18 15:00:00,36.03,
2021-06-18 15:15:00,36.010000000000005,
2021-06-18 15:30:00,36.04,
2021-06-18 15:45:00,36.03,
2021-06-18 16:00:00,35.980000000000004,
2021-06-18 16:15:00,35.97,
2021-06-18 16:30:00,35.980000000000004,
2021-06-18 16:45:00,35.97,
2021-06-18 17:00:00,36.010000000000005,
2021-06-18 17:15:00,36.08,
2021-06-18 17:30:00,35.980000000000004,
2021-06-18 17:45:00,36.06,
2021-06-18 18:00:00,36.03,
2021-06-18 18:15:00,36.03,
2021-06-18 18:30:00,36.019999999999996,
2021-06-18 18:45:00,35.93,
2021-06-18 19:00:00,35.900000000000006,
2021-06-18 19:15:00,35.91,
2021-06-18 19:30:00,35.870000000000005,
2021-06-18 19:45:00,35.91,
2021-06-18 20:00:00,35.91,
2021-06-18 20:15:00,36.0,
2021-06-18 20:30:00,36.0,
2021-06-18 20:45:00,35.980000000000004,
2021-06-18 21:00:00,35.95,
2021-06-18 21:15:00,35.94,
2021-06-18 21:30:00,35.93,
2021-06-18 21:45:00,35.870000000000005,
2021-06-18 22:00:00,35.85,
2021-06-18 22:15:00,35.84,
2021-06-18 22:30:00,35.8,
2021-06-18 22:45:00,35.74,
2021-06-18 23:00:00,35.900000000000006,
2021-06-18 23:15:00,35.95,
2021-06-18 23:30:00,35.84,
2021-06-18 23:45:00,35.86,
2021-06-19 00:00:00,35.89,
2021-06-19 00:15:00,35.879999999999995,
2021-06-19 00:30:00,35.91,
2021-06-19 00:45:00,35.89,
2021-06-19 01:00:00,35.92,
2021-06-19 01:15:00,35.89,
2021-06-19 01:30:00,35.870000000000005,
2021-06-19 01:45:00,35.79,
2021-06-19 02:00:00,35.78,
2021-06-19 02:15:00,35.86,
2021-06-19 02:30:00,35.89,
2021-06-19 02:45:00,35.74,
2021-06-19 03:00:00,35.83,
2021-06-19 03:15:00,35.8,
2021-06-19 03:30:00,35.870000000000005,
2021-06-19 03:45:00,35.82,
2021-06-19 04:00:00,35.81,
2021-06-19 04:15:00,35.83,
2021-06-19 04:30:00,35.85,
2021-06-19 04:45:00,35.81,
2021-06-19 05:00:00,35.71,
2021-06-19 05:15:00,35.8,
2021-06-19 05:30:00,35.79,
2021-06-19 05:45:00,35.75,
2021-06-19 06:00:00,35.730000000000004,
2021-06-19 06:15:00,35.760000000000005,
2021-06-19 06:30:00,35.83,
2021-06-19 06:45:00,35.85,
2021-06-19 07:00:00,35.74,
2021-06-19 07:15:00,35.84,
2021-06-19 07:30:00,35.870000000000005,
2021-06-19 07:45:00,35.82,
2021-06-19 08:00:00,35.82,
2021-06-19 08:15:00,35.84,
2021-06-19 08:30:00,35.83,
2021-06-19 08:45:00,35.92,
2021-06-19 09:00:00,35.870000000000005,
2021-06-19 09:15:00,35.94,
2021-06-19 09:30:00,35.83,
2021-06-19 09:45:00,35.86,
2021-06-19 10:00:00,35.89,
2021-06-19 10:15:00,35.92,
2021-06-19 10:30:00,35.95,
2021-06-19 10:45:00,35.8,
2021-06-19 11:00:00,35.81,
2021-06-19 11:15:00,35.75,
2021-06-19 11:30:00,35.79,
2021-06-19 11:45:00,35.74,
2021-06-19 12:00:00,35.78,
2021-06-19 12:15:00,35.79,
2021-06-19 12:30:00,35.7,
2021-06-19 12:45:00,35.83,
2021-06-19 13:00:00,35.78,
2021-06-19 13:15:00,35.64,
2021-06-19 13:30:00,35.6,
2021-06-19 13:45:00,35.629999999999995,
2021-06-19 14:00:00,35.53,
2021-06-19 14:15:00,35.519999999999996,
2021-06-19 14:30:00,35.55,
2021-06-19 14:45:00,35.42,
2021-06-19 15:00:00,35.43,
2021-06-19 15:15:00,35.43,
2021-06-19 15:30:00,35.43,
2021-06-19 15:45:00,35.45,
2021-06-19 16:00:00,35.44,
2021-06-19 16:15:00,35.47,
2021-06-19 16:30:00,35.400000000000006,
2021-06-19 16:45:00,35.34,
2021-06-19 17:00:00,35.41,
2021-06-19 17:15:00,35.42,
2021-06-19 17:30:00,35.42,
2021-06-19 17:45:00,35.44,
2021-06-19 18:00:00,35.32,
2021-06-19 18:15:00,35.45,
2021-06-19 18:30:00,35.39,
2021-06-19 18:45:00,35.400000000000006,
2021-06-19 19:00:00,35.2,
2021-06-19 19:15:00,35.230000000000004,
2021-06-19 19:30:00,35.35,
2021-06-19 19:45:00,35.269999999999996,
2021-06-19 20:00:00,35.269999999999996,
2021-06-19 20:15:00,35.25,
2021-06-19 20:30:00,35.230000000000004,
2021-06-19 20:45:00,35.21,
2021-06-19 21:00:00,35.2,
2021-06-19 21:15:00,35.3,
2021-06-19 21:30:00,35.32,
2021-06-19 21:45:00,35.269999999999996,
2021-06-19 22:00:00,35.28,
2021-06-19 22:15:00,35.269999999999996,
2021-06-19 22:30:00,35.21,
2021-06-19 22:45:00,35.29,
2021-06-19 23:00:00,35.33,
2021-06-19 23:15:00,35.35,
2021-06-19 23:30:00,35.29,
2021-06-19 23:45:00,35.08,
2021-06-20 00:00:00,35.19,
2021-06-20 00:15:00,35.32,
2021-06-20 00:30:00,35.19,
2021-06-20 00:45:00,35.35,
2021-06-20 01:00:00,35.230000000000004,
2021-06-20 01:15:00,35.32,
2021-06-20 01:30:00,35.21,
2021-06-20 01:45:00,35.36,
2021-06-20 02:00:00,35.39,
2021-06-20 02:15:00,35.28,
2021-06-20 02:30:00,35.260000000000005,
2021-06-20 02:45:00,35.2,
2021-06-20 03:00:00,35.3,
2021-06-20 03:15:00,35.24,
2021-06-20 03:30:00,35.29,
2021-06-20 03:45:00,35.230000000000004,
2021-06-20 04:00:00,35.269999999999996,
2021-06-20 04:15:00,35.29,
2021-06-20 04:30:00,35.21,
2021-06-20 04:45:00,35.260000000000005,
2021-06-20 05:00:00,35.3,
2021-06-20 05:15:00,35.25,
2021-06-20 05:30:00,35.370000000000005,
2021-06-20 05:45:00,35.25,
2021-06-20 06:00:00,35.24,
2021-06-20 06:15:00,35.28,
2021-06-20 06:30:00,35.29,
2021-06-20 06:45:00,35.22,
2021-06-20 07:00:00,35.21,
2021-06-20 07:15:00,35.230000000000004,
2021-06-20 07:30:00,35.230000000000004,
2021-06-20 07:45:00,35.3,
2021-06-20 08:00:00,35.28,
2021-06-20 08:15:00,35.25,
2021-06-20 08:30:00,35.31,
2021-06-20 08:45:00,35.33,
2021-06-20 09:00:00,35.41,
2021-06-20 09:15:00,35.230000000000004,
2021-06-20 09:30:00,35.3,
2021-06-20 09:45:00,35.43,
2021-06-20 10:00:00,35.29,
2021-06-20 10:15:00,35.269999999999996,
2021-06-20 10:30:00,35.31,
2021-06-20 10:45:00,35.32,
2021-06-20 11:00:00,35.260000000000005,
2021-06-20 11:15:00,35.230000000000004,
2021-06-20 11:30:00,35.260000000000005,
2021-06-20 11:45:00,35.120000000000005,
2021-06-20 12:00:00,35.260000000000005,
2021-06-20 12:15:00,35.260000000000005,
2021-06-20 12:30:00,35.2,
2021-06-20 12:45:00,35.17,
2021-06-20 13:00:00,35.21,
2021-06-20 13:15:00,35.08,
2021-06-20 13:30:00,35.14,
2021-06-20 13:45:00,35.24,
2021-06-20 14:00:00,35.14,
2021-06-20 14:15:00,35.08,
2021-06-20 14:30:00,35.04,
2021-06-20 14:45:00,35.14,
2021-06-20 15:00:00,35.04,
2021-06-20 15:15:00,35.04,
2021-06-20 15:30:00,35.04,
2021-06-20 15:45:00,35.019999999999996,
2021-06-20 16:00:00,34.980000000000004,
2021-06-20 16:15:00,34.980000000000004,
2021-06-20 16:30:00,34.85,
2021-06-20 16:45:00,34.85,
2021-06-20 17:00:00,34.94,
2021-06-20 17:15:00,34.97,
2021-06-20 17:30:00,35.09,
2021-06-20 17:45:00,34.97,
2021-06-20 18:00:00,35.0,
2021-06-20 18:15:00,35.03,
2021-06-20 18:30:00,34.97,
2021-06-20 18:45:00,34.89,
2021-06-20 19:00:00,34.82,
2021-06-20 19:15:00,34.71,
2021-06-20 19:30:00,34.82,
2021-06-20 19:45:00,34.74,
2021-06-20 20:00:00,34.84,
2021-06-20 20:15:00,34.85,
2021-06-20 20:30:00,34.71,
2021-06-20 20:45:00,34.78,
2021-06-20 21:00:00,34.629999999999995,
2021-06-20 21:15:00,34.71,
2021-06-20 21:30:00,34.72,
2021-06-20 21:45:00,34.760000000000005,
2021-06-20 22:00:00,34.74,
2021-06-20 22:15:00,34.74,
2021-06-20 22:30:00,34.769999999999996,
2021-06-20 22:45:00,34.84,
2021-06-20 23:00:00,34.7,
2021-06-20 23:15:00,34.67,
2021-06-20 23:30:00,34.81,
2021-06-20 23:45:00,34.760000000000005,
2021-06-21 00:00:00,34.81,
2021-06-21 00:15:00,34.730000000000004,
2021-06-21 00:30:00,34.64,
2021-06-21 00:45:00,34.78,
2021-06-21 01:00:00,34.78,
2021-06-21 01:15:00,34.7,
2021-06-21 01:30:00,34.71,
2021-06-21 01:45:00,34.66,
2021-06-21 02:00:00,34.74,
2021-06-21 02:15:00,34.72,
2021-06-21 02:30:00,34.82,
2021-06-21 02:45:00,34.83,
2021-06-21 03:00:00,34.67,
2021-06-21 03:15:00,34.71,
2021-06-21 03:30:00,34.71,
2021-06-21 03:45:00,34.64,
2021-06-21 04:00:00,34.69,
2021-06-21 04:15:00,34.620000000000005,
2021-06-21 04:30:00,34.7,
2021-06-21 04:45:00,34.58,
2021-06-21 05:00:00,34.6,
2021-06-21 05:15:00,34.650000000000006,
2021-06-21 05:30:00,34.59,
2021-06-21 05:45:00,34.629999999999995,
2021-06-21 06:00:00,34.650000000000006,
2021-06-21 06:15:00,34.59,
2021-06-21 06:30:00,34.61,
2021-06-21 06:45:00,34.7,
2021-06-21 07:00:00,34.629999999999995,
2021-06-21 07:15:00,34.79,
2021-06-21 07:30:00,34.66,
2021-06-21 07:45:00,34.72,
2021-06-21 08:00:00,34.67,
2021-06-21 08:15:00,34.72,
2021-06-21 08:30:00,34.75,
2021-06-21 08:45:00,34.72,
2021-06-21 09:00:00,34.760000000000005,
2021-06-21 09:15:00,34.83,
2021-06-21 09:30:00,34.78,
2021-06-21 09:45:00,34.72,
2021-06-21 10:00:00,34.8,
2021-06-21 10:15:00,34.86,
2021-06-21 10:30:00,34.79,
2021-06-21 10:45:00,34.730000000000004,
2021-06-21 11:00:00,34.68,
2021-06-21 11:15:00,34.72,
2021-06-21 11:30:00,34.629999999999995,
2021-06-21 11:45:00,34.769999999999996,
2021-06-21 12:00:00,34.75,
2021-06-21 12:15:00,34.7,
2021-06-21 12:30:00,34.629999999999995,
2021-06-21 12:45:00,34.760000000000005,
2021-06-21 13:00:00,34.72,
2021-06-21 13:15:00,34.54,
2021-06-21 13:30:00,34.67,
2021-06-21 13:45:00,34.59,
2021-06-21 14:00:00,34.57,
2021-06-21 14:15:00,34.59,
2021-06-21 14:30:00,34.519999999999996,
2021-06-21 14:45:00,34.57,
2021-06-21 15:00:00,34.53,
2021-06-21 15:15:00,34.519999999999996,
2021-06-21 15:30:00,34.53,
2021-06-21 15:45:00,34.43,
2021-06-21 16:00:00,34.42,
2021-06-21 16:15:00,34.480000000000004,
2021-06-21 16:30:00,34.36,
2021-06-21 16:45:00,34.400000000000006,
2021-06-21 17:00:00,34.49,
2021-06-21 17:15:00,34.47,
2021-06-21 17:30:00,34.47,
2021-06-21 17:45:00,34.41,
2021-06-21 18:00:00,34.18,
2021-06-21 18:15:00,34.32,
2021-06-21 18:30:00,34.379999999999995,
2021-06-21 18:45:00,34.36,
2021-06-21 19:00:00,34.3,
2021-06-21 19:15:00,34.31,
2021-06-21 19:30:00,34.24,
2021-06-21 19:45:00,34.22,
2021-06-21 20:00:00,34.22,
2021-06-21 20:15:00,34.11,
2021-06-21 20:30:00,34.17,
2021-06-21 20:45:00,34.18,
2021-06-21 21:00:00,34.269999999999996,
2021-06-21 21:15:00,34.33,
2021-06-21 21:30:00,34.24,
2021-06-21 21:45:00,34.269999999999996,
2021-06-21 22:00:00,34.3,
2021-06-21 22:15:00,34.18,
2021-06-21 22:30:00,34.3,
2021-06-21 22:45:00,34.269999999999996,
2021-06-21 23:00:00,34.230000000000004,
2021-06-21 23:15:00,34.230000000000004,
2021-06-21 23:30:00,34.16,
2021-06-21 23:45:00,34.269999999999996,
2021-06-22 00:00:00,34.25,
2021-06-22 00:15:00,34.19,
2021-06-22 00:30:00,34.19,
2021-06-22 00:45:00,34.21,
2021-06-22 01:00:00,34.07,
2021-06-22 01:15:00,34.08,
2021-06-22 01:30:00,34.230000000000004,
2021-06-22 01:45:00,34.19,
2021-06-22 02:00:00,34.14,
2021-06-22 02:15:00,34.16,
2021-06-22 02:30:00,34.1,
2021-06-22 02:45:00,34.14,
2021-06-22 03:00:00,34.120000000000005,
2021-06-22 03:15:00,34.06,
2021-06-22 03:30:00,34.120000000000005,
2021-06-22 03:45:00,34.18,
2021-06-22 04:00:00,34.11,
2021-06-22 04:15:00,34.120000000000005,
2021-06-22 04:30:00,34.03,
2021-06-22 04:45:00,34.09,
2021-06-22 05:00:00,34.04,
2021-06-22 05:15:00,34.120000000000005,
2021-06-22 05:30:00,34.08,
2021-06-22 05:45:00,34.03,
2021-06-22 06:00:00,34.08,
2021-06-22 06:15:00,34.19,
2021-06-22 06:30:00,34.120000000000005,
2021-06-22 06:45:00,34.150000000000006,
2021-06-22 07:00:00,34.14,
2021-06-22 07:15:00,34.25,
2021-06-22 07:30:00,34.05,
2021-06-22 07:45:00,34.129999999999995,
2021-06-22 08:00:00,34.16,
2021-06-22 08:15:00,34.120000000000005,
2021-06-22 08:30:00,34.129999999999995,
2021-06-22 08:45:00,34.17,
2021-06-22 09:00:00,34.11,
2021-06-22 09:15:00,34.11,
2021-06-22 09:30:00,34.1,
2021-06-22 09:45:00,34.14,
2021-06-22 10:00:00,34.230000000000004,
2021-06-22 10:15:00,34.2,
2021-06-22 10:30:00,34.150000000000006,
2021-06-22 10:45:00,34.14,
2021-06-22 11:00:00,34.22,
2021-06-22 11:15:00,34.16,
2021-06-22 11:30:00,34.11,
2021-06-22 11:45:00,34.07,
2021-06-22 12:00:00,34.19,
2021-06-22 12:15:00,34.14,
2021-06-22 12:30:00,34.120000000000005,
2021-06-22 12:45:00,34.04,
2021-06-22 13:00:00,34.08,
2021-06-22 13:15:00,33.980000000000004,
2021-06-22 13:30:00,34.05,
2021-06-22 13:45:00,33.870000000000005,
2021-06-22 14:00:00,33.96,
2021-06-22 14:15:00,34.010000000000005,
2021-06-22 14:30:00,34.019999999999996,
2021-06-22 14:45:00,33.94,
2021-06-22 15:00:00,33.95,
2021-06-22 15:15:00,33.94,
2021-06-22 15:30:00,33.93,
2021-06-22 15:45:00,33.91,
2021-06-22 16:00:00,33.82,
2021-06-22 16:15:00,33.79,
2021-06-22 16:30:00,33.83,
2021-06-22 16:45:00,33.760000000000005,
2021-06-22 17:00:00,33.83,
2021-06-22 17:15:00,33.86,
2021-06-22 17:30:00,33.78,
2021-06-22 17:45:00,33.83,
2021-06-22 18:00:00,33.769999999999996,
2021-06-22 18:15:00,33.78,
2021-06-22 18:30:00,33.760000000000005,
2021-06-22 18:45:00,33.69,
2021-06-22 19:00:00,33.54,
2021-06-22 19:15:00,33.64,
2021-06-22 19:30:00,33.56,
2021-06-22 19:45:00,33.629999999999995,
2021-06-22 20:00:00,33.55,
2021-06-22 20:15:00,33.66,
2021-06-22 20:30:00,33.67,
2021-06-22 20:45:00,33.59,
2021-06-22 21:00:00,33.66,
2021-06-22 21:15:00,33.74,
2021-06-22 21:30:00,33.620000000000005,
2021-06-22 21:45:00,33.629999999999995,
2021-06-22 22:00:00,33.629999999999995,
2021-06-22 22:15:00,33.67,
2021-06-22 22:30:00,33.69,
2021-06-22 22:45:00,33.64,
2021-06-22 23:00:00,33.66,
2021-06-22 23:15:00,33.59,
2021-06-22 23:30:00,33.66,
2021-06-22 23:45:00,33.650000000000006,
2021-06-23 00:00:00,33.66,
2021-06-23 00:15:00,33.620000000000005,
2021-06-23 00:30:00,33.53,
2021-06-23 00:45:00,33.620000000000005,
2021-06-23 01:00:00,33.58,
2021-06-23 01:15:00,33.620000000000005,
2021-06-23 01:30:00,33.519999999999996,
2021-06-23 01:45:00,33.49,
2021-06-23 02:00:00,33.519999999999996,
2021-06-23 02:15:00,33.53,
2021-06-23 02:30:00,33.55,
2021-06-23 02:45:00,33.55,
2021-06-23 03:00:00,33.54,
2021-06-23 03:15:00,33.57,
2021-06-23 03:30:00,33.5,
2021-06-23 03:45:00,33.55,
2021-06-23 04:00:00,33.510000000000005,
2021-06-23 04:15:00,33.519999999999996,
2021-06-23 04:30:00,33.519999999999996,
2021-06-23 04:45:00,33.54,
2021-06-23 05:00:00,33.480000000000004,
2021-06-23 05:15:00,33.54,
2021-06-23 05:30:00,33.56,
2021-06-23 05:45:00,33.519999999999996,
2021-06-23 06:00:00,33.480000000000004,
2021-06-23 06:15:00,33.620000000000005,
2021-06-23 06:30:00,33.56,
2021-06-23 06:45:00,33.59,
2021-06-23 07:00:00,33.59,
2021-06-23 07:15:00,33.64,
2021-06-23 07:30:00,33.56,
2021-06-23 07:45:00,33.69,
2021-06-23 08:00:00,33.629999999999995,
2021-06-23 08:15:00,33.7,
2021-06-23 08:30:00,33.66,
2021-06-23 08:45:00,33.629999999999995,
2021-06-23 09:00:00,33.67,
2021-06-23 09:15:00,33.66,
2021-06-23 09:30:00,33.59,
2021-06-23 09:45:00,33.6,
2021-06-23 10:00:00,33.64,
2021-06-23 10:15:00,33.69,
2021-06-23 10:30:00,33.66,
2021-06-23 10:45:00,33.61,
2021-06-23 11:00:00,33.64,
2021-06-23 11:15:00,33.629999999999995,
2021-06-23 11:30:00,33.53,
2021-06-23 11:45:00,33.56,
2021-06-23 12:00:00,33.59,
2021-06-23 12:15:00,33.61,
2021-06-23 12:30:00,33.68,
2021-06-23 12:45:00,33.57,
2021-06-23 13:00:00,33.59,
2021-06-23 13:15:00,33.6,
2021-06-23 13:30:00,33.54,
2021-06-23 13:45:00,33.54,
2021-06-23 14:00:00,33.510000000000005,
2021-06-23 14:15:00,33.49,
2021-06-23 14:30:00,33.49,
2021-06-23 14:45:00,33.47,
2021-06-23 15:00:00,33.49,
2021-06-23 15:15:00,33.54,
2021-06-23 15:30:00,33.49,
2021-06-23 15:45:00,33.53,
2021-06-23 16:00:00,33.379999999999995,
2021-06-23 16:15:00,33.39,
2021-06-23 16:30:00,33.39,
2021-06-23 16:45:00,33.33,
2021-06-23 17:00:00,33.47,
2021-06-23 17:15:00,33.3,
2021-06-23 17:30:00,33.46,
2021-06-23 17:45:00,33.28,
2021-06-23 18:00:00,33.31,
2021-06-23 18:15:00,33.34,
2021-06-23 18:30:00,33.28,
2021-06-23 18:45:00,33.3,
2021-06-23 19:00:00,33.21,
2021-06-23 19:15:00,33.230000000000004,
2021-06-23 19:30:00,33.09,
2021-06-23 19:45:00,33.150000000000006,
2021-06-23 20:00:00,33.08,
2021-06-23 20:15:00,33.06,
2021-06-23 20:30:00,33.129999999999995,
2021-06-23 20:45:00,33.17,
2021-06-23 21:00:00,33.16,
2021-06-23 21:15:00,33.129999999999995,
2021-06-23 21:30:00,33.08,
2021-06-23 21:45:00,33.14,
2021-06-23 22:00:00,33.21,
2021-06-23 22:15:00,33.16,
2021-06-23 22:30:00,33.19,
2021-06-23 22:45:00,33.16,
2021-06-23 23:00:00,33.17,
2021-06-23 23:15:00,33.28,
2021-06-23 23:30:00,33.31,
2021-06-23 23:45:00,33.17,
2021-06-24 00:00:00,33.18,
2021-06-24 00:15:00,33.260000000000005,
2021-06-24 00:30:00,33.25,
2021-06-24 00:45:00,33.150000000000006,
2021-06-24 01:00:00,33.230000000000004,
2021-06-24 01:15:00,33.150000000000006,
2021-06-24 01:30:00,33.28,
2021-06-24 01:45:00,33.230000000000004,
2021-06-24 02:00:00,33.14,
2021-06-24 02:15:00,33.150000000000006,
2021-06-24 02:30:00,33.21,
2021-06-24 02:45:00,33.18,
2021-06-24 03:00:00,33.120000000000005,
2021-06-24 03:15:00,33.17,
2021-06-24 03:30:00,33.07,
2021-06-24 03:45:00,33.1,
2021-06-24 04:00:00,33.11,
2021-06-24 04:15:00,33.120000000000005,
2021-06-24 04:30:00,33.05,
2021-06-24 04:45:00,33.14,
2021-06-24 05:00:00,33.06,
2021-06-24 05:15:00,33.1,
2021-06-24 05:30:00,33.120000000000005,
2021-06-24 05:45:00,33.14,
2021-06-24 06:00:00,33.04,
2021-06-24 06:15:00,33.129999999999995,
2021-06-24 06:30:00,33.129999999999995,
2021-06-24 06:45:00,33.22,
2021-06-24 07:00:00,33.09,
2021-06-24 07:15:00,33.1,
2021-06-24 07:30:00,33.14,
2021-06-24 07:45:00,33.120000000000005,
2021-06-24 08:00:00,33.150000000000006,
2021-06-24 08:15:00,33.2,
2021-06-24 08:30:00,33.19,
2021-06-24 08:45:00,33.269999999999996,
2021-06-24 09:00:00,33.19,
2021-06-24 09:15:00,33.269999999999996,
2021-06-24 09:30:00,33.3,
2021-06-24 09:45:00,33.22,
2021-06-24 10:00:00,33.3,
2021-06-24 10:15:00,33.18,
2021-06-24 10:30:00,33.230000000000004,
2021-06-24 10:45:00,33.379999999999995,
2021-06-24 11:00:00,33.3,
2021-06-24 11:15:00,33.35,
2021-06-24 11:30:00,33.32,
2021-06-24 11:45:00,33.28,
2021-06-24 12:00:00,33.379999999999995,
2021-06-24 12:15:00,33.28,
2021-06-24 12:30:00,33.29,
2021-06-24 12:45:00,33.39,
2021-06-24 13:00:00,33.260000000000005,
2021-06-24 13:15:00,33.32,
2021-06-24 13:30:00,33.269999999999996,
2021-06-24 13:45:00,33.33,
2021-06-24 14:00:00,33.370000000000005,
2021-06-24 14:15:00,33.370000000000005,
2021-06-24 14:30:00,33.3,
2021-06-24 14:45:00,33.3,
2021-06-24 15:00:00,33.31,
2021-06-24 15:15:00,33.18,
2021-06-24 15:30:00,33.230000000000004,
2021-06-24 15:45:00,33.269999999999996,
2021-06-24 16:00:00,33.29,
2021-06-24 16:15:00,33.08,
2021-06-24 16:30:00,33.24,
2021-06-24 16:45:00,33.150000000000006,
2021-06-24 17:00:00,33.2,
2021-06-24 17:15:00,33.09,
2021-06-24 17:30:00,33.09,
2021-06-24 17:45:00,33.09,
2021-06-24 18:00:00,33.08,
2021-06-24 18:15:00,33.120000000000005,
2021-06-24 18:30:00,33.1,
2021-06-24 18:45:00,33.120000000000005,
2021-06-24 19:00:00,33.07,
2021-06-24 19:15:00,33.05,
2021-06-24 19:30:00,33.03,
2021-06-24 19:45:00,33.04,
2021-06-24 20:00:00,32.97,
2021-06-24 20:15:00,33.010000000000005,
2021-06-24 20:30:00,33.0,
2021-06-24 20:45:00,32.96,
2021-06-24 21:00:00,33.04,
2021-06-24 21:15:00,32.980000000000004,
2021-06-24 21:30:00,32.91,
2021-06-24 21:45:00,33.08,
2021-06-24 22:00:00,33.05,
2021-06-24 22:15:00,33.120000000000005,
2021-06-24 22:30:00,33.05,
2021-06-24 22:45:00,33.08,
2021-06-24 23:00:00,33.120000000000005,
2021-06-24 23:15:00,33.120000000000005,
2021-06-24 23:30:00,33.05,
2021-06-24 23:45:00,33.07,
2021-06-25 00:00:00,33.019999999999996,
2021-06-25 00:15:00,33.019999999999996,
2021-06-25 00:30:00,32.96,
2021-06-25 00:45:00,33.010000000000005,
2021-06-25 01:00:00,32.980000000000004,
2021-06-25 01:15:00,32.93,
2021-06-25 01:30:00,32.92,
2021-06-25 01:45:00,32.980000000000004,
2021-06-25 02:00:00,32.97,
2021-06-25 02:15:00,32.94,
2021-06-25 02:30:00,32.93,
2021-06-25 02:45:00,32.879999999999995,
2021-06-25 03:00:00,32.870000000000005,
2021-06-25 03:15:00,32.83,
2021-06-25 03:30:00,32.86,
2021-06-25 03:45:00,32.8,
2021-06-25 04:00:00,32.760000000000005,
2021-06-25 04:15:00,32.92,
2021-06-25 04:30:00,32.89,
2021-06-25 04:45:00,32.83,
2021-06-25 05:00:00,32.83,
2021-06-25 05:15:00,32.81,
2021-06-25 05:30:00,32.85,
2021-06-25 05:45:00,32.86,
2021-06-25 06:00:00,32.83,
2021-06-25 06:15:00,32.879999999999995,
2021-06-25 06:30:00,32.97,
2021-06-25 06:45:00,32.97,
2021-06-25 07:00:00,32.89,
2021-06-25 07:15:00,32.86,
2021-06-25 07:30:00,32.94,
2021-06-25 07:45:00,32.97,
2021-06-25 08:00:00,32.980000000000004,
2021-06-25 08:15:00,33.03,
2021-06-25 08:30:00,33.08,
2021-06-25 08:45:00,33.0,
2021-06-25 09:00:00,32.980000000000004,
2021-06-25 09:15:00,33.0,
2021-06-25 09:30:00,33.019999999999996,
2021-06-25 09:45:00,32.93,
2021-06-25 10:00:00,32.94,
2021-06-25 10:15:00,32.900000000000006,
2021-06-25 10:30:00,33.05,
2021-06-25 10:45:00,32.93,
2021-06-25 11:00:00,32.97,
2021-06-25 11:15:00,33.010000000000005,
2021-06-25 11:30:00,33.05,
2021-06-25 11:45:00,33.120000000000005,
2021-06-25 12:00:00,33.07,
2021-06-25 12:15:00,33.07,
2021-06-25 12:30:00,33.03,
2021-06-25 12:45:00,32.980000000000004,
2021-06-25 13:00:00,32.980000000000004,
2021-06-25 13:15:00,32.95,
2021-06-25 13:30:00,32.92,
2021-06-25 13:45:00,32.980000000000004,
2021-06-25 14:00:00,32.95,
2021-06-25 14:15:00,32.879999999999995,
2021-06-25 14:30:00,32.92,
2021-06-25 14:45:00,32.95,
2021-06-25 15:00:00,32.83,
2021-06-25 15:15:00,32.870000000000005,
2021-06-25 15:30:00,32.86,
2021-06-25 15:45:00,32.730000000000004,
2021-06-25 16:00:00,32.78,
2021-06-25 16:15:00,32.7,
2021-06-25 16:30:00,32.74,
2021-06-25 16:45:00,32.81,
2021-06-25 17:00:00,32.760000000000005,
2021-06-25 17:15:00,32.78,
2021-06-25 17:30:00,32.84,
2021-06-25 17:45:00,32.769999999999996,
2021-06-25 18:00:00,32.82,
2021-06-25 18:15:00,32.67,
2021-06-25 18:30:00,32.69,
2021-06-25 18:45:00,32.620000000000005,
2021-06-25 19:00:00,32.68,
2021-06-25 19:15:00,32.620000000000005,
2021-06-25 19:30:00,32.6,
2021-06-25 19:45:00,32.59,
2021-06-25 20:00:00,32.480000000000004,
2021-06-25 20:15:00,32.629999999999995,
2021-06-25 20:30:00,32.629999999999995,
2021-06-25 20:45:00,32.56,
2021-06-25 21:00:00,32.5,
2021-06-25 21:15:00,32.64,
2021-06-25 21:30:00,32.56,
2021-06-25 21:45:00,32.519999999999996,
2021-06-25 22:00:00,32.59,
2021-06-25 22:15:00,32.55,
2021-06-25 22:30:00,32.620000000000005,
2021-06-25 22:45:00,32.53,
2021-06-25 23:00:00,32.629999999999995,
2021-06-25 23:15:00,32.54,
2021-06-25 23:30:00,32.54,
2021-06-25 23:45:00,32.58,
2021-06-26 00:00:00,32.6,
2021-06-26 00:15:00,32.56,
2021-06-26 00:30:00,32.56,
2021-06-26 00:45:00,32.61,
2021-06-26 01:00:00,32.510000000000005,
2021-06-26 01:15:00,32.67,
2021-06-26 01:30:00,32.54,
2021-06-26 01:45:00,32.57,
2021-06-26 02:00:00,32.53,
2021-06-26 02:15:00,32.47,
2021-06-26 02:30:00,32.46,
2021-06-26 02:45:00,32.43,
2021-06-26 03:00:00,32.58,
2021-06-26 03:15:00,32.47,
2021-06-26 03:30:00,32.46,
2021-06-26 03:45:00,32.43,
2021-06-26 04:00:00,32.400000000000006,
2021-06-26 04:15:00,32.519999999999996,
2021-06-26 04:30:00,32.47,
2021-06-26 04:45:00,32.35,
2021-06-26 05:00:00,32.39,
2021-06-26 05:15:00,32.47,
2021-06-26 05:30:00,32.370000000000005,
2021-06-26 05:45:00,32.44,
2021-06-26 06:00:00,32.47,
2021-06-26 06:15:00,32.45,
2021-06-26 06:30:00,32.54,
2021-06-26 06:45:00,32.510000000000005,
2021-06-26 07:00:00,32.59,
2021-06-26 07:15:00,32.64,
2021-06-26 07:30:00,32.650000000000006,
2021-06-26 07:45:00,32.629999999999995,
2021-06-26 08:00:00,32.67,
2021-06-26 08:15:00,32.730000000000004,
2021-06-26 08:30:00,32.71,
2021-06-26 08:45:00,32.64,
2021-06-26 09:00:00,32.650000000000006,
2021-06-26 09:15:00,32.629999999999995,
2021-06-26 09:30:00,32.64,
2021-06-26 09:45:00,32.59,
2021-06-26 10:00:00,32.64,
2021-06-26 10:15:00,32.6,
2021-06-26 10:30:00,32.6,
2021-06-26 10:45:00,32.53,
2021-06-26 11:00:00,32.629999999999995,
2021-06-26 11:15:00,32.53,
2021-06-26 11:30:00,32.400000000000006,
2021-06-26 11:45:00,32.49,
2021-06-26 12:00:00,32.56,
2021-06-26 12:15:00,32.5,
2021-06-26 12:30:00,32.57,
2021-06-26 12:45:00,32.49,
2021-06-26 13:00:00,32.53,
2021-06-26 13:15:00,32.56,
2021-06-26 13:30:00,32.53,
2021-06-26 13:45:00,32.54,
2021-06-26 14:00:00,32.56,
2021-06-26 14:15:00,32.45,
2021-06-26 14:30:00,32.57,
2021-06-26 14:45:00,32.49,
2021-06-26 15:00:00,32.47,
2021-06-26 15:15:00,32.47,
2021-06-26 15:30:00,32.47,
2021-06-26 15:45:00,32.5,
2021-06-26 16:00:00,32.36,
2021-06-26 16:15:00,32.42,
2021-06-26 16:30:00,32.41,
2021-06-26 16:45:00,32.260000000000005,
2021-06-26 17:00:00,32.33,
2021-06-26 17:15:00,32.32,
2021-06-26 17:30:00,32.32,
2021-06-26 17:45:00,32.379999999999995,
2021-06-26 18:00:00,32.400000000000006,
2021-06-26 18:15:00,32.19,
2021-06-26 18:30:00,32.21,
2021-06-26 18:45:00,32.129999999999995,
2021-06-26 19:00:00,32.18,
2021-06-26 19:15:00,32.17,
2021-06-26 19:30:00,32.11,
2021-06-26 19:45:00,32.25,
2021-06-26 20:00:00,32.19,
2021-06-26 20:15:00,32.129999999999995,
2021-06-26 20:30:00,32.120000000000005,
2021-06-26 20:45:00,32.150000000000006,
2021-06-26 21:00:00,32.25,
2021-06-26 21:15:00,32.22,
2021-06-26 21:30:00,32.16,
2021-06-26 21:45:00,32.129999999999995,
2021-06-26 22:00:00,32.24,
2021-06-26 22:15:00,32.230000000000004,
2021-06-26 22:30:00,32.16,
2021-06-26 22:45:00,32.16,
2021-06-26 23:00:00,32.18,
2021-06-26 23:15:00,32.18,
2021-06-26 23:30:00,32.11,
2021-06-26 23:45:00,32.150000000000006,
2021-06-27 00:00:00,32.06,
2021-06-27 00:15:00,32.19,
2021-06-27 00:30:00,32.260000000000005,
2021-06-27 00:45:00,32.17,
2021-06-27 01:00:00,32.129999999999995,
2021-06-27 01:15:00,32.14,
2021-06-27 01:30:00,32.08,
2021-06-27 01:45:00,32.129999999999995,
2021-06-27 02:00:00,32.1,
2021-06-27 02:15:00,32.120000000000005,
2021-06-27 02:30:00,32.120000000000005,
2021-06-27 02:45:00,32.05,
2021-06-27 03:00:00,31.98,
2021-06-27 03:15:00,32.09,
2021-06-27 03:30:00,32.05,
2021-06-27 03:45:00,32.03,
2021-06-27 04:00:00,32.0,
2021-06-27 04:15:00,32.08,
2021-06-27 04:30:00,32.05,
2021-06-27 04:45:00,32.06,
2021-06-27 05:00:00,32.08,
2021-06-27 05:15:00,32.07,
2021-06-27 05:30:00,32.04,
2021-06-27 05:45:00,31.99,
2021-06-27 06:00:00,32.09,
2021-06-27 06:15:00,32.010000000000005,
2021-06-27 06:30:00,31.96,
2021-06-27 06:45:00,32.05,
2021-06-27 07:00:00,32.010000000000005,
2021-06-27 07:15:00,32.04,
2021-06-27 07:30:00,32.07,
2021-06-27 07:45:00,32.08,
2021-06-27 08:00:00,32.05,
2021-06-27 08:15:00,32.03,
2021-06-27 08:30:00,32.07,
2021-06-27 08:45:00,32.150000000000006,
2021-06-27 09:00:00,32.17,
2021-06-27 09:15:00,32.17,
2021-06-27 09:30:00,32.150000000000006,
2021-06-27 09:45:00,32.19,
2021-06-27 10:00:00,32.150000000000006,
2021-06-27 10:15:00,32.260000000000005,
2021-06-27 10:30:00,32.31,
2021-06-27 10:45:00,32.230000000000004,
2021-06-27 11:00:00,32.19,
2021-06-27 11:15:00,32.18,
2021-06-27 11:30:00,32.129999999999995,
2021-06-27 11:45:00,32.260000000000005,
2021-06-27 12:00:00,32.010000000000005,
2021-06-27 12:15:00,32.11,
2021-06-27 12:30:00,32.010000000000005,
2021-06-27 12:45:00,32.07,
2021-06-27 13:00:00,32.03,
2021-06-27 13:15:00,32.14,
2021-06-27 13:30:00,32.07,
2021-06-27 13:45:00,32.06,
2021-06-27 14:00:00,32.010000000000005,
2021-06-27 14:15:00,31.93,
2021-06-27 14:30:00,31.9,
2021-06-27 14:45:00,31.96,
2021-06-27 15:00:00,31.81,
2021-06-27 15:15:00,31.86,
2021-06-27 15:30:00,31.8,
2021-06-27 15:45:00,31.83,
2021-06-27 16:00:00,31.85,
2021-06-27 16:15:00,31.74,
2021-06-27 16:30:00,31.75,
2021-06-27 16:45:00,31.81,
2021-06-27 17:00:00,31.83,
2021-06-27 17:15:00,31.74,
2021-06-27 17:30:00,31.8,
2021-06-27 17:45:00,31.76,
2021-06-27 18:00:00,31.75,
2021-06-27 18:15:00,31.81,
2021-06-27 18:30:00,31.75,
2021-06-27 18:45:00,31.72,
2021-06-27 19:00:00,31.69,
2021-06-27 19:15:00,31.66,
2021-06-27 19:30:00,31.65,
2021-06-27 19:45:00,31.63,
2021-06-27 20:00:00,31.68,
2021-06-27 20:15:00,31.7,
2021-06-27 20:30:00,31.61,
2021-06-27 20:45:00,31.67,
2021-06-27 21:00:00,31.65,
2021-06-27 21:15:00,31.6,
2021-06-27 21:30:00,31.64,
2021-06-27 21:45:00,31.75,
2021-06-27 22:00:00,31.63,
2021-06-27 22:15:00,31.68,
2021-06-27 22:30:00,31.7,
2021-06-27 22:45:00,31.64,
2021-06-27 23:00:00,31.68,
2021-06-27 23:15:00,31.64,
2021-06-27 23:30:00,31.74,
2021-06-27 23:45:00,31.71,
2021-06-28 00:00:00,31.69,
2021-06-28 00:15:00,31.66,
2021-06-28 00:30:00,31.62,
2021-06-28 00:45:00,31.65,
2021-06-28 01:00:00,31.69,
2021-06-28 01:15:00,31.56,
2021-06-28 01:30:00,31.59,
2021-06-28 01:45:00,31.69,
2021-06-28 02:00:00,31.68,
2021-06-28 02:15:00,31.71,
2021-06-28 02:30:00,31.66,
2021-06-28 02:45:00,31.72,
2021-06-28 03:00:00,31.63,
2021-06-28 03:15:00,31.66,
2021-06-28 03:30:00,31.61,
2021-06-28 03:45:00,31.71,
2021-06-28 04:00:00,31.64,
2021-06-28 04:15:00,31.58,
2021-06-28 04:30:00,31.59,
2021-06-28 04:45:00,31.65,
2021-06-28 05:00:00,31.7,
2021-06-28 05:15:00,31.65,
2021-06-28 05:30:00,31.58,
2021-06-28 05:45:00,31.61,
2021-06-28 06:00:00,31.61,
2021-06-28 06:15:00,31.6,
2021-06-28 06:30:00,31.72,
2021-06-28 06:45:00,31.67,
2021-06-28 07:00:00,31.65,
2021-06-28 07:15:00,31.79,
2021-06-28 07:30:00,31.8,
2021-06-28 07:45:00,31.76,
2021-06-28 08:00:00,31.83,
2021-06-28 08:15:00,31.9,
2021-06-28 08:30:00,31.86,
2021-06-28 08:45:00,31.86,
2021-06-28 09:00:00,31.8,
2021-06-28 09:15:00,31.86,
2021-06-28 09:30:00,31.91,
2021-06-28 09:45:00,31.87,
2021-06-28 10:00:00,31.89,
2021-06-28 10:15:00,31.85,
2021-06-28 10:30:00,31.76,
2021-06-28 10:45:00,31.78,
2021-06-28 11:00:00,31.77,
2021-06-28 11:15:00,31.7,
2021-06-28 11:30:00,31.66,
2021-06-28 11:45:00,31.78,
2021-06-28 12:00:00,31.73,
2021-06-28 12:15:00,31.66,
2021-06-28 12:30:00,31.72,
2021-06-28 12:45:00,31.69,
2021-06-28 13:00:00,31.73,
2021-06-28 13:15:00,31.66,
2021-06-28 13:30:00,31.61,
2021-06-28 13:45:00,31.6,
2021-06-28 14:00:00,31.64,
2021-06-28 14:15:00,31.59,
2021-06-28 14:30:00,31.7,
2021-06-28 14:45:00,31.56,
2021-06-28 15:00:00,31.56,
2021-06-28 15:15:00,31.52,
2021-06-28 15:30:00,31.54,
2021-06-28 15:45:00,31.55,
2021-06-28 16:00:00,31.58,
2021-06-28 16:15:00,31.55,
2021-06-28 16:30:00,31.47,
2021-06-28 16:45:00,31.54,
2021-06-28 17:00:00,31.49,
2021-06-28 17:15:00,31.6,
2021-06-28 17:30:00,31.58,
2021-06-28 17:45:00,31.51,
2021-06-28 18:00:00,31.41,
2021-06-28 18:15:00,31.43,
2021-06-28 18:30:00,31.38,
2021-06-28 18:45:00,31.31,
2021-06-28 19:00:00,31.26,
2021-06-28 19:15:00,31.28,
2021-06-28 19:30:00,31.21,
2021-06-28 19:45:00,31.21,
2021-06-28 20:00:00,31.29,
2021-06-28 20:15:00,31.41,
2021-06-28 20:30:00,31.39,
2021-06-28 20:45:00,31.28,
2021-06-28 21:00:00,31.39,
2021-06-28 21:15:00,31.31,
2021-06-28 21:30:00,31.31,
2021-06-28 21:45:00,31.29,
2021-06-28 22:00:00,31.44,
2021-06-28 22:15:00,31.34,
2021-06-28 22:30:00,31.26,
2021-06-28 22:45:00,31.22,
2021-06-28 23:00:00,31.13,
2021-06-28 23:15:00,31.3,
2021-06-28 23:30:00,31.35,
2021-06-28 23:45:00,31.33,
2021-06-29 00:00:00,31.37,
2021-06-29 00:15:00,31.4,
2021-06-29 00:30:00,31.43,
2021-06-29 00:45:00,31.39,
2021-06-29 01:00:00,31.3,
2021-06-29 01:15:00,31.28,
2021-06-29 01:30:00,31.39,
2021-06-29 01:45:00,31.37,
2021-06-29 02:00:00,31.4,
2021-06-29 02:15:00,31.38,
2021-06-29 02:30:00,31.37,
2021-06-29 02:45:00,31.39,
2021-06-29 03:00:00,31.42,
2021-06-29 03:15:00,31.36,
2021-06-29 03:30:00,31.37,
2021-06-29 03:45:00,31.34,
2021-06-29 04:00:00,31.4,
2021-06-29 04:15:00,31.43,
2021-06-29 04:30:00,31.43,
2021-06-29 04:45:00,31.29,
2021-06-29 05:00:00,31.33,
2021-06-29 05:15:00,31.35,
2021-06-29 05:30:00,31.31,
2021-06-29 05:45:00,31.34,
2021-06-29 06:00:00,31.32,
2021-06-29 06:15:00,31.34,
2021-06-29 06:30:00,31.34,
2021-06-29 06:45:00,31.35,
2021-06-29 07:00:00,31.38,
2021-06-29 07:15:00,31.34,
2021-06-29 07:30:00,31.37,
2021-06-29 07:45:00,31.41,
2021-06-29 08:00:00,31.44,
2021-06-29 08:15:00,31.45,
2021-06-29 08:30:00,31.43,
2021-06-29 08:45:00,31.4,
2021-06-29 09:00:00,31.44,
2021-06-29 09:15:00,31.53,
2021-06-29 09:30:00,31.43,
2021-06-29 09:45:00,31.43,
2021-06-29 10:00:00,31.47,
2021-06-29 10:15:00,31.51,
2021-06-29 10:30:00,31.46,
2021-06-29 10:45:00,31.44,
2021-06-29 11:00:00,31.43,
2021-06-29 11:15:00,31.4,
2021-06-29 11:30:00,31.42,
2021-06-29 11:45:00,31.42,
2021-06-29 12:00:00,31.39,
2021-06-29 12:15:00,31.32,
2021-06-29 12:30:00,31.35,
2021-06-29 12:45:00,31.27,
2021-06-29 13:00:00,31.27,
2021-06-29 13:15:00,31.23,
2021-06-29 13:30:00,31.2,
2021-06-29 13:45:00,31.14,
2021-06-29 14:00:00,31.11,
2021-06-29 14:15:00,31.19,
2021-06-29 14:30:00,31.15,
2021-06-29 14:45:00,31.07,
2021-06-29 15:00:00,31.1,
2021-06-29 15:15:00,31.03,
2021-06-29 15:30:00,31.0,
2021-06-29 15:45:00,31.04,
2021-06-29 16:00:00,31.13,
2021-06-29 16:15:00,30.99,
2021-06-29 16:30:00,30.9,
2021-06-29 16:45:00,30.9,
2021-06-29 17:00:00,30.92,
2021-06-29 17:15:00,31.1,
2021-06-29 17:30:00,31.05,
2021-06-29 17:45:00,31.01,
2021-06-29 18:00:00,31.01,
2021-06-29 18:15:00,30.95,
2021-06-29 18:30:00,30.99,
2021-06-29 18:45:00,30.93,
2021-06-29 19:00:00,30.75,
2021-06-29 19:15:00,30.75,
2021-06-29 19:30:00,30.81,
2021-06-29 19:45:00,30.89,
2021-06-29 20:00:00,30.83,
2021-06-29 20:15:00,30.88,
2021-06-29 20:30:00,30.97,
2021-06-29 20:45:00,30.89,
2021-06-29 21:00:00,30.82,
2021-06-29 21:15:00,30.82,
2021-06-29 21:30:00,30.92,
2021-06-29 21:45:00,30.88,
2021-06-29 22:00:00,30.91,
2021-06-29 22:15:00,30.93,
2021-06-29 22:30:00,30.87,
2021-06-29 22:45:00,30.92,
2021-06-29 23:00:00,30.88,
2021-06-29 23:15:00,30.91,
2021-06-29 23:30:00,30.87,
2021-06-29 23:45:00,30.97,
2021-06-30 00:00:00,30.97,
2021-06-30 00:15:00,30.98,
2021-06-30 00:30:00,31.0,
2021-06-30 00:45:00,31.0,
2021-06-30 01:00:00,31.05,
2021-06-30 01:15:00,30.99,
2021-06-30 01:30:00,31.04,
2021-06-30 01:45:00,30.99,
2021-06-30 02:00:00,31.04,
2021-06-30 02:15:00,30.96,
2021-06-30 02:30:00,30.98,
2021-06-30 02:45:00,30.94,
2021-06-30 03:00:00,30.98,
2021-06-30 03:15:00,31.01,
2021-06-30 03:30:00,31.08,
2021-06-30 03:45:00,31.04,
2021-06-30 04:00:00,31.01,
2021-06-30 04:15:00,31.07,
2021-06-30 04:30:00,31.09,
2021-06-30 04:45:00,31.09,
2021-06-30 05:00:00,31.14,
2021-06-30 05:15:00,31.1,
2021-06-30 05:30:00,31.12,
2021-06-30 05:45:00,31.08,
2021-06-30 06:00:00,31.04,
2021-06-30 06:15:00,31.07,
2021-06-30 06:30:00,31.02,
2021-06-30 06:45:00,30.94,
2021-06-30 07:00:00,30.97,
2021-06-30 07:15:00,31.02,
2021-06-30 07:30:00,31.09,
2021-06-30 07:45:00,31.12,
2021-06-30 08:00:00,31.09,
2021-06-30 08:15:00,31.13,
2021-06-30 08:30:00,31.24,
2021-06-30 08:45:00,31.13,
2021-06-30 09:00:00,31.21,
2021-06-30 09:15:00,31.12,
2021-06-30 09:30:00,31.08,
2021-06-30 09:45:00,31.11,
2021-06-30 10:00:00,31.1,
2021-06-30 10:15:00,31.1,
2021-06-30 10:30:00,31.12,
2021-06-30 10:45:00,31.0,
2021-06-30 11:00:00,31.01,
2021-06-30 11:15:00,30.99,
2021-06-30 11:30:00,31.0,
2021-06-30 11:45:00,31.05,
2021-06-30 12:00:00,30.98,
2021-06-30 12:15:00,30.94,
2021-06-30 12:30:00,30.88,
2021-06-30 12:45:00,30.92,
2021-06-30 13:00:00,30.89,
2021-06-30 13:15:00,30.95,
2021-06-30 13:30:00,31.06,
2021-06-30 13:45:00,31.29,
2021-06-30 14:00:00,31.81,
2021-06-30 14:15:00,31.52,
2021-06-30 14:30:00,31.11,
2021-06-30 14:45:00,30.97,
2021-06-30 15:00:00,30.91,
2021-06-30 15:15:00,30.92,
2021-06-30 15:30:00,30.87,
2021-06-30 15:45:00,30.82,
2021-06-30 16:00:00,30.88,
2021-06-30 16:15:00,30.93,
2021-06-30 16:30:00,30.93,
2021-06-30 16:45:00,30.84,
2021-06-30 17:00:00,30.92,
2021-06-30 17:15:00,30.88,
2021-06-30 17:30:00,30.99,
2021-06-30 17:45:00,31.02,
2021-06-30 18:00:00,30.83,
2021-06-30 18:15:00,30.78,
2021-06-30 18:30:00,30.85,
2021-06-30 18:45:00,30.85,
2021-06-30 19:00:00,30.8,
2021-06-30 19:15:00,30.65,
2021-06-30 19:30:00,30.57,
2021-06-30 19:45:00,30.68,
2021-06-30 20:00:00,30.56,
2021-06-30 20:15:00,30.65,
2021-06-30 20:30:00,30.64,
2021-06-30 20:45:00,30.62,
2021-06-30 21:00:00,30.58,
2021-06-30 21:15:00,30.63,
2021-06-30 21:30:00,30.69,
2021-06-30 21:45:00,30.85,
2021-06-30 22:00:00,30.74,
2021-06-30 22:15:00,30.7,
2021-06-30 22:30:00,30.72,
2021-06-30 22:45:00,30.74,
2021-06-30 23:00:00,30.71,
2021-06-30 23:15:00,30.69,
2021-06-30 23:30:00,30.82,
2021-06-30 23:45:00,30.83,
2021-07-01 00:00:00,30.86,
2021-07-01 00:15:00,30.85,
2021-07-01 00:30:00,30.81,
2021-07-01 00:45:00,30.77,
2021-07-01 01:00:00,30.64,
2021-07-01 01:15:00,30.61,
2021-07-01 01:30:00,30.68,
2021-07-01 01:45:00,30.75,
2021-07-01 02:00:00,30.85,
2021-07-01 02:15:00,30.76,
2021-07-01 02:30:00,30.77,
2021-07-01 02:45:00,30.81,
2021-07-01 03:00:00,30.81,
2021-07-01 03:15:00,30.79,
2021-07-01 03:30:00,30.78,
2021-07-01 03:45:00,30.8,
2021-07-01 04:00:00,30.8,
2021-07-01 04:15:00,30.79,
2021-07-01 04:30:00,30.77,
2021-07-01 04:45:00,30.76,
2021-07-01 05:00:00,30.82,
2021-07-01 05:15:00,30.79,
2021-07-01 05:30:00,30.79,
2021-07-01 05:45:00,30.82,
2021-07-01 06:00:00,30.85,
2021-07-01 06:15:00,30.89,
2021-07-01 06:30:00,30.92,
2021-07-01 06:45:00,30.76,
2021-07-01 07:00:00,30.85,
2021-07-01 07:15:00,30.76,
2021-07-01 07:30:00,30.82,
2021-07-01 07:45:00,30.85,
2021-07-01 08:00:00,30.75,
2021-07-01 08:15:00,30.73,
2021-07-01 08:30:00,30.74,
2021-07-01 08:45:00,30.84,
2021-07-01 09:00:00,30.79,
2021-07-01 09:15:00,30.81,
2021-07-01 09:30:00,30.85,
2021-07-01 09:45:00,30.87,
2021-07-01 10:00:00,30.85,
2021-07-01 10:15:00,30.86,
2021-07-01 10:30:00,30.83,
2021-07-01 10:45:00,30.81,
2021-07-01 11:00:00,30.79,
2021-07-01 11:15:00,30.75,
2021-07-01 11:30:00,30.65,
2021-07-01 11:45:00,30.65,
2021-07-01 12:00:00,30.66,
2021-07-01 12:15:00,30.65,
2021-07-01 12:30:00,30.59,
2021-07-01 12:45:00,30.64,
2021-07-01 13:00:00,30.51,
2021-07-01 13:15:00,30.54,
2021-07-01 13:30:00,30.42,
2021-07-01 13:45:00,30.53,
2021-07-01 14:00:00,30.5,
2021-07-01 14:15:00,30.41,
2021-07-01 14:30:00,30.4,
2021-07-01 14:45:00,30.38,
2021-07-01 15:00:00,30.34,
2021-07-01 15:15:00,30.45,
2021-07-01 15:30:00,30.42,
2021-07-01 15:45:00,30.47,
2021-07-01 16:00:00,30.41,
2021-07-01 16:15:00,30.4,
2021-07-01 16:30:00,30.42,
2021-07-01 16:45:00,30.34,
2021-07-01 17:00:00,30.29,
2021-07-01 17:15:00,30.4,
2021-07-01 17:30:00,30.43,
2021-07-01 17:45:00,30.41,
2021-07-01 18:00:00,30.39,
2021-07-01 18:15:00,30.39,
2021-07-01 18:30:00,30.37,
2021-07-01 18:45:00,30.39,
2021-07-01 19:00:00,30.33,
2021-07-01 19:15:00,30.24,
2021-07-01 19:30:00,30.28,
2021-07-01 19:45:00,30.31,
2021-07-01 20:00:00,30.37,
2021-07-01 20:15:00,30.32,
2021-07-01 20:30:00,30.24,
2021-07-01 20:45:00,30.23,
2021-07-01 21:00:00,30.28,
2021-07-01 21:15:00,30.25,
2021-07-01 21:30:00,30.3,
2021-07-01 21:45:00,30.26,
2021-07-01 22:00:00,30.23,
2021-07-01 22:15:00,30.21,
2021-07-01 22:30:00,30.24,
2021-07-01 22:45:00,30.23,
2021-07-01 23:00:00,30.18,
2021-07-01 23:15:00,30.31,
2021-07-01 23:30:00,30.25,
2021-07-01 23:45:00,30.31,
2021-07-02 00:00:00,30.43,
2021-07-02 00:15:00,30.39,
2021-07-02 00:30:00,30.29,
2021-07-02 00:45:00,30.33,
2021-07-02 01:00:00,30.34,
2021-07-02 01:15:00,30.35,
2021-07-02 01:30:00,30.39,
2021-07-02 01:45:00,30.39,
2021-07-02 02:00:00,30.33,
2021-07-02 02:15:00,30.4,
2021-07-02 02:30:00,30.41,
2021-07-02 02:45:00,30.35,
2021-07-02 03:00:00,30.34,
2021-07-02 03:15:00,30.28,
2021-07-02 03:30:00,30.27,
2021-07-02 03:45:00,30.31,
2021-07-02 04:00:00,30.23,
2021-07-02 04:15:00,30.19,
2021-07-02 04:30:00,30.17,
2021-07-02 04:45:00,30.17,
2021-07-02 05:00:00,30.16,
2021-07-02 05:15:00,30.12,
2021-07-02 05:30:00,30.19,
2021-07-02 05:45:00,30.06,
2021-07-02 06:00:00,30.15,
2021-07-02 06:15:00,30.17,
2021-07-02 06:30:00,30.16,
2021-07-02 06:45:00,30.22,
2021-07-02 07:00:00,30.2,
2021-07-02 07:15:00,30.29,
2021-07-02 07:30:00,30.24,
2021-07-02 07:45:00,30.26,
2021-07-02 08:00:00,30.23,
2021-07-02 08:15:00,30.23,
2021-07-02 08:30:00,30.31,
2021-07-02 08:45:00,30.3,
2021-07-02 09:00:00,30.19,
2021-07-02 09:15:00,,SM
2021-07-02 09:30:00,,SM
2021-07-02 09:45:00,,SM
2021-07-02 10:00:00,,SM
2021-07-02 10:15:00,,SM
2021-07-02 10:30:00,,SM
2021-07-02 10:45:00,,SM
2021-07-02 11:00:00,,SM
2021-07-02 11:15:00,,SM
2021-07-02 11:30:00,,SM
2021-07-02 11:45:00,,SM
2021-07-02 12:00:00,,SM
2021-07-02 12:15:00,,SM
2021-07-02 12:30:00,,SM
2021-07-02 12:45:00,,SM
2021-07-02 13:00:00,,SM
2021-07-02 13:15:00,,SM
2021-07-02 13:30:00,,SM
2021-07-02 13:45:00,,SM
2021-07-02 14:00:00,,SM
2021-07-02 14:15:00,,SM
2021-07-02 14:30:00,,SM
2021-07-02 14:45:00,,SM
2021-07-02 15:00:00,,SM
2021-07-02 15:15:00,,SM
2021-07-02 15:30:00,,SM
2021-07-02 15:45:00,,SM
2021-07-02 16:00:00,,SM
2021-07-02 16:15:00,,SM
2021-07-02 16:30:00,,SM
2021-07-02 16:45:00,,SM
2021-07-02 17:00:00,,SM
2021-07-02 17:15:00,,SM
2021-07-02 17:30:00,,SM
2021-07-02 17:45:00,,SM
2021-07-02 18:00:00,,SM
2021-07-02 18:15:00,,SM
2021-07-02 18:30:00,,SM
2021-07-02 18:45:00,,SM
2021-07-02 19:00:00,,SM
2021-07-02 19:15:00,,SM
2021-07-02 19:30:00,,SM
2021-07-02 19:45:00,,SM
2021-07-02 20:00:00,,SM
2021-07-02 20:15:00,,SM
2021-07-02 20:30:00,,SM
2021-07-02 20:45:00,,SM
2021-07-02 21:00:00,,SM
2021-07-02 21:15:00,,SM
2021-07-02 21:30:00,,SM
2021-07-02 21:45:00,,SM
2021-07-02 22:00:00,,SM
2021-07-02 22:15:00,,SM
2021-07-02 22:30:00,,SM
2021-07-02 22:45:00,,SM
2021-07-02 23:00:00,,SM
2021-07-02 23:15:00,,SM
2021-07-02 23:30:00,,SM
2021-07-02 23:45:00,,SM
2021-07-03 00:00:00,,SM
2021-07-03 00:15:00,,SM
2021-07-03 00:30:00,,SM
2021-07-03 00:45:00,,SM
2021-07-03 01:00:00,,SM
2021-07-03 01:15:00,,SM
2021-07-03 01:30:00,,SM
2021-07-03 01:45:00,,SM
2021-07-03 02:00:00,,SM
2021-07-03 02:15:00,,SM
2021-07-03 02:30:00,,SM
2021-07-03 02:45:00,,SM
2021-07-03 03:00:00,,SM
2021-07-03 03:15:00,,SM
2021-07-03 03:30:00,,SM
2021-07-03 03:45:00,,SM
2021-07-03 04:00:00,,SM
2021-07-03 04:15:00,,SM
2021-07-03 04:30:00,,SM
2021-07-03 04:45:00,,SM
2021-07-03 05:00:00,,SM
2021-07-03 05:15:00,,SM
2021-07-03 05:30:00,,SM
2021-07-03 05:45:00,,SM
2021-07-03 06:00:00,,SM
2021-07-03 06:15:00,,SM
2021-07-03 06:30:00,,SM
2021-07-03 06:45:00,,SM
2021-07-03 07:00:00,,SM
2021-07-03 07:15:00,,SM
2021-07-03 07:30:00,,SM
2021-07-03 07:45:00,,SM
2021-07-03 08:00:00,,SM
2021-07-03 08:15:00,,SM
2021-07-03 08:30:00,,SM
2021-07-03 08:45:00,,SM
2021-07-03 09:00:00,,SM
2021-07-03 09:15:00,,SM
2021-07-03 09:30:00,,SM
2021-07-03 09:45:00,,SM
2021-07-03 10:00:00,,SM
2021-07-03 10:15:00,,SM
2021-07-03 10:30:00,,SM
2021-07-03 10:45:00,,SM
2021-07-03 11:00:00,,SM
2021-07-03 11:15:00,,SM
2021-07-03 11:30:00,,SM
2021-07-03 11:45:00,,SM
2021-07-03 12:00:00,,SM
2021-07-03 12:15:00,,SM
2021-07-03 12:30:00,,SM
2021-07-03 12:45:00,,SM
2021-07-03 13:00:00,,SM
2021-07-03 13:15:00,,SM
2021-07-03 13:30:00,,SM
2021-07-03 13:45:00,,SM
2021-07-03 14:00:00,,SM
2021-07-03 14:15:00,,SM
2021-07-03 14:30:00,,SM
2021-07-03 14:45:00,,SM
2021-07-03 15:00:00,,SM
2021-07-03 15:15:00,,SM
2021-07-03 15:30:00,,SM
2021-07-03 15:45:00,,SM
2021-07-03 16:00:00,,SM
2021-07-03 16:15:00,,SM
2021-07-03 16:30:00,,SM
2021-07-03 16:45:00,,SM
2021-07-03 17:00:00,,SM
2021-07-03 17:15:00,,SM
2021-07-03 17:30:00,,SM
2021-07-03 17:45:00,,SM
2021-07-03 18:00:00,,SM
2021-07-03 18:15:00,,SM
2021-07-03 18:30:00,,SM
2021-07-03 18:45:00,,SM
2021-07-03 19:00:00,,SM
2021-07-03 19:15:00,,SM
2021-07-03 19:30:00,,SM
2021-07-03 19:45:00,,SM
2021-07-03 20:00:00,,SM
2021-07-03 20:15:00,,SM
2021-07-03 20:30:00,,SM
2021-07-03 20:45:00,,SM
2021-07-03 21:00:00,,SM
2021-07-03 21:15:00,,SM
2021-07-03 21:30:00,,SM
2021-07-03 21:45:00,,SM
2021-07-03 22:00:00,,SM
2021-07-03 22:15:00,,SM
2021-07-03 22:30:00,,SM
2021-07-03 22:45:00,,SM
2021-07-03 23:00:00,,SM
2021-07-03 23:15:00,,SM
2021-07-03 23:30:00,,SM
2021-07-03 23:45:00,,SM
2021-07-04 00:00:00,,SM
2021-07-04 00:15:00,,SM
2021-07-04 00:30:00,,SM
2021-07-04 00:45:00,,SM
2021-07-04 01:00:00,,SM
2021-07-04 01:15:00,,SM
2021-07-04 01:30:00,,SM
2021-07-04 01:45:00,,SM
2021-07-04 02:00:00,,SM
2021-07-04 02:15:00,,SM
2021-07-04 02:30:00,,SM
2021-07-04 02:45:00,,SM
2021-07-04 03:00:00,,SM
2021-07-04 03:15:00,,SM
2021-07-04 03:30:00,,SM
2021-07-04 03:45:00,,SM
2021-07-04 04:00:00,,SM
2021-07-04 04:15:00,,SM
2021-07-04 04:30:00,,SM
2021-07-04 04:45:00,,SM
2021-07-04 05:00:00,,SM
2021-07-04 05:15:00,,SM
2021-07-04 05:30:00,,SM
2021-07-04 05:45:00,,SM
2021-07-04 06:00:00,,SM
2021-07-04 06:15:00,,SM
2021-07-04 06:30:00,,SM
2021-07-04 06:45:00,,SM
2021-07-04 07:00:00,,SM
2021-07-04 07:15:00,,SM
2021-07-04 07:30:00,,SM
2021-07-04 07:45:00,,SM
2021-07-04 08:00:00,,SM
2021-07-04 08:15:00,,SM
2021-07-04 08:30:00,,SM
2021-07-04 08:45:00,,SM
2021-07-04 09:00:00,,SM
2021-07-04 09:15:00,,SM
2021-07-04 09:30:00,,SM
2021-07-04 09:45:00,,SM
2021-07-04 10:00:00,,SM
2021-07-04 10:15:00,,SM
2021-07-04 10:30:00,,SM
2021-07-04 10:45:00,,SM
2021-07-04 11:00:00,,SM
2021-07-04 11:15:00,,SM
2021-07-04 11:30:00,,SM
2021-07-04 11:45:00,,SM
2021-07-04 12:00:00,,SM
2021-07-04 12:15:00,,SM
2021-07-04 12:30:00,,SM
2021-07-04 12:45:00,,SM
2021-07-04 13:00:00,,SM
2021-07-04 13:15:00,,SM
2021-07-04 13:30:00,,SM
2021-07-04 13:45:00,,SM
2021-07-04 14:00:00,,SM
2021-07-04 14:15:00,,SM
2021-07-04 14:30:00,,SM
2021-07-04 14:45:00,,SM
2021-07-04 15:00:00,,SM
2021-07-04 15:15:00,,SM
2021-07-04 15:30:00,,SM
2021-07-04 15:45:00,,SM
2021-07-04 16:00:00,,SM
2021-07-04 16:15:00,,SM
2021-07-04 16:30:00,,SM
2021-07-04 16:45:00,,SM
2021-07-04 17:00:00,,SM
2021-07-04 17:15:00,,SM
2021-07-04 17:30:00,,SM
2021-07-04 17:45:00,,SM
2021-07-04 18:00:00,,SM
2021-07-04 18:15:00,,SM
2021-07-04 18:30:00,,SM
2021-07-04 18:45:00,,SM
2021-07-04 19:00:00,,SM
2021-07-04 19:15:00,,SM
2021-07-04 19:30:00,,SM
2021-07-04 19:45:00,,SM
2021-07-04 20:00:00,,SM
2021-07-04 20:15:00,,SM
2021-07-04 20:30:00,,SM
2021-07-04 20:45:00,,SM
2021-07-04 21:00:00,,SM
2021-07-04 21:15:00,,SM
2021-07-04 21:30:00,,SM
2021-07-04 21:45:00,,SM
2021-07-04 22:00:00,,SM
2021-07-04 22:15:00,,SM
2021-07-04 22:30:00,,SM
2021-07-04 22:45:00,,SM
2021-07-04 23:00:00,,SM
2021-07-04 23:15:00,,SM
2021-07-04 23:30:00,,SM
2021-07-04 23:45:00,,SM
2021-07-05 00:00:00,,SM
2021-07-05 00:15:00,,SM
2021-07-05 00:30:00,,SM
2021-07-05 00:45:00,,SM
2021-07-05 01:00:00,,SM
2021-07-05 01:15:00,,SM
2021-07-05 01:30:00,,SM
2021-07-05 01:45:00,,SM
2021-07-05 02:00:00,,SM
2021-07-05 02:15:00,,SM
2021-07-05 02:30:00,,SM
2021-07-05 02:45:00,,SM
2021-07-05 03:00:00,,SM
2021-07-05 03:15:00,,SM
2021-07-05 03:30:00,,SM
2021-07-05 03:45:00,,SM
2021-07-05 04:00:00,,SM
2021-07-05 04:15:00,,SM
2021-07-05 04:30:00,,SM
2021-07-05 04:45:00,,SM
2021-07-05 05:00:00,,SM
2021-07-05 05:15:00,,SM
2021-07-05 05:30:00,,SM
2021-07-05 05:45:00,,SM
2021-07-05 06:00:00,,SM
2021-07-05 06:15:00,,SM
2021-07-05 06:30:00,,SM
2021-07-05 06:45:00,,SM
2021-07-05 07:00:00,,SM
2021-07-05 07:15:00,,SM
2021-07-05 07:30:00,,SM
2021-07-05 07:45:00,,SM
2021-07-05 08:00:00,,SM
2021-07-05 08:15:00,,SM
2021-07-05 08:30:00,,SM
2021-07-05 08:45:00,,SM
2021-07-05 09:00:00,,SM
2021-07-05 09:15:00,,SM
2021-07-05 09:30:00,,SM
2021-07-05 09:45:00,,SM
2021-07-05 10:00:00,,SM
2021-07-05 10:15:00,,SM
2021-07-05 10:30:00,,SM
2021-07-05 10:45:00,,SM
2021-07-05 11:00:00,,SM
2021-07-05 11:15:00,,SM
2021-07-05 11:30:00,,SM
2021-07-05 11:45:00,,SM
2021-07-05 12:00:00,,SM
2021-07-05 12:15:00,,SM
2021-07-05 12:30:00,,SM
2021-07-05 12:45:00,,SM
2021-07-05 13:00:00,,SM
2021-07-05 13:15:00,,SM
2021-07-05 13:30:00,,SM
2021-07-05 13:45:00,,SM
2021-07-05 14:00:00,,SM
2021-07-05 14:15:00,,SM
2021-07-05 14:30:00,,SM
2021-07-05 14:45:00,,SM
2021-07-05 15:00:00,,SM
2021-07-05 15:15:00,,SM
2021-07-05 15:30:00,,SM
2021-07-05 15:45:00,,SM
2021-07-05 16:00:00,,SM
2021-07-05 16:15:00,,SM
2021-07-05 16:30:00,,SM
2021-07-05 16:45:00,,SM
2021-07-05 17:00:00,,SM
2021-07-05 17:15:00,,SM
2021-07-05 17:30:00,,SM
2021-07-05 17:45:00,,SM
2021-07-05 18:00:00,,SM
2021-07-05 18:15:00,,SM
2021-07-05 18:30:00,,SM
2021-07-05 18:45:00,,SM
2021-07-05 19:00:00,,SM
2021-07-05 19:15:00,,SM
2021-07-05 19:30:00,,SM
2021-07-05 19:45:00,,SM
2021-07-05 20:00:00,,SM
2021-07-05 20:15:00,,SM
2021-07-05 20:30:00,,SM
2021-07-05 20:45:00,,SM
2021-07-05 21:00:00,,SM
2021-07-05 21:15:00,,SM
2021-07-05 21:30:00,,SM
2021-07-05 21:45:00,,SM
2021-07-05 22:00:00,,SM
2021-07-05 22:15:00,,SM
2021-07-05 22:30:00,,SM
2021-07-05 22:45:00,,SM
2021-07-05 23:00:00,,SM
2021-07-05 23:15:00,,SM
2021-07-05 23:30:00,,SM
2021-07-05 23:45:00,,SM
2021-07-06 00:00:00,,SM
2021-07-06 00:15:00,,SM
2021-07-06 00:30:00,,SM
2021-07-06 00:45:00,,SM
2021-07-06 01:00:00,,SM
2021-07-06 01:15:00,,SM
2021-07-06 01:30:00,,SM
2021-07-06 01:45:00,,SM
2021-07-06 02:00:00,,SM
2021-07-06 02:15:00,,SM
2021-07-06 02:30:00,,SM
2021-07-06 02:45:00,,SM
2021-07-06 03:00:00,,SM
2021-07-06 03:15:00,,SM
2021-07-06 03:30:00,,SM
2021-07-06 03:45:00,,SM
2021-07-06 04:00:00,,SM
2021-07-06 04:15:00,,SM
2021-07-06 04:30:00,,SM
2021-07-06 04:45:00,,SM
2021-07-06 05:00:00,,SM
2021-07-06 05:15:00,,SM
2021-07-06 05:30:00,,SM
2021-07-06 05:45:00,,SM
2021-07-06 06:00:00,,SM
2021-07-06 06:15:00,,SM
2021-07-06 06:30:00,,SM
2021-07-06 06:45:00,,SM
2021-07-06 07:00:00,,SM
2021-07-06 07:15:00,,SM
2021-07-06 07:30:00,,SM
2021-07-06 07:45:00,,SM
2021-07-06 08:00:00,,SM
2021-07-06 08:15:00,,SM
2021-07-06 08:30:00,,SM
2021-07-06 08:45:00,,SM
2021-07-06 09:00:00,,SM
2021-07-06 09:15:00,,SM
2021-07-06 09:30:00,,SM
2021-07-06 09:45:00,,SM
2021-07-06 10:00:00,,SM
2021-07-06 10:15:00,,SM
2021-07-06 10:30:00,,SM
2021-07-06 10:45:00,,SM
2021-07-06 11:00:00,,SM
2021-07-06 11:15:00,,SM
2021-07-06 11:30:00,,SM
2021-07-06 11:45:00,,SM
2021-07-06 12:00:00,,SM
2021-07-06 12:15:00,,SM
2021-07-06 12:30:00,,SM
2021-07-06 12:45:00,,SM
2021-07-06 13:00:00,,SM
2021-07-06 13:15:00,,SM
2021-07-06 13:30:00,,SM
2021-07-06 13:45:00,,SM
2021-07-06 14:00:00,,SM
2021-07-06 14:15:00,,SM
2021-07-06 14:30:00,,SM
2021-07-06 14:45:00,,SM
2021-07-06 15:00:00,,SM
2021-07-06 15:15:00,,SM
2021-07-06 15:30:00,,SM
2021-07-06 15:45:00,,SM
2021-07-06 16:00:00,,SM
2021-07-06 16:15:00,,SM
2021-07-06 16:30:00,,SM
2021-07-06 16:45:00,,SM
2021-07-06 17:00:00,,SM
2021-07-06 17:15:00,,SM
2021-07-06 17:30:00,,SM
2021-07-06 17:45:00,,SM
2021-07-06 18:00:00,,SM
2021-07-06 18:15:00,,SM
2021-07-06 18:30:00,,SM
2021-07-06 18:45:00,,SM
2021-07-06 19:00:00,,SM
2021-07-06 19:15:00,,SM
2021-07-06 19:30:00,,SM
2021-07-06 19:45:00,,SM
2021-07-06 20:00:00,,SM
2021-07-06 20:15:00,,SM
2021-07-06 20:30:00,,SM
2021-07-06 20:45:00,,SM
2021-07-06 21:00:00,,SM
2021-07-06 21:15:00,,SM
2021-07-06 21:30:00,,SM
2021-07-06 21:45:00,,SM
2021-07-06 22:00:00,,SM
2021-07-06 22:15:00,,SM
2021-07-06 22:30:00,,SM
2021-07-06 22:45:00,,SM
2021-07-06 23:00:00,,SM
2021-07-06 23:15:00,,SM
2021-07-06 23:30:00,,SM
2021-07-06 23:45:00,,SM
2021-07-07 00:00:00,,SM
2021-07-07 00:15:00,,SM
2021-07-07 00:30:00,,SM
2021-07-07 00:45:00,,SM
2021-07-07 01:00:00,,SM
2021-07-07 01:15:00,,SM
2021-07-07 01:30:00,,SM
2021-07-07 01:45:00,,SM
2021-07-07 02:00:00,,SM
2021-07-07 02:15:00,,SM
2021-07-07 02:30:00,,SM
2021-07-07 02:45:00,,SM
2021-07-07 03:00:00,,SM
2021-07-07 03:15:00,,SM
2021-07-07 03:30:00,,SM
2021-07-07 03:45:00,,SM
2021-07-07 04:00:00,,SM
2021-07-07 04:15:00,,SM
2021-07-07 04:30:00,,SM
2021-07-07 04:45:00,,SM
2021-07-07 05:00:00,,SM
2021-07-07 05:15:00,,SM
2021-07-07 05:30:00,,SM
2021-07-07 05:45:00,,SM
2021-07-07 06:00:00,,SM
2021-07-07 06:15:00,,SM
2021-07-07 06:30:00,,SM
2021-07-07 06:45:00,,SM
2021-07-07 07:00:00,,SM
2021-07-07 07:15:00,,SM
2021-07-07 07:30:00,,SM
2021-07-07 07:45:00,,SM
2021-07-07 08:00:00,,SM
2021-07-07 08:15:00,,SM
2021-07-07 08:30:00,,SM
2021-07-07 08:45:00,,SM
2021-07-07 09:00:00,,SM
2021-07-07 09:15:00,,SM
2021-07-07 09:30:00,,SM
2021-07-07 09:45:00,,SM
2021-07-07 10:00:00,,SM
2021-07-07 10:15:00,,SM
2021-07-07 10:30:00,,SM
2021-07-07 10:45:00,,SM
2021-07-07 11:00:00,,SM
2021-07-07 11:15:00,,SM
2021-07-07 11:30:00,,SM
2021-07-07 11:45:00,,SM
2021-07-07 12:00:00,,SM
2021-07-07 12:15:00,,SM
2021-07-07 12:30:00,,SM
2021-07-07 12:45:00,,SM
2021-07-07 13:00:00,,SM
2021-07-07 13:15:00,,SM
2021-07-07 13:30:00,,SM
2021-07-07 13:45:00,,SM
2021-07-07 14:00:00,,SM
2021-07-07 14:15:00,,SM
2021-07-07 14:30:00,,SM
2021-07-07 14:45:00,,SM
2021-07-07 15:00:00,,SM
2021-07-07 15:15:00,,SM
2021-07-07 15:30:00,,SM
2021-07-07 15:45:00,,SM
2021-07-07 16:00:00,,SM
2021-07-07 16:15:00,,SM
2021-07-07 16:30:00,,SM
2021-07-07 16:45:00,,SM
2021-07-07 17:00:00,,SM
2021-07-07 17:15:00,,SM
2021-07-07 17:30:00,,SM
2021-07-07 17:45:00,,SM
2021-07-07 18:00:00,,SM
2021-07-07 18:15:00,,SM
2021-07-07 18:30:00,,SM
2021-07-07 18:45:00,,SM
2021-07-07 19:00:00,,SM
2021-07-07 19:15:00,,SM
2021-07-07 19:30:00,,SM
2021-07-07 19:45:00,,SM
2021-07-07 20:00:00,,SM
2021-07-07 20:15:00,,SM
2021-07-07 20:30:00,,SM
2021-07-07 20:45:00,,SM
2021-07-07 21:00:00,,SM
2021-07-07 21:15:00,,SM
2021-07-07 21:30:00,,SM
2021-07-07 21:45:00,,SM
2021-07-07 22:00:00,,SM
2021-07-07 22:15:00,,SM
2021-07-07 22:30:00,,SM
2021-07-07 22:45:00,,SM
2021-07-07 23:00:00,,SM
2021-07-07 23:15:00,,SM
2021-07-07 23:30:00,,SM
2021-07-07 23:45:00,,SM
2021-07-08 00:00:00,,SM
2021-07-08 00:15:00,,SM
2021-07-08 00:30:00,,SM
2021-07-08 00:45:00,,SM
2021-07-08 01:00:00,,SM
2021-07-08 01:15:00,,SM
2021-07-08 01:30:00,,SM
2021-07-08 01:45:00,,SM
2021-07-08 02:00:00,,SM
2021-07-08 02:15:00,,SM
2021-07-08 02:30:00,,SM
2021-07-08 02:45:00,,SM
2021-07-08 03:00:00,,SM
2021-07-08 03:15:00,,SM
2021-07-08 03:30:00,,SM
2021-07-08 03:45:00,,SM
2021-07-08 04:00:00,,SM
2021-07-08 04:15:00,,SM
2021-07-08 04:30:00,,SM
2021-07-08 04:45:00,,SM
2021-07-08 05:00:00,,SM
2021-07-08 05:15:00,,SM
2021-07-08 05:30:00,,SM
2021-07-08 05:45:00,,SM
2021-07-08 06:00:00,,SM
2021-07-08 06:15:00,,SM
2021-07-08 06:30:00,,SM
2021-07-08 06:45:00,,SM
2021-07-08 07:00:00,,SM
2021-07-08 07:15:00,,SM
2021-07-08 07:30:00,,SM
2021-07-08 07:45:00,,SM
2021-07-08 08:00:00,,SM
2021-07-08 08:15:00,,SM
2021-07-08 08:30:00,,SM
2021-07-08 08:45:00,,SM
2021-07-08 09:00:00,,SM
2021-07-08 09:15:00,,SM
2021-07-08 09:30:00,,SM
2021-07-08 09:45:00,,SM
2021-07-08 10:00:00,,SM
2021-07-08 10:15:00,,SM
2021-07-08 10:30:00,,SM
2021-07-08 10:45:00,,SM
2021-07-08 11:00:00,,SM
2021-07-08 11:15:00,,SM
2021-07-08 11:30:00,,SM
2021-07-08 11:45:00,,SM
2021-07-08 12:00:00,,SM
2021-07-08 12:15:00,,SM
2021-07-08 12:30:00,,SM
2021-07-08 12:45:00,,SM
2021-07-08 13:00:00,,SM
2021-07-08 13:15:00,,SM
2021-07-08 13:30:00,,SM
2021-07-08 13:45:00,,SM
2021-07-08 14:00:00,,SM
2021-07-08 14:15:00,,SM
2021-07-08 14:30:00,,SM
2021-07-08 14:45:00,,SM
2021-07-08 15:00:00,,SM
2021-07-08 15:15:00,,SM
2021-07-08 15:30:00,,SM
2021-07-08 15:45:00,,SM
2021-07-08 16:00:00,,SM
2021-07-08 16:15:00,,SM
2021-07-08 16:30:00,,SM
2021-07-08 16:45:00,,SM
2021-07-08 17:00:00,,SM
2021-07-08 17:15:00,,SM
2021-07-08 17:30:00,,SM
2021-07-08 17:45:00,,SM
2021-07-08 18:00:00,,SM
2021-07-08 18:15:00,,SM
2021-07-08 18:30:00,,SM
2021-07-08 18:45:00,,SM
2021-07-08 19:00:00,,SM
2021-07-08 19:15:00,,SM
2021-07-08 19:30:00,,SM
2021-07-08 19:45:00,,SM
2021-07-08 20:00:00,,SM
2021-07-08 20:15:00,,SM
2021-07-08 20:30:00,,SM
2021-07-08 20:45:00,,SM
2021-07-08 21:00:00,,SM
2021-07-08 21:15:00,,SM
2021-07-08 21:30:00,,SM
2021-07-08 21:45:00,,SM
2021-07-08 22:00:00,,SM
2021-07-08 22:15:00,,SM
2021-07-08 22:30:00,,SM
2021-07-08 22:45:00,,SM
2021-07-08 23:00:00,,SM
2021-07-08 23:15:00,,SM
2021-07-08 23:30:00,,SM
2021-07-08 23:45:00,,SM
2021-07-09 00:00:00,,SM
2021-07-09 00:15:00,,SM
2021-07-09 00:30:00,,SM
2021-07-09 00:45:00,,SM
2021-07-09 01:00:00,,SM
2021-07-09 01:15:00,,SM
2021-07-09 01:30:00,,SM
2021-07-09 01:45:00,,SM
2021-07-09 02:00:00,,SM
2021-07-09 02:15:00,,SM
2021-07-09 02:30:00,,SM
2021-07-09 02:45:00,,SM
2021-07-09 03:00:00,,SM
2021-07-09 03:15:00,,SM
2021-07-09 03:30:00,,SM
2021-07-09 03:45:00,,SM
2021-07-09 04:00:00,,SM
2021-07-09 04:15:00,,SM
2021-07-09 04:30:00,,SM
2021-07-09 04:45:00,,SM
2021-07-09 05:00:00,,SM
2021-07-09 05:15:00,,SM
2021-07-09 05:30:00,,SM
2021-07-09 05:45:00,,SM
2021-07-09 06:00:00,,SM
2021-07-09 06:15:00,,SM
2021-07-09 06:30:00,,SM
2021-07-09 06:45:00,,SM
2021-07-09 07:00:00,,SM
2021-07-09 07:15:00,,SM
2021-07-09 07:30:00,,SM
2021-07-09 07:45:00,,SM
2021-07-09 08:00:00,,SM
2021-07-09 08:15:00,,SM
2021-07-09 08:30:00,,SM
2021-07-09 08:45:00,,SM
2021-07-09 09:00:00,,SM
2021-07-09 09:15:00,,SM
2021-07-09 09:30:00,,SM
2021-07-09 09:45:00,,SM
2021-07-09 10:00:00,,SM
2021-07-09 10:15:00,,SM
2021-07-09 10:30:00,,SM
2021-07-09 10:45:00,,SM
2021-07-09 11:00:00,,SM
2021-07-09 11:15:00,,SM
2021-07-09 11:30:00,,SM
2021-07-09 11:45:00,,SM
2021-07-09 12:00:00,,SM
2021-07-09 12:15:00,,SM
2021-07-09 12:30:00,,SM
2021-07-09 12:45:00,,SM
2021-07-09 13:00:00,,SM
2021-07-09 13:15:00,,SM
2021-07-09 13:30:00,,SM
2021-07-09 13:45:00,,SM
2021-07-09 14:00:00,,SM
2021-07-09 14:15:00,,SM
2021-07-09 14:30:00,,SM
2021-07-09 14:45:00,,SM
2021-07-09 15:00:00,,SM
2021-07-09 15:15:00,,SM
2021-07-09 15:30:00,,SM
2021-07-09 15:45:00,,SM
2021-07-09 16:00:00,,SM
2021-07-09 16:15:00,,SM
2021-07-09 16:30:00,,SM
2021-07-09 16:45:00,,SM
2021-07-09 17:00:00,,SM
2021-07-09 17:15:00,,SM
2021-07-09 17:30:00,,SM
2021-07-09 17:45:00,,SM
2021-07-09 18:00:00,,SM
2021-07-09 18:15:00,,SM
2021-07-09 18:30:00,,SM
2021-07-09 18:45:00,,SM
2021-07-09 19:00:00,,SM
2021-07-09 19:15:00,,SM
2021-07-09 19:30:00,,SM
2021-07-09 19:45:00,,SM
2021-07-09 20:00:00,,SM
2021-07-09 20:15:00,,SM
2021-07-09 20:30:00,,SM
2021-07-09 20:45:00,,SM
2021-07-09 21:00:00,,SM
2021-07-09 21:15:00,,SM
2021-07-09 21:30:00,,SM
2021-07-09 21:45:00,,SM
2021-07-09 22:00:00,,SM
2021-07-09 22:15:00,,SM
2021-07-09 22:30:00,,SM
2021-07-09 22:45:00,,SM
2021-07-09 23:00:00,,SM
2021-07-09 23:15:00,,SM
2021-07-09 23:30:00,,SM
2021-07-09 23:45:00,,SM
2021-07-10 00:00:00,,SM
2021-07-10 00:15:00,,SM
2021-07-10 00:30:00,,SM
2021-07-10 00:45:00,,SM
2021-07-10 01:00:00,,SM
2021-07-10 01:15:00,,SM
2021-07-10 01:30:00,,SM
2021-07-10 01:45:00,,SM
2021-07-10 02:00:00,,SM
2021-07-10 02:15:00,,SM
2021-07-10 02:30:00,,SM
2021-07-10 02:45:00,,SM
2021-07-10 03:00:00,,SM
2021-07-10 03:15:00,,SM
2021-07-10 03:30:00,,SM
2021-07-10 03:45:00,,SM
2021-07-10 04:00:00,,SM
2021-07-10 04:15:00,,SM
2021-07-10 04:30:00,,SM
2021-07-10 04:45:00,,SM
2021-07-10 05:00:00,,SM
2021-07-10 05:15:00,,SM
2021-07-10 05:30:00,,SM
2021-07-10 05:45:00,,SM
2021-07-10 06:00:00,,SM
2021-07-10 06:15:00,,SM
2021-07-10 06:30:00,,SM
2021-07-10 06:45:00,,SM
2021-07-10 07:00:00,,SM
2021-07-10 07:15:00,,SM
2021-07-10 07:30:00,,SM
2021-07-10 07:45:00,,SM
2021-07-10 08:00:00,,SM
2021-07-10 08:15:00,,SM
2021-07-10 08:30:00,,SM
2021-07-10 08:45:00,,SM
2021-07-10 09:00:00,,SM
2021-07-10 09:15:00,,SM
2021-07-10 09:30:00,,SM
2021-07-10 09:45:00,,SM
2021-07-10 10:00:00,,SM
2021-07-10 10:15:00,,SM
2021-07-10 10:30:00,,SM
2021-07-10 10:45:00,,SM
2021-07-10 11:00:00,,SM
2021-07-10 11:15:00,,SM
2021-07-10 11:30:00,,SM
2021-07-10 11:45:00,,SM
2021-07-10 12:00:00,,SM
2021-07-10 12:15:00,,SM
2021-07-10 12:30:00,,SM
2021-07-10 12:45:00,,SM
2021-07-10 13:00:00,,SM
2021-07-10 13:15:00,,SM
2021-07-10 13:30:00,,SM
2021-07-10 13:45:00,,SM
2021-07-10 14:00:00,,SM
2021-07-10 14:15:00,,SM
2021-07-10 14:30:00,,SM
2021-07-10 14:45:00,,SM
2021-07-10 15:00:00,,SM
2021-07-10 15:15:00,,SM
2021-07-10 15:30:00,,SM
2021-07-10 15:45:00,,SM
2021-07-10 16:00:00,,SM
2021-07-10 16:15:00,,SM
2021-07-10 16:30:00,,SM
2021-07-10 16:45:00,,SM
2021-07-10 17:00:00,,SM
2021-07-10 17:15:00,,SM
2021-07-10 17:30:00,,SM
2021-07-10 17:45:00,,SM
2021-07-10 18:00:00,,SM
2021-07-10 18:15:00,,SM
2021-07-10 18:30:00,,SM
2021-07-10 18:45:00,,SM
2021-07-10 19:00:00,,SM
2021-07-10 19:15:00,,SM
2021-07-10 19:30:00,,SM
2021-07-10 19:45:00,,SM
2021-07-10 20:00:00,,SM
2021-07-10 20:15:00,,SM
2021-07-10 20:30:00,,SM
2021-07-10 20:45:00,,SM
2021-07-10 21:00:00,,SM
2021-07-10 21:15:00,,SM
2021-07-10 21:30:00,,SM
2021-07-10 21:45:00,,SM
2021-07-10 22:00:00,,SM
2021-07-10 22:15:00,,SM
2021-07-10 22:30:00,,SM
2021-07-10 22:45:00,,SM
2021-07-10 23:00:00,,SM
2021-07-10 23:15:00,,SM
2021-07-10 23:30:00,,SM
2021-07-10 23:45:00,,SM
2021-07-11 00:00:00,,SM
2021-07-11 00:15:00,,SM
2021-07-11 00:30:00,,SM
2021-07-11 00:45:00,,SM
2021-07-11 01:00:00,,SM
2021-07-11 01:15:00,,SM
2021-07-11 01:30:00,,SM
2021-07-11 01:45:00,,SM
2021-07-11 02:00:00,,SM
2021-07-11 02:15:00,,SM
2021-07-11 02:30:00,,SM
2021-07-11 02:45:00,,SM
2021-07-11 03:00:00,,SM
2021-07-11 03:15:00,,SM
2021-07-11 03:30:00,,SM
2021-07-11 03:45:00,,SM
2021-07-11 04:00:00,,SM
2021-07-11 04:15:00,,SM
2021-07-11 04:30:00,,SM
2021-07-11 04:45:00,,SM
2021-07-11 05:00:00,,SM
2021-07-11 05:15:00,,SM
2021-07-11 05:30:00,,SM
2021-07-11 05:45:00,,SM
2021-07-11 06:00:00,,SM
2021-07-11 06:15:00,,SM
2021-07-11 06:30:00,,SM
2021-07-11 06:45:00,,SM
2021-07-11 07:00:00,,SM
2021-07-11 07:15:00,,SM
2021-07-11 07:30:00,,SM
2021-07-11 07:45:00,,SM
2021-07-11 08:00:00,,SM
2021-07-11 08:15:00,,SM
2021-07-11 08:30:00,,SM
2021-07-11 08:45:00,,SM
2021-07-11 09:00:00,,SM
2021-07-11 09:15:00,,SM
2021-07-11 09:30:00,,SM
2021-07-11 09:45:00,,SM
2021-07-11 10:00:00,,SM
2021-07-11 10:15:00,,SM
2021-07-11 10:30:00,,SM
2021-07-11 10:45:00,,SM
2021-07-11 11:00:00,,SM
2021-07-11 11:15:00,,SM
2021-07-11 11:30:00,,SM
2021-07-11 11:45:00,,SM
2021-07-11 12:00:00,,SM
2021-07-11 12:15:00,,SM
2021-07-11 12:30:00,,SM
2021-07-11 12:45:00,,SM
2021-07-11 13:00:00,,SM
2021-07-11 13:15:00,,SM
2021-07-11 13:30:00,,SM
2021-07-11 13:45:00,,SM
2021-07-11 14:00:00,,SM
2021-07-11 14:15:00,,SM
2021-07-11 14:30:00,,SM
2021-07-11 14:45:00,,SM
2021-07-11 15:00:00,,SM
2021-07-11 15:15:00,,SM
2021-07-11 15:30:00,,SM
2021-07-11 15:45:00,,SM
2021-07-11 16:00:00,,SM
2021-07-11 16:15:00,,SM
2021-07-11 16:30:00,,SM
2021-07-11 16:45:00,,SM
2021-07-11 17:00:00,,SM
2021-07-11 17:15:00,,SM
2021-07-11 17:30:00,,SM
2021-07-11 17:45:00,,SM
2021-07-11 18:00:00,,SM
2021-07-11 18:15:00,,SM
2021-07-11 18:30:00,,SM
2021-07-11 18:45:00,,SM
2021-07-11 19:00:00,,SM
2021-07-11 19:15:00,,SM
2021-07-11 19:30:00,,SM
2021-07-11 19:45:00,,SM
2021-07-11 20:00:00,,SM
2021-07-11 20:15:00,,SM
2021-07-11 20:30:00,,SM
2021-07-11 20:45:00,,SM
2021-07-11 21:00:00,,SM
2021-07-11 21:15:00,,SM
2021-07-11 21:30:00,,SM
2021-07-11 21:45:00,,SM
2021-07-11 22:00:00,,SM
2021-07-11 22:15:00,,SM
2021-07-11 22:30:00,,SM
2021-07-11 22:45:00,,SM
2021-07-11 23:00:00,,SM
2021-07-11 23:15:00,,SM
2021-07-11 23:30:00,,SM
2021-07-11 23:45:00,,SM
2021-07-12 00:00:00,,SM
2021-07-12 00:15:00,,SM
2021-07-12 00:30:00,,SM
2021-07-12 00:45:00,,SM
2021-07-12 01:00:00,,SM
2021-07-12 01:15:00,,SM
2021-07-12 01:30:00,,SM
2021-07-12 01:45:00,,SM
2021-07-12 02:00:00,,SM
2021-07-12 02:15:00,,SM
2021-07-12 02:30:00,,SM
2021-07-12 02:45:00,,SM
2021-07-12 03:00:00,,SM
2021-07-12 03:15:00,,SM
2021-07-12 03:30:00,,SM
2021-07-12 03:45:00,,SM
2021-07-12 04:00:00,,SM
2021-07-12 04:15:00,,SM
2021-07-12 04:30:00,,SM
2021-07-12 04:45:00,,SM
2021-07-12 05:00:00,,SM
2021-07-12 05:15:00,,SM
2021-07-12 05:30:00,,SM
2021-07-12 05:45:00,,SM
2021-07-12 06:00:00,,SM
2021-07-12 06:15:00,,SM
2021-07-12 06:30:00,,SM
2021-07-12 06:45:00,,SM
2021-07-12 07:00:00,,SM
2021-07-12 07:15:00,,SM
2021-07-12 07:30:00,,SM
2021-07-12 07:45:00,,SM
2021-07-12 08:00:00,,SM
2021-07-12 08:15:00,,SM
2021-07-12 08:30:00,,SM
2021-07-12 08:45:00,,SM
2021-07-12 09:00:00,,SM
2021-07-12 09:15:00,,SM
2021-07-12 09:30:00,,SM
2021-07-12 09:45:00,,SM
2021-07-12 10:00:00,,SM
2021-07-12 10:15:00,,SM
2021-07-12 10:30:00,,SM
2021-07-12 10:45:00,,SM
2021-07-12 11:00:00,,SM
2021-07-12 11:15:00,,SM
2021-07-12 11:30:00,,SM
2021-07-12 11:45:00,,SM
2021-07-12 12:00:00,,SM
2021-07-12 12:15:00,,SM
2021-07-12 12:30:00,,SM
2021-07-12 12:45:00,,SM
2021-07-12 13:00:00,,SM
2021-07-12 13:15:00,,SM
2021-07-12 13:30:00,,SM
2021-07-12 13:45:00,,SM
2021-07-12 14:00:00,,SM
2021-07-12 14:15:00,,SM
2021-07-12 14:30:00,,SM
2021-07-12 14:45:00,,SM
2021-07-12 15:00:00,,SM
2021-07-12 15:15:00,,SM
2021-07-12 15:30:00,,SM
2021-07-12 15:45:00,,SM
2021-07-12 16:00:00,,SM
2021-07-12 16:15:00,,SM
2021-07-12 16:30:00,,SM
2021-07-12 16:45:00,,SM
2021-07-12 17:00:00,,SM
2021-07-12 17:15:00,,SM
2021-07-12 17:30:00,,SM
2021-07-12 17:45:00,,SM
2021-07-12 18:00:00,,SM
2021-07-12 18:15:00,,SM
2021-07-12 18:30:00,,SM
2021-07-12 18:45:00,,SM
2021-07-12 19:00:00,,SM
2021-07-12 19:15:00,,SM
2021-07-12 19:30:00,,SM
2021-07-12 19:45:00,,SM
2021-07-12 20:00:00,,SM
2021-07-12 20:15:00,,SM
2021-07-12 20:30:00,,SM
2021-07-12 20:45:00,,SM
2021-07-12 21:00:00,,SM
2021-07-12 21:15:00,,SM
2021-07-12 21:30:00,,SM
2021-07-12 21:45:00,,SM
2021-07-12 22:00:00,,SM
2021-07-12 22:15:00,,SM
2021-07-12 22:30:00,,SM
2021-07-12 22:45:00,,SM
2021-07-12 23:00:00,,SM
2021-07-12 23:15:00,,SM
2021-07-12 23:30:00,,SM
2021-07-12 23:45:00,,SM
2021-07-13 00:00:00,,SM
2021-07-13 00:15:00,,SM
2021-07-13 00:30:00,,SM
2021-07-13 00:45:00,,SM
2021-07-13 01:00:00,,SM
2021-07-13 01:15:00,,SM
2021-07-13 01:30:00,,SM
2021-07-13 01:45:00,,SM
2021-07-13 02:00:00,,SM
2021-07-13 02:15:00,,SM
2021-07-13 02:30:00,,SM
2021-07-13 02:45:00,,SM
2021-07-13 03:00:00,,SM
2021-07-13 03:15:00,,SM
2021-07-13 03:30:00,,SM
2021-07-13 03:45:00,,SM
2021-07-13 04:00:00,,SM
2021-07-13 04:15:00,,SM
2021-07-13 04:30:00,,SM
2021-07-13 04:45:00,,SM
2021-07-13 05:00:00,,SM
2021-07-13 05:15:00,,SM
2021-07-13 05:30:00,,SM
2021-07-13 05:45:00,,SM
2021-07-13 06:00:00,,SM
2021-07-13 06:15:00,,SM
2021-07-13 06:30:00,,SM
2021-07-13 06:45:00,,SM
2021-07-13 07:00:00,,SM
2021-07-13 07:15:00,,SM
2021-07-13 07:30:00,,SM
2021-07-13 07:45:00,,SM
2021-07-13 08:00:00,,SM
2021-07-13 08:15:00,,SM
2021-07-13 08:30:00,,SM
2021-07-13 08:45:00,,SM
2021-07-13 09:00:00,,SM
2021-07-13 09:15:00,,SM
2021-07-13 09:30:00,,SM
2021-07-13 09:45:00,,SM
2021-07-13 10:00:00,,SM
2021-07-13 10:15:00,,SM
2021-07-13 10:30:00,,SM
2021-07-13 10:45:00,,SM
2021-07-13 11:00:00,,SM
2021-07-13 11:15:00,,SM
2021-07-13 11:30:00,,SM
2021-07-13 11:45:00,,SM
2021-07-13 12:00:00,,SM
2021-07-13 12:15:00,,SM
2021-07-13 12:30:00,,SM
2021-07-13 12:45:00,,SM
2021-07-13 13:00:00,,SM
2021-07-13 13:15:00,,SM
2021-07-13 13:30:00,,SM
2021-07-13 13:45:00,,SM
2021-07-13 14:00:00,,SM
2021-07-13 14:15:00,,SM
2021-07-13 14:30:00,,SM
2021-07-13 14:45:00,,SM
2021-07-13 15:00:00,,SM
2021-07-13 15:15:00,,SM
2021-07-13 15:30:00,,SM
2021-07-13 15:45:00,,SM
2021-07-13 16:00:00,,SM
2021-07-13 16:15:00,,SM
2021-07-13 16:30:00,,SM
2021-07-13 16:45:00,,SM
2021-07-13 17:00:00,,SM
2021-07-13 17:15:00,,SM
2021-07-13 17:30:00,,SM
2021-07-13 17:45:00,,SM
2021-07-13 18:00:00,,SM
2021-07-13 18:15:00,,SM
2021-07-13 18:30:00,,SM
2021-07-13 18:45:00,,SM
2021-07-13 19:00:00,,SM
2021-07-13 19:15:00,,SM
2021-07-13 19:30:00,,SM
2021-07-13 19:45:00,,SM
2021-07-13 20:00:00,,SM
2021-07-13 20:15:00,,SM
2021-07-13 20:30:00,,SM
2021-07-13 20:45:00,,SM
2021-07-13 21:00:00,,SM
2021-07-13 21:15:00,,SM
2021-07-13 21:30:00,,SM
2021-07-13 21:45:00,,SM
2021-07-13 22:00:00,,SM
2021-07-13 22:15:00,,SM
2021-07-13 22:30:00,,SM
2021-07-13 22:45:00,,SM
2021-07-13 23:00:00,,SM
2021-07-13 23:15:00,,SM
2021-07-13 23:30:00,,SM
2021-07-13 23:45:00,,SM
2021-07-14 00:00:00,,SM
2021-07-14 00:15:00,,SM
2021-07-14 00:30:00,,SM
2021-07-14 00:45:00,,SM
2021-07-14 01:00:00,,SM
2021-07-14 01:15:00,,SM
2021-07-14 01:30:00,,SM
2021-07-14 01:45:00,,SM
2021-07-14 02:00:00,,SM
2021-07-14 02:15:00,,SM
2021-07-14 02:30:00,,SM
2021-07-14 02:45:00,,SM
2021-07-14 03:00:00,,SM
2021-07-14 03:15:00,,SM
2021-07-14 03:30:00,,SM
2021-07-14 03:45:00,,SM
2021-07-14 04:00:00,,SM
2021-07-14 04:15:00,,SM
2021-07-14 04:30:00,,SM
2021-07-14 04:45:00,,SM
2021-07-14 05:00:00,,SM
2021-07-14 05:15:00,,SM
2021-07-14 05:30:00,,SM
2021-07-14 05:45:00,,SM
2021-07-14 06:00:00,,SM
2021-07-14 06:15:00,,SM
2021-07-14 06:30:00,,SM
2021-07-14 06:45:00,,SM
2021-07-14 07:00:00,,SM
2021-07-14 07:15:00,,SM
2021-07-14 07:30:00,,SM
2021-07-14 07:45:00,,SM
2021-07-14 08:00:00,,SM
2021-07-14 08:15:00,,SM
2021-07-14 08:30:00,,SM
2021-07-14 08:45:00,,SM
2021-07-14 09:00:00,,SM
2021-07-14 09:15:00,,SM
2021-07-14 09:30:00,,SM
2021-07-14 09:45:00,,SM
2021-07-14 10:00:00,,SM
2021-07-14 10:15:00,,SM
2021-07-14 10:30:00,,SM
2021-07-14 10:45:00,,SM
2021-07-14 11:00:00,,SM
2021-07-14 11:15:00,,SM
2021-07-14 11:30:00,,SM
2021-07-14 11:45:00,,SM
2021-07-14 12:00:00,,SM
2021-07-14 12:15:00,,SM
2021-07-14 12:30:00,,SM
2021-07-14 12:45:00,,SM
2021-07-14 13:00:00,,SM
2021-07-14 13:15:00,,SM
2021-07-14 13:30:00,,SM
2021-07-14 13:45:00,,SM
2021-07-14 14:00:00,,SM
2021-07-14 14:15:00,,SM
2021-07-14 14:30:00,,SM
2021-07-14 14:45:00,,SM
2021-07-14 15:00:00,,SM
2021-07-14 15:15:00,,SM
2021-07-14 15:30:00,,SM
2021-07-14 15:45:00,,SM
2021-07-14 16:00:00,,SM
2021-07-14 16:15:00,,SM
2021-07-14 16:30:00,,SM
2021-07-14 16:45:00,,SM
2021-07-14 17:00:00,,SM
2021-07-14 17:15:00,,SM
2021-07-14 17:30:00,,SM
2021-07-14 17:45:00,,SM
2021-07-14 18:00:00,,SM
2021-07-14 18:15:00,,SM
2021-07-14 18:30:00,,SM
2021-07-14 18:45:00,,SM
2021-07-14 19:00:00,,SM
2021-07-14 19:15:00,,SM
2021-07-14 19:30:00,,SM
2021-07-14 19:45:00,,SM
2021-07-14 20:00:00,,SM
2021-07-14 20:15:00,,SM
2021-07-14 20:30:00,,SM
2021-07-14 20:45:00,,SM
2021-07-14 21:00:00,,SM
2021-07-14 21:15:00,,SM
2021-07-14 21:30:00,,SM
2021-07-14 21:45:00,,SM
2021-07-14 22:00:00,,SM
2021-07-14 22:15:00,,SM
2021-07-14 22:30:00,,SM
2021-07-14 22:45:00,,SM
2021-07-14 23:00:00,,SM
2021-07-14 23:15:00,,SM
2021-07-14 23:30:00,,SM
2021-07-14 23:45:00,,SM
2021-07-15 00:00:00,,SM
2021-07-15 00:15:00,,SM
2021-07-15 00:30:00,,SM
2021-07-15 00:45:00,,SM
2021-07-15 01:00:00,,SM
2021-07-15 01:15:00,,SM
2021-07-15 01:30:00,,SM
2021-07-15 01:45:00,,SM
2021-07-15 02:00:00,,SM
2021-07-15 02:15:00,,SM
2021-07-15 02:30:00,,SM
2021-07-15 02:45:00,,SM
2021-07-15 03:00:00,,SM
2021-07-15 03:15:00,,SM
2021-07-15 03:30:00,,SM
2021-07-15 03:45:00,,SM
2021-07-15 04:00:00,,SM
2021-07-15 04:15:00,,SM
2021-07-15 04:30:00,,SM
2021-07-15 04:45:00,,SM
2021-07-15 05:00:00,,SM
2021-07-15 05:15:00,,SM
2021-07-15 05:30:00,,SM
2021-07-15 05:45:00,,SM
2021-07-15 06:00:00,,SM
2021-07-15 06:15:00,,SM
2021-07-15 06:30:00,,SM
2021-07-15 06:45:00,,SM
2021-07-15 07:00:00,,SM
2021-07-15 07:15:00,,SM
2021-07-15 07:30:00,,SM
2021-07-15 07:45:00,,SM
2021-07-15 08:00:00,,SM
2021-07-15 08:15:00,,SM
2021-07-15 08:30:00,,SM
2021-07-15 08:45:00,,SM
2021-07-15 09:00:00,,SM
2021-07-15 09:15:00,,SM
2021-07-15 09:30:00,,SM
2021-07-15 09:45:00,,SM
2021-07-15 10:00:00,,SM
2021-07-15 10:15:00,,SM
2021-07-15 10:30:00,,SM
2021-07-15 10:45:00,,SM
2021-07-15 11:00:00,,SM
2021-07-15 11:15:00,,SM
2021-07-15 11:30:00,,SM
2021-07-15 11:45:00,,SM
2021-07-15 12:00:00,,SM
2021-07-15 12:15:00,,SM
2021-07-15 12:30:00,,SM
2021-07-15 12:45:00,,SM
2021-07-15 13:00:00,,SM
2021-07-15 13:15:00,,SM
2021-07-15 13:30:00,,SM
2021-07-15 13:45:00,,SM
2021-07-15 14:00:00,,SM
2021-07-15 14:15:00,,SM
2021-07-15 14:30:00,,SM
2021-07-15 14:45:00,,SM
2021-07-15 15:00:00,,SM
2021-07-15 15:15:00,,SM
2021-07-15 15:30:00,,SM
2021-07-15 15:45:00,,SM
2021-07-15 16:00:00,,SM
2021-07-15 16:15:00,,SM
2021-07-15 16:30:00,,SM
2021-07-15 16:45:00,,SM
2021-07-15 17:00:00,,SM
2021-07-15 17:15:00,,SM
2021-07-15 17:30:00,,SM
2021-07-15 17:45:00,,SM
2021-07-15 18:00:00,,SM
2021-07-15 18:15:00,,SM
2021-07-15 18:30:00,,SM
2021-07-15 18:45:00,,SM
2021-07-15 19:00:00,,SM
2021-07-15 19:15:00,,SM
2021-07-15 19:30:00,,SM
2021-07-15 19:45:00,,SM
2021-07-15 20:00:00,,SM
2021-07-15 20:15:00,,SM
2021-07-15 20:30:00,,SM
2021-07-15 20:45:00,,SM
2021-07-15 21:00:00,,SM
2021-07-15 21:15:00,,SM
2021-07-15 21:30:00,,SM
2021-07-15 21:45:00,,SM
2021-07-15 22:00:00,,SM
2021-07-15 22:15:00,,SM
2021-07-15 22:30:00,,SM
2021-07-15 22:45:00,,SM
2021-07-15 23:00:00,,SM
2021-07-15 23:15:00,,SM
2021-07-15 23:30:00,,SM
2021-07-15 23:45:00,,SM
2021-07-16 00:00:00,,SM
2021-07-16 00:15:00,,SM
2021-07-16 00:30:00,,SM
2021-07-16 00:45:00,,SM
2021-07-16 01:00:00,,SM
2021-07-16 01:15:00,,SM
2021-07-16 01:30:00,,SM
2021-07-16 01:45:00,,SM
2021-07-16 02:00:00,,SM
2021-07-16 02:15:00,,SM
2021-07-16 02:30:00,,SM
2021-07-16 02:45:00,,SM
2021-07-16 03:00:00,,SM
2021-07-16 03:15:00,,SM
2021-07-16 03:30:00,,SM
2021-07-16 03:45:00,,SM
2021-07-16 04:00:00,,SM
2021-07-16 04:15:00,,SM
2021-07-16 04:30:00,,SM
2021-07-16 04:45:00,,SM
2021-07-16 05:00:00,,SM
2021-07-16 05:15:00,,SM
2021-07-16 05:30:00,,SM
2021-07-16 05:45:00,,SM
2021-07-16 06:00:00,,SM
2021-07-16 06:15:00,,SM
2021-07-16 06:30:00,,SM
2021-07-16 06:45:00,,SM
2021-07-16 07:00:00,,SM
2021-07-16 07:15:00,,SM
2021-07-16 07:30:00,,SM
2021-07-16 07:45:00,,SM
2021-07-16 08:00:00,,SM
2021-07-16 08:15:00,,SM
2021-07-16 08:30:00,,SM
2021-07-16 08:45:00,,SM
2021-07-16 09:00:00,,SM
2021-07-16 09:15:00,,SM
2021-07-16 09:30:00,,SM
2021-07-16 09:45:00,,SM
2021-07-16 10:00:00,,SM
2021-07-16 10:15:00,,SM
2021-07-16 10:30:00,,SM
2021-07-16 10:45:00,,SM
2021-07-16 11:00:00,,SM
2021-07-16 11:15:00,,SM
2021-07-16 11:30:00,,SM
2021-07-16 11:45:00,,SM
2021-07-16 12:00:00,,SM
2021-07-16 12:15:00,,SM
2021-07-16 12:30:00,,SM
2021-07-16 12:45:00,,SM
2021-07-16 13:00:00,,SM
2021-07-16 13:15:00,,SM
2021-07-16 13:30:00,,SM
2021-07-16 13:45:00,,SM
2021-07-16 14:00:00,,SM
2021-07-16 14:15:00,,SM
2021-07-16 14:30:00,,SM
2021-07-16 14:45:00,,SM
2021-07-16 15:00:00,,SM
2021-07-16 15:15:00,,SM
2021-07-16 15:30:00,,SM
2021-07-16 15:45:00,,SM
2021-07-16 16:00:00,,SM
2021-07-16 16:15:00,,SM
2021-07-16 16:30:00,,SM
2021-07-16 16:45:00,,SM
2021-07-16 17:00:00,,SM
2021-07-16 17:15:00,,SM
2021-07-16 17:30:00,,SM
2021-07-16 17:45:00,,SM
2021-07-16 18:00:00,,SM
2021-07-16 18:15:00,,SM
2021-07-16 18:30:00,,SM
2021-07-16 18:45:00,,SM
2021-07-16 19:00:00,,SM
2021-07-16 19:15:00,,SM
2021-07-16 19:30:00,,SM
2021-07-16 19:45:00,,SM
2021-07-16 20:00:00,,SM
2021-07-16 20:15:00,,SM
2021-07-16 20:30:00,,SM
2021-07-16 20:45:00,,SM
2021-07-16 21:00:00,,SM
2021-07-16 21:15:00,,SM
2021-07-16 21:30:00,,SM
2021-07-16 21:45:00,,SM
2021-07-16 22:00:00,,SM
2021-07-16 22:15:00,,SM
2021-07-16 22:30:00,,SM
2021-07-16 22:45:00,,SM
2021-07-16 23:00:00,,SM
2021-07-16 23:15:00,,SM
2021-07-16 23:30:00,,SM
2021-07-16 23:45:00,,SM
2021-07-17 00:00:00,,SM
2021-07-17 00:15:00,,SM
2021-07-17 00:30:00,,SM
2021-07-17 00:45:00,,SM
2021-07-17 01:00:00,,SM
2021-07-17 01:15:00,,SM
2021-07-17 01:30:00,,SM
2021-07-17 01:45:00,,SM
2021-07-17 02:00:00,,SM
2021-07-17 02:15:00,,SM
2021-07-17 02:30:00,,SM
2021-07-17 02:45:00,,SM
2021-07-17 03:00:00,,SM
2021-07-17 03:15:00,,SM
2021-07-17 03:30:00,,SM
2021-07-17 03:45:00,,SM
2021-07-17 04:00:00,,SM
2021-07-17 04:15:00,,SM
2021-07-17 04:30:00,,SM
2021-07-17 04:45:00,,SM
2021-07-17 05:00:00,,SM
2021-07-17 05:15:00,,SM
2021-07-17 05:30:00,,SM
2021-07-17 05:45:00,,SM
2021-07-17 06:00:00,,SM
2021-07-17 06:15:00,,SM
2021-07-17 06:30:00,,SM
2021-07-17 06:45:00,,SM
2021-07-17 07:00:00,,SM
2021-07-17 07:15:00,,SM
2021-07-17 07:30:00,,SM
2021-07-17 07:45:00,,SM
2021-07-17 08:00:00,,SM
2021-07-17 08:15:00,,SM
2021-07-17 08:30:00,,SM
2021-07-17 08:45:00,,SM
2021-07-17 09:00:00,,SM
2021-07-17 09:15:00,,SM
2021-07-17 09:30:00,,SM
2021-07-17 09:45:00,,SM
2021-07-17 10:00:00,,SM
2021-07-17 10:15:00,,SM
2021-07-17 10:30:00,,SM
2021-07-17 10:45:00,,SM
2021-07-17 11:00:00,,SM
2021-07-17 11:15:00,,SM
2021-07-17 11:30:00,,SM
2021-07-17 11:45:00,,SM
2021-07-17 12:00:00,,SM
2021-07-17 12:15:00,,SM
2021-07-17 12:30:00,,SM
2021-07-17 12:45:00,,SM
2021-07-17 13:00:00,,SM
2021-07-17 13:15:00,,SM
2021-07-17 13:30:00,,SM
2021-07-17 13:45:00,,SM
2021-07-17 14:00:00,,SM
2021-07-17 14:15:00,,SM
2021-07-17 14:30:00,,SM
2021-07-17 14:45:00,,SM
2021-07-17 15:00:00,,SM
2021-07-17 15:15:00,,SM
2021-07-17 15:30:00,,SM
2021-07-17 15:45:00,,SM
2021-07-17 16:00:00,,SM
2021-07-17 16:15:00,,SM
2021-07-17 16:30:00,,SM
2021-07-17 16:45:00,,SM
2021-07-17 17:00:00,,SM
2021-07-17 17:15:00,,SM
2021-07-17 17:30:00,,SM
2021-07-17 17:45:00,,SM
2021-07-17 18:00:00,,SM
2021-07-17 18:15:00,,SM
2021-07-17 18:30:00,,SM
2021-07-17 18:45:00,,SM
2021-07-17 19:00:00,,SM
2021-07-17 19:15:00,,SM
2021-07-17 19:30:00,,SM
2021-07-17 19:45:00,,SM
2021-07-17 20:00:00,,SM
2021-07-17 20:15:00,,SM
2021-07-17 20:30:00,,SM
2021-07-17 20:45:00,,SM
2021-07-17 21:00:00,,SM
2021-07-17 21:15:00,,SM
2021-07-17 21:30:00,,SM
2021-07-17 21:45:00,,SM
2021-07-17 22:00:00,,SM
2021-07-17 22:15:00,,SM
2021-07-17 22:30:00,,SM
2021-07-17 22:45:00,,SM
2021-07-17 23:00:00,,SM
2021-07-17 23:15:00,,SM
2021-07-17 23:30:00,,SM
2021-07-17 23:45:00,,SM
2021-07-18 00:00:00,,SM
2021-07-18 00:15:00,,SM
2021-07-18 00:30:00,,SM
2021-07-18 00:45:00,,SM
2021-07-18 01:00:00,,SM
2021-07-18 01:15:00,,SM
2021-07-18 01:30:00,,SM
2021-07-18 01:45:00,,SM
2021-07-18 02:00:00,,SM
2021-07-18 02:15:00,,SM
2021-07-18 02:30:00,,SM
2021-07-18 02:45:00,,SM
2021-07-18 03:00:00,,SM
2021-07-18 03:15:00,,SM
2021-07-18 03:30:00,,SM
2021-07-18 03:45:00,,SM
2021-07-18 04:00:00,,SM
2021-07-18 04:15:00,,SM
2021-07-18 04:30:00,,SM
2021-07-18 04:45:00,,SM
2021-07-18 05:00:00,,SM
2021-07-18 05:15:00,,SM
2021-07-18 05:30:00,,SM
2021-07-18 05:45:00,,SM
2021-07-18 06:00:00,,SM
2021-07-18 06:15:00,,SM
2021-07-18 06:30:00,,SM
2021-07-18 06:45:00,,SM
2021-07-18 07:00:00,,SM
2021-07-18 07:15:00,,SM
2021-07-18 07:30:00,,SM
2021-07-18 07:45:00,,SM
2021-07-18 08:00:00,,SM
2021-07-18 08:15:00,,SM
2021-07-18 08:30:00,,SM
2021-07-18 08:45:00,,SM
2021-07-18 09:00:00,,SM
2021-07-18 09:15:00,,SM
2021-07-18 09:30:00,,SM
2021-07-18 09:45:00,,SM
2021-07-18 10:00:00,,SM
2021-07-18 10:15:00,,SM
2021-07-18 10:30:00,,SM
2021-07-18 10:45:00,,SM
2021-07-18 11:00:00,,SM
2021-07-18 11:15:00,,SM
2021-07-18 11:30:00,,SM
2021-07-18 11:45:00,,SM
2021-07-18 12:00:00,,SM
2021-07-18 12:15:00,,SM
2021-07-18 12:30:00,,SM
2021-07-18 12:45:00,,SM
2021-07-18 13:00:00,,SM
2021-07-18 13:15:00,,SM
2021-07-18 13:30:00,,SM
2021-07-18 13:45:00,,SM
2021-07-18 14:00:00,,SM
2021-07-18 14:15:00,,SM
2021-07-18 14:30:00,,SM
2021-07-18 14:45:00,,SM
2021-07-18 15:00:00,,SM
2021-07-18 15:15:00,,SM
2021-07-18 15:30:00,,SM
2021-07-18 15:45:00,,SM
2021-07-18 16:00:00,,SM
2021-07-18 16:15:00,,SM
2021-07-18 16:30:00,,SM
2021-07-18 16:45:00,,SM
2021-07-18 17:00:00,,SM
2021-07-18 17:15:00,,SM
2021-07-18 17:30:00,,SM
2021-07-18 17:45:00,,SM
2021-07-18 18:00:00,,SM
2021-07-18 18:15:00,,SM
2021-07-18 18:30:00,,SM
2021-07-18 18:45:00,,SM
2021-07-18 19:00:00,,SM
2021-07-18 19:15:00,,SM
2021-07-18 19:30:00,,SM
2021-07-18 19:45:00,,SM
2021-07-18 20:00:00,,SM
2021-07-18 20:15:00,,SM
2021-07-18 20:30:00,,SM
2021-07-18 20:45:00,,SM
2021-07-18 21:00:00,,SM
2021-07-18 21:15:00,,SM
2021-07-18 21:30:00,,SM
2021-07-18 21:45:00,,SM
2021-07-18 22:00:00,,SM
2021-07-18 22:15:00,,SM
2021-07-18 22:30:00,,SM
2021-07-18 22:45:00,,SM
2021-07-18 23:00:00,,SM
2021-07-18 23:15:00,,SM
2021-07-18 23:30:00,,SM
2021-07-18 23:45:00,,SM
2021-07-19 00:00:00,,SM
2021-07-19 00:15:00,,SM
2021-07-19 00:30:00,,SM
2021-07-19 00:45:00,,SM
2021-07-19 01:00:00,,SM
2021-07-19 01:15:00,,SM
2021-07-19 01:30:00,,SM
2021-07-19 01:45:00,,SM
2021-07-19 02:00:00,,SM
2021-07-19 02:15:00,,SM
2021-07-19 02:30:00,,SM
2021-07-19 02:45:00,,SM
2021-07-19 03:00:00,,SM
2021-07-19 03:15:00,,SM
2021-07-19 03:30:00,,SM
2021-07-19 03:45:00,,SM
2021-07-19 04:00:00,,SM
2021-07-19 04:15:00,,SM
2021-07-19 04:30:00,,SM
2021-07-19 04:45:00,,SM
2021-07-19 05:00:00,,SM
2021-07-19 05:15:00,,SM
2021-07-19 05:30:00,,SM
2021-07-19 05:45:00,,SM
2021-07-19 06:00:00,,SM
2021-07-19 06:15:00,,SM
2021-07-19 06:30:00,,SM
2021-07-19 06:45:00,,SM
2021-07-19 07:00:00,,SM
2021-07-19 07:15:00,,SM
2021-07-19 07:30:00,,SM
2021-07-19 07:45:00,,SM
2021-07-19 08:00:00,,SM
2021-07-19 08:15:00,,SM
2021-07-19 08:30:00,,SM
2021-07-19 08:45:00,,SM
2021-07-19 09:00:00,,SM
2021-07-19 09:15:00,,SM
2021-07-19 09:30:00,,SM
2021-07-19 09:45:00,,SM
2021-07-19 10:00:00,,SM
2021-07-19 10:15:00,,SM
2021-07-19 10:30:00,,SM
2021-07-19 10:45:00,,SM
2021-07-19 11:00:00,,SM
2021-07-19 11:15:00,,SM
2021-07-19 11:30:00,,SM
2021-07-19 11:45:00,,SM
2021-07-19 12:00:00,,SM
2021-07-19 12:15:00,,SM
2021-07-19 12:30:00,,SM
2021-07-19 12:45:00,,SM
2021-07-19 13:00:00,,SM
2021-07-19 13:15:00,,SM
2021-07-19 13:30:00,,SM
2021-07-19 13:45:00,,SM
2021-07-19 14:00:00,,SM
2021-07-19 14:15:00,,SM
2021-07-19 14:30:00,,SM
2021-07-19 14:45:00,,SM
2021-07-19 15:00:00,,SM
2021-07-19 15:15:00,,SM
2021-07-19 15:30:00,,SM
2021-07-19 15:45:00,,SM
2021-07-19 16:00:00,,SM
2021-07-19 16:15:00,,SM
2021-07-19 16:30:00,,SM
2021-07-19 16:45:00,,SM
2021-07-19 17:00:00,,SM
2021-07-19 17:15:00,,SM
2021-07-19 17:30:00,,SM
2021-07-19 17:45:00,,SM
2021-07-19 18:00:00,,SM
2021-07-19 18:15:00,,SM
2021-07-19 18:30:00,,SM
2021-07-19 18:45:00,,SM
2021-07-19 19:00:00,,SM
2021-07-19 19:15:00,,SM
2021-07-19 19:30:00,,SM
2021-07-19 19:45:00,,SM
2021-07-19 20:00:00,,SM
2021-07-19 20:15:00,,SM
2021-07-19 20:30:00,,SM
2021-07-19 20:45:00,,SM
2021-07-19 21:00:00,,SM
2021-07-19 21:15:00,,SM
2021-07-19 21:30:00,,SM
2021-07-19 21:45:00,,SM
2021-07-19 22:00:00,,SM
2021-07-19 22:15:00,,SM
2021-07-19 22:30:00,,SM
2021-07-19 22:45:00,,SM
2021-07-19 23:00:00,,SM
2021-07-19 23:15:00,,SM
2021-07-19 23:30:00,,SM
2021-07-19 23:45:00,,SM
2021-07-20 00:00:00,,SM
2021-07-20 00:15:00,,SM
2021-07-20 00:30:00,,SM
2021-07-20 00:45:00,,SM
2021-07-20 01:00:00,,SM
2021-07-20 01:15:00,,SM
2021-07-20 01:30:00,,SM
2021-07-20 01:45:00,,SM
2021-07-20 02:00:00,,SM
2021-07-20 02:15:00,,SM
2021-07-20 02:30:00,,SM
2021-07-20 02:45:00,,SM
2021-07-20 03:00:00,,SM
2021-07-20 03:15:00,,SM
2021-07-20 03:30:00,,SM
2021-07-20 03:45:00,,SM
2021-07-20 04:00:00,,SM
2021-07-20 04:15:00,,SM
2021-07-20 04:30:00,,SM
2021-07-20 04:45:00,,SM
2021-07-20 05:00:00,,SM
2021-07-20 05:15:00,,SM
2021-07-20 05:30:00,,SM
2021-07-20 05:45:00,,SM
2021-07-20 06:00:00,,SM
2021-07-20 06:15:00,,SM
2021-07-20 06:30:00,,SM
2021-07-20 06:45:00,,SM
2021-07-20 07:00:00,,SM
2021-07-20 07:15:00,,SM
2021-07-20 07:30:00,,SM
2021-07-20 07:45:00,,SM
2021-07-20 08:00:00,,SM
2021-07-20 08:15:00,,SM
2021-07-20 08:30:00,,SM
2021-07-20 08:45:00,,SM
2021-07-20 09:00:00,,SM
2021-07-20 09:15:00,,SM
2021-07-20 09:30:00,,SM
2021-07-20 09:45:00,,SM
2021-07-20 10:00:00,,SM
2021-07-20 10:15:00,,SM
2021-07-20 10:30:00,,SM
2021-07-20 10:45:00,,SM
2021-07-20 11:00:00,,SM
2021-07-20 11:15:00,,SM
2021-07-20 11:30:00,,SM
2021-07-20 11:45:00,,SM
2021-07-20 12:00:00,,SM
2021-07-20 12:15:00,,SM
2021-07-20 12:30:00,,SM
2021-07-20 12:45:00,26.52,
2021-07-20 13:00:00,26.51,
2021-07-20 13:15:00,26.49,
2021-07-20 13:30:00,26.47,
2021-07-20 13:45:00,26.39,
2021-07-20 14:00:00,26.36,
2021-07-20 14:15:00,26.42,
2021-07-20 14:30:00,26.4,
2021-07-20 14:45:00,26.33,
2021-07-20 15:00:00,26.28,
2021-07-20 15:15:00,26.28,
2021-07-20 15:30:00,26.22,
2021-07-20 15:45:00,26.28,
2021-07-20 16:00:00,26.18,
2021-07-20 16:15:00,26.16,
2021-07-20 16:30:00,26.16,
2021-07-20 16:45:00,26.1,
2021-07-20 17:00:00,26.06,
2021-07-20 17:15:00,26.09,
2021-07-20 17:30:00,26.15,
2021-07-20 17:45:00,26.21,
2021-07-20 18:00:00,26.25,
2021-07-20 18:15:00,26.13,
2021-07-20 18:30:00,26.07,
2021-07-20 18:45:00,26.03,
2021-07-20 19:00:00,25.97,
2021-07-20 19:15:00,25.86,
2021-07-20 19:30:00,25.84,
2021-07-20 19:45:00,25.8,
2021-07-20 20:00:00,25.95,
2021-07-20 20:15:00,25.85,
2021-07-20 20:30:00,25.94,
2021-07-20 20:45:00,25.85,
2021-07-20 21:00:00,25.88,
2021-07-20 21:15:00,25.9,
2021-07-20 21:30:00,25.9,
2021-07-20 21:45:00,25.93,
2021-07-20 22:00:00,25.95,
2021-07-20 22:15:00,25.87,
2021-07-20 22:30:00,25.85,
2021-07-20 22:45:00,25.86,
2021-07-20 23:00:00,25.95,
2021-07-20 23:15:00,25.96,
2021-07-20 23:30:00,25.97,
2021-07-20 23:45:00,26.03,
2021-07-21 00:00:00,26.03,
2021-07-21 00:15:00,26.06,
2021-07-21 00:30:00,26.0,
2021-07-21 00:45:00,26.15,
2021-07-21 01:00:00,26.09,
2021-07-21 01:15:00,26.14,
2021-07-21 01:30:00,26.1,
2021-07-21 01:45:00,26.1,
2021-07-21 02:00:00,26.1,
2021-07-21 02:15:00,26.11,
2021-07-21 02:30:00,26.12,
2021-07-21 02:45:00,26.19,
2021-07-21 03:00:00,26.09,
2021-07-21 03:15:00,26.17,
2021-07-21 03:30:00,26.18,
2021-07-21 03:45:00,26.03,
2021-07-21 04:00:00,26.09,
2021-07-21 04:15:00,26.21,
2021-07-21 04:30:00,26.13,
2021-07-21 04:45:00,26.02,
2021-07-21 05:00:00,26.12,
2021-07-21 05:15:00,26.1,
2021-07-21 05:30:00,26.07,
2021-07-21 05:45:00,26.13,
2021-07-21 06:00:00,26.11,
2021-07-21 06:15:00,26.12,
2021-07-21 06:30:00,26.14,
2021-07-21 06:45:00,26.17,
2021-07-21 07:00:00,26.17,
2021-07-21 07:15:00,26.18,
2021-07-21 07:30:00,26.21,
2021-07-21 07:45:00,26.22,
2021-07-21 08:00:00,26.14,
2021-07-21 08:15:00,26.2,
2021-07-21 08:30:00,26.22,
2021-07-21 08:45:00,26.17,
2021-07-21 09:00:00,26.18,
2021-07-21 09:15:00,26.17,
2021-07-21 09:30:00,26.2,
2021-07-21 09:45:00,26.15,
2021-07-21 10:00:00,26.19,
2021-07-21 10:15:00,26.3,
2021-07-21 10:30:00,26.24,
2021-07-21 10:45:00,26.32,
2021-07-21 11:00:00,26.34,
2021-07-21 11:15:00,26.26,
2021-07-21 11:30:00,26.17,
2021-07-21 11:45:00,26.16,
2021-07-21 12:00:00,26.16,
2021-07-21 12:15:00,26.15,
2021-07-21 12:30:00,26.14,
2021-07-21 12:45:00,26.13,
2021-07-21 13:00:00,26.11,
2021-07-21 13:15:00,26.08,
2021-07-21 13:30:00,26.12,
2021-07-21 13:45:00,26.08,
2021-07-21 14:00:00,26.11,
2021-07-21 14:15:00,26.0,
2021-07-21 14:30:00,26.0,
2021-07-21 14:45:00,25.98,
2021-07-21 15:00:00,25.83,
2021-07-21 15:15:00,25.84,
2021-07-21 15:30:00,25.84,
2021-07-21 15:45:00,25.72,
2021-07-21 16:00:00,25.83,
2021-07-21 16:15:00,25.85,
2021-07-21 16:30:00,25.75,
2021-07-21 16:45:00,25.75,
2021-07-21 17:00:00,25.78,
2021-07-21 17:15:00,25.87,
2021-07-21 17:30:00,25.84,
2021-07-21 17:45:00,25.78,
2021-07-21 18:00:00,25.79,
2021-07-21 18:15:00,25.8,
2021-07-21 18:30:00,25.85,
2021-07-21 18:45:00,25.71,
2021-07-21 19:00:00,25.7,
2021-07-21 19:15:00,25.63,
2021-07-21 19:30:00,25.63,
2021-07-21 19:45:00,25.62,
2021-07-21 20:00:00,25.69,
2021-07-21 20:15:00,25.65,
2021-07-21 20:30:00,25.7,
2021-07-21 20:45:00,25.71,
2021-07-21 21:00:00,25.72,
2021-07-21 21:15:00,25.72,
2021-07-21 21:30:00,25.69,
2021-07-21 21:45:00,25.85,
2021-07-21 22:00:00,25.81,
2021-07-21 22:15:00,25.77,
2021-07-21 22:30:00,25.79,
2021-07-21 22:45:00,25.89,
2021-07-21 23:00:00,25.73,
2021-07-21 23:15:00,25.8,
2021-07-21 23:30:00,25.89,
2021-07-21 23:45:00,25.88,
2021-07-22 00:00:00,25.87,
2021-07-22 00:15:00,25.92,
2021-07-22 00:30:00,25.85,
2021-07-22 00:45:00,25.89,
2021-07-22 01:00:00,25.97,
2021-07-22 01:15:00,25.93,
2021-07-22 01:30:00,25.89,
2021-07-22 01:45:00,25.94,
2021-07-22 02:00:00,25.94,
2021-07-22 02:15:00,25.94,
2021-07-22 02:30:00,25.92,
2021-07-22 02:45:00,25.94,
2021-07-22 03:00:00,25.95,
2021-07-22 03:15:00,25.95,
2021-07-22 03:30:00,26.01,
2021-07-22 03:45:00,25.93,
2021-07-22 04:00:00,25.95,
2021-07-22 04:15:00,25.94,
2021-07-22 04:30:00,25.92,
2021-07-22 04:45:00,26.0,
2021-07-22 05:00:00,26.0,
2021-07-22 05:15:00,25.98,
2021-07-22 05:30:00,25.93,
2021-07-22 05:45:00,25.96,
2021-07-22 06:00:00,25.91,
2021-07-22 06:15:00,25.97,
2021-07-22 06:30:00,25.98,
2021-07-22 06:45:00,26.01,
2021-07-22 07:00:00,26.0,
2021-07-22 07:15:00,25.99,
2021-07-22 07:30:00,26.03,
2021-07-22 07:45:00,26.07,
2021-07-22 08:00:00,26.1,
2021-07-22 08:15:00,26.01,
2021-07-22 08:30:00,26.08,
2021-07-22 08:45:00,26.1,
2021-07-22 09:00:00,26.0,
2021-07-22 09:15:00,26.04,
2021-07-22 09:30:00,26.04,
2021-07-22 09:45:00,26.07,
2021-07-22 10:00:00,26.04,
2021-07-22 10:15:00,26.02,
2021-07-22 10:30:00,26.03,
2021-07-22 10:45:00,26.04,
2021-07-22 11:00:00,25.99,
2021-07-22 11:15:00,26.04,
2021-07-22 11:30:00,26.01,
2021-07-22 11:45:00,26.09,
2021-07-22 12:00:00,25.97,
2021-07-22 12:15:00,26.0,
2021-07-22 12:30:00,25.97,
2021-07-22 12:45:00,25.96,
2021-07-22 13:00:00,25.96,
2021-07-22 13:15:00,25.94,
2021-07-22 13:30:00,26.0,
2021-07-22 13:45:00,25.94,
2021-07-22 14:00:00,25.84,
2021-07-22 14:15:00,25.88,
2021-07-22 14:30:00,25.86,
2021-07-22 14:45:00,25.84,
2021-07-22 15:00:00,25.83,
2021-07-22 15:15:00,25.87,
2021-07-22 15:30:00,25.9,
2021-07-22 15:45:00,25.84,
2021-07-22 16:00:00,25.88,
2021-07-22 16:15:00,25.82,
2021-07-22 16:30:00,25.82,
2021-07-22 16:45:00,25.85,
2021-07-22 17:00:00,25.8,
2021-07-22 17:15:00,25.84,
2021-07-22 17:30:00,25.87,
2021-07-22 17:45:00,25.9,
2021-07-22 18:00:00,25.83,
2021-07-22 18:15:00,25.78,
2021-07-22 18:30:00,25.79,
2021-07-22 18:45:00,25.77,
2021-07-22 19:00:00,25.76,
2021-07-22 19:15:00,25.73,
2021-07-22 19:30:00,25.69,
2021-07-22 19:45:00,25.73,
2021-07-22 20:00:00,25.74,
2021-07-22 20:15:00,25.78,
2021-07-22 20:30:00,25.72,
2021-07-22 20:45:00,25.75,
2021-07-22 21:00:00,25.78,
2021-07-22 21:15:00,25.72,
2021-07-22 21:30:00,25.73,
2021-07-22 21:45:00,25.77,
2021-07-22 22:00:00,25.78,
2021-07-22 22:15:00,25.74,
2021-07-22 22:30:00,25.77,
2021-07-22 22:45:00,25.8,
2021-07-22 23:00:00,25.71,
2021-07-22 23:15:00,25.75,
2021-07-22 23:30:00,25.79,
2021-07-22 23:45:00,25.84,
2021-07-23 00:00:00,25.84,
2021-07-23 00:15:00,25.84,
2021-07-23 00:30:00,25.91,
2021-07-23 00:45:00,25.83,
2021-07-23 01:00:00,25.88,
2021-07-23 01:15:00,25.87,
2021-07-23 01:30:00,25.93,
2021-07-23 01:45:00,25.94,
2021-07-23 02:00:00,25.9,
2021-07-23 02:15:00,25.9,
2021-07-23 02:30:00,25.91,
2021-07-23 02:45:00,26.0,
2021-07-23 03:00:00,26.1,
2021-07-23 03:15:00,26.06,
2021-07-23 03:30:00,26.05,
2021-07-23 03:45:00,25.95,
2021-07-23 04:00:00,25.98,
2021-07-23 04:15:00,25.93,
2021-07-23 04:30:00,25.88,
2021-07-23 04:45:00,25.9,
2021-07-23 05:00:00,25.82,
2021-07-23 05:15:00,25.94,
2021-07-23 05:30:00,25.85,
2021-07-23 05:45:00,25.86,
2021-07-23 06:00:00,25.95,
2021-07-23 06:15:00,25.97,
2021-07-23 06:30:00,25.98,
2021-07-23 06:45:00,25.91,
2021-07-23 07:00:00,25.99,
2021-07-23 07:15:00,25.95,
2021-07-23 07:30:00,25.97,
2021-07-23 07:45:00,26.0,
2021-07-23 08:00:00,26.03,
2021-07-23 08:15:00,26.04,
2021-07-23 08:30:00,26.0,
2021-07-23 08:45:00,25.99,
2021-07-23 09:00:00,26.04,
2021-07-23 09:15:00,26.0,
2021-07-23 09:30:00,26.0,
2021-07-23 09:45:00,26.05,
2021-07-23 10:00:00,25.91,
2021-07-23 10:15:00,26.03,
2021-07-23 10:30:00,25.98,
2021-07-23 10:45:00,26.04,
2021-07-23 11:00:00,26.03,
2021-07-23 11:15:00,25.97,
2021-07-23 11:30:00,26.23,
2021-07-23 11:45:00,26.05,
2021-07-23 12:00:00,26.03,
2021-07-23 12:15:00,25.97,
2021-07-23 12:30:00,25.82,
2021-07-23 12:45:00,25.9,
2021-07-23 13:00:00,25.88,
2021-07-23 13:15:00,25.82,
2021-07-23 13:30:00,25.81,
2021-07-23 13:45:00,25.73,
2021-07-23 14:00:00,25.77,
2021-07-23 14:15:00,25.77,
2021-07-23 14:30:00,25.8,
2021-07-23 14:45:00,25.76,
2021-07-23 15:00:00,25.69,
2021-07-23 15:15:00,25.61,
2021-07-23 15:30:00,25.62,
2021-07-23 15:45:00,25.58,
2021-07-23 16:00:00,25.52,
2021-07-23 16:15:00,25.45,
2021-07-23 16:30:00,25.45,
2021-07-23 16:45:00,25.32,
2021-07-23 17:00:00,25.3,
2021-07-23 17:15:00,25.43,
2021-07-23 17:30:00,25.55,
2021-07-23 17:45:00,25.57,
2021-07-23 18:00:00,25.55,
2021-07-23 18:15:00,25.55,
2021-07-23 18:30:00,25.55,
2021-07-23 18:45:00,25.56,
2021-07-23 19:00:00,25.52,
2021-07-23 19:15:00,25.51,
2021-07-23 19:30:00,25.53,
2021-07-23 19:45:00,25.5,
2021-07-23 20:00:00,25.53,
2021-07-23 20:15:00,25.53,
2021-07-23 20:30:00,25.58,
2021-07-23 20:45:00,25.51,
2021-07-23 21:00:00,25.49,
2021-07-23 21:15:00,25.53,
2021-07-23 21:30:00,25.49,
2021-07-23 21:45:00,25.51,
2021-07-23 22:00:00,25.58,
2021-07-23 22:15:00,25.51,
2021-07-23 22:30:00,25.5,
2021-07-23 22:45:00,25.45,
2021-07-23 23:00:00,25.44,
2021-07-23 23:15:00,25.48,
2021-07-23 23:30:00,25.71,
2021-07-23 23:45:00,25.55,
2021-07-24 00:00:00,25.58,
2021-07-24 00:15:00,25.68,
2021-07-24 00:30:00,25.59,
2021-07-24 00:45:00,25.66,
2021-07-24 01:00:00,25.56,
2021-07-24 01:15:00,25.6,
2021-07-24 01:30:00,25.62,
2021-07-24 01:45:00,25.65,
2021-07-24 02:00:00,25.66,
2021-07-24 02:15:00,25.68,
2021-07-24 02:30:00,25.56,
2021-07-24 02:45:00,25.58,
2021-07-24 03:00:00,25.55,
2021-07-24 03:15:00,25.6,
2021-07-24 03:30:00,25.58,
2021-07-24 03:45:00,25.78,
2021-07-24 04:00:00,26.97,
2021-07-24 04:15:00,27.22,
2021-07-24 04:30:00,27.13,
2021-07-24 04:45:00,26.84,
2021-07-24 05:00:00,26.48,
2021-07-24 05:15:00,26.2,
2021-07-24 05:30:00,25.97,
2021-07-24 05:45:00,25.8,
2021-07-24 06:00:00,25.71,
2021-07-24 06:15:00,25.62,
2021-07-24 06:30:00,25.64,
2021-07-24 06:45:00,25.7,
2021-07-24 07:00:00,25.59,
2021-07-24 07:15:00,25.69,
2021-07-24 07:30:00,25.71,
2021-07-24 07:45:00,25.73,
2021-07-24 08:00:00,25.74,
2021-07-24 08:15:00,25.77,
2021-07-24 08:30:00,25.74,
2021-07-24 08:45:00,25.68,
2021-07-24 09:00:00,25.76,
2021-07-24 09:15:00,25.81,
2021-07-24 09:30:00,25.73,
2021-07-24 09:45:00,25.78,
2021-07-24 10:00:00,25.71,
2021-07-24 10:15:00,25.69,
2021-07-24 10:30:00,25.73,
2021-07-24 10:45:00,25.79,
2021-07-24 11:00:00,25.69,
2021-07-24 11:15:00,25.68,
2021-07-24 11:30:00,25.77,
2021-07-24 11:45:00,25.65,
2021-07-24 12:00:00,25.73,
2021-07-24 12:15:00,25.67,
2021-07-24 12:30:00,25.67,
2021-07-24 12:45:00,25.7,
2021-07-24 13:00:00,25.84,
2021-07-24 13:15:00,25.77,
2021-07-24 13:30:00,25.79,
2021-07-24 13:45:00,25.81,
2021-07-24 14:00:00,25.7,
2021-07-24 14:15:00,25.75,
2021-07-24 14:30:00,25.71,
2021-07-24 14:45:00,25.61,
2021-07-24 15:00:00,25.64,
2021-07-24 15:15:00,25.52,
2021-07-24 15:30:00,25.53,
2021-07-24 15:45:00,25.53,
2021-07-24 16:00:00,25.48,
2021-07-24 16:15:00,25.5,
2021-07-24 16:30:00,25.41,
2021-07-24 16:45:00,25.45,
2021-07-24 17:00:00,25.48,
2021-07-24 17:15:00,25.41,
2021-07-24 17:30:00,25.51,
2021-07-24 17:45:00,25.48,
2021-07-24 18:00:00,25.48,
2021-07-24 18:15:00,25.48,
2021-07-24 18:30:00,25.43,
2021-07-24 18:45:00,25.44,
2021-07-24 19:00:00,25.38,
2021-07-24 19:15:00,25.39,
2021-07-24 19:30:00,25.4,
2021-07-24 19:45:00,25.4,
2021-07-24 20:00:00,25.5,
2021-07-24 20:15:00,25.43,
2021-07-24 20:30:00,25.47,
2021-07-24 20:45:00,25.53,
2021-07-24 21:00:00,25.4,
2021-07-24 21:15:00,25.48,
2021-07-24 21:30:00,25.54,
2021-07-24 21:45:00,25.52,
2021-07-24 22:00:00,25.53,
2021-07-24 22:15:00,25.49,
2021-07-24 22:30:00,25.53,
2021-07-24 22:45:00,25.56,
2021-07-24 23:00:00,25.51,
2021-07-24 23:15:00,25.63,
2021-07-24 23:30:00,25.61,
2021-07-24 23:45:00,25.66,
2021-07-25 00:00:00,25.67,
2021-07-25 00:15:00,25.67,
2021-07-25 00:30:00,25.62,
2021-07-25 00:45:00,25.62,
2021-07-25 01:00:00,25.67,
2021-07-25 01:15:00,25.59,
2021-07-25 01:30:00,25.66,
2021-07-25 01:45:00,25.73,
2021-07-25 02:00:00,25.62,
2021-07-25 02:15:00,25.66,
2021-07-25 02:30:00,25.6,
2021-07-25 02:45:00,25.61,
2021-07-25 03:00:00,25.64,
2021-07-25 03:15:00,25.76,
2021-07-25 03:30:00,25.68,
2021-07-25 03:45:00,25.68,
2021-07-25 04:00:00,25.79,
2021-07-25 04:15:00,25.71,
2021-07-25 04:30:00,25.78,
2021-07-25 04:45:00,25.72,
2021-07-25 05:00:00,25.76,
2021-07-25 05:15:00,25.65,
2021-07-25 05:30:00,25.73,
2021-07-25 05:45:00,25.73,
2021-07-25 06:00:00,25.72,
2021-07-25 06:15:00,25.68,
2021-07-25 06:30:00,25.72,
2021-07-25 06:45:00,25.73,
2021-07-25 07:00:00,25.75,
2021-07-25 07:15:00,25.76,
2021-07-25 07:30:00,25.72,
2021-07-25 07:45:00,25.76,
2021-07-25 08:00:00,25.86,
2021-07-25 08:15:00,25.84,
2021-07-25 08:30:00,25.84,
2021-07-25 08:45:00,25.74,
2021-07-25 09:00:00,25.78,
2021-07-25 09:15:00,25.72,
2021-07-25 09:30:00,25.75,
2021-07-25 09:45:00,25.83,
2021-07-25 10:00:00,25.74,
2021-07-25 10:15:00,25.78,
2021-07-25 10:30:00,25.82,
2021-07-25 10:45:00,25.87,
2021-07-25 11:00:00,25.86,
2021-07-25 11:15:00,25.85,
2021-07-25 11:30:00,25.87,
2021-07-25 11:45:00,25.84,
2021-07-25 12:00:00,25.87,
2021-07-25 12:15:00,25.71,
2021-07-25 12:30:00,25.79,
2021-07-25 12:45:00,25.64,
2021-07-25 13:00:00,25.69,
2021-07-25 13:15:00,25.63,
2021-07-25 13:30:00,25.62,
2021-07-25 13:45:00,25.57,
2021-07-25 14:00:00,25.55,
2021-07-25 14:15:00,25.56,
2021-07-25 14:30:00,25.57,
2021-07-25 14:45:00,25.52,
2021-07-25 15:00:00,25.43,
2021-07-25 15:15:00,25.44,
2021-07-25 15:30:00,25.48,
2021-07-25 15:45:00,25.43,
2021-07-25 16:00:00,25.42,
2021-07-25 16:15:00,25.49,
2021-07-25 16:30:00,25.35,
2021-07-25 16:45:00,25.3,
2021-07-25 17:00:00,25.36,
2021-07-25 17:15:00,25.33,
2021-07-25 17:30:00,25.43,
2021-07-25 17:45:00,25.37,
2021-07-25 18:00:00,25.37,
2021-07-25 18:15:00,25.26,
2021-07-25 18:30:00,25.28,
2021-07-25 18:45:00,25.14,
2021-07-25 19:00:00,25.22,
2021-07-25 19:15:00,25.2,
2021-07-25 19:30:00,25.24,
2021-07-25 19:45:00,25.23,
2021-07-25 20:00:00,25.4,
2021-07-25 20:15:00,25.65,
2021-07-25 20:30:00,25.75,
2021-07-25 20:45:00,25.61,
2021-07-25 21:00:00,25.67,
2021-07-25 21:15:00,25.66,
2021-07-25 21:30:00,25.53,
2021-07-25 21:45:00,25.4,
2021-07-25 22:00:00,25.32,
2021-07-25 22:15:00,25.35,
2021-07-25 22:30:00,25.18,
2021-07-25 22:45:00,25.14,
2021-07-25 23:00:00,25.16,
2021-07-25 23:15:00,25.29,
2021-07-25 23:30:00,25.26,
2021-07-25 23:45:00,25.41,
2021-07-26 00:00:00,25.4,
2021-07-26 00:15:00,25.45,
2021-07-26 00:30:00,25.45,
2021-07-26 00:45:00,25.39,
2021-07-26 01:00:00,25.44,
2021-07-26 01:15:00,25.44,
2021-07-26 01:30:00,25.42,
2021-07-26 01:45:00,25.52,
2021-07-26 02:00:00,25.41,
2021-07-26 02:15:00,25.51,
2021-07-26 02:30:00,25.48,
2021-07-26 02:45:00,25.42,
2021-07-26 03:00:00,25.41,
2021-07-26 03:15:00,25.49,
2021-07-26 03:30:00,25.52,
2021-07-26 03:45:00,25.44,
2021-07-26 04:00:00,25.53,
2021-07-26 04:15:00,25.51,
2021-07-26 04:30:00,25.54,
2021-07-26 04:45:00,25.57,
2021-07-26 05:00:00,25.52,
2021-07-26 05:15:00,25.5,
2021-07-26 05:30:00,25.44,
2021-07-26 05:45:00,25.33,
2021-07-26 06:00:00,25.46,
2021-07-26 06:15:00,25.52,
2021-07-26 06:30:00,25.49,
2021-07-26 06:45:00,25.53,
2021-07-26 07:00:00,25.54,
2021-07-26 07:15:00,25.54,
2021-07-26 07:30:00,25.52,
2021-07-26 07:45:00,25.58,
2021-07-26 08:00:00,25.62,
2021-07-26 08:15:00,25.62,
2021-07-26 08:30:00,25.68,
2021-07-26 08:45:00,25.69,
2021-07-26 09:00:00,25.66,
2021-07-26 09:15:00,25.72,
2021-07-26 09:30:00,25.72,
2021-07-26 09:45:00,25.66,
2021-07-26 10:00:00,25.68,
2021-07-26 10:15:00,25.69,
2021-07-26 10:30:00,25.77,
2021-07-26 10:45:00,25.65,
2021-07-26 11:00:00,25.62,
2021-07-26 11:15:00,25.67,
2021-07-26 11:30:00,25.55,
2021-07-26 11:45:00,25.61,
2021-07-26 12:00:00,25.68,
2021-07-26 12:15:00,25.57,
2021-07-26 12:30:00,25.56,
2021-07-26 12:45:00,25.52,
2021-07-26 13:00:00,25.44,
2021-07-26 13:15:00,25.42,
2021-07-26 13:30:00,25.38,
2021-07-26 13:45:00,25.41,
2021-07-26 14:00:00,25.28,
2021-07-26 14:15:00,25.4,
2021-07-26 14:30:00,25.32,
2021-07-26 14:45:00,25.28,
2021-07-26 15:00:00,25.29,
2021-07-26 15:15:00,25.2,
2021-07-26 15:30:00,25.21,
2021-07-26 15:45:00,25.18,
2021-07-26 16:00:00,25.14,
2021-07-26 16:15:00,25.11,
2021-07-26 16:30:00,25.12,
2021-07-26 16:45:00,25.08,
2021-07-26 17:00:00,25.09,
2021-07-26 17:15:00,25.18,
2021-07-26 17:30:00,25.12,
2021-07-26 17:45:00,25.14,
2021-07-26 18:00:00,25.14,
2021-07-26 18:15:00,25.2,
2021-07-26 18:30:00,25.17,
2021-07-26 18:45:00,25.04,
2021-07-26 19:00:00,25.04,
2021-07-26 19:15:00,25.03,
2021-07-26 19:30:00,25.14,
2021-07-26 19:45:00,25.02,
2021-07-26 20:00:00,25.14,
2021-07-26 20:15:00,25.06,
2021-07-26 20:30:00,25.08,
2021-07-26 20:45:00,25.16,
2021-07-26 21:00:00,25.27,
2021-07-26 21:15:00,25.11,
2021-07-26 21:30:00,25.2,
2021-07-26 21:45:00,25.13,
2021-07-26 22:00:00,25.15,
2021-07-26 22:15:00,25.03,
2021-07-26 22:30:00,25.19,
2021-07-26 22:45:00,25.21,
2021-07-26 23:00:00,25.23,
2021-07-26 23:15:00,25.14,
2021-07-26 23:30:00,25.26,
2021-07-26 23:45:00,25.25,
2021-07-27 00:00:00,25.28,
2021-07-27 00:15:00,25.18,
2021-07-27 00:30:00,25.31,
2021-07-27 00:45:00,25.29,
2021-07-27 01:00:00,25.28,
2021-07-27 01:15:00,25.37,
2021-07-27 01:30:00,25.41,
2021-07-27 01:45:00,25.36,
2021-07-27 02:00:00,25.27,
2021-07-27 02:15:00,25.45,
2021-07-27 02:30:00,25.4,
2021-07-27 02:45:00,25.46,
2021-07-27 03:00:00,25.42,
2021-07-27 03:15:00,25.45,
2021-07-27 03:30:00,25.57,
2021-07-27 03:45:00,25.52,
2021-07-27 04:00:00,25.43,
2021-07-27 04:15:00,25.42,
2021-07-27 04:30:00,25.41,
2021-07-27 04:45:00,25.37,
2021-07-27 05:00:00,25.43,
2021-07-27 05:15:00,25.41,
2021-07-27 05:30:00,25.34,
2021-07-27 05:45:00,25.4,
2021-07-27 06:00:00,25.29,
2021-07-27 06:15:00,25.39,
2021-07-27 06:30:00,25.49,
2021-07-27 06:45:00,25.44,
2021-07-27 07:00:00,25.52,
2021-07-27 07:15:00,25.5,
2021-07-27 07:30:00,25.61,
2021-07-27 07:45:00,25.6,
2021-07-27 08:00:00,25.53,
2021-07-27 08:15:00,25.54,
2021-07-27 08:30:00,25.6,
2021-07-27 08:45:00,25.63,
2021-07-27 09:00:00,25.71,
2021-07-27 09:15:00,25.63,
2021-07-27 09:30:00,25.68,
2021-07-27 09:45:00,25.63,
2021-07-27 10:00:00,25.59,
2021-07-27 10:15:00,25.66,
2021-07-27 10:30:00,25.7,
2021-07-27 10:45:00,25.71,
2021-07-27 11:00:00,25.59,
2021-07-27 11:15:00,25.52,
2021-07-27 11:30:00,25.59,
2021-07-27 11:45:00,25.61,
2021-07-27 12:00:00,25.57,
2021-07-27 12:15:00,25.58,
2021-07-27 12:30:00,25.51,
2021-07-27 12:45:00,25.5,
2021-07-27 13:00:00,25.56,
2021-07-27 13:15:00,25.52,
2021-07-27 13:30:00,25.44,
2021-07-27 13:45:00,25.48,
2021-07-27 14:00:00,25.41,
2021-07-27 14:15:00,25.47,
2021-07-27 14:30:00,25.39,
2021-07-27 14:45:00,25.45,
2021-07-27 15:00:00,25.36,
2021-07-27 15:15:00,25.34,
2021-07-27 15:30:00,25.27,
2021-07-27 15:45:00,25.34,
2021-07-27 16:00:00,25.32,
2021-07-27 16:15:00,25.12,
2021-07-27 16:30:00,25.21,
2021-07-27 16:45:00,25.26,
2021-07-27 17:00:00,25.08,
2021-07-27 17:15:00,25.14,
2021-07-27 17:30:00,25.2,
2021-07-27 17:45:00,25.14,
2021-07-27 18:00:00,25.11,
2021-07-27 18:15:00,25.17,
2021-07-27 18:30:00,25.12,
2021-07-27 18:45:00,25.12,
2021-07-27 19:00:00,25.06,
2021-07-27 19:15:00,25.02,
2021-07-27 19:30:00,25.12,
2021-07-27 19:45:00,25.02,
2021-07-27 20:00:00,25.14,
2021-07-27 20:15:00,25.08,
2021-07-27 20:30:00,25.09,
2021-07-27 20:45:00,25.07,
2021-07-27 21:00:00,25.12,
2021-07-27 21:15:00,25.14,
2021-07-27 21:30:00,25.04,
2021-07-27 21:45:00,24.97,
2021-07-27 22:00:00,25.07,
2021-07-27 22:15:00,25.01,
2021-07-27 22:30:00,25.13,
2021-07-27 22:45:00,25.14,
2021-07-27 23:00:00,25.11,
2021-07-27 23:15:00,25.14,
2021-07-27 23:30:00,25.18,
2021-07-27 23:45:00,25.2,
2021-07-28 00:00:00,25.19,
2021-07-28 00:15:00,25.19,
2021-07-28 00:30:00,25.23,
2021-07-28 00:45:00,25.17,
2021-07-28 01:00:00,25.18,
2021-07-28 01:15:00,25.24,
2021-07-28 01:30:00,25.26,
2021-07-28 01:45:00,25.25,
2021-07-28 02:00:00,25.29,
2021-07-28 02:15:00,25.3,
2021-07-28 02:30:00,25.33,
2021-07-28 02:45:00,25.34,
2021-07-28 03:00:00,25.3,
2021-07-28 03:15:00,25.3,
2021-07-28 03:30:00,25.41,
2021-07-28 03:45:00,25.32,
2021-07-28 04:00:00,25.42,
2021-07-28 04:15:00,25.36,
2021-07-28 04:30:00,25.35,
2021-07-28 04:45:00,25.33,
2021-07-28 05:00:00,25.24,
2021-07-28 05:15:00,25.32,
2021-07-28 05:30:00,25.41,
2021-07-28 05:45:00,25.28,
2021-07-28 06:00:00,25.32,
2021-07-28 06:15:00,25.42,
2021-07-28 06:30:00,25.73,
2021-07-28 06:45:00,25.63,
2021-07-28 07:00:00,25.57,
2021-07-28 07:15:00,25.48,
2021-07-28 07:30:00,25.42,
2021-07-28 07:45:00,25.47,
2021-07-28 08:00:00,25.42,
2021-07-28 08:15:00,25.62,
2021-07-28 08:30:00,25.55,
2021-07-28 08:45:00,25.48,
2021-07-28 09:00:00,25.58,
2021-07-28 09:15:00,25.51,
2021-07-28 09:30:00,25.49,
2021-07-28 09:45:00,25.48,
2021-07-28 10:00:00,25.49,
2021-07-28 10:15:00,25.41,
2021-07-28 10:30:00,25.37,
2021-07-28 10:45:00,25.39,
2021-07-28 11:00:00,25.36,
2021-07-28 11:15:00,25.35,
2021-07-28 11:30:00,25.41,
2021-07-28 11:45:00,25.34,
2021-07-28 12:00:00,25.38,
2021-07-28 12:15:00,25.37,
2021-07-28 12:30:00,25.42,
2021-07-28 12:45:00,25.53,
2021-07-28 13:00:00,25.52,
2021-07-28 13:15:00,25.6,
2021-07-28 13:30:00,25.82,
2021-07-28 13:45:00,25.92,
2021-07-28 14:00:00,25.88,
2021-07-28 14:15:00,25.85,
2021-07-28 14:30:00,25.87,
2021-07-28 14:45:00,25.8,
2021-07-28 15:00:00,25.76,
2021-07-28 15:15:00,25.81,
2021-07-28 15:30:00,25.82,
2021-07-28 15:45:00,25.82,
2021-07-28 16:00:00,25.92,
2021-07-28 16:15:00,25.83,
2021-07-28 16:30:00,26.04,
2021-07-28 16:45:00,26.04,
2021-07-28 17:00:00,26.11,
2021-07-28 17:15:00,26.15,
2021-07-28 17:30:00,26.21,
2021-07-28 17:45:00,26.18,
2021-07-28 18:00:00,26.15,
2021-07-28 18:15:00,26.12,
2021-07-28 18:30:00,26.13,
2021-07-28 18:45:00,26.03,
2021-07-28 19:00:00,26.02,
2021-07-28 19:15:00,25.95,
2021-07-28 19:30:00,25.98,
2021-07-28 19:45:00,25.95,
2021-07-28 20:00:00,26.0,
2021-07-28 20:15:00,25.98,
2021-07-28 20:30:00,25.99,
2021-07-28 20:45:00,25.96,
2021-07-28 21:00:00,25.93,
2021-07-28 21:15:00,25.98,
2021-07-28 21:30:00,26.0,
2021-07-28 21:45:00,25.91,
2021-07-28 22:00:00,25.87,
2021-07-28 22:15:00,26.05,
2021-07-28 22:30:00,25.91,
2021-07-28 22:45:00,25.85,
2021-07-28 23:00:00,25.8,
2021-07-28 23:15:00,25.9,
2021-07-28 23:30:00,25.89,
2021-07-28 23:45:00,25.86,
2021-07-29 00:00:00,25.74,
2021-07-29 00:15:00,25.85,
2021-07-29 00:30:00,25.84,
2021-07-29 00:45:00,25.9,
2021-07-29 01:00:00,25.87,
2021-07-29 01:15:00,25.85,
2021-07-29 01:30:00,25.87,
2021-07-29 01:45:00,25.86,
2021-07-29 02:00:00,25.91,
2021-07-29 02:15:00,25.93,
2021-07-29 02:30:00,25.9,
2021-07-29 02:45:00,25.88,
2021-07-29 03:00:00,25.88,
2021-07-29 03:15:00,25.85,
2021-07-29 03:30:00,25.85,
2021-07-29 03:45:00,25.84,
2021-07-29 04:00:00,25.88,
2021-07-29 04:15:00,25.85,
2021-07-29 04:30:00,25.91,
2021-07-29 04:45:00,25.99,
2021-07-29 05:00:00,25.93,
2021-07-29 05:15:00,25.89,
2021-07-29 05:30:00,25.93,
2021-07-29 05:45:00,25.92,
2021-07-29 06:00:00,25.89,
2021-07-29 06:15:00,25.98,
2021-07-29 06:30:00,25.95,
2021-07-29 06:45:00,25.95,
2021-07-29 07:00:00,26.01,
2021-07-29 07:15:00,25.96,
2021-07-29 07:30:00,25.96,
2021-07-29 07:45:00,26.01,
2021-07-29 08:00:00,25.95,
2021-07-29 08:15:00,25.97,
2021-07-29 08:30:00,25.98,
2021-07-29 08:45:00,26.03,
2021-07-29 09:00:00,26.12,
2021-07-29 09:15:00,26.06,
2021-07-29 09:30:00,26.05,
2021-07-29 09:45:00,26.11,
2021-07-29 10:00:00,26.09,
2021-07-29 10:15:00,26.11,
2021-07-29 10:30:00,26.15,
2021-07-29 10:45:00,26.14,
2021-07-29 11:00:00,26.07,
2021-07-29 11:15:00,26.07,
2021-07-29 11:30:00,25.98,
2021-07-29 11:45:00,25.96,
2021-07-29 12:00:00,26.05,
2021-07-29 12:15:00,25.98,
2021-07-29 12:30:00,26.04,
2021-07-29 12:45:00,26.03,
2021-07-29 13:00:00,25.93,
2021-07-29 13:15:00,25.91,
2021-07-29 13:30:00,25.89,
2021-07-29 13:45:00,25.89,
2021-07-29 14:00:00,25.87,
2021-07-29 14:15:00,25.98,
2021-07-29 14:30:00,25.87,
2021-07-29 14:45:00,25.83,
2021-07-29 15:00:00,25.94,
2021-07-29 15:15:00,25.9,
2021-07-29 15:30:00,25.75,
2021-07-29 15:45:00,25.74,
2021-07-29 16:00:00,25.75,
2021-07-29 16:15:00,25.87,
2021-07-29 16:30:00,25.7,
2021-07-29 16:45:00,25.74,
2021-07-29 17:00:00,25.87,
2021-07-29 17:15:00,25.8,
2021-07-29 17:30:00,25.86,
2021-07-29 17:45:00,25.75,
2021-07-29 18:00:00,25.74,
2021-07-29 18:15:00,25.69,
2021-07-29 18:30:00,25.75,
2021-07-29 18:45:00,25.71,
2021-07-29 19:00:00,25.62,
2021-07-29 19:15:00,25.71,
2021-07-29 19:30:00,25.73,
2021-07-29 19:45:00,25.72,
2021-07-29 20:00:00,25.62,
2021-07-29 20:15:00,25.72,
2021-07-29 20:30:00,25.69,
2021-07-29 20:45:00,25.76,
2021-07-29 21:00:00,25.75,
2021-07-29 21:15:00,25.73,
2021-07-29 21:30:00,25.73,
2021-07-29 21:45:00,25.76,
2021-07-29 22:00:00,25.69,
2021-07-29 22:15:00,25.78,
2021-07-29 22:30:00,25.76,
2021-07-29 22:45:00,25.87,
2021-07-29 23:00:00,26.03,
2021-07-29 23:15:00,26.03,
2021-07-29 23:30:00,25.91,
2021-07-29 23:45:00,25.82,
2021-07-30 00:00:00,25.85,
2021-07-30 00:15:00,25.83,
2021-07-30 00:30:00,25.85,
2021-07-30 00:45:00,25.93,
2021-07-30 01:00:00,25.89,
2021-07-30 01:15:00,25.93,
2021-07-30 01:30:00,25.86,
2021-07-30 01:45:00,25.82,
2021-07-30 02:00:00,25.84,
2021-07-30 02:15:00,25.71,
2021-07-30 02:30:00,25.72,
2021-07-30 02:45:00,25.75,
2021-07-30 03:00:00,25.93,
2021-07-30 03:15:00,25.9,
2021-07-30 03:30:00,25.97,
2021-07-30 03:45:00,25.9,
2021-07-30 04:00:00,25.81,
2021-07-30 04:15:00,25.81,
2021-07-30 04:30:00,25.78,
2021-07-30 04:45:00,25.77,
2021-07-30 05:00:00,25.69,
2021-07-30 05:15:00,25.78,
2021-07-30 05:30:00,25.7,
2021-07-30 05:45:00,25.71,
2021-07-30 06:00:00,25.76,
2021-07-30 06:15:00,25.77,
2021-07-30 06:30:00,25.91,
2021-07-30 06:45:00,26.08,
2021-07-30 07:00:00,26.33,
2021-07-30 07:15:00,26.45,
2021-07-30 07:30:00,26.53,
2021-07-30 07:45:00,26.53,
2021-07-30 08:00:00,26.61,
2021-07-30 08:15:00,26.43,
2021-07-30 08:30:00,26.4,
2021-07-30 08:45:00,26.39,
2021-07-30 09:00:00,26.42,
2021-07-30 09:15:00,26.39,
2021-07-30 09:30:00,26.26,
2021-07-30 09:45:00,26.26,
2021-07-30 10:00:00,26.19,
2021-07-30 10:15:00,26.18,
2021-07-30 10:30:00,26.2,
2021-07-30 10:45:00,26.16,
2021-07-30 11:00:00,26.22,
2021-07-30 11:15:00,26.12,
2021-07-30 11:30:00,26.11,
2021-07-30 11:45:00,26.05,
2021-07-30 12:00:00,26.13,
2021-07-30 12:15:00,26.16,
2021-07-30 12:30:00,26.06,
2021-07-30 12:45:00,26.03,
2021-07-30 13:00:00,26.07,
2021-07-30 13:15:00,26.04,
2021-07-30 13:30:00,26.08,
2021-07-30 13:45:00,26.0,
2021-07-30 14:00:00,25.96,
2021-07-30 14:15:00,26.1,
2021-07-30 14:30:00,26.11,
2021-07-30 14:45:00,26.13,
2021-07-30 15:00:00,26.12,
2021-07-30 15:15:00,26.09,
2021-07-30 15:30:00,25.96,
2021-07-30 15:45:00,26.04,
2021-07-30 16:00:00,25.94,
2021-07-30 16:15:00,25.93,
2021-07-30 16:30:00,25.92,
2021-07-30 16:45:00,25.89,
2021-07-30 17:00:00,25.81,
2021-07-30 17:15:00,25.94,
2021-07-30 17:30:00,25.86,
2021-07-30 17:45:00,26.02,
2021-07-30 18:00:00,26.02,
2021-07-30 18:15:00,26.04,
2021-07-30 18:30:00,26.11,
2021-07-30 18:45:00,25.98,
2021-07-30 19:00:00,25.93,
2021-07-30 19:15:00,25.86,
2021-07-30 19:30:00,25.89,
2021-07-30 19:45:00,25.89,
2021-07-30 20:00:00,25.74,
2021-07-30 20:15:00,25.84,
2021-07-30 20:30:00,25.8,
2021-07-30 20:45:00,25.67,
2021-07-30 21:00:00,25.61,
2021-07-30 21:15:00,25.54,
2021-07-30 21:30:00,25.51,
2021-07-30 21:45:00,25.6,
2021-07-30 22:00:00,25.65,
2021-07-30 22:15:00,25.73,
2021-07-30 22:30:00,25.72,
2021-07-30 22:45:00,26.06,
2021-07-30 23:00:00,25.8,
2021-07-30 23:15:00,25.79,
2021-07-30 23:30:00,25.78,
2021-07-30 23:45:00,25.82,
2021-07-31 00:00:00,25.8,
2021-07-31 00:15:00,25.78,
2021-07-31 00:30:00,25.74,
2021-07-31 00:45:00,25.85,
2021-07-31 01:00:00,25.78,
2021-07-31 01:15:00,25.73,
2021-07-31 01:30:00,25.75,
2021-07-31 01:45:00,25.7,
2021-07-31 02:00:00,25.64,
2021-07-31 02:15:00,25.8,
2021-07-31 02:30:00,25.78,
2021-07-31 02:45:00,25.68,
2021-07-31 03:00:00,25.82,
2021-07-31 03:15:00,25.98,
2021-07-31 03:30:00,25.92,
2021-07-31 03:45:00,25.91,
2021-07-31 04:00:00,25.87,
2021-07-31 04:15:00,25.77,
2021-07-31 04:30:00,25.84,
2021-07-31 04:45:00,25.87,
2021-07-31 05:00:00,25.75,
2021-07-31 05:15:00,25.77,
2021-07-31 05:30:00,25.83,
2021-07-31 05:45:00,25.84,
2021-07-31 06:00:00,25.83,
2021-07-31 06:15:00,25.83,
2021-07-31 06:30:00,25.82,
2021-07-31 06:45:00,25.82,
2021-07-31 07:00:00,25.83,
2021-07-31 07:15:00,25.8,
2021-07-31 07:30:00,25.86,
2021-07-31 07:45:00,25.92,
2021-07-31 08:00:00,25.92,
2021-07-31 08:15:00,25.89,
2021-07-31 08:30:00,25.95,
2021-07-31 08:45:00,25.86,
2021-07-31 09:00:00,25.89,
2021-07-31 09:15:00,25.78,
2021-07-31 09:30:00,25.84,
2021-07-31 09:45:00,25.81,
2021-07-31 10:00:00,25.86,
2021-07-31 10:15:00,25.89,
2021-07-31 10:30:00,25.88,
2021-07-31 10:45:00,25.84,
2021-07-31 11:00:00,25.89,
2021-07-31 11:15:00,25.82,
2021-07-31 11:30:00,25.76,
2021-07-31 11:45:00,25.8,
2021-07-31 12:00:00,25.79,
2021-07-31 12:15:00,25.84,
2021-07-31 12:30:00,25.7,
2021-07-31 12:45:00,25.69,
2021-07-31 13:00:00,25.71,
2021-07-31 13:15:00,25.76,
2021-07-31 13:30:00,25.65,
2021-07-31 13:45:00,25.65,
2021-07-31 14:00:00,25.64,
2021-07-31 14:15:00,25.68,
2021-07-31 14:30:00,25.66,
2021-07-31 14:45:00,25.55,
2021-07-31 15:00:00,25.74,
2021-07-31 15:15:00,25.62,
2021-07-31 15:30:00,25.62,
2021-07-31 15:45:00,25.72,
2021-07-31 16:00:00,25.72,
2021-07-31 16:15:00,25.74,
2021-07-31 16:30:00,25.67,
2021-07-31 16:45:00,25.87,
2021-07-31 17:00:00,25.8,
2021-07-31 17:15:00,25.77,
2021-07-31 17:30:00,25.91,
2021-07-31 17:45:00,25.88,
2021-07-31 18:00:00,25.91,
2021-07-31 18:15:00,25.82,
2021-07-31 18:30:00,25.91,
2021-07-31 18:45:00,25.92,
2021-07-31 19:00:00,25.99,
2021-07-31 19:15:00,26.0,
2021-07-31 19:30:00,26.05,
2021-07-31 19:45:00,26.06,
2021-07-31 20:00:00,25.95,
2021-07-31 20:15:00,25.99,
2021-07-31 20:30:00,25.96,
2021-07-31 20:45:00,25.88,
2021-07-31 21:00:00,26.0,
2021-07-31 21:15:00,25.96,
2021-07-31 21:30:00,25.92,
2021-07-31 21:45:00,25.99,
2021-07-31 22:00:00,26.02,
2021-07-31 22:15:00,25.94,
2021-07-31 22:30:00,25.94,
2021-07-31 22:45:00,25.84,
2021-07-31 23:00:00,25.83,
2021-07-31 23:15:00,25.84,
2021-07-31 23:30:00,25.9,
2021-07-31 23:45:00,25.73,
2021-08-01 00:00:00,25.71,
2021-08-01 00:15:00,25.7,
2021-08-01 00:30:00,25.71,
2021-08-01 00:45:00,25.71,
2021-08-01 01:00:00,25.67,
2021-08-01 01:15:00,25.7,
2021-08-01 01:30:00,25.7,
2021-08-01 01:45:00,25.69,
2021-08-01 02:00:00,25.62,
2021-08-01 02:15:00,25.56,
2021-08-01 02:30:00,25.59,
2021-08-01 02:45:00,25.6,
2021-08-01 03:00:00,25.67,
2021-08-01 03:15:00,25.67,
2021-08-01 03:30:00,25.68,
2021-08-01 03:45:00,25.64,
2021-08-01 04:00:00,25.74,
2021-08-01 04:15:00,25.63,
2021-08-01 04:30:00,25.69,
2021-08-01 04:45:00,25.61,
2021-08-01 05:00:00,25.71,
2021-08-01 05:15:00,25.6,
2021-08-01 05:30:00,25.69,
2021-08-01 05:45:00,25.59,
2021-08-01 06:00:00,25.65,
2021-08-01 06:15:00,25.67,
2021-08-01 06:30:00,25.65,
2021-08-01 06:45:00,25.68,
2021-08-01 07:00:00,25.65,
2021-08-01 07:15:00,25.62,
2021-08-01 07:30:00,25.66,
2021-08-01 07:45:00,25.62,
2021-08-01 08:00:00,25.64,
2021-08-01 08:15:00,25.65,
2021-08-01 08:30:00,25.68,
2021-08-01 08:45:00,25.7,
2021-08-01 09:00:00,25.61,
2021-08-01 09:15:00,25.65,
2021-08-01 09:30:00,25.74,
2021-08-01 09:45:00,25.65,
2021-08-01 10:00:00,25.71,
2021-08-01 10:15:00,25.64,
2021-08-01 10:30:00,25.68,
2021-08-01 10:45:00,25.69,
2021-08-01 11:00:00,25.7,
2021-08-01 11:15:00,25.61,
2021-08-01 11:30:00,25.57,
2021-08-01 11:45:00,25.55,
2021-08-01 12:00:00,25.64,
2021-08-01 12:15:00,25.59,
2021-08-01 12:30:00,25.56,
2021-08-01 12:45:00,25.6,
2021-08-01 13:00:00,25.52,
2021-08-01 13:15:00,25.4,
2021-08-01 13:30:00,26.34,
2021-08-01 13:45:00,28.37,
2021-08-01 14:00:00,27.74,
2021-08-01 14:15:00,27.71,
2021-08-01 14:30:00,27.23,
2021-08-01 14:45:00,26.8,
2021-08-01 15:00:00,26.61,
2021-08-01 15:15:00,26.53,
2021-08-01 15:30:00,26.74,
2021-08-01 15:45:00,26.92,
2021-08-01 16:00:00,27.09,
2021-08-01 16:15:00,27.13,
2021-08-01 16:30:00,27.44,
2021-08-01 16:45:00,28.08,
2021-08-01 17:00:00,28.68,
2021-08-01 17:15:00,29.16,
2021-08-01 17:30:00,29.63,
2021-08-01 17:45:00,29.61,
2021-08-01 18:00:00,29.64,
2021-08-01 18:15:00,29.38,
2021-08-01 18:30:00,29.19,
2021-08-01 18:45:00,28.85,
2021-08-01 19:00:00,28.55,
2021-08-01 19:15:00,28.18,
2021-08-01 19:30:00,28.0,
2021-08-01 19:45:00,27.66,
2021-08-01 20:00:00,27.57,
2021-08-01 20:15:00,27.38,
2021-08-01 20:30:00,27.25,
2021-08-01 20:45:00,27.12,
2021-08-01 21:00:00,26.95,
2021-08-01 21:15:00,26.79,
2021-08-01 21:30:00,26.69,
2021-08-01 21:45:00,26.6,
2021-08-01 22:00:00,26.59,
2021-08-01 22:15:00,26.43,
2021-08-01 22:30:00,26.34,
2021-08-01 22:45:00,26.33,
2021-08-01 23:00:00,26.34,
2021-08-01 23:15:00,26.25,
2021-08-01 23:30:00,26.1,
2021-08-01 23:45:00,26.14,
2021-08-02 00:00:00,26.26,
2021-08-02 00:15:00,26.12,
2021-08-02 00:30:00,26.09,
2021-08-02 00:45:00,26.07,
2021-08-02 01:00:00,26.09,
2021-08-02 01:15:00,26.11,
2021-08-02 01:30:00,26.0,
2021-08-02 01:45:00,25.98,
2021-08-02 02:00:00,25.99,
2021-08-02 02:15:00,26.0,
2021-08-02 02:30:00,26.01,
2021-08-02 02:45:00,26.0,
2021-08-02 03:00:00,26.02,
2021-08-02 03:15:00,25.98,
2021-08-02 03:30:00,26.03,
2021-08-02 03:45:00,26.01,
2021-08-02 04:00:00,25.97,
2021-08-02 04:15:00,26.01,
2021-08-02 04:30:00,25.94,
2021-08-02 04:45:00,25.94,
2021-08-02 05:00:00,25.97,
2021-08-02 05:15:00,25.98,
2021-08-02 05:30:00,25.91,
2021-08-02 05:45:00,25.94,
2021-08-02 06:00:00,26.01,
2021-08-02 06:15:00,25.97,
2021-08-02 06:30:00,25.98,
2021-08-02 06:45:00,25.99,
2021-08-02 07:00:00,25.95,
2021-08-02 07:15:00,25.95,
2021-08-02 07:30:00,25.94,
2021-08-02 07:45:00,25.98,
2021-08-02 08:00:00,25.97,
2021-08-02 08:15:00,25.94,
2021-08-02 08:30:00,25.98,
2021-08-02 08:45:00,26.0,
2021-08-02 09:00:00,26.08,
2021-08-02 09:15:00,26.03,
2021-08-02 09:30:00,26.02,
2021-08-02 09:45:00,26.04,
2021-08-02 10:00:00,26.08,
2021-08-02 10:15:00,26.05,
2021-08-02 10:30:00,26.13,
2021-08-02 10:45:00,26.09,
2021-08-02 11:00:00,26.07,
2021-08-02 11:15:00,26.01,
2021-08-02 11:30:00,26.01,
2021-08-02 11:45:00,26.04,
2021-08-02 12:00:00,26.09,
2021-08-02 12:15:00,26.16,
2021-08-02 12:30:00,26.06,
2021-08-02 12:45:00,26.19,
2021-08-02 13:00:00,26.43,
2021-08-02 13:15:00,26.66,
2021-08-02 13:30:00,26.6,
2021-08-02 13:45:00,26.47,
2021-08-02 14:00:00,26.38,
2021-08-02 14:15:00,26.41,
2021-08-02 14:30:00,26.34,
2021-08-02 14:45:00,26.46,
2021-08-02 15:00:00,26.45,
2021-08-02 15:15:00,26.43,
2021-08-02 15:30:00,26.31,
2021-08-02 15:45:00,26.21,
2021-08-02 16:00:00,26.17,
2021-08-02 16:15:00,26.18,
2021-08-02 16:30:00,26.08,
2021-08-02 16:45:00,26.06,
2021-08-02 17:00:00,26.03,
2021-08-02 17:15:00,25.97,
2021-08-02 17:30:00,25.95,
2021-08-02 17:45:00,25.95,
2021-08-02 18:00:00,25.87,
2021-08-02 18:15:00,25.93,
2021-08-02 18:30:00,25.82,
2021-08-02 18:45:00,25.89,
2021-08-02 19:00:00,25.82,
2021-08-02 19:15:00,25.76,
2021-08-02 19:30:00,25.72,
2021-08-02 19:45:00,25.76,
2021-08-02 20:00:00,25.82,
2021-08-02 20:15:00,25.83,
2021-08-02 20:30:00,25.84,
2021-08-02 20:45:00,25.92,
2021-08-02 21:00:00,25.83,
2021-08-02 21:15:00,25.86,
2021-08-02 21:30:00,25.89,
2021-08-02 21:45:00,25.87,
2021-08-02 22:00:00,25.8,
2021-08-02 22:15:00,25.77,
2021-08-02 22:30:00,25.73,
2021-08-02 22:45:00,25.74,
2021-08-02 23:00:00,25.78,
2021-08-02 23:15:00,25.75,
2021-08-02 23:30:00,25.86,
2021-08-02 23:45:00,25.81,
2021-08-03 00:00:00,25.8,
2021-08-03 00:15:00,25.72,
2021-08-03 00:30:00,25.69,
2021-08-03 00:45:00,25.85,
2021-08-03 01:00:00,25.84,
2021-08-03 01:15:00,25.82,
2021-08-03 01:30:00,25.84,
2021-08-03 01:45:00,25.78,
2021-08-03 02:00:00,25.71,
2021-08-03 02:15:00,25.72,
2021-08-03 02:30:00,25.6,
2021-08-03 02:45:00,25.65,
2021-08-03 03:00:00,25.64,
2021-08-03 03:15:00,25.63,
2021-08-03 03:30:00,25.69,
2021-08-03 03:45:00,25.57,
2021-08-03 04:00:00,25.75,
2021-08-03 04:15:00,25.7,
2021-08-03 04:30:00,25.73,
2021-08-03 04:45:00,25.68,
2021-08-03 05:00:00,25.6,
2021-08-03 05:15:00,25.6,
2021-08-03 05:30:00,25.67,
2021-08-03 05:45:00,25.68,
2021-08-03 06:00:00,25.63,
2021-08-03 06:15:00,25.65,
2021-08-03 06:30:00,25.77,
2021-08-03 06:45:00,25.61,
2021-08-03 07:00:00,25.63,
2021-08-03 07:15:00,25.62,
2021-08-03 07:30:00,25.62,
2021-08-03 07:45:00,25.65,
2021-08-03 08:00:00,25.74,
2021-08-03 08:15:00,25.73,
2021-08-03 08:30:00,25.76,
2021-08-03 08:45:00,25.71,
2021-08-03 09:00:00,25.76,
2021-08-03 09:15:00,25.81,
2021-08-03 09:30:00,25.75,
2021-08-03 09:45:00,25.92,
2021-08-03 10:00:00,25.76,
2021-08-03 10:15:00,25.84,
2021-08-03 10:30:00,25.85,
2021-08-03 10:45:00,25.89,
2021-08-03 11:00:00,25.9,
2021-08-03 11:15:00,25.87,
2021-08-03 11:30:00,25.88,
2021-08-03 11:45:00,25.72,
2021-08-03 12:00:00,25.73,
2021-08-03 12:15:00,25.73,
2021-08-03 12:30:00,25.74,
2021-08-03 12:45:00,25.77,
2021-08-03 13:00:00,25.64,
2021-08-03 13:15:00,25.59,
2021-08-03 13:30:00,25.57,
2021-08-03 13:45:00,25.58,
2021-08-03 14:00:00,25.53,
2021-08-03 14:15:00,25.47,
2021-08-03 14:30:00,25.5,
2021-08-03 14:45:00,25.43,
2021-08-03 15:00:00,25.41,
2021-08-03 15:15:00,25.48,
2021-08-03 15:30:00,25.37,
2021-08-03 15:45:00,25.35,
2021-08-03 16:00:00,25.29,
2021-08-03 16:15:00,25.29,
2021-08-03 16:30:00,25.35,
2021-08-03 16:45:00,25.29,
2021-08-03 17:00:00,25.21,
2021-08-03 17:15:00,25.34,
2021-08-03 17:30:00,25.25,
2021-08-03 17:45:00,25.31,
2021-08-03 18:00:00,25.28,
2021-08-03 18:15:00,25.28,
2021-08-03 18:30:00,25.21,
2021-08-03 18:45:00,25.26,
2021-08-03 19:00:00,25.2,
2021-08-03 19:15:00,25.19,
2021-08-03 19:30:00,25.17,
2021-08-03 19:45:00,25.22,
2021-08-03 20:00:00,25.14,
2021-08-03 20:15:00,25.21,
2021-08-03 20:30:00,25.21,
2021-08-03 20:45:00,25.34,
2021-08-03 21:00:00,25.45,
2021-08-03 21:15:00,25.38,
2021-08-03 21:30:00,25.16,
2021-08-03 21:45:00,25.15,
2021-08-03 22:00:00,25.16,
2021-08-03 22:15:00,25.27,
2021-08-03 22:30:00,25.22,
2021-08-03 22:45:00,25.16,
2021-08-03 23:00:00,25.29,
2021-08-03 23:15:00,25.37,
2021-08-03 23:30:00,25.33,
2021-08-03 23:45:00,25.32,
2021-08-04 00:00:00,25.34,
2021-08-04 00:15:00,25.38,
2021-08-04 00:30:00,25.31,
2021-08-04 00:45:00,25.37,
2021-08-04 01:00:00,25.36,
2021-08-04 01:15:00,25.38,
2021-08-04 01:30:00,25.49,
2021-08-04 01:45:00,25.33,
2021-08-04 02:00:00,25.37,
2021-08-04 02:15:00,25.36,
2021-08-04 02:30:00,25.38,
2021-08-04 02:45:00,25.47,
2021-08-04 03:00:00,25.44,
2021-08-04 03:15:00,25.35,
2021-08-04 03:30:00,25.29,
2021-08-04 03:45:00,25.38,
2021-08-04 04:00:00,25.46,
2021-08-04 04:15:00,25.41,
2021-08-04 04:30:00,25.43,
2021-08-04 04:45:00,25.31,
2021-08-04 05:00:00,25.4,
2021-08-04 05:15:00,25.33,
2021-08-04 05:30:00,25.31,
2021-08-04 05:45:00,25.37,
2021-08-04 06:00:00,25.41,
2021-08-04 06:15:00,25.4,
2021-08-04 06:30:00,25.36,
2021-08-04 06:45:00,25.37,
2021-08-04 07:00:00,25.39,
2021-08-04 07:15:00,25.43,
2021-08-04 07:30:00,25.75,
2021-08-04 07:45:00,25.84,
2021-08-04 08:00:00,25.79,
2021-08-04 08:15:00,25.74,
2021-08-04 08:30:00,25.72,
2021-08-04 08:45:00,25.67,
2021-08-04 09:00:00,25.64,
2021-08-04 09:15:00,25.64,
2021-08-04 09:30:00,25.59,
2021-08-04 09:45:00,25.58,
2021-08-04 10:00:00,25.56,
2021-08-04 10:15:00,25.49,
2021-08-04 10:30:00,25.56,
2021-08-04 10:45:00,25.46,
2021-08-04 11:00:00,25.51,
2021-08-04 11:15:00,25.43,
2021-08-04 11:30:00,25.46,
2021-08-04 11:45:00,25.34,
2021-08-04 12:00:00,25.46,
2021-08-04 12:15:00,25.39,
2021-08-04 12:30:00,25.29,
2021-08-04 12:45:00,25.35,
2021-08-04 13:00:00,25.3,
2021-08-04 13:15:00,25.34,
2021-08-04 13:30:00,25.3,
2021-08-04 13:45:00,25.22,
2021-08-04 14:00:00,25.21,
2021-08-04 14:15:00,25.24,
2021-08-04 14:30:00,25.21,
2021-08-04 14:45:00,25.21,
2021-08-04 15:00:00,25.14,
2021-08-04 15:15:00,25.17,
2021-08-04 15:30:00,25.19,
2021-08-04 15:45:00,25.03,
2021-08-04 16:00:00,25.09,
2021-08-04 16:15:00,25.07,
2021-08-04 16:30:00,25.18,
2021-08-04 16:45:00,25.03,
2021-08-04 17:00:00,25.0,
2021-08-04 17:15:00,24.99,
2021-08-04 17:30:00,25.04,
2021-08-04 17:45:00,25.05,
2021-08-04 18:00:00,25.03,
2021-08-04 18:15:00,25.09,
2021-08-04 18:30:00,25.02,
2021-08-04 18:45:00,25.05,
2021-08-04 19:00:00,24.99,
2021-08-04 19:15:00,25.06,
2021-08-04 19:30:00,24.98,
2021-08-04 19:45:00,25.02,
2021-08-04 20:00:00,25.01,
2021-08-04 20:15:00,25.06,
2021-08-04 20:30:00,24.98,
2021-08-04 20:45:00,25.09,
2021-08-04 21:00:00,25.05,
2021-08-04 21:15:00,24.97,
2021-08-04 21:30:00,24.99,
2021-08-04 21:45:00,25.08,
2021-08-04 22:00:00,25.01,
2021-08-04 22:15:00,24.98,
2021-08-04 22:30:00,25.03,
2021-08-04 22:45:00,24.93,
2021-08-04 23:00:00,25.11,
2021-08-04 23:15:00,25.02,
2021-08-04 23:30:00,25.05,
2021-08-04 23:45:00,25.03,
2021-08-05 00:00:00,25.1,
2021-08-05 00:15:00,25.07,
2021-08-05 00:30:00,25.01,
2021-08-05 00:45:00,25.08,
2021-08-05 01:00:00,25.15,
2021-08-05 01:15:00,25.1,
2021-08-05 01:30:00,25.15,
2021-08-05 01:45:00,25.13,
2021-08-05 02:00:00,25.03,
2021-08-05 02:15:00,25.08,
2021-08-05 02:30:00,25.11,
2021-08-05 02:45:00,25.12,
2021-08-05 03:00:00,25.11,
2021-08-05 03:15:00,25.07,
2021-08-05 03:30:00,25.16,
2021-08-05 03:45:00,25.1,
2021-08-05 04:00:00,25.13,
2021-08-05 04:15:00,25.13,
2021-08-05 04:30:00,25.06,
2021-08-05 04:45:00,25.07,
2021-08-05 05:00:00,25.13,
2021-08-05 05:15:00,25.25,
2021-08-05 05:30:00,25.23,
2021-08-05 05:45:00,25.22,
2021-08-05 06:00:00,25.22,
2021-08-05 06:15:00,25.18,
2021-08-05 06:30:00,25.22,
2021-08-05 06:45:00,25.11,
2021-08-05 07:00:00,25.25,
2021-08-05 07:15:00,25.28,
2021-08-05 07:30:00,25.21,
2021-08-05 07:45:00,25.15,
2021-08-05 08:00:00,25.23,
2021-08-05 08:15:00,25.2,
2021-08-05 08:30:00,25.29,
2021-08-05 08:45:00,25.24,
2021-08-05 09:00:00,25.16,
2021-08-05 09:15:00,25.19,
2021-08-05 09:30:00,25.2,
2021-08-05 09:45:00,25.19,
2021-08-05 10:00:00,25.18,
2021-08-05 10:15:00,25.21,
2021-08-05 10:30:00,25.11,
2021-08-05 10:45:00,25.12,
2021-08-05 11:00:00,25.15,
2021-08-05 11:15:00,25.09,
2021-08-05 11:30:00,25.05,
2021-08-05 11:45:00,25.05,
2021-08-05 12:00:00,24.99,
2021-08-05 12:15:00,25.04,
2021-08-05 12:30:00,25.08,
2021-08-05 12:45:00,24.94,
2021-08-05 13:00:00,24.97,
2021-08-05 13:15:00,24.95,
2021-08-05 13:30:00,24.93,
2021-08-05 13:45:00,24.93,
2021-08-05 14:00:00,24.87,
2021-08-05 14:15:00,24.87,
2021-08-05 14:30:00,24.94,
2021-08-05 14:45:00,24.82,
2021-08-05 15:00:00,24.82,
2021-08-05 15:15:00,24.85,
2021-08-05 15:30:00,24.88,
2021-08-05 15:45:00,24.88,
2021-08-05 16:00:00,24.84,
2021-08-05 16:15:00,24.78,
2021-08-05 16:30:00,24.71,
2021-08-05 16:45:00,24.73,
2021-08-05 17:00:00,24.71,
2021-08-05 17:15:00,24.74,
2021-08-05 17:30:00,24.77,
2021-08-05 17:45:00,24.85,
2021-08-05 18:00:00,24.9,
2021-08-05 18:15:00,24.67,
2021-08-05 18:30:00,24.66,
2021-08-05 18:45:00,24.64,
2021-08-05 19:00:00,24.69,
2021-08-05 19:15:00,24.68,
2021-08-05 19:30:00,24.64,
2021-08-05 19:45:00,24.71,
2021-08-05 20:00:00,24.65,
2021-08-05 20:15:00,24.64,
2021-08-05 20:30:00,24.64,
2021-08-05 20:45:00,24.67,
2021-08-05 21:00:00,24.69,
2021-08-05 21:15:00,24.74,
2021-08-05 21:30:00,24.75,
2021-08-05 21:45:00,24.77,
2021-08-05 22:00:00,24.58,
2021-08-05 22:15:00,24.84,
2021-08-05 22:30:00,24.8,
2021-08-05 22:45:00,24.73,
2021-08-05 23:00:00,24.71,
2021-08-05 23:15:00,24.73,
2021-08-05 23:30:00,24.82,
2021-08-05 23:45:00,24.74,
2021-08-06 00:00:00,24.76,
2021-08-06 00:15:00,24.95,
2021-08-06 00:30:00,24.85,
2021-08-06 00:45:00,24.86,
2021-08-06 01:00:00,24.71,
2021-08-06 01:15:00,24.69,
2021-08-06 01:30:00,24.74,
2021-08-06 01:45:00,24.87,
2021-08-06 02:00:00,24.89,
2021-08-06 02:15:00,24.94,
2021-08-06 02:30:00,24.99,
2021-08-06 02:45:00,24.94,
2021-08-06 03:00:00,24.94,
2021-08-06 03:15:00,24.92,
2021-08-06 03:30:00,24.84,
2021-08-06 03:45:00,24.94,
2021-08-06 04:00:00,24.84,
2021-08-06 04:15:00,24.95,
2021-08-06 04:30:00,24.97,
2021-08-06 04:45:00,24.89,
2021-08-06 05:00:00,24.91,
2021-08-06 05:15:00,24.98,
2021-08-06 05:30:00,24.99,
2021-08-06 05:45:00,24.98,
2021-08-06 06:00:00,24.94,
2021-08-06 06:15:00,25.02,
2021-08-06 06:30:00,25.01,
2021-08-06 06:45:00,24.94,
2021-08-06 07:00:00,24.95,
2021-08-06 07:15:00,25.02,
2021-08-06 07:30:00,25.08,
2021-08-06 07:45:00,24.98,
2021-08-06 08:00:00,25.01,
2021-08-06 08:15:00,24.95,
2021-08-06 08:30:00,25.07,
2021-08-06 08:45:00,24.97,
2021-08-06 09:00:00,24.98,
2021-08-06 09:15:00,25.03,
2021-08-06 09:30:00,25.07,
2021-08-06 09:45:00,25.0,
2021-08-06 10:00:00,25.0,
2021-08-06 10:15:00,25.0,
2021-08-06 10:30:00,25.0,
2021-08-06 10:45:00,24.96,
2021-08-06 11:00:00,25.03,
2021-08-06 11:15:00,25.0,
2021-08-06 11:30:00,24.93,
2021-08-06 11:45:00,25.02,
2021-08-06 12:00:00,25.02,LI
2021-08-06 12:15:00,25.02,LI
2021-08-06 12:30:00,25.02,LI
2021-08-06 12:45:00,25.02,
2021-08-06 13:00:00,24.97,
2021-08-06 13:15:00,24.9,
2021-08-06 13:30:00,24.85,
2021-08-06 13:45:00,24.79,
2021-08-06 14:00:00,24.74,
2021-08-06 14:15:00,24.799999999999997,
2021-08-06 14:30:00,24.72,
2021-08-06 14:45:00,24.68,
2021-08-06 15:00:00,24.73,
2021-08-06 15:15:00,24.75,
2021-08-06 15:30:00,24.66,
2021-08-06 15:45:00,24.68,
2021-08-06 16:00:00,24.68,
2021-08-06 16:15:00,24.64,
2021-08-06 16:30:00,24.61,
2021-08-06 16:45:00,24.65,
2021-08-06 17:00:00,24.67,
2021-08-06 17:15:00,24.61,
2021-08-06 17:30:00,24.58,
2021-08-06 17:45:00,24.65,
2021-08-06 18:00:00,24.64,
2021-08-06 18:15:00,24.67,
2021-08-06 18:30:00,24.619999999999997,
2021-08-06 18:45:00,24.61,
2021-08-06 19:00:00,24.68,
2021-08-06 19:15:00,24.59,
2021-08-06 19:30:00,24.72,
2021-08-06 19:45:00,24.7,
2021-08-06 20:00:00,24.73,
2021-08-06 20:15:00,24.709999999999997,
2021-08-06 20:30:00,24.709999999999997,
2021-08-06 20:45:00,24.74,
2021-08-06 21:00:00,24.66,
2021-08-06 21:15:00,24.68,
2021-08-06 21:30:00,24.66,
2021-08-06 21:45:00,24.63,
2021-08-06 22:00:00,24.75,
2021-08-06 22:15:00,24.68,
2021-08-06 22:30:00,24.72,
2021-08-06 22:45:00,24.73,
2021-08-06 23:00:00,24.65,
2021-08-06 23:15:00,24.63,
2021-08-06 23:30:00,24.619999999999997,
2021-08-06 23:45:00,24.72,
2021-08-07 00:00:00,24.66,
2021-08-07 00:15:00,24.81,
2021-08-07 00:30:00,24.74,
2021-08-07 00:45:00,24.709999999999997,
2021-08-07 01:00:00,24.869999999999997,
2021-08-07 01:15:00,24.799999999999997,
2021-08-07 01:30:00,24.75,
2021-08-07 01:45:00,24.76,
2021-08-07 02:00:00,24.78,
2021-08-07 02:15:00,24.65,
2021-08-07 02:30:00,24.74,
2021-08-07 02:45:00,24.73,
2021-08-07 03:00:00,24.619999999999997,
2021-08-07 03:15:00,24.65,
2021-08-07 03:30:00,24.75,
2021-08-07 03:45:00,24.77,
2021-08-07 04:00:00,24.83,
2021-08-07 04:15:00,24.76,
2021-08-07 04:30:00,24.67,
2021-08-07 04:45:00,24.69,
2021-08-07 05:00:00,24.78,
2021-08-07 05:15:00,24.79,
2021-08-07 05:30:00,24.74,
2021-08-07 05:45:00,24.77,
2021-08-07 06:00:00,24.74,
2021-08-07 06:15:00,24.73,
2021-08-07 06:30:00,24.78,
2021-08-07 06:45:00,24.81,
2021-08-07 07:00:00,24.799999999999997,
2021-08-07 07:15:00,24.79,
2021-08-07 07:30:00,24.77,
2021-08-07 07:45:00,24.869999999999997,
2021-08-07 08:00:00,24.869999999999997,
2021-08-07 08:15:00,24.95,
2021-08-07 08:30:00,24.83,
2021-08-07 08:45:00,24.85,
2021-08-07 09:00:00,24.85,
2021-08-07 09:15:00,24.869999999999997,
2021-08-07 09:30:00,24.88,
2021-08-07 09:45:00,24.88,
2021-08-07 10:00:00,24.94,
2021-08-07 10:15:00,24.82,
2021-08-07 10:30:00,24.84,
2021-08-07 10:45:00,24.88,
2021-08-07 11:00:00,25.02,
2021-08-07 11:15:00,24.85,
2021-08-07 11:30:00,24.9,
2021-08-07 11:45:00,24.83,
2021-08-07 12:00:00,24.89,
2021-08-07 12:15:00,24.82,
2021-08-07 12:30:00,24.79,
2021-08-07 12:45:00,24.77,
2021-08-07 13:00:00,24.79,
2021-08-07 13:15:00,24.73,
2021-08-07 13:30:00,24.68,
2021-08-07 13:45:00,24.709999999999997,
2021-08-07 14:00:00,24.68,
2021-08-07 14:15:00,24.6,
2021-08-07 14:30:00,24.66,
2021-08-07 14:45:00,24.619999999999997,
2021-08-07 15:00:00,24.619999999999997,
2021-08-07 15:15:00,24.44,
2021-08-07 15:30:00,24.43,
2021-08-07 15:45:00,24.45,
2021-08-07 16:00:00,24.459999999999997,
2021-08-07 16:15:00,24.53,
2021-08-07 16:30:00,24.35,
2021-08-07 16:45:00,24.38,
2021-08-07 17:00:00,24.459999999999997,
2021-08-07 17:15:00,24.35,
2021-08-07 17:30:00,24.53,
2021-08-07 17:45:00,24.47,
2021-08-07 18:00:00,24.41,
2021-08-07 18:15:00,24.31,
2021-08-07 18:30:00,24.34,
2021-08-07 18:45:00,24.369999999999997,
2021-08-07 19:00:00,24.35,
2021-08-07 19:15:00,24.32,
2021-08-07 19:30:00,24.41,
2021-08-07 19:45:00,24.36,
2021-08-07 20:00:00,24.4,
2021-08-07 20:15:00,24.24,
2021-08-07 20:30:00,24.4,
2021-08-07 20:45:00,24.35,
2021-08-07 21:00:00,24.42,
2021-08-07 21:15:00,24.34,
2021-08-07 21:30:00,24.24,
2021-08-07 21:45:00,24.32,
2021-08-07 22:00:00,24.43,
2021-08-07 22:15:00,24.38,
2021-08-07 22:30:00,24.35,
2021-08-07 22:45:00,24.4,
2021-08-07 23:00:00,24.45,
2021-08-07 23:15:00,24.47,
2021-08-07 23:30:00,24.47,
2021-08-07 23:45:00,24.53,
2021-08-08 00:00:00,24.35,
2021-08-08 00:15:00,24.4,
2021-08-08 00:30:00,24.41,
2021-08-08 00:45:00,24.41,
2021-08-08 01:00:00,24.48,
2021-08-08 01:15:00,24.49,
2021-08-08 01:30:00,24.49,
2021-08-08 01:45:00,24.5,
2021-08-08 02:00:00,24.52,
2021-08-08 02:15:00,24.459999999999997,
2021-08-08 02:30:00,24.54,
2021-08-08 02:45:00,24.49,
2021-08-08 03:00:00,24.57,
2021-08-08 03:15:00,24.39,
2021-08-08 03:30:00,24.51,
2021-08-08 03:45:00,24.51,
2021-08-08 04:00:00,24.5,
2021-08-08 04:15:00,24.74,
2021-08-08 04:30:00,24.74,
2021-08-08 04:45:00,24.619999999999997,
2021-08-08 05:00:00,24.549999999999997,
2021-08-08 05:15:00,24.52,
2021-08-08 05:30:00,24.48,
2021-08-08 05:45:00,24.38,
2021-08-08 06:00:00,24.54,
2021-08-08 06:15:00,24.5,
2021-08-08 06:30:00,24.45,
2021-08-08 06:45:00,24.51,
2021-08-08 07:00:00,24.57,
2021-08-08 07:15:00,24.63,
2021-08-08 07:30:00,24.68,
2021-08-08 07:45:00,24.5,
2021-08-08 08:00:00,24.619999999999997,
2021-08-08 08:15:00,24.619999999999997,
2021-08-08 08:30:00,24.64,
2021-08-08 08:45:00,24.619999999999997,
2021-08-08 09:00:00,24.65,
2021-08-08 09:15:00,24.7,
2021-08-08 09:30:00,24.65,
2021-08-08 09:45:00,24.73,
2021-08-08 10:00:00,24.74,
2021-08-08 10:15:00,24.72,
2021-08-08 10:30:00,24.72,
2021-08-08 10:45:00,24.72,
2021-08-08 11:00:00,24.73,
2021-08-08 11:15:00,24.65,
2021-08-08 11:30:00,24.619999999999997,
2021-08-08 11:45:00,24.57,
2021-08-08 12:00:00,24.54,
2021-08-08 12:15:00,24.7,
2021-08-08 12:30:00,24.619999999999997,
2021-08-08 12:45:00,24.43,
2021-08-08 13:00:00,24.459999999999997,
2021-08-08 13:15:00,24.43,
2021-08-08 13:30:00,24.45,
2021-08-08 13:45:00,24.299999999999997,
2021-08-08 14:00:00,24.34,
2021-08-08 14:15:00,24.32,
2021-08-08 14:30:00,24.16,
2021-08-08 14:45:00,24.299999999999997,
2021-08-08 15:00:00,24.14,
2021-08-08 15:15:00,24.26,
2021-08-08 15:30:00,24.16,
2021-08-08 15:45:00,24.13,
2021-08-08 16:00:00,24.16,
2021-08-08 16:15:00,24.04,
2021-08-08 16:30:00,24.11,
2021-08-08 16:45:00,24.049999999999997,
2021-08-08 17:00:00,24.16,
2021-08-08 17:15:00,24.04,
2021-08-08 17:30:00,24.1,
2021-08-08 17:45:00,24.07,
2021-08-08 18:00:00,24.16,
2021-08-08 18:15:00,24.04,
2021-08-08 18:30:00,24.1,
2021-08-08 18:45:00,24.01,
2021-08-08 19:00:00,24.04,
2021-08-08 19:15:00,23.95,
2021-08-08 19:30:00,23.9,
2021-08-08 19:45:00,24.04,
2021-08-08 20:00:00,24.13,
2021-08-08 20:15:00,24.02,
2021-08-08 20:30:00,24.09,
2021-08-08 20:45:00,24.08,
2021-08-08 21:00:00,24.049999999999997,
2021-08-08 21:15:00,24.11,
2021-08-08 21:30:00,24.19,
2021-08-08 21:45:00,24.15,
2021-08-08 22:00:00,24.16,
2021-08-08 22:15:00,24.26,
2021-08-08 22:30:00,24.13,
2021-08-08 22:45:00,24.02,
2021-08-08 23:00:00,24.19,
2021-08-08 23:15:00,24.18,
2021-08-08 23:30:00,24.14,
2021-08-08 23:45:00,24.119999999999997,
2021-08-09 00:00:00,24.15,
2021-08-09 00:15:00,24.26,
2021-08-09 00:30:00,24.22,
2021-08-09 00:45:00,24.23,
2021-08-09 01:00:00,24.299999999999997,
2021-08-09 01:15:00,24.24,
2021-08-09 01:30:00,24.11,
2021-08-09 01:45:00,23.86,
2021-08-09 02:00:00,23.99,
2021-08-09 02:15:00,24.11,
2021-08-09 02:30:00,24.09,
2021-08-09 02:45:00,24.03,
2021-08-09 03:00:00,23.99,
2021-08-09 03:15:00,24.16,
2021-08-09 03:30:00,24.16,
2021-08-09 03:45:00,24.25,
2021-08-09 04:00:00,24.15,
2021-08-09 04:15:00,24.18,
2021-08-09 04:30:00,24.18,
2021-08-09 04:45:00,24.25,
2021-08-09 05:00:00,24.16,
2021-08-09 05:15:00,24.299999999999997,
2021-08-09 05:30:00,24.27,
2021-08-09 05:45:00,24.16,
2021-08-09 06:00:00,24.25,
2021-08-09 06:15:00,24.2,
2021-08-09 06:30:00,24.24,
2021-08-09 06:45:00,24.24,
2021-08-09 07:00:00,24.28,
2021-08-09 07:15:00,24.369999999999997,
2021-08-09 07:30:00,24.369999999999997,
2021-08-09 07:45:00,24.44,
2021-08-09 08:00:00,24.36,
2021-08-09 08:15:00,24.41,
2021-08-09 08:30:00,24.369999999999997,
2021-08-09 08:45:00,24.44,
2021-08-09 09:00:00,24.299999999999997,
2021-08-09 09:15:00,24.38,
2021-08-09 09:30:00,24.369999999999997,
2021-08-09 09:45:00,24.44,
2021-08-09 10:00:00,24.41,
2021-08-09 10:15:00,24.43,
2021-08-09 10:30:00,24.36,
2021-08-09 10:45:00,24.32,
2021-08-09 11:00:00,24.41,
2021-08-09 11:15:00,24.31,
2021-08-09 11:30:00,24.32,
2021-08-09 11:45:00,24.28,
2021-08-09 12:00:00,24.35,
2021-08-09 12:15:00,24.29,
2021-08-09 12:30:00,24.29,
2021-08-09 12:45:00,24.26,
2021-08-09 13:00:00,24.22,
2021-08-09 13:15:00,24.17,
2021-08-09 13:30:00,24.23,
2021-08-09 13:45:00,24.13,
2021-08-09 14:00:00,24.17,
2021-08-09 14:15:00,24.09,
2021-08-09 14:30:00,24.049999999999997,
2021-08-09 14:45:00,24.09,
2021-08-09 15:00:00,24.07,
2021-08-09 15:15:00,23.99,
2021-08-09 15:30:00,23.93,
2021-08-09 15:45:00,23.89,
2021-08-09 16:00:00,24.01,
2021-08-09 16:15:00,23.9,
2021-08-09 16:30:00,23.959999999999997,
2021-08-09 16:45:00,24.04,
2021-08-09 17:00:00,24.06,
2021-08-09 17:15:00,24.09,
2021-08-09 17:30:00,24.0,
2021-08-09 17:45:00,23.959999999999997,
2021-08-09 18:00:00,23.97,
2021-08-09 18:15:00,23.92,
2021-08-09 18:30:00,23.799999999999997,
2021-08-09 18:45:00,23.75,
2021-08-09 19:00:00,23.74,
2021-08-09 19:15:00,23.73,
2021-08-09 19:30:00,23.72,
2021-08-09 19:45:00,23.81,
2021-08-09 20:00:00,23.84,
2021-08-09 20:15:00,23.82,
2021-08-09 20:30:00,23.76,
2021-08-09 20:45:00,23.78,
2021-08-09 21:00:00,23.77,
2021-08-09 21:15:00,23.799999999999997,
2021-08-09 21:30:00,23.81,
2021-08-09 21:45:00,23.799999999999997,
2021-08-09 22:00:00,23.82,
2021-08-09 22:15:00,23.88,
2021-08-09 22:30:00,23.86,
2021-08-09 22:45:00,23.85,
2021-08-09 23:00:00,23.89,
2021-08-09 23:15:00,23.89,
2021-08-09 23:30:00,23.9,
2021-08-09 23:45:00,23.85,
2021-08-10 00:00:00,23.869999999999997,
2021-08-10 00:15:00,23.97,
2021-08-10 00:30:00,23.98,
2021-08-10 00:45:00,23.92,
2021-08-10 01:00:00,24.0,
2021-08-10 01:15:00,23.95,
2021-08-10 01:30:00,23.89,
2021-08-10 01:45:00,23.99,
2021-08-10 02:00:00,23.93,
2021-08-10 02:15:00,23.94,
2021-08-10 02:30:00,24.07,
2021-08-10 02:45:00,24.04,
2021-08-10 03:00:00,24.01,
2021-08-10 03:15:00,24.04,
2021-08-10 03:30:00,23.95,
2021-08-10 03:45:00,24.03,
2021-08-10 04:00:00,24.0,
2021-08-10 04:15:00,23.92,
2021-08-10 04:30:00,24.06,
2021-08-10 04:45:00,23.98,
2021-08-10 05:00:00,23.93,
2021-08-10 05:15:00,23.93,
2021-08-10 05:30:00,23.9,
2021-08-10 05:45:00,23.95,
2021-08-10 06:00:00,23.88,
2021-08-10 06:15:00,23.91,
2021-08-10 06:30:00,23.91,
2021-08-10 06:45:00,23.95,
2021-08-10 07:00:00,23.99,
2021-08-10 07:15:00,24.06,
2021-08-10 07:30:00,24.02,
2021-08-10 07:45:00,24.06,
2021-08-10 08:00:00,24.02,
2021-08-10 08:15:00,24.16,
2021-08-10 08:30:00,24.18,
2021-08-10 08:45:00,24.08,
2021-08-10 09:00:00,24.07,
2021-08-10 09:15:00,24.19,
2021-08-10 09:30:00,24.15,
2021-08-10 09:45:00,24.13,
2021-08-10 10:00:00,24.209999999999997,
2021-08-10 10:15:00,24.18,
2021-08-10 10:30:00,24.23,
2021-08-10 10:45:00,24.2,
2021-08-10 11:00:00,24.11,
2021-08-10 11:15:00,24.08,
2021-08-10 11:30:00,24.119999999999997,
2021-08-10 11:45:00,24.09,
2021-08-10 12:00:00,24.01,
2021-08-10 12:15:00,24.02,
2021-08-10 12:30:00,24.049999999999997,
2021-08-10 12:45:00,23.98,
2021-08-10 13:00:00,23.959999999999997,
2021-08-10 13:15:00,23.97,
2021-08-10 13:30:00,23.92,
2021-08-10 13:45:00,23.9,
2021-08-10 14:00:00,23.88,
2021-08-10 14:15:00,23.76,
2021-08-10 14:30:00,23.81,
2021-08-10 14:45:00,23.68,
2021-08-10 15:00:00,23.81,
2021-08-10 15:15:00,23.7,
2021-08-10 15:30:00,23.65,
2021-08-10 15:45:00,23.6,
2021-08-10 16:00:00,23.58,
2021-08-10 16:15:00,23.64,
2021-08-10 16:30:00,23.56,
2021-08-10 16:45:00,23.57,
2021-08-10 17:00:00,23.52,
2021-08-10 17:15:00,23.52,
2021-08-10 17:30:00,23.61,
2021-08-10 17:45:00,23.59,
2021-08-10 18:00:00,23.63,
2021-08-10 18:15:00,23.619999999999997,
2021-08-10 18:30:00,23.48,
2021-08-10 18:45:00,23.5,
2021-08-10 19:00:00,23.49,
2021-08-10 19:15:00,23.54,
2021-08-10 19:30:00,23.5,
2021-08-10 19:45:00,23.52,
2021-08-10 20:00:00,23.459999999999997,
2021-08-10 20:15:00,23.51,
2021-08-10 20:30:00,23.45,
2021-08-10 20:45:00,23.51,
2021-08-10 21:00:00,23.69,
2021-08-10 21:15:00,24.119999999999997,
2021-08-10 21:30:00,23.93,
2021-08-10 21:45:00,23.67,
2021-08-10 22:00:00,23.54,
2021-08-10 22:15:00,23.7,
2021-08-10 22:30:00,23.64,
2021-08-10 22:45:00,23.79,
2021-08-10 23:00:00,23.78,
2021-08-10 23:15:00,23.65,
2021-08-10 23:30:00,23.77,
2021-08-10 23:45:00,23.43,
2021-08-11 00:00:00,23.68,
2021-08-11 00:15:00,23.81,
2021-08-11 00:30:00,23.68,
2021-08-11 00:45:00,23.73,
2021-08-11 01:00:00,23.66,
2021-08-11 01:15:00,23.69,
2021-08-11 01:30:00,23.63,
2021-08-11 01:45:00,23.64,
2021-08-11 02:00:00,23.619999999999997,
2021-08-11 02:15:00,23.76,
2021-08-11 02:30:00,23.66,
2021-08-11 02:45:00,23.7,
2021-08-11 03:00:00,23.64,
2021-08-11 03:15:00,23.72,
2021-08-11 03:30:00,23.79,
2021-08-11 03:45:00,23.73,
2021-08-11 04:00:00,23.78,
2021-08-11 04:15:00,23.75,
2021-08-11 04:30:00,23.64,
2021-08-11 04:45:00,23.75,
2021-08-11 05:00:00,23.72,
2021-08-11 05:15:00,23.65,
2021-08-11 05:30:00,23.69,
2021-08-11 05:45:00,23.73,
2021-08-11 06:00:00,23.72,
2021-08-11 06:15:00,23.709999999999997,
2021-08-11 06:30:00,23.79,
2021-08-11 06:45:00,23.81,
2021-08-11 07:00:00,23.78,
2021-08-11 07:15:00,23.799999999999997,
2021-08-11 07:30:00,23.81,
2021-08-11 07:45:00,23.89,
2021-08-11 08:00:00,23.93,
2021-08-11 08:15:00,23.98,
2021-08-11 08:30:00,23.9,
2021-08-11 08:45:00,23.98,
2021-08-11 09:00:00,23.99,
2021-08-11 09:15:00,24.0,
2021-08-11 09:30:00,24.0,
2021-08-11 09:45:00,23.98,
2021-08-11 10:00:00,23.99,
2021-08-11 10:15:00,24.0,
2021-08-11 10:30:00,24.02,
2021-08-11 10:45:00,24.049999999999997,
2021-08-11 11:00:00,23.97,
2021-08-11 11:15:00,23.95,
2021-08-11 11:30:00,24.0,
2021-08-11 11:45:00,23.89,
2021-08-11 12:00:00,23.93,
2021-08-11 12:15:00,23.93,
2021-08-11 12:30:00,23.9,
2021-08-11 12:45:00,23.75,
2021-08-11 13:00:00,23.709999999999997,
2021-08-11 13:15:00,23.82,
2021-08-11 13:30:00,23.76,
2021-08-11 13:45:00,23.72,
2021-08-11 14:00:00,23.7,
2021-08-11 14:15:00,23.709999999999997,
2021-08-11 14:30:00,23.66,
2021-08-11 14:45:00,23.66,
2021-08-11 15:00:00,23.65,
2021-08-11 15:15:00,23.61,
2021-08-11 15:30:00,23.549999999999997,
2021-08-11 15:45:00,23.45,
2021-08-11 16:00:00,23.43,
2021-08-11 16:15:00,23.49,
2021-08-11 16:30:00,23.51,
2021-08-11 16:45:00,23.44,
2021-08-11 17:00:00,23.38,
2021-08-11 17:15:00,23.39,
2021-08-11 17:30:00,23.35,
2021-08-11 17:45:00,23.5,
2021-08-11 18:00:00,23.52,
2021-08-11 18:15:00,23.38,
2021-08-11 18:30:00,23.32,
2021-08-11 18:45:00,23.34,
2021-08-11 19:00:00,23.32,
2021-08-11 19:15:00,23.369999999999997,
2021-08-11 19:30:00,23.31,
2021-08-11 19:45:00,23.33,
2021-08-11 20:00:00,23.31,
2021-08-11 20:15:00,23.35,
2021-08-11 20:30:00,23.32,
2021-08-11 20:45:00,23.29,
2021-08-11 21:00:00,23.39,
2021-08-11 21:15:00,23.44,
2021-08-11 21:30:00,23.39,
2021-08-11 21:45:00,23.29,
2021-08-11 22:00:00,23.45,
2021-08-11 22:15:00,23.41,
2021-08-11 22:30:00,23.42,
2021-08-11 22:45:00,23.51,
2021-08-11 23:00:00,23.54,
2021-08-11 23:15:00,23.47,
2021-08-11 23:30:00,23.43,
2021-08-11 23:45:00,23.5,
2021-08-12 00:00:00,23.47,
2021-08-12 00:15:00,23.549999999999997,
2021-08-12 00:30:00,23.52,
2021-08-12 00:45:00,23.53,
2021-08-12 01:00:00,23.54,
2021-08-12 01:15:00,23.47,
2021-08-12 01:30:00,23.53,
2021-08-12 01:45:00,23.51,
2021-08-12 02:00:00,23.51,
2021-08-12 02:15:00,23.47,
2021-08-12 02:30:00,23.4,
2021-08-12 02:45:00,23.48,
2021-08-12 03:00:00,23.47,
2021-08-12 03:15:00,23.459999999999997,
2021-08-12 03:30:00,23.56,
2021-08-12 03:45:00,23.57,
2021-08-12 04:00:00,23.43,
2021-08-12 04:15:00,23.61,
2021-08-12 04:30:00,23.51,
2021-08-12 04:45:00,23.54,
2021-08-12 05:00:00,23.58,
2021-08-12 05:15:00,23.63,
2021-08-12 05:30:00,23.63,
2021-08-12 05:45:00,23.61,
2021-08-12 06:00:00,23.59,
2021-08-12 06:15:00,23.65,
2021-08-12 06:30:00,23.619999999999997,
2021-08-12 06:45:00,23.64,
2021-08-12 07:00:00,23.72,
2021-08-12 07:15:00,23.619999999999997,
2021-08-12 07:30:00,23.81,
2021-08-12 07:45:00,23.83,
2021-08-12 08:00:00,23.82,
2021-08-12 08:15:00,23.799999999999997,
2021-08-12 08:30:00,23.709999999999997,
2021-08-12 08:45:00,23.7,
2021-08-12 09:00:00,23.85,
2021-08-12 09:15:00,23.72,
2021-08-12 09:30:00,23.81,
2021-08-12 09:45:00,23.74,
2021-08-12 10:00:00,23.78,
2021-08-12 10:15:00,23.83,
2021-08-12 10:30:00,23.72,
2021-08-12 10:45:00,23.78,
2021-08-12 11:00:00,24.06,
2021-08-12 11:15:00,23.97,
2021-08-12 11:30:00,23.77,
2021-08-12 11:45:00,23.97,
2021-08-12 12:00:00,23.68,
2021-08-12 12:15:00,23.93,
2021-08-12 12:30:00,23.78,
2021-08-12 12:45:00,23.78,
2021-08-12 13:00:00,23.69,
2021-08-12 13:15:00,23.65,
2021-08-12 13:30:00,23.63,
2021-08-12 13:45:00,23.54,
2021-08-12 14:00:00,23.58,
2021-08-12 14:15:00,23.54,
2021-08-12 14:30:00,23.59,
2021-08-12 14:45:00,23.5,
2021-08-12 15:00:00,23.47,
2021-08-12 15:15:00,23.45,
2021-08-12 15:30:00,23.5,
2021-08-12 15:45:00,23.38,
2021-08-12 16:00:00,23.43,
2021-08-12 16:15:00,23.459999999999997,
2021-08-12 16:30:00,23.29,
2021-08-12 16:45:00,23.23,
2021-08-12 17:00:00,23.32,
2021-08-12 17:15:00,23.29,
2021-08-12 17:30:00,23.27,
2021-08-12 17:45:00,23.31,
2021-08-12 18:00:00,23.27,
2021-08-12 18:15:00,23.29,
2021-08-12 18:30:00,23.23,
2021-08-12 18:45:00,23.26,
2021-08-12 19:00:00,23.27,
2021-08-12 19:15:00,23.17,
2021-08-12 19:30:00,23.15,
2021-08-12 19:45:00,23.07,
2021-08-12 20:00:00,23.18,
2021-08-12 20:15:00,23.25,
2021-08-12 20:30:00,23.19,
2021-08-12 20:45:00,23.19,
2021-08-12 21:00:00,23.18,
2021-08-12 21:15:00,23.34,
2021-08-12 21:30:00,23.209999999999997,
2021-08-12 21:45:00,23.25,
2021-08-12 22:00:00,23.24,
2021-08-12 22:15:00,23.299999999999997,
2021-08-12 22:30:00,23.35,
2021-08-12 22:45:00,23.34,
2021-08-12 23:00:00,23.299999999999997,
2021-08-12 23:15:00,23.299999999999997,
2021-08-12 23:30:00,23.26,
2021-08-12 23:45:00,23.42,
2021-08-13 00:00:00,23.39,
2021-08-13 00:15:00,23.38,
2021-08-13 00:30:00,23.34,
2021-08-13 00:45:00,23.35,
2021-08-13 01:00:00,23.42,
2021-08-13 01:15:00,23.36,
2021-08-13 01:30:00,23.459999999999997,
2021-08-13 01:45:00,23.459999999999997,
2021-08-13 02:00:00,23.459999999999997,
2021-08-13 02:15:00,23.51,
2021-08-13 02:30:00,23.4,
2021-08-13 02:45:00,23.33,
2021-08-13 03:00:00,23.51,
2021-08-13 03:15:00,23.42,
2021-08-13 03:30:00,23.48,
2021-08-13 03:45:00,23.48,
2021-08-13 04:00:00,23.48,
2021-08-13 04:15:00,23.47,
2021-08-13 04:30:00,23.38,
2021-08-13 04:45:00,23.44,
2021-08-13 05:00:00,23.52,
2021-08-13 05:15:00,23.44,
2021-08-13 05:30:00,23.51,
2021-08-13 05:45:00,23.47,
2021-08-13 06:00:00,23.54,
2021-08-13 06:15:00,23.459999999999997,
2021-08-13 06:30:00,23.459999999999997,
2021-08-13 06:45:00,23.51,
2021-08-13 07:00:00,23.54,
2021-08-13 07:15:00,23.51,
2021-08-13 07:30:00,23.56,
2021-08-13 07:45:00,23.56,
2021-08-13 08:00:00,23.6,
2021-08-13 08:15:00,23.61,
2021-08-13 08:30:00,23.69,
2021-08-13 08:45:00,23.58,
2021-08-13 09:00:00,23.59,
2021-08-13 09:15:00,23.66,
2021-08-13 09:30:00,23.619999999999997,
2021-08-13 09:45:00,23.57,
2021-08-13 10:00:00,23.63,
2021-08-13 10:15:00,23.6,
2021-08-13 10:30:00,23.619999999999997,
2021-08-13 10:45:00,23.66,
2021-08-13 11:00:00,23.67,
2021-08-13 11:15:00,23.63,
2021-08-13 11:30:00,23.74,
2021-08-13 11:45:00,23.61,
2021-08-13 12:00:00,23.69,
2021-08-13 12:15:00,23.59,
2021-08-13 12:30:00,23.66,
2021-08-13 12:45:00,23.549999999999997,
2021-08-13 13:00:00,23.47,
2021-08-13 13:15:00,23.52,
2021-08-13 13:30:00,23.41,
2021-08-13 13:45:00,23.51,
2021-08-13 14:00:00,23.44,
2021-08-13 14:15:00,23.36,
2021-08-13 14:30:00,23.36,
2021-08-13 14:45:00,23.34,
2021-08-13 15:00:00,23.31,
2021-08-13 15:15:00,23.31,
2021-08-13 15:30:00,23.299999999999997,
2021-08-13 15:45:00,23.22,
2021-08-13 16:00:00,23.29,
2021-08-13 16:15:00,23.26,
2021-08-13 16:30:00,23.14,
2021-08-13 16:45:00,23.15,
2021-08-13 17:00:00,23.16,
2021-08-13 17:15:00,23.119999999999997,
2021-08-13 17:30:00,23.119999999999997,
2021-08-13 17:45:00,23.209999999999997,
2021-08-13 18:00:00,23.23,
2021-08-13 18:15:00,23.2,
2021-08-13 18:30:00,23.15,
2021-08-13 18:45:00,23.18,
2021-08-13 19:00:00,23.09,
2021-08-13 19:15:00,23.14,
2021-08-13 19:30:00,23.23,
2021-08-13 19:45:00,23.11,
2021-08-13 20:00:00,22.99,
2021-08-13 20:15:00,23.13,
2021-08-13 20:30:00,23.1,
2021-08-13 20:45:00,23.08,
2021-08-13 21:00:00,23.14,
2021-08-13 21:15:00,23.08,
2021-08-13 21:30:00,23.11,
2021-08-13 21:45:00,23.09,
2021-08-13 22:00:00,23.13,
2021-08-13 22:15:00,23.15,
2021-08-13 22:30:00,23.209999999999997,
2021-08-13 22:45:00,23.09,
2021-08-13 23:00:00,23.29,
2021-08-13 23:15:00,23.23,
2021-08-13 23:30:00,23.11,
2021-08-13 23:45:00,23.16,
2021-08-14 00:00:00,23.07,
2021-08-14 00:15:00,23.01,
2021-08-14 00:30:00,23.04,
2021-08-14 00:45:00,23.17,
2021-08-14 01:00:00,23.03,
2021-08-14 01:15:00,23.14,
2021-08-14 01:30:00,23.2,
2021-08-14 01:45:00,23.16,
2021-08-14 02:00:00,23.299999999999997,
2021-08-14 02:15:00,23.38,
2021-08-14 02:30:00,23.35,
2021-08-14 02:45:00,23.299999999999997,
2021-08-14 03:00:00,23.33,
2021-08-14 03:15:00,23.33,
2021-08-14 03:30:00,23.28,
2021-08-14 03:45:00,23.299999999999997,
2021-08-14 04:00:00,23.32,
2021-08-14 04:15:00,23.34,
2021-08-14 04:30:00,23.34,
2021-08-14 04:45:00,23.36,
2021-08-14 05:00:00,23.36,
2021-08-14 05:15:00,23.32,
2021-08-14 05:30:00,23.29,
2021-08-14 05:45:00,23.29,
2021-08-14 06:00:00,23.31,
2021-08-14 06:15:00,23.4,
2021-08-14 06:30:00,23.369999999999997,
2021-08-14 06:45:00,23.33,
2021-08-14 07:00:00,23.44,
2021-08-14 07:15:00,23.42,
2021-08-14 07:30:00,23.45,
2021-08-14 07:45:00,23.45,
2021-08-14 08:00:00,23.549999999999997,
2021-08-14 08:15:00,23.5,
2021-08-14 08:30:00,23.549999999999997,
2021-08-14 08:45:00,23.5,
2021-08-14 09:00:00,23.48,
2021-08-14 09:15:00,23.549999999999997,
2021-08-14 09:30:00,23.53,
2021-08-14 09:45:00,23.53,
2021-08-14 10:00:00,23.59,
2021-08-14 10:15:00,23.53,
2021-08-14 10:30:00,23.59,
2021-08-14 10:45:00,23.619999999999997,
2021-08-14 11:00:00,23.549999999999997,
2021-08-14 11:15:00,23.45,
2021-08-14 11:30:00,23.549999999999997,
2021-08-14 11:45:00,23.42,
2021-08-14 12:00:00,23.39,
2021-08-14 12:15:00,23.47,
2021-08-14 12:30:00,23.47,
2021-08-14 12:45:00,23.459999999999997,
2021-08-14 13:00:00,23.32,
2021-08-14 13:15:00,23.28,
2021-08-14 13:30:00,23.23,
2021-08-14 13:45:00,23.14,
2021-08-14 14:00:00,23.299999999999997,
2021-08-14 14:15:00,23.22,
2021-08-14 14:30:00,23.22,
2021-08-14 14:45:00,23.16,
2021-08-14 15:00:00,23.06,
2021-08-14 15:15:00,23.0,
2021-08-14 15:30:00,23.06,
2021-08-14 15:45:00,23.04,
2021-08-14 16:00:00,22.94,
2021-08-14 16:15:00,23.0,
2021-08-14 16:30:00,23.01,
2021-08-14 16:45:00,22.97,
2021-08-14 17:00:00,23.01,
2021-08-14 17:15:00,22.99,
2021-08-14 17:30:00,22.89,
2021-08-14 17:45:00,23.07,
2021-08-14 18:00:00,23.0,
2021-08-14 18:15:00,22.99,
2021-08-14 18:30:00,22.94,
2021-08-14 18:45:00,22.91,
2021-08-14 19:00:00,22.95,
2021-08-14 19:15:00,23.0,
2021-08-14 19:30:00,22.92,
2021-08-14 19:45:00,22.88,
2021-08-14 20:00:00,22.92,
2021-08-14 20:15:00,22.95,
2021-08-14 20:30:00,22.97,
2021-08-14 20:45:00,22.94,
2021-08-14 21:00:00,22.83,
2021-08-14 21:15:00,23.04,
2021-08-14 21:30:00,23.53,
2021-08-14 21:45:00,24.49,
2021-08-14 22:00:00,24.53,
2021-08-14 22:15:00,24.31,
2021-08-14 22:30:00,24.18,
2021-08-14 22:45:00,23.959999999999997,
2021-08-14 23:00:00,23.64,
2021-08-14 23:15:00,23.4,
2021-08-14 23:30:00,23.22,
2021-08-14 23:45:00,23.06,
2021-08-15 00:00:00,22.959999999999997,
2021-08-15 00:15:00,22.799999999999997,
2021-08-15 00:30:00,22.69,
2021-08-15 00:45:00,22.67,
2021-08-15 01:00:00,22.66,
2021-08-15 01:15:00,22.72,
2021-08-15 01:30:00,22.78,
2021-08-15 01:45:00,22.799999999999997,
2021-08-15 02:00:00,22.94,
2021-08-15 02:15:00,22.99,
2021-08-15 02:30:00,22.91,
2021-08-15 02:45:00,22.83,
2021-08-15 03:00:00,22.84,
2021-08-15 03:15:00,22.91,
2021-08-15 03:30:00,22.99,
2021-08-15 03:45:00,23.06,
2021-08-15 04:00:00,23.0,
2021-08-15 04:15:00,23.03,
2021-08-15 04:30:00,22.98,
2021-08-15 04:45:00,23.13,
2021-08-15 05:00:00,23.2,
2021-08-15 05:15:00,23.28,
2021-08-15 05:30:00,23.22,
2021-08-15 05:45:00,23.2,
2021-08-15 06:00:00,23.35,
2021-08-15 06:15:00,23.27,
2021-08-15 06:30:00,23.369999999999997,
2021-08-15 06:45:00,23.32,
2021-08-15 07:00:00,23.39,
2021-08-15 07:15:00,23.32,
2021-08-15 07:30:00,23.35,
2021-08-15 07:45:00,23.35,
2021-08-15 08:00:00,23.33,
2021-08-15 08:15:00,23.38,
2021-08-15 08:30:00,23.39,
2021-08-15 08:45:00,23.48,
2021-08-15 09:00:00,23.54,
2021-08-15 09:15:00,23.48,
2021-08-15 09:30:00,23.49,
2021-08-15 09:45:00,23.65,
2021-08-15 10:00:00,23.49,
2021-08-15 10:15:00,23.53,
2021-08-15 10:30:00,23.549999999999997,
2021-08-15 10:45:00,23.49,
2021-08-15 11:00:00,23.43,
2021-08-15 11:15:00,23.5,
2021-08-15 11:30:00,23.47,
2021-08-15 11:45:00,23.459999999999997,
2021-08-15 12:00:00,23.43,
2021-08-15 12:15:00,23.38,
2021-08-15 12:30:00,23.33,
2021-08-15 12:45:00,23.33,
2021-08-15 13:00:00,23.38,
2021-08-15 13:15:00,23.209999999999997,
2021-08-15 13:30:00,23.27,
2021-08-15 13:45:00,23.19,
2021-08-15 14:00:00,23.22,
2021-08-15 14:15:00,23.23,
2021-08-15 14:30:00,23.18,
2021-08-15 14:45:00,23.16,
2021-08-15 15:00:00,23.1,
2021-08-15 15:15:00,23.19,
2021-08-15 15:30:00,23.18,
2021-08-15 15:45:00,23.06,
2021-08-15 16:00:00,23.0,
2021-08-15 16:15:00,23.0,
2021-08-15 16:30:00,22.95,
2021-08-15 16:45:00,22.92,
2021-08-15 17:00:00,22.9,
2021-08-15 17:15:00,22.869999999999997,
2021-08-15 17:30:00,22.95,
2021-08-15 17:45:00,22.9,
2021-08-15 18:00:00,22.959999999999997,
2021-08-15 18:15:00,22.86,
2021-08-15 18:30:00,22.89,
2021-08-15 18:45:00,22.85,
2021-08-15 19:00:00,22.91,
2021-08-15 19:15:00,22.82,
2021-08-15 19:30:00,22.81,
2021-08-15 19:45:00,22.82,
2021-08-15 20:00:00,22.83,
2021-08-15 20:15:00,22.81,
2021-08-15 20:30:00,22.77,
2021-08-15 20:45:00,22.86,
2021-08-15 21:00:00,22.89,
2021-08-15 21:15:00,22.83,
2021-08-15 21:30:00,22.89,
2021-08-15 21:45:00,22.83,
2021-08-15 22:00:00,22.92,
2021-08-15 22:15:00,22.86,
2021-08-15 22:30:00,22.86,
2021-08-15 22:45:00,22.84,
2021-08-15 23:00:00,22.89,
2021-08-15 23:15:00,22.66,
2021-08-15 23:30:00,22.9,
2021-08-15 23:45:00,23.01,
2021-08-16 00:00:00,22.97,
2021-08-16 00:15:00,22.97,
2021-08-16 00:30:00,22.85,
2021-08-16 00:45:00,22.89,
2021-08-16 01:00:00,23.03,
2021-08-16 01:15:00,22.84,
2021-08-16 01:30:00,22.95,
2021-08-16 01:45:00,23.02,
2021-08-16 02:00:00,22.99,
2021-08-16 02:15:00,23.01,
2021-08-16 02:30:00,23.02,
2021-08-16 02:45:00,23.08,
2021-08-16 03:00:00,23.1,
2021-08-16 03:15:00,23.2,
2021-08-16 03:30:00,23.07,
2021-08-16 03:45:00,23.16,
2021-08-16 04:00:00,23.23,
2021-08-16 04:15:00,23.07,
2021-08-16 04:30:00,23.11,
2021-08-16 04:45:00,23.17,
2021-08-16 05:00:00,23.049999999999997,
2021-08-16 05:15:00,23.09,
2021-08-16 05:30:00,23.119999999999997,
2021-08-16 05:45:00,23.11,
2021-08-16 06:00:00,23.119999999999997,
2021-08-16 06:15:00,23.26,
2021-08-16 06:30:00,23.209999999999997,
2021-08-16 06:45:00,23.25,
2021-08-16 07:00:00,23.27,
2021-08-16 07:15:00,23.299999999999997,
2021-08-16 07:30:00,23.27,
2021-08-16 07:45:00,23.29,
2021-08-16 08:00:00,23.369999999999997,
2021-08-16 08:15:00,23.31,
2021-08-16 08:30:00,23.35,
2021-08-16 08:45:00,23.299999999999997,
2021-08-16 09:00:00,23.24,
2021-08-16 09:15:00,23.27,
2021-08-16 09:30:00,23.28,
2021-08-16 09:45:00,23.369999999999997,
2021-08-16 10:00:00,23.41,
2021-08-16 10:15:00,23.369999999999997,
2021-08-16 10:30:00,23.33,
2021-08-16 10:45:00,23.32,
2021-08-16 11:00:00,23.35,
2021-08-16 11:15:00,23.31,
2021-08-16 11:30:00,23.36,
2021-08-16 11:45:00,23.29,
2021-08-16 12:00:00,23.29,
2021-08-16 12:15:00,23.32,
2021-08-16 12:30:00,23.29,
2021-08-16 12:45:00,23.18,
2021-08-16 13:00:00,23.27,
2021-08-16 13:15:00,23.209999999999997,
2021-08-16 13:30:00,23.15,
2021-08-16 13:45:00,23.209999999999997,
2021-08-16 14:00:00,23.13,
2021-08-16 14:15:00,23.09,
2021-08-16 14:30:00,23.11,
2021-08-16 14:45:00,23.06,
2021-08-16 15:00:00,23.0,
2021-08-16 15:15:00,23.13,
2021-08-16 15:30:00,23.02,
2021-08-16 15:45:00,23.0,
2021-08-16 16:00:00,22.93,
2021-08-16 16:15:00,22.89,
2021-08-16 16:30:00,22.959999999999997,
2021-08-16 16:45:00,22.83,
2021-08-16 17:00:00,22.93,
2021-08-16 17:15:00,22.83,
2021-08-16 17:30:00,22.869999999999997,
2021-08-16 17:45:00,22.97,
2021-08-16 18:00:00,22.84,
2021-08-16 18:15:00,22.76,
2021-08-16 18:30:00,22.77,
2021-08-16 18:45:00,22.81,
2021-08-16 19:00:00,22.799999999999997,
2021-08-16 19:15:00,22.74,
2021-08-16 19:30:00,22.78,
2021-08-16 19:45:00,22.73,
2021-08-16 20:00:00,22.799999999999997,
2021-08-16 20:15:00,22.78,
2021-08-16 20:30:00,22.78,
2021-08-16 20:45:00,22.85,
2021-08-16 21:00:00,22.9,
2021-08-16 21:15:00,22.82,
2021-08-16 21:30:00,22.93,
2021-08-16 21:45:00,22.9,
2021-08-16 22:00:00,22.92,
2021-08-16 22:15:00,22.86,
2021-08-16 22:30:00,22.9,
2021-08-16 22:45:00,22.89,
2021-08-16 23:00:00,22.9,
2021-08-16 23:15:00,22.869999999999997,
2021-08-16 23:30:00,22.88,
2021-08-16 23:45:00,22.91,
2021-08-17 00:00:00,22.91,
2021-08-17 00:15:00,22.91,
2021-08-17 00:30:00,22.93,
2021-08-17 00:45:00,22.9,
2021-08-17 01:00:00,22.77,
2021-08-17 01:15:00,22.9,
2021-08-17 01:30:00,22.88,
2021-08-17 01:45:00,23.049999999999997,
2021-08-17 02:00:00,23.04,
2021-08-17 02:15:00,23.15,
2021-08-17 02:30:00,23.15,
2021-08-17 02:45:00,23.14,
2021-08-17 03:00:00,23.1,
2021-08-17 03:15:00,23.02,
2021-08-17 03:30:00,23.11,
2021-08-17 03:45:00,23.06,
2021-08-17 04:00:00,23.15,
2021-08-17 04:15:00,23.11,
2021-08-17 04:30:00,23.19,
2021-08-17 04:45:00,22.95,
2021-08-17 05:00:00,23.13,
2021-08-17 05:15:00,23.16,
2021-08-17 05:30:00,23.15,
2021-08-17 05:45:00,23.07,
2021-08-17 06:00:00,23.15,
2021-08-17 06:15:00,23.17,
2021-08-17 06:30:00,23.17,
2021-08-17 06:45:00,23.08,
2021-08-17 07:00:00,23.26,
2021-08-17 07:15:00,23.24,
2021-08-17 07:30:00,23.27,
2021-08-17 07:45:00,23.29,
2021-08-17 08:00:00,23.29,
2021-08-17 08:15:00,23.27,
2021-08-17 08:30:00,23.44,
2021-08-17 08:45:00,23.49,
2021-08-17 09:00:00,23.58,
2021-08-17 09:15:00,23.47,
2021-08-17 09:30:00,23.4,
2021-08-17 09:45:00,23.4,
2021-08-17 10:00:00,23.32,
2021-08-17 10:15:00,23.4,
2021-08-17 10:30:00,23.31,
2021-08-17 10:45:00,23.25,
2021-08-17 11:00:00,23.22,
2021-08-17 11:15:00,23.33,
2021-08-17 11:30:00,23.22,
2021-08-17 11:45:00,23.27,
2021-08-17 12:00:00,23.25,
2021-08-17 12:15:00,23.19,
2021-08-17 12:30:00,23.24,
2021-08-17 12:45:00,23.16,
2021-08-17 13:00:00,23.16,
2021-08-17 13:15:00,23.27,
2021-08-17 13:30:00,23.119999999999997,
2021-08-17 13:45:00,23.119999999999997,
2021-08-17 14:00:00,23.08,
2021-08-17 14:15:00,22.99,
2021-08-17 14:30:00,22.959999999999997,
2021-08-17 14:45:00,22.99,
2021-08-17 15:00:00,23.07,
2021-08-17 15:15:00,22.959999999999997,
2021-08-17 15:30:00,22.9,
2021-08-17 15:45:00,22.92,
2021-08-17 16:00:00,22.81,
2021-08-17 16:15:00,22.89,
2021-08-17 16:30:00,22.95,
2021-08-17 16:45:00,22.77,
2021-08-17 17:00:00,22.72,
2021-08-17 17:15:00,22.77,
2021-08-17 17:30:00,22.79,
2021-08-17 17:45:00,22.709999999999997,
2021-08-17 18:00:00,22.72,
2021-08-17 18:15:00,22.72,
2021-08-17 18:30:00,22.68,
2021-08-17 18:45:00,22.799999999999997,
2021-08-17 19:00:00,22.81,
2021-08-17 19:15:00,22.73,
2021-08-17 19:30:00,22.7,
2021-08-17 19:45:00,22.77,
2021-08-17 20:00:00,22.65,
2021-08-17 20:15:00,22.85,
2021-08-17 20:30:00,22.799999999999997,
2021-08-17 20:45:00,22.84,
2021-08-17 21:00:00,22.88,
2021-08-17 21:15:00,22.709999999999997,
2021-08-17 21:30:00,22.869999999999997,
2021-08-17 21:45:00,22.82,
2021-08-17 22:00:00,22.94,
2021-08-17 22:15:00,22.88,
2021-08-17 22:30:00,22.89,
2021-08-17 22:45:00,22.86,
2021-08-17 23:00:00,22.92,
2021-08-17 23:15:00,22.94,
2021-08-17 23:30:00,22.94,
2021-08-17 23:45:00,22.9,
2021-08-18 00:00:00,23.01,
2021-08-18 00:15:00,22.959999999999997,
2021-08-18 00:30:00,22.83,
2021-08-18 00:45:00,22.99,
2021-08-18 01:00:00,22.98,
2021-08-18 01:15:00,23.03,
2021-08-18 01:30:00,22.99,
2021-08-18 01:45:00,22.99,
2021-08-18 02:00:00,23.02,
2021-08-18 02:15:00,23.1,
2021-08-18 02:30:00,22.98,
2021-08-18 02:45:00,22.92,
2021-08-18 03:00:00,22.95,
2021-08-18 03:15:00,23.02,
2021-08-18 03:30:00,23.02,
2021-08-18 03:45:00,22.98,
2021-08-18 04:00:00,23.0,
2021-08-18 04:15:00,23.03,
2021-08-18 04:30:00,23.03,
2021-08-18 04:45:00,23.04,
2021-08-18 05:00:00,23.07,
2021-08-18 05:15:00,23.04,
2021-08-18 05:30:00,23.01,
2021-08-18 05:45:00,22.93,
2021-08-18 06:00:00,23.0,
2021-08-18 06:15:00,23.15,
2021-08-18 06:30:00,23.38,
2021-08-18 06:45:00,24.2,
2021-08-18 07:00:00,23.459999999999997,
2021-08-18 07:15:00,23.35,
2021-08-18 07:30:00,23.24,
2021-08-18 07:45:00,23.28,
2021-08-18 08:00:00,23.209999999999997,
2021-08-18 08:15:00,23.28,
2021-08-18 08:30:00,23.25,
2021-08-18 08:45:00,23.48,
2021-08-18 09:00:00,23.53,
2021-08-18 09:15:00,23.64,
2021-08-18 09:30:00,23.74,
2021-08-18 09:45:00,23.83,
2021-08-18 10:00:00,24.08,
2021-08-18 10:15:00,24.63,
2021-08-18 10:30:00,24.82,
2021-08-18 10:45:00,24.89,
2021-08-18 11:00:00,24.99,
2021-08-18 11:15:00,25.17,
2021-08-18 11:30:00,25.4,
2021-08-18 11:45:00,25.6,
2021-08-18 12:00:00,25.73,
2021-08-18 12:15:00,25.83,
2021-08-18 12:30:00,26.39,
2021-08-18 12:45:00,26.64,
2021-08-18 13:00:00,26.63,
2021-08-18 13:15:00,26.52,
2021-08-18 13:30:00,26.4,
2021-08-18 13:45:00,26.32,
2021-08-18 14:00:00,26.28,
2021-08-18 14:15:00,26.119999999999997,
2021-08-18 14:30:00,26.11,
2021-08-18 14:45:00,26.07,
2021-08-18 15:00:00,26.049999999999997,
2021-08-18 15:15:00,26.11,
2021-08-18 15:30:00,26.0,
2021-08-18 15:45:00,25.86,
2021-08-18 16:00:00,25.73,
2021-08-18 16:15:00,25.619999999999997,
2021-08-18 16:30:00,25.47,
2021-08-18 16:45:00,25.299999999999997,
2021-08-18 17:00:00,25.28,
2021-08-18 17:15:00,25.23,
2021-08-18 17:30:00,25.14,
2021-08-18 17:45:00,24.95,
2021-08-18 18:00:00,24.83,
2021-08-18 18:15:00,24.83,
2021-08-18 18:30:00,24.72,
2021-08-18 18:45:00,24.61,
2021-08-18 19:00:00,24.42,
2021-08-18 19:15:00,24.4,
2021-08-18 19:30:00,24.26,
2021-08-18 19:45:00,24.24,
2021-08-18 20:00:00,24.19,
2021-08-18 20:15:00,24.23,
2021-08-18 20:30:00,23.99,
2021-08-18 20:45:00,23.959999999999997,
2021-08-18 21:00:00,24.07,
2021-08-18 21:15:00,24.03,
2021-08-18 21:30:00,23.77,
2021-08-18 21:45:00,23.799999999999997,
2021-08-18 22:00:00,23.78,
2021-08-18 22:15:00,23.82,
2021-08-18 22:30:00,23.74,
2021-08-18 22:45:00,23.78,
2021-08-18 23:00:00,23.79,
2021-08-18 23:15:00,23.85,
2021-08-18 23:30:00,23.74,
2021-08-18 23:45:00,23.57,
2021-08-19 00:00:00,23.7,
2021-08-19 00:15:00,23.74,
2021-08-19 00:30:00,23.75,
2021-08-19 00:45:00,23.67,
2021-08-19 01:00:00,23.74,
2021-08-19 01:15:00,23.64,
2021-08-19 01:30:00,23.52,
2021-08-19 01:45:00,23.6,
2021-08-19 02:00:00,23.73,
2021-08-19 02:15:00,23.799999999999997,
2021-08-19 02:30:00,23.7,
2021-08-19 02:45:00,23.76,
2021-08-19 03:00:00,24.06,
2021-08-19 03:15:00,24.23,
2021-08-19 03:30:00,24.04,
2021-08-19 03:45:00,23.91,
2021-08-19 04:00:00,23.97,
2021-08-19 04:15:00,24.07,
2021-08-19 04:30:00,24.14,
2021-08-19 04:45:00,24.119999999999997,
2021-08-19 05:00:00,24.18,
2021-08-19 05:15:00,24.25,
2021-08-19 05:30:00,24.33,
2021-08-19 05:45:00,24.459999999999997,
2021-08-19 06:00:00,24.39,
2021-08-19 06:15:00,24.42,
2021-08-19 06:30:00,24.35,
2021-08-19 06:45:00,24.38,
2021-08-19 07:00:00,24.36,
2021-08-19 07:15:00,24.48,
2021-08-19 07:30:00,24.38,
2021-08-19 07:45:00,24.4,
2021-08-19 08:00:00,24.43,
2021-08-19 08:15:00,24.44,
2021-08-19 08:30:00,24.56,
2021-08-19 08:45:00,24.76,
2021-08-19 09:00:00,24.81,
2021-08-19 09:15:00,24.74,
2021-08-19 09:30:00,24.77,
2021-08-19 09:45:00,24.84,
2021-08-19 10:00:00,24.95,
2021-08-19 10:15:00,24.94,
2021-08-19 10:30:00,24.99,
2021-08-19 10:45:00,25.14,
2021-08-19 11:00:00,25.209999999999997,
2021-08-19 11:15:00,25.29,
2021-08-19 11:30:00,25.35,
2021-08-19 11:45:00,25.32,
2021-08-19 12:00:00,25.31,
2021-08-19 12:15:00,25.209999999999997,
2021-08-19 12:30:00,25.15,
2021-08-19 12:45:00,25.1,
2021-08-19 13:00:00,24.97,
2021-08-19 13:15:00,24.92,
2021-08-19 13:30:00,24.959999999999997,
2021-08-19 13:45:00,24.85,
2021-08-19 14:00:00,24.77,
2021-08-19 14:15:00,24.54,
2021-08-19 14:30:00,24.54,
2021-08-19 14:45:00,24.43,
2021-08-19 15:00:00,24.4,
2021-08-19 15:15:00,24.33,
2021-08-19 15:30:00,24.22,
2021-08-19 15:45:00,24.2,
2021-08-19 16:00:00,24.08,
2021-08-19 16:15:00,24.09,
2021-08-19 16:30:00,24.03,
2021-08-19 16:45:00,24.0,
2021-08-19 17:00:00,24.02,
2021-08-19 17:15:00,23.94,
2021-08-19 17:30:00,23.92,
2021-08-19 17:45:00,24.01,
2021-08-19 18:00:00,23.98,
2021-08-19 18:15:00,23.93,
2021-08-19 18:30:00,23.94,
2021-08-19 18:45:00,23.93,
2021-08-19 19:00:00,23.85,
2021-08-19 19:15:00,23.84,
2021-08-19 19:30:00,23.84,
2021-08-19 19:45:00,23.82,
2021-08-19 20:00:00,23.76,
2021-08-19 20:15:00,23.709999999999997,
2021-08-19 20:30:00,23.82,
2021-08-19 20:45:00,23.84,
2021-08-19 21:00:00,23.799999999999997,
2021-08-19 21:15:00,23.709999999999997,
2021-08-19 21:30:00,23.75,
2021-08-19 21:45:00,23.799999999999997,
2021-08-19 22:00:00,23.73,
2021-08-19 22:15:00,23.76,
2021-08-19 22:30:00,23.7,
2021-08-19 22:45:00,23.64,
2021-08-19 23:00:00,23.67,
2021-08-19 23:15:00,23.549999999999997,
2021-08-19 23:30:00,23.58,
2021-08-19 23:45:00,23.58,
2021-08-20 00:00:00,23.549999999999997,
2021-08-20 00:15:00,23.54,
2021-08-20 00:30:00,23.53,
2021-08-20 00:45:00,23.53,
2021-08-20 01:00:00,23.44,
2021-08-20 01:15:00,23.44,
2021-08-20 01:30:00,23.459999999999997,
2021-08-20 01:45:00,23.459999999999997,
2021-08-20 02:00:00,23.5,
2021-08-20 02:15:00,23.51,
2021-08-20 02:30:00,23.49,
2021-08-20 02:45:00,23.42,
2021-08-20 03:00:00,23.49,
2021-08-20 03:15:00,23.56,
2021-08-20 03:30:00,23.59,
2021-08-20 03:45:00,23.5,
2021-08-20 04:00:00,23.5,
2021-08-20 04:15:00,23.45,
2021-08-20 04:30:00,23.459999999999997,
2021-08-20 04:45:00,23.4,
2021-08-20 05:00:00,23.45,
2021-08-20 05:15:00,23.52,
2021-08-20 05:30:00,23.49,
2021-08-20 05:45:00,23.6,
2021-08-20 06:00:00,23.44,
2021-08-20 06:15:00,23.52,
2021-08-20 06:30:00,23.549999999999997,
2021-08-20 06:45:00,23.549999999999997,
2021-08-20 07:00:00,23.5,
2021-08-20 07:15:00,23.51,
2021-08-20 07:30:00,23.52,
2021-08-20 07:45:00,23.48,
2021-08-20 08:00:00,23.64,
2021-08-20 08:15:00,23.66,
2021-08-20 08:30:00,23.67,
2021-08-20 08:45:00,23.65,
2021-08-20 09:00:00,23.57,
2021-08-20 09:15:00,23.64,
2021-08-20 09:30:00,23.619999999999997,
2021-08-20 09:45:00,23.61,
2021-08-20 10:00:00,23.63,
2021-08-20 10:15:00,23.59,
2021-08-20 10:30:00,23.58,
2021-08-20 10:45:00,23.549999999999997,
2021-08-20 11:00:00,23.619999999999997,
2021-08-20 11:15:00,23.57,
2021-08-20 11:30:00,23.64,
2021-08-20 11:45:00,23.67,
2021-08-20 12:00:00,23.67,
2021-08-20 12:15:00,23.619999999999997,
2021-08-20 12:30:00,23.64,
2021-08-20 12:45:00,23.59,
2021-08-20 13:00:00,23.59,
2021-08-20 13:15:00,23.64,
2021-08-20 13:30:00,23.53,
2021-08-20 13:45:00,23.58,
2021-08-20 14:00:00,23.6,
2021-08-20 14:15:00,23.549999999999997,
2021-08-20 14:30:00,23.459999999999997,
2021-08-20 14:45:00,23.52,
2021-08-20 15:00:00,23.47,
2021-08-20 15:15:00,23.57,
2021-08-20 15:30:00,23.51,
2021-08-20 15:45:00,23.549999999999997,
2021-08-20 16:00:00,23.43,
2021-08-20 16:15:00,23.47,
2021-08-20 16:30:00,23.36,
2021-08-20 16:45:00,23.39,
2021-08-20 17:00:00,23.5,
2021-08-20 17:15:00,23.35,
2021-08-20 17:30:00,23.33,
2021-08-20 17:45:00,23.42,
2021-08-20 18:00:00,23.42,
2021-08-20 18:15:00,23.35,
2021-08-20 18:30:00,23.28,
2021-08-20 18:45:00,23.31,
2021-08-20 19:00:00,23.25,
2021-08-20 19:15:00,23.26,
2021-08-20 19:30:00,23.29,
2021-08-20 19:45:00,23.31,
2021-08-20 20:00:00,23.299999999999997,
2021-08-20 20:15:00,23.28,
2021-08-20 20:30:00,23.22,
2021-08-20 20:45:00,23.24,
2021-08-20 21:00:00,23.16,
2021-08-20 21:15:00,23.16,
2021-08-20 21:30:00,23.2,
2021-08-20 21:45:00,23.15,
2021-08-20 22:00:00,23.15,
2021-08-20 22:15:00,23.1,
2021-08-20 22:30:00,23.16,
2021-08-20 22:45:00,23.19,
2021-08-20 23:00:00,23.19,
2021-08-20 23:15:00,23.27,
2021-08-20 23:30:00,23.17,
2021-08-20 23:45:00,23.18,
2021-08-21 00:00:00,23.15,
2021-08-21 00:15:00,23.11,
2021-08-21 00:30:00,23.16,
2021-08-21 00:45:00,23.119999999999997,
2021-08-21 01:00:00,23.24,
2021-08-21 01:15:00,23.28,
2021-08-21 01:30:00,23.24,
2021-08-21 01:45:00,23.27,
2021-08-21 02:00:00,23.31,
2021-08-21 02:15:00,23.35,
2021-08-21 02:30:00,23.33,
2021-08-21 02:45:00,23.28,
2021-08-21 03:00:00,23.24,
2021-08-21 03:15:00,23.27,
2021-08-21 03:30:00,23.29,
2021-08-21 03:45:00,23.27,
2021-08-21 04:00:00,23.19,
2021-08-21 04:15:00,23.2,
2021-08-21 04:30:00,23.22,
2021-08-21 04:45:00,23.29,
2021-08-21 05:00:00,23.19,
2021-08-21 05:15:00,23.29,
2021-08-21 05:30:00,23.35,
2021-08-21 05:45:00,23.38,
2021-08-21 06:00:00,23.36,
2021-08-21 06:15:00,23.27,
2021-08-21 06:30:00,23.29,
2021-08-21 06:45:00,23.33,
2021-08-21 07:00:00,23.369999999999997,
2021-08-21 07:15:00,23.41,
2021-08-21 07:30:00,23.39,
2021-08-21 07:45:00,23.35,
2021-08-21 08:00:00,23.57,
2021-08-21 08:15:00,23.51,
2021-08-21 08:30:00,23.45,
2021-08-21 08:45:00,23.5,
2021-08-21 09:00:00,23.49,
2021-08-21 09:15:00,23.49,
2021-08-21 09:30:00,23.44,
2021-08-21 09:45:00,23.41,
2021-08-21 10:00:00,23.459999999999997,
2021-08-21 10:15:00,23.42,
2021-08-21 10:30:00,23.6,
2021-08-21 10:45:00,23.69,
2021-08-21 11:00:00,23.78,
2021-08-21 11:15:00,23.73,
2021-08-21 11:30:00,23.68,
2021-08-21 11:45:00,23.73,
2021-08-21 12:00:00,23.67,
2021-08-21 12:15:00,23.64,
2021-08-21 12:30:00,23.73,
2021-08-21 12:45:00,23.59,
2021-08-21 13:00:00,23.5,
2021-08-21 13:15:00,23.54,
2021-08-21 13:30:00,23.47,
2021-08-21 13:45:00,23.47,
2021-08-21 14:00:00,23.44,
2021-08-21 14:15:00,23.299999999999997,
2021-08-21 14:30:00,23.4,
2021-08-21 14:45:00,23.28,
2021-08-21 15:00:00,23.209999999999997,
2021-08-21 15:15:00,23.28,
2021-08-21 15:30:00,23.31,
2021-08-21 15:45:00,23.28,
2021-08-21 16:00:00,23.17,
2021-08-21 16:15:00,23.26,
2021-08-21 16:30:00,23.18,
2021-08-21 16:45:00,23.08,
2021-08-21 17:00:00,23.32,
2021-08-21 17:15:00,23.26,
2021-08-21 17:30:00,23.27,
2021-08-21 17:45:00,23.24,
2021-08-21 18:00:00,23.7,
2021-08-21 18:15:00,23.74,
2021-08-21 18:30:00,23.78,
2021-08-21 18:45:00,23.64,
2021-08-21 19:00:00,23.9,
2021-08-21 19:15:00,24.33,
2021-08-21 19:30:00,24.77,
2021-08-21 19:45:00,25.17,
2021-08-21 20:00:00,25.4,
2021-08-21 20:15:00,25.84,
2021-08-21 20:30:00,26.13,
2021-08-21 20:45:00,26.6,
2021-08-21 21:00:00,26.99,
2021-08-21 21:15:00,27.41,
2021-08-21 21:30:00,28.14,
2021-08-21 21:45:00,28.459999999999997,
2021-08-21 22:00:00,28.549999999999997,
2021-08-21 22:15:00,28.47,
2021-08-21 22:30:00,28.209999999999997,
2021-08-21 22:45:00,27.88,
2021-08-21 23:00:00,27.619999999999997,
2021-08-21 23:15:00,27.29,
2021-08-21 23:30:00,26.97,
2021-08-21 23:45:00,26.67,
2021-08-22 00:00:00,26.42,
2021-08-22 00:15:00,26.25,
2021-08-22 00:30:00,25.89,
2021-08-22 00:45:00,25.63,
2021-08-22 01:00:00,25.49,
2021-08-22 01:15:00,25.299999999999997,
2021-08-22 01:30:00,25.11,
2021-08-22 01:45:00,24.92,
2021-08-22 02:00:00,24.83,
2021-08-22 02:15:00,24.6,
2021-08-22 02:30:00,24.52,
2021-08-22 02:45:00,24.27,
2021-08-22 03:00:00,24.19,
2021-08-22 03:15:00,24.14,
2021-08-22 03:30:00,24.14,
2021-08-22 03:45:00,24.11,
2021-08-22 04:00:00,23.88,
2021-08-22 04:15:00,23.61,
2021-08-22 04:30:00,23.6,
2021-08-22 04:45:00,23.619999999999997,
2021-08-22 05:00:00,23.73,
2021-08-22 05:15:00,23.86,
2021-08-22 05:30:00,23.85,
2021-08-22 05:45:00,23.83,
2021-08-22 06:00:00,23.9,
2021-08-22 06:15:00,23.85,
2021-08-22 06:30:00,23.73,
2021-08-22 06:45:00,23.85,
2021-08-22 07:00:00,23.799999999999997,
2021-08-22 07:15:00,23.93,
2021-08-22 07:30:00,23.84,
2021-08-22 07:45:00,23.88,
2021-08-22 08:00:00,23.84,
2021-08-22 08:15:00,23.85,
2021-08-22 08:30:00,23.95,
2021-08-22 08:45:00,23.83,
2021-08-22 09:00:00,23.86,
2021-08-22 09:15:00,23.88,
2021-08-22 09:30:00,23.83,
2021-08-22 09:45:00,23.81,
2021-08-22 10:00:00,23.98,
2021-08-22 10:15:00,23.88,
2021-08-22 10:30:00,23.94,
2021-08-22 10:45:00,23.92,
2021-08-22 11:00:00,23.95,
2021-08-22 11:15:00,23.98,
2021-08-22 11:30:00,23.94,
2021-08-22 11:45:00,23.89,
2021-08-22 12:00:00,23.92,
2021-08-22 12:15:00,23.9,
2021-08-22 12:30:00,23.9,
2021-08-22 12:45:00,23.869999999999997,
2021-08-22 13:00:00,23.9,
2021-08-22 13:15:00,23.84,
2021-08-22 13:30:00,23.78,
2021-08-22 13:45:00,23.7,
2021-08-22 14:00:00,23.74,
2021-08-22 14:15:00,23.63,
2021-08-22 14:30:00,23.65,
2021-08-22 14:45:00,23.67,
2021-08-22 15:00:00,23.7,
2021-08-22 15:15:00,23.63,
2021-08-22 15:30:00,23.68,
2021-08-22 15:45:00,23.459999999999997,
2021-08-22 16:00:00,23.48,
2021-08-22 16:15:00,23.38,
2021-08-22 16:30:00,23.42,
2021-08-22 16:45:00,23.36,
2021-08-22 17:00:00,23.31,
2021-08-22 17:15:00,23.39,
2021-08-22 17:30:00,23.34,
2021-08-22 17:45:00,23.41,
2021-08-22 18:00:00,23.31,
2021-08-22 18:15:00,23.18,
2021-08-22 18:30:00,23.24,
2021-08-22 18:45:00,23.209999999999997,
2021-08-22 19:00:00,23.209999999999997,
2021-08-22 19:15:00,23.299999999999997,
2021-08-22 19:30:00,23.16,
2021-08-22 19:45:00,23.22,
2021-08-22 20:00:00,23.08,
2021-08-22 20:15:00,23.22,
2021-08-22 20:30:00,23.2,
2021-08-22 20:45:00,23.22,
2021-08-22 21:00:00,23.22,
2021-08-22 21:15:00,23.22,
2021-08-22 21:30:00,23.24,
2021-08-22 21:45:00,23.2,
2021-08-22 22:00:00,23.27,
2021-08-22 22:15:00,23.34,
2021-08-22 22:30:00,23.25,
2021-08-22 22:45:00,23.23,
2021-08-22 23:00:00,23.19,
2021-08-22 23:15:00,23.23,
2021-08-22 23:30:00,23.34,
2021-08-22 23:45:00,23.27,
2021-08-23 00:00:00,23.32,
2021-08-23 00:15:00,23.38,
2021-08-23 00:30:00,23.2,
2021-08-23 00:45:00,23.29,
2021-08-23 01:00:00,23.28,
2021-08-23 01:15:00,23.369999999999997,
2021-08-23 01:30:00,23.36,
2021-08-23 01:45:00,23.25,
2021-08-23 02:00:00,23.34,
2021-08-23 02:15:00,23.29,
2021-08-23 02:30:00,23.34,
2021-08-23 02:45:00,23.31,
2021-08-23 03:00:00,23.33,
2021-08-23 03:15:00,23.28,
2021-08-23 03:30:00,23.17,
2021-08-23 03:45:00,23.2,
2021-08-23 04:00:00,23.34,
2021-08-23 04:15:00,23.32,
2021-08-23 04:30:00,23.24,
2021-08-23 04:45:00,23.2,
2021-08-23 05:00:00,23.35,
2021-08-23 05:15:00,23.14,
2021-08-23 05:30:00,23.22,
2021-08-23 05:45:00,23.13,
2021-08-23 06:00:00,23.299999999999997,
2021-08-23 06:15:00,23.34,
2021-08-23 06:30:00,23.35,
2021-08-23 06:45:00,23.38,
2021-08-23 07:00:00,23.39,
2021-08-23 07:15:00,23.34,
2021-08-23 07:30:00,23.39,
2021-08-23 07:45:00,23.38,
2021-08-23 08:00:00,23.38,
2021-08-23 08:15:00,23.38,
2021-08-23 08:30:00,23.39,
2021-08-23 08:45:00,23.35,
2021-08-23 09:00:00,23.38,
2021-08-23 09:15:00,23.45,
2021-08-23 09:30:00,23.4,
2021-08-23 09:45:00,23.44,
2021-08-23 10:00:00,23.459999999999997,
2021-08-23 10:15:00,23.47,
2021-08-23 10:30:00,23.51,
2021-08-23 10:45:00,23.57,
2021-08-23 11:00:00,23.459999999999997,
2021-08-23 11:15:00,23.45,
2021-08-23 11:30:00,23.48,
2021-08-23 11:45:00,23.52,
2021-08-23 12:00:00,23.51,
2021-08-23 12:15:00,23.44,
2021-08-23 12:30:00,23.54,
2021-08-23 12:45:00,23.43,
2021-08-23 13:00:00,23.43,
2021-08-23 13:15:00,23.29,
2021-08-23 13:30:00,23.17,
2021-08-23 13:45:00,23.17,
2021-08-23 14:00:00,23.13,
2021-08-23 14:15:00,23.09,
2021-08-23 14:30:00,22.97,
2021-08-23 14:45:00,23.119999999999997,
2021-08-23 15:00:00,23.02,
2021-08-23 15:15:00,22.95,
2021-08-23 15:30:00,22.95,
2021-08-23 15:45:00,22.95,
2021-08-23 16:00:00,22.86,
2021-08-23 16:15:00,22.799999999999997,
2021-08-23 16:30:00,22.85,
2021-08-23 16:45:00,22.799999999999997,
2021-08-23 17:00:00,22.76,
2021-08-23 17:15:00,22.83,
2021-08-23 17:30:00,22.79,
2021-08-23 17:45:00,22.79,
2021-08-23 18:00:00,22.75,
2021-08-23 18:15:00,22.77,
2021-08-23 18:30:00,22.68,
2021-08-23 18:45:00,22.66,
2021-08-23 19:00:00,22.73,
2021-08-23 19:15:00,22.69,
2021-08-23 19:30:00,22.73,
2021-08-23 19:45:00,22.76,
2021-08-23 20:00:00,22.69,
2021-08-23 20:15:00,22.73,
2021-08-23 20:30:00,22.73,
2021-08-23 20:45:00,22.76,
2021-08-23 21:00:00,22.74,
2021-08-23 21:15:00,22.74,
2021-08-23 21:30:00,22.72,
2021-08-23 21:45:00,22.77,
2021-08-23 22:00:00,22.74,
2021-08-23 22:15:00,22.85,
2021-08-23 22:30:00,22.77,
2021-08-23 22:45:00,22.86,
2021-08-23 23:00:00,22.869999999999997,
2021-08-23 23:15:00,22.84,
2021-08-23 23:30:00,22.77,
2021-08-23 23:45:00,22.85,
2021-08-24 00:00:00,22.73,
2021-08-24 00:15:00,22.79,
2021-08-24 00:30:00,22.83,
2021-08-24 00:45:00,22.77,
2021-08-24 01:00:00,22.82,
2021-08-24 01:15:00,22.84,
2021-08-24 01:30:00,22.83,
2021-08-24 01:45:00,22.88,
2021-08-24 02:00:00,22.84,
2021-08-24 02:15:00,22.94,
2021-08-24 02:30:00,22.95,
2021-08-24 02:45:00,22.91,
2021-08-24 03:00:00,23.01,
2021-08-24 03:15:00,22.97,
2021-08-24 03:30:00,23.01,
2021-08-24 03:45:00,22.959999999999997,
2021-08-24 04:00:00,22.92,
2021-08-24 04:15:00,22.89,
2021-08-24 04:30:00,22.89,
2021-08-24 04:45:00,22.92,
2021-08-24 05:00:00,22.93,
2021-08-24 05:15:00,22.97,
2021-08-24 05:30:00,22.88,
2021-08-24 05:45:00,22.91,
2021-08-24 06:00:00,22.97,
2021-08-24 06:15:00,22.97,
2021-08-24 06:30:00,23.02,
2021-08-24 06:45:00,22.9,
2021-08-24 07:00:00,22.9,
2021-08-24 07:15:00,23.04,
2021-08-24 07:30:00,23.049999999999997,
2021-08-24 07:45:00,23.1,
2021-08-24 08:00:00,23.11,
2021-08-24 08:15:00,23.0,
2021-08-24 08:30:00,23.08,
2021-08-24 08:45:00,23.09,
2021-08-24 09:00:00,23.03,
2021-08-24 09:15:00,22.99,
2021-08-24 09:30:00,23.08,
2021-08-24 09:45:00,23.09,
2021-08-24 10:00:00,23.23,
2021-08-24 10:15:00,23.15,
2021-08-24 10:30:00,23.11,
2021-08-24 10:45:00,23.09,
2021-08-24 11:00:00,23.119999999999997,
2021-08-24 11:15:00,23.07,
2021-08-24 11:30:00,23.02,
2021-08-24 11:45:00,23.13,
2021-08-24 12:00:00,23.15,
2021-08-24 12:15:00,23.09,
2021-08-24 12:30:00,23.119999999999997,
2021-08-24 12:45:00,22.98,
2021-08-24 13:00:00,22.94,
2021-08-24 13:15:00,23.02,
2021-08-24 13:30:00,22.93,
2021-08-24 13:45:00,22.88,
2021-08-24 14:00:00,22.91,
2021-08-24 14:15:00,22.88,
2021-08-24 14:30:00,22.89,
2021-08-24 14:45:00,22.89,
2021-08-24 15:00:00,22.74,
2021-08-24 15:15:00,22.78,
2021-08-24 15:30:00,22.82,
2021-08-24 15:45:00,22.709999999999997,
2021-08-24 16:00:00,22.67,
2021-08-24 16:15:00,22.64,
2021-08-24 16:30:00,22.63,
2021-08-24 16:45:00,22.63,
2021-08-24 17:00:00,22.64,
2021-08-24 17:15:00,22.53,
2021-08-24 17:30:00,22.61,
2021-08-24 17:45:00,22.6,
2021-08-24 18:00:00,22.619999999999997,
2021-08-24 18:15:00,22.57,
2021-08-24 18:30:00,22.6,
2021-08-24 18:45:00,22.51,
2021-08-24 19:00:00,22.52,
2021-08-24 19:15:00,23.549999999999997,
2021-08-24 19:30:00,22.94,
2021-08-24 19:45:00,22.61,
2021-08-24 20:00:00,22.54,
2021-08-24 20:15:00,22.619999999999997,
2021-08-24 20:30:00,22.549999999999997,
2021-08-24 20:45:00,22.51,
2021-08-24 21:00:00,22.459999999999997,
2021-08-24 21:15:00,22.459999999999997,
2021-08-24 21:30:00,22.459999999999997,
2021-08-24 21:45:00,22.48,
2021-08-24 22:00:00,22.549999999999997,
2021-08-24 22:15:00,22.45,
2021-08-24 22:30:00,22.4,
2021-08-24 22:45:00,22.459999999999997,
2021-08-24 23:00:00,22.49,
2021-08-24 23:15:00,22.4,
2021-08-24 23:30:00,22.69,
2021-08-24 23:45:00,22.63,
2021-08-25 00:00:00,22.69,
2021-08-25 00:15:00,22.69,
2021-08-25 00:30:00,22.74,
2021-08-25 00:45:00,22.73,
2021-08-25 01:00:00,22.7,
2021-08-25 01:15:00,22.61,
2021-08-25 01:30:00,22.76,
2021-08-25 01:45:00,22.73,
2021-08-25 02:00:00,22.77,
2021-08-25 02:15:00,22.72,
2021-08-25 02:30:00,22.74,
2021-08-25 02:45:00,22.7,
2021-08-25 03:00:00,22.67,
2021-08-25 03:15:00,22.69,
2021-08-25 03:30:00,22.72,
2021-08-25 03:45:00,22.73,
2021-08-25 04:00:00,22.64,
2021-08-25 04:15:00,22.76,
2021-08-25 04:30:00,22.81,
2021-08-25 04:45:00,22.76,
2021-08-25 05:00:00,22.89,
2021-08-25 05:15:00,22.97,
2021-08-25 05:30:00,22.93,
2021-08-25 05:45:00,22.69,
2021-08-25 06:00:00,22.85,
2021-08-25 06:15:00,22.9,
2021-08-25 06:30:00,22.92,
2021-08-25 06:45:00,22.85,
2021-08-25 07:00:00,22.86,
2021-08-25 07:15:00,22.91,
2021-08-25 07:30:00,22.9,
2021-08-25 07:45:00,22.92,
2021-08-25 08:00:00,22.91,
2021-08-25 08:15:00,22.9,
2021-08-25 08:30:00,22.95,
2021-08-25 08:45:00,22.959999999999997,
2021-08-25 09:00:00,23.02,
2021-08-25 09:15:00,23.1,
2021-08-25 09:30:00,22.959999999999997,
2021-08-25 09:45:00,23.03,
2021-08-25 10:00:00,23.09,
2021-08-25 10:15:00,23.09,
2021-08-25 10:30:00,23.09,
2021-08-25 10:45:00,23.049999999999997,
2021-08-25 11:00:00,23.1,
2021-08-25 11:15:00,23.09,
2021-08-25 11:30:00,23.14,
2021-08-25 11:45:00,22.97,
2021-08-25 12:00:00,22.98,
2021-08-25 12:15:00,22.88,
2021-08-25 12:30:00,22.86,
2021-08-25 12:45:00,22.79,
2021-08-25 13:00:00,22.799999999999997,
2021-08-25 13:15:00,22.84,
2021-08-25 13:30:00,22.68,
2021-08-25 13:45:00,22.67,
2021-08-25 14:00:00,22.77,
2021-08-25 14:15:00,22.7,
2021-08-25 14:30:00,22.72,
2021-08-25 14:45:00,22.58,
2021-08-25 15:00:00,22.619999999999997,
2021-08-25 15:15:00,22.619999999999997,
2021-08-25 15:30:00,22.64,
2021-08-25 15:45:00,22.49,
2021-08-25 16:00:00,22.41,
2021-08-25 16:15:00,22.53,
2021-08-25 16:30:00,22.5,
2021-08-25 16:45:00,22.38,
2021-08-25 17:00:00,22.36,
2021-08-25 17:15:00,22.38,
2021-08-25 17:30:00,22.369999999999997,
2021-08-25 17:45:00,22.4,
2021-08-25 18:00:00,22.25,
2021-08-25 18:15:00,22.35,
2021-08-25 18:30:00,22.2,
2021-08-25 18:45:00,22.32,
2021-08-25 19:00:00,22.39,
2021-08-25 19:15:00,22.27,
2021-08-25 19:30:00,22.34,
2021-08-25 19:45:00,22.33,
2021-08-25 20:00:00,22.32,
2021-08-25 20:15:00,22.32,
2021-08-25 20:30:00,22.34,
2021-08-25 20:45:00,22.33,
2021-08-25 21:00:00,22.38,
2021-08-25 21:15:00,22.4,
2021-08-25 21:30:00,22.43,
2021-08-25 21:45:00,22.4,
2021-08-25 22:00:00,22.35,
2021-08-25 22:15:00,22.43,
2021-08-25 22:30:00,22.39,
2021-08-25 22:45:00,22.49,
2021-08-25 23:00:00,22.549999999999997,
2021-08-25 23:15:00,22.58,
2021-08-25 23:30:00,22.52,
2021-08-25 23:45:00,22.63,
2021-08-26 00:00:00,22.549999999999997,
2021-08-26 00:15:00,22.45,
2021-08-26 00:30:00,22.459999999999997,
2021-08-26 00:45:00,22.4,
2021-08-26 01:00:00,22.45,
2021-08-26 01:15:00,22.43,
2021-08-26 01:30:00,22.549999999999997,
2021-08-26 01:45:00,22.58,
2021-08-26 02:00:00,22.57,
2021-08-26 02:15:00,22.65,
2021-08-26 02:30:00,22.51,
2021-08-26 02:45:00,22.619999999999997,
2021-08-26 03:00:00,22.549999999999997,
2021-08-26 03:15:00,22.619999999999997,
2021-08-26 03:30:00,22.67,
2021-08-26 03:45:00,22.58,
2021-08-26 04:00:00,22.61,
2021-08-26 04:15:00,22.58,
2021-08-26 04:30:00,22.58,
2021-08-26 04:45:00,22.58,
2021-08-26 05:00:00,22.549999999999997,
2021-08-26 05:15:00,22.59,
2021-08-26 05:30:00,22.58,
2021-08-26 05:45:00,22.619999999999997,
2021-08-26 06:00:00,22.54,
2021-08-26 06:15:00,22.61,
2021-08-26 06:30:00,22.549999999999997,
2021-08-26 06:45:00,22.64,
2021-08-26 07:00:00,22.549999999999997,
2021-08-26 07:15:00,22.7,
2021-08-26 07:30:00,22.73,
2021-08-26 07:45:00,22.65,
2021-08-26 08:00:00,22.69,
2021-08-26 08:15:00,22.709999999999997,
2021-08-26 08:30:00,22.709999999999997,
2021-08-26 08:45:00,22.76,
2021-08-26 09:00:00,22.79,
2021-08-26 09:15:00,22.77,
2021-08-26 09:30:00,22.85,
2021-08-26 09:45:00,22.86,
2021-08-26 10:00:00,22.82,
2021-08-26 10:15:00,22.81,
2021-08-26 10:30:00,22.88,
2021-08-26 10:45:00,22.84,
2021-08-26 11:00:00,22.84,
2021-08-26 11:15:00,22.74,
2021-08-26 11:30:00,22.81,
2021-08-26 11:45:00,22.9,
2021-08-26 12:00:00,22.86,
2021-08-26 12:15:00,22.82,
2021-08-26 12:30:00,22.67,
2021-08-26 12:45:00,22.76,
2021-08-26 13:00:00,22.65,
2021-08-26 13:15:00,22.63,
2021-08-26 13:30:00,22.619999999999997,
2021-08-26 13:45:00,22.65,
2021-08-26 14:00:00,22.66,
2021-08-26 14:15:00,22.6,
2021-08-26 14:30:00,22.619999999999997,
2021-08-26 14:45:00,22.619999999999997,
2021-08-26 15:00:00,22.56,
2021-08-26 15:15:00,22.59,
2021-08-26 15:30:00,22.48,
2021-08-26 15:45:00,22.53,
2021-08-26 16:00:00,22.4,
2021-08-26 16:15:00,22.459999999999997,
2021-08-26 16:30:00,22.4,
2021-08-26 16:45:00,22.38,
2021-08-26 17:00:00,22.369999999999997,
2021-08-26 17:15:00,22.34,
2021-08-26 17:30:00,22.28,
2021-08-26 17:45:00,22.43,
2021-08-26 18:00:00,22.34,
2021-08-26 18:15:00,22.369999999999997,
2021-08-26 18:30:00,22.299999999999997,
2021-08-26 18:45:00,22.34,
2021-08-26 19:00:00,22.31,
2021-08-26 19:15:00,22.31,
2021-08-26 19:30:00,22.36,
2021-08-26 19:45:00,22.31,
2021-08-26 20:00:00,22.28,
2021-08-26 20:15:00,22.299999999999997,
2021-08-26 20:30:00,22.36,
2021-08-26 20:45:00,22.26,
2021-08-26 21:00:00,22.32,
2021-08-26 21:15:00,22.43,
2021-08-26 21:30:00,22.29,
2021-08-26 21:45:00,22.299999999999997,
2021-08-26 22:00:00,22.35,
2021-08-26 22:15:00,22.29,
2021-08-26 22:30:00,22.299999999999997,
2021-08-26 22:45:00,22.299999999999997,
2021-08-26 23:00:00,22.31,
2021-08-26 23:15:00,22.33,
2021-08-26 23:30:00,22.549999999999997,
2021-08-26 23:45:00,22.49,
2021-08-27 00:00:00,22.299999999999997,
2021-08-27 00:15:00,22.49,
2021-08-27 00:30:00,22.42,
2021-08-27 00:45:00,22.38,
2021-08-27 01:00:00,22.299999999999997,
2021-08-27 01:15:00,22.35,
2021-08-27 01:30:00,22.33,
2021-08-27 01:45:00,22.42,
2021-08-27 02:00:00,22.44,
2021-08-27 02:15:00,22.459999999999997,
2021-08-27 02:30:00,22.549999999999997,
2021-08-27 02:45:00,22.56,
2021-08-27 03:00:00,22.49,
2021-08-27 03:15:00,22.47,
2021-08-27 03:30:00,22.52,
2021-08-27 03:45:00,22.459999999999997,
2021-08-27 04:00:00,22.45,
2021-08-27 04:15:00,22.48,
2021-08-27 04:30:00,22.43,
2021-08-27 04:45:00,22.42,
2021-08-27 05:00:00,22.4,
2021-08-27 05:15:00,22.42,
2021-08-27 05:30:00,22.42,
2021-08-27 05:45:00,22.33,
2021-08-27 06:00:00,22.4,
2021-08-27 06:15:00,22.48,
2021-08-27 06:30:00,22.48,
2021-08-27 06:45:00,22.5,
2021-08-27 07:00:00,22.369999999999997,
2021-08-27 07:15:00,22.47,
2021-08-27 07:30:00,22.47,
2021-08-27 07:45:00,22.52,
2021-08-27 08:00:00,22.619999999999997,
2021-08-27 08:15:00,22.619999999999997,
2021-08-27 08:30:00,22.58,
2021-08-27 08:45:00,22.64,
2021-08-27 09:00:00,22.63,
2021-08-27 09:15:00,22.5,
2021-08-27 09:30:00,22.57,
2021-08-27 09:45:00,22.709999999999997,
2021-08-27 10:00:00,22.709999999999997,
2021-08-27 10:15:00,22.68,
2021-08-27 10:30:00,22.75,
2021-08-27 10:45:00,22.79,
2021-08-27 11:00:00,22.77,
2021-08-27 11:15:00,22.73,
2021-08-27 11:30:00,22.68,
2021-08-27 11:45:00,22.76,
2021-08-27 12:00:00,22.67,
2021-08-27 12:15:00,22.57,
2021-08-27 12:30:00,22.56,
2021-08-27 12:45:00,22.65,
2021-08-27 13:00:00,22.56,
2021-08-27 13:15:00,22.51,
2021-08-27 13:30:00,22.57,
2021-08-27 13:45:00,22.63,
2021-08-27 14:00:00,22.54,
2021-08-27 14:15:00,22.43,
2021-08-27 14:30:00,22.45,
2021-08-27 14:45:00,22.45,
2021-08-27 15:00:00,22.45,
2021-08-27 15:15:00,22.38,
2021-08-27 15:30:00,22.34,
2021-08-27 15:45:00,22.369999999999997,
2021-08-27 16:00:00,22.209999999999997,
2021-08-27 16:15:00,22.24,
2021-08-27 16:30:00,22.23,
2021-08-27 16:45:00,22.28,
2021-08-27 17:00:00,22.28,
2021-08-27 17:15:00,22.28,
2021-08-27 17:30:00,22.23,
2021-08-27 17:45:00,22.2,
2021-08-27 18:00:00,22.22,
2021-08-27 18:15:00,22.16,
2021-08-27 18:30:00,22.15,
2021-08-27 18:45:00,22.17,
2021-08-27 19:00:00,22.22,
2021-08-27 19:15:00,22.22,
2021-08-27 19:30:00,22.29,
2021-08-27 19:45:00,22.15,
2021-08-27 20:00:00,22.16,
2021-08-27 20:15:00,22.25,
2021-08-27 20:30:00,22.22,
2021-08-27 20:45:00,22.1,
2021-08-27 21:00:00,22.24,
2021-08-27 21:15:00,22.28,
2021-08-27 21:30:00,22.2,
2021-08-27 21:45:00,22.209999999999997,
2021-08-27 22:00:00,22.24,
2021-08-27 22:15:00,22.32,
2021-08-27 22:30:00,22.15,
2021-08-27 22:45:00,22.23,
2021-08-27 23:00:00,22.25,
2021-08-27 23:15:00,22.27,
2021-08-27 23:30:00,22.17,
2021-08-27 23:45:00,22.26,
2021-08-28 00:00:00,22.32,
2021-08-28 00:15:00,22.26,
2021-08-28 00:30:00,22.22,
2021-08-28 00:45:00,22.24,
2021-08-28 01:00:00,22.17,
2021-08-28 01:15:00,22.26,
2021-08-28 01:30:00,22.25,
2021-08-28 01:45:00,22.27,
2021-08-28 02:00:00,22.33,
2021-08-28 02:15:00,22.24,
2021-08-28 02:30:00,22.4,
2021-08-28 02:45:00,22.27,
2021-08-28 03:00:00,22.29,
2021-08-28 03:15:00,22.299999999999997,
2021-08-28 03:30:00,22.32,
2021-08-28 03:45:00,22.22,
2021-08-28 04:00:00,22.299999999999997,
2021-08-28 04:15:00,22.29,
2021-08-28 04:30:00,22.369999999999997,
2021-08-28 04:45:00,22.36,
2021-08-28 05:00:00,22.32,
2021-08-28 05:15:00,22.299999999999997,
2021-08-28 05:30:00,22.38,
2021-08-28 05:45:00,22.299999999999997,
2021-08-28 06:00:00,22.369999999999997,
2021-08-28 06:15:00,22.34,
2021-08-28 06:30:00,22.38,
2021-08-28 06:45:00,22.4,
2021-08-28 07:00:00,22.48,
2021-08-28 07:15:00,22.38,
2021-08-28 07:30:00,22.48,
2021-08-28 07:45:00,22.45,
2021-08-28 08:00:00,22.42,
2021-08-28 08:15:00,22.49,
2021-08-28 08:30:00,22.49,
2021-08-28 08:45:00,22.47,
2021-08-28 09:00:00,22.47,
2021-08-28 09:15:00,22.47,
2021-08-28 09:30:00,22.52,
2021-08-28 09:45:00,22.58,
2021-08-28 10:00:00,22.56,
2021-08-28 10:15:00,22.58,
2021-08-28 10:30:00,22.54,
2021-08-28 10:45:00,22.64,
2021-08-28 11:00:00,22.79,
2021-08-28 11:15:00,22.7,
2021-08-28 11:30:00,22.58,
2021-08-28 11:45:00,22.549999999999997,
2021-08-28 12:00:00,22.59,
2021-08-28 12:15:00,22.45,
2021-08-28 12:30:00,22.45,
2021-08-28 12:45:00,22.42,
2021-08-28 13:00:00,22.45,
2021-08-28 13:15:00,22.49,
2021-08-28 13:30:00,22.459999999999997,
2021-08-28 13:45:00,22.34,
2021-08-28 14:00:00,22.43,
2021-08-28 14:15:00,22.33,
2021-08-28 14:30:00,22.39,
2021-08-28 14:45:00,22.31,
2021-08-28 15:00:00,22.23,
2021-08-28 15:15:00,22.209999999999997,
2021-08-28 15:30:00,22.29,
2021-08-28 15:45:00,22.22,
2021-08-28 16:00:00,22.2,
2021-08-28 16:15:00,22.09,
2021-08-28 16:30:00,22.16,
2021-08-28 16:45:00,22.14,
2021-08-28 17:00:00,22.049999999999997,
2021-08-28 17:15:00,22.06,
2021-08-28 17:30:00,22.0,
2021-08-28 17:45:00,22.1,
2021-08-28 18:00:00,22.02,
2021-08-28 18:15:00,21.84,
2021-08-28 18:30:00,22.0,
2021-08-28 18:45:00,21.869999999999997,
2021-08-28 19:00:00,22.01,
2021-08-28 19:15:00,22.02,
2021-08-28 19:30:00,22.03,
2021-08-28 19:45:00,21.959999999999997,
2021-08-28 20:00:00,21.94,
2021-08-28 20:15:00,22.03,
2021-08-28 20:30:00,21.97,
2021-08-28 20:45:00,21.97,
2021-08-28 21:00:00,21.959999999999997,
2021-08-28 21:15:00,22.049999999999997,
2021-08-28 21:30:00,21.93,
2021-08-28 21:45:00,22.11,
2021-08-28 22:00:00,22.07,
2021-08-28 22:15:00,22.09,
2021-08-28 22:30:00,22.049999999999997,
2021-08-28 22:45:00,22.14,
2021-08-28 23:00:00,22.09,
2021-08-28 23:15:00,22.04,
2021-08-28 23:30:00,22.1,
2021-08-28 23:45:00,22.13,
2021-08-29 00:00:00,22.25,
2021-08-29 00:15:00,22.23,
2021-08-29 00:30:00,22.28,
2021-08-29 00:45:00,22.06,
2021-08-29 01:00:00,22.04,
2021-08-29 01:15:00,21.98,
2021-08-29 01:30:00,21.959999999999997,
2021-08-29 01:45:00,22.09,
2021-08-29 02:00:00,22.06,
2021-08-29 02:15:00,22.23,
2021-08-29 02:30:00,22.299999999999997,
2021-08-29 02:45:00,22.02,
2021-08-29 03:00:00,21.89,
2021-08-29 03:15:00,21.99,
2021-08-29 03:30:00,22.18,
2021-08-29 03:45:00,22.209999999999997,
2021-08-29 04:00:00,22.18,
2021-08-29 04:15:00,22.1,
2021-08-29 04:30:00,22.15,
2021-08-29 04:45:00,22.09,
2021-08-29 05:00:00,22.08,
2021-08-29 05:15:00,22.06,
2021-08-29 05:30:00,22.15,
2021-08-29 05:45:00,22.04,
2021-08-29 06:00:00,21.99,
2021-08-29 06:15:00,22.19,
2021-08-29 06:30:00,22.26,
2021-08-29 06:45:00,22.119999999999997,
2021-08-29 07:00:00,22.24,
2021-08-29 07:15:00,22.17,
2021-08-29 07:30:00,22.18,
2021-08-29 07:45:00,22.18,
2021-08-29 08:00:00,22.299999999999997,
2021-08-29 08:15:00,22.13,
2021-08-29 08:30:00,22.13,
2021-08-29 08:45:00,22.19,
2021-08-29 09:00:00,22.26,
2021-08-29 09:15:00,22.34,
2021-08-29 09:30:00,22.33,
2021-08-29 09:45:00,22.47,
2021-08-29 10:00:00,22.45,
2021-08-29 10:15:00,22.47,
2021-08-29 10:30:00,22.38,
2021-08-29 10:45:00,22.459999999999997,
2021-08-29 11:00:00,22.45,
2021-08-29 11:15:00,22.49,
2021-08-29 11:30:00,22.41,
2021-08-29 11:45:00,22.44,
2021-08-29 12:00:00,22.48,
2021-08-29 12:15:00,22.41,
2021-08-29 12:30:00,22.38,
2021-08-29 12:45:00,22.43,
2021-08-29 13:00:00,22.36,
2021-08-29 13:15:00,22.22,
2021-08-29 13:30:00,22.25,
2021-08-29 13:45:00,22.26,
2021-08-29 14:00:00,22.24,
2021-08-29 14:15:00,22.29,
2021-08-29 14:30:00,22.2,
2021-08-29 14:45:00,22.209999999999997,
2021-08-29 15:00:00,22.24,
2021-08-29 15:15:00,22.14,
2021-08-29 15:30:00,22.119999999999997,
2021-08-29 15:45:00,22.08,
2021-08-29 16:00:00,22.1,
2021-08-29 16:15:00,22.09,
2021-08-29 16:30:00,21.95,
2021-08-29 16:45:00,21.95,
2021-08-29 17:00:00,21.93,
2021-08-29 17:15:00,21.98,
2021-08-29 17:30:00,22.03,
2021-08-29 17:45:00,21.98,
2021-08-29 18:00:00,21.959999999999997,
2021-08-29 18:15:00,22.0,
2021-08-29 18:30:00,21.959999999999997,
2021-08-29 18:45:00,21.89,
2021-08-29 19:00:00,21.92,
2021-08-29 19:15:00,21.86,
2021-08-29 19:30:00,21.91,
2021-08-29 19:45:00,21.94,
2021-08-29 20:00:00,22.049999999999997,
2021-08-29 20:15:00,21.95,
2021-08-29 20:30:00,21.86,
2021-08-29 20:45:00,21.869999999999997,
2021-08-29 21:00:00,21.89,
2021-08-29 21:15:00,21.9,
2021-08-29 21:30:00,21.959999999999997,
2021-08-29 21:45:00,22.03,
2021-08-29 22:00:00,21.95,
2021-08-29 22:15:00,22.0,
2021-08-29 22:30:00,22.1,
2021-08-29 22:45:00,22.0,
2021-08-29 23:00:00,21.98,
2021-08-29 23:15:00,22.02,
2021-08-29 23:30:00,21.89,
2021-08-29 23:45:00,21.959999999999997,
2021-08-30 00:00:00,22.02,
2021-08-30 00:15:00,22.08,
2021-08-30 00:30:00,22.02,
2021-08-30 00:45:00,21.99,
2021-08-30 01:00:00,21.93,
2021-08-30 01:15:00,22.08,
2021-08-30 01:30:00,22.03,
2021-08-30 01:45:00,22.02,
2021-08-30 02:00:00,21.95,
2021-08-30 02:15:00,22.16,
2021-08-30 02:30:00,22.049999999999997,
2021-08-30 02:45:00,22.04,
2021-08-30 03:00:00,22.02,
2021-08-30 03:15:00,22.02,
2021-08-30 03:30:00,22.15,
2021-08-30 03:45:00,22.1,
2021-08-30 04:00:00,22.15,
2021-08-30 04:15:00,22.209999999999997,
2021-08-30 04:30:00,22.24,
2021-08-30 04:45:00,22.16,
2021-08-30 05:00:00,22.16,
2021-08-30 05:15:00,22.11,
2021-08-30 05:30:00,22.119999999999997,
2021-08-30 05:45:00,22.08,
2021-08-30 06:00:00,22.09,
2021-08-30 06:15:00,22.09,
2021-08-30 06:30:00,22.03,
2021-08-30 06:45:00,22.18,
2021-08-30 07:00:00,22.16,
2021-08-30 07:15:00,22.17,
2021-08-30 07:30:00,22.13,
2021-08-30 07:45:00,22.11,
2021-08-30 08:00:00,22.14,
2021-08-30 08:15:00,22.25,
2021-08-30 08:30:00,22.209999999999997,
2021-08-30 08:45:00,22.31,
2021-08-30 09:00:00,22.32,
2021-08-30 09:15:00,22.28,
2021-08-30 09:30:00,22.27,
2021-08-30 09:45:00,22.31,
2021-08-30 10:00:00,22.41,
2021-08-30 10:15:00,22.299999999999997,
2021-08-30 10:30:00,22.35,
2021-08-30 10:45:00,22.36,
2021-08-30 11:00:00,22.33,
2021-08-30 11:15:00,22.33,
2021-08-30 11:30:00,22.33,
2021-08-30 11:45:00,22.36,
2021-08-30 12:00:00,22.39,
2021-08-30 12:15:00,22.33,
2021-08-30 12:30:00,22.33,
2021-08-30 12:45:00,22.32,
2021-08-30 13:00:00,22.33,
2021-08-30 13:15:00,22.32,
2021-08-30 13:30:00,22.299999999999997,
2021-08-30 13:45:00,22.23,
2021-08-30 14:00:00,22.27,
2021-08-30 14:15:00,22.24,
2021-08-30 14:30:00,22.26,
2021-08-30 14:45:00,22.17,
2021-08-30 15:00:00,22.14,
2021-08-30 15:15:00,22.07,
2021-08-30 15:30:00,22.19,
2021-08-30 15:45:00,22.07,
2021-08-30 16:00:00,22.09,
2021-08-30 16:15:00,22.119999999999997,
2021-08-30 16:30:00,22.07,
2021-08-30 16:45:00,22.04,
2021-08-30 17:00:00,22.08,
2021-08-30 17:15:00,22.03,
2021-08-30 17:30:00,21.95,
2021-08-30 17:45:00,22.03,
2021-08-30 18:00:00,22.11,
2021-08-30 18:15:00,21.95,
2021-08-30 18:30:00,21.97,
2021-08-30 18:45:00,21.9,
2021-08-30 19:00:00,21.88,
2021-08-30 19:15:00,21.93,
2021-08-30 19:30:00,22.0,
2021-08-30 19:45:00,22.0,
2021-08-30 20:00:00,21.95,
2021-08-30 20:15:00,21.84,
2021-08-30 20:30:00,21.93,
2021-08-30 20:45:00,21.94,
2021-08-30 21:00:00,21.94,
2021-08-30 21:15:00,21.94,
2021-08-30 21:30:00,21.93,
2021-08-30 21:45:00,21.92,
2021-08-30 22:00:00,21.92,
2021-08-30 22:15:00,21.959999999999997,
2021-08-30 22:30:00,21.82,
2021-08-30 22:45:00,21.82,
2021-08-30 23:00:00,21.93,
2021-08-30 23:15:00,21.92,
2021-08-30 23:30:00,21.92,
2021-08-30 23:45:00,21.869999999999997,
2021-08-31 00:00:00,21.85,
2021-08-31 00:15:00,21.91,
2021-08-31 00:30:00,21.95,
2021-08-31 00:45:00,21.93,
2021-08-31 01:00:00,21.92,
2021-08-31 01:15:00,21.92,
2021-08-31 01:30:00,21.959999999999997,
2021-08-31 01:45:00,22.03,
2021-08-31 02:00:00,22.13,
2021-08-31 02:15:00,22.0,
2021-08-31 02:30:00,21.84,
2021-08-31 02:45:00,21.93,
2021-08-31 03:00:00,22.0,
2021-08-31 03:15:00,22.01,
2021-08-31 03:30:00,22.01,
2021-08-31 03:45:00,22.09,
2021-08-31 04:00:00,21.91,
2021-08-31 04:15:00,21.92,
2021-08-31 04:30:00,22.0,
2021-08-31 04:45:00,21.99,
2021-08-31 05:00:00,22.08,
2021-08-31 05:15:00,22.04,
2021-08-31 05:30:00,21.98,
2021-08-31 05:45:00,22.09,
2021-08-31 06:00:00,22.1,
2021-08-31 06:15:00,22.01,
2021-08-31 06:30:00,21.98,
2021-08-31 06:45:00,22.06,
2021-08-31 07:00:00,22.02,
2021-08-31 07:15:00,22.09,
2021-08-31 07:30:00,22.1,
2021-08-31 07:45:00,22.09,
2021-08-31 08:00:00,22.1,
2021-08-31 08:15:00,22.08,
2021-08-31 08:30:00,22.14,
2021-08-31 08:45:00,22.1,
2021-08-31 09:00:00,22.11,
2021-08-31 09:15:00,22.11,
2021-08-31 09:30:00,22.11,
2021-08-31 09:45:00,22.16,
2021-08-31 10:00:00,22.14,
2021-08-31 10:15:00,22.17,
2021-08-31 10:30:00,22.06,
2021-08-31 10:45:00,22.209999999999997,
2021-08-31 11:00:00,22.24,
2021-08-31 11:15:00,22.34,
2021-08-31 11:30:00,22.29,
2021-08-31 11:45:00,22.32,
2021-08-31 12:00:00,22.26,
2021-08-31 12:15:00,22.28,
2021-08-31 12:30:00,22.25,
2021-08-31 12:45:00,22.25,
2021-08-31 13:00:00,22.19,
2021-08-31 13:15:00,22.23,
2021-08-31 13:30:00,22.22,
2021-08-31 13:45:00,22.07,
2021-08-31 14:00:00,22.119999999999997,
2021-08-31 14:15:00,22.11,
2021-08-31 14:30:00,22.04,
2021-08-31 14:45:00,22.06,
2021-08-31 15:00:00,22.02,
2021-08-31 15:15:00,21.959999999999997,
2021-08-31 15:30:00,21.95,
2021-08-31 15:45:00,21.98,
2021-08-31 16:00:00,22.04,
2021-08-31 16:15:00,21.95,
2021-08-31 16:30:00,21.869999999999997,
2021-08-31 16:45:00,21.9,
2021-08-31 17:00:00,21.79,
2021-08-31 17:15:00,21.799999999999997,
2021-08-31 17:30:00,21.67,
2021-08-31 17:45:00,21.74,
2021-08-31 18:00:00,21.72,
2021-08-31 18:15:00,21.76,
2021-08-31 18:30:00,21.73,
2021-08-31 18:45:00,21.78,
2021-08-31 19:00:00,21.7,
2021-08-31 19:15:00,21.67,
2021-08-31 19:30:00,21.72,
2021-08-31 19:45:00,21.73,
2021-08-31 20:00:00,21.79,
2021-08-31 20:15:00,21.74,
2021-08-31 20:30:00,21.76,
2021-08-31 20:45:00,21.79,
2021-08-31 21:00:00,21.77,
2021-08-31 21:15:00,21.66,
2021-08-31 21:30:00,21.82,
2021-08-31 21:45:00,21.77,
2021-08-31 22:00:00,21.73,
2021-08-31 22:15:00,21.89,
2021-08-31 22:30:00,21.9,
2021-08-31 22:45:00,21.85,
2021-08-31 23:00:00,21.81,
2021-08-31 23:15:00,21.799999999999997,
2021-08-31 23:30:00,21.82,
2021-08-31 23:45:00,21.869999999999997,
2021-09-01 00:00:00,21.93,
2021-09-01 00:15:00,21.81,
2021-09-01 00:30:00,21.82,
2021-09-01 00:45:00,21.89,
2021-09-01 01:00:00,21.86,
2021-09-01 01:15:00,21.93,
2021-09-01 01:30:00,21.89,
2021-09-01 01:45:00,21.93,
2021-09-01 02:00:00,21.98,
2021-09-01 02:15:00,21.9,
2021-09-01 02:30:00,21.95,
2021-09-01 02:45:00,21.86,
2021-09-01 03:00:00,21.9,
2021-09-01 03:15:00,21.99,
2021-09-01 03:30:00,21.94,
2021-09-01 03:45:00,21.799999999999997,
2021-09-01 04:00:00,21.88,
2021-09-01 04:15:00,22.02,
2021-09-01 04:30:00,21.86,
2021-09-01 04:45:00,21.92,
2021-09-01 05:00:00,21.85,
2021-09-01 05:15:00,21.82,
2021-09-01 05:30:00,21.93,
2021-09-01 05:45:00,21.94,
2021-09-01 06:00:00,21.95,
2021-09-01 06:15:00,22.049999999999997,
2021-09-01 06:30:00,22.03,
2021-09-01 06:45:00,21.98,
2021-09-01 07:00:00,22.0,
2021-09-01 07:15:00,22.02,
2021-09-01 07:30:00,22.09,
2021-09-01 07:45:00,21.99,
2021-09-01 08:00:00,22.02,
2021-09-01 08:15:00,22.13,
2021-09-01 08:30:00,22.049999999999997,
2021-09-01 08:45:00,22.13,
2021-09-01 09:00:00,22.049999999999997,
2021-09-01 09:15:00,22.08,
2021-09-01 09:30:00,22.049999999999997,
2021-09-01 09:45:00,22.09,
2021-09-01 10:00:00,22.08,
2021-09-01 10:15:00,22.119999999999997,
2021-09-01 10:30:00,22.16,
2021-09-01 10:45:00,22.13,
2021-09-01 11:00:00,22.23,
2021-09-01 11:15:00,22.07,
2021-09-01 11:30:00,22.11,
2021-09-01 11:45:00,22.19,
2021-09-01 12:00:00,22.15,
2021-09-01 12:15:00,22.19,
2021-09-01 12:30:00,22.03,
2021-09-01 12:45:00,22.09,
2021-09-01 13:00:00,22.1,
2021-09-01 13:15:00,22.119999999999997,
2021-09-01 13:30:00,22.03,
2021-09-01 13:45:00,22.04,
2021-09-01 14:00:00,22.02,
2021-09-01 14:15:00,22.049999999999997,
2021-09-01 14:30:00,22.01,
2021-09-01 14:45:00,21.959999999999997,
2021-09-01 15:00:00,21.97,
2021-09-01 15:15:00,21.94,
2021-09-01 15:30:00,21.95,
2021-09-01 15:45:00,21.88,
2021-09-01 16:00:00,21.82,
2021-09-01 16:15:00,21.81,
2021-09-01 16:30:00,21.82,
2021-09-01 16:45:00,21.92,
2021-09-01 17:00:00,21.83,
2021-09-01 17:15:00,21.869999999999997,
2021-09-01 17:30:00,21.88,
2021-09-01 17:45:00,21.85,
2021-09-01 18:00:00,21.81,
2021-09-01 18:15:00,21.73,
2021-09-01 18:30:00,21.78,
2021-09-01 18:45:00,21.83,
2021-09-01 19:00:00,21.709999999999997,
2021-09-01 19:15:00,21.869999999999997,
2021-09-01 19:30:00,21.77,
2021-09-01 19:45:00,21.75,
2021-09-01 20:00:00,21.709999999999997,
2021-09-01 20:15:00,21.76,
2021-09-01 20:30:00,21.77,
2021-09-01 20:45:00,21.76,
2021-09-01 21:00:00,21.76,
2021-09-01 21:15:00,21.7,
2021-09-01 21:30:00,21.69,
2021-09-01 21:45:00,21.79,
2021-09-01 22:00:00,21.81,
2021-09-01 22:15:00,21.72,
2021-09-01 22:30:00,21.74,
2021-09-01 22:45:00,21.7,
2021-09-01 23:00:00,21.74,
2021-09-01 23:15:00,21.86,
2021-09-01 23:30:00,21.77,
2021-09-01 23:45:00,21.83,
2021-09-02 00:00:00,21.74,
2021-09-02 00:15:00,21.67,
2021-09-02 00:30:00,21.77,
2021-09-02 00:45:00,21.82,
2021-09-02 01:00:00,21.78,
2021-09-02 01:15:00,21.79,
2021-09-02 01:30:00,21.869999999999997,
2021-09-02 01:45:00,21.799999999999997,
2021-09-02 02:00:00,21.86,
2021-09-02 02:15:00,21.88,
2021-09-02 02:30:00,21.869999999999997,
2021-09-02 02:45:00,21.78,
2021-09-02 03:00:00,21.709999999999997,
2021-09-02 03:15:00,21.77,
2021-09-02 03:30:00,21.89,
2021-09-02 03:45:00,21.85,
2021-09-02 04:00:00,21.84,
2021-09-02 04:15:00,21.82,
2021-09-02 04:30:00,21.78,
2021-09-02 04:45:00,21.81,
2021-09-02 05:00:00,21.77,
2021-09-02 05:15:00,21.81,
2021-09-02 05:30:00,21.89,
2021-09-02 05:45:00,21.93,
2021-09-02 06:00:00,21.99,
2021-09-02 06:15:00,21.93,
2021-09-02 06:30:00,21.9,
2021-09-02 06:45:00,22.11,
2021-09-02 07:00:00,22.17,
2021-09-02 07:15:00,22.11,
2021-09-02 07:30:00,22.02,
2021-09-02 07:45:00,22.09,
2021-09-02 08:00:00,22.02,
2021-09-02 08:15:00,22.09,
2021-09-02 08:30:00,22.04,
2021-09-02 08:45:00,22.02,
2021-09-02 09:00:00,22.11,
2021-09-02 09:15:00,22.049999999999997,
2021-09-02 09:30:00,22.08,
2021-09-02 09:45:00,22.07,
2021-09-02 10:00:00,22.15,
2021-09-02 10:15:00,22.29,
2021-09-02 10:30:00,22.16,
2021-09-02 10:45:00,22.11,
2021-09-02 11:00:00,22.17,
2021-09-02 11:15:00,22.209999999999997,
2021-09-02 11:30:00,22.11,
2021-09-02 11:45:00,22.15,
2021-09-02 12:00:00,22.09,
2021-09-02 12:15:00,22.09,
2021-09-02 12:30:00,22.09,
2021-09-02 12:45:00,22.09,
2021-09-02 13:00:00,22.0,
2021-09-02 13:15:00,22.01,
2021-09-02 13:30:00,22.11,
2021-09-02 13:45:00,21.93,
2021-09-02 14:00:00,21.95,
2021-09-02 14:15:00,21.959999999999997,
2021-09-02 14:30:00,21.97,
2021-09-02 14:45:00,21.84,
2021-09-02 15:00:00,21.91,
2021-09-02 15:15:00,21.77,
2021-09-02 15:30:00,21.83,
2021-09-02 15:45:00,21.88,
2021-09-02 16:00:00,21.85,
2021-09-02 16:15:00,21.73,
2021-09-02 16:30:00,21.85,
2021-09-02 16:45:00,21.79,
2021-09-02 17:00:00,21.709999999999997,
2021-09-02 17:15:00,21.709999999999997,
2021-09-02 17:30:00,21.68,
2021-09-02 17:45:00,21.66,
2021-09-02 18:00:00,21.619999999999997,
2021-09-02 18:15:00,21.72,
2021-09-02 18:30:00,21.64,
2021-09-02 18:45:00,21.67,
2021-09-02 19:00:00,21.68,
2021-09-02 19:15:00,21.68,
2021-09-02 19:30:00,21.64,
2021-09-02 19:45:00,21.67,
2021-09-02 20:00:00,21.76,
2021-09-02 20:15:00,21.68,
2021-09-02 20:30:00,21.67,
2021-09-02 20:45:00,21.68,
2021-09-02 21:00:00,21.57,
2021-09-02 21:15:00,21.47,
2021-09-02 21:30:00,21.42,
2021-09-02 21:45:00,21.58,
2021-09-02 22:00:00,21.58,
2021-09-02 22:15:00,21.7,
2021-09-02 22:30:00,21.75,
2021-09-02 22:45:00,21.74,
2021-09-02 23:00:00,21.75,
2021-09-02 23:15:00,21.7,
2021-09-02 23:30:00,21.73,
2021-09-02 23:45:00,21.83,
2021-09-03 00:00:00,21.82,
2021-09-03 00:15:00,21.75,
2021-09-03 00:30:00,21.77,
2021-09-03 00:45:00,21.75,
2021-09-03 01:00:00,21.619999999999997,
2021-09-03 01:15:00,21.66,
2021-09-03 01:30:00,21.73,
2021-09-03 01:45:00,21.73,
2021-09-03 02:00:00,21.6,
2021-09-03 02:15:00,21.619999999999997,
2021-09-03 02:30:00,21.66,
2021-09-03 02:45:00,21.72,
2021-09-03 03:00:00,21.78,
2021-09-03 03:15:00,21.69,
2021-09-03 03:30:00,21.7,
2021-09-03 03:45:00,21.81,
2021-09-03 04:00:00,21.77,
2021-09-03 04:15:00,21.79,
2021-09-03 04:30:00,21.79,
2021-09-03 04:45:00,21.77,
2021-09-03 05:00:00,21.799999999999997,
2021-09-03 05:15:00,21.82,
2021-09-03 05:30:00,21.78,
2021-09-03 05:45:00,21.89,
2021-09-03 06:00:00,21.82,
2021-09-03 06:15:00,21.98,
2021-09-03 06:30:00,22.119999999999997,
2021-09-03 06:45:00,22.15,
2021-09-03 07:00:00,22.16,
2021-09-03 07:15:00,22.049999999999997,
2021-09-03 07:30:00,22.07,
2021-09-03 07:45:00,22.16,
2021-09-03 08:00:00,22.2,
2021-09-03 08:15:00,22.31,
2021-09-03 08:30:00,22.28,
2021-09-03 08:45:00,22.27,
2021-09-03 09:00:00,22.2,
2021-09-03 09:15:00,22.2,
2021-09-03 09:30:00,22.23,
2021-09-03 09:45:00,22.18,
2021-09-03 10:00:00,22.209999999999997,
2021-09-03 10:15:00,22.25,
2021-09-03 10:30:00,22.32,
2021-09-03 10:45:00,22.35,
2021-09-03 11:00:00,22.31,
2021-09-03 11:15:00,22.28,
2021-09-03 11:30:00,22.25,
2021-09-03 11:45:00,22.209999999999997,
2021-09-03 12:00:00,22.19,
2021-09-03 12:15:00,22.24,
2021-09-03 12:30:00,22.119999999999997,
2021-09-03 12:45:00,22.049999999999997,
2021-09-03 13:00:00,22.03,
2021-09-03 13:15:00,21.98,
2021-09-03 13:30:00,21.97,
2021-09-03 13:45:00,21.98,
2021-09-03 14:00:00,22.02,
2021-09-03 14:15:00,22.0,
2021-09-03 14:30:00,21.91,
2021-09-03 14:45:00,21.91,
2021-09-03 15:00:00,21.799999999999997,
2021-09-03 15:15:00,21.76,
2021-09-03 15:30:00,21.81,
2021-09-03 15:45:00,21.78,
2021-09-03 16:00:00,21.81,
2021-09-03 16:15:00,21.69,
2021-09-03 16:30:00,21.75,
2021-09-03 16:45:00,21.64,
2021-09-03 17:00:00,21.52,
2021-09-03 17:15:00,21.64,
2021-09-03 17:30:00,21.65,
2021-09-03 17:45:00,21.6,
2021-09-03 18:00:00,21.52,
2021-09-03 18:15:00,21.45,
2021-09-03 18:30:00,21.299999999999997,
2021-09-03 18:45:00,21.35,
2021-09-03 19:00:00,21.31,
2021-09-03 19:15:00,21.38,
2021-09-03 19:30:00,21.31,
2021-09-03 19:45:00,21.4,
2021-09-03 20:00:00,21.4,
2021-09-03 20:15:00,21.32,
2021-09-03 20:30:00,21.39,
2021-09-03 20:45:00,21.36,
2021-09-03 21:00:00,21.34,
2021-09-03 21:15:00,21.38,
2021-09-03 21:30:00,21.35,
2021-09-03 21:45:00,21.369999999999997,
2021-09-03 22:00:00,21.39,
2021-09-03 22:15:00,21.369999999999997,
2021-09-03 22:30:00,21.34,
2021-09-03 22:45:00,21.34,
2021-09-03 23:00:00,21.459999999999997,
2021-09-03 23:15:00,21.41,
2021-09-03 23:30:00,21.39,
2021-09-03 23:45:00,21.33,
2021-09-04 00:00:00,21.5,
2021-09-04 00:15:00,21.35,
2021-09-04 00:30:00,21.41,
2021-09-04 00:45:00,21.369999999999997,
2021-09-04 01:00:00,21.42,
2021-09-04 01:15:00,21.52,
2021-09-04 01:30:00,21.6,
2021-09-04 01:45:00,21.49,
2021-09-04 02:00:00,21.49,
2021-09-04 02:15:00,21.39,
2021-09-04 02:30:00,21.52,
2021-09-04 02:45:00,21.61,
2021-09-04 03:00:00,21.549999999999997,
2021-09-04 03:15:00,21.54,
2021-09-04 03:30:00,21.44,
2021-09-04 03:45:00,21.52,
2021-09-04 04:00:00,21.52,
2021-09-04 04:15:00,21.57,
2021-09-04 04:30:00,21.549999999999997,
2021-09-04 04:45:00,21.549999999999997,
2021-09-04 05:00:00,21.48,
2021-09-04 05:15:00,21.45,
2021-09-04 05:30:00,21.48,
2021-09-04 05:45:00,21.44,
2021-09-04 06:00:00,21.52,
2021-09-04 06:15:00,21.54,
2021-09-04 06:30:00,21.5,
2021-09-04 06:45:00,21.5,
2021-09-04 07:00:00,21.41,
2021-09-04 07:15:00,21.59,
2021-09-04 07:30:00,21.56,
2021-09-04 07:45:00,21.59,
2021-09-04 08:00:00,21.53,
2021-09-04 08:15:00,21.56,
2021-09-04 08:30:00,21.67,
2021-09-04 08:45:00,21.57,
2021-09-04 09:00:00,21.57,
2021-09-04 09:15:00,21.59,
2021-09-04 09:30:00,21.58,
2021-09-04 09:45:00,21.59,
2021-09-04 10:00:00,21.65,
2021-09-04 10:15:00,21.72,
2021-09-04 10:30:00,21.65,
2021-09-04 10:45:00,21.76,
2021-09-04 11:00:00,21.709999999999997,
2021-09-04 11:15:00,21.709999999999997,
2021-09-04 11:30:00,21.74,
2021-09-04 11:45:00,21.72,
2021-09-04 12:00:00,21.74,
2021-09-04 12:15:00,21.79,
2021-09-04 12:30:00,21.7,
2021-09-04 12:45:00,21.68,
2021-09-04 13:00:00,21.59,
2021-09-04 13:15:00,21.68,
2021-09-04 13:30:00,21.6,
2021-09-04 13:45:00,21.6,
2021-09-04 14:00:00,21.6,
2021-09-04 14:15:00,21.65,
2021-09-04 14:30:00,21.459999999999997,
2021-09-04 14:45:00,21.56,
2021-09-04 15:00:00,21.36,
2021-09-04 15:15:00,21.39,
2021-09-04 15:30:00,21.4,
2021-09-04 15:45:00,21.38,
2021-09-04 16:00:00,21.35,
2021-09-04 16:15:00,21.36,
2021-09-04 16:30:00,21.34,
2021-09-04 16:45:00,21.27,
2021-09-04 17:00:00,21.26,
2021-09-04 17:15:00,21.24,
2021-09-04 17:30:00,21.25,
2021-09-04 17:45:00,21.29,
2021-09-04 18:00:00,21.18,
2021-09-04 18:15:00,21.16,
2021-09-04 18:30:00,21.14,
2021-09-04 18:45:00,21.07,
2021-09-04 19:00:00,21.209999999999997,
2021-09-04 19:15:00,21.14,
2021-09-04 19:30:00,21.119999999999997,
2021-09-04 19:45:00,21.049999999999997,
2021-09-04 20:00:00,21.09,
2021-09-04 20:15:00,21.13,
2021-09-04 20:30:00,21.11,
2021-09-04 20:45:00,21.16,
2021-09-04 21:00:00,21.19,
2021-09-04 21:15:00,21.209999999999997,
2021-09-04 21:30:00,21.209999999999997,
2021-09-04 21:45:00,21.19,
2021-09-04 22:00:00,21.29,
2021-09-04 22:15:00,21.42,
2021-09-04 22:30:00,21.45,
2021-09-04 22:45:00,21.369999999999997,
2021-09-04 23:00:00,21.32,
2021-09-04 23:15:00,21.299999999999997,
2021-09-04 23:30:00,21.29,
2021-09-04 23:45:00,21.25,
2021-09-05 00:00:00,21.22,
2021-09-05 00:15:00,21.23,
2021-09-05 00:30:00,21.25,
2021-09-05 00:45:00,21.15,
2021-09-05 01:00:00,20.97,
2021-09-05 01:15:00,21.14,
2021-09-05 01:30:00,21.1,
2021-09-05 01:45:00,21.13,
2021-09-05 02:00:00,21.11,
2021-09-05 02:15:00,21.11,
2021-09-05 02:30:00,21.209999999999997,
2021-09-05 02:45:00,21.1,
2021-09-05 03:00:00,21.24,
2021-09-05 03:15:00,21.2,
2021-09-05 03:30:00,21.209999999999997,
2021-09-05 03:45:00,21.23,
2021-09-05 04:00:00,21.19,
2021-09-05 04:15:00,21.25,
2021-09-05 04:30:00,21.32,
2021-09-05 04:45:00,21.33,
2021-09-05 05:00:00,21.27,
2021-09-05 05:15:00,21.25,
2021-09-05 05:30:00,21.28,
2021-09-05 05:45:00,21.299999999999997,
2021-09-05 06:00:00,21.29,
2021-09-05 06:15:00,21.26,
2021-09-05 06:30:00,21.4,
2021-09-05 06:45:00,21.39,
2021-09-05 07:00:00,21.36,
2021-09-05 07:15:00,21.41,
2021-09-05 07:30:00,21.48,
2021-09-05 07:45:00,21.42,
2021-09-05 08:00:00,21.4,
2021-09-05 08:15:00,21.48,
2021-09-05 08:30:00,21.43,
2021-09-05 08:45:00,21.51,
2021-09-05 09:00:00,21.51,
2021-09-05 09:15:00,21.61,
2021-09-05 09:30:00,21.53,
2021-09-05 09:45:00,21.619999999999997,
2021-09-05 10:00:00,21.58,
2021-09-05 10:15:00,21.63,
2021-09-05 10:30:00,21.54,
2021-09-05 10:45:00,21.54,
2021-09-05 11:00:00,21.619999999999997,
2021-09-05 11:15:00,21.61,
2021-09-05 11:30:00,21.49,
2021-09-05 11:45:00,21.49,
2021-09-05 12:00:00,21.48,
2021-09-05 12:15:00,21.549999999999997,
2021-09-05 12:30:00,21.549999999999997,
2021-09-05 12:45:00,21.53,
2021-09-05 13:00:00,21.53,
2021-09-05 13:15:00,21.61,
2021-09-05 13:30:00,21.56,
2021-09-05 13:45:00,21.61,
2021-09-05 14:00:00,21.65,
2021-09-05 14:15:00,21.48,
2021-09-05 14:30:00,21.41,
2021-09-05 14:45:00,21.49,
2021-09-05 15:00:00,21.44,
2021-09-05 15:15:00,21.28,
2021-09-05 15:30:00,21.28,
2021-09-05 15:45:00,21.35,
2021-09-05 16:00:00,21.23,
2021-09-05 16:15:00,21.13,
2021-09-05 16:30:00,21.17,
2021-09-05 16:45:00,21.1,
2021-09-05 17:00:00,21.09,
2021-09-05 17:15:00,21.19,
2021-09-05 17:30:00,21.049999999999997,
2021-09-05 17:45:00,21.13,
2021-09-05 18:00:00,21.09,
2021-09-05 18:15:00,21.18,
2021-09-05 18:30:00,21.11,
2021-09-05 18:45:00,21.06,
2021-09-05 19:00:00,21.0,
2021-09-05 19:15:00,20.959999999999997,
2021-09-05 19:30:00,21.06,
2021-09-05 19:45:00,21.1,
2021-09-05 20:00:00,21.1,
2021-09-05 20:15:00,21.04,
2021-09-05 20:30:00,20.94,
2021-09-05 20:45:00,21.119999999999997,
2021-09-05 21:00:00,21.03,
2021-09-05 21:15:00,21.0,
2021-09-05 21:30:00,21.11,
2021-09-05 21:45:00,21.119999999999997,
2021-09-05 22:00:00,21.13,
2021-09-05 22:15:00,21.07,
2021-09-05 22:30:00,21.26,
2021-09-05 22:45:00,21.18,
2021-09-05 23:00:00,21.1,
2021-09-05 23:15:00,21.15,
2021-09-05 23:30:00,21.049999999999997,
2021-09-05 23:45:00,20.94,
2021-09-06 00:00:00,21.0,
2021-09-06 00:15:00,21.0,
2021-09-06 00:30:00,21.07,
2021-09-06 00:45:00,21.01,
2021-09-06 01:00:00,20.9,
2021-09-06 01:15:00,20.98,
2021-09-06 01:30:00,21.0,
2021-09-06 01:45:00,20.959999999999997,
2021-09-06 02:00:00,20.959999999999997,
2021-09-06 02:15:00,20.94,
2021-09-06 02:30:00,20.9,
2021-09-06 02:45:00,20.85,
2021-09-06 03:00:00,20.94,
2021-09-06 03:15:00,21.07,
2021-09-06 03:30:00,21.04,
2021-09-06 03:45:00,21.07,
2021-09-06 04:00:00,21.01,
2021-09-06 04:15:00,21.14,
2021-09-06 04:30:00,21.02,
2021-09-06 04:45:00,21.11,
2021-09-06 05:00:00,21.11,
2021-09-06 05:15:00,21.14,
2021-09-06 05:30:00,21.08,
2021-09-06 05:45:00,21.09,
2021-09-06 06:00:00,21.1,
2021-09-06 06:15:00,21.19,
2021-09-06 06:30:00,21.209999999999997,
2021-09-06 06:45:00,21.23,
2021-09-06 07:00:00,21.25,
2021-09-06 07:15:00,21.24,
2021-09-06 07:30:00,21.299999999999997,
2021-09-06 07:45:00,21.27,
2021-09-06 08:00:00,21.33,
2021-09-06 08:15:00,21.41,
2021-09-06 08:30:00,21.33,
2021-09-06 08:45:00,21.25,
2021-09-06 09:00:00,21.34,
2021-09-06 09:15:00,21.30333333333333,LI
2021-09-06 09:30:00,21.266666666666666,LI
2021-09-06 09:45:00,21.229999999999997,
2021-09-06 10:00:00,21.35,
2021-09-06 10:15:00,21.369999999999997,
2021-09-06 10:30:00,21.42,
2021-09-06 10:45:00,21.479999999999997,
2021-09-06 11:00:00,21.51,
2021-09-06 11:15:00,21.49,
2021-09-06 11:30:00,21.47,
2021-09-06 11:45:00,21.449999999999996,
2021-09-06 12:00:00,21.42,
2021-09-06 12:15:00,21.39,
2021-09-06 12:30:00,21.35,
2021-09-06 12:45:00,21.36,
2021-09-06 13:00:00,21.35,
2021-09-06 13:15:00,21.299999999999997,
2021-09-06 13:30:00,21.309999999999995,
2021-09-06 13:45:00,21.269999999999996,
2021-09-06 14:00:00,21.22,
2021-09-06 14:15:00,21.19,
2021-09-06 14:30:00,21.159999999999997,
2021-09-06 14:45:00,21.14,
2021-09-06 15:00:00,21.119999999999997,
2021-09-06 15:15:00,21.089999999999996,
2021-09-06 15:30:00,21.07,
2021-09-06 15:45:00,21.059999999999995,
2021-09-06 16:00:00,21.07,
2021-09-06 16:15:00,21.28,
2021-09-06 16:30:00,24.01,
2021-09-06 16:45:00,26.229999999999997,
2021-09-06 17:00:00,27.339999999999996,
2021-09-06 17:15:00,27.549999999999997,
2021-09-06 17:30:00,27.61,
2021-09-06 17:45:00,27.61,
2021-09-06 18:00:00,27.57,
2021-09-06 18:15:00,27.61,
2021-09-06 18:30:00,27.629999999999995,
2021-09-06 18:45:00,27.619999999999997,
2021-09-06 19:00:00,27.58,
2021-09-06 19:15:00,27.559999999999995,
2021-09-06 19:30:00,27.549999999999997,
2021-09-06 19:45:00,27.589999999999996,
2021-09-06 20:00:00,27.61,
2021-09-06 20:15:00,27.65,
2021-09-06 20:30:00,27.67,
2021-09-06 20:45:00,27.68,
2021-09-06 21:00:00,27.75,
2021-09-06 21:15:00,27.78,
2021-09-06 21:30:00,27.74,
2021-09-06 21:45:00,27.72,
2021-09-06 22:00:00,27.729999999999997,
2021-09-06 22:15:00,27.75,
2021-09-06 22:30:00,27.68,
2021-09-06 22:45:00,27.65,
2021-09-06 23:00:00,27.74,
2021-09-06 23:15:00,27.809999999999995,
2021-09-06 23:30:00,27.78,
2021-09-06 23:45:00,27.839999999999996,
2021-09-07 00:00:00,27.78,
2021-09-07 00:15:00,27.82,
2021-09-07 00:30:00,27.869999999999997,
2021-09-07 00:45:00,27.839999999999996,
2021-09-07 01:00:00,27.699999999999996,
2021-09-07 01:15:00,27.519999999999996,
2021-09-07 01:30:00,27.44,
2021-09-07 01:45:00,27.51,
2021-09-07 02:00:00,27.619999999999997,
2021-09-07 02:15:00,27.75,
2021-09-07 02:30:00,27.799999999999997,
2021-09-07 02:45:00,27.83,
2021-09-07 03:00:00,27.879999999999995,
2021-09-07 03:15:00,27.92,
2021-09-07 03:30:00,27.879999999999995,
2021-09-07 03:45:00,27.839999999999996,
2021-09-07 04:00:00,27.86,
2021-09-07 04:15:00,27.72,
2021-09-07 04:30:00,27.75,
2021-09-07 04:45:00,27.83,
2021-09-07 05:00:00,27.86,
2021-09-07 05:15:00,27.839999999999996,
2021-09-07 05:30:00,27.729999999999997,
2021-09-07 05:45:00,27.69,
2021-09-07 06:00:00,27.75,
2021-09-07 06:15:00,27.799999999999997,
2021-09-07 06:30:00,27.85,
2021-09-07 06:45:00,27.909999999999997,
2021-09-07 07:00:00,27.96,
2021-09-07 07:15:00,27.96,
2021-09-07 07:30:00,29.08,
2021-09-07 07:45:00,28.46,
2021-09-07 08:00:00,27.97,
2021-09-07 08:15:00,27.83,
2021-09-07 08:30:00,27.78,
2021-09-07 08:45:00,27.769999999999996,
2021-09-07 09:00:00,27.78,
2021-09-07 09:15:00,27.79,
2021-09-07 09:30:00,27.799999999999997,
2021-09-07 09:45:00,27.9,
2021-09-07 10:00:00,28.01,
2021-09-07 10:15:00,28.059999999999995,
2021-09-07 10:30:00,28.03,
2021-09-07 10:45:00,28.0,
2021-09-07 11:00:00,27.99,
2021-09-07 11:15:00,27.96,
2021-09-07 11:30:00,28.01,
2021-09-07 11:45:00,27.99,
2021-09-07 12:00:00,27.99,
2021-09-07 12:15:00,27.93,
2021-09-07 12:30:00,27.909999999999997,
2021-09-07 12:45:00,27.89,
2021-09-07 13:00:00,27.86,
2021-09-07 13:15:00,27.85,
2021-09-07 13:30:00,27.839999999999996,
2021-09-07 13:45:00,27.79,
2021-09-07 14:00:00,27.769999999999996,
2021-09-07 14:15:00,27.75,
2021-09-07 14:30:00,27.72,
2021-09-07 14:45:00,27.69,
2021-09-07 15:00:00,27.659999999999997,
2021-09-07 15:15:00,27.64,
2021-09-07 15:30:00,27.68,
2021-09-07 15:45:00,27.71,
2021-09-07 16:00:00,27.64,
2021-09-07 16:15:00,27.58,
2021-09-07 16:30:00,27.549999999999997,
2021-09-07 16:45:00,27.5,
2021-09-07 17:00:00,27.479999999999997,
2021-09-07 17:15:00,27.46,
2021-09-07 17:30:00,27.47,
2021-09-07 17:45:00,27.449999999999996,
2021-09-07 18:00:00,27.409999999999997,
2021-09-07 18:15:00,27.379999999999995,
2021-09-07 18:30:00,27.369999999999997,
2021-09-07 18:45:00,27.36,
2021-09-07 19:00:00,27.449999999999996,
2021-09-07 19:15:00,27.43,
2021-09-07 19:30:00,27.369999999999997,
2021-09-07 19:45:00,27.369999999999997,
2021-09-07 20:00:00,27.36,
2021-09-07 20:15:00,27.379999999999995,
2021-09-07 20:30:00,27.36,
2021-09-07 20:45:00,27.32,
2021-09-07 21:00:00,27.32,
2021-09-07 21:15:00,27.28,
2021-09-07 21:30:00,27.299999999999997,
2021-09-07 21:45:00,27.379999999999995,
2021-09-07 22:00:00,27.42,
2021-09-07 22:15:00,27.43,
2021-09-07 22:30:00,27.4,
2021-09-07 22:45:00,27.449999999999996,
2021-09-07 23:00:00,27.46,
2021-09-07 23:15:00,27.449999999999996,
2021-09-07 23:30:00,27.409999999999997,
2021-09-07 23:45:00,27.4,
2021-09-08 00:00:00,27.379999999999995,
2021-09-08 00:15:00,27.39,
2021-09-08 00:30:00,27.369999999999997,
2021-09-08 00:45:00,27.379999999999995,
2021-09-08 01:00:00,27.409999999999997,
2021-09-08 01:15:00,27.4,
2021-09-08 01:30:00,27.42,
2021-09-08 01:45:00,27.42,
2021-09-08 02:00:00,27.42,
2021-09-08 02:15:00,27.46,
2021-09-08 02:30:00,27.51,
2021-09-08 02:45:00,27.589999999999996,
2021-09-08 03:00:00,27.559999999999995,
2021-09-08 03:15:00,27.589999999999996,
2021-09-08 03:30:00,27.589999999999996,
2021-09-08 03:45:00,27.559999999999995,
2021-09-08 04:00:00,27.549999999999997,
2021-09-08 04:15:00,27.53,
2021-09-08 04:30:00,27.51,
2021-09-08 04:45:00,27.46,
2021-09-08 05:00:00,28.19,
2021-09-08 05:15:00,27.96,
2021-09-08 05:30:00,27.699999999999996,
2021-09-08 05:45:00,27.64,
2021-09-08 06:00:00,27.65,
2021-09-08 06:15:00,27.589999999999996,
2021-09-08 06:30:00,27.53,
2021-09-08 06:45:00,27.479999999999997,
2021-09-08 07:00:00,27.47,
2021-09-08 07:15:00,27.58,
2021-09-08 07:30:00,27.699999999999996,
2021-09-08 07:45:00,27.769999999999996,
2021-09-08 08:00:00,27.79,
2021-09-08 08:15:00,27.809999999999995,
2021-09-08 08:30:00,27.85,
2021-09-08 08:45:00,27.839999999999996,
2021-09-08 09:00:00,27.869999999999997,
2021-09-08 09:15:00,27.89,
2021-09-08 09:30:00,27.879999999999995,
2021-09-08 09:45:00,27.89,
2021-09-08 10:00:00,27.879999999999995,
2021-09-08 10:15:00,27.89,
2021-09-08 10:30:00,27.86,
2021-09-08 10:45:00,27.869999999999997,
2021-09-08 11:00:00,27.9,
2021-09-08 11:15:00,27.92,
2021-09-08 11:30:00,27.92,
2021-09-08 11:45:00,27.9,
2021-09-08 12:00:00,27.879999999999995,
2021-09-08 12:15:00,27.89,
2021-09-08 12:30:00,27.89,
2021-09-08 12:45:00,27.89,
2021-09-08 13:00:00,27.9,
2021-09-08 13:15:00,27.909999999999997,
2021-09-08 13:30:00,27.869999999999997,
2021-09-08 13:45:00,27.85,
2021-09-08 14:00:00,27.809999999999995,
2021-09-08 14:15:00,27.799999999999997,
2021-09-08 14:30:00,27.78,
2021-09-08 14:45:00,27.769999999999996,
2021-09-08 15:00:00,27.74,
2021-09-08 15:15:00,27.72,
2021-09-08 15:30:00,27.68,
2021-09-08 15:45:00,27.67,
2021-09-08 16:00:00,27.65,
2021-09-08 16:15:00,27.64,
2021-09-08 16:30:00,27.61,
2021-09-08 16:45:00,27.6,
2021-09-08 17:00:00,27.58,
2021-09-08 17:15:00,27.559999999999995,
2021-09-08 17:30:00,27.53,
2021-09-08 17:45:00,27.519999999999996,
2021-09-08 18:00:00,27.47,
2021-09-08 18:15:00,27.44,
2021-09-08 18:30:00,27.409999999999997,
2021-09-08 18:45:00,27.409999999999997,
2021-09-08 19:00:00,27.39,
2021-09-08 19:15:00,27.409999999999997,
2021-09-08 19:30:00,27.449999999999996,
2021-09-08 19:45:00,27.449999999999996,
2021-09-08 20:00:00,27.409999999999997,
2021-09-08 20:15:00,27.309999999999995,
2021-09-08 20:30:00,27.229999999999997,
2021-09-08 20:45:00,27.28,
2021-09-08 21:00:00,27.29,
2021-09-08 21:15:00,27.32,
2021-09-08 21:30:00,27.339999999999996,
2021-09-08 21:45:00,27.36,
2021-09-08 22:00:00,27.35,
2021-09-08 22:15:00,27.409999999999997,
2021-09-08 22:30:00,27.46,
2021-09-08 22:45:00,27.5,
2021-09-08 23:00:00,27.479999999999997,
2021-09-08 23:15:00,27.479999999999997,
2021-09-08 23:30:00,27.51,
2021-09-08 23:45:00,27.559999999999995,
2021-09-09 00:00:00,27.559999999999995,
2021-09-09 00:15:00,27.54,
2021-09-09 00:30:00,27.51,
2021-09-09 00:45:00,27.53,
2021-09-09 01:00:00,27.519999999999996,
2021-09-09 01:15:00,27.559999999999995,
2021-09-09 01:30:00,27.54,
2021-09-09 01:45:00,27.559999999999995,
2021-09-09 02:00:00,27.629999999999995,
2021-09-09 02:15:00,27.67,
2021-09-09 02:30:00,27.699999999999996,
2021-09-09 02:45:00,27.68,
2021-09-09 03:00:00,27.68,
2021-09-09 03:15:00,27.65,
2021-09-09 03:30:00,27.65,
2021-09-09 03:45:00,27.65,
2021-09-09 04:00:00,27.629999999999995,
2021-09-09 04:15:00,27.64,
2021-09-09 04:30:00,27.619999999999997,
2021-09-09 04:45:00,27.67,
2021-09-09 05:00:00,27.72,
2021-09-09 05:15:00,27.72,
2021-09-09 05:30:00,27.74,
2021-09-09 05:45:00,27.729999999999997,
2021-09-09 06:00:00,27.72,
2021-09-09 06:15:00,27.729999999999997,
2021-09-09 06:30:00,27.76,
2021-09-09 06:45:00,27.799999999999997,
2021-09-09 07:00:00,27.809999999999995,
2021-09-09 07:15:00,27.79,
2021-09-09 07:30:00,27.769999999999996,
2021-09-09 07:45:00,27.76,
2021-09-09 08:00:00,27.79,
2021-09-09 08:15:00,27.78,
2021-09-09 08:30:00,27.83,
2021-09-09 08:45:00,27.86,
2021-09-09 09:00:00,27.879999999999995,
2021-09-09 09:15:00,27.909999999999997,
2021-09-09 09:30:00,27.909999999999997,
2021-09-09 09:45:00,27.92,
2021-09-09 10:00:00,27.94,
2021-09-09 10:15:00,27.9,
2021-09-09 10:30:00,27.9,
2021-09-09 10:45:00,27.879999999999995,
2021-09-09 11:00:00,27.89,
2021-09-09 11:15:00,27.94,
2021-09-09 11:30:00,27.97,
2021-09-09 11:45:00,27.979999999999997,
2021-09-09 12:00:00,27.949999999999996,
2021-09-09 12:15:00,27.96,
2021-09-09 12:30:00,27.93,
2021-09-09 12:45:00,27.92,
2021-09-09 13:00:00,27.94,
2021-09-09 13:15:00,27.94,
2021-09-09 13:30:00,27.909999999999997,
2021-09-09 13:45:00,27.869999999999997,
2021-09-09 14:00:00,27.839999999999996,
2021-09-09 14:15:00,27.809999999999995,
2021-09-09 14:30:00,27.769999999999996,
2021-09-09 14:45:00,27.769999999999996,
2021-09-09 15:00:00,27.74,
2021-09-09 15:15:00,27.75,
2021-09-09 15:30:00,27.72,
2021-09-09 15:45:00,27.69,
2021-09-09 16:00:00,27.69,
2021-09-09 16:15:00,27.65,
2021-09-09 16:30:00,27.64,
2021-09-09 16:45:00,27.6,
2021-09-09 17:00:00,27.58,
2021-09-09 17:15:00,27.559999999999995,
2021-09-09 17:30:00,27.57,
2021-09-09 17:45:00,27.57,
2021-09-09 18:00:00,27.57,
2021-09-09 18:15:00,27.559999999999995,
2021-09-09 18:30:00,27.53,
2021-09-09 18:45:00,27.53,
2021-09-09 19:00:00,27.5,
2021-09-09 19:15:00,27.479999999999997,
2021-09-09 19:30:00,27.47,
2021-09-09 19:45:00,27.46,
2021-09-09 20:00:00,27.46,
2021-09-09 20:15:00,27.47,
2021-09-09 20:30:00,27.479999999999997,
2021-09-09 20:45:00,27.479999999999997,
2021-09-09 21:00:00,27.49,
2021-09-09 21:15:00,27.54,
2021-09-09 21:30:00,27.61,
2021-09-09 21:45:00,27.629999999999995,
2021-09-09 22:00:00,27.64,
2021-09-09 22:15:00,27.65,
2021-09-09 22:30:00,27.64,
2021-09-09 22:45:00,27.64,
2021-09-09 23:00:00,27.619999999999997,
2021-09-09 23:15:00,27.65,
2021-09-09 23:30:00,27.67,
2021-09-09 23:45:00,27.69,
2021-09-10 00:00:00,27.67,
2021-09-10 00:15:00,27.65,
2021-09-10 00:30:00,27.61,
2021-09-10 00:45:00,27.64,
2021-09-10 01:00:00,27.67,
2021-09-10 01:15:00,27.72,
2021-09-10 01:30:00,27.67,
2021-09-10 01:45:00,27.65,
2021-09-10 02:00:00,27.67,
2021-09-10 02:15:00,27.699999999999996,
2021-09-10 02:30:00,27.79,
2021-09-10 02:45:00,27.83,
2021-09-10 03:00:00,27.839999999999996,
2021-09-10 03:15:00,27.82,
2021-09-10 03:30:00,27.78,
2021-09-10 03:45:00,27.729999999999997,
2021-09-10 04:00:00,27.72,
2021-09-10 04:15:00,27.729999999999997,
2021-09-10 04:30:00,27.729999999999997,
2021-09-10 04:45:00,27.74,
2021-09-10 05:00:00,27.799999999999997,
2021-09-10 05:15:00,27.809999999999995,
2021-09-10 05:30:00,27.74,
2021-09-10 05:45:00,27.76,
2021-09-10 06:00:00,27.76,
2021-09-10 06:15:00,27.83,
2021-09-10 06:30:00,27.879999999999995,
2021-09-10 06:45:00,27.89,
2021-09-10 07:00:00,27.89,
2021-09-10 07:15:00,27.9,
2021-09-10 07:30:00,27.94,
2021-09-10 07:45:00,27.96,
2021-09-10 08:00:00,27.99,
2021-09-10 08:15:00,27.979999999999997,
2021-09-10 08:30:00,27.96,
2021-09-10 08:45:00,27.97,
2021-09-10 09:00:00,27.96,
2021-09-10 09:15:00,28.0,
2021-09-10 09:30:00,28.07,
2021-09-10 09:45:00,28.18,
2021-09-10 10:00:00,28.22,
2021-09-10 10:15:00,28.199999999999996,
2021-09-10 10:30:00,28.25,
2021-09-10 10:45:00,28.39,
2021-09-10 11:00:00,28.5,
2021-09-10 11:15:00,28.53,
2021-09-10 11:30:00,28.449999999999996,
2021-09-10 11:45:00,28.39,
2021-09-10 12:00:00,28.299999999999997,
2021-09-10 12:15:00,28.21,
2021-09-10 12:30:00,28.159999999999997,
2021-09-10 12:45:00,28.1,
2021-09-10 13:00:00,28.049999999999997,
2021-09-10 13:15:00,28.0,
2021-09-10 13:30:00,27.96,
2021-09-10 13:45:00,27.93,
2021-09-10 14:00:00,27.89,
2021-09-10 14:15:00,27.9,
2021-09-10 14:30:00,27.85,
2021-09-10 14:45:00,27.83,
2021-09-10 15:00:00,27.809999999999995,
2021-09-10 15:15:00,27.79,
2021-09-10 15:30:00,27.75,
2021-09-10 15:45:00,27.74,
2021-09-10 16:00:00,27.72,
2021-09-10 16:15:00,27.67,
2021-09-10 16:30:00,27.65,
2021-09-10 16:45:00,27.65,
2021-09-10 17:00:00,27.619999999999997,
2021-09-10 17:15:00,27.6,
2021-09-10 17:30:00,27.6,
2021-09-10 17:45:00,27.58,
2021-09-10 18:00:00,27.589999999999996,
2021-09-10 18:15:00,27.659999999999997,
2021-09-10 18:30:00,27.93,
2021-09-10 18:45:00,28.119999999999997,
2021-09-10 19:00:00,28.119999999999997,
2021-09-10 19:15:00,28.07,
2021-09-10 19:30:00,28.03,
2021-09-10 19:45:00,28.01,
2021-09-10 20:00:00,28.019999999999996,
2021-09-10 20:15:00,28.1,
2021-09-10 20:30:00,28.119999999999997,
2021-09-10 20:45:00,28.159999999999997,
2021-09-10 21:00:00,28.14,
2021-09-10 21:15:00,28.159999999999997,
2021-09-10 21:30:00,28.21,
2021-09-10 21:45:00,28.21,
2021-09-10 22:00:00,28.24,
2021-09-10 22:15:00,28.229999999999997,
2021-09-10 22:30:00,28.21,
2021-09-10 22:45:00,28.19,
2021-09-10 23:00:00,28.17,
2021-09-10 23:15:00,28.089999999999996,
2021-09-10 23:30:00,28.08,
2021-09-10 23:45:00,28.059999999999995,
2021-09-11 00:00:00,28.0,
2021-09-11 00:15:00,27.9,
2021-09-11 00:30:00,27.79,
2021-09-11 00:45:00,27.72,
2021-09-11 01:00:00,27.67,
2021-09-11 01:15:00,27.71,
2021-09-11 01:30:00,27.769999999999996,
2021-09-11 01:45:00,27.89,
2021-09-11 02:00:00,28.01,
2021-09-11 02:15:00,28.1,
2021-09-11 02:30:00,28.15,
2021-09-11 02:45:00,28.159999999999997,
2021-09-11 03:00:00,28.19,
2021-09-11 03:15:00,28.28,
2021-09-11 03:30:00,28.309999999999995,
2021-09-11 03:45:00,28.28,
2021-09-11 04:00:00,28.22,
2021-09-11 04:15:00,28.17,
2021-09-11 04:30:00,28.119999999999997,
2021-09-11 04:45:00,28.089999999999996,
2021-09-11 05:00:00,28.14,
2021-09-11 05:15:00,28.14,
2021-09-11 05:30:00,28.15,
2021-09-11 05:45:00,28.159999999999997,
2021-09-11 06:00:00,28.14,
2021-09-11 06:15:00,28.17,
2021-09-11 06:30:00,28.19,
2021-09-11 06:45:00,28.25,
2021-09-11 07:00:00,28.26,
2021-09-11 07:15:00,28.269999999999996,
2021-09-11 07:30:00,28.269999999999996,
2021-09-11 07:45:00,28.4,
2021-09-11 08:00:00,28.479999999999997,
2021-09-11 08:15:00,28.549999999999997,
2021-09-11 08:30:00,28.799999999999997,
2021-09-11 08:45:00,28.909999999999997,
2021-09-11 09:00:00,28.93,
2021-09-11 09:15:00,28.96,
2021-09-11 09:30:00,28.97,
2021-09-11 09:45:00,28.97,
2021-09-11 10:00:00,28.97,
2021-09-11 10:15:00,28.979999999999997,
2021-09-11 10:30:00,28.979999999999997,
2021-09-11 10:45:00,29.01,
2021-09-11 11:00:00,29.04,
2021-09-11 11:15:00,29.14,
2021-09-11 11:30:00,29.24,
2021-09-11 11:45:00,29.309999999999995,
2021-09-11 12:00:00,29.309999999999995,
2021-09-11 12:15:00,29.25,
2021-09-11 12:30:00,29.18,
2021-09-11 12:45:00,29.129999999999995,
2021-09-11 13:00:00,29.1,
2021-09-11 13:15:00,29.049999999999997,
2021-09-11 13:30:00,28.99,
2021-09-11 13:45:00,28.979999999999997,
2021-09-11 14:00:00,28.92,
2021-09-11 14:15:00,29.24,
2021-09-11 14:30:00,28.9,
2021-09-11 14:45:00,28.769999999999996,
2021-09-11 15:00:00,28.69,
2021-09-11 15:15:00,28.619999999999997,
2021-09-11 15:30:00,28.589999999999996,
2021-09-11 15:45:00,28.53,
2021-09-11 16:00:00,28.49,
2021-09-11 16:15:00,28.43,
2021-09-11 16:30:00,28.39,
2021-09-11 16:45:00,28.36,
2021-09-11 17:00:00,28.33,
2021-09-11 17:15:00,28.309999999999995,
2021-09-11 17:30:00,28.299999999999997,
2021-09-11 17:45:00,28.269999999999996,
2021-09-11 18:00:00,28.24,
2021-09-11 18:15:00,28.19,
2021-09-11 18:30:00,28.199999999999996,
2021-09-11 18:45:00,28.18,
2021-09-11 19:00:00,28.22,
2021-09-11 19:15:00,28.17,
2021-09-11 19:30:00,28.15,
2021-09-11 19:45:00,28.119999999999997,
2021-09-11 20:00:00,28.11,
2021-09-11 20:15:00,28.11,
2021-09-11 20:30:00,28.11,
2021-09-11 20:45:00,28.11,
2021-09-11 21:00:00,28.08,
2021-09-11 21:15:00,28.089999999999996,
2021-09-11 21:30:00,28.08,
2021-09-11 21:45:00,28.049999999999997,
2021-09-11 22:00:00,28.019999999999996,
2021-09-11 22:15:00,28.049999999999997,
2021-09-11 22:30:00,28.04,
2021-09-11 22:45:00,28.019999999999996,
2021-09-11 23:00:00,28.08,
2021-09-11 23:15:00,28.08,
2021-09-11 23:30:00,28.129999999999995,
2021-09-11 23:45:00,28.03,
2021-09-12 00:00:00,28.04,
2021-09-12 00:15:00,28.01,
2021-09-12 00:30:00,27.97,
2021-09-12 00:45:00,27.99,
2021-09-12 01:00:00,27.879999999999995,
2021-09-12 01:15:00,27.979999999999997,
2021-09-12 01:30:00,27.949999999999996,
2021-09-12 01:45:00,28.059999999999995,
2021-09-12 02:00:00,28.089999999999996,
2021-09-12 02:15:00,28.1,
2021-09-12 02:30:00,28.119999999999997,
2021-09-12 02:45:00,28.129999999999995,
2021-09-12 03:00:00,28.08,
2021-09-12 03:15:00,28.08,
2021-09-12 03:30:00,28.15,
2021-09-12 03:45:00,28.17,
2021-09-12 04:00:00,28.17,
2021-09-12 04:15:00,28.18,
2021-09-12 04:30:00,28.159999999999997,
2021-09-12 04:45:00,28.14,
2021-09-12 05:00:00,28.089999999999996,
2021-09-12 05:15:00,28.07,
2021-09-12 05:30:00,28.08,
2021-09-12 05:45:00,28.089999999999996,
2021-09-12 06:00:00,28.08,
2021-09-12 06:15:00,28.07,
2021-09-12 06:30:00,28.129999999999995,
2021-09-12 06:45:00,28.14,
2021-09-12 07:00:00,28.11,
2021-09-12 07:15:00,28.129999999999995,
2021-09-12 07:30:00,28.17,
2021-09-12 07:45:00,28.18,
2021-09-12 08:00:00,28.15,
2021-09-12 08:15:00,28.15,
2021-09-12 08:30:00,28.17,
2021-09-12 08:45:00,28.199999999999996,
2021-09-12 09:00:00,28.229999999999997,
2021-09-12 09:15:00,28.28,
2021-09-12 09:30:00,28.29,
2021-09-12 09:45:00,28.309999999999995,
2021-09-12 10:00:00,28.309999999999995,
2021-09-12 10:15:00,28.33,
2021-09-12 10:30:00,28.269999999999996,
2021-09-12 10:45:00,28.019999999999996,
2021-09-12 11:00:00,27.99,
2021-09-12 11:15:00,27.839999999999996,
2021-09-12 11:30:00,26.39,
2021-09-12 11:45:00,25.93,
2021-09-12 12:00:00,25.85,
2021-09-12 12:15:00,25.869999999999997,
2021-09-12 12:30:00,25.83,
2021-09-12 12:45:00,25.809999999999995,
2021-09-12 13:00:00,25.809999999999995,
2021-09-12 13:15:00,25.82,
2021-09-12 13:30:00,25.799999999999997,
2021-09-12 13:45:00,25.78,
2021-09-12 14:00:00,25.74,
2021-09-12 14:15:00,25.71,
2021-09-12 14:30:00,25.71,
2021-09-12 14:45:00,25.71,
2021-09-12 15:00:00,25.69,
2021-09-12 15:15:00,25.699999999999996,
2021-09-12 15:30:00,25.71,
2021-09-12 15:45:00,25.699999999999996,
2021-09-12 16:00:00,25.71,
2021-09-12 16:15:00,25.699999999999996,
2021-09-12 16:30:00,25.67,
2021-09-12 16:45:00,25.65,
2021-09-12 17:00:00,25.619999999999997,
2021-09-12 17:15:00,25.61,
2021-09-12 17:30:00,25.589999999999996,
2021-09-12 17:45:00,25.57,
2021-09-12 18:00:00,25.549999999999997,
2021-09-12 18:15:00,25.53,
2021-09-12 18:30:00,25.519999999999996,
2021-09-12 18:45:00,25.519999999999996,
2021-09-12 19:00:00,25.519999999999996,
2021-09-12 19:15:00,25.51,
2021-09-12 19:30:00,25.53,
2021-09-12 19:45:00,25.519999999999996,
2021-09-12 20:00:00,25.519999999999996,
2021-09-12 20:15:00,25.5,
2021-09-12 20:30:00,25.51,
2021-09-12 20:45:00,25.53,
2021-09-12 21:00:00,25.549999999999997,
2021-09-12 21:15:00,25.57,
2021-09-12 21:30:00,25.58,
2021-09-12 21:45:00,25.61,
2021-09-12 22:00:00,25.75,
2021-09-12 22:15:00,25.82,
2021-09-12 22:30:00,25.86,
2021-09-12 22:45:00,25.879999999999995,
2021-09-12 23:00:00,25.89,
2021-09-12 23:15:00,25.96,
2021-09-12 23:30:00,26.01,
2021-09-12 23:45:00,26.04,
2021-09-13 00:00:00,26.049999999999997,
2021-09-13 00:15:00,26.0,
2021-09-13 00:30:00,26.01,
2021-09-13 00:45:00,26.07,
2021-09-13 01:00:00,26.1,
2021-09-13 01:15:00,26.18,
2021-09-13 01:30:00,26.25,
2021-09-13 01:45:00,26.24,
2021-09-13 02:00:00,26.159999999999997,
2021-09-13 02:15:00,26.15,
2021-09-13 02:30:00,26.089999999999996,
2021-09-13 02:45:00,26.14,
2021-09-13 03:00:00,26.199999999999996,
2021-09-13 03:15:00,26.229999999999997,
2021-09-13 03:30:00,26.24,
2021-09-13 03:45:00,26.299999999999997,
2021-09-13 04:00:00,26.339999999999996,
2021-09-13 04:15:00,26.339999999999996,
2021-09-13 04:30:00,26.33,
2021-09-13 04:45:00,26.29,
2021-09-13 05:00:00,26.25,
2021-09-13 05:15:00,26.19,
2021-09-13 05:30:00,26.129999999999995,
2021-09-13 05:45:00,26.1,
2021-09-13 06:00:00,26.089999999999996,
2021-09-13 06:15:00,26.129999999999995,
2021-09-13 06:30:00,26.08,
2021-09-13 06:45:00,26.049999999999997,
2021-09-13 07:00:00,26.07,
2021-09-13 07:15:00,26.049999999999997,
2021-09-13 07:30:00,26.01,
2021-09-13 07:45:00,25.97,
2021-09-13 08:00:00,25.979999999999997,
2021-09-13 08:15:00,25.97,
2021-09-13 08:30:00,25.96,
2021-09-13 08:45:00,25.97,
2021-09-13 09:00:00,25.99,
2021-09-13 09:15:00,25.99,
2021-09-13 09:30:00,25.99,
2021-09-13 09:45:00,26.01,
2021-09-13 10:00:00,26.03,
2021-09-13 10:15:00,26.049999999999997,
2021-09-13 10:30:00,26.04,
2021-09-13 10:45:00,26.049999999999997,
2021-09-13 11:00:00,26.059999999999995,
2021-09-13 11:15:00,26.11,
2021-09-13 11:30:00,26.119999999999997,
2021-09-13 11:45:00,26.129999999999995,
2021-09-13 12:00:00,26.119999999999997,
2021-09-13 12:15:00,26.129999999999995,
2021-09-13 12:30:00,26.129999999999995,
2021-09-13 12:45:00,26.119999999999997,
2021-09-13 13:00:00,26.1,
2021-09-13 13:15:00,26.07,
2021-09-13 13:30:00,26.059999999999995,
2021-09-13 13:45:00,26.04,
2021-09-13 14:00:00,26.03,
2021-09-13 14:15:00,26.03,
2021-09-13 14:30:00,26.03,
2021-09-13 14:45:00,26.019999999999996,
2021-09-13 15:00:00,25.97,
2021-09-13 15:15:00,25.96,
2021-09-13 15:30:00,25.96,
2021-09-13 15:45:00,25.94,
2021-09-13 16:00:00,25.93,
2021-09-13 16:15:00,25.92,
2021-09-13 16:30:00,25.92,
2021-09-13 16:45:00,25.89,
2021-09-13 17:00:00,25.869999999999997,
2021-09-13 17:15:00,25.839999999999996,
2021-09-13 17:30:00,25.809999999999995,
2021-09-13 17:45:00,25.79,
2021-09-13 18:00:00,25.769999999999996,
2021-09-13 18:15:00,25.74,
2021-09-13 18:30:00,25.74,
2021-09-13 18:45:00,25.729999999999997,
2021-09-13 19:00:00,25.74,
2021-09-13 19:15:00,25.69,
2021-09-13 19:30:00,25.699999999999996,
2021-09-13 19:45:00,25.71,
2021-09-13 20:00:00,25.65,
2021-09-13 20:15:00,25.64,
2021-09-13 20:30:00,25.58,
2021-09-13 20:45:00,25.64,
2021-09-13 21:00:00,25.659999999999997,
2021-09-13 21:15:00,25.67,
2021-09-13 21:30:00,25.71,
2021-09-13 21:45:00,25.68,
2021-09-13 22:00:00,25.69,
2021-09-13 22:15:00,25.68,
2021-09-13 22:30:00,25.68,
2021-09-13 22:45:00,25.659999999999997,
2021-09-13 23:00:00,25.699999999999996,
2021-09-13 23:15:00,25.699999999999996,
2021-09-13 23:30:00,25.67,
2021-09-13 23:45:00,25.699999999999996,
2021-09-14 00:00:00,25.72,
2021-09-14 00:15:00,25.78,
2021-09-14 00:30:00,25.769999999999996,
2021-09-14 00:45:00,25.75,
2021-09-14 01:00:00,25.69,
2021-09-14 01:15:00,25.72,
2021-09-14 01:30:00,25.769999999999996,
2021-09-14 01:45:00,25.769999999999996,
2021-09-14 02:00:00,25.809999999999995,
2021-09-14 02:15:00,25.839999999999996,
2021-09-14 02:30:00,25.869999999999997,
2021-09-14 02:45:00,25.89,
2021-09-14 03:00:00,25.869999999999997,
2021-09-14 03:15:00,25.76,
2021-09-14 03:30:00,25.79,
2021-09-14 03:45:00,25.74,
2021-09-14 04:00:00,25.75,
2021-09-14 04:15:00,25.82,
2021-09-14 04:30:00,25.89,
2021-09-14 04:45:00,25.94,
2021-09-14 05:00:00,25.93,
2021-09-14 05:15:00,25.93,
2021-09-14 05:30:00,25.9,
2021-09-14 05:45:00,25.869999999999997,
2021-09-14 06:00:00,25.86,
2021-09-14 06:15:00,25.83,
2021-09-14 06:30:00,25.839999999999996,
2021-09-14 06:45:00,25.89,
2021-09-14 07:00:00,25.909999999999997,
2021-09-14 07:15:00,25.92,
2021-09-14 07:30:00,25.949999999999996,
2021-09-14 07:45:00,25.949999999999996,
2021-09-14 08:00:00,25.979999999999997,
2021-09-14 08:15:00,26.0,
2021-09-14 08:30:00,25.979999999999997,
2021-09-14 08:45:00,26.0,
2021-09-14 09:00:00,26.01,
2021-09-14 09:15:00,25.99,
2021-09-14 09:30:00,25.99,
2021-09-14 09:45:00,26.0,
2021-09-14 10:00:00,26.04,
2021-09-14 10:15:00,26.04,
2021-09-14 10:30:00,26.04,
2021-09-14 10:45:00,26.049999999999997,
2021-09-14 11:00:00,26.049999999999997,
2021-09-14 11:15:00,26.059999999999995,
2021-09-14 11:30:00,26.059999999999995,
2021-09-14 11:45:00,26.07,
2021-09-14 12:00:00,26.07,
2021-09-14 12:15:00,26.04,
2021-09-14 12:30:00,26.04,
2021-09-14 12:45:00,26.04,
2021-09-14 13:00:00,26.01,
2021-09-14 13:15:00,25.97,
2021-09-14 13:30:00,25.97,
2021-09-14 13:45:00,25.949999999999996,
2021-09-14 14:00:00,25.949999999999996,
2021-09-14 14:15:00,25.909999999999997,
2021-09-14 14:30:00,25.9,
2021-09-14 14:45:00,25.89,
2021-09-14 15:00:00,25.869999999999997,
2021-09-14 15:15:00,25.85,
2021-09-14 15:30:00,25.82,
2021-09-14 15:45:00,25.83,
2021-09-14 16:00:00,25.809999999999995,
2021-09-14 16:15:00,25.79,
2021-09-14 16:30:00,25.769999999999996,
2021-09-14 16:45:00,25.75,
2021-09-14 17:00:00,25.75,
2021-09-14 17:15:00,25.74,
2021-09-14 17:30:00,25.72,
2021-09-14 17:45:00,25.71,
2021-09-14 18:00:00,25.67,
2021-09-14 18:15:00,25.67,
2021-09-14 18:30:00,25.68,
2021-09-14 18:45:00,25.68,
2021-09-14 19:00:00,25.659999999999997,
2021-09-14 19:15:00,25.69,
2021-09-14 19:30:00,26.559999999999995,
2021-09-14 19:45:00,26.22,
2021-09-14 20:00:00,25.93,
2021-09-14 20:15:00,25.74,
2021-09-14 20:30:00,25.629999999999995,
2021-09-14 20:45:00,25.479999999999997,
2021-09-14 21:00:00,25.269999999999996,
2021-09-14 21:15:00,25.17,
2021-09-14 21:30:00,25.11,
2021-09-14 21:45:00,25.93,
2021-09-14 22:00:00,25.97,
2021-09-14 22:15:00,25.79,
2021-09-14 22:30:00,25.769999999999996,
2021-09-14 22:45:00,25.65,
2021-09-14 23:00:00,25.57,
2021-09-14 23:15:00,25.49,
2021-09-14 23:30:00,25.53,
2021-09-14 23:45:00,25.54,
2021-09-15 00:00:00,25.53,
2021-09-15 00:15:00,25.51,
2021-09-15 00:30:00,25.549999999999997,
2021-09-15 00:45:00,25.64,
2021-09-15 01:00:00,25.69,
2021-09-15 01:15:00,25.729999999999997,
2021-09-15 01:30:00,25.729999999999997,
2021-09-15 01:45:00,25.769999999999996,
2021-09-15 02:00:00,25.769999999999996,
2021-09-15 02:15:00,25.74,
2021-09-15 02:30:00,25.82,
2021-09-15 02:45:00,25.879999999999995,
2021-09-15 03:00:00,25.9,
2021-09-15 03:15:00,25.85,
2021-09-15 03:30:00,25.82,
2021-09-15 03:45:00,25.82,
2021-09-15 04:00:00,25.839999999999996,
2021-09-15 04:15:00,25.78,
2021-09-15 04:30:00,25.76,
2021-09-15 04:45:00,25.72,
2021-09-15 05:00:00,25.76,
2021-09-15 05:15:00,25.79,
2021-09-15 05:30:00,25.75,
2021-09-15 05:45:00,25.74,
2021-09-15 06:00:00,25.78,
2021-09-15 06:15:00,25.79,
2021-09-15 06:30:00,25.78,
2021-09-15 06:45:00,25.799999999999997,
2021-09-15 07:00:00,25.799999999999997,
2021-09-15 07:15:00,25.799999999999997,
2021-09-15 07:30:00,25.82,
2021-09-15 07:45:00,25.839999999999996,
2021-09-15 08:00:00,25.869999999999997,
2021-09-15 08:15:00,25.89,
2021-09-15 08:30:00,25.9,
2021-09-15 08:45:00,25.92,
2021-09-15 09:00:00,25.93,
2021-09-15 09:15:00,25.94,
2021-09-15 09:30:00,25.96,
2021-09-15 09:45:00,26.0,
2021-09-15 10:00:00,26.089999999999996,
2021-09-15 10:15:00,26.369999999999997,
2021-09-15 10:30:00,26.6,
2021-09-15 10:45:00,26.619999999999997,
2021-09-15 11:00:00,26.53,
2021-09-15 11:15:00,26.379999999999995,
2021-09-15 11:30:00,26.229999999999997,
2021-09-15 11:45:00,26.089999999999996,
2021-09-15 12:00:00,25.979999999999997,
2021-09-15 12:15:00,25.909999999999997,
2021-09-15 12:30:00,25.85,
2021-09-15 12:45:00,25.79,
2021-09-15 13:00:00,25.769999999999996,
2021-09-15 13:15:00,25.78,
2021-09-15 13:30:00,25.86,
2021-09-15 13:45:00,25.879999999999995,
2021-09-15 14:00:00,25.909999999999997,
2021-09-15 14:15:00,25.93,
2021-09-15 14:30:00,25.92,
2021-09-15 14:45:00,25.9,
2021-09-15 15:00:00,25.9,
2021-09-15 15:15:00,25.879999999999995,
2021-09-15 15:30:00,25.85,
2021-09-15 15:45:00,25.839999999999996,
2021-09-15 16:00:00,25.82,
2021-09-15 16:15:00,25.83,
2021-09-15 16:30:00,25.82,
2021-09-15 16:45:00,25.82,
2021-09-15 17:00:00,25.78,
2021-09-15 17:15:00,25.75,
2021-09-15 17:30:00,25.76,
2021-09-15 17:45:00,25.71,
2021-09-15 18:00:00,25.69,
2021-09-15 18:15:00,25.68,
2021-09-15 18:30:00,25.65,
2021-09-15 18:45:00,25.69,
2021-09-15 19:00:00,25.67,
2021-09-15 19:15:00,25.67,
2021-09-15 19:30:00,25.65,
2021-09-15 19:45:00,25.629999999999995,
2021-09-15 20:00:00,25.6,
2021-09-15 20:15:00,25.629999999999995,
2021-09-15 20:30:00,25.6,
2021-09-15 20:45:00,25.58,
2021-09-15 21:00:00,25.68,
2021-09-15 21:15:00,25.6,
2021-09-15 21:30:00,25.57,
2021-09-15 21:45:00,25.629999999999995,
2021-09-15 22:00:00,25.68,
2021-09-15 22:15:00,25.68,
2021-09-15 22:30:00,25.659999999999997,
2021-09-15 22:45:00,25.61,
2021-09-15 23:00:00,25.589999999999996,
2021-09-15 23:15:00,25.629999999999995,
2021-09-15 23:30:00,25.629999999999995,
2021-09-15 23:45:00,25.65,
2021-09-16 00:00:00,25.659999999999997,
2021-09-16 00:15:00,25.69,
2021-09-16 00:30:00,25.67,
2021-09-16 00:45:00,25.68,
2021-09-16 01:00:00,25.729999999999997,
2021-09-16 01:15:00,25.74,
2021-09-16 01:30:00,25.76,
2021-09-16 01:45:00,25.74,
2021-09-16 02:00:00,25.71,
2021-09-16 02:15:00,25.68,
2021-09-16 02:30:00,25.71,
2021-09-16 02:45:00,25.729999999999997,
2021-09-16 03:00:00,25.83,
2021-09-16 03:15:00,25.83,
2021-09-16 03:30:00,25.85,
2021-09-16 03:45:00,25.85,
2021-09-16 04:00:00,25.86,
2021-09-16 04:15:00,25.85,
2021-09-16 04:30:00,25.869999999999997,
2021-09-16 04:45:00,25.869999999999997,
2021-09-16 05:00:00,25.86,
2021-09-16 05:15:00,25.85,
2021-09-16 05:30:00,25.85,
2021-09-16 05:45:00,25.76,
2021-09-16 06:00:00,25.83,
2021-09-16 06:15:00,25.839999999999996,
2021-09-16 06:30:00,25.839999999999996,
2021-09-16 06:45:00,25.85,
2021-09-16 07:00:00,25.86,
2021-09-16 07:15:00,25.839999999999996,
2021-09-16 07:30:00,25.869999999999997,
2021-09-16 07:45:00,25.879999999999995,
2021-09-16 08:00:00,25.9,
2021-09-16 08:15:00,25.93,
2021-09-16 08:30:00,25.96,
2021-09-16 08:45:00,25.99,
2021-09-16 09:00:00,26.03,
2021-09-16 09:15:00,26.04,
2021-09-16 09:30:00,26.059999999999995,
2021-09-16 09:45:00,26.059999999999995,
2021-09-16 10:00:00,26.08,
2021-09-16 10:15:00,26.059999999999995,
2021-09-16 10:30:00,26.059999999999995,
2021-09-16 10:45:00,26.059999999999995,
2021-09-16 11:00:00,26.049999999999997,
2021-09-16 11:15:00,26.03,
2021-09-16 11:30:00,26.03,
2021-09-16 11:45:00,26.01,
2021-09-16 12:00:00,26.01,
2021-09-16 12:15:00,25.979999999999997,
2021-09-16 12:30:00,25.979999999999997,
2021-09-16 12:45:00,26.03,
2021-09-16 13:00:00,25.94,
2021-09-16 13:15:00,25.93,
2021-09-16 13:30:00,25.9,
2021-09-16 13:45:00,25.89,
2021-09-16 14:00:00,25.85,
2021-09-16 14:15:00,25.839999999999996,
2021-09-16 14:30:00,25.83,
2021-09-16 14:45:00,25.79,
2021-09-16 15:00:00,25.799999999999997,
2021-09-16 15:15:00,25.799999999999997,
2021-09-16 15:30:00,25.769999999999996,
2021-09-16 15:45:00,25.76,
2021-09-16 16:00:00,25.72,
2021-09-16 16:15:00,25.729999999999997,
2021-09-16 16:30:00,25.699999999999996,
2021-09-16 16:45:00,25.659999999999997,
2021-09-16 17:00:00,25.69,
2021-09-16 17:15:00,25.68,
2021-09-16 17:30:00,25.67,
2021-09-16 17:45:00,25.75,
2021-09-16 18:00:00,25.71,
2021-09-16 18:15:00,25.659999999999997,
2021-09-16 18:30:00,25.65,
2021-09-16 18:45:00,25.64,
2021-09-16 19:00:00,25.64,
2021-09-16 19:15:00,25.65,
2021-09-16 19:30:00,25.61,
2021-09-16 19:45:00,25.61,
2021-09-16 20:00:00,25.559999999999995,
2021-09-16 20:15:00,25.57,
2021-09-16 20:30:00,25.61,
2021-09-16 20:45:00,25.61,
2021-09-16 21:00:00,25.559999999999995,
2021-09-16 21:15:00,25.53,
2021-09-16 21:30:00,25.57,
2021-09-16 21:45:00,25.619999999999997,
2021-09-16 22:00:00,25.64,
2021-09-16 22:15:00,25.58,
2021-09-16 22:30:00,25.54,
2021-09-16 22:45:00,25.549999999999997,
2021-09-16 23:00:00,25.559999999999995,
2021-09-16 23:15:00,25.58,
2021-09-16 23:30:00,25.629999999999995,
2021-09-16 23:45:00,25.67,
2021-09-17 00:00:00,25.64,
2021-09-17 00:15:00,25.6,
2021-09-17 00:30:00,25.549999999999997,
2021-09-17 00:45:00,25.57,
2021-09-17 01:00:00,25.61,
2021-09-17 01:15:00,25.659999999999997,
2021-09-17 01:30:00,25.67,
2021-09-17 01:45:00,25.67,
2021-09-17 02:00:00,25.659999999999997,
2021-09-17 02:15:00,25.65,
2021-09-17 02:30:00,25.68,
2021-09-17 02:45:00,25.699999999999996,
2021-09-17 03:00:00,25.699999999999996,
2021-09-17 03:15:00,25.769999999999996,
2021-09-17 03:30:00,25.769999999999996,
2021-09-17 03:45:00,25.79,
2021-09-17 04:00:00,25.769999999999996,
2021-09-17 04:15:00,25.809999999999995,
2021-09-17 04:30:00,25.879999999999995,
2021-09-17 04:45:00,25.9,
2021-09-17 05:00:00,25.82,
2021-09-17 05:15:00,25.839999999999996,
2021-09-17 05:30:00,25.82,
2021-09-17 05:45:00,25.85,
2021-09-17 06:00:00,25.869999999999997,
2021-09-17 06:15:00,25.79,
2021-09-17 06:30:00,25.85,
2021-09-17 06:45:00,25.86,
2021-09-17 07:00:00,25.85,
2021-09-17 07:15:00,25.879999999999995,
2021-09-17 07:30:00,25.869999999999997,
2021-09-17 07:45:00,25.879999999999995,
2021-09-17 08:00:00,25.909999999999997,
2021-09-17 08:15:00,25.94,
2021-09-17 08:30:00,25.96,
2021-09-17 08:45:00,25.949999999999996,
2021-09-17 09:00:00,25.97,
2021-09-17 09:15:00,25.96,
2021-09-17 09:30:00,26.0,
2021-09-17 09:45:00,26.019999999999996,
2021-09-17 10:00:00,26.059999999999995,
2021-09-17 10:15:00,26.07,
2021-09-17 10:30:00,26.075,LI
2021-09-17 10:45:00,26.08,
2021-09-17 11:00:00,26.04,
2021-09-17 11:15:00,26.08,
2021-09-17 11:30:00,26.05,
2021-09-17 11:45:00,26.02,
2021-09-17 12:00:00,26.03,
2021-09-17 12:15:00,25.96,
2021-09-17 12:30:00,26.03,
2021-09-17 12:45:00,25.99,
2021-09-17 13:00:00,26.05,
2021-09-17 13:15:00,25.93,
2021-09-17 13:30:00,25.87,
2021-09-17 13:45:00,25.93,
2021-09-17 14:00:00,26.03,
2021-09-17 14:15:00,25.87,
2021-09-17 14:30:00,25.81,
2021-09-17 14:45:00,25.81,
2021-09-17 15:00:00,25.86,
2021-09-17 15:15:00,25.72,
2021-09-17 15:30:00,25.74,
2021-09-17 15:45:00,25.71,
2021-09-17 16:00:00,25.69,
2021-09-17 16:15:00,25.67,
2021-09-17 16:30:00,25.66,
2021-09-17 16:45:00,25.63,
2021-09-17 17:00:00,25.6,
2021-09-17 17:15:00,25.62,
2021-09-17 17:30:00,25.57,
2021-09-17 17:45:00,25.52,
2021-09-17 18:00:00,25.51,
2021-09-17 18:15:00,25.49,
2021-09-17 18:30:00,25.44,
2021-09-17 18:45:00,25.46,
2021-09-17 19:00:00,25.41,
2021-09-17 19:15:00,25.5,
2021-09-17 19:30:00,25.46,
2021-09-17 19:45:00,25.46,
2021-09-17 20:00:00,25.47,
2021-09-17 20:15:00,25.51,
2021-09-17 20:30:00,25.47,
2021-09-17 20:45:00,25.43,
2021-09-17 21:00:00,25.44,
2021-09-17 21:15:00,25.39,
2021-09-17 21:30:00,25.43,
2021-09-17 21:45:00,25.39,
2021-09-17 22:00:00,25.5,
2021-09-17 22:15:00,25.52,
2021-09-17 22:30:00,25.55,
2021-09-17 22:45:00,25.6,
2021-09-17 23:00:00,25.54,
2021-09-17 23:15:00,25.59,
2021-09-17 23:30:00,25.58,
2021-09-17 23:45:00,25.57,
2021-09-18 00:00:00,25.64,
2021-09-18 00:15:00,25.67,
2021-09-18 00:30:00,25.65,
2021-09-18 00:45:00,25.66,
2021-09-18 01:00:00,25.66,
2021-09-18 01:15:00,25.62,
2021-09-18 01:30:00,25.61,
2021-09-18 01:45:00,25.64,
2021-09-18 02:00:00,25.61,
2021-09-18 02:15:00,25.55,
2021-09-18 02:30:00,25.5,
2021-09-18 02:45:00,25.55,
2021-09-18 03:00:00,25.57,
2021-09-18 03:15:00,25.61,
2021-09-18 03:30:00,25.56,
2021-09-18 03:45:00,25.6,
2021-09-18 04:00:00,25.62,
2021-09-18 04:15:00,25.68,
2021-09-18 04:30:00,25.67,
2021-09-18 04:45:00,25.64,
2021-09-18 05:00:00,25.66,
2021-09-18 05:15:00,25.68,
2021-09-18 05:30:00,25.7,
2021-09-18 05:45:00,25.66,
2021-09-18 06:00:00,25.68,
2021-09-18 06:15:00,25.66,
2021-09-18 06:30:00,25.67,
2021-09-18 06:45:00,25.62,
2021-09-18 07:00:00,25.58,
2021-09-18 07:15:00,25.64,
2021-09-18 07:30:00,25.68,
2021-09-18 07:45:00,25.98,
2021-09-18 08:00:00,25.85,
2021-09-18 08:15:00,25.97,
2021-09-18 08:30:00,25.86,
2021-09-18 08:45:00,25.86,
2021-09-18 09:00:00,25.93,
2021-09-18 09:15:00,25.95,
2021-09-18 09:30:00,25.99,
2021-09-18 09:45:00,25.95,
2021-09-18 10:00:00,26.01,
2021-09-18 10:15:00,25.98,
2021-09-18 10:30:00,25.99,
2021-09-18 10:45:00,26.0,
2021-09-18 11:00:00,26.01,
2021-09-18 11:15:00,25.99,
2021-09-18 11:30:00,26.05,
2021-09-18 11:45:00,26.02,
2021-09-18 12:00:00,26.07,
2021-09-18 12:15:00,26.12,
2021-09-18 12:30:00,26.12,
2021-09-18 12:45:00,26.1,
2021-09-18 13:00:00,25.99,
2021-09-18 13:15:00,26.03,
2021-09-18 13:30:00,26.04,
2021-09-18 13:45:00,26.07,
2021-09-18 14:00:00,25.95,
2021-09-18 14:15:00,26.02,
2021-09-18 14:30:00,25.89,
2021-09-18 14:45:00,25.91,
2021-09-18 15:00:00,25.89,
2021-09-18 15:15:00,25.9,
2021-09-18 15:30:00,25.88,
2021-09-18 15:45:00,25.84,
2021-09-18 16:00:00,25.89,
2021-09-18 16:15:00,25.83,
2021-09-18 16:30:00,25.82,
2021-09-18 16:45:00,25.76,
2021-09-18 17:00:00,25.76,
2021-09-18 17:15:00,25.72,
2021-09-18 17:30:00,25.72,
2021-09-18 17:45:00,25.7,
2021-09-18 18:00:00,25.69,
2021-09-18 18:15:00,25.69,
2021-09-18 18:30:00,25.68,
2021-09-18 18:45:00,25.64,
2021-09-18 19:00:00,25.66,
2021-09-18 19:15:00,25.61,
2021-09-18 19:30:00,25.62,
2021-09-18 19:45:00,25.64,
2021-09-18 20:00:00,25.67,
2021-09-18 20:15:00,25.61,
2021-09-18 20:30:00,25.6,
2021-09-18 20:45:00,25.63,
2021-09-18 21:00:00,25.6,
2021-09-18 21:15:00,25.7,
2021-09-18 21:30:00,25.72,
2021-09-18 21:45:00,25.58,
2021-09-18 22:00:00,25.57,
2021-09-18 22:15:00,25.65,
2021-09-18 22:30:00,25.66,
2021-09-18 22:45:00,25.64,
2021-09-18 23:00:00,25.63,
2021-09-18 23:15:00,25.6,
2021-09-18 23:30:00,25.65,
2021-09-18 23:45:00,25.62,
2021-09-19 00:00:00,25.59,
2021-09-19 00:15:00,25.57,
2021-09-19 00:30:00,25.6,
2021-09-19 00:45:00,25.6,
2021-09-19 01:00:00,25.56,
2021-09-19 01:15:00,25.55,
2021-09-19 01:30:00,25.65,
2021-09-19 01:45:00,25.66,
2021-09-19 02:00:00,25.69,
2021-09-19 02:15:00,25.71,
2021-09-19 02:30:00,25.72,
2021-09-19 02:45:00,25.8,
2021-09-19 03:00:00,25.83,
2021-09-19 03:15:00,25.81,
2021-09-19 03:30:00,25.82,
2021-09-19 03:45:00,25.88,
2021-09-19 04:00:00,25.88,
2021-09-19 04:15:00,25.86,
2021-09-19 04:30:00,25.86,
2021-09-19 04:45:00,25.82,
2021-09-19 05:00:00,25.88,
2021-09-19 05:15:00,25.9,
2021-09-19 05:30:00,25.94,
2021-09-19 05:45:00,25.94,
2021-09-19 06:00:00,25.94,
2021-09-19 06:15:00,25.92,
2021-09-19 06:30:00,25.9,
2021-09-19 06:45:00,26.02,
2021-09-19 07:00:00,26.01,
2021-09-19 07:15:00,25.99,
2021-09-19 07:30:00,26.01,
2021-09-19 07:45:00,26.05,
2021-09-19 08:00:00,25.99,
2021-09-19 08:15:00,25.97,
2021-09-19 08:30:00,25.99,
2021-09-19 08:45:00,25.98,
2021-09-19 09:00:00,25.98,
2021-09-19 09:15:00,26.07,
2021-09-19 09:30:00,26.0,
2021-09-19 09:45:00,25.99,
2021-09-19 10:00:00,26.02,
2021-09-19 10:15:00,26.04,
2021-09-19 10:30:00,26.07,
2021-09-19 10:45:00,26.03,
2021-09-19 11:00:00,26.07,
2021-09-19 11:15:00,25.98,
2021-09-19 11:30:00,25.93,
2021-09-19 11:45:00,25.83,
2021-09-19 12:00:00,25.89,
2021-09-19 12:15:00,25.89,
2021-09-19 12:30:00,25.91,
2021-09-19 12:45:00,25.83,
2021-09-19 13:00:00,25.91,
2021-09-19 13:15:00,25.83,
2021-09-19 13:30:00,25.8,
2021-09-19 13:45:00,25.79,
2021-09-19 14:00:00,25.81,
2021-09-19 14:15:00,25.73,
2021-09-19 14:30:00,25.8,
2021-09-19 14:45:00,25.83,
2021-09-19 15:00:00,25.85,
2021-09-19 15:15:00,25.83,
2021-09-19 15:30:00,25.87,
2021-09-19 15:45:00,25.87,
2021-09-19 16:00:00,25.9,
2021-09-19 16:15:00,25.94,
2021-09-19 16:30:00,25.96,
2021-09-19 16:45:00,25.98,
2021-09-19 17:00:00,26.06,
2021-09-19 17:15:00,26.07,
2021-09-19 17:30:00,26.1,
2021-09-19 17:45:00,26.11,
2021-09-19 18:00:00,26.13,
2021-09-19 18:15:00,26.24,
2021-09-19 18:30:00,26.3,
2021-09-19 18:45:00,26.34,
2021-09-19 19:00:00,26.36,
2021-09-19 19:15:00,26.37,
2021-09-19 19:30:00,26.42,
2021-09-19 19:45:00,26.35,
2021-09-19 20:00:00,26.37,
2021-09-19 20:15:00,26.41,
2021-09-19 20:30:00,26.46,
2021-09-19 20:45:00,26.45,
2021-09-19 21:00:00,26.44,
2021-09-19 21:15:00,26.44,
2021-09-19 21:30:00,26.37,
2021-09-19 21:45:00,26.34,
2021-09-19 22:00:00,26.28,
2021-09-19 22:15:00,26.3,
2021-09-19 22:30:00,26.25,
2021-09-19 22:45:00,26.15,
2021-09-19 23:00:00,26.08,
2021-09-19 23:15:00,26.01,
2021-09-19 23:30:00,25.97,
2021-09-19 23:45:00,25.9,
2021-09-20 00:00:00,25.91,
2021-09-20 00:15:00,25.92,
2021-09-20 00:30:00,25.9,
2021-09-20 00:45:00,25.9,
2021-09-20 01:00:00,25.84,
2021-09-20 01:15:00,25.8,
2021-09-20 01:30:00,25.83,
2021-09-20 01:45:00,25.8,
2021-09-20 02:00:00,25.8,
2021-09-20 02:15:00,25.84,
2021-09-20 02:30:00,25.79,
2021-09-20 02:45:00,25.83,
2021-09-20 03:00:00,25.76,
2021-09-20 03:15:00,25.77,
2021-09-20 03:30:00,25.72,
2021-09-20 03:45:00,25.71,
2021-09-20 04:00:00,25.82,
2021-09-20 04:15:00,25.88,
2021-09-20 04:30:00,25.92,
2021-09-20 04:45:00,25.91,
2021-09-20 05:00:00,25.95,
2021-09-20 05:15:00,25.98,
2021-09-20 05:30:00,25.92,
2021-09-20 05:45:00,25.89,
2021-09-20 06:00:00,25.91,
2021-09-20 06:15:00,25.89,
2021-09-20 06:30:00,25.87,
2021-09-20 06:45:00,25.87,
2021-09-20 07:00:00,25.98,
2021-09-20 07:15:00,26.08,
2021-09-20 07:30:00,26.18,
2021-09-20 07:45:00,26.03,
2021-09-20 08:00:00,25.95,
2021-09-20 08:15:00,25.98,
2021-09-20 08:30:00,25.94,
2021-09-20 08:45:00,25.96,
2021-09-20 09:00:00,26.0,
2021-09-20 09:15:00,26.06,
2021-09-20 09:30:00,26.01,
2021-09-20 09:45:00,26.01,
2021-09-20 10:00:00,26.06,
2021-09-20 10:15:00,26.11,
2021-09-20 10:30:00,26.12,
2021-09-20 10:45:00,26.12,
2021-09-20 11:00:00,26.11,
2021-09-20 11:15:00,26.11,
2021-09-20 11:30:00,26.14,
2021-09-20 11:45:00,26.1,
2021-09-20 12:00:00,26.07,
2021-09-20 12:15:00,26.07,
2021-09-20 12:30:00,26.05,
2021-09-20 12:45:00,26.07,
2021-09-20 13:00:00,26.11,
2021-09-20 13:15:00,26.09,
2021-09-20 13:30:00,26.1,
2021-09-20 13:45:00,26.09,
2021-09-20 14:00:00,26.06,
2021-09-20 14:15:00,26.02,
2021-09-20 14:30:00,26.02,
2021-09-20 14:45:00,26.02,
2021-09-20 15:00:00,26.05,
2021-09-20 15:15:00,26.01,
2021-09-20 15:30:00,25.93,
2021-09-20 15:45:00,25.94,
2021-09-20 16:00:00,25.93,
2021-09-20 16:15:00,25.89,
2021-09-20 16:30:00,25.91,
2021-09-20 16:45:00,25.82,
2021-09-20 17:00:00,25.83,
2021-09-20 17:15:00,25.8,
2021-09-20 17:30:00,25.79,
2021-09-20 17:45:00,25.76,
2021-09-20 18:00:00,25.71,
2021-09-20 18:15:00,25.73,
2021-09-20 18:30:00,25.72,
2021-09-20 18:45:00,25.75,
2021-09-20 19:00:00,25.72,
2021-09-20 19:15:00,25.67,
2021-09-20 19:30:00,25.38,
2021-09-20 19:45:00,25.45,
2021-09-20 20:00:00,25.4,
2021-09-20 20:15:00,25.6,
2021-09-20 20:30:00,25.56,
2021-09-20 20:45:00,25.61,
2021-09-20 21:00:00,25.68,
2021-09-20 21:15:00,25.66,
2021-09-20 21:30:00,25.69,
2021-09-20 21:45:00,25.7,
2021-09-20 22:00:00,25.69,
2021-09-20 22:15:00,25.6,
2021-09-20 22:30:00,25.64,
2021-09-20 22:45:00,25.64,
2021-09-20 23:00:00,25.64,
2021-09-20 23:15:00,25.66,
2021-09-20 23:30:00,25.67,
2021-09-20 23:45:00,25.67,
2021-09-21 00:00:00,25.56,
2021-09-21 00:15:00,25.58,
2021-09-21 00:30:00,25.67,
2021-09-21 00:45:00,25.64,
2021-09-21 01:00:00,25.66,
2021-09-21 01:15:00,25.66,
2021-09-21 01:30:00,25.67,
2021-09-21 01:45:00,25.66,
2021-09-21 02:00:00,25.72,
2021-09-21 02:15:00,25.73,
2021-09-21 02:30:00,25.75,
2021-09-21 02:45:00,25.74,
2021-09-21 03:00:00,25.7,
2021-09-21 03:15:00,25.73,
2021-09-21 03:30:00,25.75,
2021-09-21 03:45:00,25.73,
2021-09-21 04:00:00,25.71,
2021-09-21 04:15:00,25.75,
2021-09-21 04:30:00,25.73,
2021-09-21 04:45:00,25.75,
2021-09-21 05:00:00,25.78,
2021-09-21 05:15:00,25.79,
2021-09-21 05:30:00,25.79,
2021-09-21 05:45:00,25.8,
2021-09-21 06:00:00,25.74,
2021-09-21 06:15:00,25.83,
2021-09-21 06:30:00,25.8,
2021-09-21 06:45:00,25.83,
2021-09-21 07:00:00,25.81,
2021-09-21 07:15:00,25.73,
2021-09-21 07:30:00,25.8,
2021-09-21 07:45:00,25.82,
2021-09-21 08:00:00,25.85,
2021-09-21 08:15:00,25.89,
2021-09-21 08:30:00,25.93,
2021-09-21 08:45:00,25.99,
2021-09-21 09:00:00,26.03,
2021-09-21 09:15:00,26.01,
2021-09-21 09:30:00,26.05,
2021-09-21 09:45:00,26.05,
2021-09-21 10:00:00,26.12,
2021-09-21 10:15:00,26.12,
2021-09-21 10:30:00,26.12,
2021-09-21 10:45:00,26.13,
2021-09-21 11:00:00,26.16,
2021-09-21 11:15:00,26.18,
2021-09-21 11:30:00,26.16,
2021-09-21 11:45:00,26.17,
2021-09-21 12:00:00,26.12,
2021-09-21 12:15:00,26.09,
2021-09-21 12:30:00,26.12,
2021-09-21 12:45:00,26.09,
2021-09-21 13:00:00,26.13,
2021-09-21 13:15:00,26.15,
2021-09-21 13:30:00,26.09,
2021-09-21 13:45:00,26.05,
2021-09-21 14:00:00,26.08,
2021-09-21 14:15:00,26.03,
2021-09-21 14:30:00,26.03,
2021-09-21 14:45:00,26.01,
2021-09-21 15:00:00,26.01,
2021-09-21 15:15:00,26.01,
2021-09-21 15:30:00,25.95,
2021-09-21 15:45:00,25.97,
2021-09-21 16:00:00,25.95,
2021-09-21 16:15:00,25.92,
2021-09-21 16:30:00,25.91,
2021-09-21 16:45:00,25.9,
2021-09-21 17:00:00,25.85,
2021-09-21 17:15:00,25.81,
2021-09-21 17:30:00,25.78,
2021-09-21 17:45:00,25.77,
2021-09-21 18:00:00,25.75,
2021-09-21 18:15:00,25.66,
2021-09-21 18:30:00,25.74,
2021-09-21 18:45:00,25.74,
2021-09-21 19:00:00,25.7,
2021-09-21 19:15:00,25.71,
2021-09-21 19:30:00,25.69,
2021-09-21 19:45:00,25.67,
2021-09-21 20:00:00,25.69,
2021-09-21 20:15:00,25.7,
2021-09-21 20:30:00,25.68,
2021-09-21 20:45:00,25.63,
2021-09-21 21:00:00,25.63,
2021-09-21 21:15:00,25.71,
2021-09-21 21:30:00,25.69,
2021-09-21 21:45:00,25.64,
2021-09-21 22:00:00,25.64,
2021-09-21 22:15:00,25.65,
2021-09-21 22:30:00,25.66,
2021-09-21 22:45:00,25.67,
2021-09-21 23:00:00,25.66,
2021-09-21 23:15:00,25.65,
2021-09-21 23:30:00,25.66,
2021-09-21 23:45:00,25.63,
2021-09-22 00:00:00,25.62,
2021-09-22 00:15:00,25.65,
2021-09-22 00:30:00,25.72,
2021-09-22 00:45:00,25.61,
2021-09-22 01:00:00,25.61,
2021-09-22 01:15:00,25.58,
2021-09-22 01:30:00,25.59,
2021-09-22 01:45:00,25.58,
2021-09-22 02:00:00,25.62,
2021-09-22 02:15:00,25.65,
2021-09-22 02:30:00,25.6,
2021-09-22 02:45:00,25.73,
2021-09-22 03:00:00,25.78,
2021-09-22 03:15:00,25.79,
2021-09-22 03:30:00,25.75,
2021-09-22 03:45:00,25.78,
2021-09-22 04:00:00,25.88,
2021-09-22 04:15:00,25.85,
2021-09-22 04:30:00,25.88,
2021-09-22 04:45:00,25.85,
2021-09-22 05:00:00,25.82,
2021-09-22 05:15:00,25.76,
2021-09-22 05:30:00,25.81,
2021-09-22 05:45:00,25.76,
2021-09-22 06:00:00,25.71,
2021-09-22 06:15:00,25.74,
2021-09-22 06:30:00,25.8,
2021-09-22 06:45:00,25.79,
2021-09-22 07:00:00,25.84,
2021-09-22 07:15:00,25.84,
2021-09-22 07:30:00,25.82,
2021-09-22 07:45:00,25.82,
2021-09-22 08:00:00,25.84,
2021-09-22 08:15:00,25.89,
2021-09-22 08:30:00,25.92,
2021-09-22 08:45:00,25.94,
2021-09-22 09:00:00,25.93,
2021-09-22 09:15:00,26.0,
2021-09-22 09:30:00,26.0,
2021-09-22 09:45:00,26.02,
2021-09-22 10:00:00,26.04,
2021-09-22 10:15:00,26.07,
2021-09-22 10:30:00,26.06,
2021-09-22 10:45:00,26.19,
2021-09-22 11:00:00,26.17,
2021-09-22 11:15:00,26.17,
2021-09-22 11:30:00,26.15,
2021-09-22 11:45:00,26.12,
2021-09-22 12:00:00,26.16,
2021-09-22 12:15:00,26.19,
2021-09-22 12:30:00,26.18,
2021-09-22 12:45:00,26.08,
2021-09-22 13:00:00,26.1,
2021-09-22 13:15:00,26.07,
2021-09-22 13:30:00,26.11,
2021-09-22 13:45:00,26.08,
2021-09-22 14:00:00,26.07,
2021-09-22 14:15:00,24.99,
2021-09-22 14:30:00,20.6,
2021-09-22 14:45:00,20.4,
2021-09-22 15:00:00,20.36,
2021-09-22 15:15:00,20.34,
2021-09-22 15:30:00,20.37,
2021-09-22 15:45:00,20.32,
2021-09-22 16:00:00,20.32,
2021-09-22 16:15:00,20.29,
2021-09-22 16:30:00,20.29,
2021-09-22 16:45:00,20.21,
2021-09-22 17:00:00,20.22,
2021-09-22 17:15:00,20.19,
2021-09-22 17:30:00,20.17,
2021-09-22 17:45:00,20.14,
2021-09-22 18:00:00,20.12,
2021-09-22 18:15:00,20.05,
2021-09-22 18:30:00,20.09,
2021-09-22 18:45:00,20.06,
2021-09-22 19:00:00,19.99,
2021-09-22 19:15:00,20.01,
2021-09-22 19:30:00,20.0,
2021-09-22 19:45:00,19.97,
2021-09-22 20:00:00,19.94,
2021-09-22 20:15:00,19.94,
2021-09-22 20:30:00,19.99,
2021-09-22 20:45:00,19.97,
2021-09-22 21:00:00,19.97,
2021-09-22 21:15:00,19.92,
2021-09-22 21:30:00,20.02,
2021-09-22 21:45:00,19.92,
2021-09-22 22:00:00,19.99,
2021-09-22 22:15:00,20.05,
2021-09-22 22:30:00,19.95,
2021-09-22 22:45:00,19.91,
2021-09-22 23:00:00,19.88,
2021-09-22 23:15:00,19.98,
2021-09-22 23:30:00,20.01,
2021-09-22 23:45:00,20.01,
2021-09-23 00:00:00,20.01,
2021-09-23 00:15:00,19.98,
2021-09-23 00:30:00,20.0,
2021-09-23 00:45:00,20.0,
2021-09-23 01:00:00,20.14,
2021-09-23 01:15:00,20.08,
2021-09-23 01:30:00,20.11,
2021-09-23 01:45:00,20.0,
2021-09-23 02:00:00,20.06,
2021-09-23 02:15:00,19.99,
2021-09-23 02:30:00,20.03,
2021-09-23 02:45:00,20.07,
2021-09-23 03:00:00,20.03,
2021-09-23 03:15:00,20.06,
2021-09-23 03:30:00,20.09,
2021-09-23 03:45:00,20.06,
2021-09-23 04:00:00,20.11,
2021-09-23 04:15:00,20.04,
2021-09-23 04:30:00,20.03,
2021-09-23 04:45:00,20.01,
2021-09-23 05:00:00,20.03,
2021-09-23 05:15:00,19.98,
2021-09-23 05:30:00,20.01,
2021-09-23 05:45:00,20.01,
2021-09-23 06:00:00,20.12,
2021-09-23 06:15:00,20.17,
2021-09-23 06:30:00,20.24,
2021-09-23 06:45:00,20.11,
2021-09-23 07:00:00,20.1,
2021-09-23 07:15:00,20.14,
2021-09-23 07:30:00,20.16,
2021-09-23 07:45:00,20.14,
2021-09-23 08:00:00,20.18,
2021-09-23 08:15:00,20.26,
2021-09-23 08:30:00,20.25,
2021-09-23 08:45:00,20.28,
2021-09-23 09:00:00,20.26,
2021-09-23 09:15:00,20.29,
2021-09-23 09:30:00,20.3,
2021-09-23 09:45:00,20.28,
2021-09-23 10:00:00,20.31,
2021-09-23 10:15:00,20.29,
2021-09-23 10:30:00,20.32,
2021-09-23 10:45:00,20.36,
2021-09-23 11:00:00,20.41,
2021-09-23 11:15:00,20.48,
2021-09-23 11:30:00,20.48,
2021-09-23 11:45:00,20.42,
2021-09-23 12:00:00,20.42,
2021-09-23 12:15:00,20.46,
2021-09-23 12:30:00,20.46,
2021-09-23 12:45:00,20.44,
2021-09-23 13:00:00,20.49,
2021-09-23 13:15:00,20.51,
2021-09-23 13:30:00,20.44,
2021-09-23 13:45:00,20.42,
2021-09-23 14:00:00,20.39,
2021-09-23 14:15:00,20.31,
2021-09-23 14:30:00,20.38,
2021-09-23 14:45:00,20.37,
2021-09-23 15:00:00,20.3,
2021-09-23 15:15:00,20.3,
2021-09-23 15:30:00,20.22,
2021-09-23 15:45:00,20.27,
2021-09-23 16:00:00,20.19,
2021-09-23 16:15:00,20.17,
2021-09-23 16:30:00,20.14,
2021-09-23 16:45:00,20.11,
2021-09-23 17:00:00,20.09,
2021-09-23 17:15:00,20.06,
2021-09-23 17:30:00,20.04,
2021-09-23 17:45:00,20.04,
2021-09-23 18:00:00,20.0,
2021-09-23 18:15:00,19.97,
2021-09-23 18:30:00,19.96,
2021-09-23 18:45:00,19.95,
2021-09-23 19:00:00,19.99,
2021-09-23 19:15:00,19.94,
2021-09-23 19:30:00,19.9,
2021-09-23 19:45:00,19.91,
2021-09-23 20:00:00,19.91,
2021-09-23 20:15:00,19.91,
2021-09-23 20:30:00,19.9,
2021-09-23 20:45:00,19.94,
2021-09-23 21:00:00,19.97,
2021-09-23 21:15:00,19.9,
2021-09-23 21:30:00,19.89,
2021-09-23 21:45:00,19.97,
2021-09-23 22:00:00,19.99,
2021-09-23 22:15:00,19.91,
2021-09-23 22:30:00,19.95,
2021-09-23 22:45:00,19.85,
2021-09-23 23:00:00,19.85,
2021-09-23 23:15:00,19.92,
2021-09-23 23:30:00,19.91,
2021-09-23 23:45:00,19.95,
2021-09-24 00:00:00,19.89,
2021-09-24 00:15:00,19.94,
2021-09-24 00:30:00,19.87,
2021-09-24 00:45:00,19.84,
2021-09-24 01:00:00,20.04,
2021-09-24 01:15:00,20.04,
2021-09-24 01:30:00,20.07,
2021-09-24 01:45:00,20.03,
2021-09-24 02:00:00,20.12,
2021-09-24 02:15:00,20.07,
2021-09-24 02:30:00,20.0,
2021-09-24 02:45:00,20.01,
2021-09-24 03:00:00,20.01,
2021-09-24 03:15:00,19.98,
2021-09-24 03:30:00,19.98,
2021-09-24 03:45:00,19.99,
2021-09-24 04:00:00,19.9,
2021-09-24 04:15:00,19.94,
2021-09-24 04:30:00,19.98,
2021-09-24 04:45:00,19.95,
2021-09-24 05:00:00,20.02,
2021-09-24 05:15:00,20.01,
2021-09-24 05:30:00,19.98,
2021-09-24 05:45:00,20.01,
2021-09-24 06:00:00,19.98,
2021-09-24 06:15:00,20.08,
2021-09-24 06:30:00,20.06,
2021-09-24 06:45:00,20.05,
2021-09-24 07:00:00,20.05,
2021-09-24 07:15:00,20.09,
2021-09-24 07:30:00,20.04,
2021-09-24 07:45:00,20.09,
2021-09-24 08:00:00,20.09,
2021-09-24 08:15:00,20.48,
2021-09-24 08:30:00,20.19,
2021-09-24 08:45:00,20.16,
2021-09-24 09:00:00,20.16,
2021-09-24 09:15:00,20.18,
2021-09-24 09:30:00,20.18,
2021-09-24 09:45:00,20.21,
2021-09-24 10:00:00,20.21,
2021-09-24 10:15:00,20.24,
2021-09-24 10:30:00,20.27,
2021-09-24 10:45:00,20.33,
2021-09-24 11:00:00,20.27,
2021-09-24 11:15:00,20.3,
2021-09-24 11:30:00,20.35,
2021-09-24 11:45:00,20.37,
2021-09-24 12:00:00,20.36,
2021-09-24 12:15:00,20.35,
2021-09-24 12:30:00,20.33,
2021-09-24 12:45:00,20.39,
2021-09-24 13:00:00,20.33,
2021-09-24 13:15:00,20.34,
2021-09-24 13:30:00,20.36,
2021-09-24 13:45:00,20.31,
2021-09-24 14:00:00,20.31,
2021-09-24 14:15:00,20.28,
2021-09-24 14:30:00,20.24,
2021-09-24 14:45:00,20.24,
2021-09-24 15:00:00,20.2,
2021-09-24 15:15:00,20.15,
2021-09-24 15:30:00,20.12,
2021-09-24 15:45:00,20.09,
2021-09-24 16:00:00,20.13,
2021-09-24 16:15:00,20.06,
2021-09-24 16:30:00,20.03,
2021-09-24 16:45:00,20.07,
2021-09-24 17:00:00,19.97,
2021-09-24 17:15:00,19.96,
2021-09-24 17:30:00,19.99,
2021-09-24 17:45:00,19.87,
2021-09-24 18:00:00,19.78,
2021-09-24 18:15:00,19.87,
2021-09-24 18:30:00,19.89,
2021-09-24 18:45:00,19.84,
2021-09-24 19:00:00,19.87,
2021-09-24 19:15:00,19.81,
2021-09-24 19:30:00,19.85,
2021-09-24 19:45:00,19.8,
2021-09-24 20:00:00,19.71,
2021-09-24 20:15:00,19.72,
2021-09-24 20:30:00,19.53,
2021-09-24 20:45:00,19.62,
2021-09-24 21:00:00,19.65,
2021-09-24 21:15:00,19.76,
2021-09-24 21:30:00,19.76,
2021-09-24 21:45:00,19.81,
2021-09-24 22:00:00,19.75,
2021-09-24 22:15:00,19.77,
2021-09-24 22:30:00,19.78,
2021-09-24 22:45:00,19.78,
2021-09-24 23:00:00,19.72,
2021-09-24 23:15:00,19.7,
2021-09-24 23:30:00,19.73,
2021-09-24 23:45:00,19.67,
2021-09-25 00:00:00,19.74,
2021-09-25 00:15:00,19.71,
2021-09-25 00:30:00,19.83,
2021-09-25 00:45:00,19.83,
2021-09-25 01:00:00,19.77,
2021-09-25 01:15:00,19.82,
2021-09-25 01:30:00,19.93,
2021-09-25 01:45:00,19.97,
2021-09-25 02:00:00,19.89,
2021-09-25 02:15:00,19.89,
2021-09-25 02:30:00,19.87,
2021-09-25 02:45:00,19.89,
2021-09-25 03:00:00,19.93,
2021-09-25 03:15:00,19.89,
2021-09-25 03:30:00,19.8,
2021-09-25 03:45:00,19.75,
2021-09-25 04:00:00,19.88,
2021-09-25 04:15:00,19.86,
2021-09-25 04:30:00,19.88,
2021-09-25 04:45:00,19.93,
2021-09-25 05:00:00,19.95,
2021-09-25 05:15:00,20.0,
2021-09-25 05:30:00,19.94,
2021-09-25 05:45:00,19.91,
2021-09-25 06:00:00,19.98,
2021-09-25 06:15:00,19.96,
2021-09-25 06:30:00,19.95,
2021-09-25 06:45:00,19.93,
2021-09-25 07:00:00,19.92,
2021-09-25 07:15:00,20.01,
2021-09-25 07:30:00,20.0,
2021-09-25 07:45:00,19.98,
2021-09-25 08:00:00,20.06,
2021-09-25 08:15:00,20.03,
2021-09-25 08:30:00,20.11,
2021-09-25 08:45:00,20.08,
2021-09-25 09:00:00,20.06,
2021-09-25 09:15:00,20.13,
2021-09-25 09:30:00,20.17,
2021-09-25 09:45:00,20.15,
2021-09-25 10:00:00,20.12,
2021-09-25 10:15:00,20.24,
2021-09-25 10:30:00,20.26,
2021-09-25 10:45:00,20.25,
2021-09-25 11:00:00,20.28,
2021-09-25 11:15:00,20.29,
2021-09-25 11:30:00,20.3,
2021-09-25 11:45:00,20.28,
2021-09-25 12:00:00,20.37,
2021-09-25 12:15:00,20.3,
2021-09-25 12:30:00,20.25,
2021-09-25 12:45:00,20.17,
2021-09-25 13:00:00,20.23,
2021-09-25 13:15:00,20.17,
2021-09-25 13:30:00,20.17,
2021-09-25 13:45:00,20.17,
2021-09-25 14:00:00,20.12,
2021-09-25 14:15:00,20.1,
2021-09-25 14:30:00,20.05,
2021-09-25 14:45:00,20.15,
2021-09-25 15:00:00,20.03,
2021-09-25 15:15:00,20.05,
2021-09-25 15:30:00,20.01,
2021-09-25 15:45:00,20.0,
2021-09-25 16:00:00,20.0,
2021-09-25 16:15:00,19.97,
2021-09-25 16:30:00,19.92,
2021-09-25 16:45:00,19.98,
2021-09-25 17:00:00,19.99,
2021-09-25 17:15:00,19.98,
2021-09-25 17:30:00,19.95,
2021-09-25 17:45:00,19.9,
2021-09-25 18:00:00,19.9,
2021-09-25 18:15:00,19.9,
2021-09-25 18:30:00,19.83,
2021-09-25 18:45:00,19.85,
2021-09-25 19:00:00,19.81,
2021-09-25 19:15:00,19.9,
2021-09-25 19:30:00,19.78,
2021-09-25 19:45:00,19.83,
2021-09-25 20:00:00,19.82,
2021-09-25 20:15:00,19.78,
2021-09-25 20:30:00,19.74,
2021-09-25 20:45:00,19.8,
2021-09-25 21:00:00,19.72,
2021-09-25 21:15:00,19.84,
2021-09-25 21:30:00,19.79,
2021-09-25 21:45:00,19.78,
2021-09-25 22:00:00,19.79,
2021-09-25 22:15:00,19.77,
2021-09-25 22:30:00,19.8,
2021-09-25 22:45:00,19.77,
2021-09-25 23:00:00,19.77,
2021-09-25 23:15:00,19.81,
2021-09-25 23:30:00,19.83,
2021-09-25 23:45:00,19.78,
2021-09-26 00:00:00,19.75,
2021-09-26 00:15:00,19.81,
2021-09-26 00:30:00,19.85,
2021-09-26 00:45:00,19.76,
2021-09-26 01:00:00,19.78,
2021-09-26 01:15:00,19.82,
2021-09-26 01:30:00,19.86,
2021-09-26 01:45:00,19.88,
2021-09-26 02:00:00,19.91,
2021-09-26 02:15:00,19.92,
2021-09-26 02:30:00,19.89,
2021-09-26 02:45:00,19.94,
2021-09-26 03:00:00,19.79,
2021-09-26 03:15:00,19.9,
2021-09-26 03:30:00,19.88,
2021-09-26 03:45:00,19.89,
2021-09-26 04:00:00,19.9,
2021-09-26 04:15:00,19.86,
2021-09-26 04:30:00,20.0,
2021-09-26 04:45:00,19.97,
2021-09-26 05:00:00,19.96,
2021-09-26 05:15:00,20.0,
2021-09-26 05:30:00,19.97,
2021-09-26 05:45:00,19.95,
2021-09-26 06:00:00,19.9,
2021-09-26 06:15:00,19.91,
2021-09-26 06:30:00,20.03,
2021-09-26 06:45:00,19.93,
2021-09-26 07:00:00,20.03,
2021-09-26 07:15:00,19.95,
2021-09-26 07:30:00,19.97,
2021-09-26 07:45:00,19.98,
2021-09-26 08:00:00,20.03,
2021-09-26 08:15:00,19.98,
2021-09-26 08:30:00,20.05,
2021-09-26 08:45:00,20.04,
2021-09-26 09:00:00,20.06,
2021-09-26 09:15:00,20.08,
2021-09-26 09:30:00,20.08,
2021-09-26 09:45:00,20.13,
2021-09-26 10:00:00,20.15,
2021-09-26 10:15:00,20.13,
2021-09-26 10:30:00,20.22,
2021-09-26 10:45:00,20.22,
2021-09-26 11:00:00,20.24,
2021-09-26 11:15:00,20.22,
2021-09-26 11:30:00,20.24,
2021-09-26 11:45:00,20.22,
2021-09-26 12:00:00,20.2,
2021-09-26 12:15:00,20.28,
2021-09-26 12:30:00,20.27,
2021-09-26 12:45:00,20.25,
2021-09-26 13:00:00,20.18,
2021-09-26 13:15:00,20.21,
2021-09-26 13:30:00,20.07,
2021-09-26 13:45:00,20.15,
2021-09-26 14:00:00,20.22,
2021-09-26 14:15:00,20.18,
2021-09-26 14:30:00,20.15,
2021-09-26 14:45:00,20.12,
2021-09-26 15:00:00,20.14,
2021-09-26 15:15:00,20.03,
2021-09-26 15:30:00,20.04,
2021-09-26 15:45:00,20.07,
2021-09-26 16:00:00,20.02,
2021-09-26 16:15:00,20.0,
2021-09-26 16:30:00,19.94,
2021-09-26 16:45:00,19.99,
2021-09-26 17:00:00,19.93,
2021-09-26 17:15:00,19.98,
2021-09-26 17:30:00,19.94,
2021-09-26 17:45:00,19.95,
2021-09-26 18:00:00,19.92,
2021-09-26 18:15:00,19.86,
2021-09-26 18:30:00,19.91,
2021-09-26 18:45:00,19.73,
2021-09-26 19:00:00,19.8,
2021-09-26 19:15:00,19.85,
2021-09-26 19:30:00,19.79,
2021-09-26 19:45:00,19.75,
2021-09-26 20:00:00,19.78,
2021-09-26 20:15:00,19.82,
2021-09-26 20:30:00,19.8,
2021-09-26 20:45:00,19.76,
2021-09-26 21:00:00,19.76,
2021-09-26 21:15:00,19.79,
2021-09-26 21:30:00,19.78,
2021-09-26 21:45:00,19.75,
2021-09-26 22:00:00,19.81,
2021-09-26 22:15:00,19.76,
2021-09-26 22:30:00,19.73,
2021-09-26 22:45:00,19.7,
2021-09-26 23:00:00,19.72,
2021-09-26 23:15:00,19.58,
2021-09-26 23:30:00,19.65,
2021-09-26 23:45:00,19.64,
2021-09-27 00:00:00,19.65,
2021-09-27 00:15:00,19.74,
2021-09-27 00:30:00,19.76,
2021-09-27 00:45:00,19.69,
2021-09-27 01:00:00,19.77,
2021-09-27 01:15:00,19.81,
2021-09-27 01:30:00,19.82,
2021-09-27 01:45:00,19.77,
2021-09-27 02:00:00,19.79,
2021-09-27 02:15:00,19.82,
2021-09-27 02:30:00,19.76,
2021-09-27 02:45:00,19.78,
2021-09-27 03:00:00,19.86,
2021-09-27 03:15:00,19.82,
2021-09-27 03:30:00,19.82,
2021-09-27 03:45:00,19.83,
2021-09-27 04:00:00,19.92,
2021-09-27 04:15:00,19.85,
2021-09-27 04:30:00,19.86,
2021-09-27 04:45:00,19.9,
2021-09-27 05:00:00,19.85,
2021-09-27 05:15:00,19.93,
2021-09-27 05:30:00,19.8,
2021-09-27 05:45:00,19.86,
2021-09-27 06:00:00,19.97,
2021-09-27 06:15:00,19.96,
2021-09-27 06:30:00,19.92,
2021-09-27 06:45:00,19.95,
2021-09-27 07:00:00,19.88,
2021-09-27 07:15:00,19.93,
2021-09-27 07:30:00,19.9,
2021-09-27 07:45:00,19.93,
2021-09-27 08:00:00,19.98,
2021-09-27 08:15:00,20.01,
2021-09-27 08:30:00,20.0,
2021-09-27 08:45:00,20.03,
2021-09-27 09:00:00,20.02,
2021-09-27 09:15:00,20.04,
2021-09-27 09:30:00,20.06,
2021-09-27 09:45:00,20.14,
2021-09-27 10:00:00,20.12,
2021-09-27 10:15:00,20.15,
2021-09-27 10:30:00,20.21,
2021-09-27 10:45:00,20.29,
2021-09-27 11:00:00,20.29,
2021-09-27 11:15:00,20.3,
2021-09-27 11:30:00,20.33,
2021-09-27 11:45:00,20.28,
2021-09-27 12:00:00,20.33,
2021-09-27 12:15:00,20.31,
2021-09-27 12:30:00,20.3,
2021-09-27 12:45:00,20.2,
2021-09-27 13:00:00,20.18,
2021-09-27 13:15:00,20.22,
2021-09-27 13:30:00,20.21,
2021-09-27 13:45:00,20.33,
2021-09-27 14:00:00,20.22,
2021-09-27 14:15:00,20.15,
2021-09-27 14:30:00,20.14,
2021-09-27 14:45:00,20.11,
2021-09-27 15:00:00,20.12,
2021-09-27 15:15:00,20.08,
2021-09-27 15:30:00,20.07,
2021-09-27 15:45:00,20.11,
2021-09-27 16:00:00,20.08,
2021-09-27 16:15:00,20.07,
2021-09-27 16:30:00,19.95,
2021-09-27 16:45:00,19.93,
2021-09-27 17:00:00,19.93,
2021-09-27 17:15:00,19.89,
2021-09-27 17:30:00,19.88,
2021-09-27 17:45:00,19.82,
2021-09-27 18:00:00,19.82,
2021-09-27 18:15:00,19.82,
2021-09-27 18:30:00,19.79,
2021-09-27 18:45:00,19.75,
2021-09-27 19:00:00,19.8,
2021-09-27 19:15:00,19.75,
2021-09-27 19:30:00,19.74,
2021-09-27 19:45:00,19.79,
2021-09-27 20:00:00,19.72,
2021-09-27 20:15:00,19.79,
2021-09-27 20:30:00,19.77,
2021-09-27 20:45:00,19.8,
2021-09-27 21:00:00,19.79,
2021-09-27 21:15:00,19.76,
2021-09-27 21:30:00,19.82,
2021-09-27 21:45:00,19.75,
2021-09-27 22:00:00,19.71,
2021-09-27 22:15:00,19.71,
2021-09-27 22:30:00,19.72,
2021-09-27 22:45:00,19.77,
2021-09-27 23:00:00,19.72,
2021-09-27 23:15:00,19.78,
2021-09-27 23:30:00,19.75,
2021-09-27 23:45:00,19.81,
2021-09-28 00:00:00,19.8,
2021-09-28 00:15:00,19.78,
2021-09-28 00:30:00,19.78,
2021-09-28 00:45:00,19.77,
2021-09-28 01:00:00,19.72,
2021-09-28 01:15:00,19.68,
2021-09-28 01:30:00,19.79,
2021-09-28 01:45:00,19.83,
2021-09-28 02:00:00,19.8,
2021-09-28 02:15:00,19.78,
2021-09-28 02:30:00,19.84,
2021-09-28 02:45:00,19.83,
2021-09-28 03:00:00,19.84,
2021-09-28 03:15:00,19.81,
2021-09-28 03:30:00,19.89,
2021-09-28 03:45:00,19.86,
2021-09-28 04:00:00,19.84,
2021-09-28 04:15:00,19.83,
2021-09-28 04:30:00,19.73,
2021-09-28 04:45:00,19.78,
2021-09-28 05:00:00,19.9,
2021-09-28 05:15:00,19.92,
2021-09-28 05:30:00,19.9,
2021-09-28 05:45:00,19.97,
2021-09-28 06:00:00,19.91,
2021-09-28 06:15:00,19.85,
2021-09-28 06:30:00,19.82,
2021-09-28 06:45:00,19.81,
2021-09-28 07:00:00,19.83,
2021-09-28 07:15:00,19.94,
2021-09-28 07:30:00,20.07,
2021-09-28 07:45:00,20.02,
2021-09-28 08:00:00,19.97,
2021-09-28 08:15:00,20.03,
2021-09-28 08:30:00,20.02,
2021-09-28 08:45:00,19.98,
2021-09-28 09:00:00,20.03,
2021-09-28 09:15:00,20.08,
2021-09-28 09:30:00,20.11,
2021-09-28 09:45:00,20.11,
2021-09-28 10:00:00,20.21,
2021-09-28 10:15:00,20.21,
2021-09-28 10:30:00,20.17,
2021-09-28 10:45:00,20.06,
2021-09-28 11:00:00,20.11,
2021-09-28 11:15:00,20.06,
2021-09-28 11:30:00,20.12,
2021-09-28 11:45:00,20.1,
2021-09-28 12:00:00,20.1,
2021-09-28 12:15:00,20.11,
2021-09-28 12:30:00,20.1,
2021-09-28 12:45:00,20.08,
2021-09-28 13:00:00,20.07,
2021-09-28 13:15:00,20.04,
2021-09-28 13:30:00,20.06,
2021-09-28 13:45:00,19.99,
2021-09-28 14:00:00,20.0,
2021-09-28 14:15:00,19.91,
2021-09-28 14:30:00,19.98,
2021-09-28 14:45:00,19.98,
2021-09-28 15:00:00,19.9,
2021-09-28 15:15:00,19.91,
2021-09-28 15:30:00,19.96,
2021-09-28 15:45:00,19.94,
2021-09-28 16:00:00,19.96,
2021-09-28 16:15:00,19.97,
2021-09-28 16:30:00,19.97,
2021-09-28 16:45:00,19.88,
2021-09-28 17:00:00,19.95,
2021-09-28 17:15:00,19.92,
2021-09-28 17:30:00,19.86,
2021-09-28 17:45:00,19.88,
2021-09-28 18:00:00,19.85,
2021-09-28 18:15:00,19.87,
2021-09-28 18:30:00,19.86,
2021-09-28 18:45:00,19.81,
2021-09-28 19:00:00,19.78,
2021-09-28 19:15:00,19.82,
2021-09-28 19:30:00,19.76,
2021-09-28 19:45:00,19.66,
2021-09-28 20:00:00,19.69,
2021-09-28 20:15:00,19.75,
2021-09-28 20:30:00,19.73,
2021-09-28 20:45:00,19.7,
2021-09-28 21:00:00,19.73,
2021-09-28 21:15:00,19.82,
2021-09-28 21:30:00,19.74,
2021-09-28 21:45:00,19.79,
2021-09-28 22:00:00,19.76,
2021-09-28 22:15:00,19.79,
2021-09-28 22:30:00,19.76,
2021-09-28 22:45:00,19.81,
2021-09-28 23:00:00,19.77,
2021-09-28 23:15:00,19.73,
2021-09-28 23:30:00,19.74,
2021-09-28 23:45:00,19.72,
2021-09-29 00:00:00,19.76,
2021-09-29 00:15:00,19.7,
2021-09-29 00:30:00,19.76,
2021-09-29 00:45:00,19.79,
2021-09-29 01:00:00,19.75,
2021-09-29 01:15:00,19.68,
2021-09-29 01:30:00,19.74,
2021-09-29 01:45:00,19.7,
2021-09-29 02:00:00,19.75,
2021-09-29 02:15:00,19.76,
2021-09-29 02:30:00,19.8,
2021-09-29 02:45:00,19.81,
2021-09-29 03:00:00,19.83,
2021-09-29 03:15:00,19.8,
2021-09-29 03:30:00,19.82,
2021-09-29 03:45:00,19.79,
2021-09-29 04:00:00,19.8,
2021-09-29 04:15:00,19.89,
2021-09-29 04:30:00,19.88,
2021-09-29 04:45:00,19.91,
2021-09-29 05:00:00,19.89,
2021-09-29 05:15:00,19.86,
2021-09-29 05:30:00,19.88,
2021-09-29 05:45:00,19.87,
2021-09-29 06:00:00,19.78,
2021-09-29 06:15:00,19.82,
2021-09-29 06:30:00,19.86,
2021-09-29 06:45:00,19.9,
2021-09-29 07:00:00,19.84,
2021-09-29 07:15:00,19.86,
2021-09-29 07:30:00,19.91,
2021-09-29 07:45:00,19.89,
2021-09-29 08:00:00,19.89,
2021-09-29 08:15:00,19.89,
2021-09-29 08:30:00,19.91,
2021-09-29 08:45:00,19.89,
2021-09-29 09:00:00,19.91,
2021-09-29 09:15:00,20.01,
2021-09-29 09:30:00,20.01,
2021-09-29 09:45:00,20.01,
2021-09-29 10:00:00,20.05,
2021-09-29 10:15:00,20.06,
2021-09-29 10:30:00,20.08,
2021-09-29 10:45:00,20.11,
2021-09-29 11:00:00,20.07,
2021-09-29 11:15:00,20.12,
2021-09-29 11:30:00,20.12,
2021-09-29 11:45:00,20.13,
2021-09-29 12:00:00,20.13,
2021-09-29 12:15:00,20.12,
2021-09-29 12:30:00,20.21,
2021-09-29 12:45:00,20.14,
2021-09-29 13:00:00,20.21,
2021-09-29 13:15:00,20.26,
2021-09-29 13:30:00,20.25,
2021-09-29 13:45:00,20.19,
2021-09-29 14:00:00,20.23,
2021-09-29 14:15:00,20.23,
2021-09-29 14:30:00,20.23,
2021-09-29 14:45:00,20.1,
2021-09-29 15:00:00,20.19,
2021-09-29 15:15:00,20.14,
2021-09-29 15:30:00,20.09,
2021-09-29 15:45:00,20.11,
2021-09-29 16:00:00,20.09,
2021-09-29 16:15:00,20.08,
2021-09-29 16:30:00,20.08,
2021-09-29 16:45:00,20.07,
2021-09-29 17:00:00,20.03,
2021-09-29 17:15:00,20.03,
2021-09-29 17:30:00,19.95,
2021-09-29 17:45:00,19.99,
2021-09-29 18:00:00,20.0,
2021-09-29 18:15:00,19.98,
2021-09-29 18:30:00,19.94,
2021-09-29 18:45:00,19.97,
2021-09-29 19:00:00,19.96,
2021-09-29 19:15:00,20.0,
2021-09-29 19:30:00,19.94,
2021-09-29 19:45:00,19.94,
2021-09-29 20:00:00,19.86,
2021-09-29 20:15:00,19.91,
2021-09-29 20:30:00,19.85,
2021-09-29 20:45:00,19.92,
2021-09-29 21:00:00,19.87,
2021-09-29 21:15:00,19.84,
2021-09-29 21:30:00,19.89,
2021-09-29 21:45:00,19.89,
2021-09-29 22:00:00,19.87,
2021-09-29 22:15:00,19.92,
2021-09-29 22:30:00,19.87,
2021-09-29 22:45:00,19.88,
2021-09-29 23:00:00,19.9,
2021-09-29 23:15:00,19.89,
2021-09-29 23:30:00,19.88,
2021-09-29 23:45:00,19.86,
2021-09-30 00:00:00,19.79,
2021-09-30 00:15:00,19.81,
2021-09-30 00:30:00,19.82,
2021-09-30 00:45:00,19.84,
2021-09-30 01:00:00,19.77,
2021-09-30 01:15:00,19.84,
2021-09-30 01:30:00,19.87,
2021-09-30 01:45:00,19.89,
2021-09-30 02:00:00,19.84,
2021-09-30 02:15:00,19.87,
2021-09-30 02:30:00,19.83,
2021-09-30 02:45:00,19.89,
2021-09-30 03:00:00,19.88,
2021-09-30 03:15:00,19.87,
2021-09-30 03:30:00,19.78,
2021-09-30 03:45:00,19.88,
2021-09-30 04:00:00,19.86,
2021-09-30 04:15:00,19.88,
2021-09-30 04:30:00,19.94,
2021-09-30 04:45:00,19.86,
2021-09-30 05:00:00,19.89,
2021-09-30 05:15:00,19.92,
2021-09-30 05:30:00,19.94,
2021-09-30 05:45:00,19.91,
2021-09-30 06:00:00,19.89,
2021-09-30 06:15:00,19.94,
2021-09-30 06:30:00,19.95,
2021-09-30 06:45:00,20.0,
2021-09-30 07:00:00,19.95,
2021-09-30 07:15:00,19.96,
2021-09-30 07:30:00,19.97,
2021-09-30 07:45:00,19.9,
2021-09-30 08:00:00,19.84,
2021-09-30 08:15:00,19.84,
2021-09-30 08:30:00,19.93,
2021-09-30 08:45:00,19.94,
2021-09-30 09:00:00,19.99,
2021-09-30 09:15:00,20.04,
2021-09-30 09:30:00,20.05,
2021-09-30 09:45:00,20.05,
2021-09-30 10:00:00,20.13,
2021-09-30 10:15:00,20.07,
2021-09-30 10:30:00,20.12,
2021-09-30 10:45:00,20.08,
2021-09-30 11:00:00,20.15,
2021-09-30 11:15:00,20.16,
2021-09-30 11:30:00,20.16,
2021-09-30 11:45:00,20.17,
2021-09-30 12:00:00,20.23,
2021-09-30 12:15:00,20.18,
2021-09-30 12:30:00,20.19,
2021-09-30 12:45:00,20.23,
2021-09-30 13:00:00,20.18,
2021-09-30 13:15:00,20.17,
2021-09-30 13:30:00,20.18,
2021-09-30 13:45:00,20.22,
2021-09-30 14:00:00,20.19,
2021-09-30 14:15:00,20.2,
2021-09-30 14:30:00,20.26,
2021-09-30 14:45:00,20.21,
2021-09-30 15:00:00,20.2,
2021-09-30 15:15:00,20.23,
2021-09-30 15:30:00,20.2,
2021-09-30 15:45:00,20.18,
2021-09-30 16:00:00,20.18,
2021-09-30 16:15:00,20.16,
2021-09-30 16:30:00,20.19,
2021-09-30 16:45:00,20.32,
2021-09-30 17:00:00,20.33,
2021-09-30 17:15:00,20.35,
2021-09-30 17:30:00,20.24,
2021-09-30 17:45:00,20.25,
2021-09-30 18:00:00,20.16,
2021-09-30 18:15:00,19.97,
2021-09-30 18:30:00,20.11,
2021-09-30 18:45:00,20.02,
2021-09-30 19:00:00,20.02,
2021-09-30 19:15:00,19.98,
2021-09-30 19:30:00,19.93,
2021-09-30 19:45:00,19.89,
2021-09-30 20:00:00,19.85,
2021-09-30 20:15:00,19.92,
2021-09-30 20:30:00,19.86,
2021-09-30 20:45:00,19.82,
2021-09-30 21:00:00,19.87,
2021-09-30 21:15:00,19.88,
2021-09-30 21:30:00,19.88,
2021-09-30 21:45:00,19.86,
2021-09-30 22:00:00,19.8,
2021-09-30 22:15:00,19.84,
2021-09-30 22:30:00,19.85,
2021-09-30 22:45:00,19.84,
2021-09-30 23:00:00,19.89,
2021-09-30 23:15:00,19.76,
2021-09-30 23:30:00,19.85,
2021-09-30 23:45:00,19.85,
2021-10-01 00:00:00,19.78,
2021-10-01 00:15:00,19.76,
2021-10-01 00:30:00,19.77,
2021-10-01 00:45:00,19.7,
2021-10-01 01:00:00,19.71,
2021-10-01 01:15:00,19.78,
2021-10-01 01:30:00,19.77,
2021-10-01 01:45:00,19.73,
2021-10-01 02:00:00,19.8,
2021-10-01 02:15:00,19.8,
2021-10-01 02:30:00,19.86,
2021-10-01 02:45:00,19.82,
2021-10-01 03:00:00,19.8,
2021-10-01 03:15:00,19.79,
2021-10-01 03:30:00,19.81,
2021-10-01 03:45:00,19.81,
2021-10-01 04:00:00,19.85,
2021-10-01 04:15:00,19.85,
2021-10-01 04:30:00,19.87,
2021-10-01 04:45:00,19.84,
2021-10-01 05:00:00,19.84,
2021-10-01 05:15:00,19.83,
2021-10-01 05:30:00,19.82,
2021-10-01 05:45:00,19.78,
2021-10-01 06:00:00,19.92,
2021-10-01 06:15:00,19.87,
2021-10-01 06:30:00,19.92,
2021-10-01 06:45:00,19.94,
2021-10-01 07:00:00,19.94,
2021-10-01 07:15:00,19.91,
2021-10-01 07:30:00,19.99,
2021-10-01 07:45:00,19.95,
2021-10-01 08:00:00,19.92,
2021-10-01 08:15:00,19.95,
2021-10-01 08:30:00,19.91,
2021-10-01 08:45:00,19.93,
2021-10-01 09:00:00,19.91,
2021-10-01 09:15:00,19.99,
2021-10-01 09:30:00,19.94,
2021-10-01 09:45:00,19.98,
2021-10-01 10:00:00,20.07,
2021-10-01 10:15:00,20.07,
2021-10-01 10:30:00,20.09,
2021-10-01 10:45:00,20.15,
2021-10-01 11:00:00,20.18,
2021-10-01 11:15:00,20.1,
2021-10-01 11:30:00,20.17,
2021-10-01 11:45:00,20.17,
2021-10-01 12:00:00,20.18,
2021-10-01 12:15:00,20.16,
2021-10-01 12:30:00,20.21,
2021-10-01 12:45:00,20.24,
2021-10-01 13:00:00,20.25,
2021-10-01 13:15:00,20.24,
2021-10-01 13:30:00,20.58,
2021-10-01 13:45:00,20.62,
2021-10-01 14:00:00,20.64,
2021-10-01 14:15:00,20.6,
2021-10-01 14:30:00,20.53,
2021-10-01 14:45:00,20.57,
2021-10-01 15:00:00,20.54,
2021-10-01 15:15:00,20.55,
2021-10-01 15:30:00,20.62,
2021-10-01 15:45:00,20.5,
2021-10-01 16:00:00,20.45,
2021-10-01 16:15:00,20.46,
2021-10-01 16:30:00,20.5,
2021-10-01 16:45:00,20.42,
2021-10-01 17:00:00,20.45,
2021-10-01 17:15:00,20.48,
2021-10-01 17:30:00,20.5,
2021-10-01 17:45:00,20.5,
2021-10-01 18:00:00,20.41,
2021-10-01 18:15:00,20.36,
2021-10-01 18:30:00,20.29,
2021-10-01 18:45:00,20.3,
2021-10-01 19:00:00,20.3,
2021-10-01 19:15:00,20.26,
2021-10-01 19:30:00,20.32,
2021-10-01 19:45:00,20.31,
2021-10-01 20:00:00,20.23,
2021-10-01 20:15:00,20.24,
2021-10-01 20:30:00,20.21,
2021-10-01 20:45:00,20.18,
2021-10-01 21:00:00,20.08,
2021-10-01 21:15:00,20.16,
2021-10-01 21:30:00,20.18,
2021-10-01 21:45:00,20.18,
2021-10-01 22:00:00,20.1,
2021-10-01 22:15:00,20.13,
2021-10-01 22:30:00,20.1,
2021-10-01 22:45:00,20.09,
2021-10-01 23:00:00,20.09,
2021-10-01 23:15:00,20.09,
2021-10-01 23:30:00,20.12,
2021-10-01 23:45:00,20.11,
2021-10-02 00:00:00,20.11,
2021-10-02 00:15:00,20.07,
2021-10-02 00:30:00,19.96,
2021-10-02 00:45:00,19.91,
2021-10-02 01:00:00,20.03,
2021-10-02 01:15:00,20.04,
2021-10-02 01:30:00,20.06,
2021-10-02 01:45:00,20.1,
2021-10-02 02:00:00,20.08,
2021-10-02 02:15:00,20.03,
2021-10-02 02:30:00,20.09,
2021-10-02 02:45:00,20.08,
2021-10-02 03:00:00,20.02,
2021-10-02 03:15:00,20.05,
2021-10-02 03:30:00,20.09,
2021-10-02 03:45:00,20.12,
2021-10-02 04:00:00,20.1,
2021-10-02 04:15:00,20.08,
2021-10-02 04:30:00,20.12,
2021-10-02 04:45:00,20.05,
2021-10-02 05:00:00,20.07,
2021-10-02 05:15:00,19.98,
2021-10-02 05:30:00,20.11,
2021-10-02 05:45:00,20.15,
2021-10-02 06:00:00,20.16,
2021-10-02 06:15:00,20.2,
2021-10-02 06:30:00,20.2,
2021-10-02 06:45:00,20.18,
2021-10-02 07:00:00,20.17,
2021-10-02 07:15:00,20.13,
2021-10-02 07:30:00,20.15,
2021-10-02 07:45:00,20.15,
2021-10-02 08:00:00,20.16,
2021-10-02 08:15:00,20.19,
2021-10-02 08:30:00,20.2,
2021-10-02 08:45:00,20.22,
2021-10-02 09:00:00,20.25,
2021-10-02 09:15:00,20.26,
2021-10-02 09:30:00,20.24,
2021-10-02 09:45:00,20.3,
2021-10-02 10:00:00,20.31,
2021-10-02 10:15:00,20.34,
2021-10-02 10:30:00,20.35,
2021-10-02 10:45:00,20.31,
2021-10-02 11:00:00,20.4,
2021-10-02 11:15:00,20.38,
2021-10-02 11:30:00,20.4,
2021-10-02 11:45:00,20.41,
2021-10-02 12:00:00,20.39,
2021-10-02 12:15:00,20.46,
2021-10-02 12:30:00,20.41,
2021-10-02 12:45:00,20.37,
2021-10-02 13:00:00,20.4,
2021-10-02 13:15:00,20.4,
2021-10-02 13:30:00,20.43,
2021-10-02 13:45:00,20.39,
2021-10-02 14:00:00,20.44,
2021-10-02 14:15:00,20.42,
2021-10-02 14:30:00,20.41,
2021-10-02 14:45:00,20.42,
2021-10-02 15:00:00,20.39,
2021-10-02 15:15:00,20.43,
2021-10-02 15:30:00,20.39,
2021-10-02 15:45:00,20.3,
2021-10-02 16:00:00,20.32,
2021-10-02 16:15:00,20.29,
2021-10-02 16:30:00,20.34,
2021-10-02 16:45:00,20.19,
2021-10-02 17:00:00,20.26,
2021-10-02 17:15:00,20.11,
2021-10-02 17:30:00,20.15,
2021-10-02 17:45:00,20.1,
2021-10-02 18:00:00,20.12,
2021-10-02 18:15:00,20.09,
2021-10-02 18:30:00,20.02,
2021-10-02 18:45:00,20.07,
2021-10-02 19:00:00,20.08,
2021-10-02 19:15:00,20.06,
2021-10-02 19:30:00,20.07,
2021-10-02 19:45:00,20.05,
2021-10-02 20:00:00,20.11,
2021-10-02 20:15:00,20.07,
2021-10-02 20:30:00,20.14,
2021-10-02 20:45:00,20.14,
2021-10-02 21:00:00,20.01,
2021-10-02 21:15:00,20.01,
2021-10-02 21:30:00,20.01,
2021-10-02 21:45:00,20.03,
2021-10-02 22:00:00,19.98,
2021-10-02 22:15:00,20.04,
2021-10-02 22:30:00,20.04,
2021-10-02 22:45:00,20.04,
2021-10-02 23:00:00,20.0,
2021-10-02 23:15:00,20.05,
2021-10-02 23:30:00,20.06,
2021-10-02 23:45:00,20.03,
2021-10-03 00:00:00,19.97,
2021-10-03 00:15:00,20.01,
2021-10-03 00:30:00,19.95,
2021-10-03 00:45:00,19.93,
2021-10-03 01:00:00,20.02,
2021-10-03 01:15:00,20.02,
2021-10-03 01:30:00,20.05,
2021-10-03 01:45:00,20.01,
2021-10-03 02:00:00,20.03,
2021-10-03 02:15:00,20.07,
2021-10-03 02:30:00,20.05,
2021-10-03 02:45:00,20.06,
2021-10-03 03:00:00,20.08,
2021-10-03 03:15:00,20.06,
2021-10-03 03:30:00,19.99,
2021-10-03 03:45:00,20.12,
2021-10-03 04:00:00,20.13,
2021-10-03 04:15:00,20.12,
2021-10-03 04:30:00,20.13,
2021-10-03 04:45:00,20.11,
2021-10-03 05:00:00,20.08,
2021-10-03 05:15:00,20.14,
2021-10-03 05:30:00,20.12,
2021-10-03 05:45:00,20.04,
2021-10-03 06:00:00,20.13,
2021-10-03 06:15:00,20.17,
2021-10-03 06:30:00,20.2,
2021-10-03 06:45:00,20.15,
2021-10-03 07:00:00,20.2,
2021-10-03 07:15:00,20.2,
2021-10-03 07:30:00,20.17,
2021-10-03 07:45:00,20.23,
2021-10-03 08:00:00,20.16,
2021-10-03 08:15:00,20.22,
2021-10-03 08:30:00,20.32,
2021-10-03 08:45:00,20.33,
2021-10-03 09:00:00,20.3,
2021-10-03 09:15:00,20.29,
2021-10-03 09:30:00,20.31,
2021-10-03 09:45:00,20.25,
2021-10-03 10:00:00,20.32,
2021-10-03 10:15:00,20.38,
2021-10-03 10:30:00,20.33,
2021-10-03 10:45:00,20.36,
2021-10-03 11:00:00,20.41,
2021-10-03 11:15:00,20.41,
2021-10-03 11:30:00,20.46,
2021-10-03 11:45:00,20.43,
2021-10-03 12:00:00,20.37,
2021-10-03 12:15:00,20.42,
2021-10-03 12:30:00,20.43,
2021-10-03 12:45:00,20.46,
2021-10-03 13:00:00,20.42,
2021-10-03 13:15:00,20.38,
2021-10-03 13:30:00,20.42,
2021-10-03 13:45:00,20.48,
2021-10-03 14:00:00,20.96,
2021-10-03 14:15:00,20.38,
2021-10-03 14:30:00,20.41,
2021-10-03 14:45:00,20.29,
2021-10-03 15:00:00,20.24,
2021-10-03 15:15:00,20.27,
2021-10-03 15:30:00,20.28,
2021-10-03 15:45:00,20.21,
2021-10-03 16:00:00,20.17,
2021-10-03 16:15:00,20.21,
2021-10-03 16:30:00,20.16,
2021-10-03 16:45:00,20.21,
2021-10-03 17:00:00,20.13,
2021-10-03 17:15:00,20.15,
2021-10-03 17:30:00,20.12,
2021-10-03 17:45:00,20.06,
2021-10-03 18:00:00,20.04,
2021-10-03 18:15:00,20.0,
2021-10-03 18:30:00,19.96,
2021-10-03 18:45:00,20.04,
2021-10-03 19:00:00,20.03,
2021-10-03 19:15:00,20.09,
2021-10-03 19:30:00,20.39,
2021-10-03 19:45:00,20.67,
2021-10-03 20:00:00,20.49,
2021-10-03 20:15:00,20.34,
2021-10-03 20:30:00,20.18,
2021-10-03 20:45:00,20.16,
2021-10-03 21:00:00,20.11,
2021-10-03 21:15:00,20.07,
2021-10-03 21:30:00,19.99,
2021-10-03 21:45:00,20.02,
2021-10-03 22:00:00,20.0,
2021-10-03 22:15:00,19.98,
2021-10-03 22:30:00,20.0,
2021-10-03 22:45:00,19.98,
2021-10-03 23:00:00,19.93,
2021-10-03 23:15:00,19.94,
2021-10-03 23:30:00,19.96,
2021-10-03 23:45:00,19.95,
2021-10-04 00:00:00,19.97,
2021-10-04 00:15:00,19.94,
2021-10-04 00:30:00,19.84,
2021-10-04 00:45:00,19.92,
2021-10-04 01:00:00,19.93,
2021-10-04 01:15:00,19.9,
2021-10-04 01:30:00,19.9,
2021-10-04 01:45:00,19.95,
2021-10-04 02:00:00,19.94,
2021-10-04 02:15:00,19.99,
2021-10-04 02:30:00,19.98,
2021-10-04 02:45:00,20.01,
2021-10-04 03:00:00,20.03,
2021-10-04 03:15:00,20.01,
2021-10-04 03:30:00,19.99,
2021-10-04 03:45:00,20.03,
2021-10-04 04:00:00,19.96,
2021-10-04 04:15:00,19.98,
2021-10-04 04:30:00,20.02,
2021-10-04 04:45:00,19.95,
2021-10-04 05:00:00,19.92,
2021-10-04 05:15:00,20.01,
2021-10-04 05:30:00,20.08,
2021-10-04 05:45:00,20.05,
2021-10-04 06:00:00,19.99,
2021-10-04 06:15:00,19.94,
2021-10-04 06:30:00,19.99,
2021-10-04 06:45:00,19.99,
2021-10-04 07:00:00,20.03,
2021-10-04 07:15:00,20.07,
2021-10-04 07:30:00,20.04,
2021-10-04 07:45:00,20.08,
2021-10-04 08:00:00,20.1,
2021-10-04 08:15:00,20.14,
2021-10-04 08:30:00,20.16,
2021-10-04 08:45:00,20.15,
2021-10-04 09:00:00,20.22,
2021-10-04 09:15:00,20.31,
2021-10-04 09:30:00,20.29,
2021-10-04 09:45:00,20.3,
2021-10-04 10:00:00,20.29,
2021-10-04 10:15:00,20.31,
2021-10-04 10:30:00,20.33,
2021-10-04 10:45:00,20.36,
2021-10-04 11:00:00,20.42,
2021-10-04 11:15:00,20.35,
2021-10-04 11:30:00,20.44,
2021-10-04 11:45:00,20.41,
2021-10-04 12:00:00,20.44,
2021-10-04 12:15:00,20.43,
2021-10-04 12:30:00,20.41,
2021-10-04 12:45:00,20.42,
2021-10-04 13:00:00,20.39,
2021-10-04 13:15:00,20.33,
2021-10-04 13:30:00,20.34,
2021-10-04 13:45:00,20.25,
2021-10-04 14:00:00,20.31,
2021-10-04 14:15:00,20.3,
2021-10-04 14:30:00,20.3,
2021-10-04 14:45:00,20.28,
2021-10-04 15:00:00,20.31,
2021-10-04 15:15:00,20.34,
2021-10-04 15:30:00,20.31,
2021-10-04 15:45:00,20.27,
2021-10-04 16:00:00,20.26,
2021-10-04 16:15:00,20.28,
2021-10-04 16:30:00,20.25,
2021-10-04 16:45:00,20.25,
2021-10-04 17:00:00,20.23,
2021-10-04 17:15:00,20.3,
2021-10-04 17:30:00,20.28,
2021-10-04 17:45:00,20.26,
2021-10-04 18:00:00,20.26,
2021-10-04 18:15:00,20.22,
2021-10-04 18:30:00,20.14,
2021-10-04 18:45:00,20.16,
2021-10-04 19:00:00,20.1,
2021-10-04 19:15:00,20.1,
2021-10-04 19:30:00,20.19,
2021-10-04 19:45:00,20.12,
2021-10-04 20:00:00,20.1,
2021-10-04 20:15:00,20.14,
2021-10-04 20:30:00,20.03,
2021-10-04 20:45:00,20.06,
2021-10-04 21:00:00,20.03,
2021-10-04 21:15:00,19.98,
2021-10-04 21:30:00,20.01,
2021-10-04 21:45:00,20.07,
2021-10-04 22:00:00,20.09,
2021-10-04 22:15:00,20.08,
2021-10-04 22:30:00,20.04,
2021-10-04 22:45:00,20.05,
2021-10-04 23:00:00,19.99,
2021-10-04 23:15:00,20.0,
2021-10-04 23:30:00,20.05,
2021-10-04 23:45:00,19.96,
2021-10-05 00:00:00,19.93,
2021-10-05 00:15:00,19.94,
2021-10-05 00:30:00,19.93,
2021-10-05 00:45:00,20.0,
2021-10-05 01:00:00,19.98,
2021-10-05 01:15:00,20.05,
2021-10-05 01:30:00,20.09,
2021-10-05 01:45:00,20.0,
2021-10-05 02:00:00,20.02,
2021-10-05 02:15:00,20.07,
2021-10-05 02:30:00,20.03,
2021-10-05 02:45:00,20.11,
2021-10-05 03:00:00,20.05,
2021-10-05 03:15:00,20.02,
2021-10-05 03:30:00,19.98,
2021-10-05 03:45:00,19.96,
2021-10-05 04:00:00,19.92,
2021-10-05 04:15:00,19.98,
2021-10-05 04:30:00,20.0,
2021-10-05 04:45:00,20.07,
2021-10-05 05:00:00,20.04,
2021-10-05 05:15:00,20.06,
2021-10-05 05:30:00,20.05,
2021-10-05 05:45:00,19.97,
2021-10-05 06:00:00,20.03,
2021-10-05 06:15:00,19.96,
2021-10-05 06:30:00,20.0,
2021-10-05 06:45:00,20.03,
2021-10-05 07:00:00,20.03,
2021-10-05 07:15:00,20.01,
2021-10-05 07:30:00,20.04,
2021-10-05 07:45:00,20.02,
2021-10-05 08:00:00,20.07,
2021-10-05 08:15:00,20.17,
2021-10-05 08:30:00,20.16,
2021-10-05 08:45:00,20.16,
2021-10-05 09:00:00,20.19,
2021-10-05 09:15:00,20.22,
2021-10-05 09:30:00,20.26,
2021-10-05 09:45:00,20.25,
2021-10-05 10:00:00,20.3,
2021-10-05 10:15:00,20.38,
2021-10-05 10:30:00,20.38,
2021-10-05 10:45:00,20.4,
2021-10-05 11:00:00,20.38,
2021-10-05 11:15:00,20.37,
2021-10-05 11:30:00,20.35,
2021-10-05 11:45:00,20.36,
2021-10-05 12:00:00,20.44,
2021-10-05 12:15:00,20.35,
2021-10-05 12:30:00,20.36,
2021-10-05 12:45:00,20.38,
2021-10-05 13:00:00,20.39,
2021-10-05 13:15:00,20.36,
2021-10-05 13:30:00,20.42,
2021-10-05 13:45:00,20.41,
2021-10-05 14:00:00,20.3,
2021-10-05 14:15:00,20.34,
2021-10-05 14:30:00,20.37,
2021-10-05 14:45:00,20.33,
2021-10-05 15:00:00,20.37,
2021-10-05 15:15:00,20.38,
2021-10-05 15:30:00,20.27,
2021-10-05 15:45:00,20.39,
2021-10-05 16:00:00,20.3,
2021-10-05 16:15:00,20.25,
2021-10-05 16:30:00,20.25,
2021-10-05 16:45:00,20.28,
2021-10-05 17:00:00,20.27,
2021-10-05 17:15:00,20.27,
2021-10-05 17:30:00,20.33,
2021-10-05 17:45:00,20.2,
2021-10-05 18:00:00,20.22,
2021-10-05 18:15:00,20.25,
2021-10-05 18:30:00,20.25,
2021-10-05 18:45:00,20.19,
2021-10-05 19:00:00,20.16,
2021-10-05 19:15:00,20.24,
2021-10-05 19:30:00,20.26,
2021-10-05 19:45:00,20.21,
2021-10-05 20:00:00,20.3,
2021-10-05 20:15:00,20.32,
2021-10-05 20:30:00,20.3,
2021-10-05 20:45:00,20.3,
2021-10-05 21:00:00,20.26,
2021-10-05 21:15:00,20.29,
2021-10-05 21:30:00,20.32,
2021-10-05 21:45:00,20.34,
2021-10-05 22:00:00,20.34,
2021-10-05 22:15:00,20.34,
2021-10-05 22:30:00,20.29,
2021-10-05 22:45:00,20.28,
2021-10-05 23:00:00,20.3,
2021-10-05 23:15:00,20.22,
2021-10-05 23:30:00,20.2,
2021-10-05 23:45:00,20.23,
2021-10-06 00:00:00,20.23,
2021-10-06 00:15:00,20.26,
2021-10-06 00:30:00,20.27,
2021-10-06 00:45:00,20.24,
2021-10-06 01:00:00,20.28,
2021-10-06 01:15:00,20.25,
2021-10-06 01:30:00,20.26,
2021-10-06 01:45:00,20.16,
2021-10-06 02:00:00,20.07,
2021-10-06 02:15:00,20.32,
2021-10-06 02:30:00,20.22,
2021-10-06 02:45:00,20.17,
2021-10-06 03:00:00,20.19,
2021-10-06 03:15:00,20.19,
2021-10-06 03:30:00,20.17,
2021-10-06 03:45:00,20.07,
2021-10-06 04:00:00,20.14,
2021-10-06 04:15:00,20.16,
2021-10-06 04:30:00,20.24,
2021-10-06 04:45:00,20.33,
2021-10-06 05:00:00,20.36,
2021-10-06 05:15:00,20.36,
2021-10-06 05:30:00,20.28,
2021-10-06 05:45:00,20.29,
2021-10-06 06:00:00,20.35,
2021-10-06 06:15:00,20.29,
2021-10-06 06:30:00,20.3,
2021-10-06 06:45:00,20.33,
2021-10-06 07:00:00,20.33,
2021-10-06 07:15:00,20.28,
2021-10-06 07:30:00,20.25,
2021-10-06 07:45:00,20.25,
2021-10-06 08:00:00,20.25,
2021-10-06 08:15:00,20.15,
2021-10-06 08:30:00,20.25,
2021-10-06 08:45:00,20.2,
2021-10-06 09:00:00,20.16,
2021-10-06 09:15:00,20.17,
2021-10-06 09:30:00,20.16,
2021-10-06 09:45:00,20.14,
2021-10-06 10:00:00,20.19,
2021-10-06 10:15:00,20.18,
2021-10-06 10:30:00,20.23,
2021-10-06 10:45:00,20.19,
2021-10-06 11:00:00,20.27,
2021-10-06 11:15:00,20.25,
2021-10-06 11:30:00,20.26,
2021-10-06 11:45:00,20.31,
2021-10-06 12:00:00,20.3,
2021-10-06 12:15:00,20.24,
2021-10-06 12:30:00,20.29,
2021-10-06 12:45:00,20.27,
2021-10-06 13:00:00,20.24,
2021-10-06 13:15:00,20.22,
2021-10-06 13:30:00,20.16,
2021-10-06 13:45:00,20.3,
2021-10-06 14:00:00,20.3,
2021-10-06 14:15:00,20.27,
2021-10-06 14:30:00,20.29,
2021-10-06 14:45:00,20.25,
2021-10-06 15:00:00,20.34,
2021-10-06 15:15:00,20.28,
2021-10-06 15:30:00,20.26,
2021-10-06 15:45:00,20.26,
2021-10-06 16:00:00,20.25,
2021-10-06 16:15:00,20.22,
2021-10-06 16:30:00,20.22,
2021-10-06 16:45:00,20.18,
2021-10-06 17:00:00,20.16,
2021-10-06 17:15:00,20.18,
2021-10-06 17:30:00,20.16,
2021-10-06 17:45:00,20.11,
2021-10-06 18:00:00,20.12,
2021-10-06 18:15:00,20.08,
2021-10-06 18:30:00,20.1,
2021-10-06 18:45:00,19.99,
2021-10-06 19:00:00,20.0,
2021-10-06 19:15:00,20.02,
2021-10-06 19:30:00,19.98,
2021-10-06 19:45:00,20.02,
2021-10-06 20:00:00,20.02,
2021-10-06 20:15:00,20.06,
2021-10-06 20:30:00,20.07,
2021-10-06 20:45:00,19.99,
2021-10-06 21:00:00,20.02,
2021-10-06 21:15:00,20.1,
2021-10-06 21:30:00,20.08,
2021-10-06 21:45:00,20.31,
2021-10-06 22:00:00,20.43,
2021-10-06 22:15:00,20.55,
2021-10-06 22:30:00,20.6,
2021-10-06 22:45:00,20.64,
2021-10-06 23:00:00,20.84,
2021-10-06 23:15:00,20.92,
2021-10-06 23:30:00,21.06,
2021-10-06 23:45:00,21.12,
2021-10-07 00:00:00,20.97,
2021-10-07 00:15:00,20.9,
2021-10-07 00:30:00,20.91,
2021-10-07 00:45:00,20.81,
2021-10-07 01:00:00,20.87,
2021-10-07 01:15:00,20.93,
2021-10-07 01:30:00,20.99,
2021-10-07 01:45:00,21.08,
2021-10-07 02:00:00,21.02,
2021-10-07 02:15:00,21.09,
2021-10-07 02:30:00,21.16,
2021-10-07 02:45:00,21.15,
2021-10-07 03:00:00,21.1,
2021-10-07 03:15:00,20.96,
2021-10-07 03:30:00,20.96,
2021-10-07 03:45:00,21.0,
2021-10-07 04:00:00,20.99,
2021-10-07 04:15:00,20.85,
2021-10-07 04:30:00,20.81,
2021-10-07 04:45:00,20.75,
2021-10-07 05:00:00,20.72,
2021-10-07 05:15:00,20.65,
2021-10-07 05:30:00,20.63,
2021-10-07 05:45:00,20.65,
2021-10-07 06:00:00,20.57,
2021-10-07 06:15:00,20.6,
2021-10-07 06:30:00,20.58,
2021-10-07 06:45:00,20.46,
2021-10-07 07:00:00,20.58,
2021-10-07 07:15:00,20.57,
2021-10-07 07:30:00,20.59,
2021-10-07 07:45:00,20.51,
2021-10-07 08:00:00,20.52,
2021-10-07 08:15:00,20.46,
2021-10-07 08:30:00,20.5,
2021-10-07 08:45:00,20.47,
2021-10-07 09:00:00,20.51,
2021-10-07 09:15:00,20.5,
2021-10-07 09:30:00,20.47,
2021-10-07 09:45:00,20.45,
2021-10-07 10:00:00,20.53,
2021-10-07 10:15:00,20.46,
2021-10-07 10:30:00,20.51,
2021-10-07 10:45:00,20.49,
2021-10-07 11:00:00,20.45,
2021-10-07 11:15:00,20.52,
2021-10-07 11:30:00,20.51,
2021-10-07 11:45:00,20.53,
2021-10-07 12:00:00,20.61,
2021-10-07 12:15:00,20.59,
2021-10-07 12:30:00,20.55,
2021-10-07 12:45:00,20.58,
2021-10-07 13:00:00,20.61,
2021-10-07 13:15:00,20.56,
2021-10-07 13:30:00,20.62,
2021-10-07 13:45:00,20.61,
2021-10-07 14:00:00,20.52,
2021-10-07 14:15:00,20.6,
2021-10-07 14:30:00,20.5,
2021-10-07 14:45:00,20.47,
2021-10-07 15:00:00,20.51,
2021-10-07 15:15:00,20.53,
2021-10-07 15:30:00,20.5,
2021-10-07 15:45:00,20.46,
2021-10-07 16:00:00,20.46,
2021-10-07 16:15:00,20.52,
2021-10-07 16:30:00,20.43,
2021-10-07 16:45:00,20.4,
2021-10-07 17:00:00,20.37,
2021-10-07 17:15:00,20.31,
2021-10-07 17:30:00,20.33,
2021-10-07 17:45:00,20.36,
2021-10-07 18:00:00,20.34,
2021-10-07 18:15:00,20.33,
2021-10-07 18:30:00,20.26,
2021-10-07 18:45:00,20.28,
2021-10-07 19:00:00,20.24,
2021-10-07 19:15:00,20.24,
2021-10-07 19:30:00,20.28,
2021-10-07 19:45:00,20.28,
2021-10-07 20:00:00,20.31,
2021-10-07 20:15:00,20.21,
2021-10-07 20:30:00,20.21,
2021-10-07 20:45:00,20.18,
2021-10-07 21:00:00,20.21,
2021-10-07 21:15:00,20.19,
2021-10-07 21:30:00,20.38,
2021-10-07 21:45:00,20.59,
2021-10-07 22:00:00,20.82,
2021-10-07 22:15:00,20.81,
2021-10-07 22:30:00,20.8,
2021-10-07 22:45:00,20.78,
2021-10-07 23:00:00,20.83,
2021-10-07 23:15:00,20.91,
2021-10-07 23:30:00,20.88,
2021-10-07 23:45:00,20.81,
2021-10-08 00:00:00,20.83,
2021-10-08 00:15:00,20.85,
2021-10-08 00:30:00,21.07,
2021-10-08 00:45:00,21.45,
2021-10-08 01:00:00,21.82,
2021-10-08 01:15:00,21.81,
2021-10-08 01:30:00,21.9,
2021-10-08 01:45:00,21.82,
2021-10-08 02:00:00,21.8,
2021-10-08 02:15:00,21.69,
2021-10-08 02:30:00,21.64,
2021-10-08 02:45:00,21.54,
2021-10-08 03:00:00,21.56,
2021-10-08 03:15:00,21.53,
2021-10-08 03:30:00,21.59,
2021-10-08 03:45:00,21.67,
2021-10-08 04:00:00,21.69,
2021-10-08 04:15:00,21.76,
2021-10-08 04:30:00,21.71,
2021-10-08 04:45:00,21.69,
2021-10-08 05:00:00,21.75,
2021-10-08 05:15:00,21.81,
2021-10-08 05:30:00,21.74,
2021-10-08 05:45:00,21.8,
2021-10-08 06:00:00,21.77,
2021-10-08 06:15:00,21.81,
2021-10-08 06:30:00,21.77,
2021-10-08 06:45:00,21.65,
2021-10-08 07:00:00,21.59,
2021-10-08 07:15:00,21.52,
2021-10-08 07:30:00,21.6,
2021-10-08 07:45:00,21.58,
2021-10-08 08:00:00,21.6,
2021-10-08 08:15:00,21.75,
2021-10-08 08:30:00,21.9,
2021-10-08 08:45:00,22.23,
2021-10-08 09:00:00,22.42,
2021-10-08 09:15:00,22.6,
2021-10-08 09:30:00,22.87,
2021-10-08 09:45:00,23.0,
2021-10-08 10:00:00,23.09,
2021-10-08 10:15:00,23.29,
2021-10-08 10:30:00,23.36,
2021-10-08 10:45:00,23.52,
2021-10-08 11:00:00,23.83,
2021-10-08 11:15:00,24.0,
2021-10-08 11:30:00,24.1,
2021-10-08 11:45:00,24.19,
2021-10-08 12:00:00,24.53,
2021-10-08 12:15:00,24.85,
2021-10-08 12:30:00,25.19,
2021-10-08 12:45:00,25.23,
2021-10-08 13:00:00,25.11,
2021-10-08 13:15:00,25.15,
2021-10-08 13:30:00,25.25,
2021-10-08 13:45:00,25.32,
2021-10-08 14:00:00,25.09,
2021-10-08 14:15:00,24.76,
2021-10-08 14:30:00,24.57,
2021-10-08 14:45:00,24.45,
2021-10-08 15:00:00,24.29,
2021-10-08 15:15:00,24.23,
2021-10-08 15:30:00,24.24,
2021-10-08 15:45:00,24.29,
2021-10-08 16:00:00,24.37,
2021-10-08 16:15:00,24.38,
2021-10-08 16:30:00,24.33,
2021-10-08 16:45:00,24.1,
2021-10-08 17:00:00,23.92,
2021-10-08 17:15:00,23.81,
2021-10-08 17:30:00,23.67,
2021-10-08 17:45:00,23.68,
2021-10-08 18:00:00,23.73,
2021-10-08 18:15:00,23.9,
2021-10-08 18:30:00,24.03,
2021-10-08 18:45:00,24.11,
2021-10-08 19:00:00,23.94,
2021-10-08 19:15:00,23.69,
2021-10-08 19:30:00,23.7,
2021-10-08 19:45:00,23.72,
2021-10-08 20:00:00,23.57,
2021-10-08 20:15:00,23.49,
2021-10-08 20:30:00,23.52,
2021-10-08 20:45:00,23.57,
2021-10-08 21:00:00,23.65,
2021-10-08 21:15:00,23.73,
2021-10-08 21:30:00,23.63,
2021-10-08 21:45:00,23.39,
2021-10-08 22:00:00,23.26,
2021-10-08 22:15:00,23.17,
2021-10-08 22:30:00,23.0,
2021-10-08 22:45:00,22.86,
2021-10-08 23:00:00,22.77,
2021-10-08 23:15:00,22.59,
2021-10-08 23:30:00,22.47,
2021-10-08 23:45:00,22.31,
2021-10-09 00:00:00,22.27,
2021-10-09 00:15:00,22.2,
2021-10-09 00:30:00,22.09,
2021-10-09 00:45:00,21.97,
2021-10-09 01:00:00,21.88,
2021-10-09 01:15:00,21.87,
2021-10-09 01:30:00,21.79,
2021-10-09 01:45:00,21.78,
2021-10-09 02:00:00,21.66,
2021-10-09 02:15:00,21.7,
2021-10-09 02:30:00,21.65,
2021-10-09 02:45:00,21.62,
2021-10-09 03:00:00,21.54,
2021-10-09 03:15:00,21.48,
2021-10-09 03:30:00,21.44,
2021-10-09 03:45:00,21.35,
2021-10-09 04:00:00,21.39,
2021-10-09 04:15:00,21.35,
2021-10-09 04:30:00,21.36,
2021-10-09 04:45:00,21.33,
2021-10-09 05:00:00,21.36,
2021-10-09 05:15:00,21.4,
2021-10-09 05:30:00,21.44,
2021-10-09 05:45:00,21.49,
2021-10-09 06:00:00,21.5,
2021-10-09 06:15:00,21.58,
2021-10-09 06:30:00,21.7,
2021-10-09 06:45:00,21.82,
2021-10-09 07:00:00,21.85,
2021-10-09 07:15:00,21.86,
2021-10-09 07:30:00,21.87,
2021-10-09 07:45:00,21.87,
2021-10-09 08:00:00,21.86,
2021-10-09 08:15:00,21.81,
2021-10-09 08:30:00,21.79,
2021-10-09 08:45:00,21.82,
2021-10-09 09:00:00,21.81,
2021-10-09 09:15:00,21.76,
2021-10-09 09:30:00,21.74,
2021-10-09 09:45:00,21.7,
2021-10-09 10:00:00,21.7,
2021-10-09 10:15:00,21.68,
2021-10-09 10:30:00,21.7,
2021-10-09 10:45:00,21.68,
2021-10-09 11:00:00,21.71,
2021-10-09 11:15:00,21.69,
2021-10-09 11:30:00,21.64,
2021-10-09 11:45:00,21.59,
2021-10-09 12:00:00,21.61,
2021-10-09 12:15:00,21.55,
2021-10-09 12:30:00,21.54,
2021-10-09 12:45:00,21.53,
2021-10-09 13:00:00,21.48,
2021-10-09 13:15:00,21.47,
2021-10-09 13:30:00,21.5,
2021-10-09 13:45:00,21.44,
2021-10-09 14:00:00,21.45,
2021-10-09 14:15:00,21.38,
2021-10-09 14:30:00,21.3,
2021-10-09 14:45:00,21.28,
2021-10-09 15:00:00,21.29,
2021-10-09 15:15:00,21.3,
2021-10-09 15:30:00,21.27,
2021-10-09 15:45:00,21.15,
2021-10-09 16:00:00,21.16,
2021-10-09 16:15:00,21.12,
2021-10-09 16:30:00,21.14,
2021-10-09 16:45:00,21.11,
2021-10-09 17:00:00,21.05,
2021-10-09 17:15:00,21.06,
2021-10-09 17:30:00,21.02,
2021-10-09 17:45:00,20.99,
2021-10-09 18:00:00,20.97,
2021-10-09 18:15:00,20.93,
2021-10-09 18:30:00,20.91,
2021-10-09 18:45:00,20.91,
2021-10-09 19:00:00,20.83,
2021-10-09 19:15:00,20.85,
2021-10-09 19:30:00,20.86,
2021-10-09 19:45:00,20.82,
2021-10-09 20:00:00,20.85,
2021-10-09 20:15:00,20.84,
2021-10-09 20:30:00,20.75,
2021-10-09 20:45:00,20.8,
2021-10-09 21:00:00,20.77,
2021-10-09 21:15:00,20.84,
2021-10-09 21:30:00,20.82,
2021-10-09 21:45:00,20.79,
2021-10-09 22:00:00,20.8,
2021-10-09 22:15:00,20.79,
2021-10-09 22:30:00,20.85,
2021-10-09 22:45:00,20.81,
2021-10-09 23:00:00,20.8,
2021-10-09 23:15:00,20.76,
2021-10-09 23:30:00,20.76,
2021-10-09 23:45:00,20.72,
2021-10-10 00:00:00,20.78,
2021-10-10 00:15:00,20.6,
2021-10-10 00:30:00,20.59,
2021-10-10 00:45:00,20.67,
2021-10-10 01:00:00,20.6,
2021-10-10 01:15:00,20.58,
2021-10-10 01:30:00,20.58,
2021-10-10 01:45:00,20.59,
2021-10-10 02:00:00,20.6,
2021-10-10 02:15:00,20.63,
2021-10-10 02:30:00,20.67,
2021-10-10 02:45:00,20.67,
2021-10-10 03:00:00,20.62,
2021-10-10 03:15:00,20.6,
2021-10-10 03:30:00,20.66,
2021-10-10 03:45:00,20.62,
2021-10-10 04:00:00,20.66,
2021-10-10 04:15:00,20.6,
2021-10-10 04:30:00,20.58,
2021-10-10 04:45:00,20.55,
2021-10-10 05:00:00,20.6,
2021-10-10 05:15:00,20.56,
2021-10-10 05:30:00,20.57,
2021-10-10 05:45:00,20.56,
2021-10-10 06:00:00,20.54,
2021-10-10 06:15:00,20.48,
2021-10-10 06:30:00,20.6,
2021-10-10 06:45:00,20.57,
2021-10-10 07:00:00,20.64,
2021-10-10 07:15:00,20.6,
2021-10-10 07:30:00,20.65,
2021-10-10 07:45:00,20.66,
2021-10-10 08:00:00,20.73,
2021-10-10 08:15:00,20.78,
2021-10-10 08:30:00,20.7,
2021-10-10 08:45:00,20.72,
2021-10-10 09:00:00,20.66,
2021-10-10 09:15:00,20.69,
2021-10-10 09:30:00,20.67,
2021-10-10 09:45:00,20.69,
2021-10-10 10:00:00,20.66,
2021-10-10 10:15:00,20.83,
2021-10-10 10:30:00,20.77,
2021-10-10 10:45:00,20.71,
2021-10-10 11:00:00,20.68,
2021-10-10 11:15:00,20.68,
2021-10-10 11:30:00,20.75,
2021-10-10 11:45:00,20.71,
2021-10-10 12:00:00,20.73,
2021-10-10 12:15:00,20.79,
2021-10-10 12:30:00,20.75,
2021-10-10 12:45:00,20.72,
2021-10-10 13:00:00,20.74,
2021-10-10 13:15:00,20.79,
2021-10-10 13:30:00,20.7,
2021-10-10 13:45:00,20.76,
2021-10-10 14:00:00,20.67,
2021-10-10 14:15:00,20.63,
2021-10-10 14:30:00,20.71,
2021-10-10 14:45:00,20.73,
2021-10-10 15:00:00,20.77,
2021-10-10 15:15:00,20.68,
2021-10-10 15:30:00,20.74,
2021-10-10 15:45:00,20.72,
2021-10-10 16:00:00,20.64,
2021-10-10 16:15:00,20.62,
2021-10-10 16:30:00,20.71,
2021-10-10 16:45:00,20.64,
2021-10-10 17:00:00,20.68,
2021-10-10 17:15:00,20.62,
2021-10-10 17:30:00,20.72,
2021-10-10 17:45:00,20.68,
2021-10-10 18:00:00,20.7,
2021-10-10 18:15:00,20.67,
2021-10-10 18:30:00,20.6,
2021-10-10 18:45:00,20.61,
2021-10-10 19:00:00,20.62,
2021-10-10 19:15:00,20.59,
2021-10-10 19:30:00,20.59,
2021-10-10 19:45:00,20.56,
2021-10-10 20:00:00,20.58,
2021-10-10 20:15:00,20.57,
2021-10-10 20:30:00,20.51,
2021-10-10 20:45:00,20.52,
2021-10-10 21:00:00,20.52,
2021-10-10 21:15:00,20.51,
2021-10-10 21:30:00,20.51,
2021-10-10 21:45:00,20.58,
2021-10-10 22:00:00,20.58,
2021-10-10 22:15:00,20.58,
2021-10-10 22:30:00,20.56,
2021-10-10 22:45:00,20.59,
2021-10-10 23:00:00,20.51,
2021-10-10 23:15:00,20.54,
2021-10-10 23:30:00,20.54,
2021-10-10 23:45:00,20.46,
2021-10-11 00:00:00,20.52,
2021-10-11 00:15:00,20.51,
2021-10-11 00:30:00,20.49,
2021-10-11 00:45:00,20.49,
2021-10-11 01:00:00,20.47,
2021-10-11 01:15:00,20.51,
2021-10-11 01:30:00,20.57,
2021-10-11 01:45:00,20.55,
2021-10-11 02:00:00,20.58,
2021-10-11 02:15:00,20.55,
2021-10-11 02:30:00,20.55,
2021-10-11 02:45:00,20.58,
2021-10-11 03:00:00,20.6,
2021-10-11 03:15:00,20.62,
2021-10-11 03:30:00,20.66,
2021-10-11 03:45:00,20.6,
2021-10-11 04:00:00,20.55,
2021-10-11 04:15:00,20.46,
2021-10-11 04:30:00,20.51,
2021-10-11 04:45:00,20.6,
2021-10-11 05:00:00,20.58,
2021-10-11 05:15:00,20.59,
2021-10-11 05:30:00,20.57,
2021-10-11 05:45:00,20.59,
2021-10-11 06:00:00,20.56,
2021-10-11 06:15:00,20.57,
2021-10-11 06:30:00,20.63,
2021-10-11 06:45:00,20.64,
2021-10-11 07:00:00,20.56,
2021-10-11 07:15:00,20.6,
2021-10-11 07:30:00,20.63,
2021-10-11 07:45:00,20.65,
2021-10-11 08:00:00,20.62,
2021-10-11 08:15:00,20.67,
2021-10-11 08:30:00,20.67,
2021-10-11 08:45:00,20.7,
2021-10-11 09:00:00,20.73,
2021-10-11 09:15:00,20.7,
2021-10-11 09:30:00,20.68,
2021-10-11 09:45:00,20.68,
2021-10-11 10:00:00,20.74,
2021-10-11 10:15:00,20.71,
2021-10-11 10:30:00,20.71,
2021-10-11 10:45:00,20.77,
2021-10-11 11:00:00,20.75,
2021-10-11 11:15:00,20.77,
2021-10-11 11:30:00,20.81,
2021-10-11 11:45:00,20.84,
2021-10-11 12:00:00,20.81,
2021-10-11 12:15:00,20.78,
2021-10-11 12:30:00,20.75,
2021-10-11 12:45:00,20.7,
2021-10-11 13:00:00,20.75,
2021-10-11 13:15:00,20.78,
2021-10-11 13:30:00,20.76,
2021-10-11 13:45:00,20.75,
2021-10-11 14:00:00,20.76,
2021-10-11 14:15:00,20.73,
2021-10-11 14:30:00,20.73,
2021-10-11 14:45:00,20.76,
2021-10-11 15:00:00,20.79,
2021-10-11 15:15:00,20.75,
2021-10-11 15:30:00,20.77,
2021-10-11 15:45:00,20.71,
2021-10-11 16:00:00,20.65,
2021-10-11 16:15:00,20.71,
2021-10-11 16:30:00,20.76,
2021-10-11 16:45:00,20.85,
2021-10-11 17:00:00,20.8,
2021-10-11 17:15:00,20.93,
2021-10-11 17:30:00,20.94,
2021-10-11 17:45:00,20.92,
2021-10-11 18:00:00,21.03,
2021-10-11 18:15:00,21.15,
2021-10-11 18:30:00,21.19,
2021-10-11 18:45:00,21.26,
2021-10-11 19:00:00,21.22,
2021-10-11 19:15:00,21.22,
2021-10-11 19:30:00,21.34,
2021-10-11 19:45:00,21.39,
2021-10-11 20:00:00,21.49,
2021-10-11 20:15:00,21.64,
2021-10-11 20:30:00,21.69,
2021-10-11 20:45:00,21.84,
2021-10-11 21:00:00,22.01,
2021-10-11 21:15:00,22.22,
2021-10-11 21:30:00,22.3,
2021-10-11 21:45:00,22.42,
2021-10-11 22:00:00,22.43,
2021-10-11 22:15:00,22.42,
2021-10-11 22:30:00,22.53,
2021-10-11 22:45:00,22.56,
2021-10-11 23:00:00,22.5,
2021-10-11 23:15:00,22.61,
2021-10-11 23:30:00,22.64,
2021-10-11 23:45:00,22.69,
2021-10-12 00:00:00,22.8,
2021-10-12 00:15:00,22.87,
2021-10-12 00:30:00,22.82,
2021-10-12 00:45:00,22.87,
2021-10-12 01:00:00,22.93,
2021-10-12 01:15:00,22.95,
2021-10-12 01:30:00,22.92,
2021-10-12 01:45:00,22.94,
2021-10-12 02:00:00,22.92,
2021-10-12 02:15:00,22.92,
2021-10-12 02:30:00,23.0,
2021-10-12 02:45:00,23.02,
2021-10-12 03:00:00,23.01,
2021-10-12 03:15:00,22.99,
2021-10-12 03:30:00,23.08,
2021-10-12 03:45:00,23.1,
2021-10-12 04:00:00,23.08,
2021-10-12 04:15:00,23.12,
2021-10-12 04:30:00,23.25,
2021-10-12 04:45:00,23.3,
2021-10-12 05:00:00,23.4,
2021-10-12 05:15:00,23.44,
2021-10-12 05:30:00,23.52,
2021-10-12 05:45:00,23.43,
2021-10-12 06:00:00,23.44,
2021-10-12 06:15:00,23.38,
2021-10-12 06:30:00,23.17,
2021-10-12 06:45:00,23.1,
2021-10-12 07:00:00,23.07,
2021-10-12 07:15:00,22.92,
2021-10-12 07:30:00,22.78,
2021-10-12 07:45:00,22.8,
2021-10-12 08:00:00,22.73,
2021-10-12 08:15:00,22.66,
2021-10-12 08:30:00,22.58,
2021-10-12 08:45:00,22.49,
2021-10-12 09:00:00,22.37,
2021-10-12 09:15:00,22.32,
2021-10-12 09:30:00,22.28,
2021-10-12 09:45:00,22.25,
2021-10-12 10:00:00,22.21,
2021-10-12 10:15:00,22.15,
2021-10-12 10:30:00,22.04,
2021-10-12 10:45:00,22.04,
2021-10-12 11:00:00,22.03,
2021-10-12 11:15:00,21.96,
2021-10-12 11:30:00,22.0,
2021-10-12 11:45:00,22.08,
2021-10-12 12:00:00,22.05,
2021-10-12 12:15:00,21.96,
2021-10-12 12:30:00,21.98,
2021-10-12 12:45:00,21.9,
2021-10-12 13:00:00,21.87,
2021-10-12 13:15:00,21.95,
2021-10-12 13:30:00,21.93,
2021-10-12 13:45:00,21.91,
2021-10-12 14:00:00,21.94,
2021-10-12 14:15:00,21.91,
2021-10-12 14:30:00,21.98,
2021-10-12 14:45:00,21.92,
2021-10-12 15:00:00,22.01,
2021-10-12 15:15:00,22.01,
2021-10-12 15:30:00,22.01,
2021-10-12 15:45:00,22.04,
2021-10-12 16:00:00,22.02,
2021-10-12 16:15:00,22.0,
2021-10-12 16:30:00,21.99,
2021-10-12 16:45:00,22.03,
2021-10-12 17:00:00,21.98,
2021-10-12 17:15:00,21.95,
2021-10-12 17:30:00,21.99,
2021-10-12 17:45:00,22.01,
2021-10-12 18:00:00,22.01,
2021-10-12 18:15:00,22.02,
2021-10-12 18:30:00,22.02,
2021-10-12 18:45:00,21.87,
2021-10-12 19:00:00,21.87,
2021-10-12 19:15:00,21.82,
2021-10-12 19:30:00,21.81,
2021-10-12 19:45:00,21.83,
2021-10-12 20:00:00,21.8,
2021-10-12 20:15:00,21.78,
2021-10-12 20:30:00,21.76,
2021-10-12 20:45:00,21.71,
2021-10-12 21:00:00,21.7,
2021-10-12 21:15:00,21.69,
2021-10-12 21:30:00,21.6,
2021-10-12 21:45:00,21.54,
2021-10-12 22:00:00,21.54,
2021-10-12 22:15:00,21.53,
2021-10-12 22:30:00,21.4,
2021-10-12 22:45:00,21.41,
2021-10-12 23:00:00,21.46,
2021-10-12 23:15:00,21.45,
2021-10-12 23:30:00,21.43,
2021-10-12 23:45:00,21.38,
2021-10-13 00:00:00,21.39,
2021-10-13 00:15:00,21.37,
2021-10-13 00:30:00,21.32,
2021-10-13 00:45:00,21.25,
2021-10-13 01:00:00,21.24,
2021-10-13 01:15:00,21.27,
2021-10-13 01:30:00,21.17,
2021-10-13 01:45:00,21.18,
2021-10-13 02:00:00,21.17,
2021-10-13 02:15:00,21.16,
2021-10-13 02:30:00,21.14,
2021-10-13 02:45:00,21.14,
2021-10-13 03:00:00,21.12,
2021-10-13 03:15:00,21.1,
2021-10-13 03:30:00,21.09,
2021-10-13 03:45:00,21.14,
2021-10-13 04:00:00,21.15,
2021-10-13 04:15:00,21.11,
2021-10-13 04:30:00,21.11,
2021-10-13 04:45:00,21.15,
2021-10-13 05:00:00,21.16,
2021-10-13 05:15:00,21.13,
2021-10-13 05:30:00,21.07,
2021-10-13 05:45:00,21.05,
2021-10-13 06:00:00,21.03,
2021-10-13 06:15:00,21.06,
2021-10-13 06:30:00,21.0,
2021-10-13 06:45:00,20.98,
2021-10-13 07:00:00,21.09,
2021-10-13 07:15:00,21.02,
2021-10-13 07:30:00,21.02,
2021-10-13 07:45:00,21.01,
2021-10-13 08:00:00,21.02,
2021-10-13 08:15:00,20.97,
2021-10-13 08:30:00,20.99,
2021-10-13 08:45:00,20.97,
2021-10-13 09:00:00,20.97,
2021-10-13 09:15:00,20.99,
2021-10-13 09:30:00,21.04,
2021-10-13 09:45:00,21.05,
2021-10-13 10:00:00,21.06,
2021-10-13 10:15:00,21.1,
2021-10-13 10:30:00,21.13,
2021-10-13 10:45:00,21.1,
2021-10-13 11:00:00,21.09,
2021-10-13 11:15:00,21.11,
2021-10-13 11:30:00,21.11,
2021-10-13 11:45:00,21.08,
2021-10-13 12:00:00,21.16,
2021-10-13 12:15:00,21.11,
2021-10-13 12:30:00,21.13,
2021-10-13 12:45:00,21.09,
2021-10-13 13:00:00,21.1,
2021-10-13 13:15:00,21.17,
2021-10-13 13:30:00,21.19,
2021-10-13 13:45:00,21.24,
2021-10-13 14:00:00,21.25,
2021-10-13 14:15:00,21.23,
2021-10-13 14:30:00,21.25,
2021-10-13 14:45:00,21.27,
2021-10-13 15:00:00,21.25,
2021-10-13 15:15:00,21.36,
2021-10-13 15:30:00,21.33,
2021-10-13 15:45:00,21.36,
2021-10-13 16:00:00,21.36,
2021-10-13 16:15:00,21.33,
2021-10-13 16:30:00,21.38,
2021-10-13 16:45:00,21.31,
2021-10-13 17:00:00,21.28,
2021-10-13 17:15:00,21.27,
2021-10-13 17:30:00,21.31,
2021-10-13 17:45:00,21.27,
2021-10-13 18:00:00,21.3,
2021-10-13 18:15:00,21.29,
2021-10-13 18:30:00,21.26,
2021-10-13 18:45:00,21.29,
2021-10-13 19:00:00,21.23,
2021-10-13 19:15:00,21.22,
2021-10-13 19:30:00,21.22,
2021-10-13 19:45:00,21.22,
2021-10-13 20:00:00,21.24,
2021-10-13 20:15:00,21.18,
2021-10-13 20:30:00,21.25,
2021-10-13 20:45:00,21.25,
2021-10-13 21:00:00,21.2,
2021-10-13 21:15:00,21.26,
2021-10-13 21:30:00,21.27,
2021-10-13 21:45:00,21.16,
2021-10-13 22:00:00,21.11,
2021-10-13 22:15:00,21.05,
2021-10-13 22:30:00,21.04,
2021-10-13 22:45:00,21.07,
2021-10-13 23:00:00,21.09,
2021-10-13 23:15:00,21.1,
2021-10-13 23:30:00,21.02,
2021-10-13 23:45:00,21.07,
2021-10-14 00:00:00,21.08,
2021-10-14 00:15:00,21.08,
2021-10-14 00:30:00,21.1,
2021-10-14 00:45:00,21.11,
2021-10-14 01:00:00,21.12,
2021-10-14 01:15:00,21.1,
2021-10-14 01:30:00,21.15,
2021-10-14 01:45:00,21.09,
2021-10-14 02:00:00,21.08,
2021-10-14 02:15:00,21.07,
2021-10-14 02:30:00,21.02,
2021-10-14 02:45:00,21.07,
2021-10-14 03:00:00,21.04,
2021-10-14 03:15:00,20.99,
2021-10-14 03:30:00,21.05,
2021-10-14 03:45:00,21.04,
2021-10-14 04:00:00,21.03,
2021-10-14 04:15:00,21.01,
2021-10-14 04:30:00,21.02,
2021-10-14 04:45:00,21.07,
2021-10-14 05:00:00,21.05,
2021-10-14 05:15:00,21.1,
2021-10-14 05:30:00,21.1,
2021-10-14 05:45:00,21.04,
2021-10-14 06:00:00,21.09,
2021-10-14 06:15:00,21.05,
2021-10-14 06:30:00,21.05,
2021-10-14 06:45:00,21.06,
2021-10-14 07:00:00,21.07,
2021-10-14 07:15:00,21.04,
2021-10-14 07:30:00,21.04,
2021-10-14 07:45:00,21.05,
2021-10-14 08:00:00,21.09,
2021-10-14 08:15:00,21.04,
2021-10-14 08:30:00,21.07,
2021-10-14 08:45:00,21.08,
2021-10-14 09:00:00,21.1,
2021-10-14 09:15:00,21.14,
2021-10-14 09:30:00,21.16,
2021-10-14 09:45:00,21.13,
2021-10-14 10:00:00,21.14,
2021-10-14 10:15:00,21.11,
2021-10-14 10:30:00,21.1,
2021-10-14 10:45:00,21.11,
2021-10-14 11:00:00,21.13,
2021-10-14 11:15:00,21.13,
2021-10-14 11:30:00,21.05,
2021-10-14 11:45:00,21.03,
2021-10-14 12:00:00,21.12,
2021-10-14 12:15:00,21.11,
2021-10-14 12:30:00,21.13,
2021-10-14 12:45:00,21.05,
2021-10-14 13:00:00,21.04,LI
2021-10-14 13:15:00,21.03,
2021-10-14 13:30:00,21.01,
2021-10-14 13:45:00,21.00011734028683,
2021-10-14 14:00:00,20.97023468057366,
2021-10-14 14:15:00,21.0103520208605,
2021-10-14 14:30:00,20.96046936114733,
2021-10-14 14:45:00,20.990586701434157,
2021-10-14 15:00:00,20.96070404172099,
2021-10-14 15:15:00,20.98082138200782,
2021-10-14 15:30:00,20.920938722294657,
2021-10-14 15:45:00,20.941056062581488,
2021-10-14 16:00:00,20.991173402868316,
2021-10-14 16:15:00,20.89129074315515,
2021-10-14 16:30:00,20.91140808344198,
2021-10-14 16:45:00,20.901525423728813,
2021-10-14 17:00:00,20.961642764015647,
2021-10-14 17:15:00,20.841760104302477,
2021-10-14 17:30:00,20.89187744458931,
2021-10-14 17:45:00,20.871994784876144,
2021-10-14 18:00:00,20.892112125162978,
2021-10-14 18:15:00,20.892229465449805,
2021-10-14 18:30:00,20.882346805736635,
2021-10-14 18:45:00,20.872464146023468,
2021-10-14 19:00:00,20.8425814863103,
2021-10-14 19:15:00,20.842698826597132,
2021-10-14 19:30:00,20.802816166883964,
2021-10-14 19:45:00,20.832933507170793,
2021-10-14 20:00:00,20.783050847457627,
2021-10-14 20:15:00,20.82316818774446,
2021-10-14 20:30:00,20.763285528031293,
2021-10-14 20:45:00,20.77340286831812,
2021-10-14 21:00:00,20.80352020860495,
2021-10-14 21:15:00,20.783637548891782,
2021-10-14 21:30:00,20.73375488917862,
2021-10-14 21:45:00,20.75387222946545,
2021-10-14 22:00:00,20.783989569752283,
2021-10-14 22:15:00,20.704106910039112,
2021-10-14 22:30:00,20.734224250325944,
2021-10-14 22:45:00,20.66434159061278,
2021-10-14 23:00:00,20.69445893089961,
2021-10-14 23:15:00,20.67457627118644,
2021-10-14 23:30:00,20.66469361147327,
2021-10-14 23:45:00,20.664810951760103,
2021-10-15 00:00:00,20.734928292046938,
2021-10-15 00:15:00,20.66504563233377,
2021-10-15 00:30:00,20.6651629726206,
2021-10-15 00:45:00,20.64528031290743,
2021-10-15 01:00:00,20.665397653194265,
2021-10-15 01:15:00,20.655514993481095,
2021-10-15 01:30:00,20.645632333767928,
2021-10-15 01:45:00,20.59574967405476,
2021-10-15 02:00:00,20.655867014341588,
2021-10-15 02:15:00,20.655984354628423,
2021-10-15 02:30:00,20.626101694915256,
2021-10-15 02:45:00,20.59621903520209,
2021-10-15 03:00:00,20.60633637548892,
2021-10-15 03:15:00,20.636453715775747,
2021-10-15 03:30:00,20.616571056062583,
2021-10-15 03:45:00,20.606688396349416,
2021-10-15 04:00:00,20.606805736636247,
2021-10-15 04:15:00,20.596923076923076,
2021-10-15 04:30:00,20.527040417209907,
2021-10-15 04:45:00,20.557157757496743,
2021-10-15 05:00:00,20.557275097783577,
2021-10-15 05:15:00,20.567392438070403,
2021-10-15 05:30:00,20.607509778357237,
2021-10-15 05:45:00,20.527627118644062,
2021-10-15 06:00:00,20.5477444589309,
2021-10-15 06:15:00,20.577861799217732,
2021-10-15 06:30:00,20.507979139504563,
2021-10-15 06:45:00,20.538096479791395,
2021-10-15 07:00:00,20.538213820078223,
2021-10-15 07:15:00,20.58833116036506,
2021-10-15 07:30:00,20.558448500651892,
2021-10-15 07:45:00,20.50856584093872,
2021-10-15 08:00:00,20.55868318122555,
2021-10-15 08:15:00,20.538800521512385,
2021-10-15 08:30:00,20.60891786179922,
2021-10-15 08:45:00,20.53903520208605,
2021-10-15 09:00:00,20.54915254237288,
2021-10-15 09:15:00,20.56926988265971,
2021-10-15 09:30:00,20.599387222946543,
2021-10-15 09:45:00,20.619504563233377,
2021-10-15 10:00:00,20.569621903520208,
2021-10-15 10:15:00,20.61973924380704,
2021-10-15 10:30:00,20.679856584093873,
2021-10-15 10:45:00,20.709973924380705,
2021-10-15 11:00:00,20.760091264667537,
2021-10-15 11:15:00,20.760208604954368,
2021-10-15 11:30:00,20.7603259452412,
2021-10-15 11:45:00,20.81044328552803,
2021-10-15 12:00:00,20.770560625814863,
2021-10-15 12:15:00,20.820677966101695,
2021-10-15 12:30:00,20.850795306388527,
2021-10-15 12:45:00,20.820912646675357,
2021-10-15 13:00:00,20.821029986962188,
2021-10-15 13:15:00,20.881147327249025,
2021-10-15 13:30:00,20.971264667535856,
2021-10-15 13:45:00,20.891382007822685,
2021-10-15 14:00:00,20.941499348109517,
2021-10-15 14:15:00,20.95161668839635,
2021-10-15 14:30:00,20.961734028683185,
2021-10-15 14:45:00,21.021851368970015,
2021-10-15 15:00:00,20.981968709256844,
2021-10-15 15:15:00,20.942086049543676,
2021-10-15 15:30:00,21.032203389830507,
2021-10-15 15:45:00,20.972320730117342,
2021-10-15 16:00:00,20.962438070404172,
2021-10-15 16:15:00,20.972555410691005,
2021-10-15 16:30:00,20.96267275097783,
2021-10-15 16:45:00,20.912790091264664,
2021-10-15 17:00:00,20.9229074315515,
2021-10-15 17:15:00,20.87302477183833,
2021-10-15 17:30:00,20.853142112125163,
2021-10-15 17:45:00,20.83325945241199,
2021-10-15 18:00:00,20.903376792698825,
2021-10-15 18:15:00,20.83349413298566,
2021-10-15 18:30:00,20.80361147327249,
2021-10-15 18:45:00,20.74372881355932,
2021-10-15 19:00:00,20.743846153846153,
2021-10-15 19:15:00,20.68396349413299,
2021-10-15 19:30:00,20.664080834419817,
2021-10-15 19:45:00,20.664198174706648,
2021-10-15 20:00:00,20.68431551499348,
2021-10-15 20:15:00,20.684432855280313,
2021-10-15 20:30:00,20.684550195567148,
2021-10-15 20:45:00,20.68466753585398,
2021-10-15 21:00:00,20.734784876140807,
2021-10-15 21:15:00,20.73490221642764,
2021-10-15 21:30:00,20.71501955671447,
2021-10-15 21:45:00,20.705136897001307,
2021-10-15 22:00:00,20.635254237288137,
2021-10-15 22:15:00,20.59537157757497,
2021-10-15 22:30:00,20.6454889178618,
2021-10-15 22:45:00,20.60560625814863,
2021-10-15 23:00:00,20.555723598435463,
2021-10-15 23:15:00,20.555840938722294,
2021-10-15 23:30:00,20.545958279009128,
2021-10-15 23:45:00,20.556075619295957,
2021-10-16 00:00:00,20.52619295958279,
2021-10-16 00:15:00,20.456310299869624,
2021-10-16 00:30:00,20.516427640156454,
2021-10-16 00:45:00,20.486544980443284,
2021-10-16 01:00:00,20.476662320730117,
2021-10-16 01:15:00,20.45677966101695,
2021-10-16 01:30:00,20.436897001303784,
2021-10-16 01:45:00,20.477014341590618,
2021-10-16 02:00:00,20.377131681877444,
2021-10-16 02:15:00,20.377249022164275,
2021-10-16 02:30:00,20.407366362451107,
2021-10-16 02:45:00,20.41748370273794,
2021-10-16 03:00:00,20.367601043024777,
2021-10-16 03:15:00,20.407718383311604,
2021-10-16 03:30:00,20.387835723598435,
2021-10-16 03:45:00,20.37795306388527,
2021-10-16 04:00:00,20.3480704041721,
2021-10-16 04:15:00,20.35818774445893,
2021-10-16 04:30:00,20.408305084745763,
2021-10-16 04:45:00,20.438422425032595,
2021-10-16 05:00:00,20.43853976531943,
2021-10-16 05:15:00,20.40865710560626,
2021-10-16 05:30:00,20.438774445893092,
2021-10-16 05:45:00,20.38889178617992,
2021-10-16 06:00:00,20.34900912646675,
2021-10-16 06:15:00,20.359126466753587,
2021-10-16 06:30:00,20.22924380704042,
2021-10-16 06:45:00,20.35936114732725,
2021-10-16 07:00:00,20.40947848761408,
2021-10-16 07:15:00,20.35959582790091,
2021-10-16 07:30:00,20.429713168187742,
2021-10-16 07:45:00,20.399830508474576,
2021-10-16 08:00:00,20.38994784876141,
2021-10-16 08:15:00,20.39006518904824,
2021-10-16 08:30:00,20.440182529335072,
2021-10-16 08:45:00,20.420299869621903,
2021-10-16 09:00:00,20.450417209908736,
2021-10-16 09:15:00,20.49053455019557,
2021-10-16 09:30:00,20.5206518904824,
2021-10-16 09:45:00,20.490769230769228,
2021-10-16 10:00:00,20.520886571056064,
2021-10-16 10:15:00,20.561003911342898,
2021-10-16 10:30:00,20.581121251629725,
2021-10-16 10:45:00,20.55123859191656,
2021-10-16 11:00:00,20.63135593220339,
2021-10-16 11:15:00,20.58147327249022,
2021-10-16 11:30:00,20.671590612777052,
2021-10-16 11:45:00,20.64170795306389,
2021-10-16 12:00:00,20.69182529335072,
2021-10-16 12:15:00,20.75194263363755,
2021-10-16 12:30:00,20.72205997392438,
2021-10-16 12:45:00,20.712177314211218,
2021-10-16 13:00:00,20.712294654498045,
2021-10-16 13:15:00,20.732411994784876,
2021-10-16 13:30:00,20.71252933507171,
2021-10-16 13:45:00,20.73264667535854,
2021-10-16 14:00:00,20.74276401564537,
2021-10-16 14:15:00,20.732881355932204,
2021-10-16 14:30:00,20.812998696219033,
2021-10-16 14:45:00,20.80311603650587,
2021-10-16 15:00:00,20.7832333767927,
2021-10-16 15:15:00,20.74335071707953,
2021-10-16 15:30:00,20.79346805736636,
2021-10-16 15:45:00,20.76358539765319,
2021-10-16 16:00:00,20.743702737940023,
2021-10-16 16:15:00,20.75382007822686,
2021-10-16 16:30:00,20.75393741851369,
2021-10-16 16:45:00,20.70405475880052,
2021-10-16 17:00:00,20.684172099087352,
2021-10-16 17:15:00,20.694289439374188,
2021-10-16 17:30:00,20.614406779661017,
2021-10-16 17:45:00,20.57452411994785,
2021-10-16 18:00:00,20.59464146023468,
2021-10-16 18:15:00,20.554758800521512,
2021-10-16 18:30:00,20.554876140808343,
2021-10-16 18:45:00,20.494993481095175,
2021-10-16 19:00:00,20.495110821382006,
2021-10-16 19:15:00,20.48522816166884,
2021-10-16 19:30:00,20.39534550195567,
2021-10-16 19:45:00,20.415462842242505,
2021-10-16 20:00:00,20.415580182529336,
2021-10-16 20:15:00,20.395697522816167,
2021-10-16 20:30:00,20.385814863102997,
2021-10-16 20:45:00,20.365932203389832,
2021-10-16 21:00:00,20.346049543676664,
2021-10-16 21:15:00,20.296166883963497,
2021-10-16 21:30:00,20.32628422425033,
2021-10-16 21:45:00,20.346401564537157,
2021-10-16 22:00:00,20.38651890482399,
2021-10-16 22:15:00,20.326636245110823,
2021-10-16 22:30:00,20.366753585397653,
2021-10-16 22:45:00,20.436870925684484,
2021-10-16 23:00:00,20.466988265971317,
2021-10-16 23:15:00,20.50710560625815,
2021-10-16 23:30:00,20.537222946544983,
2021-10-16 23:45:00,20.547340286831812,
2021-10-17 00:00:00,20.487457627118644,
2021-10-17 00:15:00,20.52757496740547,
2021-10-17 00:30:00,20.48769230769231,
2021-10-17 00:45:00,20.36780964797914,
2021-10-17 01:00:00,20.35792698826597,
2021-10-17 01:15:00,20.238044328552803,
2021-10-17 01:30:00,20.23816166883963,
2021-10-17 01:45:00,20.16827900912647,
2021-10-17 02:00:00,20.158396349413295,
2021-10-17 02:15:00,20.15851368970013,
2021-10-17 02:30:00,20.198631029986963,
2021-10-17 02:45:00,20.218748370273794,
2021-10-17 03:00:00,20.338865710560626,
2021-10-17 03:15:00,20.32898305084746,
2021-10-17 03:30:00,20.31910039113429,
2021-10-17 03:45:00,20.27921773142112,
2021-10-17 04:00:00,20.309335071707956,
2021-10-17 04:15:00,20.299452411994785,
2021-10-17 04:30:00,20.279569752281617,
2021-10-17 04:45:00,20.34968709256845,
2021-10-17 05:00:00,20.32980443285528,
2021-10-17 05:15:00,20.389921773142113,
2021-10-17 05:30:00,20.400039113428942,
2021-10-17 05:45:00,20.330156453715777,
2021-10-17 06:00:00,20.360273794002605,
2021-10-17 06:15:00,20.29039113428944,
2021-10-17 06:30:00,20.300508474576272,
2021-10-17 06:45:00,20.360625814863106,
2021-10-17 07:00:00,20.350743155149935,
2021-10-17 07:15:00,20.340860495436765,
2021-10-17 07:30:00,20.320977835723596,
2021-10-17 07:45:00,20.36109517601043,
2021-10-17 08:00:00,20.321212516297265,
2021-10-17 08:15:00,20.411329856584093,
2021-10-17 08:30:00,20.391447196870924,
2021-10-17 08:45:00,20.441564537157756,
2021-10-17 09:00:00,20.451681877444592,
2021-10-17 09:15:00,20.48179921773142,
2021-10-17 09:30:00,20.52191655801825,
2021-10-17 09:45:00,20.52203389830508,
2021-10-17 10:00:00,20.532151238591915,
2021-10-17 10:15:00,20.54226857887875,
2021-10-17 10:30:00,20.57238591916558,
2021-10-17 10:45:00,20.59250325945241,
2021-10-17 11:00:00,20.632620599739244,
2021-10-17 11:15:00,20.60273794002607,
2021-10-17 11:30:00,20.60285528031291,
2021-10-17 11:45:00,20.65297262059974,
2021-10-17 12:00:00,20.633089960886572,
2021-10-17 12:15:00,20.6832073011734,
2021-10-17 12:30:00,20.72332464146024,
2021-10-17 12:45:00,20.63344198174707,
2021-10-17 13:00:00,20.733559322033894,
2021-10-17 13:15:00,20.78367666232073,
2021-10-17 13:30:00,20.67379400260756,
2021-10-17 13:45:00,20.723911342894397,
2021-10-17 14:00:00,20.704028683181228,
2021-10-17 14:15:00,20.65414602346806,
2021-10-17 14:30:00,20.70426336375489,
2021-10-17 14:45:00,20.64438070404172,
2021-10-17 15:00:00,20.55449804432855,
2021-10-17 15:15:00,20.574615384615385,
2021-10-17 15:30:00,20.544732724902214,
2021-10-17 15:45:00,20.49485006518905,
2021-10-17 16:00:00,20.58496740547588,
2021-10-17 16:15:00,20.52508474576271,
2021-10-17 16:30:00,20.545202086049542,
2021-10-17 16:45:00,20.585319426336376,
2021-10-17 17:00:00,20.475436766623208,
2021-10-17 17:15:00,20.49555410691004,
2021-10-17 17:30:00,20.515671447196873,
2021-10-17 17:45:00,20.485788787483703,
2021-10-17 18:00:00,20.455906127770536,
2021-10-17 18:15:00,20.406023468057366,
2021-10-17 18:30:00,20.466140808344196,
2021-10-17 18:45:00,20.53625814863103,
2021-10-17 19:00:00,20.43637548891786,
2021-10-17 19:15:00,20.486492829204693,
2021-10-17 19:30:00,20.406610169491525,
2021-10-17 19:45:00,20.36672750977835,
2021-10-17 20:00:00,20.37684485006519,
2021-10-17 20:15:00,20.41696219035202,
2021-10-17 20:30:00,20.43707953063885,
2021-10-17 20:45:00,20.427196870925684,
2021-10-17 21:00:00,20.42731421121252,
2021-10-17 21:15:00,20.38743155149935,
2021-10-17 21:30:00,20.36754889178618,
2021-10-17 21:45:00,20.34766623207301,
2021-10-17 22:00:00,20.23778357235984,
2021-10-17 22:15:00,20.327900912646676,
2021-10-17 22:30:00,20.368018252933503,
2021-10-17 22:45:00,20.32813559322034,
2021-10-17 23:00:00,20.36825293350717,
2021-10-17 23:15:00,20.338370273794,
2021-10-17 23:30:00,20.318487614080837,
2021-10-17 23:45:00,20.288604954367667,
2021-10-18 00:00:00,20.278722294654496,
2021-10-18 00:15:00,20.37883963494133,
2021-10-18 00:30:00,20.36895697522816,
2021-10-18 00:45:00,20.30907431551499,
2021-10-18 01:00:00,20.309191655801826,
2021-10-18 01:15:00,20.339308996088658,
2021-10-18 01:30:00,20.399426336375488,
2021-10-18 01:45:00,20.28954367666232,
2021-10-18 02:00:00,20.279661016949152,
2021-10-18 02:15:00,20.349778357235984,
2021-10-18 02:30:00,20.309895697522816,
2021-10-18 02:45:00,20.400013037809646,
2021-10-18 03:00:00,20.350130378096477,
2021-10-18 03:15:00,20.380247718383313,
2021-10-18 03:30:00,20.320365058670145,
2021-10-18 03:45:00,20.310482398956974,
2021-10-18 04:00:00,20.260599739243805,
2021-10-18 04:15:00,20.360717079530637,
2021-10-18 04:30:00,20.38083441981747,
2021-10-18 04:45:00,20.360951760104303,
2021-10-18 05:00:00,20.341069100391135,
2021-10-18 05:15:00,20.391186440677966,
2021-10-18 05:30:00,20.3613037809648,
2021-10-18 05:45:00,20.40142112125163,
2021-10-18 06:00:00,20.341538461538462,
2021-10-18 06:15:00,20.201655801825293,
2021-10-18 06:30:00,20.21177314211213,
2021-10-18 06:45:00,20.23189048239896,
2021-10-18 07:00:00,20.25200782268579,
2021-10-18 07:15:00,20.302125162972622,
2021-10-18 07:30:00,20.342242503259452,
2021-10-18 07:45:00,20.322359843546284,
2021-10-18 08:00:00,20.332477183833117,
2021-10-18 08:15:00,20.312594524119948,
2021-10-18 08:30:00,20.38271186440678,
2021-10-18 08:45:00,20.34282920469361,
2021-10-18 09:00:00,20.392946544980443,
2021-10-18 09:15:00,20.413063885267277,
2021-10-18 09:30:00,20.443181225554103,
2021-10-18 09:45:00,20.45329856584094,
2021-10-18 10:00:00,20.45341590612777,
2021-10-18 10:15:00,20.4635332464146,
2021-10-18 10:30:00,20.523650586701436,
2021-10-18 10:45:00,20.533767926988265,
2021-10-18 11:00:00,20.533885267275096,
2021-10-18 11:15:00,20.55400260756193,
2021-10-18 11:30:00,20.57411994784876,
2021-10-18 11:45:00,20.54423728813559,
2021-10-18 12:00:00,20.544354628422425,
2021-10-18 12:15:00,20.514471968709255,
2021-10-18 12:30:00,20.59458930899609,
2021-10-18 12:45:00,20.54470664928292,
2021-10-18 13:00:00,20.57482398956975,
2021-10-18 13:15:00,20.554941329856582,
2021-10-18 13:30:00,20.535058670143417,
2021-10-18 13:45:00,20.505176010430247,
2021-10-18 14:00:00,20.53529335071708,
2021-10-18 14:15:00,20.53541069100391,
2021-10-18 14:30:00,20.535528031290745,
2021-10-18 14:45:00,20.545645371577574,
2021-10-18 15:00:00,20.52576271186441,
2021-10-18 15:15:00,20.58588005215124,
2021-10-18 15:30:00,20.52599739243807,
2021-10-18 15:45:00,20.566114732724905,
2021-10-18 16:00:00,20.506232073011734,
2021-10-18 16:15:00,20.526349413298565,
2021-10-18 16:30:00,20.5264667535854,
2021-10-18 16:45:00,20.49658409387223,
2021-10-18 17:00:00,20.466701434159063,
2021-10-18 17:15:00,20.416818774445893,
2021-10-18 17:30:00,20.396936114732725,
2021-10-18 17:45:00,20.36705345501956,
2021-10-18 18:00:00,20.46717079530639,
2021-10-18 18:15:00,20.45728813559322,
2021-10-18 18:30:00,20.417405475880052,
2021-10-18 18:45:00,20.327522816166884,
2021-10-18 19:00:00,20.337640156453716,
2021-10-18 19:15:00,20.337757496740547,
2021-10-18 19:30:00,20.27787483702738,
2021-10-18 19:45:00,20.35799217731421,
2021-10-18 20:00:00,20.33810951760104,
2021-10-18 20:15:00,20.348226857887877,
2021-10-18 20:30:00,20.39834419817471,
2021-10-18 20:45:00,20.41846153846154,
2021-10-18 21:00:00,20.30857887874837,
2021-10-18 21:15:00,20.398696219035205,
2021-10-18 21:30:00,20.438813559322035,
2021-10-18 21:45:00,20.418930899608867,
2021-10-18 22:00:00,20.389048239895697,
2021-10-18 22:15:00,20.39916558018253,
2021-10-18 22:30:00,20.42928292046936,
2021-10-18 22:45:00,20.389400260756194,
2021-10-18 23:00:00,20.399517601043023,
2021-10-18 23:15:00,20.429634941329855,
2021-10-18 23:30:00,20.35975228161669,
2021-10-18 23:45:00,20.38986962190352,
2021-10-19 00:00:00,20.35998696219035,
2021-10-19 00:15:00,20.370104302477184,
2021-10-19 00:30:00,20.350221642764016,
2021-10-19 00:45:00,20.380338983050844,
2021-10-19 01:00:00,20.57045632333768,
2021-10-19 01:15:00,20.720573663624513,
2021-10-19 01:30:00,20.920691003911344,
2021-10-19 01:45:00,21.230808344198177,
2021-10-19 02:00:00,21.35092568448501,
2021-10-19 02:15:00,21.43104302477184,
2021-10-19 02:30:00,21.55116036505867,
2021-10-19 02:45:00,21.6612777053455,
2021-10-19 03:00:00,21.821395045632332,
2021-10-19 03:15:00,21.97151238591917,
2021-10-19 03:30:00,22.031629726206,
2021-10-19 03:45:00,22.14174706649283,
2021-10-19 04:00:00,22.331864406779665,
2021-10-19 04:15:00,22.491981747066493,
2021-10-19 04:30:00,22.70209908735332,
2021-10-19 04:45:00,22.81221642764016,
2021-10-19 05:00:00,22.882333767926987,
2021-10-19 05:15:00,23.21245110821382,
2021-10-19 05:30:00,23.402568448500652,
2021-10-19 05:45:00,23.362685788787484,
2021-10-19 06:00:00,23.412803129074316,
2021-10-19 06:15:00,23.462920469361148,
2021-10-19 06:30:00,23.49303780964798,
2021-10-19 06:45:00,23.52315514993481,
2021-10-19 07:00:00,23.633272490221643,
2021-10-19 07:15:00,23.603389830508476,
2021-10-19 07:30:00,23.47350717079531,
2021-10-19 07:45:00,23.363624511082136,
2021-10-19 08:00:00,23.293741851368967,
2021-10-19 08:15:00,23.2038591916558,
2021-10-19 08:30:00,23.023976531942633,
2021-10-19 08:45:00,22.864093872229464,
2021-10-19 09:00:00,22.814211212516295,
2021-10-19 09:15:00,22.944328552803128,
2021-10-19 09:30:00,22.93444589308996,
2021-10-19 09:45:00,22.92456323337679,
2021-10-19 10:00:00,22.934680573663623,
2021-10-19 10:15:00,22.954797913950458,
2021-10-19 10:30:00,22.924915254237288,
2021-10-19 10:45:00,22.93503259452412,
2021-10-19 11:00:00,22.825149934810952,
2021-10-19 11:15:00,22.795267275097785,
2021-10-19 11:30:00,22.815384615384616,
2021-10-19 11:45:00,22.775501955671444,
2021-10-19 12:00:00,22.76561929595828,
2021-10-19 12:15:00,22.765736636245112,
2021-10-19 12:30:00,22.715853976531942,
2021-10-19 12:45:00,22.695971316818778,
2021-10-19 13:00:00,22.666088657105604,
2021-10-19 13:15:00,22.67620599739244,
2021-10-19 13:30:00,22.58632333767927,
2021-10-19 13:45:00,22.5564406779661,
2021-10-19 14:00:00,22.576558018252932,
2021-10-19 14:15:00,22.506675358539766,
2021-10-19 14:30:00,22.4967926988266,
2021-10-19 14:45:00,22.49691003911343,
2021-10-19 15:00:00,22.43702737940026,
2021-10-19 15:15:00,22.36714471968709,
2021-10-19 15:30:00,22.367262059973925,
2021-10-19 15:45:00,22.297379400260755,
2021-10-19 16:00:00,22.22749674054759,
2021-10-19 16:15:00,22.14761408083442,
2021-10-19 16:30:00,22.09773142112125,
2021-10-19 16:45:00,22.077848761408084,
2021-10-19 17:00:00,22.037966101694916,
2021-10-19 17:15:00,21.878083441981747,
2021-10-19 17:30:00,21.808200782268575,
2021-10-19 17:45:00,21.74831812255541,
2021-10-19 18:00:00,21.668435462842243,
2021-10-19 18:15:00,21.648552803129075,
2021-10-19 18:30:00,21.578670143415906,
2021-10-19 18:45:00,21.528787483702736,
2021-10-19 19:00:00,21.438904823989567,
2021-10-19 19:15:00,21.379022164276403,
2021-10-19 19:30:00,21.37913950456323,
2021-10-19 19:45:00,21.309256844850065,
2021-10-19 20:00:00,21.309374185136896,
2021-10-19 20:15:00,21.239491525423727,
2021-10-19 20:30:00,21.159608865710563,
2021-10-19 20:45:00,21.15972620599739,
2021-10-19 21:00:00,21.069843546284226,
2021-10-19 21:15:00,20.949960886571056,
2021-10-19 21:30:00,20.910078226857888,
2021-10-19 21:45:00,20.92019556714472,
2021-10-19 22:00:00,20.94031290743155,
2021-10-19 22:15:00,20.970430247718383,
2021-10-19 22:30:00,20.930547588005215,
2021-10-19 22:45:00,20.940664928292048,
2021-10-19 23:00:00,20.89078226857888,
2021-10-19 23:15:00,20.840899608865712,
2021-10-19 23:30:00,20.771016949152543,
2021-10-19 23:45:00,20.741134289439373,
2021-10-20 00:00:00,20.651251629726207,
2021-10-20 00:15:00,20.68136897001304,
2021-10-20 00:30:00,20.70148631029987,
2021-10-20 00:45:00,20.7216036505867,
2021-10-20 01:00:00,20.74172099087353,
2021-10-20 01:15:00,20.721838331160367,
2021-10-20 01:30:00,20.7719556714472,
2021-10-20 01:45:00,20.75207301173403,
2021-10-20 02:00:00,20.70219035202086,
2021-10-20 02:15:00,20.682307692307692,
2021-10-20 02:30:00,20.662425032594527,
2021-10-20 02:45:00,20.622542372881355,
2021-10-20 03:00:00,20.66265971316819,
2021-10-20 03:15:00,20.63277705345502,
2021-10-20 03:30:00,20.59289439374185,
2021-10-20 03:45:00,20.583011734028684,
2021-10-20 04:00:00,20.55312907431551,
2021-10-20 04:15:00,20.553246414602345,
2021-10-20 04:30:00,20.553363754889176,
2021-10-20 04:45:00,20.58348109517601,
2021-10-20 05:00:00,20.653598435462843,
2021-10-20 05:15:00,20.58371577574967,
2021-10-20 05:30:00,20.603833116036505,
2021-10-20 05:45:00,20.603950456323336,
2021-10-20 06:00:00,20.614067796610172,
2021-10-20 06:15:00,20.634185136897003,
2021-10-20 06:30:00,20.664302477183835,
2021-10-20 06:45:00,20.584419817470664,
2021-10-20 07:00:00,20.654537157757495,
2021-10-20 07:15:00,20.64465449804433,
2021-10-20 07:30:00,20.65477183833116,
2021-10-20 07:45:00,20.66488917861799,
2021-10-20 08:00:00,20.685006518904824,
2021-10-20 08:15:00,20.675123859191658,
2021-10-20 08:30:00,20.715241199478488,
2021-10-20 08:45:00,20.73535853976532,
2021-10-20 09:00:00,20.76547588005215,
2021-10-20 09:15:00,20.775593220338983,
2021-10-20 09:30:00,20.825710560625815,
2021-10-20 09:45:00,20.82582790091265,
2021-10-20 10:00:00,20.86594524119948,
2021-10-20 10:15:00,20.81606258148631,
2021-10-20 10:30:00,20.796179921773145,
2021-10-20 10:45:00,20.846297262059977,
2021-10-20 11:00:00,20.866414602346808,
2021-10-20 11:15:00,20.88653194263364,
2021-10-20 11:30:00,20.876649282920468,
2021-10-20 11:45:00,20.8967666232073,
2021-10-20 12:00:00,20.92688396349413,
2021-10-20 12:15:00,20.937001303780967,
2021-10-20 12:30:00,20.977118644067797,
2021-10-20 12:45:00,21.00723598435463,
2021-10-20 13:00:00,21.037353324641455,
2021-10-20 13:15:00,20.987470664928292,
2021-10-20 13:30:00,21.007588005215126,
2021-10-20 13:45:00,20.98770534550196,
2021-10-20 14:00:00,20.98782268578879,
2021-10-20 14:15:00,21.04794002607562,
2021-10-20 14:30:00,21.05805736636245,
2021-10-20 14:45:00,21.048174706649284,
2021-10-20 15:00:00,21.058292046936113,
2021-10-20 15:15:00,20.948409387222945,
2021-10-20 15:30:00,20.978526727509777,
2021-10-20 15:45:00,20.99864406779661,
2021-10-20 16:00:00,20.918761408083444,
2021-10-20 16:15:00,20.898878748370272,
2021-10-20 16:30:00,20.908996088657105,
2021-10-20 16:45:00,20.869113428943937,
2021-10-20 17:00:00,20.81923076923077,
2021-10-20 17:15:00,20.7993481095176,
2021-10-20 17:30:00,20.819465449804433,
2021-10-20 17:45:00,20.809582790091262,
2021-10-20 18:00:00,20.829700130378097,
2021-10-20 18:15:00,20.70981747066493,
2021-10-20 18:30:00,20.74993481095176,
2021-10-20 18:45:00,20.740052151238594,
2021-10-20 19:00:00,20.700169491525426,
2021-10-20 19:15:00,20.660286831812257,
2021-10-20 19:30:00,20.610404172099088,
2021-10-20 19:45:00,20.61052151238592,
2021-10-20 20:00:00,20.65063885267275,
2021-10-20 20:15:00,20.61075619295958,
2021-10-20 20:30:00,20.620873533246417,
2021-10-20 20:45:00,20.550990873533248,
2021-10-20 21:00:00,20.52110821382008,
2021-10-20 21:15:00,20.51122555410691,
2021-10-20 21:30:00,20.50134289439374,
2021-10-20 21:45:00,20.56146023468057,
2021-10-20 22:00:00,20.511577574967408,
2021-10-20 22:15:00,20.451694915254237,
2021-10-20 22:30:00,20.541812255541068,
2021-10-20 22:45:00,20.4919295958279,
2021-10-20 23:00:00,20.492046936114736,
2021-10-20 23:15:00,20.472164276401564,
2021-10-20 23:30:00,20.5122816166884,
2021-10-20 23:45:00,20.552398956975228,
2021-10-21 00:00:00,20.49251629726206,
2021-10-21 00:15:00,20.462633637548898,
2021-10-21 00:30:00,20.442750977835725,
2021-10-21 00:45:00,20.442868318122557,
2021-10-21 01:00:00,20.402985658409385,
2021-10-21 01:15:00,20.413102998696218,
2021-10-21 01:30:00,20.393220338983053,
2021-10-21 01:45:00,20.423337679269885,
2021-10-21 02:00:00,20.43345501955671,
2021-10-21 02:15:00,20.453572359843545,
2021-10-21 02:30:00,20.353689700130374,
2021-10-21 02:45:00,20.38380704041721,
2021-10-21 03:00:00,20.38392438070404,
2021-10-21 03:15:00,20.384041720990872,
2021-10-21 03:30:00,20.444159061277706,
2021-10-21 03:45:00,20.474276401564538,
2021-10-21 04:00:00,20.45439374185137,
2021-10-21 04:15:00,20.4845110821382,
2021-10-21 04:30:00,20.464628422425033,
2021-10-21 04:45:00,20.514745762711865,
2021-10-21 05:00:00,20.454863102998697,
2021-10-21 05:15:00,20.42498044328553,
2021-10-21 05:30:00,20.45509778357236,
2021-10-21 05:45:00,20.495215123859193,
2021-10-21 06:00:00,20.47533246414602,
2021-10-21 06:15:00,20.405449804432852,
2021-10-21 06:30:00,20.365567144719687,
2021-10-21 06:45:00,20.37568448500652,
2021-10-21 07:00:00,20.44580182529335,
2021-10-21 07:15:00,20.40591916558018,
2021-10-21 07:30:00,20.426036505867017,
2021-10-21 07:45:00,20.42615384615385,
2021-10-21 08:00:00,20.386271186440677,
2021-10-21 08:15:00,20.406388526727508,
2021-10-21 08:30:00,20.40650586701434,
2021-10-21 08:45:00,20.446623207301176,
2021-10-21 09:00:00,20.446740547588007,
2021-10-21 09:15:00,20.416857887874837,
2021-10-21 09:30:00,20.456975228161667,
2021-10-21 09:45:00,20.4870925684485,
2021-10-21 10:00:00,20.537209908735335,
2021-10-21 10:15:00,20.547327249022164,
2021-10-21 10:30:00,20.597444589308996,
2021-10-21 10:45:00,20.60756192959583,
2021-10-21 11:00:00,20.667679269882655,
2021-10-21 11:15:00,20.687796610169492,
2021-10-21 11:30:00,20.697913950456325,
2021-10-21 11:45:00,20.70803129074315,
2021-10-21 12:00:00,20.738148631029983,
2021-10-21 12:15:00,20.778265971316817,
2021-10-21 12:30:00,20.768383311603653,
2021-10-21 12:45:00,20.79850065189048,
2021-10-21 13:00:00,20.758617992177314,
2021-10-21 13:15:00,20.748735332464147,
2021-10-21 13:30:00,20.728852672750975,
2021-10-21 13:45:00,20.77897001303781,
2021-10-21 14:00:00,20.81908735332464,
2021-10-21 14:15:00,20.76920469361147,
2021-10-21 14:30:00,20.779322033898303,
2021-10-21 14:45:00,20.789439374185136,
2021-10-21 15:00:00,20.76955671447197,
2021-10-21 15:15:00,20.7596740547588,
2021-10-21 15:30:00,20.77979139504563,
2021-10-21 15:45:00,20.779908735332462,
2021-10-21 16:00:00,20.760026075619297,
2021-10-21 16:15:00,20.710143415906128,
2021-10-21 16:30:00,20.70026075619296,
2021-10-21 16:45:00,20.680378096479792,
2021-10-21 17:00:00,20.66049543676662,
2021-10-21 17:15:00,20.630612777053457,
2021-10-21 17:30:00,20.580730117340288,
2021-10-21 17:45:00,20.59084745762712,
2021-10-21 18:00:00,20.61096479791395,
2021-10-21 18:15:00,20.521082138200786,
2021-10-21 18:30:00,20.501199478487617,
2021-10-21 18:45:00,20.591316818774448,
2021-10-21 19:00:00,20.511434159061277,
2021-10-21 19:15:00,20.51155149934811,
2021-10-21 19:30:00,20.42166883963494,
2021-10-21 19:45:00,20.481786179921773,
2021-10-21 20:00:00,20.421903520208605,
2021-10-21 20:15:00,20.43202086049544,
2021-10-21 20:30:00,20.412138200782262,
2021-10-21 20:45:00,20.4522555410691,
2021-10-21 21:00:00,20.422372881355933,
2021-10-21 21:15:00,20.422490221642764,
2021-10-21 21:30:00,20.492607561929596,
2021-10-21 21:45:00,20.402724902216427,
2021-10-21 22:00:00,20.45284224250326,
2021-10-21 22:15:00,20.432959582790097,
2021-10-21 22:30:00,20.383076923076924,
2021-10-21 22:45:00,20.42319426336375,
2021-10-21 23:00:00,20.433311603650587,
2021-10-21 23:15:00,20.36342894393742,
2021-10-21 23:30:00,20.383546284224252,
2021-10-21 23:45:00,20.42366362451108,
2021-10-22 00:00:00,20.343780964797915,
2021-10-22 00:15:00,20.333898305084745,
2021-10-22 00:30:00,20.37401564537158,
2021-10-22 00:45:00,20.38413298565841,
2021-10-22 01:00:00,20.33425032594524,
2021-10-22 01:15:00,20.37436766623207,
2021-10-22 01:30:00,20.354485006518903,
2021-10-22 01:45:00,20.29460234680574,
2021-10-22 02:00:00,20.27471968709257,
2021-10-22 02:15:00,20.3348370273794,
2021-10-22 02:30:00,20.314954367666232,
2021-10-22 02:45:00,20.275071707953064,
2021-10-22 03:00:00,20.295189048239894,
2021-10-22 03:15:00,20.25530638852673,
2021-10-22 03:30:00,20.28542372881356,
2021-10-22 03:45:00,20.32554106910039,
2021-10-22 04:00:00,20.295658409387222,
2021-10-22 04:15:00,20.255775749674054,
2021-10-22 04:30:00,20.295893089960888,
2021-10-22 04:45:00,20.27601043024772,
2021-10-22 05:00:00,20.25612777053455,
2021-10-22 05:15:00,20.20624511082138,
2021-10-22 05:30:00,20.226362451108216,
2021-10-22 05:45:00,20.236479791395045,
2021-10-22 06:00:00,20.076597131681876,
2021-10-22 06:15:00,20.126714471968707,
2021-10-22 06:30:00,20.25683181225554,
2021-10-22 06:45:00,20.246949152542378,
2021-10-22 07:00:00,20.247066492829205,
2021-10-22 07:15:00,20.287183833116035,
2021-10-22 07:30:00,20.327301173402866,
2021-10-22 07:45:00,20.347418513689703,
2021-10-22 08:00:00,20.347535853976535,
2021-10-22 08:15:00,20.25765319426337,
2021-10-22 08:30:00,20.327770534550194,
2021-10-22 08:45:00,20.377887874837025,
2021-10-22 09:00:00,20.38800521512386,
2021-10-22 09:15:00,20.438122555410693,
2021-10-22 09:30:00,20.388239895697524,
2021-10-22 09:45:00,20.42835723598435,
2021-10-22 10:00:00,20.448474576271185,
2021-10-22 10:15:00,20.47859191655802,
2021-10-22 10:30:00,20.508709256844853,
2021-10-22 10:45:00,20.60882659713168,
2021-10-22 11:00:00,20.658943937418513,
2021-10-22 11:15:00,20.629061277705343,
2021-10-22 11:30:00,20.58917861799218,
2021-10-22 11:45:00,20.64929595827901,
2021-10-22 12:00:00,20.69941329856584,
2021-10-22 12:15:00,20.709530638852673,
2021-10-22 12:30:00,20.699647979139502,
2021-10-22 12:45:00,20.769765319426337,
2021-10-22 13:00:00,20.72988265971317,
2021-10-22 13:15:00,20.73,
2021-10-22 13:30:00,20.68011734028683,
2021-10-22 13:45:00,20.680234680573665,
2021-10-22 14:00:00,20.670352020860495,
2021-10-22 14:15:00,20.680469361147328,
2021-10-22 14:30:00,20.670586701434157,
2021-10-22 14:45:00,20.65070404172099,
2021-10-22 15:00:00,20.68082138200782,
2021-10-22 15:15:00,20.650938722294654,
2021-10-22 15:30:00,20.661056062581487,
2021-10-22 15:45:00,20.651173402868316,
2021-10-22 16:00:00,20.541290743155148,
2021-10-22 16:15:00,20.571408083441984,
2021-10-22 16:30:00,20.511525423728816,
2021-10-22 16:45:00,20.561642764015645,
2021-10-22 17:00:00,20.501760104302477,
2021-10-22 17:15:00,20.491877444589303,
2021-10-22 17:30:00,20.511994784876144,
2021-10-22 17:45:00,20.612112125162973,
2021-10-22 18:00:00,20.87222946544981,
2021-10-22 18:15:00,21.202346805736635,
2021-10-22 18:30:00,21.402464146023465,
2021-10-22 18:45:00,21.352581486310303,
2021-10-22 19:00:00,21.232698826597133,
2021-10-22 19:15:00,21.102816166883965,
2021-10-22 19:30:00,20.972933507170794,
2021-10-22 19:45:00,20.833050847457624,
2021-10-22 20:00:00,20.73316818774446,
2021-10-22 20:15:00,20.66328552803129,
2021-10-22 20:30:00,20.58340286831812,
2021-10-22 20:45:00,20.543520208604953,
2021-10-22 21:00:00,20.413637548891785,
2021-10-22 21:15:00,20.38375488917862,
2021-10-22 21:30:00,20.32387222946545,
2021-10-22 21:45:00,20.41398956975228,
2021-10-22 22:00:00,20.364106910039112,
2021-10-22 22:15:00,20.384224250325943,
2021-10-22 22:30:00,20.34434159061278,
2021-10-22 22:45:00,20.34445893089961,
2021-10-22 23:00:00,20.33457627118644,
2021-10-22 23:15:00,20.304693611473272,
2021-10-22 23:30:00,20.344810951760103,
2021-10-22 23:45:00,20.304928292046935,
2021-10-23 00:00:00,20.315045632333767,
2021-10-23 00:15:00,20.3051629726206,
2021-10-23 00:30:00,20.31528031290743,
2021-10-23 00:45:00,20.345397653194265,
2021-10-23 01:00:00,20.335514993481095,
2021-10-23 01:15:00,20.28563233376793,
2021-10-23 01:30:00,20.245749674054757,
2021-10-23 01:45:00,20.175867014341588,
2021-10-23 02:00:00,20.165984354628424,
2021-10-23 02:15:00,20.246101694915257,
2021-10-23 02:30:00,20.196219035202088,
2021-10-23 02:45:00,20.23633637548892,
2021-10-23 03:00:00,20.28645371577575,
2021-10-23 03:15:00,20.24657105606258,
2021-10-23 03:30:00,20.266688396349416,
2021-10-23 03:45:00,20.226805736636244,
2021-10-23 04:00:00,20.186923076923076,
2021-10-23 04:15:00,20.167040417209908,
2021-10-23 04:30:00,20.13715775749674,
2021-10-23 04:45:00,20.107275097783575,
2021-10-23 05:00:00,20.097392438070404,
2021-10-23 05:15:00,20.037509778357236,
2021-10-23 05:30:00,20.047627118644066,
2021-10-23 05:45:00,20.107744458930902,
2021-10-23 06:00:00,20.217861799217733,
2021-10-23 06:15:00,20.147979139504564,
2021-10-23 06:30:00,20.298096479791393,
2021-10-23 06:45:00,20.258213820078225,
2021-10-23 07:00:00,20.29833116036506,
2021-10-23 07:15:00,20.308448500651892,
2021-10-23 07:30:00,20.358565840938724,
2021-10-23 07:45:00,20.388683181225552,
2021-10-23 08:00:00,20.498800521512383,
2021-10-23 08:15:00,20.57891786179922,
2021-10-23 08:30:00,20.77903520208605,
2021-10-23 08:45:00,20.98915254237288,
2021-10-23 09:00:00,21.15926988265971,
2021-10-23 09:15:00,21.169387222946547,
2021-10-23 09:30:00,21.179504563233376,
2021-10-23 09:45:00,21.21962190352021,
2021-10-23 10:00:00,21.22973924380704,
2021-10-23 10:15:00,21.20985658409387,
2021-10-23 10:30:00,21.209973924380705,
2021-10-23 10:45:00,21.27009126466754,
2021-10-23 11:00:00,21.410208604954367,
2021-10-23 11:15:00,21.6603259452412,
2021-10-23 11:30:00,21.78044328552803,
2021-10-23 11:45:00,21.840560625814863,
2021-10-23 12:00:00,21.970677966101697,
2021-10-23 12:15:00,22.040795306388528,
2021-10-23 12:30:00,22.06091264667536,
2021-10-23 12:45:00,22.141029986962188,
2021-10-23 13:00:00,22.111147327249025,
2021-10-23 13:15:00,22.121264667535858,
2021-10-23 13:30:00,22.10138200782269,
2021-10-23 13:45:00,22.101499348109517,
2021-10-23 14:00:00,22.11161668839635,
2021-10-23 14:15:00,22.041734028683184,
2021-10-23 14:30:00,22.031851368970013,
2021-10-23 14:45:00,22.051968709256844,
2021-10-23 15:00:00,22.042086049543677,
2021-10-23 15:15:00,22.052203389830503,
2021-10-23 15:30:00,22.03232073011734,
2021-10-23 15:45:00,21.922438070404173,
2021-10-23 16:00:00,21.872555410691003,
2021-10-23 16:15:00,21.772672750977836,
2021-10-23 16:30:00,21.752790091264664,
2021-10-23 16:45:00,21.702907431551505,
2021-10-23 17:00:00,21.62302477183833,
2021-10-23 17:15:00,21.613142112125164,
2021-10-23 17:30:00,21.523259452411995,
2021-10-23 17:45:00,21.443376792698828,
2021-10-23 18:00:00,21.45349413298566,
2021-10-23 18:15:00,21.32361147327249,
2021-10-23 18:30:00,21.293728813559323,
2021-10-23 18:45:00,21.263846153846153,
2021-10-23 19:00:00,21.173963494132988,
2021-10-23 19:15:00,21.15408083441982,
2021-10-23 19:30:00,21.094198174706648,
2021-10-23 19:45:00,21.02431551499348,
2021-10-23 20:00:00,20.98443285528031,
2021-10-23 20:15:00,20.984550195567145,
2021-10-23 20:30:00,20.934667535853976,
2021-10-23 20:45:00,20.914784876140807,
2021-10-23 21:00:00,20.91490221642764,
2021-10-23 21:15:00,20.90501955671447,
2021-10-23 21:30:00,20.815136897001302,
2021-10-23 21:45:00,20.805254237288135,
2021-10-23 22:00:00,20.745371577574968,
2021-10-23 22:15:00,20.8054889178618,
2021-10-23 22:30:00,20.77560625814863,
2021-10-23 22:45:00,20.775723598435462,
2021-10-23 23:00:00,20.765840938722295,
2021-10-23 23:15:00,20.69595827900913,
2021-10-23 23:30:00,20.70607561929596,
2021-10-23 23:45:00,20.61619295958279,
2021-10-24 00:00:00,20.546310299869624,
2021-10-24 00:15:00,20.556427640156453,
2021-10-24 00:30:00,20.576544980443284,
2021-10-24 00:45:00,20.536662320730116,
2021-10-24 01:00:00,20.48677966101695,
2021-10-24 01:15:00,20.55689700130378,
2021-10-24 01:30:00,20.537014341590613,
2021-10-24 01:45:00,20.547131681877445,
2021-10-24 02:00:00,20.477249022164276,
2021-10-24 02:15:00,20.55736636245111,
2021-10-24 02:30:00,20.527483702737943,
2021-10-24 02:45:00,20.55760104302477,
2021-10-24 03:00:00,20.4877183833116,
2021-10-24 03:15:00,20.497835723598435,
2021-10-24 03:30:00,20.49795306388527,
2021-10-24 03:45:00,20.5880704041721,
2021-10-24 04:00:00,20.58818774445893,
2021-10-24 04:15:00,20.62830508474576,
2021-10-24 04:30:00,20.59842242503259,
2021-10-24 04:45:00,20.588539765319428,
2021-10-24 05:00:00,20.63865710560626,
2021-10-24 05:15:00,20.62877444589309,
2021-10-24 05:30:00,20.62889178617992,
2021-10-24 05:45:00,20.62900912646675,
2021-10-24 06:00:00,20.609126466753587,
2021-10-24 06:15:00,20.559243807040417,
2021-10-24 06:30:00,20.53936114732725,
2021-10-24 06:45:00,20.57947848761408,
2021-10-24 07:00:00,20.57959582790091,
2021-10-24 07:15:00,20.529713168187747,
2021-10-24 07:30:00,20.52983050847458,
2021-10-24 07:45:00,20.58994784876141,
2021-10-24 08:00:00,20.59006518904824,
2021-10-24 08:15:00,20.53018252933507,
2021-10-24 08:30:00,20.610299869621905,
2021-10-24 08:45:00,20.570417209908737,
2021-10-24 09:00:00,20.550534550195568,
2021-10-24 09:15:00,20.9506518904824,
2021-10-24 09:30:00,21.12076923076923,
2021-10-24 09:45:00,21.120886571056065,
2021-10-24 10:00:00,21.071003911342896,
2021-10-24 10:15:00,21.051121251629727,
2021-10-24 10:30:00,21.011238591916555,
2021-10-24 10:45:00,20.94135593220339,
2021-10-24 11:00:00,20.881473272490226,
2021-10-24 11:15:00,20.861590612777057,
2021-10-24 11:30:00,20.80170795306389,
2021-10-24 11:45:00,20.771825293350716,
2021-10-24 12:00:00,20.81194263363755,
2021-10-24 12:15:00,20.81205997392438,
2021-10-24 12:30:00,20.76217731421121,
2021-10-24 12:45:00,20.782294654498045,
2021-10-24 13:00:00,20.782411994784876,
2021-10-24 13:15:00,20.78252933507171,
2021-10-24 13:30:00,20.75264667535854,
2021-10-24 13:45:00,20.752764015645372,
2021-10-24 14:00:00,20.772881355932203,
2021-10-24 14:15:00,20.812998696219033,
2021-10-24 14:30:00,20.883116036505868,
2021-10-24 14:45:00,20.9132333767927,
2021-10-24 15:00:00,21.00335071707953,
2021-10-24 15:15:00,21.07346805736636,
2021-10-24 15:30:00,21.19358539765319,
2021-10-24 15:45:00,21.39370273794003,
2021-10-24 16:00:00,21.59382007822686,
2021-10-24 16:15:00,21.71393741851369,
2021-10-24 16:30:00,21.84405475880052,
2021-10-24 16:45:00,22.04417209908735,
2021-10-24 17:00:00,22.184289439374187,
2021-10-24 17:15:00,22.254406779661014,
2021-10-24 17:30:00,22.34452411994785,
2021-10-24 17:45:00,22.38464146023468,
2021-10-24 18:00:00,22.43475880052151,
2021-10-24 18:15:00,22.524876140808345,
2021-10-24 18:30:00,22.584993481095175,
2021-10-24 18:45:00,22.665110821382008,
2021-10-24 19:00:00,22.675228161668837,
2021-10-24 19:15:00,22.725345501955672,
2021-10-24 19:30:00,22.835462842242503,
2021-10-24 19:45:00,22.845580182529336,
2021-10-24 20:00:00,22.775697522816166,
2021-10-24 20:15:00,22.775814863103,
2021-10-24 20:30:00,22.69593220338983,
2021-10-24 20:45:00,22.656049543676662,
2021-10-24 21:00:00,22.506166883963495,
2021-10-24 21:15:00,22.446284224250324,
2021-10-24 21:30:00,22.276401564537156,
2021-10-24 21:45:00,22.17651890482399,
2021-10-24 22:00:00,22.166636245110823,
2021-10-24 22:15:00,22.116753585397653,
2021-10-24 22:30:00,22.076870925684485,
2021-10-24 22:45:00,22.036988265971317,
2021-10-24 23:00:00,22.01710560625815,
2021-10-24 23:15:00,21.95722294654498,
2021-10-24 23:30:00,21.917340286831813,
2021-10-24 23:45:00,21.867457627118643,
2021-10-25 00:00:00,21.837574967405473,
2021-10-25 00:15:00,21.71769230769231,
2021-10-25 00:30:00,21.63780964797914,
2021-10-25 00:45:00,21.51792698826597,
2021-10-25 01:00:00,21.3880443285528,
2021-10-25 01:15:00,21.228161668839633,
2021-10-25 01:30:00,21.07827900912647,
2021-10-25 01:45:00,21.0083963494133,
2021-10-25 02:00:00,20.97851368970013,
2021-10-25 02:15:00,20.88863102998696,
2021-10-25 02:30:00,20.938748370273796,
2021-10-25 02:45:00,20.928865710560626,
2021-10-25 03:00:00,20.908983050847457,
2021-10-25 03:15:00,20.909100391134288,
2021-10-25 03:30:00,20.85921773142112,
2021-10-25 03:45:00,20.859335071707953,
2021-10-25 04:00:00,20.839452411994785,
2021-10-25 04:15:00,20.849569752281617,
2021-10-25 04:30:00,20.819687092568447,
2021-10-25 04:45:00,20.81980443285528,
2021-10-25 05:00:00,20.799921773142113,
2021-10-25 05:15:00,20.840039113428944,
2021-10-25 05:30:00,20.800156453715775,
2021-10-25 05:45:00,20.770273794002605,
2021-10-25 06:00:00,20.85039113428944,
2021-10-25 06:15:00,20.86050847457627,
2021-10-25 06:30:00,20.790625814863105,
2021-10-25 06:45:00,20.720743155149936,
2021-10-25 07:00:00,20.840860495436765,
2021-10-25 07:15:00,20.860977835723595,
2021-10-25 07:30:00,20.851095176010432,
2021-10-25 07:45:00,20.75121251629726,
2021-10-25 08:00:00,20.801329856584093,
2021-10-25 08:15:00,20.72144719687093,
2021-10-25 08:30:00,20.721564537157757,
2021-10-25 08:45:00,20.71168187744459,
2021-10-25 09:00:00,20.77179921773142,
2021-10-25 09:15:00,20.731916558018252,
2021-10-25 09:30:00,20.802033898305083,
2021-10-25 09:45:00,20.82215123859192,
2021-10-25 10:00:00,20.84226857887875,
2021-10-25 10:15:00,20.86238591916558,
2021-10-25 10:30:00,20.89250325945241,
2021-10-25 10:45:00,20.93262059973924,
2021-10-25 11:00:00,20.952737940026076,
2021-10-25 11:15:00,21.072855280312908,
2021-10-25 11:30:00,21.03297262059974,
2021-10-25 11:45:00,21.09308996088657,
2021-10-25 12:00:00,21.0732073011734,
2021-10-25 12:15:00,21.163324641460235,
2021-10-25 12:30:00,21.283441981747067,
2021-10-25 12:45:00,21.2935593220339,
2021-10-25 13:00:00,21.37367666232073,
2021-10-25 13:15:00,21.46379400260756,
2021-10-25 13:30:00,21.59391134289439,
2021-10-25 13:45:00,21.634028683181228,
2021-10-25 14:00:00,21.754146023468056,
2021-10-25 14:15:00,21.85426336375489,
2021-10-25 14:30:00,21.97438070404172,
2021-10-25 14:45:00,22.084498044328555,
2021-10-25 15:00:00,22.164615384615384,
2021-10-25 15:15:00,22.314732724902218,
2021-10-25 15:30:00,22.484850065189047,
2021-10-25 15:45:00,22.60496740547588,
2021-10-25 16:00:00,22.785084745762713,
2021-10-25 16:15:00,22.935202086049543,
2021-10-25 16:30:00,23.155319426336376,
2021-10-25 16:45:00,23.455436766623205,
2021-10-25 17:00:00,23.665554106910037,
2021-10-25 17:15:00,23.715671447196872,
2021-10-25 17:30:00,23.785788787483703,
2021-10-25 17:45:00,23.855906127770535,
2021-10-25 18:00:00,23.906023468057366,
2021-10-25 18:15:00,23.9161408083442,
2021-10-25 18:30:00,23.89625814863103,
2021-10-25 18:45:00,23.876375488917866,
2021-10-25 19:00:00,24.006492829204692,
2021-10-25 19:15:00,24.156610169491525,
2021-10-25 19:30:00,24.42672750977836,
2021-10-25 19:45:00,24.40684485006519,
2021-10-25 20:00:00,24.45696219035202,
2021-10-25 20:15:00,24.48707953063885,
2021-10-25 20:30:00,24.497196870925684,
2021-10-25 20:45:00,24.507314211212517,
2021-10-25 21:00:00,24.48743155149935,
2021-10-25 21:15:00,24.40754889178618,
2021-10-25 21:30:00,24.43766623207301,
2021-10-25 21:45:00,24.43778357235984,
2021-10-25 22:00:00,24.397900912646676,
2021-10-25 22:15:00,24.398018252933507,
2021-10-25 22:30:00,24.40813559322034,
2021-10-25 22:45:00,24.34825293350717,
2021-10-25 23:00:00,24.298370273794003,
2021-10-25 23:15:00,24.238487614080835,
2021-10-25 23:30:00,24.148604954367663,
2021-10-25 23:45:00,24.0687222946545,
2021-10-26 00:00:00,23.92883963494133,
2021-10-26 00:15:00,23.81895697522816,
2021-10-26 00:30:00,23.699074315514995,
2021-10-26 00:45:00,23.639191655801827,
2021-10-26 01:00:00,23.529308996088655,
2021-10-26 01:15:00,23.469426336375488,
2021-10-26 01:30:00,23.26954367666232,
2021-10-26 01:45:00,23.139661016949155,
2021-10-26 02:00:00,23.079778357235984,
2021-10-26 02:15:00,23.089895697522817,
2021-10-26 02:30:00,22.910013037809648,
2021-10-26 02:45:00,22.83013037809648,
2021-10-26 03:00:00,22.78024771838331,
2021-10-26 03:15:00,22.690365058670142,
2021-10-26 03:30:00,22.620482398956973,
2021-10-26 03:45:00,22.56059973924381,
2021-10-26 04:00:00,22.42071707953064,
2021-10-26 04:15:00,22.450834419817472,
2021-10-26 04:30:00,22.4609517601043,
2021-10-26 04:45:00,22.401069100391133,
2021-10-26 05:00:00,22.34118644067797,
2021-10-26 05:15:00,22.2713037809648,
2021-10-26 05:30:00,22.15142112125163,
2021-10-26 05:45:00,22.231538461538463,
2021-10-26 06:00:00,22.141655801825294,
2021-10-26 06:15:00,22.141773142112125,
2021-10-26 06:30:00,22.04189048239896,
2021-10-26 06:45:00,22.05200782268579,
2021-10-26 07:00:00,21.982125162972626,
2021-10-26 07:15:00,21.99224250325945,
2021-10-26 07:30:00,21.96235984354628,
2021-10-26 07:45:00,21.942477183833116,
2021-10-26 08:00:00,21.98259452411995,
2021-10-26 08:15:00,21.99271186440678,
2021-10-26 08:30:00,21.982829204693612,
2021-10-26 08:45:00,21.912946544980443,
2021-10-26 09:00:00,21.863063885267277,
2021-10-26 09:15:00,21.91318122555411,
2021-10-26 09:30:00,21.88329856584094,
2021-10-26 09:45:00,21.873415906127768,
2021-10-26 10:00:00,21.8535332464146,
2021-10-26 10:15:00,21.883650586701435,
2021-10-26 10:30:00,21.863767926988267,
2021-10-26 10:45:00,21.883885267275097,
2021-10-26 11:00:00,21.82400260756193,
2021-10-26 11:15:00,21.85411994784876,
2021-10-26 11:30:00,21.764237288135593,
2021-10-26 11:45:00,21.814354628422425,
2021-10-26 12:00:00,21.794471968709257,
2021-10-26 12:15:00,21.774589308996088,
2021-10-26 12:30:00,21.70470664928292,
2021-10-26 12:45:00,21.71482398956975,
2021-10-26 13:00:00,21.744941329856584,
2021-10-26 13:15:00,21.695058670143418,
2021-10-26 13:30:00,21.74517601043025,
2021-10-26 13:45:00,21.62529335071708,
2021-10-26 14:00:00,21.67541069100391,
2021-10-26 14:15:00,21.615528031290744,
2021-10-26 14:30:00,21.585645371577577,
2021-10-26 14:45:00,21.555762711864407,
2021-10-26 15:00:00,21.53588005215124,
2021-10-26 15:15:00,21.52599739243807,
2021-10-26 15:30:00,21.556114732724904,
2021-10-26 15:45:00,21.476232073011733,
2021-10-26 16:00:00,21.456349413298565,
2021-10-26 16:15:00,21.4864667535854,
2021-10-26 16:30:00,21.41658409387223,
2021-10-26 16:45:00,21.46670143415906,
2021-10-26 17:00:00,21.42681877444589,
2021-10-26 17:15:00,21.456936114732724,
2021-10-26 17:30:00,21.427053455019557,
2021-10-26 17:45:00,21.38717079530639,
2021-10-26 18:00:00,21.39728813559322,
2021-10-26 18:15:00,21.327405475880052,
2021-10-26 18:30:00,21.397522816166884,
2021-10-26 18:45:00,21.387640156453717,
2021-10-26 19:00:00,21.297757496740548,
2021-10-26 19:15:00,21.357874837027374,
2021-10-26 19:30:00,21.37799217731421,
2021-10-26 19:45:00,21.34810951760105,
2021-10-26 20:00:00,21.298226857887876,
2021-10-26 20:15:00,21.298344198174707,
2021-10-26 20:30:00,21.288461538461537,
2021-10-26 20:45:00,21.218578878748367,
2021-10-26 21:00:00,21.188696219035204,
2021-10-26 21:15:00,21.24881355932203,
2021-10-26 21:30:00,21.278930899608863,
2021-10-26 21:45:00,21.179048239895696,
2021-10-26 22:00:00,21.229165580182528,
2021-10-26 22:15:00,21.209282920469363,
2021-10-26 22:30:00,21.229400260756194,
2021-10-26 22:45:00,21.179517601043024,
2021-10-26 23:00:00,21.109634941329855,
2021-10-26 23:15:00,21.19975228161669,
2021-10-26 23:30:00,21.149869621903523,
2021-10-26 23:45:00,21.26998696219035,
2021-10-27 00:00:00,21.270104302477183,
2021-10-27 00:15:00,21.290221642764013,
2021-10-27 00:30:00,21.280338983050846,
2021-10-27 00:45:00,21.26045632333768,
2021-10-27 01:00:00,21.29057366362451,
2021-10-27 01:15:00,21.280691003911343,
2021-10-27 01:30:00,21.250808344198173,
2021-10-27 01:45:00,21.300925684485005,
2021-10-27 02:00:00,21.28104302477184,
2021-10-27 02:15:00,21.26116036505867,
2021-10-27 02:30:00,21.281277705345502,
2021-10-27 02:45:00,21.261395045632337,
2021-10-27 03:00:00,21.191512385919168,
2021-10-27 03:15:00,21.211629726206,
2021-10-27 03:30:00,21.17174706649283,
2021-10-27 03:45:00,21.23186440677966,
2021-10-27 04:00:00,21.311981747066493,
2021-10-27 04:15:00,21.272099087353325,
2021-10-27 04:30:00,21.292216427640156,
2021-10-27 04:45:00,21.30233376792699,
2021-10-27 05:00:00,21.36245110821382,
2021-10-27 05:15:00,21.29256844850065,
2021-10-27 05:30:00,21.312685788787487,
2021-10-27 05:45:00,21.432803129074316,
2021-10-27 06:00:00,21.412920469361147,
2021-10-27 06:15:00,21.39303780964798,
2021-10-27 06:30:00,21.45315514993481,
2021-10-27 06:45:00,21.40327249022165,
2021-10-27 07:00:00,21.343389830508475,
2021-10-27 07:15:00,21.293507170795305,
2021-10-27 07:30:00,21.303624511082138,
2021-10-27 07:45:00,21.293741851368967,
2021-10-27 08:00:00,21.303859191655803,
2021-10-27 08:15:00,21.353976531942635,
2021-10-27 08:30:00,21.354093872229463,
2021-10-27 08:45:00,21.254211212516296,
2021-10-27 09:00:00,21.284328552803128,
2021-10-27 09:15:00,21.29444589308996,
2021-10-27 09:30:00,21.22456323337679,
2021-10-27 09:45:00,21.274680573663623,
2021-10-27 10:00:00,21.254797913950455,
2021-10-27 10:15:00,21.244915254237288,
2021-10-27 10:30:00,21.28503259452412,
2021-10-27 10:45:00,21.34514993481095,
2021-10-27 11:00:00,21.315267275097785,
2021-10-27 11:15:00,21.265384615384615,
2021-10-27 11:30:00,21.345501955671445,
2021-10-27 11:45:00,21.29561929595828,
2021-10-27 12:00:00,21.315736636245113,
2021-10-27 12:15:00,21.395853976531946,
2021-10-27 12:30:00,21.375971316818777,
2021-10-27 12:45:00,21.346088657105607,
2021-10-27 13:00:00,21.34620599739244,
2021-10-27 13:15:00,21.37632333767927,
2021-10-27 13:30:00,21.3764406779661,
2021-10-27 13:45:00,21.376558018252933,
2021-10-27 14:00:00,21.326675358539767,
2021-10-27 14:15:00,21.3967926988266,
2021-10-27 14:30:00,21.296910039113428,
2021-10-27 14:45:00,21.37702737940026,
2021-10-27 15:00:00,21.28714471968709,
2021-10-27 15:15:00,21.30726205997393,
2021-10-27 15:30:00,21.24737940026076,
2021-10-27 15:45:00,21.327496740547588,
2021-10-27 16:00:00,21.33761408083442,
2021-10-27 16:15:00,21.33773142112125,
2021-10-27 16:30:00,21.317848761408086,
2021-10-27 16:45:00,21.287966101694916,
2021-10-27 17:00:00,21.288083441981748,
2021-10-27 17:15:00,21.28820078226858,
2021-10-27 17:30:00,21.33831812255541,
2021-10-27 17:45:00,21.368435462842243,
2021-10-27 18:00:00,21.358552803129076,
2021-10-27 18:15:00,21.288670143415903,
2021-10-27 18:30:00,21.31878748370274,
2021-10-27 18:45:00,21.278904823989567,
2021-10-27 19:00:00,21.2790221642764,
2021-10-27 19:15:00,21.209139504563232,
2021-10-27 19:30:00,21.209256844850064,
2021-10-27 19:45:00,21.219374185136896,
2021-10-27 20:00:00,21.29949152542373,
2021-10-27 20:15:00,21.25960886571056,
2021-10-27 20:30:00,21.24972620599739,
2021-10-27 20:45:00,21.299843546284222,
2021-10-27 21:00:00,21.179960886571056,
2021-10-27 21:15:00,21.19007822685789,
2021-10-27 21:30:00,21.18019556714472,
2021-10-27 21:45:00,21.17031290743155,
2021-10-27 22:00:00,21.130430247718383,
2021-10-27 22:15:00,21.130547588005214,
2021-10-27 22:30:00,21.09066492829205,
2021-10-27 22:45:00,21.03078226857888,
2021-10-27 23:00:00,21.000899608865712,
2021-10-27 23:15:00,20.971016949152546,
2021-10-27 23:30:00,20.991134289439373,
2021-10-27 23:45:00,21.02125162972621,
2021-10-28 00:00:00,20.99136897001304,
2021-10-28 00:15:00,21.07148631029987,
2021-10-28 00:30:00,21.0616036505867,
2021-10-28 00:45:00,21.091720990873533,
2021-10-28 01:00:00,21.111838331160367,
2021-10-28 01:15:00,21.0919556714472,
2021-10-28 01:30:00,21.11207301173403,
2021-10-28 01:45:00,21.09219035202086,
2021-10-28 02:00:00,21.13230769230769,
2021-10-28 02:15:00,21.122425032594524,
2021-10-28 02:30:00,21.09254237288136,
2021-10-28 02:45:00,21.102659713168187,
2021-10-28 03:00:00,21.11277705345502,
2021-10-28 03:15:00,21.13289439374185,
2021-10-28 03:30:00,21.123011734028683,
2021-10-28 03:45:00,21.043129074315516,
2021-10-28 04:00:00,21.023246414602347,
2021-10-28 04:15:00,21.043363754889175,
2021-10-28 04:30:00,21.03348109517601,
2021-10-28 04:45:00,21.063598435462843,
2021-10-28 05:00:00,21.093715775749676,
2021-10-28 05:15:00,21.103833116036505,
2021-10-28 05:30:00,21.043950456323337,
2021-10-28 05:45:00,21.05406779661017,
2021-10-28 06:00:00,21.164185136897004,
2021-10-28 06:15:00,21.134302477183834,
2021-10-28 06:30:00,21.114419817470665,
2021-10-28 06:45:00,21.134537157757496,
2021-10-28 07:00:00,21.07465449804433,
2021-10-28 07:15:00,21.10477183833116,
2021-10-28 07:30:00,21.07488917861799,
2021-10-28 07:45:00,21.105006518904823,
2021-10-28 08:00:00,21.065123859191655,
2021-10-28 08:15:00,21.10524119947849,
2021-10-28 08:30:00,21.03535853976532,
2021-10-28 08:45:00,21.095475880052152,
2021-10-28 09:00:00,21.095593220338984,
2021-10-28 09:15:00,21.155710560625813,
2021-10-28 09:30:00,21.175827900912648,
2021-10-28 09:45:00,21.16594524119948,
2021-10-28 10:00:00,21.18606258148631,
2021-10-28 10:15:00,21.186179921773142,
2021-10-28 10:30:00,21.176297262059972,
2021-10-28 10:45:00,21.226414602346807,
2021-10-28 11:00:00,21.22653194263364,
2021-10-28 11:15:00,21.236649282920467,
2021-10-28 11:30:00,21.2067666232073,
2021-10-28 11:45:00,21.23688396349413,
2021-10-28 12:00:00,21.237001303780964,
2021-10-28 12:15:00,21.267118644067796,
2021-10-28 12:30:00,21.287235984354627,
2021-10-28 12:45:00,21.287353324641455,
2021-10-28 13:00:00,21.257470664928295,
2021-10-28 13:15:00,21.317588005215125,
2021-10-28 13:30:00,21.30770534550195,
2021-10-28 13:45:00,21.317822685788787,
2021-10-28 14:00:00,21.29794002607562,
2021-10-28 14:15:00,21.268057366362452,
2021-10-28 14:30:00,21.248174706649284,
2021-10-28 14:45:00,21.258292046936116,
2021-10-28 15:00:00,21.248409387222942,
2021-10-28 15:15:00,21.228526727509777,
2021-10-28 15:30:00,21.188644067796613,
2021-10-28 15:45:00,21.248761408083443,
2021-10-28 16:00:00,21.198878748370273,
2021-10-28 16:15:00,21.198996088657104,
2021-10-28 16:30:00,21.159113428943936,
2021-10-28 16:45:00,21.15923076923077,
2021-10-28 17:00:00,21.169348109517603,
2021-10-28 17:15:00,21.139465449804433,
2021-10-28 17:30:00,21.089582790091264,
2021-10-28 17:45:00,21.049700130378096,
2021-10-28 18:00:00,21.07981747066493,
2021-10-28 18:15:00,21.08993481095176,
2021-10-28 18:30:00,21.010052151238593,
2021-10-28 18:45:00,21.000169491525423,
2021-10-28 19:00:00,20.950286831812253,
2021-10-28 19:15:00,20.970404172099087,
2021-10-28 19:30:00,20.99052151238592,
2021-10-28 19:45:00,20.99063885267275,
2021-10-28 20:00:00,20.97075619295958,
2021-10-28 20:15:00,20.99087353324641,
2021-10-28 20:30:00,20.99099087353325,
2021-10-28 20:45:00,20.98110821382008,
2021-10-28 21:00:00,20.95122555410691,
2021-10-28 21:15:00,20.93134289439374,
2021-10-28 21:30:00,21.011460234680577,
2021-10-28 21:45:00,20.891577574967407,
2021-10-28 22:00:00,20.92169491525424,
2021-10-28 22:15:00,20.87181225554107,
2021-10-28 22:30:00,20.8819295958279,
2021-10-28 22:45:00,20.882046936114733,
2021-10-28 23:00:00,20.882164276401564,
2021-10-28 23:15:00,20.8522816166884,
2021-10-28 23:30:00,20.87239895697523,
2021-10-28 23:45:00,20.812516297262057,
2021-10-29 00:00:00,20.912633637548893,
2021-10-29 00:15:00,20.892750977835725,
2021-10-29 00:30:00,20.842868318122555,
2021-10-29 00:45:00,20.852985658409388,
2021-10-29 01:00:00,20.863102998696217,
2021-10-29 01:15:00,20.81322033898305,
2021-10-29 01:30:00,20.843337679269883,
2021-10-29 01:45:00,20.813455019556713,
2021-10-29 02:00:00,20.893572359843542,
2021-10-29 02:15:00,20.883689700130375,
2021-10-29 02:30:00,20.93380704041721,
2021-10-29 02:45:00,20.90392438070404,
2021-10-29 03:00:00,20.924041720990875,
2021-10-29 03:15:00,20.914159061277704,
2021-10-29 03:30:00,20.934276401564535,
2021-10-29 03:45:00,20.88439374185137,
2021-10-29 04:00:00,20.8545110821382,
2021-10-29 04:15:00,20.88462842242503,
2021-10-29 04:30:00,20.874745762711864,
2021-10-29 04:45:00,20.934863102998698,
2021-10-29 05:00:00,20.884980443285528,
2021-10-29 05:15:00,20.94509778357236,
2021-10-29 05:30:00,20.81521512385919,
2021-10-29 05:45:00,20.90533246414602,
2021-10-29 06:00:00,20.935449804432857,
2021-10-29 06:15:00,20.87556714471969,
2021-10-29 06:30:00,20.89568448500652,
2021-10-29 06:45:00,20.86580182529335,
2021-10-29 07:00:00,20.84591916558018,
2021-10-29 07:15:00,20.886036505867015,
2021-10-29 07:30:00,20.866153846153846,
2021-10-29 07:45:00,20.866271186440677,
2021-10-29 08:00:00,20.906388526727508,
2021-10-29 08:15:00,20.926505867014345,
2021-10-29 08:30:00,20.886623207301177,
2021-10-29 08:45:00,20.82674054758801,
2021-10-29 09:00:00,20.886857887874836,
2021-10-29 09:15:00,20.906975228161667,
2021-10-29 09:30:00,20.8970925684485,
2021-10-29 09:45:00,20.967209908735335,
2021-10-29 10:00:00,20.937327249022164,
2021-10-29 10:15:00,20.977444589308995,
2021-10-29 10:30:00,21.027561929595823,
2021-10-29 10:45:00,21.097679269882654,
2021-10-29 11:00:00,21.06779661016949,
2021-10-29 11:15:00,21.15791395045632,
2021-10-29 11:30:00,21.088031290743157,
2021-10-29 11:45:00,21.198148631029987,
2021-10-29 12:00:00,21.238265971316817,
2021-10-29 12:15:00,21.25838331160365,
2021-10-29 12:30:00,21.20850065189048,
2021-10-29 12:45:00,21.268617992177315,
2021-10-29 13:00:00,21.328735332464145,
2021-10-29 13:15:00,21.34885267275098,
2021-10-29 13:30:00,21.29897001303781,
2021-10-29 13:45:00,21.379087353324643,
2021-10-29 14:00:00,21.379204693611474,
2021-10-29 14:15:00,21.309322033898304,
2021-10-29 14:30:00,21.32943937418514,
2021-10-29 14:45:00,21.37955671447197,
2021-10-29 15:00:00,21.3896740547588,
2021-10-29 15:15:00,21.27979139504563,
2021-10-29 15:30:00,21.359908735332464,
2021-10-29 15:45:00,21.390026075619296,
2021-10-29 16:00:00,21.320143415906127,
2021-10-29 16:15:00,21.29026075619296,
2021-10-29 16:30:00,21.35037809647979,
2021-10-29 16:45:00,21.310495436766622,
2021-10-29 17:00:00,21.240612777053457,
2021-10-29 17:15:00,21.22073011734029,
2021-10-29 17:30:00,21.22084745762712,
2021-10-29 17:45:00,21.160964797913948,
2021-10-29 18:00:00,21.14108213820078,
2021-10-29 18:15:00,21.111199478487617,
2021-10-29 18:30:00,21.061316818774447,
2021-10-29 18:45:00,21.04143415906128,
2021-10-29 19:00:00,21.051551499348108,
2021-10-29 19:15:00,21.05166883963494,
2021-10-29 19:30:00,21.111786179921776,
2021-10-29 19:45:00,21.021903520208607,
2021-10-29 20:00:00,20.93202086049544,
2021-10-29 20:15:00,20.942138200782267,
2021-10-29 20:30:00,20.962255541069094,
2021-10-29 20:45:00,21.012372881355933,
2021-10-29 21:00:00,20.95249022164277,
2021-10-29 21:15:00,20.922607561929595,
2021-10-29 21:30:00,20.922724902216427,
2021-10-29 21:45:00,20.98284224250326,
2021-10-29 22:00:00,20.902959582790093,
2021-10-29 22:15:00,20.89307692307692,
2021-10-29 22:30:00,20.873194263363754,
2021-10-29 22:45:00,20.933311603650587,
2021-10-29 23:00:00,20.88342894393742,
2021-10-29 23:15:00,20.87354628422425,
2021-10-29 23:30:00,20.87366362451108,
2021-10-29 23:45:00,20.833780964797914,
2021-10-30 00:00:00,20.843898305084743,
2021-10-30 00:15:00,20.86401564537158,
2021-10-30 00:30:00,20.81413298565841,
2021-10-30 00:45:00,20.83425032594524,
2021-10-30 01:00:00,20.744367666232073,
2021-10-30 01:15:00,20.774485006518905,
2021-10-30 01:30:00,20.88460234680574,
2021-10-30 01:45:00,20.84471968709257,
2021-10-30 02:00:00,20.9048370273794,
2021-10-30 02:15:00,20.864954367666233,
2021-10-30 02:30:00,20.865071707953064,
2021-10-30 02:45:00,20.815189048239898,
2021-10-30 03:00:00,20.79530638852673,
2021-10-30 03:15:00,20.85542372881356,
2021-10-30 03:30:00,20.78554106910039,
2021-10-30 03:45:00,20.815658409387225,
2021-10-30 04:00:00,20.805775749674055,
2021-10-30 04:15:00,20.82589308996089,
2021-10-30 04:30:00,20.736010430247717,
2021-10-30 04:45:00,20.806127770534548,
2021-10-30 05:00:00,20.89624511082138,
2021-10-30 05:15:00,20.856362451108215,
2021-10-30 05:30:00,20.83647979139505,
2021-10-30 05:45:00,20.836597131681877,
2021-10-30 06:00:00,20.756714471968703,
2021-10-30 06:15:00,20.856831812255543,
2021-10-30 06:30:00,20.876949152542373,
2021-10-30 06:45:00,20.897066492829204,
2021-10-30 07:00:00,20.897183833116035,
2021-10-30 07:15:00,20.887301173402868,
2021-10-30 07:30:00,20.8574185136897,
2021-10-30 07:45:00,20.91753585397653,
2021-10-30 08:00:00,20.957653194263365,
2021-10-30 08:15:00,20.987770534550194,
2021-10-30 08:30:00,20.987887874837025,
2021-10-30 08:45:00,20.88800521512386,
2021-10-30 09:00:00,20.91812255541069,
2021-10-30 09:15:00,20.978239895697524,
2021-10-30 09:30:00,20.958357235984355,
2021-10-30 09:45:00,20.958474576271183,
2021-10-30 10:00:00,20.99859191655802,
2021-10-30 10:15:00,21.03870925684485,
2021-10-30 10:30:00,21.06882659713168,
2021-10-30 10:45:00,21.018943937418513,
2021-10-30 11:00:00,21.039061277705343,
2021-10-30 11:15:00,21.079178617992177,
2021-10-30 11:30:00,21.12929595827901,
2021-10-30 11:45:00,21.09941329856584,
2021-10-30 12:00:00,21.10953063885267,
2021-10-30 12:15:00,21.189647979139504,
2021-10-30 12:30:00,21.159765319426334,
2021-10-30 12:45:00,21.17988265971317,
2021-10-30 13:00:00,21.13,
2021-10-30 13:15:00,21.20011734028683,
2021-10-30 13:30:00,21.190234680573663,
2021-10-30 13:45:00,21.210352020860498,
2021-10-30 14:00:00,21.220469361147327,
2021-10-30 14:15:00,21.20058670143416,
2021-10-30 14:30:00,21.23070404172099,
2021-10-30 14:45:00,21.260821382007823,
2021-10-30 15:00:00,21.230938722294656,
2021-10-30 15:15:00,21.191056062581488,
2021-10-30 15:30:00,21.201173402868317,
2021-10-30 15:45:00,21.19129074315515,
2021-10-30 16:00:00,21.191408083441985,
2021-10-30 16:15:00,21.151525423728813,
2021-10-30 16:30:00,21.23164276401565,
2021-10-30 16:45:00,21.521760104302476,
2021-10-30 17:00:00,21.96187744458931,
2021-10-30 17:15:00,22.06199478487614,
2021-10-30 17:30:00,22.062112125162972,
2021-10-30 17:45:00,21.862229465449804,
2021-10-30 18:00:00,21.74234680573663,
2021-10-30 18:15:00,21.552464146023468,
2021-10-30 18:30:00,21.442581486310303,
2021-10-30 18:45:00,21.272698826597132,
2021-10-30 19:00:00,21.252816166883964,
2021-10-30 19:15:00,21.122933507170796,
2021-10-30 19:30:00,21.063050847457625,
2021-10-30 19:45:00,21.03316818774446,
2021-10-30 20:00:00,21.02328552803129,
2021-10-30 20:15:00,20.963402868318123,
2021-10-30 20:30:00,20.963520208604955,
2021-10-30 20:45:00,20.973637548891784,
2021-10-30 21:00:00,20.93375488917862,
2021-10-30 21:15:00,20.96387222946545,
2021-10-30 21:30:00,20.95398956975228,
2021-10-30 21:45:00,20.94410691003911,
2021-10-30 22:00:00,20.914224250325944,
2021-10-30 22:15:00,20.904341590612777,
2021-10-30 22:30:00,20.904458930899608,
2021-10-30 22:45:00,20.88457627118644,
2021-10-30 23:00:00,20.90469361147327,
2021-10-30 23:15:00,20.874810951760107,
2021-10-30 23:30:00,20.924928292046935,
2021-10-30 23:45:00,20.85504563233377,
2021-10-31 00:00:00,20.8651629726206,
2021-10-31 00:15:00,20.88528031290743,
2021-10-31 00:30:00,20.815397653194264,
2021-10-31 00:45:00,20.835514993481095,
2021-10-31 01:00:00,20.775632333767927,
2021-10-31 01:15:00,20.79574967405476,
2021-10-31 01:30:00,20.765867014341588,
2021-10-31 01:45:00,20.745984354628423,
2021-10-31 02:00:00,21.066101694915258,
2021-10-31 02:15:00,22.576219035202087,
2021-10-31 02:30:00,22.816336375488916,
2021-10-31 02:45:00,22.516453715775747,
2021-10-31 03:00:00,22.226571056062586,
2021-10-31 03:15:00,21.936688396349417,
2021-10-31 03:30:00,21.686805736636245,
2021-10-31 03:45:00,21.386923076923075,
2021-10-31 04:00:00,21.19704041720991,
2021-10-31 04:15:00,21.11715775749674,
2021-10-31 04:30:00,21.047275097783572,
2021-10-31 04:45:00,20.94739243807041,
2021-10-31 05:00:00,20.807509778357236,
2021-10-31 05:15:00,20.757627118644063,
2021-10-31 05:30:00,20.6877444589309,
2021-10-31 05:45:00,20.597861799217732,
2021-10-31 06:00:00,20.467979139504564,
2021-10-31 06:15:00,20.288096479791395,
2021-10-31 06:30:00,20.25821382007823,
2021-10-31 06:45:00,20.22833116036506,
2021-10-31 07:00:00,20.13844850065189,
2021-10-31 07:15:00,20.13856584093872,
2021-10-31 07:30:00,20.12868318122555,
2021-10-31 07:45:00,20.19880052151239,
2021-10-31 08:00:00,20.19891786179922,
2021-10-31 08:15:00,20.25903520208605,
2021-10-31 08:30:00,20.19915254237288,
2021-10-31 08:45:00,20.309269882659713,
2021-10-31 09:00:00,20.329387222946547,
2021-10-31 09:15:00,20.419504563233374,
2021-10-31 09:30:00,20.41962190352021,
2021-10-31 09:45:00,20.48973924380704,
2021-10-31 10:00:00,20.559856584093872,
2021-10-31 10:15:00,20.629973924380707,
2021-10-31 10:30:00,20.730091264667536,
2021-10-31 10:45:00,20.800208604954367,
2021-10-31 11:00:00,20.770325945241197,
2021-10-31 11:15:00,20.89044328552803,
2021-10-31 11:30:00,20.910560625814863,
2021-10-31 11:45:00,20.950677966101697,
2021-10-31 12:00:00,20.950795306388528,
2021-10-31 12:15:00,20.92091264667536,
2021-10-31 12:30:00,20.96102998696219,
2021-10-31 12:45:00,20.991147327249024,
2021-10-31 13:00:00,20.991264667535855,
2021-10-31 13:15:00,20.991382007822686,
2021-10-31 13:30:00,21.021499348109515,
2021-10-31 13:45:00,21.021616688396342,
2021-10-31 14:00:00,20.98173402868318,
2021-10-31 14:15:00,21.011851368970017,
2021-10-31 14:30:00,21.031968709256844,
2021-10-31 14:45:00,21.02208604954367,
2021-10-31 15:00:00,21.03220338983051,
2021-10-31 15:15:00,21.082320730117345,
2021-10-31 15:30:00,21.062438070404173,
2021-10-31 15:45:00,21.092555410691,
2021-10-31 16:00:00,20.992672750977835,
2021-10-31 16:15:00,20.98279009126467,
2021-10-31 16:30:00,21.0729074315515,
2021-10-31 16:45:00,21.09302477183833,
2021-10-31 17:00:00,21.043142112125164,
2021-10-31 17:15:00,21.023259452411992,
2021-10-31 17:30:00,20.983376792698827,
2021-10-31 17:45:00,21.003494132985654,
2021-10-31 18:00:00,21.02361147327249,
2021-10-31 18:15:00,21.05372881355932,
2021-10-31 18:30:00,21.04384615384615,
2021-10-31 18:45:00,21.003963494132982,
2021-10-31 19:00:00,21.094080834419817,
2021-10-31 19:15:00,21.024198174706648,
2021-10-31 19:30:00,20.98431551499348,
2021-10-31 19:45:00,20.93443285528031,
2021-10-31 20:00:00,20.894550195567145,
2021-10-31 20:15:00,20.934667535853976,
2021-10-31 20:30:00,20.944784876140808,
2021-10-31 20:45:00,20.95490221642764,
2021-10-31 21:00:00,20.94501955671447,
2021-10-31 21:15:00,20.975136897001303,
2021-10-31 21:30:00,20.985254237288135,
2021-10-31 21:45:00,20.965371577574967,
2021-10-31 22:00:00,20.9654889178618,
2021-10-31 22:15:00,20.92560625814863,
2021-10-31 22:30:00,20.895723598435463,
2021-10-31 22:45:00,20.865840938722297,
2021-10-31 23:00:00,20.905958279009127,
2021-10-31 23:15:00,20.856075619295957,
2021-10-31 23:30:00,20.84619295958279,
2021-10-31 23:45:00,20.786310299869623,
2021-11-01 00:00:00,20.826427640156453,
2021-11-01 00:15:00,20.716544980443285,
2021-11-01 00:30:00,20.646662320730115,
2021-11-01 00:45:00,20.636779661016952,
2021-11-01 01:00:00,20.696897001303785,
2021-11-01 01:15:00,20.717014341590613,
2021-11-01 01:30:00,20.68713168187744,
2021-11-01 01:45:00,20.627249022164275,
2021-11-01 02:00:00,20.73736636245111,
2021-11-01 02:15:00,20.71748370273794,
2021-11-01 02:30:00,20.747601043024773,
2021-11-01 02:45:00,20.727718383311604,
2021-11-01 03:00:00,20.717835723598434,
2021-11-01 03:15:00,20.687953063885267,
2021-11-01 03:30:00,20.7280704041721,
2021-11-01 03:45:00,20.71818774445893,
2021-11-01 04:00:00,20.64830508474576,
2021-11-01 04:15:00,20.608422425032593,
2021-11-01 04:30:00,20.70853976531943,
2021-11-01 04:45:00,20.69865710560626,
2021-11-01 05:00:00,20.70877444589309,
2021-11-01 05:15:00,20.64889178617992,
2021-11-01 05:30:00,20.609009126466752,
2021-11-01 05:45:00,20.609126466753587,
2021-11-01 06:00:00,20.61924380704042,
2021-11-01 06:15:00,20.689361147327247,
2021-11-01 06:30:00,20.66947848761408,
2021-11-01 06:45:00,20.64959582790091,
2021-11-01 07:00:00,20.549713168187747,
2021-11-01 07:15:00,20.659830508474577,
2021-11-01 07:30:00,20.74994784876141,
2021-11-01 07:45:00,20.71006518904824,
2021-11-01 08:00:00,20.810182529335073,
2021-11-01 08:15:00,20.850299869621903,
2021-11-01 08:30:00,20.790417209908735,
2021-11-01 08:45:00,20.81053455019557,
2021-11-01 09:00:00,20.8606518904824,
2021-11-01 09:15:00,20.85076923076923,
2021-11-01 09:30:00,20.870886571056065,
2021-11-01 09:45:00,20.871003911342896,
2021-11-01 10:00:00,20.921121251629724,
2021-11-01 10:15:00,20.901238591916556,
2021-11-01 10:30:00,20.90135593220339,
2021-11-01 10:45:00,20.99147327249022,
2021-11-01 11:00:00,20.941590612777052,
2021-11-01 11:15:00,20.931707953063885,
2021-11-01 11:30:00,20.911825293350716,
2021-11-01 11:45:00,20.94194263363755,
2021-11-01 12:00:00,20.962059973924383,
2021-11-01 12:15:00,20.94217731421121,
2021-11-01 12:30:00,20.952294654498044,
2021-11-01 12:45:00,20.992411994784874,
2021-11-01 13:00:00,20.99252933507171,
2021-11-01 13:15:00,20.97264667535854,
2021-11-01 13:30:00,21.03276401564537,
2021-11-01 13:45:00,20.982881355932204,
2021-11-01 14:00:00,21.062998696219033,
2021-11-01 14:15:00,21.09311603650587,
2021-11-01 14:30:00,21.1132333767927,
2021-11-01 14:45:00,21.13335071707953,
2021-11-01 15:00:00,21.08346805736636,
2021-11-01 15:15:00,21.063585397653192,
2021-11-01 15:30:00,21.023702737940027,
2021-11-01 15:45:00,20.993820078226857,
2021-11-01 16:00:00,21.05393741851369,
2021-11-01 16:15:00,21.05405475880052,
2021-11-01 16:30:00,20.984172099087356,
2021-11-01 16:45:00,20.984289439374187,
2021-11-01 17:00:00,20.98440677966102,
2021-11-01 17:15:00,20.98452411994785,
2021-11-01 17:30:00,20.96464146023468,
2021-11-01 17:45:00,20.994758800521513,
2021-11-01 18:00:00,20.974876140808345,
2021-11-01 18:15:00,20.954993481095176,
2021-11-01 18:30:00,20.955110821382007,
2021-11-01 18:45:00,20.995228161668837,
2021-11-01 19:00:00,20.96534550195567,
2021-11-01 19:15:00,21.015462842242503,
2021-11-01 19:30:00,21.015580182529337,
2021-11-01 19:45:00,21.005697522816167,
2021-11-01 20:00:00,20.995814863102996,
2021-11-01 20:15:00,21.025932203389832,
2021-11-01 20:30:00,21.056049543676664,
2021-11-01 20:45:00,20.926166883963493,
2021-11-01 21:00:00,20.876284224250327,
2021-11-01 21:15:00,20.986401564537157,
2021-11-01 21:30:00,21.00651890482399,
2021-11-01 21:45:00,21.06663624511082,
2021-11-01 22:00:00,21.116753585397653,
2021-11-01 22:15:00,21.166870925684485,
2021-11-01 22:30:00,21.196988265971314,
2021-11-01 22:45:00,21.21710560625815,
2021-11-01 23:00:00,21.29722294654498,
2021-11-01 23:15:00,21.187340286831812,
2021-11-01 23:30:00,21.217457627118645,
2021-11-01 23:45:00,21.16757496740548,
2021-11-02 00:00:00,21.197692307692307,
2021-11-02 00:15:00,21.19780964797914,
2021-11-02 00:30:00,21.217926988265972,
2021-11-02 00:45:00,21.218044328552804,
2021-11-02 01:00:00,21.248161668839636,
2021-11-02 01:15:00,21.298279009126468,
2021-11-02 01:30:00,21.2983963494133,
2021-11-02 01:45:00,21.25851368970013,
2021-11-02 02:00:00,21.31863102998696,
2021-11-02 02:15:00,21.248748370273795,
2021-11-02 02:30:00,21.338865710560626,
2021-11-02 02:45:00,21.21898305084746,
2021-11-02 03:00:00,21.249100391134288,
2021-11-02 03:15:00,21.20921773142112,
2021-11-02 03:30:00,21.279335071707955,
2021-11-02 03:45:00,21.229452411994785,
2021-11-02 04:00:00,21.199569752281615,
2021-11-02 04:15:00,21.229687092568447,
2021-11-02 04:30:00,21.21980443285528,
2021-11-02 04:45:00,21.299921773142113,
2021-11-02 05:00:00,21.300039113428944,
2021-11-02 05:15:00,21.280156453715776,
2021-11-02 05:30:00,21.32027379400261,
2021-11-02 05:45:00,21.320391134289437,
2021-11-02 06:00:00,21.300508474576272,
2021-11-02 06:15:00,21.270625814863106,
2021-11-02 06:30:00,21.300743155149934,
2021-11-02 06:45:00,21.270860495436764,
2021-11-02 07:00:00,21.3109778357236,
2021-11-02 07:15:00,21.32109517601043,
2021-11-02 07:30:00,21.27121251629726,
2021-11-02 07:45:00,21.291329856584092,
2021-11-02 08:00:00,21.281447196870925,
2021-11-02 08:15:00,21.27156453715776,
2021-11-02 08:30:00,21.25168187744459,
2021-11-02 08:45:00,21.20179921773142,
2021-11-02 09:00:00,21.25191655801825,
2021-11-02 09:15:00,21.212033898305084,
2021-11-02 09:30:00,21.19215123859192,
2021-11-02 09:45:00,21.202268578878748,
2021-11-02 10:00:00,21.27238591916558,
2021-11-02 10:15:00,21.242503259452413,
2021-11-02 10:30:00,21.23262059973924,
2021-11-02 10:45:00,21.22273794002608,
2021-11-02 11:00:00,21.21285528031291,
2021-11-02 11:15:00,21.21297262059974,
2021-11-02 11:30:00,21.223089960886572,
2021-11-02 11:45:00,21.2032073011734,
2021-11-02 12:00:00,21.213324641460236,
2021-11-02 12:15:00,21.183441981747062,
2021-11-02 12:30:00,21.233559322033894,
2021-11-02 12:45:00,21.25367666232073,
2021-11-02 13:00:00,21.21379400260756,
2021-11-02 13:15:00,21.243911342894396,
2021-11-02 13:30:00,21.174028683181227,
2021-11-02 13:45:00,21.22414602346806,
2021-11-02 14:00:00,21.204263363754887,
2021-11-02 14:15:00,21.14438070404172,
2021-11-02 14:30:00,21.174498044328555,
2021-11-02 14:45:00,21.154615384615383,
2021-11-02 15:00:00,21.164732724902215,
2021-11-02 15:15:00,21.18485006518905,
2021-11-02 15:30:00,21.16496740547588,
2021-11-02 15:45:00,21.095084745762712,
2021-11-02 16:00:00,21.105202086049545,
2021-11-02 16:15:00,21.085319426336376,
2021-11-02 16:30:00,21.095436766623205,
2021-11-02 16:45:00,21.11555410691004,
2021-11-02 17:00:00,21.035671447196872,
2021-11-02 17:15:00,20.995788787483704,
2021-11-02 17:30:00,20.985906127770537,
2021-11-02 17:45:00,21.066023468057367,
2021-11-02 18:00:00,20.9661408083442,
2021-11-02 18:15:00,20.996258148631032,
2021-11-02 18:30:00,21.016375488917863,
2021-11-02 18:45:00,20.906492829204694,
2021-11-02 19:00:00,20.906610169491525,
2021-11-02 19:15:00,20.92672750977836,
2021-11-02 19:30:00,20.85684485006519,
2021-11-02 19:45:00,20.87696219035202,
2021-11-02 20:00:00,20.887079530638857,
2021-11-02 20:15:00,20.877196870925683,
2021-11-02 20:30:00,20.797314211212516,
2021-11-02 20:45:00,20.87743155149935,
2021-11-02 21:00:00,20.84754889178618,
2021-11-02 21:15:00,20.85766623207301,
2021-11-02 21:30:00,20.79778357235984,
2021-11-02 21:45:00,20.777900912646675,
2021-11-02 22:00:00,20.808018252933508,
2021-11-02 22:15:00,20.80813559322034,
2021-11-02 22:30:00,20.78825293350717,
2021-11-02 22:45:00,20.758370273794,
2021-11-02 23:00:00,20.678487614080836,
2021-11-02 23:15:00,20.658604954367668,
2021-11-02 23:30:00,20.6587222946545,
2021-11-02 23:45:00,20.708839634941327,
2021-11-03 00:00:00,20.66895697522816,
2021-11-03 00:15:00,20.609074315514995,
2021-11-03 00:30:00,20.599191655801825,
2021-11-03 00:45:00,20.63930899608866,
2021-11-03 01:00:00,20.69942633637549,
2021-11-03 01:15:00,20.66954367666232,
2021-11-03 01:30:00,20.689661016949152,
2021-11-03 01:45:00,20.699778357235985,
2021-11-03 02:00:00,20.649895697522815,
2021-11-03 02:15:00,20.610013037809647,
2021-11-03 02:30:00,20.660130378096483,
2021-11-03 02:45:00,20.64024771838331,
2021-11-03 03:00:00,20.610365058670144,
2021-11-03 03:15:00,20.570482398956976,
2021-11-03 03:30:00,20.54059973924381,
2021-11-03 03:45:00,20.58071707953064,
2021-11-03 04:00:00,20.570834419817473,
2021-11-03 04:15:00,20.5509517601043,
2021-11-03 04:30:00,20.531069100391132,
2021-11-03 04:45:00,20.611186440677965,
2021-11-03 05:00:00,20.6313037809648,
2021-11-03 05:15:00,20.58142112125163,
2021-11-03 05:30:00,20.63153846153846,
2021-11-03 05:45:00,20.641655801825294,
2021-11-03 06:00:00,20.681773142112124,
2021-11-03 06:15:00,20.68189048239896,
2021-11-03 06:30:00,20.64200782268579,
2021-11-03 06:45:00,20.69212516297262,
2021-11-03 07:00:00,20.72224250325945,
2021-11-03 07:15:00,20.74235984354628,
2021-11-03 07:30:00,20.75247718383312,
2021-11-03 07:45:00,20.712594524119947,
2021-11-03 08:00:00,20.782711864406775,
2021-11-03 08:15:00,20.76282920469361,
2021-11-03 08:30:00,20.81294654498044,
2021-11-03 08:45:00,20.773063885267277,
2021-11-03 09:00:00,20.803181225554106,
2021-11-03 09:15:00,20.783298565840937,
2021-11-03 09:30:00,20.74341590612777,
2021-11-03 09:45:00,20.783533246414603,
2021-11-03 10:00:00,20.803650586701433,
2021-11-03 10:15:00,20.773767926988267,
2021-11-03 10:30:00,20.8238852672751,
2021-11-03 10:45:00,20.834002607561928,
2021-11-03 11:00:00,20.80411994784876,
2021-11-03 11:15:00,20.894237288135596,
2021-11-03 11:30:00,20.844354628422423,
2021-11-03 11:45:00,20.874471968709255,
2021-11-03 12:00:00,20.94458930899609,
2021-11-03 12:15:00,20.96470664928292,
2021-11-03 12:30:00,20.96482398956975,
2021-11-03 12:45:00,20.974941329856584,
2021-11-03 13:00:00,20.955058670143416,
2021-11-03 13:15:00,20.975176010430246,
2021-11-03 13:30:00,21.05529335071708,
2021-11-03 13:45:00,21.075410691003913,
2021-11-03 14:00:00,21.075528031290744,
2021-11-03 14:15:00,21.135645371577574,
2021-11-03 14:30:00,21.125762711864404,
2021-11-03 14:45:00,21.09588005215124,
2021-11-03 15:00:00,21.02599739243807,
2021-11-03 15:15:00,21.066114732724905,
2021-11-03 15:30:00,21.026232073011737,
2021-11-03 15:45:00,21.066349413298564,
2021-11-03 16:00:00,20.9764667535854,
2021-11-03 16:15:00,20.98658409387223,
2021-11-03 16:30:00,21.006701434159066,
2021-11-03 16:45:00,20.956818774445892,
2021-11-03 17:00:00,20.92693611473273,
2021-11-03 17:15:00,20.907053455019557,
2021-11-03 17:30:00,20.89717079530639,
2021-11-03 17:45:00,20.84728813559322,
2021-11-03 18:00:00,20.87740547588005,
2021-11-03 18:15:00,20.827522816166887,
2021-11-03 18:30:00,20.907640156453716,
2021-11-03 18:45:00,20.887757496740548,
2021-11-03 19:00:00,20.787874837027378,
2021-11-03 19:15:00,20.77799217731421,
2021-11-03 19:30:00,20.718109517601043,
2021-11-03 19:45:00,20.668226857887877,
2021-11-03 20:00:00,20.748344198174703,
2021-11-03 20:15:00,20.678461538461537,
2021-11-03 20:30:00,20.628578878748367,
2021-11-03 20:45:00,20.658696219035203,
2021-11-03 21:00:00,20.668813559322036,
2021-11-03 21:15:00,20.698930899608865,
2021-11-03 21:30:00,20.689048239895698,
2021-11-03 21:45:00,20.66916558018253,
2021-11-03 22:00:00,20.62928292046936,
2021-11-03 22:15:00,20.659400260756193,
2021-11-03 22:30:00,20.609517601043024,
2021-11-03 22:45:00,20.559634941329858,
2021-11-03 23:00:00,20.589752281616686,
2021-11-03 23:15:00,20.55986962190352,
2021-11-03 23:30:00,20.62998696219035,
2021-11-03 23:45:00,20.600104302477185,
2021-11-04 00:00:00,20.640221642764015,
2021-11-04 00:15:00,20.64033898305085,
2021-11-04 00:30:00,20.60045632333768,
2021-11-04 00:45:00,20.64057366362451,
2021-11-04 01:00:00,20.61069100391134,
2021-11-04 01:15:00,20.580808344198175,
2021-11-04 01:30:00,20.55092568448501,
2021-11-04 01:45:00,20.49104302477184,
2021-11-04 02:00:00,20.62116036505867,
2021-11-04 02:15:00,20.581277705345503,
2021-11-04 02:30:00,20.56139504563233,
2021-11-04 02:45:00,20.531512385919168,
2021-11-04 03:00:00,20.561629726205997,
2021-11-04 03:15:00,20.561747066492828,
2021-11-04 03:30:00,20.57186440677966,
2021-11-04 03:45:00,20.551981747066492,
2021-11-04 04:00:00,20.582099087353328,
2021-11-04 04:15:00,20.472216427640156,
2021-11-04 04:30:00,20.522333767926987,
2021-11-04 04:45:00,20.46245110821382,
2021-11-04 05:00:00,20.55256844850065,
2021-11-04 05:15:00,20.592685788787485,
2021-11-04 05:30:00,20.542803129074315,
2021-11-04 05:45:00,20.532920469361148,
2021-11-04 06:00:00,20.53303780964798,
2021-11-04 06:15:00,20.53315514993481,
2021-11-04 06:30:00,20.453272490221643,
2021-11-04 06:45:00,20.503389830508475,
2021-11-04 07:00:00,20.503507170795302,
2021-11-04 07:15:00,20.58362451108214,
2021-11-04 07:30:00,20.613741851368967,
2021-11-04 07:45:00,20.583859191655804,
2021-11-04 08:00:00,20.603976531942635,
2021-11-04 08:15:00,20.614093872229464,
2021-11-04 08:30:00,20.624211212516297,
2021-11-04 08:45:00,20.684328552803127,
2021-11-04 09:00:00,20.694445893089963,
2021-11-04 09:15:00,20.654563233376795,
2021-11-04 09:30:00,20.734680573663624,
2021-11-04 09:45:00,20.744797913950457,
2021-11-04 10:00:00,20.73491525423729,
2021-11-04 10:15:00,20.76503259452412,
2021-11-04 10:30:00,20.77514993481095,
2021-11-04 10:45:00,20.805267275097783,
2021-11-04 11:00:00,20.845384615384617,
2021-11-04 11:15:00,20.82550195567145,
2021-11-04 11:30:00,20.84561929595828,
2021-11-04 11:45:00,20.95573663624511,
2021-11-04 12:00:00,20.95585397653194,
2021-11-04 12:15:00,20.965971316818777,
2021-11-04 12:30:00,20.92608865710561,
2021-11-04 12:45:00,20.94620599739244,
2021-11-04 13:00:00,20.98632333767927,
2021-11-04 13:15:00,20.9564406779661,
2021-11-04 13:30:00,20.966558018252933,
2021-11-04 13:45:00,20.976675358539765,
2021-11-04 14:00:00,20.9967926988266,
2021-11-04 14:15:00,20.98691003911343,
2021-11-04 14:30:00,20.96702737940026,
2021-11-04 14:45:00,20.927144719687092,
2021-11-04 15:00:00,21.017262059973927,
2021-11-04 15:15:00,20.957379400260756,
2021-11-04 15:30:00,20.90749674054759,
2021-11-04 15:45:00,20.937614080834415,
2021-11-04 16:00:00,20.87773142112125,
2021-11-04 16:15:00,20.947848761408085,
2021-11-04 16:30:00,20.877966101694916,
2021-11-04 16:45:00,20.848083441981743,
2021-11-04 17:00:00,20.76820078226858,
2021-11-04 17:15:00,20.78831812255541,
2021-11-04 17:30:00,20.758435462842243,
2021-11-04 17:45:00,20.75855280312907,
2021-11-04 18:00:00,20.778670143415905,
2021-11-04 18:15:00,20.738787483702737,
2021-11-04 18:30:00,20.72890482398957,
2021-11-04 18:45:00,20.739022164276403,
2021-11-04 19:00:00,20.679139504563235,
2021-11-04 19:15:00,20.689256844850064,
2021-11-04 19:30:00,20.669374185136896,
2021-11-04 19:45:00,20.589491525423732,
2021-11-04 20:00:00,20.63960886571056,
2021-11-04 20:15:00,20.629726205997393,
2021-11-04 20:30:00,20.649843546284224,
2021-11-04 20:45:00,20.599960886571058,
2021-11-04 21:00:00,20.60007822685789,
2021-11-04 21:15:00,20.59019556714472,
2021-11-04 21:30:00,20.60031290743155,
2021-11-04 21:45:00,20.64043024771838,
2021-11-04 22:00:00,20.580547588005217,
2021-11-04 22:15:00,20.56066492829205,
2021-11-04 22:30:00,20.56078226857888,
2021-11-04 22:45:00,20.65089960886571,
2021-11-04 23:00:00,20.60101694915254,
2021-11-04 23:15:00,20.55113428943937,
2021-11-04 23:30:00,20.511251629726207,
2021-11-04 23:45:00,20.52136897001304,
2021-11-05 00:00:00,20.551486310299868,
2021-11-05 00:15:00,20.5716036505867,
2021-11-05 00:30:00,20.521720990873533,
2021-11-05 00:45:00,20.51183833116037,
2021-11-05 01:00:00,20.461955671447196,
2021-11-05 01:15:00,20.49207301173403,
2021-11-05 01:30:00,20.46219035202086,
2021-11-05 01:45:00,20.45230769230769,
2021-11-05 02:00:00,20.522425032594526,
2021-11-05 02:15:00,20.582542372881356,
2021-11-05 02:30:00,20.552659713168183,
2021-11-05 02:45:00,20.532777053455018,
2021-11-05 03:00:00,20.532894393741852,
2021-11-05 03:15:00,20.553011734028683,
2021-11-05 03:30:00,20.483129074315514,
2021-11-05 03:45:00,20.473246414602347,
2021-11-05 04:00:00,20.41336375488918,
2021-11-05 04:15:00,20.503481095176017,
2021-11-05 04:30:00,20.453598435462844,
2021-11-05 04:45:00,20.373715775749673,
2021-11-05 05:00:00,20.403833116036505,
2021-11-05 05:15:00,20.363950456323337,
2021-11-05 05:30:00,20.38406779661017,
2021-11-05 05:45:00,20.414185136897004,
2021-11-05 06:00:00,20.464302477183832,
2021-11-05 06:15:00,20.494419817470664,
2021-11-05 06:30:00,20.414537157757497,
2021-11-05 06:45:00,20.38465449804433,
2021-11-05 07:00:00,20.42477183833116,
2021-11-05 07:15:00,20.474889178617993,
2021-11-05 07:30:00,20.405006518904823,
2021-11-05 07:45:00,20.455123859191655,
2021-11-05 08:00:00,20.49524119947849,
2021-11-05 08:15:00,20.49535853976532,
2021-11-05 08:30:00,20.48547588005215,
2021-11-05 08:45:00,20.55559322033898,
2021-11-05 09:00:00,20.57571056062581,
2021-11-05 09:15:00,20.605827900912647,
2021-11-05 09:30:00,20.61594524119948,
2021-11-05 09:45:00,20.63606258148631,
2021-11-05 10:00:00,20.616179921773146,
2021-11-05 10:15:00,20.716297262059975,
2021-11-05 10:30:00,20.726414602346807,
2021-11-05 10:45:00,20.77653194263364,
2021-11-05 11:00:00,20.786649282920468,
2021-11-05 11:15:00,20.8067666232073,
2021-11-05 11:30:00,20.866883963494136,
2021-11-05 11:45:00,20.857001303780965,
2021-11-05 12:00:00,20.837118644067797,
2021-11-05 12:15:00,20.877235984354627,
2021-11-05 12:30:00,20.86735332464146,
2021-11-05 12:45:00,20.897470664928292,
2021-11-05 13:00:00,20.86758800521513,
2021-11-05 13:15:00,20.887705345501956,
2021-11-05 13:30:00,20.837822685788787,
2021-11-05 13:45:00,20.897940026075617,
2021-11-05 14:00:00,20.868057366362457,
2021-11-05 14:15:00,20.888174706649284,
2021-11-05 14:30:00,20.878292046936114,
2021-11-05 14:45:00,20.868409387222947,
2021-11-05 15:00:00,20.858526727509776,
2021-11-05 15:15:00,20.798644067796612,
2021-11-05 15:30:00,20.848761408083444,
2021-11-05 15:45:00,20.788878748370273,
2021-11-05 16:00:00,20.838996088657105,
2021-11-05 16:15:00,20.989113428943934,
2021-11-05 16:30:00,21.02923076923077,
2021-11-05 16:45:00,20.9793481095176,
2021-11-05 17:00:00,20.91946544980443,
2021-11-05 17:15:00,20.859582790091263,
2021-11-05 17:30:00,20.879700130378097,
2021-11-05 17:45:00,20.70981747066493,
2021-11-05 18:00:00,20.63993481095176,
2021-11-05 18:15:00,20.61005215123859,
2021-11-05 18:30:00,20.640169491525423,
2021-11-05 18:45:00,20.640286831812254,
2021-11-05 19:00:00,20.630404172099087,
2021-11-05 19:15:00,20.63052151238592,
2021-11-05 19:30:00,20.64063885267275,
2021-11-05 19:45:00,20.58075619295958,
2021-11-05 20:00:00,20.550873533246417,
2021-11-05 20:15:00,20.570990873533248,
2021-11-05 20:30:00,20.55110821382008,
2021-11-05 20:45:00,20.53122555410691,
2021-11-05 21:00:00,20.54134289439374,
2021-11-05 21:15:00,20.621460234680576,
2021-11-05 21:30:00,20.661577574967406,
2021-11-05 21:45:00,20.57169491525424,
2021-11-05 22:00:00,20.55181225554107,
2021-11-05 22:15:00,20.5119295958279,
2021-11-05 22:30:00,20.492046936114733,
2021-11-05 22:45:00,20.48216427640157,
2021-11-05 23:00:00,20.562281616688395,
2021-11-05 23:15:00,20.452398956975227,
2021-11-05 23:30:00,20.562516297262057,
2021-11-05 23:45:00,20.592633637548893,
2021-11-06 00:00:00,20.722750977835723,
2021-11-06 00:15:00,20.72286831812255,
2021-11-06 00:30:00,20.712985658409387,
2021-11-06 00:45:00,20.643102998696214,
2021-11-06 01:00:00,20.58322033898305,
2021-11-06 01:15:00,20.54333767926988,
2021-11-06 01:30:00,20.543455019556713,
2021-11-06 01:45:00,20.503572359843545,
2021-11-06 02:00:00,20.473689700130375,
2021-11-06 02:15:00,20.423807040417213,
2021-11-06 02:30:00,20.423924380704044,
2021-11-06 02:45:00,20.44404172099087,
2021-11-06 03:00:00,20.424159061277702,
2021-11-06 03:15:00,20.384276401564534,
2021-11-06 03:30:00,20.41439374185137,
2021-11-06 03:45:00,20.3545110821382,
2021-11-06 04:00:00,20.414628422425032,
2021-11-06 04:15:00,20.414745762711863,
2021-11-06 04:30:00,20.4448631029987,
2021-11-06 04:45:00,20.55498044328553,
2021-11-06 05:00:00,20.57509778357236,
2021-11-06 05:15:00,20.63521512385919,
2021-11-06 05:30:00,20.605332464146024,
2021-11-06 05:45:00,20.625449804432854,
2021-11-06 06:00:00,20.58556714471969,
2021-11-06 06:15:00,20.59568448500652,
2021-11-06 06:30:00,20.60580182529335,
2021-11-06 06:45:00,20.54591916558018,
2021-11-06 07:00:00,20.626036505867017,
2021-11-06 07:15:00,20.536153846153848,
2021-11-06 07:30:00,20.60627118644068,
2021-11-06 07:45:00,20.57638852672751,
2021-11-06 08:00:00,20.57650586701434,
2021-11-06 08:15:00,20.566623207301173,
2021-11-06 08:30:00,20.606740547588007,
2021-11-06 08:45:00,20.646857887874837,
2021-11-06 09:00:00,20.596975228161668,
2021-11-06 09:15:00,20.657092568448498,
2021-11-06 09:30:00,20.667209908735337,
2021-11-06 09:45:00,20.637327249022164,
2021-11-06 10:00:00,20.65744458930899,
2021-11-06 10:15:00,20.667561929595827,
2021-11-06 10:30:00,20.747679269882656,
2021-11-06 10:45:00,20.697796610169497,
2021-11-06 11:00:00,20.687913950456323,
2021-11-06 11:15:00,20.858031290743156,
2021-11-06 11:30:00,20.738148631029983,
2021-11-06 11:45:00,20.80826597131682,
2021-11-06 12:00:00,20.77838331160365,
2021-11-06 12:15:00,20.768500651890484,
2021-11-06 12:30:00,20.848617992177314,
2021-11-06 12:45:00,20.838735332464143,
2021-11-06 13:00:00,20.818852672750975,
2021-11-06 13:15:00,20.72897001303781,
2021-11-06 13:30:00,20.74908735332464,
2021-11-06 13:45:00,20.85920469361147,
2021-11-06 14:00:00,20.759322033898304,
2021-11-06 14:15:00,20.76943937418514,
2021-11-06 14:30:00,20.749556714471968,
2021-11-06 14:45:00,20.6596740547588,
2021-11-06 15:00:00,20.70979139504563,
2021-11-06 15:15:00,20.709908735332466,
2021-11-06 15:30:00,20.710026075619297,
2021-11-06 15:45:00,20.67014341590613,
2021-11-06 16:00:00,20.66026075619296,
2021-11-06 16:15:00,20.65037809647979,
2021-11-06 16:30:00,20.62049543676662,
2021-11-06 16:45:00,20.670612777053456,
2021-11-06 17:00:00,20.670730117340288,
2021-11-06 17:15:00,20.640847457627117,
2021-11-06 17:30:00,20.63096479791395,
2021-11-06 17:45:00,20.65108213820078,
2021-11-06 18:00:00,20.561199478487616,
2021-11-06 18:15:00,20.581316818774447,
2021-11-06 18:30:00,20.58143415906128,
2021-11-06 18:45:00,20.591551499348107,
2021-11-06 19:00:00,20.581668839634943,
2021-11-06 19:15:00,20.561786179921775,
2021-11-06 19:30:00,20.541903520208606,
2021-11-06 19:45:00,20.562020860495437,
2021-11-06 20:00:00,20.54213820078227,
2021-11-06 20:15:00,20.582255541069102,
2021-11-06 20:30:00,20.582372881355933,
2021-11-06 20:45:00,20.562490221642765,
2021-11-06 21:00:00,20.55260756192959,
2021-11-06 21:15:00,20.542724902216428,
2021-11-06 21:30:00,20.522842242503263,
2021-11-06 21:45:00,20.512959582790092,
2021-11-06 22:00:00,20.493076923076924,
2021-11-06 22:15:00,20.51319426336375,
2021-11-06 22:30:00,20.483311603650584,
2021-11-06 22:45:00,20.51342894393742,
2021-11-06 23:00:00,20.523546284224253,
2021-11-06 23:15:00,20.473663624511083,
2021-11-06 23:30:00,20.513780964797913,
2021-11-06 23:45:00,20.573898305084743,
2021-11-07 00:00:00,20.554015645371575,
2021-11-07 00:15:00,20.53413298565841,
2021-11-07 00:30:00,20.56425032594524,
2021-11-07 00:45:00,20.524367666232074,
2021-11-07 01:00:00,20.484485006518906,
2021-11-07 01:15:00,20.45460234680574,
2021-11-07 01:30:00,20.484719687092568,
2021-11-07 01:45:00,20.3248370273794,
2021-11-07 02:00:00,20.21495436766623,
2021-11-07 02:15:00,20.16507170795306,
2021-11-07 02:30:00,20.105189048239897,
2021-11-07 02:45:00,20.145306388526727,
2021-11-07 03:00:00,20.30542372881356,
2021-11-07 03:15:00,20.28554106910039,
2021-11-07 03:30:00,20.315658409387225,
2021-11-07 03:45:00,20.425775749674056,
2021-11-07 04:00:00,20.39589308996089,
2021-11-07 04:15:00,20.44601043024772,
2021-11-07 04:30:00,20.38612777053455,
2021-11-07 04:45:00,20.476245110821385,
2021-11-07 05:00:00,20.446362451108214,
2021-11-07 05:15:00,20.396479791395045,
2021-11-07 05:30:00,20.38659713168188,
2021-11-07 05:45:00,20.376714471968707,
2021-11-07 06:00:00,20.386831812255544,
2021-11-07 06:15:00,20.426949152542377,
2021-11-07 06:30:00,20.397066492829204,
2021-11-07 06:45:00,20.41718383311603,
2021-11-07 07:00:00,20.447301173402867,
2021-11-07 07:15:00,20.437418513689703,
2021-11-07 07:30:00,20.407535853976533,
2021-11-07 07:45:00,20.457653194263365,
2021-11-07 08:00:00,20.367770534550196,
2021-11-07 08:15:00,20.357887874837022,
2021-11-07 08:30:00,20.32800521512386,
2021-11-07 08:45:00,20.368122555410693,
2021-11-07 09:00:00,20.37823989569752,
2021-11-07 09:15:00,20.368357235984355,
2021-11-07 09:30:00,20.388474576271182,
2021-11-07 09:45:00,20.39859191655802,
2021-11-07 10:00:00,20.42870925684485,
2021-11-07 10:15:00,20.49882659713168,
2021-11-07 10:30:00,20.50894393741851,
2021-11-07 10:45:00,20.539061277705343,
2021-11-07 11:00:00,20.54917861799218,
2021-11-07 11:15:00,20.53929595827901,
2021-11-07 11:30:00,20.67941329856584,
2021-11-07 11:45:00,21.03953063885267,
2021-11-07 12:00:00,21.329647979139505,
2021-11-07 12:15:00,21.379765319426337,
2021-11-07 12:30:00,21.36988265971317,
2021-11-07 12:45:00,21.29,
2021-11-07 13:00:00,21.13011734028683,
2021-11-07 13:15:00,21.040234680573665,
2021-11-07 13:30:00,20.990352020860495,
2021-11-07 13:45:00,20.87046936114733,
2021-11-07 14:00:00,20.91058670143416,
2021-11-07 14:15:00,20.89070404172099,
2021-11-07 14:30:00,20.790821382007824,
2021-11-07 14:45:00,20.790938722294655,
2021-11-07 15:00:00,20.79105606258149,
2021-11-07 15:15:00,20.78117340286832,
2021-11-07 15:30:00,20.78129074315515,
2021-11-07 15:45:00,20.731408083441984,
2021-11-07 16:00:00,20.781525423728816,
2021-11-07 16:15:00,20.791642764015645,
2021-11-07 16:30:00,20.791760104302476,
2021-11-07 16:45:00,20.78187744458931,
2021-11-07 17:00:00,20.771994784876146,
2021-11-07 17:15:00,20.802112125162974,
2021-11-07 17:30:00,20.762229465449803,
2021-11-07 17:45:00,20.782346805736637,
2021-11-07 18:00:00,20.792464146023462,
2021-11-07 18:15:00,20.782581486310303,
2021-11-07 18:30:00,20.782698826597137,
2021-11-07 18:45:00,20.81281616688396,
2021-11-07 19:00:00,20.812933507170793,
2021-11-07 19:15:00,20.803050847457627,
2021-11-07 19:30:00,20.78316818774446,
2021-11-07 19:45:00,20.823285528031292,
2021-11-07 20:00:00,20.79340286831812,
2021-11-07 20:15:00,20.80352020860495,
2021-11-07 20:30:00,20.803637548891786,
2021-11-07 20:45:00,20.75375488917862,
2021-11-07 21:00:00,20.73387222946545,
2021-11-07 21:15:00,20.75398956975228,
2021-11-07 21:30:00,20.72410691003911,
2021-11-07 21:45:00,20.734224250325948,
2021-11-07 22:00:00,20.674341590612777,
2021-11-07 22:15:00,20.69445893089961,
2021-11-07 22:30:00,20.70457627118644,
2021-11-07 22:45:00,20.66469361147327,
2021-11-07 23:00:00,20.634810951760105,
2021-11-07 23:15:00,20.62492829204694,
2021-11-07 23:30:00,20.66504563233377,
2021-11-07 23:45:00,20.6851629726206,
2021-11-08 00:00:00,20.78528031290743,
2021-11-08 00:15:00,20.805397653194262,
2021-11-08 00:30:00,20.815514993481095,
2021-11-08 00:45:00,20.895632333767928,
2021-11-08 01:00:00,20.885749674054757,
2021-11-08 01:15:00,20.88586701434159,
2021-11-08 01:30:00,20.835984354628422,
2021-11-08 01:45:00,20.796101694915254,
2021-11-08 02:00:00,20.726219035202085,
2021-11-08 02:15:00,20.64633637548892,
2021-11-08 02:30:00,20.57645371577575,
2021-11-08 02:45:00,20.40657105606258,
2021-11-08 03:00:00,20.426688396349412,
2021-11-08 03:15:00,20.48680573663625,
2021-11-08 03:30:00,20.586923076923075,
2021-11-08 03:45:00,20.777040417209907,
2021-11-08 04:00:00,20.83715775749674,
2021-11-08 04:15:00,20.937275097783573,
2021-11-08 04:30:00,20.937392438070404,
2021-11-08 04:45:00,20.997509778357234,
2021-11-08 05:00:00,20.96762711864407,
2021-11-08 05:15:00,21.0077444589309,
2021-11-08 05:30:00,20.95786179921773,
2021-11-08 05:45:00,20.97797913950456,
2021-11-08 06:00:00,20.91809647979139,
2021-11-08 06:15:00,20.86821382007823,
2021-11-08 06:30:00,20.86833116036506,
2021-11-08 06:45:00,20.91844850065189,
2021-11-08 07:00:00,20.75856584093872,
2021-11-08 07:15:00,20.80868318122555,
2021-11-08 07:30:00,20.71880052151239,
2021-11-08 07:45:00,20.75891786179922,
2021-11-08 08:00:00,20.78903520208605,
2021-11-08 08:15:00,20.79915254237288,
2021-11-08 08:30:00,20.76926988265971,
2021-11-08 08:45:00,20.679387222946545,
2021-11-08 09:00:00,20.749504563233376,
2021-11-08 09:15:00,20.75962190352021,
2021-11-08 09:30:00,20.72973924380704,
2021-11-08 09:45:00,20.70985658409387,
2021-11-08 10:00:00,20.689973924380705,
2021-11-08 10:15:00,20.720091264667538,
2021-11-08 10:30:00,20.710208604954367,
2021-11-08 10:45:00,20.6903259452412,
2021-11-08 11:00:00,20.68044328552803,
2021-11-08 11:15:00,20.740560625814865,
2021-11-08 11:30:00,20.770677966101697,
2021-11-08 11:45:00,20.80079530638853,
2021-11-08 12:00:00,20.800912646675357,
2021-11-08 12:15:00,20.831029986962193,
2021-11-08 12:30:00,20.811147327249024,
2021-11-08 12:45:00,20.871264667535858,
2021-11-08 13:00:00,20.83138200782269,
2021-11-08 13:15:00,20.861499348109515,
2021-11-08 13:30:00,20.86161668839635,
2021-11-08 13:45:00,20.921734028683183,
2021-11-08 14:00:00,20.871851368970013,
2021-11-08 14:15:00,20.901968709256845,
2021-11-08 14:30:00,20.942086049543676,
2021-11-08 14:45:00,20.90220338983051,
2021-11-08 15:00:00,20.92232073011734,
2021-11-08 15:15:00,20.922438070404173,
2021-11-08 15:30:00,20.882555410691005,
2021-11-08 15:45:00,20.922672750977835,
2021-11-08 16:00:00,20.90279009126467,
2021-11-08 16:15:00,20.9029074315515,
2021-11-08 16:30:00,20.883024771838333,
2021-11-08 16:45:00,20.87314211212516,
2021-11-08 17:00:00,20.853259452411994,
2021-11-08 17:15:00,20.85337679269883,
2021-11-08 17:30:00,20.843494132985654,
2021-11-08 17:45:00,20.81361147327249,
2021-11-08 18:00:00,20.793728813559323,
2021-11-08 18:15:00,20.75384615384615,
2021-11-08 18:30:00,20.763963494132987,
2021-11-08 18:45:00,20.714080834419818,
2021-11-08 19:00:00,20.65419817470665,
2021-11-08 19:15:00,20.64431551499348,
2021-11-08 19:30:00,20.704432855280313,
2021-11-08 19:45:00,20.624550195567146,
2021-11-08 20:00:00,20.584667535853978,
2021-11-08 20:15:00,20.504784876140807,
2021-11-08 20:30:00,20.60490221642764,
2021-11-08 20:45:00,20.615019556714472,
2021-11-08 21:00:00,20.635136897001303,
2021-11-08 21:15:00,20.505254237288135,
2021-11-08 21:30:00,20.525371577574965,
2021-11-08 21:45:00,20.5454889178618,
2021-11-08 22:00:00,20.54560625814863,
2021-11-08 22:15:00,20.495723598435465,
2021-11-08 22:30:00,20.525840938722293,
2021-11-08 22:45:00,20.525958279009124,
2021-11-08 23:00:00,20.49607561929596,
2021-11-08 23:15:00,20.46619295958279,
2021-11-08 23:30:00,20.456310299869624,
2021-11-08 23:45:00,20.446427640156458,
2021-11-09 00:00:00,20.396544980443284,
2021-11-09 00:15:00,20.386662320730117,
2021-11-09 00:30:00,20.39677966101695,
2021-11-09 00:45:00,20.336897001303782,
2021-11-09 01:00:00,20.307014341590612,
2021-11-09 01:15:00,20.317131681877445,
2021-11-09 01:30:00,20.367249022164273,
2021-11-09 01:45:00,20.367366362451108,
2021-11-09 02:00:00,20.317483702737945,
2021-11-09 02:15:00,20.37760104302477,
2021-11-09 02:30:00,20.317718383311604,
2021-11-09 02:45:00,20.347835723598433,
2021-11-09 03:00:00,20.327953063885268,
2021-11-09 03:15:00,20.3780704041721,
2021-11-09 03:30:00,20.34818774445893,
2021-11-09 03:45:00,20.33830508474576,
2021-11-09 04:00:00,20.338422425032594,
2021-11-09 04:15:00,20.278539765319422,
2021-11-09 04:30:00,20.348657105606257,
2021-11-09 04:45:00,20.34877444589309,
2021-11-09 05:00:00,20.32889178617992,
2021-11-09 05:15:00,20.339009126466756,
2021-11-09 05:30:00,20.319126466753588,
2021-11-09 05:45:00,20.329243807040417,
2021-11-09 06:00:00,20.28936114732725,
2021-11-09 06:15:00,20.19947848761408,
2021-11-09 06:30:00,20.209595827900916,
2021-11-09 06:45:00,20.229713168187747,
2021-11-09 07:00:00,20.259830508474575,
2021-11-09 07:15:00,20.289947848761408,
2021-11-09 07:30:00,20.30006518904824,
2021-11-09 07:45:00,20.37018252933507,
2021-11-09 08:00:00,20.350299869621903,
2021-11-09 08:15:00,20.360417209908736,
2021-11-09 08:30:00,20.360534550195567,
2021-11-09 08:45:00,20.370651890482396,
2021-11-09 09:00:00,20.37076923076923,
2021-11-09 09:15:00,20.460886571056065,
2021-11-09 09:30:00,20.461003911342896,
2021-11-09 09:45:00,20.43112125162973,
2021-11-09 10:00:00,20.471238591916556,
2021-11-09 10:15:00,20.481355932203392,
2021-11-09 10:30:00,20.49147327249022,
2021-11-09 10:45:00,20.53159061277705,
2021-11-09 11:00:00,20.521707953063885,
2021-11-09 11:15:00,20.501825293350716,
2021-11-09 11:30:00,20.55194263363755,
2021-11-09 11:45:00,20.54205997392438,
2021-11-09 12:00:00,20.632177314211212,
2021-11-09 12:15:00,20.69229465449804,
2021-11-09 12:30:00,20.81241199478487,
2021-11-09 12:45:00,20.88252933507171,
2021-11-09 13:00:00,21.00264667535854,
2021-11-09 13:15:00,21.04276401564537,
2021-11-09 13:30:00,21.1528813559322,
2021-11-09 13:45:00,21.27299869621903,
2021-11-09 14:00:00,21.353116036505867,
2021-11-09 14:15:00,21.443233376792698,
2021-11-09 14:30:00,21.463350717079532,
2021-11-09 14:45:00,21.56346805736636,
2021-11-09 15:00:00,21.603585397653195,
2021-11-09 15:15:00,21.693702737940026,
2021-11-09 15:30:00,21.813820078226858,
2021-11-09 15:45:00,21.97393741851369,
2021-11-09 16:00:00,22.06405475880052,
2021-11-09 16:15:00,22.15417209908735,
2021-11-09 16:30:00,22.274289439374183,
2021-11-09 16:45:00,22.314406779661017,
2021-11-09 17:00:00,22.43452411994785,
2021-11-09 17:15:00,22.50464146023468,
2021-11-09 17:30:00,22.564758800521513,
2021-11-09 17:45:00,22.594876140808346,
2021-11-09 18:00:00,22.694993481095175,
2021-11-09 18:15:00,22.83511082138201,
2021-11-09 18:30:00,22.91522816166884,
2021-11-09 18:45:00,23.05534550195567,
2021-11-09 19:00:00,23.245462842242503,
2021-11-09 19:15:00,23.285580182529333,
2021-11-09 19:30:00,23.215697522816168,
2021-11-09 19:45:00,23.185814863103,
2021-11-09 20:00:00,23.15593220338983,
2021-11-09 20:15:00,23.10604954367666,
2021-11-09 20:30:00,23.026166883963494,
2021-11-09 20:45:00,22.946284224250324,
2021-11-09 21:00:00,22.826401564537157,
2021-11-09 21:15:00,22.68651890482399,
2021-11-09 21:30:00,22.63663624511082,
2021-11-09 21:45:00,22.576753585397658,
2021-11-09 22:00:00,22.416870925684485,
2021-11-09 22:15:00,22.33698826597132,
2021-11-09 22:30:00,22.287105606258148,
2021-11-09 22:45:00,22.13722294654498,
2021-11-09 23:00:00,22.077340286831813,
2021-11-09 23:15:00,21.937457627118643,
2021-11-09 23:30:00,21.907574967405477,
2021-11-09 23:45:00,21.82769230769231,
2021-11-10 00:00:00,21.877809647979134,
2021-11-10 00:15:00,21.87792698826597,
2021-11-10 00:30:00,21.7780443285528,
2021-11-10 00:45:00,21.73816166883964,
2021-11-10 01:00:00,21.678279009126467,
2021-11-10 01:15:00,21.6683963494133,
2021-11-10 01:30:00,21.61851368970013,
2021-11-10 01:45:00,21.51863102998696,
2021-11-10 02:00:00,21.438748370273796,
2021-11-10 02:15:00,21.408865710560622,
2021-11-10 02:30:00,21.368983050847454,
2021-11-10 02:45:00,21.359100391134287,
2021-11-10 03:00:00,21.31921773142112,
2021-11-10 03:15:00,21.289335071707953,
2021-11-10 03:30:00,21.329452411994787,
2021-11-10 03:45:00,21.249569752281616,
2021-11-10 04:00:00,21.279687092568448,
2021-11-10 04:15:00,21.26980443285528,
2021-11-10 04:30:00,21.219921773142115,
2021-11-10 04:45:00,21.290039113428943,
2021-11-10 05:00:00,21.320156453715775,
2021-11-10 05:15:00,21.32027379400261,
2021-11-10 05:30:00,21.33039113428944,
2021-11-10 05:45:00,21.330508474576273,
2021-11-10 06:00:00,21.360625814863106,
2021-11-10 06:15:00,21.280743155149935,
2021-11-10 06:30:00,21.240860495436767,
2021-11-10 06:45:00,21.3309778357236,
2021-11-10 07:00:00,21.30109517601043,
2021-11-10 07:15:00,21.221212516297264,
2021-11-10 07:30:00,21.251329856584093,
2021-11-10 07:45:00,21.251447196870924,
2021-11-10 08:00:00,21.23156453715776,
2021-11-10 08:15:00,21.24168187744459,
2021-11-10 08:30:00,21.191799217731425,
2021-11-10 08:45:00,21.241916558018257,
2021-11-10 09:00:00,21.162033898305083,
2021-11-10 09:15:00,21.23215123859192,
2021-11-10 09:30:00,21.25226857887875,
2021-11-10 09:45:00,21.18238591916558,
2021-11-10 10:00:00,21.152503259452413,
2021-11-10 10:15:00,21.13262059973924,
2021-11-10 10:30:00,21.122737940026077,
2021-11-10 10:45:00,21.162855280312908,
2021-11-10 11:00:00,21.12297262059974,
2021-11-10 11:15:00,21.18308996088657,
2021-11-10 11:30:00,21.0832073011734,
2021-11-10 11:45:00,21.013324641460237,
2021-11-10 12:00:00,21.033441981747067,
2021-11-10 12:15:00,21.023559322033897,
2021-11-10 12:30:00,21.03367666232073,
2021-11-10 12:45:00,20.95379400260756,
2021-11-10 13:00:00,20.953911342894393,
2021-11-10 13:15:00,20.914028683181225,
2021-11-10 13:30:00,20.934146023468056,
2021-11-10 13:45:00,20.934263363754887,
2021-11-10 14:00:00,20.89438070404172,
2021-11-10 14:15:00,20.924498044328555,
2021-11-10 14:30:00,20.934615384615384,
2021-11-10 14:45:00,20.934732724902215,
2021-11-10 15:00:00,20.914850065189047,
2021-11-10 15:15:00,20.93496740547588,
2021-11-10 15:30:00,20.945084745762713,
2021-11-10 15:45:00,20.945202086049544,
2021-11-10 16:00:00,20.945319426336376,
2021-11-10 16:15:00,20.925436766623207,
2021-11-10 16:30:00,20.95555410691004,
2021-11-10 16:45:00,20.91567144719687,
2021-11-10 17:00:00,20.9557887874837,
2021-11-10 17:15:00,20.915906127770533,
2021-11-10 17:30:00,20.896023468057365,
2021-11-10 17:45:00,20.8961408083442,
2021-11-10 18:00:00,20.87625814863103,
2021-11-10 18:15:00,20.836375488917863,
2021-11-10 18:30:00,20.86649282920469,
2021-11-10 18:45:00,20.776610169491523,
2021-11-10 19:00:00,20.76672750977836,
2021-11-10 19:15:00,20.75684485006519,
2021-11-10 19:30:00,20.73696219035202,
2021-11-10 19:45:00,20.75707953063885,
2021-11-10 20:00:00,20.75719687092568,
2021-11-10 20:15:00,20.71731421121252,
2021-11-10 20:30:00,20.687431551499348,
2021-11-10 20:45:00,20.64754889178618,
2021-11-10 21:00:00,20.69766623207301,
2021-11-10 21:15:00,20.71778357235984,
2021-11-10 21:30:00,20.667900912646676,
2021-11-10 21:45:00,20.648018252933507,
2021-11-10 22:00:00,20.71813559322034,
2021-11-10 22:15:00,20.60825293350717,
2021-11-10 22:30:00,20.558370273794004,
2021-11-10 22:45:00,20.61848761408083,
2021-11-10 23:00:00,20.588604954367668,
2021-11-10 23:15:00,20.598722294654497,
2021-11-10 23:30:00,20.638839634941327,
2021-11-10 23:45:00,20.648956975228163,
2021-11-11 00:00:00,20.57907431551499,
2021-11-11 00:15:00,20.529191655801824,
2021-11-11 00:30:00,20.589308996088658,
2021-11-11 00:45:00,20.54942633637549,
2021-11-11 01:00:00,20.50954367666232,
2021-11-11 01:15:00,20.559661016949153,
2021-11-11 01:30:00,20.509778357235984,
2021-11-11 01:45:00,20.549895697522818,
2021-11-11 02:00:00,20.58001303780965,
2021-11-11 02:15:00,20.58013037809648,
2021-11-11 02:30:00,20.53024771838331,
2021-11-11 02:45:00,20.550365058670145,
2021-11-11 03:00:00,20.500482398956976,
2021-11-11 03:15:00,20.520599739243806,
2021-11-11 03:30:00,20.53071707953064,
2021-11-11 03:45:00,20.51083441981747,
2021-11-11 04:00:00,20.5109517601043,
2021-11-11 04:15:00,20.501069100391135,
2021-11-11 04:30:00,20.491186440677964,
2021-11-11 04:45:00,20.4913037809648,
2021-11-11 05:00:00,20.52142112125163,
2021-11-11 05:15:00,20.54153846153846,
2021-11-11 05:30:00,20.51165580182529,
2021-11-11 05:45:00,20.601773142112123,
2021-11-11 06:00:00,20.551890482398957,
2021-11-11 06:15:00,20.60200782268579,
2021-11-11 06:30:00,20.56212516297262,
2021-11-11 06:45:00,20.55224250325945,
2021-11-11 07:00:00,20.522359843546287,
2021-11-11 07:15:00,20.48247718383312,
2021-11-11 07:30:00,20.50259452411995,
2021-11-11 07:45:00,20.54271186440678,
2021-11-11 08:00:00,20.49282920469361,
2021-11-11 08:15:00,20.602946544980444,
2021-11-11 08:30:00,20.603063885267275,
2021-11-11 08:45:00,20.583181225554107,
2021-11-11 09:00:00,20.61329856584094,
2021-11-11 09:15:00,20.51341590612777,
2021-11-11 09:30:00,20.543533246414604,
2021-11-11 09:45:00,20.613650586701436,
2021-11-11 10:00:00,20.633767926988263,
2021-11-11 10:15:00,20.623885267275096,
2021-11-11 10:30:00,20.68400260756193,
2021-11-11 10:45:00,20.67411994784876,
2021-11-11 11:00:00,20.734237288135596,
2021-11-11 11:15:00,20.654354628422425,
2021-11-11 11:30:00,20.664471968709258,
2021-11-11 11:45:00,20.674589308996087,
2021-11-11 12:00:00,20.71470664928292,
2021-11-11 12:15:00,20.764823989569752,
2021-11-11 12:30:00,20.744941329856584,
2021-11-11 12:45:00,20.775058670143416,
2021-11-11 13:00:00,20.755176010430247,
2021-11-11 13:15:00,20.77529335071708,
2021-11-11 13:30:00,20.83541069100391,
2021-11-11 13:45:00,20.845528031290744,
2021-11-11 14:00:00,20.825645371577576,
2021-11-11 14:15:00,20.84576271186441,
2021-11-11 14:30:00,20.86588005215124,
2021-11-11 14:45:00,20.845997392438072,
2021-11-11 15:00:00,20.9061147327249,
2021-11-11 15:15:00,20.89623207301173,
2021-11-11 15:30:00,20.89634941329857,
2021-11-11 15:45:00,20.9364667535854,
2021-11-11 16:00:00,20.88658409387223,
2021-11-11 16:15:00,20.916701434159062,
2021-11-11 16:30:00,20.936818774445893,
2021-11-11 16:45:00,20.916936114732728,
2021-11-11 17:00:00,20.927053455019557,
2021-11-11 17:15:00,20.97717079530639,
2021-11-11 17:30:00,20.94728813559322,
2021-11-11 17:45:00,20.95740547588005,
2021-11-11 18:00:00,20.917522816166887,
2021-11-11 18:15:00,20.977640156453717,
2021-11-11 18:30:00,20.957757496740548,
2021-11-11 18:45:00,20.967874837027377,
2021-11-11 19:00:00,20.93799217731421,
2021-11-11 19:15:00,20.928109517601044,
2021-11-11 19:30:00,20.958226857887876,
2021-11-11 19:45:00,20.908344198174703,
2021-11-11 20:00:00,20.898461538461536,
2021-11-11 20:15:00,20.90857887874837,
2021-11-11 20:30:00,20.848696219035205,
2021-11-11 20:45:00,20.81881355932203,
2021-11-11 21:00:00,20.808930899608864,
2021-11-11 21:15:00,20.769048239895696,
2021-11-11 21:30:00,20.719165580182526,
2021-11-11 21:45:00,20.759282920469364,
2021-11-11 22:00:00,20.70940026075619,
2021-11-11 22:15:00,20.699517601043024,
2021-11-11 22:30:00,20.679634941329855,
2021-11-11 22:45:00,20.69975228161669,
2021-11-11 23:00:00,20.65986962190352,
2021-11-11 23:15:00,20.639986962190353,
2021-11-11 23:30:00,20.620104302477184,
2021-11-11 23:45:00,20.670221642764016,
2021-11-12 00:00:00,20.69033898305085,
2021-11-12 00:15:00,20.58045632333768,
2021-11-12 00:30:00,20.580573663624513,
2021-11-12 00:45:00,20.65069100391134,
2021-11-12 01:00:00,20.610808344198173,
2021-11-12 01:15:00,20.610925684485007,
2021-11-12 01:30:00,20.61104302477184,
2021-11-12 01:45:00,20.55116036505867,
2021-11-12 02:00:00,20.5712777053455,
2021-11-12 02:15:00,20.54139504563233,
2021-11-12 02:30:00,20.51151238591917,
2021-11-12 02:45:00,20.481629726206,
2021-11-12 03:00:00,20.51174706649283,
2021-11-12 03:15:00,20.45186440677966,
2021-11-12 03:30:00,20.45198174706649,
2021-11-12 03:45:00,20.472099087353325,
2021-11-12 04:00:00,20.402216427640155,
2021-11-12 04:15:00,20.48233376792699,
2021-11-12 04:30:00,20.472451108213814,
2021-11-12 04:45:00,20.54256844850065,
2021-11-12 05:00:00,20.522685788787484,
2021-11-12 05:15:00,20.522803129074315,
2021-11-12 05:30:00,20.532920469361148,
2021-11-12 05:45:00,20.49303780964798,
2021-11-12 06:00:00,20.51315514993481,
2021-11-12 06:15:00,20.573272490221644,
2021-11-12 06:30:00,20.573389830508475,
2021-11-12 06:45:00,20.543507170795305,
2021-11-12 07:00:00,20.49362451108214,
2021-11-12 07:15:00,20.493741851368977,
2021-11-12 07:30:00,20.603859191655804,
2021-11-12 07:45:00,20.523976531942633,
2021-11-12 08:00:00,20.564093872229463,
2021-11-12 08:15:00,20.514211212516297,
2021-11-12 08:30:00,20.47432855280313,
2021-11-12 08:45:00,20.494445893089964,
2021-11-12 09:00:00,20.524563233376792,
2021-11-12 09:15:00,20.484680573663624,
2021-11-12 09:30:00,20.504797913950455,
2021-11-12 09:45:00,20.55491525423729,
2021-11-12 10:00:00,20.53503259452412,
2021-11-12 10:15:00,20.605149934810953,
2021-11-12 10:30:00,20.615267275097786,
2021-11-12 10:45:00,20.605384615384615,
2021-11-12 11:00:00,20.62550195567145,
2021-11-12 11:15:00,20.61561929595828,
2021-11-12 11:30:00,20.61573663624511,
2021-11-12 11:45:00,20.61585397653194,
2021-11-12 12:00:00,20.625971316818777,
2021-11-12 12:15:00,20.646088657105608,
2021-11-12 12:30:00,20.60620599739244,
2021-11-12 12:45:00,20.60632333767927,
2021-11-12 13:00:00,20.5964406779661,
2021-11-12 13:15:00,20.646558018252932,
2021-11-12 13:30:00,20.606675358539768,
2021-11-12 13:45:00,20.636792698826596,
2021-11-12 14:00:00,20.58691003911343,
2021-11-12 14:15:00,20.59702737940026,
2021-11-12 14:30:00,20.56714471968709,
2021-11-12 14:45:00,20.597262059973925,
2021-11-12 15:00:00,20.557379400260757,
2021-11-12 15:15:00,20.597496740547587,
2021-11-12 15:30:00,20.60761408083442,
2021-11-12 15:45:00,20.61773142112125,
2021-11-12 16:00:00,20.58784876140809,
2021-11-12 16:15:00,20.54796610169491,
2021-11-12 16:30:00,20.528083441981742,
2021-11-12 16:45:00,20.528200782268577,
2021-11-12 17:00:00,20.558318122555413,
2021-11-12 17:15:00,20.518435462842245,
2021-11-12 17:30:00,20.478552803129073,
2021-11-12 17:45:00,20.498670143415907,
2021-11-12 18:00:00,20.468787483702737,
2021-11-12 18:15:00,20.448904823989572,
2021-11-12 18:30:00,20.469022164276403,
2021-11-12 18:45:00,20.489139504563234,
2021-11-12 19:00:00,20.449256844850066,
2021-11-12 19:15:00,20.439374185136895,
2021-11-12 19:30:00,20.39949152542373,
2021-11-12 19:45:00,20.36960886571056,
2021-11-12 20:00:00,20.38972620599739,
2021-11-12 20:15:00,20.349843546284223,
2021-11-12 20:30:00,20.419960886571054,
2021-11-12 20:45:00,20.390078226857888,
2021-11-12 21:00:00,20.37019556714472,
2021-11-12 21:15:00,20.37031290743155,
2021-11-12 21:30:00,20.39043024771838,
2021-11-12 21:45:00,20.350547588005213,
2021-11-12 22:00:00,20.36066492829205,
2021-11-12 22:15:00,20.38078226857888,
2021-11-12 22:30:00,20.37089960886571,
2021-11-12 22:45:00,20.35101694915254,
2021-11-12 23:00:00,20.351134289439372,
2021-11-12 23:15:00,20.311251629726208,
2021-11-12 23:30:00,20.28136897001304,
2021-11-12 23:45:00,20.28148631029987,
2021-11-13 00:00:00,20.341603650586705,
2021-11-13 00:15:00,20.301720990873537,
2021-11-13 00:30:00,20.271838331160367,
2021-11-13 00:45:00,20.281955671447196,
2021-11-13 01:00:00,20.33207301173403,
2021-11-13 01:15:00,20.29219035202086,
2021-11-13 01:30:00,20.262307692307697,
2021-11-13 01:45:00,20.342425032594527,
2021-11-13 02:00:00,20.322542372881355,
2021-11-13 02:15:00,20.262659713168187,
2021-11-13 02:30:00,20.31277705345502,
2021-11-13 02:45:00,20.312894393741853,
2021-11-13 03:00:00,20.243011734028684,
2021-11-13 03:15:00,20.30312907431551,
2021-11-13 03:30:00,20.323246414602345,
2021-11-13 03:45:00,20.293363754889175,
2021-11-13 04:00:00,20.223481095176012,
2021-11-13 04:15:00,20.21359843546284,
2021-11-13 04:30:00,20.293715775749675,
2021-11-13 04:45:00,20.293833116036502,
2021-11-13 05:00:00,20.273950456323337,
2021-11-13 05:15:00,20.21406779661017,
2021-11-13 05:30:00,20.224185136897,
2021-11-13 05:45:00,20.264302477183833,
2021-11-13 06:00:00,20.304419817470663,
2021-11-13 06:15:00,20.294537157757496,
2021-11-13 06:30:00,20.27465449804433,
2021-11-13 06:45:00,20.26477183833116,
2021-11-13 07:00:00,20.294889178617993,
2021-11-13 07:15:00,20.23500651890482,
2021-11-13 07:30:00,20.265123859191657,
2021-11-13 07:45:00,20.31524119947849,
2021-11-13 08:00:00,20.31535853976532,
2021-11-13 08:15:00,20.275475880052152,
2021-11-13 08:30:00,20.26559322033898,
2021-11-13 08:45:00,20.265710560625816,
2021-11-13 09:00:00,20.29582790091265,
2021-11-13 09:15:00,20.25594524119948,
2021-11-13 09:30:00,20.31606258148631,
2021-11-13 09:45:00,20.41617992177314,
2021-11-13 10:00:00,20.506297262059977,
2021-11-13 10:15:00,20.50641460234681,
2021-11-13 10:30:00,20.52653194263364,
2021-11-13 10:45:00,20.51664928292047,
2021-11-13 11:00:00,20.4467666232073,
2021-11-13 11:15:00,20.496883963494135,
2021-11-13 11:30:00,20.47700130378097,
2021-11-13 11:45:00,20.4371186440678,
2021-11-13 12:00:00,20.45723598435463,
2021-11-13 12:15:00,20.49735332464146,
2021-11-13 12:30:00,20.447470664928293,
2021-11-13 12:45:00,20.447588005215124,
2021-11-13 13:00:00,20.497705345501956,
2021-11-13 13:15:00,20.50782268578879,
2021-11-13 13:30:00,20.50794002607562,
2021-11-13 13:45:00,20.528057366362457,
2021-11-13 14:00:00,20.518174706649283,
2021-11-13 14:15:00,20.508292046936116,
2021-11-13 14:30:00,20.558409387222945,
2021-11-13 14:45:00,20.488526727509775,
2021-11-13 15:00:00,20.458644067796612,
2021-11-13 15:15:00,20.51876140808344,
2021-11-13 15:30:00,20.538878748370273,
2021-11-13 15:45:00,20.528996088657102,
2021-11-13 16:00:00,20.509113428943937,
2021-11-13 16:15:00,20.48923076923077,
2021-11-13 16:30:00,20.4293481095176,
2021-11-13 16:45:00,20.41946544980443,
2021-11-13 17:00:00,20.399582790091262,
2021-11-13 17:15:00,20.3897001303781,
2021-11-13 17:30:00,20.399817470664928,
2021-11-13 17:45:00,20.37993481095176,
2021-11-13 18:00:00,20.40005215123859,
2021-11-13 18:15:00,20.390169491525423,
2021-11-13 18:30:00,20.430286831812257,
2021-11-13 18:45:00,20.35040417209909,
2021-11-13 19:00:00,20.36052151238592,
2021-11-13 19:15:00,20.34063885267275,
2021-11-13 19:30:00,20.34075619295958,
2021-11-13 19:45:00,20.350873533246418,
2021-11-13 20:00:00,20.33099087353325,
2021-11-13 20:15:00,20.32110821382008,
2021-11-13 20:30:00,20.29122555410691,
2021-11-13 20:45:00,20.32134289439374,
2021-11-13 21:00:00,20.261460234680577,
2021-11-13 21:15:00,20.311577574967405,
2021-11-13 21:30:00,20.26169491525424,
2021-11-13 21:45:00,20.32181225554107,
2021-11-13 22:00:00,20.3519295958279,
2021-11-13 22:15:00,20.322046936114734,
2021-11-13 22:30:00,20.30216427640157,
2021-11-13 22:45:00,20.2622816166884,
2021-11-13 23:00:00,20.292398956975227,
2021-11-13 23:15:00,20.272516297262055,
2021-11-13 23:30:00,20.272633637548893,
2021-11-13 23:45:00,20.192750977835725,
2021-11-14 00:00:00,20.212868318122556,
2021-11-14 00:15:00,20.182985658409383,
2021-11-14 00:30:00,20.14310299869622,
2021-11-14 00:45:00,20.053220338983053,
2021-11-14 01:00:00,20.023337679269883,
2021-11-14 01:15:00,20.083455019556713,
2021-11-14 01:30:00,20.043572359843544,
2021-11-14 01:45:00,20.09368970013038,
2021-11-14 02:00:00,20.08380704041721,
2021-11-14 02:15:00,20.08392438070404,
2021-11-14 02:30:00,20.094041720990873,
2021-11-14 02:45:00,20.144159061277705,
2021-11-14 03:00:00,20.174276401564537,
2021-11-14 03:15:00,20.13439374185137,
2021-11-14 03:30:00,20.1945110821382,
2021-11-14 03:45:00,20.17462842242503,
2021-11-14 04:00:00,20.554745762711864,
2021-11-14 04:15:00,21.574863102998695,
2021-11-14 04:30:00,21.91498044328553,
2021-11-14 04:45:00,21.74509778357236,
2021-11-14 05:00:00,21.50521512385919,
2021-11-14 05:15:00,21.17533246414602,
2021-11-14 05:30:00,20.825449804432857,
2021-11-14 05:45:00,20.525567144719687,
2021-11-14 06:00:00,20.30568448500652,
2021-11-14 06:15:00,20.11580182529335,
2021-11-14 06:30:00,19.95591916558018,
2021-11-14 06:45:00,19.876036505867017,
2021-11-14 07:00:00,19.846153846153847,
2021-11-14 07:15:00,19.73627118644068,
2021-11-14 07:30:00,19.70638852672751,
2021-11-14 07:45:00,19.73650586701434,
2021-11-14 08:00:00,19.736623207301175,
2021-11-14 08:15:00,19.726740547588005,
2021-11-14 08:30:00,19.746857887874835,
2021-11-14 08:45:00,19.866975228161667,
2021-11-14 09:00:00,19.9270925684485,
2021-11-14 09:15:00,19.997209908735332,
2021-11-14 09:30:00,20.097327249022165,
2021-11-14 09:45:00,20.147444589308996,
2021-11-14 10:00:00,20.177561929595825,
2021-11-14 10:15:00,20.22767926988266,
2021-11-14 10:30:00,20.167796610169493,
2021-11-14 10:45:00,20.207913950456323,
2021-11-14 11:00:00,20.27803129074315,
2021-11-14 11:15:00,20.238148631029983,
2021-11-14 11:30:00,20.24826597131682,
2021-11-14 11:45:00,20.288383311603653,
2021-11-14 12:00:00,20.31850065189048,
2021-11-14 12:15:00,20.338617992177312,
2021-11-14 12:30:00,20.338735332464143,
2021-11-14 12:45:00,20.39885267275098,
2021-11-14 13:00:00,20.42897001303781,
2021-11-14 13:15:00,20.379087353324643,
2021-11-14 13:30:00,20.38920469361147,
2021-11-14 13:45:00,20.399322033898304,
2021-11-14 14:00:00,20.46943937418514,
2021-11-14 14:15:00,20.499556714471968,
2021-11-14 14:30:00,20.5496740547588,
2021-11-14 14:45:00,20.56979139504563,
2021-11-14 15:00:00,20.469908735332464,
2021-11-14 15:15:00,20.500026075619296,
2021-11-14 15:30:00,20.500143415906127,
2021-11-14 15:45:00,20.44026075619296,
2021-11-14 16:00:00,20.44037809647979,
2021-11-14 16:15:00,20.41049543676662,
2021-11-14 16:30:00,20.370612777053456,
2021-11-14 16:45:00,20.370730117340287,
2021-11-14 17:00:00,20.44084745762712,
2021-11-14 17:15:00,20.42096479791395,
2021-11-14 17:30:00,20.411082138200783,
2021-11-14 17:45:00,20.371199478487615,
2021-11-14 18:00:00,20.35131681877445,
2021-11-14 18:15:00,20.321434159061276,
2021-11-14 18:30:00,20.301551499348108,
2021-11-14 18:45:00,20.351668839634943,
2021-11-14 19:00:00,20.271786179921776,
2021-11-14 19:15:00,20.281903520208605,
2021-11-14 19:30:00,20.312020860495437,
2021-11-14 19:45:00,20.232138200782263,
2021-11-14 20:00:00,20.2322555410691,
2021-11-14 20:15:00,20.282372881355933,
2021-11-14 20:30:00,20.27249022164277,
2021-11-14 20:45:00,20.202607561929597,
2021-11-14 21:00:00,20.222724902216427,
2021-11-14 21:15:00,20.26284224250326,
2021-11-14 21:30:00,20.28295958279009,
2021-11-14 21:45:00,20.25307692307692,
2021-11-14 22:00:00,20.243194263363755,
2021-11-14 22:15:00,20.243311603650582,
2021-11-14 22:30:00,20.24342894393742,
2021-11-14 22:45:00,20.293546284224252,
2021-11-14 23:00:00,20.21366362451108,
2021-11-14 23:15:00,20.233780964797912,
2021-11-14 23:30:00,20.173898305084744,
2021-11-14 23:45:00,20.12401564537158,
2021-11-15 00:00:00,20.14413298565841,
2021-11-15 00:15:00,20.16425032594524,
2021-11-15 00:30:00,20.16436766623207,
2021-11-15 00:45:00,20.154485006518904,
2021-11-15 01:00:00,20.174602346805734,
2021-11-15 01:15:00,20.12471968709257,
2021-11-15 01:30:00,20.1848370273794,
2021-11-15 01:45:00,20.14495436766623,
2021-11-15 02:00:00,20.175071707953062,
2021-11-15 02:15:00,20.125189048239896,
2021-11-15 02:30:00,20.105306388526728,
2021-11-15 02:45:00,20.095423728813557,
2021-11-15 03:00:00,20.11554106910039,
2021-11-15 03:15:00,20.125658409387224,
2021-11-15 03:30:00,20.095775749674058,
2021-11-15 03:45:00,20.125893089960886,
2021-11-15 04:00:00,20.11601043024772,
2021-11-15 04:15:00,20.08612777053455,
2021-11-15 04:30:00,20.046245110821385,
2021-11-15 04:45:00,20.056362451108217,
2021-11-15 05:00:00,20.10647979139505,
2021-11-15 05:15:00,20.056597131681876,
2021-11-15 05:30:00,20.06671447196871,
2021-11-15 05:45:00,20.106831812255543,
2021-11-15 06:00:00,20.066949152542374,
2021-11-15 06:15:00,20.127066492829204,
2021-11-15 06:30:00,20.127183833116035,
2021-11-15 06:45:00,20.127301173402863,
2021-11-15 07:00:00,20.087418513689705,
2021-11-15 07:15:00,20.107535853976533,
2021-11-15 07:30:00,20.137653194263365,
2021-11-15 07:45:00,20.117770534550196,
2021-11-15 08:00:00,20.147887874837025,
2021-11-15 08:15:00,20.15800521512386,
2021-11-15 08:30:00,20.18812255541069,
2021-11-15 08:45:00,20.158239895697523,
2021-11-15 09:00:00,20.17835723598435,
2021-11-15 09:15:00,20.238474576271184,
2021-11-15 09:30:00,20.21859191655802,
2021-11-15 09:45:00,20.13870925684485,
2021-11-15 10:00:00,20.208826597131683,
2021-11-15 10:15:00,20.23894393741851,
2021-11-15 10:30:00,20.239061277705343,
2021-11-15 10:45:00,20.24917861799218,
2021-11-15 11:00:00,20.419295958279008,
2021-11-15 11:15:00,20.50941329856584,
2021-11-15 11:30:00,20.44953063885267,
2021-11-15 11:45:00,20.479647979139507,
2021-11-15 12:00:00,20.509765319426336,
2021-11-15 12:15:00,20.47988265971317,
2021-11-15 12:30:00,20.5,
2021-11-15 12:45:00,20.780117340286832,
2021-11-15 13:00:00,20.560234680573664,
2021-11-15 13:15:00,20.620352020860494,
2021-11-15 13:30:00,20.62046936114733,
2021-11-15 13:45:00,20.56058670143416,
2021-11-15 14:00:00,20.55070404172099,
2021-11-15 14:15:00,20.570821382007825,
2021-11-15 14:30:00,20.560938722294654,
2021-11-15 14:45:00,20.54105606258149,
2021-11-15 15:00:00,20.57117340286832,
2021-11-15 15:15:00,20.53129074315515,
2021-11-15 15:30:00,20.451408083441983,
2021-11-15 15:45:00,20.461525423728816,
2021-11-15 16:00:00,20.441642764015644,
2021-11-15 16:15:00,20.431760104302477,
2021-11-15 16:30:00,20.401877444589307,
2021-11-15 16:45:00,20.361994784876146,
2021-11-15 17:00:00,20.402112125162972,
2021-11-15 17:15:00,20.37222946544981,
2021-11-15 17:30:00,20.412346805736636,
2021-11-15 17:45:00,20.332464146023465,
2021-11-15 18:00:00,20.4325814863103,
2021-11-15 18:15:00,20.392698826597133,
2021-11-15 18:30:00,20.372816166883965,
2021-11-15 18:45:00,20.352933507170793,
2021-11-15 19:00:00,20.34305084745763,
2021-11-15 19:15:00,20.32316818774446,
2021-11-15 19:30:00,20.33328552803129,
2021-11-15 19:45:00,20.283402868318124,
2021-11-15 20:00:00,20.243520208604952,
2021-11-15 20:15:00,20.273637548891788,
2021-11-15 20:30:00,20.29375488917862,
2021-11-15 20:45:00,20.24387222946545,
2021-11-15 21:00:00,20.24398956975228,
2021-11-15 21:15:00,20.254106910039113,
2021-11-15 21:30:00,20.224224250325943,
2021-11-15 21:45:00,20.21434159061278,
2021-11-15 22:00:00,20.244458930899608,
2021-11-15 22:15:00,20.23457627118644,
2021-11-15 22:30:00,20.20469361147327,
2021-11-15 22:45:00,20.214810951760107,
2021-11-15 23:00:00,20.224928292046936,
2021-11-15 23:15:00,20.30504563233377,
2021-11-15 23:30:00,20.2651629726206,
2021-11-15 23:45:00,20.21528031290743,
2021-11-16 00:00:00,20.145397653194262,
2021-11-16 00:15:00,20.205514993481096,
2021-11-16 00:30:00,20.185632333767927,
2021-11-16 00:45:00,20.11574967405476,
2021-11-16 01:00:00,20.20586701434159,
2021-11-16 01:15:00,20.205984354628423,
2021-11-16 01:30:00,20.216101694915256,
2021-11-16 01:45:00,20.246219035202085,
2021-11-16 02:00:00,20.30633637548892,
2021-11-16 02:15:00,20.226453715775747,
2021-11-16 02:30:00,20.19657105606258,
2021-11-16 02:45:00,20.176688396349412,
2021-11-16 03:00:00,20.30680573663625,
2021-11-16 03:15:00,20.19692307692307,
2021-11-16 03:30:00,20.09704041720991,
2021-11-16 03:45:00,20.11715775749674,
2021-11-16 04:00:00,20.167275097783573,
2021-11-16 04:15:00,20.147392438070405,
2021-11-16 04:30:00,20.15750977835723,
2021-11-16 04:45:00,20.11762711864407,
2021-11-16 05:00:00,20.1877444589309,
2021-11-16 05:15:00,20.257861799217732,
2021-11-16 05:30:00,20.08797913950456,
2021-11-16 05:45:00,20.268096479791392,
2021-11-16 06:00:00,20.338213820078227,
2021-11-16 06:15:00,20.40833116036506,
2021-11-16 06:30:00,20.468448500651892,
2021-11-16 06:45:00,20.68856584093872,
2021-11-16 07:00:00,20.778683181225553,
2021-11-16 07:15:00,20.908800521512383,
2021-11-16 07:30:00,21.18891786179922,
2021-11-16 07:45:00,21.27903520208605,
2021-11-16 08:00:00,21.32915254237288,
2021-11-16 08:15:00,21.42926988265971,
2021-11-16 08:30:00,21.429387222946545,
2021-11-16 08:45:00,21.639504563233377,
2021-11-16 09:00:00,21.749621903520207,
2021-11-16 09:15:00,21.81973924380704,
2021-11-16 09:30:00,21.93985658409387,
2021-11-16 09:45:00,22.049973924380705,
2021-11-16 10:00:00,22.150091264667537,
2021-11-16 10:15:00,22.190208604954368,
2021-11-16 10:30:00,22.200325945241197,
2021-11-16 10:45:00,22.190443285528033,
2021-11-16 11:00:00,22.130560625814866,
2021-11-16 11:15:00,22.040677966101697,
2021-11-16 11:30:00,21.96079530638853,
2021-11-16 11:45:00,21.950912646675356,
2021-11-16 12:00:00,22.05102998696219,
2021-11-16 12:15:00,21.891147327249023,
2021-11-16 12:30:00,21.861264667535853,
2021-11-16 12:45:00,21.791382007822687,
2021-11-16 13:00:00,21.72149934810952,
2021-11-16 13:15:00,21.61161668839635,
2021-11-16 13:30:00,21.621734028683186,
2021-11-16 13:45:00,21.471851368970015,
2021-11-16 14:00:00,21.421968709256845,
2021-11-16 14:15:00,21.41208604954367,
2021-11-16 14:30:00,21.33220338983051,
2021-11-16 14:45:00,21.312320730117342,
2021-11-16 15:00:00,21.192438070404172,
2021-11-16 15:15:00,21.062555410691004,
2021-11-16 15:30:00,21.05267275097783,
2021-11-16 15:45:00,21.022790091264667,
2021-11-16 16:00:00,20.9829074315515,
2021-11-16 16:15:00,20.94302477183833,
2021-11-16 16:30:00,20.89314211212516,
2021-11-16 16:45:00,20.873259452411993,
2021-11-16 17:00:00,20.873376792698828,
2021-11-16 17:15:00,20.76349413298566,
2021-11-16 17:30:00,20.77361147327249,
2021-11-16 17:45:00,20.76372881355932,
2021-11-16 18:00:00,20.693846153846152,
2021-11-16 18:15:00,20.693963494132987,
2021-11-16 18:30:00,20.644080834419817,
2021-11-16 18:45:00,20.57419817470665,
2021-11-16 19:00:00,20.55431551499348,
2021-11-16 19:15:00,20.504432855280314,
2021-11-16 19:30:00,20.504550195567145,
2021-11-16 19:45:00,20.424667535853978,
2021-11-16 20:00:00,20.45478487614081,
2021-11-16 20:15:00,20.364902216427637,
2021-11-16 20:30:00,20.33501955671447,
2021-11-16 20:45:00,20.375136897001305,
2021-11-16 21:00:00,20.375254237288136,
2021-11-16 21:15:00,20.285371577574967,
2021-11-16 21:30:00,20.345488917861797,
2021-11-16 21:45:00,20.305606258148632,
2021-11-16 22:00:00,20.305723598435463,
2021-11-16 22:15:00,20.285840938722295,
2021-11-16 22:30:00,20.255958279009125,
2021-11-16 22:45:00,20.29607561929596,
2021-11-16 23:00:00,20.28619295958279,
2021-11-16 23:15:00,20.316310299869624,
2021-11-16 23:30:00,20.286427640156457,
2021-11-16 23:45:00,20.286544980443285,
2021-11-17 00:00:00,20.29666232073012,
2021-11-17 00:15:00,20.23677966101695,
2021-11-17 00:30:00,20.23689700130378,
2021-11-17 00:45:00,20.177014341590613,
2021-11-17 01:00:00,20.147131681877443,
2021-11-17 01:15:00,20.14724902216427,
2021-11-17 01:30:00,20.207366362451108,
2021-11-17 01:45:00,20.19748370273794,
2021-11-17 02:00:00,20.137601043024773,
2021-11-17 02:15:00,20.157718383311604,
2021-11-17 02:30:00,20.127835723598434,
2021-11-17 02:45:00,20.15795306388527,
2021-11-17 03:00:00,20.1080704041721,
2021-11-17 03:15:00,20.10818774445893,
2021-11-17 03:30:00,20.10830508474576,
2021-11-17 03:45:00,20.118422425032595,
2021-11-17 04:00:00,20.13853976531943,
2021-11-17 04:15:00,20.098657105606257,
2021-11-17 04:30:00,20.06877444589309,
2021-11-17 04:45:00,20.07889178617992,
2021-11-17 05:00:00,20.109009126466756,
2021-11-17 05:15:00,,ICETMP
2021-11-17 05:30:00,,ICETMP
2021-11-17 05:45:00,,ICETMP
2021-11-17 06:00:00,,ICETMP
2021-11-17 06:15:00,,ICETMP
2021-11-17 06:30:00,,ICETMP
2021-11-17 06:45:00,,ICETMP
2021-11-17 07:00:00,,ICETMP
2021-11-17 07:15:00,,ICETMP
2021-11-17 07:30:00,,ICETMP
2021-11-17 07:45:00,,ICETMP
2021-11-17 08:00:00,,ICETMP
2021-11-17 08:15:00,,ICETMP
2021-11-17 08:30:00,,ICETMP
2021-11-17 08:45:00,,ICETMP
2021-11-17 09:00:00,,ICETMP
2021-11-17 09:15:00,,ICETMP
2021-11-17 09:30:00,,ICETMP
2021-11-17 09:45:00,,ICETMP
2021-11-17 10:00:00,,ICETMP
2021-11-17 10:15:00,,ICETMP
2021-11-17 10:30:00,,ICETMP
2021-11-17 10:45:00,,ICETMP
2021-11-17 11:00:00,,ICETMP
2021-11-17 11:15:00,,ICETMP
2021-11-17 11:30:00,,ICETMP
2021-11-17 11:45:00,,ICETMP
2021-11-17 12:00:00,20.28229465449804,
2021-11-17 12:15:00,20.30241199478488,
2021-11-17 12:30:00,20.29252933507171,
2021-11-17 12:45:00,20.28264667535854,
2021-11-17 13:00:00,20.29276401564537,
2021-11-17 13:15:00,20.272881355932203,
2021-11-17 13:30:00,20.292998696219037,
2021-11-17 13:45:00,20.34311603650587,
2021-11-17 14:00:00,20.3232333767927,
2021-11-17 14:15:00,20.38335071707953,
2021-11-17 14:30:00,20.37346805736636,
2021-11-17 14:45:00,20.413585397653197,
2021-11-17 15:00:00,20.39370273794003,
2021-11-17 15:15:00,20.383820078226854,
2021-11-17 15:30:00,20.40393741851369,
2021-11-17 15:45:00,20.39405475880052,
2021-11-17 16:00:00,20.40417209908735,
2021-11-17 16:15:00,20.484289439374187,
2021-11-17 16:30:00,20.424406779661016,
2021-11-17 16:45:00,20.39452411994785,
2021-11-17 17:00:00,20.35464146023468,
2021-11-17 17:15:00,20.374758800521512,
2021-11-17 17:30:00,20.404876140808344,
2021-11-17 17:45:00,20.324993481095177,
2021-11-17 18:00:00,20.35511082138201,
2021-11-17 18:15:00,20.355228161668837,
2021-11-17 18:30:00,20.30534550195567,
2021-11-17 18:45:00,20.305462842242505,
2021-11-17 19:00:00,20.255580182529336,
2021-11-17 19:15:00,20.235697522816167,
2021-11-17 19:30:00,20.235814863103,
2021-11-17 19:45:00,20.185932203389832,
2021-11-17 20:00:00,20.19604954367666,
2021-11-17 20:15:00,20.136166883963497,
2021-11-17 20:30:00,20.16628422425033,
2021-11-17 20:45:00,20.17640156453716,
2021-11-17 21:00:00,20.146518904823992,
2021-11-17 21:15:00,20.12663624511082,
2021-11-17 21:30:00,20.156753585397652,
2021-11-17 21:45:00,20.12687092568448,
2021-11-17 22:00:00,20.11698826597132,
2021-11-17 22:15:00,20.10710560625815,
2021-11-17 22:30:00,20.08722294654498,
2021-11-17 22:45:00,20.08734028683181,
2021-11-17 23:00:00,20.097457627118644,
2021-11-17 23:15:00,20.11757496740548,
2021-11-17 23:30:00,20.107692307692307,
2021-11-17 23:45:00,20.08780964797914,
2021-11-18 00:00:00,20.01792698826597,
2021-11-18 00:15:00,20.0180443285528,
2021-11-18 00:30:00,20.038161668839635,
2021-11-18 00:45:00,19.968279009126466,
2021-11-18 01:00:00,19.928396349413298,
2021-11-18 01:15:00,19.92851368970013,
2021-11-18 01:30:00,19.92863102998696,
2021-11-18 01:45:00,19.988748370273797,
2021-11-18 02:00:00,,ICETMP
2021-11-18 02:15:00,,ICETMP
2021-11-18 02:30:00,,ICETMP
2021-11-18 02:45:00,,ICETMP
2021-11-18 03:00:00,,ICETMP
2021-11-18 03:15:00,,ICETMP
2021-11-18 03:30:00,,ICETMP
2021-11-18 03:45:00,,ICETMP
2021-11-18 04:00:00,,ICETMP
2021-11-18 04:15:00,,ICETMP
2021-11-18 04:30:00,,ICETMP
2021-11-18 04:45:00,,ICETMP
2021-11-18 05:00:00,,ICETMP
2021-11-18 05:15:00,,ICETMP
2021-11-18 05:30:00,,ICETMP
2021-11-18 05:45:00,,ICETMP
2021-11-18 06:00:00,,ICETMP
2021-11-18 06:15:00,,ICETMP
2021-11-18 06:30:00,,ICETMP
2021-11-18 06:45:00,,ICETMP
2021-11-18 07:00:00,,ICETMP
2021-11-18 07:15:00,,ICETMP
2021-11-18 07:30:00,,ICETMP
2021-11-18 07:45:00,,ICETMP
2021-11-18 08:00:00,,ICETMP
2021-11-18 08:15:00,,ICETMP
2021-11-18 08:30:00,,ICETMP
2021-11-18 08:45:00,,ICETMP
2021-11-18 09:00:00,,ICETMP
2021-11-18 09:15:00,,ICETMP
2021-11-18 09:30:00,,ICETMP
2021-11-18 09:45:00,,ICETMP
2021-11-18 10:00:00,,ICETMP
2021-11-18 10:15:00,,ICETMP
2021-11-18 10:30:00,,ICETMP
2021-11-18 10:45:00,,ICETMP
2021-11-18 11:00:00,,ICETMP
2021-11-18 11:15:00,,ICETMP
2021-11-18 11:30:00,,ICETMP
2021-11-18 11:45:00,,ICETMP
2021-11-18 12:00:00,,ICETMP
2021-11-18 12:15:00,,ICETMP
2021-11-18 12:30:00,,ICETMP
2021-11-18 12:45:00,,ICETMP
2021-11-18 13:00:00,20.334028683181227,
2021-11-18 13:15:00,20.384146023468055,
2021-11-18 13:30:00,20.394263363754888,
2021-11-18 13:45:00,20.45438070404172,
2021-11-18 14:00:00,20.384498044328552,
2021-11-18 14:15:00,20.404615384615383,
2021-11-18 14:30:00,20.404732724902217,
2021-11-18 14:45:00,20.45485006518905,
2021-11-18 15:00:00,20.404967405475883,
2021-11-18 15:15:00,20.38508474576271,
2021-11-18 15:30:00,20.375202086049544,
2021-11-18 15:45:00,20.415319426336374,
2021-11-18 16:00:00,20.375436766623206,
2021-11-18 16:15:00,20.40555410691004,
2021-11-18 16:30:00,20.465671447196872,
2021-11-18 16:45:00,20.3857887874837,
2021-11-18 17:00:00,20.415906127770533,
2021-11-18 17:15:00,20.326023468057365,
2021-11-18 17:30:00,20.3461408083442,
2021-11-18 17:45:00,20.35625814863103,
2021-11-18 18:00:00,20.32637548891786,
2021-11-18 18:15:00,20.346492829204692,
2021-11-18 18:30:00,20.22661016949152,
2021-11-18 18:45:00,20.30672750977836,
2021-11-18 19:00:00,20.296844850065188,
2021-11-18 19:15:00,20.27696219035202,
2021-11-18 19:30:00,20.39707953063885,
2021-11-18 19:45:00,20.47719687092568,
2021-11-18 20:00:00,20.46731421121252,
2021-11-18 20:15:00,20.48743155149935,
2021-11-18 20:30:00,20.51754889178618,
2021-11-18 20:45:00,20.52766623207301,
2021-11-18 21:00:00,20.44778357235985,
2021-11-18 21:15:00,20.447900912646677,
2021-11-18 21:30:00,20.368018252933503,
2021-11-18 21:45:00,20.31813559322034,
2021-11-18 22:00:00,20.33825293350717,
2021-11-18 22:15:00,20.31837027379401,
2021-11-18 22:30:00,20.248487614080837,
2021-11-18 22:45:00,20.278604954367665,
2021-11-18 23:00:00,20.258722294654497,
2021-11-18 23:15:00,20.23883963494133,
2021-11-18 23:30:00,20.22895697522816,
2021-11-18 23:45:00,20.289074315514995,
2021-11-19 00:00:00,20.279191655801824,
2021-11-19 00:15:00,20.209308996088655,
2021-11-19 00:30:00,20.24942633637549,
2021-11-19 00:45:00,20.22954367666232,
2021-11-19 01:00:00,20.259661016949153,
2021-11-19 01:15:00,20.259778357235984,
2021-11-19 01:30:00,20.169895697522815,
2021-11-19 01:45:00,20.230013037809645,
2021-11-19 02:00:00,20.21013037809648,
2021-11-19 02:15:00,20.21024771838331,
2021-11-19 02:30:00,20.200365058670144,
2021-11-19 02:45:00,20.180482398956975,
2021-11-19 03:00:00,20.210599739243804,
2021-11-19 03:15:00,20.20071707953064,
2021-11-19 03:30:00,20.19083441981747,
2021-11-19 03:45:00,20.240951760104306,
2021-11-19 04:00:00,20.271069100391134,
2021-11-19 04:15:00,20.301186440677963,
2021-11-19 04:30:00,20.2613037809648,
2021-11-19 04:45:00,20.33142112125163,
2021-11-19 05:00:00,20.251538461538463,
2021-11-19 05:15:00,20.23165580182529,
2021-11-19 05:30:00,20.271773142112128,
2021-11-19 05:45:00,20.20189048239896,
2021-11-19 06:00:00,20.22200782268579,
2021-11-19 06:15:00,20.22212516297262,
2021-11-19 06:30:00,20.252242503259453,
2021-11-19 06:45:00,20.262359843546285,
2021-11-19 07:00:00,20.20247718383312,
2021-11-19 07:15:00,20.20259452411995,
2021-11-19 07:30:00,20.19271186440678,
2021-11-19 07:45:00,20.17282920469361,
2021-11-19 08:00:00,20.222946544980445,
2021-11-19 08:15:00,20.253063885267277,
2021-11-19 08:30:00,20.193181225554103,
2021-11-19 08:45:00,20.25329856584094,
2021-11-19 09:00:00,20.19341590612777,
2021-11-19 09:15:00,20.173533246414603,
2021-11-19 09:30:00,20.183650586701436,
2021-11-19 09:45:00,20.223767926988263,
2021-11-19 10:00:00,20.283885267275096,
2021-11-19 10:15:00,20.29400260756193,
2021-11-19 10:30:00,20.274119947848764,
2021-11-19 10:45:00,20.304237288135592,
2021-11-19 11:00:00,20.304354628422423,
2021-11-19 11:15:00,20.324471968709258,
2021-11-19 11:30:00,20.44458930899609,
2021-11-19 11:45:00,20.324706649282923,
2021-11-19 12:00:00,20.37482398956975,
2021-11-19 12:15:00,20.384941329856584,
2021-11-19 12:30:00,20.355058670143418,
2021-11-19 12:45:00,20.375176010430245,
2021-11-19 13:00:00,20.38529335071708,
2021-11-19 13:15:00,20.415410691003913,
2021-11-19 13:30:00,20.355528031290746,
2021-11-19 13:45:00,20.395645371577572,
2021-11-19 14:00:00,20.41576271186441,
2021-11-19 14:15:00,20.42588005215124,
2021-11-19 14:30:00,20.44599739243807,
2021-11-19 14:45:00,20.4461147327249,
2021-11-19 15:00:00,20.476232073011733,
2021-11-19 15:15:00,20.476349413298568,
2021-11-19 15:30:00,20.4464667535854,
2021-11-19 15:45:00,20.47658409387223,
2021-11-19 16:00:00,20.48670143415906,
2021-11-19 16:15:00,20.476818774445892,
2021-11-19 16:30:00,20.44693611473273,
2021-11-19 16:45:00,20.497053455019557,
2021-11-19 17:00:00,20.45717079530639,
2021-11-19 17:15:00,20.49728813559322,
2021-11-19 17:30:00,20.45740547588005,
2021-11-19 17:45:00,20.437522816166886,
2021-11-19 18:00:00,20.457640156453717,
2021-11-19 18:15:00,20.43775749674055,
2021-11-19 18:30:00,20.38787483702738,
2021-11-19 18:45:00,20.37799217731421,
2021-11-19 19:00:00,20.378109517601043,
2021-11-19 19:15:00,20.358226857887875,
2021-11-19 19:30:00,20.298344198174707,
2021-11-19 19:45:00,20.338461538461537,
2021-11-19 20:00:00,20.268578878748368,
2021-11-19 20:15:00,20.338696219035203,
2021-11-19 20:30:00,20.238813559322033,
2021-11-19 20:45:00,20.298930899608862,
2021-11-19 21:00:00,20.219048239895695,
2021-11-19 21:15:00,20.19916558018253,
2021-11-19 21:30:00,20.21928292046936,
2021-11-19 21:45:00,20.199400260756192,
2021-11-19 22:00:00,20.209517601043025,
2021-11-19 22:15:00,20.199634941329855,
2021-11-19 22:30:00,20.26975228161669,
2021-11-19 22:45:00,20.259869621903523,
2021-11-19 23:00:00,20.209986962190353,
2021-11-19 23:15:00,20.220104302477186,
2021-11-19 23:30:00,20.240221642764013,
2021-11-19 23:45:00,20.27033898305085,
2021-11-20 00:00:00,20.30045632333768,
2021-11-20 00:15:00,20.31057366362451,
2021-11-20 00:30:00,20.27069100391134,
2021-11-20 00:45:00,20.310808344198172,
2021-11-20 01:00:00,20.360925684485007,
2021-11-20 01:15:00,20.30104302477184,
2021-11-20 01:30:00,20.31116036505867,
2021-11-20 01:45:00,20.2712777053455,
2021-11-20 02:00:00,20.351395045632337,
2021-11-20 02:15:00,20.301512385919168,
2021-11-20 02:30:00,20.271629726205997,
2021-11-20 02:45:00,20.30174706649283,
2021-11-20 03:00:00,20.32186440677966,
2021-11-20 03:15:00,20.36198174706649,
2021-11-20 03:30:00,20.392099087353326,
2021-11-20 03:45:00,20.342216427640157,
2021-11-20 04:00:00,20.402333767926983,
2021-11-20 04:15:00,20.41245110821382,
2021-11-20 04:30:00,20.41256844850065,
2021-11-20 04:45:00,20.392685788787485,
2021-11-20 05:00:00,20.422803129074317,
2021-11-20 05:15:00,20.362920469361143,
2021-11-20 05:30:00,20.383037809647977,
2021-11-20 05:45:00,20.313155149934808,
2021-11-20 06:00:00,20.383272490221643,
2021-11-20 06:15:00,20.36338983050847,
2021-11-20 06:30:00,20.293507170795305,
2021-11-20 06:45:00,20.343624511082137,
2021-11-20 07:00:00,20.353741851368973,
2021-11-20 07:15:00,20.3138591916558,
2021-11-20 07:30:00,20.313976531942632,
2021-11-20 07:45:00,20.314093872229463,
2021-11-20 08:00:00,20.344211212516296,
2021-11-20 08:15:00,20.36432855280313,
2021-11-20 08:30:00,20.32444589308996,
2021-11-20 08:45:00,20.26456323337679,
2021-11-20 09:00:00,20.274680573663623,
2021-11-20 09:15:00,20.364797913950454,
2021-11-20 09:30:00,20.28491525423729,
2021-11-20 09:45:00,20.28503259452412,
2021-11-20 10:00:00,20.24514993481095,
2021-11-20 10:15:00,20.275267275097782,
2021-11-20 10:30:00,20.285384615384615,
2021-11-20 10:45:00,20.295501955671448,
2021-11-20 11:00:00,20.30561929595828,
2021-11-20 11:15:00,20.32573663624511,
2021-11-20 11:30:00,20.305853976531942,
2021-11-20 11:45:00,20.275971316818772,
2021-11-20 12:00:00,20.31608865710561,
2021-11-20 12:15:00,20.37620599739244,
2021-11-20 12:30:00,20.41632333767927,
2021-11-20 12:45:00,20.3764406779661,
2021-11-20 13:00:00,20.31655801825293,
2021-11-20 13:15:00,20.36667535853977,
2021-11-20 13:30:00,20.3567926988266,
2021-11-20 13:45:00,20.406910039113427,
2021-11-20 14:00:00,20.37702737940026,
2021-11-20 14:15:00,20.39714471968709,
2021-11-20 14:30:00,20.407262059973924,
2021-11-20 14:45:00,20.437379400260756,
2021-11-20 15:00:00,20.44749674054759,
2021-11-20 15:15:00,20.48761408083442,
2021-11-20 15:30:00,20.377731421121258,
2021-11-20 15:45:00,20.42784876140809,
2021-11-20 16:00:00,20.417966101694915,
2021-11-20 16:15:00,20.378083441981747,
2021-11-20 16:30:00,20.398200782268574,
2021-11-20 16:45:00,20.328318122555412,
2021-11-20 17:00:00,20.378435462842244,
2021-11-20 17:15:00,20.358552803129076,
2021-11-20 17:30:00,20.328670143415906,
2021-11-20 17:45:00,20.318787483702735,
2021-11-20 18:00:00,20.338904823989573,
2021-11-20 18:15:00,20.3190221642764,
2021-11-20 18:30:00,20.30913950456323,
2021-11-20 18:45:00,20.249256844850063,
2021-11-20 19:00:00,20.279374185136895,
2021-11-20 19:15:00,20.25949152542373,
2021-11-20 19:30:00,20.30960886571056,
2021-11-20 19:45:00,20.22972620599739,
2021-11-20 20:00:00,20.259843546284223,
2021-11-20 20:15:00,20.239960886571055,
2021-11-20 20:30:00,20.19007822685789,
2021-11-20 20:45:00,20.19019556714472,
2021-11-20 21:00:00,20.200312907431552,
2021-11-20 21:15:00,20.200430247718383,
2021-11-20 21:30:00,20.120547588005213,
2021-11-20 21:45:00,20.11066492829205,
2021-11-20 22:00:00,20.08078226857888,
2021-11-20 22:15:00,20.090899608865712,
2021-11-20 22:30:00,20.03101694915254,
2021-11-20 22:45:00,20.041134289439377,
2021-11-20 23:00:00,20.07125162972621,
2021-11-20 23:15:00,20.01136897001304,
2021-11-20 23:30:00,19.99148631029987,
2021-11-20 23:45:00,20.0316036505867,
2021-11-21 00:00:00,20.031720990873534,
2021-11-21 00:15:00,19.981838331160365,
2021-11-21 00:30:00,20.011955671447197,
2021-11-21 00:45:00,20.02207301173403,
2021-11-21 01:00:00,19.95219035202086,
2021-11-21 01:15:00,19.942307692307693,
2021-11-21 01:30:00,19.95242503259453,
2021-11-21 01:45:00,19.952542372881357,
2021-11-21 02:00:00,19.942659713168187,
2021-11-21 02:15:00,19.912777053455017,
2021-11-21 02:30:00,19.842894393741854,
2021-11-21 02:45:00,19.84301173402869,
2021-11-21 03:00:00,19.843129074315517,
2021-11-21 03:15:00,19.823246414602345,
2021-11-21 03:30:00,19.783363754889177,
2021-11-21 03:45:00,19.793481095176013,
2021-11-21 04:00:00,19.743598435462843,
2021-11-21 04:15:00,19.783715775749673,
2021-11-21 04:30:00,19.793833116036502,
2021-11-21 04:45:00,19.773950456323337,
2021-11-21 05:00:00,19.72406779661017,
2021-11-21 05:15:00,19.714185136897,
2021-11-21 05:30:00,19.714302477183832,
2021-11-21 05:45:00,19.694419817470664,
2021-11-21 06:00:00,19.704537157757496,
2021-11-21 06:15:00,19.72465449804433,
2021-11-21 06:30:00,19.67477183833116,
2021-11-21 06:45:00,19.69488917861799,
2021-11-21 07:00:00,19.725006518904824,
2021-11-21 07:15:00,19.745123859191654,
2021-11-21 07:30:00,19.755241199478487,
2021-11-21 07:45:00,19.72535853976532,
2021-11-21 08:00:00,,ICETMP
2021-11-21 08:15:00,,ICETMP
2021-11-21 08:30:00,,ICETMP
2021-11-21 08:45:00,,ICETMP
2021-11-21 09:00:00,,ICETMP
2021-11-21 09:15:00,,ICETMP
2021-11-21 09:30:00,,ICETMP
2021-11-21 09:45:00,,ICETMP
2021-11-21 10:00:00,,ICETMP
2021-11-21 10:15:00,,ICETMP
2021-11-21 10:30:00,,ICETMP
2021-11-21 10:45:00,,ICETMP
2021-11-21 11:00:00,,ICETMP
2021-11-21 11:15:00,19.967001303780965,
2021-11-21 11:30:00,19.987118644067795,
2021-11-21 11:45:00,19.987235984354623,
2021-11-21 12:00:00,19.94735332464146,
2021-11-21 12:15:00,19.947470664928293,
2021-11-21 12:30:00,19.95758800521513,
2021-11-21 12:45:00,19.947705345501955,
2021-11-21 13:00:00,19.987822685788785,
2021-11-21 13:15:00,20.007940026075616,
2021-11-21 13:30:00,20.068057366362453,
2021-11-21 13:45:00,20.068174706649284,
2021-11-21 14:00:00,20.03829204693611,
2021-11-21 14:15:00,20.078409387222944,
2021-11-21 14:30:00,20.108526727509776,
2021-11-21 14:45:00,20.118644067796613,
2021-11-21 15:00:00,20.158761408083443,
2021-11-21 15:15:00,20.148878748370272,
2021-11-21 15:30:00,20.148996088657103,
2021-11-21 15:45:00,20.17911342894394,
2021-11-21 16:00:00,20.20923076923077,
2021-11-21 16:15:00,20.1793481095176,
2021-11-21 16:30:00,20.14946544980443,
2021-11-21 16:45:00,20.099582790091265,
2021-11-21 17:00:00,20.1597001303781,
2021-11-21 17:15:00,20.11981747066493,
2021-11-21 17:30:00,20.14993481095176,
2021-11-21 17:45:00,20.15005215123859,
2021-11-21 18:00:00,20.090169491525423,
2021-11-21 18:15:00,20.090286831812257,
2021-11-21 18:30:00,20.07040417209909,
2021-11-21 18:45:00,20.06052151238592,
2021-11-21 19:00:00,20.07063885267275,
2021-11-21 19:15:00,19.99075619295958,
2021-11-21 19:30:00,20.010873533246414,
2021-11-21 19:45:00,19.99099087353325,
2021-11-21 20:00:00,20.011108213820076,
2021-11-21 20:15:00,19.93122555410691,
2021-11-21 20:30:00,19.91134289439374,
2021-11-21 20:45:00,19.981460234680576,
2021-11-21 21:00:00,19.941577574967408,
2021-11-21 21:15:00,19.921694915254236,
2021-11-21 21:30:00,19.91181225554107,
2021-11-21 21:45:00,19.9419295958279,
2021-11-21 22:00:00,19.922046936114732,
2021-11-21 22:15:00,19.922164276401563,
2021-11-21 22:30:00,19.932281616688396,
2021-11-21 22:45:00,19.922398956975226,
2021-11-21 23:00:00,19.892516297262063,
2021-11-21 23:15:00,19.882633637548892,
2021-11-21 23:30:00,19.85275097783573,
2021-11-21 23:45:00,19.88286831812255,
2021-11-22 00:00:00,19.872985658409387,
2021-11-22 00:15:00,19.873102998696226,
2021-11-22 00:30:00,19.893220338983053,
2021-11-22 00:45:00,19.873337679269884,
2021-11-22 01:00:00,19.853455019556716,
2021-11-22 01:15:00,19.823572359843546,
2021-11-22 01:30:00,19.87368970013038,
2021-11-22 01:45:00,19.80380704041721,
2021-11-22 02:00:00,19.74392438070404,
2021-11-22 02:15:00,19.794041720990872,
2021-11-22 02:30:00,19.804159061277705,
2021-11-22 02:45:00,19.704276401564535,
2021-11-22 03:00:00,19.75439374185137,
2021-11-22 03:15:00,19.7645110821382,
2021-11-22 03:30:00,19.734628422425033,
2021-11-22 03:45:00,19.734745762711864,
2021-11-22 04:00:00,19.7148631029987,
2021-11-22 04:15:00,19.68498044328553,
2021-11-22 04:30:00,19.70509778357236,
2021-11-22 04:45:00,19.715215123859192,
2021-11-22 05:00:00,19.67533246414602,
2021-11-22 05:15:00,19.725449804432856,
2021-11-22 05:30:00,19.705567144719687,
2021-11-22 05:45:00,19.745684485006517,
2021-11-22 06:00:00,19.75580182529335,
2021-11-22 06:15:00,19.75591916558018,
2021-11-22 06:30:00,,ICETMP
2021-11-22 06:45:00,,ICETMP
2021-11-22 07:00:00,,ICETMP
2021-11-22 07:15:00,,ICETMP
2021-11-22 07:30:00,,ICETMP
2021-11-22 07:45:00,,ICETMP
2021-11-22 08:00:00,,ICETMP
2021-11-22 08:15:00,,ICETMP
2021-11-22 08:30:00,,ICETMP
2021-11-22 08:45:00,,ICETMP
2021-11-22 09:00:00,,ICETMP
2021-11-22 09:15:00,,ICETMP
2021-11-22 09:30:00,,ICETMP
2021-11-22 09:45:00,,ICETMP
2021-11-22 10:00:00,,ICETMP
2021-11-22 10:15:00,,ICETMP
2021-11-22 10:30:00,,ICETMP
2021-11-22 10:45:00,,ICETMP
2021-11-22 11:00:00,,ICETMP
2021-11-22 11:15:00,,ICETMP
2021-11-22 11:30:00,,ICETMP
2021-11-22 11:45:00,,ICETMP
2021-11-22 12:00:00,19.958617992177313,
2021-11-22 12:15:00,19.998735332464143,
2021-11-22 12:30:00,19.928852672750978,
2021-11-22 12:45:00,19.92897001303781,
2021-11-22 13:00:00,20.01908735332464,
2021-11-22 13:15:00,20.009204693611473,
2021-11-22 13:30:00,20.019322033898305,
2021-11-22 13:45:00,20.00943937418514,
2021-11-22 14:00:00,20.05955671447197,
2021-11-22 14:15:00,20.0696740547588,
2021-11-22 14:30:00,20.06979139504563,
2021-11-22 14:45:00,20.079908735332463,
2021-11-22 15:00:00,20.160026075619296,
2021-11-22 15:15:00,20.11014341590613,
2021-11-22 15:30:00,20.09026075619296,
2021-11-22 15:45:00,20.13037809647979,
2021-11-22 16:00:00,20.120495436766625,
2021-11-22 16:15:00,20.110612777053458,
2021-11-22 16:30:00,20.11073011734029,
2021-11-22 16:45:00,20.070847457627117,
2021-11-22 17:00:00,20.11096479791395,
2021-11-22 17:15:00,20.111082138200786,
2021-11-22 17:30:00,20.121199478487615,
2021-11-22 17:45:00,20.051316818774445,
2021-11-22 18:00:00,20.011434159061277,
2021-11-22 18:15:00,20.031551499348108,
2021-11-22 18:30:00,20.011668839634943,
2021-11-22 18:45:00,19.981786179921773,
2021-11-22 19:00:00,19.921903520208605,
2021-11-22 19:15:00,19.992020860495437,
2021-11-22 19:30:00,19.962138200782267,
2021-11-22 19:45:00,19.922255541069102,
2021-11-22 20:00:00,19.892372881355932,
2021-11-22 20:15:00,19.892490221642763,
2021-11-22 20:30:00,19.91260756192959,
2021-11-22 20:45:00,19.842724902216425,
2021-11-22 21:00:00,19.87284224250326,
2021-11-22 21:15:00,19.882959582790093,
2021-11-22 21:30:00,19.833076923076923,
2021-11-22 21:45:00,19.85319426336375,
2021-11-22 22:00:00,19.863311603650587,
2021-11-22 22:15:00,19.89342894393742,
2021-11-22 22:30:00,19.863546284224253,
2021-11-22 22:45:00,19.92366362451108,
2021-11-22 23:00:00,19.913780964797912,
2021-11-22 23:15:00,19.933898305084742,
2021-11-22 23:30:00,19.804015645371575,
2021-11-22 23:45:00,19.774132985658408,
2021-11-23 00:00:00,19.74425032594524,
2021-11-23 00:15:00,19.704367666232073,
2021-11-23 00:30:00,19.644485006518902,
2021-11-23 00:45:00,19.714602346805737,
2021-11-23 01:00:00,19.65471968709257,
2021-11-23 01:15:00,19.6848370273794,
2021-11-23 01:30:00,19.614954367666233,
2021-11-23 01:45:00,19.615071707953067,
2021-11-23 02:00:00,19.6151890482399,
2021-11-23 02:15:00,19.605306388526728,
2021-11-23 02:30:00,19.62542372881356,
2021-11-23 02:45:00,19.64554106910039,
2021-11-23 03:00:00,19.635658409387226,
2021-11-23 03:15:00,19.595775749674058,
2021-11-23 03:30:00,19.635893089960888,
2021-11-23 03:45:00,19.63601043024772,
2021-11-23 04:00:00,19.67612777053455,
2021-11-23 04:15:00,19.666245110821382,
2021-11-23 04:30:00,,ICETMP
2021-11-23 04:45:00,,ICETMP
2021-11-23 05:00:00,,ICETMP
2021-11-23 05:15:00,,ICETMP
2021-11-23 05:30:00,,ICETMP
2021-11-23 05:45:00,,ICETMP
2021-11-23 06:00:00,,ICETMP
2021-11-23 06:15:00,,ICETMP
2021-11-23 06:30:00,,ICETMP
2021-11-23 06:45:00,,ICETMP
2021-11-23 07:00:00,,ICETMP
2021-11-23 07:15:00,,ICETMP
2021-11-23 07:30:00,,ICETMP
2021-11-23 07:45:00,,ICETMP
2021-11-23 08:00:00,,ICETMP
2021-11-23 08:15:00,,ICETMP
2021-11-23 08:30:00,,ICETMP
2021-11-23 08:45:00,,ICETMP
2021-11-23 09:00:00,,ICETMP
2021-11-23 09:15:00,,ICETMP
2021-11-23 09:30:00,,ICETMP
2021-11-23 09:45:00,,ICETMP
2021-11-23 10:00:00,,ICETMP
2021-11-23 10:15:00,,ICETMP
2021-11-23 10:30:00,,ICETMP
2021-11-23 10:45:00,,ICETMP
2021-11-23 11:00:00,,ICETMP
2021-11-23 11:15:00,,ICETMP
2021-11-23 11:30:00,,ICETMP
2021-11-23 11:45:00,20.029765319426335,
2021-11-23 12:00:00,19.989882659713167,
2021-11-23 12:15:00,19.99,
2021-11-23 12:30:00,20.08,
2021-11-23 12:45:00,20.16,
2021-11-23 13:00:00,20.14,
2021-11-23 13:15:00,20.09,
2021-11-23 13:30:00,20.05,
2021-11-23 13:45:00,19.99,
2021-11-23 14:00:00,20.05,
2021-11-23 14:15:00,20.05,
2021-11-23 14:30:00,19.97,
2021-11-23 14:45:00,20.06,
2021-11-23 15:00:00,20.03,
2021-11-23 15:15:00,20.07,
2021-11-23 15:30:00,20.11,
2021-11-23 15:45:00,20.04,
2021-11-23 16:00:00,19.97,
2021-11-23 16:15:00,20.02,
2021-11-23 16:30:00,20.0,
2021-11-23 16:45:00,20.03,
2021-11-23 17:00:00,20.02,
2021-11-23 17:15:00,20.0,
2021-11-23 17:30:00,20.0,
2021-11-23 17:45:00,19.94,
2021-11-23 18:00:00,19.93,
2021-11-23 18:15:00,19.92,
2021-11-23 18:30:00,19.86,
2021-11-23 18:45:00,19.88,
2021-11-23 19:00:00,19.85,
2021-11-23 19:15:00,19.88,
2021-11-23 19:30:00,19.87,
2021-11-23 19:45:00,19.88,
2021-11-23 20:00:00,19.9,
2021-11-23 20:15:00,19.89,
2021-11-23 20:30:00,19.87,
2021-11-23 20:45:00,19.92,
2021-11-23 21:00:00,19.82,
2021-11-23 21:15:00,19.88,
2021-11-23 21:30:00,19.9,
2021-11-23 21:45:00,19.86,
2021-11-23 22:00:00,19.85,
2021-11-23 22:15:00,19.85,
2021-11-23 22:30:00,19.82,
2021-11-23 22:45:00,19.94,
2021-11-23 23:00:00,19.81,
2021-11-23 23:15:00,19.87,
2021-11-23 23:30:00,19.85,
2021-11-23 23:45:00,19.77,
2021-11-24 00:00:00,19.8,
2021-11-24 00:15:00,19.75,
2021-11-24 00:30:00,19.77,
2021-11-24 00:45:00,19.81,
2021-11-24 01:00:00,19.79,
2021-11-24 01:15:00,19.83,
2021-11-24 01:30:00,19.8,
2021-11-24 01:45:00,19.78,
2021-11-24 02:00:00,19.83,
2021-11-24 02:15:00,19.76,
2021-11-24 02:30:00,19.75,
2021-11-24 02:45:00,19.75,
2021-11-24 03:00:00,19.78,
2021-11-24 03:15:00,19.8,
2021-11-24 03:30:00,19.79,
2021-11-24 03:45:00,19.74,
2021-11-24 04:00:00,19.75,
2021-11-24 04:15:00,19.76,
2021-11-24 04:30:00,19.73,
2021-11-24 04:45:00,19.67,
2021-11-24 05:00:00,19.64,
2021-11-24 05:15:00,19.68,
2021-11-24 05:30:00,19.75,
2021-11-24 05:45:00,19.68,
2021-11-24 06:00:00,19.67,
2021-11-24 06:15:00,19.66,
2021-11-24 06:30:00,19.64,
2021-11-24 06:45:00,19.67,
2021-11-24 07:00:00,19.67,
2021-11-24 07:15:00,19.65,
2021-11-24 07:30:00,19.68,
2021-11-24 07:45:00,19.69,
2021-11-24 08:00:00,19.73,
2021-11-24 08:15:00,19.73,
2021-11-24 08:30:00,19.73,
2021-11-24 08:45:00,19.69,
2021-11-24 09:00:00,19.65,
2021-11-24 09:15:00,19.67,
2021-11-24 09:30:00,19.68,
2021-11-24 09:45:00,19.7,
2021-11-24 10:00:00,19.71,
2021-11-24 10:15:00,19.76,
2021-11-24 10:30:00,19.72,
2021-11-24 10:45:00,19.68,
2021-11-24 11:00:00,19.66,
2021-11-24 11:15:00,19.69,
2021-11-24 11:30:00,19.66,
2021-11-24 11:45:00,19.66,
2021-11-24 12:00:00,19.71,
2021-11-24 12:15:00,19.64,
2021-11-24 12:30:00,19.67,
2021-11-24 12:45:00,19.71,
2021-11-24 13:00:00,19.72,
2021-11-24 13:15:00,19.71,
2021-11-24 13:30:00,19.69,
2021-11-24 13:45:00,19.74,
2021-11-24 14:00:00,19.71,
2021-11-24 14:15:00,19.67,
2021-11-24 14:30:00,19.76,
2021-11-24 14:45:00,19.71,
2021-11-24 15:00:00,19.76,
2021-11-24 15:15:00,19.76,
2021-11-24 15:30:00,19.75,
2021-11-24 15:45:00,19.81,
2021-11-24 16:00:00,19.74,
2021-11-24 16:15:00,19.77,
2021-11-24 16:30:00,19.68,
2021-11-24 16:45:00,19.72,
2021-11-24 17:00:00,19.69,
2021-11-24 17:15:00,19.63,
2021-11-24 17:30:00,19.7,
2021-11-24 17:45:00,19.71,
2021-11-24 18:00:00,19.72,
2021-11-24 18:15:00,19.71,
2021-11-24 18:30:00,19.73,
2021-11-24 18:45:00,19.64,
2021-11-24 19:00:00,19.66,
2021-11-24 19:15:00,19.61,
2021-11-24 19:30:00,19.6,
2021-11-24 19:45:00,19.61,
2021-11-24 20:00:00,19.6,
2021-11-24 20:15:00,19.57,
2021-11-24 20:30:00,19.56,
2021-11-24 20:45:00,19.58,
2021-11-24 21:00:00,19.62,
2021-11-24 21:15:00,19.49,
2021-11-24 21:30:00,19.51,
2021-11-24 21:45:00,19.55,
2021-11-24 22:00:00,19.5,
2021-11-24 22:15:00,19.51,
2021-11-24 22:30:00,19.52,
2021-11-24 22:45:00,19.58,
2021-11-24 23:00:00,19.5,
2021-11-24 23:15:00,19.51,
2021-11-24 23:30:00,19.46,
2021-11-24 23:45:00,,ICETMP
2021-11-25 00:00:00,,ICETMP
2021-11-25 00:15:00,,ICETMP
2021-11-25 00:30:00,,ICETMP
2021-11-25 00:45:00,,ICETMP
2021-11-25 01:00:00,,ICETMP
2021-11-25 01:15:00,,ICETMP
2021-11-25 01:30:00,,ICETMP
2021-11-25 01:45:00,,ICETMP
2021-11-25 02:00:00,,ICETMP
2021-11-25 02:15:00,,ICETMP
2021-11-25 02:30:00,,ICETMP
2021-11-25 02:45:00,,ICETMP
2021-11-25 03:00:00,,ICETMP
2021-11-25 03:15:00,,ICETMP
2021-11-25 03:30:00,,ICETMP
2021-11-25 03:45:00,,ICETMP
2021-11-25 04:00:00,,ICETMP
2021-11-25 04:15:00,,ICETMP
2021-11-25 04:30:00,,ICETMP
2021-11-25 04:45:00,,ICETMP
2021-11-25 05:00:00,,ICETMP
2021-11-25 05:15:00,,ICETMP
2021-11-25 05:30:00,,ICETMP
2021-11-25 05:45:00,,ICETMP
2021-11-25 06:00:00,,ICETMP
2021-11-25 06:15:00,,ICETMP
2021-11-25 06:30:00,,ICETMP
2021-11-25 06:45:00,,ICETMP
2021-11-25 07:00:00,,ICETMP
2021-11-25 07:15:00,,ICETMP
2021-11-25 07:30:00,,ICETMP
2021-11-25 07:45:00,,ICETMP
2021-11-25 08:00:00,,ICETMP
2021-11-25 08:15:00,,ICETMP
2021-11-25 08:30:00,,ICETMP
2021-11-25 08:45:00,,ICETMP
2021-11-25 09:00:00,,ICETMP
2021-11-25 09:15:00,,ICETMP
2021-11-25 09:30:00,,ICETMP
2021-11-25 09:45:00,,ICETMP
2021-11-25 10:00:00,,ICETMP
2021-11-25 10:15:00,,ICETMP
2021-11-25 10:30:00,,ICETMP
2021-11-25 10:45:00,,ICETMP
2021-11-25 11:00:00,,ICETMP
2021-11-25 11:15:00,,ICETMP
2021-11-25 11:30:00,,ICETMP
2021-11-25 11:45:00,,ICETMP
2021-11-25 12:00:00,,ICETMP
2021-11-25 12:15:00,,ICETMP
2021-11-25 12:30:00,,ICETMP
2021-11-25 12:45:00,,ICETMP
2021-11-25 13:00:00,,ICETMP
2021-11-25 13:15:00,,ICETMP
2021-11-25 13:30:00,,ICETMP
2021-11-25 13:45:00,,ICETMP
2021-11-25 14:00:00,,ICETMP
2021-11-25 14:15:00,,ICETMP
2021-11-25 14:30:00,,ICETMP
2021-11-25 14:45:00,,ICETMP
2021-11-25 15:00:00,,ICETMP
2021-11-25 15:15:00,,ICETMP
2021-11-25 15:30:00,,ICETMP
2021-11-25 15:45:00,,ICETMP
2021-11-25 16:00:00,,ICETMP
2021-11-25 16:15:00,,ICETMP
2021-11-25 16:30:00,,ICETMP
2021-11-25 16:45:00,,ICETMP
2021-11-25 17:00:00,,ICETMP
2021-11-25 17:15:00,,ICETMP
2021-11-25 17:30:00,,ICETMP
2021-11-25 17:45:00,,ICETMP
2021-11-25 18:00:00,,ICETMP
2021-11-25 18:15:00,,ICETMP
2021-11-25 18:30:00,,ICETMP
2021-11-25 18:45:00,,ICETMP
2021-11-25 19:00:00,,ICETMP
2021-11-25 19:15:00,19.45,
2021-11-25 19:30:00,19.46,
2021-11-25 19:45:00,19.48,
2021-11-25 20:00:00,19.46,
2021-11-25 20:15:00,19.43,
2021-11-25 20:30:00,19.38,
2021-11-25 20:45:00,19.37,
2021-11-25 21:00:00,19.39,
2021-11-25 21:15:00,19.42,
2021-11-25 21:30:00,19.4,
2021-11-25 21:45:00,19.39,
2021-11-25 22:00:00,19.37,
2021-11-25 22:15:00,19.36,
2021-11-25 22:30:00,19.42,
2021-11-25 22:45:00,19.41,
2021-11-25 23:00:00,19.38,
2021-11-25 23:15:00,19.39,
2021-11-25 23:30:00,19.36,
2021-11-25 23:45:00,19.32,
2021-11-26 00:00:00,19.37,
2021-11-26 00:15:00,19.33,
2021-11-26 00:30:00,19.35,
2021-11-26 00:45:00,19.32,
2021-11-26 01:00:00,19.28,
2021-11-26 01:15:00,19.33,
2021-11-26 01:30:00,19.35,
2021-11-26 01:45:00,19.34,
2021-11-26 02:00:00,19.33,
2021-11-26 02:15:00,19.3,
2021-11-26 02:30:00,19.32,
2021-11-26 02:45:00,,ICETMP
2021-11-26 03:00:00,,ICETMP
2021-11-26 03:15:00,,ICETMP
2021-11-26 03:30:00,,ICETMP
2021-11-26 03:45:00,,ICETMP
2021-11-26 04:00:00,,ICETMP
2021-11-26 04:15:00,,ICETMP
2021-11-26 04:30:00,,ICETMP
2021-11-26 04:45:00,,ICETMP
2021-11-26 05:00:00,,ICETMP
2021-11-26 05:15:00,,ICETMP
2021-11-26 05:30:00,,ICETMP
2021-11-26 05:45:00,,ICETMP
2021-11-26 06:00:00,,ICETMP
2021-11-26 06:15:00,,ICETMP
2021-11-26 06:30:00,,ICETMP
2021-11-26 06:45:00,,ICETMP
2021-11-26 07:00:00,,ICETMP
2021-11-26 07:15:00,,ICETMP
2021-11-26 07:30:00,,ICETMP
2021-11-26 07:45:00,,ICETMP
2021-11-26 08:00:00,,ICETMP
2021-11-26 08:15:00,,ICETMP
2021-11-26 08:30:00,,ICETMP
2021-11-26 08:45:00,,ICETMP
2021-11-26 09:00:00,,ICETMP
2021-11-26 09:15:00,,ICETMP
2021-11-26 09:30:00,,ICETMP
2021-11-26 09:45:00,,ICETMP
2021-11-26 10:00:00,,ICETMP
2021-11-26 10:15:00,,ICETMP
2021-11-26 10:30:00,,ICETMP
2021-11-26 10:45:00,,ICETMP
2021-11-26 11:00:00,,ICETMP
2021-11-26 11:15:00,,ICETMP
2021-11-26 11:30:00,,ICETMP
2021-11-26 11:45:00,,ICETMP
2021-11-26 12:00:00,,ICETMP
2021-11-26 12:15:00,,ICETMP
2021-11-26 12:30:00,,ICETMP
2021-11-26 12:45:00,,ICETMP
2021-11-26 13:00:00,19.55,
2021-11-26 13:15:00,19.59,
2021-11-26 13:30:00,19.67,
2021-11-26 13:45:00,19.63,
2021-11-26 14:00:00,19.62,
2021-11-26 14:15:00,19.66,
2021-11-26 14:30:00,19.66,
2021-11-26 14:45:00,19.66,
2021-11-26 15:00:00,19.64,
2021-11-26 15:15:00,19.63,
2021-11-26 15:30:00,19.69,
2021-11-26 15:45:00,19.74,
2021-11-26 16:00:00,19.74,
2021-11-26 16:15:00,19.7,
2021-11-26 16:30:00,19.72,
2021-11-26 16:45:00,19.67,
2021-11-26 17:00:00,19.67,
2021-11-26 17:15:00,19.65,
2021-11-26 17:30:00,19.61,
2021-11-26 17:45:00,19.61,
2021-11-26 18:00:00,19.6,
2021-11-26 18:15:00,19.62,
2021-11-26 18:30:00,19.64,
2021-11-26 18:45:00,19.61,
2021-11-26 19:00:00,19.57,
2021-11-26 19:15:00,19.6,
2021-11-26 19:30:00,19.59,
2021-11-26 19:45:00,19.54,
2021-11-26 20:00:00,19.56,
2021-11-26 20:15:00,19.58,
2021-11-26 20:30:00,19.57,
2021-11-26 20:45:00,19.59,
2021-11-26 21:00:00,19.54,
2021-11-26 21:15:00,19.51,
2021-11-26 21:30:00,19.52,
2021-11-26 21:45:00,19.49,
2021-11-26 22:00:00,19.51,
2021-11-26 22:15:00,19.53,
2021-11-26 22:30:00,19.54,
2021-11-26 22:45:00,19.53,
2021-11-26 23:00:00,19.47,
2021-11-26 23:15:00,19.48,
2021-11-26 23:30:00,19.44,
2021-11-26 23:45:00,19.44,
2021-11-27 00:00:00,19.42,
2021-11-27 00:15:00,19.4,
2021-11-27 00:30:00,19.4,
2021-11-27 00:45:00,19.37,
2021-11-27 01:00:00,19.41,
2021-11-27 01:15:00,19.36,
2021-11-27 01:30:00,19.38,
2021-11-27 01:45:00,19.44,
2021-11-27 02:00:00,19.4,
2021-11-27 02:15:00,19.44,
2021-11-27 02:30:00,19.46,
2021-11-27 02:45:00,19.48,
2021-11-27 03:00:00,19.42,
2021-11-27 03:15:00,19.45,
2021-11-27 03:30:00,19.42,
2021-11-27 03:45:00,19.45,
2021-11-27 04:00:00,19.42,
2021-11-27 04:15:00,19.48,
2021-11-27 04:30:00,19.49,
2021-11-27 04:45:00,19.49,
2021-11-27 05:00:00,19.51,
2021-11-27 05:15:00,19.52,
2021-11-27 05:30:00,19.48,
2021-11-27 05:45:00,19.52,
2021-11-27 06:00:00,19.42,
2021-11-27 06:15:00,19.4,
2021-11-27 06:30:00,19.42,
2021-11-27 06:45:00,19.43,
2021-11-27 07:00:00,19.4,
2021-11-27 07:15:00,19.38,
2021-11-27 07:30:00,19.39,
2021-11-27 07:45:00,19.4,
2021-11-27 08:00:00,19.41,
2021-11-27 08:15:00,19.42,
2021-11-27 08:30:00,19.38,
2021-11-27 08:45:00,19.37,
2021-11-27 09:00:00,19.37,
2021-11-27 09:15:00,19.41,
2021-11-27 09:30:00,19.4,
2021-11-27 09:45:00,19.46,
2021-11-27 10:00:00,19.42,
2021-11-27 10:15:00,19.47,
2021-11-27 10:30:00,19.47,
2021-11-27 10:45:00,19.5,
2021-11-27 11:00:00,19.46,
2021-11-27 11:15:00,19.47,
2021-11-27 11:30:00,19.53,
2021-11-27 11:45:00,19.6,
2021-11-27 12:00:00,19.57,
2021-11-27 12:15:00,19.56,
2021-11-27 12:30:00,19.58,
2021-11-27 12:45:00,19.61,
2021-11-27 13:00:00,19.65,
2021-11-27 13:15:00,19.62,
2021-11-27 13:30:00,19.68,
2021-11-27 13:45:00,19.63,
2021-11-27 14:00:00,19.72,
2021-11-27 14:15:00,19.64,
2021-11-27 14:30:00,19.68,
2021-11-27 14:45:00,19.7,
2021-11-27 15:00:00,19.75,
2021-11-27 15:15:00,19.74,
2021-11-27 15:30:00,19.71,
2021-11-27 15:45:00,19.73,
2021-11-27 16:00:00,19.72,
2021-11-27 16:15:00,19.71,
2021-11-27 16:30:00,19.75,
2021-11-27 16:45:00,20.52,
2021-11-27 17:00:00,20.07,
2021-11-27 17:15:00,19.96,
2021-11-27 17:30:00,19.78,
2021-11-27 17:45:00,19.78,
2021-11-27 18:00:00,19.81,
2021-11-27 18:15:00,19.68,
2021-11-27 18:30:00,19.7,
2021-11-27 18:45:00,19.68,
2021-11-27 19:00:00,19.64,
2021-11-27 19:15:00,19.69,
2021-11-27 19:30:00,19.59,
2021-11-27 19:45:00,19.57,
2021-11-27 20:00:00,19.55,
2021-11-27 20:15:00,19.48,
2021-11-27 20:30:00,19.52,
2021-11-27 20:45:00,19.49,
2021-11-27 21:00:00,19.5,
2021-11-27 21:15:00,19.42,
2021-11-27 21:30:00,19.44,
2021-11-27 21:45:00,19.44,
2021-11-27 22:00:00,19.4,
2021-11-27 22:15:00,19.39,
2021-11-27 22:30:00,19.38,
2021-11-27 22:45:00,19.39,
2021-11-27 23:00:00,19.38,
2021-11-27 23:15:00,19.36,
2021-11-27 23:30:00,19.36,
2021-11-27 23:45:00,19.4,
2021-11-28 00:00:00,19.4,
2021-11-28 00:15:00,19.38,
2021-11-28 00:30:00,19.33,
2021-11-28 00:45:00,19.33,
2021-11-28 01:00:00,19.32,
2021-11-28 01:15:00,19.38,
2021-11-28 01:30:00,19.33,
2021-11-28 01:45:00,19.31,
2021-11-28 02:00:00,19.38,
2021-11-28 02:15:00,19.34,
2021-11-28 02:30:00,19.37,
2021-11-28 02:45:00,19.35,
2021-11-28 03:00:00,19.34,
2021-11-28 03:15:00,19.36,
2021-11-28 03:30:00,19.35,
2021-11-28 03:45:00,19.37,
2021-11-28 04:00:00,19.32,
2021-11-28 04:15:00,19.26,
2021-11-28 04:30:00,19.33,
2021-11-28 04:45:00,19.33,
2021-11-28 05:00:00,19.29,
2021-11-28 05:15:00,19.31,
2021-11-28 05:30:00,19.25,
2021-11-28 05:45:00,19.24,
2021-11-28 06:00:00,19.26,
2021-11-28 06:15:00,19.25,
2021-11-28 06:30:00,19.28,
2021-11-28 06:45:00,19.17,
2021-11-28 07:00:00,19.13,
2021-11-28 07:15:00,19.15,
2021-11-28 07:30:00,19.19,
2021-11-28 07:45:00,19.17,
2021-11-28 08:00:00,19.22,
2021-11-28 08:15:00,19.25,
2021-11-28 08:30:00,19.28,
2021-11-28 08:45:00,19.25,
2021-11-28 09:00:00,19.25,
2021-11-28 09:15:00,19.26,
2021-11-28 09:30:00,19.24,
2021-11-28 09:45:00,19.29,
2021-11-28 10:00:00,19.33,
2021-11-28 10:15:00,19.35,
2021-11-28 10:30:00,19.33,
2021-11-28 10:45:00,19.34,
2021-11-28 11:00:00,19.4,
2021-11-28 11:15:00,19.4,
2021-11-28 11:30:00,19.41,
2021-11-28 11:45:00,19.46,
2021-11-28 12:00:00,19.45,
2021-11-28 12:15:00,19.42,
2021-11-28 12:30:00,19.51,
2021-11-28 12:45:00,19.54,
2021-11-28 13:00:00,19.53,
2021-11-28 13:15:00,19.58,
2021-11-28 13:30:00,19.56,
2021-11-28 13:45:00,19.57,
2021-11-28 14:00:00,19.63,
2021-11-28 14:15:00,19.63,
2021-11-28 14:30:00,19.61,
2021-11-28 14:45:00,19.6,
2021-11-28 15:00:00,19.66,
2021-11-28 15:15:00,19.68,
2021-11-28 15:30:00,19.74,
2021-11-28 15:45:00,19.66,
2021-11-28 16:00:00,19.73,
2021-11-28 16:15:00,19.67,
2021-11-28 16:30:00,19.62,
2021-11-28 16:45:00,19.65,
2021-11-28 17:00:00,19.63,
2021-11-28 17:15:00,19.61,
2021-11-28 17:30:00,19.61,
2021-11-28 17:45:00,19.67,
2021-11-28 18:00:00,19.58,
2021-11-28 18:15:00,19.55,
2021-11-28 18:30:00,19.57,
2021-11-28 18:45:00,19.53,
2021-11-28 19:00:00,19.54,
2021-11-28 19:15:00,19.53,
2021-11-28 19:30:00,19.55,
2021-11-28 19:45:00,19.47,
2021-11-28 20:00:00,19.48,
2021-11-28 20:15:00,19.45,
2021-11-28 20:30:00,19.44,
2021-11-28 20:45:00,19.44,
2021-11-28 21:00:00,19.44,
2021-11-28 21:15:00,19.4,
2021-11-28 21:30:00,19.38,
2021-11-28 21:45:00,19.38,
2021-11-28 22:00:00,19.4,
2021-11-28 22:15:00,19.42,
2021-11-28 22:30:00,19.39,
2021-11-28 22:45:00,19.34,
2021-11-28 23:00:00,19.32,
2021-11-28 23:15:00,19.38,
2021-11-28 23:30:00,19.36,
2021-11-28 23:45:00,19.31,
2021-11-29 00:00:00,19.36,
2021-11-29 00:15:00,19.34,
2021-11-29 00:30:00,19.36,
2021-11-29 00:45:00,19.26,
2021-11-29 01:00:00,19.24,
2021-11-29 01:15:00,19.26,
2021-11-29 01:30:00,19.25,
2021-11-29 01:45:00,19.27,
2021-11-29 02:00:00,19.35,
2021-11-29 02:15:00,19.35,
2021-11-29 02:30:00,19.37,
2021-11-29 02:45:00,19.29,
2021-11-29 03:00:00,19.33,
2021-11-29 03:15:00,19.29,
2021-11-29 03:30:00,19.28,
2021-11-29 03:45:00,19.27,
2021-11-29 04:00:00,19.27,
2021-11-29 04:15:00,19.27,
2021-11-29 04:30:00,19.29,
2021-11-29 04:45:00,19.29,
2021-11-29 05:00:00,19.33,
2021-11-29 05:15:00,19.15,
2021-11-29 05:30:00,19.26,
2021-11-29 05:45:00,19.28,
2021-11-29 06:00:00,19.25,
2021-11-29 06:15:00,19.25,
2021-11-29 06:30:00,19.21,
2021-11-29 06:45:00,19.28,
2021-11-29 07:00:00,19.27,
2021-11-29 07:15:00,19.25,
2021-11-29 07:30:00,19.2,
2021-11-29 07:45:00,19.24,
2021-11-29 08:00:00,19.24,
2021-11-29 08:15:00,19.29,
2021-11-29 08:30:00,19.2,
2021-11-29 08:45:00,19.22,
2021-11-29 09:00:00,19.23,
2021-11-29 09:15:00,19.24,
2021-11-29 09:30:00,19.27,
2021-11-29 09:45:00,19.29,
2021-11-29 10:00:00,19.28,
2021-11-29 10:15:00,19.31,
2021-11-29 10:30:00,19.32,
2021-11-29 10:45:00,19.41,
2021-11-29 11:00:00,19.37,
2021-11-29 11:15:00,19.39,
2021-11-29 11:30:00,19.44,
2021-11-29 11:45:00,19.44,
2021-11-29 12:00:00,19.42,
2021-11-29 12:15:00,19.44,
2021-11-29 12:30:00,19.43,
2021-11-29 12:45:00,19.44,
2021-11-29 13:00:00,19.46,
2021-11-29 13:15:00,19.48,
2021-11-29 13:30:00,19.53,
2021-11-29 13:45:00,19.55,
2021-11-29 14:00:00,19.57,
2021-11-29 14:15:00,19.53,
2021-11-29 14:30:00,19.59,
2021-11-29 14:45:00,19.59,
2021-11-29 15:00:00,19.6,
2021-11-29 15:15:00,19.61,
2021-11-29 15:30:00,19.59,
2021-11-29 15:45:00,19.65,
2021-11-29 16:00:00,19.67,
2021-11-29 16:15:00,19.61,
2021-11-29 16:30:00,19.6,
2021-11-29 16:45:00,19.55,
2021-11-29 17:00:00,19.56,
2021-11-29 17:15:00,19.57,
2021-11-29 17:30:00,19.53,
2021-11-29 17:45:00,19.6,
2021-11-29 18:00:00,19.56,
2021-11-29 18:15:00,19.53,
2021-11-29 18:30:00,19.51,
2021-11-29 18:45:00,19.42,
2021-11-29 19:00:00,19.44,
2021-11-29 19:15:00,19.46,
2021-11-29 19:30:00,19.41,
2021-11-29 19:45:00,19.41,
2021-11-29 20:00:00,19.41,
2021-11-29 20:15:00,19.4,
2021-11-29 20:30:00,19.35,
2021-11-29 20:45:00,19.36,
2021-11-29 21:00:00,19.37,
2021-11-29 21:15:00,19.32,
2021-11-29 21:30:00,19.33,
2021-11-29 21:45:00,19.31,
2021-11-29 22:00:00,19.29,
2021-11-29 22:15:00,19.32,
2021-11-29 22:30:00,19.28,
2021-11-29 22:45:00,19.26,
2021-11-29 23:00:00,19.27,
2021-11-29 23:15:00,19.27,
2021-11-29 23:30:00,19.25,
2021-11-29 23:45:00,19.25,
2021-11-30 00:00:00,19.24,
2021-11-30 00:15:00,19.29,
2021-11-30 00:30:00,19.35,
2021-11-30 00:45:00,19.31,
2021-11-30 01:00:00,19.27,
2021-11-30 01:15:00,19.26,
2021-11-30 01:30:00,19.25,
2021-11-30 01:45:00,19.23,
2021-11-30 02:00:00,19.26,
2021-11-30 02:15:00,19.22,
2021-11-30 02:30:00,19.22,
2021-11-30 02:45:00,19.24,
2021-11-30 03:00:00,19.25,
2021-11-30 03:15:00,19.24,
2021-11-30 03:30:00,19.27,
2021-11-30 03:45:00,19.2,
2021-11-30 04:00:00,19.21,
2021-11-30 04:15:00,19.25,
2021-11-30 04:30:00,19.2,
2021-11-30 04:45:00,19.18,
2021-11-30 05:00:00,19.23,
2021-11-30 05:15:00,19.22,
2021-11-30 05:30:00,19.17,
2021-11-30 05:45:00,19.19,
2021-11-30 06:00:00,19.16,
2021-11-30 06:15:00,19.1,
2021-11-30 06:30:00,19.09,
2021-11-30 06:45:00,19.08,
2021-11-30 07:00:00,19.06,
2021-11-30 07:15:00,19.13,
2021-11-30 07:30:00,19.06,
2021-11-30 07:45:00,19.12,
2021-11-30 08:00:00,19.18,
2021-11-30 08:15:00,19.17,
2021-11-30 08:30:00,19.24,
2021-11-30 08:45:00,19.25,
2021-11-30 09:00:00,19.22,
2021-11-30 09:15:00,19.22,
2021-11-30 09:30:00,19.22,
2021-11-30 09:45:00,19.27,
2021-11-30 10:00:00,19.28,
2021-11-30 10:15:00,19.26,
2021-11-30 10:30:00,19.26,
2021-11-30 10:45:00,19.25,
2021-11-30 11:00:00,19.28,
2021-11-30 11:15:00,19.31,
2021-11-30 11:30:00,19.31,
2021-11-30 11:45:00,19.3,
2021-11-30 12:00:00,19.34,
2021-11-30 12:15:00,19.33,
2021-11-30 12:30:00,19.33,
2021-11-30 12:45:00,19.6,
2021-11-30 13:00:00,19.72,
2021-11-30 13:15:00,19.75,
2021-11-30 13:30:00,19.66,
2021-11-30 13:45:00,19.57,
2021-11-30 14:00:00,19.56,
2021-11-30 14:15:00,19.54,
2021-11-30 14:30:00,19.5,
2021-11-30 14:45:00,19.45,
2021-11-30 15:00:00,19.52,
2021-11-30 15:15:00,19.48,
2021-11-30 15:30:00,19.49,
2021-11-30 15:45:00,19.45,
2021-11-30 16:00:00,19.44,
2021-11-30 16:15:00,19.43,
2021-11-30 16:30:00,19.45,
2021-11-30 16:45:00,19.46,
2021-11-30 17:00:00,19.45,
2021-11-30 17:15:00,19.46,
2021-11-30 17:30:00,19.42,
2021-11-30 17:45:00,19.44,
2021-11-30 18:00:00,19.45,
2021-11-30 18:15:00,19.46,
2021-11-30 18:30:00,19.4,
2021-11-30 18:45:00,19.4,
2021-11-30 19:00:00,19.44,
2021-11-30 19:15:00,19.38,
2021-11-30 19:30:00,19.41,
2021-11-30 19:45:00,19.32,
2021-11-30 20:00:00,19.33,
2021-11-30 20:15:00,19.33,
2021-11-30 20:30:00,19.32,
2021-11-30 20:45:00,19.3,
2021-11-30 21:00:00,19.25,
2021-11-30 21:15:00,19.31,
2021-11-30 21:30:00,19.32,
2021-11-30 21:45:00,19.25,
2021-11-30 22:00:00,19.28,
2021-11-30 22:15:00,19.24,
2021-11-30 22:30:00,19.26,
2021-11-30 22:45:00,19.22,
2021-11-30 23:00:00,19.21,
2021-11-30 23:15:00,19.19,
2021-11-30 23:30:00,19.12,
2021-11-30 23:45:00,19.14,
2021-12-01 00:00:00,19.12,
2021-12-01 00:15:00,19.13,
2021-12-01 00:30:00,19.09,
2021-12-01 00:45:00,19.14,
2021-12-01 01:00:00,19.15,
2021-12-01 01:15:00,19.1,
2021-12-01 01:30:00,19.11,
2021-12-01 01:45:00,19.18,
2021-12-01 02:00:00,19.11,
2021-12-01 02:15:00,19.19,
2021-12-01 02:30:00,19.19,
2021-12-01 02:45:00,19.15,
2021-12-01 03:00:00,19.12,
2021-12-01 03:15:00,19.18,
2021-12-01 03:30:00,19.15,
2021-12-01 03:45:00,19.14,
2021-12-01 04:00:00,19.06,
2021-12-01 04:15:00,19.12,
2021-12-01 04:30:00,19.07,
2021-12-01 04:45:00,19.11,
2021-12-01 05:00:00,19.1,
2021-12-01 05:15:00,19.07,
2021-12-01 05:30:00,19.1,
2021-12-01 05:45:00,19.09,
2021-12-01 06:00:00,19.11,
2021-12-01 06:15:00,19.08,
2021-12-01 06:30:00,19.01,
2021-12-01 06:45:00,19.01,
2021-12-01 07:00:00,18.94,
2021-12-01 07:15:00,18.9,
2021-12-01 07:30:00,18.92,
2021-12-01 07:45:00,19.03,
2021-12-01 08:00:00,19.07,
2021-12-01 08:15:00,19.12,
2021-12-01 08:30:00,19.12,
2021-12-01 08:45:00,19.11,
2021-12-01 09:00:00,19.12,
2021-12-01 09:15:00,19.13,
2021-12-01 09:30:00,19.19,
2021-12-01 09:45:00,19.14,
2021-12-01 10:00:00,19.2,
2021-12-01 10:15:00,19.22,
2021-12-01 10:30:00,19.19,
2021-12-01 10:45:00,19.16,
2021-12-01 11:00:00,19.22,
2021-12-01 11:15:00,19.18,
2021-12-01 11:30:00,19.2,
2021-12-01 11:45:00,19.25,
2021-12-01 12:00:00,19.25,
2021-12-01 12:15:00,19.27,
2021-12-01 12:30:00,19.32,
2021-12-01 12:45:00,19.33,
2021-12-01 13:00:00,19.38,
2021-12-01 13:15:00,19.36,
2021-12-01 13:30:00,19.43,
2021-12-01 13:45:00,19.43,
2021-12-01 14:00:00,19.39,
2021-12-01 14:15:00,19.49,
2021-12-01 14:30:00,19.49,
2021-12-01 14:45:00,19.54,
2021-12-01 15:00:00,19.52,
2021-12-01 15:15:00,19.47,
2021-12-01 15:30:00,19.49,
2021-12-01 15:45:00,19.55,
2021-12-01 16:00:00,19.48,
2021-12-01 16:15:00,19.52,
2021-12-01 16:30:00,19.49,
2021-12-01 16:45:00,19.47,
2021-12-01 17:00:00,19.46,
2021-12-01 17:15:00,19.5,
2021-12-01 17:30:00,19.48,
2021-12-01 17:45:00,19.5,
2021-12-01 18:00:00,19.48,
2021-12-01 18:15:00,19.49,
2021-12-01 18:30:00,19.43,
2021-12-01 18:45:00,19.41,
2021-12-01 19:00:00,19.43,
2021-12-01 19:15:00,19.43,
2021-12-01 19:30:00,19.34,
2021-12-01 19:45:00,19.35,
2021-12-01 20:00:00,19.32,
2021-12-01 20:15:00,19.31,
2021-12-01 20:30:00,19.31,
2021-12-01 20:45:00,19.3,
2021-12-01 21:00:00,19.3,
2021-12-01 21:15:00,19.28,
2021-12-01 21:30:00,19.3,
2021-12-01 21:45:00,19.21,
2021-12-01 22:00:00,19.28,
2021-12-01 22:15:00,19.23,
2021-12-01 22:30:00,19.21,
2021-12-01 22:45:00,19.19,
2021-12-01 23:00:00,19.2,
2021-12-01 23:15:00,19.15,
2021-12-01 23:30:00,19.11,
2021-12-01 23:45:00,19.04,
2021-12-02 00:00:00,19.1,
2021-12-02 00:15:00,19.12,
2021-12-02 00:30:00,19.09,
2021-12-02 00:45:00,19.09,
2021-12-02 01:00:00,19.1,
2021-12-02 01:15:00,19.13,
2021-12-02 01:30:00,19.09,
2021-12-02 01:45:00,19.08,
2021-12-02 02:00:00,19.07,
2021-12-02 02:15:00,19.09,
2021-12-02 02:30:00,19.05,
2021-12-02 02:45:00,19.1,
2021-12-02 03:00:00,19.13,
2021-12-02 03:15:00,19.16,
2021-12-02 03:30:00,19.15,
2021-12-02 03:45:00,19.18,
2021-12-02 04:00:00,19.12,
2021-12-02 04:15:00,19.13,
2021-12-02 04:30:00,19.1,
2021-12-02 04:45:00,19.11,
2021-12-02 05:00:00,19.14,
2021-12-02 05:15:00,19.11,
2021-12-02 05:30:00,19.08,
2021-12-02 05:45:00,19.06,
2021-12-02 06:00:00,19.1,
2021-12-02 06:15:00,19.1,
2021-12-02 06:30:00,19.1,
2021-12-02 06:45:00,19.14,
2021-12-02 07:00:00,19.11,
2021-12-02 07:15:00,19.12,
2021-12-02 07:30:00,19.14,
2021-12-02 07:45:00,19.15,
2021-12-02 08:00:00,19.11,
2021-12-02 08:15:00,19.15,
2021-12-02 08:30:00,19.15,
2021-12-02 08:45:00,19.18,
2021-12-02 09:00:00,19.19,
2021-12-02 09:15:00,19.17,
2021-12-02 09:30:00,19.2,
2021-12-02 09:45:00,19.18,
2021-12-02 10:00:00,19.18,
2021-12-02 10:15:00,19.17,
2021-12-02 10:30:00,19.18,
2021-12-02 10:45:00,19.28,
2021-12-02 11:00:00,19.3,
2021-12-02 11:15:00,19.29,
2021-12-02 11:30:00,19.29,
2021-12-02 11:45:00,19.3,
2021-12-02 12:00:00,19.32,
2021-12-02 12:15:00,19.32,
2021-12-02 12:30:00,19.33,
2021-12-02 12:45:00,19.34,
2021-12-02 13:00:00,19.42,
2021-12-02 13:15:00,19.41,
2021-12-02 13:30:00,19.41,
2021-12-02 13:45:00,19.49,
2021-12-02 14:00:00,19.51,
2021-12-02 14:15:00,19.49,
2021-12-02 14:30:00,19.54,
2021-12-02 14:45:00,19.54,
2021-12-02 15:00:00,19.58,
2021-12-02 15:15:00,19.56,
2021-12-02 15:30:00,19.57,
2021-12-02 15:45:00,19.56,
2021-12-02 16:00:00,19.54,
2021-12-02 16:15:00,19.53,
2021-12-02 16:30:00,19.55,
2021-12-02 16:45:00,19.46,
2021-12-02 17:00:00,19.5,
2021-12-02 17:15:00,19.42,
2021-12-02 17:30:00,19.42,
2021-12-02 17:45:00,19.44,
2021-12-02 18:00:00,19.41,
2021-12-02 18:15:00,19.41,
2021-12-02 18:30:00,19.37,
2021-12-02 18:45:00,19.38,
2021-12-02 19:00:00,19.33,
2021-12-02 19:15:00,19.34,
2021-12-02 19:30:00,19.31,
2021-12-02 19:45:00,19.32,
2021-12-02 20:00:00,19.35,
2021-12-02 20:15:00,19.32,
2021-12-02 20:30:00,19.33,
2021-12-02 20:45:00,19.34,
2021-12-02 21:00:00,19.32,
2021-12-02 21:15:00,19.34,
2021-12-02 21:30:00,19.32,
2021-12-02 21:45:00,19.31,
2021-12-02 22:00:00,19.31,
2021-12-02 22:15:00,19.26,
2021-12-02 22:30:00,19.28,
2021-12-02 22:45:00,19.24,
2021-12-02 23:00:00,19.17,
2021-12-02 23:15:00,19.11,
2021-12-02 23:30:00,19.14,
2021-12-02 23:45:00,19.17,
2021-12-03 00:00:00,19.25,
2021-12-03 00:15:00,19.21,
2021-12-03 00:30:00,19.22,
2021-12-03 00:45:00,19.19,
2021-12-03 01:00:00,19.19,
2021-12-03 01:15:00,19.1,
2021-12-03 01:30:00,19.11,
2021-12-03 01:45:00,19.09,
2021-12-03 02:00:00,19.05,
2021-12-03 02:15:00,18.98,
2021-12-03 02:30:00,19.04,
2021-12-03 02:45:00,18.98,
2021-12-03 03:00:00,19.0,
2021-12-03 03:15:00,18.99,
2021-12-03 03:30:00,18.99,
2021-12-03 03:45:00,18.94,
2021-12-03 04:00:00,19.02,
2021-12-03 04:15:00,19.04,
2021-12-03 04:30:00,18.99,
2021-12-03 04:45:00,19.04,
2021-12-03 05:00:00,19.01,
2021-12-03 05:15:00,19.01,
2021-12-03 05:30:00,18.97,
2021-12-03 05:45:00,18.98,
2021-12-03 06:00:00,19.0,
2021-12-03 06:15:00,19.04,
2021-12-03 06:30:00,19.04,
2021-12-03 06:45:00,19.05,
2021-12-03 07:00:00,19.06,
2021-12-03 07:15:00,19.07,
2021-12-03 07:30:00,19.09,
2021-12-03 07:45:00,19.06,
2021-12-03 08:00:00,19.14,
2021-12-03 08:15:00,19.08,
2021-12-03 08:30:00,19.09,
2021-12-03 08:45:00,19.08,
2021-12-03 09:00:00,19.05,
2021-12-03 09:15:00,19.1,
2021-12-03 09:30:00,19.08,
2021-12-03 09:45:00,19.11,
2021-12-03 10:00:00,19.12,
2021-12-03 10:15:00,19.09,
2021-12-03 10:30:00,19.13,
2021-12-03 10:45:00,19.19,
2021-12-03 11:00:00,19.17,
2021-12-03 11:15:00,19.19,
2021-12-03 11:30:00,19.23,
2021-12-03 11:45:00,19.24,
2021-12-03 12:00:00,19.31,
2021-12-03 12:15:00,19.3,
2021-12-03 12:30:00,19.29,
2021-12-03 12:45:00,19.29,
2021-12-03 13:00:00,19.3,
2021-12-03 13:15:00,19.3,
2021-12-03 13:30:00,19.34,
2021-12-03 13:45:00,19.35,
2021-12-03 14:00:00,19.35,
2021-12-03 14:15:00,19.38,
2021-12-03 14:30:00,19.44,
2021-12-03 14:45:00,19.42,
2021-12-03 15:00:00,19.4,
2021-12-03 15:15:00,19.45,
2021-12-03 15:30:00,19.42,
2021-12-03 15:45:00,19.42,
2021-12-03 16:00:00,19.4,
2021-12-03 16:15:00,19.42,
2021-12-03 16:30:00,19.35,
2021-12-03 16:45:00,19.4,
2021-12-03 17:00:00,19.33,
2021-12-03 17:15:00,19.26,
2021-12-03 17:30:00,19.28,
2021-12-03 17:45:00,19.31,
2021-12-03 18:00:00,19.25,
2021-12-03 18:15:00,19.31,
2021-12-03 18:30:00,19.27,
2021-12-03 18:45:00,19.25,
2021-12-03 19:00:00,19.22,
2021-12-03 19:15:00,19.2,
2021-12-03 19:30:00,19.19,
2021-12-03 19:45:00,19.17,
2021-12-03 20:00:00,19.2,
2021-12-03 20:15:00,19.14,
2021-12-03 20:30:00,19.18,
2021-12-03 20:45:00,19.13,
2021-12-03 21:00:00,19.2,
2021-12-03 21:15:00,19.2,
2021-12-03 21:30:00,19.18,
2021-12-03 21:45:00,19.2,
2021-12-03 22:00:00,19.13,
2021-12-03 22:15:00,19.08,
2021-12-03 22:30:00,19.11,
2021-12-03 22:45:00,19.13,
2021-12-03 23:00:00,19.13,
2021-12-03 23:15:00,19.06,
2021-12-03 23:30:00,19.08,
2021-12-03 23:45:00,19.09,
2021-12-04 00:00:00,19.05,
2021-12-04 00:15:00,19.03,
2021-12-04 00:30:00,19.04,
2021-12-04 00:45:00,19.03,
2021-12-04 01:00:00,19.04,
2021-12-04 01:15:00,19.03,
2021-12-04 01:30:00,18.94,
2021-12-04 01:45:00,19.01,
2021-12-04 02:00:00,19.0,
2021-12-04 02:15:00,19.0,
2021-12-04 02:30:00,19.03,
2021-12-04 02:45:00,19.0,
2021-12-04 03:00:00,19.02,
2021-12-04 03:15:00,19.01,
2021-12-04 03:30:00,19.03,
2021-12-04 03:45:00,19.04,
2021-12-04 04:00:00,18.98,
2021-12-04 04:15:00,19.05,
2021-12-04 04:30:00,19.01,
2021-12-04 04:45:00,18.99,
2021-12-04 05:00:00,18.95,
2021-12-04 05:15:00,18.95,
2021-12-04 05:30:00,18.94,
2021-12-04 05:45:00,18.98,
2021-12-04 06:00:00,18.95,
2021-12-04 06:15:00,18.94,
2021-12-04 06:30:00,18.98,
2021-12-04 06:45:00,18.94,
2021-12-04 07:00:00,18.93,
2021-12-04 07:15:00,18.92,
2021-12-04 07:30:00,18.97,
2021-12-04 07:45:00,19.01,
2021-12-04 08:00:00,19.01,
2021-12-04 08:15:00,18.96,
2021-12-04 08:30:00,18.96,
2021-12-04 08:45:00,18.94,
2021-12-04 09:00:00,18.97,
2021-12-04 09:15:00,18.94,
2021-12-04 09:30:00,18.93,
2021-12-04 09:45:00,19.0,
2021-12-04 10:00:00,19.07,
2021-12-04 10:15:00,19.06,
2021-12-04 10:30:00,19.15,
2021-12-04 10:45:00,19.13,
2021-12-04 11:00:00,19.11,
2021-12-04 11:15:00,19.13,
2021-12-04 11:30:00,19.15,
2021-12-04 11:45:00,19.15,
2021-12-04 12:00:00,19.26,
2021-12-04 12:15:00,19.28,
2021-12-04 12:30:00,19.28,
2021-12-04 12:45:00,19.32,
2021-12-04 13:00:00,19.34,
2021-12-04 13:15:00,19.32,
2021-12-04 13:30:00,19.37,
2021-12-04 13:45:00,19.39,
2021-12-04 14:00:00,19.38,
2021-12-04 14:15:00,19.38,
2021-12-04 14:30:00,19.35,
2021-12-04 14:45:00,19.38,
2021-12-04 15:00:00,19.41,
2021-12-04 15:15:00,19.36,
2021-12-04 15:30:00,19.45,
2021-12-04 15:45:00,19.41,
2021-12-04 16:00:00,19.42,
2021-12-04 16:15:00,19.33,
2021-12-04 16:30:00,19.32,
2021-12-04 16:45:00,19.33,
2021-12-04 17:00:00,19.33,
2021-12-04 17:15:00,19.31,
2021-12-04 17:30:00,19.32,
2021-12-04 17:45:00,19.27,
2021-12-04 18:00:00,19.26,
2021-12-04 18:15:00,19.33,
2021-12-04 18:30:00,19.23,
2021-12-04 18:45:00,19.26,
2021-12-04 19:00:00,19.22,
2021-12-04 19:15:00,19.24,
2021-12-04 19:30:00,19.23,
2021-12-04 19:45:00,19.19,
2021-12-04 20:00:00,19.21,
2021-12-04 20:15:00,19.15,
2021-12-04 20:30:00,19.19,
2021-12-04 20:45:00,19.17,
2021-12-04 21:00:00,19.23,
2021-12-04 21:15:00,19.2,
2021-12-04 21:30:00,19.19,
2021-12-04 21:45:00,19.13,
2021-12-04 22:00:00,19.08,
2021-12-04 22:15:00,19.1,
2021-12-04 22:30:00,19.13,
2021-12-04 22:45:00,19.11,
2021-12-04 23:00:00,19.14,
2021-12-04 23:15:00,19.17,
2021-12-04 23:30:00,19.12,
2021-12-04 23:45:00,19.11,
2021-12-05 00:00:00,19.15,
2021-12-05 00:15:00,19.1,
2021-12-05 00:30:00,19.08,
2021-12-05 00:45:00,19.1,
2021-12-05 01:00:00,19.09,
2021-12-05 01:15:00,19.1,
2021-12-05 01:30:00,19.06,
2021-12-05 01:45:00,19.08,
2021-12-05 02:00:00,19.03,
2021-12-05 02:15:00,19.0,
2021-12-05 02:30:00,18.97,
2021-12-05 02:45:00,19.07,
2021-12-05 03:00:00,19.0,
2021-12-05 03:15:00,19.0,
2021-12-05 03:30:00,18.99,
2021-12-05 03:45:00,19.02,
2021-12-05 04:00:00,19.0,
2021-12-05 04:15:00,19.08,
2021-12-05 04:30:00,19.03,
2021-12-05 04:45:00,19.09,
2021-12-05 05:00:00,19.05,
2021-12-05 05:15:00,18.97,
2021-12-05 05:30:00,19.02,
2021-12-05 05:45:00,18.95,
2021-12-05 06:00:00,18.99,
2021-12-05 06:15:00,18.99,
2021-12-05 06:30:00,19.03,
2021-12-05 06:45:00,18.99,
2021-12-05 07:00:00,19.06,
2021-12-05 07:15:00,19.08,
2021-12-05 07:30:00,19.11,
2021-12-05 07:45:00,19.13,
2021-12-05 08:00:00,19.12,
2021-12-05 08:15:00,19.08,
2021-12-05 08:30:00,19.06,
2021-12-05 08:45:00,19.13,
2021-12-05 09:00:00,19.1,
2021-12-05 09:15:00,19.08,
2021-12-05 09:30:00,19.07,
2021-12-05 09:45:00,19.09,
2021-12-05 10:00:00,19.09,
2021-12-05 10:15:00,19.08,
2021-12-05 10:30:00,19.11,
2021-12-05 10:45:00,19.12,
2021-12-05 11:00:00,19.12,
2021-12-05 11:15:00,19.15,
2021-12-05 11:30:00,19.24,
2021-12-05 11:45:00,19.17,
2021-12-05 12:00:00,19.22,
2021-12-05 12:15:00,19.21,
2021-12-05 12:30:00,19.12,
2021-12-05 12:45:00,19.19,
2021-12-05 13:00:00,19.15,
2021-12-05 13:15:00,19.08,
2021-12-05 13:30:00,19.27,
2021-12-05 13:45:00,19.21,
2021-12-05 14:00:00,19.27,
2021-12-05 14:15:00,19.27,
2021-12-05 14:30:00,19.11,
2021-12-05 14:45:00,19.18,
2021-12-05 15:00:00,19.17,
2021-12-05 15:15:00,19.17,
2021-12-05 15:30:00,19.16,
2021-12-05 15:45:00,19.18,
2021-12-05 16:00:00,19.17,
2021-12-05 16:15:00,19.17,
2021-12-05 16:30:00,19.1,
2021-12-05 16:45:00,19.12,
2021-12-05 17:00:00,19.12,
2021-12-05 17:15:00,19.13,
2021-12-05 17:30:00,19.09,
2021-12-05 17:45:00,19.12,
2021-12-05 18:00:00,19.12,
2021-12-05 18:15:00,19.17,
2021-12-05 18:30:00,19.11,
2021-12-05 18:45:00,19.04,
2021-12-05 19:00:00,19.09,
2021-12-05 19:15:00,19.05,
2021-12-05 19:30:00,19.02,
2021-12-05 19:45:00,19.06,
2021-12-05 20:00:00,18.97,
2021-12-05 20:15:00,19.04,
2021-12-05 20:30:00,19.05,
2021-12-05 20:45:00,18.99,
2021-12-05 21:00:00,18.97,
2021-12-05 21:15:00,19.01,
2021-12-05 21:30:00,18.97,
2021-12-05 21:45:00,19.02,
2021-12-05 22:00:00,18.96,
2021-12-05 22:15:00,19.01,
2021-12-05 22:30:00,18.99,
2021-12-05 22:45:00,18.99,
2021-12-05 23:00:00,18.97,
2021-12-05 23:15:00,18.97,
2021-12-05 23:30:00,18.92,
2021-12-05 23:45:00,18.98,
2021-12-06 00:00:00,18.94,
2021-12-06 00:15:00,18.98,
2021-12-06 00:30:00,19.01,
2021-12-06 00:45:00,18.95,
2021-12-06 01:00:00,18.91,
2021-12-06 01:15:00,18.97,
2021-12-06 01:30:00,19.0,
2021-12-06 01:45:00,18.94,
2021-12-06 02:00:00,18.94,
2021-12-06 02:15:00,18.88,
2021-12-06 02:30:00,18.87,
2021-12-06 02:45:00,18.86,
2021-12-06 03:00:00,18.94,
2021-12-06 03:15:00,18.87,
2021-12-06 03:30:00,18.86,
2021-12-06 03:45:00,18.84,
2021-12-06 04:00:00,18.9,
2021-12-06 04:15:00,18.81,
2021-12-06 04:30:00,18.84,
2021-12-06 04:45:00,18.9,
2021-12-06 05:00:00,18.87,
2021-12-06 05:15:00,18.88,
2021-12-06 05:30:00,18.84,
2021-12-06 05:45:00,18.78,
2021-12-06 06:00:00,18.8,
2021-12-06 06:15:00,18.84,
2021-12-06 06:30:00,18.84,
2021-12-06 06:45:00,18.8,
2021-12-06 07:00:00,18.77,
2021-12-06 07:15:00,18.82,
2021-12-06 07:30:00,18.79,
2021-12-06 07:45:00,18.82,
2021-12-06 08:00:00,18.86,
2021-12-06 08:15:00,18.89,
2021-12-06 08:30:00,18.89,
2021-12-06 08:45:00,18.96,
2021-12-06 09:00:00,18.95,
2021-12-06 09:15:00,18.96,
2021-12-06 09:30:00,18.97,
2021-12-06 09:45:00,19.0,
2021-12-06 10:00:00,19.01,
2021-12-06 10:15:00,19.01,
2021-12-06 10:30:00,18.99,
2021-12-06 10:45:00,19.08,
2021-12-06 11:00:00,19.04,
2021-12-06 11:15:00,19.03,
2021-12-06 11:30:00,19.06,
2021-12-06 11:45:00,19.1,
2021-12-06 12:00:00,19.08,
2021-12-06 12:15:00,19.12,
2021-12-06 12:30:00,19.1,
2021-12-06 12:45:00,19.11,
2021-12-06 13:00:00,19.11,
2021-12-06 13:15:00,19.13,
2021-12-06 13:30:00,19.12,
2021-12-06 13:45:00,19.16,
2021-12-06 14:00:00,19.14,
2021-12-06 14:15:00,19.1,
2021-12-06 14:30:00,19.12,
2021-12-06 14:45:00,19.17,
2021-12-06 15:00:00,19.14,
2021-12-06 15:15:00,19.15,
2021-12-06 15:30:00,19.19,
2021-12-06 15:45:00,19.17,
2021-12-06 16:00:00,19.2,
2021-12-06 16:15:00,19.27,
2021-12-06 16:30:00,19.24,
2021-12-06 16:45:00,19.28,
2021-12-06 17:00:00,19.31,
2021-12-06 17:15:00,19.27,
2021-12-06 17:30:00,19.24,
2021-12-06 17:45:00,19.31,
2021-12-06 18:00:00,19.28,
2021-12-06 18:15:00,19.28,
2021-12-06 18:30:00,19.31,
2021-12-06 18:45:00,19.24,
2021-12-06 19:00:00,19.25,
2021-12-06 19:15:00,19.28,
2021-12-06 19:30:00,19.28,
2021-12-06 19:45:00,19.31,
2021-12-06 20:00:00,19.26,
2021-12-06 20:15:00,19.31,
2021-12-06 20:30:00,19.29,
2021-12-06 20:45:00,19.32,
2021-12-06 21:00:00,19.25,
2021-12-06 21:15:00,19.28,
2021-12-06 21:30:00,19.22,
2021-12-06 21:45:00,19.3,
2021-12-06 22:00:00,19.27,
2021-12-06 22:15:00,19.27,
2021-12-06 22:30:00,19.23,
2021-12-06 22:45:00,19.22,
2021-12-06 23:00:00,19.29,
2021-12-06 23:15:00,19.25,
2021-12-06 23:30:00,19.2,
2021-12-06 23:45:00,19.24,
2021-12-07 00:00:00,19.28,
2021-12-07 00:15:00,19.29,
2021-12-07 00:30:00,19.26,
2021-12-07 00:45:00,19.24,
2021-12-07 01:00:00,19.27,
2021-12-07 01:15:00,19.21,
2021-12-07 01:30:00,19.23,
2021-12-07 01:45:00,19.25,
2021-12-07 02:00:00,19.2,
2021-12-07 02:15:00,19.17,
2021-12-07 02:30:00,19.23,
2021-12-07 02:45:00,19.21,
2021-12-07 03:00:00,19.13,
2021-12-07 03:15:00,19.1,
2021-12-07 03:30:00,19.16,
2021-12-07 03:45:00,19.2,
2021-12-07 04:00:00,19.2,
2021-12-07 04:15:00,19.2,
2021-12-07 04:30:00,19.13,
2021-12-07 04:45:00,19.13,
2021-12-07 05:00:00,19.12,
2021-12-07 05:15:00,19.16,
2021-12-07 05:30:00,19.17,
2021-12-07 05:45:00,19.18,
2021-12-07 06:00:00,19.1,
2021-12-07 06:15:00,19.07,
2021-12-07 06:30:00,19.13,
2021-12-07 06:45:00,19.14,
2021-12-07 07:00:00,19.12,
2021-12-07 07:15:00,19.12,
2021-12-07 07:30:00,19.14,
2021-12-07 07:45:00,19.14,
2021-12-07 08:00:00,19.14,
2021-12-07 08:15:00,19.13,
2021-12-07 08:30:00,19.11,
2021-12-07 08:45:00,19.1,
2021-12-07 09:00:00,19.14,
2021-12-07 09:15:00,19.13,
2021-12-07 09:30:00,19.18,
2021-12-07 09:45:00,19.13,
2021-12-07 10:00:00,19.17,
2021-12-07 10:15:00,19.17,
2021-12-07 10:30:00,19.15,
2021-12-07 10:45:00,19.13,
2021-12-07 11:00:00,19.13,
2021-12-07 11:15:00,19.1,
2021-12-07 11:30:00,19.18,
2021-12-07 11:45:00,19.16,
2021-12-07 12:00:00,19.14,
2021-12-07 12:15:00,19.23,
2021-12-07 12:30:00,19.19,
2021-12-07 12:45:00,19.21,
2021-12-07 13:00:00,19.19,
2021-12-07 13:15:00,19.24,
2021-12-07 13:30:00,19.19,
2021-12-07 13:45:00,19.19,
2021-12-07 14:00:00,19.28,
2021-12-07 14:15:00,19.3,
2021-12-07 14:30:00,19.18,
2021-12-07 14:45:00,19.25,
2021-12-07 15:00:00,19.21,
2021-12-07 15:15:00,19.31,
2021-12-07 15:30:00,19.25,
2021-12-07 15:45:00,19.27,
2021-12-07 16:00:00,19.28,
2021-12-07 16:15:00,19.21,
2021-12-07 16:30:00,19.27,
2021-12-07 16:45:00,19.26,
2021-12-07 17:00:00,19.21,
2021-12-07 17:15:00,19.23,
2021-12-07 17:30:00,19.23,
2021-12-07 17:45:00,19.22,
2021-12-07 18:00:00,19.18,
2021-12-07 18:15:00,19.2,
2021-12-07 18:30:00,19.16,
2021-12-07 18:45:00,19.19,
2021-12-07 19:00:00,19.13,
2021-12-07 19:15:00,19.15,
2021-12-07 19:30:00,19.11,
2021-12-07 19:45:00,19.15,
2021-12-07 20:00:00,19.1,
2021-12-07 20:15:00,19.06,
2021-12-07 20:30:00,19.04,
2021-12-07 20:45:00,19.04,
2021-12-07 21:00:00,19.01,
2021-12-07 21:15:00,18.99,
2021-12-07 21:30:00,19.02,
2021-12-07 21:45:00,18.94,
2021-12-07 22:00:00,18.93,
2021-12-07 22:15:00,18.98,
2021-12-07 22:30:00,19.0,
2021-12-07 22:45:00,18.9,
2021-12-07 23:00:00,18.94,
2021-12-07 23:15:00,18.98,
2021-12-07 23:30:00,18.91,
2021-12-07 23:45:00,18.91,
2021-12-08 00:00:00,18.86,
2021-12-08 00:15:00,18.88,
2021-12-08 00:30:00,18.9,
2021-12-08 00:45:00,18.88,
2021-12-08 01:00:00,18.89,
2021-12-08 01:15:00,18.81,
2021-12-08 01:30:00,18.84,
2021-12-08 01:45:00,18.89,
2021-12-08 02:00:00,18.87,
2021-12-08 02:15:00,18.85,
2021-12-08 02:30:00,18.87,
2021-12-08 02:45:00,18.83,
2021-12-08 03:00:00,18.84,
2021-12-08 03:15:00,18.88,
2021-12-08 03:30:00,18.86,
2021-12-08 03:45:00,18.86,
2021-12-08 04:00:00,18.88,
2021-12-08 04:15:00,18.8,
2021-12-08 04:30:00,18.85,
2021-12-08 04:45:00,18.87,
2021-12-08 05:00:00,18.83,
2021-12-08 05:15:00,18.79,
2021-12-08 05:30:00,18.79,
2021-12-08 05:45:00,18.75,
2021-12-08 06:00:00,18.74,
2021-12-08 06:15:00,18.76,
2021-12-08 06:30:00,18.75,
2021-12-08 06:45:00,18.81,
2021-12-08 07:00:00,18.79,
2021-12-08 07:15:00,18.82,
2021-12-08 07:30:00,18.81,
2021-12-08 07:45:00,18.81,
2021-12-08 08:00:00,18.78,
2021-12-08 08:15:00,18.8,
2021-12-08 08:30:00,18.78,
2021-12-08 08:45:00,18.8,
2021-12-08 09:00:00,18.78,
2021-12-08 09:15:00,18.8,
2021-12-08 09:30:00,18.77,
2021-12-08 09:45:00,18.8,
2021-12-08 10:00:00,18.79,
2021-12-08 10:15:00,18.8,
2021-12-08 10:30:00,18.9,
2021-12-08 10:45:00,18.93,
2021-12-08 11:00:00,18.94,
2021-12-08 11:15:00,18.98,
2021-12-08 11:30:00,18.95,
2021-12-08 11:45:00,18.95,
2021-12-08 12:00:00,18.96,
2021-12-08 12:15:00,18.97,
2021-12-08 12:30:00,19.01,
2021-12-08 12:45:00,19.01,
2021-12-08 13:00:00,19.07,
2021-12-08 13:15:00,19.06,
2021-12-08 13:30:00,19.08,
2021-12-08 13:45:00,19.1,
2021-12-08 14:00:00,19.12,
2021-12-08 14:15:00,19.06,
2021-12-08 14:30:00,19.05,
2021-12-08 14:45:00,19.14,
2021-12-08 15:00:00,19.05,
2021-12-08 15:15:00,19.09,
2021-12-08 15:30:00,19.11,
2021-12-08 15:45:00,19.06,
2021-12-08 16:00:00,19.13,
2021-12-08 16:15:00,19.09,
2021-12-08 16:30:00,19.12,
2021-12-08 16:45:00,19.1,
2021-12-08 17:00:00,19.12,
2021-12-08 17:15:00,19.14,
2021-12-08 17:30:00,19.13,
2021-12-08 17:45:00,19.09,
2021-12-08 18:00:00,19.11,
2021-12-08 18:15:00,19.11,
2021-12-08 18:30:00,19.14,
2021-12-08 18:45:00,19.1,
2021-12-08 19:00:00,19.18,
2021-12-08 19:15:00,19.12,
2021-12-08 19:30:00,19.17,
2021-12-08 19:45:00,19.19,
2021-12-08 20:00:00,19.26,
2021-12-08 20:15:00,19.22,
2021-12-08 20:30:00,19.25,
2021-12-08 20:45:00,19.24,
2021-12-08 21:00:00,19.35,
2021-12-08 21:15:00,19.34,
2021-12-08 21:30:00,19.41,
2021-12-08 21:45:00,19.42,
2021-12-08 22:00:00,19.37,
2021-12-08 22:15:00,19.39,
2021-12-08 22:30:00,19.41,
2021-12-08 22:45:00,19.34,
2021-12-08 23:00:00,19.3,
2021-12-08 23:15:00,19.33,
2021-12-08 23:30:00,19.31,
2021-12-08 23:45:00,19.28,
2021-12-09 00:00:00,19.27,
2021-12-09 00:15:00,19.28,
2021-12-09 00:30:00,19.26,
2021-12-09 00:45:00,19.23,
2021-12-09 01:00:00,19.17,
2021-12-09 01:15:00,19.22,
2021-12-09 01:30:00,19.2,
2021-12-09 01:45:00,19.22,
2021-12-09 02:00:00,19.22,
2021-12-09 02:15:00,19.25,
2021-12-09 02:30:00,19.27,
2021-12-09 02:45:00,19.34,
2021-12-09 03:00:00,19.46,
2021-12-09 03:15:00,19.53,
2021-12-09 03:30:00,19.63,
2021-12-09 03:45:00,19.62,
2021-12-09 04:00:00,19.59,
2021-12-09 04:15:00,19.63,
2021-12-09 04:30:00,19.59,
2021-12-09 04:45:00,19.6,
2021-12-09 05:00:00,19.66,
2021-12-09 05:15:00,19.64,
2021-12-09 05:30:00,19.55,
2021-12-09 05:45:00,19.52,
2021-12-09 06:00:00,19.56,
2021-12-09 06:15:00,19.53,
2021-12-09 06:30:00,19.55,
2021-12-09 06:45:00,19.59,
2021-12-09 07:00:00,19.6,
2021-12-09 07:15:00,19.65,
2021-12-09 07:30:00,19.66,
2021-12-09 07:45:00,19.67,
2021-12-09 08:00:00,19.68,
2021-12-09 08:15:00,19.68,
2021-12-09 08:30:00,19.68,
2021-12-09 08:45:00,19.64,
2021-12-09 09:00:00,19.69,
2021-12-09 09:15:00,19.69,
2021-12-09 09:30:00,19.7,
2021-12-09 09:45:00,19.65,
2021-12-09 10:00:00,19.62,
2021-12-09 10:15:00,19.61,
2021-12-09 10:30:00,19.61,
2021-12-09 10:45:00,19.62,
2021-12-09 11:00:00,19.6,
2021-12-09 11:15:00,19.56,
2021-12-09 11:30:00,19.56,
2021-12-09 11:45:00,19.52,
2021-12-09 12:00:00,19.52,
2021-12-09 12:15:00,19.47,
2021-12-09 12:30:00,19.47,
2021-12-09 12:45:00,19.45,
2021-12-09 13:00:00,19.44,
2021-12-09 13:15:00,19.43,
2021-12-09 13:30:00,19.43,
2021-12-09 13:45:00,19.46,
2021-12-09 14:00:00,19.44,
2021-12-09 14:15:00,19.39,
2021-12-09 14:30:00,19.38,
2021-12-09 14:45:00,19.4,
2021-12-09 15:00:00,19.43,
2021-12-09 15:15:00,19.36,
2021-12-09 15:30:00,19.37,
2021-12-09 15:45:00,19.32,
2021-12-09 16:00:00,19.41,
2021-12-09 16:15:00,19.34,
2021-12-09 16:30:00,19.34,
2021-12-09 16:45:00,19.35,
2021-12-09 17:00:00,19.34,
2021-12-09 17:15:00,19.3,
2021-12-09 17:30:00,19.31,
2021-12-09 17:45:00,19.32,
2021-12-09 18:00:00,19.28,
2021-12-09 18:15:00,19.25,
2021-12-09 18:30:00,19.24,
2021-12-09 18:45:00,19.23,
2021-12-09 19:00:00,19.23,
2021-12-09 19:15:00,19.16,
2021-12-09 19:30:00,19.21,
2021-12-09 19:45:00,19.18,
2021-12-09 20:00:00,19.14,
2021-12-09 20:15:00,19.13,
2021-12-09 20:30:00,19.1,
2021-12-09 20:45:00,19.08,
2021-12-09 21:00:00,19.06,
2021-12-09 21:15:00,19.01,
2021-12-09 21:30:00,19.0,
2021-12-09 21:45:00,19.0,
2021-12-09 22:00:00,18.96,
2021-12-09 22:15:00,18.91,
2021-12-09 22:30:00,18.94,
2021-12-09 22:45:00,,ICETMP
2021-12-09 23:00:00,,ICETMP
2021-12-09 23:15:00,,ICETMP
2021-12-09 23:30:00,,ICETMP
2021-12-09 23:45:00,,ICETMP
2021-12-10 00:00:00,,ICETMP
2021-12-10 00:15:00,,ICETMP
2021-12-10 00:30:00,,ICETMP
2021-12-10 00:45:00,,ICETMP
2021-12-10 01:00:00,,ICETMP
2021-12-10 01:15:00,,ICETMP
2021-12-10 01:30:00,,ICETMP
2021-12-10 01:45:00,,ICETMP
2021-12-10 02:00:00,,ICETMP
2021-12-10 02:15:00,,ICETMP
2021-12-10 02:30:00,,ICETMP
2021-12-10 02:45:00,,ICETMP
2021-12-10 03:00:00,,ICETMP
2021-12-10 03:15:00,,ICETMP
2021-12-10 03:30:00,,ICETMP
2021-12-10 03:45:00,,ICETMP
2021-12-10 04:00:00,,ICETMP
2021-12-10 04:15:00,,ICETMP
2021-12-10 04:30:00,,ICETMP
2021-12-10 04:45:00,,ICETMP
2021-12-10 05:00:00,,ICETMP
2021-12-10 05:15:00,,ICETMP
2021-12-10 05:30:00,,ICETMP
2021-12-10 05:45:00,,ICETMP
2021-12-10 06:00:00,,ICETMP
2021-12-10 06:15:00,,ICETMP
2021-12-10 06:30:00,,ICETMP
2021-12-10 06:45:00,,ICETMP
2021-12-10 07:00:00,,ICETMP
2021-12-10 07:15:00,,ICETMP
2021-12-10 07:30:00,,ICETMP
2021-12-10 07:45:00,,ICETMP
2021-12-10 08:00:00,,ICETMP
2021-12-10 08:15:00,,ICETMP
2021-12-10 08:30:00,,ICETMP
2021-12-10 08:45:00,,ICETMP
2021-12-10 09:00:00,,ICETMP
2021-12-10 09:15:00,,ICETMP
2021-12-10 09:30:00,,ICETMP
2021-12-10 09:45:00,,ICETMP
2021-12-10 10:00:00,,ICETMP
2021-12-10 10:15:00,,ICETMP
2021-12-10 10:30:00,,ICETMP
2021-12-10 10:45:00,,ICETMP
2021-12-10 11:00:00,,ICETMP
2021-12-10 11:15:00,,ICETMP
2021-12-10 11:30:00,,ICETMP
2021-12-10 11:45:00,,ICETMP
2021-12-10 12:00:00,,ICETMP
2021-12-10 12:15:00,,ICETMP
2021-12-10 12:30:00,,ICETMP
2021-12-10 12:45:00,,ICETMP
2021-12-10 13:00:00,,ICETMP
2021-12-10 13:15:00,,ICETMP
2021-12-10 13:30:00,,ICETMP
2021-12-10 13:45:00,,ICETMP
2021-12-10 14:00:00,,ICETMP
2021-12-10 14:15:00,,ICETMP
2021-12-10 14:30:00,,ICETMP
2021-12-10 14:45:00,,ICETMP
2021-12-10 15:00:00,,ICETMP
2021-12-10 15:15:00,19.14,
2021-12-10 15:30:00,19.08,
2021-12-10 15:45:00,19.06,
2021-12-10 16:00:00,19.12,
2021-12-10 16:15:00,19.08,
2021-12-10 16:30:00,19.03,
2021-12-10 16:45:00,19.07,
2021-12-10 17:00:00,19.06,
2021-12-10 17:15:00,19.0,
2021-12-10 17:30:00,19.02,
2021-12-10 17:45:00,19.02,
2021-12-10 18:00:00,19.02,
2021-12-10 18:15:00,19.02,
2021-12-10 18:30:00,18.95,
2021-12-10 18:45:00,18.9,
2021-12-10 19:00:00,18.9,
2021-12-10 19:15:00,18.91,
2021-12-10 19:30:00,18.86,
2021-12-10 19:45:00,18.9,
2021-12-10 20:00:00,18.87,
2021-12-10 20:15:00,18.85,
2021-12-10 20:30:00,18.85,
2021-12-10 20:45:00,18.84,
2021-12-10 21:00:00,18.83,
2021-12-10 21:15:00,18.87,
2021-12-10 21:30:00,18.8,
2021-12-10 21:45:00,18.85,
2021-12-10 22:00:00,18.82,
2021-12-10 22:15:00,,ICETMP
2021-12-10 22:30:00,,ICETMP
2021-12-10 22:45:00,,ICETMP
2021-12-10 23:00:00,,ICETMP
2021-12-10 23:15:00,,ICETMP
2021-12-10 23:30:00,,ICETMP
2021-12-10 23:45:00,,ICETMP
2021-12-11 00:00:00,,ICETMP
2021-12-11 00:15:00,,ICETMP
2021-12-11 00:30:00,,ICETMP
2021-12-11 00:45:00,,ICETMP
2021-12-11 01:00:00,,ICETMP
2021-12-11 01:15:00,,ICETMP
2021-12-11 01:30:00,,ICETMP
2021-12-11 01:45:00,,ICETMP
2021-12-11 02:00:00,,ICETMP
2021-12-11 02:15:00,,ICETMP
2021-12-11 02:30:00,,ICETMP
2021-12-11 02:45:00,,ICETMP
2021-12-11 03:00:00,,ICETMP
2021-12-11 03:15:00,,ICETMP
2021-12-11 03:30:00,,ICETMP
2021-12-11 03:45:00,,ICETMP
2021-12-11 04:00:00,,ICETMP
2021-12-11 04:15:00,,ICETMP
2021-12-11 04:30:00,,ICETMP
2021-12-11 04:45:00,,ICETMP
2021-12-11 05:00:00,,ICETMP
2021-12-11 05:15:00,,ICETMP
2021-12-11 05:30:00,,ICETMP
2021-12-11 05:45:00,,ICETMP
2021-12-11 06:00:00,,ICETMP
2021-12-11 06:15:00,,ICETMP
2021-12-11 06:30:00,,ICETMP
2021-12-11 06:45:00,,ICETMP
2021-12-11 07:00:00,,ICETMP
2021-12-11 07:15:00,,ICETMP
2021-12-11 07:30:00,,ICETMP
2021-12-11 07:45:00,,ICETMP
2021-12-11 08:00:00,,ICETMP
2021-12-11 08:15:00,,ICETMP
2021-12-11 08:30:00,,ICETMP
2021-12-11 08:45:00,,ICETMP
2021-12-11 09:00:00,,ICETMP
2021-12-11 09:15:00,,ICETMP
2021-12-11 09:30:00,,ICETMP
2021-12-11 09:45:00,,ICETMP
2021-12-11 10:00:00,,ICETMP
2021-12-11 10:15:00,,ICETMP
2021-12-11 10:30:00,,ICETMP
2021-12-11 10:45:00,,ICETMP
2021-12-11 11:00:00,,ICETMP
2021-12-11 11:15:00,,ICETMP
2021-12-11 11:30:00,,ICETMP
2021-12-11 11:45:00,,ICETMP
2021-12-11 12:00:00,,ICETMP
2021-12-11 12:15:00,,ICETMP
2021-12-11 12:30:00,,ICETMP
2021-12-11 12:45:00,,ICETMP
2021-12-11 13:00:00,,ICETMP
2021-12-11 13:15:00,,ICETMP
2021-12-11 13:30:00,,ICETMP
2021-12-11 13:45:00,,ICETMP
2021-12-11 14:00:00,,ICETMP
2021-12-11 14:15:00,,ICETMP
2021-12-11 14:30:00,,ICETMP
2021-12-11 14:45:00,,ICETMP
2021-12-11 15:00:00,19.03,
2021-12-11 15:15:00,18.99,
2021-12-11 15:30:00,19.01,
2021-12-11 15:45:00,18.96,
2021-12-11 16:00:00,18.91,
2021-12-11 16:15:00,18.93,
2021-12-11 16:30:00,18.92,
2021-12-11 16:45:00,18.83,
2021-12-11 17:00:00,18.89,
2021-12-11 17:15:00,18.86,
2021-12-11 17:30:00,18.86,
2021-12-11 17:45:00,18.79,
2021-12-11 18:00:00,18.85,
2021-12-11 18:15:00,18.86,
2021-12-11 18:30:00,18.79,
2021-12-11 18:45:00,18.79,
2021-12-11 19:00:00,18.76,
2021-12-11 19:15:00,18.79,
2021-12-11 19:30:00,18.78,
2021-12-11 19:45:00,18.82,
2021-12-11 20:00:00,18.79,
2021-12-11 20:15:00,18.76,
2021-12-11 20:30:00,18.8,
2021-12-11 20:45:00,18.81,
2021-12-11 21:00:00,18.82,
2021-12-11 21:15:00,,ICETMP
2021-12-11 21:30:00,,ICETMP
2021-12-11 21:45:00,,ICETMP
2021-12-11 22:00:00,,ICETMP
2021-12-11 22:15:00,,ICETMP
2021-12-11 22:30:00,,ICETMP
2021-12-11 22:45:00,,ICETMP
2021-12-11 23:00:00,,ICETMP
2021-12-11 23:15:00,,ICETMP
2021-12-11 23:30:00,,ICETMP
2021-12-11 23:45:00,,ICETMP
2021-12-12 00:00:00,,ICETMP
2021-12-12 00:15:00,,ICETMP
2021-12-12 00:30:00,,ICETMP
2021-12-12 00:45:00,,ICETMP
2021-12-12 01:00:00,,ICETMP
2021-12-12 01:15:00,,ICETMP
2021-12-12 01:30:00,,ICETMP
2021-12-12 01:45:00,,ICETMP
2021-12-12 02:00:00,,ICETMP
2021-12-12 02:15:00,,ICETMP
2021-12-12 02:30:00,,ICETMP
2021-12-12 02:45:00,,ICETMP
2021-12-12 03:00:00,,ICETMP
2021-12-12 03:15:00,,ICETMP
2021-12-12 03:30:00,,ICETMP
2021-12-12 03:45:00,,ICETMP
2021-12-12 04:00:00,,ICETMP
2021-12-12 04:15:00,,ICETMP
2021-12-12 04:30:00,,ICETMP
2021-12-12 04:45:00,,ICETMP
2021-12-12 05:00:00,,ICETMP
2021-12-12 05:15:00,,ICETMP
2021-12-12 05:30:00,,ICETMP
2021-12-12 05:45:00,,ICETMP
2021-12-12 06:00:00,,ICETMP
2021-12-12 06:15:00,,ICETMP
2021-12-12 06:30:00,,ICETMP
2021-12-12 06:45:00,,ICETMP
2021-12-12 07:00:00,,ICETMP
2021-12-12 07:15:00,,ICETMP
2021-12-12 07:30:00,,ICETMP
2021-12-12 07:45:00,,ICETMP
2021-12-12 08:00:00,,ICETMP
2021-12-12 08:15:00,,ICETMP
2021-12-12 08:30:00,,ICETMP
2021-12-12 08:45:00,,ICETMP
2021-12-12 09:00:00,,ICETMP
2021-12-12 09:15:00,,ICETMP
2021-12-12 09:30:00,,ICETMP
2021-12-12 09:45:00,,ICETMP
2021-12-12 10:00:00,,ICETMP
2021-12-12 10:15:00,,ICETMP
2021-12-12 10:30:00,,ICETMP
2021-12-12 10:45:00,,ICETMP
2021-12-12 11:00:00,,ICETMP
2021-12-12 11:15:00,,ICETMP
2021-12-12 11:30:00,,ICETMP
2021-12-12 11:45:00,,ICETMP
2021-12-12 12:00:00,,ICETMP
2021-12-12 12:15:00,,ICETMP
2021-12-12 12:30:00,,ICETMP
2021-12-12 12:45:00,,ICETMP
2021-12-12 13:00:00,,ICETMP
2021-12-12 13:15:00,19.04,
2021-12-12 13:30:00,19.02,
2021-12-12 13:45:00,18.97,
2021-12-12 14:00:00,19.03,
2021-12-12 14:15:00,18.94,
2021-12-12 14:30:00,18.96,
2021-12-12 14:45:00,18.92,
2021-12-12 15:00:00,19.0,
2021-12-12 15:15:00,19.06,
2021-12-12 15:30:00,19.02,
2021-12-12 15:45:00,19.03,
2021-12-12 16:00:00,19.03,
2021-12-12 16:15:00,19.01,
2021-12-12 16:30:00,19.01,
2021-12-12 16:45:00,18.95,
2021-12-12 17:00:00,18.93,
2021-12-12 17:15:00,19.0,
2021-12-12 17:30:00,18.98,
2021-12-12 17:45:00,18.98,
2021-12-12 18:00:00,18.97,
2021-12-12 18:15:00,18.97,
2021-12-12 18:30:00,18.92,
2021-12-12 18:45:00,18.94,
2021-12-12 19:00:00,18.92,
2021-12-12 19:15:00,18.88,
2021-12-12 19:30:00,18.84,
2021-12-12 19:45:00,18.82,
2021-12-12 20:00:00,18.82,
2021-12-12 20:15:00,18.85,
2021-12-12 20:30:00,18.89,
2021-12-12 20:45:00,18.8,
2021-12-12 21:00:00,18.83,
2021-12-12 21:15:00,18.82,
2021-12-12 21:30:00,18.8,
2021-12-12 21:45:00,18.87,
2021-12-12 22:00:00,18.8,
2021-12-12 22:15:00,18.82,
2021-12-12 22:30:00,18.8,
2021-12-12 22:45:00,18.78,
2021-12-12 23:00:00,18.77,
2021-12-12 23:15:00,18.79,
2021-12-12 23:30:00,18.74,
2021-12-12 23:45:00,18.77,
2021-12-13 00:00:00,18.76,
2021-12-13 00:15:00,18.75,
2021-12-13 00:30:00,18.7,
2021-12-13 00:45:00,18.73,
2021-12-13 01:00:00,18.68,
2021-12-13 01:15:00,18.74,
2021-12-13 01:30:00,18.68,
2021-12-13 01:45:00,18.7,
2021-12-13 02:00:00,18.69,
2021-12-13 02:15:00,18.74,
2021-12-13 02:30:00,18.71,
2021-12-13 02:45:00,18.68,
2021-12-13 03:00:00,18.7,
2021-12-13 03:15:00,18.72,
2021-12-13 03:30:00,18.67,
2021-12-13 03:45:00,18.67,
2021-12-13 04:00:00,18.71,
2021-12-13 04:15:00,18.69,
2021-12-13 04:30:00,18.67,
2021-12-13 04:45:00,18.69,
2021-12-13 05:00:00,18.65,
2021-12-13 05:15:00,18.7,
2021-12-13 05:30:00,18.68,
2021-12-13 05:45:00,18.71,
2021-12-13 06:00:00,18.66,
2021-12-13 06:15:00,18.68,
2021-12-13 06:30:00,18.67,
2021-12-13 06:45:00,18.69,
2021-12-13 07:00:00,18.69,
2021-12-13 07:15:00,,ICETMP
2021-12-13 07:30:00,,ICETMP
2021-12-13 07:45:00,,ICETMP
2021-12-13 08:00:00,,ICETMP
2021-12-13 08:15:00,,ICETMP
2021-12-13 08:30:00,,ICETMP
2021-12-13 08:45:00,,ICETMP
2021-12-13 09:00:00,,ICETMP
2021-12-13 09:15:00,,ICETMP
2021-12-13 09:30:00,,ICETMP
2021-12-13 09:45:00,,ICETMP
2021-12-13 10:00:00,,ICETMP
2021-12-13 10:15:00,,ICETMP
2021-12-13 10:30:00,,ICETMP
2021-12-13 10:45:00,18.8,
2021-12-13 11:00:00,18.77,
2021-12-13 11:15:00,18.81,
2021-12-13 11:30:00,18.81,
2021-12-13 11:45:00,18.8,
2021-12-13 12:00:00,18.8,
2021-12-13 12:15:00,18.82,
2021-12-13 12:30:00,18.82,
2021-12-13 12:45:00,18.84,
2021-12-13 13:00:00,18.87,
2021-12-13 13:15:00,18.88,
2021-12-13 13:30:00,18.86,
2021-12-13 13:45:00,18.98,
2021-12-13 14:00:00,18.9,
2021-12-13 14:15:00,18.96,
2021-12-13 14:30:00,18.89,
2021-12-13 14:45:00,18.87,
2021-12-13 15:00:00,18.87,
2021-12-13 15:15:00,18.92,
2021-12-13 15:30:00,18.86,
2021-12-13 15:45:00,18.91,
2021-12-13 16:00:00,18.92,
2021-12-13 16:15:00,18.88,
2021-12-13 16:30:00,18.86,
2021-12-13 16:45:00,18.86,
2021-12-13 17:00:00,18.87,
2021-12-13 17:15:00,18.9,
2021-12-13 17:30:00,18.87,
2021-12-13 17:45:00,18.9,
2021-12-13 18:00:00,18.84,
2021-12-13 18:15:00,18.89,
2021-12-13 18:30:00,18.83,
2021-12-13 18:45:00,18.88,
2021-12-13 19:00:00,18.88,
2021-12-13 19:15:00,18.85,
2021-12-13 19:30:00,18.85,
2021-12-13 19:45:00,18.82,
2021-12-13 20:00:00,18.82,
2021-12-13 20:15:00,18.79,
2021-12-13 20:30:00,18.75,
2021-12-13 20:45:00,18.76,
2021-12-13 21:00:00,18.81,
2021-12-13 21:15:00,18.76,
2021-12-13 21:30:00,18.74,
2021-12-13 21:45:00,18.72,
2021-12-13 22:00:00,18.71,
2021-12-13 22:15:00,18.7,
2021-12-13 22:30:00,18.71,
2021-12-13 22:45:00,18.69,
2021-12-13 23:00:00,18.69,
2021-12-13 23:15:00,18.69,
2021-12-13 23:30:00,18.63,
2021-12-13 23:45:00,18.66,
2021-12-14 00:00:00,18.69,
2021-12-14 00:15:00,18.65,
2021-12-14 00:30:00,18.64,
2021-12-14 00:45:00,18.63,
2021-12-14 01:00:00,18.67,
2021-12-14 01:15:00,18.66,
2021-12-14 01:30:00,18.65,
2021-12-14 01:45:00,18.64,
2021-12-14 02:00:00,18.62,
2021-12-14 02:15:00,18.64,
2021-12-14 02:30:00,18.64,
2021-12-14 02:45:00,18.6,
2021-12-14 03:00:00,18.64,
2021-12-14 03:15:00,18.59,
2021-12-14 03:30:00,18.63,
2021-12-14 03:45:00,18.62,
2021-12-14 04:00:00,18.61,
2021-12-14 04:15:00,18.61,
2021-12-14 04:30:00,18.61,
2021-12-14 04:45:00,18.63,
2021-12-14 05:00:00,18.62,
2021-12-14 05:15:00,18.65,
2021-12-14 05:30:00,18.65,
2021-12-14 05:45:00,18.61,
2021-12-14 06:00:00,18.58,
2021-12-14 06:15:00,18.58,
2021-12-14 06:30:00,18.58,
2021-12-14 06:45:00,18.62,
2021-12-14 07:00:00,18.62,
2021-12-14 07:15:00,18.64,
2021-12-14 07:30:00,18.59,
2021-12-14 07:45:00,18.6,
2021-12-14 08:00:00,18.61,
2021-12-14 08:15:00,18.65,
2021-12-14 08:30:00,18.61,
2021-12-14 08:45:00,18.59,
2021-12-14 09:00:00,18.61,
2021-12-14 09:15:00,18.6,
2021-12-14 09:30:00,18.61,
2021-12-14 09:45:00,,ICETMP
2021-12-14 10:00:00,,ICETMP
2021-12-14 10:15:00,,ICETMP
2021-12-14 10:30:00,,ICETMP
2021-12-14 10:45:00,,ICETMP
2021-12-14 11:00:00,,ICETMP
2021-12-14 11:15:00,,ICETMP
2021-12-14 11:30:00,,ICETMP
2021-12-14 11:45:00,,ICETMP
2021-12-14 12:00:00,,ICETMP
2021-12-14 12:15:00,,ICETMP
2021-12-14 12:30:00,,ICETMP
2021-12-14 12:45:00,,ICETMP
2021-12-14 13:00:00,,ICETMP
2021-12-14 13:15:00,,ICETMP
2021-12-14 13:30:00,,ICETMP
2021-12-14 13:45:00,,ICETMP
2021-12-14 14:00:00,,ICETMP
2021-12-14 14:15:00,,ICETMP
2021-12-14 14:30:00,,ICETMP
2021-12-14 14:45:00,,ICETMP
2021-12-14 15:00:00,,ICETMP
2021-12-14 15:15:00,,ICETMP
2021-12-14 15:30:00,,ICETMP
2021-12-14 15:45:00,,ICETMP
2021-12-14 16:00:00,,ICETMP
2021-12-14 16:15:00,,ICETMP
2021-12-14 16:30:00,,ICETMP
2021-12-14 16:45:00,,ICETMP
2021-12-14 17:00:00,,ICETMP
2021-12-14 17:15:00,,ICETMP
2021-12-14 17:30:00,,ICETMP
2021-12-14 17:45:00,,ICETMP
2021-12-14 18:00:00,,ICETMP
2021-12-14 18:15:00,,ICETMP
2021-12-14 18:30:00,,ICETMP
2021-12-14 18:45:00,,ICETMP
2021-12-14 19:00:00,,ICETMP
2021-12-14 19:15:00,,ICETMP
2021-12-14 19:30:00,,ICETMP
2021-12-14 19:45:00,,ICETMP
2021-12-14 20:00:00,,ICETMP
2021-12-14 20:15:00,,ICETMP
2021-12-14 20:30:00,,ICETMP
2021-12-14 20:45:00,,ICETMP
2021-12-14 21:00:00,,ICETMP
2021-12-14 21:15:00,,ICETMP
2021-12-14 21:30:00,,ICETMP
2021-12-14 21:45:00,,ICETMP
2021-12-14 22:00:00,,ICETMP
2021-12-14 22:15:00,,ICETMP
2021-12-14 22:30:00,,ICETMP
2021-12-14 22:45:00,,ICETMP
2021-12-14 23:00:00,,ICETMP
2021-12-14 23:15:00,,ICETMP
2021-12-14 23:30:00,,ICETMP
2021-12-14 23:45:00,,ICETMP
2021-12-15 00:00:00,,ICETMP
2021-12-15 00:15:00,,ICETMP
2021-12-15 00:30:00,,ICETMP
2021-12-15 00:45:00,,ICETMP
2021-12-15 01:00:00,,ICETMP
2021-12-15 01:15:00,,ICETMP
2021-12-15 01:30:00,,ICETMP
2021-12-15 01:45:00,,ICETMP
2021-12-15 02:00:00,,ICETMP
2021-12-15 02:15:00,,ICETMP
2021-12-15 02:30:00,,ICETMP
2021-12-15 02:45:00,,ICETMP
2021-12-15 03:00:00,,ICETMP
2021-12-15 03:15:00,,ICETMP
2021-12-15 03:30:00,,ICETMP
2021-12-15 03:45:00,,ICETMP
2021-12-15 04:00:00,,ICETMP
2021-12-15 04:15:00,,ICETMP
2021-12-15 04:30:00,,ICETMP
2021-12-15 04:45:00,,ICETMP
2021-12-15 05:00:00,,ICETMP
2021-12-15 05:15:00,,ICETMP
2021-12-15 05:30:00,,ICETMP
2021-12-15 05:45:00,,ICETMP
2021-12-15 06:00:00,,ICETMP
2021-12-15 06:15:00,,ICETMP
2021-12-15 06:30:00,,ICETMP
2021-12-15 06:45:00,,ICETMP
2021-12-15 07:00:00,,ICETMP
2021-12-15 07:15:00,,ICETMP
2021-12-15 07:30:00,,ICETMP
2021-12-15 07:45:00,,ICETMP
2021-12-15 08:00:00,,ICETMP
2021-12-15 08:15:00,,ICETMP
2021-12-15 08:30:00,,ICETMP
2021-12-15 08:45:00,,ICETMP
2021-12-15 09:00:00,,ICETMP
2021-12-15 09:15:00,,ICETMP
2021-12-15 09:30:00,,ICETMP
2021-12-15 09:45:00,,ICETMP
2021-12-15 10:00:00,,ICETMP
2021-12-15 10:15:00,,ICETMP
2021-12-15 10:30:00,,ICETMP
2021-12-15 10:45:00,,ICETMP
2021-12-15 11:00:00,,ICETMP
2021-12-15 11:15:00,,ICETMP
2021-12-15 11:30:00,,ICETMP
2021-12-15 11:45:00,,ICETMP
2021-12-15 12:00:00,,ICETMP
2021-12-15 12:15:00,,ICETMP
2021-12-15 12:30:00,,ICETMP
2021-12-15 12:45:00,,ICETMP
2021-12-15 13:00:00,,ICETMP
2021-12-15 13:15:00,,ICETMP
2021-12-15 13:30:00,,ICETMP
2021-12-15 13:45:00,,ICETMP
2021-12-15 14:00:00,,ICETMP
2021-12-15 14:15:00,,ICETMP
2021-12-15 14:30:00,,ICETMP
2021-12-15 14:45:00,,ICETMP
2021-12-15 15:00:00,,ICETMP
2021-12-15 15:15:00,,ICETMP
2021-12-15 15:30:00,,ICETMP
2021-12-15 15:45:00,,ICETMP
2021-12-15 16:00:00,,ICETMP
2021-12-15 16:15:00,,ICETMP
2021-12-15 16:30:00,,ICETMP
2021-12-15 16:45:00,,ICETMP
2021-12-15 17:00:00,,ICETMP
2021-12-15 17:15:00,,ICETMP
2021-12-15 17:30:00,,ICETMP
2021-12-15 17:45:00,,ICETMP
2021-12-15 18:00:00,,ICETMP
2021-12-15 18:15:00,,ICETMP
2021-12-15 18:30:00,,ICETMP
2021-12-15 18:45:00,,ICETMP
2021-12-15 19:00:00,,ICETMP
2021-12-15 19:15:00,,ICETMP
2021-12-15 19:30:00,,ICETMP
2021-12-15 19:45:00,,ICETMP
2021-12-15 20:00:00,,ICETMP
2021-12-15 20:15:00,,ICETMP
2021-12-15 20:30:00,,ICETMP
2021-12-15 20:45:00,,ICETMP
2021-12-15 21:00:00,,ICETMP
2021-12-15 21:15:00,,ICETMP
2021-12-15 21:30:00,,ICETMP
2021-12-15 21:45:00,,ICETMP
2021-12-15 22:00:00,,ICETMP
2021-12-15 22:15:00,,ICETMP
2021-12-15 22:30:00,,ICETMP
2021-12-15 22:45:00,,ICETMP
2021-12-15 23:00:00,,ICETMP
2021-12-15 23:15:00,,ICETMP
2021-12-15 23:30:00,,ICETMP
2021-12-15 23:45:00,,ICETMP
2021-12-16 00:00:00,,ICETMP
2021-12-16 00:15:00,,ICETMP
2021-12-16 00:30:00,,ICETMP
2021-12-16 00:45:00,,ICETMP
2021-12-16 01:00:00,,ICETMP
2021-12-16 01:15:00,,ICETMP
2021-12-16 01:30:00,,ICETMP
2021-12-16 01:45:00,,ICETMP
2021-12-16 02:00:00,,ICETMP
2021-12-16 02:15:00,,ICETMP
2021-12-16 02:30:00,,ICETMP
2021-12-16 02:45:00,,ICETMP
2021-12-16 03:00:00,,ICETMP
2021-12-16 03:15:00,,ICETMP
2021-12-16 03:30:00,,ICETMP
2021-12-16 03:45:00,,ICETMP
2021-12-16 04:00:00,,ICETMP
2021-12-16 04:15:00,,ICETMP
2021-12-16 04:30:00,,ICETMP
2021-12-16 04:45:00,,ICETMP
2021-12-16 05:00:00,,ICETMP
2021-12-16 05:15:00,,ICETMP
2021-12-16 05:30:00,,ICETMP
2021-12-16 05:45:00,,ICETMP
2021-12-16 06:00:00,,ICETMP
2021-12-16 06:15:00,,ICETMP
2021-12-16 06:30:00,,ICETMP
2021-12-16 06:45:00,,ICETMP
2021-12-16 07:00:00,,ICETMP
2021-12-16 07:15:00,,ICETMP
2021-12-16 07:30:00,,ICETMP
2021-12-16 07:45:00,,ICETMP
2021-12-16 08:00:00,,ICETMP
2021-12-16 08:15:00,,ICETMP
2021-12-16 08:30:00,,ICETMP
2021-12-16 08:45:00,,ICETMP
2021-12-16 09:00:00,,ICETMP
2021-12-16 09:15:00,,ICETMP
2021-12-16 09:30:00,,ICETMP
2021-12-16 09:45:00,,ICETMP
2021-12-16 10:00:00,,ICETMP
2021-12-16 10:15:00,,ICETMP
2021-12-16 10:30:00,,ICETMP
2021-12-16 10:45:00,,ICETMP
2021-12-16 11:00:00,,ICETMP
2021-12-16 11:15:00,,ICETMP
2021-12-16 11:30:00,,ICETMP
2021-12-16 11:45:00,,ICETMP
2021-12-16 12:00:00,,ICETMP
2021-12-16 12:15:00,,ICETMP
2021-12-16 12:30:00,,ICETMP
2021-12-16 12:45:00,,ICETMP
2021-12-16 13:00:00,,ICETMP
2021-12-16 13:15:00,,ICETMP
2021-12-16 13:30:00,,ICETMP
2021-12-16 13:45:00,,ICETMP
2021-12-16 14:00:00,,ICETMP
2021-12-16 14:15:00,,ICETMP
2021-12-16 14:30:00,,ICETMP
2021-12-16 14:45:00,,ICETMP
2021-12-16 15:00:00,,ICETMP
2021-12-16 15:15:00,,ICETMP
2021-12-16 15:30:00,,ICETMP
2021-12-16 15:45:00,,ICETMP
2021-12-16 16:00:00,,ICETMP
2021-12-16 16:15:00,,ICETMP
2021-12-16 16:30:00,,ICETMP
2021-12-16 16:45:00,,ICETMP
2021-12-16 17:00:00,,ICETMP
2021-12-16 17:15:00,,ICETMP
2021-12-16 17:30:00,,ICETMP
2021-12-16 17:45:00,,ICETMP
2021-12-16 18:00:00,,ICETMP
2021-12-16 18:15:00,,ICETMP
2021-12-16 18:30:00,,ICETMP
2021-12-16 18:45:00,,ICETMP
2021-12-16 19:00:00,,ICETMP
2021-12-16 19:15:00,,ICETMP
2021-12-16 19:30:00,,ICETMP
2021-12-16 19:45:00,,ICETMP
2021-12-16 20:00:00,,ICETMP
2021-12-16 20:15:00,,ICETMP
2021-12-16 20:30:00,,ICETMP
2021-12-16 20:45:00,,ICETMP
2021-12-16 21:00:00,,ICETMP
2021-12-16 21:15:00,,ICETMP
2021-12-16 21:30:00,,ICETMP
2021-12-16 21:45:00,,ICETMP
2021-12-16 22:00:00,,ICETMP
2021-12-16 22:15:00,,ICETMP
2021-12-16 22:30:00,,ICETMP
2021-12-16 22:45:00,,ICETMP
2021-12-16 23:00:00,,ICETMP
2021-12-16 23:15:00,,ICETMP
2021-12-16 23:30:00,,ICETMP
2021-12-16 23:45:00,,ICETMP
2021-12-17 00:00:00,,ICETMP
2021-12-17 00:15:00,,ICETMP
2021-12-17 00:30:00,,ICETMP
2021-12-17 00:45:00,,ICETMP
2021-12-17 01:00:00,,ICETMP
2021-12-17 01:15:00,,ICETMP
2021-12-17 01:30:00,,ICETMP
2021-12-17 01:45:00,,ICETMP
2021-12-17 02:00:00,,ICETMP
2021-12-17 02:15:00,,ICETMP
2021-12-17 02:30:00,,ICETMP
2021-12-17 02:45:00,,ICETMP
2021-12-17 03:00:00,,ICETMP
2021-12-17 03:15:00,,ICETMP
2021-12-17 03:30:00,,ICETMP
2021-12-17 03:45:00,,ICETMP
2021-12-17 04:00:00,,ICETMP
2021-12-17 04:15:00,,ICETMP
2021-12-17 04:30:00,,ICETMP
2021-12-17 04:45:00,,ICETMP
2021-12-17 05:00:00,,ICETMP
2021-12-17 05:15:00,,ICETMP
2021-12-17 05:30:00,,ICETMP
2021-12-17 05:45:00,,ICETMP
2021-12-17 06:00:00,,ICETMP
2021-12-17 06:15:00,,ICETMP
2021-12-17 06:30:00,,ICETMP
2021-12-17 06:45:00,,ICETMP
2021-12-17 07:00:00,,ICETMP
2021-12-17 07:15:00,,ICETMP
2021-12-17 07:30:00,,ICETMP
2021-12-17 07:45:00,,ICETMP
2021-12-17 08:00:00,,ICETMP
2021-12-17 08:15:00,,ICETMP
2021-12-17 08:30:00,,ICETMP
2021-12-17 08:45:00,,ICETMP
2021-12-17 09:00:00,,ICETMP
2021-12-17 09:15:00,,ICETMP
2021-12-17 09:30:00,,ICETMP
2021-12-17 09:45:00,,ICETMP
2021-12-17 10:00:00,,ICETMP
2021-12-17 10:15:00,,ICETMP
2021-12-17 10:30:00,,ICETMP
2021-12-17 10:45:00,,ICETMP
2021-12-17 11:00:00,,ICETMP
2021-12-17 11:15:00,,ICETMP
2021-12-17 11:30:00,,ICETMP
2021-12-17 11:45:00,,ICETMP
2021-12-17 12:00:00,,ICETMP
2021-12-17 12:15:00,,ICETMP
2021-12-17 12:30:00,,ICETMP
2021-12-17 12:45:00,,ICETMP
2021-12-17 13:00:00,,ICETMP
2021-12-17 13:15:00,,ICETMP
2021-12-17 13:30:00,,ICETMP
2021-12-17 13:45:00,,ICETMP
2021-12-17 14:00:00,,ICETMP
2021-12-17 14:15:00,,ICETMP
2021-12-17 14:30:00,,ICETMP
2021-12-17 14:45:00,,ICETMP
2021-12-17 15:00:00,,ICETMP
2021-12-17 15:15:00,,ICETMP
2021-12-17 15:30:00,,ICETMP
2021-12-17 15:45:00,,ICETMP
2021-12-17 16:00:00,,ICETMP
2021-12-17 16:15:00,,ICETMP
2021-12-17 16:30:00,,ICETMP
2021-12-17 16:45:00,,ICETMP
2021-12-17 17:00:00,,ICETMP
2021-12-17 17:15:00,,ICETMP
2021-12-17 17:30:00,,ICETMP
2021-12-17 17:45:00,,ICETMP
2021-12-17 18:00:00,,ICETMP
2021-12-17 18:15:00,,ICETMP
2021-12-17 18:30:00,,ICETMP
2021-12-17 18:45:00,,ICETMP
2021-12-17 19:00:00,,ICETMP
2021-12-17 19:15:00,,ICETMP
2021-12-17 19:30:00,,ICETMP
2021-12-17 19:45:00,,ICETMP
2021-12-17 20:00:00,,ICETMP
2021-12-17 20:15:00,,ICETMP
2021-12-17 20:30:00,,ICETMP
2021-12-17 20:45:00,,ICETMP
2021-12-17 21:00:00,,ICETMP
2021-12-17 21:15:00,,ICETMP
2021-12-17 21:30:00,,ICETMP
2021-12-17 21:45:00,,ICETMP
2021-12-17 22:00:00,,ICETMP
2021-12-17 22:15:00,,ICETMP
2021-12-17 22:30:00,,ICETMP
2021-12-17 22:45:00,,ICETMP
2021-12-17 23:00:00,,ICETMP
2021-12-17 23:15:00,,ICETMP
2021-12-17 23:30:00,,ICETMP
2021-12-17 23:45:00,,ICETMP
2021-12-18 00:00:00,,ICETMP
2021-12-18 00:15:00,,ICETMP
2021-12-18 00:30:00,,ICETMP
2021-12-18 00:45:00,,ICETMP
2021-12-18 01:00:00,,ICETMP
2021-12-18 01:15:00,,ICETMP
2021-12-18 01:30:00,,ICETMP
2021-12-18 01:45:00,,ICETMP
2021-12-18 02:00:00,,ICETMP
2021-12-18 02:15:00,,ICETMP
2021-12-18 02:30:00,,ICETMP
2021-12-18 02:45:00,,ICETMP
2021-12-18 03:00:00,,ICETMP
2021-12-18 03:15:00,,ICETMP
2021-12-18 03:30:00,,ICETMP
2021-12-18 03:45:00,,ICETMP
2021-12-18 04:00:00,,ICETMP
2021-12-18 04:15:00,,ICETMP
2021-12-18 04:30:00,,ICETMP
2021-12-18 04:45:00,,ICETMP
2021-12-18 05:00:00,,ICETMP
2021-12-18 05:15:00,,ICETMP
2021-12-18 05:30:00,,ICETMP
2021-12-18 05:45:00,,ICETMP
2021-12-18 06:00:00,,ICETMP
2021-12-18 06:15:00,,ICETMP
2021-12-18 06:30:00,,ICETMP
2021-12-18 06:45:00,,ICETMP
2021-12-18 07:00:00,,ICETMP
2021-12-18 07:15:00,,ICETMP
2021-12-18 07:30:00,,ICETMP
2021-12-18 07:45:00,,ICETMP
2021-12-18 08:00:00,,ICETMP
2021-12-18 08:15:00,,ICETMP
2021-12-18 08:30:00,,ICETMP
2021-12-18 08:45:00,,ICETMP
2021-12-18 09:00:00,,ICETMP
2021-12-18 09:15:00,,ICETMP
2021-12-18 09:30:00,,ICETMP
2021-12-18 09:45:00,,ICETMP
2021-12-18 10:00:00,,ICETMP
2021-12-18 10:15:00,,ICETMP
2021-12-18 10:30:00,,ICETMP
2021-12-18 10:45:00,,ICETMP
2021-12-18 11:00:00,,ICETMP
2021-12-18 11:15:00,,ICETMP
2021-12-18 11:30:00,,ICETMP
2021-12-18 11:45:00,,ICETMP
2021-12-18 12:00:00,,ICETMP
2021-12-18 12:15:00,,ICETMP
2021-12-18 12:30:00,,ICETMP
2021-12-18 12:45:00,,ICETMP
2021-12-18 13:00:00,,ICETMP
2021-12-18 13:15:00,,ICETMP
2021-12-18 13:30:00,,ICETMP
2021-12-18 13:45:00,,ICETMP
2021-12-18 14:00:00,,ICETMP
2021-12-18 14:15:00,,ICETMP
2021-12-18 14:30:00,,ICETMP
2021-12-18 14:45:00,,ICETMP
2021-12-18 15:00:00,,ICETMP
2021-12-18 15:15:00,,ICETMP
2021-12-18 15:30:00,,ICETMP
2021-12-18 15:45:00,,ICETMP
2021-12-18 16:00:00,,ICETMP
2021-12-18 16:15:00,,ICETMP
2021-12-18 16:30:00,,ICETMP
2021-12-18 16:45:00,,ICETMP
2021-12-18 17:00:00,,ICETMP
2021-12-18 17:15:00,,ICETMP
2021-12-18 17:30:00,,ICETMP
2021-12-18 17:45:00,,ICETMP
2021-12-18 18:00:00,,ICETMP
2021-12-18 18:15:00,,ICETMP
2021-12-18 18:30:00,,ICETMP
2021-12-18 18:45:00,,ICETMP
2021-12-18 19:00:00,,ICETMP
2021-12-18 19:15:00,,ICETMP
2021-12-18 19:30:00,,ICETMP
2021-12-18 19:45:00,,ICETMP
2021-12-18 20:00:00,,ICETMP
2021-12-18 20:15:00,,ICETMP
2021-12-18 20:30:00,,ICETMP
2021-12-18 20:45:00,,ICETMP
2021-12-18 21:00:00,,ICETMP
2021-12-18 21:15:00,,ICETMP
2021-12-18 21:30:00,,ICETMP
2021-12-18 21:45:00,,ICETMP
2021-12-18 22:00:00,,ICETMP
2021-12-18 22:15:00,,ICETMP
2021-12-18 22:30:00,,ICETMP
2021-12-18 22:45:00,,ICETMP
2021-12-18 23:00:00,,ICETMP
2021-12-18 23:15:00,,ICETMP
2021-12-18 23:30:00,,ICETMP
2021-12-18 23:45:00,,ICETMP
2021-12-19 00:00:00,,ICETMP
2021-12-19 00:15:00,,ICETMP
2021-12-19 00:30:00,,ICETMP
2021-12-19 00:45:00,,ICETMP
2021-12-19 01:00:00,,ICETMP
2021-12-19 01:15:00,,ICETMP
2021-12-19 01:30:00,,ICETMP
2021-12-19 01:45:00,,ICETMP
2021-12-19 02:00:00,,ICETMP
2021-12-19 02:15:00,,ICETMP
2021-12-19 02:30:00,,ICETMP
2021-12-19 02:45:00,,ICETMP
2021-12-19 03:00:00,,ICETMP
2021-12-19 03:15:00,,ICETMP
2021-12-19 03:30:00,,ICETMP
2021-12-19 03:45:00,,ICETMP
2021-12-19 04:00:00,,ICETMP
2021-12-19 04:15:00,,ICETMP
2021-12-19 04:30:00,,ICETMP
2021-12-19 04:45:00,,ICETMP
2021-12-19 05:00:00,,ICETMP
2021-12-19 05:15:00,,ICETMP
2021-12-19 05:30:00,,ICETMP
2021-12-19 05:45:00,,ICETMP
2021-12-19 06:00:00,,ICETMP
2021-12-19 06:15:00,,ICETMP
2021-12-19 06:30:00,,ICETMP
2021-12-19 06:45:00,,ICETMP
2021-12-19 07:00:00,,ICETMP
2021-12-19 07:15:00,,ICETMP
2021-12-19 07:30:00,,ICETMP
2021-12-19 07:45:00,,ICETMP
2021-12-19 08:00:00,,ICETMP
2021-12-19 08:15:00,,ICETMP
2021-12-19 08:30:00,,ICETMP
2021-12-19 08:45:00,,ICETMP
2021-12-19 09:00:00,,ICETMP
2021-12-19 09:15:00,,ICETMP
2021-12-19 09:30:00,,ICETMP
2021-12-19 09:45:00,,ICETMP
2021-12-19 10:00:00,,ICETMP
2021-12-19 10:15:00,,ICETMP
2021-12-19 10:30:00,,ICETMP
2021-12-19 10:45:00,,ICETMP
2021-12-19 11:00:00,,ICETMP
2021-12-19 11:15:00,,ICETMP
2021-12-19 11:30:00,,ICETMP
2021-12-19 11:45:00,,ICETMP
2021-12-19 12:00:00,,ICETMP
2021-12-19 12:15:00,,ICETMP
2021-12-19 12:30:00,,ICETMP
2021-12-19 12:45:00,,ICETMP
2021-12-19 13:00:00,,ICETMP
2021-12-19 13:15:00,,ICETMP
2021-12-19 13:30:00,,ICETMP
2021-12-19 13:45:00,,ICETMP
2021-12-19 14:00:00,,ICETMP
2021-12-19 14:15:00,,ICETMP
2021-12-19 14:30:00,,ICETMP
2021-12-19 14:45:00,,ICETMP
2021-12-19 15:00:00,,ICETMP
2021-12-19 15:15:00,,ICETMP
2021-12-19 15:30:00,,ICETMP
2021-12-19 15:45:00,,ICETMP
2021-12-19 16:00:00,,ICETMP
2021-12-19 16:15:00,,ICETMP
2021-12-19 16:30:00,,ICETMP
2021-12-19 16:45:00,,ICETMP
2021-12-19 17:00:00,,ICETMP
2021-12-19 17:15:00,,ICETMP
2021-12-19 17:30:00,,ICETMP
2021-12-19 17:45:00,,ICETMP
2021-12-19 18:00:00,,ICETMP
2021-12-19 18:15:00,,ICETMP
2021-12-19 18:30:00,,ICETMP
2021-12-19 18:45:00,,ICETMP
2021-12-19 19:00:00,,ICETMP
2021-12-19 19:15:00,,ICETMP
2021-12-19 19:30:00,,ICETMP
2021-12-19 19:45:00,,ICETMP
2021-12-19 20:00:00,,ICETMP
2021-12-19 20:15:00,,ICETMP
2021-12-19 20:30:00,,ICETMP
2021-12-19 20:45:00,,ICETMP
2021-12-19 21:00:00,,ICETMP
2021-12-19 21:15:00,,ICETMP
2021-12-19 21:30:00,,ICETMP
2021-12-19 21:45:00,,ICETMP
2021-12-19 22:00:00,,ICETMP
2021-12-19 22:15:00,,ICETMP
2021-12-19 22:30:00,,ICETMP
2021-12-19 22:45:00,,ICETMP
2021-12-19 23:00:00,,ICETMP
2021-12-19 23:15:00,,ICETMP
2021-12-19 23:30:00,,ICETMP
2021-12-19 23:45:00,,ICETMP
2021-12-20 00:00:00,,ICETMP
2021-12-20 00:15:00,,ICETMP
2021-12-20 00:30:00,,ICETMP
2021-12-20 00:45:00,,ICETMP
2021-12-20 01:00:00,,ICETMP
2021-12-20 01:15:00,,ICETMP
2021-12-20 01:30:00,,ICETMP
2021-12-20 01:45:00,,ICETMP
2021-12-20 02:00:00,,ICETMP
2021-12-20 02:15:00,,ICETMP
2021-12-20 02:30:00,,ICETMP
2021-12-20 02:45:00,,ICETMP
2021-12-20 03:00:00,,ICETMP
2021-12-20 03:15:00,,ICETMP
2021-12-20 03:30:00,,ICETMP
2021-12-20 03:45:00,,ICETMP
2021-12-20 04:00:00,,ICETMP
2021-12-20 04:15:00,,ICETMP
2021-12-20 04:30:00,,ICETMP
2021-12-20 04:45:00,,ICETMP
2021-12-20 05:00:00,,ICETMP
2021-12-20 05:15:00,,ICETMP
2021-12-20 05:30:00,,ICETMP
2021-12-20 05:45:00,,ICETMP
2021-12-20 06:00:00,,ICETMP
2021-12-20 06:15:00,,ICETMP
2021-12-20 06:30:00,,ICETMP
2021-12-20 06:45:00,,ICETMP
2021-12-20 07:00:00,,ICETMP
2021-12-20 07:15:00,,ICETMP
2021-12-20 07:30:00,,ICETMP
2021-12-20 07:45:00,,ICETMP
2021-12-20 08:00:00,,ICETMP
2021-12-20 08:15:00,,ICETMP
2021-12-20 08:30:00,,ICETMP
2021-12-20 08:45:00,,ICETMP
2021-12-20 09:00:00,,ICETMP
2021-12-20 09:15:00,,ICETMP
2021-12-20 09:30:00,,ICETMP
2021-12-20 09:45:00,,ICETMP
2021-12-20 10:00:00,,ICETMP
2021-12-20 10:15:00,,ICETMP
2021-12-20 10:30:00,,ICETMP
2021-12-20 10:45:00,,ICETMP
2021-12-20 11:00:00,,ICETMP
2021-12-20 11:15:00,,ICETMP
2021-12-20 11:30:00,,ICETMP
2021-12-20 11:45:00,,ICETMP
2021-12-20 12:00:00,,ICETMP
2021-12-20 12:15:00,,ICETMP
2021-12-20 12:30:00,,ICETMP
2021-12-20 12:45:00,,ICETMP
2021-12-20 13:00:00,,ICETMP
2021-12-20 13:15:00,,ICETMP
2021-12-20 13:30:00,,ICETMP
2021-12-20 13:45:00,,ICETMP
2021-12-20 14:00:00,,ICETMP
2021-12-20 14:15:00,,ICETMP
2021-12-20 14:30:00,,ICETMP
2021-12-20 14:45:00,,ICETMP
2021-12-20 15:00:00,,ICETMP
2021-12-20 15:15:00,,ICETMP
2021-12-20 15:30:00,,ICETMP
2021-12-20 15:45:00,,ICETMP
2021-12-20 16:00:00,,ICETMP
2021-12-20 16:15:00,,ICETMP
2021-12-20 16:30:00,,ICETMP
2021-12-20 16:45:00,,ICETMP
2021-12-20 17:00:00,,ICETMP
2021-12-20 17:15:00,,ICETMP
2021-12-20 17:30:00,,ICETMP
2021-12-20 17:45:00,,ICETMP
2021-12-20 18:00:00,,ICETMP
2021-12-20 18:15:00,,ICETMP
2021-12-20 18:30:00,,ICETMP
2021-12-20 18:45:00,,ICETMP
2021-12-20 19:00:00,,ICETMP
2021-12-20 19:15:00,,ICETMP
2021-12-20 19:30:00,,ICETMP
2021-12-20 19:45:00,,ICETMP
2021-12-20 20:00:00,,ICETMP
2021-12-20 20:15:00,,ICETMP
2021-12-20 20:30:00,,ICETMP
2021-12-20 20:45:00,,ICETMP
2021-12-20 21:00:00,,ICETMP
2021-12-20 21:15:00,,ICETMP
2021-12-20 21:30:00,,ICETMP
2021-12-20 21:45:00,,ICETMP
2021-12-20 22:00:00,,ICETMP
2021-12-20 22:15:00,,ICETMP
2021-12-20 22:30:00,,ICETMP
2021-12-20 22:45:00,,ICETMP
2021-12-20 23:00:00,,ICETMP
2021-12-20 23:15:00,,ICETMP
2021-12-20 23:30:00,,ICETMP
2021-12-20 23:45:00,,ICETMP
2021-12-21 00:00:00,,ICETMP
2021-12-21 00:15:00,,ICETMP
2021-12-21 00:30:00,,ICETMP
2021-12-21 00:45:00,,ICETMP
2021-12-21 01:00:00,,ICETMP
2021-12-21 01:15:00,,ICETMP
2021-12-21 01:30:00,,ICETMP
2021-12-21 01:45:00,,ICETMP
2021-12-21 02:00:00,,ICETMP
2021-12-21 02:15:00,,ICETMP
2021-12-21 02:30:00,,ICETMP
2021-12-21 02:45:00,,ICETMP
2021-12-21 03:00:00,,ICETMP
2021-12-21 03:15:00,,ICETMP
2021-12-21 03:30:00,,ICETMP
2021-12-21 03:45:00,,ICETMP
2021-12-21 04:00:00,,ICETMP
2021-12-21 04:15:00,,ICETMP
2021-12-21 04:30:00,,ICETMP
2021-12-21 04:45:00,,ICETMP
2021-12-21 05:00:00,,ICETMP
2021-12-21 05:15:00,,ICETMP
2021-12-21 05:30:00,,ICETMP
2021-12-21 05:45:00,,ICETMP
2021-12-21 06:00:00,,ICETMP
2021-12-21 06:15:00,,ICETMP
2021-12-21 06:30:00,,ICETMP
2021-12-21 06:45:00,,ICETMP
2021-12-21 07:00:00,,ICETMP
2021-12-21 07:15:00,,ICETMP
2021-12-21 07:30:00,,ICETMP
2021-12-21 07:45:00,,ICETMP
2021-12-21 08:00:00,,ICETMP
2021-12-21 08:15:00,,ICETMP
2021-12-21 08:30:00,,ICETMP
2021-12-21 08:45:00,,ICETMP
2021-12-21 09:00:00,,ICETMP
2021-12-21 09:15:00,,ICETMP
2021-12-21 09:30:00,,ICETMP
2021-12-21 09:45:00,,ICETMP
2021-12-21 10:00:00,,ICETMP
2021-12-21 10:15:00,,ICETMP
2021-12-21 10:30:00,,ICETMP
2021-12-21 10:45:00,,ICETMP
2021-12-21 11:00:00,,ICETMP
2021-12-21 11:15:00,,ICETMP
2021-12-21 11:30:00,,ICETMP
2021-12-21 11:45:00,,ICETMP
2021-12-21 12:00:00,,ICETMP
2021-12-21 12:15:00,,ICETMP
2021-12-21 12:30:00,,ICETMP
2021-12-21 12:45:00,,ICETMP
2021-12-21 13:00:00,,ICETMP
2021-12-21 13:15:00,,ICETMP
2021-12-21 13:30:00,,ICETMP
2021-12-21 13:45:00,,ICETMP
2021-12-21 14:00:00,,ICETMP
2021-12-21 14:15:00,,ICETMP
2021-12-21 14:30:00,,ICETMP
2021-12-21 14:45:00,,ICETMP
2021-12-21 15:00:00,,ICETMP
2021-12-21 15:15:00,,ICETMP
2021-12-21 15:30:00,,ICETMP
2021-12-21 15:45:00,,ICETMP
2021-12-21 16:00:00,,ICETMP
2021-12-21 16:15:00,,ICETMP
2021-12-21 16:30:00,,ICETMP
2021-12-21 16:45:00,,ICETMP
2021-12-21 17:00:00,,ICETMP
2021-12-21 17:15:00,,ICETMP
2021-12-21 17:30:00,,ICETMP
2021-12-21 17:45:00,,ICETMP
2021-12-21 18:00:00,,ICETMP
2021-12-21 18:15:00,,ICETMP
2021-12-21 18:30:00,,ICETMP
2021-12-21 18:45:00,,ICETMP
2021-12-21 19:00:00,,ICETMP
2021-12-21 19:15:00,,ICETMP
2021-12-21 19:30:00,,ICETMP
2021-12-21 19:45:00,,ICETMP
2021-12-21 20:00:00,,ICETMP
2021-12-21 20:15:00,,ICETMP
2021-12-21 20:30:00,,ICETMP
2021-12-21 20:45:00,,ICETMP
2021-12-21 21:00:00,,ICETMP
2021-12-21 21:15:00,,ICETMP
2021-12-21 21:30:00,,ICETMP
2021-12-21 21:45:00,,ICETMP
2021-12-21 22:00:00,,ICETMP
2021-12-21 22:15:00,,ICETMP
2021-12-21 22:30:00,,ICETMP
2021-12-21 22:45:00,,ICETMP
2021-12-21 23:00:00,,ICETMP
2021-12-21 23:15:00,,ICETMP
2021-12-21 23:30:00,,ICETMP
2021-12-21 23:45:00,,ICETMP
2021-12-22 00:00:00,,ICETMP
2021-12-22 00:15:00,,ICETMP
2021-12-22 00:30:00,,ICETMP
2021-12-22 00:45:00,,ICETMP
2021-12-22 01:00:00,,ICETMP
2021-12-22 01:15:00,,ICETMP
2021-12-22 01:30:00,,ICETMP
2021-12-22 01:45:00,,ICETMP
2021-12-22 02:00:00,,ICETMP
2021-12-22 02:15:00,,ICETMP
2021-12-22 02:30:00,,ICETMP
2021-12-22 02:45:00,,ICETMP
2021-12-22 03:00:00,,ICETMP
2021-12-22 03:15:00,,ICETMP
2021-12-22 03:30:00,,ICETMP
2021-12-22 03:45:00,,ICETMP
2021-12-22 04:00:00,,ICETMP
2021-12-22 04:15:00,,ICETMP
2021-12-22 04:30:00,,ICETMP
2021-12-22 04:45:00,,ICETMP
2021-12-22 05:00:00,,ICETMP
2021-12-22 05:15:00,,ICETMP
2021-12-22 05:30:00,,ICETMP
2021-12-22 05:45:00,,ICETMP
2021-12-22 06:00:00,,ICETMP
2021-12-22 06:15:00,,ICETMP
2021-12-22 06:30:00,,ICETMP
2021-12-22 06:45:00,,ICETMP
2021-12-22 07:00:00,,ICETMP
2021-12-22 07:15:00,,ICETMP
2021-12-22 07:30:00,,ICETMP
2021-12-22 07:45:00,,ICETMP
2021-12-22 08:00:00,,ICETMP
2021-12-22 08:15:00,,ICETMP
2021-12-22 08:30:00,,ICETMP
2021-12-22 08:45:00,,ICETMP
2021-12-22 09:00:00,,ICETMP
2021-12-22 09:15:00,,ICETMP
2021-12-22 09:30:00,,ICETMP
2021-12-22 09:45:00,,ICETMP
2021-12-22 10:00:00,,ICETMP
2021-12-22 10:15:00,,ICETMP
2021-12-22 10:30:00,,ICETMP
2021-12-22 10:45:00,,ICETMP
2021-12-22 11:00:00,,ICETMP
2021-12-22 11:15:00,,ICETMP
2021-12-22 11:30:00,,ICETMP
2021-12-22 11:45:00,,ICETMP
2021-12-22 12:00:00,,ICETMP
2021-12-22 12:15:00,,ICETMP
2021-12-22 12:30:00,,ICETMP
2021-12-22 12:45:00,,ICETMP
2021-12-22 13:00:00,,ICETMP
2021-12-22 13:15:00,,ICETMP
2021-12-22 13:30:00,,ICETMP
2021-12-22 13:45:00,,ICETMP
2021-12-22 14:00:00,,ICETMP
2021-12-22 14:15:00,,ICETMP
2021-12-22 14:30:00,,ICETMP
2021-12-22 14:45:00,,ICETMP
2021-12-22 15:00:00,,ICETMP
2021-12-22 15:15:00,,ICETMP
2021-12-22 15:30:00,,ICETMP
2021-12-22 15:45:00,,ICETMP
2021-12-22 16:00:00,,ICETMP
2021-12-22 16:15:00,,ICETMP
2021-12-22 16:30:00,,ICETMP
2021-12-22 16:45:00,,ICETMP
2021-12-22 17:00:00,,ICETMP
2021-12-22 17:15:00,,ICETMP
2021-12-22 17:30:00,,ICETMP
2021-12-22 17:45:00,,ICETMP
2021-12-22 18:00:00,,ICETMP
2021-12-22 18:15:00,,ICETMP
2021-12-22 18:30:00,,ICETMP
2021-12-22 18:45:00,,ICETMP
2021-12-22 19:00:00,,ICETMP
2021-12-22 19:15:00,,ICETMP
2021-12-22 19:30:00,,ICETMP
2021-12-22 19:45:00,,ICETMP
2021-12-22 20:00:00,,ICETMP
2021-12-22 20:15:00,,ICETMP
2021-12-22 20:30:00,,ICETMP
2021-12-22 20:45:00,,ICETMP
2021-12-22 21:00:00,,ICETMP
2021-12-22 21:15:00,,ICETMP
2021-12-22 21:30:00,,ICETMP
2021-12-22 21:45:00,,ICETMP
2021-12-22 22:00:00,,ICETMP
2021-12-22 22:15:00,,ICETMP
2021-12-22 22:30:00,,ICETMP
2021-12-22 22:45:00,,ICETMP
2021-12-22 23:00:00,,ICETMP
2021-12-22 23:15:00,,ICETMP
2021-12-22 23:30:00,,ICETMP
2021-12-22 23:45:00,,ICETMP
2021-12-23 00:00:00,,ICETMP
2021-12-23 00:15:00,,ICETMP
2021-12-23 00:30:00,,ICETMP
2021-12-23 00:45:00,,ICETMP
2021-12-23 01:00:00,,ICETMP
2021-12-23 01:15:00,,ICETMP
2021-12-23 01:30:00,,ICETMP
2021-12-23 01:45:00,,ICETMP
2021-12-23 02:00:00,,ICETMP
2021-12-23 02:15:00,,ICETMP
2021-12-23 02:30:00,,ICETMP
2021-12-23 02:45:00,,ICETMP
2021-12-23 03:00:00,,ICETMP
2021-12-23 03:15:00,,ICETMP
2021-12-23 03:30:00,,ICETMP
2021-12-23 03:45:00,,ICETMP
2021-12-23 04:00:00,,ICETMP
2021-12-23 04:15:00,,ICETMP
2021-12-23 04:30:00,,ICETMP
2021-12-23 04:45:00,,ICETMP
2021-12-23 05:00:00,,ICETMP
2021-12-23 05:15:00,,ICETMP
2021-12-23 05:30:00,,ICETMP
2021-12-23 05:45:00,,ICETMP
2021-12-23 06:00:00,,ICETMP
2021-12-23 06:15:00,,ICETMP
2021-12-23 06:30:00,,ICETMP
2021-12-23 06:45:00,,ICETMP
2021-12-23 07:00:00,,ICETMP
2021-12-23 07:15:00,,ICETMP
2021-12-23 07:30:00,,ICETMP
2021-12-23 07:45:00,,ICETMP
2021-12-23 08:00:00,,ICETMP
2021-12-23 08:15:00,,ICETMP
2021-12-23 08:30:00,,ICETMP
2021-12-23 08:45:00,,ICETMP
2021-12-23 09:00:00,,ICETMP
2021-12-23 09:15:00,,ICETMP
2021-12-23 09:30:00,,ICETMP
2021-12-23 09:45:00,,ICETMP
2021-12-23 10:00:00,,ICETMP
2021-12-23 10:15:00,,ICETMP
2021-12-23 10:30:00,,ICETMP
2021-12-23 10:45:00,,ICETMP
2021-12-23 11:00:00,,ICETMP
2021-12-23 11:15:00,,ICETMP
2021-12-23 11:30:00,,ICETMP
2021-12-23 11:45:00,,ICETMP
2021-12-23 12:00:00,,ICETMP
2021-12-23 12:15:00,,ICETMP
2021-12-23 12:30:00,,ICETMP
2021-12-23 12:45:00,,ICETMP
2021-12-23 13:00:00,,ICETMP
2021-12-23 13:15:00,,ICETMP
2021-12-23 13:30:00,,ICETMP
2021-12-23 13:45:00,,ICETMP
2021-12-23 14:00:00,,ICETMP
2021-12-23 14:15:00,,ICETMP
2021-12-23 14:30:00,,ICETMP
2021-12-23 14:45:00,,ICETMP
2021-12-23 15:00:00,,ICETMP
2021-12-23 15:15:00,,ICETMP
2021-12-23 15:30:00,,ICETMP
2021-12-23 15:45:00,,ICETMP
2021-12-23 16:00:00,,ICETMP
2021-12-23 16:15:00,,ICETMP
2021-12-23 16:30:00,,ICETMP
2021-12-23 16:45:00,,ICETMP
2021-12-23 17:00:00,,ICETMP
2021-12-23 17:15:00,,ICETMP
2021-12-23 17:30:00,,ICETMP
2021-12-23 17:45:00,,ICETMP
2021-12-23 18:00:00,,ICETMP
2021-12-23 18:15:00,,ICETMP
2021-12-23 18:30:00,,ICETMP
2021-12-23 18:45:00,,ICETMP
2021-12-23 19:00:00,,ICETMP
2021-12-23 19:15:00,,ICETMP
2021-12-23 19:30:00,,ICETMP
2021-12-23 19:45:00,,ICETMP
2021-12-23 20:00:00,,ICETMP
2021-12-23 20:15:00,,ICETMP
2021-12-23 20:30:00,,ICETMP
2021-12-23 20:45:00,,ICETMP
2021-12-23 21:00:00,,ICETMP
2021-12-23 21:15:00,,ICETMP
2021-12-23 21:30:00,,ICETMP
2021-12-23 21:45:00,,ICETMP
2021-12-23 22:00:00,,ICETMP
2021-12-23 22:15:00,,ICETMP
2021-12-23 22:30:00,,ICETMP
2021-12-23 22:45:00,,ICETMP
2021-12-23 23:00:00,,ICETMP
2021-12-23 23:15:00,,ICETMP
2021-12-23 23:30:00,,ICETMP
2021-12-23 23:45:00,,ICETMP
2021-12-24 00:00:00,,ICETMP
2021-12-24 00:15:00,,ICETMP
2021-12-24 00:30:00,,ICETMP
2021-12-24 00:45:00,,ICETMP
2021-12-24 01:00:00,,ICETMP
2021-12-24 01:15:00,,ICETMP
2021-12-24 01:30:00,,ICETMP
2021-12-24 01:45:00,,ICETMP
2021-12-24 02:00:00,,ICETMP
2021-12-24 02:15:00,,ICETMP
2021-12-24 02:30:00,,ICETMP
2021-12-24 02:45:00,,ICETMP
2021-12-24 03:00:00,,ICETMP
2021-12-24 03:15:00,,ICETMP
2021-12-24 03:30:00,,ICETMP
2021-12-24 03:45:00,,ICETMP
2021-12-24 04:00:00,,ICETMP
2021-12-24 04:15:00,,ICETMP
2021-12-24 04:30:00,,ICETMP
2021-12-24 04:45:00,,ICETMP
2021-12-24 05:00:00,,ICETMP
2021-12-24 05:15:00,,ICETMP
2021-12-24 05:30:00,,ICETMP
2021-12-24 05:45:00,,ICETMP
2021-12-24 06:00:00,,ICETMP
2021-12-24 06:15:00,,ICETMP
2021-12-24 06:30:00,,ICETMP
2021-12-24 06:45:00,,ICETMP
2021-12-24 07:00:00,,ICETMP
2021-12-24 07:15:00,,ICETMP
2021-12-24 07:30:00,,ICETMP
2021-12-24 07:45:00,,ICETMP
2021-12-24 08:00:00,,ICETMP
2021-12-24 08:15:00,,ICETMP
2021-12-24 08:30:00,,ICETMP
2021-12-24 08:45:00,,ICETMP
2021-12-24 09:00:00,,ICETMP
2021-12-24 09:15:00,,ICETMP
2021-12-24 09:30:00,,ICETMP
2021-12-24 09:45:00,,ICETMP
2021-12-24 10:00:00,,ICETMP
2021-12-24 10:15:00,,ICETMP
2021-12-24 10:30:00,,ICETMP
2021-12-24 10:45:00,,ICETMP
2021-12-24 11:00:00,,ICETMP
2021-12-24 11:15:00,,ICETMP
2021-12-24 11:30:00,,ICETMP
2021-12-24 11:45:00,,ICETMP
2021-12-24 12:00:00,,ICETMP
2021-12-24 12:15:00,,ICETMP
2021-12-24 12:30:00,,ICETMP
2021-12-24 12:45:00,,ICETMP
2021-12-24 13:00:00,,ICETMP
2021-12-24 13:15:00,,ICETMP
2021-12-24 13:30:00,,ICETMP
2021-12-24 13:45:00,,ICETMP
2021-12-24 14:00:00,,ICETMP
2021-12-24 14:15:00,,ICETMP
2021-12-24 14:30:00,,ICETMP
2021-12-24 14:45:00,,ICETMP
2021-12-24 15:00:00,,ICETMP
2021-12-24 15:15:00,,ICETMP
2021-12-24 15:30:00,,ICETMP
2021-12-24 15:45:00,,ICETMP
2021-12-24 16:00:00,,ICETMP
2021-12-24 16:15:00,,ICETMP
2021-12-24 16:30:00,,ICETMP
2021-12-24 16:45:00,,ICETMP
2021-12-24 17:00:00,,ICETMP
2021-12-24 17:15:00,,ICETMP
2021-12-24 17:30:00,,ICETMP
2021-12-24 17:45:00,,ICETMP
2021-12-24 18:00:00,,ICETMP
2021-12-24 18:15:00,,ICETMP
2021-12-24 18:30:00,,ICETMP
2021-12-24 18:45:00,,ICETMP
2021-12-24 19:00:00,,ICETMP
2021-12-24 19:15:00,,ICETMP
2021-12-24 19:30:00,,ICETMP
2021-12-24 19:45:00,,ICETMP
2021-12-24 20:00:00,,ICETMP
2021-12-24 20:15:00,,ICETMP
2021-12-24 20:30:00,,ICETMP
2021-12-24 20:45:00,,ICETMP
2021-12-24 21:00:00,,ICETMP
2021-12-24 21:15:00,,ICETMP
2021-12-24 21:30:00,,ICETMP
2021-12-24 21:45:00,,ICETMP
2021-12-24 22:00:00,,ICETMP
2021-12-24 22:15:00,,ICETMP
2021-12-24 22:30:00,,ICETMP
2021-12-24 22:45:00,,ICETMP
2021-12-24 23:00:00,,ICETMP
2021-12-24 23:15:00,,ICETMP
2021-12-24 23:30:00,,ICETMP
2021-12-24 23:45:00,,ICETMP
2021-12-25 00:00:00,,ICETMP
2021-12-25 00:15:00,,ICETMP
2021-12-25 00:30:00,,ICETMP
2021-12-25 00:45:00,,ICETMP
2021-12-25 01:00:00,,ICETMP
2021-12-25 01:15:00,,ICETMP
2021-12-25 01:30:00,,ICETMP
2021-12-25 01:45:00,,ICETMP
2021-12-25 02:00:00,,ICETMP
2021-12-25 02:15:00,,ICETMP
2021-12-25 02:30:00,,ICETMP
2021-12-25 02:45:00,,ICETMP
2021-12-25 03:00:00,,ICETMP
2021-12-25 03:15:00,,ICETMP
2021-12-25 03:30:00,,ICETMP
2021-12-25 03:45:00,,ICETMP
2021-12-25 04:00:00,,ICETMP
2021-12-25 04:15:00,,ICETMP
2021-12-25 04:30:00,,ICETMP
2021-12-25 04:45:00,,ICETMP
2021-12-25 05:00:00,,ICETMP
2021-12-25 05:15:00,,ICETMP
2021-12-25 05:30:00,,ICETMP
2021-12-25 05:45:00,,ICETMP
2021-12-25 06:00:00,,ICETMP
2021-12-25 06:15:00,,ICETMP
2021-12-25 06:30:00,,ICETMP
2021-12-25 06:45:00,,ICETMP
2021-12-25 07:00:00,,ICETMP
2021-12-25 07:15:00,,ICETMP
2021-12-25 07:30:00,,ICETMP
2021-12-25 07:45:00,,ICETMP
2021-12-25 08:00:00,,ICETMP
2021-12-25 08:15:00,,ICETMP
2021-12-25 08:30:00,,ICETMP
2021-12-25 08:45:00,,ICETMP
2021-12-25 09:00:00,,ICETMP
2021-12-25 09:15:00,,ICETMP
2021-12-25 09:30:00,,ICETMP
2021-12-25 09:45:00,,ICETMP
2021-12-25 10:00:00,,ICETMP
2021-12-25 10:15:00,,ICETMP
2021-12-25 10:30:00,,ICETMP
2021-12-25 10:45:00,,ICETMP
2021-12-25 11:00:00,,ICETMP
2021-12-25 11:15:00,,ICETMP
2021-12-25 11:30:00,,ICETMP
2021-12-25 11:45:00,,ICETMP
2021-12-25 12:00:00,,ICETMP
2021-12-25 12:15:00,,ICETMP
2021-12-25 12:30:00,,ICETMP
2021-12-25 12:45:00,,ICETMP
2021-12-25 13:00:00,,ICETMP
2021-12-25 13:15:00,,ICETMP
2021-12-25 13:30:00,,ICETMP
2021-12-25 13:45:00,,ICETMP
2021-12-25 14:00:00,,ICETMP
2021-12-25 14:15:00,,ICETMP
2021-12-25 14:30:00,,ICETMP
2021-12-25 14:45:00,,ICETMP
2021-12-25 15:00:00,,ICETMP
2021-12-25 15:15:00,,ICETMP
2021-12-25 15:30:00,,ICETMP
2021-12-25 15:45:00,,ICETMP
2021-12-25 16:00:00,,ICETMP
2021-12-25 16:15:00,,ICETMP
2021-12-25 16:30:00,,ICETMP
2021-12-25 16:45:00,,ICETMP
2021-12-25 17:00:00,,ICETMP
2021-12-25 17:15:00,,ICETMP
2021-12-25 17:30:00,,ICETMP
2021-12-25 17:45:00,,ICETMP
2021-12-25 18:00:00,,ICETMP
2021-12-25 18:15:00,,ICETMP
2021-12-25 18:30:00,,ICETMP
2021-12-25 18:45:00,,ICETMP
2021-12-25 19:00:00,,ICETMP
2021-12-25 19:15:00,,ICETMP
2021-12-25 19:30:00,,ICETMP
2021-12-25 19:45:00,,ICETMP
2021-12-25 20:00:00,,ICETMP
2021-12-25 20:15:00,,ICETMP
2021-12-25 20:30:00,,ICETMP
2021-12-25 20:45:00,,ICETMP
2021-12-25 21:00:00,,ICETMP
2021-12-25 21:15:00,,ICETMP
2021-12-25 21:30:00,,ICETMP
2021-12-25 21:45:00,,ICE
2021-12-25 22:00:00,,ICE
2021-12-25 22:15:00,,ICE
2021-12-25 22:30:00,,ICE
2021-12-25 22:45:00,,ICE
2021-12-25 23:00:00,,ICE
2021-12-25 23:15:00,,ICE
2021-12-25 23:30:00,,ICE
2021-12-25 23:45:00,,ICE
2021-12-26 00:00:00,,ICE
2021-12-26 00:15:00,,ICE
2021-12-26 00:30:00,,ICE
2021-12-26 00:45:00,,ICE
2021-12-26 01:00:00,,ICE
2021-12-26 01:15:00,,ICE
2021-12-26 01:30:00,,ICE
2021-12-26 01:45:00,,ICE
2021-12-26 02:00:00,,ICE
2021-12-26 02:15:00,,ICE
2021-12-26 02:30:00,,ICE
2021-12-26 02:45:00,,ICE
2021-12-26 03:00:00,,ICE
2021-12-26 03:15:00,,ICE
2021-12-26 03:30:00,,ICE
2021-12-26 03:45:00,,ICE
2021-12-26 04:00:00,,ICE
2021-12-26 04:15:00,,ICE
2021-12-26 04:30:00,,ICE
2021-12-26 04:45:00,,ICE
2021-12-26 05:00:00,,ICE
2021-12-26 05:15:00,,ICE
2021-12-26 05:30:00,,ICE
2021-12-26 05:45:00,,ICE
2021-12-26 06:00:00,,ICE
2021-12-26 06:15:00,,ICE
2021-12-26 06:30:00,,ICE
2021-12-26 06:45:00,,ICE
2021-12-26 07:00:00,,ICE
2021-12-26 07:15:00,,ICE
2021-12-26 07:30:00,,ICE
2021-12-26 07:45:00,,ICE
2021-12-26 08:00:00,,ICE
2021-12-26 08:15:00,,ICE
2021-12-26 08:30:00,,ICE
2021-12-26 08:45:00,,ICE
2021-12-26 09:00:00,,ICE
2021-12-26 09:15:00,,ICE
2021-12-26 09:30:00,,ICE
2021-12-26 09:45:00,,ICE
2021-12-26 10:00:00,,ICE
2021-12-26 10:15:00,,ICE
2021-12-26 10:30:00,,ICE
2021-12-26 10:45:00,,ICE
2021-12-26 11:00:00,,ICE
2021-12-26 11:15:00,,ICE
2021-12-26 11:30:00,,ICE
2021-12-26 11:45:00,,ICE
2021-12-26 12:00:00,,ICE
2021-12-26 12:15:00,,ICE
2021-12-26 12:30:00,,ICE
2021-12-26 12:45:00,,ICE
2021-12-26 13:00:00,,ICE
2021-12-26 13:15:00,,ICE
2021-12-26 13:30:00,,ICE
2021-12-26 13:45:00,,ICE
2021-12-26 14:00:00,,ICE
2021-12-26 14:15:00,,ICE
2021-12-26 14:30:00,,ICE
2021-12-26 14:45:00,,ICE
2021-12-26 15:00:00,,ICE
2021-12-26 15:15:00,,ICE
2021-12-26 15:30:00,,ICE
2021-12-26 15:45:00,,ICE
2021-12-26 16:00:00,,ICE
2021-12-26 16:15:00,,ICE
2021-12-26 16:30:00,,ICE
2021-12-26 16:45:00,,ICE
2021-12-26 17:00:00,,ICE
2021-12-26 17:15:00,,ICE
2021-12-26 17:30:00,,ICE
2021-12-26 17:45:00,,ICE
2021-12-26 18:00:00,,ICE
2021-12-26 18:15:00,,ICE
2021-12-26 18:30:00,,ICE
2021-12-26 18:45:00,,ICE
2021-12-26 19:00:00,,ICE
2021-12-26 19:15:00,,ICE
2021-12-26 19:30:00,,ICE
2021-12-26 19:45:00,,ICE
2021-12-26 20:00:00,,ICE
2021-12-26 20:15:00,,ICE
2021-12-26 20:30:00,,ICE
2021-12-26 20:45:00,,ICE
2021-12-26 21:00:00,,ICE
2021-12-26 21:15:00,,ICE
2021-12-26 21:30:00,,ICE
2021-12-26 21:45:00,,ICE
2021-12-26 22:00:00,,ICE
2021-12-26 22:15:00,,ICE
2021-12-26 22:30:00,,ICE
2021-12-26 22:45:00,,ICE
2021-12-26 23:00:00,,ICE
2021-12-26 23:15:00,,ICE
2021-12-26 23:30:00,,ICE
2021-12-26 23:45:00,,ICE
2021-12-27 00:00:00,,ICE
2021-12-27 00:15:00,,ICE
2021-12-27 00:30:00,,ICE
2021-12-27 00:45:00,,ICE
2021-12-27 01:00:00,,ICE
2021-12-27 01:15:00,,ICE
2021-12-27 01:30:00,,ICE
2021-12-27 01:45:00,,ICE
2021-12-27 02:00:00,,ICE
2021-12-27 02:15:00,,ICE
2021-12-27 02:30:00,,ICE
2021-12-27 02:45:00,,ICE
2021-12-27 03:00:00,,ICE
2021-12-27 03:15:00,,ICE
2021-12-27 03:30:00,,ICE
2021-12-27 03:45:00,,ICE
2021-12-27 04:00:00,,ICE
2021-12-27 04:15:00,,ICE
2021-12-27 04:30:00,,ICE
2021-12-27 04:45:00,,ICE
2021-12-27 05:00:00,,ICE
2021-12-27 05:15:00,,ICE
2021-12-27 05:30:00,,ICE
2021-12-27 05:45:00,,ICE
2021-12-27 06:00:00,,ICE
2021-12-27 06:15:00,,ICE
2021-12-27 06:30:00,,ICE
2021-12-27 06:45:00,,ICE
2021-12-27 07:00:00,,ICE
2021-12-27 07:15:00,,ICE
2021-12-27 07:30:00,,ICE
2021-12-27 07:45:00,,ICE
2021-12-27 08:00:00,,ICE
2021-12-27 08:15:00,,ICE
2021-12-27 08:30:00,,ICE
2021-12-27 08:45:00,,ICE
2021-12-27 09:00:00,,ICE
2021-12-27 09:15:00,,ICE
2021-12-27 09:30:00,,ICE
2021-12-27 09:45:00,,ICE
2021-12-27 10:00:00,,ICE
2021-12-27 10:15:00,,ICE
2021-12-27 10:30:00,,ICE
2021-12-27 10:45:00,,ICE
2021-12-27 11:00:00,,ICE
2021-12-27 11:15:00,,ICE
2021-12-27 11:30:00,,ICE
2021-12-27 11:45:00,,ICE
2021-12-27 12:00:00,,ICE
2021-12-27 12:15:00,,ICE
2021-12-27 12:30:00,,ICE
2021-12-27 12:45:00,,ICE
2021-12-27 13:00:00,,ICE
2021-12-27 13:15:00,,ICE
2021-12-27 13:30:00,,ICE
2021-12-27 13:45:00,,ICE
2021-12-27 14:00:00,,ICE
2021-12-27 14:15:00,,ICE
2021-12-27 14:30:00,,ICE
2021-12-27 14:45:00,,ICE
2021-12-27 15:00:00,,ICE
2021-12-27 15:15:00,,ICE
2021-12-27 15:30:00,,ICE
2021-12-27 15:45:00,,ICE
2021-12-27 16:00:00,,ICE
2021-12-27 16:15:00,,ICE
2021-12-27 16:30:00,,ICE
2021-12-27 16:45:00,,ICE
2021-12-27 17:00:00,,ICE
2021-12-27 17:15:00,,ICE
2021-12-27 17:30:00,,ICE
2021-12-27 17:45:00,,ICE
2021-12-27 18:00:00,,ICE
2021-12-27 18:15:00,,ICE
2021-12-27 18:30:00,,ICE
2021-12-27 18:45:00,,ICE
2021-12-27 19:00:00,,ICE
2021-12-27 19:15:00,,ICE
2021-12-27 19:30:00,,ICE
2021-12-27 19:45:00,,ICE
2021-12-27 20:00:00,,ICE
2021-12-27 20:15:00,,ICE
2021-12-27 20:30:00,,ICE
2021-12-27 20:45:00,,ICE
2021-12-27 21:00:00,,ICE
2021-12-27 21:15:00,,ICE
2021-12-27 21:30:00,,ICE
2021-12-27 21:45:00,,ICE
2021-12-27 22:00:00,,ICE
2021-12-27 22:15:00,,ICE
2021-12-27 22:30:00,,ICE
2021-12-27 22:45:00,,ICE
2021-12-27 23:00:00,,ICE
2021-12-27 23:15:00,,ICE
2021-12-27 23:30:00,,ICE
2021-12-27 23:45:00,,ICE
2021-12-28 00:00:00,,ICE
2021-12-28 00:15:00,,ICE
2021-12-28 00:30:00,,ICE
2021-12-28 00:45:00,,ICE
2021-12-28 01:00:00,,ICE
2021-12-28 01:15:00,,ICE
2021-12-28 01:30:00,,ICE
2021-12-28 01:45:00,,ICE
2021-12-28 02:00:00,,ICE
2021-12-28 02:15:00,,ICE
2021-12-28 02:30:00,,ICE
2021-12-28 02:45:00,,ICE
2021-12-28 03:00:00,,ICE
2021-12-28 03:15:00,,ICE
2021-12-28 03:30:00,,ICE
2021-12-28 03:45:00,,ICE
2021-12-28 04:00:00,,ICE
2021-12-28 04:15:00,,ICE
2021-12-28 04:30:00,,ICE
2021-12-28 04:45:00,,ICE
2021-12-28 05:00:00,,ICE
2021-12-28 05:15:00,,ICE
2021-12-28 05:30:00,,ICE
2021-12-28 05:45:00,,ICE
2021-12-28 06:00:00,,ICE
2021-12-28 06:15:00,,ICE
2021-12-28 06:30:00,,ICE
2021-12-28 06:45:00,,ICE
2021-12-28 07:00:00,,ICE
2021-12-28 07:15:00,,ICE
2021-12-28 07:30:00,,ICE
2021-12-28 07:45:00,,ICE
2021-12-28 08:00:00,,ICE
2021-12-28 08:15:00,,ICE
2021-12-28 08:30:00,,ICE
2021-12-28 08:45:00,,ICE
2021-12-28 09:00:00,,ICE
2021-12-28 09:15:00,,ICE
2021-12-28 09:30:00,,ICE
2021-12-28 09:45:00,,ICE
2021-12-28 10:00:00,,ICE
2021-12-28 10:15:00,,ICE
2021-12-28 10:30:00,,ICE
2021-12-28 10:45:00,,ICE
2021-12-28 11:00:00,,ICE
2021-12-28 11:15:00,,ICE
2021-12-28 11:30:00,,ICE
2021-12-28 11:45:00,,ICE
2021-12-28 12:00:00,,ICE
2021-12-28 12:15:00,,ICE
2021-12-28 12:30:00,,ICE
2021-12-28 12:45:00,,ICE
2021-12-28 13:00:00,,ICE
2021-12-28 13:15:00,,ICE
2021-12-28 13:30:00,,ICE
2021-12-28 13:45:00,,ICE
2021-12-28 14:00:00,,ICE
2021-12-28 14:15:00,,ICE
2021-12-28 14:30:00,,ICE
2021-12-28 14:45:00,,ICE
2021-12-28 15:00:00,,ICE
2021-12-28 15:15:00,,ICE
2021-12-28 15:30:00,,ICE
2021-12-28 15:45:00,,ICE
2021-12-28 16:00:00,,ICE
2021-12-28 16:15:00,,ICE
2021-12-28 16:30:00,,ICE
2021-12-28 16:45:00,,ICE
2021-12-28 17:00:00,,ICE
2021-12-28 17:15:00,,ICE
2021-12-28 17:30:00,,ICE
2021-12-28 17:45:00,,ICE
2021-12-28 18:00:00,,ICE
2021-12-28 18:15:00,,ICE
2021-12-28 18:30:00,,ICE
2021-12-28 18:45:00,,ICE
2021-12-28 19:00:00,,ICE
2021-12-28 19:15:00,,ICE
2021-12-28 19:30:00,,ICE
2021-12-28 19:45:00,,ICE
2021-12-28 20:00:00,,ICE
2021-12-28 20:15:00,,ICE
2021-12-28 20:30:00,,ICE
2021-12-28 20:45:00,,ICE
2021-12-28 21:00:00,,ICE
2021-12-28 21:15:00,,ICE
2021-12-28 21:30:00,,ICE
2021-12-28 21:45:00,,ICE
2021-12-28 22:00:00,,ICE
2021-12-28 22:15:00,,ICE
2021-12-28 22:30:00,,ICE
2021-12-28 22:45:00,,ICE
2021-12-28 23:00:00,,ICE
2021-12-28 23:15:00,,ICE
2021-12-28 23:30:00,,ICE
2021-12-28 23:45:00,,ICE
2021-12-29 00:00:00,,ICE
2021-12-29 00:15:00,,ICE
2021-12-29 00:30:00,,ICE
2021-12-29 00:45:00,,ICE
2021-12-29 01:00:00,,ICE
2021-12-29 01:15:00,,ICE
2021-12-29 01:30:00,,ICE
2021-12-29 01:45:00,,ICE
2021-12-29 02:00:00,,ICE
2021-12-29 02:15:00,,ICE
2021-12-29 02:30:00,,ICE
2021-12-29 02:45:00,,ICE
2021-12-29 03:00:00,,ICE
2021-12-29 03:15:00,,ICE
2021-12-29 03:30:00,,ICE
2021-12-29 03:45:00,,ICE
2021-12-29 04:00:00,,ICE
2021-12-29 04:15:00,,ICE
2021-12-29 04:30:00,,ICE
2021-12-29 04:45:00,,ICE
2021-12-29 05:00:00,,ICE
2021-12-29 05:15:00,,ICE
2021-12-29 05:30:00,,ICE
2021-12-29 05:45:00,,ICE
2021-12-29 06:00:00,,ICE
2021-12-29 06:15:00,,ICE
2021-12-29 06:30:00,,ICE
2021-12-29 06:45:00,,ICE
2021-12-29 07:00:00,,ICE
2021-12-29 07:15:00,,ICE
2021-12-29 07:30:00,,ICE
2021-12-29 07:45:00,,ICE
2021-12-29 08:00:00,,ICE
2021-12-29 08:15:00,,ICE
2021-12-29 08:30:00,,ICE
2021-12-29 08:45:00,,ICE
2021-12-29 09:00:00,,ICE
2021-12-29 09:15:00,,ICE
2021-12-29 09:30:00,,ICE
2021-12-29 09:45:00,,ICE
2021-12-29 10:00:00,,ICE
2021-12-29 10:15:00,,ICE
2021-12-29 10:30:00,,ICE
2021-12-29 10:45:00,,ICE
2021-12-29 11:00:00,,ICE
2021-12-29 11:15:00,,ICE
2021-12-29 11:30:00,,ICE
2021-12-29 11:45:00,,ICE
2021-12-29 12:00:00,,ICE
2021-12-29 12:15:00,,ICE
2021-12-29 12:30:00,,ICE
2021-12-29 12:45:00,,ICE
2021-12-29 13:00:00,,ICE
2021-12-29 13:15:00,,ICE
2021-12-29 13:30:00,,ICE
2021-12-29 13:45:00,,ICE
2021-12-29 14:00:00,,ICE
2021-12-29 14:15:00,,ICE
2021-12-29 14:30:00,,ICE
2021-12-29 14:45:00,,ICE
2021-12-29 15:00:00,,ICE
2021-12-29 15:15:00,,ICE
2021-12-29 15:30:00,,ICE
2021-12-29 15:45:00,,ICE
2021-12-29 16:00:00,,ICE
2021-12-29 16:15:00,,ICE
2021-12-29 16:30:00,,ICE
2021-12-29 16:45:00,,ICE
2021-12-29 17:00:00,,ICE
2021-12-29 17:15:00,,ICE
2021-12-29 17:30:00,,ICE
2021-12-29 17:45:00,,ICE
2021-12-29 18:00:00,,ICE
2021-12-29 18:15:00,,ICE
2021-12-29 18:30:00,,ICE
2021-12-29 18:45:00,,ICE
2021-12-29 19:00:00,,ICE
2021-12-29 19:15:00,,ICE
2021-12-29 19:30:00,,ICE
2021-12-29 19:45:00,,ICE
2021-12-29 20:00:00,,ICE
2021-12-29 20:15:00,,ICE
2021-12-29 20:30:00,,ICE
2021-12-29 20:45:00,,ICE
2021-12-29 21:00:00,,ICE
2021-12-29 21:15:00,,ICE
2021-12-29 21:30:00,,ICE
2021-12-29 21:45:00,,ICE
2021-12-29 22:00:00,,ICE
2021-12-29 22:15:00,,ICE
2021-12-29 22:30:00,,ICE
2021-12-29 22:45:00,,ICE
2021-12-29 23:00:00,,ICE
2021-12-29 23:15:00,,ICE
2021-12-29 23:30:00,,ICE
2021-12-29 23:45:00,,ICE
2021-12-30 00:00:00,,ICE
2021-12-30 00:15:00,,ICE
2021-12-30 00:30:00,,ICE
2021-12-30 00:45:00,,ICE
2021-12-30 01:00:00,,ICE
2021-12-30 01:15:00,,ICE
2021-12-30 01:30:00,,ICE
2021-12-30 01:45:00,,ICE
2021-12-30 02:00:00,,ICE
2021-12-30 02:15:00,,ICE
2021-12-30 02:30:00,,ICE
2021-12-30 02:45:00,,ICE
2021-12-30 03:00:00,,ICE
2021-12-30 03:15:00,,ICE
2021-12-30 03:30:00,,ICE
2021-12-30 03:45:00,,ICE
2021-12-30 04:00:00,,ICE
2021-12-30 04:15:00,,ICE
2021-12-30 04:30:00,,ICE
2021-12-30 04:45:00,,ICE
2021-12-30 05:00:00,,ICE
2021-12-30 05:15:00,,ICE
2021-12-30 05:30:00,,ICE
2021-12-30 05:45:00,,ICE
2021-12-30 06:00:00,,ICE
2021-12-30 06:15:00,,ICE
2021-12-30 06:30:00,,ICE
2021-12-30 06:45:00,,ICE
2021-12-30 07:00:00,,ICE
2021-12-30 07:15:00,,ICE
2021-12-30 07:30:00,,ICE
2021-12-30 07:45:00,,ICE
2021-12-30 08:00:00,,ICE
2021-12-30 08:15:00,,ICE
2021-12-30 08:30:00,,ICE
2021-12-30 08:45:00,,ICE
2021-12-30 09:00:00,,ICE
2021-12-30 09:15:00,,ICE
2021-12-30 09:30:00,,ICE
2021-12-30 09:45:00,,ICE
2021-12-30 10:00:00,,ICE
2021-12-30 10:15:00,,ICE
2021-12-30 10:30:00,,ICE
2021-12-30 10:45:00,,ICE
2021-12-30 11:00:00,,ICE
2021-12-30 11:15:00,,ICE
2021-12-30 11:30:00,,ICE
2021-12-30 11:45:00,,ICE
2021-12-30 12:00:00,,ICE
2021-12-30 12:15:00,,ICE
2021-12-30 12:30:00,,ICE
2021-12-30 12:45:00,,ICE
2021-12-30 13:00:00,,ICE
2021-12-30 13:15:00,,ICE
2021-12-30 13:30:00,,ICE
2021-12-30 13:45:00,,ICE
2021-12-30 14:00:00,,ICE
2021-12-30 14:15:00,,ICE
2021-12-30 14:30:00,,ICE
2021-12-30 14:45:00,,ICE
2021-12-30 15:00:00,,ICE
2021-12-30 15:15:00,,ICE
2021-12-30 15:30:00,,ICE
2021-12-30 15:45:00,,ICE
2021-12-30 16:00:00,,ICE
2021-12-30 16:15:00,,ICE
2021-12-30 16:30:00,,ICE
2021-12-30 16:45:00,,ICE
2021-12-30 17:00:00,,ICE
2021-12-30 17:15:00,,ICE
2021-12-30 17:30:00,,ICE
2021-12-30 17:45:00,,ICE
2021-12-30 18:00:00,,ICE
2021-12-30 18:15:00,,ICE
2021-12-30 18:30:00,,ICE
2021-12-30 18:45:00,,ICE
2021-12-30 19:00:00,,ICE
2021-12-30 19:15:00,,ICE
2021-12-30 19:30:00,,ICE
2021-12-30 19:45:00,,ICE
2021-12-30 20:00:00,,ICE
2021-12-30 20:15:00,,ICE
2021-12-30 20:30:00,,ICE
2021-12-30 20:45:00,,ICE
2021-12-30 21:00:00,,ICE
2021-12-30 21:15:00,,ICE
2021-12-30 21:30:00,,ICE
2021-12-30 21:45:00,,ICE
2021-12-30 22:00:00,,ICE
2021-12-30 22:15:00,,ICE
2021-12-30 22:30:00,,ICE
2021-12-30 22:45:00,,ICE
2021-12-30 23:00:00,,ICE
2021-12-30 23:15:00,,ICE
2021-12-30 23:30:00,,ICE
2021-12-30 23:45:00,,ICE
2021-12-31 00:00:00,,ICE
2021-12-31 00:15:00,,ICE
2021-12-31 00:30:00,,ICE
2021-12-31 00:45:00,,ICE
2021-12-31 01:00:00,,ICE
2021-12-31 01:15:00,,ICE
2021-12-31 01:30:00,,ICE
2021-12-31 01:45:00,,ICE
2021-12-31 02:00:00,,ICE
2021-12-31 02:15:00,,ICE
2021-12-31 02:30:00,,ICE
2021-12-31 02:45:00,,ICE
2021-12-31 03:00:00,,ICE
2021-12-31 03:15:00,,ICE
2021-12-31 03:30:00,,ICE
2021-12-31 03:45:00,,ICE
2021-12-31 04:00:00,,ICE
2021-12-31 04:15:00,,ICE
2021-12-31 04:30:00,,ICE
2021-12-31 04:45:00,,ICE
2021-12-31 05:00:00,,ICE
2021-12-31 05:15:00,,ICE
2021-12-31 05:30:00,,ICE
2021-12-31 05:45:00,,ICE
2021-12-31 06:00:00,,ICE
2021-12-31 06:15:00,,ICE
2021-12-31 06:30:00,,ICE
2021-12-31 06:45:00,,ICE
2021-12-31 07:00:00,,ICE
2021-12-31 07:15:00,,ICE
2021-12-31 07:30:00,,ICE
2021-12-31 07:45:00,,ICE
2021-12-31 08:00:00,,ICE
2021-12-31 08:15:00,,ICE
2021-12-31 08:30:00,,ICE
2021-12-31 08:45:00,,ICE
2021-12-31 09:00:00,,ICE
2021-12-31 09:15:00,,ICE
2021-12-31 09:30:00,,ICE
2021-12-31 09:45:00,,ICE
2021-12-31 10:00:00,,ICE
2021-12-31 10:15:00,,ICE
2021-12-31 10:30:00,,ICE
2021-12-31 10:45:00,,ICE
2021-12-31 11:00:00,,ICE
2021-12-31 11:15:00,,ICE
2021-12-31 11:30:00,,ICE
2021-12-31 11:45:00,,ICE
2021-12-31 12:00:00,,ICE
2021-12-31 12:15:00,,ICE
2021-12-31 12:30:00,,ICE
2021-12-31 12:45:00,,ICE
2021-12-31 13:00:00,,ICE
2021-12-31 13:15:00,,ICE
2021-12-31 13:30:00,,ICE
2021-12-31 13:45:00,,ICE
2021-12-31 14:00:00,,ICE
2021-12-31 14:15:00,,ICE
2021-12-31 14:30:00,,ICE
2021-12-31 14:45:00,,ICE
2021-12-31 15:00:00,,ICE
2021-12-31 15:15:00,,ICE
2021-12-31 15:30:00,,ICE
2021-12-31 15:45:00,,ICE
2021-12-31 16:00:00,,ICE
2021-12-31 16:15:00,,ICE
2021-12-31 16:30:00,,ICE
2021-12-31 16:45:00,,ICE
2021-12-31 17:00:00,,ICE
2021-12-31 17:15:00,,ICE
2021-12-31 17:30:00,,ICE
2021-12-31 17:45:00,,ICE
2021-12-31 18:00:00,,ICE
2021-12-31 18:15:00,,ICE
2021-12-31 18:30:00,,ICE
2021-12-31 18:45:00,,ICE
2021-12-31 19:00:00,,ICE
2021-12-31 19:15:00,,ICE
2021-12-31 19:30:00,,ICE
2021-12-31 19:45:00,,ICE
2021-12-31 20:00:00,,ICE
2021-12-31 20:15:00,,ICE
2021-12-31 20:30:00,,ICE
2021-12-31 20:45:00,,ICE
2021-12-31 21:00:00,,ICE
2021-12-31 21:15:00,,ICE
2021-12-31 21:30:00,,ICE
2021-12-31 21:45:00,,ICE
2021-12-31 22:00:00,,ICE
2021-12-31 22:15:00,,ICE
2021-12-31 22:30:00,,ICE
2021-12-31 22:45:00,,ICE
2021-12-31 23:00:00,,ICE
2021-12-31 23:15:00,,ICE
2021-12-31 23:30:00,,ICE
2021-12-31 23:45:00,,ICE
