LocalDateTime,ODO_QC1,QualifierCode
2022-01-01 00:00:00,11.12,ICE
2022-01-01 00:15:00,11.12,ICE
2022-01-01 00:30:00,11.12,ICE
2022-01-01 00:45:00,11.12,ICE
2022-01-01 01:00:00,11.12,ICE
2022-01-01 01:15:00,11.13,ICE
2022-01-01 01:30:00,11.13,ICE
2022-01-01 01:45:00,11.13,ICE
2022-01-01 02:00:00,11.13,ICE
2022-01-01 02:15:00,11.13,ICE
2022-01-01 02:30:00,11.13,ICE
2022-01-01 02:45:00,11.13,ICE
2022-01-01 03:00:00,11.13,ICE
2022-01-01 03:15:00,11.14,ICE
2022-01-01 03:30:00,11.14,ICE
2022-01-01 03:45:00,11.14,ICE
2022-01-01 04:00:00,11.14,ICE
2022-01-01 04:15:00,11.14,ICE
2022-01-01 04:30:00,11.14,ICE
2022-01-01 04:45:00,11.14,ICE
2022-01-01 05:00:00,11.14,ICE
2022-01-01 05:15:00,11.14,ICE
2022-01-01 05:30:00,11.14,ICE
2022-01-01 05:45:00,11.14,ICE
2022-01-01 06:00:00,11.14,ICE
2022-01-01 06:15:00,11.14,ICE
2022-01-01 06:30:00,11.14,ICE
2022-01-01 06:45:00,11.15,ICE
2022-01-01 07:00:00,11.14,ICE
2022-01-01 07:15:00,11.15,ICE
2022-01-01 07:30:00,11.15,ICE
2022-01-01 07:45:00,11.15,ICE
2022-01-01 08:00:00,11.15,ICE
2022-01-01 08:15:00,11.17,ICE
2022-01-01 08:30:00,11.19,ICE
2022-01-01 08:45:00,11.22,ICE
2022-01-01 09:00:00,11.25,ICE
2022-01-01 09:15:00,11.28,ICE
2022-01-01 09:30:00,11.3,ICE
2022-01-01 09:45:00,11.34,ICE
2022-01-01 10:00:00,11.38,ICE
2022-01-01 10:15:00,11.43,ICE
2022-01-01 10:30:00,11.47,ICE
2022-01-01 10:45:00,11.5,ICE
2022-01-01 11:00:00,11.52,ICE
2022-01-01 11:15:00,11.53,ICE
2022-01-01 11:30:00,11.55,ICE
2022-01-01 11:45:00,11.57,ICE
2022-01-01 12:00:00,11.59,ICE
2022-01-01 12:15:00,11.6,ICE
2022-01-01 12:30:00,11.62,ICE
2022-01-01 12:45:00,11.63,ICE
2022-01-01 13:00:00,11.64,ICE
2022-01-01 13:15:00,11.65,ICE
2022-01-01 13:30:00,11.66,ICE
2022-01-01 13:45:00,11.67,ICE
2022-01-01 14:00:00,11.68,ICE
2022-01-01 14:15:00,11.68,ICE
2022-01-01 14:30:00,11.68,ICE
2022-01-01 14:45:00,11.68,ICE
2022-01-01 15:00:00,11.68,ICE
2022-01-01 15:15:00,11.67,ICE
2022-01-01 15:30:00,11.66,ICE
2022-01-01 15:45:00,11.65,ICE
2022-01-01 16:00:00,11.62,ICE
2022-01-01 16:15:00,11.59,ICE
2022-01-01 16:30:00,11.54,ICE
2022-01-01 16:45:00,11.49,ICE
2022-01-01 17:00:00,11.45,ICE
2022-01-01 17:15:00,11.41,ICE
2022-01-01 17:30:00,11.37,ICE
2022-01-01 17:45:00,11.34,ICE
2022-01-01 18:00:00,11.33,ICE
2022-01-01 18:15:00,11.31,ICE
2022-01-01 18:30:00,11.31,ICE
2022-01-01 18:45:00,11.3,ICE
2022-01-01 19:00:00,11.3,ICE
2022-01-01 19:15:00,11.28,ICE
2022-01-01 19:30:00,11.28,ICE
2022-01-01 19:45:00,11.27,ICE
2022-01-01 20:00:00,11.26,ICE
2022-01-01 20:15:00,11.26,ICE
2022-01-01 20:30:00,11.26,ICE
2022-01-01 20:45:00,11.25,ICE
2022-01-01 21:00:00,11.25,ICE
2022-01-01 21:15:00,11.25,ICE
2022-01-01 21:30:00,11.25,ICE
2022-01-01 21:45:00,11.25,ICE
2022-01-01 22:00:00,11.25,ICE
2022-01-01 22:15:00,11.25,ICE
2022-01-01 22:30:00,11.25,ICE
2022-01-01 22:45:00,11.25,ICE
2022-01-01 23:00:00,11.25,ICE
2022-01-01 23:15:00,11.25,ICE
2022-01-01 23:30:00,11.26,ICE
2022-01-01 23:45:00,11.26,ICE
2022-01-02 00:00:00,11.26,ICE
2022-01-02 00:15:00,11.26,ICE
2022-01-02 00:30:00,11.27,ICE
2022-01-02 00:45:00,11.27,ICE
2022-01-02 01:00:00,11.27,ICE
2022-01-02 01:15:00,11.27,ICE
2022-01-02 01:30:00,11.27,ICE
2022-01-02 01:45:00,11.28,ICE
2022-01-02 02:00:00,11.28,ICE
2022-01-02 02:15:00,11.29,ICE
2022-01-02 02:30:00,11.29,ICE
2022-01-02 02:45:00,11.29,ICE
2022-01-02 03:00:00,11.29,ICE
2022-01-02 03:15:00,11.29,ICE
2022-01-02 03:30:00,11.3,ICE
2022-01-02 03:45:00,11.3,ICE
2022-01-02 04:00:00,11.3,ICE
2022-01-02 04:15:00,11.3,ICE
2022-01-02 04:30:00,11.29,ICE
2022-01-02 04:45:00,11.29,ICE
2022-01-02 05:00:00,11.29,ICE
2022-01-02 05:15:00,11.29,ICE
2022-01-02 05:30:00,11.28,ICE
2022-01-02 05:45:00,11.28,ICE
2022-01-02 06:00:00,11.28,ICE
2022-01-02 06:15:00,11.27,ICE
2022-01-02 06:30:00,11.27,ICE
2022-01-02 06:45:00,11.27,ICE
2022-01-02 07:00:00,11.26,ICE
2022-01-02 07:15:00,11.26,ICE
2022-01-02 07:30:00,11.26,ICE
2022-01-02 07:45:00,11.26,ICE
2022-01-02 08:00:00,11.26,ICE
2022-01-02 08:15:00,11.26,ICE
2022-01-02 08:30:00,11.27,ICE
2022-01-02 08:45:00,11.29,ICE
2022-01-02 09:00:00,11.32,ICE
2022-01-02 09:15:00,11.34,ICE
2022-01-02 09:30:00,11.37,ICE
2022-01-02 09:45:00,11.41,ICE
2022-01-02 10:00:00,11.45,ICE
2022-01-02 10:15:00,11.5,ICE
2022-01-02 10:30:00,11.54,ICE
2022-01-02 10:45:00,11.57,ICE
2022-01-02 11:00:00,11.6,ICE
2022-01-02 11:15:00,11.63,ICE
2022-01-02 11:30:00,11.65,ICE
2022-01-02 11:45:00,11.68,ICE
2022-01-02 12:00:00,11.69,ICE
2022-01-02 12:15:00,11.71,ICE
2022-01-02 12:30:00,11.71,ICE
2022-01-02 12:45:00,11.72,ICE
2022-01-02 13:00:00,11.72,ICE
2022-01-02 13:15:00,11.73,ICE
2022-01-02 13:30:00,11.74,ICE
2022-01-02 13:45:00,11.74,ICE
2022-01-02 14:00:00,11.75,ICE
2022-01-02 14:15:00,11.76,ICE
2022-01-02 14:30:00,11.77,ICE
2022-01-02 14:45:00,11.77,ICE
2022-01-02 15:00:00,11.76,ICE
2022-01-02 15:15:00,11.75,ICE
2022-01-02 15:30:00,11.71,ICE
2022-01-02 15:45:00,11.68,ICE
2022-01-02 16:00:00,11.65,ICE
2022-01-02 16:15:00,11.62,ICE
2022-01-02 16:30:00,11.58,ICE
2022-01-02 16:45:00,11.54,ICE
2022-01-02 17:00:00,11.49,ICE
2022-01-02 17:15:00,11.45,ICE
2022-01-02 17:30:00,11.41,ICE
2022-01-02 17:45:00,11.38,ICE
2022-01-02 18:00:00,11.36,ICE
2022-01-02 18:15:00,11.34,ICE
2022-01-02 18:30:00,11.32,ICE
2022-01-02 18:45:00,11.31,ICE
2022-01-02 19:00:00,11.29,ICE
2022-01-02 19:15:00,11.27,ICE
2022-01-02 19:30:00,11.26,ICE
2022-01-02 19:45:00,11.25,ICE
2022-01-02 20:00:00,11.24,ICE
2022-01-02 20:15:00,11.23,ICE
2022-01-02 20:30:00,11.22,ICE
2022-01-02 20:45:00,11.21,ICE
2022-01-02 21:00:00,11.2,ICE
2022-01-02 21:15:00,11.19,ICE
2022-01-02 21:30:00,11.19,ICE
2022-01-02 21:45:00,11.18,ICE
2022-01-02 22:00:00,11.18,ICE
2022-01-02 22:15:00,11.18,ICE
2022-01-02 22:30:00,11.17,ICE
2022-01-02 22:45:00,11.17,ICE
2022-01-02 23:00:00,11.17,ICE
2022-01-02 23:15:00,11.17,ICE
2022-01-02 23:30:00,11.17,ICE
2022-01-02 23:45:00,11.17,ICE
2022-01-03 00:00:00,11.17,ICE
2022-01-03 00:15:00,11.17,ICE
2022-01-03 00:30:00,11.16,ICE
2022-01-03 00:45:00,11.16,ICE
2022-01-03 01:00:00,11.16,ICE
2022-01-03 01:15:00,11.16,ICE
2022-01-03 01:30:00,11.16,ICE
2022-01-03 01:45:00,11.16,ICE
2022-01-03 02:00:00,11.16,ICE
2022-01-03 02:15:00,11.16,ICE
2022-01-03 02:30:00,11.15,ICE
2022-01-03 02:45:00,11.16,ICE
2022-01-03 03:00:00,11.16,ICE
2022-01-03 03:15:00,11.16,ICE
2022-01-03 03:30:00,11.16,ICE
2022-01-03 03:45:00,11.16,ICE
2022-01-03 04:00:00,11.16,ICE
2022-01-03 04:15:00,11.16,ICE
2022-01-03 04:30:00,11.16,ICE
2022-01-03 04:45:00,11.17,ICE
2022-01-03 05:00:00,11.16,ICE
2022-01-03 05:15:00,11.16,ICE
2022-01-03 05:30:00,11.16,ICE
2022-01-03 05:45:00,11.16,ICE
2022-01-03 06:00:00,11.16,ICE
2022-01-03 06:15:00,11.16,ICE
2022-01-03 06:30:00,11.16,ICE
2022-01-03 06:45:00,11.16,ICE
2022-01-03 07:00:00,11.16,ICE
2022-01-03 07:15:00,11.16,ICE
2022-01-03 07:30:00,11.16,ICE
2022-01-03 07:45:00,11.16,ICE
2022-01-03 08:00:00,11.17,ICE
2022-01-03 08:15:00,11.17,ICE
2022-01-03 08:30:00,11.19,ICE
2022-01-03 08:45:00,11.21,ICE
2022-01-03 09:00:00,11.23,ICE
2022-01-03 09:15:00,11.25,ICE
2022-01-03 09:30:00,11.29,ICE
2022-01-03 09:45:00,11.33,ICE
2022-01-03 10:00:00,11.38,ICE
2022-01-03 10:15:00,11.41,ICE
2022-01-03 10:30:00,11.42,ICE
2022-01-03 10:45:00,11.45,ICE
2022-01-03 11:00:00,11.48,ICE
2022-01-03 11:15:00,11.5,ICE
2022-01-03 11:30:00,11.54,ICE
2022-01-03 11:45:00,11.57,ICE
2022-01-03 12:00:00,11.58,ICE
2022-01-03 12:15:00,11.61,ICE
2022-01-03 12:30:00,11.63,ICE
2022-01-03 12:45:00,11.65,ICE
2022-01-03 13:00:00,11.67,ICE
2022-01-03 13:15:00,11.69,ICE
2022-01-03 13:30:00,11.7,ICE
2022-01-03 13:45:00,11.7,ICE
2022-01-03 14:00:00,11.69,ICE
2022-01-03 14:15:00,11.68,ICE
2022-01-03 14:30:00,11.66,ICE
2022-01-03 14:45:00,11.66,ICE
2022-01-03 15:00:00,11.64,ICE
2022-01-03 15:15:00,11.61,ICE
2022-01-03 15:30:00,11.58,ICE
2022-01-03 15:45:00,11.55,ICE
2022-01-03 16:00:00,11.52,ICE
2022-01-03 16:15:00,11.48,ICE
2022-01-03 16:30:00,11.44,ICE
2022-01-03 16:45:00,11.39,ICE
2022-01-03 17:00:00,11.35,ICE
2022-01-03 17:15:00,11.31,ICE
2022-01-03 17:30:00,11.27,ICE
2022-01-03 17:45:00,11.25,ICE
2022-01-03 18:00:00,11.23,ICE
2022-01-03 18:15:00,11.21,ICE
2022-01-03 18:30:00,11.2,ICE
2022-01-03 18:45:00,11.18,ICE
2022-01-03 19:00:00,11.17,ICE
2022-01-03 19:15:00,11.17,ICE
2022-01-03 19:30:00,11.16,ICE
2022-01-03 19:45:00,11.15,ICE
2022-01-03 20:00:00,11.15,ICE
2022-01-03 20:15:00,11.14,ICE
2022-01-03 20:30:00,11.14,ICE
2022-01-03 20:45:00,11.13,ICE
2022-01-03 21:00:00,11.13,ICE
2022-01-03 21:15:00,11.14,ICE
2022-01-03 21:30:00,11.13,ICE
2022-01-03 21:45:00,11.13,ICE
2022-01-03 22:00:00,11.13,ICE
2022-01-03 22:15:00,11.13,ICE
2022-01-03 22:30:00,11.13,ICE
2022-01-03 22:45:00,11.13,ICE
2022-01-03 23:00:00,11.13,ICE
2022-01-03 23:15:00,11.13,ICE
2022-01-03 23:30:00,11.13,ICE
2022-01-03 23:45:00,11.14,ICE
2022-01-04 00:00:00,11.14,ICE
2022-01-04 00:15:00,11.14,ICE
2022-01-04 00:30:00,11.14,ICE
2022-01-04 00:45:00,11.14,ICE
2022-01-04 01:00:00,11.14,ICE
2022-01-04 01:15:00,11.14,ICE
2022-01-04 01:30:00,11.15,ICE
2022-01-04 01:45:00,11.14,ICE
2022-01-04 02:00:00,11.14,ICE
2022-01-04 02:15:00,11.14,ICE
2022-01-04 02:30:00,11.14,ICE
2022-01-04 02:45:00,11.14,ICE
2022-01-04 03:00:00,11.14,ICE
2022-01-04 03:15:00,11.15,ICE
2022-01-04 03:30:00,11.15,ICE
2022-01-04 03:45:00,11.14,ICE
2022-01-04 04:00:00,11.15,ICE
2022-01-04 04:15:00,11.15,ICE
2022-01-04 04:30:00,11.15,ICE
2022-01-04 04:45:00,11.15,ICE
2022-01-04 05:00:00,11.15,ICE
2022-01-04 05:15:00,11.15,ICE
2022-01-04 05:30:00,11.15,ICE
2022-01-04 05:45:00,11.16,ICE
2022-01-04 06:00:00,11.16,ICE
2022-01-04 06:15:00,11.17,ICE
2022-01-04 06:30:00,11.17,ICE
2022-01-04 06:45:00,11.19,ICE
2022-01-04 07:00:00,11.2,ICE
2022-01-04 07:15:00,11.21,ICE
2022-01-04 07:30:00,11.21,ICE
2022-01-04 07:45:00,11.21,ICE
2022-01-04 08:00:00,11.21,ICE
2022-01-04 08:15:00,11.21,ICE
2022-01-04 08:30:00,11.23,ICE
2022-01-04 08:45:00,11.24,ICE
2022-01-04 09:00:00,11.27,ICE
2022-01-04 09:15:00,11.29,ICE
2022-01-04 09:30:00,11.32,ICE
2022-01-04 09:45:00,11.35,ICE
2022-01-04 10:00:00,11.37,ICE
2022-01-04 10:15:00,11.4,ICE
2022-01-04 10:30:00,11.42,ICE
2022-01-04 10:45:00,11.45,ICE
2022-01-04 11:00:00,11.47,ICE
2022-01-04 11:15:00,11.48,ICE
2022-01-04 11:30:00,11.47,ICE
2022-01-04 11:45:00,11.48,ICE
2022-01-04 12:00:00,11.49,ICE
2022-01-04 12:15:00,11.51,ICE
2022-01-04 12:30:00,11.52,ICE
2022-01-04 12:45:00,11.53,ICE
2022-01-04 13:00:00,11.53,ICE
2022-01-04 13:15:00,11.53,ICE
2022-01-04 13:30:00,11.53,ICE
2022-01-04 13:45:00,11.53,ICE
2022-01-04 14:00:00,11.53,ICE
2022-01-04 14:15:00,11.54,ICE
2022-01-04 14:30:00,11.52,ICE
2022-01-04 14:45:00,11.51,ICE
2022-01-04 15:00:00,11.5,ICE
2022-01-04 15:15:00,11.5,ICE
2022-01-04 15:30:00,11.5,ICE
2022-01-04 15:45:00,11.48,ICE
2022-01-04 16:00:00,11.47,ICE
2022-01-04 16:15:00,11.47,ICE
2022-01-04 16:30:00,11.45,ICE
2022-01-04 16:45:00,11.41,ICE
2022-01-04 17:00:00,11.39,ICE
2022-01-04 17:15:00,11.36,ICE
2022-01-04 17:30:00,11.35,ICE
2022-01-04 17:45:00,11.34,ICE
2022-01-04 18:00:00,11.33,ICE
2022-01-04 18:15:00,11.33,ICE
2022-01-04 18:30:00,11.33,ICE
2022-01-04 18:45:00,11.33,ICE
2022-01-04 19:00:00,11.33,ICE
2022-01-04 19:15:00,11.33,ICE
2022-01-04 19:30:00,11.32,ICE
2022-01-04 19:45:00,11.32,ICE
2022-01-04 20:00:00,11.32,ICE
2022-01-04 20:15:00,11.32,ICE
2022-01-04 20:30:00,11.32,ICE
2022-01-04 20:45:00,11.32,ICE
2022-01-04 21:00:00,11.32,ICE
2022-01-04 21:15:00,11.32,ICE
2022-01-04 21:30:00,11.32,ICE
2022-01-04 21:45:00,11.32,ICE
2022-01-04 22:00:00,11.31,ICE
2022-01-04 22:15:00,11.31,ICE
2022-01-04 22:30:00,11.31,ICE
2022-01-04 22:45:00,11.32,ICE
2022-01-04 23:00:00,11.31,ICE
2022-01-04 23:15:00,11.32,ICE
2022-01-04 23:30:00,11.31,ICE
2022-01-04 23:45:00,11.31,ICE
2022-01-05 00:00:00,11.31,ICE
2022-01-05 00:15:00,11.3,ICE
2022-01-05 00:30:00,11.3,ICE
2022-01-05 00:45:00,11.3,ICE
2022-01-05 01:00:00,11.29,ICE
2022-01-05 01:15:00,11.29,ICE
2022-01-05 01:30:00,11.29,ICE
2022-01-05 01:45:00,11.29,ICE
2022-01-05 02:00:00,11.29,ICE
2022-01-05 02:15:00,11.29,ICE
2022-01-05 02:30:00,11.29,ICE
2022-01-05 02:45:00,11.28,ICE
2022-01-05 03:00:00,11.28,ICE
2022-01-05 03:15:00,11.27,ICE
2022-01-05 03:30:00,11.27,ICE
2022-01-05 03:45:00,11.27,ICE
2022-01-05 04:00:00,11.27,ICE
2022-01-05 04:15:00,11.27,ICE
2022-01-05 04:30:00,11.26,ICE
2022-01-05 04:45:00,11.26,ICE
2022-01-05 05:00:00,11.26,ICE
2022-01-05 05:15:00,11.26,ICE
2022-01-05 05:30:00,11.26,ICE
2022-01-05 05:45:00,11.26,ICE
2022-01-05 06:00:00,11.26,ICE
2022-01-05 06:15:00,11.26,ICE
2022-01-05 06:30:00,11.26,ICE
2022-01-05 06:45:00,11.26,ICE
2022-01-05 07:00:00,11.26,ICE
2022-01-05 07:15:00,11.26,ICE
2022-01-05 07:30:00,11.26,ICE
2022-01-05 07:45:00,11.26,ICE
2022-01-05 08:00:00,11.26,ICE
2022-01-05 08:15:00,11.27,ICE
2022-01-05 08:30:00,11.27,ICE
2022-01-05 08:45:00,11.28,ICE
2022-01-05 09:00:00,11.3,ICE
2022-01-05 09:15:00,11.3,ICE
2022-01-05 09:30:00,11.32,ICE
2022-01-05 09:45:00,11.34,ICE
2022-01-05 10:00:00,11.35,ICE
2022-01-05 10:15:00,11.36,ICE
2022-01-05 10:30:00,11.38,ICE
2022-01-05 10:45:00,11.38,ICE
2022-01-05 11:00:00,11.39,ICE
2022-01-05 11:15:00,11.4,ICE
2022-01-05 11:30:00,11.4,ICE
2022-01-05 11:45:00,11.4,ICE
2022-01-05 12:00:00,11.41,ICE
2022-01-05 12:15:00,11.41,ICE
2022-01-05 12:30:00,11.41,ICE
2022-01-05 12:45:00,11.4,ICE
2022-01-05 13:00:00,11.4,ICE
2022-01-05 13:15:00,11.4,ICE
2022-01-05 13:30:00,11.4,ICE
2022-01-05 13:45:00,11.4,ICE
2022-01-05 14:00:00,11.4,ICE
2022-01-05 14:15:00,11.4,ICE
2022-01-05 14:30:00,11.39,ICE
2022-01-05 14:45:00,11.39,ICE
2022-01-05 15:00:00,11.39,ICE
2022-01-05 15:15:00,11.38,ICE
2022-01-05 15:30:00,11.38,ICE
2022-01-05 15:45:00,11.37,ICE
2022-01-05 16:00:00,11.37,ICE
2022-01-05 16:15:00,11.35,ICE
2022-01-05 16:30:00,11.33,ICE
2022-01-05 16:45:00,11.32,ICE
2022-01-05 17:00:00,11.31,ICE
2022-01-05 17:15:00,11.31,ICE
2022-01-05 17:30:00,11.3,ICE
2022-01-05 17:45:00,11.3,ICE
2022-01-05 18:00:00,11.3,ICE
2022-01-05 18:15:00,11.3,ICE
2022-01-05 18:30:00,11.3,ICE
2022-01-05 18:45:00,11.3,ICE
2022-01-05 19:00:00,11.3,ICE
2022-01-05 19:15:00,11.3,ICE
2022-01-05 19:30:00,11.3,ICE
2022-01-05 19:45:00,11.3,ICE
2022-01-05 20:00:00,11.3,ICE
2022-01-05 20:15:00,11.29,ICE
2022-01-05 20:30:00,11.29,ICE
2022-01-05 20:45:00,11.29,ICE
2022-01-05 21:00:00,11.29,ICE
2022-01-05 21:15:00,11.3,ICE
2022-01-05 21:30:00,11.3,ICE
2022-01-05 21:45:00,11.3,ICE
2022-01-05 22:00:00,11.3,ICE
2022-01-05 22:15:00,11.3,ICE
2022-01-05 22:30:00,11.29,ICE
2022-01-05 22:45:00,11.29,ICE
2022-01-05 23:00:00,11.3,ICE
2022-01-05 23:15:00,11.3,ICE
2022-01-05 23:30:00,11.3,ICE
2022-01-05 23:45:00,11.3,ICE
2022-01-06 00:00:00,11.3,ICE
2022-01-06 00:15:00,11.31,ICE
2022-01-06 00:30:00,11.3,ICE
2022-01-06 00:45:00,11.31,ICE
2022-01-06 01:00:00,11.31,ICE
2022-01-06 01:15:00,11.31,ICE
2022-01-06 01:30:00,11.31,ICE
2022-01-06 01:45:00,11.31,ICE
2022-01-06 02:00:00,11.3,ICE
2022-01-06 02:15:00,11.3,ICE
2022-01-06 02:30:00,11.31,ICE
2022-01-06 02:45:00,11.31,ICE
2022-01-06 03:00:00,11.3,ICE
2022-01-06 03:15:00,11.3,ICE
2022-01-06 03:30:00,11.3,ICE
2022-01-06 03:45:00,11.3,ICE
2022-01-06 04:00:00,11.3,ICE
2022-01-06 04:15:00,11.3,ICE
2022-01-06 04:30:00,11.29,ICE
2022-01-06 04:45:00,11.3,ICE
2022-01-06 05:00:00,11.29,ICE
2022-01-06 05:15:00,11.29,ICE
2022-01-06 05:30:00,11.29,ICE
2022-01-06 05:45:00,11.29,ICE
2022-01-06 06:00:00,11.29,ICE
2022-01-06 06:15:00,11.29,ICE
2022-01-06 06:30:00,11.29,ICE
2022-01-06 06:45:00,11.3,ICE
2022-01-06 07:00:00,11.29,ICE
2022-01-06 07:15:00,11.29,ICE
2022-01-06 07:30:00,11.28,ICE
2022-01-06 07:45:00,11.28,ICE
2022-01-06 08:00:00,11.29,ICE
2022-01-06 08:15:00,11.29,ICE
2022-01-06 08:30:00,11.31,ICE
2022-01-06 08:45:00,11.33,ICE
2022-01-06 09:00:00,11.36,ICE
2022-01-06 09:15:00,11.39,ICE
2022-01-06 09:30:00,11.43,ICE
2022-01-06 09:45:00,11.45,ICE
2022-01-06 10:00:00,11.46,ICE
2022-01-06 10:15:00,11.46,ICE
2022-01-06 10:30:00,11.47,ICE
2022-01-06 10:45:00,11.48,ICE
2022-01-06 11:00:00,11.47,ICE
2022-01-06 11:15:00,11.47,ICE
2022-01-06 11:30:00,11.46,ICE
2022-01-06 11:45:00,11.45,ICE
2022-01-06 12:00:00,11.5,ICE
2022-01-06 12:15:00,11.51,ICE
2022-01-06 12:30:00,11.51,ICE
2022-01-06 12:45:00,11.51,ICE
2022-01-06 13:00:00,11.51,ICE
2022-01-06 13:15:00,11.52,ICE
2022-01-06 13:30:00,11.53,ICE
2022-01-06 13:45:00,11.52,ICE
2022-01-06 14:00:00,11.52,ICE
2022-01-06 14:15:00,11.52,ICE
2022-01-06 14:30:00,11.5,ICE
2022-01-06 14:45:00,11.48,ICE
2022-01-06 15:00:00,11.47,ICE
2022-01-06 15:15:00,11.44,ICE
2022-01-06 15:30:00,11.42,ICE
2022-01-06 15:45:00,11.42,ICE
2022-01-06 16:00:00,11.42,ICE
2022-01-06 16:15:00,11.41,ICE
2022-01-06 16:30:00,11.4,ICE
2022-01-06 16:45:00,11.36,ICE
2022-01-06 17:00:00,11.34,ICE
2022-01-06 17:15:00,11.32,ICE
2022-01-06 17:30:00,11.31,ICE
2022-01-06 17:45:00,11.3,ICE
2022-01-06 18:00:00,11.29,ICE
2022-01-06 18:15:00,11.29,ICE
2022-01-06 18:30:00,11.28,ICE
2022-01-06 18:45:00,11.28,ICE
2022-01-06 19:00:00,11.28,ICE
2022-01-06 19:15:00,11.28,ICE
2022-01-06 19:30:00,11.28,ICE
2022-01-06 19:45:00,11.28,ICE
2022-01-06 20:00:00,11.28,ICE
2022-01-06 20:15:00,11.28,ICE
2022-01-06 20:30:00,11.28,ICE
2022-01-06 20:45:00,11.28,ICE
2022-01-06 21:00:00,11.27,ICE
2022-01-06 21:15:00,11.28,ICE
2022-01-06 21:30:00,11.27,ICE
2022-01-06 21:45:00,11.27,ICE
2022-01-06 22:00:00,11.28,ICE
2022-01-06 22:15:00,11.27,ICE
2022-01-06 22:30:00,11.27,ICE
2022-01-06 22:45:00,11.28,ICE
2022-01-06 23:00:00,11.27,ICE
2022-01-06 23:15:00,11.27,ICE
2022-01-06 23:30:00,11.26,ICE
2022-01-06 23:45:00,11.27,ICE
2022-01-07 00:00:00,11.26,ICE
2022-01-07 00:15:00,11.27,ICE
2022-01-07 00:30:00,11.27,ICE
2022-01-07 00:45:00,11.26,ICE
2022-01-07 01:00:00,11.25,ICE
2022-01-07 01:15:00,11.25,ICE
2022-01-07 01:30:00,11.28,ICE
2022-01-07 01:45:00,11.25,ICE
2022-01-07 02:00:00,11.25,ICE
2022-01-07 02:15:00,11.25,ICE
2022-01-07 02:30:00,11.26,ICE
2022-01-07 02:45:00,11.25,ICE
2022-01-07 03:00:00,11.25,ICE
2022-01-07 03:15:00,11.25,ICE
2022-01-07 03:30:00,11.25,ICE
2022-01-07 03:45:00,11.24,ICE
2022-01-07 04:00:00,11.25,ICE
2022-01-07 04:15:00,11.25,ICE
2022-01-07 04:30:00,11.25,ICE
2022-01-07 04:45:00,11.24,ICE
2022-01-07 05:00:00,11.24,ICE
2022-01-07 05:15:00,11.23,ICE
2022-01-07 05:30:00,11.23,ICE
2022-01-07 05:45:00,11.23,ICE
2022-01-07 06:00:00,11.23,ICE
2022-01-07 06:15:00,11.24,ICE
2022-01-07 06:30:00,11.24,ICE
2022-01-07 06:45:00,11.24,ICE
2022-01-07 07:00:00,11.24,ICE
2022-01-07 07:15:00,11.24,ICE
2022-01-07 07:30:00,11.24,ICE
2022-01-07 07:45:00,11.24,ICE
2022-01-07 08:00:00,11.25,ICE
2022-01-07 08:15:00,11.26,ICE
2022-01-07 08:30:00,11.27,ICE
2022-01-07 08:45:00,11.29,ICE
2022-01-07 09:00:00,11.31,ICE
2022-01-07 09:15:00,11.33,ICE
2022-01-07 09:30:00,11.36,ICE
2022-01-07 09:45:00,11.39,ICE
2022-01-07 10:00:00,11.41,ICE
2022-01-07 10:15:00,11.42,ICE
2022-01-07 10:30:00,11.43,ICE
2022-01-07 10:45:00,11.45,ICE
2022-01-07 11:00:00,11.47,ICE
2022-01-07 11:15:00,11.48,ICE
2022-01-07 11:30:00,11.47,ICE
2022-01-07 11:45:00,11.47,ICE
2022-01-07 12:00:00,11.47,ICE
2022-01-07 12:15:00,11.48,ICE
2022-01-07 12:30:00,11.48,ICE
2022-01-07 12:45:00,11.46,ICE
2022-01-07 13:00:00,11.43,ICE
2022-01-07 13:15:00,11.43,ICE
2022-01-07 13:30:00,11.43,ICE
2022-01-07 13:45:00,11.42,ICE
2022-01-07 14:00:00,11.42,ICE
2022-01-07 14:15:00,11.41,ICE
2022-01-07 14:30:00,11.41,ICE
2022-01-07 14:45:00,11.4,ICE
2022-01-07 15:00:00,11.39,ICE
2022-01-07 15:15:00,11.36,ICE
2022-01-07 15:30:00,11.35,ICE
2022-01-07 15:45:00,11.33,ICE
2022-01-07 16:00:00,11.33,ICE
2022-01-07 16:15:00,11.34,ICE
2022-01-07 16:30:00,11.32,ICE
2022-01-07 16:45:00,11.29,ICE
2022-01-07 17:00:00,11.27,ICE
2022-01-07 17:15:00,11.25,ICE
2022-01-07 17:30:00,11.24,ICE
2022-01-07 17:45:00,11.23,ICE
2022-01-07 18:00:00,11.23,ICE
2022-01-07 18:15:00,11.24,ICE
2022-01-07 18:30:00,11.23,ICE
2022-01-07 18:45:00,11.23,ICE
2022-01-07 19:00:00,11.23,ICE
2022-01-07 19:15:00,11.23,ICE
2022-01-07 19:30:00,11.23,ICE
2022-01-07 19:45:00,11.23,ICE
2022-01-07 20:00:00,11.23,ICE
2022-01-07 20:15:00,11.22,ICE
2022-01-07 20:30:00,11.22,ICE
2022-01-07 20:45:00,11.22,ICE
2022-01-07 21:00:00,11.23,ICE
2022-01-07 21:15:00,11.23,ICE
2022-01-07 21:30:00,11.23,ICE
2022-01-07 21:45:00,11.22,ICE
2022-01-07 22:00:00,11.23,ICE
2022-01-07 22:15:00,11.23,ICE
2022-01-07 22:30:00,11.23,ICE
2022-01-07 22:45:00,11.23,ICE
2022-01-07 23:00:00,11.23,ICE
2022-01-07 23:15:00,11.23,ICE
2022-01-07 23:30:00,11.23,ICE
2022-01-07 23:45:00,11.24,ICE
2022-01-08 00:00:00,11.24,ICE
2022-01-08 00:15:00,11.23,ICE
2022-01-08 00:30:00,11.23,ICE
2022-01-08 00:45:00,11.23,ICE
2022-01-08 01:00:00,11.23,ICE
2022-01-08 01:15:00,11.24,ICE
2022-01-08 01:30:00,11.23,ICE
2022-01-08 01:45:00,11.22,ICE
2022-01-08 02:00:00,11.23,ICE
2022-01-08 02:15:00,11.23,ICE
2022-01-08 02:30:00,11.24,ICE
2022-01-08 02:45:00,11.24,ICE
2022-01-08 03:00:00,11.25,ICE
2022-01-08 03:15:00,11.26,ICE
2022-01-08 03:30:00,11.26,ICE
2022-01-08 03:45:00,11.27,ICE
2022-01-08 04:00:00,11.27,ICE
2022-01-08 04:15:00,11.28,ICE
2022-01-08 04:30:00,11.29,ICE
2022-01-08 04:45:00,11.28,ICE
2022-01-08 05:00:00,11.29,ICE
2022-01-08 05:15:00,11.29,ICE
2022-01-08 05:30:00,11.29,ICE
2022-01-08 05:45:00,11.3,ICE
2022-01-08 06:00:00,11.3,ICE
2022-01-08 06:15:00,11.3,ICE
2022-01-08 06:30:00,11.3,ICE
2022-01-08 06:45:00,11.31,ICE
2022-01-08 07:00:00,11.31,ICE
2022-01-08 07:15:00,11.31,ICE
2022-01-08 07:30:00,11.32,ICE
2022-01-08 07:45:00,11.33,ICE
2022-01-08 08:00:00,11.33,ICE
2022-01-08 08:15:00,11.34,ICE
2022-01-08 08:30:00,11.37,ICE
2022-01-08 08:45:00,11.39,ICE
2022-01-08 09:00:00,11.42,ICE
2022-01-08 09:15:00,11.43,ICE
2022-01-08 09:30:00,11.44,ICE
2022-01-08 09:45:00,11.45,ICE
2022-01-08 10:00:00,11.46,ICE
2022-01-08 10:15:00,11.49,ICE
2022-01-08 10:30:00,11.5,ICE
2022-01-08 10:45:00,11.52,ICE
2022-01-08 11:00:00,11.57,ICE
2022-01-08 11:15:00,11.6,ICE
2022-01-08 11:30:00,11.61,ICE
2022-01-08 11:45:00,11.63,ICE
2022-01-08 12:00:00,11.63,ICE
2022-01-08 12:15:00,11.62,ICE
2022-01-08 12:30:00,11.63,ICE
2022-01-08 12:45:00,11.64,ICE
2022-01-08 13:00:00,11.65,ICE
2022-01-08 13:15:00,11.64,ICE
2022-01-08 13:30:00,11.64,ICE
2022-01-08 13:45:00,11.64,ICE
2022-01-08 14:00:00,11.65,ICE
2022-01-08 14:15:00,11.64,ICE
2022-01-08 14:30:00,11.63,ICE
2022-01-08 14:45:00,11.63,ICE
2022-01-08 15:00:00,11.63,ICE
2022-01-08 15:15:00,11.62,ICE
2022-01-08 15:30:00,11.6,ICE
2022-01-08 15:45:00,11.59,ICE
2022-01-08 16:00:00,11.57,ICE
2022-01-08 16:15:00,11.55,ICE
2022-01-08 16:30:00,11.53,ICE
2022-01-08 16:45:00,11.51,ICE
2022-01-08 17:00:00,11.49,ICE
2022-01-08 17:15:00,11.46,ICE
2022-01-08 17:30:00,11.45,ICE
2022-01-08 17:45:00,11.44,ICE
2022-01-08 18:00:00,11.44,ICE
2022-01-08 18:15:00,11.44,ICE
2022-01-08 18:30:00,11.44,ICE
2022-01-08 18:45:00,11.44,ICE
2022-01-08 19:00:00,11.44,ICE
2022-01-08 19:15:00,11.44,ICE
2022-01-08 19:30:00,11.45,ICE
2022-01-08 19:45:00,11.45,ICE
2022-01-08 20:00:00,11.45,ICE
2022-01-08 20:15:00,11.45,ICE
2022-01-08 20:30:00,11.46,ICE
2022-01-08 20:45:00,11.46,ICE
2022-01-08 21:00:00,11.46,ICE
2022-01-08 21:15:00,11.46,ICE
2022-01-08 21:30:00,11.47,ICE
2022-01-08 21:45:00,11.46,ICE
2022-01-08 22:00:00,11.47,ICE
2022-01-08 22:15:00,11.47,ICE
2022-01-08 22:30:00,11.47,ICE
2022-01-08 22:45:00,11.47,ICE
2022-01-08 23:00:00,11.46,ICE
2022-01-08 23:15:00,11.47,ICE
2022-01-08 23:30:00,11.47,ICE
2022-01-08 23:45:00,11.48,ICE
2022-01-09 00:00:00,11.47,ICE
2022-01-09 00:15:00,11.46,ICE
2022-01-09 00:30:00,11.47,ICE
2022-01-09 00:45:00,11.44,ICE
2022-01-09 01:00:00,11.45,ICE
2022-01-09 01:15:00,11.47,ICE
2022-01-09 01:30:00,11.47,ICE
2022-01-09 01:45:00,11.47,ICE
2022-01-09 02:00:00,11.47,ICE
2022-01-09 02:15:00,11.44,ICE
2022-01-09 02:30:00,11.45,ICE
2022-01-09 02:45:00,11.46,ICE
2022-01-09 03:00:00,11.44,ICE
2022-01-09 03:15:00,11.46,ICE
2022-01-09 03:30:00,11.46,ICE
2022-01-09 03:45:00,11.46,ICE
2022-01-09 04:00:00,11.46,ICE
2022-01-09 04:15:00,11.45,ICE
2022-01-09 04:30:00,11.46,ICE
2022-01-09 04:45:00,11.45,ICE
2022-01-09 05:00:00,11.46,ICE
2022-01-09 05:15:00,11.46,ICE
2022-01-09 05:30:00,11.46,ICE
2022-01-09 05:45:00,11.45,ICE
2022-01-09 06:00:00,11.46,ICE
2022-01-09 06:15:00,11.46,ICE
2022-01-09 06:30:00,11.45,ICE
2022-01-09 06:45:00,11.46,ICE
2022-01-09 07:00:00,11.46,ICE
2022-01-09 07:15:00,11.46,ICE
2022-01-09 07:30:00,11.45,ICE
2022-01-09 07:45:00,11.46,ICE
2022-01-09 08:00:00,11.47,ICE
2022-01-09 08:15:00,11.47,ICE
2022-01-09 08:30:00,11.49,ICE
2022-01-09 08:45:00,11.52,ICE
2022-01-09 09:00:00,11.54,ICE
2022-01-09 09:15:00,11.57,ICE
2022-01-09 09:30:00,11.59,ICE
2022-01-09 09:45:00,11.63,ICE
2022-01-09 10:00:00,11.67,ICE
2022-01-09 10:15:00,11.71,ICE
2022-01-09 10:30:00,11.74,ICE
2022-01-09 10:45:00,11.75,ICE
2022-01-09 11:00:00,11.78,ICE
2022-01-09 11:15:00,11.79,ICE
2022-01-09 11:30:00,11.8,ICE
2022-01-09 11:45:00,11.8,ICE
2022-01-09 12:00:00,11.81,ICE
2022-01-09 12:15:00,11.79,ICE
2022-01-09 12:30:00,11.77,ICE
2022-01-09 12:45:00,11.78,ICE
2022-01-09 13:00:00,11.79,ICE
2022-01-09 13:15:00,11.8,ICE
2022-01-09 13:30:00,11.81,ICE
2022-01-09 13:45:00,11.81,ICE
2022-01-09 14:00:00,11.81,ICE
2022-01-09 14:15:00,11.81,ICE
2022-01-09 14:30:00,11.81,ICE
2022-01-09 14:45:00,11.82,ICE
2022-01-09 15:00:00,11.81,ICE
2022-01-09 15:15:00,11.81,ICE
2022-01-09 15:30:00,11.8,ICE
2022-01-09 15:45:00,11.79,ICE
2022-01-09 16:00:00,11.77,ICE
2022-01-09 16:15:00,11.74,ICE
2022-01-09 16:30:00,11.71,ICE
2022-01-09 16:45:00,11.69,ICE
2022-01-09 17:00:00,11.66,ICE
2022-01-09 17:15:00,11.63,ICE
2022-01-09 17:30:00,11.6,ICE
2022-01-09 17:45:00,11.57,ICE
2022-01-09 18:00:00,11.55,ICE
2022-01-09 18:15:00,11.54,ICE
2022-01-09 18:30:00,11.53,ICE
2022-01-09 18:45:00,11.53,ICE
2022-01-09 19:00:00,11.52,ICE
2022-01-09 19:15:00,11.52,ICE
2022-01-09 19:30:00,11.53,ICE
2022-01-09 19:45:00,11.53,ICE
2022-01-09 20:00:00,11.53,ICE
2022-01-09 20:15:00,11.52,ICE
2022-01-09 20:30:00,11.5,ICE
2022-01-09 20:45:00,11.52,ICE
2022-01-09 21:00:00,11.53,ICE
2022-01-09 21:15:00,11.54,ICE
2022-01-09 21:30:00,11.54,ICE
2022-01-09 21:45:00,11.54,ICE
2022-01-09 22:00:00,11.54,ICE
2022-01-09 22:15:00,11.55,ICE
2022-01-09 22:30:00,11.55,ICE
2022-01-09 22:45:00,11.54,ICE
2022-01-09 23:00:00,11.55,ICE
2022-01-09 23:15:00,11.55,ICE
2022-01-09 23:30:00,11.55,ICE
2022-01-09 23:45:00,11.56,ICE
2022-01-10 00:00:00,11.55,ICE
2022-01-10 00:15:00,11.56,ICE
2022-01-10 00:30:00,11.56,ICE
2022-01-10 00:45:00,11.55,ICE
2022-01-10 01:00:00,11.55,ICE
2022-01-10 01:15:00,11.55,ICE
2022-01-10 01:30:00,11.55,ICE
2022-01-10 01:45:00,11.54,ICE
2022-01-10 02:00:00,11.54,ICE
2022-01-10 02:15:00,11.54,ICE
2022-01-10 02:30:00,11.54,ICE
2022-01-10 02:45:00,11.54,ICE
2022-01-10 03:00:00,11.54,ICE
2022-01-10 03:15:00,11.53,ICE
2022-01-10 03:30:00,11.53,ICE
2022-01-10 03:45:00,11.53,ICE
2022-01-10 04:00:00,11.53,ICE
2022-01-10 04:15:00,11.53,ICE
2022-01-10 04:30:00,11.52,ICE
2022-01-10 04:45:00,11.52,ICE
2022-01-10 05:00:00,11.52,ICE
2022-01-10 05:15:00,11.52,ICE
2022-01-10 05:30:00,11.52,ICE
2022-01-10 05:45:00,11.51,ICE
2022-01-10 06:00:00,11.51,ICE
2022-01-10 06:15:00,11.51,ICE
2022-01-10 06:30:00,11.51,ICE
2022-01-10 06:45:00,11.51,ICE
2022-01-10 07:00:00,11.51,ICE
2022-01-10 07:15:00,11.51,ICE
2022-01-10 07:30:00,11.5,ICE
2022-01-10 07:45:00,11.5,ICE
2022-01-10 08:00:00,11.5,ICE
2022-01-10 08:15:00,11.51,ICE
2022-01-10 08:30:00,11.53,ICE
2022-01-10 08:45:00,11.55,ICE
2022-01-10 09:00:00,11.57,ICE
2022-01-10 09:15:00,11.58,ICE
2022-01-10 09:30:00,11.6,ICE
2022-01-10 09:45:00,11.62,ICE
2022-01-10 10:00:00,11.66,ICE
2022-01-10 10:15:00,11.7,ICE
2022-01-10 10:30:00,11.72,ICE
2022-01-10 10:45:00,11.75,ICE
2022-01-10 11:00:00,11.77,ICE
2022-01-10 11:15:00,11.78,ICE
2022-01-10 11:30:00,11.79,ICE
2022-01-10 11:45:00,11.79,ICE
2022-01-10 12:00:00,11.79,ICE
2022-01-10 12:15:00,11.79,ICE
2022-01-10 12:30:00,11.8,ICE
2022-01-10 12:45:00,11.8,ICE
2022-01-10 13:00:00,11.81,ICE
2022-01-10 13:15:00,11.81,ICE
2022-01-10 13:30:00,11.81,ICE
2022-01-10 13:45:00,11.81,ICE
2022-01-10 14:00:00,11.81,ICE
2022-01-10 14:15:00,11.81,ICE
2022-01-10 14:30:00,11.8,ICE
2022-01-10 14:45:00,11.8,ICE
2022-01-10 15:00:00,11.79,ICE
2022-01-10 15:15:00,11.78,ICE
2022-01-10 15:30:00,11.78,ICE
2022-01-10 15:45:00,11.76,ICE
2022-01-10 16:00:00,11.75,ICE
2022-01-10 16:15:00,11.72,ICE
2022-01-10 16:30:00,11.7,ICE
2022-01-10 16:45:00,11.66,ICE
2022-01-10 17:00:00,11.63,ICE
2022-01-10 17:15:00,11.59,ICE
2022-01-10 17:30:00,11.56,ICE
2022-01-10 17:45:00,11.53,ICE
2022-01-10 18:00:00,11.51,ICE
2022-01-10 18:15:00,11.5,ICE
2022-01-10 18:30:00,11.49,ICE
2022-01-10 18:45:00,11.48,ICE
2022-01-10 19:00:00,11.48,ICE
2022-01-10 19:15:00,11.48,ICE
2022-01-10 19:30:00,11.48,ICE
2022-01-10 19:45:00,11.48,ICE
2022-01-10 20:00:00,11.48,ICE
2022-01-10 20:15:00,11.49,ICE
2022-01-10 20:30:00,11.48,ICE
2022-01-10 20:45:00,11.48,ICE
2022-01-10 21:00:00,11.48,ICE
2022-01-10 21:15:00,11.48,ICE
2022-01-10 21:30:00,11.48,ICE
2022-01-10 21:45:00,11.48,ICE
2022-01-10 22:00:00,11.47,ICE
2022-01-10 22:15:00,11.48,ICE
2022-01-10 22:30:00,11.47,ICE
2022-01-10 22:45:00,11.48,ICE
2022-01-10 23:00:00,11.48,ICE
2022-01-10 23:15:00,11.48,ICE
2022-01-10 23:30:00,11.48,ICE
2022-01-10 23:45:00,11.48,ICE
2022-01-11 00:00:00,11.48,ICE
2022-01-11 00:15:00,11.47,ICE
2022-01-11 00:30:00,11.48,ICE
2022-01-11 00:45:00,11.48,ICE
2022-01-11 01:00:00,11.48,ICE
2022-01-11 01:15:00,11.48,ICE
2022-01-11 01:30:00,11.48,ICE
2022-01-11 01:45:00,11.49,ICE
2022-01-11 02:00:00,11.49,ICE
2022-01-11 02:15:00,11.49,ICE
2022-01-11 02:30:00,11.49,ICE
2022-01-11 02:45:00,11.49,ICE
2022-01-11 03:00:00,11.49,ICE
2022-01-11 03:15:00,11.48,ICE
2022-01-11 03:30:00,11.48,ICE
2022-01-11 03:45:00,11.48,ICE
2022-01-11 04:00:00,11.48,ICE
2022-01-11 04:15:00,11.47,ICE
2022-01-11 04:30:00,11.48,ICE
2022-01-11 04:45:00,11.48,ICE
2022-01-11 05:00:00,11.48,ICE
2022-01-11 05:15:00,11.48,ICE
2022-01-11 05:30:00,11.48,ICE
2022-01-11 05:45:00,11.48,ICE
2022-01-11 06:00:00,11.49,ICE
2022-01-11 06:15:00,11.48,ICE
2022-01-11 06:30:00,11.48,ICE
2022-01-11 06:45:00,11.49,ICE
2022-01-11 07:00:00,11.48,ICE
2022-01-11 07:15:00,11.48,ICE
2022-01-11 07:30:00,11.48,ICE
2022-01-11 07:45:00,11.48,ICE
2022-01-11 08:00:00,11.48,ICE
2022-01-11 08:15:00,11.5,ICE
2022-01-11 08:30:00,11.53,ICE
2022-01-11 08:45:00,11.55,ICE
2022-01-11 09:00:00,11.58,ICE
2022-01-11 09:15:00,11.61,ICE
2022-01-11 09:30:00,11.66,ICE
2022-01-11 09:45:00,11.69,ICE
2022-01-11 10:00:00,11.72,ICE
2022-01-11 10:15:00,11.74,ICE
2022-01-11 10:30:00,11.76,ICE
2022-01-11 10:45:00,11.78,ICE
2022-01-11 11:00:00,11.79,ICE
2022-01-11 11:15:00,11.79,ICE
2022-01-11 11:30:00,11.79,ICE
2022-01-11 11:45:00,11.8,ICE
2022-01-11 12:00:00,11.81,ICE
2022-01-11 12:15:00,11.81,ICE
2022-01-11 12:30:00,11.81,ICE
2022-01-11 12:45:00,11.81,ICE
2022-01-11 13:00:00,11.81,ICE
2022-01-11 13:15:00,11.82,ICE
2022-01-11 13:30:00,11.82,ICE
2022-01-11 13:45:00,11.82,ICE
2022-01-11 14:00:00,11.82,ICE
2022-01-11 14:15:00,11.81,ICE
2022-01-11 14:30:00,11.8,ICE
2022-01-11 14:45:00,11.8,ICE
2022-01-11 15:00:00,11.8,ICE
2022-01-11 15:15:00,11.8,ICE
2022-01-11 15:30:00,11.8,ICE
2022-01-11 15:45:00,11.79,ICE
2022-01-11 16:00:00,11.79,ICE
2022-01-11 16:15:00,11.75,ICE
2022-01-11 16:30:00,11.71,ICE
2022-01-11 16:45:00,11.67,ICE
2022-01-11 17:00:00,11.63,ICE
2022-01-11 17:15:00,11.58,ICE
2022-01-11 17:30:00,11.54,ICE
2022-01-11 17:45:00,11.51,ICE
2022-01-11 18:00:00,11.49,ICE
2022-01-11 18:15:00,11.47,ICE
2022-01-11 18:30:00,11.47,ICE
2022-01-11 18:45:00,11.47,ICE
2022-01-11 19:00:00,11.47,ICE
2022-01-11 19:15:00,11.46,ICE
2022-01-11 19:30:00,11.47,ICE
2022-01-11 19:45:00,11.47,ICE
2022-01-11 20:00:00,11.46,ICE
2022-01-11 20:15:00,11.46,ICE
2022-01-11 20:30:00,11.46,ICE
2022-01-11 20:45:00,11.46,ICE
2022-01-11 21:00:00,11.47,ICE
2022-01-11 21:15:00,11.47,ICE
2022-01-11 21:30:00,11.48,ICE
2022-01-11 21:45:00,11.47,ICE
2022-01-11 22:00:00,11.48,ICE
2022-01-11 22:15:00,11.49,ICE
2022-01-11 22:30:00,11.48,ICE
2022-01-11 22:45:00,11.48,ICE
2022-01-11 23:00:00,11.48,ICE
2022-01-11 23:15:00,11.48,ICE
2022-01-11 23:30:00,11.48,ICE
2022-01-11 23:45:00,11.49,ICE
2022-01-12 00:00:00,11.48,ICE
2022-01-12 00:15:00,11.48,ICE
2022-01-12 00:30:00,11.48,ICE
2022-01-12 00:45:00,11.48,ICE
2022-01-12 01:00:00,11.48,ICE
2022-01-12 01:15:00,11.48,ICE
2022-01-12 01:30:00,11.48,ICE
2022-01-12 01:45:00,11.47,ICE
2022-01-12 02:00:00,11.47,ICE
2022-01-12 02:15:00,11.47,ICE
2022-01-12 02:30:00,11.47,ICE
2022-01-12 02:45:00,11.46,ICE
2022-01-12 03:00:00,11.47,ICE
2022-01-12 03:15:00,11.47,ICE
2022-01-12 03:30:00,11.47,ICE
2022-01-12 03:45:00,11.47,ICE
2022-01-12 04:00:00,11.47,ICE
2022-01-12 04:15:00,11.47,ICE
2022-01-12 04:30:00,11.47,ICE
2022-01-12 04:45:00,11.46,ICE
2022-01-12 05:00:00,11.47,ICE
2022-01-12 05:15:00,11.47,ICE
2022-01-12 05:30:00,11.47,ICE
2022-01-12 05:45:00,11.48,ICE
2022-01-12 06:00:00,11.48,ICE
2022-01-12 06:15:00,11.47,ICE
2022-01-12 06:30:00,11.46,ICE
2022-01-12 06:45:00,11.47,ICE
2022-01-12 07:00:00,11.47,ICE
2022-01-12 07:15:00,11.47,ICE
2022-01-12 07:30:00,11.47,ICE
2022-01-12 07:45:00,11.47,ICE
2022-01-12 08:00:00,11.48,ICE
2022-01-12 08:15:00,11.48,ICE
2022-01-12 08:30:00,11.51,ICE
2022-01-12 08:45:00,11.54,ICE
2022-01-12 09:00:00,11.56,ICE
2022-01-12 09:15:00,11.59,ICE
2022-01-12 09:30:00,11.6,ICE
2022-01-12 09:45:00,11.63,ICE
2022-01-12 10:00:00,11.67,ICE
2022-01-12 10:15:00,11.72,ICE
2022-01-12 10:30:00,11.74,ICE
2022-01-12 10:45:00,11.74,ICE
2022-01-12 11:00:00,11.74,ICE
2022-01-12 11:15:00,11.77,ICE
2022-01-12 11:30:00,11.77,ICE
2022-01-12 11:45:00,11.77,ICE
2022-01-12 12:00:00,11.78,ICE
2022-01-12 12:15:00,11.79,ICE
2022-01-12 12:30:00,11.79,ICE
2022-01-12 12:45:00,11.79,ICE
2022-01-12 13:00:00,11.8,ICE
2022-01-12 13:15:00,11.81,ICE
2022-01-12 13:30:00,11.8,ICE
2022-01-12 13:45:00,11.8,ICE
2022-01-12 14:00:00,11.8,ICE
2022-01-12 14:15:00,11.8,ICE
2022-01-12 14:30:00,11.8,ICE
2022-01-12 14:45:00,11.79,ICE
2022-01-12 15:00:00,11.77,ICE
2022-01-12 15:15:00,11.75,ICE
2022-01-12 15:30:00,11.76,ICE
2022-01-12 15:45:00,11.75,ICE
2022-01-12 16:00:00,11.72,ICE
2022-01-12 16:15:00,11.71,ICE
2022-01-12 16:30:00,11.67,ICE
2022-01-12 16:45:00,11.64,ICE
2022-01-12 17:00:00,11.61,ICE
2022-01-12 17:15:00,11.57,ICE
2022-01-12 17:30:00,11.54,ICE
2022-01-12 17:45:00,11.52,ICE
2022-01-12 18:00:00,11.51,ICE
2022-01-12 18:15:00,11.51,ICE
2022-01-12 18:30:00,11.51,ICE
2022-01-12 18:45:00,11.5,ICE
2022-01-12 19:00:00,11.5,ICE
2022-01-12 19:15:00,11.5,ICE
2022-01-12 19:30:00,11.5,ICE
2022-01-12 19:45:00,11.5,ICE
2022-01-12 20:00:00,11.5,ICE
2022-01-12 20:15:00,11.5,ICE
2022-01-12 20:30:00,11.5,ICE
2022-01-12 20:45:00,11.5,ICE
2022-01-12 21:00:00,11.5,ICE
2022-01-12 21:15:00,11.5,ICE
2022-01-12 21:30:00,11.5,ICE
2022-01-12 21:45:00,11.5,ICE
2022-01-12 22:00:00,11.49,ICE
2022-01-12 22:15:00,11.49,ICE
2022-01-12 22:30:00,11.49,ICE
2022-01-12 22:45:00,11.49,ICE
2022-01-12 23:00:00,11.5,ICE
2022-01-12 23:15:00,11.5,ICE
2022-01-12 23:30:00,11.49,ICE
2022-01-12 23:45:00,11.5,ICE
2022-01-13 00:00:00,11.5,ICE
2022-01-13 00:15:00,11.49,ICE
2022-01-13 00:30:00,11.5,ICE
2022-01-13 00:45:00,11.5,ICE
2022-01-13 01:00:00,11.51,ICE
2022-01-13 01:15:00,11.5,ICE
2022-01-13 01:30:00,11.5,ICE
2022-01-13 01:45:00,11.5,ICE
2022-01-13 02:00:00,11.5,ICE
2022-01-13 02:15:00,11.5,ICE
2022-01-13 02:30:00,11.5,ICE
2022-01-13 02:45:00,11.5,ICE
2022-01-13 03:00:00,11.5,ICE
2022-01-13 03:15:00,11.5,ICE
2022-01-13 03:30:00,11.5,ICE
2022-01-13 03:45:00,11.5,ICE
2022-01-13 04:00:00,11.5,ICE
2022-01-13 04:15:00,11.5,ICE
2022-01-13 04:30:00,11.5,ICE
2022-01-13 04:45:00,11.5,ICE
2022-01-13 05:00:00,11.5,ICE
2022-01-13 05:15:00,11.5,ICE
2022-01-13 05:30:00,11.49,ICE
2022-01-13 05:45:00,11.49,ICE
2022-01-13 06:00:00,11.49,ICE
2022-01-13 06:15:00,11.49,ICE
2022-01-13 06:30:00,11.49,ICE
2022-01-13 06:45:00,11.49,ICE
2022-01-13 07:00:00,11.5,ICE
2022-01-13 07:15:00,11.5,ICE
2022-01-13 07:30:00,11.49,ICE
2022-01-13 07:45:00,11.49,ICE
2022-01-13 08:00:00,11.49,ICE
2022-01-13 08:15:00,11.52,ICE
2022-01-13 08:30:00,11.56,ICE
2022-01-13 08:45:00,11.58,ICE
2022-01-13 09:00:00,11.62,ICE
2022-01-13 09:15:00,11.66,ICE
2022-01-13 09:30:00,11.69,ICE
2022-01-13 09:45:00,11.71,ICE
2022-01-13 10:00:00,11.73,ICE
2022-01-13 10:15:00,11.75,ICE
2022-01-13 10:30:00,11.73,ICE
2022-01-13 10:45:00,11.74,ICE
2022-01-13 11:00:00,11.75,ICE
2022-01-13 11:15:00,11.74,ICE
2022-01-13 11:30:00,11.75,ICE
2022-01-13 11:45:00,11.75,ICE
2022-01-13 12:00:00,11.74,ICE
2022-01-13 12:15:00,11.72,ICE
2022-01-13 12:30:00,11.71,ICE
2022-01-13 12:45:00,11.7,ICE
2022-01-13 13:00:00,11.69,ICE
2022-01-13 13:15:00,11.68,ICE
2022-01-13 13:30:00,11.67,ICE
2022-01-13 13:45:00,11.65,ICE
2022-01-13 14:00:00,11.63,ICE
2022-01-13 14:15:00,11.62,ICE
2022-01-13 14:30:00,11.61,ICE
2022-01-13 14:45:00,11.59,ICE
2022-01-13 15:00:00,11.58,ICE
2022-01-13 15:15:00,11.57,ICE
2022-01-13 15:30:00,11.54,ICE
2022-01-13 15:45:00,11.51,ICE
2022-01-13 16:00:00,11.47,ICE
2022-01-13 16:15:00,11.46,ICE
2022-01-13 16:30:00,11.4,ICE
2022-01-13 16:45:00,11.36,ICE
2022-01-13 17:00:00,11.33,ICE
2022-01-13 17:15:00,11.29,ICE
2022-01-13 17:30:00,11.27,ICE
2022-01-13 17:45:00,11.22,ICE
2022-01-13 18:00:00,11.2,ICE
2022-01-13 18:15:00,11.2,ICE
2022-01-13 18:30:00,11.2,ICE
2022-01-13 18:45:00,11.19,ICE
2022-01-13 19:00:00,11.18,ICE
2022-01-13 19:15:00,11.17,ICE
2022-01-13 19:30:00,11.18,ICE
2022-01-13 19:45:00,11.17,ICE
2022-01-13 20:00:00,11.18,ICE
2022-01-13 20:15:00,11.18,ICE
2022-01-13 20:30:00,11.18,ICE
2022-01-13 20:45:00,11.19,ICE
2022-01-13 21:00:00,11.19,ICE
2022-01-13 21:15:00,11.2,ICE
2022-01-13 21:30:00,11.2,ICE
2022-01-13 21:45:00,11.2,ICE
2022-01-13 22:00:00,11.2,ICE
2022-01-13 22:15:00,11.21,ICE
2022-01-13 22:30:00,11.21,ICE
2022-01-13 22:45:00,11.22,ICE
2022-01-13 23:00:00,11.22,ICE
2022-01-13 23:15:00,11.21,ICE
2022-01-13 23:30:00,11.22,ICE
2022-01-13 23:45:00,11.22,ICE
2022-01-14 00:00:00,11.22,ICE
2022-01-14 00:15:00,11.23,ICE
2022-01-14 00:30:00,11.23,ICE
2022-01-14 00:45:00,11.23,ICE
2022-01-14 01:00:00,11.23,ICE
2022-01-14 01:15:00,11.24,ICE
2022-01-14 01:30:00,11.25,ICE
2022-01-14 01:45:00,11.25,ICE
2022-01-14 02:00:00,11.26,ICE
2022-01-14 02:15:00,11.26,ICE
2022-01-14 02:30:00,11.27,ICE
2022-01-14 02:45:00,11.28,ICE
2022-01-14 03:00:00,11.28,ICE
2022-01-14 03:15:00,11.28,ICE
2022-01-14 03:30:00,11.28,ICE
2022-01-14 03:45:00,11.29,ICE
2022-01-14 04:00:00,11.29,ICE
2022-01-14 04:15:00,11.29,ICE
2022-01-14 04:30:00,11.29,ICE
2022-01-14 04:45:00,11.29,ICE
2022-01-14 05:00:00,11.31,ICE
2022-01-14 05:15:00,11.31,ICE
2022-01-14 05:30:00,11.31,ICE
2022-01-14 05:45:00,11.31,ICE
2022-01-14 06:00:00,11.32,ICE
2022-01-14 06:15:00,11.33,ICE
2022-01-14 06:30:00,11.33,ICE
2022-01-14 06:45:00,11.34,ICE
2022-01-14 07:00:00,11.35,ICE
2022-01-14 07:15:00,11.35,ICE
2022-01-14 07:30:00,11.36,ICE
2022-01-14 07:45:00,11.38,ICE
2022-01-14 08:00:00,11.39,ICE
2022-01-14 08:15:00,11.41,ICE
2022-01-14 08:30:00,11.44,ICE
2022-01-14 08:45:00,11.47,ICE
2022-01-14 09:00:00,11.5,ICE
2022-01-14 09:15:00,11.52,ICE
2022-01-14 09:30:00,11.55,ICE
2022-01-14 09:45:00,11.58,ICE
2022-01-14 10:00:00,11.63,ICE
2022-01-14 10:15:00,11.65,ICE
2022-01-14 10:30:00,11.67,ICE
2022-01-14 10:45:00,11.69,ICE
2022-01-14 11:00:00,11.69,ICE
2022-01-14 11:15:00,11.69,ICE
2022-01-14 11:30:00,11.7,ICE
2022-01-14 11:45:00,11.7,ICE
2022-01-14 12:00:00,11.69,ICE
2022-01-14 12:15:00,11.67,ICE
2022-01-14 12:30:00,11.67,ICE
2022-01-14 12:45:00,11.66,ICE
2022-01-14 13:00:00,11.63,ICE
2022-01-14 13:15:00,11.63,ICE
2022-01-14 13:30:00,11.62,ICE
2022-01-14 13:45:00,11.6,ICE
2022-01-14 14:00:00,11.58,ICE
2022-01-14 14:15:00,11.56,ICE
2022-01-14 14:30:00,11.55,ICE
2022-01-14 14:45:00,11.54,ICE
2022-01-14 15:00:00,11.52,ICE
2022-01-14 15:15:00,11.5,ICE
2022-01-14 15:30:00,11.48,ICE
2022-01-14 15:45:00,11.46,ICE
2022-01-14 16:00:00,11.43,ICE
2022-01-14 16:15:00,11.42,ICE
2022-01-14 16:30:00,11.37,ICE
2022-01-14 16:45:00,11.34,ICE
2022-01-14 17:00:00,11.3,ICE
2022-01-14 17:15:00,11.29,ICE
2022-01-14 17:30:00,11.25,ICE
2022-01-14 17:45:00,11.24,ICE
2022-01-14 18:00:00,11.22,ICE
2022-01-14 18:15:00,11.23,ICE
2022-01-14 18:30:00,11.23,ICE
2022-01-14 18:45:00,11.24,ICE
2022-01-14 19:00:00,11.24,ICE
2022-01-14 19:15:00,11.24,ICE
2022-01-14 19:30:00,11.25,ICE
2022-01-14 19:45:00,11.26,ICE
2022-01-14 20:00:00,11.25,ICE
2022-01-14 20:15:00,11.27,ICE
2022-01-14 20:30:00,11.28,ICE
2022-01-14 20:45:00,11.28,ICE
2022-01-14 21:00:00,11.29,ICE
2022-01-14 21:15:00,11.3,ICE
2022-01-14 21:30:00,11.31,ICE
2022-01-14 21:45:00,11.32,ICE
2022-01-14 22:00:00,11.34,ICE
2022-01-14 22:15:00,11.35,ICE
2022-01-14 22:30:00,11.36,ICE
2022-01-14 22:45:00,11.36,ICE
2022-01-14 23:00:00,11.38,ICE
2022-01-14 23:15:00,11.4,ICE
2022-01-14 23:30:00,11.4,ICE
2022-01-14 23:45:00,11.41,ICE
2022-01-15 00:00:00,11.42,ICE
2022-01-15 00:15:00,11.44,ICE
2022-01-15 00:30:00,11.45,ICE
2022-01-15 00:45:00,11.46,ICE
2022-01-15 01:00:00,11.47,ICE
2022-01-15 01:15:00,11.48,ICE
2022-01-15 01:30:00,11.49,ICE
2022-01-15 01:45:00,11.5,ICE
2022-01-15 02:00:00,11.51,ICE
2022-01-15 02:15:00,11.52,ICE
2022-01-15 02:30:00,11.53,ICE
2022-01-15 02:45:00,11.53,ICE
2022-01-15 03:00:00,11.52,ICE
2022-01-15 03:15:00,11.56,ICE
2022-01-15 03:30:00,11.54,ICE
2022-01-15 03:45:00,11.54,ICE
2022-01-15 04:00:00,11.53,ICE
2022-01-15 04:15:00,11.53,ICE
2022-01-15 04:30:00,11.53,ICE
2022-01-15 04:45:00,11.52,ICE
2022-01-15 05:00:00,11.51,ICE
2022-01-15 05:15:00,11.51,ICE
2022-01-15 05:30:00,11.5,ICE
2022-01-15 05:45:00,11.49,ICE
2022-01-15 06:00:00,11.46,ICE
2022-01-15 06:15:00,11.47,ICE
2022-01-15 06:30:00,11.47,ICE
2022-01-15 06:45:00,11.49,ICE
2022-01-15 07:00:00,11.5,ICE
2022-01-15 07:15:00,11.49,ICE
2022-01-15 07:30:00,11.48,ICE
2022-01-15 07:45:00,11.48,ICE
2022-01-15 08:00:00,11.49,ICE
2022-01-15 08:15:00,11.49,ICE
2022-01-15 08:30:00,11.51,ICE
2022-01-15 08:45:00,11.53,ICE
2022-01-15 09:00:00,11.56,ICE
2022-01-15 09:15:00,11.59,ICE
2022-01-15 09:30:00,11.62,ICE
2022-01-15 09:45:00,11.65,ICE
2022-01-15 10:00:00,11.68,ICE
2022-01-15 10:15:00,11.72,ICE
2022-01-15 10:30:00,11.75,ICE
2022-01-15 10:45:00,11.78,ICE
2022-01-15 11:00:00,11.8,ICE
2022-01-15 11:15:00,11.8,ICE
2022-01-15 11:30:00,11.82,ICE
2022-01-15 11:45:00,11.84,ICE
2022-01-15 12:00:00,11.85,ICE
2022-01-15 12:15:00,11.85,ICE
2022-01-15 12:30:00,11.85,ICE
2022-01-15 12:45:00,11.86,ICE
2022-01-15 13:00:00,11.87,ICE
2022-01-15 13:15:00,11.87,ICE
2022-01-15 13:30:00,11.88,ICE
2022-01-15 13:45:00,11.88,ICE
2022-01-15 14:00:00,11.89,ICE
2022-01-15 14:15:00,11.87,ICE
2022-01-15 14:30:00,11.84,ICE
2022-01-15 14:45:00,11.81,ICE
2022-01-15 15:00:00,11.79,ICE
2022-01-15 15:15:00,11.77,ICE
2022-01-15 15:30:00,11.77,ICE
2022-01-15 15:45:00,11.74,ICE
2022-01-15 16:00:00,11.72,ICE
2022-01-15 16:15:00,11.72,ICE
2022-01-15 16:30:00,11.72,ICE
2022-01-15 16:45:00,11.67,ICE
2022-01-15 17:00:00,11.63,ICE
2022-01-15 17:15:00,11.61,ICE
2022-01-15 17:30:00,11.57,ICE
2022-01-15 17:45:00,11.55,ICE
2022-01-15 18:00:00,11.53,ICE
2022-01-15 18:15:00,11.52,ICE
2022-01-15 18:30:00,11.51,ICE
2022-01-15 18:45:00,11.51,ICE
2022-01-15 19:00:00,11.5,ICE
2022-01-15 19:15:00,11.5,ICE
2022-01-15 19:30:00,11.49,ICE
2022-01-15 19:45:00,11.49,ICE
2022-01-15 20:00:00,11.48,ICE
2022-01-15 20:15:00,11.48,ICE
2022-01-15 20:30:00,11.47,ICE
2022-01-15 20:45:00,11.47,ICE
2022-01-15 21:00:00,11.46,ICE
2022-01-15 21:15:00,11.46,ICE
2022-01-15 21:30:00,11.45,ICE
2022-01-15 21:45:00,11.45,ICE
2022-01-15 22:00:00,11.44,ICE
2022-01-15 22:15:00,11.45,ICE
2022-01-15 22:30:00,11.44,ICE
2022-01-15 22:45:00,11.44,ICE
2022-01-15 23:00:00,11.45,ICE
2022-01-15 23:15:00,11.45,ICE
2022-01-15 23:30:00,11.45,ICE
2022-01-15 23:45:00,11.45,ICE
2022-01-16 00:00:00,11.46,ICE
2022-01-16 00:15:00,11.46,ICE
2022-01-16 00:30:00,11.46,ICE
2022-01-16 00:45:00,11.48,ICE
2022-01-16 01:00:00,11.48,ICE
2022-01-16 01:15:00,11.48,ICE
2022-01-16 01:30:00,11.47,ICE
2022-01-16 01:45:00,11.45,ICE
2022-01-16 02:00:00,11.45,ICE
2022-01-16 02:15:00,11.44,ICE
2022-01-16 02:30:00,11.44,ICE
2022-01-16 02:45:00,11.44,ICE
2022-01-16 03:00:00,11.44,ICE
2022-01-16 03:15:00,11.43,ICE
2022-01-16 03:30:00,11.43,ICE
2022-01-16 03:45:00,11.42,ICE
2022-01-16 04:00:00,11.43,ICE
2022-01-16 04:15:00,11.43,ICE
2022-01-16 04:30:00,11.43,ICE
2022-01-16 04:45:00,11.43,ICE
2022-01-16 05:00:00,11.43,ICE
2022-01-16 05:15:00,11.42,ICE
2022-01-16 05:30:00,11.43,ICE
2022-01-16 05:45:00,11.42,ICE
2022-01-16 06:00:00,11.41,ICE
2022-01-16 06:15:00,11.41,ICE
2022-01-16 06:30:00,11.4,ICE
2022-01-16 06:45:00,11.41,ICE
2022-01-16 07:00:00,11.39,ICE
2022-01-16 07:15:00,11.39,ICE
2022-01-16 07:30:00,11.39,ICE
2022-01-16 07:45:00,11.39,ICE
2022-01-16 08:00:00,11.38,ICE
2022-01-16 08:15:00,11.39,ICE
2022-01-16 08:30:00,11.41,ICE
2022-01-16 08:45:00,11.44,ICE
2022-01-16 09:00:00,11.47,ICE
2022-01-16 09:15:00,11.5,ICE
2022-01-16 09:30:00,11.53,ICE
2022-01-16 09:45:00,11.54,ICE
2022-01-16 10:00:00,11.58,ICE
2022-01-16 10:15:00,11.6,ICE
2022-01-16 10:30:00,11.63,ICE
2022-01-16 10:45:00,11.68,ICE
2022-01-16 11:00:00,11.71,ICE
2022-01-16 11:15:00,11.73,ICE
2022-01-16 11:30:00,11.75,ICE
2022-01-16 11:45:00,11.77,ICE
2022-01-16 12:00:00,11.78,ICE
2022-01-16 12:15:00,11.8,ICE
2022-01-16 12:30:00,11.83,ICE
2022-01-16 12:45:00,11.82,ICE
2022-01-16 13:00:00,11.83,ICE
2022-01-16 13:15:00,11.81,ICE
2022-01-16 13:30:00,11.82,ICE
2022-01-16 13:45:00,11.82,ICE
2022-01-16 14:00:00,11.82,ICE
2022-01-16 14:15:00,11.83,ICE
2022-01-16 14:30:00,11.81,ICE
2022-01-16 14:45:00,11.82,ICE
2022-01-16 15:00:00,11.79,ICE
2022-01-16 15:15:00,11.74,ICE
2022-01-16 15:30:00,11.72,ICE
2022-01-16 15:45:00,11.7,ICE
2022-01-16 16:00:00,11.67,ICE
2022-01-16 16:15:00,11.63,ICE
2022-01-16 16:30:00,11.58,ICE
2022-01-16 16:45:00,11.54,ICE
2022-01-16 17:00:00,11.5,ICE
2022-01-16 17:15:00,11.48,ICE
2022-01-16 17:30:00,11.46,ICE
2022-01-16 17:45:00,11.44,ICE
2022-01-16 18:00:00,11.43,ICE
2022-01-16 18:15:00,11.42,ICE
2022-01-16 18:30:00,11.42,ICE
2022-01-16 18:45:00,11.41,ICE
2022-01-16 19:00:00,11.41,ICE
2022-01-16 19:15:00,11.4,ICE
2022-01-16 19:30:00,11.4,ICE
2022-01-16 19:45:00,11.39,ICE
2022-01-16 20:00:00,11.38,ICE
2022-01-16 20:15:00,11.37,ICE
2022-01-16 20:30:00,11.37,ICE
2022-01-16 20:45:00,11.36,ICE
2022-01-16 21:00:00,11.35,ICE
2022-01-16 21:15:00,11.36,ICE
2022-01-16 21:30:00,11.36,ICE
2022-01-16 21:45:00,11.36,ICE
2022-01-16 22:00:00,11.35,ICE
2022-01-16 22:15:00,11.36,ICE
2022-01-16 22:30:00,11.37,ICE
2022-01-16 22:45:00,11.37,ICE
2022-01-16 23:00:00,11.36,ICE
2022-01-16 23:15:00,11.37,ICE
2022-01-16 23:30:00,11.37,ICE
2022-01-16 23:45:00,11.38,ICE
2022-01-17 00:00:00,11.39,ICE
2022-01-17 00:15:00,11.4,ICE
2022-01-17 00:30:00,11.4,ICE
2022-01-17 00:45:00,11.41,ICE
2022-01-17 01:00:00,11.41,ICE
2022-01-17 01:15:00,11.41,ICE
2022-01-17 01:30:00,11.41,ICE
2022-01-17 01:45:00,11.42,ICE
2022-01-17 02:00:00,11.41,ICE
2022-01-17 02:15:00,11.42,ICE
2022-01-17 02:30:00,11.41,ICE
2022-01-17 02:45:00,11.41,ICE
2022-01-17 03:00:00,11.4,ICE
2022-01-17 03:15:00,11.4,ICE
2022-01-17 03:30:00,11.4,ICE
2022-01-17 03:45:00,11.38,ICE
2022-01-17 04:00:00,11.39,ICE
2022-01-17 04:15:00,11.38,ICE
2022-01-17 04:30:00,11.38,ICE
2022-01-17 04:45:00,11.38,ICE
2022-01-17 05:00:00,11.37,ICE
2022-01-17 05:15:00,11.38,ICE
2022-01-17 05:30:00,11.37,ICE
2022-01-17 05:45:00,11.37,ICE
2022-01-17 06:00:00,11.36,ICE
2022-01-17 06:15:00,11.36,ICE
2022-01-17 06:30:00,11.35,ICE
2022-01-17 06:45:00,11.35,ICE
2022-01-17 07:00:00,11.35,ICE
2022-01-17 07:15:00,11.35,ICE
2022-01-17 07:30:00,11.35,ICE
2022-01-17 07:45:00,11.34,ICE
2022-01-17 08:00:00,11.34,ICE
2022-01-17 08:15:00,11.36,ICE
2022-01-17 08:30:00,11.39,ICE
2022-01-17 08:45:00,11.45,ICE
2022-01-17 09:00:00,11.51,ICE
2022-01-17 09:15:00,11.55,ICE
2022-01-17 09:30:00,11.59,ICE
2022-01-17 09:45:00,11.61,ICE
2022-01-17 10:00:00,11.65,ICE
2022-01-17 10:15:00,11.68,ICE
2022-01-17 10:30:00,11.68,ICE
2022-01-17 10:45:00,11.69,ICE
2022-01-17 11:00:00,11.68,ICE
2022-01-17 11:15:00,11.69,ICE
2022-01-17 11:30:00,11.71,ICE
2022-01-17 11:45:00,11.73,ICE
2022-01-17 12:00:00,11.73,ICE
2022-01-17 12:15:00,11.73,ICE
2022-01-17 12:30:00,11.74,ICE
2022-01-17 12:45:00,11.74,ICE
2022-01-17 13:00:00,11.75,ICE
2022-01-17 13:15:00,11.74,ICE
2022-01-17 13:30:00,11.74,ICE
2022-01-17 13:45:00,11.73,ICE
2022-01-17 14:00:00,11.72,ICE
2022-01-17 14:15:00,11.7,ICE
2022-01-17 14:30:00,11.71,ICE
2022-01-17 14:45:00,11.69,ICE
2022-01-17 15:00:00,11.68,ICE
2022-01-17 15:15:00,11.67,ICE
2022-01-17 15:30:00,11.68,ICE
2022-01-17 15:45:00,11.68,ICE
2022-01-17 16:00:00,11.64,ICE
2022-01-17 16:15:00,11.58,ICE
2022-01-17 16:30:00,11.5,ICE
2022-01-17 16:45:00,11.44,ICE
2022-01-17 17:00:00,11.38,ICE
2022-01-17 17:15:00,11.33,ICE
2022-01-17 17:30:00,11.29,ICE
2022-01-17 17:45:00,11.26,ICE
2022-01-17 18:00:00,11.24,ICE
2022-01-17 18:15:00,11.21,ICE
2022-01-17 18:30:00,11.21,ICE
2022-01-17 18:45:00,11.2,ICE
2022-01-17 19:00:00,11.19,ICE
2022-01-17 19:15:00,11.19,ICE
2022-01-17 19:30:00,11.18,ICE
2022-01-17 19:45:00,11.18,ICE
2022-01-17 20:00:00,11.18,ICE
2022-01-17 20:15:00,11.18,ICE
2022-01-17 20:30:00,11.17,ICE
2022-01-17 20:45:00,11.18,ICE
2022-01-17 21:00:00,11.17,ICE
2022-01-17 21:15:00,11.18,ICE
2022-01-17 21:30:00,11.17,ICE
2022-01-17 21:45:00,11.17,ICE
2022-01-17 22:00:00,11.18,ICE
2022-01-17 22:15:00,11.18,ICE
2022-01-17 22:30:00,11.18,ICE
2022-01-17 22:45:00,11.19,ICE
2022-01-17 23:00:00,11.2,ICE
2022-01-17 23:15:00,11.21,ICE
2022-01-17 23:30:00,11.2,ICE
2022-01-17 23:45:00,11.21,ICE
2022-01-18 00:00:00,11.21,ICE
2022-01-18 00:15:00,11.22,ICE
2022-01-18 00:30:00,11.22,ICE
2022-01-18 00:45:00,11.23,ICE
2022-01-18 01:00:00,11.23,ICE
2022-01-18 01:15:00,11.23,ICE
2022-01-18 01:30:00,11.23,ICE
2022-01-18 01:45:00,11.23,ICE
2022-01-18 02:00:00,11.24,ICE
2022-01-18 02:15:00,11.25,ICE
2022-01-18 02:30:00,11.25,ICE
2022-01-18 02:45:00,11.26,ICE
2022-01-18 03:00:00,11.27,ICE
2022-01-18 03:15:00,11.28,ICE
2022-01-18 03:30:00,11.29,ICE
2022-01-18 03:45:00,11.29,ICE
2022-01-18 04:00:00,11.29,ICE
2022-01-18 04:15:00,11.3,ICE
2022-01-18 04:30:00,11.3,ICE
2022-01-18 04:45:00,11.32,ICE
2022-01-18 05:00:00,11.32,ICE
2022-01-18 05:15:00,11.32,ICE
2022-01-18 05:30:00,11.33,ICE
2022-01-18 05:45:00,11.33,ICE
2022-01-18 06:00:00,11.34,ICE
2022-01-18 06:15:00,11.35,ICE
2022-01-18 06:30:00,11.35,ICE
2022-01-18 06:45:00,11.36,ICE
2022-01-18 07:00:00,11.37,ICE
2022-01-18 07:15:00,11.36,ICE
2022-01-18 07:30:00,11.37,ICE
2022-01-18 07:45:00,11.38,ICE
2022-01-18 08:00:00,11.38,ICE
2022-01-18 08:15:00,11.4,ICE
2022-01-18 08:30:00,11.43,ICE
2022-01-18 08:45:00,11.47,ICE
2022-01-18 09:00:00,11.51,ICE
2022-01-18 09:15:00,11.54,ICE
2022-01-18 09:30:00,11.56,ICE
2022-01-18 09:45:00,11.61,ICE
2022-01-18 10:00:00,11.66,ICE
2022-01-18 10:15:00,11.69,ICE
2022-01-18 10:30:00,11.7,ICE
2022-01-18 10:45:00,11.7,ICE
2022-01-18 11:00:00,11.7,ICE
2022-01-18 11:15:00,11.71,ICE
2022-01-18 11:30:00,11.7,ICE
2022-01-18 11:45:00,11.7,ICE
2022-01-18 12:00:00,11.7,ICE
2022-01-18 12:15:00,11.7,ICE
2022-01-18 12:30:00,11.71,ICE
2022-01-18 12:45:00,11.71,ICE
2022-01-18 13:00:00,11.69,ICE
2022-01-18 13:15:00,11.68,ICE
2022-01-18 13:30:00,11.66,ICE
2022-01-18 13:45:00,11.67,ICE
2022-01-18 14:00:00,11.64,ICE
2022-01-18 14:15:00,11.62,ICE
2022-01-18 14:30:00,11.59,ICE
2022-01-18 14:45:00,11.55,ICE
2022-01-18 15:00:00,11.52,ICE
2022-01-18 15:15:00,11.51,ICE
2022-01-18 15:30:00,11.46,ICE
2022-01-18 15:45:00,11.4,ICE
2022-01-18 16:00:00,11.33,ICE
2022-01-18 16:15:00,11.3,ICE
2022-01-18 16:30:00,11.35,ICE
2022-01-18 16:45:00,11.33,ICE
2022-01-18 17:00:00,11.28,ICE
2022-01-18 17:15:00,11.22,ICE
2022-01-18 17:30:00,11.16,ICE
2022-01-18 17:45:00,11.14,ICE
2022-01-18 18:00:00,11.1,ICE
2022-01-18 18:15:00,11.1,ICE
2022-01-18 18:30:00,11.1,ICE
2022-01-18 18:45:00,11.07,ICE
2022-01-18 19:00:00,11.09,ICE
2022-01-18 19:15:00,11.1,ICE
2022-01-18 19:30:00,11.09,ICE
2022-01-18 19:45:00,11.09,ICE
2022-01-18 20:00:00,11.08,ICE
2022-01-18 20:15:00,11.1,ICE
2022-01-18 20:30:00,11.1,ICE
2022-01-18 20:45:00,11.09,ICE
2022-01-18 21:00:00,11.11,ICE
2022-01-18 21:15:00,11.12,ICE
2022-01-18 21:30:00,11.11,ICE
2022-01-18 21:45:00,11.11,ICE
2022-01-18 22:00:00,11.12,ICE
2022-01-18 22:15:00,11.12,ICE
2022-01-18 22:30:00,11.13,ICE
2022-01-18 22:45:00,11.13,ICE
2022-01-18 23:00:00,11.13,ICE
2022-01-18 23:15:00,11.14,ICE
2022-01-18 23:30:00,11.16,ICE
2022-01-18 23:45:00,11.16,ICE
2022-01-19 00:00:00,11.17,ICE
2022-01-19 00:15:00,11.18,ICE
2022-01-19 00:30:00,11.19,ICE
2022-01-19 00:45:00,11.19,ICE
2022-01-19 01:00:00,11.19,ICE
2022-01-19 01:15:00,11.19,ICE
2022-01-19 01:30:00,11.2,ICE
2022-01-19 01:45:00,11.2,ICE
2022-01-19 02:00:00,11.2,ICE
2022-01-19 02:15:00,11.2,ICE
2022-01-19 02:30:00,11.2,ICE
2022-01-19 02:45:00,11.21,ICE
2022-01-19 03:00:00,11.21,ICE
2022-01-19 03:15:00,11.21,ICE
2022-01-19 03:30:00,11.2,ICE
2022-01-19 03:45:00,11.21,ICE
2022-01-19 04:00:00,11.22,ICE
2022-01-19 04:15:00,11.22,ICE
2022-01-19 04:30:00,11.21,ICE
2022-01-19 04:45:00,11.22,ICE
2022-01-19 05:00:00,11.23,ICE
2022-01-19 05:15:00,11.23,ICE
2022-01-19 05:30:00,11.24,ICE
2022-01-19 05:45:00,11.24,ICE
2022-01-19 06:00:00,11.23,ICE
2022-01-19 06:15:00,11.23,ICE
2022-01-19 06:30:00,11.23,ICE
2022-01-19 06:45:00,11.24,ICE
2022-01-19 07:00:00,11.23,ICE
2022-01-19 07:15:00,11.24,ICE
2022-01-19 07:30:00,11.24,ICE
2022-01-19 07:45:00,11.24,ICE
2022-01-19 08:00:00,11.25,ICE
2022-01-19 08:15:00,11.28,ICE
2022-01-19 08:30:00,11.31,ICE
2022-01-19 08:45:00,11.33,ICE
2022-01-19 09:00:00,11.38,ICE
2022-01-19 09:15:00,11.45,ICE
2022-01-19 09:30:00,11.52,ICE
2022-01-19 09:45:00,11.55,ICE
2022-01-19 10:00:00,11.55,ICE
2022-01-19 10:15:00,11.57,ICE
2022-01-19 10:30:00,11.6,ICE
2022-01-19 10:45:00,11.63,ICE
2022-01-19 11:00:00,11.63,ICE
2022-01-19 11:15:00,11.65,ICE
2022-01-19 11:30:00,11.62,ICE
2022-01-19 11:45:00,11.62,ICE
2022-01-19 12:00:00,11.57,ICE
2022-01-19 12:15:00,11.58,ICE
2022-01-19 12:30:00,11.56,ICE
2022-01-19 12:45:00,11.58,ICE
2022-01-19 13:00:00,11.6,ICE
2022-01-19 13:15:00,11.59,ICE
2022-01-19 13:30:00,11.58,ICE
2022-01-19 13:45:00,11.55,ICE
2022-01-19 14:00:00,11.51,ICE
2022-01-19 14:15:00,11.53,ICE
2022-01-19 14:30:00,11.51,ICE
2022-01-19 14:45:00,11.48,ICE
2022-01-19 15:00:00,11.45,ICE
2022-01-19 15:15:00,11.42,ICE
2022-01-19 15:30:00,11.4,ICE
2022-01-19 15:45:00,11.36,ICE
2022-01-19 16:00:00,11.34,ICE
2022-01-19 16:15:00,11.31,ICE
2022-01-19 16:30:00,11.27,ICE
2022-01-19 16:45:00,11.25,ICE
2022-01-19 17:00:00,11.2,ICE
2022-01-19 17:15:00,11.15,ICE
2022-01-19 17:30:00,11.11,ICE
2022-01-19 17:45:00,11.08,ICE
2022-01-19 18:00:00,11.05,ICE
2022-01-19 18:15:00,11.05,ICE
2022-01-19 18:30:00,11.06,ICE
2022-01-19 18:45:00,11.07,ICE
2022-01-19 19:00:00,11.08,ICE
2022-01-19 19:15:00,11.09,ICE
2022-01-19 19:30:00,11.09,ICE
2022-01-19 19:45:00,11.09,ICE
2022-01-19 20:00:00,11.11,ICE
2022-01-19 20:15:00,11.12,ICE
2022-01-19 20:30:00,11.13,ICE
2022-01-19 20:45:00,11.12,ICE
2022-01-19 21:00:00,11.13,ICE
2022-01-19 21:15:00,11.14,ICE
2022-01-19 21:30:00,11.14,ICE
2022-01-19 21:45:00,11.15,ICE
2022-01-19 22:00:00,11.15,ICE
2022-01-19 22:15:00,11.17,ICE
2022-01-19 22:30:00,11.18,ICE
2022-01-19 22:45:00,11.19,ICE
2022-01-19 23:00:00,11.2,ICE
2022-01-19 23:15:00,11.21,ICE
2022-01-19 23:30:00,11.21,ICE
2022-01-19 23:45:00,11.23,ICE
2022-01-20 00:00:00,11.24,ICE
2022-01-20 00:15:00,11.25,ICE
2022-01-20 00:30:00,11.27,ICE
2022-01-20 00:45:00,11.27,ICE
2022-01-20 01:00:00,11.29,ICE
2022-01-20 01:15:00,11.3,ICE
2022-01-20 01:30:00,11.31,ICE
2022-01-20 01:45:00,11.32,ICE
2022-01-20 02:00:00,11.33,ICE
2022-01-20 02:15:00,11.35,ICE
2022-01-20 02:30:00,11.36,ICE
2022-01-20 02:45:00,11.36,ICE
2022-01-20 03:00:00,11.38,ICE
2022-01-20 03:15:00,11.4,ICE
2022-01-20 03:30:00,11.41,ICE
2022-01-20 03:45:00,11.42,ICE
2022-01-20 04:00:00,11.43,ICE
2022-01-20 04:15:00,11.44,ICE
2022-01-20 04:30:00,11.45,ICE
2022-01-20 04:45:00,11.46,ICE
2022-01-20 05:00:00,11.47,ICE
2022-01-20 05:15:00,11.48,ICE
2022-01-20 05:30:00,11.48,ICE
2022-01-20 05:45:00,11.49,ICE
2022-01-20 06:00:00,11.49,ICE
2022-01-20 06:15:00,11.5,ICE
2022-01-20 06:30:00,11.5,ICE
2022-01-20 06:45:00,11.5,ICE
2022-01-20 07:00:00,11.49,ICE
2022-01-20 07:15:00,11.49,ICE
2022-01-20 07:30:00,11.48,ICE
2022-01-20 07:45:00,11.48,ICE
2022-01-20 08:00:00,11.48,ICE
2022-01-20 08:15:00,11.5,ICE
2022-01-20 08:30:00,11.53,ICE
2022-01-20 08:45:00,11.58,ICE
2022-01-20 09:00:00,11.65,ICE
2022-01-20 09:15:00,11.71,ICE
2022-01-20 09:30:00,11.78,ICE
2022-01-20 09:45:00,11.85,ICE
2022-01-20 10:00:00,11.9,ICE
2022-01-20 10:15:00,11.91,ICE
2022-01-20 10:30:00,11.91,ICE
2022-01-20 10:45:00,11.94,ICE
2022-01-20 11:00:00,11.92,ICE
2022-01-20 11:15:00,11.95,ICE
2022-01-20 11:30:00,11.95,ICE
2022-01-20 11:45:00,11.93,ICE
2022-01-20 12:00:00,11.9,ICE
2022-01-20 12:15:00,11.91,ICE
2022-01-20 12:30:00,11.91,ICE
2022-01-20 12:45:00,11.91,ICE
2022-01-20 13:00:00,11.9,ICE
2022-01-20 13:15:00,11.9,ICE
2022-01-20 13:30:00,11.91,ICE
2022-01-20 13:45:00,11.88,ICE
2022-01-20 14:00:00,11.88,ICE
2022-01-20 14:15:00,11.87,ICE
2022-01-20 14:30:00,11.86,ICE
2022-01-20 14:45:00,11.84,ICE
2022-01-20 15:00:00,11.84,ICE
2022-01-20 15:15:00,11.84,ICE
2022-01-20 15:30:00,11.81,ICE
2022-01-20 15:45:00,11.82,ICE
2022-01-20 16:00:00,11.8,ICE
2022-01-20 16:15:00,11.74,ICE
2022-01-20 16:30:00,11.67,ICE
2022-01-20 16:45:00,11.65,ICE
2022-01-20 17:00:00,11.61,ICE
2022-01-20 17:15:00,11.56,ICE
2022-01-20 17:30:00,11.51,ICE
2022-01-20 17:45:00,11.47,ICE
2022-01-20 18:00:00,11.45,ICE
2022-01-20 18:15:00,11.44,ICE
2022-01-20 18:30:00,11.41,ICE
2022-01-20 18:45:00,11.41,ICE
2022-01-20 19:00:00,11.39,ICE
2022-01-20 19:15:00,11.38,ICE
2022-01-20 19:30:00,11.37,ICE
2022-01-20 19:45:00,11.36,ICE
2022-01-20 20:00:00,11.33,ICE
2022-01-20 20:15:00,11.33,ICE
2022-01-20 20:30:00,11.33,ICE
2022-01-20 20:45:00,11.31,ICE
2022-01-20 21:00:00,11.3,ICE
2022-01-20 21:15:00,11.29,ICE
2022-01-20 21:30:00,11.27,ICE
2022-01-20 21:45:00,11.28,ICE
2022-01-20 22:00:00,11.28,ICE
2022-01-20 22:15:00,11.29,ICE
2022-01-20 22:30:00,11.3,ICE
2022-01-20 22:45:00,11.29,ICE
2022-01-20 23:00:00,11.29,ICE
2022-01-20 23:15:00,11.28,ICE
2022-01-20 23:30:00,11.28,ICE
2022-01-20 23:45:00,11.27,ICE
2022-01-21 00:00:00,11.28,ICE
2022-01-21 00:15:00,11.28,ICE
2022-01-21 00:30:00,11.27,ICE
2022-01-21 00:45:00,11.27,ICE
2022-01-21 01:00:00,11.27,ICE
2022-01-21 01:15:00,11.26,ICE
2022-01-21 01:30:00,11.27,ICE
2022-01-21 01:45:00,11.25,ICE
2022-01-21 02:00:00,11.25,ICE
2022-01-21 02:15:00,11.24,ICE
2022-01-21 02:30:00,11.25,ICE
2022-01-21 02:45:00,11.25,ICE
2022-01-21 03:00:00,11.24,ICE
2022-01-21 03:15:00,11.23,ICE
2022-01-21 03:30:00,11.24,ICE
2022-01-21 03:45:00,11.24,ICE
2022-01-21 04:00:00,11.24,ICE
2022-01-21 04:15:00,11.25,ICE
2022-01-21 04:30:00,11.24,ICE
2022-01-21 04:45:00,11.24,ICE
2022-01-21 05:00:00,11.22,ICE
2022-01-21 05:15:00,11.24,ICE
2022-01-21 05:30:00,11.23,ICE
2022-01-21 05:45:00,11.23,ICE
2022-01-21 06:00:00,11.23,ICE
2022-01-21 06:15:00,11.22,ICE
2022-01-21 06:30:00,11.22,ICE
2022-01-21 06:45:00,11.23,ICE
2022-01-21 07:00:00,11.23,ICE
2022-01-21 07:15:00,11.22,ICE
2022-01-21 07:30:00,11.22,ICE
2022-01-21 07:45:00,11.21,ICE
2022-01-21 08:00:00,11.23,ICE
2022-01-21 08:15:00,11.25,ICE
2022-01-21 08:30:00,11.29,ICE
2022-01-21 08:45:00,11.33,ICE
2022-01-21 09:00:00,11.38,ICE
2022-01-21 09:15:00,11.41,ICE
2022-01-21 09:30:00,11.45,ICE
2022-01-21 09:45:00,11.5,ICE
2022-01-21 10:00:00,11.52,ICE
2022-01-21 10:15:00,11.55,ICE
2022-01-21 10:30:00,11.57,ICE
2022-01-21 10:45:00,11.57,ICE
2022-01-21 11:00:00,11.59,ICE
2022-01-21 11:15:00,11.58,ICE
2022-01-21 11:30:00,11.59,ICE
2022-01-21 11:45:00,11.6,ICE
2022-01-21 12:00:00,11.6,ICE
2022-01-21 12:15:00,11.59,ICE
2022-01-21 12:30:00,11.56,ICE
2022-01-21 12:45:00,11.55,ICE
2022-01-21 13:00:00,11.53,ICE
2022-01-21 13:15:00,11.5,ICE
2022-01-21 13:30:00,11.48,ICE
2022-01-21 13:45:00,11.45,ICE
2022-01-21 14:00:00,11.46,ICE
2022-01-21 14:15:00,11.45,ICE
2022-01-21 14:30:00,11.4,ICE
2022-01-21 14:45:00,11.38,ICE
2022-01-21 15:00:00,11.33,ICE
2022-01-21 15:15:00,11.35,ICE
2022-01-21 15:30:00,11.34,ICE
2022-01-21 15:45:00,11.23,ICE
2022-01-21 16:00:00,11.22,ICE
2022-01-21 16:15:00,11.23,ICE
2022-01-21 16:30:00,11.18,ICE
2022-01-21 16:45:00,11.13,ICE
2022-01-21 17:00:00,11.06,ICE
2022-01-21 17:15:00,11.01,ICE
2022-01-21 17:30:00,10.97,ICE
2022-01-21 17:45:00,10.94,ICE
2022-01-21 18:00:00,10.93,ICE
2022-01-21 18:15:00,10.93,ICE
2022-01-21 18:30:00,10.94,ICE
2022-01-21 18:45:00,10.95,ICE
2022-01-21 19:00:00,10.95,ICE
2022-01-21 19:15:00,10.94,ICE
2022-01-21 19:30:00,10.97,ICE
2022-01-21 19:45:00,10.97,ICE
2022-01-21 20:00:00,10.98,ICE
2022-01-21 20:15:00,10.99,ICE
2022-01-21 20:30:00,11.01,ICE
2022-01-21 20:45:00,11.02,ICE
2022-01-21 21:00:00,11.04,ICE
2022-01-21 21:15:00,11.05,ICE
2022-01-21 21:30:00,11.07,ICE
2022-01-21 21:45:00,11.08,ICE
2022-01-21 22:00:00,11.11,ICE
2022-01-21 22:15:00,11.13,ICE
2022-01-21 22:30:00,11.15,ICE
2022-01-21 22:45:00,11.17,ICE
2022-01-21 23:00:00,11.19,ICE
2022-01-21 23:15:00,11.21,ICE
2022-01-21 23:30:00,11.23,ICE
2022-01-21 23:45:00,11.25,ICE
2022-01-22 00:00:00,11.27,ICE
2022-01-22 00:15:00,11.28,ICE
2022-01-22 00:30:00,11.29,ICE
2022-01-22 00:45:00,11.31,ICE
2022-01-22 01:00:00,11.29,ICE
2022-01-22 01:15:00,11.34,ICE
2022-01-22 01:30:00,11.36,ICE
2022-01-22 01:45:00,11.38,ICE
2022-01-22 02:00:00,11.39,ICE
2022-01-22 02:15:00,11.42,ICE
2022-01-22 02:30:00,11.44,ICE
2022-01-22 02:45:00,11.42,ICE
2022-01-22 03:00:00,11.43,ICE
2022-01-22 03:15:00,11.4,ICE
2022-01-22 03:30:00,11.43,ICE
2022-01-22 03:45:00,11.44,ICE
2022-01-22 04:00:00,11.44,ICE
2022-01-22 04:15:00,11.43,ICE
2022-01-22 04:30:00,11.43,ICE
2022-01-22 04:45:00,11.41,ICE
2022-01-22 05:00:00,11.39,ICE
2022-01-22 05:15:00,11.37,ICE
2022-01-22 05:30:00,11.3,ICE
2022-01-22 05:45:00,11.28,ICE
2022-01-22 06:00:00,11.3,ICE
2022-01-22 06:15:00,11.32,ICE
2022-01-22 06:30:00,11.34,ICE
2022-01-22 06:45:00,11.37,ICE
2022-01-22 07:00:00,11.39,ICE
2022-01-22 07:15:00,11.41,ICE
2022-01-22 07:30:00,11.41,ICE
2022-01-22 07:45:00,11.4,ICE
2022-01-22 08:00:00,11.41,ICE
2022-01-22 08:15:00,11.44,ICE
2022-01-22 08:30:00,11.44,ICE
2022-01-22 08:45:00,11.46,ICE
2022-01-22 09:00:00,11.5,ICE
2022-01-22 09:15:00,11.52,ICE
2022-01-22 09:30:00,11.56,ICE
2022-01-22 09:45:00,11.58,ICE
2022-01-22 10:00:00,11.67,ICE
2022-01-22 10:15:00,11.69,ICE
2022-01-22 10:30:00,11.72,ICE
2022-01-22 10:45:00,11.6,ICE
2022-01-22 11:00:00,11.72,ICE
2022-01-22 11:15:00,11.78,ICE
2022-01-22 11:30:00,11.82,ICE
2022-01-22 11:45:00,11.85,ICE
2022-01-22 12:00:00,11.87,ICE
2022-01-22 12:15:00,11.92,ICE
2022-01-22 12:30:00,11.95,ICE
2022-01-22 12:45:00,11.96,ICE
2022-01-22 13:00:00,11.96,ICE
2022-01-22 13:15:00,11.96,ICE
2022-01-22 13:30:00,11.96,ICE
2022-01-22 13:45:00,11.96,ICE
2022-01-22 14:00:00,11.95,ICE
2022-01-22 14:15:00,11.95,ICE
2022-01-22 14:30:00,11.92,ICE
2022-01-22 14:45:00,11.91,ICE
2022-01-22 15:00:00,11.9,ICE
2022-01-22 15:15:00,11.89,ICE
2022-01-22 15:30:00,11.82,ICE
2022-01-22 15:45:00,11.8,ICE
2022-01-22 16:00:00,11.79,ICE
2022-01-22 16:15:00,11.76,ICE
2022-01-22 16:30:00,11.73,ICE
2022-01-22 16:45:00,11.69,ICE
2022-01-22 17:00:00,11.63,ICE
2022-01-22 17:15:00,11.59,ICE
2022-01-22 17:30:00,11.57,ICE
2022-01-22 17:45:00,11.54,ICE
2022-01-22 18:00:00,11.52,ICE
2022-01-22 18:15:00,11.51,ICE
2022-01-22 18:30:00,11.5,ICE
2022-01-22 18:45:00,11.49,ICE
2022-01-22 19:00:00,11.47,ICE
2022-01-22 19:15:00,11.47,ICE
2022-01-22 19:30:00,11.46,ICE
2022-01-22 19:45:00,11.47,ICE
2022-01-22 20:00:00,11.46,ICE
2022-01-22 20:15:00,11.45,ICE
2022-01-22 20:30:00,11.46,ICE
2022-01-22 20:45:00,11.45,ICE
2022-01-22 21:00:00,11.45,ICE
2022-01-22 21:15:00,11.44,ICE
2022-01-22 21:30:00,11.43,ICE
2022-01-22 21:45:00,11.43,ICE
2022-01-22 22:00:00,11.44,ICE
2022-01-22 22:15:00,11.43,ICE
2022-01-22 22:30:00,11.42,ICE
2022-01-22 22:45:00,11.42,ICE
2022-01-22 23:00:00,11.42,ICE
2022-01-22 23:15:00,11.42,ICE
2022-01-22 23:30:00,11.41,ICE
2022-01-22 23:45:00,11.4,ICE
2022-01-23 00:00:00,11.41,ICE
2022-01-23 00:15:00,11.4,ICE
2022-01-23 00:30:00,11.4,ICE
2022-01-23 00:45:00,11.39,ICE
2022-01-23 01:00:00,11.4,ICE
2022-01-23 01:15:00,11.39,ICE
2022-01-23 01:30:00,11.38,ICE
2022-01-23 01:45:00,11.39,ICE
2022-01-23 02:00:00,11.38,ICE
2022-01-23 02:15:00,11.38,ICE
2022-01-23 02:30:00,11.38,ICE
2022-01-23 02:45:00,11.36,ICE
2022-01-23 03:00:00,11.36,ICE
2022-01-23 03:15:00,11.36,ICE
2022-01-23 03:30:00,11.36,ICE
2022-01-23 03:45:00,11.35,ICE
2022-01-23 04:00:00,11.34,ICE
2022-01-23 04:15:00,11.34,ICE
2022-01-23 04:30:00,11.34,ICE
2022-01-23 04:45:00,11.33,ICE
2022-01-23 05:00:00,11.33,ICE
2022-01-23 05:15:00,11.33,ICE
2022-01-23 05:30:00,11.33,ICE
2022-01-23 05:45:00,11.32,ICE
2022-01-23 06:00:00,11.32,ICE
2022-01-23 06:15:00,11.32,ICE
2022-01-23 06:30:00,11.32,ICE
2022-01-23 06:45:00,11.32,ICE
2022-01-23 07:00:00,11.31,ICE
2022-01-23 07:15:00,11.31,ICE
2022-01-23 07:30:00,11.31,ICE
2022-01-23 07:45:00,11.3,ICE
2022-01-23 08:00:00,11.29,ICE
2022-01-23 08:15:00,11.3,ICE
2022-01-23 08:30:00,11.31,ICE
2022-01-23 08:45:00,11.32,ICE
2022-01-23 09:00:00,11.35,ICE
2022-01-23 09:15:00,11.37,ICE
2022-01-23 09:30:00,11.38,ICE
2022-01-23 09:45:00,11.41,ICE
2022-01-23 10:00:00,11.45,ICE
2022-01-23 10:15:00,11.5,ICE
2022-01-23 10:30:00,11.55,ICE
2022-01-23 10:45:00,11.61,ICE
2022-01-23 11:00:00,11.7,ICE
2022-01-23 11:15:00,11.78,ICE
2022-01-23 11:30:00,11.82,ICE
2022-01-23 11:45:00,11.84,ICE
2022-01-23 12:00:00,11.87,ICE
2022-01-23 12:15:00,11.9,ICE
2022-01-23 12:30:00,11.92,ICE
2022-01-23 12:45:00,11.95,ICE
2022-01-23 13:00:00,11.96,ICE
2022-01-23 13:15:00,11.96,ICE
2022-01-23 13:30:00,11.97,ICE
2022-01-23 13:45:00,11.96,ICE
2022-01-23 14:00:00,11.95,ICE
2022-01-23 14:15:00,11.95,ICE
2022-01-23 14:30:00,11.94,ICE
2022-01-23 14:45:00,11.92,ICE
2022-01-23 15:00:00,11.91,ICE
2022-01-23 15:15:00,11.89,ICE
2022-01-23 15:30:00,11.86,ICE
2022-01-23 15:45:00,11.84,ICE
2022-01-23 16:00:00,11.81,ICE
2022-01-23 16:15:00,11.77,ICE
2022-01-23 16:30:00,11.73,ICE
2022-01-23 16:45:00,11.67,ICE
2022-01-23 17:00:00,11.62,ICE
2022-01-23 17:15:00,11.56,ICE
2022-01-23 17:30:00,11.53,ICE
2022-01-23 17:45:00,11.5,ICE
2022-01-23 18:00:00,11.46,ICE
2022-01-23 18:15:00,11.44,ICE
2022-01-23 18:30:00,11.43,ICE
2022-01-23 18:45:00,11.42,ICE
2022-01-23 19:00:00,11.41,ICE
2022-01-23 19:15:00,11.41,ICE
2022-01-23 19:30:00,11.4,ICE
2022-01-23 19:45:00,11.41,ICE
2022-01-23 20:00:00,11.41,ICE
2022-01-23 20:15:00,11.41,ICE
2022-01-23 20:30:00,11.4,ICE
2022-01-23 20:45:00,11.4,ICE
2022-01-23 21:00:00,11.39,ICE
2022-01-23 21:15:00,11.39,ICE
2022-01-23 21:30:00,11.39,ICE
2022-01-23 21:45:00,11.38,ICE
2022-01-23 22:00:00,11.38,ICE
2022-01-23 22:15:00,11.38,ICE
2022-01-23 22:30:00,11.38,ICE
2022-01-23 22:45:00,11.38,ICE
2022-01-23 23:00:00,11.37,ICE
2022-01-23 23:15:00,11.37,ICE
2022-01-23 23:30:00,11.37,ICE
2022-01-23 23:45:00,11.36,ICE
2022-01-24 00:00:00,11.36,ICE
2022-01-24 00:15:00,11.36,ICE
2022-01-24 00:30:00,11.36,ICE
2022-01-24 00:45:00,11.35,ICE
2022-01-24 01:00:00,11.34,ICE
2022-01-24 01:15:00,11.32,ICE
2022-01-24 01:30:00,11.31,ICE
2022-01-24 01:45:00,11.31,ICE
2022-01-24 02:00:00,11.3,ICE
2022-01-24 02:15:00,11.29,ICE
2022-01-24 02:30:00,11.28,ICE
2022-01-24 02:45:00,11.27,ICE
2022-01-24 03:00:00,11.27,ICE
2022-01-24 03:15:00,11.27,ICE
2022-01-24 03:30:00,11.27,ICE
2022-01-24 03:45:00,11.27,ICE
2022-01-24 04:00:00,11.28,ICE
2022-01-24 04:15:00,11.27,ICE
2022-01-24 04:30:00,11.27,ICE
2022-01-24 04:45:00,11.27,ICE
2022-01-24 05:00:00,11.27,ICE
2022-01-24 05:15:00,11.27,ICE
2022-01-24 05:30:00,11.26,ICE
2022-01-24 05:45:00,11.27,ICE
2022-01-24 06:00:00,11.26,ICE
2022-01-24 06:15:00,11.26,ICE
2022-01-24 06:30:00,11.25,ICE
2022-01-24 06:45:00,11.25,ICE
2022-01-24 07:00:00,11.24,ICE
2022-01-24 07:15:00,11.25,ICE
2022-01-24 07:30:00,11.26,ICE
2022-01-24 07:45:00,11.25,ICE
2022-01-24 08:00:00,11.27,ICE
2022-01-24 08:15:00,11.27,ICE
2022-01-24 08:30:00,11.28,ICE
2022-01-24 08:45:00,11.31,ICE
2022-01-24 09:00:00,11.35,ICE
2022-01-24 09:15:00,11.37,ICE
2022-01-24 09:30:00,11.4,ICE
2022-01-24 09:45:00,11.45,ICE
2022-01-24 10:00:00,11.51,ICE
2022-01-24 10:15:00,11.56,ICE
2022-01-24 10:30:00,11.61,ICE
2022-01-24 10:45:00,11.65,ICE
2022-01-24 11:00:00,11.68,ICE
2022-01-24 11:15:00,11.71,ICE
2022-01-24 11:30:00,11.73,ICE
2022-01-24 11:45:00,11.75,ICE
2022-01-24 12:00:00,11.79,ICE
2022-01-24 12:15:00,11.82,ICE
2022-01-24 12:30:00,11.85,ICE
2022-01-24 12:45:00,11.86,ICE
2022-01-24 13:00:00,11.87,ICE
2022-01-24 13:15:00,11.87,ICE
2022-01-24 13:30:00,11.88,ICE
2022-01-24 13:45:00,11.87,ICE
2022-01-24 14:00:00,11.87,ICE
2022-01-24 14:15:00,11.85,ICE
2022-01-24 14:30:00,11.84,ICE
2022-01-24 14:45:00,11.83,ICE
2022-01-24 15:00:00,11.81,ICE
2022-01-24 15:15:00,11.8,ICE
2022-01-24 15:30:00,11.78,ICE
2022-01-24 15:45:00,11.73,ICE
2022-01-24 16:00:00,11.69,ICE
2022-01-24 16:15:00,11.69,ICE
2022-01-24 16:30:00,11.69,ICE
2022-01-24 16:45:00,11.65,ICE
2022-01-24 17:00:00,11.58,ICE
2022-01-24 17:15:00,11.52,ICE
2022-01-24 17:30:00,11.46,ICE
2022-01-24 17:45:00,11.41,ICE
2022-01-24 18:00:00,11.37,ICE
2022-01-24 18:15:00,11.33,ICE
2022-01-24 18:30:00,11.31,ICE
2022-01-24 18:45:00,11.29,ICE
2022-01-24 19:00:00,11.28,ICE
2022-01-24 19:15:00,11.27,ICE
2022-01-24 19:30:00,11.26,ICE
2022-01-24 19:45:00,11.26,ICE
2022-01-24 20:00:00,11.25,ICE
2022-01-24 20:15:00,11.25,ICE
2022-01-24 20:30:00,11.24,ICE
2022-01-24 20:45:00,11.24,ICE
2022-01-24 21:00:00,11.23,ICE
2022-01-24 21:15:00,11.23,ICE
2022-01-24 21:30:00,11.23,ICE
2022-01-24 21:45:00,11.23,ICE
2022-01-24 22:00:00,11.23,ICE
2022-01-24 22:15:00,11.22,ICE
2022-01-24 22:30:00,11.22,ICE
2022-01-24 22:45:00,11.23,ICE
2022-01-24 23:00:00,11.23,ICE
2022-01-24 23:15:00,11.23,ICE
2022-01-24 23:30:00,11.23,ICE
2022-01-24 23:45:00,11.23,ICE
2022-01-25 00:00:00,11.23,ICE
2022-01-25 00:15:00,11.24,ICE
2022-01-25 00:30:00,11.23,ICE
2022-01-25 00:45:00,11.23,ICE
2022-01-25 01:00:00,11.22,ICE
2022-01-25 01:15:00,11.22,ICE
2022-01-25 01:30:00,11.22,ICE
2022-01-25 01:45:00,11.22,ICE
2022-01-25 02:00:00,11.21,ICE
2022-01-25 02:15:00,11.2,ICE
2022-01-25 02:30:00,11.22,ICE
2022-01-25 02:45:00,11.23,ICE
2022-01-25 03:00:00,11.23,ICE
2022-01-25 03:15:00,11.23,ICE
2022-01-25 03:30:00,11.23,ICE
2022-01-25 03:45:00,11.23,ICE
2022-01-25 04:00:00,11.24,ICE
2022-01-25 04:15:00,11.23,ICE
2022-01-25 04:30:00,11.25,ICE
2022-01-25 04:45:00,11.25,ICE
2022-01-25 05:00:00,11.25,ICE
2022-01-25 05:15:00,11.24,ICE
2022-01-25 05:30:00,11.24,ICE
2022-01-25 05:45:00,11.24,ICE
2022-01-25 06:00:00,11.23,ICE
2022-01-25 06:15:00,11.24,ICE
2022-01-25 06:30:00,11.25,ICE
2022-01-25 06:45:00,11.28,ICE
2022-01-25 07:00:00,11.28,ICE
2022-01-25 07:15:00,11.29,ICE
2022-01-25 07:30:00,11.3,ICE
2022-01-25 07:45:00,11.31,ICE
2022-01-25 08:00:00,11.33,ICE
2022-01-25 08:15:00,11.35,ICE
2022-01-25 08:30:00,11.41,ICE
2022-01-25 08:45:00,11.46,ICE
2022-01-25 09:00:00,11.53,ICE
2022-01-25 09:15:00,11.59,ICE
2022-01-25 09:30:00,11.61,ICE
2022-01-25 09:45:00,11.69,ICE
2022-01-25 10:00:00,11.71,ICE
2022-01-25 10:15:00,11.72,ICE
2022-01-25 10:30:00,11.72,ICE
2022-01-25 10:45:00,11.74,ICE
2022-01-25 11:00:00,11.71,ICE
2022-01-25 11:15:00,11.73,ICE
2022-01-25 11:30:00,11.74,ICE
2022-01-25 11:45:00,11.73,ICE
2022-01-25 12:00:00,11.71,ICE
2022-01-25 12:15:00,11.71,ICE
2022-01-25 12:30:00,11.7,ICE
2022-01-25 12:45:00,11.67,ICE
2022-01-25 13:00:00,11.68,ICE
2022-01-25 13:15:00,11.66,ICE
2022-01-25 13:30:00,11.66,ICE
2022-01-25 13:45:00,11.66,ICE
2022-01-25 14:00:00,11.64,ICE
2022-01-25 14:15:00,11.58,ICE
2022-01-25 14:30:00,11.54,ICE
2022-01-25 14:45:00,11.55,ICE
2022-01-25 15:00:00,11.51,ICE
2022-01-25 15:15:00,11.48,ICE
2022-01-25 15:30:00,11.46,ICE
2022-01-25 15:45:00,11.45,ICE
2022-01-25 16:00:00,11.43,ICE
2022-01-25 16:15:00,11.39,ICE
2022-01-25 16:30:00,11.32,ICE
2022-01-25 16:45:00,11.26,ICE
2022-01-25 17:00:00,11.23,ICE
2022-01-25 17:15:00,11.17,ICE
2022-01-25 17:30:00,11.1,ICE
2022-01-25 17:45:00,11.06,ICE
2022-01-25 18:00:00,11.02,ICE
2022-01-25 18:15:00,11.02,ICE
2022-01-25 18:30:00,11.02,ICE
2022-01-25 18:45:00,11.04,ICE
2022-01-25 19:00:00,11.04,ICE
2022-01-25 19:15:00,11.05,ICE
2022-01-25 19:30:00,11.07,ICE
2022-01-25 19:45:00,11.09,ICE
2022-01-25 20:00:00,11.11,ICE
2022-01-25 20:15:00,11.13,ICE
2022-01-25 20:30:00,11.13,ICE
2022-01-25 20:45:00,11.16,ICE
2022-01-25 21:00:00,11.17,ICE
2022-01-25 21:15:00,11.2,ICE
2022-01-25 21:30:00,11.21,ICE
2022-01-25 21:45:00,11.24,ICE
2022-01-25 22:00:00,11.25,ICE
2022-01-25 22:15:00,11.27,ICE
2022-01-25 22:30:00,11.3,ICE
2022-01-25 22:45:00,11.31,ICE
2022-01-25 23:00:00,11.34,ICE
2022-01-25 23:15:00,11.36,ICE
2022-01-25 23:30:00,11.38,ICE
2022-01-25 23:45:00,11.4,ICE
2022-01-26 00:00:00,11.41,ICE
2022-01-26 00:15:00,11.43,ICE
2022-01-26 00:30:00,11.44,ICE
2022-01-26 00:45:00,11.43,ICE
2022-01-26 01:00:00,11.42,ICE
2022-01-26 01:15:00,11.39,ICE
2022-01-26 01:30:00,11.36,ICE
2022-01-26 01:45:00,11.36,ICE
2022-01-26 02:00:00,11.26,ICE
2022-01-26 02:15:00,11.3,ICE
2022-01-26 02:30:00,11.3,ICE
2022-01-26 02:45:00,11.28,ICE
2022-01-26 03:00:00,11.25,ICE
2022-01-26 03:15:00,11.21,ICE
2022-01-26 03:30:00,11.16,ICE
2022-01-26 03:45:00,11.15,ICE
2022-01-26 04:00:00,11.15,ICE
2022-01-26 04:15:00,11.17,ICE
2022-01-26 04:30:00,11.14,ICE
2022-01-26 04:45:00,11.23,ICE
2022-01-26 05:00:00,11.28,ICE
2022-01-26 05:15:00,11.27,ICE
2022-01-26 05:30:00,11.27,ICE
2022-01-26 05:45:00,11.24,ICE
2022-01-26 06:00:00,11.15,ICE
2022-01-26 06:15:00,11.09,ICE
2022-01-26 06:30:00,11.11,ICE
2022-01-26 06:45:00,11.14,ICE
2022-01-26 07:00:00,11.2,ICE
2022-01-26 07:15:00,11.23,ICE
2022-01-26 07:30:00,11.25,ICE
2022-01-26 07:45:00,11.25,ICE
2022-01-26 08:00:00,11.25,ICE
2022-01-26 08:15:00,11.24,ICE
2022-01-26 08:30:00,11.24,ICE
2022-01-26 08:45:00,11.26,ICE
2022-01-26 09:00:00,11.31,ICE
2022-01-26 09:15:00,11.35,ICE
2022-01-26 09:30:00,11.42,ICE
2022-01-26 09:45:00,11.45,ICE
2022-01-26 10:00:00,11.5,ICE
2022-01-26 10:15:00,11.54,ICE
2022-01-26 10:30:00,11.62,ICE
2022-01-26 10:45:00,11.68,ICE
2022-01-26 11:00:00,11.72,ICE
2022-01-26 11:15:00,11.75,ICE
2022-01-26 11:30:00,11.79,ICE
2022-01-26 11:45:00,11.84,ICE
2022-01-26 12:00:00,11.86,ICE
2022-01-26 12:15:00,11.92,ICE
2022-01-26 12:30:00,11.98,ICE
2022-01-26 12:45:00,11.98,ICE
2022-01-26 13:00:00,12.0,ICE
2022-01-26 13:15:00,12.01,ICE
2022-01-26 13:30:00,12.01,ICE
2022-01-26 13:45:00,12.0,ICE
2022-01-26 14:00:00,11.99,ICE
2022-01-26 14:15:00,11.99,ICE
2022-01-26 14:30:00,11.97,ICE
2022-01-26 14:45:00,11.94,ICE
2022-01-26 15:00:00,11.92,ICE
2022-01-26 15:15:00,11.91,ICE
2022-01-26 15:30:00,11.89,ICE
2022-01-26 15:45:00,11.84,ICE
2022-01-26 16:00:00,11.81,ICE
2022-01-26 16:15:00,11.8,ICE
2022-01-26 16:30:00,11.8,ICE
2022-01-26 16:45:00,11.77,ICE
2022-01-26 17:00:00,11.72,ICE
2022-01-26 17:15:00,11.65,ICE
2022-01-26 17:30:00,11.59,ICE
2022-01-26 17:45:00,11.54,ICE
2022-01-26 18:00:00,11.49,ICE
2022-01-26 18:15:00,11.45,ICE
2022-01-26 18:30:00,11.43,ICE
2022-01-26 18:45:00,11.41,ICE
2022-01-26 19:00:00,11.4,ICE
2022-01-26 19:15:00,11.4,ICE
2022-01-26 19:30:00,11.4,ICE
2022-01-26 19:45:00,11.4,ICE
2022-01-26 20:00:00,11.39,ICE
2022-01-26 20:15:00,11.38,ICE
2022-01-26 20:30:00,11.38,ICE
2022-01-26 20:45:00,11.38,ICE
2022-01-26 21:00:00,11.37,ICE
2022-01-26 21:15:00,11.36,ICE
2022-01-26 21:30:00,11.36,ICE
2022-01-26 21:45:00,11.36,ICE
2022-01-26 22:00:00,11.35,ICE
2022-01-26 22:15:00,11.35,ICE
2022-01-26 22:30:00,11.34,ICE
2022-01-26 22:45:00,11.33,ICE
2022-01-26 23:00:00,11.32,ICE
2022-01-26 23:15:00,11.32,ICE
2022-01-26 23:30:00,11.31,ICE
2022-01-26 23:45:00,11.31,ICE
2022-01-27 00:00:00,11.3,ICE
2022-01-27 00:15:00,11.3,ICE
2022-01-27 00:30:00,11.29,ICE
2022-01-27 00:45:00,11.28,ICE
2022-01-27 01:00:00,11.28,ICE
2022-01-27 01:15:00,11.27,ICE
2022-01-27 01:30:00,11.25,ICE
2022-01-27 01:45:00,11.25,ICE
2022-01-27 02:00:00,11.23,ICE
2022-01-27 02:15:00,11.22,ICE
2022-01-27 02:30:00,11.23,ICE
2022-01-27 02:45:00,11.23,ICE
2022-01-27 03:00:00,11.24,ICE
2022-01-27 03:15:00,11.25,ICE
2022-01-27 03:30:00,11.26,ICE
2022-01-27 03:45:00,11.26,ICE
2022-01-27 04:00:00,11.26,ICE
2022-01-27 04:15:00,11.25,ICE
2022-01-27 04:30:00,11.24,ICE
2022-01-27 04:45:00,11.24,ICE
2022-01-27 05:00:00,11.24,ICE
2022-01-27 05:15:00,11.23,ICE
2022-01-27 05:30:00,11.22,ICE
2022-01-27 05:45:00,11.22,ICE
2022-01-27 06:00:00,11.22,ICE
2022-01-27 06:15:00,11.22,ICE
2022-01-27 06:30:00,11.21,ICE
2022-01-27 06:45:00,11.22,ICE
2022-01-27 07:00:00,11.19,ICE
2022-01-27 07:15:00,11.17,ICE
2022-01-27 07:30:00,11.16,ICE
2022-01-27 07:45:00,11.15,ICE
2022-01-27 08:00:00,11.16,ICE
2022-01-27 08:15:00,11.14,ICE
2022-01-27 08:30:00,11.13,ICE
2022-01-27 08:45:00,11.13,ICE
2022-01-27 09:00:00,11.09,ICE
2022-01-27 09:15:00,11.08,ICE
2022-01-27 09:30:00,11.12,ICE
2022-01-27 09:45:00,11.15,ICE
2022-01-27 10:00:00,11.18,ICE
2022-01-27 10:15:00,11.2,ICE
2022-01-27 10:30:00,11.27,ICE
2022-01-27 10:45:00,11.43,ICE
2022-01-27 11:00:00,11.52,ICE
2022-01-27 11:15:00,11.58,ICE
2022-01-27 11:30:00,11.65,ICE
2022-01-27 11:45:00,11.7,ICE
2022-01-27 12:00:00,11.71,ICE
2022-01-27 12:15:00,11.73,ICE
2022-01-27 12:30:00,11.73,ICE
2022-01-27 12:45:00,11.75,ICE
2022-01-27 13:00:00,11.82,ICE
2022-01-27 13:15:00,11.92,ICE
2022-01-27 13:30:00,11.94,ICE
2022-01-27 13:45:00,11.96,ICE
2022-01-27 14:00:00,11.94,ICE
2022-01-27 14:15:00,11.99,ICE
2022-01-27 14:30:00,12.0,ICE
2022-01-27 14:45:00,12.01,ICE
2022-01-27 15:00:00,12.0,ICE
2022-01-27 15:15:00,12.0,ICE
2022-01-27 15:30:00,12.0,ICE
2022-01-27 15:45:00,11.97,ICE
2022-01-27 16:00:00,11.95,ICE
2022-01-27 16:15:00,11.93,ICE
2022-01-27 16:30:00,11.9,ICE
2022-01-27 16:45:00,11.87,ICE
2022-01-27 17:00:00,11.83,ICE
2022-01-27 17:15:00,11.78,ICE
2022-01-27 17:30:00,11.72,ICE
2022-01-27 17:45:00,11.7,ICE
2022-01-27 18:00:00,11.66,ICE
2022-01-27 18:15:00,11.63,ICE
2022-01-27 18:30:00,11.61,ICE
2022-01-27 18:45:00,11.59,ICE
2022-01-27 19:00:00,11.58,ICE
2022-01-27 19:15:00,11.56,ICE
2022-01-27 19:30:00,11.56,ICE
2022-01-27 19:45:00,11.52,ICE
2022-01-27 20:00:00,11.42,ICE
2022-01-27 20:15:00,11.38,ICE
2022-01-27 20:30:00,11.39,ICE
2022-01-27 20:45:00,11.37,ICE
2022-01-27 21:00:00,11.35,ICE
2022-01-27 21:15:00,11.34,ICE
2022-01-27 21:30:00,11.35,ICE
2022-01-27 21:45:00,11.36,ICE
2022-01-27 22:00:00,11.39,ICE
2022-01-27 22:15:00,11.38,ICE
2022-01-27 22:30:00,11.4,ICE
2022-01-27 22:45:00,11.41,ICE
2022-01-27 23:00:00,11.41,ICE
2022-01-27 23:15:00,11.4,ICE
2022-01-27 23:30:00,11.43,ICE
2022-01-27 23:45:00,11.43,ICE
2022-01-28 00:00:00,11.44,ICE
2022-01-28 00:15:00,11.43,ICE
2022-01-28 00:30:00,11.41,ICE
2022-01-28 00:45:00,11.4,ICE
2022-01-28 01:00:00,11.4,ICE
2022-01-28 01:15:00,11.41,ICE
2022-01-28 01:30:00,11.41,ICE
2022-01-28 01:45:00,11.41,ICE
2022-01-28 02:00:00,11.4,ICE
2022-01-28 02:15:00,11.38,ICE
2022-01-28 02:30:00,11.37,ICE
2022-01-28 02:45:00,11.37,ICE
2022-01-28 03:00:00,11.37,ICE
2022-01-28 03:15:00,11.36,ICE
2022-01-28 03:30:00,11.34,ICE
2022-01-28 03:45:00,11.35,ICE
2022-01-28 04:00:00,11.34,ICE
2022-01-28 04:15:00,11.34,ICE
2022-01-28 04:30:00,11.32,ICE
2022-01-28 04:45:00,11.31,ICE
2022-01-28 05:00:00,11.31,ICE
2022-01-28 05:15:00,11.31,ICE
2022-01-28 05:30:00,11.32,ICE
2022-01-28 05:45:00,11.34,ICE
2022-01-28 06:00:00,11.34,ICE
2022-01-28 06:15:00,11.36,ICE
2022-01-28 06:30:00,11.37,ICE
2022-01-28 06:45:00,11.38,ICE
2022-01-28 07:00:00,11.38,ICE
2022-01-28 07:15:00,11.35,ICE
2022-01-28 07:30:00,11.34,ICE
2022-01-28 07:45:00,11.34,ICE
2022-01-28 08:00:00,11.34,ICE
2022-01-28 08:15:00,11.34,ICE
2022-01-28 08:30:00,11.35,ICE
2022-01-28 08:45:00,11.36,ICE
2022-01-28 09:00:00,11.38,ICE
2022-01-28 09:15:00,11.41,ICE
2022-01-28 09:30:00,11.43,ICE
2022-01-28 09:45:00,11.45,ICE
2022-01-28 10:00:00,11.47,ICE
2022-01-28 10:15:00,11.48,ICE
2022-01-28 10:30:00,11.54,ICE
2022-01-28 10:45:00,11.62,ICE
2022-01-28 11:00:00,11.62,ICE
2022-01-28 11:15:00,11.74,ICE
2022-01-28 11:30:00,11.79,ICE
2022-01-28 11:45:00,11.73,ICE
2022-01-28 12:00:00,11.83,ICE
2022-01-28 12:15:00,11.88,ICE
2022-01-28 12:30:00,11.95,ICE
2022-01-28 12:45:00,11.97,ICE
2022-01-28 13:00:00,12.0,ICE
2022-01-28 13:15:00,11.96,ICE
2022-01-28 13:30:00,11.99,ICE
2022-01-28 13:45:00,12.0,ICE
2022-01-28 14:00:00,12.0,ICE
2022-01-28 14:15:00,11.99,ICE
2022-01-28 14:30:00,11.97,ICE
2022-01-28 14:45:00,11.97,ICE
2022-01-28 15:00:00,11.98,ICE
2022-01-28 15:15:00,12.01,ICE
2022-01-28 15:30:00,11.96,ICE
2022-01-28 15:45:00,11.95,ICE
2022-01-28 16:00:00,11.95,ICE
2022-01-28 16:15:00,11.93,ICE
2022-01-28 16:30:00,11.92,ICE
2022-01-28 16:45:00,11.9,ICE
2022-01-28 17:00:00,11.86,ICE
2022-01-28 17:15:00,11.81,ICE
2022-01-28 17:30:00,11.76,ICE
2022-01-28 17:45:00,11.72,ICE
2022-01-28 18:00:00,11.68,ICE
2022-01-28 18:15:00,11.63,ICE
2022-01-28 18:30:00,11.6,ICE
2022-01-28 18:45:00,11.58,ICE
2022-01-28 19:00:00,11.55,ICE
2022-01-28 19:15:00,11.53,ICE
2022-01-28 19:30:00,11.51,ICE
2022-01-28 19:45:00,11.51,ICE
2022-01-28 20:00:00,11.5,ICE
2022-01-28 20:15:00,11.49,ICE
2022-01-28 20:30:00,11.48,ICE
2022-01-28 20:45:00,11.47,ICE
2022-01-28 21:00:00,11.45,ICE
2022-01-28 21:15:00,11.43,ICE
2022-01-28 21:30:00,11.43,ICE
2022-01-28 21:45:00,11.4,ICE
2022-01-28 22:00:00,11.4,ICE
2022-01-28 22:15:00,11.4,ICE
2022-01-28 22:30:00,11.38,ICE
2022-01-28 22:45:00,11.38,ICE
2022-01-28 23:00:00,11.37,ICE
2022-01-28 23:15:00,11.37,ICE
2022-01-28 23:30:00,11.36,ICE
2022-01-28 23:45:00,11.35,ICE
2022-01-29 00:00:00,11.35,ICE
2022-01-29 00:15:00,11.35,ICE
2022-01-29 00:30:00,11.32,ICE
2022-01-29 00:45:00,11.34,ICE
2022-01-29 01:00:00,11.33,ICE
2022-01-29 01:15:00,11.32,ICE
2022-01-29 01:30:00,11.32,ICE
2022-01-29 01:45:00,11.32,ICE
2022-01-29 02:00:00,11.31,ICE
2022-01-29 02:15:00,11.3,ICE
2022-01-29 02:30:00,11.31,ICE
2022-01-29 02:45:00,11.3,ICE
2022-01-29 03:00:00,11.3,ICE
2022-01-29 03:15:00,11.3,ICE
2022-01-29 03:30:00,11.28,ICE
2022-01-29 03:45:00,11.28,ICE
2022-01-29 04:00:00,11.28,ICE
2022-01-29 04:15:00,11.26,ICE
2022-01-29 04:30:00,11.26,ICE
2022-01-29 04:45:00,11.26,ICE
2022-01-29 05:00:00,11.27,ICE
2022-01-29 05:15:00,11.28,ICE
2022-01-29 05:30:00,11.26,ICE
2022-01-29 05:45:00,11.22,ICE
2022-01-29 06:00:00,11.22,ICE
2022-01-29 06:15:00,11.23,ICE
2022-01-29 06:30:00,11.23,ICE
2022-01-29 06:45:00,11.24,ICE
2022-01-29 07:00:00,11.24,ICE
2022-01-29 07:15:00,11.25,ICE
2022-01-29 07:30:00,11.23,ICE
2022-01-29 07:45:00,11.23,ICE
2022-01-29 08:00:00,11.25,ICE
2022-01-29 08:15:00,11.25,ICE
2022-01-29 08:30:00,11.26,ICE
2022-01-29 08:45:00,11.28,ICE
2022-01-29 09:00:00,11.3,ICE
2022-01-29 09:15:00,11.34,ICE
2022-01-29 09:30:00,11.35,ICE
2022-01-29 09:45:00,11.37,ICE
2022-01-29 10:00:00,11.38,ICE
2022-01-29 10:15:00,11.43,ICE
2022-01-29 10:30:00,11.52,ICE
2022-01-29 10:45:00,11.57,ICE
2022-01-29 11:00:00,11.64,ICE
2022-01-29 11:15:00,11.7,ICE
2022-01-29 11:30:00,11.75,ICE
2022-01-29 11:45:00,11.79,ICE
2022-01-29 12:00:00,11.79,ICE
2022-01-29 12:15:00,11.83,ICE
2022-01-29 12:30:00,11.88,ICE
2022-01-29 12:45:00,11.88,ICE
2022-01-29 13:00:00,11.88,ICE
2022-01-29 13:15:00,11.86,ICE
2022-01-29 13:30:00,11.89,ICE
2022-01-29 13:45:00,11.89,ICE
2022-01-29 14:00:00,11.91,ICE
2022-01-29 14:15:00,11.92,ICE
2022-01-29 14:30:00,11.9,ICE
2022-01-29 14:45:00,11.91,ICE
2022-01-29 15:00:00,11.89,ICE
2022-01-29 15:15:00,11.9,ICE
2022-01-29 15:30:00,11.89,ICE
2022-01-29 15:45:00,11.88,ICE
2022-01-29 16:00:00,11.87,ICE
2022-01-29 16:15:00,11.86,ICE
2022-01-29 16:30:00,11.83,ICE
2022-01-29 16:45:00,11.82,ICE
2022-01-29 17:00:00,11.79,ICE
2022-01-29 17:15:00,11.76,ICE
2022-01-29 17:30:00,11.7,ICE
2022-01-29 17:45:00,11.66,ICE
2022-01-29 18:00:00,11.59,ICE
2022-01-29 18:15:00,11.54,ICE
2022-01-29 18:30:00,11.52,ICE
2022-01-29 18:45:00,11.49,ICE
2022-01-29 19:00:00,11.47,ICE
2022-01-29 19:15:00,11.44,ICE
2022-01-29 19:30:00,11.42,ICE
2022-01-29 19:45:00,11.41,ICE
2022-01-29 20:00:00,11.39,ICE
2022-01-29 20:15:00,11.37,ICE
2022-01-29 20:30:00,11.36,ICE
2022-01-29 20:45:00,11.35,ICE
2022-01-29 21:00:00,11.34,ICE
2022-01-29 21:15:00,11.34,ICE
2022-01-29 21:30:00,11.33,ICE
2022-01-29 21:45:00,11.32,ICE
2022-01-29 22:00:00,11.3,ICE
2022-01-29 22:15:00,11.29,ICE
2022-01-29 22:30:00,11.26,ICE
2022-01-29 22:45:00,11.25,ICE
2022-01-29 23:00:00,11.26,ICE
2022-01-29 23:15:00,11.25,ICE
2022-01-29 23:30:00,11.24,ICE
2022-01-29 23:45:00,11.25,ICE
2022-01-30 00:00:00,11.25,ICE
2022-01-30 00:15:00,11.25,ICE
2022-01-30 00:30:00,11.25,ICE
2022-01-30 00:45:00,11.26,ICE
2022-01-30 01:00:00,11.24,ICE
2022-01-30 01:15:00,11.27,ICE
2022-01-30 01:30:00,11.26,ICE
2022-01-30 01:45:00,11.26,ICE
2022-01-30 02:00:00,11.25,ICE
2022-01-30 02:15:00,11.23,ICE
2022-01-30 02:30:00,11.26,ICE
2022-01-30 02:45:00,11.25,ICE
2022-01-30 03:00:00,11.25,ICE
2022-01-30 03:15:00,11.26,ICE
2022-01-30 03:30:00,11.24,ICE
2022-01-30 03:45:00,11.23,ICE
2022-01-30 04:00:00,11.24,ICE
2022-01-30 04:15:00,11.24,ICE
2022-01-30 04:30:00,11.24,ICE
2022-01-30 04:45:00,11.23,ICE
2022-01-30 05:00:00,11.24,ICE
2022-01-30 05:15:00,11.24,ICE
2022-01-30 05:30:00,11.22,ICE
2022-01-30 05:45:00,11.22,ICE
2022-01-30 06:00:00,11.23,ICE
2022-01-30 06:15:00,11.24,ICE
2022-01-30 06:30:00,11.23,ICE
2022-01-30 06:45:00,11.23,ICE
2022-01-30 07:00:00,11.21,ICE
2022-01-30 07:15:00,11.22,ICE
2022-01-30 07:30:00,11.21,ICE
2022-01-30 07:45:00,11.2,ICE
2022-01-30 08:00:00,11.2,ICE
2022-01-30 08:15:00,11.22,ICE
2022-01-30 08:30:00,11.23,ICE
2022-01-30 08:45:00,11.27,ICE
2022-01-30 09:00:00,11.3,ICE
2022-01-30 09:15:00,11.32,ICE
2022-01-30 09:30:00,11.36,ICE
2022-01-30 09:45:00,11.41,ICE
2022-01-30 10:00:00,11.48,ICE
2022-01-30 10:15:00,11.52,ICE
2022-01-30 10:30:00,11.57,ICE
2022-01-30 10:45:00,11.61,ICE
2022-01-30 11:00:00,11.65,ICE
2022-01-30 11:15:00,11.66,ICE
2022-01-30 11:30:00,11.7,ICE
2022-01-30 11:45:00,11.72,ICE
2022-01-30 12:00:00,11.76,ICE
2022-01-30 12:15:00,11.79,ICE
2022-01-30 12:30:00,11.81,ICE
2022-01-30 12:45:00,11.83,ICE
2022-01-30 13:00:00,11.85,ICE
2022-01-30 13:15:00,11.85,ICE
2022-01-30 13:30:00,11.87,ICE
2022-01-30 13:45:00,11.89,ICE
2022-01-30 14:00:00,11.9,ICE
2022-01-30 14:15:00,11.89,ICE
2022-01-30 14:30:00,11.89,ICE
2022-01-30 14:45:00,11.89,ICE
2022-01-30 15:00:00,11.9,ICE
2022-01-30 15:15:00,11.89,ICE
2022-01-30 15:30:00,11.87,ICE
2022-01-30 15:45:00,11.86,ICE
2022-01-30 16:00:00,11.84,ICE
2022-01-30 16:15:00,11.83,ICE
2022-01-30 16:30:00,11.8,ICE
2022-01-30 16:45:00,11.78,ICE
2022-01-30 17:00:00,11.74,ICE
2022-01-30 17:15:00,11.69,ICE
2022-01-30 17:30:00,11.64,ICE
2022-01-30 17:45:00,11.58,ICE
2022-01-30 18:00:00,11.53,ICE
2022-01-30 18:15:00,11.49,ICE
2022-01-30 18:30:00,11.43,ICE
2022-01-30 18:45:00,11.41,ICE
2022-01-30 19:00:00,11.37,ICE
2022-01-30 19:15:00,11.35,ICE
2022-01-30 19:30:00,11.3,ICE
2022-01-30 19:45:00,11.29,ICE
2022-01-30 20:00:00,11.27,ICE
2022-01-30 20:15:00,11.27,ICE
2022-01-30 20:30:00,11.25,ICE
2022-01-30 20:45:00,11.25,ICE
2022-01-30 21:00:00,11.25,ICE
2022-01-30 21:15:00,11.25,ICE
2022-01-30 21:30:00,11.24,ICE
2022-01-30 21:45:00,11.24,ICE
2022-01-30 22:00:00,11.24,ICE
2022-01-30 22:15:00,11.24,ICE
2022-01-30 22:30:00,11.24,ICE
2022-01-30 22:45:00,11.24,ICE
2022-01-30 23:00:00,11.23,ICE
2022-01-30 23:15:00,11.23,ICE
2022-01-30 23:30:00,11.23,ICE
2022-01-30 23:45:00,11.23,ICE
2022-01-31 00:00:00,11.23,ICE
2022-01-31 00:15:00,11.22,ICE
2022-01-31 00:30:00,11.22,ICE
2022-01-31 00:45:00,11.22,ICE
2022-01-31 01:00:00,11.21,ICE
2022-01-31 01:15:00,11.21,ICE
2022-01-31 01:30:00,11.21,ICE
2022-01-31 01:45:00,11.22,ICE
2022-01-31 02:00:00,11.21,ICE
2022-01-31 02:15:00,11.21,ICE
2022-01-31 02:30:00,11.21,ICE
2022-01-31 02:45:00,11.2,ICE
2022-01-31 03:00:00,11.2,ICE
2022-01-31 03:15:00,11.19,ICE
2022-01-31 03:30:00,11.18,ICE
2022-01-31 03:45:00,11.17,ICE
2022-01-31 04:00:00,11.15,ICE
2022-01-31 04:15:00,11.15,ICE
2022-01-31 04:30:00,11.17,ICE
2022-01-31 04:45:00,11.15,ICE
2022-01-31 05:00:00,11.15,ICE
2022-01-31 05:15:00,11.15,ICE
2022-01-31 05:30:00,11.15,ICE
2022-01-31 05:45:00,11.13,ICE
2022-01-31 06:00:00,11.14,ICE
2022-01-31 06:15:00,11.14,ICE
2022-01-31 06:30:00,11.15,ICE
2022-01-31 06:45:00,11.15,ICE
2022-01-31 07:00:00,11.15,ICE
2022-01-31 07:15:00,11.15,ICE
2022-01-31 07:30:00,11.15,ICE
2022-01-31 07:45:00,11.14,ICE
2022-01-31 08:00:00,11.14,ICE
2022-01-31 08:15:00,11.15,ICE
2022-01-31 08:30:00,11.19,ICE
2022-01-31 08:45:00,11.22,ICE
2022-01-31 09:00:00,11.27,ICE
2022-01-31 09:15:00,11.29,ICE
2022-01-31 09:30:00,11.34,ICE
2022-01-31 09:45:00,11.37,ICE
2022-01-31 10:00:00,11.42,ICE
2022-01-31 10:15:00,11.48,ICE
2022-01-31 10:30:00,11.55,ICE
2022-01-31 10:45:00,11.6,ICE
2022-01-31 11:00:00,11.63,ICE
2022-01-31 11:15:00,11.67,ICE
2022-01-31 11:30:00,11.7,ICE
2022-01-31 11:45:00,11.73,ICE
2022-01-31 12:00:00,11.74,ICE
2022-01-31 12:15:00,11.76,ICE
2022-01-31 12:30:00,11.78,ICE
2022-01-31 12:45:00,11.8,ICE
2022-01-31 13:00:00,11.81,ICE
2022-01-31 13:15:00,11.82,ICE
2022-01-31 13:30:00,11.83,ICE
2022-01-31 13:45:00,11.84,ICE
2022-01-31 14:00:00,11.83,ICE
2022-01-31 14:15:00,11.83,ICE
2022-01-31 14:30:00,11.82,ICE
2022-01-31 14:45:00,11.81,ICE
2022-01-31 15:00:00,11.79,ICE
2022-01-31 15:15:00,11.79,ICE
2022-01-31 15:30:00,11.78,ICE
2022-01-31 15:45:00,11.77,ICE
2022-01-31 16:00:00,11.76,ICE
2022-01-31 16:15:00,11.73,ICE
2022-01-31 16:30:00,11.7,ICE
2022-01-31 16:45:00,11.65,ICE
2022-01-31 17:00:00,11.6,ICE
2022-01-31 17:15:00,11.54,ICE
2022-01-31 17:30:00,11.48,ICE
2022-01-31 17:45:00,11.43,ICE
2022-01-31 18:00:00,11.37,ICE
2022-01-31 18:15:00,11.33,ICE
2022-01-31 18:30:00,11.29,ICE
2022-01-31 18:45:00,11.27,ICE
2022-01-31 19:00:00,11.26,ICE
2022-01-31 19:15:00,11.25,ICE
2022-01-31 19:30:00,11.24,ICE
2022-01-31 19:45:00,11.24,ICE
2022-01-31 20:00:00,11.23,ICE
2022-01-31 20:15:00,11.23,ICE
2022-01-31 20:30:00,11.23,ICE
2022-01-31 20:45:00,11.22,ICE
2022-01-31 21:00:00,11.22,ICE
2022-01-31 21:15:00,11.22,ICE
2022-01-31 21:30:00,11.21,ICE
2022-01-31 21:45:00,11.21,ICE
2022-01-31 22:00:00,11.21,ICE
2022-01-31 22:15:00,11.21,ICE
2022-01-31 22:30:00,11.21,ICE
2022-01-31 22:45:00,11.21,ICE
2022-01-31 23:00:00,11.21,ICE
2022-01-31 23:15:00,11.21,ICE
2022-01-31 23:30:00,11.2,ICE
2022-01-31 23:45:00,11.2,ICE
2022-02-01 00:00:00,11.2,ICE
2022-02-01 00:15:00,11.2,ICE
2022-02-01 00:30:00,11.2,ICE
2022-02-01 00:45:00,11.2,ICE
2022-02-01 01:00:00,11.2,ICE
2022-02-01 01:15:00,11.2,ICE
2022-02-01 01:30:00,11.19,ICE
2022-02-01 01:45:00,11.18,ICE
2022-02-01 02:00:00,11.16,ICE
2022-02-01 02:15:00,11.19,ICE
2022-02-01 02:30:00,11.19,ICE
2022-02-01 02:45:00,11.19,ICE
2022-02-01 03:00:00,11.18,ICE
2022-02-01 03:15:00,11.18,ICE
2022-02-01 03:30:00,11.18,ICE
2022-02-01 03:45:00,11.17,ICE
2022-02-01 04:00:00,11.16,ICE
2022-02-01 04:15:00,11.16,ICE
2022-02-01 04:30:00,11.15,ICE
2022-02-01 04:45:00,11.15,ICE
2022-02-01 05:00:00,11.15,ICE
2022-02-01 05:15:00,11.15,ICE
2022-02-01 05:30:00,11.15,ICE
2022-02-01 05:45:00,11.15,ICE
2022-02-01 06:00:00,11.14,ICE
2022-02-01 06:15:00,11.12,ICE
2022-02-01 06:30:00,11.14,ICE
2022-02-01 06:45:00,11.13,ICE
2022-02-01 07:00:00,11.14,ICE
2022-02-01 07:15:00,11.14,ICE
2022-02-01 07:30:00,11.14,ICE
2022-02-01 07:45:00,11.14,ICE
2022-02-01 08:00:00,11.15,ICE
2022-02-01 08:15:00,11.16,ICE
2022-02-01 08:30:00,11.2,ICE
2022-02-01 08:45:00,11.24,ICE
2022-02-01 09:00:00,11.26,ICE
2022-02-01 09:15:00,11.29,ICE
2022-02-01 09:30:00,11.31,ICE
2022-02-01 09:45:00,11.4,ICE
2022-02-01 10:00:00,11.47,ICE
2022-02-01 10:15:00,11.54,ICE
2022-02-01 10:30:00,11.59,ICE
2022-02-01 10:45:00,11.64,ICE
2022-02-01 11:00:00,11.67,ICE
2022-02-01 11:15:00,11.71,ICE
2022-02-01 11:30:00,11.74,ICE
2022-02-01 11:45:00,11.78,ICE
2022-02-01 12:00:00,11.82,ICE
2022-02-01 12:15:00,11.85,ICE
2022-02-01 12:30:00,11.87,ICE
2022-02-01 12:45:00,11.89,ICE
2022-02-01 13:00:00,11.9,ICE
2022-02-01 13:15:00,11.91,ICE
2022-02-01 13:30:00,11.92,ICE
2022-02-01 13:45:00,11.91,ICE
2022-02-01 14:00:00,11.92,ICE
2022-02-01 14:15:00,11.92,ICE
2022-02-01 14:30:00,11.92,ICE
2022-02-01 14:45:00,11.92,ICE
2022-02-01 15:00:00,11.9,ICE
2022-02-01 15:15:00,11.88,ICE
2022-02-01 15:30:00,11.86,ICE
2022-02-01 15:45:00,11.83,ICE
2022-02-01 16:00:00,11.81,ICE
2022-02-01 16:15:00,11.78,ICE
2022-02-01 16:30:00,11.75,ICE
2022-02-01 16:45:00,11.71,ICE
2022-02-01 17:00:00,11.66,ICE
2022-02-01 17:15:00,11.61,ICE
2022-02-01 17:30:00,11.56,ICE
2022-02-01 17:45:00,11.49,ICE
2022-02-01 18:00:00,11.44,ICE
2022-02-01 18:15:00,11.39,ICE
2022-02-01 18:30:00,11.36,ICE
2022-02-01 18:45:00,11.33,ICE
2022-02-01 19:00:00,11.31,ICE
2022-02-01 19:15:00,11.29,ICE
2022-02-01 19:30:00,11.27,ICE
2022-02-01 19:45:00,11.25,ICE
2022-02-01 20:00:00,11.24,ICE
2022-02-01 20:15:00,11.23,ICE
2022-02-01 20:30:00,11.22,ICE
2022-02-01 20:45:00,11.21,ICE
2022-02-01 21:00:00,11.2,ICE
2022-02-01 21:15:00,11.19,ICE
2022-02-01 21:30:00,11.19,ICE
2022-02-01 21:45:00,11.19,ICE
2022-02-01 22:00:00,11.18,ICE
2022-02-01 22:15:00,11.18,ICE
2022-02-01 22:30:00,11.17,ICE
2022-02-01 22:45:00,11.17,ICE
2022-02-01 23:00:00,11.17,ICE
2022-02-01 23:15:00,11.17,ICE
2022-02-01 23:30:00,11.17,ICE
2022-02-01 23:45:00,11.16,ICE
2022-02-02 00:00:00,11.16,ICE
2022-02-02 00:15:00,11.16,ICE
2022-02-02 00:30:00,11.16,ICE
2022-02-02 00:45:00,11.16,ICE
2022-02-02 01:00:00,11.16,ICE
2022-02-02 01:15:00,11.15,ICE
2022-02-02 01:30:00,11.16,ICE
2022-02-02 01:45:00,11.16,ICE
2022-02-02 02:00:00,11.15,ICE
2022-02-02 02:15:00,11.14,ICE
2022-02-02 02:30:00,11.14,ICE
2022-02-02 02:45:00,11.14,ICE
2022-02-02 03:00:00,11.14,ICE
2022-02-02 03:15:00,11.14,ICE
2022-02-02 03:30:00,11.13,ICE
2022-02-02 03:45:00,11.13,ICE
2022-02-02 04:00:00,11.13,ICE
2022-02-02 04:15:00,11.13,ICE
2022-02-02 04:30:00,11.12,ICE
2022-02-02 04:45:00,11.13,ICE
2022-02-02 05:00:00,11.13,ICE
2022-02-02 05:15:00,11.13,ICE
2022-02-02 05:30:00,11.12,ICE
2022-02-02 05:45:00,11.13,ICE
2022-02-02 06:00:00,11.13,ICE
2022-02-02 06:15:00,11.13,ICE
2022-02-02 06:30:00,11.14,ICE
2022-02-02 06:45:00,11.14,ICE
2022-02-02 07:00:00,11.14,ICE
2022-02-02 07:15:00,11.14,ICE
2022-02-02 07:30:00,11.14,ICE
2022-02-02 07:45:00,11.14,ICE
2022-02-02 08:00:00,11.15,ICE
2022-02-02 08:15:00,11.18,ICE
2022-02-02 08:30:00,11.2,ICE
2022-02-02 08:45:00,11.24,ICE
2022-02-02 09:00:00,11.27,ICE
2022-02-02 09:15:00,11.29,ICE
2022-02-02 09:30:00,11.34,ICE
2022-02-02 09:45:00,11.41,ICE
2022-02-02 10:00:00,11.47,ICE
2022-02-02 10:15:00,11.52,ICE
2022-02-02 10:30:00,11.58,ICE
2022-02-02 10:45:00,11.62,ICE
2022-02-02 11:00:00,11.66,ICE
2022-02-02 11:15:00,11.7,ICE
2022-02-02 11:30:00,11.75,ICE
2022-02-02 11:45:00,11.8,ICE
2022-02-02 12:00:00,11.85,ICE
2022-02-02 12:15:00,11.88,ICE
2022-02-02 12:30:00,11.91,ICE
2022-02-02 12:45:00,11.93,ICE
2022-02-02 13:00:00,11.94,ICE
2022-02-02 13:15:00,11.96,ICE
2022-02-02 13:30:00,11.97,ICE
2022-02-02 13:45:00,11.98,ICE
2022-02-02 14:00:00,11.98,ICE
2022-02-02 14:15:00,11.99,ICE
2022-02-02 14:30:00,11.99,ICE
2022-02-02 14:45:00,11.98,ICE
2022-02-02 15:00:00,11.95,ICE
2022-02-02 15:15:00,11.92,ICE
2022-02-02 15:30:00,11.89,ICE
2022-02-02 15:45:00,11.86,ICE
2022-02-02 16:00:00,11.83,ICE
2022-02-02 16:15:00,11.82,ICE
2022-02-02 16:30:00,11.79,ICE
2022-02-02 16:45:00,11.75,ICE
2022-02-02 17:00:00,11.71,ICE
2022-02-02 17:15:00,11.67,ICE
2022-02-02 17:30:00,11.61,ICE
2022-02-02 17:45:00,11.56,ICE
2022-02-02 18:00:00,11.5,ICE
2022-02-02 18:15:00,11.44,ICE
2022-02-02 18:30:00,11.39,ICE
2022-02-02 18:45:00,11.37,ICE
2022-02-02 19:00:00,11.34,ICE
2022-02-02 19:15:00,11.31,ICE
2022-02-02 19:30:00,11.29,ICE
2022-02-02 19:45:00,11.27,ICE
2022-02-02 20:00:00,11.26,ICE
2022-02-02 20:15:00,11.26,ICE
2022-02-02 20:30:00,11.25,ICE
2022-02-02 20:45:00,11.24,ICE
2022-02-02 21:00:00,11.24,ICE
2022-02-02 21:15:00,11.23,ICE
2022-02-02 21:30:00,11.24,ICE
2022-02-02 21:45:00,11.24,ICE
2022-02-02 22:00:00,11.24,ICE
2022-02-02 22:15:00,11.23,ICE
2022-02-02 22:30:00,11.23,ICE
2022-02-02 22:45:00,11.23,ICE
2022-02-02 23:00:00,11.23,ICE
2022-02-02 23:15:00,11.22,ICE
2022-02-02 23:30:00,11.21,ICE
2022-02-02 23:45:00,11.2,ICE
2022-02-03 00:00:00,11.23,ICE
2022-02-03 00:15:00,11.23,ICE
2022-02-03 00:30:00,11.22,ICE
2022-02-03 00:45:00,11.22,ICE
2022-02-03 01:00:00,11.22,ICE
2022-02-03 01:15:00,11.19,ICE
2022-02-03 01:30:00,11.23,ICE
2022-02-03 01:45:00,11.22,ICE
2022-02-03 02:00:00,11.22,ICE
2022-02-03 02:15:00,11.22,ICE
2022-02-03 02:30:00,11.22,ICE
2022-02-03 02:45:00,11.21,ICE
2022-02-03 03:00:00,11.21,ICE
2022-02-03 03:15:00,11.21,ICE
2022-02-03 03:30:00,11.21,ICE
2022-02-03 03:45:00,11.21,ICE
2022-02-03 04:00:00,11.2,ICE
2022-02-03 04:15:00,11.2,ICE
2022-02-03 04:30:00,11.19,ICE
2022-02-03 04:45:00,11.17,ICE
2022-02-03 05:00:00,11.17,ICE
2022-02-03 05:15:00,11.17,ICE
2022-02-03 05:30:00,11.16,ICE
2022-02-03 05:45:00,11.17,ICE
2022-02-03 06:00:00,11.16,ICE
2022-02-03 06:15:00,11.16,ICE
2022-02-03 06:30:00,11.16,ICE
2022-02-03 06:45:00,11.17,ICE
2022-02-03 07:00:00,11.17,ICE
2022-02-03 07:15:00,11.17,ICE
2022-02-03 07:30:00,11.16,ICE
2022-02-03 07:45:00,11.16,ICE
2022-02-03 08:00:00,11.17,ICE
2022-02-03 08:15:00,11.19,ICE
2022-02-03 08:30:00,11.21,ICE
2022-02-03 08:45:00,11.24,ICE
2022-02-03 09:00:00,11.28,ICE
2022-02-03 09:15:00,11.36,ICE
2022-02-03 09:30:00,11.42,ICE
2022-02-03 09:45:00,11.51,ICE
2022-02-03 10:00:00,11.54,ICE
2022-02-03 10:15:00,11.63,ICE
2022-02-03 10:30:00,11.71,ICE
2022-02-03 10:45:00,11.75,ICE
2022-02-03 11:00:00,11.79,ICE
2022-02-03 11:15:00,11.83,ICE
2022-02-03 11:30:00,11.87,ICE
2022-02-03 11:45:00,11.9,ICE
2022-02-03 12:00:00,11.94,ICE
2022-02-03 12:15:00,11.98,ICE
2022-02-03 12:30:00,12.02,ICE
2022-02-03 12:45:00,12.05,ICE
2022-02-03 13:00:00,12.08,ICE
2022-02-03 13:15:00,12.1,ICE
2022-02-03 13:30:00,12.11,ICE
2022-02-03 13:45:00,12.1,ICE
2022-02-03 14:00:00,12.1,ICE
2022-02-03 14:15:00,12.09,ICE
2022-02-03 14:30:00,12.07,ICE
2022-02-03 14:45:00,12.06,ICE
2022-02-03 15:00:00,12.06,ICE
2022-02-03 15:15:00,12.05,ICE
2022-02-03 15:30:00,12.03,ICE
2022-02-03 15:45:00,12.0,ICE
2022-02-03 16:00:00,11.97,ICE
2022-02-03 16:15:00,11.95,ICE
2022-02-03 16:30:00,11.92,ICE
2022-02-03 16:45:00,11.88,ICE
2022-02-03 17:00:00,11.83,ICE
2022-02-03 17:15:00,11.78,ICE
2022-02-03 17:30:00,11.72,ICE
2022-02-03 17:45:00,11.66,ICE
2022-02-03 18:00:00,11.61,ICE
2022-02-03 18:15:00,11.56,ICE
2022-02-03 18:30:00,11.53,ICE
2022-02-03 18:45:00,11.49,ICE
2022-02-03 19:00:00,11.47,ICE
2022-02-03 19:15:00,11.44,ICE
2022-02-03 19:30:00,11.42,ICE
2022-02-03 19:45:00,11.4,ICE
2022-02-03 20:00:00,11.39,ICE
2022-02-03 20:15:00,11.37,ICE
2022-02-03 20:30:00,11.36,ICE
2022-02-03 20:45:00,11.35,ICE
2022-02-03 21:00:00,11.34,ICE
2022-02-03 21:15:00,11.34,ICE
2022-02-03 21:30:00,11.33,ICE
2022-02-03 21:45:00,11.33,ICE
2022-02-03 22:00:00,11.33,ICE
2022-02-03 22:15:00,11.32,ICE
2022-02-03 22:30:00,11.32,ICE
2022-02-03 22:45:00,11.33,ICE
2022-02-03 23:00:00,11.32,ICE
2022-02-03 23:15:00,11.32,ICE
2022-02-03 23:30:00,11.32,ICE
2022-02-03 23:45:00,11.32,ICE
2022-02-04 00:00:00,11.32,ICE
2022-02-04 00:15:00,11.32,ICE
2022-02-04 00:30:00,11.32,ICE
2022-02-04 00:45:00,11.32,ICE
2022-02-04 01:00:00,11.32,ICE
2022-02-04 01:15:00,11.32,ICE
2022-02-04 01:30:00,11.32,ICE
2022-02-04 01:45:00,11.32,ICE
2022-02-04 02:00:00,11.32,ICE
2022-02-04 02:15:00,11.32,ICE
2022-02-04 02:30:00,11.32,ICE
2022-02-04 02:45:00,11.32,ICE
2022-02-04 03:00:00,11.31,ICE
2022-02-04 03:15:00,11.31,ICE
2022-02-04 03:30:00,11.31,ICE
2022-02-04 03:45:00,11.31,ICE
2022-02-04 04:00:00,11.3,ICE
2022-02-04 04:15:00,11.31,ICE
2022-02-04 04:30:00,11.31,ICE
2022-02-04 04:45:00,11.3,ICE
2022-02-04 05:00:00,11.32,ICE
2022-02-04 05:15:00,11.29,ICE
2022-02-04 05:30:00,11.31,ICE
2022-02-04 05:45:00,11.31,ICE
2022-02-04 06:00:00,11.3,ICE
2022-02-04 06:15:00,11.3,ICE
2022-02-04 06:30:00,11.3,ICE
2022-02-04 06:45:00,11.3,ICE
2022-02-04 07:00:00,11.27,ICE
2022-02-04 07:15:00,11.3,ICE
2022-02-04 07:30:00,11.29,ICE
2022-02-04 07:45:00,11.3,ICE
2022-02-04 08:00:00,11.31,ICE
2022-02-04 08:15:00,11.34,ICE
2022-02-04 08:30:00,11.37,ICE
2022-02-04 08:45:00,11.4,ICE
2022-02-04 09:00:00,11.44,ICE
2022-02-04 09:15:00,11.47,ICE
2022-02-04 09:30:00,11.53,ICE
2022-02-04 09:45:00,11.6,ICE
2022-02-04 10:00:00,11.66,ICE
2022-02-04 10:15:00,11.71,ICE
2022-02-04 10:30:00,11.77,ICE
2022-02-04 10:45:00,11.82,ICE
2022-02-04 11:00:00,11.86,ICE
2022-02-04 11:15:00,11.91,ICE
2022-02-04 11:30:00,11.94,ICE
2022-02-04 11:45:00,12.0,ICE
2022-02-04 12:00:00,12.04,ICE
2022-02-04 12:15:00,12.08,ICE
2022-02-04 12:30:00,12.1,ICE
2022-02-04 12:45:00,12.13,ICE
2022-02-04 13:00:00,12.14,ICE
2022-02-04 13:15:00,12.15,ICE
2022-02-04 13:30:00,12.15,ICE
2022-02-04 13:45:00,12.16,ICE
2022-02-04 14:00:00,12.16,ICE
2022-02-04 14:15:00,12.16,ICE
2022-02-04 14:30:00,12.16,ICE
2022-02-04 14:45:00,12.15,ICE
2022-02-04 15:00:00,12.14,ICE
2022-02-04 15:15:00,12.12,ICE
2022-02-04 15:30:00,12.1,ICE
2022-02-04 15:45:00,12.07,ICE
2022-02-04 16:00:00,12.04,ICE
2022-02-04 16:15:00,12.01,ICE
2022-02-04 16:30:00,11.98,ICE
2022-02-04 16:45:00,11.94,ICE
2022-02-04 17:00:00,11.89,ICE
2022-02-04 17:15:00,11.84,ICE
2022-02-04 17:30:00,11.77,ICE
2022-02-04 17:45:00,11.71,ICE
2022-02-04 18:00:00,11.65,ICE
2022-02-04 18:15:00,11.6,ICE
2022-02-04 18:30:00,11.55,ICE
2022-02-04 18:45:00,11.52,ICE
2022-02-04 19:00:00,11.5,ICE
2022-02-04 19:15:00,11.47,ICE
2022-02-04 19:30:00,11.45,ICE
2022-02-04 19:45:00,11.43,ICE
2022-02-04 20:00:00,11.41,ICE
2022-02-04 20:15:00,11.4,ICE
2022-02-04 20:30:00,11.39,ICE
2022-02-04 20:45:00,11.38,ICE
2022-02-04 21:00:00,11.37,ICE
2022-02-04 21:15:00,11.37,ICE
2022-02-04 21:30:00,11.36,ICE
2022-02-04 21:45:00,11.35,ICE
2022-02-04 22:00:00,11.34,ICE
2022-02-04 22:15:00,11.34,ICE
2022-02-04 22:30:00,11.34,ICE
2022-02-04 22:45:00,11.33,ICE
2022-02-04 23:00:00,11.33,ICE
2022-02-04 23:15:00,11.33,ICE
2022-02-04 23:30:00,11.33,ICE
2022-02-04 23:45:00,11.32,ICE
2022-02-05 00:00:00,11.32,ICE
2022-02-05 00:15:00,11.32,ICE
2022-02-05 00:30:00,11.32,ICE
2022-02-05 00:45:00,11.32,ICE
2022-02-05 01:00:00,11.32,ICE
2022-02-05 01:15:00,11.32,ICE
2022-02-05 01:30:00,11.32,ICE
2022-02-05 01:45:00,11.32,ICE
2022-02-05 02:00:00,11.32,ICE
2022-02-05 02:15:00,11.31,ICE
2022-02-05 02:30:00,11.31,ICE
2022-02-05 02:45:00,11.31,ICE
2022-02-05 03:00:00,11.31,ICE
2022-02-05 03:15:00,11.31,ICE
2022-02-05 03:30:00,11.31,ICE
2022-02-05 03:45:00,11.3,ICE
2022-02-05 04:00:00,11.3,ICE
2022-02-05 04:15:00,11.3,ICE
2022-02-05 04:30:00,11.3,ICE
2022-02-05 04:45:00,11.29,ICE
2022-02-05 05:00:00,11.29,ICE
2022-02-05 05:15:00,11.29,ICE
2022-02-05 05:30:00,11.29,ICE
2022-02-05 05:45:00,11.29,ICE
2022-02-05 06:00:00,11.28,ICE
2022-02-05 06:15:00,11.28,ICE
2022-02-05 06:30:00,11.27,ICE
2022-02-05 06:45:00,11.27,ICE
2022-02-05 07:00:00,11.27,ICE
2022-02-05 07:15:00,11.27,ICE
2022-02-05 07:30:00,11.27,ICE
2022-02-05 07:45:00,11.27,ICE
2022-02-05 08:00:00,11.28,ICE
2022-02-05 08:15:00,11.32,ICE
2022-02-05 08:30:00,11.36,ICE
2022-02-05 08:45:00,11.41,ICE
2022-02-05 09:00:00,11.45,ICE
2022-02-05 09:15:00,11.52,ICE
2022-02-05 09:30:00,11.64,ICE
2022-02-05 09:45:00,11.7,ICE
2022-02-05 10:00:00,11.8,ICE
2022-02-05 10:15:00,11.89,ICE
2022-02-05 10:30:00,11.94,ICE
2022-02-05 10:45:00,11.97,ICE
2022-02-05 11:00:00,12.0,ICE
2022-02-05 11:15:00,12.01,ICE
2022-02-05 11:30:00,12.0,ICE
2022-02-05 11:45:00,12.01,ICE
2022-02-05 12:00:00,12.07,ICE
2022-02-05 12:15:00,12.1,ICE
2022-02-05 12:30:00,12.08,ICE
2022-02-05 12:45:00,12.1,ICE
2022-02-05 13:00:00,12.12,ICE
2022-02-05 13:15:00,12.13,ICE
2022-02-05 13:30:00,12.14,ICE
2022-02-05 13:45:00,12.13,ICE
2022-02-05 14:00:00,12.11,ICE
2022-02-05 14:15:00,12.1,ICE
2022-02-05 14:30:00,12.07,ICE
2022-02-05 14:45:00,12.02,ICE
2022-02-05 15:00:00,11.98,ICE
2022-02-05 15:15:00,11.96,ICE
2022-02-05 15:30:00,11.93,ICE
2022-02-05 15:45:00,11.92,ICE
2022-02-05 16:00:00,11.9,ICE
2022-02-05 16:15:00,11.88,ICE
2022-02-05 16:30:00,11.85,ICE
2022-02-05 16:45:00,11.82,ICE
2022-02-05 17:00:00,11.77,ICE
2022-02-05 17:15:00,11.71,ICE
2022-02-05 17:30:00,11.65,ICE
2022-02-05 17:45:00,11.57,ICE
2022-02-05 18:00:00,11.51,ICE
2022-02-05 18:15:00,11.45,ICE
2022-02-05 18:30:00,11.43,ICE
2022-02-05 18:45:00,11.41,ICE
2022-02-05 19:00:00,11.39,ICE
2022-02-05 19:15:00,11.38,ICE
2022-02-05 19:30:00,11.37,ICE
2022-02-05 19:45:00,11.36,ICE
2022-02-05 20:00:00,11.36,ICE
2022-02-05 20:15:00,11.36,ICE
2022-02-05 20:30:00,11.35,ICE
2022-02-05 20:45:00,11.35,ICE
2022-02-05 21:00:00,11.35,ICE
2022-02-05 21:15:00,11.35,ICE
2022-02-05 21:30:00,11.35,ICE
2022-02-05 21:45:00,11.35,ICE
2022-02-05 22:00:00,11.35,ICE
2022-02-05 22:15:00,11.35,ICE
2022-02-05 22:30:00,11.35,ICE
2022-02-05 22:45:00,11.36,ICE
2022-02-05 23:00:00,11.36,ICE
2022-02-05 23:15:00,11.36,ICE
2022-02-05 23:30:00,11.36,ICE
2022-02-05 23:45:00,11.37,ICE
2022-02-06 00:00:00,11.37,ICE
2022-02-06 00:15:00,11.37,ICE
2022-02-06 00:30:00,11.37,ICE
2022-02-06 00:45:00,11.38,ICE
2022-02-06 01:00:00,11.38,ICE
2022-02-06 01:15:00,11.37,ICE
2022-02-06 01:30:00,11.37,ICE
2022-02-06 01:45:00,11.38,ICE
2022-02-06 02:00:00,11.38,ICE
2022-02-06 02:15:00,11.38,ICE
2022-02-06 02:30:00,11.37,ICE
2022-02-06 02:45:00,11.37,ICE
2022-02-06 03:00:00,11.38,ICE
2022-02-06 03:15:00,11.37,ICE
2022-02-06 03:30:00,11.37,ICE
2022-02-06 03:45:00,11.37,ICE
2022-02-06 04:00:00,11.37,ICE
2022-02-06 04:15:00,11.37,ICE
2022-02-06 04:30:00,11.37,ICE
2022-02-06 04:45:00,11.37,ICE
2022-02-06 05:00:00,11.37,ICE
2022-02-06 05:15:00,11.37,ICE
2022-02-06 05:30:00,11.37,ICE
2022-02-06 05:45:00,11.37,ICE
2022-02-06 06:00:00,11.37,ICE
2022-02-06 06:15:00,11.37,ICE
2022-02-06 06:30:00,11.37,ICE
2022-02-06 06:45:00,11.37,ICE
2022-02-06 07:00:00,11.36,ICE
2022-02-06 07:15:00,11.36,ICE
2022-02-06 07:30:00,11.36,ICE
2022-02-06 07:45:00,11.37,ICE
2022-02-06 08:00:00,11.39,ICE
2022-02-06 08:15:00,11.42,ICE
2022-02-06 08:30:00,11.45,ICE
2022-02-06 08:45:00,11.48,ICE
2022-02-06 09:00:00,11.51,ICE
2022-02-06 09:15:00,11.55,ICE
2022-02-06 09:30:00,11.63,ICE
2022-02-06 09:45:00,11.68,ICE
2022-02-06 10:00:00,11.73,ICE
2022-02-06 10:15:00,11.78,ICE
2022-02-06 10:30:00,11.83,ICE
2022-02-06 10:45:00,11.87,ICE
2022-02-06 11:00:00,11.92,ICE
2022-02-06 11:15:00,11.95,ICE
2022-02-06 11:30:00,11.99,ICE
2022-02-06 11:45:00,12.02,ICE
2022-02-06 12:00:00,12.05,ICE
2022-02-06 12:15:00,12.07,ICE
2022-02-06 12:30:00,12.08,ICE
2022-02-06 12:45:00,12.09,ICE
2022-02-06 13:00:00,12.1,ICE
2022-02-06 13:15:00,12.12,ICE
2022-02-06 13:30:00,12.11,ICE
2022-02-06 13:45:00,12.12,ICE
2022-02-06 14:00:00,12.12,ICE
2022-02-06 14:15:00,12.11,ICE
2022-02-06 14:30:00,12.1,ICE
2022-02-06 14:45:00,12.09,ICE
2022-02-06 15:00:00,12.08,ICE
2022-02-06 15:15:00,12.07,ICE
2022-02-06 15:30:00,12.06,ICE
2022-02-06 15:45:00,12.02,ICE
2022-02-06 16:00:00,11.98,ICE
2022-02-06 16:15:00,11.97,ICE
2022-02-06 16:30:00,11.92,ICE
2022-02-06 16:45:00,11.87,ICE
2022-02-06 17:00:00,11.81,ICE
2022-02-06 17:15:00,11.75,ICE
2022-02-06 17:30:00,11.7,ICE
2022-02-06 17:45:00,11.64,ICE
2022-02-06 18:00:00,11.58,ICE
2022-02-06 18:15:00,11.53,ICE
2022-02-06 18:30:00,11.5,ICE
2022-02-06 18:45:00,11.48,ICE
2022-02-06 19:00:00,11.47,ICE
2022-02-06 19:15:00,11.46,ICE
2022-02-06 19:30:00,11.46,ICE
2022-02-06 19:45:00,11.45,ICE
2022-02-06 20:00:00,11.45,ICE
2022-02-06 20:15:00,11.45,ICE
2022-02-06 20:30:00,11.45,ICE
2022-02-06 20:45:00,11.45,ICE
2022-02-06 21:00:00,11.44,ICE
2022-02-06 21:15:00,11.45,ICE
2022-02-06 21:30:00,11.45,ICE
2022-02-06 21:45:00,11.45,ICE
2022-02-06 22:00:00,11.45,ICE
2022-02-06 22:15:00,11.45,ICE
2022-02-06 22:30:00,11.45,ICE
2022-02-06 22:45:00,11.45,ICE
2022-02-06 23:00:00,11.45,ICE
2022-02-06 23:15:00,11.45,ICE
2022-02-06 23:30:00,11.46,ICE
2022-02-06 23:45:00,11.46,ICE
2022-02-07 00:00:00,11.46,ICE
2022-02-07 00:15:00,11.46,ICE
2022-02-07 00:30:00,11.46,ICE
2022-02-07 00:45:00,11.46,ICE
2022-02-07 01:00:00,11.46,ICE
2022-02-07 01:15:00,11.46,ICE
2022-02-07 01:30:00,11.46,ICE
2022-02-07 01:45:00,11.46,ICE
2022-02-07 02:00:00,11.46,ICE
2022-02-07 02:15:00,11.46,ICE
2022-02-07 02:30:00,11.45,ICE
2022-02-07 02:45:00,11.46,ICE
2022-02-07 03:00:00,11.46,ICE
2022-02-07 03:15:00,11.45,ICE
2022-02-07 03:30:00,11.45,ICE
2022-02-07 03:45:00,11.45,ICE
2022-02-07 04:00:00,11.45,ICE
2022-02-07 04:15:00,11.45,ICE
2022-02-07 04:30:00,11.45,ICE
2022-02-07 04:45:00,11.45,ICE
2022-02-07 05:00:00,11.45,ICE
2022-02-07 05:15:00,11.45,ICE
2022-02-07 05:30:00,11.45,ICE
2022-02-07 05:45:00,11.45,ICE
2022-02-07 06:00:00,11.45,ICE
2022-02-07 06:15:00,11.45,ICE
2022-02-07 06:30:00,11.45,ICE
2022-02-07 06:45:00,11.45,ICE
2022-02-07 07:00:00,11.44,ICE
2022-02-07 07:15:00,11.44,ICE
2022-02-07 07:30:00,11.44,ICE
2022-02-07 07:45:00,11.45,ICE
2022-02-07 08:00:00,11.47,ICE
2022-02-07 08:15:00,11.5,ICE
2022-02-07 08:30:00,11.53,ICE
2022-02-07 08:45:00,11.55,ICE
2022-02-07 09:00:00,11.58,ICE
2022-02-07 09:15:00,11.63,ICE
2022-02-07 09:30:00,11.7,ICE
2022-02-07 09:45:00,11.75,ICE
2022-02-07 10:00:00,11.8,ICE
2022-02-07 10:15:00,11.85,ICE
2022-02-07 10:30:00,11.89,ICE
2022-02-07 10:45:00,11.92,ICE
2022-02-07 11:00:00,11.97,ICE
2022-02-07 11:15:00,12.0,ICE
2022-02-07 11:30:00,12.03,ICE
2022-02-07 11:45:00,12.05,ICE
2022-02-07 12:00:00,12.07,ICE
2022-02-07 12:15:00,12.09,ICE
2022-02-07 12:30:00,12.1,ICE
2022-02-07 12:45:00,12.1,ICE
2022-02-07 13:00:00,12.11,ICE
2022-02-07 13:15:00,12.11,ICE
2022-02-07 13:30:00,12.11,ICE
2022-02-07 13:45:00,12.11,ICE
2022-02-07 14:00:00,12.1,ICE
2022-02-07 14:15:00,12.1,ICE
2022-02-07 14:30:00,12.1,ICE
2022-02-07 14:45:00,12.09,ICE
2022-02-07 15:00:00,12.07,ICE
2022-02-07 15:15:00,12.05,ICE
2022-02-07 15:30:00,12.02,ICE
2022-02-07 15:45:00,11.99,ICE
2022-02-07 16:00:00,11.96,ICE
2022-02-07 16:15:00,11.93,ICE
2022-02-07 16:30:00,11.89,ICE
2022-02-07 16:45:00,11.83,ICE
2022-02-07 17:00:00,11.77,ICE
2022-02-07 17:15:00,11.71,ICE
2022-02-07 17:30:00,11.63,ICE
2022-02-07 17:45:00,11.59,ICE
2022-02-07 18:00:00,11.54,ICE
2022-02-07 18:15:00,11.5,ICE
2022-02-07 18:30:00,11.48,ICE
2022-02-07 18:45:00,11.47,ICE
2022-02-07 19:00:00,11.46,ICE
2022-02-07 19:15:00,11.44,ICE
2022-02-07 19:30:00,11.44,ICE
2022-02-07 19:45:00,11.44,ICE
2022-02-07 20:00:00,11.44,ICE
2022-02-07 20:15:00,11.44,ICE
2022-02-07 20:30:00,11.43,ICE
2022-02-07 20:45:00,11.44,ICE
2022-02-07 21:00:00,11.43,ICE
2022-02-07 21:15:00,11.42,ICE
2022-02-07 21:30:00,11.42,ICE
2022-02-07 21:45:00,11.42,ICE
2022-02-07 22:00:00,11.42,ICE
2022-02-07 22:15:00,11.42,ICE
2022-02-07 22:30:00,11.42,ICE
2022-02-07 22:45:00,11.41,ICE
2022-02-07 23:00:00,11.41,ICE
2022-02-07 23:15:00,11.42,ICE
2022-02-07 23:30:00,11.41,ICE
2022-02-07 23:45:00,11.4,ICE
2022-02-08 00:00:00,11.41,ICE
2022-02-08 00:15:00,11.41,ICE
2022-02-08 00:30:00,11.41,ICE
2022-02-08 00:45:00,11.41,ICE
2022-02-08 01:00:00,11.41,ICE
2022-02-08 01:15:00,11.41,ICE
2022-02-08 01:30:00,11.41,ICE
2022-02-08 01:45:00,11.41,ICE
2022-02-08 02:00:00,11.41,ICE
2022-02-08 02:15:00,11.41,ICE
2022-02-08 02:30:00,11.41,ICE
2022-02-08 02:45:00,11.41,ICE
2022-02-08 03:00:00,11.41,ICE
2022-02-08 03:15:00,11.41,ICE
2022-02-08 03:30:00,11.42,ICE
2022-02-08 03:45:00,11.41,ICE
2022-02-08 04:00:00,11.42,ICE
2022-02-08 04:15:00,11.41,ICE
2022-02-08 04:30:00,11.41,ICE
2022-02-08 04:45:00,11.41,ICE
2022-02-08 05:00:00,11.41,ICE
2022-02-08 05:15:00,11.41,ICE
2022-02-08 05:30:00,11.42,ICE
2022-02-08 05:45:00,11.42,ICE
2022-02-08 06:00:00,11.41,ICE
2022-02-08 06:15:00,11.42,ICE
2022-02-08 06:30:00,11.42,ICE
2022-02-08 06:45:00,11.41,ICE
2022-02-08 07:00:00,11.41,ICE
2022-02-08 07:15:00,11.41,ICE
2022-02-08 07:30:00,11.41,ICE
2022-02-08 07:45:00,11.43,ICE
2022-02-08 08:00:00,11.45,ICE
2022-02-08 08:15:00,11.49,ICE
2022-02-08 08:30:00,11.52,ICE
2022-02-08 08:45:00,11.55,ICE
2022-02-08 09:00:00,11.57,ICE
2022-02-08 09:15:00,11.64,ICE
2022-02-08 09:30:00,11.7,ICE
2022-02-08 09:45:00,11.76,ICE
2022-02-08 10:00:00,11.81,ICE
2022-02-08 10:15:00,11.87,ICE
2022-02-08 10:30:00,11.9,ICE
2022-02-08 10:45:00,11.94,ICE
2022-02-08 11:00:00,11.97,ICE
2022-02-08 11:15:00,12.0,ICE
2022-02-08 11:30:00,12.02,ICE
2022-02-08 11:45:00,12.04,ICE
2022-02-08 12:00:00,12.05,ICE
2022-02-08 12:15:00,12.06,ICE
2022-02-08 12:30:00,12.07,ICE
2022-02-08 12:45:00,12.08,ICE
2022-02-08 13:00:00,12.08,ICE
2022-02-08 13:15:00,12.08,ICE
2022-02-08 13:30:00,12.07,ICE
2022-02-08 13:45:00,12.08,ICE
2022-02-08 14:00:00,12.08,ICE
2022-02-08 14:15:00,12.07,ICE
2022-02-08 14:30:00,12.07,ICE
2022-02-08 14:45:00,12.05,ICE
2022-02-08 15:00:00,12.04,ICE
2022-02-08 15:15:00,12.02,ICE
2022-02-08 15:30:00,11.99,ICE
2022-02-08 15:45:00,11.97,ICE
2022-02-08 16:00:00,11.93,ICE
2022-02-08 16:15:00,11.89,ICE
2022-02-08 16:30:00,11.85,ICE
2022-02-08 16:45:00,11.8,ICE
2022-02-08 17:00:00,11.75,ICE
2022-02-08 17:15:00,11.68,ICE
2022-02-08 17:30:00,11.63,ICE
2022-02-08 17:45:00,11.58,ICE
2022-02-08 18:00:00,11.53,ICE
2022-02-08 18:15:00,11.49,ICE
2022-02-08 18:30:00,11.46,ICE
2022-02-08 18:45:00,11.44,ICE
2022-02-08 19:00:00,11.45,ICE
2022-02-08 19:15:00,11.44,ICE
2022-02-08 19:30:00,11.44,ICE
2022-02-08 19:45:00,11.43,ICE
2022-02-08 20:00:00,11.43,ICE
2022-02-08 20:15:00,11.43,ICE
2022-02-08 20:30:00,11.43,ICE
2022-02-08 20:45:00,11.43,ICE
2022-02-08 21:00:00,11.43,ICE
2022-02-08 21:15:00,11.43,ICE
2022-02-08 21:30:00,11.42,ICE
2022-02-08 21:45:00,11.43,ICE
2022-02-08 22:00:00,11.42,ICE
2022-02-08 22:15:00,11.42,ICE
2022-02-08 22:30:00,11.43,ICE
2022-02-08 22:45:00,11.42,ICE
2022-02-08 23:00:00,11.41,ICE
2022-02-08 23:15:00,11.42,ICE
2022-02-08 23:30:00,11.42,ICE
2022-02-08 23:45:00,11.41,ICE
2022-02-09 00:00:00,11.41,ICE
2022-02-09 00:15:00,11.41,ICE
2022-02-09 00:30:00,11.42,ICE
2022-02-09 00:45:00,11.41,ICE
2022-02-09 01:00:00,11.41,ICE
2022-02-09 01:15:00,11.41,ICE
2022-02-09 01:30:00,11.41,ICE
2022-02-09 01:45:00,11.42,ICE
2022-02-09 02:00:00,11.42,ICE
2022-02-09 02:15:00,11.41,ICE
2022-02-09 02:30:00,11.41,ICE
2022-02-09 02:45:00,11.41,ICE
2022-02-09 03:00:00,11.41,ICE
2022-02-09 03:15:00,11.42,ICE
2022-02-09 03:30:00,11.42,ICE
2022-02-09 03:45:00,11.42,ICE
2022-02-09 04:00:00,11.42,ICE
2022-02-09 04:15:00,11.42,ICE
2022-02-09 04:30:00,11.42,ICE
2022-02-09 04:45:00,11.42,ICE
2022-02-09 05:00:00,11.42,ICE
2022-02-09 05:15:00,11.42,ICE
2022-02-09 05:30:00,11.43,ICE
2022-02-09 05:45:00,11.42,ICE
2022-02-09 06:00:00,11.43,ICE
2022-02-09 06:15:00,11.42,ICE
2022-02-09 06:30:00,11.42,ICE
2022-02-09 06:45:00,11.43,ICE
2022-02-09 07:00:00,11.43,ICE
2022-02-09 07:15:00,11.43,ICE
2022-02-09 07:30:00,11.44,ICE
2022-02-09 07:45:00,11.44,ICE
2022-02-09 08:00:00,11.47,ICE
2022-02-09 08:15:00,11.5,ICE
2022-02-09 08:30:00,11.52,ICE
2022-02-09 08:45:00,11.56,ICE
2022-02-09 09:00:00,11.57,ICE
2022-02-09 09:15:00,11.64,ICE
2022-02-09 09:30:00,11.7,ICE
2022-02-09 09:45:00,11.75,ICE
2022-02-09 10:00:00,11.79,ICE
2022-02-09 10:15:00,11.86,ICE
2022-02-09 10:30:00,11.93,ICE
2022-02-09 10:45:00,11.97,ICE
2022-02-09 11:00:00,12.02,ICE
2022-02-09 11:15:00,12.0,ICE
2022-02-09 11:30:00,11.98,ICE
2022-02-09 11:45:00,11.98,ICE
2022-02-09 12:00:00,11.99,ICE
2022-02-09 12:15:00,12.03,ICE
2022-02-09 12:30:00,12.02,ICE
2022-02-09 12:45:00,12.03,ICE
2022-02-09 13:00:00,12.04,ICE
2022-02-09 13:15:00,12.04,ICE
2022-02-09 13:30:00,12.03,ICE
2022-02-09 13:45:00,11.99,ICE
2022-02-09 14:00:00,11.99,ICE
2022-02-09 14:15:00,12.0,ICE
2022-02-09 14:30:00,11.97,ICE
2022-02-09 14:45:00,11.94,ICE
2022-02-09 15:00:00,11.92,ICE
2022-02-09 15:15:00,11.91,ICE
2022-02-09 15:30:00,11.91,ICE
2022-02-09 15:45:00,11.88,ICE
2022-02-09 16:00:00,11.87,ICE
2022-02-09 16:15:00,11.84,ICE
2022-02-09 16:30:00,11.81,ICE
2022-02-09 16:45:00,11.78,ICE
2022-02-09 17:00:00,11.72,ICE
2022-02-09 17:15:00,11.64,ICE
2022-02-09 17:30:00,11.59,ICE
2022-02-09 17:45:00,11.55,ICE
2022-02-09 18:00:00,11.49,ICE
2022-02-09 18:15:00,11.46,ICE
2022-02-09 18:30:00,11.43,ICE
2022-02-09 18:45:00,11.41,ICE
2022-02-09 19:00:00,11.4,ICE
2022-02-09 19:15:00,11.41,ICE
2022-02-09 19:30:00,11.4,ICE
2022-02-09 19:45:00,11.39,ICE
2022-02-09 20:00:00,11.38,ICE
2022-02-09 20:15:00,11.38,ICE
2022-02-09 20:30:00,11.38,ICE
2022-02-09 20:45:00,11.38,ICE
2022-02-09 21:00:00,11.37,ICE
2022-02-09 21:15:00,11.36,ICE
2022-02-09 21:30:00,11.36,ICE
2022-02-09 21:45:00,11.36,ICE
2022-02-09 22:00:00,11.36,ICE
2022-02-09 22:15:00,11.36,ICE
2022-02-09 22:30:00,11.35,ICE
2022-02-09 22:45:00,11.35,ICE
2022-02-09 23:00:00,11.35,ICE
2022-02-09 23:15:00,11.34,ICE
2022-02-09 23:30:00,11.34,ICE
2022-02-09 23:45:00,11.35,ICE
2022-02-10 00:00:00,11.35,
2022-02-10 00:15:00,11.36,
2022-02-10 00:30:00,11.35,
2022-02-10 00:45:00,11.36,
2022-02-10 01:00:00,11.36,
2022-02-10 01:15:00,11.36,
2022-02-10 01:30:00,11.36,
2022-02-10 01:45:00,11.37,
2022-02-10 02:00:00,11.37,
2022-02-10 02:15:00,11.38,
2022-02-10 02:30:00,11.38,
2022-02-10 02:45:00,11.4,
2022-02-10 03:00:00,11.39,
2022-02-10 03:15:00,11.4,
2022-02-10 03:30:00,11.4,
2022-02-10 03:45:00,11.41,
2022-02-10 04:00:00,11.41,
2022-02-10 04:15:00,11.42,
2022-02-10 04:30:00,11.42,
2022-02-10 04:45:00,11.43,
2022-02-10 05:00:00,11.43,
2022-02-10 05:15:00,11.44,
2022-02-10 05:30:00,11.44,
2022-02-10 05:45:00,11.44,
2022-02-10 06:00:00,11.45,
2022-02-10 06:15:00,11.46,
2022-02-10 06:30:00,11.46,
2022-02-10 06:45:00,11.47,
2022-02-10 07:00:00,11.47,
2022-02-10 07:15:00,11.47,
2022-02-10 07:30:00,11.48,
2022-02-10 07:45:00,11.49,
2022-02-10 08:00:00,11.52,
2022-02-10 08:15:00,11.55,
2022-02-10 08:30:00,11.6,
2022-02-10 08:45:00,11.64,
2022-02-10 09:00:00,11.68,
2022-02-10 09:15:00,11.73,
2022-02-10 09:30:00,11.8,
2022-02-10 09:45:00,11.85,
2022-02-10 10:00:00,11.89,
2022-02-10 10:15:00,11.92,
2022-02-10 10:30:00,11.93,
2022-02-10 10:45:00,11.96,
2022-02-10 11:00:00,11.98,
2022-02-10 11:15:00,11.98,
2022-02-10 11:30:00,11.98,
2022-02-10 11:45:00,11.96,
2022-02-10 12:00:00,11.97,
2022-02-10 12:15:00,12.0,
2022-02-10 12:30:00,12.01,
2022-02-10 12:45:00,11.97,
2022-02-10 13:00:00,11.94,
2022-02-10 13:15:00,11.91,
2022-02-10 13:30:00,11.89,
2022-02-10 13:45:00,11.9,
2022-02-10 14:00:00,11.9,
2022-02-10 14:15:00,11.85,
2022-02-10 14:30:00,11.83,
2022-02-10 14:45:00,11.8,
2022-02-10 15:00:00,11.74,
2022-02-10 15:15:00,11.7,
2022-02-10 15:30:00,11.72,
2022-02-10 15:45:00,11.7,
2022-02-10 16:00:00,11.67,
2022-02-10 16:15:00,11.62,
2022-02-10 16:30:00,11.53,
2022-02-10 16:45:00,11.45,
2022-02-10 17:00:00,11.38,
2022-02-10 17:15:00,11.35,
2022-02-10 17:30:00,11.3,
2022-02-10 17:45:00,11.27,
2022-02-10 18:00:00,11.24,
2022-02-10 18:15:00,11.2,
2022-02-10 18:30:00,11.16,
2022-02-10 18:45:00,11.13,
2022-02-10 19:00:00,11.13,
2022-02-10 19:15:00,11.12,
2022-02-10 19:30:00,11.12,
2022-02-10 19:45:00,11.11,
2022-02-10 20:00:00,11.1,
2022-02-10 20:15:00,11.1,
2022-02-10 20:30:00,11.09,
2022-02-10 20:45:00,11.08,
2022-02-10 21:00:00,11.07,
2022-02-10 21:15:00,11.07,
2022-02-10 21:30:00,11.07,
2022-02-10 21:45:00,11.06,
2022-02-10 22:00:00,11.06,
2022-02-10 22:15:00,11.07,
2022-02-10 22:30:00,11.07,
2022-02-10 22:45:00,11.07,
2022-02-10 23:00:00,11.07,
2022-02-10 23:15:00,11.07,
2022-02-10 23:30:00,11.08,
2022-02-10 23:45:00,11.09,
2022-02-11 00:00:00,11.09,
2022-02-11 00:15:00,11.09,
2022-02-11 00:30:00,11.1,
2022-02-11 00:45:00,11.1,
2022-02-11 01:00:00,11.1,
2022-02-11 01:15:00,11.1,
2022-02-11 01:30:00,11.1,
2022-02-11 01:45:00,11.11,
2022-02-11 02:00:00,11.11,
2022-02-11 02:15:00,11.12,
2022-02-11 02:30:00,11.12,
2022-02-11 02:45:00,11.13,
2022-02-11 03:00:00,11.13,
2022-02-11 03:15:00,11.14,
2022-02-11 03:30:00,11.15,
2022-02-11 03:45:00,11.16,
2022-02-11 04:00:00,11.16,
2022-02-11 04:15:00,11.17,
2022-02-11 04:30:00,11.18,
2022-02-11 04:45:00,11.19,
2022-02-11 05:00:00,11.19,
2022-02-11 05:15:00,11.2,
2022-02-11 05:30:00,11.21,
2022-02-11 05:45:00,11.21,
2022-02-11 06:00:00,11.21,
2022-02-11 06:15:00,11.22,
2022-02-11 06:30:00,11.23,
2022-02-11 06:45:00,11.23,
2022-02-11 07:00:00,11.24,
2022-02-11 07:15:00,11.26,
2022-02-11 07:30:00,11.27,
2022-02-11 07:45:00,11.3,
2022-02-11 08:00:00,11.33,
2022-02-11 08:15:00,11.38,
2022-02-11 08:30:00,11.43,
2022-02-11 08:45:00,11.47,
2022-02-11 09:00:00,11.51,
2022-02-11 09:15:00,11.57,
2022-02-11 09:30:00,11.64,
2022-02-11 09:45:00,11.68,
2022-02-11 10:00:00,11.71,
2022-02-11 10:15:00,11.74,
2022-02-11 10:30:00,11.76,
2022-02-11 10:45:00,11.76,
2022-02-11 11:00:00,11.74,
2022-02-11 11:15:00,11.75,
2022-02-11 11:30:00,11.75,
2022-02-11 11:45:00,11.73,
2022-02-11 12:00:00,11.73,
2022-02-11 12:15:00,11.71,
2022-02-11 12:30:00,11.68,
2022-02-11 12:45:00,11.66,
2022-02-11 13:00:00,11.63,
2022-02-11 13:15:00,11.62,
2022-02-11 13:30:00,11.59,
2022-02-11 13:45:00,11.56,
2022-02-11 14:00:00,11.54,
2022-02-11 14:15:00,11.51,
2022-02-11 14:30:00,11.48,
2022-02-11 14:45:00,11.45,
2022-02-11 15:00:00,11.42,
2022-02-11 15:15:00,11.39,
2022-02-11 15:30:00,11.38,
2022-02-11 15:45:00,11.36,
2022-02-11 16:00:00,11.33,
2022-02-11 16:15:00,11.3,
2022-02-11 16:30:00,11.27,
2022-02-11 16:45:00,11.22,
2022-02-11 17:00:00,11.17,
2022-02-11 17:15:00,11.11,
2022-02-11 17:30:00,11.06,
2022-02-11 17:45:00,11.02,
2022-02-11 18:00:00,10.98,
2022-02-11 18:15:00,10.96,
2022-02-11 18:30:00,10.95,
2022-02-11 18:45:00,10.95,
2022-02-11 19:00:00,10.95,
2022-02-11 19:15:00,10.95,
2022-02-11 19:30:00,10.96,
2022-02-11 19:45:00,10.97,
2022-02-11 20:00:00,10.97,
2022-02-11 20:15:00,10.97,
2022-02-11 20:30:00,10.98,
2022-02-11 20:45:00,10.98,
2022-02-11 21:00:00,10.99,
2022-02-11 21:15:00,11.0,
2022-02-11 21:30:00,11.01,
2022-02-11 21:45:00,11.02,
2022-02-11 22:00:00,11.02,
2022-02-11 22:15:00,11.03,
2022-02-11 22:30:00,11.05,
2022-02-11 22:45:00,11.07,
2022-02-11 23:00:00,11.09,
2022-02-11 23:15:00,11.1,
2022-02-11 23:30:00,11.11,
2022-02-11 23:45:00,11.13,
2022-02-12 00:00:00,11.15,
2022-02-12 00:15:00,11.16,
2022-02-12 00:30:00,11.19,
2022-02-12 00:45:00,11.2,
2022-02-12 01:00:00,11.22,
2022-02-12 01:15:00,11.24,
2022-02-12 01:30:00,11.26,
2022-02-12 01:45:00,11.28,
2022-02-12 02:00:00,11.3,
2022-02-12 02:15:00,11.32,
2022-02-12 02:30:00,11.34,
2022-02-12 02:45:00,11.36,
2022-02-12 03:00:00,11.38,
2022-02-12 03:15:00,11.39,
2022-02-12 03:30:00,11.41,
2022-02-12 03:45:00,11.42,
2022-02-12 04:00:00,11.45,
2022-02-12 04:15:00,11.45,
2022-02-12 04:30:00,11.47,
2022-02-12 04:45:00,11.48,
2022-02-12 05:00:00,11.49,
2022-02-12 05:15:00,11.49,
2022-02-12 05:30:00,11.46,
2022-02-12 05:45:00,11.47,
2022-02-12 06:00:00,11.46,
2022-02-12 06:15:00,11.44,
2022-02-12 06:30:00,11.43,
2022-02-12 06:45:00,11.44,
2022-02-12 07:00:00,11.44,
2022-02-12 07:15:00,11.45,
2022-02-12 07:30:00,11.45,
2022-02-12 07:45:00,11.47,
2022-02-12 08:00:00,11.49,
2022-02-12 08:15:00,11.54,
2022-02-12 08:30:00,11.57,
2022-02-12 08:45:00,11.59,
2022-02-12 09:00:00,11.63,
2022-02-12 09:15:00,11.69,
2022-02-12 09:30:00,11.76,
2022-02-12 09:45:00,11.83,
2022-02-12 10:00:00,11.88,
2022-02-12 10:15:00,11.94,
2022-02-12 10:30:00,11.96,
2022-02-12 10:45:00,11.97,
2022-02-12 11:00:00,12.0,
2022-02-12 11:15:00,12.02,
2022-02-12 11:30:00,12.05,
2022-02-12 11:45:00,12.08,
2022-02-12 12:00:00,12.07,
2022-02-12 12:15:00,12.04,
2022-02-12 12:30:00,12.04,
2022-02-12 12:45:00,12.03,
2022-02-12 13:00:00,12.01,
2022-02-12 13:15:00,12.0,
2022-02-12 13:30:00,11.97,
2022-02-12 13:45:00,11.97,
2022-02-12 14:00:00,11.96,
2022-02-12 14:15:00,11.93,
2022-02-12 14:30:00,11.9,
2022-02-12 14:45:00,11.87,
2022-02-12 15:00:00,11.84,
2022-02-12 15:15:00,11.8,
2022-02-12 15:30:00,11.75,
2022-02-12 15:45:00,11.69,
2022-02-12 16:00:00,11.64,
2022-02-12 16:15:00,11.58,
2022-02-12 16:30:00,11.52,
2022-02-12 16:45:00,11.47,
2022-02-12 17:00:00,11.4,
2022-02-12 17:15:00,11.33,
2022-02-12 17:30:00,11.26,
2022-02-12 17:45:00,11.2,
2022-02-12 18:00:00,11.17,
2022-02-12 18:15:00,11.13,
2022-02-12 18:30:00,11.11,
2022-02-12 18:45:00,11.11,
2022-02-12 19:00:00,11.11,
2022-02-12 19:15:00,11.11,
2022-02-12 19:30:00,11.11,
2022-02-12 19:45:00,11.11,
2022-02-12 20:00:00,11.11,
2022-02-12 20:15:00,11.12,
2022-02-12 20:30:00,11.13,
2022-02-12 20:45:00,11.12,
2022-02-12 21:00:00,11.14,
2022-02-12 21:15:00,11.14,
2022-02-12 21:30:00,11.15,
2022-02-12 21:45:00,11.15,
2022-02-12 22:00:00,11.16,
2022-02-12 22:15:00,11.17,
2022-02-12 22:30:00,11.18,
2022-02-12 22:45:00,11.2,
2022-02-12 23:00:00,11.21,
2022-02-12 23:15:00,11.21,
2022-02-12 23:30:00,11.23,
2022-02-12 23:45:00,11.25,
2022-02-13 00:00:00,11.26,
2022-02-13 00:15:00,11.27,
2022-02-13 00:30:00,11.29,
2022-02-13 00:45:00,11.31,
2022-02-13 01:00:00,11.32,
2022-02-13 01:15:00,11.34,
2022-02-13 01:30:00,11.36,
2022-02-13 01:45:00,11.36,
2022-02-13 02:00:00,11.39,
2022-02-13 02:15:00,11.4,
2022-02-13 02:30:00,11.41,
2022-02-13 02:45:00,11.43,
2022-02-13 03:00:00,11.45,
2022-02-13 03:15:00,11.47,
2022-02-13 03:30:00,11.48,
2022-02-13 03:45:00,11.5,
2022-02-13 04:00:00,11.49,
2022-02-13 04:15:00,11.48,
2022-02-13 04:30:00,11.48,
2022-02-13 04:45:00,11.47,
2022-02-13 05:00:00,11.45,
2022-02-13 05:15:00,11.44,
2022-02-13 05:30:00,11.41,
2022-02-13 05:45:00,11.4,
2022-02-13 06:00:00,11.35,
2022-02-13 06:15:00,11.32,
2022-02-13 06:30:00,11.33,
2022-02-13 06:45:00,11.36,
2022-02-13 07:00:00,11.4,
2022-02-13 07:15:00,11.44,
2022-02-13 07:30:00,11.46,
2022-02-13 07:45:00,11.46,
2022-02-13 08:00:00,11.51,
2022-02-13 08:15:00,11.55,
2022-02-13 08:30:00,11.57,
2022-02-13 08:45:00,11.62,
2022-02-13 09:00:00,11.65,
2022-02-13 09:15:00,11.73,
2022-02-13 09:30:00,11.79,
2022-02-13 09:45:00,11.85,
2022-02-13 10:00:00,11.9,
2022-02-13 10:15:00,11.92,
2022-02-13 10:30:00,11.93,
2022-02-13 10:45:00,11.94,
2022-02-13 11:00:00,12.0,
2022-02-13 11:15:00,12.05,
2022-02-13 11:30:00,12.06,
2022-02-13 11:45:00,12.06,
2022-02-13 12:00:00,12.06,
2022-02-13 12:15:00,12.04,
2022-02-13 12:30:00,12.02,
2022-02-13 12:45:00,12.02,
2022-02-13 13:00:00,11.99,
2022-02-13 13:15:00,11.97,
2022-02-13 13:30:00,11.96,
2022-02-13 13:45:00,11.95,
2022-02-13 14:00:00,11.92,
2022-02-13 14:15:00,11.9,
2022-02-13 14:30:00,11.87,
2022-02-13 14:45:00,11.84,
2022-02-13 15:00:00,11.8,
2022-02-13 15:15:00,11.75,
2022-02-13 15:30:00,11.69,
2022-02-13 15:45:00,11.62,
2022-02-13 16:00:00,11.57,
2022-02-13 16:15:00,11.5,
2022-02-13 16:30:00,11.45,
2022-02-13 16:45:00,11.39,
2022-02-13 17:00:00,11.31,
2022-02-13 17:15:00,11.23,
2022-02-13 17:30:00,11.13,
2022-02-13 17:45:00,11.08,
2022-02-13 18:00:00,11.04,
2022-02-13 18:15:00,11.0,
2022-02-13 18:30:00,10.97,
2022-02-13 18:45:00,10.95,
2022-02-13 19:00:00,10.96,
2022-02-13 19:15:00,10.97,
2022-02-13 19:30:00,10.97,
2022-02-13 19:45:00,10.97,
2022-02-13 20:00:00,10.97,
2022-02-13 20:15:00,10.98,
2022-02-13 20:30:00,10.98,
2022-02-13 20:45:00,10.99,
2022-02-13 21:00:00,11.0,
2022-02-13 21:15:00,11.0,
2022-02-13 21:30:00,11.01,
2022-02-13 21:45:00,11.01,
2022-02-13 22:00:00,11.03,
2022-02-13 22:15:00,11.03,
2022-02-13 22:30:00,11.04,
2022-02-13 22:45:00,11.05,
2022-02-13 23:00:00,11.06,
2022-02-13 23:15:00,11.08,
2022-02-13 23:30:00,11.08,
2022-02-13 23:45:00,11.09,
2022-02-14 00:00:00,11.11,
2022-02-14 00:15:00,11.13,
2022-02-14 00:30:00,11.14,
2022-02-14 00:45:00,11.16,
2022-02-14 01:00:00,11.17,
2022-02-14 01:15:00,11.19,
2022-02-14 01:30:00,11.2,
2022-02-14 01:45:00,11.22,
2022-02-14 02:00:00,11.24,
2022-02-14 02:15:00,11.25,
2022-02-14 02:30:00,11.27,
2022-02-14 02:45:00,11.27,
2022-02-14 03:00:00,11.29,
2022-02-14 03:15:00,11.29,
2022-02-14 03:30:00,11.32,
2022-02-14 03:45:00,11.33,
2022-02-14 04:00:00,11.35,
2022-02-14 04:15:00,11.36,
2022-02-14 04:30:00,11.37,
2022-02-14 04:45:00,11.39,
2022-02-14 05:00:00,11.4,
2022-02-14 05:15:00,11.41,
2022-02-14 05:30:00,11.41,
2022-02-14 05:45:00,11.4,
2022-02-14 06:00:00,11.4,
2022-02-14 06:15:00,11.39,
2022-02-14 06:30:00,11.38,
2022-02-14 06:45:00,11.37,
2022-02-14 07:00:00,11.32,
2022-02-14 07:15:00,11.3,
2022-02-14 07:30:00,11.29,
2022-02-14 07:45:00,11.31,
2022-02-14 08:00:00,11.33,
2022-02-14 08:15:00,11.44,
2022-02-14 08:30:00,11.54,
2022-02-14 08:45:00,11.67,
2022-02-14 09:00:00,11.72,
2022-02-14 09:15:00,11.75,
2022-02-14 09:30:00,11.79,
2022-02-14 09:45:00,11.84,
2022-02-14 10:00:00,11.91,
2022-02-14 10:15:00,11.91,
2022-02-14 10:30:00,11.91,
2022-02-14 10:45:00,11.9,
2022-02-14 11:00:00,11.9,
2022-02-14 11:15:00,11.9,
2022-02-14 11:30:00,11.89,
2022-02-14 11:45:00,11.89,
2022-02-14 12:00:00,11.9,
2022-02-14 12:15:00,11.89,
2022-02-14 12:30:00,11.88,
2022-02-14 12:45:00,11.84,
2022-02-14 13:00:00,11.79,
2022-02-14 13:15:00,11.75,
2022-02-14 13:30:00,11.69,
2022-02-14 13:45:00,11.64,
2022-02-14 14:00:00,11.57,
2022-02-14 14:15:00,11.5,
2022-02-14 14:30:00,11.43,
2022-02-14 14:45:00,11.39,
2022-02-14 15:00:00,11.35,
2022-02-14 15:15:00,11.29,
2022-02-14 15:30:00,11.22,
2022-02-14 15:45:00,11.19,
2022-02-14 16:00:00,11.16,
2022-02-14 16:15:00,11.12,
2022-02-14 16:30:00,11.04,
2022-02-14 16:45:00,10.96,
2022-02-14 17:00:00,10.93,
2022-02-14 17:15:00,10.88,
2022-02-14 17:30:00,10.8,
2022-02-14 17:45:00,10.77,
2022-02-14 18:00:00,10.71,
2022-02-14 18:15:00,10.66,
2022-02-14 18:30:00,10.64,
2022-02-14 18:45:00,10.63,
2022-02-14 19:00:00,10.62,
2022-02-14 19:15:00,10.62,
2022-02-14 19:30:00,10.62,
2022-02-14 19:45:00,10.62,
2022-02-14 20:00:00,10.63,
2022-02-14 20:15:00,10.63,
2022-02-14 20:30:00,10.63,
2022-02-14 20:45:00,10.63,
2022-02-14 21:00:00,10.64,
2022-02-14 21:15:00,10.65,
2022-02-14 21:30:00,10.66,
2022-02-14 21:45:00,10.66,
2022-02-14 22:00:00,10.67,
2022-02-14 22:15:00,10.68,
2022-02-14 22:30:00,10.68,
2022-02-14 22:45:00,10.7,
2022-02-14 23:00:00,10.69,
2022-02-14 23:15:00,10.71,
2022-02-14 23:30:00,10.71,
2022-02-14 23:45:00,10.72,
2022-02-15 00:00:00,10.73,
2022-02-15 00:15:00,10.73,
2022-02-15 00:30:00,10.75,
2022-02-15 00:45:00,10.75,
2022-02-15 01:00:00,10.77,
2022-02-15 01:15:00,10.78,
2022-02-15 01:30:00,10.79,
2022-02-15 01:45:00,10.81,
2022-02-15 02:00:00,10.82,
2022-02-15 02:15:00,10.83,
2022-02-15 02:30:00,10.84,
2022-02-15 02:45:00,10.85,
2022-02-15 03:00:00,10.87,
2022-02-15 03:15:00,10.88,
2022-02-15 03:30:00,10.89,
2022-02-15 03:45:00,10.89,
2022-02-15 04:00:00,10.9,
2022-02-15 04:15:00,10.91,
2022-02-15 04:30:00,10.92,
2022-02-15 04:45:00,10.93,
2022-02-15 05:00:00,10.93,
2022-02-15 05:15:00,10.94,
2022-02-15 05:30:00,10.95,
2022-02-15 05:45:00,10.96,
2022-02-15 06:00:00,10.96,
2022-02-15 06:15:00,10.97,
2022-02-15 06:30:00,10.98,
2022-02-15 06:45:00,10.99,
2022-02-15 07:00:00,10.99,
2022-02-15 07:15:00,11.01,
2022-02-15 07:30:00,11.02,
2022-02-15 07:45:00,11.05,
2022-02-15 08:00:00,11.1,
2022-02-15 08:15:00,11.19,
2022-02-15 08:30:00,11.28,
2022-02-15 08:45:00,11.35,
2022-02-15 09:00:00,11.42,
2022-02-15 09:15:00,11.46,
2022-02-15 09:30:00,11.46,
2022-02-15 09:45:00,11.46,
2022-02-15 10:00:00,11.5,
2022-02-15 10:15:00,11.51,
2022-02-15 10:30:00,11.52,
2022-02-15 10:45:00,11.58,
2022-02-15 11:00:00,11.57,
2022-02-15 11:15:00,11.54,
2022-02-15 11:30:00,11.58,
2022-02-15 11:45:00,11.62,
2022-02-15 12:00:00,11.61,
2022-02-15 12:15:00,11.58,
2022-02-15 12:30:00,11.54,
2022-02-15 12:45:00,11.54,
2022-02-15 13:00:00,11.52,
2022-02-15 13:15:00,11.48,
2022-02-15 13:30:00,11.44,
2022-02-15 13:45:00,11.39,
2022-02-15 14:00:00,11.33,
2022-02-15 14:15:00,11.31,
2022-02-15 14:30:00,11.29,
2022-02-15 14:45:00,11.27,
2022-02-15 15:00:00,11.22,
2022-02-15 15:15:00,11.19,
2022-02-15 15:30:00,11.14,
2022-02-15 15:45:00,11.1,
2022-02-15 16:00:00,11.05,
2022-02-15 16:15:00,11.01,
2022-02-15 16:30:00,10.97,
2022-02-15 16:45:00,10.93,
2022-02-15 17:00:00,10.84,
2022-02-15 17:15:00,10.77,
2022-02-15 17:30:00,10.71,
2022-02-15 17:45:00,10.63,
2022-02-15 18:00:00,10.57,
2022-02-15 18:15:00,10.52,
2022-02-15 18:30:00,10.5,
2022-02-15 18:45:00,10.49,
2022-02-15 19:00:00,10.48,
2022-02-15 19:15:00,10.48,
2022-02-15 19:30:00,10.48,
2022-02-15 19:45:00,10.49,
2022-02-15 20:00:00,10.49,
2022-02-15 20:15:00,10.5,
2022-02-15 20:30:00,10.49,
2022-02-15 20:45:00,10.51,
2022-02-15 21:00:00,10.52,
2022-02-15 21:15:00,10.53,
2022-02-15 21:30:00,10.53,
2022-02-15 21:45:00,10.54,
2022-02-15 22:00:00,10.55,
2022-02-15 22:15:00,10.55,
2022-02-15 22:30:00,10.56,
2022-02-15 22:45:00,10.57,
2022-02-15 23:00:00,10.58,
2022-02-15 23:15:00,10.58,
2022-02-15 23:30:00,10.6,
2022-02-15 23:45:00,10.61,
2022-02-16 00:00:00,10.62,
2022-02-16 00:15:00,10.62,
2022-02-16 00:30:00,10.63,
2022-02-16 00:45:00,10.63,
2022-02-16 01:00:00,10.65,
2022-02-16 01:15:00,10.65,
2022-02-16 01:30:00,10.66,
2022-02-16 01:45:00,10.66,
2022-02-16 02:00:00,10.68,
2022-02-16 02:15:00,10.69,
2022-02-16 02:30:00,10.7,
2022-02-16 02:45:00,10.71,
2022-02-16 03:00:00,10.72,
2022-02-16 03:15:00,10.72,
2022-02-16 03:30:00,10.73,
2022-02-16 03:45:00,10.74,
2022-02-16 04:00:00,10.75,
2022-02-16 04:15:00,10.77,
2022-02-16 04:30:00,10.78,
2022-02-16 04:45:00,10.79,
2022-02-16 05:00:00,10.79,
2022-02-16 05:15:00,10.8,
2022-02-16 05:30:00,10.81,
2022-02-16 05:45:00,10.82,
2022-02-16 06:00:00,10.83,
2022-02-16 06:15:00,10.83,
2022-02-16 06:30:00,10.84,
2022-02-16 06:45:00,10.85,
2022-02-16 07:00:00,10.85,
2022-02-16 07:15:00,10.86,
2022-02-16 07:30:00,10.88,
2022-02-16 07:45:00,10.91,
2022-02-16 08:00:00,10.95,
2022-02-16 08:15:00,11.0,
2022-02-16 08:30:00,11.07,
2022-02-16 08:45:00,11.17,
2022-02-16 09:00:00,11.22,
2022-02-16 09:15:00,11.3,
2022-02-16 09:30:00,11.4,
2022-02-16 09:45:00,11.48,
2022-02-16 10:00:00,11.56,
2022-02-16 10:15:00,11.55,
2022-02-16 10:30:00,11.56,
2022-02-16 10:45:00,11.6,
2022-02-16 11:00:00,11.59,
2022-02-16 11:15:00,11.58,
2022-02-16 11:30:00,11.56,
2022-02-16 11:45:00,11.57,
2022-02-16 12:00:00,11.59,
2022-02-16 12:15:00,11.57,
2022-02-16 12:30:00,11.53,
2022-02-16 12:45:00,11.54,
2022-02-16 13:00:00,11.53,
2022-02-16 13:15:00,11.45,
2022-02-16 13:30:00,11.43,
2022-02-16 13:45:00,11.41,
2022-02-16 14:00:00,11.37,
2022-02-16 14:15:00,11.29,
2022-02-16 14:30:00,11.25,
2022-02-16 14:45:00,11.22,
2022-02-16 15:00:00,11.15,
2022-02-16 15:15:00,11.13,
2022-02-16 15:30:00,11.12,
2022-02-16 15:45:00,11.08,
2022-02-16 16:00:00,11.1,
2022-02-16 16:15:00,11.11,
2022-02-16 16:30:00,11.1,
2022-02-16 16:45:00,11.06,
2022-02-16 17:00:00,11.03,
2022-02-16 17:15:00,10.93,
2022-02-16 17:30:00,10.82,
2022-02-16 17:45:00,10.74,
2022-02-16 18:00:00,10.69,
2022-02-16 18:15:00,10.65,
2022-02-16 18:30:00,10.63,
2022-02-16 18:45:00,10.63,
2022-02-16 19:00:00,10.65,
2022-02-16 19:15:00,10.67,
2022-02-16 19:30:00,10.69,
2022-02-16 19:45:00,10.72,
2022-02-16 20:00:00,10.74,
2022-02-16 20:15:00,10.77,
2022-02-16 20:30:00,10.8,
2022-02-16 20:45:00,10.82,
2022-02-16 21:00:00,10.86,
2022-02-16 21:15:00,10.88,
2022-02-16 21:30:00,10.9,
2022-02-16 21:45:00,10.93,
2022-02-16 22:00:00,10.95,
2022-02-16 22:15:00,10.98,
2022-02-16 22:30:00,11.01,
2022-02-16 22:45:00,11.04,
2022-02-16 23:00:00,11.07,
2022-02-16 23:15:00,11.1,
2022-02-16 23:30:00,11.13,
2022-02-16 23:45:00,11.16,
2022-02-17 00:00:00,11.19,
2022-02-17 00:15:00,11.23,
2022-02-17 00:30:00,11.25,
2022-02-17 00:45:00,11.28,
2022-02-17 01:00:00,11.31,
2022-02-17 01:15:00,11.34,
2022-02-17 01:30:00,11.36,
2022-02-17 01:45:00,11.39,
2022-02-17 02:00:00,11.39,
2022-02-17 02:15:00,11.38,
2022-02-17 02:30:00,11.37,
2022-02-17 02:45:00,11.36,
2022-02-17 03:00:00,11.35,
2022-02-17 03:15:00,11.33,
2022-02-17 03:30:00,11.3,
2022-02-17 03:45:00,11.3,
2022-02-17 04:00:00,11.3,
2022-02-17 04:15:00,11.31,
2022-02-17 04:30:00,11.3,
2022-02-17 04:45:00,11.3,
2022-02-17 05:00:00,11.29,
2022-02-17 05:15:00,11.28,
2022-02-17 05:30:00,11.26,
2022-02-17 05:45:00,11.25,
2022-02-17 06:00:00,11.25,
2022-02-17 06:15:00,11.22,
2022-02-17 06:30:00,11.23,
2022-02-17 06:45:00,11.24,
2022-02-17 07:00:00,11.24,
2022-02-17 07:15:00,11.23,
2022-02-17 07:30:00,11.22,
2022-02-17 07:45:00,11.23,
2022-02-17 08:00:00,11.27,
2022-02-17 08:15:00,11.31,
2022-02-17 08:30:00,11.37,
2022-02-17 08:45:00,11.46,
2022-02-17 09:00:00,11.56,
2022-02-17 09:15:00,11.63,
2022-02-17 09:30:00,11.75,
2022-02-17 09:45:00,11.83,
2022-02-17 10:00:00,11.91,
2022-02-17 10:15:00,11.94,
2022-02-17 10:30:00,12.0,
2022-02-17 10:45:00,12.08,
2022-02-17 11:00:00,12.12,
2022-02-17 11:15:00,12.1,
2022-02-17 11:30:00,12.08,
2022-02-17 11:45:00,12.07,
2022-02-17 12:00:00,12.07,
2022-02-17 12:15:00,12.04,
2022-02-17 12:30:00,12.03,
2022-02-17 12:45:00,12.01,
2022-02-17 13:00:00,11.98,
2022-02-17 13:15:00,11.96,
2022-02-17 13:30:00,11.94,
2022-02-17 13:45:00,11.9,
2022-02-17 14:00:00,11.89,
2022-02-17 14:15:00,11.9,
2022-02-17 14:30:00,11.94,
2022-02-17 14:45:00,11.93,
2022-02-17 15:00:00,11.9,
2022-02-17 15:15:00,11.86,
2022-02-17 15:30:00,11.83,
2022-02-17 15:45:00,11.8,
2022-02-17 16:00:00,11.77,
2022-02-17 16:15:00,11.71,
2022-02-17 16:30:00,11.63,
2022-02-17 16:45:00,11.56,
2022-02-17 17:00:00,11.49,
2022-02-17 17:15:00,11.45,
2022-02-17 17:30:00,11.4,
2022-02-17 17:45:00,11.37,
2022-02-17 18:00:00,11.31,
2022-02-17 18:15:00,11.24,
2022-02-17 18:30:00,11.2,
2022-02-17 18:45:00,11.18,
2022-02-17 19:00:00,11.17,
2022-02-17 19:15:00,11.15,
2022-02-17 19:30:00,11.15,
2022-02-17 19:45:00,11.15,
2022-02-17 20:00:00,11.16,
2022-02-17 20:15:00,11.16,
2022-02-17 20:30:00,11.17,
2022-02-17 20:45:00,11.19,
2022-02-17 21:00:00,11.19,
2022-02-17 21:15:00,11.21,
2022-02-17 21:30:00,11.21,
2022-02-17 21:45:00,11.22,
2022-02-17 22:00:00,11.22,
2022-02-17 22:15:00,11.24,
2022-02-17 22:30:00,11.25,
2022-02-17 22:45:00,11.26,
2022-02-17 23:00:00,11.27,
2022-02-17 23:15:00,11.29,
2022-02-17 23:30:00,11.31,
2022-02-17 23:45:00,11.33,
2022-02-18 00:00:00,11.34,
2022-02-18 00:15:00,11.35,
2022-02-18 00:30:00,11.37,
2022-02-18 00:45:00,11.38,
2022-02-18 01:00:00,11.39,
2022-02-18 01:15:00,11.39,
2022-02-18 01:30:00,11.39,
2022-02-18 01:45:00,11.42,
2022-02-18 02:00:00,11.43,
2022-02-18 02:15:00,11.45,
2022-02-18 02:30:00,11.45,
2022-02-18 02:45:00,11.43,
2022-02-18 03:00:00,11.43,
2022-02-18 03:15:00,11.43,
2022-02-18 03:30:00,11.43,
2022-02-18 03:45:00,11.42,
2022-02-18 04:00:00,11.42,
2022-02-18 04:15:00,11.42,
2022-02-18 04:30:00,11.42,
2022-02-18 04:45:00,11.41,
2022-02-18 05:00:00,11.4,
2022-02-18 05:15:00,11.39,
2022-02-18 05:30:00,11.38,
2022-02-18 05:45:00,11.38,
2022-02-18 06:00:00,11.38,
2022-02-18 06:15:00,11.37,
2022-02-18 06:30:00,11.38,
2022-02-18 06:45:00,11.38,
2022-02-18 07:00:00,11.37,
2022-02-18 07:15:00,11.37,
2022-02-18 07:30:00,11.36,
2022-02-18 07:45:00,11.36,
2022-02-18 08:00:00,11.38,
2022-02-18 08:15:00,11.43,
2022-02-18 08:30:00,11.5,
2022-02-18 08:45:00,11.55,
2022-02-18 09:00:00,11.61,
2022-02-18 09:15:00,11.67,
2022-02-18 09:30:00,11.74,
2022-02-18 09:45:00,11.83,
2022-02-18 10:00:00,11.89,
2022-02-18 10:15:00,11.95,
2022-02-18 10:30:00,11.95,
2022-02-18 10:45:00,11.95,
2022-02-18 11:00:00,11.97,
2022-02-18 11:15:00,11.98,
2022-02-18 11:30:00,11.96,
2022-02-18 11:45:00,11.99,
2022-02-18 12:00:00,11.99,
2022-02-18 12:15:00,12.0,
2022-02-18 12:30:00,11.99,
2022-02-18 12:45:00,12.03,
2022-02-18 13:00:00,12.02,
2022-02-18 13:15:00,12.01,
2022-02-18 13:30:00,12.0,
2022-02-18 13:45:00,11.98,
2022-02-18 14:00:00,11.95,
2022-02-18 14:15:00,11.91,
2022-02-18 14:30:00,11.86,
2022-02-18 14:45:00,11.82,
2022-02-18 15:00:00,11.76,
2022-02-18 15:15:00,11.72,
2022-02-18 15:30:00,11.67,
2022-02-18 15:45:00,11.58,
2022-02-18 16:00:00,11.55,
2022-02-18 16:15:00,11.49,
2022-02-18 16:30:00,11.4,
2022-02-18 16:45:00,11.27,
2022-02-18 17:00:00,11.12,
2022-02-18 17:15:00,11.02,
2022-02-18 17:30:00,10.95,
2022-02-18 17:45:00,10.89,
2022-02-18 18:00:00,10.85,
2022-02-18 18:15:00,10.82,
2022-02-18 18:30:00,10.79,
2022-02-18 18:45:00,10.79,
2022-02-18 19:00:00,10.8,
2022-02-18 19:15:00,10.81,
2022-02-18 19:30:00,10.82,
2022-02-18 19:45:00,10.84,
2022-02-18 20:00:00,10.86,
2022-02-18 20:15:00,10.87,
2022-02-18 20:30:00,10.89,
2022-02-18 20:45:00,10.9,
2022-02-18 21:00:00,10.92,
2022-02-18 21:15:00,10.93,
2022-02-18 21:30:00,10.96,
2022-02-18 21:45:00,10.97,
2022-02-18 22:00:00,10.99,
2022-02-18 22:15:00,11.0,
2022-02-18 22:30:00,11.03,
2022-02-18 22:45:00,11.04,
2022-02-18 23:00:00,11.06,
2022-02-18 23:15:00,11.09,
2022-02-18 23:30:00,11.11,
2022-02-18 23:45:00,11.12,
2022-02-19 00:00:00,11.14,
2022-02-19 00:15:00,11.17,
2022-02-19 00:30:00,11.18,
2022-02-19 00:45:00,11.2,
2022-02-19 01:00:00,11.22,
2022-02-19 01:15:00,11.24,
2022-02-19 01:30:00,11.26,
2022-02-19 01:45:00,11.28,
2022-02-19 02:00:00,11.3,
2022-02-19 02:15:00,11.32,
2022-02-19 02:30:00,11.34,
2022-02-19 02:45:00,11.36,
2022-02-19 03:00:00,11.38,
2022-02-19 03:15:00,11.4,
2022-02-19 03:30:00,11.41,
2022-02-19 03:45:00,11.43,
2022-02-19 04:00:00,11.42,
2022-02-19 04:15:00,11.42,
2022-02-19 04:30:00,11.41,
2022-02-19 04:45:00,11.39,
2022-02-19 05:00:00,11.39,
2022-02-19 05:15:00,11.38,
2022-02-19 05:30:00,11.37,
2022-02-19 05:45:00,11.36,
2022-02-19 06:00:00,11.35,
2022-02-19 06:15:00,11.33,
2022-02-19 06:30:00,11.34,
2022-02-19 06:45:00,11.34,
2022-02-19 07:00:00,11.34,
2022-02-19 07:15:00,11.35,
2022-02-19 07:30:00,11.38,
2022-02-19 07:45:00,11.42,
2022-02-19 08:00:00,11.46,
2022-02-19 08:15:00,11.5,
2022-02-19 08:30:00,11.53,
2022-02-19 08:45:00,11.55,
2022-02-19 09:00:00,11.59,
2022-02-19 09:15:00,11.65,
2022-02-19 09:30:00,11.71,
2022-02-19 09:45:00,11.74,
2022-02-19 10:00:00,11.8,
2022-02-19 10:15:00,11.84,
2022-02-19 10:30:00,11.86,
2022-02-19 10:45:00,11.89,
2022-02-19 11:00:00,11.92,
2022-02-19 11:15:00,11.92,
2022-02-19 11:30:00,11.89,
2022-02-19 11:45:00,11.88,
2022-02-19 12:00:00,11.87,
2022-02-19 12:15:00,11.88,
2022-02-19 12:30:00,11.86,
2022-02-19 12:45:00,11.85,
2022-02-19 13:00:00,11.82,
2022-02-19 13:15:00,11.8,
2022-02-19 13:30:00,11.76,
2022-02-19 13:45:00,11.72,
2022-02-19 14:00:00,11.68,
2022-02-19 14:15:00,11.64,
2022-02-19 14:30:00,11.59,
2022-02-19 14:45:00,11.54,
2022-02-19 15:00:00,11.45,
2022-02-19 15:15:00,11.38,
2022-02-19 15:30:00,11.31,
2022-02-19 15:45:00,11.24,
2022-02-19 16:00:00,11.18,
2022-02-19 16:15:00,11.12,
2022-02-19 16:30:00,11.04,
2022-02-19 16:45:00,10.98,
2022-02-19 17:00:00,10.91,
2022-02-19 17:15:00,10.81,
2022-02-19 17:30:00,10.73,
2022-02-19 17:45:00,10.66,
2022-02-19 18:00:00,10.62,
2022-02-19 18:15:00,10.58,
2022-02-19 18:30:00,10.55,
2022-02-19 18:45:00,10.54,
2022-02-19 19:00:00,10.55,
2022-02-19 19:15:00,10.55,
2022-02-19 19:30:00,10.56,
2022-02-19 19:45:00,10.58,
2022-02-19 20:00:00,10.59,
2022-02-19 20:15:00,10.6,
2022-02-19 20:30:00,10.62,
2022-02-19 20:45:00,10.63,
2022-02-19 21:00:00,10.65,
2022-02-19 21:15:00,10.66,
2022-02-19 21:30:00,10.67,
2022-02-19 21:45:00,10.7,
2022-02-19 22:00:00,10.71,
2022-02-19 22:15:00,10.74,
2022-02-19 22:30:00,10.75,
2022-02-19 22:45:00,10.76,
2022-02-19 23:00:00,10.79,
2022-02-19 23:15:00,10.8,
2022-02-19 23:30:00,10.83,
2022-02-19 23:45:00,10.84,
2022-02-20 00:00:00,10.87,
2022-02-20 00:15:00,10.88,
2022-02-20 00:30:00,10.9,
2022-02-20 00:45:00,10.93,
2022-02-20 01:00:00,10.94,
2022-02-20 01:15:00,10.97,
2022-02-20 01:30:00,10.99,
2022-02-20 01:45:00,11.01,
2022-02-20 02:00:00,11.02,
2022-02-20 02:15:00,11.04,
2022-02-20 02:30:00,11.06,
2022-02-20 02:45:00,11.08,
2022-02-20 03:00:00,11.1,
2022-02-20 03:15:00,11.12,
2022-02-20 03:30:00,11.13,
2022-02-20 03:45:00,11.15,
2022-02-20 04:00:00,11.17,
2022-02-20 04:15:00,11.19,
2022-02-20 04:30:00,11.21,
2022-02-20 04:45:00,11.23,
2022-02-20 05:00:00,11.24,
2022-02-20 05:15:00,11.26,
2022-02-20 05:30:00,11.26,
2022-02-20 05:45:00,11.28,
2022-02-20 06:00:00,11.28,
2022-02-20 06:15:00,11.28,
2022-02-20 06:30:00,11.27,
2022-02-20 06:45:00,11.27,
2022-02-20 07:00:00,11.25,
2022-02-20 07:15:00,11.23,
2022-02-20 07:30:00,11.24,
2022-02-20 07:45:00,11.26,
2022-02-20 08:00:00,11.33,
2022-02-20 08:15:00,11.43,
2022-02-20 08:30:00,11.52,
2022-02-20 08:45:00,11.6,
2022-02-20 09:00:00,11.67,
2022-02-20 09:15:00,11.72,
2022-02-20 09:30:00,11.8,
2022-02-20 09:45:00,11.82,
2022-02-20 10:00:00,11.82,
2022-02-20 10:15:00,11.83,
2022-02-20 10:30:00,11.83,
2022-02-20 10:45:00,11.82,
2022-02-20 11:00:00,11.78,
2022-02-20 11:15:00,11.79,
2022-02-20 11:30:00,11.79,
2022-02-20 11:45:00,11.82,
2022-02-20 12:00:00,11.79,
2022-02-20 12:15:00,11.76,
2022-02-20 12:30:00,11.7,
2022-02-20 12:45:00,11.6,
2022-02-20 13:00:00,11.56,
2022-02-20 13:15:00,11.5,
2022-02-20 13:30:00,11.44,
2022-02-20 13:45:00,11.38,
2022-02-20 14:00:00,11.35,
2022-02-20 14:15:00,11.29,
2022-02-20 14:30:00,11.24,
2022-02-20 14:45:00,11.19,
2022-02-20 15:00:00,11.13,
2022-02-20 15:15:00,11.09,
2022-02-20 15:30:00,11.08,
2022-02-20 15:45:00,11.04,
2022-02-20 16:00:00,10.94,
2022-02-20 16:15:00,10.89,
2022-02-20 16:30:00,10.85,
2022-02-20 16:45:00,10.78,
2022-02-20 17:00:00,10.71,
2022-02-20 17:15:00,10.63,
2022-02-20 17:30:00,10.56,
2022-02-20 17:45:00,10.49,
2022-02-20 18:00:00,10.43,
2022-02-20 18:15:00,10.37,
2022-02-20 18:30:00,10.34,
2022-02-20 18:45:00,10.31,
2022-02-20 19:00:00,10.31,
2022-02-20 19:15:00,10.31,
2022-02-20 19:30:00,10.31,
2022-02-20 19:45:00,10.32,
2022-02-20 20:00:00,10.32,
2022-02-20 20:15:00,10.32,
2022-02-20 20:30:00,10.33,
2022-02-20 20:45:00,10.33,
2022-02-20 21:00:00,10.34,
2022-02-20 21:15:00,10.34,
2022-02-20 21:30:00,10.34,
2022-02-20 21:45:00,10.35,
2022-02-20 22:00:00,10.36,
2022-02-20 22:15:00,10.36,
2022-02-20 22:30:00,10.38,
2022-02-20 22:45:00,10.38,
2022-02-20 23:00:00,10.4,
2022-02-20 23:15:00,10.42,
2022-02-20 23:30:00,10.44,
2022-02-20 23:45:00,10.45,
2022-02-21 00:00:00,10.46,
2022-02-21 00:15:00,10.48,
2022-02-21 00:30:00,10.49,
2022-02-21 00:45:00,10.5,
2022-02-21 01:00:00,10.52,
2022-02-21 01:15:00,10.52,
2022-02-21 01:30:00,10.53,
2022-02-21 01:45:00,10.55,
2022-02-21 02:00:00,10.56,
2022-02-21 02:15:00,10.58,
2022-02-21 02:30:00,10.59,
2022-02-21 02:45:00,10.61,
2022-02-21 03:00:00,10.63,
2022-02-21 03:15:00,10.64,
2022-02-21 03:30:00,10.66,
2022-02-21 03:45:00,10.67,
2022-02-21 04:00:00,10.7,
2022-02-21 04:15:00,10.73,
2022-02-21 04:30:00,10.75,
2022-02-21 04:45:00,10.78,
2022-02-21 05:00:00,10.79,
2022-02-21 05:15:00,10.8,
2022-02-21 05:30:00,10.81,
2022-02-21 05:45:00,10.82,
2022-02-21 06:00:00,10.83,
2022-02-21 06:15:00,10.85,
2022-02-21 06:30:00,10.86,
2022-02-21 06:45:00,10.87,
2022-02-21 07:00:00,10.88,
2022-02-21 07:15:00,10.89,
2022-02-21 07:30:00,10.91,
2022-02-21 07:45:00,10.96,
2022-02-21 08:00:00,11.03,
2022-02-21 08:15:00,11.1,
2022-02-21 08:30:00,11.18,
2022-02-21 08:45:00,11.27,
2022-02-21 09:00:00,11.32,
2022-02-21 09:15:00,11.35,
2022-02-21 09:30:00,11.43,
2022-02-21 09:45:00,11.49,
2022-02-21 10:00:00,11.52,
2022-02-21 10:15:00,11.54,
2022-02-21 10:30:00,11.55,
2022-02-21 10:45:00,11.56,
2022-02-21 11:00:00,11.57,
2022-02-21 11:15:00,11.58,
2022-02-21 11:30:00,11.54,
2022-02-21 11:45:00,11.54,
2022-02-21 12:00:00,11.49,
2022-02-21 12:15:00,11.47,
2022-02-21 12:30:00,11.38,
2022-02-21 12:45:00,11.3,
2022-02-21 13:00:00,11.24,
2022-02-21 13:15:00,11.2,
2022-02-21 13:30:00,11.17,
2022-02-21 13:45:00,11.18,
2022-02-21 14:00:00,11.2,
2022-02-21 14:15:00,11.19,
2022-02-21 14:30:00,11.16,
2022-02-21 14:45:00,11.13,
2022-02-21 15:00:00,11.12,
2022-02-21 15:15:00,11.12,
2022-02-21 15:30:00,11.07,
2022-02-21 15:45:00,11.02,
2022-02-21 16:00:00,11.01,
2022-02-21 16:15:00,10.95,
2022-02-21 16:30:00,10.87,
2022-02-21 16:45:00,10.83,
2022-02-21 17:00:00,10.81,
2022-02-21 17:15:00,10.82,
2022-02-21 17:30:00,10.73,
2022-02-21 17:45:00,10.62,
2022-02-21 18:00:00,10.52,
2022-02-21 18:15:00,10.47,
2022-02-21 18:30:00,10.44,
2022-02-21 18:45:00,10.43,
2022-02-21 19:00:00,10.43,
2022-02-21 19:15:00,10.45,
2022-02-21 19:30:00,10.47,
2022-02-21 19:45:00,10.49,
2022-02-21 20:00:00,10.52,
2022-02-21 20:15:00,10.55,
2022-02-21 20:30:00,10.58,
2022-02-21 20:45:00,10.61,
2022-02-21 21:00:00,10.64,
2022-02-21 21:15:00,10.67,
2022-02-21 21:30:00,10.7,
2022-02-21 21:45:00,10.74,
2022-02-21 22:00:00,10.77,
2022-02-21 22:15:00,10.79,
2022-02-21 22:30:00,10.82,
2022-02-21 22:45:00,10.86,
2022-02-21 23:00:00,10.88,
2022-02-21 23:15:00,10.91,
2022-02-21 23:30:00,10.93,
2022-02-21 23:45:00,10.96,
2022-02-22 00:00:00,10.97,
2022-02-22 00:15:00,11.0,ICE
2022-02-22 00:30:00,11.03,ICE
2022-02-22 00:45:00,11.04,ICE
2022-02-22 01:00:00,11.06,ICE
2022-02-22 01:15:00,11.09,ICE
2022-02-22 01:30:00,11.11,ICE
2022-02-22 01:45:00,11.13,ICE
2022-02-22 02:00:00,11.16,ICE
2022-02-22 02:15:00,11.17,ICE
2022-02-22 02:30:00,11.17,ICE
2022-02-22 02:45:00,11.18,ICE
2022-02-22 03:00:00,11.17,ICE
2022-02-22 03:15:00,11.17,ICE
2022-02-22 03:30:00,11.16,ICE
2022-02-22 03:45:00,11.15,ICE
2022-02-22 04:00:00,11.13,ICE
2022-02-22 04:15:00,11.12,ICE
2022-02-22 04:30:00,11.11,ICE
2022-02-22 04:45:00,11.1,ICE
2022-02-22 05:00:00,11.07,ICE
2022-02-22 05:15:00,11.06,ICE
2022-02-22 05:30:00,11.05,ICE
2022-02-22 05:45:00,11.06,ICE
2022-02-22 06:00:00,11.05,ICE
2022-02-22 06:15:00,11.04,ICE
2022-02-22 06:30:00,11.02,ICE
2022-02-22 06:45:00,11.01,ICE
2022-02-22 07:00:00,11.0,ICE
2022-02-22 07:15:00,11.02,ICE
2022-02-22 07:30:00,11.03,ICE
2022-02-22 07:45:00,11.06,ICE
2022-02-22 08:00:00,11.1,ICE
2022-02-22 08:15:00,11.16,ICE
2022-02-22 08:30:00,11.22,ICE
2022-02-22 08:45:00,11.31,ICE
2022-02-22 09:00:00,11.36,ICE
2022-02-22 09:15:00,11.42,ICE
2022-02-22 09:30:00,11.46,ICE
2022-02-22 09:45:00,11.52,ICE
2022-02-22 10:00:00,11.59,ICE
2022-02-22 10:15:00,11.66,ICE
2022-02-22 10:30:00,11.71,ICE
2022-02-22 10:45:00,11.78,ICE
2022-02-22 11:00:00,11.82,ICE
2022-02-22 11:15:00,11.83,ICE
2022-02-22 11:30:00,11.86,ICE
2022-02-22 11:45:00,11.86,ICE
2022-02-22 12:00:00,11.84,ICE
2022-02-22 12:15:00,11.83,ICE
2022-02-22 12:30:00,11.84,ICE
2022-02-22 12:45:00,11.86,ICE
2022-02-22 13:00:00,11.86,ICE
2022-02-22 13:15:00,11.85,ICE
2022-02-22 13:30:00,11.83,ICE
2022-02-22 13:45:00,11.8,ICE
2022-02-22 14:00:00,11.79,ICE
2022-02-22 14:15:00,11.79,ICE
2022-02-22 14:30:00,11.79,ICE
2022-02-22 14:45:00,11.79,ICE
2022-02-22 15:00:00,11.77,ICE
2022-02-22 15:15:00,11.78,ICE
2022-02-22 15:30:00,11.73,ICE
2022-02-22 15:45:00,11.69,ICE
2022-02-22 16:00:00,11.67,ICE
2022-02-22 16:15:00,11.64,ICE
2022-02-22 16:30:00,11.61,ICE
2022-02-22 16:45:00,11.56,ICE
2022-02-22 17:00:00,11.51,ICE
2022-02-22 17:15:00,11.49,ICE
2022-02-22 17:30:00,11.44,ICE
2022-02-22 17:45:00,11.38,ICE
2022-02-22 18:00:00,11.34,ICE
2022-02-22 18:15:00,11.29,ICE
2022-02-22 18:30:00,11.26,ICE
2022-02-22 18:45:00,11.26,ICE
2022-02-22 19:00:00,11.27,ICE
2022-02-22 19:15:00,11.27,ICE
2022-02-22 19:30:00,11.27,ICE
2022-02-22 19:45:00,11.28,ICE
2022-02-22 20:00:00,11.27,ICE
2022-02-22 20:15:00,11.24,ICE
2022-02-22 20:30:00,11.25,ICE
2022-02-22 20:45:00,11.25,ICE
2022-02-22 21:00:00,11.24,ICE
2022-02-22 21:15:00,11.24,ICE
2022-02-22 21:30:00,11.21,ICE
2022-02-22 21:45:00,11.16,ICE
2022-02-22 22:00:00,11.1,ICE
2022-02-22 22:15:00,11.08,ICE
2022-02-22 22:30:00,11.09,ICE
2022-02-22 22:45:00,11.08,ICE
2022-02-22 23:00:00,11.12,ICE
2022-02-22 23:15:00,11.19,ICE
2022-02-22 23:30:00,11.21,ICE
2022-02-22 23:45:00,11.21,ICE
2022-02-23 00:00:00,11.21,ICE
2022-02-23 00:15:00,11.22,ICE
2022-02-23 00:30:00,11.23,ICE
2022-02-23 00:45:00,11.22,ICE
2022-02-23 01:00:00,11.18,ICE
2022-02-23 01:15:00,11.17,ICE
2022-02-23 01:30:00,11.15,ICE
2022-02-23 01:45:00,11.14,ICE
2022-02-23 02:00:00,11.12,ICE
2022-02-23 02:15:00,11.11,ICE
2022-02-23 02:30:00,11.1,ICE
2022-02-23 02:45:00,11.1,ICE
2022-02-23 03:00:00,11.07,ICE
2022-02-23 03:15:00,11.07,ICE
2022-02-23 03:30:00,11.07,ICE
2022-02-23 03:45:00,11.03,ICE
2022-02-23 04:00:00,11.03,ICE
2022-02-23 04:15:00,11.03,ICE
2022-02-23 04:30:00,11.01,ICE
2022-02-23 04:45:00,11.01,ICE
2022-02-23 05:00:00,10.99,ICE
2022-02-23 05:15:00,10.99,ICE
2022-02-23 05:30:00,10.97,ICE
2022-02-23 05:45:00,11.0,ICE
2022-02-23 06:00:00,11.01,ICE
2022-02-23 06:15:00,11.01,ICE
2022-02-23 06:30:00,11.01,ICE
2022-02-23 06:45:00,10.99,ICE
2022-02-23 07:00:00,10.98,ICE
2022-02-23 07:15:00,10.99,ICE
2022-02-23 07:30:00,10.99,ICE
2022-02-23 07:45:00,10.99,ICE
2022-02-23 08:00:00,10.98,ICE
2022-02-23 08:15:00,10.99,ICE
2022-02-23 08:30:00,11.1,ICE
2022-02-23 08:45:00,11.16,ICE
2022-02-23 09:00:00,11.15,ICE
2022-02-23 09:15:00,11.16,ICE
2022-02-23 09:30:00,11.28,ICE
2022-02-23 09:45:00,11.26,ICE
2022-02-23 10:00:00,11.31,ICE
2022-02-23 10:15:00,11.4,ICE
2022-02-23 10:30:00,11.45,ICE
2022-02-23 10:45:00,11.49,ICE
2022-02-23 11:00:00,11.53,ICE
2022-02-23 11:15:00,11.64,ICE
2022-02-23 11:30:00,11.75,ICE
2022-02-23 11:45:00,11.81,ICE
2022-02-23 12:00:00,11.85,ICE
2022-02-23 12:15:00,11.9,ICE
2022-02-23 12:30:00,11.96,ICE
2022-02-23 12:45:00,11.99,ICE
2022-02-23 13:00:00,11.97,ICE
2022-02-23 13:15:00,11.98,ICE
2022-02-23 13:30:00,11.97,ICE
2022-02-23 13:45:00,11.96,ICE
2022-02-23 14:00:00,11.95,ICE
2022-02-23 14:15:00,11.94,ICE
2022-02-23 14:30:00,11.91,ICE
2022-02-23 14:45:00,11.87,ICE
2022-02-23 15:00:00,11.87,ICE
2022-02-23 15:15:00,11.86,ICE
2022-02-23 15:30:00,11.84,ICE
2022-02-23 15:45:00,11.83,ICE
2022-02-23 16:00:00,11.81,ICE
2022-02-23 16:15:00,11.78,ICE
2022-02-23 16:30:00,11.78,ICE
2022-02-23 16:45:00,11.74,ICE
2022-02-23 17:00:00,11.71,ICE
2022-02-23 17:15:00,11.68,ICE
2022-02-23 17:30:00,11.61,ICE
2022-02-23 17:45:00,11.61,ICE
2022-02-23 18:00:00,11.57,ICE
2022-02-23 18:15:00,11.52,ICE
2022-02-23 18:30:00,11.44,ICE
2022-02-23 18:45:00,11.37,ICE
2022-02-23 19:00:00,11.31,ICE
2022-02-23 19:15:00,11.25,ICE
2022-02-23 19:30:00,11.19,ICE
2022-02-23 19:45:00,11.17,ICE
2022-02-23 20:00:00,11.13,ICE
2022-02-23 20:15:00,11.1,ICE
2022-02-23 20:30:00,11.07,ICE
2022-02-23 20:45:00,11.05,ICE
2022-02-23 21:00:00,11.03,ICE
2022-02-23 21:15:00,11.05,ICE
2022-02-23 21:30:00,11.09,ICE
2022-02-23 21:45:00,11.09,ICE
2022-02-23 22:00:00,11.08,ICE
2022-02-23 22:15:00,11.08,ICE
2022-02-23 22:30:00,11.07,ICE
2022-02-23 22:45:00,11.07,ICE
2022-02-23 23:00:00,11.05,ICE
2022-02-23 23:15:00,11.04,ICE
2022-02-23 23:30:00,11.05,ICE
2022-02-23 23:45:00,11.04,ICE
2022-02-24 00:00:00,11.05,ICE
2022-02-24 00:15:00,11.06,ICE
2022-02-24 00:30:00,11.06,ICE
2022-02-24 00:45:00,11.07,ICE
2022-02-24 01:00:00,11.06,ICE
2022-02-24 01:15:00,11.06,ICE
2022-02-24 01:30:00,11.06,ICE
2022-02-24 01:45:00,11.05,ICE
2022-02-24 02:00:00,11.05,ICE
2022-02-24 02:15:00,11.04,ICE
2022-02-24 02:30:00,11.03,ICE
2022-02-24 02:45:00,11.04,ICE
2022-02-24 03:00:00,11.04,ICE
2022-02-24 03:15:00,11.04,ICE
2022-02-24 03:30:00,11.03,ICE
2022-02-24 03:45:00,11.03,ICE
2022-02-24 04:00:00,11.02,ICE
2022-02-24 04:15:00,11.02,ICE
2022-02-24 04:30:00,11.02,ICE
2022-02-24 04:45:00,11.01,ICE
2022-02-24 05:00:00,11.03,ICE
2022-02-24 05:15:00,11.04,ICE
2022-02-24 05:30:00,11.05,ICE
2022-02-24 05:45:00,11.06,ICE
2022-02-24 06:00:00,11.06,ICE
2022-02-24 06:15:00,11.05,ICE
2022-02-24 06:30:00,11.06,ICE
2022-02-24 06:45:00,11.05,ICE
2022-02-24 07:00:00,11.04,ICE
2022-02-24 07:15:00,11.03,ICE
2022-02-24 07:30:00,11.01,ICE
2022-02-24 07:45:00,11.01,ICE
2022-02-24 08:00:00,11.04,ICE
2022-02-24 08:15:00,11.07,ICE
2022-02-24 08:30:00,11.12,ICE
2022-02-24 08:45:00,11.21,ICE
2022-02-24 09:00:00,11.32,ICE
2022-02-24 09:15:00,11.38,ICE
2022-02-24 09:30:00,11.46,ICE
2022-02-24 09:45:00,11.5,ICE
2022-02-24 10:00:00,11.52,ICE
2022-02-24 10:15:00,11.53,ICE
2022-02-24 10:30:00,11.6,ICE
2022-02-24 10:45:00,11.68,ICE
2022-02-24 11:00:00,11.75,ICE
2022-02-24 11:15:00,11.81,ICE
2022-02-24 11:30:00,11.85,ICE
2022-02-24 11:45:00,11.94,ICE
2022-02-24 12:00:00,11.95,ICE
2022-02-24 12:15:00,11.99,ICE
2022-02-24 12:30:00,12.04,ICE
2022-02-24 12:45:00,12.02,ICE
2022-02-24 13:00:00,12.01,ICE
2022-02-24 13:15:00,12.02,ICE
2022-02-24 13:30:00,12.0,ICE
2022-02-24 13:45:00,12.0,ICE
2022-02-24 14:00:00,11.98,ICE
2022-02-24 14:15:00,11.98,ICE
2022-02-24 14:30:00,11.97,ICE
2022-02-24 14:45:00,11.97,ICE
2022-02-24 15:00:00,11.94,ICE
2022-02-24 15:15:00,11.88,ICE
2022-02-24 15:30:00,11.88,ICE
2022-02-24 15:45:00,11.87,ICE
2022-02-24 16:00:00,11.79,ICE
2022-02-24 16:15:00,11.81,ICE
2022-02-24 16:30:00,11.82,ICE
2022-02-24 16:45:00,11.81,ICE
2022-02-24 17:00:00,11.78,ICE
2022-02-24 17:15:00,11.74,ICE
2022-02-24 17:30:00,11.68,ICE
2022-02-24 17:45:00,11.6,ICE
2022-02-24 18:00:00,11.55,ICE
2022-02-24 18:15:00,11.49,ICE
2022-02-24 18:30:00,11.43,ICE
2022-02-24 18:45:00,11.37,ICE
2022-02-24 19:00:00,11.34,ICE
2022-02-24 19:15:00,11.28,ICE
2022-02-24 19:30:00,11.24,ICE
2022-02-24 19:45:00,11.26,ICE
2022-02-24 20:00:00,11.23,ICE
2022-02-24 20:15:00,11.21,ICE
2022-02-24 20:30:00,11.2,ICE
2022-02-24 20:45:00,11.19,ICE
2022-02-24 21:00:00,11.17,ICE
2022-02-24 21:15:00,11.15,ICE
2022-02-24 21:30:00,11.15,ICE
2022-02-24 21:45:00,11.15,ICE
2022-02-24 22:00:00,11.14,ICE
2022-02-24 22:15:00,11.13,ICE
2022-02-24 22:30:00,11.12,ICE
2022-02-24 22:45:00,11.1,ICE
2022-02-24 23:00:00,11.12,ICE
2022-02-24 23:15:00,11.12,ICE
2022-02-24 23:30:00,11.13,ICE
2022-02-24 23:45:00,11.13,ICE
2022-02-25 00:00:00,11.14,ICE
2022-02-25 00:15:00,11.12,ICE
2022-02-25 00:30:00,11.15,ICE
2022-02-25 00:45:00,11.14,ICE
2022-02-25 01:00:00,11.15,ICE
2022-02-25 01:15:00,11.14,ICE
2022-02-25 01:30:00,11.16,ICE
2022-02-25 01:45:00,11.15,ICE
2022-02-25 02:00:00,11.14,ICE
2022-02-25 02:15:00,11.15,ICE
2022-02-25 02:30:00,11.15,ICE
2022-02-25 02:45:00,11.16,ICE
2022-02-25 03:00:00,11.15,ICE
2022-02-25 03:15:00,11.16,ICE
2022-02-25 03:30:00,11.16,ICE
2022-02-25 03:45:00,11.16,ICE
2022-02-25 04:00:00,11.15,ICE
2022-02-25 04:15:00,11.15,ICE
2022-02-25 04:30:00,11.16,ICE
2022-02-25 04:45:00,11.16,ICE
2022-02-25 05:00:00,11.17,ICE
2022-02-25 05:15:00,11.16,ICE
2022-02-25 05:30:00,11.17,ICE
2022-02-25 05:45:00,11.18,ICE
2022-02-25 06:00:00,11.18,ICE
2022-02-25 06:15:00,11.18,ICE
2022-02-25 06:30:00,11.18,ICE
2022-02-25 06:45:00,11.17,ICE
2022-02-25 07:00:00,11.16,ICE
2022-02-25 07:15:00,11.14,ICE
2022-02-25 07:30:00,11.19,ICE
2022-02-25 07:45:00,11.2,ICE
2022-02-25 08:00:00,11.27,ICE
2022-02-25 08:15:00,11.33,ICE
2022-02-25 08:30:00,11.41,ICE
2022-02-25 08:45:00,11.49,ICE
2022-02-25 09:00:00,11.55,ICE
2022-02-25 09:15:00,11.6,ICE
2022-02-25 09:30:00,11.65,ICE
2022-02-25 09:45:00,11.73,ICE
2022-02-25 10:00:00,11.79,ICE
2022-02-25 10:15:00,11.81,ICE
2022-02-25 10:30:00,11.85,ICE
2022-02-25 10:45:00,11.88,ICE
2022-02-25 11:00:00,11.9,ICE
2022-02-25 11:15:00,11.93,ICE
2022-02-25 11:30:00,11.93,ICE
2022-02-25 11:45:00,11.95,ICE
2022-02-25 12:00:00,11.98,ICE
2022-02-25 12:15:00,11.98,ICE
2022-02-25 12:30:00,11.98,ICE
2022-02-25 12:45:00,11.98,ICE
2022-02-25 13:00:00,11.98,ICE
2022-02-25 13:15:00,12.0,ICE
2022-02-25 13:30:00,12.03,ICE
2022-02-25 13:45:00,12.03,ICE
2022-02-25 14:00:00,12.03,ICE
2022-02-25 14:15:00,12.04,ICE
2022-02-25 14:30:00,12.04,ICE
2022-02-25 14:45:00,12.05,ICE
2022-02-25 15:00:00,12.04,ICE
2022-02-25 15:15:00,12.0,ICE
2022-02-25 15:30:00,11.99,ICE
2022-02-25 15:45:00,11.92,ICE
2022-02-25 16:00:00,11.88,ICE
2022-02-25 16:15:00,11.89,ICE
2022-02-25 16:30:00,11.88,ICE
2022-02-25 16:45:00,11.85,ICE
2022-02-25 17:00:00,11.79,ICE
2022-02-25 17:15:00,11.8,ICE
2022-02-25 17:30:00,11.73,ICE
2022-02-25 17:45:00,11.67,ICE
2022-02-25 18:00:00,11.61,ICE
2022-02-25 18:15:00,11.57,ICE
2022-02-25 18:30:00,11.52,ICE
2022-02-25 18:45:00,11.49,ICE
2022-02-25 19:00:00,11.47,ICE
2022-02-25 19:15:00,11.45,ICE
2022-02-25 19:30:00,11.44,ICE
2022-02-25 19:45:00,11.43,ICE
2022-02-25 20:00:00,11.42,ICE
2022-02-25 20:15:00,11.42,ICE
2022-02-25 20:30:00,11.41,ICE
2022-02-25 20:45:00,11.4,ICE
2022-02-25 21:00:00,11.4,ICE
2022-02-25 21:15:00,11.39,ICE
2022-02-25 21:30:00,11.39,ICE
2022-02-25 21:45:00,11.38,ICE
2022-02-25 22:00:00,11.38,ICE
2022-02-25 22:15:00,11.37,ICE
2022-02-25 22:30:00,11.37,ICE
2022-02-25 22:45:00,11.36,ICE
2022-02-25 23:00:00,11.36,ICE
2022-02-25 23:15:00,11.35,ICE
2022-02-25 23:30:00,11.35,ICE
2022-02-25 23:45:00,11.34,ICE
2022-02-26 00:00:00,11.33,ICE
2022-02-26 00:15:00,11.33,ICE
2022-02-26 00:30:00,11.33,ICE
2022-02-26 00:45:00,11.33,ICE
2022-02-26 01:00:00,11.33,ICE
2022-02-26 01:15:00,11.33,ICE
2022-02-26 01:30:00,11.32,ICE
2022-02-26 01:45:00,11.32,ICE
2022-02-26 02:00:00,11.32,ICE
2022-02-26 02:15:00,11.32,ICE
2022-02-26 02:30:00,11.32,ICE
2022-02-26 02:45:00,11.31,ICE
2022-02-26 03:00:00,11.31,ICE
2022-02-26 03:15:00,11.3,ICE
2022-02-26 03:30:00,11.3,ICE
2022-02-26 03:45:00,11.3,ICE
2022-02-26 04:00:00,11.28,ICE
2022-02-26 04:15:00,11.28,ICE
2022-02-26 04:30:00,11.28,ICE
2022-02-26 04:45:00,11.27,ICE
2022-02-26 05:00:00,11.27,ICE
2022-02-26 05:15:00,11.27,ICE
2022-02-26 05:30:00,11.26,ICE
2022-02-26 05:45:00,11.26,ICE
2022-02-26 06:00:00,11.26,ICE
2022-02-26 06:15:00,11.25,ICE
2022-02-26 06:30:00,11.25,ICE
2022-02-26 06:45:00,11.25,ICE
2022-02-26 07:00:00,11.25,ICE
2022-02-26 07:15:00,11.25,ICE
2022-02-26 07:30:00,11.27,ICE
2022-02-26 07:45:00,11.3,ICE
2022-02-26 08:00:00,11.34,ICE
2022-02-26 08:15:00,11.39,ICE
2022-02-26 08:30:00,11.43,ICE
2022-02-26 08:45:00,11.49,ICE
2022-02-26 09:00:00,11.57,ICE
2022-02-26 09:15:00,11.65,ICE
2022-02-26 09:30:00,11.72,ICE
2022-02-26 09:45:00,11.8,ICE
2022-02-26 10:00:00,11.87,ICE
2022-02-26 10:15:00,11.94,ICE
2022-02-26 10:30:00,11.99,ICE
2022-02-26 10:45:00,12.02,ICE
2022-02-26 11:00:00,12.05,ICE
2022-02-26 11:15:00,12.1,ICE
2022-02-26 11:30:00,12.14,ICE
2022-02-26 11:45:00,12.17,ICE
2022-02-26 12:00:00,12.19,ICE
2022-02-26 12:15:00,12.2,ICE
2022-02-26 12:30:00,12.2,ICE
2022-02-26 12:45:00,12.2,ICE
2022-02-26 13:00:00,12.19,ICE
2022-02-26 13:15:00,12.2,ICE
2022-02-26 13:30:00,12.2,ICE
2022-02-26 13:45:00,12.18,ICE
2022-02-26 14:00:00,12.16,ICE
2022-02-26 14:15:00,12.14,ICE
2022-02-26 14:30:00,12.13,ICE
2022-02-26 14:45:00,12.11,ICE
2022-02-26 15:00:00,12.09,ICE
2022-02-26 15:15:00,12.08,ICE
2022-02-26 15:30:00,12.07,ICE
2022-02-26 15:45:00,12.06,ICE
2022-02-26 16:00:00,12.05,ICE
2022-02-26 16:15:00,12.03,ICE
2022-02-26 16:30:00,12.0,ICE
2022-02-26 16:45:00,11.97,ICE
2022-02-26 17:00:00,11.93,ICE
2022-02-26 17:15:00,11.88,ICE
2022-02-26 17:30:00,11.81,ICE
2022-02-26 17:45:00,11.74,ICE
2022-02-26 18:00:00,11.68,ICE
2022-02-26 18:15:00,11.63,ICE
2022-02-26 18:30:00,11.58,ICE
2022-02-26 18:45:00,11.54,ICE
2022-02-26 19:00:00,11.51,ICE
2022-02-26 19:15:00,11.5,ICE
2022-02-26 19:30:00,11.48,ICE
2022-02-26 19:45:00,11.47,ICE
2022-02-26 20:00:00,11.46,ICE
2022-02-26 20:15:00,11.45,ICE
2022-02-26 20:30:00,11.45,ICE
2022-02-26 20:45:00,11.44,ICE
2022-02-26 21:00:00,11.44,ICE
2022-02-26 21:15:00,11.44,ICE
2022-02-26 21:30:00,11.44,ICE
2022-02-26 21:45:00,11.43,ICE
2022-02-26 22:00:00,11.43,ICE
2022-02-26 22:15:00,11.43,ICE
2022-02-26 22:30:00,11.43,ICE
2022-02-26 22:45:00,11.42,ICE
2022-02-26 23:00:00,11.42,ICE
2022-02-26 23:15:00,11.42,ICE
2022-02-26 23:30:00,11.41,ICE
2022-02-26 23:45:00,11.41,ICE
2022-02-27 00:00:00,11.41,ICE
2022-02-27 00:15:00,11.41,ICE
2022-02-27 00:30:00,11.41,ICE
2022-02-27 00:45:00,11.4,ICE
2022-02-27 01:00:00,11.4,ICE
2022-02-27 01:15:00,11.4,ICE
2022-02-27 01:30:00,11.39,ICE
2022-02-27 01:45:00,11.39,ICE
2022-02-27 02:00:00,11.38,ICE
2022-02-27 02:15:00,11.39,ICE
2022-02-27 02:30:00,11.38,ICE
2022-02-27 02:45:00,11.38,ICE
2022-02-27 03:00:00,11.38,ICE
2022-02-27 03:15:00,11.37,ICE
2022-02-27 03:30:00,11.37,ICE
2022-02-27 03:45:00,11.37,ICE
2022-02-27 04:00:00,11.37,ICE
2022-02-27 04:15:00,11.36,ICE
2022-02-27 04:30:00,11.37,ICE
2022-02-27 04:45:00,11.37,ICE
2022-02-27 05:00:00,11.36,ICE
2022-02-27 05:15:00,11.35,ICE
2022-02-27 05:30:00,11.35,ICE
2022-02-27 05:45:00,11.34,ICE
2022-02-27 06:00:00,11.34,ICE
2022-02-27 06:15:00,11.34,ICE
2022-02-27 06:30:00,11.34,ICE
2022-02-27 06:45:00,11.34,ICE
2022-02-27 07:00:00,11.33,ICE
2022-02-27 07:15:00,11.34,ICE
2022-02-27 07:30:00,11.36,ICE
2022-02-27 07:45:00,11.39,ICE
2022-02-27 08:00:00,11.43,ICE
2022-02-27 08:15:00,11.47,ICE
2022-02-27 08:30:00,11.51,ICE
2022-02-27 08:45:00,11.58,ICE
2022-02-27 09:00:00,11.65,ICE
2022-02-27 09:15:00,11.72,ICE
2022-02-27 09:30:00,11.79,ICE
2022-02-27 09:45:00,11.86,ICE
2022-02-27 10:00:00,11.91,ICE
2022-02-27 10:15:00,11.97,ICE
2022-02-27 10:30:00,12.01,ICE
2022-02-27 10:45:00,12.05,ICE
2022-02-27 11:00:00,12.11,ICE
2022-02-27 11:15:00,12.17,ICE
2022-02-27 11:30:00,12.22,ICE
2022-02-27 11:45:00,12.24,ICE
2022-02-27 12:00:00,12.24,ICE
2022-02-27 12:15:00,12.22,ICE
2022-02-27 12:30:00,12.2,ICE
2022-02-27 12:45:00,12.19,ICE
2022-02-27 13:00:00,12.17,ICE
2022-02-27 13:15:00,12.17,ICE
2022-02-27 13:30:00,12.16,ICE
2022-02-27 13:45:00,12.14,ICE
2022-02-27 14:00:00,12.13,ICE
2022-02-27 14:15:00,12.11,ICE
2022-02-27 14:30:00,12.11,ICE
2022-02-27 14:45:00,12.11,ICE
2022-02-27 15:00:00,12.09,ICE
2022-02-27 15:15:00,12.09,ICE
2022-02-27 15:30:00,12.09,ICE
2022-02-27 15:45:00,12.06,ICE
2022-02-27 16:00:00,12.05,ICE
2022-02-27 16:15:00,12.04,ICE
2022-02-27 16:30:00,12.01,ICE
2022-02-27 16:45:00,12.01,ICE
2022-02-27 17:00:00,11.97,ICE
2022-02-27 17:15:00,11.9,ICE
2022-02-27 17:30:00,11.82,ICE
2022-02-27 17:45:00,11.74,ICE
2022-02-27 18:00:00,11.69,ICE
2022-02-27 18:15:00,11.64,ICE
2022-02-27 18:30:00,11.59,ICE
2022-02-27 18:45:00,11.54,ICE
2022-02-27 19:00:00,11.52,ICE
2022-02-27 19:15:00,11.5,ICE
2022-02-27 19:30:00,11.49,ICE
2022-02-27 19:45:00,11.47,ICE
2022-02-27 20:00:00,11.46,ICE
2022-02-27 20:15:00,11.45,ICE
2022-02-27 20:30:00,11.45,ICE
2022-02-27 20:45:00,11.44,ICE
2022-02-27 21:00:00,11.44,ICE
2022-02-27 21:15:00,11.44,ICE
2022-02-27 21:30:00,11.43,ICE
2022-02-27 21:45:00,11.43,ICE
2022-02-27 22:00:00,11.43,ICE
2022-02-27 22:15:00,11.42,ICE
2022-02-27 22:30:00,11.42,ICE
2022-02-27 22:45:00,11.42,ICE
2022-02-27 23:00:00,11.42,ICE
2022-02-27 23:15:00,11.42,ICE
2022-02-27 23:30:00,11.41,ICE
2022-02-27 23:45:00,11.41,ICE
2022-02-28 00:00:00,11.41,ICE
2022-02-28 00:15:00,11.4,ICE
2022-02-28 00:30:00,11.4,ICE
2022-02-28 00:45:00,11.4,ICE
2022-02-28 01:00:00,11.4,ICE
2022-02-28 01:15:00,11.39,ICE
2022-02-28 01:30:00,11.39,ICE
2022-02-28 01:45:00,11.39,ICE
2022-02-28 02:00:00,11.38,ICE
2022-02-28 02:15:00,11.38,ICE
2022-02-28 02:30:00,11.38,ICE
2022-02-28 02:45:00,11.38,ICE
2022-02-28 03:00:00,11.38,ICE
2022-02-28 03:15:00,11.37,ICE
2022-02-28 03:30:00,11.37,ICE
2022-02-28 03:45:00,11.37,ICE
2022-02-28 04:00:00,11.37,ICE
2022-02-28 04:15:00,11.37,ICE
2022-02-28 04:30:00,11.36,ICE
2022-02-28 04:45:00,11.36,ICE
2022-02-28 05:00:00,11.36,ICE
2022-02-28 05:15:00,11.35,ICE
2022-02-28 05:30:00,11.35,ICE
2022-02-28 05:45:00,11.35,ICE
2022-02-28 06:00:00,11.35,ICE
2022-02-28 06:15:00,11.35,ICE
2022-02-28 06:30:00,11.35,ICE
2022-02-28 06:45:00,11.36,ICE
2022-02-28 07:00:00,11.36,ICE
2022-02-28 07:15:00,11.37,ICE
2022-02-28 07:30:00,11.4,ICE
2022-02-28 07:45:00,11.44,ICE
2022-02-28 08:00:00,11.48,ICE
2022-02-28 08:15:00,11.52,ICE
2022-02-28 08:30:00,11.56,ICE
2022-02-28 08:45:00,11.62,ICE
2022-02-28 09:00:00,11.69,ICE
2022-02-28 09:15:00,11.76,ICE
2022-02-28 09:30:00,11.82,ICE
2022-02-28 09:45:00,11.87,ICE
2022-02-28 10:00:00,11.9,ICE
2022-02-28 10:15:00,11.94,ICE
2022-02-28 10:30:00,11.99,ICE
2022-02-28 10:45:00,12.04,ICE
2022-02-28 11:00:00,12.06,ICE
2022-02-28 11:15:00,12.08,ICE
2022-02-28 11:30:00,12.09,ICE
2022-02-28 11:45:00,12.09,ICE
2022-02-28 12:00:00,12.09,ICE
2022-02-28 12:15:00,12.08,ICE
2022-02-28 12:30:00,12.07,ICE
2022-02-28 12:45:00,12.07,ICE
2022-02-28 13:00:00,12.06,ICE
2022-02-28 13:15:00,12.05,ICE
2022-02-28 13:30:00,12.04,ICE
2022-02-28 13:45:00,12.04,ICE
2022-02-28 14:00:00,12.04,ICE
2022-02-28 14:15:00,12.03,ICE
2022-02-28 14:30:00,12.02,ICE
2022-02-28 14:45:00,12.02,ICE
2022-02-28 15:00:00,12.01,ICE
2022-02-28 15:15:00,12.0,ICE
2022-02-28 15:30:00,11.98,ICE
2022-02-28 15:45:00,11.98,ICE
2022-02-28 16:00:00,11.95,ICE
2022-02-28 16:15:00,11.93,ICE
2022-02-28 16:30:00,11.91,ICE
2022-02-28 16:45:00,11.89,ICE
2022-02-28 17:00:00,11.86,ICE
2022-02-28 17:15:00,11.81,ICE
2022-02-28 17:30:00,11.76,ICE
2022-02-28 17:45:00,11.71,ICE
2022-02-28 18:00:00,11.66,ICE
2022-02-28 18:15:00,11.6,ICE
2022-02-28 18:30:00,11.53,ICE
2022-02-28 18:45:00,11.49,ICE
2022-02-28 19:00:00,11.48,ICE
2022-02-28 19:15:00,11.46,ICE
2022-02-28 19:30:00,11.45,ICE
2022-02-28 19:45:00,11.45,ICE
2022-02-28 20:00:00,11.44,ICE
2022-02-28 20:15:00,11.44,ICE
2022-02-28 20:30:00,11.44,ICE
2022-02-28 20:45:00,11.43,ICE
2022-02-28 21:00:00,11.44,ICE
2022-02-28 21:15:00,11.43,ICE
2022-02-28 21:30:00,11.44,ICE
2022-02-28 21:45:00,11.43,ICE
2022-02-28 22:00:00,11.44,ICE
2022-02-28 22:15:00,11.43,ICE
2022-02-28 22:30:00,11.44,ICE
2022-02-28 22:45:00,11.42,ICE
2022-02-28 23:00:00,11.42,ICE
2022-02-28 23:15:00,11.42,ICE
2022-02-28 23:30:00,11.42,ICE
2022-02-28 23:45:00,11.42,ICE
2022-03-01 00:00:00,11.42,
2022-03-01 00:15:00,11.41,
2022-03-01 00:30:00,11.42,
2022-03-01 00:45:00,11.41,
2022-03-01 01:00:00,11.41,
2022-03-01 01:15:00,11.41,
2022-03-01 01:30:00,11.42,
2022-03-01 01:45:00,11.41,
2022-03-01 02:00:00,11.41,
2022-03-01 02:15:00,11.41,
2022-03-01 02:30:00,11.41,
2022-03-01 02:45:00,11.42,
2022-03-01 03:00:00,11.42,
2022-03-01 03:15:00,11.41,
2022-03-01 03:30:00,11.41,
2022-03-01 03:45:00,11.41,
2022-03-01 04:00:00,11.41,
2022-03-01 04:15:00,11.41,
2022-03-01 04:30:00,11.41,
2022-03-01 04:45:00,11.41,
2022-03-01 05:00:00,11.42,
2022-03-01 05:15:00,11.42,
2022-03-01 05:30:00,11.41,
2022-03-01 05:45:00,11.42,
2022-03-01 06:00:00,11.42,
2022-03-01 06:15:00,11.42,
2022-03-01 06:30:00,11.42,
2022-03-01 06:45:00,11.41,
2022-03-01 07:00:00,11.42,
2022-03-01 07:15:00,11.43,
2022-03-01 07:30:00,11.47,
2022-03-01 07:45:00,11.54,
2022-03-01 08:00:00,11.63,
2022-03-01 08:15:00,11.7,
2022-03-01 08:30:00,11.75,
2022-03-01 08:45:00,11.78,
2022-03-01 09:00:00,11.81,
2022-03-01 09:15:00,11.87,
2022-03-01 09:30:00,11.93,
2022-03-01 09:45:00,11.95,
2022-03-01 10:00:00,11.96,
2022-03-01 10:15:00,11.97,
2022-03-01 10:30:00,11.98,
2022-03-01 10:45:00,11.99,
2022-03-01 11:00:00,11.97,
2022-03-01 11:15:00,11.95,
2022-03-01 11:30:00,11.94,
2022-03-01 11:45:00,11.92,
2022-03-01 12:00:00,11.9,
2022-03-01 12:15:00,11.88,
2022-03-01 12:30:00,11.87,
2022-03-01 12:45:00,11.85,
2022-03-01 13:00:00,11.82,
2022-03-01 13:15:00,11.79,
2022-03-01 13:30:00,11.74,
2022-03-01 13:45:00,11.69,
2022-03-01 14:00:00,11.65,
2022-03-01 14:15:00,11.59,
2022-03-01 14:30:00,11.56,
2022-03-01 14:45:00,11.51,
2022-03-01 15:00:00,11.46,
2022-03-01 15:15:00,11.41,
2022-03-01 15:30:00,11.36,
2022-03-01 15:45:00,11.32,
2022-03-01 16:00:00,11.27,
2022-03-01 16:15:00,11.23,
2022-03-01 16:30:00,11.18,
2022-03-01 16:45:00,11.14,
2022-03-01 17:00:00,11.11,
2022-03-01 17:15:00,11.07,
2022-03-01 17:30:00,11.03,
2022-03-01 17:45:00,10.99,
2022-03-01 18:00:00,10.93,
2022-03-01 18:15:00,10.85,
2022-03-01 18:30:00,10.79,
2022-03-01 18:45:00,10.74,
2022-03-01 19:00:00,10.72,
2022-03-01 19:15:00,10.71,
2022-03-01 19:30:00,10.7,
2022-03-01 19:45:00,10.69,
2022-03-01 20:00:00,10.69,
2022-03-01 20:15:00,10.69,
2022-03-01 20:30:00,10.68,
2022-03-01 20:45:00,10.68,
2022-03-01 21:00:00,10.67,
2022-03-01 21:15:00,10.68,
2022-03-01 21:30:00,10.68,
2022-03-01 21:45:00,10.68,
2022-03-01 22:00:00,10.68,
2022-03-01 22:15:00,10.69,
2022-03-01 22:30:00,10.7,
2022-03-01 22:45:00,10.71,
2022-03-01 23:00:00,10.72,
2022-03-01 23:15:00,10.73,
2022-03-01 23:30:00,10.74,
2022-03-01 23:45:00,10.75,
2022-03-02 00:00:00,10.77,
2022-03-02 00:15:00,10.78,
2022-03-02 00:30:00,10.79,
2022-03-02 00:45:00,10.81,
2022-03-02 01:00:00,10.82,
2022-03-02 01:15:00,10.84,
2022-03-02 01:30:00,10.85,
2022-03-02 01:45:00,10.87,
2022-03-02 02:00:00,10.88,
2022-03-02 02:15:00,10.9,
2022-03-02 02:30:00,10.91,
2022-03-02 02:45:00,10.93,
2022-03-02 03:00:00,10.94,
2022-03-02 03:15:00,10.96,
2022-03-02 03:30:00,10.96,
2022-03-02 03:45:00,10.98,
2022-03-02 04:00:00,11.0,
2022-03-02 04:15:00,11.01,
2022-03-02 04:30:00,11.01,
2022-03-02 04:45:00,11.03,
2022-03-02 05:00:00,11.05,
2022-03-02 05:15:00,11.06,
2022-03-02 05:30:00,11.08,
2022-03-02 05:45:00,11.09,
2022-03-02 06:00:00,11.1,
2022-03-02 06:15:00,11.12,
2022-03-02 06:30:00,11.13,
2022-03-02 06:45:00,11.15,
2022-03-02 07:00:00,11.16,
2022-03-02 07:15:00,11.18,
2022-03-02 07:30:00,11.23,
2022-03-02 07:45:00,11.28,
2022-03-02 08:00:00,11.34,
2022-03-02 08:15:00,11.39,
2022-03-02 08:30:00,11.43,
2022-03-02 08:45:00,11.51,
2022-03-02 09:00:00,11.56,
2022-03-02 09:15:00,11.61,
2022-03-02 09:30:00,11.66,
2022-03-02 09:45:00,11.69,
2022-03-02 10:00:00,11.69,
2022-03-02 10:15:00,11.68,
2022-03-02 10:30:00,11.66,
2022-03-02 10:45:00,11.65,
2022-03-02 11:00:00,11.63,
2022-03-02 11:15:00,11.58,
2022-03-02 11:30:00,11.5,
2022-03-02 11:45:00,11.42,
2022-03-02 12:00:00,11.34,
2022-03-02 12:15:00,11.27,
2022-03-02 12:30:00,11.21,
2022-03-02 12:45:00,11.15,
2022-03-02 13:00:00,11.08,
2022-03-02 13:15:00,11.02,
2022-03-02 13:30:00,10.95,
2022-03-02 13:45:00,10.89,
2022-03-02 14:00:00,10.84,
2022-03-02 14:15:00,10.77,
2022-03-02 14:30:00,10.71,
2022-03-02 14:45:00,10.65,
2022-03-02 15:00:00,10.59,
2022-03-02 15:15:00,10.57,
2022-03-02 15:30:00,10.51,
2022-03-02 15:45:00,10.47,
2022-03-02 16:00:00,10.43,
2022-03-02 16:15:00,10.38,
2022-03-02 16:30:00,10.35,
2022-03-02 16:45:00,10.28,
2022-03-02 17:00:00,10.23,
2022-03-02 17:15:00,10.18,
2022-03-02 17:30:00,10.15,
2022-03-02 17:45:00,10.09,
2022-03-02 18:00:00,10.07,
2022-03-02 18:15:00,10.04,
2022-03-02 18:30:00,10.02,
2022-03-02 18:45:00,10.0,
2022-03-02 19:00:00,10.01,
2022-03-02 19:15:00,10.02,
2022-03-02 19:30:00,10.04,
2022-03-02 19:45:00,10.06,
2022-03-02 20:00:00,10.09,
2022-03-02 20:15:00,10.1,
2022-03-02 20:30:00,10.11,
2022-03-02 20:45:00,10.13,
2022-03-02 21:00:00,10.15,
2022-03-02 21:15:00,10.17,
2022-03-02 21:30:00,10.18,
2022-03-02 21:45:00,10.19,
2022-03-02 22:00:00,10.21,
2022-03-02 22:15:00,10.22,
2022-03-02 22:30:00,10.23,
2022-03-02 22:45:00,10.25,
2022-03-02 23:00:00,10.26,
2022-03-02 23:15:00,10.28,
2022-03-02 23:30:00,10.3,
2022-03-02 23:45:00,10.32,
2022-03-03 00:00:00,10.34,
2022-03-03 00:15:00,10.36,
2022-03-03 00:30:00,10.38,
2022-03-03 00:45:00,10.4,
2022-03-03 01:00:00,10.41,
2022-03-03 01:15:00,10.45,
2022-03-03 01:30:00,10.47,
2022-03-03 01:45:00,10.49,
2022-03-03 02:00:00,10.51,
2022-03-03 02:15:00,10.53,
2022-03-03 02:30:00,10.55,
2022-03-03 02:45:00,10.56,
2022-03-03 03:00:00,10.59,
2022-03-03 03:15:00,10.6,
2022-03-03 03:30:00,10.62,
2022-03-03 03:45:00,10.64,
2022-03-03 04:00:00,10.65,
2022-03-03 04:15:00,10.67,
2022-03-03 04:30:00,10.69,
2022-03-03 04:45:00,10.7,
2022-03-03 05:00:00,10.72,
2022-03-03 05:15:00,10.74,
2022-03-03 05:30:00,10.75,
2022-03-03 05:45:00,10.76,
2022-03-03 06:00:00,10.78,
2022-03-03 06:15:00,10.79,
2022-03-03 06:30:00,10.81,
2022-03-03 06:45:00,10.83,
2022-03-03 07:00:00,10.84,
2022-03-03 07:15:00,10.87,
2022-03-03 07:30:00,10.93,
2022-03-03 07:45:00,11.03,
2022-03-03 08:00:00,11.13,
2022-03-03 08:15:00,11.2,
2022-03-03 08:30:00,11.27,
2022-03-03 08:45:00,11.33,
2022-03-03 09:00:00,11.38,
2022-03-03 09:15:00,11.39,
2022-03-03 09:30:00,11.42,
2022-03-03 09:45:00,11.45,
2022-03-03 10:00:00,11.44,
2022-03-03 10:15:00,11.42,
2022-03-03 10:30:00,11.39,
2022-03-03 10:45:00,11.37,
2022-03-03 11:00:00,11.33,
2022-03-03 11:15:00,11.26,
2022-03-03 11:30:00,11.2,
2022-03-03 11:45:00,11.17,
2022-03-03 12:00:00,11.11,
2022-03-03 12:15:00,11.06,
2022-03-03 12:30:00,11.01,
2022-03-03 12:45:00,10.95,
2022-03-03 13:00:00,10.91,
2022-03-03 13:15:00,10.87,
2022-03-03 13:30:00,10.81,
2022-03-03 13:45:00,10.75,
2022-03-03 14:00:00,10.68,
2022-03-03 14:15:00,10.62,
2022-03-03 14:30:00,10.6,
2022-03-03 14:45:00,10.55,
2022-03-03 15:00:00,10.49,
2022-03-03 15:15:00,10.41,
2022-03-03 15:30:00,10.32,
2022-03-03 15:45:00,10.3,
2022-03-03 16:00:00,10.3,
2022-03-03 16:15:00,10.24,
2022-03-03 16:30:00,10.16,
2022-03-03 16:45:00,10.11,
2022-03-03 17:00:00,10.13,
2022-03-03 17:15:00,10.06,
2022-03-03 17:30:00,9.95,
2022-03-03 17:45:00,9.87,
2022-03-03 18:00:00,9.83,
2022-03-03 18:15:00,9.79,
2022-03-03 18:30:00,9.77,
2022-03-03 18:45:00,9.75,
2022-03-03 19:00:00,9.76,
2022-03-03 19:15:00,9.77,
2022-03-03 19:30:00,9.8,
2022-03-03 19:45:00,9.82,
2022-03-03 20:00:00,9.85,
2022-03-03 20:15:00,9.88,
2022-03-03 20:30:00,9.89,
2022-03-03 20:45:00,9.92,
2022-03-03 21:00:00,9.93,
2022-03-03 21:15:00,9.96,
2022-03-03 21:30:00,9.98,
2022-03-03 21:45:00,10.01,
2022-03-03 22:00:00,10.01,
2022-03-03 22:15:00,10.04,
2022-03-03 22:30:00,10.05,
2022-03-03 22:45:00,10.07,
2022-03-03 23:00:00,10.09,
2022-03-03 23:15:00,10.11,
2022-03-03 23:30:00,10.13,
2022-03-03 23:45:00,10.15,
2022-03-04 00:00:00,10.17,
2022-03-04 00:15:00,10.19,
2022-03-04 00:30:00,10.21,
2022-03-04 00:45:00,10.23,
2022-03-04 01:00:00,10.26,
2022-03-04 01:15:00,10.28,
2022-03-04 01:30:00,10.3,
2022-03-04 01:45:00,10.32,
2022-03-04 02:00:00,10.33,
2022-03-04 02:15:00,10.36,
2022-03-04 02:30:00,10.38,
2022-03-04 02:45:00,10.4,
2022-03-04 03:00:00,10.41,
2022-03-04 03:15:00,10.43,
2022-03-04 03:30:00,10.44,
2022-03-04 03:45:00,10.45,
2022-03-04 04:00:00,10.46,
2022-03-04 04:15:00,10.48,
2022-03-04 04:30:00,10.5,
2022-03-04 04:45:00,10.51,
2022-03-04 05:00:00,10.52,
2022-03-04 05:15:00,10.54,
2022-03-04 05:30:00,10.56,
2022-03-04 05:45:00,10.57,
2022-03-04 06:00:00,10.58,
2022-03-04 06:15:00,10.59,
2022-03-04 06:30:00,10.61,
2022-03-04 06:45:00,10.61,
2022-03-04 07:00:00,10.63,
2022-03-04 07:15:00,10.67,
2022-03-04 07:30:00,10.72,
2022-03-04 07:45:00,10.81,
2022-03-04 08:00:00,10.91,
2022-03-04 08:15:00,10.98,
2022-03-04 08:30:00,11.06,
2022-03-04 08:45:00,11.11,
2022-03-04 09:00:00,11.17,
2022-03-04 09:15:00,11.2,
2022-03-04 09:30:00,11.22,
2022-03-04 09:45:00,11.22,
2022-03-04 10:00:00,11.2,
2022-03-04 10:15:00,11.2,
2022-03-04 10:30:00,11.22,
2022-03-04 10:45:00,11.23,
2022-03-04 11:00:00,11.21,
2022-03-04 11:15:00,11.17,
2022-03-04 11:30:00,11.14,
2022-03-04 11:45:00,11.12,
2022-03-04 12:00:00,11.09,
2022-03-04 12:15:00,11.04,
2022-03-04 12:30:00,10.98,
2022-03-04 12:45:00,10.92,
2022-03-04 13:00:00,10.87,
2022-03-04 13:15:00,10.82,
2022-03-04 13:30:00,10.8,
2022-03-04 13:45:00,10.76,
2022-03-04 14:00:00,10.74,
2022-03-04 14:15:00,10.7,
2022-03-04 14:30:00,10.67,
2022-03-04 14:45:00,10.61,
2022-03-04 15:00:00,10.59,
2022-03-04 15:15:00,10.56,
2022-03-04 15:30:00,10.58,
2022-03-04 15:45:00,10.59,
2022-03-04 16:00:00,10.6,
2022-03-04 16:15:00,10.58,
2022-03-04 16:30:00,10.48,
2022-03-04 16:45:00,10.33,
2022-03-04 17:00:00,10.24,
2022-03-04 17:15:00,10.2,
2022-03-04 17:30:00,10.1,
2022-03-04 17:45:00,10.08,
2022-03-04 18:00:00,10.1,
2022-03-04 18:15:00,10.1,
2022-03-04 18:30:00,10.04,
2022-03-04 18:45:00,9.98,
2022-03-04 19:00:00,9.95,
2022-03-04 19:15:00,9.97,
2022-03-04 19:30:00,9.99,
2022-03-04 19:45:00,10.01,
2022-03-04 20:00:00,10.02,
2022-03-04 20:15:00,10.03,
2022-03-04 20:30:00,10.04,
2022-03-04 20:45:00,10.06,
2022-03-04 21:00:00,10.07,
2022-03-04 21:15:00,10.09,
2022-03-04 21:30:00,10.11,
2022-03-04 21:45:00,10.13,
2022-03-04 22:00:00,10.15,
2022-03-04 22:15:00,10.17,
2022-03-04 22:30:00,10.19,
2022-03-04 22:45:00,10.21,
2022-03-04 23:00:00,10.23,
2022-03-04 23:15:00,10.25,
2022-03-04 23:30:00,10.26,
2022-03-04 23:45:00,10.28,
2022-03-05 00:00:00,10.3,
2022-03-05 00:15:00,10.32,
2022-03-05 00:30:00,10.32,
2022-03-05 00:45:00,10.34,
2022-03-05 01:00:00,10.36,
2022-03-05 01:15:00,10.38,
2022-03-05 01:30:00,10.39,
2022-03-05 01:45:00,10.41,
2022-03-05 02:00:00,10.42,
2022-03-05 02:15:00,10.43,
2022-03-05 02:30:00,10.45,
2022-03-05 02:45:00,10.45,
2022-03-05 03:00:00,10.46,
2022-03-05 03:15:00,10.46,
2022-03-05 03:30:00,10.46,
2022-03-05 03:45:00,10.47,
2022-03-05 04:00:00,10.47,
2022-03-05 04:15:00,10.47,
2022-03-05 04:30:00,10.47,
2022-03-05 04:45:00,10.48,
2022-03-05 05:00:00,10.48,
2022-03-05 05:15:00,10.49,
2022-03-05 05:30:00,10.49,
2022-03-05 05:45:00,10.5,
2022-03-05 06:00:00,10.51,
2022-03-05 06:15:00,10.51,
2022-03-05 06:30:00,10.52,
2022-03-05 06:45:00,10.52,
2022-03-05 07:00:00,10.53,
2022-03-05 07:15:00,10.54,
2022-03-05 07:30:00,10.58,
2022-03-05 07:45:00,10.62,
2022-03-05 08:00:00,10.66,
2022-03-05 08:15:00,10.72,
2022-03-05 08:30:00,10.81,
2022-03-05 08:45:00,10.91,
2022-03-05 09:00:00,11.02,
2022-03-05 09:15:00,11.07,
2022-03-05 09:30:00,11.1,
2022-03-05 09:45:00,11.1,
2022-03-05 10:00:00,11.11,
2022-03-05 10:15:00,11.1,
2022-03-05 10:30:00,11.08,
2022-03-05 10:45:00,11.02,
2022-03-05 11:00:00,10.93,
2022-03-05 11:15:00,10.94,
2022-03-05 11:30:00,10.96,
2022-03-05 11:45:00,10.95,
2022-03-05 12:00:00,10.94,
2022-03-05 12:15:00,10.99,
2022-03-05 12:30:00,11.01,
2022-03-05 12:45:00,11.03,
2022-03-05 13:00:00,11.1,
2022-03-05 13:15:00,11.2,
2022-03-05 13:30:00,11.21,
2022-03-05 13:45:00,11.19,
2022-03-05 14:00:00,11.12,
2022-03-05 14:15:00,11.06,
2022-03-05 14:30:00,10.98,
2022-03-05 14:45:00,10.9,
2022-03-05 15:00:00,10.81,
2022-03-05 15:15:00,10.69,
2022-03-05 15:30:00,10.55,
2022-03-05 15:45:00,10.45,
2022-03-05 16:00:00,10.34,
2022-03-05 16:15:00,10.32,
2022-03-05 16:30:00,10.34,
2022-03-05 16:45:00,10.35,
2022-03-05 17:00:00,10.33,
2022-03-05 17:15:00,10.24,
2022-03-05 17:30:00,10.16,
2022-03-05 17:45:00,10.13,
2022-03-05 18:00:00,10.14,
2022-03-05 18:15:00,10.08,
2022-03-05 18:30:00,10.04,
2022-03-05 18:45:00,10.04,
2022-03-05 19:00:00,10.05,
2022-03-05 19:15:00,10.07,
2022-03-05 19:30:00,10.08,
2022-03-05 19:45:00,10.11,
2022-03-05 20:00:00,10.14,
2022-03-05 20:15:00,10.18,
2022-03-05 20:30:00,10.21,
2022-03-05 20:45:00,10.26,
2022-03-05 21:00:00,10.29,
2022-03-05 21:15:00,10.31,
2022-03-05 21:30:00,10.33,
2022-03-05 21:45:00,10.36,
2022-03-05 22:00:00,10.39,
2022-03-05 22:15:00,10.41,
2022-03-05 22:30:00,10.44,
2022-03-05 22:45:00,10.46,
2022-03-05 23:00:00,10.49,
2022-03-05 23:15:00,10.51,
2022-03-05 23:30:00,10.52,
2022-03-05 23:45:00,10.53,
2022-03-06 00:00:00,10.54,
2022-03-06 00:15:00,10.55,
2022-03-06 00:30:00,10.56,
2022-03-06 00:45:00,10.57,
2022-03-06 01:00:00,10.6,
2022-03-06 01:15:00,10.62,
2022-03-06 01:30:00,10.64,
2022-03-06 01:45:00,10.65,
2022-03-06 02:00:00,10.67,
2022-03-06 02:15:00,10.69,
2022-03-06 02:30:00,10.71,
2022-03-06 02:45:00,10.73,
2022-03-06 03:00:00,10.74,
2022-03-06 03:15:00,10.74,
2022-03-06 03:30:00,10.76,
2022-03-06 03:45:00,10.76,
2022-03-06 04:00:00,10.78,
2022-03-06 04:15:00,10.78,
2022-03-06 04:30:00,10.79,
2022-03-06 04:45:00,10.8,
2022-03-06 05:00:00,10.81,
2022-03-06 05:15:00,10.82,
2022-03-06 05:30:00,10.83,
2022-03-06 05:45:00,10.84,
2022-03-06 06:00:00,10.85,
2022-03-06 06:15:00,10.87,
2022-03-06 06:30:00,10.89,
2022-03-06 06:45:00,10.91,
2022-03-06 07:00:00,10.93,
2022-03-06 07:15:00,10.99,
2022-03-06 07:30:00,11.08,
2022-03-06 07:45:00,11.16,
2022-03-06 08:00:00,11.24,
2022-03-06 08:15:00,11.32,
2022-03-06 08:30:00,11.36,
2022-03-06 08:45:00,11.4,
2022-03-06 09:00:00,11.49,
2022-03-06 09:15:00,11.54,
2022-03-06 09:30:00,11.58,
2022-03-06 09:45:00,11.61,
2022-03-06 10:00:00,11.6,
2022-03-06 10:15:00,11.6,
2022-03-06 10:30:00,11.57,
2022-03-06 10:45:00,11.53,
2022-03-06 11:00:00,11.51,
2022-03-06 11:15:00,11.46,
2022-03-06 11:30:00,11.41,
2022-03-06 11:45:00,11.38,
2022-03-06 12:00:00,11.33,
2022-03-06 12:15:00,11.27,
2022-03-06 12:30:00,11.2,
2022-03-06 12:45:00,11.17,
2022-03-06 13:00:00,11.1,
2022-03-06 13:15:00,11.05,
2022-03-06 13:30:00,10.94,
2022-03-06 13:45:00,10.89,
2022-03-06 14:00:00,10.9,
2022-03-06 14:15:00,10.89,
2022-03-06 14:30:00,10.84,
2022-03-06 14:45:00,10.78,
2022-03-06 15:00:00,10.73,
2022-03-06 15:15:00,10.68,
2022-03-06 15:30:00,10.65,
2022-03-06 15:45:00,10.59,
2022-03-06 16:00:00,10.57,
2022-03-06 16:15:00,10.54,
2022-03-06 16:30:00,10.52,
2022-03-06 16:45:00,10.49,
2022-03-06 17:00:00,10.45,
2022-03-06 17:15:00,10.44,
2022-03-06 17:30:00,10.4,
2022-03-06 17:45:00,10.35,
2022-03-06 18:00:00,10.31,
2022-03-06 18:15:00,10.3,
2022-03-06 18:30:00,10.29,
2022-03-06 18:45:00,10.27,
2022-03-06 19:00:00,10.29,
2022-03-06 19:15:00,10.32,
2022-03-06 19:30:00,10.36,
2022-03-06 19:45:00,10.38,
2022-03-06 20:00:00,10.41,
2022-03-06 20:15:00,10.44,
2022-03-06 20:30:00,10.47,
2022-03-06 20:45:00,10.49,
2022-03-06 21:00:00,10.52,
2022-03-06 21:15:00,10.54,
2022-03-06 21:30:00,10.56,
2022-03-06 21:45:00,10.57,
2022-03-06 22:00:00,10.6,
2022-03-06 22:15:00,10.62,
2022-03-06 22:30:00,10.64,
2022-03-06 22:45:00,10.68,
2022-03-06 23:00:00,10.7,
2022-03-06 23:15:00,10.73,
2022-03-06 23:30:00,10.76,
2022-03-06 23:45:00,10.79,
2022-03-07 00:00:00,10.82,
2022-03-07 00:15:00,10.85,
2022-03-07 00:30:00,10.89,
2022-03-07 00:45:00,10.91,
2022-03-07 01:00:00,10.94,
2022-03-07 01:15:00,10.97,
2022-03-07 01:30:00,10.99,
2022-03-07 01:45:00,11.02,
2022-03-07 02:00:00,11.04,
2022-03-07 02:15:00,11.06,
2022-03-07 02:30:00,11.09,
2022-03-07 02:45:00,11.11,
2022-03-07 03:00:00,11.13,
2022-03-07 03:15:00,11.16,
2022-03-07 03:30:00,11.19,
2022-03-07 03:45:00,11.22,
2022-03-07 04:00:00,11.24,
2022-03-07 04:15:00,11.26,
2022-03-07 04:30:00,11.28,
2022-03-07 04:45:00,11.31,
2022-03-07 05:00:00,11.33,ICE
2022-03-07 05:15:00,11.35,ICE
2022-03-07 05:30:00,11.36,ICE
2022-03-07 05:45:00,11.34,ICE
2022-03-07 06:00:00,11.28,ICE
2022-03-07 06:15:00,11.23,ICE
2022-03-07 06:30:00,11.19,ICE
2022-03-07 06:45:00,11.14,ICE
2022-03-07 07:00:00,11.13,ICE
2022-03-07 07:15:00,11.09,ICE
2022-03-07 07:30:00,11.17,ICE
2022-03-07 07:45:00,11.17,ICE
2022-03-07 08:00:00,11.35,ICE
2022-03-07 08:15:00,11.46,ICE
2022-03-07 08:30:00,11.49,ICE
2022-03-07 08:45:00,11.56,ICE
2022-03-07 09:00:00,11.6,ICE
2022-03-07 09:15:00,11.65,ICE
2022-03-07 09:30:00,11.69,ICE
2022-03-07 09:45:00,11.75,ICE
2022-03-07 10:00:00,11.75,ICE
2022-03-07 10:15:00,11.75,ICE
2022-03-07 10:30:00,11.76,ICE
2022-03-07 10:45:00,11.79,ICE
2022-03-07 11:00:00,11.8,ICE
2022-03-07 11:15:00,11.75,ICE
2022-03-07 11:30:00,11.76,ICE
2022-03-07 11:45:00,11.71,ICE
2022-03-07 12:00:00,11.71,ICE
2022-03-07 12:15:00,11.68,ICE
2022-03-07 12:30:00,11.64,ICE
2022-03-07 12:45:00,11.59,ICE
2022-03-07 13:00:00,11.53,ICE
2022-03-07 13:15:00,11.47,ICE
2022-03-07 13:30:00,11.41,ICE
2022-03-07 13:45:00,11.31,ICE
2022-03-07 14:00:00,11.22,ICE
2022-03-07 14:15:00,11.13,ICE
2022-03-07 14:30:00,11.05,ICE
2022-03-07 14:45:00,10.97,ICE
2022-03-07 15:00:00,10.89,ICE
2022-03-07 15:15:00,10.83,ICE
2022-03-07 15:30:00,10.77,ICE
2022-03-07 15:45:00,10.72,ICE
2022-03-07 16:00:00,10.62,ICE
2022-03-07 16:15:00,10.61,ICE
2022-03-07 16:30:00,10.58,ICE
2022-03-07 16:45:00,10.55,ICE
2022-03-07 17:00:00,10.53,ICE
2022-03-07 17:15:00,10.52,ICE
2022-03-07 17:30:00,10.52,ICE
2022-03-07 17:45:00,10.49,ICE
2022-03-07 18:00:00,10.46,ICE
2022-03-07 18:15:00,10.42,ICE
2022-03-07 18:30:00,10.38,ICE
2022-03-07 18:45:00,10.35,ICE
2022-03-07 19:00:00,10.35,ICE
2022-03-07 19:15:00,10.37,ICE
2022-03-07 19:30:00,10.39,ICE
2022-03-07 19:45:00,10.41,ICE
2022-03-07 20:00:00,10.43,ICE
2022-03-07 20:15:00,10.45,ICE
2022-03-07 20:30:00,10.47,ICE
2022-03-07 20:45:00,10.49,ICE
2022-03-07 21:00:00,10.52,ICE
2022-03-07 21:15:00,10.54,ICE
2022-03-07 21:30:00,10.57,ICE
2022-03-07 21:45:00,10.59,ICE
2022-03-07 22:00:00,10.61,ICE
2022-03-07 22:15:00,10.63,ICE
2022-03-07 22:30:00,10.65,ICE
2022-03-07 22:45:00,10.66,ICE
2022-03-07 23:00:00,10.67,ICE
2022-03-07 23:15:00,10.68,ICE
2022-03-07 23:30:00,10.71,ICE
2022-03-07 23:45:00,10.73,ICE
2022-03-08 00:00:00,10.75,ICE
2022-03-08 00:15:00,10.77,ICE
2022-03-08 00:30:00,10.79,ICE
2022-03-08 00:45:00,10.81,ICE
2022-03-08 01:00:00,10.83,ICE
2022-03-08 01:15:00,10.85,ICE
2022-03-08 01:30:00,10.87,ICE
2022-03-08 01:45:00,10.89,ICE
2022-03-08 02:00:00,10.91,ICE
2022-03-08 02:15:00,10.93,ICE
2022-03-08 02:30:00,10.94,ICE
2022-03-08 02:45:00,10.95,ICE
2022-03-08 03:00:00,10.97,ICE
2022-03-08 03:15:00,10.98,ICE
2022-03-08 03:30:00,10.99,ICE
2022-03-08 03:45:00,11.01,ICE
2022-03-08 04:00:00,11.03,ICE
2022-03-08 04:15:00,11.05,ICE
2022-03-08 04:30:00,11.06,ICE
2022-03-08 04:45:00,11.07,ICE
2022-03-08 05:00:00,11.08,ICE
2022-03-08 05:15:00,11.09,ICE
2022-03-08 05:30:00,11.11,ICE
2022-03-08 05:45:00,11.11,ICE
2022-03-08 06:00:00,11.12,ICE
2022-03-08 06:15:00,11.13,ICE
2022-03-08 06:30:00,11.14,ICE
2022-03-08 06:45:00,11.15,ICE
2022-03-08 07:00:00,11.16,ICE
2022-03-08 07:15:00,11.19,ICE
2022-03-08 07:30:00,11.23,ICE
2022-03-08 07:45:00,11.28,ICE
2022-03-08 08:00:00,11.34,ICE
2022-03-08 08:15:00,11.39,ICE
2022-03-08 08:30:00,11.45,ICE
2022-03-08 08:45:00,11.49,ICE
2022-03-08 09:00:00,11.53,ICE
2022-03-08 09:15:00,11.55,ICE
2022-03-08 09:30:00,11.56,ICE
2022-03-08 09:45:00,11.58,ICE
2022-03-08 10:00:00,11.59,ICE
2022-03-08 10:15:00,11.62,ICE
2022-03-08 10:30:00,11.66,ICE
2022-03-08 10:45:00,11.68,ICE
2022-03-08 11:00:00,11.69,ICE
2022-03-08 11:15:00,11.68,ICE
2022-03-08 11:30:00,11.67,ICE
2022-03-08 11:45:00,11.64,ICE
2022-03-08 12:00:00,11.62,ICE
2022-03-08 12:15:00,11.6,ICE
2022-03-08 12:30:00,11.61,ICE
2022-03-08 12:45:00,11.62,ICE
2022-03-08 13:00:00,11.62,ICE
2022-03-08 13:15:00,11.6,ICE
2022-03-08 13:30:00,11.58,ICE
2022-03-08 13:45:00,11.59,ICE
2022-03-08 14:00:00,11.59,ICE
2022-03-08 14:15:00,11.61,ICE
2022-03-08 14:30:00,11.6,ICE
2022-03-08 14:45:00,11.55,ICE
2022-03-08 15:00:00,11.51,ICE
2022-03-08 15:15:00,11.48,ICE
2022-03-08 15:30:00,11.42,ICE
2022-03-08 15:45:00,11.37,ICE
2022-03-08 16:00:00,11.36,ICE
2022-03-08 16:15:00,11.34,ICE
2022-03-08 16:30:00,11.26,ICE
2022-03-08 16:45:00,11.17,ICE
2022-03-08 17:00:00,11.11,ICE
2022-03-08 17:15:00,11.07,ICE
2022-03-08 17:30:00,11.01,ICE
2022-03-08 17:45:00,10.95,ICE
2022-03-08 18:00:00,10.9,ICE
2022-03-08 18:15:00,10.87,ICE
2022-03-08 18:30:00,10.82,ICE
2022-03-08 18:45:00,10.79,ICE
2022-03-08 19:00:00,10.79,ICE
2022-03-08 19:15:00,10.79,ICE
2022-03-08 19:30:00,10.8,ICE
2022-03-08 19:45:00,10.81,ICE
2022-03-08 20:00:00,10.83,ICE
2022-03-08 20:15:00,10.87,ICE
2022-03-08 20:30:00,10.9,ICE
2022-03-08 20:45:00,10.91,ICE
2022-03-08 21:00:00,10.93,ICE
2022-03-08 21:15:00,10.96,ICE
2022-03-08 21:30:00,10.99,ICE
2022-03-08 21:45:00,11.01,ICE
2022-03-08 22:00:00,11.03,ICE
2022-03-08 22:15:00,11.04,ICE
2022-03-08 22:30:00,11.06,ICE
2022-03-08 22:45:00,11.08,ICE
2022-03-08 23:00:00,11.1,ICE
2022-03-08 23:15:00,11.11,ICE
2022-03-08 23:30:00,11.13,ICE
2022-03-08 23:45:00,11.15,ICE
2022-03-09 00:00:00,11.16,ICE
2022-03-09 00:15:00,11.18,ICE
2022-03-09 00:30:00,11.18,ICE
2022-03-09 00:45:00,11.16,ICE
2022-03-09 01:00:00,11.15,ICE
2022-03-09 01:15:00,11.12,ICE
2022-03-09 01:30:00,11.13,ICE
2022-03-09 01:45:00,11.13,ICE
2022-03-09 02:00:00,11.14,ICE
2022-03-09 02:15:00,11.12,ICE
2022-03-09 02:30:00,11.13,ICE
2022-03-09 02:45:00,11.13,ICE
2022-03-09 03:00:00,11.09,ICE
2022-03-09 03:15:00,11.12,ICE
2022-03-09 03:30:00,11.08,ICE
2022-03-09 03:45:00,11.06,ICE
2022-03-09 04:00:00,11.04,ICE
2022-03-09 04:15:00,11.08,ICE
2022-03-09 04:30:00,11.14,ICE
2022-03-09 04:45:00,11.09,ICE
2022-03-09 05:00:00,11.08,ICE
2022-03-09 05:15:00,11.09,ICE
2022-03-09 05:30:00,11.1,ICE
2022-03-09 05:45:00,11.11,ICE
2022-03-09 06:00:00,11.12,ICE
2022-03-09 06:15:00,11.13,ICE
2022-03-09 06:30:00,11.12,ICE
2022-03-09 06:45:00,11.12,ICE
2022-03-09 07:00:00,11.13,ICE
2022-03-09 07:15:00,11.14,ICE
2022-03-09 07:30:00,11.17,ICE
2022-03-09 07:45:00,11.21,ICE
2022-03-09 08:00:00,11.25,ICE
2022-03-09 08:15:00,11.29,ICE
2022-03-09 08:30:00,11.35,ICE
2022-03-09 08:45:00,11.4,ICE
2022-03-09 09:00:00,11.45,ICE
2022-03-09 09:15:00,11.51,ICE
2022-03-09 09:30:00,11.55,ICE
2022-03-09 09:45:00,11.57,ICE
2022-03-09 10:00:00,11.62,ICE
2022-03-09 10:15:00,11.72,ICE
2022-03-09 10:30:00,11.74,ICE
2022-03-09 10:45:00,11.72,ICE
2022-03-09 11:00:00,11.69,ICE
2022-03-09 11:15:00,11.68,ICE
2022-03-09 11:30:00,11.69,ICE
2022-03-09 11:45:00,11.68,ICE
2022-03-09 12:00:00,11.68,ICE
2022-03-09 12:15:00,11.68,ICE
2022-03-09 12:30:00,11.68,ICE
2022-03-09 12:45:00,11.65,ICE
2022-03-09 13:00:00,11.64,ICE
2022-03-09 13:15:00,11.61,ICE
2022-03-09 13:30:00,11.57,ICE
2022-03-09 13:45:00,11.49,ICE
2022-03-09 14:00:00,11.42,ICE
2022-03-09 14:15:00,11.35,ICE
2022-03-09 14:30:00,11.28,ICE
2022-03-09 14:45:00,11.23,ICE
2022-03-09 15:00:00,11.15,ICE
2022-03-09 15:15:00,11.13,ICE
2022-03-09 15:30:00,11.09,ICE
2022-03-09 15:45:00,11.03,ICE
2022-03-09 16:00:00,10.98,ICE
2022-03-09 16:15:00,10.92,ICE
2022-03-09 16:30:00,10.87,ICE
2022-03-09 16:45:00,10.83,ICE
2022-03-09 17:00:00,10.82,ICE
2022-03-09 17:15:00,10.78,ICE
2022-03-09 17:30:00,10.76,ICE
2022-03-09 17:45:00,10.72,ICE
2022-03-09 18:00:00,10.68,ICE
2022-03-09 18:15:00,10.64,ICE
2022-03-09 18:30:00,10.62,ICE
2022-03-09 18:45:00,10.6,ICE
2022-03-09 19:00:00,10.6,ICE
2022-03-09 19:15:00,10.62,ICE
2022-03-09 19:30:00,10.64,ICE
2022-03-09 19:45:00,10.66,ICE
2022-03-09 20:00:00,10.68,ICE
2022-03-09 20:15:00,10.7,ICE
2022-03-09 20:30:00,10.73,ICE
2022-03-09 20:45:00,10.76,ICE
2022-03-09 21:00:00,10.8,ICE
2022-03-09 21:15:00,10.84,ICE
2022-03-09 21:30:00,10.88,ICE
2022-03-09 21:45:00,10.92,ICE
2022-03-09 22:00:00,10.96,ICE
2022-03-09 22:15:00,11.0,ICE
2022-03-09 22:30:00,11.04,ICE
2022-03-09 22:45:00,11.08,ICE
2022-03-09 23:00:00,11.12,ICE
2022-03-09 23:15:00,11.15,ICE
2022-03-09 23:30:00,11.2,ICE
2022-03-09 23:45:00,11.21,ICE
2022-03-10 00:00:00,11.2,ICE
2022-03-10 00:15:00,11.2,ICE
2022-03-10 00:30:00,11.19,ICE
2022-03-10 00:45:00,11.16,ICE
2022-03-10 01:00:00,11.15,ICE
2022-03-10 01:15:00,11.14,ICE
2022-03-10 01:30:00,11.05,ICE
2022-03-10 01:45:00,11.06,ICE
2022-03-10 02:00:00,11.14,ICE
2022-03-10 02:15:00,11.19,ICE
2022-03-10 02:30:00,11.2,ICE
2022-03-10 02:45:00,11.17,ICE
2022-03-10 03:00:00,11.13,ICE
2022-03-10 03:15:00,11.13,ICE
2022-03-10 03:30:00,11.12,ICE
2022-03-10 03:45:00,11.15,ICE
2022-03-10 04:00:00,11.17,ICE
2022-03-10 04:15:00,11.17,ICE
2022-03-10 04:30:00,11.16,ICE
2022-03-10 04:45:00,11.14,ICE
2022-03-10 05:00:00,11.13,ICE
2022-03-10 05:15:00,11.12,ICE
2022-03-10 05:30:00,11.12,ICE
2022-03-10 05:45:00,11.1,ICE
2022-03-10 06:00:00,11.07,ICE
2022-03-10 06:15:00,11.05,ICE
2022-03-10 06:30:00,11.08,ICE
2022-03-10 06:45:00,11.08,ICE
2022-03-10 07:00:00,11.02,ICE
2022-03-10 07:15:00,10.98,ICE
2022-03-10 07:30:00,11.0,ICE
2022-03-10 07:45:00,11.03,ICE
2022-03-10 08:00:00,11.09,ICE
2022-03-10 08:15:00,11.22,ICE
2022-03-10 08:30:00,11.32,ICE
2022-03-10 08:45:00,11.39,ICE
2022-03-10 09:00:00,11.47,ICE
2022-03-10 09:15:00,11.54,ICE
2022-03-10 09:30:00,11.6,ICE
2022-03-10 09:45:00,11.72,ICE
2022-03-10 10:00:00,11.78,ICE
2022-03-10 10:15:00,11.75,ICE
2022-03-10 10:30:00,11.83,ICE
2022-03-10 10:45:00,11.86,ICE
2022-03-10 11:00:00,11.86,ICE
2022-03-10 11:15:00,11.86,ICE
2022-03-10 11:30:00,11.82,ICE
2022-03-10 11:45:00,11.8,ICE
2022-03-10 12:00:00,11.75,ICE
2022-03-10 12:15:00,11.73,ICE
2022-03-10 12:30:00,11.72,ICE
2022-03-10 12:45:00,11.68,ICE
2022-03-10 13:00:00,11.65,ICE
2022-03-10 13:15:00,11.62,ICE
2022-03-10 13:30:00,11.62,ICE
2022-03-10 13:45:00,11.6,ICE
2022-03-10 14:00:00,11.58,ICE
2022-03-10 14:15:00,11.62,ICE
2022-03-10 14:30:00,11.64,ICE
2022-03-10 14:45:00,11.62,ICE
2022-03-10 15:00:00,11.59,ICE
2022-03-10 15:15:00,11.61,ICE
2022-03-10 15:30:00,11.61,ICE
2022-03-10 15:45:00,11.59,ICE
2022-03-10 16:00:00,11.58,ICE
2022-03-10 16:15:00,11.58,ICE
2022-03-10 16:30:00,11.58,ICE
2022-03-10 16:45:00,11.58,ICE
2022-03-10 17:00:00,11.58,ICE
2022-03-10 17:15:00,11.57,ICE
2022-03-10 17:30:00,11.53,ICE
2022-03-10 17:45:00,11.46,ICE
2022-03-10 18:00:00,11.43,ICE
2022-03-10 18:15:00,11.41,ICE
2022-03-10 18:30:00,11.4,ICE
2022-03-10 18:45:00,11.38,ICE
2022-03-10 19:00:00,11.37,ICE
2022-03-10 19:15:00,11.37,ICE
2022-03-10 19:30:00,11.37,ICE
2022-03-10 19:45:00,11.36,ICE
2022-03-10 20:00:00,11.34,ICE
2022-03-10 20:15:00,11.31,ICE
2022-03-10 20:30:00,11.32,ICE
2022-03-10 20:45:00,11.34,ICE
2022-03-10 21:00:00,11.32,ICE
2022-03-10 21:15:00,11.29,ICE
2022-03-10 21:30:00,11.34,ICE
2022-03-10 21:45:00,11.36,ICE
2022-03-10 22:00:00,11.33,ICE
2022-03-10 22:15:00,11.33,ICE
2022-03-10 22:30:00,11.3,ICE
2022-03-10 22:45:00,11.3,ICE
2022-03-10 23:00:00,11.3,ICE
2022-03-10 23:15:00,11.32,ICE
2022-03-10 23:30:00,11.35,ICE
2022-03-10 23:45:00,11.35,ICE
2022-03-11 00:00:00,11.35,ICE
2022-03-11 00:15:00,11.34,ICE
2022-03-11 00:30:00,11.34,ICE
2022-03-11 00:45:00,11.32,ICE
2022-03-11 01:00:00,11.31,ICE
2022-03-11 01:15:00,11.33,ICE
2022-03-11 01:30:00,11.3,ICE
2022-03-11 01:45:00,11.28,ICE
2022-03-11 02:00:00,11.27,ICE
2022-03-11 02:15:00,11.26,ICE
2022-03-11 02:30:00,11.27,ICE
2022-03-11 02:45:00,11.26,ICE
2022-03-11 03:00:00,11.25,ICE
2022-03-11 03:15:00,11.25,ICE
2022-03-11 03:30:00,11.23,ICE
2022-03-11 03:45:00,11.21,ICE
2022-03-11 04:00:00,11.2,ICE
2022-03-11 04:15:00,11.19,ICE
2022-03-11 04:30:00,11.2,ICE
2022-03-11 04:45:00,11.19,ICE
2022-03-11 05:00:00,11.15,ICE
2022-03-11 05:15:00,11.19,ICE
2022-03-11 05:30:00,11.2,ICE
2022-03-11 05:45:00,11.2,ICE
2022-03-11 06:00:00,11.21,ICE
2022-03-11 06:15:00,11.19,ICE
2022-03-11 06:30:00,11.17,ICE
2022-03-11 06:45:00,11.17,ICE
2022-03-11 07:00:00,11.17,ICE
2022-03-11 07:15:00,11.17,ICE
2022-03-11 07:30:00,11.17,ICE
2022-03-11 07:45:00,11.17,ICE
2022-03-11 08:00:00,11.23,ICE
2022-03-11 08:15:00,11.22,ICE
2022-03-11 08:30:00,11.24,ICE
2022-03-11 08:45:00,11.28,ICE
2022-03-11 09:00:00,11.37,ICE
2022-03-11 09:15:00,11.45,ICE
2022-03-11 09:30:00,11.51,ICE
2022-03-11 09:45:00,11.67,ICE
2022-03-11 10:00:00,11.71,ICE
2022-03-11 10:15:00,11.71,ICE
2022-03-11 10:30:00,11.75,ICE
2022-03-11 10:45:00,11.8,ICE
2022-03-11 11:00:00,11.81,ICE
2022-03-11 11:15:00,11.76,ICE
2022-03-11 11:30:00,11.77,ICE
2022-03-11 11:45:00,11.74,ICE
2022-03-11 12:00:00,11.75,ICE
2022-03-11 12:15:00,11.72,ICE
2022-03-11 12:30:00,11.72,ICE
2022-03-11 12:45:00,11.71,ICE
2022-03-11 13:00:00,11.7,ICE
2022-03-11 13:15:00,11.7,ICE
2022-03-11 13:30:00,11.68,ICE
2022-03-11 13:45:00,11.67,ICE
2022-03-11 14:00:00,11.68,ICE
2022-03-11 14:15:00,11.65,ICE
2022-03-11 14:30:00,11.61,ICE
2022-03-11 14:45:00,11.68,ICE
2022-03-11 15:00:00,11.74,ICE
2022-03-11 15:15:00,11.76,ICE
2022-03-11 15:30:00,11.79,ICE
2022-03-11 15:45:00,11.78,ICE
2022-03-11 16:00:00,11.77,ICE
2022-03-11 16:15:00,11.75,ICE
2022-03-11 16:30:00,11.74,ICE
2022-03-11 16:45:00,11.74,ICE
2022-03-11 17:00:00,11.72,ICE
2022-03-11 17:15:00,11.69,ICE
2022-03-11 17:30:00,11.66,ICE
2022-03-11 17:45:00,11.61,ICE
2022-03-11 18:00:00,11.56,ICE
2022-03-11 18:15:00,11.51,ICE
2022-03-11 18:30:00,11.46,ICE
2022-03-11 18:45:00,11.4,ICE
2022-03-11 19:00:00,11.36,ICE
2022-03-11 19:15:00,11.33,ICE
2022-03-11 19:30:00,11.31,ICE
2022-03-11 19:45:00,11.31,ICE
2022-03-11 20:00:00,11.29,
2022-03-11 20:15:00,11.3,
2022-03-11 20:30:00,11.29,
2022-03-11 20:45:00,11.28,
2022-03-11 21:00:00,11.28,
2022-03-11 21:15:00,11.28,
2022-03-11 21:30:00,11.28,
2022-03-11 21:45:00,11.27,
2022-03-11 22:00:00,11.27,
2022-03-11 22:15:00,11.26,
2022-03-11 22:30:00,11.26,
2022-03-11 22:45:00,11.26,
2022-03-11 23:00:00,11.26,
2022-03-11 23:15:00,11.25,
2022-03-11 23:30:00,11.25,
2022-03-11 23:45:00,11.24,
2022-03-12 00:00:00,11.24,
2022-03-12 00:15:00,11.24,
2022-03-12 00:30:00,11.24,
2022-03-12 00:45:00,11.24,
2022-03-12 01:00:00,11.24,
2022-03-12 01:15:00,11.25,
2022-03-12 01:30:00,11.26,
2022-03-12 01:45:00,11.26,
2022-03-12 02:00:00,11.27,
2022-03-12 02:15:00,11.28,
2022-03-12 02:30:00,11.28,
2022-03-12 02:45:00,11.29,
2022-03-12 03:00:00,11.29,
2022-03-12 03:15:00,11.3,
2022-03-12 03:30:00,11.31,
2022-03-12 03:45:00,11.31,
2022-03-12 04:00:00,11.34,
2022-03-12 04:15:00,11.35,
2022-03-12 04:30:00,11.36,
2022-03-12 04:45:00,11.37,
2022-03-12 05:00:00,11.38,
2022-03-12 05:15:00,11.4,
2022-03-12 05:30:00,11.41,
2022-03-12 05:45:00,11.41,
2022-03-12 06:00:00,11.41,
2022-03-12 06:15:00,11.41,
2022-03-12 06:30:00,11.4,
2022-03-12 06:45:00,11.4,
2022-03-12 07:00:00,11.41,
2022-03-12 07:15:00,11.45,
2022-03-12 07:30:00,11.54,
2022-03-12 07:45:00,11.62,
2022-03-12 08:00:00,11.67,
2022-03-12 08:15:00,11.71,
2022-03-12 08:30:00,11.73,
2022-03-12 08:45:00,11.73,
2022-03-12 09:00:00,11.73,
2022-03-12 09:15:00,11.73,
2022-03-12 09:30:00,11.7,
2022-03-12 09:45:00,11.67,
2022-03-12 10:00:00,11.62,
2022-03-12 10:15:00,11.56,
2022-03-12 10:30:00,11.49,
2022-03-12 10:45:00,11.43,
2022-03-12 11:00:00,11.35,
2022-03-12 11:15:00,11.29,
2022-03-12 11:30:00,11.22,
2022-03-12 11:45:00,11.13,
2022-03-12 12:00:00,11.03,
2022-03-12 12:15:00,10.92,
2022-03-12 12:30:00,10.82,
2022-03-12 12:45:00,10.74,
2022-03-12 13:00:00,10.64,
2022-03-12 13:15:00,10.56,
2022-03-12 13:30:00,10.46,
2022-03-12 13:45:00,10.36,
2022-03-12 14:00:00,10.3,
2022-03-12 14:15:00,10.24,
2022-03-12 14:30:00,10.17,
2022-03-12 14:45:00,10.15,
2022-03-12 15:00:00,10.12,
2022-03-12 15:15:00,10.1,
2022-03-12 15:30:00,10.08,
2022-03-12 15:45:00,10.05,
2022-03-12 16:00:00,10.03,
2022-03-12 16:15:00,10.01,
2022-03-12 16:30:00,9.98,
2022-03-12 16:45:00,9.96,
2022-03-12 17:00:00,9.94,
2022-03-12 17:15:00,9.91,
2022-03-12 17:30:00,9.89,
2022-03-12 17:45:00,9.84,
2022-03-12 18:00:00,9.83,
2022-03-12 18:15:00,9.82,
2022-03-12 18:30:00,9.83,
2022-03-12 18:45:00,9.81,
2022-03-12 19:00:00,9.82,
2022-03-12 19:15:00,9.84,
2022-03-12 19:30:00,9.87,
2022-03-12 19:45:00,9.91,
2022-03-12 20:00:00,9.94,
2022-03-12 20:15:00,9.96,
2022-03-12 20:30:00,9.98,
2022-03-12 20:45:00,10.01,
2022-03-12 21:00:00,10.03,
2022-03-12 21:15:00,10.06,
2022-03-12 21:30:00,10.09,
2022-03-12 21:45:00,10.11,
2022-03-12 22:00:00,10.13,
2022-03-12 22:15:00,10.17,
2022-03-12 22:30:00,10.19,
2022-03-12 22:45:00,10.21,
2022-03-12 23:00:00,10.24,
2022-03-12 23:15:00,10.27,
2022-03-12 23:30:00,10.3,
2022-03-12 23:45:00,10.33,
2022-03-13 00:00:00,10.36,
2022-03-13 00:15:00,10.38,
2022-03-13 00:30:00,10.41,
2022-03-13 00:45:00,10.45,
2022-03-13 01:00:00,10.47,
2022-03-13 01:15:00,10.5,
2022-03-13 01:30:00,10.54,
2022-03-13 01:45:00,10.56,
2022-03-13 02:00:00,10.6,
2022-03-13 02:15:00,10.62,
2022-03-13 02:30:00,10.65,
2022-03-13 02:45:00,10.68,
2022-03-13 03:00:00,10.7,
2022-03-13 03:15:00,10.73,
2022-03-13 03:30:00,10.75,
2022-03-13 03:45:00,10.78,
2022-03-13 04:00:00,10.8,
2022-03-13 04:15:00,10.83,
2022-03-13 04:30:00,10.85,
2022-03-13 04:45:00,10.86,
2022-03-13 05:00:00,10.88,
2022-03-13 05:15:00,10.9,
2022-03-13 05:30:00,10.9,
2022-03-13 05:45:00,10.91,
2022-03-13 06:00:00,10.92,
2022-03-13 06:15:00,10.93,
2022-03-13 06:30:00,10.93,
2022-03-13 06:45:00,10.94,
2022-03-13 07:00:00,10.95,
2022-03-13 07:15:00,10.97,
2022-03-13 07:30:00,11.01,
2022-03-13 07:45:00,11.06,
2022-03-13 08:00:00,11.13,
2022-03-13 08:15:00,11.19,
2022-03-13 08:30:00,11.22,
2022-03-13 08:45:00,11.25,
2022-03-13 09:00:00,11.31,
2022-03-13 09:15:00,11.35,
2022-03-13 09:30:00,11.41,
2022-03-13 09:45:00,11.46,
2022-03-13 10:00:00,11.48,
2022-03-13 10:15:00,11.49,
2022-03-13 10:30:00,11.46,
2022-03-13 10:45:00,11.44,
2022-03-13 11:00:00,11.43,
2022-03-13 11:15:00,11.4,
2022-03-13 11:30:00,11.35,
2022-03-13 11:45:00,11.29,
2022-03-13 12:00:00,11.19,
2022-03-13 12:15:00,11.11,
2022-03-13 12:30:00,11.03,
2022-03-13 12:45:00,10.99,
2022-03-13 13:00:00,10.88,
2022-03-13 13:15:00,10.71,
2022-03-13 13:30:00,10.68,
2022-03-13 13:45:00,10.78,
2022-03-13 14:00:00,10.91,
2022-03-13 14:15:00,10.97,
2022-03-13 14:30:00,11.01,
2022-03-13 14:45:00,11.03,
2022-03-13 15:00:00,11.04,
2022-03-13 15:15:00,10.99,
2022-03-13 15:30:00,10.91,
2022-03-13 15:45:00,10.86,
2022-03-13 16:00:00,10.82,
2022-03-13 16:15:00,10.8,
2022-03-13 16:30:00,10.81,
2022-03-13 16:45:00,10.74,
2022-03-13 17:00:00,10.6,
2022-03-13 17:15:00,10.49,
2022-03-13 17:30:00,10.46,
2022-03-13 17:45:00,10.44,
2022-03-13 18:00:00,10.42,
2022-03-13 18:15:00,10.39,
2022-03-13 18:30:00,10.35,
2022-03-13 18:45:00,10.31,
2022-03-13 19:00:00,10.3,
2022-03-13 19:15:00,10.3,
2022-03-13 19:30:00,10.29,
2022-03-13 19:45:00,10.32,
2022-03-13 20:00:00,10.34,
2022-03-13 20:15:00,10.35,
2022-03-13 20:30:00,10.38,
2022-03-13 20:45:00,10.4,
2022-03-13 21:00:00,10.42,
2022-03-13 21:15:00,10.44,
2022-03-13 21:30:00,10.45,
2022-03-13 21:45:00,10.47,
2022-03-13 22:00:00,10.48,
2022-03-13 22:15:00,10.5,
2022-03-13 22:30:00,10.51,
2022-03-13 22:45:00,10.52,
2022-03-13 23:00:00,10.53,
2022-03-13 23:15:00,10.54,
2022-03-13 23:30:00,10.56,
2022-03-13 23:45:00,10.57,
2022-03-14 00:00:00,10.6,
2022-03-14 00:15:00,10.61,
2022-03-14 00:30:00,10.62,
2022-03-14 00:45:00,10.62,
2022-03-14 01:00:00,10.66,
2022-03-14 01:15:00,10.69,
2022-03-14 01:30:00,10.71,
2022-03-14 01:45:00,10.73,
2022-03-14 02:00:00,10.75,
2022-03-14 02:15:00,10.78,
2022-03-14 02:30:00,10.8,
2022-03-14 02:45:00,10.81,
2022-03-14 03:00:00,10.83,
2022-03-14 03:15:00,10.86,
2022-03-14 03:30:00,10.89,
2022-03-14 03:45:00,10.92,
2022-03-14 04:00:00,10.96,
2022-03-14 04:15:00,10.99,
2022-03-14 04:30:00,11.03,
2022-03-14 04:45:00,11.06,
2022-03-14 05:00:00,11.1,
2022-03-14 05:15:00,11.13,
2022-03-14 05:30:00,11.17,
2022-03-14 05:45:00,11.2,
2022-03-14 06:00:00,11.23,
2022-03-14 06:15:00,11.26,
2022-03-14 06:30:00,11.29,
2022-03-14 06:45:00,11.34,
2022-03-14 07:00:00,11.39,
2022-03-14 07:15:00,11.45,
2022-03-14 07:30:00,11.52,
2022-03-14 07:45:00,11.57,
2022-03-14 08:00:00,11.6,
2022-03-14 08:15:00,11.61,
2022-03-14 08:30:00,11.65,
2022-03-14 08:45:00,11.69,
2022-03-14 09:00:00,11.71,
2022-03-14 09:15:00,11.77,
2022-03-14 09:30:00,11.8,
2022-03-14 09:45:00,11.8,
2022-03-14 10:00:00,11.8,
2022-03-14 10:15:00,11.79,
2022-03-14 10:30:00,11.75,
2022-03-14 10:45:00,11.69,
2022-03-14 11:00:00,11.63,
2022-03-14 11:15:00,11.56,
2022-03-14 11:30:00,11.48,
2022-03-14 11:45:00,11.4,
2022-03-14 12:00:00,11.31,
2022-03-14 12:15:00,11.22,
2022-03-14 12:30:00,11.11,
2022-03-14 12:45:00,11.01,
2022-03-14 13:00:00,10.91,
2022-03-14 13:15:00,10.81,
2022-03-14 13:30:00,10.72,
2022-03-14 13:45:00,10.62,
2022-03-14 14:00:00,10.53,
2022-03-14 14:15:00,10.47,
2022-03-14 14:30:00,10.42,
2022-03-14 14:45:00,10.39,
2022-03-14 15:00:00,10.35,
2022-03-14 15:15:00,10.29,
2022-03-14 15:30:00,10.23,
2022-03-14 15:45:00,10.17,
2022-03-14 16:00:00,10.12,
2022-03-14 16:15:00,10.05,
2022-03-14 16:30:00,10.0,
2022-03-14 16:45:00,9.98,
2022-03-14 17:00:00,9.95,
2022-03-14 17:15:00,9.93,
2022-03-14 17:30:00,9.9,
2022-03-14 17:45:00,9.86,
2022-03-14 18:00:00,9.83,
2022-03-14 18:15:00,9.8,
2022-03-14 18:30:00,9.78,
2022-03-14 18:45:00,9.75,
2022-03-14 19:00:00,9.76,
2022-03-14 19:15:00,9.78,
2022-03-14 19:30:00,9.81,
2022-03-14 19:45:00,9.84,
2022-03-14 20:00:00,9.87,
2022-03-14 20:15:00,9.9,
2022-03-14 20:30:00,9.93,
2022-03-14 20:45:00,9.95,
2022-03-14 21:00:00,9.98,
2022-03-14 21:15:00,10.01,
2022-03-14 21:30:00,10.04,
2022-03-14 21:45:00,10.07,
2022-03-14 22:00:00,10.1,
2022-03-14 22:15:00,10.13,
2022-03-14 22:30:00,10.15,
2022-03-14 22:45:00,10.17,
2022-03-14 23:00:00,10.2,
2022-03-14 23:15:00,10.22,
2022-03-14 23:30:00,10.24,
2022-03-14 23:45:00,10.27,
2022-03-15 00:00:00,10.3,
2022-03-15 00:15:00,10.34,
2022-03-15 00:30:00,10.37,
2022-03-15 00:45:00,10.4,
2022-03-15 01:00:00,10.43,
2022-03-15 01:15:00,10.46,
2022-03-15 01:30:00,10.49,
2022-03-15 01:45:00,10.53,
2022-03-15 02:00:00,10.56,
2022-03-15 02:15:00,10.59,
2022-03-15 02:30:00,10.62,
2022-03-15 02:45:00,10.65,
2022-03-15 03:00:00,10.68,
2022-03-15 03:15:00,10.71,
2022-03-15 03:30:00,10.75,
2022-03-15 03:45:00,10.78,
2022-03-15 04:00:00,10.8,
2022-03-15 04:15:00,10.83,
2022-03-15 04:30:00,10.86,
2022-03-15 04:45:00,10.9,
2022-03-15 05:00:00,10.92,
2022-03-15 05:15:00,10.96,
2022-03-15 05:30:00,10.98,
2022-03-15 05:45:00,11.01,
2022-03-15 06:00:00,11.04,
2022-03-15 06:15:00,11.06,
2022-03-15 06:30:00,11.09,
2022-03-15 06:45:00,11.13,
2022-03-15 07:00:00,11.17,
2022-03-15 07:15:00,11.23,
2022-03-15 07:30:00,11.32,
2022-03-15 07:45:00,11.39,
2022-03-15 08:00:00,11.45,
2022-03-15 08:15:00,11.48,
2022-03-15 08:30:00,11.52,
2022-03-15 08:45:00,11.57,
2022-03-15 09:00:00,11.59,
2022-03-15 09:15:00,11.61,
2022-03-15 09:30:00,11.62,
2022-03-15 09:45:00,11.59,
2022-03-15 10:00:00,11.55,
2022-03-15 10:15:00,11.52,
2022-03-15 10:30:00,11.49,
2022-03-15 10:45:00,11.44,
2022-03-15 11:00:00,11.35,
2022-03-15 11:15:00,11.27,
2022-03-15 11:30:00,11.2,
2022-03-15 11:45:00,11.14,
2022-03-15 12:00:00,11.1,
2022-03-15 12:15:00,11.05,
2022-03-15 12:30:00,11.0,
2022-03-15 12:45:00,10.98,
2022-03-15 13:00:00,10.93,
2022-03-15 13:15:00,10.86,
2022-03-15 13:30:00,10.82,
2022-03-15 13:45:00,10.75,
2022-03-15 14:00:00,10.69,
2022-03-15 14:15:00,10.68,
2022-03-15 14:30:00,10.68,
2022-03-15 14:45:00,10.66,
2022-03-15 15:00:00,10.67,
2022-03-15 15:15:00,10.58,
2022-03-15 15:30:00,10.57,
2022-03-15 15:45:00,10.51,
2022-03-15 16:00:00,10.43,
2022-03-15 16:15:00,10.33,
2022-03-15 16:30:00,10.24,
2022-03-15 16:45:00,10.16,
2022-03-15 17:00:00,10.03,
2022-03-15 17:15:00,9.9,
2022-03-15 17:30:00,9.87,
2022-03-15 17:45:00,9.82,
2022-03-15 18:00:00,9.77,
2022-03-15 18:15:00,9.77,
2022-03-15 18:30:00,9.76,
2022-03-15 18:45:00,9.74,
2022-03-15 19:00:00,9.75,
2022-03-15 19:15:00,9.78,
2022-03-15 19:30:00,9.79,
2022-03-15 19:45:00,9.81,
2022-03-15 20:00:00,9.83,
2022-03-15 20:15:00,9.85,
2022-03-15 20:30:00,9.87,
2022-03-15 20:45:00,9.89,
2022-03-15 21:00:00,9.9,
2022-03-15 21:15:00,9.92,
2022-03-15 21:30:00,9.92,
2022-03-15 21:45:00,9.94,
2022-03-15 22:00:00,9.94,
2022-03-15 22:15:00,9.96,
2022-03-15 22:30:00,9.97,
2022-03-15 22:45:00,9.99,
2022-03-15 23:00:00,10.0,
2022-03-15 23:15:00,10.02,
2022-03-15 23:30:00,10.04,
2022-03-15 23:45:00,10.03,
2022-03-16 00:00:00,10.06,
2022-03-16 00:15:00,10.08,
2022-03-16 00:30:00,10.1,
2022-03-16 00:45:00,10.12,
2022-03-16 01:00:00,10.13,
2022-03-16 01:15:00,10.14,
2022-03-16 01:30:00,10.16,
2022-03-16 01:45:00,10.18,
2022-03-16 02:00:00,10.18,
2022-03-16 02:15:00,10.21,
2022-03-16 02:30:00,10.22,
2022-03-16 02:45:00,10.25,
2022-03-16 03:00:00,10.26,
2022-03-16 03:15:00,10.29,
2022-03-16 03:30:00,10.3,
2022-03-16 03:45:00,10.31,
2022-03-16 04:00:00,10.32,
2022-03-16 04:15:00,10.32,
2022-03-16 04:30:00,10.34,
2022-03-16 04:45:00,10.35,
2022-03-16 05:00:00,10.36,
2022-03-16 05:15:00,10.39,
2022-03-16 05:30:00,10.41,
2022-03-16 05:45:00,10.43,
2022-03-16 06:00:00,10.45,
2022-03-16 06:15:00,10.45,
2022-03-16 06:30:00,10.48,
2022-03-16 06:45:00,10.49,
2022-03-16 07:00:00,10.54,
2022-03-16 07:15:00,10.59,
2022-03-16 07:30:00,10.66,
2022-03-16 07:45:00,10.75,
2022-03-16 08:00:00,10.83,
2022-03-16 08:15:00,10.88,
2022-03-16 08:30:00,10.95,
2022-03-16 08:45:00,10.99,
2022-03-16 09:00:00,11.02,
2022-03-16 09:15:00,11.05,
2022-03-16 09:30:00,11.05,
2022-03-16 09:45:00,11.04,
2022-03-16 10:00:00,11.01,
2022-03-16 10:15:00,10.99,
2022-03-16 10:30:00,10.94,
2022-03-16 10:45:00,10.89,
2022-03-16 11:00:00,10.82,
2022-03-16 11:15:00,10.77,
2022-03-16 11:30:00,10.71,
2022-03-16 11:45:00,10.69,
2022-03-16 12:00:00,10.61,
2022-03-16 12:15:00,10.52,
2022-03-16 12:30:00,10.49,
2022-03-16 12:45:00,10.42,
2022-03-16 13:00:00,10.35,
2022-03-16 13:15:00,10.32,
2022-03-16 13:30:00,10.32,
2022-03-16 13:45:00,10.33,
2022-03-16 14:00:00,10.36,
2022-03-16 14:15:00,10.34,
2022-03-16 14:30:00,10.32,
2022-03-16 14:45:00,10.29,
2022-03-16 15:00:00,10.26,
2022-03-16 15:15:00,10.24,
2022-03-16 15:30:00,10.27,
2022-03-16 15:45:00,10.23,
2022-03-16 16:00:00,10.21,
2022-03-16 16:15:00,10.21,
2022-03-16 16:30:00,10.23,
2022-03-16 16:45:00,10.16,
2022-03-16 17:00:00,10.15,
2022-03-16 17:15:00,10.13,
2022-03-16 17:30:00,10.02,
2022-03-16 17:45:00,9.94,
2022-03-16 18:00:00,9.91,
2022-03-16 18:15:00,9.85,
2022-03-16 18:30:00,9.79,
2022-03-16 18:45:00,9.77,
2022-03-16 19:00:00,9.77,
2022-03-16 19:15:00,9.78,
2022-03-16 19:30:00,9.79,
2022-03-16 19:45:00,9.83,
2022-03-16 20:00:00,9.86,
2022-03-16 20:15:00,9.88,
2022-03-16 20:30:00,9.9,
2022-03-16 20:45:00,9.93,
2022-03-16 21:00:00,9.96,
2022-03-16 21:15:00,9.98,
2022-03-16 21:30:00,10.01,
2022-03-16 21:45:00,10.03,
2022-03-16 22:00:00,10.05,
2022-03-16 22:15:00,10.06,
2022-03-16 22:30:00,10.09,
2022-03-16 22:45:00,10.12,
2022-03-16 23:00:00,10.14,
2022-03-16 23:15:00,10.15,
2022-03-16 23:30:00,10.17,
2022-03-16 23:45:00,10.19,
2022-03-17 00:00:00,10.21,
2022-03-17 00:15:00,10.25,
2022-03-17 00:30:00,10.28,
2022-03-17 00:45:00,10.31,
2022-03-17 01:00:00,10.35,
2022-03-17 01:15:00,10.38,
2022-03-17 01:30:00,10.42,
2022-03-17 01:45:00,10.45,
2022-03-17 02:00:00,10.49,
2022-03-17 02:15:00,10.53,
2022-03-17 02:30:00,10.56,
2022-03-17 02:45:00,10.6,
2022-03-17 03:00:00,10.64,
2022-03-17 03:15:00,10.68,
2022-03-17 03:30:00,10.72,
2022-03-17 03:45:00,10.76,
2022-03-17 04:00:00,10.79,
2022-03-17 04:15:00,10.84,
2022-03-17 04:30:00,10.88,
2022-03-17 04:45:00,10.91,
2022-03-17 05:00:00,10.95,
2022-03-17 05:15:00,10.98,
2022-03-17 05:30:00,11.03,
2022-03-17 05:45:00,11.06,
2022-03-17 06:00:00,11.08,
2022-03-17 06:15:00,11.12,
2022-03-17 06:30:00,11.17,
2022-03-17 06:45:00,11.22,
2022-03-17 07:00:00,11.28,
2022-03-17 07:15:00,11.36,
2022-03-17 07:30:00,11.46,
2022-03-17 07:45:00,11.54,
2022-03-17 08:00:00,11.59,
2022-03-17 08:15:00,11.62,
2022-03-17 08:30:00,11.68,
2022-03-17 08:45:00,11.71,
2022-03-17 09:00:00,11.73,
2022-03-17 09:15:00,11.72,
2022-03-17 09:30:00,11.72,
2022-03-17 09:45:00,11.73,
2022-03-17 10:00:00,11.69,
2022-03-17 10:15:00,11.64,
2022-03-17 10:30:00,11.58,
2022-03-17 10:45:00,11.52,
2022-03-17 11:00:00,11.45,
2022-03-17 11:15:00,11.36,
2022-03-17 11:30:00,11.27,
2022-03-17 11:45:00,11.17,
2022-03-17 12:00:00,11.08,
2022-03-17 12:15:00,10.97,
2022-03-17 12:30:00,10.88,
2022-03-17 12:45:00,10.79,
2022-03-17 13:00:00,10.67,
2022-03-17 13:15:00,10.58,
2022-03-17 13:30:00,10.49,
2022-03-17 13:45:00,10.41,
2022-03-17 14:00:00,10.35,
2022-03-17 14:15:00,10.25,
2022-03-17 14:30:00,10.18,
2022-03-17 14:45:00,10.11,
2022-03-17 15:00:00,10.03,
2022-03-17 15:15:00,9.99,
2022-03-17 15:30:00,9.93,
2022-03-17 15:45:00,9.87,
2022-03-17 16:00:00,9.86,
2022-03-17 16:15:00,9.82,
2022-03-17 16:30:00,9.8,
2022-03-17 16:45:00,9.71,
2022-03-17 17:00:00,9.71,
2022-03-17 17:15:00,9.68,
2022-03-17 17:30:00,9.68,
2022-03-17 17:45:00,9.63,
2022-03-17 18:00:00,9.63,
2022-03-17 18:15:00,9.61,
2022-03-17 18:30:00,9.59,
2022-03-17 18:45:00,9.56,
2022-03-17 19:00:00,9.57,
2022-03-17 19:15:00,9.59,
2022-03-17 19:30:00,9.62,
2022-03-17 19:45:00,9.66,
2022-03-17 20:00:00,9.71,
2022-03-17 20:15:00,9.74,
2022-03-17 20:30:00,9.77,
2022-03-17 20:45:00,9.81,
2022-03-17 21:00:00,9.85,
2022-03-17 21:15:00,9.89,
2022-03-17 21:30:00,9.92,
2022-03-17 21:45:00,9.96,
2022-03-17 22:00:00,9.99,
2022-03-17 22:15:00,10.02,
2022-03-17 22:30:00,10.06,
2022-03-17 22:45:00,10.09,
2022-03-17 23:00:00,10.13,
2022-03-17 23:15:00,10.16,
2022-03-17 23:30:00,10.19,
2022-03-17 23:45:00,10.22,
2022-03-18 00:00:00,10.26,
2022-03-18 00:15:00,10.29,
2022-03-18 00:30:00,10.33,
2022-03-18 00:45:00,10.36,
2022-03-18 01:00:00,10.4,
2022-03-18 01:15:00,10.44,
2022-03-18 01:30:00,10.47,
2022-03-18 01:45:00,10.52,
2022-03-18 02:00:00,10.55,
2022-03-18 02:15:00,10.59,
2022-03-18 02:30:00,10.63,
2022-03-18 02:45:00,10.66,
2022-03-18 03:00:00,10.69,
2022-03-18 03:15:00,10.73,
2022-03-18 03:30:00,10.77,
2022-03-18 03:45:00,10.78,
2022-03-18 04:00:00,10.82,
2022-03-18 04:15:00,10.85,
2022-03-18 04:30:00,10.88,
2022-03-18 04:45:00,10.9,
2022-03-18 05:00:00,10.93,
2022-03-18 05:15:00,10.96,
2022-03-18 05:30:00,10.99,
2022-03-18 05:45:00,11.01,
2022-03-18 06:00:00,11.04,
2022-03-18 06:15:00,11.06,
2022-03-18 06:30:00,11.09,
2022-03-18 06:45:00,11.12,
2022-03-18 07:00:00,11.17,
2022-03-18 07:15:00,11.23,
2022-03-18 07:30:00,11.31,
2022-03-18 07:45:00,11.37,
2022-03-18 08:00:00,11.43,
2022-03-18 08:15:00,11.53,
2022-03-18 08:30:00,11.6,
2022-03-18 08:45:00,11.64,
2022-03-18 09:00:00,11.65,
2022-03-18 09:15:00,11.65,
2022-03-18 09:30:00,11.66,
2022-03-18 09:45:00,11.62,
2022-03-18 10:00:00,11.57,
2022-03-18 10:15:00,11.51,
2022-03-18 10:30:00,11.45,
2022-03-18 10:45:00,11.34,
2022-03-18 11:00:00,11.28,
2022-03-18 11:15:00,11.17,
2022-03-18 11:30:00,11.1,
2022-03-18 11:45:00,10.99,
2022-03-18 12:00:00,10.95,
2022-03-18 12:15:00,10.86,
2022-03-18 12:30:00,10.77,
2022-03-18 12:45:00,10.69,
2022-03-18 13:00:00,10.59,
2022-03-18 13:15:00,10.51,
2022-03-18 13:30:00,10.4,
2022-03-18 13:45:00,10.3,
2022-03-18 14:00:00,10.28,
2022-03-18 14:15:00,10.24,
2022-03-18 14:30:00,10.16,
2022-03-18 14:45:00,10.14,
2022-03-18 15:00:00,10.09,
2022-03-18 15:15:00,10.06,
2022-03-18 15:30:00,10.05,
2022-03-18 15:45:00,9.98,
2022-03-18 16:00:00,9.93,
2022-03-18 16:15:00,9.87,
2022-03-18 16:30:00,9.86,
2022-03-18 16:45:00,9.86,
2022-03-18 17:00:00,9.83,
2022-03-18 17:15:00,9.82,
2022-03-18 17:30:00,9.83,
2022-03-18 17:45:00,9.78,
2022-03-18 18:00:00,9.75,
2022-03-18 18:15:00,9.7,
2022-03-18 18:30:00,9.67,
2022-03-18 18:45:00,9.63,
2022-03-18 19:00:00,9.62,
2022-03-18 19:15:00,9.62,
2022-03-18 19:30:00,9.65,
2022-03-18 19:45:00,9.7,
2022-03-18 20:00:00,9.72,
2022-03-18 20:15:00,9.75,
2022-03-18 20:30:00,9.75,
2022-03-18 20:45:00,9.79,
2022-03-18 21:00:00,9.83,
2022-03-18 21:15:00,9.86,
2022-03-18 21:30:00,9.89,
2022-03-18 21:45:00,9.93,
2022-03-18 22:00:00,9.97,
2022-03-18 22:15:00,10.0,
2022-03-18 22:30:00,10.04,
2022-03-18 22:45:00,10.05,
2022-03-18 23:00:00,10.08,
2022-03-18 23:15:00,10.11,
2022-03-18 23:30:00,10.15,
2022-03-18 23:45:00,10.18,
2022-03-19 00:00:00,10.22,
2022-03-19 00:15:00,10.25,
2022-03-19 00:30:00,10.27,
2022-03-19 00:45:00,10.31,
2022-03-19 01:00:00,10.33,
2022-03-19 01:15:00,10.37,
2022-03-19 01:30:00,10.4,
2022-03-19 01:45:00,10.43,
2022-03-19 02:00:00,10.46,
2022-03-19 02:15:00,10.49,
2022-03-19 02:30:00,10.53,
2022-03-19 02:45:00,10.55,
2022-03-19 03:00:00,10.58,
2022-03-19 03:15:00,10.62,
2022-03-19 03:30:00,10.65,
2022-03-19 03:45:00,10.68,
2022-03-19 04:00:00,10.7,
2022-03-19 04:15:00,10.72,
2022-03-19 04:30:00,10.76,
2022-03-19 04:45:00,10.77,
2022-03-19 05:00:00,10.81,
2022-03-19 05:15:00,10.84,
2022-03-19 05:30:00,10.86,
2022-03-19 05:45:00,10.88,
2022-03-19 06:00:00,10.91,
2022-03-19 06:15:00,10.92,
2022-03-19 06:30:00,10.94,
2022-03-19 06:45:00,10.99,
2022-03-19 07:00:00,11.06,
2022-03-19 07:15:00,11.15,
2022-03-19 07:30:00,11.24,
2022-03-19 07:45:00,11.32,
2022-03-19 08:00:00,11.4,
2022-03-19 08:15:00,11.44,
2022-03-19 08:30:00,11.47,
2022-03-19 08:45:00,11.5,
2022-03-19 09:00:00,11.51,
2022-03-19 09:15:00,11.51,
2022-03-19 09:30:00,11.48,
2022-03-19 09:45:00,11.46,
2022-03-19 10:00:00,11.42,
2022-03-19 10:15:00,11.39,
2022-03-19 10:30:00,11.34,
2022-03-19 10:45:00,11.27,
2022-03-19 11:00:00,11.22,
2022-03-19 11:15:00,11.14,
2022-03-19 11:30:00,11.08,
2022-03-19 11:45:00,11.01,
2022-03-19 12:00:00,10.92,
2022-03-19 12:15:00,10.87,
2022-03-19 12:30:00,10.78,
2022-03-19 12:45:00,10.7,
2022-03-19 13:00:00,10.64,
2022-03-19 13:15:00,10.57,
2022-03-19 13:30:00,10.48,
2022-03-19 13:45:00,10.43,
2022-03-19 14:00:00,10.35,
2022-03-19 14:15:00,10.29,
2022-03-19 14:30:00,10.24,
2022-03-19 14:45:00,10.19,
2022-03-19 15:00:00,10.14,
2022-03-19 15:15:00,10.14,
2022-03-19 15:30:00,10.11,
2022-03-19 15:45:00,10.06,
2022-03-19 16:00:00,9.99,
2022-03-19 16:15:00,9.91,
2022-03-19 16:30:00,9.85,
2022-03-19 16:45:00,9.82,
2022-03-19 17:00:00,9.76,
2022-03-19 17:15:00,9.72,
2022-03-19 17:30:00,9.69,
2022-03-19 17:45:00,9.66,
2022-03-19 18:00:00,9.58,
2022-03-19 18:15:00,9.53,
2022-03-19 18:30:00,9.48,
2022-03-19 18:45:00,9.43,
2022-03-19 19:00:00,9.4,
2022-03-19 19:15:00,9.4,
2022-03-19 19:30:00,9.4,
2022-03-19 19:45:00,9.41,
2022-03-19 20:00:00,9.43,
2022-03-19 20:15:00,9.45,
2022-03-19 20:30:00,9.46,
2022-03-19 20:45:00,9.49,
2022-03-19 21:00:00,9.5,
2022-03-19 21:15:00,9.52,
2022-03-19 21:30:00,9.53,
2022-03-19 21:45:00,9.57,
2022-03-19 22:00:00,9.57,
2022-03-19 22:15:00,9.59,
2022-03-19 22:30:00,9.62,
2022-03-19 22:45:00,9.63,
2022-03-19 23:00:00,9.64,
2022-03-19 23:15:00,9.66,
2022-03-19 23:30:00,9.66,
2022-03-19 23:45:00,9.69,
2022-03-20 00:00:00,9.7,
2022-03-20 00:15:00,9.71,
2022-03-20 00:30:00,9.72,
2022-03-20 00:45:00,9.74,
2022-03-20 01:00:00,9.75,
2022-03-20 01:15:00,9.76,
2022-03-20 01:30:00,9.78,
2022-03-20 01:45:00,9.8,
2022-03-20 02:00:00,9.8,
2022-03-20 02:15:00,9.81,
2022-03-20 02:30:00,9.83,
2022-03-20 02:45:00,9.84,
2022-03-20 03:00:00,9.82,
2022-03-20 03:15:00,9.88,
2022-03-20 03:30:00,9.9,
2022-03-20 03:45:00,9.92,
2022-03-20 04:00:00,9.93,
2022-03-20 04:15:00,9.97,
2022-03-20 04:30:00,9.99,
2022-03-20 04:45:00,10.02,
2022-03-20 05:00:00,10.03,
2022-03-20 05:15:00,10.05,
2022-03-20 05:30:00,10.07,
2022-03-20 05:45:00,10.1,
2022-03-20 06:00:00,10.12,
2022-03-20 06:15:00,10.13,
2022-03-20 06:30:00,10.15,
2022-03-20 06:45:00,10.18,
2022-03-20 07:00:00,10.24,
2022-03-20 07:15:00,10.32,
2022-03-20 07:30:00,10.4,
2022-03-20 07:45:00,10.47,
2022-03-20 08:00:00,10.56,
2022-03-20 08:15:00,10.64,
2022-03-20 08:30:00,10.69,
2022-03-20 08:45:00,10.71,
2022-03-20 09:00:00,10.66,
2022-03-20 09:15:00,10.67,
2022-03-20 09:30:00,10.67,
2022-03-20 09:45:00,10.7,
2022-03-20 10:00:00,10.75,
2022-03-20 10:15:00,10.75,
2022-03-20 10:30:00,10.71,
2022-03-20 10:45:00,10.63,
2022-03-20 11:00:00,10.56,
2022-03-20 11:15:00,10.48,
2022-03-20 11:30:00,10.46,
2022-03-20 11:45:00,10.47,
2022-03-20 12:00:00,10.48,
2022-03-20 12:15:00,10.48,
2022-03-20 12:30:00,10.48,
2022-03-20 12:45:00,10.55,
2022-03-20 13:00:00,10.57,
2022-03-20 13:15:00,10.58,
2022-03-20 13:30:00,10.61,
2022-03-20 13:45:00,10.64,
2022-03-20 14:00:00,10.66,
2022-03-20 14:15:00,10.63,
2022-03-20 14:30:00,10.6,
2022-03-20 14:45:00,10.56,
2022-03-20 15:00:00,10.5,
2022-03-20 15:15:00,10.44,
2022-03-20 15:30:00,10.4,
2022-03-20 15:45:00,10.35,
2022-03-20 16:00:00,10.3,
2022-03-20 16:15:00,10.25,
2022-03-20 16:30:00,10.18,
2022-03-20 16:45:00,10.11,
2022-03-20 17:00:00,10.05,
2022-03-20 17:15:00,10.07,
2022-03-20 17:30:00,10.02,
2022-03-20 17:45:00,10.0,
2022-03-20 18:00:00,10.04,
2022-03-20 18:15:00,10.0,
2022-03-20 18:30:00,9.93,
2022-03-20 18:45:00,9.87,
2022-03-20 19:00:00,9.83,
2022-03-20 19:15:00,9.84,
2022-03-20 19:30:00,9.85,
2022-03-20 19:45:00,9.86,
2022-03-20 20:00:00,9.89,
2022-03-20 20:15:00,9.89,
2022-03-20 20:30:00,9.95,
2022-03-20 20:45:00,9.97,
2022-03-20 21:00:00,10.0,
2022-03-20 21:15:00,10.03,
2022-03-20 21:30:00,10.05,
2022-03-20 21:45:00,10.08,
2022-03-20 22:00:00,10.12,
2022-03-20 22:15:00,10.15,
2022-03-20 22:30:00,10.19,
2022-03-20 22:45:00,10.21,
2022-03-20 23:00:00,10.24,
2022-03-20 23:15:00,10.28,
2022-03-20 23:30:00,10.31,
2022-03-20 23:45:00,10.32,
2022-03-21 00:00:00,10.36,
2022-03-21 00:15:00,10.38,
2022-03-21 00:30:00,10.41,
2022-03-21 00:45:00,10.42,
2022-03-21 01:00:00,10.46,
2022-03-21 01:15:00,10.47,
2022-03-21 01:30:00,10.49,
2022-03-21 01:45:00,10.52,
2022-03-21 02:00:00,10.54,
2022-03-21 02:15:00,10.56,
2022-03-21 02:30:00,10.6,
2022-03-21 02:45:00,10.63,
2022-03-21 03:00:00,10.65,
2022-03-21 03:15:00,10.7,
2022-03-21 03:30:00,10.73,
2022-03-21 03:45:00,10.77,
2022-03-21 04:00:00,10.8,
2022-03-21 04:15:00,10.84,
2022-03-21 04:30:00,10.88,
2022-03-21 04:45:00,10.9,
2022-03-21 05:00:00,10.94,
2022-03-21 05:15:00,10.98,
2022-03-21 05:30:00,11.01,
2022-03-21 05:45:00,11.05,
2022-03-21 06:00:00,11.09,
2022-03-21 06:15:00,11.13,
2022-03-21 06:30:00,11.18,
2022-03-21 06:45:00,11.21,
2022-03-21 07:00:00,11.3,
2022-03-21 07:15:00,11.38,
2022-03-21 07:30:00,11.45,
2022-03-21 07:45:00,11.53,
2022-03-21 08:00:00,11.61,
2022-03-21 08:15:00,11.65,
2022-03-21 08:30:00,11.66,
2022-03-21 08:45:00,11.66,
2022-03-21 09:00:00,11.69,
2022-03-21 09:15:00,11.69,
2022-03-21 09:30:00,11.71,
2022-03-21 09:45:00,11.71,
2022-03-21 10:00:00,11.69,
2022-03-21 10:15:00,11.62,
2022-03-21 10:30:00,11.58,
2022-03-21 10:45:00,11.52,
2022-03-21 11:00:00,11.45,
2022-03-21 11:15:00,11.37,
2022-03-21 11:30:00,11.28,
2022-03-21 11:45:00,11.18,
2022-03-21 12:00:00,11.08,
2022-03-21 12:15:00,10.98,
2022-03-21 12:30:00,10.85,
2022-03-21 12:45:00,10.76,
2022-03-21 13:00:00,10.66,
2022-03-21 13:15:00,10.56,
2022-03-21 13:30:00,10.48,
2022-03-21 13:45:00,10.39,
2022-03-21 14:00:00,10.3,
2022-03-21 14:15:00,10.23,
2022-03-21 14:30:00,10.16,
2022-03-21 14:45:00,10.09,
2022-03-21 15:00:00,10.03,
2022-03-21 15:15:00,9.98,
2022-03-21 15:30:00,9.91,
2022-03-21 15:45:00,9.85,
2022-03-21 16:00:00,9.83,
2022-03-21 16:15:00,9.8,
2022-03-21 16:30:00,9.77,
2022-03-21 16:45:00,9.75,
2022-03-21 17:00:00,9.72,
2022-03-21 17:15:00,9.69,
2022-03-21 17:30:00,9.67,
2022-03-21 17:45:00,9.62,
2022-03-21 18:00:00,9.59,
2022-03-21 18:15:00,9.59,
2022-03-21 18:30:00,9.58,
2022-03-21 18:45:00,9.57,
2022-03-21 19:00:00,9.6,
2022-03-21 19:15:00,9.6,
2022-03-21 19:30:00,9.63,
2022-03-21 19:45:00,9.67,
2022-03-21 20:00:00,9.72,
2022-03-21 20:15:00,9.75,
2022-03-21 20:30:00,9.8,
2022-03-21 20:45:00,9.83,
2022-03-21 21:00:00,9.87,
2022-03-21 21:15:00,9.91,
2022-03-21 21:30:00,9.95,
2022-03-21 21:45:00,9.99,
2022-03-21 22:00:00,10.02,
2022-03-21 22:15:00,10.06,
2022-03-21 22:30:00,10.1,
2022-03-21 22:45:00,10.13,
2022-03-21 23:00:00,10.18,
2022-03-21 23:15:00,10.21,
2022-03-21 23:30:00,10.26,
2022-03-21 23:45:00,10.3,
2022-03-22 00:00:00,10.33,
2022-03-22 00:15:00,10.37,
2022-03-22 00:30:00,10.4,
2022-03-22 00:45:00,10.45,
2022-03-22 01:00:00,10.48,
2022-03-22 01:15:00,10.53,
2022-03-22 01:30:00,10.56,
2022-03-22 01:45:00,10.6,
2022-03-22 02:00:00,10.64,
2022-03-22 02:15:00,10.67,
2022-03-22 02:30:00,10.7,
2022-03-22 02:45:00,10.74,
2022-03-22 03:00:00,10.77,
2022-03-22 03:15:00,10.81,
2022-03-22 03:30:00,10.84,
2022-03-22 03:45:00,10.88,
2022-03-22 04:00:00,10.92,
2022-03-22 04:15:00,10.95,
2022-03-22 04:30:00,10.98,
2022-03-22 04:45:00,11.01,
2022-03-22 05:00:00,11.04,
2022-03-22 05:15:00,11.07,
2022-03-22 05:30:00,11.1,
2022-03-22 05:45:00,11.12,
2022-03-22 06:00:00,11.16,
2022-03-22 06:15:00,11.19,
2022-03-22 06:30:00,11.23,
2022-03-22 06:45:00,11.28,
2022-03-22 07:00:00,11.36,
2022-03-22 07:15:00,11.43,
2022-03-22 07:30:00,11.47,
2022-03-22 07:45:00,11.52,
2022-03-22 08:00:00,11.59,
2022-03-22 08:15:00,11.67,
2022-03-22 08:30:00,11.72,
2022-03-22 08:45:00,11.74,
2022-03-22 09:00:00,11.76,
2022-03-22 09:15:00,11.76,
2022-03-22 09:30:00,11.64,
2022-03-22 09:45:00,11.72,
2022-03-22 10:00:00,11.62,
2022-03-22 10:15:00,11.54,
2022-03-22 10:30:00,11.14,
2022-03-22 10:45:00,11.39,
2022-03-22 11:00:00,11.35,
2022-03-22 11:15:00,11.28,
2022-03-22 11:30:00,11.19,
2022-03-22 11:45:00,11.09,
2022-03-22 12:00:00,10.98,
2022-03-22 12:15:00,10.88,
2022-03-22 12:30:00,10.77,
2022-03-22 12:45:00,10.68,
2022-03-22 13:00:00,10.59,
2022-03-22 13:15:00,10.48,
2022-03-22 13:30:00,10.4,
2022-03-22 13:45:00,10.32,
2022-03-22 14:00:00,10.22,
2022-03-22 14:15:00,10.17,
2022-03-22 14:30:00,10.1,
2022-03-22 14:45:00,10.04,
2022-03-22 15:00:00,9.99,
2022-03-22 15:15:00,9.94,
2022-03-22 15:30:00,9.9,
2022-03-22 15:45:00,9.84,
2022-03-22 16:00:00,9.81,
2022-03-22 16:15:00,9.78,
2022-03-22 16:30:00,9.76,
2022-03-22 16:45:00,9.72,
2022-03-22 17:00:00,9.7,
2022-03-22 17:15:00,9.69,
2022-03-22 17:30:00,9.67,
2022-03-22 17:45:00,9.59,
2022-03-22 18:00:00,9.57,
2022-03-22 18:15:00,9.57,
2022-03-22 18:30:00,9.56,
2022-03-22 18:45:00,9.55,
2022-03-22 19:00:00,9.57,
2022-03-22 19:15:00,9.59,
2022-03-22 19:30:00,9.64,
2022-03-22 19:45:00,9.68,
2022-03-22 20:00:00,9.73,
2022-03-22 20:15:00,9.77,
2022-03-22 20:30:00,9.81,
2022-03-22 20:45:00,9.84,
2022-03-22 21:00:00,9.89,
2022-03-22 21:15:00,9.93,
2022-03-22 21:30:00,9.98,
2022-03-22 21:45:00,10.01,
2022-03-22 22:00:00,10.06,
2022-03-22 22:15:00,10.09,
2022-03-22 22:30:00,10.12,
2022-03-22 22:45:00,10.17,
2022-03-22 23:00:00,10.22,
2022-03-22 23:15:00,10.25,
2022-03-22 23:30:00,10.29,
2022-03-22 23:45:00,10.33,
2022-03-23 00:00:00,10.38,
2022-03-23 00:15:00,10.4,
2022-03-23 00:30:00,10.45,
2022-03-23 00:45:00,10.49,
2022-03-23 01:00:00,10.53,
2022-03-23 01:15:00,10.56,
2022-03-23 01:30:00,10.62,
2022-03-23 01:45:00,10.64,
2022-03-23 02:00:00,10.68,
2022-03-23 02:15:00,10.72,
2022-03-23 02:30:00,10.77,
2022-03-23 02:45:00,10.81,
2022-03-23 03:00:00,10.84,
2022-03-23 03:15:00,10.86,
2022-03-23 03:30:00,10.91,
2022-03-23 03:45:00,10.95,
2022-03-23 04:00:00,10.98,
2022-03-23 04:15:00,11.02,
2022-03-23 04:30:00,11.05,
2022-03-23 04:45:00,11.08,
2022-03-23 05:00:00,11.12,
2022-03-23 05:15:00,11.13,
2022-03-23 05:30:00,11.16,
2022-03-23 05:45:00,11.19,
2022-03-23 06:00:00,11.21,
2022-03-23 06:15:00,11.25,
2022-03-23 06:30:00,11.28,
2022-03-23 06:45:00,11.32,
2022-03-23 07:00:00,11.39,
2022-03-23 07:15:00,11.44,
2022-03-23 07:30:00,11.51,
2022-03-23 07:45:00,11.55,
2022-03-23 08:00:00,11.6,
2022-03-23 08:15:00,11.65,
2022-03-23 08:30:00,11.68,
2022-03-23 08:45:00,11.7,
2022-03-23 09:00:00,11.71,
2022-03-23 09:15:00,11.71,
2022-03-23 09:30:00,11.68,
2022-03-23 09:45:00,11.64,
2022-03-23 10:00:00,11.58,
2022-03-23 10:15:00,11.52,
2022-03-23 10:30:00,11.43,
2022-03-23 10:45:00,11.35,
2022-03-23 11:00:00,11.25,
2022-03-23 11:15:00,11.14,
2022-03-23 11:30:00,11.02,
2022-03-23 11:45:00,10.91,
2022-03-23 12:00:00,10.8,
2022-03-23 12:15:00,10.69,
2022-03-23 12:30:00,10.57,
2022-03-23 12:45:00,10.47,
2022-03-23 13:00:00,10.37,
2022-03-23 13:15:00,10.26,
2022-03-23 13:30:00,10.18,
2022-03-23 13:45:00,10.08,
2022-03-23 14:00:00,10.01,
2022-03-23 14:15:00,9.92,
2022-03-23 14:30:00,9.85,
2022-03-23 14:45:00,9.77,
2022-03-23 15:00:00,9.7,
2022-03-23 15:15:00,9.64,
2022-03-23 15:30:00,9.59,
2022-03-23 15:45:00,9.54,
2022-03-23 16:00:00,9.49,
2022-03-23 16:15:00,9.45,
2022-03-23 16:30:00,9.42,
2022-03-23 16:45:00,9.38,
2022-03-23 17:00:00,9.35,
2022-03-23 17:15:00,9.32,
2022-03-23 17:30:00,9.29,
2022-03-23 17:45:00,9.22,
2022-03-23 18:00:00,9.18,
2022-03-23 18:15:00,9.17,
2022-03-23 18:30:00,9.17,
2022-03-23 18:45:00,9.17,
2022-03-23 19:00:00,9.18,
2022-03-23 19:15:00,9.19,
2022-03-23 19:30:00,9.23,
2022-03-23 19:45:00,9.26,
2022-03-23 20:00:00,9.3,
2022-03-23 20:15:00,9.34,
2022-03-23 20:30:00,9.38,
2022-03-23 20:45:00,9.42,
2022-03-23 21:00:00,9.45,
2022-03-23 21:15:00,9.49,
2022-03-23 21:30:00,9.52,
2022-03-23 21:45:00,9.57,
2022-03-23 22:00:00,9.6,
2022-03-23 22:15:00,9.64,
2022-03-23 22:30:00,9.65,
2022-03-23 22:45:00,9.7,
2022-03-23 23:00:00,9.75,
2022-03-23 23:15:00,9.78,
2022-03-23 23:30:00,9.81,
2022-03-23 23:45:00,9.86,
2022-03-24 00:00:00,9.89,
2022-03-24 00:15:00,9.92,
2022-03-24 00:30:00,9.97,
2022-03-24 00:45:00,10.0,
2022-03-24 01:00:00,10.03,
2022-03-24 01:15:00,10.06,
2022-03-24 01:30:00,10.09,
2022-03-24 01:45:00,10.14,
2022-03-24 02:00:00,10.18,
2022-03-24 02:15:00,10.19,
2022-03-24 02:30:00,10.24,
2022-03-24 02:45:00,10.26,
2022-03-24 03:00:00,10.3,
2022-03-24 03:15:00,10.33,
2022-03-24 03:30:00,10.35,
2022-03-24 03:45:00,10.39,
2022-03-24 04:00:00,10.4,
2022-03-24 04:15:00,10.44,
2022-03-24 04:30:00,10.47,
2022-03-24 04:45:00,10.51,
2022-03-24 05:00:00,10.52,
2022-03-24 05:15:00,10.55,
2022-03-24 05:30:00,10.56,
2022-03-24 05:45:00,10.6,
2022-03-24 06:00:00,10.62,
2022-03-24 06:15:00,10.64,
2022-03-24 06:30:00,10.66,
2022-03-24 06:45:00,10.71,
2022-03-24 07:00:00,10.79,
2022-03-24 07:15:00,10.86,
2022-03-24 07:30:00,10.91,
2022-03-24 07:45:00,10.95,
2022-03-24 08:00:00,11.02,
2022-03-24 08:15:00,11.06,
2022-03-24 08:30:00,11.09,
2022-03-24 08:45:00,11.12,
2022-03-24 09:00:00,11.13,
2022-03-24 09:15:00,11.13,
2022-03-24 09:30:00,11.09,
2022-03-24 09:45:00,11.06,
2022-03-24 10:00:00,11.0,
2022-03-24 10:15:00,10.94,
2022-03-24 10:30:00,10.86,
2022-03-24 10:45:00,10.78,
2022-03-24 11:00:00,10.69,
2022-03-24 11:15:00,10.6,
2022-03-24 11:30:00,10.5,
2022-03-24 11:45:00,10.4,
2022-03-24 12:00:00,10.31,
2022-03-24 12:15:00,10.22,
2022-03-24 12:30:00,10.1,
2022-03-24 12:45:00,10.03,
2022-03-24 13:00:00,9.91,
2022-03-24 13:15:00,9.815,
2022-03-24 13:30:00,9.72,
2022-03-24 13:45:00,9.625,
2022-03-24 14:00:00,9.53,
2022-03-24 14:15:00,9.49,
2022-03-24 14:30:00,9.43,
2022-03-24 14:45:00,9.37,
2022-03-24 15:00:00,9.31,
2022-03-24 15:15:00,9.25,
2022-03-24 15:30:00,9.2,
2022-03-24 15:45:00,9.15,
2022-03-24 16:00:00,9.11,
2022-03-24 16:15:00,9.08,
2022-03-24 16:30:00,9.04,
2022-03-24 16:45:00,9.02,
2022-03-24 17:00:00,8.99,
2022-03-24 17:15:00,8.96,
2022-03-24 17:30:00,8.93,
2022-03-24 17:45:00,8.88,
2022-03-24 18:00:00,8.86,
2022-03-24 18:15:00,8.84,
2022-03-24 18:30:00,8.84,
2022-03-24 18:45:00,8.83,
2022-03-24 19:00:00,8.83,
2022-03-24 19:15:00,8.85,
2022-03-24 19:30:00,8.88,
2022-03-24 19:45:00,8.92,
2022-03-24 20:00:00,8.95,
2022-03-24 20:15:00,9.0,
2022-03-24 20:30:00,9.03,
2022-03-24 20:45:00,9.07,
2022-03-24 21:00:00,9.11,
2022-03-24 21:15:00,9.15,
2022-03-24 21:30:00,9.18,
2022-03-24 21:45:00,9.22,
2022-03-24 22:00:00,9.27,
2022-03-24 22:15:00,9.31,
2022-03-24 22:30:00,9.34,
2022-03-24 22:45:00,9.39,
2022-03-24 23:00:00,9.42,
2022-03-24 23:15:00,9.46,
2022-03-24 23:30:00,9.51,
2022-03-24 23:45:00,9.54,
2022-03-25 00:00:00,9.58,
2022-03-25 00:15:00,9.62,
2022-03-25 00:30:00,9.65,
2022-03-25 00:45:00,9.69,
2022-03-25 01:00:00,9.73,
2022-03-25 01:15:00,9.76,
2022-03-25 01:30:00,9.8,
2022-03-25 01:45:00,9.83,
2022-03-25 02:00:00,9.86,
2022-03-25 02:15:00,9.9,
2022-03-25 02:30:00,9.93,
2022-03-25 02:45:00,9.96,
2022-03-25 03:00:00,9.99,
2022-03-25 03:15:00,10.02,
2022-03-25 03:30:00,10.06,
2022-03-25 03:45:00,10.08,
2022-03-25 04:00:00,10.12,
2022-03-25 04:15:00,10.15,
2022-03-25 04:30:00,10.18,
2022-03-25 04:45:00,10.21,
2022-03-25 05:00:00,10.23,
2022-03-25 05:15:00,10.26,
2022-03-25 05:30:00,10.29,
2022-03-25 05:45:00,10.31,
2022-03-25 06:00:00,10.35,
2022-03-25 06:15:00,10.36,
2022-03-25 06:30:00,10.4,
2022-03-25 06:45:00,10.45,
2022-03-25 07:00:00,10.52,
2022-03-25 07:15:00,10.58,
2022-03-25 07:30:00,10.62,
2022-03-25 07:45:00,10.68,
2022-03-25 08:00:00,10.73,
2022-03-25 08:15:00,10.78,
2022-03-25 08:30:00,10.83,
2022-03-25 08:45:00,10.86,
2022-03-25 09:00:00,10.87,
2022-03-25 09:15:00,10.84,
2022-03-25 09:30:00,10.83,
2022-03-25 09:45:00,10.79,
2022-03-25 10:00:00,10.73,
2022-03-25 10:15:00,10.68,
2022-03-25 10:30:00,10.6,
2022-03-25 10:45:00,10.52,
2022-03-25 11:00:00,10.42,
2022-03-25 11:15:00,10.33,
2022-03-25 11:30:00,10.25,
2022-03-25 11:45:00,10.16,
2022-03-25 12:00:00,10.07,
2022-03-25 12:15:00,9.97,
2022-03-25 12:30:00,9.88,
2022-03-25 12:45:00,9.79,
2022-03-25 13:00:00,9.7,
2022-03-25 13:15:00,9.61,
2022-03-25 13:30:00,9.54,
2022-03-25 13:45:00,9.46,
2022-03-25 14:00:00,9.39,
2022-03-25 14:15:00,9.31,
2022-03-25 14:30:00,9.26,
2022-03-25 14:45:00,9.19,
2022-03-25 15:00:00,9.13,
2022-03-25 15:15:00,9.1,
2022-03-25 15:30:00,9.07,
2022-03-25 15:45:00,8.99,
2022-03-25 16:00:00,9.01,
2022-03-25 16:15:00,9.03,
2022-03-25 16:30:00,8.99,
2022-03-25 16:45:00,8.95,
2022-03-25 17:00:00,8.92,
2022-03-25 17:15:00,8.9,
2022-03-25 17:30:00,8.86,
2022-03-25 17:45:00,8.83,
2022-03-25 18:00:00,8.81,
2022-03-25 18:15:00,8.82,
2022-03-25 18:30:00,8.82,
2022-03-25 18:45:00,8.78,
2022-03-25 19:00:00,8.76,
2022-03-25 19:15:00,8.77,
2022-03-25 19:30:00,8.79,
2022-03-25 19:45:00,8.83,
2022-03-25 20:00:00,8.87,
2022-03-25 20:15:00,8.91,
2022-03-25 20:30:00,8.96,
2022-03-25 20:45:00,8.99,
2022-03-25 21:00:00,9.03,
2022-03-25 21:15:00,9.08,
2022-03-25 21:30:00,9.12,
2022-03-25 21:45:00,9.17,
2022-03-25 22:00:00,9.21,
2022-03-25 22:15:00,9.23,
2022-03-25 22:30:00,9.28,
2022-03-25 22:45:00,9.32,
2022-03-25 23:00:00,9.35,
2022-03-25 23:15:00,9.4,
2022-03-25 23:30:00,9.43,
2022-03-25 23:45:00,9.47,
2022-03-26 00:00:00,9.52,
2022-03-26 00:15:00,9.54,
2022-03-26 00:30:00,9.56,
2022-03-26 00:45:00,9.61,
2022-03-26 01:00:00,9.64,
2022-03-26 01:15:00,9.67,
2022-03-26 01:30:00,9.68,
2022-03-26 01:45:00,9.72,
2022-03-26 02:00:00,9.75,
2022-03-26 02:15:00,9.78,
2022-03-26 02:30:00,9.8,
2022-03-26 02:45:00,9.83,
2022-03-26 03:00:00,9.86,
2022-03-26 03:15:00,9.89,
2022-03-26 03:30:00,9.9,
2022-03-26 03:45:00,9.92,
2022-03-26 04:00:00,9.96,
2022-03-26 04:15:00,9.99,
2022-03-26 04:30:00,10.02,
2022-03-26 04:45:00,10.04,
2022-03-26 05:00:00,10.06,
2022-03-26 05:15:00,10.09,
2022-03-26 05:30:00,10.11,
2022-03-26 05:45:00,10.13,
2022-03-26 06:00:00,10.17,
2022-03-26 06:15:00,10.19,
2022-03-26 06:30:00,10.2,
2022-03-26 06:45:00,10.27,
2022-03-26 07:00:00,10.31,
2022-03-26 07:15:00,10.38,
2022-03-26 07:30:00,10.43,
2022-03-26 07:45:00,10.49,
2022-03-26 08:00:00,10.57,
2022-03-26 08:15:00,10.63,
2022-03-26 08:30:00,10.66,
2022-03-26 08:45:00,10.7,
2022-03-26 09:00:00,10.68,
2022-03-26 09:15:00,10.63,
2022-03-26 09:30:00,10.59,
2022-03-26 09:45:00,10.56,
2022-03-26 10:00:00,10.52,
2022-03-26 10:15:00,10.45,
2022-03-26 10:30:00,10.38,
2022-03-26 10:45:00,10.3,
2022-03-26 11:00:00,10.22,
2022-03-26 11:15:00,10.16,
2022-03-26 11:30:00,10.08,
2022-03-26 11:45:00,10.0,
2022-03-26 12:00:00,9.88,
2022-03-26 12:15:00,9.81,
2022-03-26 12:30:00,9.76,
2022-03-26 12:45:00,9.68,
2022-03-26 13:00:00,9.62,
2022-03-26 13:15:00,9.57,
2022-03-26 13:30:00,9.52,
2022-03-26 13:45:00,9.46,
2022-03-26 14:00:00,9.39,
2022-03-26 14:15:00,9.38,
2022-03-26 14:30:00,9.33,
2022-03-26 14:45:00,9.27,
2022-03-26 15:00:00,9.22,
2022-03-26 15:15:00,9.16,
2022-03-26 15:30:00,9.1,
2022-03-26 15:45:00,9.0,
2022-03-26 16:00:00,8.96,
2022-03-26 16:15:00,8.93,
2022-03-26 16:30:00,8.9,
2022-03-26 16:45:00,8.86,
2022-03-26 17:00:00,8.88,
2022-03-26 17:15:00,8.84,
2022-03-26 17:30:00,8.81,
2022-03-26 17:45:00,8.83,
2022-03-26 18:00:00,8.83,
2022-03-26 18:15:00,8.78,
2022-03-26 18:30:00,8.77,
2022-03-26 18:45:00,8.75,
2022-03-26 19:00:00,8.75,
2022-03-26 19:15:00,8.79,
2022-03-26 19:30:00,8.8,
2022-03-26 19:45:00,8.83,
2022-03-26 20:00:00,8.88,
2022-03-26 20:15:00,8.93,
2022-03-26 20:30:00,8.97,
2022-03-26 20:45:00,9.0,
2022-03-26 21:00:00,9.05,
2022-03-26 21:15:00,9.08,
2022-03-26 21:30:00,9.1,
2022-03-26 21:45:00,9.16,
2022-03-26 22:00:00,9.2,
2022-03-26 22:15:00,9.23,
2022-03-26 22:30:00,9.27,
2022-03-26 22:45:00,9.31,
2022-03-26 23:00:00,9.34,
2022-03-26 23:15:00,9.36,
2022-03-26 23:30:00,9.4,
2022-03-26 23:45:00,9.43,
2022-03-27 00:00:00,9.46,
2022-03-27 00:15:00,9.49,
2022-03-27 00:30:00,9.53,
2022-03-27 00:45:00,9.54,
2022-03-27 01:00:00,9.58,
2022-03-27 01:15:00,9.61,
2022-03-27 01:30:00,9.63,
2022-03-27 01:45:00,9.66,
2022-03-27 02:00:00,9.68,
2022-03-27 02:15:00,9.7,
2022-03-27 02:30:00,9.72,
2022-03-27 02:45:00,9.74,
2022-03-27 03:00:00,9.76,
2022-03-27 03:15:00,9.78,
2022-03-27 03:30:00,9.8,
2022-03-27 03:45:00,9.82,
2022-03-27 04:00:00,9.84,
2022-03-27 04:15:00,9.85,
2022-03-27 04:30:00,9.87,
2022-03-27 04:45:00,9.89,
2022-03-27 05:00:00,9.91,
2022-03-27 05:15:00,9.93,
2022-03-27 05:30:00,9.94,
2022-03-27 05:45:00,9.95,
2022-03-27 06:00:00,9.97,
2022-03-27 06:15:00,9.99,
2022-03-27 06:30:00,10.03,
2022-03-27 06:45:00,10.08,
2022-03-27 07:00:00,10.14,
2022-03-27 07:15:00,10.2,
2022-03-27 07:30:00,10.24,
2022-03-27 07:45:00,10.31,
2022-03-27 08:00:00,10.34,
2022-03-27 08:15:00,10.4,
2022-03-27 08:30:00,10.43,
2022-03-27 08:45:00,10.47,
2022-03-27 09:00:00,10.46,
2022-03-27 09:15:00,10.48,
2022-03-27 09:30:00,10.46,
2022-03-27 09:45:00,10.42,
2022-03-27 10:00:00,10.38,
2022-03-27 10:15:00,10.33,
2022-03-27 10:30:00,10.25,
2022-03-27 10:45:00,10.18,
2022-03-27 11:00:00,10.09,
2022-03-27 11:15:00,10.0,
2022-03-27 11:30:00,9.92,
2022-03-27 11:45:00,9.85,
2022-03-27 12:00:00,9.78,
2022-03-27 12:15:00,9.68,
2022-03-27 12:30:00,9.62,
2022-03-27 12:45:00,9.52,
2022-03-27 13:00:00,9.45,
2022-03-27 13:15:00,9.37,
2022-03-27 13:30:00,9.33,
2022-03-27 13:45:00,9.29,
2022-03-27 14:00:00,9.24,
2022-03-27 14:15:00,9.18,
2022-03-27 14:30:00,9.11,
2022-03-27 14:45:00,9.06,
2022-03-27 15:00:00,8.99,
2022-03-27 15:15:00,8.91,
2022-03-27 15:30:00,8.85,
2022-03-27 15:45:00,8.88,
2022-03-27 16:00:00,8.86,
2022-03-27 16:15:00,8.82,
2022-03-27 16:30:00,8.83,
2022-03-27 16:45:00,8.78,
2022-03-27 17:00:00,8.73,
2022-03-27 17:15:00,8.69,
2022-03-27 17:30:00,8.71,
2022-03-27 17:45:00,8.7,
2022-03-27 18:00:00,8.68,
2022-03-27 18:15:00,8.67,
2022-03-27 18:30:00,8.65,
2022-03-27 18:45:00,8.64,
2022-03-27 19:00:00,8.66,
2022-03-27 19:15:00,8.69,
2022-03-27 19:30:00,8.72,
2022-03-27 19:45:00,8.77,
2022-03-27 20:00:00,8.81,
2022-03-27 20:15:00,8.86,
2022-03-27 20:30:00,8.9,
2022-03-27 20:45:00,8.94,
2022-03-27 21:00:00,8.99,
2022-03-27 21:15:00,9.03,
2022-03-27 21:30:00,9.07,
2022-03-27 21:45:00,9.11,
2022-03-27 22:00:00,9.15,
2022-03-27 22:15:00,9.18,
2022-03-27 22:30:00,9.23,
2022-03-27 22:45:00,9.27,
2022-03-27 23:00:00,9.3,
2022-03-27 23:15:00,9.35,
2022-03-27 23:30:00,9.37,
2022-03-27 23:45:00,9.4,
2022-03-28 00:00:00,9.46,
2022-03-28 00:15:00,9.49,
2022-03-28 00:30:00,9.53,
2022-03-28 00:45:00,9.57,
2022-03-28 01:00:00,9.59,
2022-03-28 01:15:00,9.62,
2022-03-28 01:30:00,9.65,
2022-03-28 01:45:00,9.67,
2022-03-28 02:00:00,9.7,
2022-03-28 02:15:00,9.73,
2022-03-28 02:30:00,9.75,
2022-03-28 02:45:00,9.78,
2022-03-28 03:00:00,9.81,
2022-03-28 03:15:00,9.82,
2022-03-28 03:30:00,9.85,
2022-03-28 03:45:00,9.88,
2022-03-28 04:00:00,9.9,
2022-03-28 04:15:00,9.93,
2022-03-28 04:30:00,9.95,
2022-03-28 04:45:00,9.98,
2022-03-28 05:00:00,10.0,
2022-03-28 05:15:00,10.02,
2022-03-28 05:30:00,10.05,
2022-03-28 05:45:00,10.07,
2022-03-28 06:00:00,10.09,
2022-03-28 06:15:00,10.12,
2022-03-28 06:30:00,10.15,
2022-03-28 06:45:00,10.18,
2022-03-28 07:00:00,10.25,
2022-03-28 07:15:00,10.29,
2022-03-28 07:30:00,10.34,
2022-03-28 07:45:00,10.4,
2022-03-28 08:00:00,10.45,
2022-03-28 08:15:00,10.49,
2022-03-28 08:30:00,10.52,
2022-03-28 08:45:00,10.54,
2022-03-28 09:00:00,10.53,
2022-03-28 09:15:00,10.52,
2022-03-28 09:30:00,10.5,
2022-03-28 09:45:00,10.49,
2022-03-28 10:00:00,10.41,
2022-03-28 10:15:00,10.36,
2022-03-28 10:30:00,10.3,
2022-03-28 10:45:00,10.24,
2022-03-28 11:00:00,10.19,
2022-03-28 11:15:00,10.12,
2022-03-28 11:30:00,10.07,
2022-03-28 11:45:00,9.98,
2022-03-28 12:00:00,9.92,
2022-03-28 12:15:00,9.8,
2022-03-28 12:30:00,9.73,
2022-03-28 12:45:00,9.65,
2022-03-28 13:00:00,9.58,
2022-03-28 13:15:00,9.5,
2022-03-28 13:30:00,9.46,
2022-03-28 13:45:00,9.42,
2022-03-28 14:00:00,9.39,
2022-03-28 14:15:00,9.38,
2022-03-28 14:30:00,9.34,
2022-03-28 14:45:00,9.37,
2022-03-28 15:00:00,9.32,
2022-03-28 15:15:00,9.28,
2022-03-28 15:30:00,9.27,
2022-03-28 15:45:00,9.24,
2022-03-28 16:00:00,9.19,
2022-03-28 16:15:00,9.17,
2022-03-28 16:30:00,9.18,
2022-03-28 16:45:00,9.15,
2022-03-28 17:00:00,9.18,
2022-03-28 17:15:00,9.16,
2022-03-28 17:30:00,9.11,
2022-03-28 17:45:00,9.09,
2022-03-28 18:00:00,9.05,
2022-03-28 18:15:00,9.04,
2022-03-28 18:30:00,9.04,
2022-03-28 18:45:00,9.03,
2022-03-28 19:00:00,9.03,
2022-03-28 19:15:00,9.0,
2022-03-28 19:30:00,9.06,
2022-03-28 19:45:00,9.08,
2022-03-28 20:00:00,9.12,
2022-03-28 20:15:00,9.17,
2022-03-28 20:30:00,9.19,
2022-03-28 20:45:00,9.23,
2022-03-28 21:00:00,9.25,
2022-03-28 21:15:00,9.29,
2022-03-28 21:30:00,9.32,
2022-03-28 21:45:00,9.34,
2022-03-28 22:00:00,9.37,
2022-03-28 22:15:00,9.4,
2022-03-28 22:30:00,9.41,
2022-03-28 22:45:00,9.43,
2022-03-28 23:00:00,9.47,
2022-03-28 23:15:00,9.49,
2022-03-28 23:30:00,9.5,
2022-03-28 23:45:00,9.52,
2022-03-29 00:00:00,9.53,
2022-03-29 00:15:00,9.53,
2022-03-29 00:30:00,9.56,
2022-03-29 00:45:00,9.58,
2022-03-29 01:00:00,9.59,
2022-03-29 01:15:00,9.61,
2022-03-29 01:30:00,9.62,
2022-03-29 01:45:00,9.61,
2022-03-29 02:00:00,9.65,
2022-03-29 02:15:00,9.67,
2022-03-29 02:30:00,9.69,
2022-03-29 02:45:00,9.7,
2022-03-29 03:00:00,9.72,
2022-03-29 03:15:00,9.73,
2022-03-29 03:30:00,9.76,
2022-03-29 03:45:00,9.77,
2022-03-29 04:00:00,9.79,
2022-03-29 04:15:00,9.81,
2022-03-29 04:30:00,9.83,
2022-03-29 04:45:00,9.85,
2022-03-29 05:00:00,9.86,
2022-03-29 05:15:00,9.87,
2022-03-29 05:30:00,9.88,
2022-03-29 05:45:00,9.89,
2022-03-29 06:00:00,9.9,
2022-03-29 06:15:00,9.91,
2022-03-29 06:30:00,9.92,
2022-03-29 06:45:00,9.95,
2022-03-29 07:00:00,9.99,
2022-03-29 07:15:00,10.04,
2022-03-29 07:30:00,10.1,
2022-03-29 07:45:00,10.12,
2022-03-29 08:00:00,10.12,
2022-03-29 08:15:00,10.17,
2022-03-29 08:30:00,10.24,
2022-03-29 08:45:00,10.28,
2022-03-29 09:00:00,10.27,
2022-03-29 09:15:00,10.28,
2022-03-29 09:30:00,10.34,
2022-03-29 09:45:00,10.34,
2022-03-29 10:00:00,10.3,
2022-03-29 10:15:00,10.31,
2022-03-29 10:30:00,10.29,
2022-03-29 10:45:00,10.25,
2022-03-29 11:00:00,10.18,
2022-03-29 11:15:00,10.12,
2022-03-29 11:30:00,9.99,
2022-03-29 11:45:00,9.91,
2022-03-29 12:00:00,9.85,
2022-03-29 12:15:00,9.87,
2022-03-29 12:30:00,9.89,
2022-03-29 12:45:00,9.9,
2022-03-29 13:00:00,9.88,
2022-03-29 13:15:00,9.86,
2022-03-29 13:30:00,9.8,
2022-03-29 13:45:00,9.75,
2022-03-29 14:00:00,9.67,
2022-03-29 14:15:00,9.58,
2022-03-29 14:30:00,9.49,
2022-03-29 14:45:00,9.4,
2022-03-29 15:00:00,9.31,
2022-03-29 15:15:00,9.27,
2022-03-29 15:30:00,9.27,
2022-03-29 15:45:00,9.26,
2022-03-29 16:00:00,9.24,
2022-03-29 16:15:00,9.22,
2022-03-29 16:30:00,9.19,
2022-03-29 16:45:00,9.1,
2022-03-29 17:00:00,9.14,
2022-03-29 17:15:00,9.16,
2022-03-29 17:30:00,9.15,
2022-03-29 17:45:00,9.11,
2022-03-29 18:00:00,9.09,
2022-03-29 18:15:00,9.07,
2022-03-29 18:30:00,9.06,
2022-03-29 18:45:00,9.06,
2022-03-29 19:00:00,9.06,
2022-03-29 19:15:00,9.11,
2022-03-29 19:30:00,9.14,
2022-03-29 19:45:00,9.16,
2022-03-29 20:00:00,9.21,
2022-03-29 20:15:00,9.25,
2022-03-29 20:30:00,9.31,
2022-03-29 20:45:00,9.34,
2022-03-29 21:00:00,9.39,
2022-03-29 21:15:00,9.43,
2022-03-29 21:30:00,9.46,
2022-03-29 21:45:00,9.51,
2022-03-29 22:00:00,9.55,
2022-03-29 22:15:00,9.59,
2022-03-29 22:30:00,9.6,
2022-03-29 22:45:00,9.65,
2022-03-29 23:00:00,9.68,
2022-03-29 23:15:00,9.7,
2022-03-29 23:30:00,9.73,
2022-03-29 23:45:00,9.75,
2022-03-30 00:00:00,9.78,
2022-03-30 00:15:00,9.81,
2022-03-30 00:30:00,9.84,
2022-03-30 00:45:00,9.86,
2022-03-30 01:00:00,9.87,
2022-03-30 01:15:00,9.9,
2022-03-30 01:30:00,9.91,
2022-03-30 01:45:00,9.94,
2022-03-30 02:00:00,9.95,
2022-03-30 02:15:00,9.98,
2022-03-30 02:30:00,10.0,
2022-03-30 02:45:00,10.02,
2022-03-30 03:00:00,10.04,
2022-03-30 03:15:00,10.07,
2022-03-30 03:30:00,10.1,
2022-03-30 03:45:00,10.12,
2022-03-30 04:00:00,10.14,
2022-03-30 04:15:00,10.16,
2022-03-30 04:30:00,10.2,
2022-03-30 04:45:00,10.21,
2022-03-30 05:00:00,10.24,
2022-03-30 05:15:00,10.26,
2022-03-30 05:30:00,10.29,
2022-03-30 05:45:00,10.33,
2022-03-30 06:00:00,10.35,
2022-03-30 06:15:00,10.37,
2022-03-30 06:30:00,10.41,
2022-03-30 06:45:00,10.47,
2022-03-30 07:00:00,10.53,
2022-03-30 07:15:00,10.57,
2022-03-30 07:30:00,10.61,
2022-03-30 07:45:00,10.69,
2022-03-30 08:00:00,10.75,
2022-03-30 08:15:00,10.77,
2022-03-30 08:30:00,10.82,
2022-03-30 08:45:00,10.83,
2022-03-30 09:00:00,10.83,
2022-03-30 09:15:00,10.8,
2022-03-30 09:30:00,10.77,
2022-03-30 09:45:00,10.74,
2022-03-30 10:00:00,10.68,
2022-03-30 10:15:00,10.62,
2022-03-30 10:30:00,10.55,
2022-03-30 10:45:00,10.46,
2022-03-30 11:00:00,10.38,
2022-03-30 11:15:00,10.29,
2022-03-30 11:30:00,10.21,
2022-03-30 11:45:00,10.11,
2022-03-30 12:00:00,10.01,
2022-03-30 12:15:00,9.93,
2022-03-30 12:30:00,9.85,
2022-03-30 12:45:00,9.76,
2022-03-30 13:00:00,9.68,
2022-03-30 13:15:00,9.6,
2022-03-30 13:30:00,9.53,
2022-03-30 13:45:00,9.43,
2022-03-30 14:00:00,9.38,
2022-03-30 14:15:00,9.31,
2022-03-30 14:30:00,9.25,
2022-03-30 14:45:00,9.19,
2022-03-30 15:00:00,9.11,
2022-03-30 15:15:00,9.08,
2022-03-30 15:30:00,9.06,
2022-03-30 15:45:00,9.02,
2022-03-30 16:00:00,8.97,
2022-03-30 16:15:00,8.94,
2022-03-30 16:30:00,8.91,
2022-03-30 16:45:00,8.89,
2022-03-30 17:00:00,8.89,
2022-03-30 17:15:00,8.85,
2022-03-30 17:30:00,8.83,
2022-03-30 17:45:00,8.8,
2022-03-30 18:00:00,8.79,
2022-03-30 18:15:00,8.79,
2022-03-30 18:30:00,8.8,
2022-03-30 18:45:00,8.83,
2022-03-30 19:00:00,8.85,
2022-03-30 19:15:00,8.88,
2022-03-30 19:30:00,8.94,
2022-03-30 19:45:00,8.97,
2022-03-30 20:00:00,9.02,
2022-03-30 20:15:00,9.08,
2022-03-30 20:30:00,9.12,
2022-03-30 20:45:00,9.16,
2022-03-30 21:00:00,9.2,
2022-03-30 21:15:00,9.25,
2022-03-30 21:30:00,9.28,
2022-03-30 21:45:00,9.34,
2022-03-30 22:00:00,9.38,
2022-03-30 22:15:00,9.41,
2022-03-30 22:30:00,9.46,
2022-03-30 22:45:00,9.49,
2022-03-30 23:00:00,9.53,
2022-03-30 23:15:00,9.56,
2022-03-30 23:30:00,9.58,
2022-03-30 23:45:00,9.64,
2022-03-31 00:00:00,9.65,
2022-03-31 00:15:00,9.69,
2022-03-31 00:30:00,9.73,
2022-03-31 00:45:00,9.77,
2022-03-31 01:00:00,9.8,
2022-03-31 01:15:00,9.82,
2022-03-31 01:30:00,9.85,
2022-03-31 01:45:00,9.87,
2022-03-31 02:00:00,9.89,
2022-03-31 02:15:00,9.92,
2022-03-31 02:30:00,9.94,
2022-03-31 02:45:00,9.97,
2022-03-31 03:00:00,9.99,
2022-03-31 03:15:00,10.01,
2022-03-31 03:30:00,10.02,
2022-03-31 03:45:00,10.03,
2022-03-31 04:00:00,10.05,
2022-03-31 04:15:00,10.06,
2022-03-31 04:30:00,10.08,
2022-03-31 04:45:00,10.11,
2022-03-31 05:00:00,10.11,
2022-03-31 05:15:00,10.13,
2022-03-31 05:30:00,10.14,
2022-03-31 05:45:00,10.15,
2022-03-31 06:00:00,10.14,
2022-03-31 06:15:00,10.16,
2022-03-31 06:30:00,10.17,
2022-03-31 06:45:00,10.2,
2022-03-31 07:00:00,10.22,
2022-03-31 07:15:00,10.25,
2022-03-31 07:30:00,10.31,
2022-03-31 07:45:00,10.4,
2022-03-31 08:00:00,10.44,
2022-03-31 08:15:00,10.48,
2022-03-31 08:30:00,10.52,
2022-03-31 08:45:00,10.59,
2022-03-31 09:00:00,10.57,
2022-03-31 09:15:00,10.56,
2022-03-31 09:30:00,10.54,
2022-03-31 09:45:00,10.53,
2022-03-31 10:00:00,10.52,
2022-03-31 10:15:00,10.44,
2022-03-31 10:30:00,10.46,
2022-03-31 10:45:00,10.47,
2022-03-31 11:00:00,10.44,
2022-03-31 11:15:00,10.46,
2022-03-31 11:30:00,10.47,
2022-03-31 11:45:00,10.44,
2022-03-31 12:00:00,10.37,
2022-03-31 12:15:00,10.37,
2022-03-31 12:30:00,10.39,
2022-03-31 12:45:00,10.38,
2022-03-31 13:00:00,10.35,
2022-03-31 13:15:00,10.3,
2022-03-31 13:30:00,10.27,
2022-03-31 13:45:00,10.21,
2022-03-31 14:00:00,10.06,
2022-03-31 14:15:00,10.03,
2022-03-31 14:30:00,9.96,
2022-03-31 14:45:00,9.86,
2022-03-31 15:00:00,9.79,
2022-03-31 15:15:00,9.72,
2022-03-31 15:30:00,9.61,
2022-03-31 15:45:00,9.57,
2022-03-31 16:00:00,9.51,
2022-03-31 16:15:00,9.49,
2022-03-31 16:30:00,9.49,
2022-03-31 16:45:00,9.48,
2022-03-31 17:00:00,9.49,
2022-03-31 17:15:00,9.5,
2022-03-31 17:30:00,9.47,
2022-03-31 17:45:00,9.46,
2022-03-31 18:00:00,9.41,
2022-03-31 18:15:00,9.36,
2022-03-31 18:30:00,9.31,
2022-03-31 18:45:00,9.25,
2022-03-31 19:00:00,9.22,
2022-03-31 19:15:00,9.21,
2022-03-31 19:30:00,9.22,
2022-03-31 19:45:00,9.24,
2022-03-31 20:00:00,9.25,
2022-03-31 20:15:00,9.28,
2022-03-31 20:30:00,9.3,
2022-03-31 20:45:00,9.33,
2022-03-31 21:00:00,9.36,
2022-03-31 21:15:00,9.39,
2022-03-31 21:30:00,9.42,
2022-03-31 21:45:00,9.45,
2022-03-31 22:00:00,9.49,
2022-03-31 22:15:00,9.52,
2022-03-31 22:30:00,9.55,
2022-03-31 22:45:00,9.6,
2022-03-31 23:00:00,9.66,
2022-03-31 23:15:00,9.67,
2022-03-31 23:30:00,9.7,
2022-03-31 23:45:00,9.74,
2022-04-01 00:00:00,9.77,
2022-04-01 00:15:00,9.8,
2022-04-01 00:30:00,9.85,
2022-04-01 00:45:00,9.89,
2022-04-01 01:00:00,9.93,
2022-04-01 01:15:00,9.97,
2022-04-01 01:30:00,10.0,
2022-04-01 01:45:00,10.04,
2022-04-01 02:00:00,10.08,
2022-04-01 02:15:00,10.12,
2022-04-01 02:30:00,10.15,
2022-04-01 02:45:00,10.19,
2022-04-01 03:00:00,10.22,
2022-04-01 03:15:00,10.26,
2022-04-01 03:30:00,10.29,
2022-04-01 03:45:00,10.33,
2022-04-01 04:00:00,10.36,
2022-04-01 04:15:00,10.4,
2022-04-01 04:30:00,10.43,
2022-04-01 04:45:00,10.46,
2022-04-01 05:00:00,10.48,
2022-04-01 05:15:00,10.53,
2022-04-01 05:30:00,10.55,
2022-04-01 05:45:00,10.58,
2022-04-01 06:00:00,10.62,
2022-04-01 06:15:00,10.66,
2022-04-01 06:30:00,10.71,
2022-04-01 06:45:00,10.77,
2022-04-01 07:00:00,10.82,
2022-04-01 07:15:00,10.88,
2022-04-01 07:30:00,10.94,
2022-04-01 07:45:00,10.99,
2022-04-01 08:00:00,11.04,
2022-04-01 08:15:00,11.08,
2022-04-01 08:30:00,11.11,
2022-04-01 08:45:00,11.12,
2022-04-01 09:00:00,11.12,
2022-04-01 09:15:00,11.1,
2022-04-01 09:30:00,11.08,
2022-04-01 09:45:00,11.03,
2022-04-01 10:00:00,10.95,
2022-04-01 10:15:00,10.87,
2022-04-01 10:30:00,10.79,
2022-04-01 10:45:00,10.7,
2022-04-01 11:00:00,10.63,
2022-04-01 11:15:00,10.55,
2022-04-01 11:30:00,10.47,
2022-04-01 11:45:00,10.39,
2022-04-01 12:00:00,10.26,
2022-04-01 12:15:00,10.2,
2022-04-01 12:30:00,10.11,
2022-04-01 12:45:00,10.02,
2022-04-01 13:00:00,9.96,
2022-04-01 13:15:00,9.89,
2022-04-01 13:30:00,9.84,
2022-04-01 13:45:00,9.79,
2022-04-01 14:00:00,9.74,
2022-04-01 14:15:00,9.69,
2022-04-01 14:30:00,9.65,
2022-04-01 14:45:00,9.59,
2022-04-01 15:00:00,9.54,
2022-04-01 15:15:00,9.5,
2022-04-01 15:30:00,9.47,
2022-04-01 15:45:00,9.43,
2022-04-01 16:00:00,9.41,
2022-04-01 16:15:00,9.39,
2022-04-01 16:30:00,9.38,
2022-04-01 16:45:00,9.35,
2022-04-01 17:00:00,9.32,
2022-04-01 17:15:00,9.27,
2022-04-01 17:30:00,9.22,
2022-04-01 17:45:00,9.18,
2022-04-01 18:00:00,9.15,
2022-04-01 18:15:00,9.13,
2022-04-01 18:30:00,9.11,
2022-04-01 18:45:00,9.09,
2022-04-01 19:00:00,9.08,
2022-04-01 19:15:00,9.08,
2022-04-01 19:30:00,9.09,
2022-04-01 19:45:00,9.13,
2022-04-01 20:00:00,9.18,
2022-04-01 20:15:00,9.22,
2022-04-01 20:30:00,9.26,
2022-04-01 20:45:00,9.31,
2022-04-01 21:00:00,9.35,
2022-04-01 21:15:00,9.4,
2022-04-01 21:30:00,9.44,
2022-04-01 21:45:00,9.49,
2022-04-01 22:00:00,9.54,
2022-04-01 22:15:00,9.58,
2022-04-01 22:30:00,9.62,
2022-04-01 22:45:00,9.67,
2022-04-01 23:00:00,9.72,
2022-04-01 23:15:00,9.76,
2022-04-01 23:30:00,9.8,
2022-04-01 23:45:00,9.83,
2022-04-02 00:00:00,9.88,
2022-04-02 00:15:00,9.91,
2022-04-02 00:30:00,9.95,
2022-04-02 00:45:00,9.99,
2022-04-02 01:00:00,10.02,
2022-04-02 01:15:00,10.06,
2022-04-02 01:30:00,10.09,
2022-04-02 01:45:00,10.12,
2022-04-02 02:00:00,10.16,
2022-04-02 02:15:00,10.19,
2022-04-02 02:30:00,10.22,
2022-04-02 02:45:00,10.25,
2022-04-02 03:00:00,10.27,
2022-04-02 03:15:00,10.3,
2022-04-02 03:30:00,10.32,
2022-04-02 03:45:00,10.34,
2022-04-02 04:00:00,10.37,
2022-04-02 04:15:00,10.38,
2022-04-02 04:30:00,10.4,
2022-04-02 04:45:00,10.41,
2022-04-02 05:00:00,10.42,
2022-04-02 05:15:00,10.45,
2022-04-02 05:30:00,10.46,
2022-04-02 05:45:00,10.48,
2022-04-02 06:00:00,10.49,
2022-04-02 06:15:00,10.51,
2022-04-02 06:30:00,10.55,
2022-04-02 06:45:00,10.61,
2022-04-02 07:00:00,10.68,
2022-04-02 07:15:00,10.75,
2022-04-02 07:30:00,10.8,
2022-04-02 07:45:00,10.84,
2022-04-02 08:00:00,10.85,
2022-04-02 08:15:00,10.9,
2022-04-02 08:30:00,10.93,
2022-04-02 08:45:00,10.93,
2022-04-02 09:00:00,10.89,
2022-04-02 09:15:00,10.88,
2022-04-02 09:30:00,10.87,
2022-04-02 09:45:00,10.82,
2022-04-02 10:00:00,10.76,
2022-04-02 10:15:00,10.66,
2022-04-02 10:30:00,10.58,
2022-04-02 10:45:00,10.52,
2022-04-02 11:00:00,10.41,
2022-04-02 11:15:00,10.33,
2022-04-02 11:30:00,10.25,
2022-04-02 11:45:00,10.15,
2022-04-02 12:00:00,10.07,
2022-04-02 12:15:00,9.98,
2022-04-02 12:30:00,9.87,
2022-04-02 12:45:00,9.8,
2022-04-02 13:00:00,9.71,
2022-04-02 13:15:00,9.64,
2022-04-02 13:30:00,9.54,
2022-04-02 13:45:00,9.48,
2022-04-02 14:00:00,9.42,
2022-04-02 14:15:00,9.36,
2022-04-02 14:30:00,9.29,
2022-04-02 14:45:00,9.25,
2022-04-02 15:00:00,9.19,
2022-04-02 15:15:00,9.14,
2022-04-02 15:30:00,9.07,
2022-04-02 15:45:00,9.03,
2022-04-02 16:00:00,8.99,
2022-04-02 16:15:00,9.01,
2022-04-02 16:30:00,8.93,
2022-04-02 16:45:00,8.94,
2022-04-02 17:00:00,8.93,
2022-04-02 17:15:00,8.9,
2022-04-02 17:30:00,8.9,
2022-04-02 17:45:00,8.84,
2022-04-02 18:00:00,8.8,
2022-04-02 18:15:00,8.78,
2022-04-02 18:30:00,8.78,
2022-04-02 18:45:00,8.79,
2022-04-02 19:00:00,8.81,
2022-04-02 19:15:00,8.83,
2022-04-02 19:30:00,8.88,
2022-04-02 19:45:00,8.92,
2022-04-02 20:00:00,8.98,
2022-04-02 20:15:00,9.03,
2022-04-02 20:30:00,9.08,
2022-04-02 20:45:00,9.14,
2022-04-02 21:00:00,9.18,
2022-04-02 21:15:00,9.23,
2022-04-02 21:30:00,9.28,
2022-04-02 21:45:00,9.32,
2022-04-02 22:00:00,9.37,
2022-04-02 22:15:00,9.41,
2022-04-02 22:30:00,9.45,
2022-04-02 22:45:00,9.49,
2022-04-02 23:00:00,9.53,
2022-04-02 23:15:00,9.57,
2022-04-02 23:30:00,9.61,
2022-04-02 23:45:00,9.64,
2022-04-03 00:00:00,9.68,
2022-04-03 00:15:00,9.72,
2022-04-03 00:30:00,9.75,
2022-04-03 00:45:00,9.78,
2022-04-03 01:00:00,9.82,
2022-04-03 01:15:00,9.84,
2022-04-03 01:30:00,9.87,
2022-04-03 01:45:00,9.9,
2022-04-03 02:00:00,9.94,
2022-04-03 02:15:00,9.96,
2022-04-03 02:30:00,9.98,
2022-04-03 02:45:00,10.0,
2022-04-03 03:00:00,10.03,
2022-04-03 03:15:00,10.05,
2022-04-03 03:30:00,10.07,
2022-04-03 03:45:00,10.1,
2022-04-03 04:00:00,10.13,
2022-04-03 04:15:00,10.15,
2022-04-03 04:30:00,10.19,
2022-04-03 04:45:00,10.22,
2022-04-03 05:00:00,10.25,
2022-04-03 05:15:00,10.28,
2022-04-03 05:30:00,10.31,
2022-04-03 05:45:00,10.34,
2022-04-03 06:00:00,10.37,
2022-04-03 06:15:00,10.42,
2022-04-03 06:30:00,10.48,
2022-04-03 06:45:00,10.53,
2022-04-03 07:00:00,10.58,
2022-04-03 07:15:00,10.63,
2022-04-03 07:30:00,10.71,
2022-04-03 07:45:00,10.76,
2022-04-03 08:00:00,10.81,
2022-04-03 08:15:00,10.85,
2022-04-03 08:30:00,10.89,
2022-04-03 08:45:00,10.9,
2022-04-03 09:00:00,10.89,
2022-04-03 09:15:00,10.88,
2022-04-03 09:30:00,10.84,
2022-04-03 09:45:00,10.79,
2022-04-03 10:00:00,10.73,
2022-04-03 10:15:00,10.65,
2022-04-03 10:30:00,10.57,
2022-04-03 10:45:00,10.49,
2022-04-03 11:00:00,10.4,
2022-04-03 11:15:00,10.31,
2022-04-03 11:30:00,10.22,
2022-04-03 11:45:00,10.13,
2022-04-03 12:00:00,10.04,
2022-04-03 12:15:00,9.95,
2022-04-03 12:30:00,9.86,
2022-04-03 12:45:00,9.77,
2022-04-03 13:00:00,9.69,
2022-04-03 13:15:00,9.62,
2022-04-03 13:30:00,9.54,
2022-04-03 13:45:00,9.47,
2022-04-03 14:00:00,9.4,
2022-04-03 14:15:00,9.33,
2022-04-03 14:30:00,9.26,
2022-04-03 14:45:00,9.2,
2022-04-03 15:00:00,9.16,
2022-04-03 15:15:00,9.1,
2022-04-03 15:30:00,9.05,
2022-04-03 15:45:00,9.01,
2022-04-03 16:00:00,8.97,
2022-04-03 16:15:00,8.94,
2022-04-03 16:30:00,8.91,
2022-04-03 16:45:00,8.88,
2022-04-03 17:00:00,8.86,
2022-04-03 17:15:00,8.84,
2022-04-03 17:30:00,8.81,
2022-04-03 17:45:00,8.78,
2022-04-03 18:00:00,8.71,
2022-04-03 18:15:00,8.69,
2022-04-03 18:30:00,8.7,
2022-04-03 18:45:00,8.71,
2022-04-03 19:00:00,8.73,
2022-04-03 19:15:00,8.76,
2022-04-03 19:30:00,8.81,
2022-04-03 19:45:00,8.86,
2022-04-03 20:00:00,8.92,
2022-04-03 20:15:00,8.97,
2022-04-03 20:30:00,9.01,
2022-04-03 20:45:00,9.06,
2022-04-03 21:00:00,9.11,
2022-04-03 21:15:00,9.16,
2022-04-03 21:30:00,9.2,
2022-04-03 21:45:00,9.25,
2022-04-03 22:00:00,9.29,
2022-04-03 22:15:00,9.33,
2022-04-03 22:30:00,9.37,
2022-04-03 22:45:00,9.41,
2022-04-03 23:00:00,9.45,
2022-04-03 23:15:00,9.49,
2022-04-03 23:30:00,9.51,
2022-04-03 23:45:00,9.55,
2022-04-04 00:00:00,9.58,
2022-04-04 00:15:00,9.62,
2022-04-04 00:30:00,9.65,
2022-04-04 00:45:00,9.7,
2022-04-04 01:00:00,9.73,
2022-04-04 01:15:00,9.77,
2022-04-04 01:30:00,9.81,
2022-04-04 01:45:00,9.85,
2022-04-04 02:00:00,9.88,
2022-04-04 02:15:00,9.92,
2022-04-04 02:30:00,9.95,
2022-04-04 02:45:00,9.99,
2022-04-04 03:00:00,10.03,
2022-04-04 03:15:00,10.06,
2022-04-04 03:30:00,10.09,
2022-04-04 03:45:00,10.12,
2022-04-04 04:00:00,10.15,
2022-04-04 04:15:00,10.18,
2022-04-04 04:30:00,10.22,
2022-04-04 04:45:00,10.24,
2022-04-04 05:00:00,10.27,
2022-04-04 05:15:00,10.3,
2022-04-04 05:30:00,10.33,
2022-04-04 05:45:00,10.36,
2022-04-04 06:00:00,10.38,
2022-04-04 06:15:00,10.42,
2022-04-04 06:30:00,10.47,
2022-04-04 06:45:00,10.54,
2022-04-04 07:00:00,10.6,
2022-04-04 07:15:00,10.68,
2022-04-04 07:30:00,10.78,
2022-04-04 07:45:00,10.83,
2022-04-04 08:00:00,10.84,
2022-04-04 08:15:00,10.87,
2022-04-04 08:30:00,10.89,
2022-04-04 08:45:00,10.9,
2022-04-04 09:00:00,10.89,
2022-04-04 09:15:00,10.87,
2022-04-04 09:30:00,10.82,
2022-04-04 09:45:00,10.78,
2022-04-04 10:00:00,10.72,
2022-04-04 10:15:00,10.68,
2022-04-04 10:30:00,10.64,
2022-04-04 10:45:00,10.58,
2022-04-04 11:00:00,10.54,
2022-04-04 11:15:00,10.52,
2022-04-04 11:30:00,10.48,
2022-04-04 11:45:00,10.43,
2022-04-04 12:00:00,10.36,
2022-04-04 12:15:00,10.33,
2022-04-04 12:30:00,10.3,
2022-04-04 12:45:00,10.27,
2022-04-04 13:00:00,10.22,
2022-04-04 13:15:00,10.18,
2022-04-04 13:30:00,10.14,
2022-04-04 13:45:00,10.12,
2022-04-04 14:00:00,10.05,
2022-04-04 14:15:00,10.07,
2022-04-04 14:30:00,10.06,
2022-04-04 14:45:00,10.07,
2022-04-04 15:00:00,10.08,
2022-04-04 15:15:00,10.06,
2022-04-04 15:30:00,10.03,
2022-04-04 15:45:00,9.98,
2022-04-04 16:00:00,9.99,
2022-04-04 16:15:00,10.06,
2022-04-04 16:30:00,10.0,
2022-04-04 16:45:00,9.94,
2022-04-04 17:00:00,9.88,
2022-04-04 17:15:00,9.84,
2022-04-04 17:30:00,9.79,
2022-04-04 17:45:00,9.77,
2022-04-04 18:00:00,9.75,
2022-04-04 18:15:00,9.74,
2022-04-04 18:30:00,9.73,
2022-04-04 18:45:00,9.72,
2022-04-04 19:00:00,9.72,
2022-04-04 19:15:00,9.72,
2022-04-04 19:30:00,9.73,
2022-04-04 19:45:00,9.74,
2022-04-04 20:00:00,9.75,
2022-04-04 20:15:00,9.76,
2022-04-04 20:30:00,9.77,
2022-04-04 20:45:00,9.78,
2022-04-04 21:00:00,9.78,
2022-04-04 21:15:00,9.79,
2022-04-04 21:30:00,9.79,
2022-04-04 21:45:00,9.8,
2022-04-04 22:00:00,9.8,
2022-04-04 22:15:00,9.8,
2022-04-04 22:30:00,9.81,
2022-04-04 22:45:00,9.81,
2022-04-04 23:00:00,9.81,
2022-04-04 23:15:00,9.82,
2022-04-04 23:30:00,9.83,
2022-04-04 23:45:00,9.83,
2022-04-05 00:00:00,9.84,
2022-04-05 00:15:00,9.84,
2022-04-05 00:30:00,9.86,
2022-04-05 00:45:00,9.87,
2022-04-05 01:00:00,9.88,
2022-04-05 01:15:00,9.89,
2022-04-05 01:30:00,9.91,
2022-04-05 01:45:00,9.94,
2022-04-05 02:00:00,10.0,
2022-04-05 02:15:00,10.04,
2022-04-05 02:30:00,10.11,
2022-04-05 02:45:00,10.14,
2022-04-05 03:00:00,10.19,
2022-04-05 03:15:00,10.23,
2022-04-05 03:30:00,10.3,
2022-04-05 03:45:00,10.35,
2022-04-05 04:00:00,10.39,
2022-04-05 04:15:00,10.4,
2022-04-05 04:30:00,10.43,
2022-04-05 04:45:00,10.44,
2022-04-05 05:00:00,10.44,
2022-04-05 05:15:00,10.45,
2022-04-05 05:30:00,10.46,
2022-04-05 05:45:00,10.48,
2022-04-05 06:00:00,10.51,
2022-04-05 06:15:00,10.55,
2022-04-05 06:30:00,10.64,
2022-04-05 06:45:00,10.74,
2022-04-05 07:00:00,10.8,
2022-04-05 07:15:00,10.85,
2022-04-05 07:30:00,10.88,
2022-04-05 07:45:00,10.91,
2022-04-05 08:00:00,10.93,
2022-04-05 08:15:00,10.96,
2022-04-05 08:30:00,11.03,
2022-04-05 08:45:00,11.09,
2022-04-05 09:00:00,11.09,
2022-04-05 09:15:00,11.09,
2022-04-05 09:30:00,11.08,
2022-04-05 09:45:00,11.03,
2022-04-05 10:00:00,11.01,
2022-04-05 10:15:00,11.01,
2022-04-05 10:30:00,11.05,
2022-04-05 10:45:00,11.06,
2022-04-05 11:00:00,11.07,
2022-04-05 11:15:00,10.99,
2022-04-05 11:30:00,10.92,
2022-04-05 11:45:00,10.86,
2022-04-05 12:00:00,10.83,
2022-04-05 12:15:00,10.85,
2022-04-05 12:30:00,10.87,
2022-04-05 12:45:00,10.86,
2022-04-05 13:00:00,10.86,
2022-04-05 13:15:00,10.87,
2022-04-05 13:30:00,10.85,
2022-04-05 13:45:00,10.84,
2022-04-05 14:00:00,10.81,
2022-04-05 14:15:00,10.77,
2022-04-05 14:30:00,10.71,
2022-04-05 14:45:00,10.7,
2022-04-05 15:00:00,10.7,
2022-04-05 15:15:00,10.67,
2022-04-05 15:30:00,10.62,
2022-04-05 15:45:00,10.59,
2022-04-05 16:00:00,10.61,
2022-04-05 16:15:00,10.56,
2022-04-05 16:30:00,10.53,
2022-04-05 16:45:00,10.51,
2022-04-05 17:00:00,10.5,
2022-04-05 17:15:00,10.5,
2022-04-05 17:30:00,10.5,
2022-04-05 17:45:00,10.48,
2022-04-05 18:00:00,10.45,
2022-04-05 18:15:00,10.43,
2022-04-05 18:30:00,10.42,
2022-04-05 18:45:00,10.41,
2022-04-05 19:00:00,10.39,
2022-04-05 19:15:00,10.4,
2022-04-05 19:30:00,10.41,
2022-04-05 19:45:00,10.43,
2022-04-05 20:00:00,10.46,
2022-04-05 20:15:00,10.49,
2022-04-05 20:30:00,10.52,
2022-04-05 20:45:00,10.55,
2022-04-05 21:00:00,10.57,
2022-04-05 21:15:00,10.6,
2022-04-05 21:30:00,10.62,
2022-04-05 21:45:00,10.64,
2022-04-05 22:00:00,10.66,
2022-04-05 22:15:00,10.67,
2022-04-05 22:30:00,10.69,
2022-04-05 22:45:00,10.7,
2022-04-05 23:00:00,10.71,
2022-04-05 23:15:00,10.73,
2022-04-05 23:30:00,10.76,
2022-04-05 23:45:00,10.79,
2022-04-06 00:00:00,10.82,
2022-04-06 00:15:00,10.85,
2022-04-06 00:30:00,10.88,
2022-04-06 00:45:00,10.91,
2022-04-06 01:00:00,10.95,
2022-04-06 01:15:00,10.98,
2022-04-06 01:30:00,11.01,
2022-04-06 01:45:00,11.04,
2022-04-06 02:00:00,11.07,
2022-04-06 02:15:00,11.11,
2022-04-06 02:30:00,11.14,
2022-04-06 02:45:00,11.17,
2022-04-06 03:00:00,11.19,
2022-04-06 03:15:00,11.22,
2022-04-06 03:30:00,11.25,
2022-04-06 03:45:00,11.28,
2022-04-06 04:00:00,11.3,
2022-04-06 04:15:00,11.32,
2022-04-06 04:30:00,11.35,
2022-04-06 04:45:00,11.36,
2022-04-06 05:00:00,11.35,
2022-04-06 05:15:00,11.36,
2022-04-06 05:30:00,11.36,
2022-04-06 05:45:00,11.35,
2022-04-06 06:00:00,11.35,
2022-04-06 06:15:00,11.37,
2022-04-06 06:30:00,11.4,
2022-04-06 06:45:00,11.42,
2022-04-06 07:00:00,11.45,
2022-04-06 07:15:00,11.49,
2022-04-06 07:30:00,11.53,
2022-04-06 07:45:00,11.52,
2022-04-06 08:00:00,11.55,
2022-04-06 08:15:00,11.56,
2022-04-06 08:30:00,11.62,
2022-04-06 08:45:00,11.66,
2022-04-06 09:00:00,11.68,
2022-04-06 09:15:00,11.63,
2022-04-06 09:30:00,11.65,
2022-04-06 09:45:00,11.66,
2022-04-06 10:00:00,11.63,
2022-04-06 10:15:00,11.58,
2022-04-06 10:30:00,11.53,
2022-04-06 10:45:00,11.45,
2022-04-06 11:00:00,11.36,
2022-04-06 11:15:00,11.24,
2022-04-06 11:30:00,11.11,
2022-04-06 11:45:00,10.98,
2022-04-06 12:00:00,10.84,
2022-04-06 12:15:00,10.72,
2022-04-06 12:30:00,10.59,
2022-04-06 12:45:00,10.48,
2022-04-06 13:00:00,10.38,
2022-04-06 13:15:00,10.29,
2022-04-06 13:30:00,10.2,
2022-04-06 13:45:00,10.12,
2022-04-06 14:00:00,10.04,
2022-04-06 14:15:00,9.97,
2022-04-06 14:30:00,9.9,
2022-04-06 14:45:00,9.83,
2022-04-06 15:00:00,9.77,
2022-04-06 15:15:00,9.72,
2022-04-06 15:30:00,9.67,
2022-04-06 15:45:00,9.63,
2022-04-06 16:00:00,9.59,
2022-04-06 16:15:00,9.56,
2022-04-06 16:30:00,9.53,
2022-04-06 16:45:00,9.5,
2022-04-06 17:00:00,9.49,
2022-04-06 17:15:00,9.46,
2022-04-06 17:30:00,9.44,
2022-04-06 17:45:00,9.42,
2022-04-06 18:00:00,9.33,
2022-04-06 18:15:00,9.33,
2022-04-06 18:30:00,9.33,
2022-04-06 18:45:00,9.35,
2022-04-06 19:00:00,9.36,
2022-04-06 19:15:00,9.37,
2022-04-06 19:30:00,9.4,
2022-04-06 19:45:00,9.45,
2022-04-06 20:00:00,9.5,
2022-04-06 20:15:00,9.55,
2022-04-06 20:30:00,9.6,
2022-04-06 20:45:00,9.64,
2022-04-06 21:00:00,9.69,
2022-04-06 21:15:00,9.74,
2022-04-06 21:30:00,9.79,
2022-04-06 21:45:00,9.84,
2022-04-06 22:00:00,9.89,
2022-04-06 22:15:00,9.94,
2022-04-06 22:30:00,9.98,
2022-04-06 22:45:00,10.03,
2022-04-06 23:00:00,10.08,
2022-04-06 23:15:00,10.13,
2022-04-06 23:30:00,10.17,
2022-04-06 23:45:00,10.22,
2022-04-07 00:00:00,10.26,
2022-04-07 00:15:00,10.3,
2022-04-07 00:30:00,10.34,
2022-04-07 00:45:00,10.38,
2022-04-07 01:00:00,10.42,
2022-04-07 01:15:00,10.46,
2022-04-07 01:30:00,10.5,
2022-04-07 01:45:00,10.54,
2022-04-07 02:00:00,10.57,
2022-04-07 02:15:00,10.61,
2022-04-07 02:30:00,10.64,
2022-04-07 02:45:00,10.68,
2022-04-07 03:00:00,10.71,
2022-04-07 03:15:00,10.75,
2022-04-07 03:30:00,10.78,
2022-04-07 03:45:00,10.81,
2022-04-07 04:00:00,10.84,
2022-04-07 04:15:00,10.87,
2022-04-07 04:30:00,10.9,
2022-04-07 04:45:00,10.93,
2022-04-07 05:00:00,10.95,
2022-04-07 05:15:00,10.98,
2022-04-07 05:30:00,11.0,
2022-04-07 05:45:00,11.03,
2022-04-07 06:00:00,11.06,
2022-04-07 06:15:00,11.11,
2022-04-07 06:30:00,11.17,
2022-04-07 06:45:00,11.23,
2022-04-07 07:00:00,11.27,
2022-04-07 07:15:00,11.32,
2022-04-07 07:30:00,11.38,
2022-04-07 07:45:00,11.42,
2022-04-07 08:00:00,11.46,
2022-04-07 08:15:00,11.49,
2022-04-07 08:30:00,11.5,
2022-04-07 08:45:00,11.49,
2022-04-07 09:00:00,11.46,
2022-04-07 09:15:00,11.43,
2022-04-07 09:30:00,11.38,
2022-04-07 09:45:00,11.3,
2022-04-07 10:00:00,11.21,
2022-04-07 10:15:00,11.11,
2022-04-07 10:30:00,11.03,
2022-04-07 10:45:00,10.92,
2022-04-07 11:00:00,10.82,
2022-04-07 11:15:00,10.72,
2022-04-07 11:30:00,10.61,
2022-04-07 11:45:00,10.5,
2022-04-07 12:00:00,10.39,
2022-04-07 12:15:00,10.3,
2022-04-07 12:30:00,10.2,
2022-04-07 12:45:00,10.1,
2022-04-07 13:00:00,9.99,
2022-04-07 13:15:00,9.91,
2022-04-07 13:30:00,9.81,
2022-04-07 13:45:00,9.73,
2022-04-07 14:00:00,9.66,
2022-04-07 14:15:00,9.58,
2022-04-07 14:30:00,9.51,
2022-04-07 14:45:00,9.44,
2022-04-07 15:00:00,9.39,
2022-04-07 15:15:00,9.33,
2022-04-07 15:30:00,9.28,
2022-04-07 15:45:00,9.23,
2022-04-07 16:00:00,9.19,
2022-04-07 16:15:00,9.16,
2022-04-07 16:30:00,9.12,
2022-04-07 16:45:00,9.09,
2022-04-07 17:00:00,9.07,
2022-04-07 17:15:00,9.05,
2022-04-07 17:30:00,9.02,
2022-04-07 17:45:00,8.98,
2022-04-07 18:00:00,8.9,
2022-04-07 18:15:00,8.87,
2022-04-07 18:30:00,8.87,
2022-04-07 18:45:00,8.87,
2022-04-07 19:00:00,8.87,
2022-04-07 19:15:00,8.89,
2022-04-07 19:30:00,8.91,
2022-04-07 19:45:00,8.96,
2022-04-07 20:00:00,9.01,
2022-04-07 20:15:00,9.06,
2022-04-07 20:30:00,9.11,
2022-04-07 20:45:00,9.16,
2022-04-07 21:00:00,9.2,
2022-04-07 21:15:00,9.25,
2022-04-07 21:30:00,9.31,
2022-04-07 21:45:00,9.35,
2022-04-07 22:00:00,9.4,
2022-04-07 22:15:00,9.44,
2022-04-07 22:30:00,9.49,
2022-04-07 22:45:00,9.53,
2022-04-07 23:00:00,9.58,
2022-04-07 23:15:00,9.62,
2022-04-07 23:30:00,9.66,
2022-04-07 23:45:00,9.71,
2022-04-08 00:00:00,9.75,
2022-04-08 00:15:00,9.79,
2022-04-08 00:30:00,9.82,
2022-04-08 00:45:00,9.86,
2022-04-08 01:00:00,9.91,
2022-04-08 01:15:00,9.94,
2022-04-08 01:30:00,9.97,
2022-04-08 01:45:00,10.01,
2022-04-08 02:00:00,10.04,
2022-04-08 02:15:00,10.07,
2022-04-08 02:30:00,10.1,
2022-04-08 02:45:00,10.13,
2022-04-08 03:00:00,10.16,
2022-04-08 03:15:00,10.2,
2022-04-08 03:30:00,10.22,
2022-04-08 03:45:00,10.25,
2022-04-08 04:00:00,10.28,
2022-04-08 04:15:00,10.3,
2022-04-08 04:30:00,10.33,
2022-04-08 04:45:00,10.36,
2022-04-08 05:00:00,10.39,
2022-04-08 05:15:00,10.41,
2022-04-08 05:30:00,10.44,
2022-04-08 05:45:00,10.45,
2022-04-08 06:00:00,10.49,
2022-04-08 06:15:00,10.54,
2022-04-08 06:30:00,10.59,
2022-04-08 06:45:00,10.64,
2022-04-08 07:00:00,10.69,
2022-04-08 07:15:00,10.75,
2022-04-08 07:30:00,10.8,
2022-04-08 07:45:00,10.85,
2022-04-08 08:00:00,10.9,
2022-04-08 08:15:00,10.93,
2022-04-08 08:30:00,10.95,
2022-04-08 08:45:00,10.94,
2022-04-08 09:00:00,10.92,
2022-04-08 09:15:00,10.89,
2022-04-08 09:30:00,10.85,
2022-04-08 09:45:00,10.78,
2022-04-08 10:00:00,10.7,
2022-04-08 10:15:00,10.61,
2022-04-08 10:30:00,10.53,
2022-04-08 10:45:00,10.44,
2022-04-08 11:00:00,10.34,
2022-04-08 11:15:00,10.24,
2022-04-08 11:30:00,10.14,
2022-04-08 11:45:00,10.04,
2022-04-08 12:00:00,9.96,
2022-04-08 12:15:00,9.86,
2022-04-08 12:30:00,9.78,
2022-04-08 12:45:00,9.68,
2022-04-08 13:00:00,9.59,
2022-04-08 13:15:00,9.51,
2022-04-08 13:30:00,9.43,
2022-04-08 13:45:00,9.35,
2022-04-08 14:00:00,9.27,
2022-04-08 14:15:00,9.22,
2022-04-08 14:30:00,9.15,
2022-04-08 14:45:00,9.11,
2022-04-08 15:00:00,9.05,
2022-04-08 15:15:00,9.0,
2022-04-08 15:30:00,8.95,
2022-04-08 15:45:00,8.91,
2022-04-08 16:00:00,8.86,
2022-04-08 16:15:00,8.82,
2022-04-08 16:30:00,8.73,
2022-04-08 16:45:00,8.72,
2022-04-08 17:00:00,8.75,
2022-04-08 17:15:00,8.63,
2022-04-08 17:30:00,8.57,
2022-04-08 17:45:00,8.58,
2022-04-08 18:00:00,8.57,
2022-04-08 18:15:00,8.58,
2022-04-08 18:30:00,8.55,
2022-04-08 18:45:00,8.52,
2022-04-08 19:00:00,8.49,
2022-04-08 19:15:00,8.49,
2022-04-08 19:30:00,8.51,
2022-04-08 19:45:00,8.54,
2022-04-08 20:00:00,8.6,
2022-04-08 20:15:00,8.65,
2022-04-08 20:30:00,8.7,
2022-04-08 20:45:00,8.75,
2022-04-08 21:00:00,8.8,
2022-04-08 21:15:00,8.84,
2022-04-08 21:30:00,8.89,
2022-04-08 21:45:00,8.92,
2022-04-08 22:00:00,8.96,
2022-04-08 22:15:00,9.0,
2022-04-08 22:30:00,9.04,
2022-04-08 22:45:00,9.08,
2022-04-08 23:00:00,9.12,
2022-04-08 23:15:00,9.16,
2022-04-08 23:30:00,9.19,
2022-04-08 23:45:00,9.23,
2022-04-09 00:00:00,9.27,
2022-04-09 00:15:00,9.3,
2022-04-09 00:30:00,9.33,
2022-04-09 00:45:00,9.36,
2022-04-09 01:00:00,9.39,
2022-04-09 01:15:00,9.42,
2022-04-09 01:30:00,9.45,
2022-04-09 01:45:00,9.47,
2022-04-09 02:00:00,9.5,
2022-04-09 02:15:00,9.52,
2022-04-09 02:30:00,9.55,
2022-04-09 02:45:00,9.58,
2022-04-09 03:00:00,9.6,
2022-04-09 03:15:00,9.63,
2022-04-09 03:30:00,9.66,
2022-04-09 03:45:00,9.69,
2022-04-09 04:00:00,9.71,
2022-04-09 04:15:00,9.73,
2022-04-09 04:30:00,9.75,
2022-04-09 04:45:00,9.78,
2022-04-09 05:00:00,9.8,
2022-04-09 05:15:00,9.82,
2022-04-09 05:30:00,9.84,
2022-04-09 05:45:00,9.85,
2022-04-09 06:00:00,9.88,
2022-04-09 06:15:00,9.92,
2022-04-09 06:30:00,9.97,
2022-04-09 06:45:00,10.02,
2022-04-09 07:00:00,10.08,
2022-04-09 07:15:00,10.16,
2022-04-09 07:30:00,10.24,
2022-04-09 07:45:00,10.25,
2022-04-09 08:00:00,10.34,
2022-04-09 08:15:00,10.4,
2022-04-09 08:30:00,10.42,
2022-04-09 08:45:00,10.41,
2022-04-09 09:00:00,10.41,
2022-04-09 09:15:00,10.4,
2022-04-09 09:30:00,10.32,
2022-04-09 09:45:00,10.27,
2022-04-09 10:00:00,10.27,
2022-04-09 10:15:00,10.24,
2022-04-09 10:30:00,10.23,
2022-04-09 10:45:00,10.19,
2022-04-09 11:00:00,10.14,
2022-04-09 11:15:00,10.11,
2022-04-09 11:30:00,10.06,
2022-04-09 11:45:00,10.0,
2022-04-09 12:00:00,9.96,
2022-04-09 12:15:00,9.91,
2022-04-09 12:30:00,9.88,
2022-04-09 12:45:00,9.83,
2022-04-09 13:00:00,9.76,
2022-04-09 13:15:00,9.68,
2022-04-09 13:30:00,9.62,
2022-04-09 13:45:00,9.55,
2022-04-09 14:00:00,9.49,
2022-04-09 14:15:00,9.43,
2022-04-09 14:30:00,9.36,
2022-04-09 14:45:00,9.3,
2022-04-09 15:00:00,9.25,
2022-04-09 15:15:00,9.21,
2022-04-09 15:30:00,9.17,
2022-04-09 15:45:00,9.12,
2022-04-09 16:00:00,9.1,
2022-04-09 16:15:00,9.07,
2022-04-09 16:30:00,9.06,
2022-04-09 16:45:00,9.03,
2022-04-09 17:00:00,9.01,
2022-04-09 17:15:00,8.99,
2022-04-09 17:30:00,8.98,
2022-04-09 17:45:00,8.96,
2022-04-09 18:00:00,8.89,
2022-04-09 18:15:00,8.88,
2022-04-09 18:30:00,8.89,
2022-04-09 18:45:00,8.91,
2022-04-09 19:00:00,8.91,
2022-04-09 19:15:00,8.93,
2022-04-09 19:30:00,8.98,
2022-04-09 19:45:00,9.03,
2022-04-09 20:00:00,9.08,
2022-04-09 20:15:00,9.13,
2022-04-09 20:30:00,9.19,
2022-04-09 20:45:00,9.25,
2022-04-09 21:00:00,9.31,
2022-04-09 21:15:00,9.36,
2022-04-09 21:30:00,9.42,
2022-04-09 21:45:00,9.47,
2022-04-09 22:00:00,9.52,
2022-04-09 22:15:00,9.56,
2022-04-09 22:30:00,9.6,
2022-04-09 22:45:00,9.64,
2022-04-09 23:00:00,9.69,
2022-04-09 23:15:00,9.73,
2022-04-09 23:30:00,9.76,
2022-04-09 23:45:00,9.81,
2022-04-10 00:00:00,9.86,
2022-04-10 00:15:00,9.91,
2022-04-10 00:30:00,9.95,
2022-04-10 00:45:00,9.98,
2022-04-10 01:00:00,10.02,
2022-04-10 01:15:00,10.06,
2022-04-10 01:30:00,10.11,
2022-04-10 01:45:00,10.15,
2022-04-10 02:00:00,10.19,
2022-04-10 02:15:00,10.22,
2022-04-10 02:30:00,10.26,
2022-04-10 02:45:00,10.3,
2022-04-10 03:00:00,10.32,
2022-04-10 03:15:00,10.34,
2022-04-10 03:30:00,10.37,
2022-04-10 03:45:00,10.39,
2022-04-10 04:00:00,10.42,
2022-04-10 04:15:00,10.44,
2022-04-10 04:30:00,10.45,
2022-04-10 04:45:00,10.48,
2022-04-10 05:00:00,10.5,
2022-04-10 05:15:00,10.52,
2022-04-10 05:30:00,10.55,
2022-04-10 05:45:00,10.58,
2022-04-10 06:00:00,10.59,
2022-04-10 06:15:00,10.63,
2022-04-10 06:30:00,10.66,
2022-04-10 06:45:00,10.72,
2022-04-10 07:00:00,10.78,
2022-04-10 07:15:00,10.86,
2022-04-10 07:30:00,10.95,
2022-04-10 07:45:00,11.01,
2022-04-10 08:00:00,11.05,
2022-04-10 08:15:00,11.05,
2022-04-10 08:30:00,11.07,
2022-04-10 08:45:00,11.09,
2022-04-10 09:00:00,11.09,
2022-04-10 09:15:00,11.04,
2022-04-10 09:30:00,10.96,
2022-04-10 09:45:00,10.91,
2022-04-10 10:00:00,10.91,
2022-04-10 10:15:00,10.86,
2022-04-10 10:30:00,10.8,
2022-04-10 10:45:00,10.74,
2022-04-10 11:00:00,10.65,
2022-04-10 11:15:00,10.54,
2022-04-10 11:30:00,10.44,
2022-04-10 11:45:00,10.35,
2022-04-10 12:00:00,10.25,
2022-04-10 12:15:00,10.16,
2022-04-10 12:30:00,10.07,
2022-04-10 12:45:00,10.0,
2022-04-10 13:00:00,9.94,
2022-04-10 13:15:00,9.87,
2022-04-10 13:30:00,9.8,
2022-04-10 13:45:00,9.71,
2022-04-10 14:00:00,9.65,
2022-04-10 14:15:00,9.56,
2022-04-10 14:30:00,9.54,
2022-04-10 14:45:00,9.5,
2022-04-10 15:00:00,9.46,
2022-04-10 15:15:00,9.43,
2022-04-10 15:30:00,9.4,
2022-04-10 15:45:00,9.37,
2022-04-10 16:00:00,9.35,
2022-04-10 16:15:00,9.33,
2022-04-10 16:30:00,9.33,
2022-04-10 16:45:00,9.32,
2022-04-10 17:00:00,9.31,
2022-04-10 17:15:00,9.28,
2022-04-10 17:30:00,9.24,
2022-04-10 17:45:00,9.23,
2022-04-10 18:00:00,9.16,
2022-04-10 18:15:00,9.14,
2022-04-10 18:30:00,9.15,
2022-04-10 18:45:00,9.17,
2022-04-10 19:00:00,9.19,
2022-04-10 19:15:00,9.21,
2022-04-10 19:30:00,9.23,
2022-04-10 19:45:00,9.26,
2022-04-10 20:00:00,9.29,
2022-04-10 20:15:00,9.34,
2022-04-10 20:30:00,9.37,
2022-04-10 20:45:00,9.41,
2022-04-10 21:00:00,9.44,
2022-04-10 21:15:00,9.47,
2022-04-10 21:30:00,9.5,
2022-04-10 21:45:00,9.53,
2022-04-10 22:00:00,9.57,
2022-04-10 22:15:00,9.61,
2022-04-10 22:30:00,9.64,
2022-04-10 22:45:00,9.68,
2022-04-10 23:00:00,9.72,
2022-04-10 23:15:00,9.76,
2022-04-10 23:30:00,9.79,
2022-04-10 23:45:00,9.83,
2022-04-11 00:00:00,9.86,
2022-04-11 00:15:00,9.89,
2022-04-11 00:30:00,9.91,
2022-04-11 00:45:00,9.94,
2022-04-11 01:00:00,9.96,
2022-04-11 01:15:00,9.97,
2022-04-11 01:30:00,10.0,
2022-04-11 01:45:00,10.01,
2022-04-11 02:00:00,10.04,
2022-04-11 02:15:00,10.06,
2022-04-11 02:30:00,10.07,
2022-04-11 02:45:00,10.1,
2022-04-11 03:00:00,10.12,
2022-04-11 03:15:00,10.14,
2022-04-11 03:30:00,10.16,
2022-04-11 03:45:00,10.19,
2022-04-11 04:00:00,10.21,
2022-04-11 04:15:00,10.23,
2022-04-11 04:30:00,10.26,
2022-04-11 04:45:00,10.28,
2022-04-11 05:00:00,10.3,
2022-04-11 05:15:00,10.33,
2022-04-11 05:30:00,10.35,
2022-04-11 05:45:00,10.38,
2022-04-11 06:00:00,10.41,
2022-04-11 06:15:00,10.44,
2022-04-11 06:30:00,10.51,
2022-04-11 06:45:00,10.58,
2022-04-11 07:00:00,10.62,
2022-04-11 07:15:00,10.65,
2022-04-11 07:30:00,10.7,
2022-04-11 07:45:00,10.74,
2022-04-11 08:00:00,10.77,
2022-04-11 08:15:00,10.77,
2022-04-11 08:30:00,10.81,
2022-04-11 08:45:00,10.8,
2022-04-11 09:00:00,10.79,
2022-04-11 09:15:00,10.78,
2022-04-11 09:30:00,10.78,
2022-04-11 09:45:00,10.79,
2022-04-11 10:00:00,10.76,
2022-04-11 10:15:00,10.71,
2022-04-11 10:30:00,10.69,
2022-04-11 10:45:00,10.65,
2022-04-11 11:00:00,10.64,
2022-04-11 11:15:00,10.6,
2022-04-11 11:30:00,10.54,
2022-04-11 11:45:00,10.54,
2022-04-11 12:00:00,10.5,
2022-04-11 12:15:00,10.49,
2022-04-11 12:30:00,10.51,
2022-04-11 12:45:00,10.5,
2022-04-11 13:00:00,10.58,
2022-04-11 13:15:00,10.57,
2022-04-11 13:30:00,10.49,
2022-04-11 13:45:00,10.47,
2022-04-11 14:00:00,10.36,
2022-04-11 14:15:00,10.29,
2022-04-11 14:30:00,10.22,
2022-04-11 14:45:00,10.15,
2022-04-11 15:00:00,10.17,
2022-04-11 15:15:00,10.25,
2022-04-11 15:30:00,10.35,
2022-04-11 15:45:00,10.42,
2022-04-11 16:00:00,10.38,
2022-04-11 16:15:00,10.2,
2022-04-11 16:30:00,10.09,
2022-04-11 16:45:00,10.08,
2022-04-11 17:00:00,10.13,
2022-04-11 17:15:00,10.2,
2022-04-11 17:30:00,10.3,
2022-04-11 17:45:00,10.34,
2022-04-11 18:00:00,10.35,
2022-04-11 18:15:00,10.36,
2022-04-11 18:30:00,10.39,
2022-04-11 18:45:00,10.4,
2022-04-11 19:00:00,10.41,
2022-04-11 19:15:00,10.44,
2022-04-11 19:30:00,10.47,
2022-04-11 19:45:00,10.5,
2022-04-11 20:00:00,10.52,
2022-04-11 20:15:00,10.54,
2022-04-11 20:30:00,10.57,
2022-04-11 20:45:00,10.58,
2022-04-11 21:00:00,10.6,
2022-04-11 21:15:00,10.61,
2022-04-11 21:30:00,10.64,
2022-04-11 21:45:00,10.66,
2022-04-11 22:00:00,10.68,
2022-04-11 22:15:00,10.68,
2022-04-11 22:30:00,10.69,
2022-04-11 22:45:00,10.7,
2022-04-11 23:00:00,10.71,
2022-04-11 23:15:00,10.72,
2022-04-11 23:30:00,10.73,
2022-04-11 23:45:00,10.74,
2022-04-12 00:00:00,10.74,
2022-04-12 00:15:00,10.75,
2022-04-12 00:30:00,10.75,
2022-04-12 00:45:00,10.77,
2022-04-12 01:00:00,10.78,
2022-04-12 01:15:00,10.79,
2022-04-12 01:30:00,10.8,
2022-04-12 01:45:00,10.81,
2022-04-12 02:00:00,10.82,
2022-04-12 02:15:00,10.83,
2022-04-12 02:30:00,10.85,
2022-04-12 02:45:00,10.85,
2022-04-12 03:00:00,10.87,
2022-04-12 03:15:00,10.89,
2022-04-12 03:30:00,10.9,
2022-04-12 03:45:00,10.91,
2022-04-12 04:00:00,10.92,
2022-04-12 04:15:00,10.93,
2022-04-12 04:30:00,10.94,
2022-04-12 04:45:00,10.95,
2022-04-12 05:00:00,10.95,
2022-04-12 05:15:00,10.95,
2022-04-12 05:30:00,10.96,
2022-04-12 05:45:00,10.96,
2022-04-12 06:00:00,10.97,
2022-04-12 06:15:00,10.99,
2022-04-12 06:30:00,11.03,
2022-04-12 06:45:00,11.08,
2022-04-12 07:00:00,11.16,
2022-04-12 07:15:00,11.25,
2022-04-12 07:30:00,11.31,
2022-04-12 07:45:00,11.37,
2022-04-12 08:00:00,11.4,
2022-04-12 08:15:00,11.4,
2022-04-12 08:30:00,11.43,
2022-04-12 08:45:00,11.46,
2022-04-12 09:00:00,11.46,
2022-04-12 09:15:00,11.47,
2022-04-12 09:30:00,11.47,
2022-04-12 09:45:00,11.48,
2022-04-12 10:00:00,11.5,
2022-04-12 10:15:00,11.51,
2022-04-12 10:30:00,11.51,
2022-04-12 10:45:00,11.5,
2022-04-12 11:00:00,11.55,
2022-04-12 11:15:00,11.55,
2022-04-12 11:30:00,11.52,
2022-04-12 11:45:00,11.39,
2022-04-12 12:00:00,11.31,
2022-04-12 12:15:00,11.41,
2022-04-12 12:30:00,11.49,
2022-04-12 12:45:00,11.51,
2022-04-12 13:00:00,11.47,
2022-04-12 13:15:00,11.4,
2022-04-12 13:30:00,11.35,
2022-04-12 13:45:00,11.32,
2022-04-12 14:00:00,11.24,
2022-04-12 14:15:00,11.17,
2022-04-12 14:30:00,11.12,
2022-04-12 14:45:00,11.07,
2022-04-12 15:00:00,11.05,
2022-04-12 15:15:00,11.02,
2022-04-12 15:30:00,11.01,
2022-04-12 15:45:00,10.98,
2022-04-12 16:00:00,10.94,
2022-04-12 16:15:00,10.9,
2022-04-12 16:30:00,10.88,
2022-04-12 16:45:00,10.88,
2022-04-12 17:00:00,10.87,
2022-04-12 17:15:00,10.88,
2022-04-12 17:30:00,10.9,
2022-04-12 17:45:00,10.86,
2022-04-12 18:00:00,10.83,
2022-04-12 18:15:00,10.81,
2022-04-12 18:30:00,10.81,
2022-04-12 18:45:00,10.79,
2022-04-12 19:00:00,10.76,
2022-04-12 19:15:00,10.73,
2022-04-12 19:30:00,10.72,
2022-04-12 19:45:00,10.72,
2022-04-12 20:00:00,10.74,
2022-04-12 20:15:00,10.75,
2022-04-12 20:30:00,10.77,
2022-04-12 20:45:00,10.78,
2022-04-12 21:00:00,10.8,
2022-04-12 21:15:00,10.82,
2022-04-12 21:30:00,10.83,
2022-04-12 21:45:00,10.86,
2022-04-12 22:00:00,10.89,
2022-04-12 22:15:00,10.92,
2022-04-12 22:30:00,10.95,
2022-04-12 22:45:00,10.98,
2022-04-12 23:00:00,11.01,
2022-04-12 23:15:00,11.03,
2022-04-12 23:30:00,11.06,
2022-04-12 23:45:00,11.08,
2022-04-13 00:00:00,11.11,
2022-04-13 00:15:00,11.13,
2022-04-13 00:30:00,11.15,
2022-04-13 00:45:00,11.16,
2022-04-13 01:00:00,11.18,
2022-04-13 01:15:00,11.18,
2022-04-13 01:30:00,11.19,
2022-04-13 01:45:00,11.19,
2022-04-13 02:00:00,11.2,
2022-04-13 02:15:00,11.19,
2022-04-13 02:30:00,11.2,
2022-04-13 02:45:00,11.2,
2022-04-13 03:00:00,11.21,
2022-04-13 03:15:00,11.21,
2022-04-13 03:30:00,11.21,
2022-04-13 03:45:00,11.2,
2022-04-13 04:00:00,11.21,
2022-04-13 04:15:00,11.2,
2022-04-13 04:30:00,11.2,
2022-04-13 04:45:00,11.21,
2022-04-13 05:00:00,11.2,
2022-04-13 05:15:00,11.2,
2022-04-13 05:30:00,11.2,
2022-04-13 05:45:00,11.2,
2022-04-13 06:00:00,11.21,
2022-04-13 06:15:00,11.23,
2022-04-13 06:30:00,11.29,
2022-04-13 06:45:00,11.36,
2022-04-13 07:00:00,11.39,
2022-04-13 07:15:00,11.46,
2022-04-13 07:30:00,11.47,
2022-04-13 07:45:00,11.48,
2022-04-13 08:00:00,11.53,
2022-04-13 08:15:00,11.54,
2022-04-13 08:30:00,11.55,
2022-04-13 08:45:00,11.56,
2022-04-13 09:00:00,11.54,
2022-04-13 09:15:00,11.52,
2022-04-13 09:30:00,11.48,
2022-04-13 09:45:00,11.42,
2022-04-13 10:00:00,11.41,
2022-04-13 10:15:00,11.39,
2022-04-13 10:30:00,11.35,
2022-04-13 10:45:00,11.33,
2022-04-13 11:00:00,11.29,
2022-04-13 11:15:00,11.23,
2022-04-13 11:30:00,11.15,
2022-04-13 11:45:00,11.13,
2022-04-13 12:00:00,11.08,
2022-04-13 12:15:00,11.03,
2022-04-13 12:30:00,10.93,
2022-04-13 12:45:00,10.87,
2022-04-13 13:00:00,10.78,
2022-04-13 13:15:00,10.7,
2022-04-13 13:30:00,10.67,
2022-04-13 13:45:00,10.69,
2022-04-13 14:00:00,10.79,
2022-04-13 14:15:00,10.9,
2022-04-13 14:30:00,10.89,
2022-04-13 14:45:00,10.85,
2022-04-13 15:00:00,10.71,
2022-04-13 15:15:00,10.6,
2022-04-13 15:30:00,10.59,
2022-04-13 15:45:00,10.54,
2022-04-13 16:00:00,10.46,
2022-04-13 16:15:00,10.51,
2022-04-13 16:30:00,10.63,
2022-04-13 16:45:00,10.68,
2022-04-13 17:00:00,10.78,
2022-04-13 17:15:00,10.83,
2022-04-13 17:30:00,10.83,
2022-04-13 17:45:00,10.8,
2022-04-13 18:00:00,10.78,
2022-04-13 18:15:00,10.78,
2022-04-13 18:30:00,10.73,
2022-04-13 18:45:00,10.69,
2022-04-13 19:00:00,10.65,
2022-04-13 19:15:00,10.61,
2022-04-13 19:30:00,10.6,
2022-04-13 19:45:00,10.61,
2022-04-13 20:00:00,10.62,
2022-04-13 20:15:00,10.63,
2022-04-13 20:30:00,10.66,
2022-04-13 20:45:00,10.67,
2022-04-13 21:00:00,10.68,
2022-04-13 21:15:00,10.7,
2022-04-13 21:30:00,10.72,
2022-04-13 21:45:00,10.73,
2022-04-13 22:00:00,10.74,
2022-04-13 22:15:00,10.76,
2022-04-13 22:30:00,10.76,
2022-04-13 22:45:00,10.77,
2022-04-13 23:00:00,10.78,
2022-04-13 23:15:00,10.79,
2022-04-13 23:30:00,10.8,
2022-04-13 23:45:00,10.8,
2022-04-14 00:00:00,10.81,
2022-04-14 00:15:00,10.81,
2022-04-14 00:30:00,10.82,
2022-04-14 00:45:00,10.83,
2022-04-14 01:00:00,10.83,
2022-04-14 01:15:00,10.84,
2022-04-14 01:30:00,10.84,
2022-04-14 01:45:00,10.86,
2022-04-14 02:00:00,10.87,
2022-04-14 02:15:00,10.88,
2022-04-14 02:30:00,10.88,
2022-04-14 02:45:00,10.9,
2022-04-14 03:00:00,10.9,
2022-04-14 03:15:00,10.9,
2022-04-14 03:30:00,10.91,
2022-04-14 03:45:00,10.91,
2022-04-14 04:00:00,10.92,
2022-04-14 04:15:00,10.91,
2022-04-14 04:30:00,10.91,
2022-04-14 04:45:00,10.92,
2022-04-14 05:00:00,10.91,
2022-04-14 05:15:00,10.91,
2022-04-14 05:30:00,10.91,
2022-04-14 05:45:00,10.91,
2022-04-14 06:00:00,10.92,
2022-04-14 06:15:00,10.95,
2022-04-14 06:30:00,10.99,
2022-04-14 06:45:00,11.05,
2022-04-14 07:00:00,11.08,
2022-04-14 07:15:00,11.12,
2022-04-14 07:30:00,11.17,
2022-04-14 07:45:00,11.22,
2022-04-14 08:00:00,11.25,
2022-04-14 08:15:00,11.26,
2022-04-14 08:30:00,11.25,
2022-04-14 08:45:00,11.24,
2022-04-14 09:00:00,11.23,
2022-04-14 09:15:00,11.22,
2022-04-14 09:30:00,11.21,
2022-04-14 09:45:00,11.23,
2022-04-14 10:00:00,11.25,
2022-04-14 10:15:00,11.23,
2022-04-14 10:30:00,11.2,
2022-04-14 10:45:00,11.18,
2022-04-14 11:00:00,11.15,
2022-04-14 11:15:00,11.06,
2022-04-14 11:30:00,10.95,
2022-04-14 11:45:00,10.9,
2022-04-14 12:00:00,10.81,
2022-04-14 12:15:00,10.75,
2022-04-14 12:30:00,10.68,
2022-04-14 12:45:00,10.6,
2022-04-14 13:00:00,10.55,
2022-04-14 13:15:00,10.48,
2022-04-14 13:30:00,10.42,
2022-04-14 13:45:00,10.42,
2022-04-14 14:00:00,10.38,
2022-04-14 14:15:00,10.32,
2022-04-14 14:30:00,10.26,
2022-04-14 14:45:00,10.28,
2022-04-14 15:00:00,10.29,
2022-04-14 15:15:00,10.27,
2022-04-14 15:30:00,10.26,
2022-04-14 15:45:00,10.23,
2022-04-14 16:00:00,10.17,
2022-04-14 16:15:00,10.13,
2022-04-14 16:30:00,10.12,
2022-04-14 16:45:00,10.15,
2022-04-14 17:00:00,10.2,
2022-04-14 17:15:00,10.22,
2022-04-14 17:30:00,10.2,
2022-04-14 17:45:00,10.16,
2022-04-14 18:00:00,10.03,
2022-04-14 18:15:00,9.95,
2022-04-14 18:30:00,9.92,
2022-04-14 18:45:00,9.88,
2022-04-14 19:00:00,9.89,
2022-04-14 19:15:00,9.91,
2022-04-14 19:30:00,9.94,
2022-04-14 19:45:00,9.97,
2022-04-14 20:00:00,9.98,
2022-04-14 20:15:00,10.01,
2022-04-14 20:30:00,10.02,
2022-04-14 20:45:00,10.04,
2022-04-14 21:00:00,10.04,
2022-04-14 21:15:00,10.05,
2022-04-14 21:30:00,10.06,
2022-04-14 21:45:00,10.08,
2022-04-14 22:00:00,10.1,
2022-04-14 22:15:00,10.11,
2022-04-14 22:30:00,10.14,
2022-04-14 22:45:00,10.18,
2022-04-14 23:00:00,10.2,
2022-04-14 23:15:00,10.24,
2022-04-14 23:30:00,10.27,
2022-04-14 23:45:00,10.3,
2022-04-15 00:00:00,10.33,
2022-04-15 00:15:00,10.34,
2022-04-15 00:30:00,10.35,
2022-04-15 00:45:00,10.34,
2022-04-15 01:00:00,10.35,
2022-04-15 01:15:00,10.36,
2022-04-15 01:30:00,10.37,
2022-04-15 01:45:00,10.38,
2022-04-15 02:00:00,10.38,
2022-04-15 02:15:00,10.39,
2022-04-15 02:30:00,10.39,
2022-04-15 02:45:00,10.4,
2022-04-15 03:00:00,10.41,
2022-04-15 03:15:00,10.42,
2022-04-15 03:30:00,10.45,
2022-04-15 03:45:00,10.47,
2022-04-15 04:00:00,10.48,
2022-04-15 04:15:00,10.49,
2022-04-15 04:30:00,10.5,
2022-04-15 04:45:00,10.5,
2022-04-15 05:00:00,10.5,
2022-04-15 05:15:00,10.49,
2022-04-15 05:30:00,10.5,
2022-04-15 05:45:00,10.51,
2022-04-15 06:00:00,10.52,
2022-04-15 06:15:00,10.55,
2022-04-15 06:30:00,10.6,
2022-04-15 06:45:00,10.68,
2022-04-15 07:00:00,10.76,
2022-04-15 07:15:00,10.83,
2022-04-15 07:30:00,10.87,
2022-04-15 07:45:00,10.9,
2022-04-15 08:00:00,10.93,
2022-04-15 08:15:00,10.98,
2022-04-15 08:30:00,10.9,
2022-04-15 08:45:00,10.93,
2022-04-15 09:00:00,10.99,
2022-04-15 09:15:00,11.03,
2022-04-15 09:30:00,11.09,
2022-04-15 09:45:00,11.12,
2022-04-15 10:00:00,11.09,
2022-04-15 10:15:00,11.05,
2022-04-15 10:30:00,11.0,
2022-04-15 10:45:00,10.95,
2022-04-15 11:00:00,10.88,
2022-04-15 11:15:00,10.77,
2022-04-15 11:30:00,10.71,
2022-04-15 11:45:00,10.63,
2022-04-15 12:00:00,10.5,
2022-04-15 12:15:00,10.44,
2022-04-15 12:30:00,10.34,
2022-04-15 12:45:00,10.25,
2022-04-15 13:00:00,10.2,
2022-04-15 13:15:00,10.13,
2022-04-15 13:30:00,10.08,
2022-04-15 13:45:00,10.04,
2022-04-15 14:00:00,9.95,
2022-04-15 14:15:00,9.89,
2022-04-15 14:30:00,9.85,
2022-04-15 14:45:00,9.78,
2022-04-15 15:00:00,9.72,
2022-04-15 15:15:00,9.67,
2022-04-15 15:30:00,9.65,
2022-04-15 15:45:00,9.52,
2022-04-15 16:00:00,9.52,
2022-04-15 16:15:00,9.47,
2022-04-15 16:30:00,9.51,
2022-04-15 16:45:00,9.54,
2022-04-15 17:00:00,9.55,
2022-04-15 17:15:00,9.51,
2022-04-15 17:30:00,9.5,
2022-04-15 17:45:00,9.4,
2022-04-15 18:00:00,9.32,
2022-04-15 18:15:00,9.3,
2022-04-15 18:30:00,9.29,
2022-04-15 18:45:00,9.29,
2022-04-15 19:00:00,9.29,
2022-04-15 19:15:00,9.29,
2022-04-15 19:30:00,9.31,
2022-04-15 19:45:00,9.34,
2022-04-15 20:00:00,9.38,
2022-04-15 20:15:00,9.41,
2022-04-15 20:30:00,9.46,
2022-04-15 20:45:00,9.5,
2022-04-15 21:00:00,9.55,
2022-04-15 21:15:00,9.58,
2022-04-15 21:30:00,9.62,
2022-04-15 21:45:00,9.66,
2022-04-15 22:00:00,9.69,
2022-04-15 22:15:00,9.73,
2022-04-15 22:30:00,9.76,
2022-04-15 22:45:00,9.79,
2022-04-15 23:00:00,9.82,
2022-04-15 23:15:00,9.84,
2022-04-15 23:30:00,9.87,
2022-04-15 23:45:00,9.89,
2022-04-16 00:00:00,9.92,
2022-04-16 00:15:00,9.94,
2022-04-16 00:30:00,9.96,
2022-04-16 00:45:00,9.99,
2022-04-16 01:00:00,10.01,
2022-04-16 01:15:00,10.03,
2022-04-16 01:30:00,10.05,
2022-04-16 01:45:00,10.07,
2022-04-16 02:00:00,10.09,
2022-04-16 02:15:00,10.12,
2022-04-16 02:30:00,10.14,
2022-04-16 02:45:00,10.15,
2022-04-16 03:00:00,10.18,
2022-04-16 03:15:00,10.2,
2022-04-16 03:30:00,10.22,
2022-04-16 03:45:00,10.25,
2022-04-16 04:00:00,10.26,
2022-04-16 04:15:00,10.28,
2022-04-16 04:30:00,10.3,
2022-04-16 04:45:00,10.31,
2022-04-16 05:00:00,10.33,
2022-04-16 05:15:00,10.34,
2022-04-16 05:30:00,10.36,
2022-04-16 05:45:00,10.37,
2022-04-16 06:00:00,10.41,
2022-04-16 06:15:00,10.46,
2022-04-16 06:30:00,10.55,
2022-04-16 06:45:00,10.65,
2022-04-16 07:00:00,10.74,
2022-04-16 07:15:00,10.81,
2022-04-16 07:30:00,10.83,
2022-04-16 07:45:00,10.86,
2022-04-16 08:00:00,10.91,
2022-04-16 08:15:00,10.96,
2022-04-16 08:30:00,10.97,
2022-04-16 08:45:00,10.96,
2022-04-16 09:00:00,10.92,
2022-04-16 09:15:00,10.88,
2022-04-16 09:30:00,10.84,
2022-04-16 09:45:00,10.78,
2022-04-16 10:00:00,10.69,
2022-04-16 10:15:00,10.62,
2022-04-16 10:30:00,10.58,
2022-04-16 10:45:00,10.54,
2022-04-16 11:00:00,10.47,
2022-04-16 11:15:00,10.37,
2022-04-16 11:30:00,10.3,
2022-04-16 11:45:00,10.24,
2022-04-16 12:00:00,10.14,
2022-04-16 12:15:00,10.05,
2022-04-16 12:30:00,9.97,
2022-04-16 12:45:00,9.81,
2022-04-16 13:00:00,9.8,
2022-04-16 13:15:00,9.78,
2022-04-16 13:30:00,9.66,
2022-04-16 13:45:00,9.76,
2022-04-16 14:00:00,9.85,
2022-04-16 14:15:00,9.88,
2022-04-16 14:30:00,9.87,
2022-04-16 14:45:00,9.84,
2022-04-16 15:00:00,9.75,
2022-04-16 15:15:00,9.65,
2022-04-16 15:30:00,9.65,
2022-04-16 15:45:00,9.6,
2022-04-16 16:00:00,9.54,
2022-04-16 16:15:00,9.49,
2022-04-16 16:30:00,9.45,
2022-04-16 16:45:00,9.4,
2022-04-16 17:00:00,9.4,
2022-04-16 17:15:00,9.36,
2022-04-16 17:30:00,9.35,
2022-04-16 17:45:00,9.31,
2022-04-16 18:00:00,9.25,
2022-04-16 18:15:00,9.16,
2022-04-16 18:30:00,9.13,
2022-04-16 18:45:00,9.13,
2022-04-16 19:00:00,9.14,
2022-04-16 19:15:00,9.14,
2022-04-16 19:30:00,9.16,
2022-04-16 19:45:00,9.18,
2022-04-16 20:00:00,9.23,
2022-04-16 20:15:00,9.27,
2022-04-16 20:30:00,9.31,
2022-04-16 20:45:00,9.37,
2022-04-16 21:00:00,9.42,
2022-04-16 21:15:00,9.45,
2022-04-16 21:30:00,9.49,
2022-04-16 21:45:00,9.54,
2022-04-16 22:00:00,9.57,
2022-04-16 22:15:00,9.58,
2022-04-16 22:30:00,9.6,
2022-04-16 22:45:00,9.62,
2022-04-16 23:00:00,9.65,
2022-04-16 23:15:00,9.68,
2022-04-16 23:30:00,9.7,
2022-04-16 23:45:00,9.73,
2022-04-17 00:00:00,9.75,
2022-04-17 00:15:00,9.77,
2022-04-17 00:30:00,9.8,
2022-04-17 00:45:00,9.83,
2022-04-17 01:00:00,9.85,
2022-04-17 01:15:00,9.87,
2022-04-17 01:30:00,9.89,
2022-04-17 01:45:00,9.91,
2022-04-17 02:00:00,9.94,
2022-04-17 02:15:00,9.95,
2022-04-17 02:30:00,9.97,
2022-04-17 02:45:00,9.99,
2022-04-17 03:00:00,10.01,
2022-04-17 03:15:00,10.03,
2022-04-17 03:30:00,10.05,
2022-04-17 03:45:00,10.07,
2022-04-17 04:00:00,10.1,
2022-04-17 04:15:00,10.11,
2022-04-17 04:30:00,10.14,
2022-04-17 04:45:00,10.16,
2022-04-17 05:00:00,10.18,
2022-04-17 05:15:00,10.2,
2022-04-17 05:30:00,10.22,
2022-04-17 05:45:00,10.23,
2022-04-17 06:00:00,10.27,
2022-04-17 06:15:00,10.33,
2022-04-17 06:30:00,10.39,
2022-04-17 06:45:00,10.47,
2022-04-17 07:00:00,10.55,
2022-04-17 07:15:00,10.63,
2022-04-17 07:30:00,10.7,
2022-04-17 07:45:00,10.77,
2022-04-17 08:00:00,10.81,
2022-04-17 08:15:00,10.83,
2022-04-17 08:30:00,10.84,
2022-04-17 08:45:00,10.85,
2022-04-17 09:00:00,10.84,
2022-04-17 09:15:00,10.83,
2022-04-17 09:30:00,10.8,
2022-04-17 09:45:00,10.76,
2022-04-17 10:00:00,10.72,
2022-04-17 10:15:00,10.67,
2022-04-17 10:30:00,10.62,
2022-04-17 10:45:00,10.55,
2022-04-17 11:00:00,10.48,
2022-04-17 11:15:00,10.4,
2022-04-17 11:30:00,10.34,
2022-04-17 11:45:00,10.25,
2022-04-17 12:00:00,10.17,
2022-04-17 12:15:00,10.09,
2022-04-17 12:30:00,10.02,
2022-04-17 12:45:00,9.93,
2022-04-17 13:00:00,9.84,
2022-04-17 13:15:00,9.78,
2022-04-17 13:30:00,9.72,
2022-04-17 13:45:00,9.66,
2022-04-17 14:00:00,9.63,
2022-04-17 14:15:00,9.54,
2022-04-17 14:30:00,9.48,
2022-04-17 14:45:00,9.41,
2022-04-17 15:00:00,9.35,
2022-04-17 15:15:00,9.29,
2022-04-17 15:30:00,9.23,
2022-04-17 15:45:00,9.19,
2022-04-17 16:00:00,9.17,
2022-04-17 16:15:00,9.14,
2022-04-17 16:30:00,9.12,
2022-04-17 16:45:00,9.08,
2022-04-17 17:00:00,9.06,
2022-04-17 17:15:00,9.02,
2022-04-17 17:30:00,8.93,
2022-04-17 17:45:00,8.88,
2022-04-17 18:00:00,8.88,
2022-04-17 18:15:00,8.87,
2022-04-17 18:30:00,8.86,
2022-04-17 18:45:00,8.87,
2022-04-17 19:00:00,8.88,
2022-04-17 19:15:00,8.89,
2022-04-17 19:30:00,8.91,
2022-04-17 19:45:00,8.95,
2022-04-17 20:00:00,9.0,
2022-04-17 20:15:00,9.05,
2022-04-17 20:30:00,9.1,
2022-04-17 20:45:00,9.15,
2022-04-17 21:00:00,9.2,
2022-04-17 21:15:00,9.25,
2022-04-17 21:30:00,9.29,
2022-04-17 21:45:00,9.35,
2022-04-17 22:00:00,9.39,
2022-04-17 22:15:00,9.43,
2022-04-17 22:30:00,9.48,
2022-04-17 22:45:00,9.52,
2022-04-17 23:00:00,9.57,
2022-04-17 23:15:00,9.61,
2022-04-17 23:30:00,9.65,
2022-04-17 23:45:00,9.69,
2022-04-18 00:00:00,9.72,
2022-04-18 00:15:00,9.76,
2022-04-18 00:30:00,9.79,
2022-04-18 00:45:00,9.83,
2022-04-18 01:00:00,9.87,
2022-04-18 01:15:00,9.9,
2022-04-18 01:30:00,9.94,
2022-04-18 01:45:00,9.97,
2022-04-18 02:00:00,10.0,
2022-04-18 02:15:00,10.03,
2022-04-18 02:30:00,10.06,
2022-04-18 02:45:00,10.09,
2022-04-18 03:00:00,10.12,
2022-04-18 03:15:00,10.15,
2022-04-18 03:30:00,10.18,
2022-04-18 03:45:00,10.21,
2022-04-18 04:00:00,10.24,
2022-04-18 04:15:00,10.26,
2022-04-18 04:30:00,10.3,
2022-04-18 04:45:00,10.32,
2022-04-18 05:00:00,10.35,
2022-04-18 05:15:00,10.37,
2022-04-18 05:30:00,10.4,
2022-04-18 05:45:00,10.42,
2022-04-18 06:00:00,10.47,
2022-04-18 06:15:00,10.54,
2022-04-18 06:30:00,10.6,
2022-04-18 06:45:00,10.67,
2022-04-18 07:00:00,10.73,
2022-04-18 07:15:00,10.79,
2022-04-18 07:30:00,10.83,
2022-04-18 07:45:00,10.88,
2022-04-18 08:00:00,10.92,
2022-04-18 08:15:00,10.93,
2022-04-18 08:30:00,10.93,
2022-04-18 08:45:00,10.92,
2022-04-18 09:00:00,10.89,
2022-04-18 09:15:00,10.84,
2022-04-18 09:30:00,10.78,
2022-04-18 09:45:00,10.7,
2022-04-18 10:00:00,10.63,
2022-04-18 10:15:00,10.54,
2022-04-18 10:30:00,10.45,
2022-04-18 10:45:00,10.36,
2022-04-18 11:00:00,10.26,
2022-04-18 11:15:00,10.17,
2022-04-18 11:30:00,10.08,
2022-04-18 11:45:00,9.98,
2022-04-18 12:00:00,9.88,
2022-04-18 12:15:00,9.78,
2022-04-18 12:30:00,9.68,
2022-04-18 12:45:00,9.6,
2022-04-18 13:00:00,9.51,
2022-04-18 13:15:00,9.43,
2022-04-18 13:30:00,9.35,
2022-04-18 13:45:00,9.27,
2022-04-18 14:00:00,9.2,
2022-04-18 14:15:00,9.13,
2022-04-18 14:30:00,9.06,
2022-04-18 14:45:00,9.0,
2022-04-18 15:00:00,8.94,
2022-04-18 15:15:00,8.87,
2022-04-18 15:30:00,8.83,
2022-04-18 15:45:00,8.77,
2022-04-18 16:00:00,8.75,
2022-04-18 16:15:00,8.7,
2022-04-18 16:30:00,8.65,
2022-04-18 16:45:00,8.62,
2022-04-18 17:00:00,8.57,
2022-04-18 17:15:00,8.57,
2022-04-18 17:30:00,8.54,
2022-04-18 17:45:00,8.43,
2022-04-18 18:00:00,8.43,
2022-04-18 18:15:00,8.42,
2022-04-18 18:30:00,8.43,
2022-04-18 18:45:00,8.45,
2022-04-18 19:00:00,8.45,
2022-04-18 19:15:00,8.46,
2022-04-18 19:30:00,8.48,
2022-04-18 19:45:00,8.53,
2022-04-18 20:00:00,8.58,
2022-04-18 20:15:00,8.62,
2022-04-18 20:30:00,8.68,
2022-04-18 20:45:00,8.74,
2022-04-18 21:00:00,8.79,
2022-04-18 21:15:00,8.84,
2022-04-18 21:30:00,8.89,
2022-04-18 21:45:00,8.95,
2022-04-18 22:00:00,8.99,
2022-04-18 22:15:00,9.03,
2022-04-18 22:30:00,9.08,
2022-04-18 22:45:00,9.12,
2022-04-18 23:00:00,9.16,
2022-04-18 23:15:00,9.19,
2022-04-18 23:30:00,9.22,
2022-04-18 23:45:00,9.27,
2022-04-19 00:00:00,9.29,
2022-04-19 00:15:00,9.33,
2022-04-19 00:30:00,9.36,
2022-04-19 00:45:00,9.39,
2022-04-19 01:00:00,9.43,
2022-04-19 01:15:00,9.45,
2022-04-19 01:30:00,9.48,
2022-04-19 01:45:00,9.5,
2022-04-19 02:00:00,9.52,
2022-04-19 02:15:00,9.54,
2022-04-19 02:30:00,9.55,
2022-04-19 02:45:00,9.57,
2022-04-19 03:00:00,9.59,
2022-04-19 03:15:00,9.6,
2022-04-19 03:30:00,9.62,
2022-04-19 03:45:00,9.62,
2022-04-19 04:00:00,9.63,
2022-04-19 04:15:00,9.64,
2022-04-19 04:30:00,9.66,
2022-04-19 04:45:00,9.66,
2022-04-19 05:00:00,9.67,
2022-04-19 05:15:00,9.69,
2022-04-19 05:30:00,9.69,
2022-04-19 05:45:00,9.71,
2022-04-19 06:00:00,9.74,
2022-04-19 06:15:00,9.79,
2022-04-19 06:30:00,9.87,
2022-04-19 06:45:00,9.93,
2022-04-19 07:00:00,9.99,
2022-04-19 07:15:00,10.05,
2022-04-19 07:30:00,10.1,
2022-04-19 07:45:00,10.14,
2022-04-19 08:00:00,10.19,
2022-04-19 08:15:00,10.22,
2022-04-19 08:30:00,10.24,
2022-04-19 08:45:00,10.25,
2022-04-19 09:00:00,10.27,
2022-04-19 09:15:00,10.26,
2022-04-19 09:30:00,10.22,
2022-04-19 09:45:00,10.18,
2022-04-19 10:00:00,10.17,
2022-04-19 10:15:00,10.12,
2022-04-19 10:30:00,10.07,
2022-04-19 10:45:00,10.02,
2022-04-19 11:00:00,9.96,
2022-04-19 11:15:00,9.89,
2022-04-19 11:30:00,9.8,
2022-04-19 11:45:00,9.8,
2022-04-19 12:00:00,9.8,
2022-04-19 12:15:00,9.53,
2022-04-19 12:30:00,9.51,
2022-04-19 12:45:00,9.5,
2022-04-19 13:00:00,9.47,
2022-04-19 13:15:00,9.46,
2022-04-19 13:30:00,9.42,
2022-04-19 13:45:00,9.37,
2022-04-19 14:00:00,9.33,
2022-04-19 14:15:00,9.26,
2022-04-19 14:30:00,9.24,
2022-04-19 14:45:00,9.24,
2022-04-19 15:00:00,9.2,
2022-04-19 15:15:00,9.15,
2022-04-19 15:30:00,9.1,
2022-04-19 15:45:00,9.04,
2022-04-19 16:00:00,8.99,
2022-04-19 16:15:00,8.98,
2022-04-19 16:30:00,8.99,
2022-04-19 16:45:00,8.99,
2022-04-19 17:00:00,9.0,
2022-04-19 17:15:00,9.02,
2022-04-19 17:30:00,9.03,
2022-04-19 17:45:00,9.03,
2022-04-19 18:00:00,9.04,
2022-04-19 18:15:00,9.07,
2022-04-19 18:30:00,9.1,
2022-04-19 18:45:00,9.16,
2022-04-19 19:00:00,9.2,
2022-04-19 19:15:00,9.24,
2022-04-19 19:30:00,9.26,
2022-04-19 19:45:00,9.28,
2022-04-19 20:00:00,9.29,
2022-04-19 20:15:00,9.3,
2022-04-19 20:30:00,9.32,
2022-04-19 20:45:00,9.34,
2022-04-19 21:00:00,9.37,
2022-04-19 21:15:00,9.39,
2022-04-19 21:30:00,9.42,
2022-04-19 21:45:00,9.45,
2022-04-19 22:00:00,9.47,
2022-04-19 22:15:00,9.5,
2022-04-19 22:30:00,9.53,
2022-04-19 22:45:00,9.55,
2022-04-19 23:00:00,9.58,
2022-04-19 23:15:00,9.61,
2022-04-19 23:30:00,9.62,
2022-04-19 23:45:00,9.64,
2022-04-20 00:00:00,9.67,
2022-04-20 00:15:00,9.7,
2022-04-20 00:30:00,9.72,
2022-04-20 00:45:00,9.74,
2022-04-20 01:00:00,9.76,
2022-04-20 01:15:00,9.77,
2022-04-20 01:30:00,9.78,
2022-04-20 01:45:00,9.8,
2022-04-20 02:00:00,9.81,
2022-04-20 02:15:00,9.83,
2022-04-20 02:30:00,9.84,
2022-04-20 02:45:00,9.86,
2022-04-20 03:00:00,9.88,
2022-04-20 03:15:00,9.9,
2022-04-20 03:30:00,9.92,
2022-04-20 03:45:00,9.94,
2022-04-20 04:00:00,9.96,
2022-04-20 04:15:00,9.98,
2022-04-20 04:30:00,9.99,
2022-04-20 04:45:00,10.01,
2022-04-20 05:00:00,10.02,
2022-04-20 05:15:00,10.04,
2022-04-20 05:30:00,10.06,
2022-04-20 05:45:00,10.08,
2022-04-20 06:00:00,10.11,
2022-04-20 06:15:00,10.15,
2022-04-20 06:30:00,10.19,
2022-04-20 06:45:00,10.25,
2022-04-20 07:00:00,10.35,
2022-04-20 07:15:00,10.44,
2022-04-20 07:30:00,10.49,
2022-04-20 07:45:00,10.54,
2022-04-20 08:00:00,10.55,
2022-04-20 08:15:00,10.62,
2022-04-20 08:30:00,10.61,
2022-04-20 08:45:00,10.61,
2022-04-20 09:00:00,10.62,
2022-04-20 09:15:00,10.6,
2022-04-20 09:30:00,10.55,
2022-04-20 09:45:00,10.49,
2022-04-20 10:00:00,10.46,
2022-04-20 10:15:00,10.35,
2022-04-20 10:30:00,10.34,
2022-04-20 10:45:00,10.28,
2022-04-20 11:00:00,10.26,
2022-04-20 11:15:00,10.21,
2022-04-20 11:30:00,10.17,
2022-04-20 11:45:00,10.07,
2022-04-20 12:00:00,10.01,
2022-04-20 12:15:00,9.97,
2022-04-20 12:30:00,9.92,
2022-04-20 12:45:00,9.81,
2022-04-20 13:00:00,9.79,
2022-04-20 13:15:00,9.7,
2022-04-20 13:30:00,9.65,
2022-04-20 13:45:00,9.62,
2022-04-20 14:00:00,9.55,
2022-04-20 14:15:00,9.51,
2022-04-20 14:30:00,9.47,
2022-04-20 14:45:00,9.39,
2022-04-20 15:00:00,9.31,
2022-04-20 15:15:00,9.22,
2022-04-20 15:30:00,9.13,
2022-04-20 15:45:00,9.07,
2022-04-20 16:00:00,9.03,
2022-04-20 16:15:00,8.98,
2022-04-20 16:30:00,8.94,
2022-04-20 16:45:00,8.9,
2022-04-20 17:00:00,8.86,
2022-04-20 17:15:00,8.82,
2022-04-20 17:30:00,8.77,
2022-04-20 17:45:00,8.73,
2022-04-20 18:00:00,8.67,
2022-04-20 18:15:00,8.6,
2022-04-20 18:30:00,8.58,
2022-04-20 18:45:00,8.57,
2022-04-20 19:00:00,8.58,
2022-04-20 19:15:00,8.59,
2022-04-20 19:30:00,8.61,
2022-04-20 19:45:00,8.64,
2022-04-20 20:00:00,8.69,
2022-04-20 20:15:00,8.73,
2022-04-20 20:30:00,8.78,
2022-04-20 20:45:00,8.83,
2022-04-20 21:00:00,8.88,
2022-04-20 21:15:00,8.93,
2022-04-20 21:30:00,8.98,
2022-04-20 21:45:00,9.03,
2022-04-20 22:00:00,9.08,
2022-04-20 22:15:00,9.12,
2022-04-20 22:30:00,9.16,
2022-04-20 22:45:00,9.2,
2022-04-20 23:00:00,9.24,
2022-04-20 23:15:00,9.28,
2022-04-20 23:30:00,9.33,
2022-04-20 23:45:00,9.36,
2022-04-21 00:00:00,9.4,
2022-04-21 00:15:00,9.43,
2022-04-21 00:30:00,9.47,
2022-04-21 00:45:00,9.5,
2022-04-21 01:00:00,9.53,
2022-04-21 01:15:00,9.56,
2022-04-21 01:30:00,9.59,
2022-04-21 01:45:00,9.61,
2022-04-21 02:00:00,9.64,
2022-04-21 02:15:00,9.67,
2022-04-21 02:30:00,9.7,
2022-04-21 02:45:00,9.72,
2022-04-21 03:00:00,9.74,
2022-04-21 03:15:00,9.77,
2022-04-21 03:30:00,9.8,
2022-04-21 03:45:00,9.82,
2022-04-21 04:00:00,9.85,
2022-04-21 04:15:00,9.87,
2022-04-21 04:30:00,9.9,
2022-04-21 04:45:00,9.91,
2022-04-21 05:00:00,9.94,
2022-04-21 05:15:00,9.95,
2022-04-21 05:30:00,9.99,
2022-04-21 05:45:00,10.01,
2022-04-21 06:00:00,10.06,
2022-04-21 06:15:00,10.12,
2022-04-21 06:30:00,10.17,
2022-04-21 06:45:00,10.22,
2022-04-21 07:00:00,10.27,
2022-04-21 07:15:00,10.32,
2022-04-21 07:30:00,10.37,
2022-04-21 07:45:00,10.42,
2022-04-21 08:00:00,10.45,
2022-04-21 08:15:00,10.47,
2022-04-21 08:30:00,10.48,
2022-04-21 08:45:00,10.48,
2022-04-21 09:00:00,10.46,
2022-04-21 09:15:00,10.41,
2022-04-21 09:30:00,10.35,
2022-04-21 09:45:00,10.29,
2022-04-21 10:00:00,10.17,
2022-04-21 10:15:00,10.15,
2022-04-21 10:30:00,10.1,
2022-04-21 10:45:00,9.98,
2022-04-21 11:00:00,9.87,
2022-04-21 11:15:00,9.83,
2022-04-21 11:30:00,9.78,
2022-04-21 11:45:00,9.69,
2022-04-21 12:00:00,9.65,
2022-04-21 12:15:00,9.57,
2022-04-21 12:30:00,9.5,
2022-04-21 12:45:00,9.41,
2022-04-21 13:00:00,9.35,
2022-04-21 13:15:00,9.28,
2022-04-21 13:30:00,9.25,
2022-04-21 13:45:00,9.23,
2022-04-21 14:00:00,9.23,
2022-04-21 14:15:00,9.2,
2022-04-21 14:30:00,9.14,
2022-04-21 14:45:00,9.11,
2022-04-21 15:00:00,9.07,
2022-04-21 15:15:00,9.05,
2022-04-21 15:30:00,9.05,
2022-04-21 15:45:00,8.98,
2022-04-21 16:00:00,8.95,
2022-04-21 16:15:00,8.91,
2022-04-21 16:30:00,8.95,
2022-04-21 16:45:00,8.93,
2022-04-21 17:00:00,8.79,
2022-04-21 17:15:00,8.75,
2022-04-21 17:30:00,8.73,
2022-04-21 17:45:00,8.74,
2022-04-21 18:00:00,8.71,
2022-04-21 18:15:00,8.66,
2022-04-21 18:30:00,8.64,
2022-04-21 18:45:00,8.64,
2022-04-21 19:00:00,8.62,
2022-04-21 19:15:00,8.61,
2022-04-21 19:30:00,8.61,
2022-04-21 19:45:00,8.63,
2022-04-21 20:00:00,8.66,
2022-04-21 20:15:00,8.68,
2022-04-21 20:30:00,8.71,
2022-04-21 20:45:00,8.74,
2022-04-21 21:00:00,8.77,
2022-04-21 21:15:00,8.79,
2022-04-21 21:30:00,8.83,
2022-04-21 21:45:00,8.86,
2022-04-21 22:00:00,8.89,
2022-04-21 22:15:00,8.92,
2022-04-21 22:30:00,8.95,
2022-04-21 22:45:00,8.97,
2022-04-21 23:00:00,9.0,
2022-04-21 23:15:00,9.02,
2022-04-21 23:30:00,9.03,
2022-04-21 23:45:00,9.06,
2022-04-22 00:00:00,9.08,
2022-04-22 00:15:00,9.11,
2022-04-22 00:30:00,9.13,
2022-04-22 00:45:00,9.15,
2022-04-22 01:00:00,9.17,
2022-04-22 01:15:00,9.19,
2022-04-22 01:30:00,9.2,
2022-04-22 01:45:00,9.23,
2022-04-22 02:00:00,9.24,
2022-04-22 02:15:00,9.26,
2022-04-22 02:30:00,9.28,
2022-04-22 02:45:00,9.29,
2022-04-22 03:00:00,9.31,
2022-04-22 03:15:00,9.32,
2022-04-22 03:30:00,9.34,
2022-04-22 03:45:00,9.35,
2022-04-22 04:00:00,9.36,
2022-04-22 04:15:00,9.38,
2022-04-22 04:30:00,9.39,
2022-04-22 04:45:00,9.4,
2022-04-22 05:00:00,9.41,
2022-04-22 05:15:00,9.43,
2022-04-22 05:30:00,9.44,
2022-04-22 05:45:00,9.45,
2022-04-22 06:00:00,9.47,
2022-04-22 06:15:00,9.49,
2022-04-22 06:30:00,9.53,
2022-04-22 06:45:00,9.55,
2022-04-22 07:00:00,9.57,
2022-04-22 07:15:00,9.6,
2022-04-22 07:30:00,9.62,
2022-04-22 07:45:00,9.65,
2022-04-22 08:00:00,9.71,
2022-04-22 08:15:00,9.77,
2022-04-22 08:30:00,9.8,
2022-04-22 08:45:00,9.82,
2022-04-22 09:00:00,9.85,
2022-04-22 09:15:00,9.85,
2022-04-22 09:30:00,9.87,
2022-04-22 09:45:00,9.91,
2022-04-22 10:00:00,10.0,
2022-04-22 10:15:00,9.96,
2022-04-22 10:30:00,10.02,
2022-04-22 10:45:00,10.07,
2022-04-22 11:00:00,10.08,
2022-04-22 11:15:00,10.06,
2022-04-22 11:30:00,9.98,
2022-04-22 11:45:00,9.91,
2022-04-22 12:00:00,9.84,
2022-04-22 12:15:00,9.83,
2022-04-22 12:30:00,9.91,
2022-04-22 12:45:00,9.86,
2022-04-22 13:00:00,9.81,
2022-04-22 13:15:00,9.65,
2022-04-22 13:30:00,9.62,
2022-04-22 13:45:00,9.75,
2022-04-22 14:00:00,9.76,
2022-04-22 14:15:00,9.71,
2022-04-22 14:30:00,9.64,
2022-04-22 14:45:00,9.66,
2022-04-22 15:00:00,9.66,
2022-04-22 15:15:00,9.71,
2022-04-22 15:30:00,9.7,
2022-04-22 15:45:00,9.75,
2022-04-22 16:00:00,9.77,
2022-04-22 16:15:00,9.74,
2022-04-22 16:30:00,9.71,
2022-04-22 16:45:00,9.65,
2022-04-22 17:00:00,9.59,
2022-04-22 17:15:00,9.62,
2022-04-22 17:30:00,9.58,
2022-04-22 17:45:00,9.57,
2022-04-22 18:00:00,9.58,
2022-04-22 18:15:00,9.58,
2022-04-22 18:30:00,9.5,
2022-04-22 18:45:00,9.39,
2022-04-22 19:00:00,9.32,
2022-04-22 19:15:00,9.29,
2022-04-22 19:30:00,9.28,
2022-04-22 19:45:00,9.29,
2022-04-22 20:00:00,9.3,
2022-04-22 20:15:00,9.33,
2022-04-22 20:30:00,9.35,
2022-04-22 20:45:00,9.38,
2022-04-22 21:00:00,9.41,
2022-04-22 21:15:00,9.45,
2022-04-22 21:30:00,9.5,
2022-04-22 21:45:00,9.56,
2022-04-22 22:00:00,9.61,
2022-04-22 22:15:00,9.63,
2022-04-22 22:30:00,9.67,
2022-04-22 22:45:00,9.7,
2022-04-22 23:00:00,9.71,
2022-04-22 23:15:00,9.73,
2022-04-22 23:30:00,9.76,
2022-04-22 23:45:00,9.77,
2022-04-23 00:00:00,9.79,
2022-04-23 00:15:00,9.81,
2022-04-23 00:30:00,9.82,
2022-04-23 00:45:00,9.84,
2022-04-23 01:00:00,9.86,
2022-04-23 01:15:00,9.87,
2022-04-23 01:30:00,9.89,
2022-04-23 01:45:00,9.9,
2022-04-23 02:00:00,9.92,
2022-04-23 02:15:00,9.93,
2022-04-23 02:30:00,9.95,
2022-04-23 02:45:00,9.97,
2022-04-23 03:00:00,9.99,
2022-04-23 03:15:00,10.0,
2022-04-23 03:30:00,10.02,
2022-04-23 03:45:00,10.04,
2022-04-23 04:00:00,10.06,
2022-04-23 04:15:00,10.07,
2022-04-23 04:30:00,10.09,
2022-04-23 04:45:00,10.1,
2022-04-23 05:00:00,10.11,
2022-04-23 05:15:00,10.12,
2022-04-23 05:30:00,10.13,
2022-04-23 05:45:00,10.15,
2022-04-23 06:00:00,10.18,
2022-04-23 06:15:00,10.24,
2022-04-23 06:30:00,10.3,
2022-04-23 06:45:00,10.34,
2022-04-23 07:00:00,10.4,
2022-04-23 07:15:00,10.44,
2022-04-23 07:30:00,10.45,
2022-04-23 07:45:00,10.48,
2022-04-23 08:00:00,10.57,
2022-04-23 08:15:00,10.59,
2022-04-23 08:30:00,10.59,
2022-04-23 08:45:00,10.58,
2022-04-23 09:00:00,10.57,
2022-04-23 09:15:00,10.56,
2022-04-23 09:30:00,10.53,
2022-04-23 09:45:00,10.54,
2022-04-23 10:00:00,10.54,
2022-04-23 10:15:00,10.51,
2022-04-23 10:30:00,10.46,
2022-04-23 10:45:00,10.39,
2022-04-23 11:00:00,10.37,
2022-04-23 11:15:00,10.37,
2022-04-23 11:30:00,10.31,
2022-04-23 11:45:00,10.25,
2022-04-23 12:00:00,10.19,
2022-04-23 12:15:00,10.05,
2022-04-23 12:30:00,10.05,
2022-04-23 12:45:00,10.06,
2022-04-23 13:00:00,10.11,
2022-04-23 13:15:00,10.15,
2022-04-23 13:30:00,10.14,
2022-04-23 13:45:00,10.14,
2022-04-23 14:00:00,10.13,
2022-04-23 14:15:00,10.12,
2022-04-23 14:30:00,10.09,
2022-04-23 14:45:00,10.07,
2022-04-23 15:00:00,10.05,
2022-04-23 15:15:00,10.0,
2022-04-23 15:30:00,9.94,
2022-04-23 15:45:00,9.88,
2022-04-23 16:00:00,9.84,
2022-04-23 16:15:00,9.8,
2022-04-23 16:30:00,9.75,
2022-04-23 16:45:00,9.73,
2022-04-23 17:00:00,9.76,
2022-04-23 17:15:00,9.62,
2022-04-23 17:30:00,9.51,
2022-04-23 17:45:00,9.57,
2022-04-23 18:00:00,9.55,
2022-04-23 18:15:00,9.48,
2022-04-23 18:30:00,9.44,
2022-04-23 18:45:00,9.43,
2022-04-23 19:00:00,9.38,
2022-04-23 19:15:00,9.35,
2022-04-23 19:30:00,9.34,
2022-04-23 19:45:00,9.34,
2022-04-23 20:00:00,9.36,
2022-04-23 20:15:00,9.38,
2022-04-23 20:30:00,9.41,
2022-04-23 20:45:00,9.44,
2022-04-23 21:00:00,9.47,
2022-04-23 21:15:00,9.5,
2022-04-23 21:30:00,9.53,
2022-04-23 21:45:00,9.56,
2022-04-23 22:00:00,9.59,
2022-04-23 22:15:00,9.62,
2022-04-23 22:30:00,9.66,
2022-04-23 22:45:00,9.69,
2022-04-23 23:00:00,9.72,
2022-04-23 23:15:00,9.75,
2022-04-23 23:30:00,9.78,
2022-04-23 23:45:00,9.81,
2022-04-24 00:00:00,9.85,
2022-04-24 00:15:00,9.87,
2022-04-24 00:30:00,9.9,
2022-04-24 00:45:00,9.93,
2022-04-24 01:00:00,9.96,
2022-04-24 01:15:00,9.99,
2022-04-24 01:30:00,10.02,
2022-04-24 01:45:00,10.04,
2022-04-24 02:00:00,10.07,
2022-04-24 02:15:00,10.1,
2022-04-24 02:30:00,10.11,
2022-04-24 02:45:00,10.14,
2022-04-24 03:00:00,10.17,
2022-04-24 03:15:00,10.2,
2022-04-24 03:30:00,10.23,
2022-04-24 03:45:00,10.24,
2022-04-24 04:00:00,10.27,
2022-04-24 04:15:00,10.3,
2022-04-24 04:30:00,10.32,
2022-04-24 04:45:00,10.34,
2022-04-24 05:00:00,10.38,
2022-04-24 05:15:00,10.4,
2022-04-24 05:30:00,10.42,
2022-04-24 05:45:00,10.46,
2022-04-24 06:00:00,10.51,
2022-04-24 06:15:00,10.57,
2022-04-24 06:30:00,10.63,
2022-04-24 06:45:00,10.68,
2022-04-24 07:00:00,10.74,
2022-04-24 07:15:00,10.79,
2022-04-24 07:30:00,10.84,
2022-04-24 07:45:00,10.88,
2022-04-24 08:00:00,10.91,
2022-04-24 08:15:00,10.92,
2022-04-24 08:30:00,10.92,
2022-04-24 08:45:00,10.9,
2022-04-24 09:00:00,10.86,
2022-04-24 09:15:00,10.82,
2022-04-24 09:30:00,10.75,
2022-04-24 09:45:00,10.71,
2022-04-24 10:00:00,10.59,
2022-04-24 10:15:00,10.52,
2022-04-24 10:30:00,10.4,
2022-04-24 10:45:00,10.31,
2022-04-24 11:00:00,10.26,
2022-04-24 11:15:00,10.24,
2022-04-24 11:30:00,10.15,
2022-04-24 11:45:00,10.04,
2022-04-24 12:00:00,9.9,
2022-04-24 12:15:00,9.8,
2022-04-24 12:30:00,9.76,
2022-04-24 12:45:00,9.63,
2022-04-24 13:00:00,9.66,
2022-04-24 13:15:00,9.65,
2022-04-24 13:30:00,9.58,
2022-04-24 13:45:00,9.53,
2022-04-24 14:00:00,9.51,
2022-04-24 14:15:00,9.42,
2022-04-24 14:30:00,9.29,
2022-04-24 14:45:00,9.3,
2022-04-24 15:00:00,9.4,
2022-04-24 15:15:00,9.43,
2022-04-24 15:30:00,9.46,
2022-04-24 15:45:00,9.46,
2022-04-24 16:00:00,9.46,
2022-04-24 16:15:00,9.42,
2022-04-24 16:30:00,9.31,
2022-04-24 16:45:00,9.31,
2022-04-24 17:00:00,9.32,
2022-04-24 17:15:00,9.28,
2022-04-24 17:30:00,9.24,
2022-04-24 17:45:00,9.19,
2022-04-24 18:00:00,9.17,
2022-04-24 18:15:00,9.08,
2022-04-24 18:30:00,9.05,
2022-04-24 18:45:00,9.03,
2022-04-24 19:00:00,9.0,
2022-04-24 19:15:00,8.98,
2022-04-24 19:30:00,8.98,
2022-04-24 19:45:00,9.0,
2022-04-24 20:00:00,9.03,
2022-04-24 20:15:00,9.06,
2022-04-24 20:30:00,9.11,
2022-04-24 20:45:00,9.15,
2022-04-24 21:00:00,9.2,
2022-04-24 21:15:00,9.24,
2022-04-24 21:30:00,9.28,
2022-04-24 21:45:00,9.32,
2022-04-24 22:00:00,9.37,
2022-04-24 22:15:00,9.4,
2022-04-24 22:30:00,9.45,
2022-04-24 22:45:00,9.48,
2022-04-24 23:00:00,9.53,
2022-04-24 23:15:00,9.56,
2022-04-24 23:30:00,9.6,
2022-04-24 23:45:00,9.64,
2022-04-25 00:00:00,9.67,
2022-04-25 00:15:00,9.71,
2022-04-25 00:30:00,9.75,
2022-04-25 00:45:00,9.78,
2022-04-25 01:00:00,9.82,
2022-04-25 01:15:00,9.86,
2022-04-25 01:30:00,9.89,
2022-04-25 01:45:00,9.93,
2022-04-25 02:00:00,9.95,
2022-04-25 02:15:00,9.98,
2022-04-25 02:30:00,10.01,
2022-04-25 02:45:00,10.05,
2022-04-25 03:00:00,10.08,
2022-04-25 03:15:00,10.11,
2022-04-25 03:30:00,10.14,
2022-04-25 03:45:00,10.17,
2022-04-25 04:00:00,10.2,
2022-04-25 04:15:00,10.23,
2022-04-25 04:30:00,10.25,
2022-04-25 04:45:00,10.28,
2022-04-25 05:00:00,10.31,
2022-04-25 05:15:00,10.33,
2022-04-25 05:30:00,10.36,
2022-04-25 05:45:00,10.4,
2022-04-25 06:00:00,10.47,
2022-04-25 06:15:00,10.52,
2022-04-25 06:30:00,10.59,
2022-04-25 06:45:00,10.65,
2022-04-25 07:00:00,10.71,
2022-04-25 07:15:00,10.76,
2022-04-25 07:30:00,10.81,
2022-04-25 07:45:00,10.86,
2022-04-25 08:00:00,10.89,
2022-04-25 08:15:00,10.89,
2022-04-25 08:30:00,10.89,
2022-04-25 08:45:00,10.88,
2022-04-25 09:00:00,10.85,
2022-04-25 09:15:00,10.79,
2022-04-25 09:30:00,10.73,
2022-04-25 09:45:00,10.66,
2022-04-25 10:00:00,10.58,
2022-04-25 10:15:00,10.5,
2022-04-25 10:30:00,10.42,
2022-04-25 10:45:00,10.34,
2022-04-25 11:00:00,10.25,
2022-04-25 11:15:00,10.18,
2022-04-25 11:30:00,10.1,
2022-04-25 11:45:00,10.01,
2022-04-25 12:00:00,9.93,
2022-04-25 12:15:00,9.85,
2022-04-25 12:30:00,9.76,
2022-04-25 12:45:00,9.69,
2022-04-25 13:00:00,9.61,
2022-04-25 13:15:00,9.55,
2022-04-25 13:30:00,9.5,
2022-04-25 13:45:00,9.44,
2022-04-25 14:00:00,9.36,
2022-04-25 14:15:00,9.3,
2022-04-25 14:30:00,9.26,
2022-04-25 14:45:00,9.22,
2022-04-25 15:00:00,9.21,
2022-04-25 15:15:00,9.22,
2022-04-25 15:30:00,9.19,
2022-04-25 15:45:00,9.14,
2022-04-25 16:00:00,9.11,
2022-04-25 16:15:00,9.09,
2022-04-25 16:30:00,9.08,
2022-04-25 16:45:00,9.01,
2022-04-25 17:00:00,8.97,
2022-04-25 17:15:00,8.86,
2022-04-25 17:30:00,8.88,
2022-04-25 17:45:00,8.86,
2022-04-25 18:00:00,8.79,
2022-04-25 18:15:00,8.77,
2022-04-25 18:30:00,8.75,
2022-04-25 18:45:00,8.72,
2022-04-25 19:00:00,8.67,
2022-04-25 19:15:00,8.63,
2022-04-25 19:30:00,8.62,
2022-04-25 19:45:00,8.64,
2022-04-25 20:00:00,8.68,
2022-04-25 20:15:00,8.72,
2022-04-25 20:30:00,8.76,
2022-04-25 20:45:00,8.81,
2022-04-25 21:00:00,8.85,
2022-04-25 21:15:00,8.9,
2022-04-25 21:30:00,8.94,
2022-04-25 21:45:00,8.98,
2022-04-25 22:00:00,9.04,
2022-04-25 22:15:00,9.08,
2022-04-25 22:30:00,9.11,
2022-04-25 22:45:00,9.15,
2022-04-25 23:00:00,9.19,
2022-04-25 23:15:00,9.21,
2022-04-25 23:30:00,9.25,
2022-04-25 23:45:00,9.29,
2022-04-26 00:00:00,9.32,
2022-04-26 00:15:00,9.36,
2022-04-26 00:30:00,9.4,
2022-04-26 00:45:00,9.44,
2022-04-26 01:00:00,9.47,
2022-04-26 01:15:00,9.51,
2022-04-26 01:30:00,9.54,
2022-04-26 01:45:00,9.57,
2022-04-26 02:00:00,9.6,
2022-04-26 02:15:00,9.64,
2022-04-26 02:30:00,9.67,
2022-04-26 02:45:00,9.69,
2022-04-26 03:00:00,9.71,
2022-04-26 03:15:00,9.74,
2022-04-26 03:30:00,9.78,
2022-04-26 03:45:00,9.8,
2022-04-26 04:00:00,9.83,
2022-04-26 04:15:00,9.85,
2022-04-26 04:30:00,9.88,
2022-04-26 04:45:00,9.9,
2022-04-26 05:00:00,9.92,
2022-04-26 05:15:00,9.95,
2022-04-26 05:30:00,9.97,
2022-04-26 05:45:00,10.02,
2022-04-26 06:00:00,10.08,
2022-04-26 06:15:00,10.15,
2022-04-26 06:30:00,10.22,
2022-04-26 06:45:00,10.28,
2022-04-26 07:00:00,10.38,
2022-04-26 07:15:00,10.42,
2022-04-26 07:30:00,10.44,
2022-04-26 07:45:00,10.48,
2022-04-26 08:00:00,10.51,
2022-04-26 08:15:00,10.52,
2022-04-26 08:30:00,10.55,
2022-04-26 08:45:00,10.54,
2022-04-26 09:00:00,10.51,
2022-04-26 09:15:00,10.49,
2022-04-26 09:30:00,10.47,
2022-04-26 09:45:00,10.41,
2022-04-26 10:00:00,10.38,
2022-04-26 10:15:00,10.33,
2022-04-26 10:30:00,10.29,
2022-04-26 10:45:00,10.25,
2022-04-26 11:00:00,10.21,
2022-04-26 11:15:00,10.11,
2022-04-26 11:30:00,10.03,
2022-04-26 11:45:00,10.0,
2022-04-26 12:00:00,9.92,
2022-04-26 12:15:00,9.85,
2022-04-26 12:30:00,9.78,
2022-04-26 12:45:00,9.68,
2022-04-26 13:00:00,9.59,
2022-04-26 13:15:00,9.49,
2022-04-26 13:30:00,9.46,
2022-04-26 13:45:00,9.46,
2022-04-26 14:00:00,9.4,
2022-04-26 14:15:00,9.38,
2022-04-26 14:30:00,9.25,
2022-04-26 14:45:00,9.17,
2022-04-26 15:00:00,9.11,
2022-04-26 15:15:00,9.2,
2022-04-26 15:30:00,9.17,
2022-04-26 15:45:00,9.1,
2022-04-26 16:00:00,9.12,
2022-04-26 16:15:00,9.08,
2022-04-26 16:30:00,8.96,
2022-04-26 16:45:00,8.94,
2022-04-26 17:00:00,9.01,
2022-04-26 17:15:00,9.0,
2022-04-26 17:30:00,8.92,
2022-04-26 17:45:00,8.92,
2022-04-26 18:00:00,8.86,
2022-04-26 18:15:00,8.76,
2022-04-26 18:30:00,8.69,
2022-04-26 18:45:00,8.66,
2022-04-26 19:00:00,8.65,
2022-04-26 19:15:00,8.65,
2022-04-26 19:30:00,8.66,
2022-04-26 19:45:00,8.68,
2022-04-26 20:00:00,8.71,
2022-04-26 20:15:00,8.75,
2022-04-26 20:30:00,8.78,
2022-04-26 20:45:00,8.82,
2022-04-26 21:00:00,8.85,
2022-04-26 21:15:00,8.89,
2022-04-26 21:30:00,8.91,
2022-04-26 21:45:00,8.95,
2022-04-26 22:00:00,8.98,
2022-04-26 22:15:00,9.0,
2022-04-26 22:30:00,9.04,
2022-04-26 22:45:00,9.05,
2022-04-26 23:00:00,9.09,
2022-04-26 23:15:00,9.11,
2022-04-26 23:30:00,9.13,
2022-04-26 23:45:00,9.16,
2022-04-27 00:00:00,9.19,
2022-04-27 00:15:00,9.21,
2022-04-27 00:30:00,9.23,
2022-04-27 00:45:00,9.25,
2022-04-27 01:00:00,9.28,
2022-04-27 01:15:00,9.3,
2022-04-27 01:30:00,9.32,
2022-04-27 01:45:00,9.34,
2022-04-27 02:00:00,9.35,
2022-04-27 02:15:00,9.36,
2022-04-27 02:30:00,9.37,
2022-04-27 02:45:00,9.39,
2022-04-27 03:00:00,9.41,
2022-04-27 03:15:00,9.43,
2022-04-27 03:30:00,9.45,
2022-04-27 03:45:00,9.46,
2022-04-27 04:00:00,9.48,
2022-04-27 04:15:00,9.5,
2022-04-27 04:30:00,9.51,
2022-04-27 04:45:00,9.53,
2022-04-27 05:00:00,9.54,
2022-04-27 05:15:00,9.55,
2022-04-27 05:30:00,9.57,
2022-04-27 05:45:00,9.58,
2022-04-27 06:00:00,9.62,
2022-04-27 06:15:00,9.65,
2022-04-27 06:30:00,9.7,
2022-04-27 06:45:00,9.73,
2022-04-27 07:00:00,9.77,
2022-04-27 07:15:00,9.85,
2022-04-27 07:30:00,9.94,
2022-04-27 07:45:00,10.0,
2022-04-27 08:00:00,10.02,
2022-04-27 08:15:00,10.04,
2022-04-27 08:30:00,10.06,
2022-04-27 08:45:00,10.09,
2022-04-27 09:00:00,10.09,
2022-04-27 09:15:00,10.09,
2022-04-27 09:30:00,10.1,
2022-04-27 09:45:00,10.09,
2022-04-27 10:00:00,10.06,
2022-04-27 10:15:00,9.99,
2022-04-27 10:30:00,9.95,
2022-04-27 10:45:00,9.88,
2022-04-27 11:00:00,9.83,
2022-04-27 11:15:00,9.75,
2022-04-27 11:30:00,9.69,
2022-04-27 11:45:00,9.65,
2022-04-27 12:00:00,9.59,
2022-04-27 12:15:00,9.56,
2022-04-27 12:30:00,9.53,
2022-04-27 12:45:00,9.5,
2022-04-27 13:00:00,9.48,
2022-04-27 13:15:00,9.42,
2022-04-27 13:30:00,9.42,
2022-04-27 13:45:00,9.37,
2022-04-27 14:00:00,9.35,
2022-04-27 14:15:00,9.17,
2022-04-27 14:30:00,9.07,
2022-04-27 14:45:00,9.06,
2022-04-27 15:00:00,9.04,
2022-04-27 15:15:00,8.96,
2022-04-27 15:30:00,8.77,
2022-04-27 15:45:00,8.72,
2022-04-27 16:00:00,8.79,
2022-04-27 16:15:00,8.73,
2022-04-27 16:30:00,8.81,
2022-04-27 16:45:00,8.81,
2022-04-27 17:00:00,8.78,
2022-04-27 17:15:00,8.73,
2022-04-27 17:30:00,8.65,
2022-04-27 17:45:00,8.6,
2022-04-27 18:00:00,8.51,
2022-04-27 18:15:00,8.45,
2022-04-27 18:30:00,8.4,
2022-04-27 18:45:00,8.37,
2022-04-27 19:00:00,8.34,
2022-04-27 19:15:00,8.34,
2022-04-27 19:30:00,8.36,
2022-04-27 19:45:00,8.38,
2022-04-27 20:00:00,8.4,
2022-04-27 20:15:00,8.44,
2022-04-27 20:30:00,8.48,
2022-04-27 20:45:00,8.52,
2022-04-27 21:00:00,8.55,
2022-04-27 21:15:00,8.6,
2022-04-27 21:30:00,8.64,
2022-04-27 21:45:00,8.68,
2022-04-27 22:00:00,8.71,
2022-04-27 22:15:00,8.75,
2022-04-27 22:30:00,8.79,
2022-04-27 22:45:00,8.82,
2022-04-27 23:00:00,8.85,
2022-04-27 23:15:00,8.89,
2022-04-27 23:30:00,8.92,
2022-04-27 23:45:00,8.96,
2022-04-28 00:00:00,8.99,
2022-04-28 00:15:00,9.03,
2022-04-28 00:30:00,9.06,
2022-04-28 00:45:00,9.09,
2022-04-28 01:00:00,9.13,
2022-04-28 01:15:00,9.16,
2022-04-28 01:30:00,9.19,
2022-04-28 01:45:00,9.22,
2022-04-28 02:00:00,9.24,
2022-04-28 02:15:00,9.28,
2022-04-28 02:30:00,9.3,
2022-04-28 02:45:00,9.34,
2022-04-28 03:00:00,9.36,
2022-04-28 03:15:00,9.39,
2022-04-28 03:30:00,9.41,
2022-04-28 03:45:00,9.44,
2022-04-28 04:00:00,9.46,
2022-04-28 04:15:00,9.49,
2022-04-28 04:30:00,9.51,
2022-04-28 04:45:00,9.53,
2022-04-28 05:00:00,9.55,
2022-04-28 05:15:00,9.57,
2022-04-28 05:30:00,9.6,
2022-04-28 05:45:00,9.63,
2022-04-28 06:00:00,9.69,
2022-04-28 06:15:00,9.74,
2022-04-28 06:30:00,9.8,
2022-04-28 06:45:00,9.82,
2022-04-28 07:00:00,9.92,
2022-04-28 07:15:00,10.0,
2022-04-28 07:30:00,10.04,
2022-04-28 07:45:00,10.06,
2022-04-28 08:00:00,10.07,
2022-04-28 08:15:00,10.05,
2022-04-28 08:30:00,10.03,
2022-04-28 08:45:00,10.03,
2022-04-28 09:00:00,10.04,
2022-04-28 09:15:00,10.05,
2022-04-28 09:30:00,10.02,
2022-04-28 09:45:00,10.0,
2022-04-28 10:00:00,9.99,
2022-04-28 10:15:00,9.98,
2022-04-28 10:30:00,9.96,
2022-04-28 10:45:00,9.95,
2022-04-28 11:00:00,9.89,
2022-04-28 11:15:00,9.89,
2022-04-28 11:30:00,9.86,
2022-04-28 11:45:00,9.81,
2022-04-28 12:00:00,9.78,
2022-04-28 12:15:00,9.67,
2022-04-28 12:30:00,9.66,
2022-04-28 12:45:00,9.71,
2022-04-28 13:00:00,9.69,
2022-04-28 13:15:00,9.62,
2022-04-28 13:30:00,9.55,
2022-04-28 13:45:00,9.48,
2022-04-28 14:00:00,9.43,
2022-04-28 14:15:00,9.31,
2022-04-28 14:30:00,9.23,
2022-04-28 14:45:00,9.25,
2022-04-28 15:00:00,9.23,
2022-04-28 15:15:00,9.16,
2022-04-28 15:30:00,9.06,
2022-04-28 15:45:00,9.1,
2022-04-28 16:00:00,9.06,
2022-04-28 16:15:00,8.99,
2022-04-28 16:30:00,8.91,
2022-04-28 16:45:00,8.77,
2022-04-28 17:00:00,8.66,
2022-04-28 17:15:00,8.67,
2022-04-28 17:30:00,8.61,
2022-04-28 17:45:00,8.59,
2022-04-28 18:00:00,8.48,
2022-04-28 18:15:00,8.41,
2022-04-28 18:30:00,8.48,
2022-04-28 18:45:00,8.6,
2022-04-28 19:00:00,8.59,
2022-04-28 19:15:00,8.53,
2022-04-28 19:30:00,8.51,
2022-04-28 19:45:00,8.51,
2022-04-28 20:00:00,8.54,
2022-04-28 20:15:00,8.58,
2022-04-28 20:30:00,8.61,
2022-04-28 20:45:00,8.65,
2022-04-28 21:00:00,8.7,
2022-04-28 21:15:00,8.73,
2022-04-28 21:30:00,8.77,
2022-04-28 21:45:00,8.82,
2022-04-28 22:00:00,8.85,
2022-04-28 22:15:00,8.89,
2022-04-28 22:30:00,8.93,
2022-04-28 22:45:00,8.96,
2022-04-28 23:00:00,8.98,
2022-04-28 23:15:00,9.02,
2022-04-28 23:30:00,9.05,
2022-04-28 23:45:00,9.08,
2022-04-29 00:00:00,9.11,
2022-04-29 00:15:00,9.14,
2022-04-29 00:30:00,9.16,
2022-04-29 00:45:00,9.19,
2022-04-29 01:00:00,9.21,
2022-04-29 01:15:00,9.24,
2022-04-29 01:30:00,9.28,
2022-04-29 01:45:00,9.31,
2022-04-29 02:00:00,9.35,
2022-04-29 02:15:00,9.39,
2022-04-29 02:30:00,9.42,
2022-04-29 02:45:00,9.45,
2022-04-29 03:00:00,9.48,
2022-04-29 03:15:00,9.5,
2022-04-29 03:30:00,9.53,
2022-04-29 03:45:00,9.56,
2022-04-29 04:00:00,9.58,
2022-04-29 04:15:00,9.61,
2022-04-29 04:30:00,9.64,
2022-04-29 04:45:00,9.67,
2022-04-29 05:00:00,9.71,
2022-04-29 05:15:00,9.73,
2022-04-29 05:30:00,9.75,
2022-04-29 05:45:00,9.78,
2022-04-29 06:00:00,9.81,
2022-04-29 06:15:00,9.86,
2022-04-29 06:30:00,9.9,
2022-04-29 06:45:00,9.94,
2022-04-29 07:00:00,9.99,
2022-04-29 07:15:00,10.04,
2022-04-29 07:30:00,10.12,
2022-04-29 07:45:00,10.15,
2022-04-29 08:00:00,10.12,
2022-04-29 08:15:00,10.14,
2022-04-29 08:30:00,10.18,
2022-04-29 08:45:00,10.2,
2022-04-29 09:00:00,10.2,
2022-04-29 09:15:00,10.24,
2022-04-29 09:30:00,10.24,
2022-04-29 09:45:00,10.25,
2022-04-29 10:00:00,10.32,
2022-04-29 10:15:00,10.38,
2022-04-29 10:30:00,10.35,
2022-04-29 10:45:00,10.38,
2022-04-29 11:00:00,10.38,
2022-04-29 11:15:00,10.39,
2022-04-29 11:30:00,10.4,
2022-04-29 11:45:00,10.37,
2022-04-29 12:00:00,10.29,
2022-04-29 12:15:00,10.29,
2022-04-29 12:30:00,10.29,
2022-04-29 12:45:00,10.27,
2022-04-29 13:00:00,10.16,
2022-04-29 13:15:00,10.06,
2022-04-29 13:30:00,9.94,
2022-04-29 13:45:00,9.86,
2022-04-29 14:00:00,9.87,
2022-04-29 14:15:00,9.87,
2022-04-29 14:30:00,9.84,
2022-04-29 14:45:00,9.74,
2022-04-29 15:00:00,9.6,
2022-04-29 15:15:00,9.61,
2022-04-29 15:30:00,9.62,
2022-04-29 15:45:00,9.48,
2022-04-29 16:00:00,9.45,
2022-04-29 16:15:00,9.49,
2022-04-29 16:30:00,9.47,
2022-04-29 16:45:00,9.48,
2022-04-29 17:00:00,9.51,
2022-04-29 17:15:00,9.54,
2022-04-29 17:30:00,9.42,
2022-04-29 17:45:00,9.42,
2022-04-29 18:00:00,9.41,
2022-04-29 18:15:00,9.39,
2022-04-29 18:30:00,9.36,
2022-04-29 18:45:00,9.35,
2022-04-29 19:00:00,9.35,
2022-04-29 19:15:00,9.34,
2022-04-29 19:30:00,9.34,
2022-04-29 19:45:00,9.35,
2022-04-29 20:00:00,9.37,
2022-04-29 20:15:00,9.4,
2022-04-29 20:30:00,9.44,
2022-04-29 20:45:00,9.47,
2022-04-29 21:00:00,9.51,
2022-04-29 21:15:00,9.54,
2022-04-29 21:30:00,9.58,
2022-04-29 21:45:00,9.61,
2022-04-29 22:00:00,9.64,
2022-04-29 22:15:00,9.68,
2022-04-29 22:30:00,9.7,
2022-04-29 22:45:00,9.73,
2022-04-29 23:00:00,9.76,
2022-04-29 23:15:00,9.79,
2022-04-29 23:30:00,9.83,
2022-04-29 23:45:00,9.86,
2022-04-30 00:00:00,9.89,
2022-04-30 00:15:00,9.92,
2022-04-30 00:30:00,9.95,
2022-04-30 00:45:00,9.98,
2022-04-30 01:00:00,10.01,
2022-04-30 01:15:00,10.04,
2022-04-30 01:30:00,10.07,
2022-04-30 01:45:00,10.1,
2022-04-30 02:00:00,10.13,
2022-04-30 02:15:00,10.15,
2022-04-30 02:30:00,10.18,
2022-04-30 02:45:00,10.21,
2022-04-30 03:00:00,10.24,
2022-04-30 03:15:00,10.27,
2022-04-30 03:30:00,10.3,
2022-04-30 03:45:00,10.32,
2022-04-30 04:00:00,10.35,
2022-04-30 04:15:00,10.36,
2022-04-30 04:30:00,10.4,
2022-04-30 04:45:00,10.42,
2022-04-30 05:00:00,10.43,
2022-04-30 05:15:00,10.45,
2022-04-30 05:30:00,10.48,
2022-04-30 05:45:00,10.52,
2022-04-30 06:00:00,10.56,
2022-04-30 06:15:00,10.61,
2022-04-30 06:30:00,10.65,
2022-04-30 06:45:00,10.7,
2022-04-30 07:00:00,10.74,
2022-04-30 07:15:00,10.77,
2022-04-30 07:30:00,10.81,
2022-04-30 07:45:00,10.83,
2022-04-30 08:00:00,10.84,
2022-04-30 08:15:00,10.84,
2022-04-30 08:30:00,10.83,
2022-04-30 08:45:00,10.79,
2022-04-30 09:00:00,10.74,
2022-04-30 09:15:00,10.67,
2022-04-30 09:30:00,10.61,
2022-04-30 09:45:00,10.53,
2022-04-30 10:00:00,10.45,
2022-04-30 10:15:00,10.36,
2022-04-30 10:30:00,10.29,
2022-04-30 10:45:00,10.19,
2022-04-30 11:00:00,10.11,
2022-04-30 11:15:00,10.02,
2022-04-30 11:30:00,9.93,
2022-04-30 11:45:00,9.84,
2022-04-30 12:00:00,9.76,
2022-04-30 12:15:00,9.68,
2022-04-30 12:30:00,9.59,
2022-04-30 12:45:00,9.53,
2022-04-30 13:00:00,9.47,
2022-04-30 13:15:00,9.43,
2022-04-30 13:30:00,9.36,
2022-04-30 13:45:00,9.31,
2022-04-30 14:00:00,9.25,
2022-04-30 14:15:00,9.2,
2022-04-30 14:30:00,9.14,
2022-04-30 14:45:00,9.1,
2022-04-30 15:00:00,9.05,
2022-04-30 15:15:00,9.0,
2022-04-30 15:30:00,8.93,
2022-04-30 15:45:00,8.91,
2022-04-30 16:00:00,8.9,
2022-04-30 16:15:00,8.81,
2022-04-30 16:30:00,8.83,
2022-04-30 16:45:00,8.85,
2022-04-30 17:00:00,8.81,
2022-04-30 17:15:00,8.71,
2022-04-30 17:30:00,8.66,
2022-04-30 17:45:00,8.66,
2022-04-30 18:00:00,8.68,
2022-04-30 18:15:00,8.65,
2022-04-30 18:30:00,8.62,
2022-04-30 18:45:00,8.58,
2022-04-30 19:00:00,8.56,
2022-04-30 19:15:00,8.54,
2022-04-30 19:30:00,8.55,
2022-04-30 19:45:00,8.56,
2022-04-30 20:00:00,8.59,
2022-04-30 20:15:00,8.62,
2022-04-30 20:30:00,8.66,
2022-04-30 20:45:00,8.69,
2022-04-30 21:00:00,8.72,
2022-04-30 21:15:00,8.76,
2022-04-30 21:30:00,8.79,
2022-04-30 21:45:00,8.81,
2022-04-30 22:00:00,8.85,
2022-04-30 22:15:00,8.88,
2022-04-30 22:30:00,8.92,
2022-04-30 22:45:00,8.95,
2022-04-30 23:00:00,8.99,
2022-04-30 23:15:00,9.01,
2022-04-30 23:30:00,9.05,
2022-04-30 23:45:00,9.09,
2022-05-01 00:00:00,9.12,
2022-05-01 00:15:00,9.17,
2022-05-01 00:30:00,9.2,
2022-05-01 00:45:00,9.23,
2022-05-01 01:00:00,9.25,
2022-05-01 01:15:00,9.28,
2022-05-01 01:30:00,9.3,
2022-05-01 01:45:00,9.33,
2022-05-01 02:00:00,9.36,
2022-05-01 02:15:00,9.38,
2022-05-01 02:30:00,9.4,
2022-05-01 02:45:00,9.42,
2022-05-01 03:00:00,9.44,
2022-05-01 03:15:00,9.46,
2022-05-01 03:30:00,9.48,
2022-05-01 03:45:00,9.52,
2022-05-01 04:00:00,9.54,
2022-05-01 04:15:00,9.56,
2022-05-01 04:30:00,9.58,
2022-05-01 04:45:00,9.61,
2022-05-01 05:00:00,9.63,
2022-05-01 05:15:00,9.65,
2022-05-01 05:30:00,9.68,
2022-05-01 05:45:00,9.72,
2022-05-01 06:00:00,9.77,
2022-05-01 06:15:00,9.82,
2022-05-01 06:30:00,9.88,
2022-05-01 06:45:00,9.93,
2022-05-01 07:00:00,9.97,
2022-05-01 07:15:00,10.01,
2022-05-01 07:30:00,10.04,
2022-05-01 07:45:00,10.06,
2022-05-01 08:00:00,10.09,
2022-05-01 08:15:00,10.12,
2022-05-01 08:30:00,10.14,
2022-05-01 08:45:00,10.13,
2022-05-01 09:00:00,10.09,
2022-05-01 09:15:00,10.05,
2022-05-01 09:30:00,10.0,
2022-05-01 09:45:00,9.95,
2022-05-01 10:00:00,9.9,
2022-05-01 10:15:00,9.84,
2022-05-01 10:30:00,9.78,
2022-05-01 10:45:00,9.68,
2022-05-01 11:00:00,9.66,
2022-05-01 11:15:00,9.6,
2022-05-01 11:30:00,9.55,
2022-05-01 11:45:00,9.44,
2022-05-01 12:00:00,9.41,
2022-05-01 12:15:00,9.39,
2022-05-01 12:30:00,9.36,
2022-05-01 12:45:00,9.3,
2022-05-01 13:00:00,9.2,
2022-05-01 13:15:00,9.15,
2022-05-01 13:30:00,9.17,
2022-05-01 13:45:00,9.08,
2022-05-01 14:00:00,9.03,
2022-05-01 14:15:00,8.93,
2022-05-01 14:30:00,8.89,
2022-05-01 14:45:00,8.96,
2022-05-01 15:00:00,8.94,
2022-05-01 15:15:00,8.88,
2022-05-01 15:30:00,8.77,
2022-05-01 15:45:00,8.79,
2022-05-01 16:00:00,8.67,
2022-05-01 16:15:00,8.53,
2022-05-01 16:30:00,8.45,
2022-05-01 16:45:00,8.43,
2022-05-01 17:00:00,8.45,
2022-05-01 17:15:00,8.47,
2022-05-01 17:30:00,8.48,
2022-05-01 17:45:00,8.48,
2022-05-01 18:00:00,8.48,
2022-05-01 18:15:00,8.5,
2022-05-01 18:30:00,8.53,
2022-05-01 18:45:00,8.55,
2022-05-01 19:00:00,8.58,
2022-05-01 19:15:00,8.6,
2022-05-01 19:30:00,8.63,
2022-05-01 19:45:00,8.66,
2022-05-01 20:00:00,8.7,
2022-05-01 20:15:00,8.74,
2022-05-01 20:30:00,8.79,
2022-05-01 20:45:00,8.83,
2022-05-01 21:00:00,8.87,
2022-05-01 21:15:00,8.91,
2022-05-01 21:30:00,8.94,
2022-05-01 21:45:00,8.99,
2022-05-01 22:00:00,9.03,
2022-05-01 22:15:00,9.06,
2022-05-01 22:30:00,9.1,
2022-05-01 22:45:00,9.12,
2022-05-01 23:00:00,9.16,
2022-05-01 23:15:00,9.18,
2022-05-01 23:30:00,9.21,
2022-05-01 23:45:00,9.23,
2022-05-02 00:00:00,9.26,
2022-05-02 00:15:00,9.28,
2022-05-02 00:30:00,9.3,
2022-05-02 00:45:00,9.33,
2022-05-02 01:00:00,9.35,
2022-05-02 01:15:00,9.38,
2022-05-02 01:30:00,9.4,
2022-05-02 01:45:00,9.42,
2022-05-02 02:00:00,9.43,
2022-05-02 02:15:00,9.45,
2022-05-02 02:30:00,9.47,
2022-05-02 02:45:00,9.49,
2022-05-02 03:00:00,9.49,
2022-05-02 03:15:00,9.5,
2022-05-02 03:30:00,9.52,
2022-05-02 03:45:00,9.53,
2022-05-02 04:00:00,9.54,
2022-05-02 04:15:00,9.55,
2022-05-02 04:30:00,9.56,
2022-05-02 04:45:00,9.57,
2022-05-02 05:00:00,9.59,
2022-05-02 05:15:00,9.59,
2022-05-02 05:30:00,9.61,
2022-05-02 05:45:00,9.63,
2022-05-02 06:00:00,9.65,
2022-05-02 06:15:00,9.68,
2022-05-02 06:30:00,9.71,
2022-05-02 06:45:00,9.76,
2022-05-02 07:00:00,9.77,
2022-05-02 07:15:00,9.8,
2022-05-02 07:30:00,9.86,
2022-05-02 07:45:00,9.88,
2022-05-02 08:00:00,9.89,
2022-05-02 08:15:00,9.88,
2022-05-02 08:30:00,9.89,
2022-05-02 08:45:00,9.91,
2022-05-02 09:00:00,9.93,
2022-05-02 09:15:00,9.9,
2022-05-02 09:30:00,9.92,
2022-05-02 09:45:00,9.9,
2022-05-02 10:00:00,9.78,
2022-05-02 10:15:00,9.7,
2022-05-02 10:30:00,9.73,
2022-05-02 10:45:00,9.7,
2022-05-02 11:00:00,9.62,
2022-05-02 11:15:00,9.58,
2022-05-02 11:30:00,9.45,
2022-05-02 11:45:00,9.38,
2022-05-02 12:00:00,9.31,
2022-05-02 12:15:00,9.32,
2022-05-02 12:30:00,9.25,
2022-05-02 12:45:00,9.18,
2022-05-02 13:00:00,9.13,
2022-05-02 13:15:00,9.12,
2022-05-02 13:30:00,9.11,
2022-05-02 13:45:00,9.01,
2022-05-02 14:00:00,8.96,
2022-05-02 14:15:00,8.92,
2022-05-02 14:30:00,8.83,
2022-05-02 14:45:00,8.78,
2022-05-02 15:00:00,8.83,
2022-05-02 15:15:00,8.8,
2022-05-02 15:30:00,8.74,
2022-05-02 15:45:00,8.67,
2022-05-02 16:00:00,8.61,
2022-05-02 16:15:00,8.59,
2022-05-02 16:30:00,8.59,
2022-05-02 16:45:00,8.56,
2022-05-02 17:00:00,8.54,
2022-05-02 17:15:00,8.51,
2022-05-02 17:30:00,8.47,
2022-05-02 17:45:00,8.39,
2022-05-02 18:00:00,8.37,
2022-05-02 18:15:00,8.32,
2022-05-02 18:30:00,8.32,
2022-05-02 18:45:00,8.33,
2022-05-02 19:00:00,8.33,
2022-05-02 19:15:00,8.35,
2022-05-02 19:30:00,8.38,
2022-05-02 19:45:00,8.41,
2022-05-02 20:00:00,8.46,
2022-05-02 20:15:00,8.49,
2022-05-02 20:30:00,8.53,
2022-05-02 20:45:00,8.57,
2022-05-02 21:00:00,8.61,
2022-05-02 21:15:00,8.65,
2022-05-02 21:30:00,8.69,
2022-05-02 21:45:00,8.72,
2022-05-02 22:00:00,8.76,
2022-05-02 22:15:00,8.8,
2022-05-02 22:30:00,8.84,
2022-05-02 22:45:00,8.9,
2022-05-02 23:00:00,8.96,
2022-05-02 23:15:00,9.01,
2022-05-02 23:30:00,9.05,
2022-05-02 23:45:00,9.1,
2022-05-03 00:00:00,9.17,
2022-05-03 00:15:00,9.21,
2022-05-03 00:30:00,9.26,
2022-05-03 00:45:00,9.3,
2022-05-03 01:00:00,9.35,
2022-05-03 01:15:00,9.4,
2022-05-03 01:30:00,9.45,
2022-05-03 01:45:00,9.49,
2022-05-03 02:00:00,9.52,
2022-05-03 02:15:00,9.55,
2022-05-03 02:30:00,9.59,
2022-05-03 02:45:00,9.62,
2022-05-03 03:00:00,9.65,
2022-05-03 03:15:00,9.68,
2022-05-03 03:30:00,9.71,
2022-05-03 03:45:00,9.73,
2022-05-03 04:00:00,9.75,
2022-05-03 04:15:00,9.78,
2022-05-03 04:30:00,9.81,
2022-05-03 04:45:00,9.82,
2022-05-03 05:00:00,9.85,
2022-05-03 05:15:00,9.87,
2022-05-03 05:30:00,9.89,
2022-05-03 05:45:00,9.91,
2022-05-03 06:00:00,9.95,
2022-05-03 06:15:00,9.98,
2022-05-03 06:30:00,10.0,
2022-05-03 06:45:00,10.05,
2022-05-03 07:00:00,10.09,
2022-05-03 07:15:00,10.1,
2022-05-03 07:30:00,10.13,
2022-05-03 07:45:00,10.15,
2022-05-03 08:00:00,10.14,
2022-05-03 08:15:00,10.17,
2022-05-03 08:30:00,10.19,
2022-05-03 08:45:00,10.17,
2022-05-03 09:00:00,10.2,
2022-05-03 09:15:00,10.22,
2022-05-03 09:30:00,10.19,
2022-05-03 09:45:00,10.18,
2022-05-03 10:00:00,10.1,
2022-05-03 10:15:00,10.08,
2022-05-03 10:30:00,10.15,
2022-05-03 10:45:00,10.18,
2022-05-03 11:00:00,10.21,
2022-05-03 11:15:00,10.19,
2022-05-03 11:30:00,10.12,
2022-05-03 11:45:00,10.0,
2022-05-03 12:00:00,9.92,
2022-05-03 12:15:00,9.95,
2022-05-03 12:30:00,9.89,
2022-05-03 12:45:00,9.89,
2022-05-03 13:00:00,9.83,
2022-05-03 13:15:00,9.7,
2022-05-03 13:30:00,9.68,
2022-05-03 13:45:00,9.65,
2022-05-03 14:00:00,9.56,
2022-05-03 14:15:00,9.4,
2022-05-03 14:30:00,9.48,
2022-05-03 14:45:00,9.5,
2022-05-03 15:00:00,9.4,
2022-05-03 15:15:00,9.29,
2022-05-03 15:30:00,9.26,
2022-05-03 15:45:00,9.28,
2022-05-03 16:00:00,9.28,
2022-05-03 16:15:00,9.25,
2022-05-03 16:30:00,9.3,
2022-05-03 16:45:00,9.3,
2022-05-03 17:00:00,9.23,
2022-05-03 17:15:00,9.24,
2022-05-03 17:30:00,9.21,
2022-05-03 17:45:00,9.19,
2022-05-03 18:00:00,9.14,
2022-05-03 18:15:00,9.12,
2022-05-03 18:30:00,9.12,
2022-05-03 18:45:00,9.12,
2022-05-03 19:00:00,9.13,
2022-05-03 19:15:00,9.14,
2022-05-03 19:30:00,9.16,
2022-05-03 19:45:00,9.18,
2022-05-03 20:00:00,9.23,
2022-05-03 20:15:00,9.26,
2022-05-03 20:30:00,9.29,
2022-05-03 20:45:00,9.33,
2022-05-03 21:00:00,9.36,
2022-05-03 21:15:00,9.39,
2022-05-03 21:30:00,9.42,
2022-05-03 21:45:00,9.44,
2022-05-03 22:00:00,9.47,
2022-05-03 22:15:00,9.5,
2022-05-03 22:30:00,9.53,
2022-05-03 22:45:00,9.56,
2022-05-03 23:00:00,9.59,
2022-05-03 23:15:00,9.62,
2022-05-03 23:30:00,9.66,
2022-05-03 23:45:00,9.69,
2022-05-04 00:00:00,9.72,
2022-05-04 00:15:00,9.76,
2022-05-04 00:30:00,9.8,
2022-05-04 00:45:00,9.83,
2022-05-04 01:00:00,9.87,
2022-05-04 01:15:00,9.92,
2022-05-04 01:30:00,9.95,
2022-05-04 01:45:00,9.98,
2022-05-04 02:00:00,10.0,
2022-05-04 02:15:00,10.02,
2022-05-04 02:30:00,10.04,
2022-05-04 02:45:00,10.04,
2022-05-04 03:00:00,10.04,
2022-05-04 03:15:00,10.05,
2022-05-04 03:30:00,10.05,
2022-05-04 03:45:00,10.06,
2022-05-04 04:00:00,10.06,
2022-05-04 04:15:00,10.06,
2022-05-04 04:30:00,10.06,
2022-05-04 04:45:00,10.06,
2022-05-04 05:00:00,10.06,
2022-05-04 05:15:00,10.07,
2022-05-04 05:30:00,10.07,
2022-05-04 05:45:00,10.08,
2022-05-04 06:00:00,10.1,
2022-05-04 06:15:00,10.12,
2022-05-04 06:30:00,10.15,
2022-05-04 06:45:00,10.19,
2022-05-04 07:00:00,10.21,
2022-05-04 07:15:00,10.24,
2022-05-04 07:30:00,10.27,
2022-05-04 07:45:00,10.29,
2022-05-04 08:00:00,10.3,
2022-05-04 08:15:00,10.32,
2022-05-04 08:30:00,10.34,
2022-05-04 08:45:00,10.33,
2022-05-04 09:00:00,10.33,
2022-05-04 09:15:00,10.28,
2022-05-04 09:30:00,10.29,
2022-05-04 09:45:00,10.26,
2022-05-04 10:00:00,10.22,
2022-05-04 10:15:00,10.13,
2022-05-04 10:30:00,10.05,
2022-05-04 10:45:00,9.99,
2022-05-04 11:00:00,9.95,
2022-05-04 11:15:00,9.91,
2022-05-04 11:30:00,9.85,
2022-05-04 11:45:00,9.83,
2022-05-04 12:00:00,9.83,
2022-05-04 12:15:00,9.86,
2022-05-04 12:30:00,9.86,
2022-05-04 12:45:00,9.83,
2022-05-04 13:00:00,9.74,
2022-05-04 13:15:00,9.59,
2022-05-04 13:30:00,9.5,
2022-05-04 13:45:00,9.4,
2022-05-04 14:00:00,9.34,
2022-05-04 14:15:00,9.27,
2022-05-04 14:30:00,9.15,
2022-05-04 14:45:00,9.1,
2022-05-04 15:00:00,9.1,
2022-05-04 15:15:00,9.07,
2022-05-04 15:30:00,9.06,
2022-05-04 15:45:00,9.03,
2022-05-04 16:00:00,9.0,
2022-05-04 16:15:00,8.94,
2022-05-04 16:30:00,8.9,
2022-05-04 16:45:00,8.85,
2022-05-04 17:00:00,8.86,
2022-05-04 17:15:00,8.82,
2022-05-04 17:30:00,8.77,
2022-05-04 17:45:00,8.74,
2022-05-04 18:00:00,8.71,
2022-05-04 18:15:00,8.66,
2022-05-04 18:30:00,8.63,
2022-05-04 18:45:00,8.64,
2022-05-04 19:00:00,8.66,
2022-05-04 19:15:00,8.68,
2022-05-04 19:30:00,8.71,
2022-05-04 19:45:00,8.74,
2022-05-04 20:00:00,8.78,
2022-05-04 20:15:00,8.82,
2022-05-04 20:30:00,8.87,
2022-05-04 20:45:00,8.91,
2022-05-04 21:00:00,8.96,
2022-05-04 21:15:00,9.0,
2022-05-04 21:30:00,9.04,
2022-05-04 21:45:00,9.09,
2022-05-04 22:00:00,9.12,
2022-05-04 22:15:00,9.17,
2022-05-04 22:30:00,9.21,
2022-05-04 22:45:00,9.25,
2022-05-04 23:00:00,9.29,
2022-05-04 23:15:00,9.34,
2022-05-04 23:30:00,9.38,
2022-05-04 23:45:00,9.42,
2022-05-05 00:00:00,9.46,
2022-05-05 00:15:00,9.5,
2022-05-05 00:30:00,9.54,
2022-05-05 00:45:00,9.58,
2022-05-05 01:00:00,9.61,
2022-05-05 01:15:00,9.65,
2022-05-05 01:30:00,9.68,
2022-05-05 01:45:00,9.71,
2022-05-05 02:00:00,9.73,
2022-05-05 02:15:00,9.77,
2022-05-05 02:30:00,9.8,
2022-05-05 02:45:00,9.82,
2022-05-05 03:00:00,9.85,
2022-05-05 03:15:00,9.88,
2022-05-05 03:30:00,9.89,
2022-05-05 03:45:00,9.92,
2022-05-05 04:00:00,9.94,
2022-05-05 04:15:00,9.96,
2022-05-05 04:30:00,9.98,
2022-05-05 04:45:00,10.0,
2022-05-05 05:00:00,10.02,
2022-05-05 05:15:00,10.03,
2022-05-05 05:30:00,10.06,
2022-05-05 05:45:00,10.09,
2022-05-05 06:00:00,10.12,
2022-05-05 06:15:00,10.16,
2022-05-05 06:30:00,10.19,
2022-05-05 06:45:00,10.23,
2022-05-05 07:00:00,10.25,
2022-05-05 07:15:00,10.29,
2022-05-05 07:30:00,10.32,
2022-05-05 07:45:00,10.34,
2022-05-05 08:00:00,10.34,
2022-05-05 08:15:00,10.34,
2022-05-05 08:30:00,10.32,
2022-05-05 08:45:00,10.27,
2022-05-05 09:00:00,10.21,
2022-05-05 09:15:00,10.15,
2022-05-05 09:30:00,10.09,
2022-05-05 09:45:00,10.02,
2022-05-05 10:00:00,9.95,
2022-05-05 10:15:00,9.88,
2022-05-05 10:30:00,9.81,
2022-05-05 10:45:00,9.74,
2022-05-05 11:00:00,9.66,
2022-05-05 11:15:00,9.58,
2022-05-05 11:30:00,9.5,
2022-05-05 11:45:00,9.43,
2022-05-05 12:00:00,9.36,
2022-05-05 12:15:00,9.26,
2022-05-05 12:30:00,9.22,
2022-05-05 12:45:00,9.15,
2022-05-05 13:00:00,9.09,
2022-05-05 13:15:00,9.02,
2022-05-05 13:30:00,8.96,
2022-05-05 13:45:00,8.88,
2022-05-05 14:00:00,8.77,
2022-05-05 14:15:00,8.73,
2022-05-05 14:30:00,8.82,
2022-05-05 14:45:00,8.8,
2022-05-05 15:00:00,8.76,
2022-05-05 15:15:00,8.71,
2022-05-05 15:30:00,8.67,
2022-05-05 15:45:00,8.59,
2022-05-05 16:00:00,8.59,
2022-05-05 16:15:00,8.56,
2022-05-05 16:30:00,8.54,
2022-05-05 16:45:00,8.47,
2022-05-05 17:00:00,8.4,
2022-05-05 17:15:00,8.35,
2022-05-05 17:30:00,8.37,
2022-05-05 17:45:00,8.38,
2022-05-05 18:00:00,8.31,
2022-05-05 18:15:00,8.3,
2022-05-05 18:30:00,8.32,
2022-05-05 18:45:00,8.31,
2022-05-05 19:00:00,8.35,
2022-05-05 19:15:00,8.36,
2022-05-05 19:30:00,8.38,
2022-05-05 19:45:00,8.4,
2022-05-05 20:00:00,8.45,
2022-05-05 20:15:00,8.49,
2022-05-05 20:30:00,8.54,
2022-05-05 20:45:00,8.59,
2022-05-05 21:00:00,8.63,
2022-05-05 21:15:00,8.68,
2022-05-05 21:30:00,8.72,
2022-05-05 21:45:00,8.76,
2022-05-05 22:00:00,8.8,
2022-05-05 22:15:00,8.84,
2022-05-05 22:30:00,8.88,
2022-05-05 22:45:00,8.91,
2022-05-05 23:00:00,8.95,
2022-05-05 23:15:00,8.98,
2022-05-05 23:30:00,9.01,
2022-05-05 23:45:00,9.05,
2022-05-06 00:00:00,9.08,
2022-05-06 00:15:00,9.11,
2022-05-06 00:30:00,9.14,
2022-05-06 00:45:00,9.16,
2022-05-06 01:00:00,9.17,
2022-05-06 01:15:00,9.21,
2022-05-06 01:30:00,9.23,
2022-05-06 01:45:00,9.25,
2022-05-06 02:00:00,9.27,
2022-05-06 02:15:00,9.29,
2022-05-06 02:30:00,9.31,
2022-05-06 02:45:00,9.32,
2022-05-06 03:00:00,9.35,
2022-05-06 03:15:00,9.36,
2022-05-06 03:30:00,9.39,
2022-05-06 03:45:00,9.4,
2022-05-06 04:00:00,9.42,
2022-05-06 04:15:00,9.43,
2022-05-06 04:30:00,9.45,
2022-05-06 04:45:00,9.47,
2022-05-06 05:00:00,9.48,
2022-05-06 05:15:00,9.51,
2022-05-06 05:30:00,9.53,
2022-05-06 05:45:00,9.56,
2022-05-06 06:00:00,9.59,
2022-05-06 06:15:00,9.62,
2022-05-06 06:30:00,9.67,
2022-05-06 06:45:00,9.7,
2022-05-06 07:00:00,9.74,
2022-05-06 07:15:00,9.76,
2022-05-06 07:30:00,9.76,
2022-05-06 07:45:00,9.77,
2022-05-06 08:00:00,9.79,
2022-05-06 08:15:00,9.81,
2022-05-06 08:30:00,9.83,
2022-05-06 08:45:00,9.84,
2022-05-06 09:00:00,9.86,
2022-05-06 09:15:00,9.86,
2022-05-06 09:30:00,9.87,
2022-05-06 09:45:00,9.88,
2022-05-06 10:00:00,9.86,
2022-05-06 10:15:00,9.85,
2022-05-06 10:30:00,9.86,
2022-05-06 10:45:00,9.84,
2022-05-06 11:00:00,9.84,
2022-05-06 11:15:00,9.83,
2022-05-06 11:30:00,9.82,
2022-05-06 11:45:00,9.74,
2022-05-06 12:00:00,9.7,
2022-05-06 12:15:00,9.64,
2022-05-06 12:30:00,9.61,
2022-05-06 12:45:00,9.59,
2022-05-06 13:00:00,9.53,
2022-05-06 13:15:00,9.48,
2022-05-06 13:30:00,9.5,
2022-05-06 13:45:00,9.48,
2022-05-06 14:00:00,9.43,
2022-05-06 14:15:00,9.36,
2022-05-06 14:30:00,9.3,
2022-05-06 14:45:00,9.22,
2022-05-06 15:00:00,9.18,
2022-05-06 15:15:00,9.13,
2022-05-06 15:30:00,9.07,
2022-05-06 15:45:00,9.01,
2022-05-06 16:00:00,8.92,
2022-05-06 16:15:00,8.87,
2022-05-06 16:30:00,8.75,
2022-05-06 16:45:00,8.74,
2022-05-06 17:00:00,8.71,
2022-05-06 17:15:00,8.66,
2022-05-06 17:30:00,8.62,
2022-05-06 17:45:00,8.56,
2022-05-06 18:00:00,8.53,
2022-05-06 18:15:00,8.52,
2022-05-06 18:30:00,8.51,
2022-05-06 18:45:00,8.51,
2022-05-06 19:00:00,8.52,
2022-05-06 19:15:00,8.55,
2022-05-06 19:30:00,8.57,
2022-05-06 19:45:00,8.6,
2022-05-06 20:00:00,8.66,
2022-05-06 20:15:00,8.71,
2022-05-06 20:30:00,8.77,
2022-05-06 20:45:00,8.81,
2022-05-06 21:00:00,8.86,
2022-05-06 21:15:00,8.91,
2022-05-06 21:30:00,8.95,
2022-05-06 21:45:00,9.0,
2022-05-06 22:00:00,9.04,
2022-05-06 22:15:00,9.09,
2022-05-06 22:30:00,9.13,
2022-05-06 22:45:00,9.17,
2022-05-06 23:00:00,9.21,
2022-05-06 23:15:00,9.25,
2022-05-06 23:30:00,9.28,
2022-05-06 23:45:00,9.32,
2022-05-07 00:00:00,9.36,
2022-05-07 00:15:00,9.38,
2022-05-07 00:30:00,9.42,
2022-05-07 00:45:00,9.46,
2022-05-07 01:00:00,9.49,
2022-05-07 01:15:00,9.53,
2022-05-07 01:30:00,9.56,
2022-05-07 01:45:00,9.58,
2022-05-07 02:00:00,9.61,
2022-05-07 02:15:00,9.64,
2022-05-07 02:30:00,9.65,
2022-05-07 02:45:00,9.66,
2022-05-07 03:00:00,9.67,
2022-05-07 03:15:00,9.67,
2022-05-07 03:30:00,9.67,
2022-05-07 03:45:00,9.7,
2022-05-07 04:00:00,9.69,
2022-05-07 04:15:00,9.71,
2022-05-07 04:30:00,9.72,
2022-05-07 04:45:00,9.73,
2022-05-07 05:00:00,9.74,
2022-05-07 05:15:00,9.74,
2022-05-07 05:30:00,9.76,
2022-05-07 05:45:00,9.76,
2022-05-07 06:00:00,9.78,
2022-05-07 06:15:00,9.78,
2022-05-07 06:30:00,9.79,
2022-05-07 06:45:00,9.81,
2022-05-07 07:00:00,9.82,
2022-05-07 07:15:00,9.85,
2022-05-07 07:30:00,9.88,
2022-05-07 07:45:00,9.9,
2022-05-07 08:00:00,9.93,
2022-05-07 08:15:00,9.93,
2022-05-07 08:30:00,9.93,
2022-05-07 08:45:00,9.95,
2022-05-07 09:00:00,9.96,
2022-05-07 09:15:00,9.95,
2022-05-07 09:30:00,9.94,
2022-05-07 09:45:00,9.93,
2022-05-07 10:00:00,9.89,
2022-05-07 10:15:00,9.85,
2022-05-07 10:30:00,9.8,
2022-05-07 10:45:00,9.74,
2022-05-07 11:00:00,9.68,
2022-05-07 11:15:00,9.62,
2022-05-07 11:30:00,9.57,
2022-05-07 11:45:00,9.5,
2022-05-07 12:00:00,9.44,
2022-05-07 12:15:00,9.36,
2022-05-07 12:30:00,9.3,
2022-05-07 12:45:00,9.23,
2022-05-07 13:00:00,9.16,
2022-05-07 13:15:00,9.1,
2022-05-07 13:30:00,9.04,
2022-05-07 13:45:00,8.97,
2022-05-07 14:00:00,8.92,
2022-05-07 14:15:00,8.87,
2022-05-07 14:30:00,8.82,
2022-05-07 14:45:00,8.77,
2022-05-07 15:00:00,8.72,
2022-05-07 15:15:00,8.6,
2022-05-07 15:30:00,8.56,
2022-05-07 15:45:00,8.55,
2022-05-07 16:00:00,8.58,
2022-05-07 16:15:00,8.69,
2022-05-07 16:30:00,8.7,
2022-05-07 16:45:00,8.67,
2022-05-07 17:00:00,8.68,
2022-05-07 17:15:00,8.67,
2022-05-07 17:30:00,8.67,
2022-05-07 17:45:00,8.63,
2022-05-07 18:00:00,8.65,
2022-05-07 18:15:00,8.68,
2022-05-07 18:30:00,8.72,
2022-05-07 18:45:00,8.76,
2022-05-07 19:00:00,8.82,
2022-05-07 19:15:00,8.88,
2022-05-07 19:30:00,8.93,
2022-05-07 19:45:00,8.99,
2022-05-07 20:00:00,9.04,
2022-05-07 20:15:00,9.08,
2022-05-07 20:30:00,9.15,
2022-05-07 20:45:00,9.19,
2022-05-07 21:00:00,9.24,
2022-05-07 21:15:00,9.28,
2022-05-07 21:30:00,9.32,
2022-05-07 21:45:00,9.36,
2022-05-07 22:00:00,9.4,
2022-05-07 22:15:00,9.43,
2022-05-07 22:30:00,9.45,
2022-05-07 22:45:00,9.49,
2022-05-07 23:00:00,9.52,
2022-05-07 23:15:00,9.55,
2022-05-07 23:30:00,9.58,
2022-05-07 23:45:00,9.6,
2022-05-08 00:00:00,9.63,
2022-05-08 00:15:00,9.66,
2022-05-08 00:30:00,9.69,
2022-05-08 00:45:00,9.72,
2022-05-08 01:00:00,9.74,
2022-05-08 01:15:00,9.77,
2022-05-08 01:30:00,9.8,
2022-05-08 01:45:00,9.83,
2022-05-08 02:00:00,9.85,
2022-05-08 02:15:00,9.88,
2022-05-08 02:30:00,9.91,
2022-05-08 02:45:00,9.94,
2022-05-08 03:00:00,9.96,
2022-05-08 03:15:00,9.98,
2022-05-08 03:30:00,10.0,
2022-05-08 03:45:00,10.02,
2022-05-08 04:00:00,10.04,
2022-05-08 04:15:00,10.05,
2022-05-08 04:30:00,10.06,
2022-05-08 04:45:00,10.06,
2022-05-08 05:00:00,10.07,
2022-05-08 05:15:00,10.07,
2022-05-08 05:30:00,10.09,
2022-05-08 05:45:00,10.1,
2022-05-08 06:00:00,10.11,
2022-05-08 06:15:00,10.13,
2022-05-08 06:30:00,10.15,
2022-05-08 06:45:00,10.16,
2022-05-08 07:00:00,10.15,
2022-05-08 07:15:00,10.16,
2022-05-08 07:30:00,10.16,
2022-05-08 07:45:00,10.2,
2022-05-08 08:00:00,10.2,
2022-05-08 08:15:00,10.2,
2022-05-08 08:30:00,10.17,
2022-05-08 08:45:00,10.16,
2022-05-08 09:00:00,10.14,
2022-05-08 09:15:00,10.11,
2022-05-08 09:30:00,10.06,
2022-05-08 09:45:00,10.01,
2022-05-08 10:00:00,10.0,
2022-05-08 10:15:00,9.96,
2022-05-08 10:30:00,9.93,
2022-05-08 10:45:00,9.89,
2022-05-08 11:00:00,9.84,
2022-05-08 11:15:00,9.74,
2022-05-08 11:30:00,9.72,
2022-05-08 11:45:00,9.7,
2022-05-08 12:00:00,9.63,
2022-05-08 12:15:00,9.6,
2022-05-08 12:30:00,9.55,
2022-05-08 12:45:00,9.48,
2022-05-08 13:00:00,9.43,
2022-05-08 13:15:00,9.34,
2022-05-08 13:30:00,9.28,
2022-05-08 13:45:00,9.24,
2022-05-08 14:00:00,9.24,
2022-05-08 14:15:00,9.24,
2022-05-08 14:30:00,9.23,
2022-05-08 14:45:00,9.28,
2022-05-08 15:00:00,9.34,
2022-05-08 15:15:00,9.3,
2022-05-08 15:30:00,9.29,
2022-05-08 15:45:00,9.29,
2022-05-08 16:00:00,9.31,
2022-05-08 16:15:00,9.32,
2022-05-08 16:30:00,9.35,
2022-05-08 16:45:00,9.36,
2022-05-08 17:00:00,9.36,
2022-05-08 17:15:00,9.34,
2022-05-08 17:30:00,9.34,
2022-05-08 17:45:00,9.36,
2022-05-08 18:00:00,9.39,
2022-05-08 18:15:00,9.39,
2022-05-08 18:30:00,9.4,
2022-05-08 18:45:00,9.38,
2022-05-08 19:00:00,9.39,
2022-05-08 19:15:00,9.39,
2022-05-08 19:30:00,9.42,
2022-05-08 19:45:00,9.44,
2022-05-08 20:00:00,9.47,
2022-05-08 20:15:00,9.5,
2022-05-08 20:30:00,9.52,
2022-05-08 20:45:00,9.56,
2022-05-08 21:00:00,9.59,
2022-05-08 21:15:00,9.61,
2022-05-08 21:30:00,9.64,
2022-05-08 21:45:00,9.67,
2022-05-08 22:00:00,9.7,
2022-05-08 22:15:00,9.73,
2022-05-08 22:30:00,9.75,
2022-05-08 22:45:00,9.78,
2022-05-08 23:00:00,9.8,
2022-05-08 23:15:00,9.82,
2022-05-08 23:30:00,9.84,
2022-05-08 23:45:00,9.85,
2022-05-09 00:00:00,9.87,
2022-05-09 00:15:00,9.89,
2022-05-09 00:30:00,9.91,
2022-05-09 00:45:00,9.93,
2022-05-09 01:00:00,9.94,
2022-05-09 01:15:00,9.95,
2022-05-09 01:30:00,9.97,
2022-05-09 01:45:00,9.98,
2022-05-09 02:00:00,10.0,
2022-05-09 02:15:00,10.02,
2022-05-09 02:30:00,10.03,
2022-05-09 02:45:00,10.05,
2022-05-09 03:00:00,10.09,
2022-05-09 03:15:00,10.12,
2022-05-09 03:30:00,10.13,
2022-05-09 03:45:00,10.14,
2022-05-09 04:00:00,10.16,
2022-05-09 04:15:00,10.17,
2022-05-09 04:30:00,10.22,
2022-05-09 04:45:00,10.28,
2022-05-09 05:00:00,10.32,
2022-05-09 05:15:00,10.34,
2022-05-09 05:30:00,10.36,
2022-05-09 05:45:00,10.39,
2022-05-09 06:00:00,10.42,
2022-05-09 06:15:00,10.43,
2022-05-09 06:30:00,10.43,
2022-05-09 06:45:00,10.44,
2022-05-09 07:00:00,10.47,
2022-05-09 07:15:00,10.54,
2022-05-09 07:30:00,10.6,
2022-05-09 07:45:00,10.62,
2022-05-09 08:00:00,10.62,
2022-05-09 08:15:00,10.58,
2022-05-09 08:30:00,10.57,
2022-05-09 08:45:00,10.59,
2022-05-09 09:00:00,10.61,
2022-05-09 09:15:00,10.57,
2022-05-09 09:30:00,10.54,
2022-05-09 09:45:00,10.51,
2022-05-09 10:00:00,10.41,
2022-05-09 10:15:00,10.4,
2022-05-09 10:30:00,10.41,
2022-05-09 10:45:00,10.42,
2022-05-09 11:00:00,10.43,
2022-05-09 11:15:00,10.4,
2022-05-09 11:30:00,10.36,
2022-05-09 11:45:00,10.31,
2022-05-09 12:00:00,10.29,
2022-05-09 12:15:00,10.25,
2022-05-09 12:30:00,10.21,
2022-05-09 12:45:00,10.09,
2022-05-09 13:00:00,10.01,
2022-05-09 13:15:00,9.99,
2022-05-09 13:30:00,9.98,
2022-05-09 13:45:00,9.95,
2022-05-09 14:00:00,9.95,
2022-05-09 14:15:00,9.93,
2022-05-09 14:30:00,9.91,
2022-05-09 14:45:00,9.89,
2022-05-09 15:00:00,9.83,LI
2022-05-09 15:15:00,9.77,
2022-05-09 15:30:00,9.74,
2022-05-09 15:45:00,9.76,
2022-05-09 16:00:00,9.76,
2022-05-09 16:15:00,9.8,
2022-05-09 16:30:00,9.76,
2022-05-09 16:45:00,9.76,
2022-05-09 17:00:00,9.8,
2022-05-09 17:15:00,9.81,
2022-05-09 17:30:00,9.83,
2022-05-09 17:45:00,9.79,
2022-05-09 18:00:00,9.83,
2022-05-09 18:15:00,9.82,
2022-05-09 18:30:00,9.82,
2022-05-09 18:45:00,9.83,
2022-05-09 19:00:00,9.84,
2022-05-09 19:15:00,9.87,
2022-05-09 19:30:00,9.89,
2022-05-09 19:45:00,9.91,
2022-05-09 20:00:00,9.93,
2022-05-09 20:15:00,9.96,
2022-05-09 20:30:00,10.0,
2022-05-09 20:45:00,10.03,
2022-05-09 21:00:00,10.07,
2022-05-09 21:15:00,10.11,
2022-05-09 21:30:00,10.14,
2022-05-09 21:45:00,10.17,
2022-05-09 22:00:00,10.2,
2022-05-09 22:15:00,10.24,
2022-05-09 22:30:00,10.26,
2022-05-09 22:45:00,10.29,
2022-05-09 23:00:00,10.31,
2022-05-09 23:15:00,10.34,
2022-05-09 23:30:00,10.35,
2022-05-09 23:45:00,10.38,
2022-05-10 00:00:00,10.38,
2022-05-10 00:15:00,10.41,
2022-05-10 00:30:00,10.42,
2022-05-10 00:45:00,10.44,
2022-05-10 01:00:00,10.46,
2022-05-10 01:15:00,10.47,
2022-05-10 01:30:00,10.49,
2022-05-10 01:45:00,10.5,
2022-05-10 02:00:00,10.52,
2022-05-10 02:15:00,10.53,
2022-05-10 02:30:00,10.54,
2022-05-10 02:45:00,10.55,
2022-05-10 03:00:00,10.57,
2022-05-10 03:15:00,10.57,
2022-05-10 03:30:00,10.59,
2022-05-10 03:45:00,10.59,
2022-05-10 04:00:00,10.6,
2022-05-10 04:15:00,10.61,
2022-05-10 04:30:00,10.61,
2022-05-10 04:45:00,10.62,
2022-05-10 05:00:00,10.62,
2022-05-10 05:15:00,10.63,
2022-05-10 05:30:00,10.65,
2022-05-10 05:45:00,10.67,
2022-05-10 06:00:00,10.7,
2022-05-10 06:15:00,10.71,
2022-05-10 06:30:00,10.74,
2022-05-10 06:45:00,10.76,
2022-05-10 07:00:00,10.78,
2022-05-10 07:15:00,10.8,
2022-05-10 07:30:00,10.76,
2022-05-10 07:45:00,10.81,
2022-05-10 08:00:00,10.8,
2022-05-10 08:15:00,10.77,
2022-05-10 08:30:00,10.71,
2022-05-10 08:45:00,10.67,
2022-05-10 09:00:00,10.62,
2022-05-10 09:15:00,10.59,
2022-05-10 09:30:00,10.53,
2022-05-10 09:45:00,10.5,
2022-05-10 10:00:00,10.44,
2022-05-10 10:15:00,10.34,
2022-05-10 10:30:00,10.27,
2022-05-10 10:45:00,10.16,
2022-05-10 11:00:00,10.09,
2022-05-10 11:15:00,10.0,
2022-05-10 11:30:00,9.91,
2022-05-10 11:45:00,9.85,
2022-05-10 12:00:00,9.84,
2022-05-10 12:15:00,9.81,
2022-05-10 12:30:00,9.75,
2022-05-10 12:45:00,9.66,
2022-05-10 13:00:00,9.57,
2022-05-10 13:15:00,9.5,
2022-05-10 13:30:00,9.42,
2022-05-10 13:45:00,9.33,
2022-05-10 14:00:00,9.26,
2022-05-10 14:15:00,9.18,
2022-05-10 14:30:00,9.15,
2022-05-10 14:45:00,9.11,
2022-05-10 15:00:00,9.05,
2022-05-10 15:15:00,9.01,
2022-05-10 15:30:00,8.99,
2022-05-10 15:45:00,8.97,
2022-05-10 16:00:00,8.94,
2022-05-10 16:15:00,8.92,
2022-05-10 16:30:00,8.9,
2022-05-10 16:45:00,8.9,
2022-05-10 17:00:00,8.91,
2022-05-10 17:15:00,8.91,
2022-05-10 17:30:00,8.91,
2022-05-10 17:45:00,8.91,
2022-05-10 18:00:00,8.91,
2022-05-10 18:15:00,8.9,
2022-05-10 18:30:00,8.89,
2022-05-10 18:45:00,8.91,
2022-05-10 19:00:00,8.93,
2022-05-10 19:15:00,8.96,
2022-05-10 19:30:00,8.99,
2022-05-10 19:45:00,9.01,
2022-05-10 20:00:00,9.04,
2022-05-10 20:15:00,9.09,
2022-05-10 20:30:00,9.13,
2022-05-10 20:45:00,9.18,
2022-05-10 21:00:00,9.23,
2022-05-10 21:15:00,9.28,
2022-05-10 21:30:00,9.32,
2022-05-10 21:45:00,9.36,
2022-05-10 22:00:00,9.41,
2022-05-10 22:15:00,9.46,
2022-05-10 22:30:00,9.5,
2022-05-10 22:45:00,9.55,
2022-05-10 23:00:00,9.58,
2022-05-10 23:15:00,9.63,
2022-05-10 23:30:00,9.67,
2022-05-10 23:45:00,9.71,
2022-05-11 00:00:00,9.75,
2022-05-11 00:15:00,9.79,
2022-05-11 00:30:00,9.82,
2022-05-11 00:45:00,9.86,
2022-05-11 01:00:00,9.89,
2022-05-11 01:15:00,9.92,
2022-05-11 01:30:00,9.95,
2022-05-11 01:45:00,9.98,
2022-05-11 02:00:00,10.0,
2022-05-11 02:15:00,10.03,
2022-05-11 02:30:00,10.06,
2022-05-11 02:45:00,10.09,
2022-05-11 03:00:00,10.1,
2022-05-11 03:15:00,10.12,
2022-05-11 03:30:00,10.15,
2022-05-11 03:45:00,10.17,
2022-05-11 04:00:00,10.19,
2022-05-11 04:15:00,10.21,
2022-05-11 04:30:00,10.23,
2022-05-11 04:45:00,10.25,
2022-05-11 05:00:00,10.26,
2022-05-11 05:15:00,10.29,
2022-05-11 05:30:00,10.32,
2022-05-11 05:45:00,10.35,
2022-05-11 06:00:00,10.38,
2022-05-11 06:15:00,10.41,
2022-05-11 06:30:00,10.44,
2022-05-11 06:45:00,10.46,
2022-05-11 07:00:00,10.49,
2022-05-11 07:15:00,10.53,
2022-05-11 07:30:00,10.54,
2022-05-11 07:45:00,10.55,
2022-05-11 08:00:00,10.54,
2022-05-11 08:15:00,10.52,
2022-05-11 08:30:00,10.48,
2022-05-11 08:45:00,10.43,
2022-05-11 09:00:00,10.37,
2022-05-11 09:15:00,10.3,
2022-05-11 09:30:00,10.23,
2022-05-11 09:45:00,10.16,
2022-05-11 10:00:00,10.09,
2022-05-11 10:15:00,10.01,
2022-05-11 10:30:00,9.9,
2022-05-11 10:45:00,9.85,
2022-05-11 11:00:00,9.8,
2022-05-11 11:15:00,9.71,
2022-05-11 11:30:00,9.63,
2022-05-11 11:45:00,9.55,
2022-05-11 12:00:00,9.47,
2022-05-11 12:15:00,9.39,
2022-05-11 12:30:00,9.3,
2022-05-11 12:45:00,9.24,
2022-05-11 13:00:00,9.16,
2022-05-11 13:15:00,9.09,
2022-05-11 13:30:00,9.03,
2022-05-11 13:45:00,8.97,
2022-05-11 14:00:00,8.91,
2022-05-11 14:15:00,8.86,
2022-05-11 14:30:00,8.8,
2022-05-11 14:45:00,8.75,
2022-05-11 15:00:00,8.7,
2022-05-11 15:15:00,8.66,
2022-05-11 15:30:00,8.62,
2022-05-11 15:45:00,8.6,
2022-05-11 16:00:00,8.58,
2022-05-11 16:15:00,8.55,
2022-05-11 16:30:00,8.54,
2022-05-11 16:45:00,8.53,
2022-05-11 17:00:00,8.56,
2022-05-11 17:15:00,8.47,
2022-05-11 17:30:00,8.43,
2022-05-11 17:45:00,8.36,
2022-05-11 18:00:00,8.39,
2022-05-11 18:15:00,8.42,
2022-05-11 18:30:00,8.4,
2022-05-11 18:45:00,8.41,
2022-05-11 19:00:00,8.44,
2022-05-11 19:15:00,8.48,
2022-05-11 19:30:00,8.51,
2022-05-11 19:45:00,8.55,
2022-05-11 20:00:00,8.59,
2022-05-11 20:15:00,8.64,
2022-05-11 20:30:00,8.68,
2022-05-11 20:45:00,8.73,
2022-05-11 21:00:00,8.78,
2022-05-11 21:15:00,8.84,
2022-05-11 21:30:00,8.88,
2022-05-11 21:45:00,8.93,
2022-05-11 22:00:00,8.97,
2022-05-11 22:15:00,9.02,
2022-05-11 22:30:00,9.06,
2022-05-11 22:45:00,9.1,
2022-05-11 23:00:00,9.15,
2022-05-11 23:15:00,9.18,
2022-05-11 23:30:00,9.21,
2022-05-11 23:45:00,9.25,
2022-05-12 00:00:00,9.28,
2022-05-12 00:15:00,9.3,
2022-05-12 00:30:00,9.32,
2022-05-12 00:45:00,9.34,
2022-05-12 01:00:00,9.36,
2022-05-12 01:15:00,9.38,
2022-05-12 01:30:00,9.4,
2022-05-12 01:45:00,9.44,
2022-05-12 02:00:00,9.47,
2022-05-12 02:15:00,9.5,
2022-05-12 02:30:00,9.54,
2022-05-12 02:45:00,9.56,
2022-05-12 03:00:00,9.58,
2022-05-12 03:15:00,9.6,
2022-05-12 03:30:00,9.62,
2022-05-12 03:45:00,9.65,
2022-05-12 04:00:00,9.67,
2022-05-12 04:15:00,9.69,
2022-05-12 04:30:00,9.71,
2022-05-12 04:45:00,9.73,
2022-05-12 05:00:00,9.76,
2022-05-12 05:15:00,9.79,
2022-05-12 05:30:00,9.82,
2022-05-12 05:45:00,9.86,
2022-05-12 06:00:00,9.89,
2022-05-12 06:15:00,9.93,
2022-05-12 06:30:00,9.98,
2022-05-12 06:45:00,10.05,
2022-05-12 07:00:00,10.09,
2022-05-12 07:15:00,10.13,
2022-05-12 07:30:00,10.15,
2022-05-12 07:45:00,10.17,
2022-05-12 08:00:00,10.18,
2022-05-12 08:15:00,10.2,
2022-05-12 08:30:00,10.23,
2022-05-12 08:45:00,10.2,
2022-05-12 09:00:00,10.22,
2022-05-12 09:15:00,10.19,
2022-05-12 09:30:00,10.17,
2022-05-12 09:45:00,10.15,
2022-05-12 10:00:00,10.11,
2022-05-12 10:15:00,10.06,
2022-05-12 10:30:00,10.01,
2022-05-12 10:45:00,10.0,
2022-05-12 11:00:00,9.91,
2022-05-12 11:15:00,9.83,
2022-05-12 11:30:00,9.76,
2022-05-12 11:45:00,9.71,
2022-05-12 12:00:00,9.7,
2022-05-12 12:15:00,9.66,
2022-05-12 12:30:00,9.51,
2022-05-12 12:45:00,9.5,
2022-05-12 13:00:00,9.44,
2022-05-12 13:15:00,9.48,
2022-05-12 13:30:00,9.51,
2022-05-12 13:45:00,9.54,
2022-05-12 14:00:00,9.54,
2022-05-12 14:15:00,9.53,
2022-05-12 14:30:00,9.55,
2022-05-12 14:45:00,9.55,
2022-05-12 15:00:00,9.5,
2022-05-12 15:15:00,9.45,
2022-05-12 15:30:00,9.36,
2022-05-12 15:45:00,9.38,
2022-05-12 16:00:00,9.41,
2022-05-12 16:15:00,9.38,
2022-05-12 16:30:00,9.33,
2022-05-12 16:45:00,9.28,
2022-05-12 17:00:00,9.21,
2022-05-12 17:15:00,9.19,
2022-05-12 17:30:00,9.16,
2022-05-12 17:45:00,9.16,
2022-05-12 18:00:00,9.14,
2022-05-12 18:15:00,9.12,
2022-05-12 18:30:00,9.1,
2022-05-12 18:45:00,9.11,
2022-05-12 19:00:00,9.09,
2022-05-12 19:15:00,9.07,
2022-05-12 19:30:00,9.06,
2022-05-12 19:45:00,9.08,
2022-05-12 20:00:00,9.08,
2022-05-12 20:15:00,9.11,
2022-05-12 20:30:00,9.13,
2022-05-12 20:45:00,9.15,
2022-05-12 21:00:00,9.2,
2022-05-12 21:15:00,9.23,
2022-05-12 21:30:00,9.26,
2022-05-12 21:45:00,9.3,
2022-05-12 22:00:00,9.34,
2022-05-12 22:15:00,9.38,
2022-05-12 22:30:00,9.42,
2022-05-12 22:45:00,9.46,
2022-05-12 23:00:00,9.5,
2022-05-12 23:15:00,9.53,
2022-05-12 23:30:00,9.58,
2022-05-12 23:45:00,9.61,
2022-05-13 00:00:00,9.64,
2022-05-13 00:15:00,9.68,
2022-05-13 00:30:00,9.71,
2022-05-13 00:45:00,9.73,
2022-05-13 01:00:00,9.77,
2022-05-13 01:15:00,9.79,
2022-05-13 01:30:00,9.82,
2022-05-13 01:45:00,9.85,
2022-05-13 02:00:00,9.86,
2022-05-13 02:15:00,9.88,
2022-05-13 02:30:00,9.91,
2022-05-13 02:45:00,9.93,
2022-05-13 03:00:00,9.95,
2022-05-13 03:15:00,9.97,
2022-05-13 03:30:00,10.0,
2022-05-13 03:45:00,10.02,
2022-05-13 04:00:00,10.04,
2022-05-13 04:15:00,10.05,
2022-05-13 04:30:00,10.07,
2022-05-13 04:45:00,10.08,
2022-05-13 05:00:00,10.09,
2022-05-13 05:15:00,10.09,
2022-05-13 05:30:00,10.1,
2022-05-13 05:45:00,10.13,
2022-05-13 06:00:00,10.14,
2022-05-13 06:15:00,10.14,
2022-05-13 06:30:00,10.17,
2022-05-13 06:45:00,10.22,
2022-05-13 07:00:00,10.26,
2022-05-13 07:15:00,10.27,
2022-05-13 07:30:00,10.28,
2022-05-13 07:45:00,10.3,
2022-05-13 08:00:00,10.29,
2022-05-13 08:15:00,10.29,
2022-05-13 08:30:00,10.24,
2022-05-13 08:45:00,10.19,
2022-05-13 09:00:00,10.16,
2022-05-13 09:15:00,10.11,
2022-05-13 09:30:00,10.09,
2022-05-13 09:45:00,10.04,
2022-05-13 10:00:00,9.99,
2022-05-13 10:15:00,9.94,
2022-05-13 10:30:00,9.85,
2022-05-13 10:45:00,9.78,
2022-05-13 11:00:00,9.72,
2022-05-13 11:15:00,9.64,
2022-05-13 11:30:00,9.57,
2022-05-13 11:45:00,9.53,
2022-05-13 12:00:00,9.47,
2022-05-13 12:15:00,9.45,
2022-05-13 12:30:00,9.4,
2022-05-13 12:45:00,9.35,
2022-05-13 13:00:00,9.25,
2022-05-13 13:15:00,9.19,
2022-05-13 13:30:00,9.1,
2022-05-13 13:45:00,9.09,
2022-05-13 14:00:00,9.03,
2022-05-13 14:15:00,8.97,
2022-05-13 14:30:00,8.91,
2022-05-13 14:45:00,8.94,
2022-05-13 15:00:00,8.93,
2022-05-13 15:15:00,8.92,
2022-05-13 15:30:00,8.9,
2022-05-13 15:45:00,8.85,
2022-05-13 16:00:00,8.82,
2022-05-13 16:15:00,8.81,
2022-05-13 16:30:00,8.8,
2022-05-13 16:45:00,8.79,
2022-05-13 17:00:00,8.76,
2022-05-13 17:15:00,8.76,
2022-05-13 17:30:00,8.74,
2022-05-13 17:45:00,8.71,
2022-05-13 18:00:00,8.68,
2022-05-13 18:15:00,8.65,
2022-05-13 18:30:00,8.64,
2022-05-13 18:45:00,8.64,
2022-05-13 19:00:00,8.63,
2022-05-13 19:15:00,8.64,
2022-05-13 19:30:00,8.66,
2022-05-13 19:45:00,8.7,
2022-05-13 20:00:00,8.74,
2022-05-13 20:15:00,8.8,
2022-05-13 20:30:00,8.86,
2022-05-13 20:45:00,8.91,
2022-05-13 21:00:00,8.98,
2022-05-13 21:15:00,9.03,
2022-05-13 21:30:00,9.09,
2022-05-13 21:45:00,9.13,
2022-05-13 22:00:00,9.19,
2022-05-13 22:15:00,9.23,
2022-05-13 22:30:00,9.28,
2022-05-13 22:45:00,9.32,
2022-05-13 23:00:00,9.36,
2022-05-13 23:15:00,9.4,
2022-05-13 23:30:00,9.43,
2022-05-13 23:45:00,9.47,
2022-05-14 00:00:00,9.51,
2022-05-14 00:15:00,9.55,
2022-05-14 00:30:00,9.58,
2022-05-14 00:45:00,9.61,
2022-05-14 01:00:00,9.64,
2022-05-14 01:15:00,9.67,
2022-05-14 01:30:00,9.7,
2022-05-14 01:45:00,9.72,
2022-05-14 02:00:00,9.75,
2022-05-14 02:15:00,9.77,
2022-05-14 02:30:00,9.79,
2022-05-14 02:45:00,9.83,
2022-05-14 03:00:00,9.86,
2022-05-14 03:15:00,9.87,
2022-05-14 03:30:00,9.89,
2022-05-14 03:45:00,9.91,
2022-05-14 04:00:00,9.93,
2022-05-14 04:15:00,9.94,
2022-05-14 04:30:00,9.96,
2022-05-14 04:45:00,9.97,
2022-05-14 05:00:00,9.99,
2022-05-14 05:15:00,10.02,
2022-05-14 05:30:00,10.05,
2022-05-14 05:45:00,10.08,
2022-05-14 06:00:00,10.11,
2022-05-14 06:15:00,10.15,
2022-05-14 06:30:00,10.19,
2022-05-14 06:45:00,10.22,
2022-05-14 07:00:00,10.25,
2022-05-14 07:15:00,10.22,
2022-05-14 07:30:00,10.22,
2022-05-14 07:45:00,10.23,
2022-05-14 08:00:00,10.24,
2022-05-14 08:15:00,10.25,
2022-05-14 08:30:00,10.28,
2022-05-14 08:45:00,10.28,
2022-05-14 09:00:00,10.29,
2022-05-14 09:15:00,10.25,
2022-05-14 09:30:00,10.23,
2022-05-14 09:45:00,10.23,
2022-05-14 10:00:00,10.22,
2022-05-14 10:15:00,10.24,
2022-05-14 10:30:00,10.2,
2022-05-14 10:45:00,10.15,
2022-05-14 11:00:00,10.06,
2022-05-14 11:15:00,9.97,
2022-05-14 11:30:00,9.88,
2022-05-14 11:45:00,9.77,
2022-05-14 12:00:00,9.68,
2022-05-14 12:15:00,9.59,
2022-05-14 12:30:00,9.49,
2022-05-14 12:45:00,9.41,
2022-05-14 13:00:00,9.34,
2022-05-14 13:15:00,9.24,
2022-05-14 13:30:00,9.18,
2022-05-14 13:45:00,9.11,
2022-05-14 14:00:00,9.05,
2022-05-14 14:15:00,9.0,
2022-05-14 14:30:00,8.95,
2022-05-14 14:45:00,8.88,
2022-05-14 15:00:00,8.83,
2022-05-14 15:15:00,8.78,
2022-05-14 15:30:00,8.72,
2022-05-14 15:45:00,8.68,
2022-05-14 16:00:00,8.62,
2022-05-14 16:15:00,8.55,
2022-05-14 16:30:00,8.55,
2022-05-14 16:45:00,8.55,
2022-05-14 17:00:00,8.52,
2022-05-14 17:15:00,8.49,
2022-05-14 17:30:00,8.47,
2022-05-14 17:45:00,8.47,
2022-05-14 18:00:00,8.46,
2022-05-14 18:15:00,8.47,
2022-05-14 18:30:00,8.49,
2022-05-14 18:45:00,8.51,
2022-05-14 19:00:00,8.55,
2022-05-14 19:15:00,8.59,
2022-05-14 19:30:00,8.63,
2022-05-14 19:45:00,8.68,
2022-05-14 20:00:00,8.74,
2022-05-14 20:15:00,8.79,
2022-05-14 20:30:00,8.84,
2022-05-14 20:45:00,8.89,
2022-05-14 21:00:00,8.94,
2022-05-14 21:15:00,8.99,
2022-05-14 21:30:00,9.03,
2022-05-14 21:45:00,9.08,
2022-05-14 22:00:00,9.13,
2022-05-14 22:15:00,9.16,
2022-05-14 22:30:00,9.22,
2022-05-14 22:45:00,9.25,
2022-05-14 23:00:00,9.29,
2022-05-14 23:15:00,9.33,
2022-05-14 23:30:00,9.37,
2022-05-14 23:45:00,9.41,
2022-05-15 00:00:00,9.46,
2022-05-15 00:15:00,9.49,
2022-05-15 00:30:00,9.53,
2022-05-15 00:45:00,9.58,
2022-05-15 01:00:00,9.61,
2022-05-15 01:15:00,9.65,
2022-05-15 01:30:00,9.68,
2022-05-15 01:45:00,9.71,
2022-05-15 02:00:00,9.75,
2022-05-15 02:15:00,9.77,
2022-05-15 02:30:00,9.81,
2022-05-15 02:45:00,9.83,
2022-05-15 03:00:00,9.85,
2022-05-15 03:15:00,9.88,
2022-05-15 03:30:00,9.91,
2022-05-15 03:45:00,9.93,
2022-05-15 04:00:00,9.95,
2022-05-15 04:15:00,9.98,
2022-05-15 04:30:00,9.99,
2022-05-15 04:45:00,10.02,
2022-05-15 05:00:00,10.04,
2022-05-15 05:15:00,10.06,
2022-05-15 05:30:00,10.08,
2022-05-15 05:45:00,10.1,
2022-05-15 06:00:00,10.12,
2022-05-15 06:15:00,10.14,
2022-05-15 06:30:00,10.16,
2022-05-15 06:45:00,10.19,
2022-05-15 07:00:00,10.22,
2022-05-15 07:15:00,10.24,
2022-05-15 07:30:00,10.26,
2022-05-15 07:45:00,10.27,
2022-05-15 08:00:00,10.26,
2022-05-15 08:15:00,10.23,
2022-05-15 08:30:00,10.2,
2022-05-15 08:45:00,10.16,
2022-05-15 09:00:00,10.11,
2022-05-15 09:15:00,10.06,
2022-05-15 09:30:00,10.01,
2022-05-15 09:45:00,9.95,
2022-05-15 10:00:00,9.89,
2022-05-15 10:15:00,9.81,
2022-05-15 10:30:00,9.75,
2022-05-15 10:45:00,9.68,
2022-05-15 11:00:00,9.6,
2022-05-15 11:15:00,9.52,
2022-05-15 11:30:00,9.44,
2022-05-15 11:45:00,9.37,
2022-05-15 12:00:00,9.28,
2022-05-15 12:15:00,9.21,
2022-05-15 12:30:00,9.13,
2022-05-15 12:45:00,9.05,
2022-05-15 13:00:00,8.99,
2022-05-15 13:15:00,8.93,
2022-05-15 13:30:00,8.87,
2022-05-15 13:45:00,8.8,
2022-05-15 14:00:00,8.75,
2022-05-15 14:15:00,8.7,
2022-05-15 14:30:00,8.65,
2022-05-15 14:45:00,8.6,
2022-05-15 15:00:00,8.56,
2022-05-15 15:15:00,8.52,
2022-05-15 15:30:00,8.49,
2022-05-15 15:45:00,8.45,
2022-05-15 16:00:00,8.43,
2022-05-15 16:15:00,8.4,
2022-05-15 16:30:00,8.38,
2022-05-15 16:45:00,8.36,
2022-05-15 17:00:00,8.34,
2022-05-15 17:15:00,8.33,
2022-05-15 17:30:00,8.31,
2022-05-15 17:45:00,8.3,
2022-05-15 18:00:00,8.29,
2022-05-15 18:15:00,8.29,
2022-05-15 18:30:00,8.3,
2022-05-15 18:45:00,8.32,
2022-05-15 19:00:00,8.38,
2022-05-15 19:15:00,8.43,
2022-05-15 19:30:00,8.47,
2022-05-15 19:45:00,8.51,
2022-05-15 20:00:00,8.56,
2022-05-15 20:15:00,8.6,
2022-05-15 20:30:00,8.65,
2022-05-15 20:45:00,8.71,
2022-05-15 21:00:00,8.76,
2022-05-15 21:15:00,8.83,
2022-05-15 21:30:00,8.88,
2022-05-15 21:45:00,8.94,
2022-05-15 22:00:00,8.99,
2022-05-15 22:15:00,9.07,
2022-05-15 22:30:00,9.11,
2022-05-15 22:45:00,9.18,
2022-05-15 23:00:00,9.21,
2022-05-15 23:15:00,9.26,
2022-05-15 23:30:00,9.31,
2022-05-15 23:45:00,9.35,
2022-05-16 00:00:00,9.41,
2022-05-16 00:15:00,9.44,
2022-05-16 00:30:00,9.47,
2022-05-16 00:45:00,9.52,
2022-05-16 01:00:00,9.55,
2022-05-16 01:15:00,9.58,
2022-05-16 01:30:00,9.62,
2022-05-16 01:45:00,9.65,
2022-05-16 02:00:00,9.67,
2022-05-16 02:15:00,9.68,
2022-05-16 02:30:00,9.71,
2022-05-16 02:45:00,9.74,
2022-05-16 03:00:00,9.76,
2022-05-16 03:15:00,9.78,
2022-05-16 03:30:00,9.8,
2022-05-16 03:45:00,9.81,
2022-05-16 04:00:00,9.83,
2022-05-16 04:15:00,9.85,
2022-05-16 04:30:00,9.86,
2022-05-16 04:45:00,9.87,
2022-05-16 05:00:00,9.89,
2022-05-16 05:15:00,9.91,
2022-05-16 05:30:00,9.93,
2022-05-16 05:45:00,9.94,
2022-05-16 06:00:00,9.96,
2022-05-16 06:15:00,9.97,
2022-05-16 06:30:00,9.98,
2022-05-16 06:45:00,9.99,
2022-05-16 07:00:00,10.0,
2022-05-16 07:15:00,10.01,
2022-05-16 07:30:00,10.02,
2022-05-16 07:45:00,10.02,
2022-05-16 08:00:00,10.01,
2022-05-16 08:15:00,9.98,
2022-05-16 08:30:00,9.94,
2022-05-16 08:45:00,9.91,
2022-05-16 09:00:00,9.85,
2022-05-16 09:15:00,9.81,
2022-05-16 09:30:00,9.78,
2022-05-16 09:45:00,9.72,
2022-05-16 10:00:00,9.66,
2022-05-16 10:15:00,9.6,
2022-05-16 10:30:00,9.53,
2022-05-16 10:45:00,9.48,
2022-05-16 11:00:00,9.4,
2022-05-16 11:15:00,9.35,
2022-05-16 11:30:00,9.28,
2022-05-16 11:45:00,9.19,
2022-05-16 12:00:00,9.15,
2022-05-16 12:15:00,9.07,
2022-05-16 12:30:00,9.0,
2022-05-16 12:45:00,8.91,
2022-05-16 13:00:00,8.87,
2022-05-16 13:15:00,8.85,
2022-05-16 13:30:00,8.82,
2022-05-16 13:45:00,8.76,
2022-05-16 14:00:00,8.71,
2022-05-16 14:15:00,8.66,
2022-05-16 14:30:00,8.58,
2022-05-16 14:45:00,8.52,
2022-05-16 15:00:00,8.54,
2022-05-16 15:15:00,8.54,
2022-05-16 15:30:00,8.51,
2022-05-16 15:45:00,8.46,
2022-05-16 16:00:00,8.31,
2022-05-16 16:15:00,8.25,
2022-05-16 16:30:00,8.21,
2022-05-16 16:45:00,8.19,
2022-05-16 17:00:00,8.23,
2022-05-16 17:15:00,8.26,
2022-05-16 17:30:00,8.31,
2022-05-16 17:45:00,8.37,
2022-05-16 18:00:00,8.41,
2022-05-16 18:15:00,8.45,
2022-05-16 18:30:00,8.51,
2022-05-16 18:45:00,8.57,
2022-05-16 19:00:00,8.61,
2022-05-16 19:15:00,8.66,
2022-05-16 19:30:00,8.69,
2022-05-16 19:45:00,8.74,
2022-05-16 20:00:00,8.77,
2022-05-16 20:15:00,8.83,
2022-05-16 20:30:00,8.87,
2022-05-16 20:45:00,8.91,
2022-05-16 21:00:00,8.94,
2022-05-16 21:15:00,8.99,
2022-05-16 21:30:00,9.03,
2022-05-16 21:45:00,9.08,
2022-05-16 22:00:00,9.11,
2022-05-16 22:15:00,9.15,
2022-05-16 22:30:00,9.19,
2022-05-16 22:45:00,9.24,
2022-05-16 23:00:00,9.29,
2022-05-16 23:15:00,9.32,
2022-05-16 23:30:00,9.37,
2022-05-16 23:45:00,9.41,
2022-05-17 00:00:00,9.44,
2022-05-17 00:15:00,9.47,
2022-05-17 00:30:00,9.51,
2022-05-17 00:45:00,9.53,
2022-05-17 01:00:00,9.55,
2022-05-17 01:15:00,9.57,
2022-05-17 01:30:00,9.59,
2022-05-17 01:45:00,9.61,
2022-05-17 02:00:00,9.63,
2022-05-17 02:15:00,9.65,
2022-05-17 02:30:00,9.66,
2022-05-17 02:45:00,9.68,
2022-05-17 03:00:00,9.7,
2022-05-17 03:15:00,9.72,
2022-05-17 03:30:00,9.74,
2022-05-17 03:45:00,9.76,
2022-05-17 04:00:00,9.77,
2022-05-17 04:15:00,9.8,
2022-05-17 04:30:00,9.81,
2022-05-17 04:45:00,9.84,
2022-05-17 05:00:00,9.85,
2022-05-17 05:15:00,9.87,
2022-05-17 05:30:00,9.88,
2022-05-17 05:45:00,9.91,
2022-05-17 06:00:00,9.93,
2022-05-17 06:15:00,9.95,
2022-05-17 06:30:00,9.97,
2022-05-17 06:45:00,9.99,
2022-05-17 07:00:00,10.01,
2022-05-17 07:15:00,10.01,
2022-05-17 07:30:00,10.04,
2022-05-17 07:45:00,10.04,
2022-05-17 08:00:00,10.03,
2022-05-17 08:15:00,10.02,
2022-05-17 08:30:00,10.0,
2022-05-17 08:45:00,9.97,
2022-05-17 09:00:00,9.94,
2022-05-17 09:15:00,9.9,
2022-05-17 09:30:00,9.86,
2022-05-17 09:45:00,9.8,
2022-05-17 10:00:00,9.78,
2022-05-17 10:15:00,9.75,
2022-05-17 10:30:00,9.7,
2022-05-17 10:45:00,9.47,
2022-05-17 11:00:00,9.32,
2022-05-17 11:15:00,9.3,
2022-05-17 11:30:00,9.26,
2022-05-17 11:45:00,9.25,
2022-05-17 12:00:00,9.21,
2022-05-17 12:15:00,9.15,
2022-05-17 12:30:00,9.1,
2022-05-17 12:45:00,9.07,
2022-05-17 13:00:00,9.01,
2022-05-17 13:15:00,8.96,
2022-05-17 13:30:00,8.92,
2022-05-17 13:45:00,8.89,
2022-05-17 14:00:00,8.87,
2022-05-17 14:15:00,8.84,
2022-05-17 14:30:00,8.8,
2022-05-17 14:45:00,8.77,
2022-05-17 15:00:00,8.73,
2022-05-17 15:15:00,8.67,
2022-05-17 15:30:00,8.61,
2022-05-17 15:45:00,8.6,
2022-05-17 16:00:00,8.55,
2022-05-17 16:15:00,8.52,
2022-05-17 16:30:00,8.55,
2022-05-17 16:45:00,8.56,
2022-05-17 17:00:00,8.56,
2022-05-17 17:15:00,8.56,
2022-05-17 17:30:00,8.57,
2022-05-17 17:45:00,8.58,
2022-05-17 18:00:00,8.6,
2022-05-17 18:15:00,8.62,
2022-05-17 18:30:00,8.64,
2022-05-17 18:45:00,8.67,
2022-05-17 19:00:00,8.7,
2022-05-17 19:15:00,8.73,
2022-05-17 19:30:00,8.76,
2022-05-17 19:45:00,8.79,
2022-05-17 20:00:00,8.84,
2022-05-17 20:15:00,8.88,
2022-05-17 20:30:00,8.93,
2022-05-17 20:45:00,8.96,
2022-05-17 21:00:00,9.01,
2022-05-17 21:15:00,9.11,
2022-05-17 21:30:00,9.18,
2022-05-17 21:45:00,9.25,
2022-05-17 22:00:00,9.29,
2022-05-17 22:15:00,9.35,
2022-05-17 22:30:00,9.41,
2022-05-17 22:45:00,9.46,
2022-05-17 23:00:00,9.51,
2022-05-17 23:15:00,9.55,
2022-05-17 23:30:00,9.61,
2022-05-17 23:45:00,9.65,
2022-05-18 00:00:00,9.69,
2022-05-18 00:15:00,9.73,
2022-05-18 00:30:00,9.78,
2022-05-18 00:45:00,9.8,
2022-05-18 01:00:00,9.84,
2022-05-18 01:15:00,9.87,
2022-05-18 01:30:00,9.91,
2022-05-18 01:45:00,9.92,
2022-05-18 02:00:00,9.94,
2022-05-18 02:15:00,9.98,
2022-05-18 02:30:00,10.0,
2022-05-18 02:45:00,10.02,
2022-05-18 03:00:00,10.03,
2022-05-18 03:15:00,10.06,
2022-05-18 03:30:00,10.08,
2022-05-18 03:45:00,10.09,
2022-05-18 04:00:00,10.1,
2022-05-18 04:15:00,10.12,
2022-05-18 04:30:00,10.13,
2022-05-18 04:45:00,10.16,
2022-05-18 05:00:00,10.17,
2022-05-18 05:15:00,10.18,
2022-05-18 05:30:00,10.2,
2022-05-18 05:45:00,10.22,
2022-05-18 06:00:00,10.22,
2022-05-18 06:15:00,10.24,
2022-05-18 06:30:00,10.24,
2022-05-18 06:45:00,10.27,
2022-05-18 07:00:00,10.28,
2022-05-18 07:15:00,10.29,
2022-05-18 07:30:00,10.29,
2022-05-18 07:45:00,10.3,
2022-05-18 08:00:00,10.27,
2022-05-18 08:15:00,10.22,
2022-05-18 08:30:00,10.2,
2022-05-18 08:45:00,10.16,
2022-05-18 09:00:00,10.1,
2022-05-18 09:15:00,10.05,
2022-05-18 09:30:00,10.0,
2022-05-18 09:45:00,9.94,
2022-05-18 10:00:00,9.88,
2022-05-18 10:15:00,9.81,
2022-05-18 10:30:00,9.74,
2022-05-18 10:45:00,9.66,
2022-05-18 11:00:00,9.59,
2022-05-18 11:15:00,9.52,
2022-05-18 11:30:00,9.45,
2022-05-18 11:45:00,9.39,
2022-05-18 12:00:00,9.31,
2022-05-18 12:15:00,9.25,
2022-05-18 12:30:00,9.18,
2022-05-18 12:45:00,9.11,
2022-05-18 13:00:00,9.04,
2022-05-18 13:15:00,8.98,
2022-05-18 13:30:00,8.93,
2022-05-18 13:45:00,8.87,
2022-05-18 14:00:00,8.82,
2022-05-18 14:15:00,8.77,
2022-05-18 14:30:00,8.72,
2022-05-18 14:45:00,8.67,
2022-05-18 15:00:00,8.64,
2022-05-18 15:15:00,8.62,
2022-05-18 15:30:00,8.57,
2022-05-18 15:45:00,8.56,
2022-05-18 16:00:00,8.51,
2022-05-18 16:15:00,8.51,
2022-05-18 16:30:00,8.56,
2022-05-18 16:45:00,8.56,
2022-05-18 17:00:00,8.53,
2022-05-18 17:15:00,8.54,
2022-05-18 17:30:00,8.55,
2022-05-18 17:45:00,8.56,
2022-05-18 18:00:00,8.61,
2022-05-18 18:15:00,8.63,
2022-05-18 18:30:00,8.63,
2022-05-18 18:45:00,8.67,
2022-05-18 19:00:00,8.69,
2022-05-18 19:15:00,8.72,
2022-05-18 19:30:00,8.75,
2022-05-18 19:45:00,8.79,
2022-05-18 20:00:00,8.82,
2022-05-18 20:15:00,8.85,
2022-05-18 20:30:00,8.9,
2022-05-18 20:45:00,8.93,
2022-05-18 21:00:00,8.97,
2022-05-18 21:15:00,9.02,
2022-05-18 21:30:00,9.06,
2022-05-18 21:45:00,9.1,
2022-05-18 22:00:00,9.15,
2022-05-18 22:15:00,9.19,
2022-05-18 22:30:00,9.22,
2022-05-18 22:45:00,9.28,
2022-05-18 23:00:00,9.31,
2022-05-18 23:15:00,9.35,
2022-05-18 23:30:00,9.39,
2022-05-18 23:45:00,9.42,
2022-05-19 00:00:00,9.45,
2022-05-19 00:15:00,9.48,
2022-05-19 00:30:00,9.51,
2022-05-19 00:45:00,9.53,
2022-05-19 01:00:00,9.55,
2022-05-19 01:15:00,9.56,
2022-05-19 01:30:00,9.59,
2022-05-19 01:45:00,9.61,
2022-05-19 02:00:00,9.62,
2022-05-19 02:15:00,9.63,
2022-05-19 02:30:00,9.64,
2022-05-19 02:45:00,9.65,
2022-05-19 03:00:00,9.66,
2022-05-19 03:15:00,9.67,
2022-05-19 03:30:00,9.67,
2022-05-19 03:45:00,9.67,
2022-05-19 04:00:00,9.68,
2022-05-19 04:15:00,9.69,
2022-05-19 04:30:00,9.68,
2022-05-19 04:45:00,9.68,
2022-05-19 05:00:00,9.68,
2022-05-19 05:15:00,9.68,
2022-05-19 05:30:00,9.68,
2022-05-19 05:45:00,9.7,
2022-05-19 06:00:00,9.72,
2022-05-19 06:15:00,9.73,
2022-05-19 06:30:00,9.74,
2022-05-19 06:45:00,9.75,
2022-05-19 07:00:00,9.76,
2022-05-19 07:15:00,9.76,
2022-05-19 07:30:00,9.76,
2022-05-19 07:45:00,9.74,
2022-05-19 08:00:00,9.73,
2022-05-19 08:15:00,9.69,
2022-05-19 08:30:00,9.67,
2022-05-19 08:45:00,9.59,
2022-05-19 09:00:00,9.5,
2022-05-19 09:15:00,9.46,
2022-05-19 09:30:00,9.45,
2022-05-19 09:45:00,9.43,
2022-05-19 10:00:00,9.43,
2022-05-19 10:15:00,9.42,
2022-05-19 10:30:00,9.43,
2022-05-19 10:45:00,9.43,
2022-05-19 11:00:00,9.42,
2022-05-19 11:15:00,9.43,
2022-05-19 11:30:00,9.45,
2022-05-19 11:45:00,9.48,
2022-05-19 12:00:00,9.49,
2022-05-19 12:15:00,9.5,
2022-05-19 12:30:00,9.52,
2022-05-19 12:45:00,9.55,
2022-05-19 13:00:00,9.59,
2022-05-19 13:15:00,9.62,
2022-05-19 13:30:00,9.66,
2022-05-19 13:45:00,9.69,
2022-05-19 14:00:00,9.76,
2022-05-19 14:15:00,9.75,
2022-05-19 14:30:00,9.77,
2022-05-19 14:45:00,9.83,
2022-05-19 15:00:00,9.87,
2022-05-19 15:15:00,9.86,
2022-05-19 15:30:00,9.83,
2022-05-19 15:45:00,9.82,
2022-05-19 16:00:00,9.82,
2022-05-19 16:15:00,9.81,
2022-05-19 16:30:00,9.8,
2022-05-19 16:45:00,9.77,
2022-05-19 17:00:00,9.76,
2022-05-19 17:15:00,9.76,
2022-05-19 17:30:00,9.76,
2022-05-19 17:45:00,9.78,
2022-05-19 18:00:00,9.78,
2022-05-19 18:15:00,9.8,
2022-05-19 18:30:00,9.81,
2022-05-19 18:45:00,9.84,
2022-05-19 19:00:00,9.86,
2022-05-19 19:15:00,9.87,
2022-05-19 19:30:00,9.88,
2022-05-19 19:45:00,9.88,
2022-05-19 20:00:00,9.89,
2022-05-19 20:15:00,9.91,
2022-05-19 20:30:00,9.92,
2022-05-19 20:45:00,9.93,
2022-05-19 21:00:00,9.96,
2022-05-19 21:15:00,9.97,
2022-05-19 21:30:00,9.98,
2022-05-19 21:45:00,10.01,
2022-05-19 22:00:00,10.01,
2022-05-19 22:15:00,10.03,
2022-05-19 22:30:00,10.03,
2022-05-19 22:45:00,10.04,
2022-05-19 23:00:00,10.05,
2022-05-19 23:15:00,10.06,
2022-05-19 23:30:00,10.07,
2022-05-19 23:45:00,10.09,
2022-05-20 00:00:00,10.09,
2022-05-20 00:15:00,10.11,
2022-05-20 00:30:00,10.11,
2022-05-20 00:45:00,10.12,
2022-05-20 01:00:00,10.12,
2022-05-20 01:15:00,10.13,
2022-05-20 01:30:00,10.14,
2022-05-20 01:45:00,10.15,
2022-05-20 02:00:00,10.17,
2022-05-20 02:15:00,10.19,
2022-05-20 02:30:00,10.21,
2022-05-20 02:45:00,10.23,
2022-05-20 03:00:00,10.25,
2022-05-20 03:15:00,10.26,
2022-05-20 03:30:00,10.27,
2022-05-20 03:45:00,10.28,
2022-05-20 04:00:00,10.3,
2022-05-20 04:15:00,10.32,
2022-05-20 04:30:00,10.33,
2022-05-20 04:45:00,10.35,
2022-05-20 05:00:00,10.37,
2022-05-20 05:15:00,10.36,
2022-05-20 05:30:00,10.37,
2022-05-20 05:45:00,10.39,
2022-05-20 06:00:00,10.41,
2022-05-20 06:15:00,10.45,
2022-05-20 06:30:00,10.46,
2022-05-20 06:45:00,10.46,
2022-05-20 07:00:00,10.46,
2022-05-20 07:15:00,10.46,
2022-05-20 07:30:00,10.46,
2022-05-20 07:45:00,10.46,
2022-05-20 08:00:00,10.45,
2022-05-20 08:15:00,10.45,
2022-05-20 08:30:00,10.44,
2022-05-20 08:45:00,10.4,
2022-05-20 09:00:00,10.39,
2022-05-20 09:15:00,10.35,
2022-05-20 09:30:00,10.32,
2022-05-20 09:45:00,10.29,
2022-05-20 10:00:00,10.27,
2022-05-20 10:15:00,10.28,
2022-05-20 10:30:00,10.19,
2022-05-20 10:45:00,10.16,
2022-05-20 11:00:00,10.14,
2022-05-20 11:15:00,10.07,
2022-05-20 11:30:00,10.04,
2022-05-20 11:45:00,10.01,
2022-05-20 12:00:00,9.93,
2022-05-20 12:15:00,9.89,
2022-05-20 12:30:00,9.9,
2022-05-20 12:45:00,9.93,
2022-05-20 13:00:00,9.9,
2022-05-20 13:15:00,9.91,
2022-05-20 13:30:00,9.87,
2022-05-20 13:45:00,9.85,
2022-05-20 14:00:00,9.79,
2022-05-20 14:15:00,9.75,
2022-05-20 14:30:00,9.71,
2022-05-20 14:45:00,9.66,
2022-05-20 15:00:00,9.66,
2022-05-20 15:15:00,9.61,
2022-05-20 15:30:00,9.57,
2022-05-20 15:45:00,9.49,
2022-05-20 16:00:00,9.41,
2022-05-20 16:15:00,9.41,
2022-05-20 16:30:00,9.42,
2022-05-20 16:45:00,9.45,
2022-05-20 17:00:00,9.45,
2022-05-20 17:15:00,9.39,
2022-05-20 17:30:00,9.47,
2022-05-20 17:45:00,9.5,
2022-05-20 18:00:00,9.47,
2022-05-20 18:15:00,9.45,
2022-05-20 18:30:00,9.43,
2022-05-20 18:45:00,9.42,
2022-05-20 19:00:00,9.43,
2022-05-20 19:15:00,9.47,
2022-05-20 19:30:00,9.49,
2022-05-20 19:45:00,9.52,
2022-05-20 20:00:00,9.54,
2022-05-20 20:15:00,9.59,
2022-05-20 20:30:00,9.6,
2022-05-20 20:45:00,9.65,
2022-05-20 21:00:00,9.68,
2022-05-20 21:15:00,9.71,
2022-05-20 21:30:00,9.74,
2022-05-20 21:45:00,9.77,
2022-05-20 22:00:00,9.8,
2022-05-20 22:15:00,9.82,
2022-05-20 22:30:00,9.84,
2022-05-20 22:45:00,9.85,
2022-05-20 23:00:00,9.88,
2022-05-20 23:15:00,9.91,
2022-05-20 23:30:00,9.9,
2022-05-20 23:45:00,9.95,
2022-05-21 00:00:00,9.97,
2022-05-21 00:15:00,10.0,S
2022-05-21 00:30:00,10.01,S
2022-05-21 00:45:00,10.04,S
2022-05-21 01:00:00,10.04,S
2022-05-21 01:15:00,10.07,S
2022-05-21 01:30:00,10.07,S
2022-05-21 01:45:00,10.1,S
2022-05-21 02:00:00,10.12,S
2022-05-21 02:15:00,10.14,S
2022-05-21 02:30:00,10.14,S
2022-05-21 02:45:00,10.16,S
2022-05-21 03:00:00,10.17,S
2022-05-21 03:15:00,10.19,S
2022-05-21 03:30:00,10.19,S
2022-05-21 03:45:00,10.22,S
2022-05-21 04:00:00,10.25,S
2022-05-21 04:15:00,10.26,S
2022-05-21 04:30:00,10.3,S
2022-05-21 04:45:00,10.31,S
2022-05-21 05:00:00,10.32,S
2022-05-21 05:15:00,10.34,S
2022-05-21 05:30:00,10.36,S
2022-05-21 05:45:00,10.39,S
2022-05-21 06:00:00,10.41,S
2022-05-21 06:15:00,10.44,S
2022-05-21 06:30:00,10.44,S
2022-05-21 06:45:00,10.47,S
2022-05-21 07:00:00,10.49,S
2022-05-21 07:15:00,10.5,S
2022-05-21 07:30:00,10.53,S
2022-05-21 07:45:00,10.5,S
2022-05-21 08:00:00,10.48,S
2022-05-21 08:15:00,10.45,S
2022-05-21 08:30:00,10.38,S
2022-05-21 08:45:00,10.34,S
2022-05-21 09:00:00,10.29,S
2022-05-21 09:15:00,10.24,S
2022-05-21 09:30:00,10.23,S
2022-05-21 09:45:00,10.13,S
2022-05-21 10:00:00,10.08,S
2022-05-21 10:15:00,10.01,S
2022-05-21 10:30:00,9.95,S
2022-05-21 10:45:00,9.87,S
2022-05-21 11:00:00,9.78,S
2022-05-21 11:15:00,9.68,S
2022-05-21 11:30:00,9.63,S
2022-05-21 11:45:00,9.52,S
2022-05-21 12:00:00,9.46,S
2022-05-21 12:15:00,9.38,S
2022-05-21 12:30:00,9.24,S
2022-05-21 12:45:00,9.28,S
2022-05-21 13:00:00,9.21,S
2022-05-21 13:15:00,9.14,S
2022-05-21 13:30:00,9.19,S
2022-05-21 13:45:00,9.17,S
2022-05-21 14:00:00,9.14,S
2022-05-21 14:15:00,9.2,S
2022-05-21 14:30:00,9.17,S
2022-05-21 14:45:00,9.14,S
2022-05-21 15:00:00,9.11,S
2022-05-21 15:15:00,9.03,S
2022-05-21 15:30:00,9.03,S
2022-05-21 15:45:00,9.06,S
2022-05-21 16:00:00,9.07,S
2022-05-21 16:15:00,9.06,S
2022-05-21 16:30:00,9.01,S
2022-05-21 16:45:00,9.08,S
2022-05-21 17:00:00,9.15,S
2022-05-21 17:15:00,9.13,S
2022-05-21 17:30:00,9.07,S
2022-05-21 17:45:00,9.14,S
2022-05-21 18:00:00,9.06,S
2022-05-21 18:15:00,9.01,S
2022-05-21 18:30:00,9.05,S
2022-05-21 18:45:00,9.1,S
2022-05-21 19:00:00,9.11,S
2022-05-21 19:15:00,9.14,S
2022-05-21 19:30:00,9.16,S
2022-05-21 19:45:00,9.18,S
2022-05-21 20:00:00,9.2,S
2022-05-21 20:15:00,9.26,S
2022-05-21 20:30:00,9.26,S
2022-05-21 20:45:00,9.25,S
2022-05-21 21:00:00,9.32,S
2022-05-21 21:15:00,9.36,S
2022-05-21 21:30:00,9.32,S
2022-05-21 21:45:00,9.38,S
2022-05-21 22:00:00,9.37,S
2022-05-21 22:15:00,9.53,S
2022-05-21 22:30:00,9.5,S
2022-05-21 22:45:00,9.55,S
2022-05-21 23:00:00,9.54,S
2022-05-21 23:15:00,9.62,S
2022-05-21 23:30:00,9.6,S
2022-05-21 23:45:00,9.69,S
2022-05-22 00:00:00,9.72,S
2022-05-22 00:15:00,9.71,S
2022-05-22 00:30:00,9.75,S
2022-05-22 00:45:00,9.76,S
2022-05-22 01:00:00,9.82,S
2022-05-22 01:15:00,9.77,S
2022-05-22 01:30:00,9.86,S
2022-05-22 01:45:00,9.87,S
2022-05-22 02:00:00,9.89,S
2022-05-22 02:15:00,9.9,S
2022-05-22 02:30:00,9.93,S
2022-05-22 02:45:00,9.91,S
2022-05-22 03:00:00,9.92,S
2022-05-22 03:15:00,9.98,S
2022-05-22 03:30:00,9.99,S
2022-05-22 03:45:00,10.03,S
2022-05-22 04:00:00,9.97,S
2022-05-22 04:15:00,10.01,S
2022-05-22 04:30:00,10.07,S
2022-05-22 04:45:00,10.07,S
2022-05-22 05:00:00,10.09,S
2022-05-22 05:15:00,10.11,S
2022-05-22 05:30:00,10.16,S
2022-05-22 05:45:00,10.17,S
2022-05-22 06:00:00,10.18,S
2022-05-22 06:15:00,10.23,S
2022-05-22 06:30:00,10.19,S
2022-05-22 06:45:00,10.26,S
2022-05-22 07:00:00,10.31,S
2022-05-22 07:15:00,10.27,S
2022-05-22 07:30:00,10.31,S
2022-05-22 07:45:00,10.33,S
2022-05-22 08:00:00,10.3,S
2022-05-22 08:15:00,10.29,S
2022-05-22 08:30:00,10.19,S
2022-05-22 08:45:00,10.16,S
2022-05-22 09:00:00,10.13,S
2022-05-22 09:15:00,10.06,S
2022-05-22 09:30:00,10.0,S
2022-05-22 09:45:00,9.9,S
2022-05-22 10:00:00,9.87,S
2022-05-22 10:15:00,9.83,S
2022-05-22 10:30:00,9.73,S
2022-05-22 10:45:00,9.7,S
2022-05-22 11:00:00,9.59,S
2022-05-22 11:15:00,9.57,S
2022-05-22 11:30:00,9.56,S
2022-05-22 11:45:00,9.52,S
2022-05-22 12:00:00,9.47,S
2022-05-22 12:15:00,9.42,S
2022-05-22 12:30:00,9.38,S
2022-05-22 12:45:00,9.28,S
2022-05-22 13:00:00,9.21,S
2022-05-22 13:15:00,9.15,S
2022-05-22 13:30:00,9.13,S
2022-05-22 13:45:00,9.16,S
2022-05-22 14:00:00,9.13,S
2022-05-22 14:15:00,8.96,S
2022-05-22 14:30:00,8.89,S
2022-05-22 14:45:00,8.84,S
2022-05-22 15:00:00,8.82,S
2022-05-22 15:15:00,8.94,S
2022-05-22 15:30:00,8.95,S
2022-05-22 15:45:00,8.95,S
2022-05-22 16:00:00,9.04,S
2022-05-22 16:15:00,9.04,S
2022-05-22 16:30:00,9.02,S
2022-05-22 16:45:00,9.01,S
2022-05-22 17:00:00,9.04,S
2022-05-22 17:15:00,9.07,S
2022-05-22 17:30:00,9.07,S
2022-05-22 17:45:00,9.13,S
2022-05-22 18:00:00,9.17,S
2022-05-22 18:15:00,9.22,S
2022-05-22 18:30:00,9.28,S
2022-05-22 18:45:00,9.28,S
2022-05-22 19:00:00,9.29,S
2022-05-22 19:15:00,9.3,S
2022-05-22 19:30:00,9.3,S
2022-05-22 19:45:00,9.32,S
2022-05-22 20:00:00,9.39,S
2022-05-22 20:15:00,9.31,S
2022-05-22 20:30:00,9.35,S
2022-05-22 20:45:00,9.35,S
2022-05-22 21:00:00,9.44,S
2022-05-22 21:15:00,9.43,S
2022-05-22 21:30:00,9.46,S
2022-05-22 21:45:00,9.46,S
2022-05-22 22:00:00,9.41,S
2022-05-22 22:15:00,9.52,S
2022-05-22 22:30:00,9.54,S
2022-05-22 22:45:00,9.61,S
2022-05-22 23:00:00,9.6,S
2022-05-22 23:15:00,9.67,S
2022-05-22 23:30:00,9.65,S
2022-05-22 23:45:00,9.65,S
2022-05-23 00:00:00,9.7,S
2022-05-23 00:15:00,9.7,S
2022-05-23 00:30:00,9.76,S
2022-05-23 00:45:00,9.75,S
2022-05-23 01:00:00,9.79,S
2022-05-23 01:15:00,9.79,S
2022-05-23 01:30:00,9.86,S
2022-05-23 01:45:00,9.88,S
2022-05-23 02:00:00,9.87,S
2022-05-23 02:15:00,9.9,S
2022-05-23 02:30:00,9.95,S
2022-05-23 02:45:00,9.96,S
2022-05-23 03:00:00,9.96,S
2022-05-23 03:15:00,9.94,S
2022-05-23 03:30:00,9.97,S
2022-05-23 03:45:00,9.98,S
2022-05-23 04:00:00,10.02,S
2022-05-23 04:15:00,10.05,S
2022-05-23 04:30:00,10.02,S
2022-05-23 04:45:00,10.01,S
2022-05-23 05:00:00,10.07,S
2022-05-23 05:15:00,10.06,S
2022-05-23 05:30:00,10.1,S
2022-05-23 05:45:00,10.17,S
2022-05-23 06:00:00,10.11,S
2022-05-23 06:15:00,10.18,S
2022-05-23 06:30:00,10.26,S
2022-05-23 06:45:00,10.21,S
2022-05-23 07:00:00,10.23,S
2022-05-23 07:15:00,10.23,S
2022-05-23 07:30:00,10.22,S
2022-05-23 07:45:00,10.26,S
2022-05-23 08:00:00,10.28,S
2022-05-23 08:15:00,10.2,S
2022-05-23 08:30:00,10.25,S
2022-05-23 08:45:00,10.16,S
2022-05-23 09:00:00,10.12,S
2022-05-23 09:15:00,10.08,S
2022-05-23 09:30:00,9.92,S
2022-05-23 09:45:00,9.92,S
2022-05-23 10:00:00,9.91,S
2022-05-23 10:15:00,9.82,S
2022-05-23 10:30:00,9.73,S
2022-05-23 10:45:00,9.61,S
2022-05-23 11:00:00,9.58,S
2022-05-23 11:15:00,9.47,S
2022-05-23 11:30:00,9.37,S
2022-05-23 11:45:00,9.32,S
2022-05-23 12:00:00,9.26,S
2022-05-23 12:15:00,9.21,S
2022-05-23 12:30:00,9.15,S
2022-05-23 12:45:00,9.12,S
2022-05-23 13:00:00,9.22,S
2022-05-23 13:15:00,9.25,S
2022-05-23 13:30:00,9.28,S
2022-05-23 13:45:00,9.2,S
2022-05-23 14:00:00,9.22,S
2022-05-23 14:15:00,9.11,S
2022-05-23 14:30:00,9.11,S
2022-05-23 14:45:00,9.16,S
2022-05-23 15:00:00,9.13,S
2022-05-23 15:15:00,9.03,S
2022-05-23 15:30:00,8.97,S
2022-05-23 15:45:00,9.04,S
2022-05-23 16:00:00,8.92,S
2022-05-23 16:15:00,9.0,S
2022-05-23 16:30:00,8.93,S
2022-05-23 16:45:00,8.87,S
2022-05-23 17:00:00,8.92,S
2022-05-23 17:15:00,8.86,S
2022-05-23 17:30:00,8.84,S
2022-05-23 17:45:00,8.82,S
2022-05-23 18:00:00,8.81,S
2022-05-23 18:15:00,8.8,S
2022-05-23 18:30:00,8.77,S
2022-05-23 18:45:00,8.78,S
2022-05-23 19:00:00,8.78,S
2022-05-23 19:15:00,8.78,S
2022-05-23 19:30:00,8.83,S
2022-05-23 19:45:00,8.87,S
2022-05-23 20:00:00,8.88,S
2022-05-23 20:15:00,8.91,S
2022-05-23 20:30:00,8.89,S
2022-05-23 20:45:00,8.94,S
2022-05-23 21:00:00,9.01,S
2022-05-23 21:15:00,9.0,S
2022-05-23 21:30:00,8.99,S
2022-05-23 21:45:00,9.12,S
2022-05-23 22:00:00,9.05,S
2022-05-23 22:15:00,9.13,S
2022-05-23 22:30:00,9.18,S
2022-05-23 22:45:00,9.13,S
2022-05-23 23:00:00,9.22,S
2022-05-23 23:15:00,9.23,S
2022-05-23 23:30:00,9.19,S
2022-05-23 23:45:00,9.24,S
2022-05-24 00:00:00,9.26,S
2022-05-24 00:15:00,9.28,S
2022-05-24 00:30:00,9.33,S
2022-05-24 00:45:00,9.31,S
2022-05-24 01:00:00,9.35,S
2022-05-24 01:15:00,9.41,S
2022-05-24 01:30:00,9.43,S
2022-05-24 01:45:00,9.48,S
2022-05-24 02:00:00,9.51,S
2022-05-24 02:15:00,9.53,S
2022-05-24 02:30:00,9.53,S
2022-05-24 02:45:00,9.59,S
2022-05-24 03:00:00,9.58,S
2022-05-24 03:15:00,9.57,S
2022-05-24 03:30:00,9.63,S
2022-05-24 03:45:00,9.69,S
2022-05-24 04:00:00,9.67,S
2022-05-24 04:15:00,9.71,S
2022-05-24 04:30:00,9.73,S
2022-05-24 04:45:00,9.74,S
2022-05-24 05:00:00,9.82,S
2022-05-24 05:15:00,9.81,S
2022-05-24 05:30:00,9.86,S
2022-05-24 05:45:00,9.91,S
2022-05-24 06:00:00,9.93,S
2022-05-24 06:15:00,9.97,S
2022-05-24 06:30:00,9.97,S
2022-05-24 06:45:00,10.01,S
2022-05-24 07:00:00,10.02,S
2022-05-24 07:15:00,10.07,S
2022-05-24 07:30:00,10.05,S
2022-05-24 07:45:00,10.05,S
2022-05-24 08:00:00,10.09,S
2022-05-24 08:15:00,9.99,S
2022-05-24 08:30:00,9.97,S
2022-05-24 08:45:00,9.99,S
2022-05-24 09:00:00,9.88,S
2022-05-24 09:15:00,9.88,S
2022-05-24 09:30:00,9.8,S
2022-05-24 09:45:00,9.71,S
2022-05-24 10:00:00,9.7,S
2022-05-24 10:15:00,9.72,S
2022-05-24 10:30:00,9.56,S
2022-05-24 10:45:00,9.59,S
2022-05-24 11:00:00,9.54,S
2022-05-24 11:15:00,9.36,S
2022-05-24 11:30:00,9.36,S
2022-05-24 11:45:00,9.32,S
2022-05-24 12:00:00,9.26,S
2022-05-24 12:15:00,9.21,S
2022-05-24 12:30:00,9.27,S
2022-05-24 12:45:00,9.26,S
2022-05-24 13:00:00,9.19,S
2022-05-24 13:15:00,9.15,S
2022-05-24 13:30:00,9.03,S
2022-05-24 13:45:00,9.03,S
2022-05-24 14:00:00,9.01,S
2022-05-24 14:15:00,8.99,S
2022-05-24 14:30:00,8.95,S
2022-05-24 14:45:00,8.87,S
2022-05-24 15:00:00,8.9,S
2022-05-24 15:15:00,8.84,S
2022-05-24 15:30:00,8.79,S
2022-05-24 15:45:00,8.79,S
2022-05-24 16:00:00,8.75,S
2022-05-24 16:15:00,8.68,S
2022-05-24 16:30:00,8.75,S
2022-05-24 16:45:00,8.71,S
2022-05-24 17:00:00,8.72,S
2022-05-24 17:15:00,8.77,S
2022-05-24 17:30:00,8.76,S
2022-05-24 17:45:00,8.7,S
2022-05-24 18:00:00,8.68,S
2022-05-24 18:15:00,8.69,S
2022-05-24 18:30:00,8.65,S
2022-05-24 18:45:00,8.64,S
2022-05-24 19:00:00,8.72,S
2022-05-24 19:15:00,8.69,S
2022-05-24 19:30:00,8.71,S
2022-05-24 19:45:00,8.76,S
2022-05-24 20:00:00,8.72,S
2022-05-24 20:15:00,8.81,S
2022-05-24 20:30:00,8.86,S
2022-05-24 20:45:00,8.83,S
2022-05-24 21:00:00,8.94,S
2022-05-24 21:15:00,8.96,S
2022-05-24 21:30:00,9.05,S
2022-05-24 21:45:00,9.05,S
2022-05-24 22:00:00,9.09,S
2022-05-24 22:15:00,9.1,S
2022-05-24 22:30:00,9.12,S
2022-05-24 22:45:00,9.19,S
2022-05-24 23:00:00,9.22,S
2022-05-24 23:15:00,9.24,S
2022-05-24 23:30:00,9.25,S
2022-05-24 23:45:00,9.36,S
2022-05-25 00:00:00,9.31,S
2022-05-25 00:15:00,9.39,S
2022-05-25 00:30:00,9.4,S
2022-05-25 00:45:00,9.44,S
2022-05-25 01:00:00,9.43,S
2022-05-25 01:15:00,9.46,S
2022-05-25 01:30:00,9.54,S
2022-05-25 01:45:00,9.59,S
2022-05-25 02:00:00,9.56,S
2022-05-25 02:15:00,9.52,S
2022-05-25 02:30:00,9.61,S
2022-05-25 02:45:00,9.63,S
2022-05-25 03:00:00,9.67,S
2022-05-25 03:15:00,9.71,S
2022-05-25 03:30:00,9.68,S
2022-05-25 03:45:00,9.73,S
2022-05-25 04:00:00,9.79,S
2022-05-25 04:15:00,9.76,S
2022-05-25 04:30:00,9.77,S
2022-05-25 04:45:00,9.78,S
2022-05-25 05:00:00,9.82,S
2022-05-25 05:15:00,9.81,S
2022-05-25 05:30:00,9.87,S
2022-05-25 05:45:00,9.93,S
2022-05-25 06:00:00,9.94,S
2022-05-25 06:15:00,9.99,S
2022-05-25 06:30:00,9.98,S
2022-05-25 06:45:00,9.99,S
2022-05-25 07:00:00,10.03,S
2022-05-25 07:15:00,10.08,S
2022-05-25 07:30:00,10.05,S
2022-05-25 07:45:00,10.07,S
2022-05-25 08:00:00,10.08,S
2022-05-25 08:15:00,10.04,S
2022-05-25 08:30:00,10.02,S
2022-05-25 08:45:00,9.96,S
2022-05-25 09:00:00,9.92,S
2022-05-25 09:15:00,9.88,S
2022-05-25 09:30:00,9.82,S
2022-05-25 09:45:00,9.79,S
2022-05-25 10:00:00,9.72,S
2022-05-25 10:15:00,9.66,S
2022-05-25 10:30:00,9.64,S
2022-05-25 10:45:00,9.6,S
2022-05-25 11:00:00,9.5,S
2022-05-25 11:15:00,9.43,S
2022-05-25 11:30:00,9.3,S
2022-05-25 11:45:00,9.22,S
2022-05-25 12:00:00,9.15,S
2022-05-25 12:15:00,9.11,S
2022-05-25 12:30:00,9.04,S
2022-05-25 12:45:00,8.98,S
2022-05-25 13:00:00,8.83,S
2022-05-25 13:15:00,8.84,S
2022-05-25 13:30:00,8.74,S
2022-05-25 13:45:00,8.72,S
2022-05-25 14:00:00,8.66,S
2022-05-25 14:15:00,8.61,S
2022-05-25 14:30:00,8.51,S
2022-05-25 14:45:00,8.54,S
2022-05-25 15:00:00,8.44,S
2022-05-25 15:15:00,8.39,S
2022-05-25 15:30:00,8.46,S
2022-05-25 15:45:00,8.39,S
2022-05-25 16:00:00,8.35,S
2022-05-25 16:15:00,8.32,S
2022-05-25 16:30:00,8.29,S
2022-05-25 16:45:00,8.31,S
2022-05-25 17:00:00,8.32,S
2022-05-25 17:15:00,8.31,S
2022-05-25 17:30:00,8.28,S
2022-05-25 17:45:00,8.24,S
2022-05-25 18:00:00,8.28,S
2022-05-25 18:15:00,8.22,S
2022-05-25 18:30:00,8.21,S
2022-05-25 18:45:00,8.24,S
2022-05-25 19:00:00,8.29,S
2022-05-25 19:15:00,8.29,S
2022-05-25 19:30:00,8.34,S
2022-05-25 19:45:00,8.38,S
2022-05-25 20:00:00,8.43,S
2022-05-25 20:15:00,8.46,S
2022-05-25 20:30:00,8.44,S
2022-05-25 20:45:00,8.55,S
2022-05-25 21:00:00,8.6,S
2022-05-25 21:15:00,8.63,S
2022-05-25 21:30:00,8.63,S
2022-05-25 21:45:00,8.67,S
2022-05-25 22:00:00,8.7,S
2022-05-25 22:15:00,8.78,S
2022-05-25 22:30:00,8.75,S
2022-05-25 22:45:00,8.85,S
2022-05-25 23:00:00,8.86,S
2022-05-25 23:15:00,8.89,S
2022-05-25 23:30:00,8.93,S
2022-05-25 23:45:00,8.97,S
2022-05-26 00:00:00,9.0,S
2022-05-26 00:15:00,9.01,S
2022-05-26 00:30:00,9.0,S
2022-05-26 00:45:00,9.08,S
2022-05-26 01:00:00,9.02,S
2022-05-26 01:15:00,9.02,S
2022-05-26 01:30:00,9.11,S
2022-05-26 01:45:00,9.17,S
2022-05-26 02:00:00,9.2,S
2022-05-26 02:15:00,9.1,S
2022-05-26 02:30:00,9.23,S
2022-05-26 02:45:00,9.23,S
2022-05-26 03:00:00,9.3,S
2022-05-26 03:15:00,9.29,S
2022-05-26 03:30:00,9.31,S
2022-05-26 03:45:00,9.32,S
2022-05-26 04:00:00,9.39,S
2022-05-26 04:15:00,9.41,S
2022-05-26 04:30:00,9.43,S
2022-05-26 04:45:00,9.38,S
2022-05-26 05:00:00,9.44,S
2022-05-26 05:15:00,9.45,S
2022-05-26 05:30:00,9.53,S
2022-05-26 05:45:00,9.52,S
2022-05-26 06:00:00,9.6,S
2022-05-26 06:15:00,9.65,S
2022-05-26 06:30:00,9.65,S
2022-05-26 06:45:00,9.61,S
2022-05-26 07:00:00,9.69,S
2022-05-26 07:15:00,9.66,S
2022-05-26 07:30:00,9.66,S
2022-05-26 07:45:00,9.71,S
2022-05-26 08:00:00,9.75,S
2022-05-26 08:15:00,9.7,S
2022-05-26 08:30:00,9.63,S
2022-05-26 08:45:00,9.54,S
2022-05-26 09:00:00,9.65,S
2022-05-26 09:15:00,9.57,S
2022-05-26 09:30:00,9.49,S
2022-05-26 09:45:00,9.4,S
2022-05-26 10:00:00,9.47,S
2022-05-26 10:15:00,9.42,S
2022-05-26 10:30:00,9.35,S
2022-05-26 10:45:00,9.27,S
2022-05-26 11:00:00,9.2,S
2022-05-26 11:15:00,9.12,S
2022-05-26 11:30:00,9.05,S
2022-05-26 11:45:00,8.97,S
2022-05-26 12:00:00,8.94,S
2022-05-26 12:15:00,8.88,S
2022-05-26 12:30:00,8.77,S
2022-05-26 12:45:00,8.74,S
2022-05-26 13:00:00,8.68,S
2022-05-26 13:15:00,8.64,S
2022-05-26 13:30:00,8.54,S
2022-05-26 13:45:00,8.49,S
2022-05-26 14:00:00,8.41,S
2022-05-26 14:15:00,8.41,S
2022-05-26 14:30:00,8.36,S
2022-05-26 14:45:00,8.36,S
2022-05-26 15:00:00,8.28,S
2022-05-26 15:15:00,8.25,S
2022-05-26 15:30:00,8.26,S
2022-05-26 15:45:00,8.24,S
2022-05-26 16:00:00,8.22,S
2022-05-26 16:15:00,8.18,S
2022-05-26 16:30:00,8.16,S
2022-05-26 16:45:00,8.12,S
2022-05-26 17:00:00,8.13,S
2022-05-26 17:15:00,8.09,S
2022-05-26 17:30:00,8.1,S
2022-05-26 17:45:00,8.09,S
2022-05-26 18:00:00,8.01,S
2022-05-26 18:15:00,7.99,S
2022-05-26 18:30:00,8.05,S
2022-05-26 18:45:00,8.1,S
2022-05-26 19:00:00,8.08,S
2022-05-26 19:15:00,8.14,S
2022-05-26 19:30:00,8.13,S
2022-05-26 19:45:00,8.13,S
2022-05-26 20:00:00,8.16,S
2022-05-26 20:15:00,8.21,S
2022-05-26 20:30:00,8.18,S
2022-05-26 20:45:00,8.28,S
2022-05-26 21:00:00,8.27,S
2022-05-26 21:15:00,8.3,S
2022-05-26 21:30:00,8.36,S
2022-05-26 21:45:00,8.36,S
2022-05-26 22:00:00,8.41,S
2022-05-26 22:15:00,8.39,S
2022-05-26 22:30:00,8.43,S
2022-05-26 22:45:00,8.42,S
2022-05-26 23:00:00,8.5,S
2022-05-26 23:15:00,8.4,S
2022-05-26 23:30:00,8.51,S
2022-05-26 23:45:00,8.48,S
2022-05-27 00:00:00,8.55,S
2022-05-27 00:15:00,8.61,S
2022-05-27 00:30:00,8.61,S
2022-05-27 00:45:00,8.62,S
2022-05-27 01:00:00,8.57,S
2022-05-27 01:15:00,8.61,S
2022-05-27 01:30:00,8.58,S
2022-05-27 01:45:00,8.72,S
2022-05-27 02:00:00,8.67,S
2022-05-27 02:15:00,8.71,S
2022-05-27 02:30:00,8.68,S
2022-05-27 02:45:00,8.77,S
2022-05-27 03:00:00,8.76,S
2022-05-27 03:15:00,8.82,S
2022-05-27 03:30:00,8.82,S
2022-05-27 03:45:00,8.84,S
2022-05-27 04:00:00,8.87,S
2022-05-27 04:15:00,8.95,S
2022-05-27 04:30:00,8.9,S
2022-05-27 04:45:00,9.0,S
2022-05-27 05:00:00,8.92,S
2022-05-27 05:15:00,9.04,S
2022-05-27 05:30:00,9.02,S
2022-05-27 05:45:00,9.03,S
2022-05-27 06:00:00,9.05,S
2022-05-27 06:15:00,9.11,S
2022-05-27 06:30:00,9.11,S
2022-05-27 06:45:00,9.18,S
2022-05-27 07:00:00,9.15,S
2022-05-27 07:15:00,9.16,S
2022-05-27 07:30:00,9.06,S
2022-05-27 07:45:00,9.2,S
2022-05-27 08:00:00,9.19,S
2022-05-27 08:15:00,9.26,S
2022-05-27 08:30:00,9.29,S
2022-05-27 08:45:00,9.3,S
2022-05-27 09:00:00,9.27,S
2022-05-27 09:15:00,9.32,S
2022-05-27 09:30:00,9.29,S
2022-05-27 09:45:00,9.24,S
2022-05-27 10:00:00,9.17,S
2022-05-27 10:15:00,9.12,S
2022-05-27 10:30:00,9.1,S
2022-05-27 10:45:00,9.05,S
2022-05-27 11:00:00,9.06,S
2022-05-27 11:15:00,8.9,S
2022-05-27 11:30:00,8.79,S
2022-05-27 11:45:00,8.79,S
2022-05-27 12:00:00,8.76,S
2022-05-27 12:15:00,8.69,S
2022-05-27 12:30:00,8.58,S
2022-05-27 12:45:00,8.58,S
2022-05-27 13:00:00,8.49,S
2022-05-27 13:15:00,8.44,S
2022-05-27 13:30:00,8.42,S
2022-05-27 13:45:00,8.37,S
2022-05-27 14:00:00,8.3,S
2022-05-27 14:15:00,8.19,S
2022-05-27 14:30:00,8.16,S
2022-05-27 14:45:00,8.13,S
2022-05-27 15:00:00,8.05,S
2022-05-27 15:15:00,8.18,S
2022-05-27 15:30:00,8.21,S
2022-05-27 15:45:00,8.15,S
2022-05-27 16:00:00,8.13,S
2022-05-27 16:15:00,8.08,S
2022-05-27 16:30:00,8.08,S
2022-05-27 16:45:00,7.97,S
2022-05-27 17:00:00,8.06,S
2022-05-27 17:15:00,8.05,S
2022-05-27 17:30:00,8.01,S
2022-05-27 17:45:00,8.0,S
2022-05-27 18:00:00,8.0,S
2022-05-27 18:15:00,8.04,S
2022-05-27 18:30:00,8.04,S
2022-05-27 18:45:00,8.07,S
2022-05-27 19:00:00,8.1,S
2022-05-27 19:15:00,8.12,S
2022-05-27 19:30:00,8.09,S
2022-05-27 19:45:00,8.18,S
2022-05-27 20:00:00,8.17,S
2022-05-27 20:15:00,8.11,S
2022-05-27 20:30:00,8.1,S
2022-05-27 20:45:00,8.26,S
2022-05-27 21:00:00,8.31,S
2022-05-27 21:15:00,8.25,S
2022-05-27 21:30:00,8.28,S
2022-05-27 21:45:00,8.36,S
2022-05-27 22:00:00,8.41,S
2022-05-27 22:15:00,8.35,S
2022-05-27 22:30:00,8.45,S
2022-05-27 22:45:00,8.4,S
2022-05-27 23:00:00,8.34,S
2022-05-27 23:15:00,8.46,S
2022-05-27 23:30:00,8.48,S
2022-05-27 23:45:00,8.42,S
2022-05-28 00:00:00,8.54,S
2022-05-28 00:15:00,8.56,S
2022-05-28 00:30:00,8.64,S
2022-05-28 00:45:00,8.67,S
2022-05-28 01:00:00,8.69,S
2022-05-28 01:15:00,8.69,S
2022-05-28 01:30:00,8.76,S
2022-05-28 01:45:00,8.84,S
2022-05-28 02:00:00,8.77,S
2022-05-28 02:15:00,8.81,S
2022-05-28 02:30:00,8.8,S
2022-05-28 02:45:00,8.9,S
2022-05-28 03:00:00,8.83,S
2022-05-28 03:15:00,8.9,S
2022-05-28 03:30:00,8.9,S
2022-05-28 03:45:00,8.94,S
2022-05-28 04:00:00,8.98,S
2022-05-28 04:15:00,8.99,S
2022-05-28 04:30:00,9.01,S
2022-05-28 04:45:00,9.0,S
2022-05-28 05:00:00,9.02,S
2022-05-28 05:15:00,9.03,S
2022-05-28 05:30:00,9.07,S
2022-05-28 05:45:00,9.05,S
2022-05-28 06:00:00,9.07,S
2022-05-28 06:15:00,9.1,S
2022-05-28 06:30:00,9.12,S
2022-05-28 06:45:00,9.13,S
2022-05-28 07:00:00,9.12,S
2022-05-28 07:15:00,9.14,S
2022-05-28 07:30:00,9.15,S
2022-05-28 07:45:00,9.15,S
2022-05-28 08:00:00,9.19,S
2022-05-28 08:15:00,9.17,S
2022-05-28 08:30:00,9.18,S
2022-05-28 08:45:00,9.21,S
2022-05-28 09:00:00,9.26,S
2022-05-28 09:15:00,9.26,S
2022-05-28 09:30:00,9.28,S
2022-05-28 09:45:00,9.28,S
2022-05-28 10:00:00,9.29,S
2022-05-28 10:15:00,9.32,S
2022-05-28 10:30:00,9.3,S
2022-05-28 10:45:00,9.34,S
2022-05-28 11:00:00,9.33,S
2022-05-28 11:15:00,9.29,S
2022-05-28 11:30:00,9.25,S
2022-05-28 11:45:00,9.31,S
2022-05-28 12:00:00,9.3,S
2022-05-28 12:15:00,9.3,S
2022-05-28 12:30:00,9.26,S
2022-05-28 12:45:00,9.23,S
2022-05-28 13:00:00,9.26,S
2022-05-28 13:15:00,9.26,S
2022-05-28 13:30:00,9.28,S
2022-05-28 13:45:00,9.22,S
2022-05-28 14:00:00,9.17,S
2022-05-28 14:15:00,9.18,S
2022-05-28 14:30:00,9.1,S
2022-05-28 14:45:00,9.11,S
2022-05-28 15:00:00,9.11,S
2022-05-28 15:15:00,9.07,S
2022-05-28 15:30:00,9.09,S
2022-05-28 15:45:00,9.11,S
2022-05-28 16:00:00,9.13,S
2022-05-28 16:15:00,9.1,S
2022-05-28 16:30:00,9.09,S
2022-05-28 16:45:00,9.06,S
2022-05-28 17:00:00,9.06,S
2022-05-28 17:15:00,9.06,S
2022-05-28 17:30:00,9.03,S
2022-05-28 17:45:00,9.07,S
2022-05-28 18:00:00,9.05,S
2022-05-28 18:15:00,9.04,S
2022-05-28 18:30:00,9.0,S
2022-05-28 18:45:00,9.06,S
2022-05-28 19:00:00,8.98,S
2022-05-28 19:15:00,9.01,S
2022-05-28 19:30:00,9.03,S
2022-05-28 19:45:00,8.99,S
2022-05-28 20:00:00,9.02,S
2022-05-28 20:15:00,9.04,S
2022-05-28 20:30:00,9.01,S
2022-05-28 20:45:00,9.03,S
2022-05-28 21:00:00,9.1,S
2022-05-28 21:15:00,9.09,S
2022-05-28 21:30:00,9.09,S
2022-05-28 21:45:00,9.13,S
2022-05-28 22:00:00,9.17,S
2022-05-28 22:15:00,9.15,S
2022-05-28 22:30:00,9.16,S
2022-05-28 22:45:00,9.19,S
2022-05-28 23:00:00,9.18,S
2022-05-28 23:15:00,9.22,S
2022-05-28 23:30:00,9.21,S
2022-05-28 23:45:00,9.22,S
2022-05-29 00:00:00,9.21,S
2022-05-29 00:15:00,9.21,S
2022-05-29 00:30:00,9.24,S
2022-05-29 00:45:00,9.24,S
2022-05-29 01:00:00,9.24,S
2022-05-29 01:15:00,9.26,S
2022-05-29 01:30:00,9.28,S
2022-05-29 01:45:00,9.25,S
2022-05-29 02:00:00,9.28,S
2022-05-29 02:15:00,9.3,S
2022-05-29 02:30:00,9.29,S
2022-05-29 02:45:00,9.33,S
2022-05-29 03:00:00,9.3,S
2022-05-29 03:15:00,9.32,S
2022-05-29 03:30:00,9.32,S
2022-05-29 03:45:00,9.33,S
2022-05-29 04:00:00,9.32,S
2022-05-29 04:15:00,9.32,S
2022-05-29 04:30:00,9.34,S
2022-05-29 04:45:00,9.35,S
2022-05-29 05:00:00,9.34,S
2022-05-29 05:15:00,9.39,S
2022-05-29 05:30:00,9.38,S
2022-05-29 05:45:00,9.38,S
2022-05-29 06:00:00,9.38,S
2022-05-29 06:15:00,9.35,S
2022-05-29 06:30:00,9.4,S
2022-05-29 06:45:00,9.45,S
2022-05-29 07:00:00,9.49,S
2022-05-29 07:15:00,9.48,S
2022-05-29 07:30:00,9.53,S
2022-05-29 07:45:00,9.52,S
2022-05-29 08:00:00,9.58,S
2022-05-29 08:15:00,9.53,S
2022-05-29 08:30:00,9.51,S
2022-05-29 08:45:00,9.53,S
2022-05-29 09:00:00,9.48,S
2022-05-29 09:15:00,9.53,S
2022-05-29 09:30:00,9.49,S
2022-05-29 09:45:00,9.47,S
2022-05-29 10:00:00,9.42,S
2022-05-29 10:15:00,9.33,S
2022-05-29 10:30:00,9.32,S
2022-05-29 10:45:00,9.36,S
2022-05-29 11:00:00,9.41,S
2022-05-29 11:15:00,9.44,S
2022-05-29 11:30:00,9.48,S
2022-05-29 11:45:00,9.52,S
2022-05-29 12:00:00,9.53,S
2022-05-29 12:15:00,9.55,S
2022-05-29 12:30:00,9.57,S
2022-05-29 12:45:00,9.57,S
2022-05-29 13:00:00,9.53,S
2022-05-29 13:15:00,9.52,S
2022-05-29 13:30:00,9.46,S
2022-05-29 13:45:00,9.41,S
2022-05-29 14:00:00,9.44,S
2022-05-29 14:15:00,9.38,S
2022-05-29 14:30:00,9.29,S
2022-05-29 14:45:00,9.22,S
2022-05-29 15:00:00,9.22,S
2022-05-29 15:15:00,,S
2022-05-29 15:30:00,,S
2022-05-29 15:45:00,,S
2022-05-29 16:00:00,,S
2022-05-29 16:15:00,,S
2022-05-29 16:30:00,,S
2022-05-29 16:45:00,,S
2022-05-29 17:00:00,,S
2022-05-29 17:15:00,,S
2022-05-29 17:30:00,,S
2022-05-29 17:45:00,,S
2022-05-29 18:00:00,,S
2022-05-29 18:15:00,,S
2022-05-29 18:30:00,,S
2022-05-29 18:45:00,,S
2022-05-29 19:00:00,,S
2022-05-29 19:15:00,,S
2022-05-29 19:30:00,,S
2022-05-29 19:45:00,,S
2022-05-29 20:00:00,,S
2022-05-29 20:15:00,,S
2022-05-29 20:30:00,,S
2022-05-29 20:45:00,,S
2022-05-29 21:00:00,,S
2022-05-29 21:15:00,,S
2022-05-29 21:30:00,,S
2022-05-29 21:45:00,,S
2022-05-29 22:00:00,,S
2022-05-29 22:15:00,,S
2022-05-29 22:30:00,,S
2022-05-29 22:45:00,,S
2022-05-29 23:00:00,,S
2022-05-29 23:15:00,,S
2022-05-29 23:30:00,,S
2022-05-29 23:45:00,,S
2022-05-30 00:00:00,,S
2022-05-30 00:15:00,,S
2022-05-30 00:30:00,,S
2022-05-30 00:45:00,,S
2022-05-30 01:00:00,,S
2022-05-30 01:15:00,,S
2022-05-30 01:30:00,,S
2022-05-30 01:45:00,,S
2022-05-30 02:00:00,,S
2022-05-30 02:15:00,,S
2022-05-30 02:30:00,,S
2022-05-30 02:45:00,,S
2022-05-30 03:00:00,,S
2022-05-30 03:15:00,,S
2022-05-30 03:30:00,,S
2022-05-30 03:45:00,,S
2022-05-30 04:00:00,,S
2022-05-30 04:15:00,,S
2022-05-30 04:30:00,,S
2022-05-30 04:45:00,,S
2022-05-30 05:00:00,,S
2022-05-30 05:15:00,,S
2022-05-30 05:30:00,,S
2022-05-30 05:45:00,,S
2022-05-30 06:00:00,,S
2022-05-30 06:15:00,,S
2022-05-30 06:30:00,,S
2022-05-30 06:45:00,,S
2022-05-30 07:00:00,,S
2022-05-30 07:15:00,,S
2022-05-30 07:30:00,,S
2022-05-30 07:45:00,,S
2022-05-30 08:00:00,,S
2022-05-30 08:15:00,,S
2022-05-30 08:30:00,,S
2022-05-30 08:45:00,,S
2022-05-30 09:00:00,,S
2022-05-30 09:15:00,,S
2022-05-30 09:30:00,,S
2022-05-30 09:45:00,,S
2022-05-30 10:00:00,,S
2022-05-30 10:15:00,,S
2022-05-30 10:30:00,,S
2022-05-30 10:45:00,,S
2022-05-30 11:00:00,,S
2022-05-30 11:15:00,,S
2022-05-30 11:30:00,,S
2022-05-30 11:45:00,,S
2022-05-30 12:00:00,,S
2022-05-30 12:15:00,,S
2022-05-30 12:30:00,,S
2022-05-30 12:45:00,,S
2022-05-30 13:00:00,,S
2022-05-30 13:15:00,,S
2022-05-30 13:30:00,,S
2022-05-30 13:45:00,,S
2022-05-30 14:00:00,,S
2022-05-30 14:15:00,,S
2022-05-30 14:30:00,,S
2022-05-30 14:45:00,,S
2022-05-30 15:00:00,,S
2022-05-30 15:15:00,,S
2022-05-30 15:30:00,,S
2022-05-30 15:45:00,,S
2022-05-30 16:00:00,,S
2022-05-30 16:15:00,,S
2022-05-30 16:30:00,,S
2022-05-30 16:45:00,,S
2022-05-30 17:00:00,,S
2022-05-30 17:15:00,,S
2022-05-30 17:30:00,,S
2022-05-30 17:45:00,,S
2022-05-30 18:00:00,,S
2022-05-30 18:15:00,,S
2022-05-30 18:30:00,,S
2022-05-30 18:45:00,,S
2022-05-30 19:00:00,,S
2022-05-30 19:15:00,,S
2022-05-30 19:30:00,,S
2022-05-30 19:45:00,,S
2022-05-30 20:00:00,,S
2022-05-30 20:15:00,,S
2022-05-30 20:30:00,,S
2022-05-30 20:45:00,,S
2022-05-30 21:00:00,,S
2022-05-30 21:15:00,,S
2022-05-30 21:30:00,,S
2022-05-30 21:45:00,,S
2022-05-30 22:00:00,,S
2022-05-30 22:15:00,,S
2022-05-30 22:30:00,,S
2022-05-30 22:45:00,,S
2022-05-30 23:00:00,,S
2022-05-30 23:15:00,,S
2022-05-30 23:30:00,,S
2022-05-30 23:45:00,,S
2022-05-31 00:00:00,,S
2022-05-31 00:15:00,,S
2022-05-31 00:30:00,,S
2022-05-31 00:45:00,,S
2022-05-31 01:00:00,,S
2022-05-31 01:15:00,,S
2022-05-31 01:30:00,,S
2022-05-31 01:45:00,,S
2022-05-31 02:00:00,,S
2022-05-31 02:15:00,,S
2022-05-31 02:30:00,,S
2022-05-31 02:45:00,,S
2022-05-31 03:00:00,,S
2022-05-31 03:15:00,,S
2022-05-31 03:30:00,,S
2022-05-31 03:45:00,,S
2022-05-31 04:00:00,,S
2022-05-31 04:15:00,,S
2022-05-31 04:30:00,,S
2022-05-31 04:45:00,,S
2022-05-31 05:00:00,,S
2022-05-31 05:15:00,,S
2022-05-31 05:30:00,,S
2022-05-31 05:45:00,,S
2022-05-31 06:00:00,,S
2022-05-31 06:15:00,,S
2022-05-31 06:30:00,,S
2022-05-31 06:45:00,,S
2022-05-31 07:00:00,,S
2022-05-31 07:15:00,,S
2022-05-31 07:30:00,,S
2022-05-31 07:45:00,,S
2022-05-31 08:00:00,,S
2022-05-31 08:15:00,,S
2022-05-31 08:30:00,,S
2022-05-31 08:45:00,,S
2022-05-31 09:00:00,,S
2022-05-31 09:15:00,,S
2022-05-31 09:30:00,,S
2022-05-31 09:45:00,,S
2022-05-31 10:00:00,,S
2022-05-31 10:15:00,,S
2022-05-31 10:30:00,,S
2022-05-31 10:45:00,,S
2022-05-31 11:00:00,,S
2022-05-31 11:15:00,,S
2022-05-31 11:30:00,,S
2022-05-31 11:45:00,10.04,
2022-05-31 12:00:00,9.97,
2022-05-31 12:15:00,9.88,
2022-05-31 12:30:00,9.9,
2022-05-31 12:45:00,9.95,
2022-05-31 13:00:00,9.97,
2022-05-31 13:15:00,9.93,
2022-05-31 13:30:00,9.9,
2022-05-31 13:45:00,9.89,
2022-05-31 14:00:00,9.85,
2022-05-31 14:15:00,9.78,
2022-05-31 14:30:00,9.74,
2022-05-31 14:45:00,9.72,
2022-05-31 15:00:00,9.72,
2022-05-31 15:15:00,9.69,
2022-05-31 15:30:00,9.62,
2022-05-31 15:45:00,9.55,
2022-05-31 16:00:00,9.5,
2022-05-31 16:15:00,9.4,
2022-05-31 16:30:00,9.41,
2022-05-31 16:45:00,9.48,
2022-05-31 17:00:00,9.56,
2022-05-31 17:15:00,9.59,
2022-05-31 17:30:00,9.58,
2022-05-31 17:45:00,9.57,
2022-05-31 18:00:00,9.52,
2022-05-31 18:15:00,9.46,
2022-05-31 18:30:00,9.41,
2022-05-31 18:45:00,9.41,
2022-05-31 19:00:00,9.47,
2022-05-31 19:15:00,9.47,
2022-05-31 19:30:00,9.42,
2022-05-31 19:45:00,9.4,
2022-05-31 20:00:00,9.41,
2022-05-31 20:15:00,9.42,
2022-05-31 20:30:00,9.44,
2022-05-31 20:45:00,9.47,
2022-05-31 21:00:00,9.5,
2022-05-31 21:15:00,9.53,
2022-05-31 21:30:00,9.56,
2022-05-31 21:45:00,9.59,
2022-05-31 22:00:00,9.61,
2022-05-31 22:15:00,9.64,
2022-05-31 22:30:00,9.67,
2022-05-31 22:45:00,9.68,
2022-05-31 23:00:00,9.7,
2022-05-31 23:15:00,9.72,
2022-05-31 23:30:00,9.73,
2022-05-31 23:45:00,9.74,
2022-06-01 00:00:00,9.76,
2022-06-01 00:15:00,9.78,
2022-06-01 00:30:00,9.78,
2022-06-01 00:45:00,9.79,
2022-06-01 01:00:00,9.81,
2022-06-01 01:15:00,9.82,
2022-06-01 01:30:00,9.83,
2022-06-01 01:45:00,9.83,
2022-06-01 02:00:00,9.84,
2022-06-01 02:15:00,9.84,
2022-06-01 02:30:00,9.85,
2022-06-01 02:45:00,9.85,
2022-06-01 03:00:00,9.86,
2022-06-01 03:15:00,9.87,
2022-06-01 03:30:00,9.88,
2022-06-01 03:45:00,9.88,
2022-06-01 04:00:00,9.9,
2022-06-01 04:15:00,9.91,
2022-06-01 04:30:00,9.92,
2022-06-01 04:45:00,9.93,
2022-06-01 05:00:00,9.94,
2022-06-01 05:15:00,9.96,
2022-06-01 05:30:00,9.99,
2022-06-01 05:45:00,10.01,
2022-06-01 06:00:00,10.02,
2022-06-01 06:15:00,10.05,
2022-06-01 06:30:00,10.07,
2022-06-01 06:45:00,10.1,
2022-06-01 07:00:00,10.13,
2022-06-01 07:15:00,10.15,
2022-06-01 07:30:00,10.18,
2022-06-01 07:45:00,10.19,
2022-06-01 08:00:00,10.19,
2022-06-01 08:15:00,10.17,
2022-06-01 08:30:00,10.17,
2022-06-01 08:45:00,10.14,
2022-06-01 09:00:00,10.13,
2022-06-01 09:15:00,10.08,
2022-06-01 09:30:00,10.02,
2022-06-01 09:45:00,9.98,
2022-06-01 10:00:00,9.93,
2022-06-01 10:15:00,9.84,
2022-06-01 10:30:00,9.8,
2022-06-01 10:45:00,9.69,
2022-06-01 11:00:00,9.66,
2022-06-01 11:15:00,9.6,
2022-06-01 11:30:00,9.54,
2022-06-01 11:45:00,9.48,
2022-06-01 12:00:00,9.42,
2022-06-01 12:15:00,9.34,
2022-06-01 12:30:00,9.27,
2022-06-01 12:45:00,9.16,
2022-06-01 13:00:00,9.14,
2022-06-01 13:15:00,9.09,
2022-06-01 13:30:00,9.05,
2022-06-01 13:45:00,9.01,
2022-06-01 14:00:00,8.98,
2022-06-01 14:15:00,8.93,
2022-06-01 14:30:00,8.88,
2022-06-01 14:45:00,8.84,
2022-06-01 15:00:00,8.8,
2022-06-01 15:15:00,8.77,
2022-06-01 15:30:00,8.73,
2022-06-01 15:45:00,8.71,
2022-06-01 16:00:00,8.71,
2022-06-01 16:15:00,8.68,
2022-06-01 16:30:00,8.66,
2022-06-01 16:45:00,8.68,
2022-06-01 17:00:00,8.62,
2022-06-01 17:15:00,8.65,
2022-06-01 17:30:00,8.7,
2022-06-01 17:45:00,8.72,
2022-06-01 18:00:00,8.72,
2022-06-01 18:15:00,8.75,
2022-06-01 18:30:00,8.75,
2022-06-01 18:45:00,8.73,
2022-06-01 19:00:00,8.74,
2022-06-01 19:15:00,8.76,
2022-06-01 19:30:00,8.79,
2022-06-01 19:45:00,8.81,
2022-06-01 20:00:00,8.83,
2022-06-01 20:15:00,8.85,
2022-06-01 20:30:00,8.9,
2022-06-01 20:45:00,8.94,
2022-06-01 21:00:00,8.98,
2022-06-01 21:15:00,9.02,
2022-06-01 21:30:00,9.05,
2022-06-01 21:45:00,9.08,
2022-06-01 22:00:00,9.12,
2022-06-01 22:15:00,9.16,
2022-06-01 22:30:00,9.18,
2022-06-01 22:45:00,9.22,
2022-06-01 23:00:00,9.25,
2022-06-01 23:15:00,9.29,
2022-06-01 23:30:00,9.32,
2022-06-01 23:45:00,9.35,
2022-06-02 00:00:00,9.37,
2022-06-02 00:15:00,9.39,
2022-06-02 00:30:00,9.42,
2022-06-02 00:45:00,9.44,
2022-06-02 01:00:00,9.46,
2022-06-02 01:15:00,9.48,
2022-06-02 01:30:00,9.5,
2022-06-02 01:45:00,9.52,
2022-06-02 02:00:00,9.54,
2022-06-02 02:15:00,9.57,
2022-06-02 02:30:00,9.59,
2022-06-02 02:45:00,9.61,
2022-06-02 03:00:00,9.63,
2022-06-02 03:15:00,9.65,
2022-06-02 03:30:00,9.66,
2022-06-02 03:45:00,9.68,
2022-06-02 04:00:00,9.69,
2022-06-02 04:15:00,9.71,
2022-06-02 04:30:00,9.73,
2022-06-02 04:45:00,9.74,
2022-06-02 05:00:00,9.77,
2022-06-02 05:15:00,9.8,
2022-06-02 05:30:00,9.83,
2022-06-02 05:45:00,9.86,
2022-06-02 06:00:00,9.88,
2022-06-02 06:15:00,9.91,
2022-06-02 06:30:00,9.93,
2022-06-02 06:45:00,9.95,
2022-06-02 07:00:00,10.0,
2022-06-02 07:15:00,10.03,
2022-06-02 07:30:00,10.05,
2022-06-02 07:45:00,10.06,
2022-06-02 08:00:00,10.04,
2022-06-02 08:15:00,10.02,
2022-06-02 08:30:00,10.0,
2022-06-02 08:45:00,9.97,
2022-06-02 09:00:00,9.93,
2022-06-02 09:15:00,9.89,
2022-06-02 09:30:00,9.84,
2022-06-02 09:45:00,9.79,
2022-06-02 10:00:00,9.75,
2022-06-02 10:15:00,9.69,
2022-06-02 10:30:00,9.63,
2022-06-02 10:45:00,9.57,
2022-06-02 11:00:00,9.51,
2022-06-02 11:15:00,9.44,
2022-06-02 11:30:00,9.34,
2022-06-02 11:45:00,9.31,
2022-06-02 12:00:00,9.24,
2022-06-02 12:15:00,9.17,
2022-06-02 12:30:00,9.1,
2022-06-02 12:45:00,9.03,
2022-06-02 13:00:00,8.98,
2022-06-02 13:15:00,8.92,
2022-06-02 13:30:00,8.87,
2022-06-02 13:45:00,8.83,
2022-06-02 14:00:00,8.81,
2022-06-02 14:15:00,8.78,
2022-06-02 14:30:00,8.74,
2022-06-02 14:45:00,8.7,
2022-06-02 15:00:00,8.67,
2022-06-02 15:15:00,8.62,
2022-06-02 15:30:00,8.59,
2022-06-02 15:45:00,8.55,
2022-06-02 16:00:00,8.55,
2022-06-02 16:15:00,8.57,
2022-06-02 16:30:00,8.56,
2022-06-02 16:45:00,8.53,
2022-06-02 17:00:00,8.53,
2022-06-02 17:15:00,8.51,
2022-06-02 17:30:00,8.51,
2022-06-02 17:45:00,8.5,
2022-06-02 18:00:00,8.46,
2022-06-02 18:15:00,8.46,
2022-06-02 18:30:00,8.46,
2022-06-02 18:45:00,8.45,
2022-06-02 19:00:00,8.48,
2022-06-02 19:15:00,8.52,
2022-06-02 19:30:00,8.55,
2022-06-02 19:45:00,8.56,
2022-06-02 20:00:00,8.58,
2022-06-02 20:15:00,8.62,
2022-06-02 20:30:00,8.66,
2022-06-02 20:45:00,8.7,
2022-06-02 21:00:00,8.75,
2022-06-02 21:15:00,8.79,
2022-06-02 21:30:00,8.83,
2022-06-02 21:45:00,8.88,
2022-06-02 22:00:00,8.92,
2022-06-02 22:15:00,8.96,
2022-06-02 22:30:00,8.99,
2022-06-02 22:45:00,9.02,
2022-06-02 23:00:00,9.05,
2022-06-02 23:15:00,9.08,
2022-06-02 23:30:00,9.11,
2022-06-02 23:45:00,9.14,
2022-06-03 00:00:00,9.16,
2022-06-03 00:15:00,9.19,
2022-06-03 00:30:00,9.22,
2022-06-03 00:45:00,9.24,
2022-06-03 01:00:00,9.26,
2022-06-03 01:15:00,9.28,
2022-06-03 01:30:00,9.3,
2022-06-03 01:45:00,9.32,
2022-06-03 02:00:00,9.34,
2022-06-03 02:15:00,9.36,
2022-06-03 02:30:00,9.38,
2022-06-03 02:45:00,9.4,
2022-06-03 03:00:00,9.43,
2022-06-03 03:15:00,9.44,
2022-06-03 03:30:00,9.46,
2022-06-03 03:45:00,9.48,
2022-06-03 04:00:00,9.49,
2022-06-03 04:15:00,9.51,
2022-06-03 04:30:00,9.52,
2022-06-03 04:45:00,9.53,
2022-06-03 05:00:00,9.55,
2022-06-03 05:15:00,9.57,
2022-06-03 05:30:00,9.6,
2022-06-03 05:45:00,9.63,
2022-06-03 06:00:00,9.65,
2022-06-03 06:15:00,9.69,
2022-06-03 06:30:00,9.73,
2022-06-03 06:45:00,9.76,
2022-06-03 07:00:00,9.78,
2022-06-03 07:15:00,9.81,
2022-06-03 07:30:00,9.83,
2022-06-03 07:45:00,9.83,
2022-06-03 08:00:00,9.82,
2022-06-03 08:15:00,9.8,
2022-06-03 08:30:00,9.78,
2022-06-03 08:45:00,9.76,
2022-06-03 09:00:00,9.74,
2022-06-03 09:15:00,9.72,
2022-06-03 09:30:00,9.69,
2022-06-03 09:45:00,9.65,
2022-06-03 10:00:00,9.62,
2022-06-03 10:15:00,9.59,
2022-06-03 10:30:00,9.53,
2022-06-03 10:45:00,9.49,
2022-06-03 11:00:00,9.44,
2022-06-03 11:15:00,9.37,
2022-06-03 11:30:00,9.28,
2022-06-03 11:45:00,9.24,
2022-06-03 12:00:00,9.22,
2022-06-03 12:15:00,9.19,
2022-06-03 12:30:00,9.14,
2022-06-03 12:45:00,9.1,
2022-06-03 13:00:00,9.05,
2022-06-03 13:15:00,9.0,
2022-06-03 13:30:00,8.94,
2022-06-03 13:45:00,8.88,
2022-06-03 14:00:00,8.83,
2022-06-03 14:15:00,8.79,
2022-06-03 14:30:00,8.74,
2022-06-03 14:45:00,8.7,
2022-06-03 15:00:00,8.65,
2022-06-03 15:15:00,8.63,
2022-06-03 15:30:00,8.6,
2022-06-03 15:45:00,8.56,
2022-06-03 16:00:00,8.54,
2022-06-03 16:15:00,8.5,
2022-06-03 16:30:00,8.44,
2022-06-03 16:45:00,8.4,
2022-06-03 17:00:00,8.37,
2022-06-03 17:15:00,8.36,
2022-06-03 17:30:00,8.38,
2022-06-03 17:45:00,8.49,
2022-06-03 18:00:00,8.55,
2022-06-03 18:15:00,8.52,
2022-06-03 18:30:00,8.51,
2022-06-03 18:45:00,8.48,
2022-06-03 19:00:00,8.46,
2022-06-03 19:15:00,8.45,
2022-06-03 19:30:00,8.46,
2022-06-03 19:45:00,8.48,
2022-06-03 20:00:00,8.51,
2022-06-03 20:15:00,8.55,
2022-06-03 20:30:00,8.6,
2022-06-03 20:45:00,8.64,
2022-06-03 21:00:00,8.68,
2022-06-03 21:15:00,8.72,
2022-06-03 21:30:00,8.76,
2022-06-03 21:45:00,8.81,
2022-06-03 22:00:00,8.84,
2022-06-03 22:15:00,8.89,
2022-06-03 22:30:00,8.92,
2022-06-03 22:45:00,8.96,
2022-06-03 23:00:00,8.99,
2022-06-03 23:15:00,9.02,
2022-06-03 23:30:00,9.05,
2022-06-03 23:45:00,9.07,
2022-06-04 00:00:00,9.1,
2022-06-04 00:15:00,9.13,
2022-06-04 00:30:00,9.15,
2022-06-04 00:45:00,9.17,
2022-06-04 01:00:00,9.19,
2022-06-04 01:15:00,9.22,
2022-06-04 01:30:00,9.22,
2022-06-04 01:45:00,9.25,
2022-06-04 02:00:00,9.27,
2022-06-04 02:15:00,9.29,
2022-06-04 02:30:00,9.31,
2022-06-04 02:45:00,9.32,
2022-06-04 03:00:00,9.34,
2022-06-04 03:15:00,9.35,
2022-06-04 03:30:00,9.36,
2022-06-04 03:45:00,9.37,
2022-06-04 04:00:00,9.38,
2022-06-04 04:15:00,9.38,
2022-06-04 04:30:00,9.39,
2022-06-04 04:45:00,9.4,
2022-06-04 05:00:00,9.42,
2022-06-04 05:15:00,9.43,
2022-06-04 05:30:00,9.46,
2022-06-04 05:45:00,9.5,
2022-06-04 06:00:00,9.54,
2022-06-04 06:15:00,9.57,
2022-06-04 06:30:00,9.58,
2022-06-04 06:45:00,9.59,
2022-06-04 07:00:00,9.63,
2022-06-04 07:15:00,9.65,
2022-06-04 07:30:00,9.65,
2022-06-04 07:45:00,9.68,
2022-06-04 08:00:00,9.7,
2022-06-04 08:15:00,9.69,
2022-06-04 08:30:00,9.67,
2022-06-04 08:45:00,9.65,
2022-06-04 09:00:00,9.62,
2022-06-04 09:15:00,9.61,
2022-06-04 09:30:00,9.59,
2022-06-04 09:45:00,9.57,
2022-06-04 10:00:00,9.54,
2022-06-04 10:15:00,9.5,
2022-06-04 10:30:00,9.47,
2022-06-04 10:45:00,9.42,
2022-06-04 11:00:00,9.39,
2022-06-04 11:15:00,9.34,
2022-06-04 11:30:00,9.31,
2022-06-04 11:45:00,9.29,
2022-06-04 12:00:00,9.26,
2022-06-04 12:15:00,9.19,
2022-06-04 12:30:00,9.21,
2022-06-04 12:45:00,9.23,
2022-06-04 13:00:00,9.21,
2022-06-04 13:15:00,9.2,
2022-06-04 13:30:00,9.14,
2022-06-04 13:45:00,9.12,
2022-06-04 14:00:00,9.08,
2022-06-04 14:15:00,9.06,
2022-06-04 14:30:00,9.02,
2022-06-04 14:45:00,8.98,
2022-06-04 15:00:00,8.95,
2022-06-04 15:15:00,8.91,
2022-06-04 15:30:00,8.84,
2022-06-04 15:45:00,8.8,
2022-06-04 16:00:00,8.76,
2022-06-04 16:15:00,8.73,
2022-06-04 16:30:00,8.68,
2022-06-04 16:45:00,8.68,
2022-06-04 17:00:00,8.61,
2022-06-04 17:15:00,8.61,
2022-06-04 17:30:00,8.64,
2022-06-04 17:45:00,8.62,
2022-06-04 18:00:00,8.62,
2022-06-04 18:15:00,8.62,
2022-06-04 18:30:00,8.61,
2022-06-04 18:45:00,8.59,
2022-06-04 19:00:00,8.59,
2022-06-04 19:15:00,8.59,
2022-06-04 19:30:00,8.58,
2022-06-04 19:45:00,8.59,
2022-06-04 20:00:00,8.61,
2022-06-04 20:15:00,8.64,
2022-06-04 20:30:00,8.67,
2022-06-04 20:45:00,8.7,
2022-06-04 21:00:00,8.74,
2022-06-04 21:15:00,8.77,
2022-06-04 21:30:00,8.8,
2022-06-04 21:45:00,8.84,
2022-06-04 22:00:00,8.86,
2022-06-04 22:15:00,8.89,
2022-06-04 22:30:00,8.91,
2022-06-04 22:45:00,8.94,
2022-06-04 23:00:00,8.96,
2022-06-04 23:15:00,8.98,
2022-06-04 23:30:00,9.0,
2022-06-04 23:45:00,9.03,
2022-06-05 00:00:00,9.04,
2022-06-05 00:15:00,9.06,
2022-06-05 00:30:00,9.08,
2022-06-05 00:45:00,9.1,
2022-06-05 01:00:00,9.11,
2022-06-05 01:15:00,9.13,
2022-06-05 01:30:00,9.15,
2022-06-05 01:45:00,9.17,
2022-06-05 02:00:00,9.18,
2022-06-05 02:15:00,9.19,
2022-06-05 02:30:00,9.21,
2022-06-05 02:45:00,9.22,
2022-06-05 03:00:00,9.23,
2022-06-05 03:15:00,9.24,
2022-06-05 03:30:00,9.25,
2022-06-05 03:45:00,9.25,
2022-06-05 04:00:00,9.27,
2022-06-05 04:15:00,9.28,
2022-06-05 04:30:00,9.29,
2022-06-05 04:45:00,9.3,
2022-06-05 05:00:00,9.31,
2022-06-05 05:15:00,9.31,
2022-06-05 05:30:00,9.35,
2022-06-05 05:45:00,9.37,
2022-06-05 06:00:00,9.41,
2022-06-05 06:15:00,9.45,
2022-06-05 06:30:00,9.49,
2022-06-05 06:45:00,9.54,
2022-06-05 07:00:00,9.54,
2022-06-05 07:15:00,9.54,
2022-06-05 07:30:00,9.58,
2022-06-05 07:45:00,9.58,
2022-06-05 08:00:00,9.59,
2022-06-05 08:15:00,9.53,
2022-06-05 08:30:00,9.5,
2022-06-05 08:45:00,9.47,
2022-06-05 09:00:00,9.51,
2022-06-05 09:15:00,9.53,
2022-06-05 09:30:00,9.52,
2022-06-05 09:45:00,9.49,
2022-06-05 10:00:00,9.49,
2022-06-05 10:15:00,9.47,
2022-06-05 10:30:00,9.44,
2022-06-05 10:45:00,9.38,
2022-06-05 11:00:00,9.32,
2022-06-05 11:15:00,9.21,
2022-06-05 11:30:00,9.14,
2022-06-05 11:45:00,9.1,
2022-06-05 12:00:00,9.18,
2022-06-05 12:15:00,9.24,
2022-06-05 12:30:00,9.16,
2022-06-05 12:45:00,9.15,
2022-06-05 13:00:00,9.12,
2022-06-05 13:15:00,9.17,
2022-06-05 13:30:00,9.14,
2022-06-05 13:45:00,9.14,
2022-06-05 14:00:00,9.28,
2022-06-05 14:15:00,9.23,
2022-06-05 14:30:00,9.28,
2022-06-05 14:45:00,9.34,
2022-06-05 15:00:00,9.31,
2022-06-05 15:15:00,9.35,
2022-06-05 15:30:00,9.38,
2022-06-05 15:45:00,9.33,
2022-06-05 16:00:00,9.27,
2022-06-05 16:15:00,9.17,
2022-06-05 16:30:00,9.11,
2022-06-05 16:45:00,9.02,
2022-06-05 17:00:00,8.95,
2022-06-05 17:15:00,8.89,
2022-06-05 17:30:00,8.97,
2022-06-05 17:45:00,8.95,
2022-06-05 18:00:00,8.91,
2022-06-05 18:15:00,8.86,
2022-06-05 18:30:00,8.81,
2022-06-05 18:45:00,8.8,
2022-06-05 19:00:00,8.77,
2022-06-05 19:15:00,8.76,
2022-06-05 19:30:00,8.79,
2022-06-05 19:45:00,8.79,
2022-06-05 20:00:00,8.81,
2022-06-05 20:15:00,8.84,
2022-06-05 20:30:00,8.87,
2022-06-05 20:45:00,8.89,
2022-06-05 21:00:00,8.92,
2022-06-05 21:15:00,8.95,
2022-06-05 21:30:00,8.99,
2022-06-05 21:45:00,9.01,
2022-06-05 22:00:00,9.03,
2022-06-05 22:15:00,9.06,
2022-06-05 22:30:00,9.08,
2022-06-05 22:45:00,9.1,
2022-06-05 23:00:00,9.12,
2022-06-05 23:15:00,9.14,
2022-06-05 23:30:00,9.15,
2022-06-05 23:45:00,9.17,
2022-06-06 00:00:00,9.18,
2022-06-06 00:15:00,9.21,
2022-06-06 00:30:00,9.23,
2022-06-06 00:45:00,9.25,
2022-06-06 01:00:00,9.26,
2022-06-06 01:15:00,9.29,
2022-06-06 01:30:00,9.31,
2022-06-06 01:45:00,9.32,
2022-06-06 02:00:00,9.34,
2022-06-06 02:15:00,9.36,
2022-06-06 02:30:00,9.37,
2022-06-06 02:45:00,9.4,
2022-06-06 03:00:00,9.42,
2022-06-06 03:15:00,9.44,
2022-06-06 03:30:00,9.46,
2022-06-06 03:45:00,9.49,
2022-06-06 04:00:00,9.5,
2022-06-06 04:15:00,9.53,
2022-06-06 04:30:00,9.54,
2022-06-06 04:45:00,9.56,
2022-06-06 05:00:00,9.57,
2022-06-06 05:15:00,9.6,
2022-06-06 05:30:00,9.61,
2022-06-06 05:45:00,9.64,
2022-06-06 06:00:00,9.66,
2022-06-06 06:15:00,9.67,
2022-06-06 06:30:00,9.68,
2022-06-06 06:45:00,9.7,
2022-06-06 07:00:00,9.75,
2022-06-06 07:15:00,9.77,
2022-06-06 07:30:00,9.78,
2022-06-06 07:45:00,9.78,
2022-06-06 08:00:00,9.77,
2022-06-06 08:15:00,9.77,
2022-06-06 08:30:00,9.75,
2022-06-06 08:45:00,9.73,
2022-06-06 09:00:00,9.69,
2022-06-06 09:15:00,9.6,
2022-06-06 09:30:00,9.61,
2022-06-06 09:45:00,9.61,
2022-06-06 10:00:00,9.56,
2022-06-06 10:15:00,9.55,
2022-06-06 10:30:00,9.51,
2022-06-06 10:45:00,9.45,
2022-06-06 11:00:00,9.39,
2022-06-06 11:15:00,9.34,
2022-06-06 11:30:00,9.29,
2022-06-06 11:45:00,9.24,
2022-06-06 12:00:00,9.17,
2022-06-06 12:15:00,9.13,
2022-06-06 12:30:00,9.08,
2022-06-06 12:45:00,9.02,
2022-06-06 13:00:00,8.97,
2022-06-06 13:15:00,8.9,
2022-06-06 13:30:00,8.86,
2022-06-06 13:45:00,8.83,
2022-06-06 14:00:00,8.82,
2022-06-06 14:15:00,8.8,
2022-06-06 14:30:00,8.78,
2022-06-06 14:45:00,8.73,
2022-06-06 15:00:00,8.7,
2022-06-06 15:15:00,8.67,
2022-06-06 15:30:00,8.62,
2022-06-06 15:45:00,8.61,
2022-06-06 16:00:00,8.59,
2022-06-06 16:15:00,8.56,
2022-06-06 16:30:00,8.55,
2022-06-06 16:45:00,8.53,
2022-06-06 17:00:00,8.53,
2022-06-06 17:15:00,8.52,
2022-06-06 17:30:00,8.51,
2022-06-06 17:45:00,8.51,
2022-06-06 18:00:00,8.51,
2022-06-06 18:15:00,8.51,
2022-06-06 18:30:00,8.52,
2022-06-06 18:45:00,8.51,
2022-06-06 19:00:00,8.53,
2022-06-06 19:15:00,8.56,
2022-06-06 19:30:00,8.59,
2022-06-06 19:45:00,8.63,
2022-06-06 20:00:00,8.66,
2022-06-06 20:15:00,8.7,
2022-06-06 20:30:00,8.74,
2022-06-06 20:45:00,8.78,
2022-06-06 21:00:00,8.83,
2022-06-06 21:15:00,8.87,
2022-06-06 21:30:00,8.91,
2022-06-06 21:45:00,8.95,
2022-06-06 22:00:00,9.0,
2022-06-06 22:15:00,9.04,
2022-06-06 22:30:00,9.07,
2022-06-06 22:45:00,9.1,
2022-06-06 23:00:00,9.13,
2022-06-06 23:15:00,9.16,
2022-06-06 23:30:00,9.19,
2022-06-06 23:45:00,9.22,
2022-06-07 00:00:00,9.25,
2022-06-07 00:15:00,9.27,
2022-06-07 00:30:00,9.3,
2022-06-07 00:45:00,9.32,
2022-06-07 01:00:00,9.35,
2022-06-07 01:15:00,9.38,
2022-06-07 01:30:00,9.39,
2022-06-07 01:45:00,9.42,
2022-06-07 02:00:00,9.45,
2022-06-07 02:15:00,9.47,
2022-06-07 02:30:00,9.49,
2022-06-07 02:45:00,9.52,
2022-06-07 03:00:00,9.54,
2022-06-07 03:15:00,9.57,
2022-06-07 03:30:00,9.58,
2022-06-07 03:45:00,9.6,
2022-06-07 04:00:00,9.62,
2022-06-07 04:15:00,9.65,
2022-06-07 04:30:00,9.67,
2022-06-07 04:45:00,9.68,
2022-06-07 05:00:00,9.71,
2022-06-07 05:15:00,9.73,
2022-06-07 05:30:00,9.76,
2022-06-07 05:45:00,9.78,
2022-06-07 06:00:00,9.8,
2022-06-07 06:15:00,9.83,
2022-06-07 06:30:00,9.85,
2022-06-07 06:45:00,9.88,
2022-06-07 07:00:00,9.91,
2022-06-07 07:15:00,9.94,
2022-06-07 07:30:00,9.97,
2022-06-07 07:45:00,9.98,
2022-06-07 08:00:00,9.94,
2022-06-07 08:15:00,9.93,
2022-06-07 08:30:00,9.91,
2022-06-07 08:45:00,9.88,
2022-06-07 09:00:00,9.86,
2022-06-07 09:15:00,9.83,
2022-06-07 09:30:00,9.79,
2022-06-07 09:45:00,9.75,
2022-06-07 10:00:00,9.71,
2022-06-07 10:15:00,9.65,
2022-06-07 10:30:00,9.57,
2022-06-07 10:45:00,9.5,
2022-06-07 11:00:00,9.51,
2022-06-07 11:15:00,9.43,
2022-06-07 11:30:00,9.38,
2022-06-07 11:45:00,9.32,
2022-06-07 12:00:00,9.29,
2022-06-07 12:15:00,9.22,
2022-06-07 12:30:00,9.17,
2022-06-07 12:45:00,9.1,
2022-06-07 13:00:00,9.05,
2022-06-07 13:15:00,9.0,
2022-06-07 13:30:00,8.96,
2022-06-07 13:45:00,8.89,
2022-06-07 14:00:00,8.82,
2022-06-07 14:15:00,8.77,
2022-06-07 14:30:00,8.79,
2022-06-07 14:45:00,8.66,
2022-06-07 15:00:00,8.71,
2022-06-07 15:15:00,8.67,
2022-06-07 15:30:00,8.67,
2022-06-07 15:45:00,8.65,
2022-06-07 16:00:00,8.65,
2022-06-07 16:15:00,8.62,
2022-06-07 16:30:00,8.62,
2022-06-07 16:45:00,8.61,
2022-06-07 17:00:00,8.61,
2022-06-07 17:15:00,8.59,
2022-06-07 17:30:00,8.52,
2022-06-07 17:45:00,8.56,
2022-06-07 18:00:00,8.59,
2022-06-07 18:15:00,8.64,
2022-06-07 18:30:00,8.64,
2022-06-07 18:45:00,8.6,
2022-06-07 19:00:00,8.6,
2022-06-07 19:15:00,8.62,
2022-06-07 19:30:00,8.63,
2022-06-07 19:45:00,8.65,
2022-06-07 20:00:00,8.66,
2022-06-07 20:15:00,8.68,
2022-06-07 20:30:00,8.72,
2022-06-07 20:45:00,8.77,
2022-06-07 21:00:00,8.81,
2022-06-07 21:15:00,8.85,
2022-06-07 21:30:00,8.9,
2022-06-07 21:45:00,8.94,
2022-06-07 22:00:00,8.99,
2022-06-07 22:15:00,9.03,
2022-06-07 22:30:00,9.06,
2022-06-07 22:45:00,9.11,
2022-06-07 23:00:00,9.14,
2022-06-07 23:15:00,9.17,
2022-06-07 23:30:00,9.21,
2022-06-07 23:45:00,9.23,
2022-06-08 00:00:00,9.26,
2022-06-08 00:15:00,9.28,
2022-06-08 00:30:00,9.31,
2022-06-08 00:45:00,9.34,
2022-06-08 01:00:00,9.37,
2022-06-08 01:15:00,9.39,
2022-06-08 01:30:00,9.42,
2022-06-08 01:45:00,9.45,
2022-06-08 02:00:00,9.47,
2022-06-08 02:15:00,9.48,
2022-06-08 02:30:00,9.5,
2022-06-08 02:45:00,9.52,
2022-06-08 03:00:00,9.55,
2022-06-08 03:15:00,9.56,
2022-06-08 03:30:00,9.58,
2022-06-08 03:45:00,9.6,
2022-06-08 04:00:00,9.61,
2022-06-08 04:15:00,9.63,
2022-06-08 04:30:00,9.66,
2022-06-08 04:45:00,9.67,
2022-06-08 05:00:00,9.68,
2022-06-08 05:15:00,9.72,
2022-06-08 05:30:00,9.75,
2022-06-08 05:45:00,9.77,
2022-06-08 06:00:00,9.78,
2022-06-08 06:15:00,9.81,
2022-06-08 06:30:00,9.84,
2022-06-08 06:45:00,9.9,
2022-06-08 07:00:00,9.93,
2022-06-08 07:15:00,9.94,
2022-06-08 07:30:00,9.93,
2022-06-08 07:45:00,9.93,
2022-06-08 08:00:00,9.93,
2022-06-08 08:15:00,9.91,
2022-06-08 08:30:00,9.89,
2022-06-08 08:45:00,9.87,
2022-06-08 09:00:00,9.85,
2022-06-08 09:15:00,9.83,
2022-06-08 09:30:00,9.81,
2022-06-08 09:45:00,9.77,
2022-06-08 10:00:00,9.74,
2022-06-08 10:15:00,9.71,
2022-06-08 10:30:00,9.66,
2022-06-08 10:45:00,9.62,
2022-06-08 11:00:00,9.56,
2022-06-08 11:15:00,9.51,
2022-06-08 11:30:00,9.47,
2022-06-08 11:45:00,9.42,
2022-06-08 12:00:00,9.36,
2022-06-08 12:15:00,9.31,
2022-06-08 12:30:00,9.25,
2022-06-08 12:45:00,9.19,
2022-06-08 13:00:00,9.13,
2022-06-08 13:15:00,9.1,
2022-06-08 13:30:00,9.03,
2022-06-08 13:45:00,8.94,
2022-06-08 14:00:00,8.9,
2022-06-08 14:15:00,8.86,
2022-06-08 14:30:00,8.87,
2022-06-08 14:45:00,8.87,
2022-06-08 15:00:00,8.83,
2022-06-08 15:15:00,8.83,
2022-06-08 15:30:00,8.81,
2022-06-08 15:45:00,8.84,
2022-06-08 16:00:00,8.79,
2022-06-08 16:15:00,8.78,
2022-06-08 16:30:00,8.74,
2022-06-08 16:45:00,8.75,
2022-06-08 17:00:00,8.75,
2022-06-08 17:15:00,8.72,
2022-06-08 17:30:00,8.72,
2022-06-08 17:45:00,8.76,
2022-06-08 18:00:00,8.75,
2022-06-08 18:15:00,8.74,
2022-06-08 18:30:00,8.76,
2022-06-08 18:45:00,8.78,
2022-06-08 19:00:00,8.8,
2022-06-08 19:15:00,8.82,
2022-06-08 19:30:00,8.84,
2022-06-08 19:45:00,8.84,
2022-06-08 20:00:00,8.84,
2022-06-08 20:15:00,8.85,
2022-06-08 20:30:00,8.87,
2022-06-08 20:45:00,8.9,
2022-06-08 21:00:00,8.93,
2022-06-08 21:15:00,8.95,
2022-06-08 21:30:00,8.98,
2022-06-08 21:45:00,9.0,
2022-06-08 22:00:00,9.03,
2022-06-08 22:15:00,9.05,
2022-06-08 22:30:00,9.08,
2022-06-08 22:45:00,9.09,
2022-06-08 23:00:00,9.11,
2022-06-08 23:15:00,9.12,
2022-06-08 23:30:00,9.15,
2022-06-08 23:45:00,9.17,
2022-06-09 00:00:00,9.19,
2022-06-09 00:15:00,9.2,
2022-06-09 00:30:00,9.22,
2022-06-09 00:45:00,9.24,
2022-06-09 01:00:00,9.25,
2022-06-09 01:15:00,9.27,
2022-06-09 01:30:00,9.28,
2022-06-09 01:45:00,9.3,
2022-06-09 02:00:00,9.3,
2022-06-09 02:15:00,9.32,
2022-06-09 02:30:00,9.33,
2022-06-09 02:45:00,9.35,
2022-06-09 03:00:00,9.36,
2022-06-09 03:15:00,9.38,
2022-06-09 03:30:00,9.4,
2022-06-09 03:45:00,9.42,
2022-06-09 04:00:00,9.43,
2022-06-09 04:15:00,9.45,
2022-06-09 04:30:00,9.47,
2022-06-09 04:45:00,9.48,
2022-06-09 05:00:00,9.51,
2022-06-09 05:15:00,9.53,
2022-06-09 05:30:00,9.56,
2022-06-09 05:45:00,9.58,
2022-06-09 06:00:00,9.6,
2022-06-09 06:15:00,9.63,
2022-06-09 06:30:00,9.65,
2022-06-09 06:45:00,9.68,
2022-06-09 07:00:00,9.71,
2022-06-09 07:15:00,9.75,
2022-06-09 07:30:00,9.78,
2022-06-09 07:45:00,9.79,
2022-06-09 08:00:00,9.78,
2022-06-09 08:15:00,9.76,
2022-06-09 08:30:00,9.75,
2022-06-09 08:45:00,9.74,
2022-06-09 09:00:00,9.71,
2022-06-09 09:15:00,9.65,
2022-06-09 09:30:00,9.64,
2022-06-09 09:45:00,9.59,
2022-06-09 10:00:00,9.54,
2022-06-09 10:15:00,9.48,
2022-06-09 10:30:00,9.43,
2022-06-09 10:45:00,9.37,
2022-06-09 11:00:00,9.31,
2022-06-09 11:15:00,9.25,
2022-06-09 11:30:00,9.19,
2022-06-09 11:45:00,9.13,
2022-06-09 12:00:00,9.07,
2022-06-09 12:15:00,9.02,
2022-06-09 12:30:00,8.96,
2022-06-09 12:45:00,8.91,
2022-06-09 13:00:00,8.86,
2022-06-09 13:15:00,8.82,
2022-06-09 13:30:00,8.76,
2022-06-09 13:45:00,8.73,
2022-06-09 14:00:00,8.68,
2022-06-09 14:15:00,8.68,
2022-06-09 14:30:00,8.64,
2022-06-09 14:45:00,8.59,
2022-06-09 15:00:00,8.56,
2022-06-09 15:15:00,8.53,
2022-06-09 15:30:00,8.49,
2022-06-09 15:45:00,8.46,
2022-06-09 16:00:00,8.44,
2022-06-09 16:15:00,8.42,
2022-06-09 16:30:00,8.41,
2022-06-09 16:45:00,8.39,
2022-06-09 17:00:00,8.38,
2022-06-09 17:15:00,8.38,
2022-06-09 17:30:00,8.36,
2022-06-09 17:45:00,8.35,
2022-06-09 18:00:00,8.34,
2022-06-09 18:15:00,8.33,
2022-06-09 18:30:00,8.35,
2022-06-09 18:45:00,8.36,
2022-06-09 19:00:00,8.37,
2022-06-09 19:15:00,8.38,
2022-06-09 19:30:00,8.39,
2022-06-09 19:45:00,8.41,
2022-06-09 20:00:00,8.43,
2022-06-09 20:15:00,8.46,
2022-06-09 20:30:00,8.5,
2022-06-09 20:45:00,8.54,
2022-06-09 21:00:00,8.59,
2022-06-09 21:15:00,8.63,
2022-06-09 21:30:00,8.67,
2022-06-09 21:45:00,8.71,
2022-06-09 22:00:00,8.74,
2022-06-09 22:15:00,8.79,
2022-06-09 22:30:00,8.82,
2022-06-09 22:45:00,8.86,
2022-06-09 23:00:00,8.89,
2022-06-09 23:15:00,8.92,
2022-06-09 23:30:00,8.95,
2022-06-09 23:45:00,8.98,
2022-06-10 00:00:00,9.01,
2022-06-10 00:15:00,9.04,
2022-06-10 00:30:00,9.07,
2022-06-10 00:45:00,9.09,
2022-06-10 01:00:00,9.11,
2022-06-10 01:15:00,9.13,
2022-06-10 01:30:00,9.15,
2022-06-10 01:45:00,9.17,
2022-06-10 02:00:00,9.19,
2022-06-10 02:15:00,9.21,
2022-06-10 02:30:00,9.23,
2022-06-10 02:45:00,9.24,
2022-06-10 03:00:00,9.26,
2022-06-10 03:15:00,9.27,
2022-06-10 03:30:00,9.28,
2022-06-10 03:45:00,9.29,
2022-06-10 04:00:00,9.32,
2022-06-10 04:15:00,9.33,
2022-06-10 04:30:00,9.35,
2022-06-10 04:45:00,9.36,
2022-06-10 05:00:00,9.38,
2022-06-10 05:15:00,9.41,
2022-06-10 05:30:00,9.43,
2022-06-10 05:45:00,9.46,
2022-06-10 06:00:00,9.48,
2022-06-10 06:15:00,9.5,
2022-06-10 06:30:00,9.52,
2022-06-10 06:45:00,9.54,
2022-06-10 07:00:00,9.58,
2022-06-10 07:15:00,9.6,
2022-06-10 07:30:00,9.61,
2022-06-10 07:45:00,9.62,
2022-06-10 08:00:00,9.61,
2022-06-10 08:15:00,9.6,
2022-06-10 08:30:00,9.59,
2022-06-10 08:45:00,9.58,
2022-06-10 09:00:00,9.55,
2022-06-10 09:15:00,9.52,
2022-06-10 09:30:00,9.49,
2022-06-10 09:45:00,9.45,
2022-06-10 10:00:00,9.4,
2022-06-10 10:15:00,9.35,
2022-06-10 10:30:00,9.3,
2022-06-10 10:45:00,9.24,
2022-06-10 11:00:00,9.18,
2022-06-10 11:15:00,9.12,
2022-06-10 11:30:00,9.07,
2022-06-10 11:45:00,9.0,
2022-06-10 12:00:00,8.95,
2022-06-10 12:15:00,8.89,
2022-06-10 12:30:00,8.83,
2022-06-10 12:45:00,8.78,
2022-06-10 13:00:00,8.74,
2022-06-10 13:15:00,8.69,
2022-06-10 13:30:00,8.64,
2022-06-10 13:45:00,8.58,
2022-06-10 14:00:00,8.55,
2022-06-10 14:15:00,8.5,
2022-06-10 14:30:00,8.46,
2022-06-10 14:45:00,8.43,
2022-06-10 15:00:00,8.4,
2022-06-10 15:15:00,8.38,
2022-06-10 15:30:00,8.34,
2022-06-10 15:45:00,8.32,
2022-06-10 16:00:00,8.29,
2022-06-10 16:15:00,8.27,
2022-06-10 16:30:00,8.26,
2022-06-10 16:45:00,8.24,
2022-06-10 17:00:00,8.22,
2022-06-10 17:15:00,8.21,
2022-06-10 17:30:00,8.2,
2022-06-10 17:45:00,8.19,
2022-06-10 18:00:00,8.18,
2022-06-10 18:15:00,8.15,
2022-06-10 18:30:00,8.14,
2022-06-10 18:45:00,8.17,
2022-06-10 19:00:00,8.21,
2022-06-10 19:15:00,8.23,
2022-06-10 19:30:00,8.25,
2022-06-10 19:45:00,8.28,
2022-06-10 20:00:00,8.31,
2022-06-10 20:15:00,8.34,
2022-06-10 20:30:00,8.38,
2022-06-10 20:45:00,8.43,
2022-06-10 21:00:00,8.47,
2022-06-10 21:15:00,8.52,
2022-06-10 21:30:00,8.56,
2022-06-10 21:45:00,8.6,
2022-06-10 22:00:00,8.64,
2022-06-10 22:15:00,8.68,
2022-06-10 22:30:00,8.72,
2022-06-10 22:45:00,8.75,
2022-06-10 23:00:00,8.79,
2022-06-10 23:15:00,8.82,
2022-06-10 23:30:00,8.84,
2022-06-10 23:45:00,8.87,
2022-06-11 00:00:00,8.89,
2022-06-11 00:15:00,8.92,
2022-06-11 00:30:00,8.95,
2022-06-11 00:45:00,8.97,
2022-06-11 01:00:00,9.0,
2022-06-11 01:15:00,9.02,
2022-06-11 01:30:00,9.04,
2022-06-11 01:45:00,9.06,
2022-06-11 02:00:00,9.08,
2022-06-11 02:15:00,9.1,
2022-06-11 02:30:00,9.12,
2022-06-11 02:45:00,9.13,
2022-06-11 03:00:00,9.16,
2022-06-11 03:15:00,9.17,
2022-06-11 03:30:00,9.19,
2022-06-11 03:45:00,9.21,
2022-06-11 04:00:00,9.22,
2022-06-11 04:15:00,9.24,
2022-06-11 04:30:00,9.25,
2022-06-11 04:45:00,9.26,
2022-06-11 05:00:00,9.27,
2022-06-11 05:15:00,9.29,
2022-06-11 05:30:00,9.32,
2022-06-11 05:45:00,9.35,
2022-06-11 06:00:00,9.37,
2022-06-11 06:15:00,9.39,
2022-06-11 06:30:00,9.41,
2022-06-11 06:45:00,9.43,
2022-06-11 07:00:00,9.46,
2022-06-11 07:15:00,9.48,
2022-06-11 07:30:00,9.51,
2022-06-11 07:45:00,9.51,
2022-06-11 08:00:00,9.51,
2022-06-11 08:15:00,9.5,
2022-06-11 08:30:00,9.48,
2022-06-11 08:45:00,9.47,
2022-06-11 09:00:00,9.44,
2022-06-11 09:15:00,9.41,
2022-06-11 09:30:00,9.38,
2022-06-11 09:45:00,9.33,
2022-06-11 10:00:00,9.29,
2022-06-11 10:15:00,9.23,
2022-06-11 10:30:00,9.18,
2022-06-11 10:45:00,9.14,
2022-06-11 11:00:00,9.09,
2022-06-11 11:15:00,9.04,
2022-06-11 11:30:00,8.98,
2022-06-11 11:45:00,8.93,
2022-06-11 12:00:00,8.88,
2022-06-11 12:15:00,8.82,
2022-06-11 12:30:00,8.77,
2022-06-11 12:45:00,8.72,
2022-06-11 13:00:00,8.66,
2022-06-11 13:15:00,8.61,
2022-06-11 13:30:00,8.56,
2022-06-11 13:45:00,8.51,
2022-06-11 14:00:00,8.47,
2022-06-11 14:15:00,8.43,
2022-06-11 14:30:00,8.4,
2022-06-11 14:45:00,8.36,
2022-06-11 15:00:00,8.33,
2022-06-11 15:15:00,8.3,
2022-06-11 15:30:00,8.27,
2022-06-11 15:45:00,8.25,
2022-06-11 16:00:00,8.23,
2022-06-11 16:15:00,8.22,
2022-06-11 16:30:00,8.21,
2022-06-11 16:45:00,8.19,
2022-06-11 17:00:00,8.19,
2022-06-11 17:15:00,8.18,
2022-06-11 17:30:00,8.17,
2022-06-11 17:45:00,8.17,
2022-06-11 18:00:00,8.17,
2022-06-11 18:15:00,8.18,
2022-06-11 18:30:00,8.19,
2022-06-11 18:45:00,8.19,
2022-06-11 19:00:00,8.2,
2022-06-11 19:15:00,8.23,
2022-06-11 19:30:00,8.26,
2022-06-11 19:45:00,8.29,
2022-06-11 20:00:00,8.33,
2022-06-11 20:15:00,8.37,
2022-06-11 20:30:00,8.41,
2022-06-11 20:45:00,8.45,
2022-06-11 21:00:00,8.5,
2022-06-11 21:15:00,8.55,
2022-06-11 21:30:00,8.59,
2022-06-11 21:45:00,8.63,
2022-06-11 22:00:00,8.68,
2022-06-11 22:15:00,8.72,
2022-06-11 22:30:00,8.76,
2022-06-11 22:45:00,8.79,
2022-06-11 23:00:00,8.82,
2022-06-11 23:15:00,8.86,
2022-06-11 23:30:00,8.89,
2022-06-11 23:45:00,8.92,
2022-06-12 00:00:00,8.95,
2022-06-12 00:15:00,8.97,
2022-06-12 00:30:00,8.99,
2022-06-12 00:45:00,9.02,
2022-06-12 01:00:00,9.04,
2022-06-12 01:15:00,9.06,
2022-06-12 01:30:00,9.08,
2022-06-12 01:45:00,9.1,
2022-06-12 02:00:00,9.12,
2022-06-12 02:15:00,9.13,
2022-06-12 02:30:00,9.15,
2022-06-12 02:45:00,9.17,
2022-06-12 03:00:00,9.18,
2022-06-12 03:15:00,9.19,
2022-06-12 03:30:00,9.2,
2022-06-12 03:45:00,9.22,
2022-06-12 04:00:00,9.23,
2022-06-12 04:15:00,9.25,
2022-06-12 04:30:00,9.26,
2022-06-12 04:45:00,9.27,
2022-06-12 05:00:00,9.29,
2022-06-12 05:15:00,9.32,
2022-06-12 05:30:00,9.33,
2022-06-12 05:45:00,9.35,
2022-06-12 06:00:00,9.37,
2022-06-12 06:15:00,9.39,
2022-06-12 06:30:00,9.41,
2022-06-12 06:45:00,9.42,
2022-06-12 07:00:00,9.45,
2022-06-12 07:15:00,9.47,
2022-06-12 07:30:00,9.48,
2022-06-12 07:45:00,9.49,
2022-06-12 08:00:00,9.48,
2022-06-12 08:15:00,9.48,
2022-06-12 08:30:00,9.46,
2022-06-12 08:45:00,9.44,
2022-06-12 09:00:00,9.41,
2022-06-12 09:15:00,9.38,
2022-06-12 09:30:00,9.34,
2022-06-12 09:45:00,9.3,
2022-06-12 10:00:00,9.25,
2022-06-12 10:15:00,9.2,
2022-06-12 10:30:00,9.15,
2022-06-12 10:45:00,9.09,
2022-06-12 11:00:00,9.04,
2022-06-12 11:15:00,8.98,
2022-06-12 11:30:00,8.92,
2022-06-12 11:45:00,8.86,
2022-06-12 12:00:00,8.79,
2022-06-12 12:15:00,8.75,
2022-06-12 12:30:00,8.7,
2022-06-12 12:45:00,8.65,
2022-06-12 13:00:00,8.61,
2022-06-12 13:15:00,8.57,
2022-06-12 13:30:00,8.53,
2022-06-12 13:45:00,8.48,
2022-06-12 14:00:00,8.44,
2022-06-12 14:15:00,8.4,
2022-06-12 14:30:00,8.35,
2022-06-12 14:45:00,8.32,
2022-06-12 15:00:00,8.29,
2022-06-12 15:15:00,8.26,
2022-06-12 15:30:00,8.21,
2022-06-12 15:45:00,8.15,
2022-06-12 16:00:00,8.11,
2022-06-12 16:15:00,8.08,
2022-06-12 16:30:00,8.07,
2022-06-12 16:45:00,8.06,
2022-06-12 17:00:00,8.05,
2022-06-12 17:15:00,8.07,
2022-06-12 17:30:00,8.09,
2022-06-12 17:45:00,8.09,
2022-06-12 18:00:00,8.12,
2022-06-12 18:15:00,8.1,
2022-06-12 18:30:00,8.15,
2022-06-12 18:45:00,8.18,
2022-06-12 19:00:00,8.21,
2022-06-12 19:15:00,8.24,
2022-06-12 19:30:00,8.26,
2022-06-12 19:45:00,8.29,
2022-06-12 20:00:00,8.32,
2022-06-12 20:15:00,8.35,
2022-06-12 20:30:00,8.4,
2022-06-12 20:45:00,8.44,
2022-06-12 21:00:00,8.48,
2022-06-12 21:15:00,8.51,
2022-06-12 21:30:00,8.54,
2022-06-12 21:45:00,8.58,
2022-06-12 22:00:00,8.61,
2022-06-12 22:15:00,8.65,
2022-06-12 22:30:00,8.68,
2022-06-12 22:45:00,8.71,
2022-06-12 23:00:00,8.73,
2022-06-12 23:15:00,8.76,
2022-06-12 23:30:00,8.78,
2022-06-12 23:45:00,8.8,
2022-06-13 00:00:00,8.82,
2022-06-13 00:15:00,8.84,
2022-06-13 00:30:00,8.85,
2022-06-13 00:45:00,8.87,
2022-06-13 01:00:00,8.88,
2022-06-13 01:15:00,8.9,
2022-06-13 01:30:00,8.91,
2022-06-13 01:45:00,8.93,
2022-06-13 02:00:00,8.96,
2022-06-13 02:15:00,8.98,
2022-06-13 02:30:00,9.0,
2022-06-13 02:45:00,9.01,
2022-06-13 03:00:00,9.03,
2022-06-13 03:15:00,9.04,
2022-06-13 03:30:00,9.06,
2022-06-13 03:45:00,9.07,
2022-06-13 04:00:00,9.08,
2022-06-13 04:15:00,9.1,
2022-06-13 04:30:00,9.11,
2022-06-13 04:45:00,9.12,
2022-06-13 05:00:00,9.14,
2022-06-13 05:15:00,9.16,
2022-06-13 05:30:00,9.18,
2022-06-13 05:45:00,9.2,
2022-06-13 06:00:00,9.22,
2022-06-13 06:15:00,9.24,
2022-06-13 06:30:00,9.27,
2022-06-13 06:45:00,9.29,
2022-06-13 07:00:00,9.3,
2022-06-13 07:15:00,9.33,
2022-06-13 07:30:00,9.38,
2022-06-13 07:45:00,9.37,
2022-06-13 08:00:00,9.37,
2022-06-13 08:15:00,9.39,
2022-06-13 08:30:00,9.4,
2022-06-13 08:45:00,9.42,
2022-06-13 09:00:00,9.42,
2022-06-13 09:15:00,9.46,
2022-06-13 09:30:00,9.51,
2022-06-13 09:45:00,9.54,
2022-06-13 10:00:00,9.56,
2022-06-13 10:15:00,9.56,
2022-06-13 10:30:00,9.54,
2022-06-13 10:45:00,9.56,
2022-06-13 11:00:00,9.59,
2022-06-13 11:15:00,9.61,
2022-06-13 11:30:00,9.59,
2022-06-13 11:45:00,9.57,
2022-06-13 12:00:00,9.58,
2022-06-13 12:15:00,9.56,
2022-06-13 12:30:00,9.53,
2022-06-13 12:45:00,9.47,
2022-06-13 13:00:00,9.41,
2022-06-13 13:15:00,9.43,
2022-06-13 13:30:00,9.43,
2022-06-13 13:45:00,9.43,
2022-06-13 14:00:00,9.36,
2022-06-13 14:15:00,9.32,
2022-06-13 14:30:00,9.28,
2022-06-13 14:45:00,9.28,
2022-06-13 15:00:00,9.26,
2022-06-13 15:15:00,9.29,
2022-06-13 15:30:00,9.27,
2022-06-13 15:45:00,9.23,
2022-06-13 16:00:00,9.24,
2022-06-13 16:15:00,9.21,
2022-06-13 16:30:00,9.19,
2022-06-13 16:45:00,9.14,
2022-06-13 17:00:00,9.12,
2022-06-13 17:15:00,9.12,
2022-06-13 17:30:00,9.11,
2022-06-13 17:45:00,9.06,
2022-06-13 18:00:00,9.05,
2022-06-13 18:15:00,9.01,
2022-06-13 18:30:00,9.02,
2022-06-13 18:45:00,9.03,
2022-06-13 19:00:00,9.04,
2022-06-13 19:15:00,9.05,
2022-06-13 19:30:00,9.05,
2022-06-13 19:45:00,9.07,
2022-06-13 20:00:00,9.07,
2022-06-13 20:15:00,9.09,
2022-06-13 20:30:00,9.12,
2022-06-13 20:45:00,9.15,
2022-06-13 21:00:00,9.19,
2022-06-13 21:15:00,9.22,
2022-06-13 21:30:00,9.25,
2022-06-13 21:45:00,9.27,
2022-06-13 22:00:00,9.31,
2022-06-13 22:15:00,9.34,
2022-06-13 22:30:00,9.35,
2022-06-13 22:45:00,9.38,
2022-06-13 23:00:00,9.42,
2022-06-13 23:15:00,9.43,
2022-06-13 23:30:00,9.46,
2022-06-13 23:45:00,9.48,
2022-06-14 00:00:00,9.52,
2022-06-14 00:15:00,9.55,
2022-06-14 00:30:00,9.58,
2022-06-14 00:45:00,9.6,
2022-06-14 01:00:00,9.63,
2022-06-14 01:15:00,9.66,
2022-06-14 01:30:00,9.68,
2022-06-14 01:45:00,9.71,
2022-06-14 02:00:00,9.74,
2022-06-14 02:15:00,9.76,
2022-06-14 02:30:00,9.78,
2022-06-14 02:45:00,9.8,
2022-06-14 03:00:00,9.83,
2022-06-14 03:15:00,9.83,
2022-06-14 03:30:00,9.84,
2022-06-14 03:45:00,9.86,
2022-06-14 04:00:00,9.87,
2022-06-14 04:15:00,9.88,
2022-06-14 04:30:00,9.89,
2022-06-14 04:45:00,9.9,
2022-06-14 05:00:00,9.91,
2022-06-14 05:15:00,9.92,
2022-06-14 05:30:00,9.94,
2022-06-14 05:45:00,9.96,
2022-06-14 06:00:00,9.97,
2022-06-14 06:15:00,9.99,
2022-06-14 06:30:00,10.02,
2022-06-14 06:45:00,10.04,
2022-06-14 07:00:00,10.06,
2022-06-14 07:15:00,10.08,
2022-06-14 07:30:00,10.11,
2022-06-14 07:45:00,10.13,
2022-06-14 08:00:00,10.14,
2022-06-14 08:15:00,10.16,
2022-06-14 08:30:00,10.17,
2022-06-14 08:45:00,10.17,
2022-06-14 09:00:00,10.18,
2022-06-14 09:15:00,10.17,
2022-06-14 09:30:00,10.15,
2022-06-14 09:45:00,10.16,
2022-06-14 10:00:00,10.15,
2022-06-14 10:15:00,10.13,
2022-06-14 10:30:00,10.08,
2022-06-14 10:45:00,10.05,
2022-06-14 11:00:00,9.99,
2022-06-14 11:15:00,9.96,
2022-06-14 11:30:00,9.93,
2022-06-14 11:45:00,9.87,
2022-06-14 12:00:00,9.8,
2022-06-14 12:15:00,9.7,
2022-06-14 12:30:00,9.59,
2022-06-14 12:45:00,9.49,
2022-06-14 13:00:00,9.4,
2022-06-14 13:15:00,9.34,
2022-06-14 13:30:00,9.27,
2022-06-14 13:45:00,9.22,
2022-06-14 14:00:00,9.16,
2022-06-14 14:15:00,9.11,
2022-06-14 14:30:00,9.07,
2022-06-14 14:45:00,9.02,
2022-06-14 15:00:00,8.99,
2022-06-14 15:15:00,8.96,
2022-06-14 15:30:00,8.93,
2022-06-14 15:45:00,8.91,
2022-06-14 16:00:00,8.9,
2022-06-14 16:15:00,8.88,
2022-06-14 16:30:00,8.88,
2022-06-14 16:45:00,8.87,
2022-06-14 17:00:00,8.87,
2022-06-14 17:15:00,8.86,
2022-06-14 17:30:00,8.84,
2022-06-14 17:45:00,8.85,
2022-06-14 18:00:00,8.82,
2022-06-14 18:15:00,8.86,
2022-06-14 18:30:00,8.87,
2022-06-14 18:45:00,8.9,
2022-06-14 19:00:00,8.93,
2022-06-14 19:15:00,8.96,
2022-06-14 19:30:00,8.98,
2022-06-14 19:45:00,9.02,
2022-06-14 20:00:00,9.06,
2022-06-14 20:15:00,9.1,
2022-06-14 20:30:00,9.14,
2022-06-14 20:45:00,9.18,
2022-06-14 21:00:00,9.23,
2022-06-14 21:15:00,9.25,
2022-06-14 21:30:00,9.3,
2022-06-14 21:45:00,9.34,
2022-06-14 22:00:00,9.37,
2022-06-14 22:15:00,9.4,
2022-06-14 22:30:00,9.43,
2022-06-14 22:45:00,9.46,
2022-06-14 23:00:00,9.49,
2022-06-14 23:15:00,9.53,
2022-06-14 23:30:00,9.56,
2022-06-14 23:45:00,9.58,
2022-06-15 00:00:00,9.61,
2022-06-15 00:15:00,9.64,
2022-06-15 00:30:00,9.67,
2022-06-15 00:45:00,9.69,
2022-06-15 01:00:00,9.72,
2022-06-15 01:15:00,9.74,
2022-06-15 01:30:00,9.77,
2022-06-15 01:45:00,9.78,
2022-06-15 02:00:00,9.81,
2022-06-15 02:15:00,9.83,
2022-06-15 02:30:00,9.86,
2022-06-15 02:45:00,9.88,
2022-06-15 03:00:00,9.89,
2022-06-15 03:15:00,9.92,
2022-06-15 03:30:00,9.94,
2022-06-15 03:45:00,9.97,
2022-06-15 04:00:00,9.99,
2022-06-15 04:15:00,10.01,
2022-06-15 04:30:00,10.03,
2022-06-15 04:45:00,10.05,
2022-06-15 05:00:00,10.08,
2022-06-15 05:15:00,10.1,
2022-06-15 05:30:00,10.13,
2022-06-15 05:45:00,10.16,
2022-06-15 06:00:00,10.18,
2022-06-15 06:15:00,10.21,
2022-06-15 06:30:00,10.23,
2022-06-15 06:45:00,10.25,
2022-06-15 07:00:00,10.28,
2022-06-15 07:15:00,10.31,
2022-06-15 07:30:00,10.32,
2022-06-15 07:45:00,10.32,
2022-06-15 08:00:00,10.3,
2022-06-15 08:15:00,10.28,
2022-06-15 08:30:00,10.24,
2022-06-15 08:45:00,10.22,
2022-06-15 09:00:00,10.18,
2022-06-15 09:15:00,10.14,
2022-06-15 09:30:00,10.1,
2022-06-15 09:45:00,10.05,
2022-06-15 10:00:00,10.0,
2022-06-15 10:15:00,9.94,
2022-06-15 10:30:00,9.88,
2022-06-15 10:45:00,9.83,
2022-06-15 11:00:00,9.78,
2022-06-15 11:15:00,9.71,
2022-06-15 11:30:00,9.65,
2022-06-15 11:45:00,9.58,
2022-06-15 12:00:00,9.51,
2022-06-15 12:15:00,9.45,
2022-06-15 12:30:00,9.39,
2022-06-15 12:45:00,9.33,
2022-06-15 13:00:00,9.27,
2022-06-15 13:15:00,9.21,
2022-06-15 13:30:00,9.16,
2022-06-15 13:45:00,9.1,
2022-06-15 14:00:00,9.06,
2022-06-15 14:15:00,9.01,
2022-06-15 14:30:00,8.97,
2022-06-15 14:45:00,8.92,
2022-06-15 15:00:00,8.89,
2022-06-15 15:15:00,8.86,
2022-06-15 15:30:00,8.83,
2022-06-15 15:45:00,8.81,
2022-06-15 16:00:00,8.79,
2022-06-15 16:15:00,8.77,
2022-06-15 16:30:00,8.76,
2022-06-15 16:45:00,8.75,
2022-06-15 17:00:00,8.74,
2022-06-15 17:15:00,8.73,
2022-06-15 17:30:00,8.73,
2022-06-15 17:45:00,8.73,
2022-06-15 18:00:00,8.73,
2022-06-15 18:15:00,8.73,
2022-06-15 18:30:00,8.73,
2022-06-15 18:45:00,8.72,
2022-06-15 19:00:00,8.74,
2022-06-15 19:15:00,8.75,
2022-06-15 19:30:00,8.79,
2022-06-15 19:45:00,8.82,
2022-06-15 20:00:00,8.86,
2022-06-15 20:15:00,8.89,
2022-06-15 20:30:00,8.92,
2022-06-15 20:45:00,8.97,
2022-06-15 21:00:00,9.01,
2022-06-15 21:15:00,9.05,
2022-06-15 21:30:00,9.1,
2022-06-15 21:45:00,9.14,
2022-06-15 22:00:00,9.19,
2022-06-15 22:15:00,9.23,
2022-06-15 22:30:00,9.26,
2022-06-15 22:45:00,9.3,
2022-06-15 23:00:00,9.34,
2022-06-15 23:15:00,9.37,
2022-06-15 23:30:00,9.41,
2022-06-15 23:45:00,9.43,
2022-06-16 00:00:00,9.46,
2022-06-16 00:15:00,9.49,
2022-06-16 00:30:00,9.52,
2022-06-16 00:45:00,9.55,
2022-06-16 01:00:00,9.58,
2022-06-16 01:15:00,9.6,
2022-06-16 01:30:00,9.62,
2022-06-16 01:45:00,9.65,
2022-06-16 02:00:00,9.67,
2022-06-16 02:15:00,9.69,
2022-06-16 02:30:00,9.72,
2022-06-16 02:45:00,9.73,
2022-06-16 03:00:00,9.75,
2022-06-16 03:15:00,9.77,
2022-06-16 03:30:00,9.79,
2022-06-16 03:45:00,9.81,
2022-06-16 04:00:00,9.82,
2022-06-16 04:15:00,9.83,
2022-06-16 04:30:00,9.85,
2022-06-16 04:45:00,9.87,
2022-06-16 05:00:00,9.89,
2022-06-16 05:15:00,9.92,
2022-06-16 05:30:00,9.95,
2022-06-16 05:45:00,9.96,
2022-06-16 06:00:00,9.97,
2022-06-16 06:15:00,10.0,
2022-06-16 06:30:00,10.02,
2022-06-16 06:45:00,10.04,
2022-06-16 07:00:00,10.06,
2022-06-16 07:15:00,10.07,
2022-06-16 07:30:00,10.08,
2022-06-16 07:45:00,10.08,
2022-06-16 08:00:00,10.06,
2022-06-16 08:15:00,10.03,
2022-06-16 08:30:00,9.99,
2022-06-16 08:45:00,9.95,
2022-06-16 09:00:00,9.91,
2022-06-16 09:15:00,9.86,
2022-06-16 09:30:00,9.82,
2022-06-16 09:45:00,9.76,
2022-06-16 10:00:00,9.7,
2022-06-16 10:15:00,9.65,
2022-06-16 10:30:00,9.59,
2022-06-16 10:45:00,9.52,
2022-06-16 11:00:00,9.45,
2022-06-16 11:15:00,9.38,
2022-06-16 11:30:00,9.31,
2022-06-16 11:45:00,9.23,
2022-06-16 12:00:00,9.15,
2022-06-16 12:15:00,9.08,
2022-06-16 12:30:00,9.01,
2022-06-16 12:45:00,8.94,
2022-06-16 13:00:00,8.88,
2022-06-16 13:15:00,8.82,
2022-06-16 13:30:00,8.77,
2022-06-16 13:45:00,8.71,
2022-06-16 14:00:00,8.65,
2022-06-16 14:15:00,8.61,
2022-06-16 14:30:00,8.57,
2022-06-16 14:45:00,8.53,
2022-06-16 15:00:00,8.49,
2022-06-16 15:15:00,8.45,
2022-06-16 15:30:00,8.42,
2022-06-16 15:45:00,8.4,
2022-06-16 16:00:00,8.37,
2022-06-16 16:15:00,8.35,
2022-06-16 16:30:00,8.33,
2022-06-16 16:45:00,8.32,
2022-06-16 17:00:00,8.31,
2022-06-16 17:15:00,8.3,
2022-06-16 17:30:00,8.29,
2022-06-16 17:45:00,8.28,
2022-06-16 18:00:00,8.28,
2022-06-16 18:15:00,8.28,
2022-06-16 18:30:00,8.27,
2022-06-16 18:45:00,8.27,
2022-06-16 19:00:00,8.28,
2022-06-16 19:15:00,8.31,
2022-06-16 19:30:00,8.34,
2022-06-16 19:45:00,8.37,
2022-06-16 20:00:00,8.4,
2022-06-16 20:15:00,8.44,
2022-06-16 20:30:00,8.47,
2022-06-16 20:45:00,8.52,
2022-06-16 21:00:00,8.57,
2022-06-16 21:15:00,8.61,
2022-06-16 21:30:00,8.65,
2022-06-16 21:45:00,8.69,
2022-06-16 22:00:00,8.74,
2022-06-16 22:15:00,8.78,
2022-06-16 22:30:00,8.82,
2022-06-16 22:45:00,8.85,
2022-06-16 23:00:00,8.89,
2022-06-16 23:15:00,8.93,
2022-06-16 23:30:00,8.96,
2022-06-16 23:45:00,8.99,
2022-06-17 00:00:00,9.02,
2022-06-17 00:15:00,9.05,
2022-06-17 00:30:00,9.08,
2022-06-17 00:45:00,9.11,
2022-06-17 01:00:00,9.13,
2022-06-17 01:15:00,9.16,
2022-06-17 01:30:00,9.18,
2022-06-17 01:45:00,9.21,
2022-06-17 02:00:00,9.22,
2022-06-17 02:15:00,9.25,
2022-06-17 02:30:00,9.27,
2022-06-17 02:45:00,9.29,
2022-06-17 03:00:00,9.31,
2022-06-17 03:15:00,9.33,
2022-06-17 03:30:00,9.35,
2022-06-17 03:45:00,9.36,
2022-06-17 04:00:00,9.38,
2022-06-17 04:15:00,9.39,
2022-06-17 04:30:00,9.42,
2022-06-17 04:45:00,9.43,
2022-06-17 05:00:00,9.44,
2022-06-17 05:15:00,9.47,
2022-06-17 05:30:00,9.49,
2022-06-17 05:45:00,9.49,
2022-06-17 06:00:00,9.5,
2022-06-17 06:15:00,9.52,
2022-06-17 06:30:00,9.51,
2022-06-17 06:45:00,9.52,
2022-06-17 07:00:00,9.58,
2022-06-17 07:15:00,9.63,
2022-06-17 07:30:00,9.59,
2022-06-17 07:45:00,9.56,
2022-06-17 08:00:00,9.51,
2022-06-17 08:15:00,9.49,
2022-06-17 08:30:00,9.49,
2022-06-17 08:45:00,9.56,
2022-06-17 09:00:00,9.62,
2022-06-17 09:15:00,9.64,
2022-06-17 09:30:00,9.63,
2022-06-17 09:45:00,9.57,
2022-06-17 10:00:00,9.52,
2022-06-17 10:15:00,9.46,
2022-06-17 10:30:00,9.41,
2022-06-17 10:45:00,9.34,
2022-06-17 11:00:00,9.27,
2022-06-17 11:15:00,9.2,
2022-06-17 11:30:00,9.08,
2022-06-17 11:45:00,9.01,
2022-06-17 12:00:00,9.01,
2022-06-17 12:15:00,8.97,
2022-06-17 12:30:00,8.9,
2022-06-17 12:45:00,8.84,
2022-06-17 13:00:00,8.78,
2022-06-17 13:15:00,8.7,
2022-06-17 13:30:00,8.69,
2022-06-17 13:45:00,8.62,
2022-06-17 14:00:00,8.56,
2022-06-17 14:15:00,8.53,
2022-06-17 14:30:00,8.49,
2022-06-17 14:45:00,8.46,
2022-06-17 15:00:00,8.4,
2022-06-17 15:15:00,8.36,
2022-06-17 15:30:00,8.34,
2022-06-17 15:45:00,8.3,
2022-06-17 16:00:00,8.26,
2022-06-17 16:15:00,8.23,
2022-06-17 16:30:00,8.2,
2022-06-17 16:45:00,8.17,
2022-06-17 17:00:00,8.15,
2022-06-17 17:15:00,8.2,
2022-06-17 17:30:00,8.24,
2022-06-17 17:45:00,8.27,
2022-06-17 18:00:00,8.24,
2022-06-17 18:15:00,8.25,
2022-06-17 18:30:00,8.27,
2022-06-17 18:45:00,8.26,
2022-06-17 19:00:00,8.24,
2022-06-17 19:15:00,8.24,
2022-06-17 19:30:00,8.26,
2022-06-17 19:45:00,8.28,
2022-06-17 20:00:00,8.3,
2022-06-17 20:15:00,8.34,
2022-06-17 20:30:00,8.37,
2022-06-17 20:45:00,8.41,
2022-06-17 21:00:00,8.45,
2022-06-17 21:15:00,8.49,
2022-06-17 21:30:00,8.53,
2022-06-17 21:45:00,8.57,
2022-06-17 22:00:00,8.61,
2022-06-17 22:15:00,8.65,
2022-06-17 22:30:00,8.69,
2022-06-17 22:45:00,8.72,
2022-06-17 23:00:00,8.76,
2022-06-17 23:15:00,8.8,
2022-06-17 23:30:00,8.83,
2022-06-17 23:45:00,8.86,
2022-06-18 00:00:00,8.88,
2022-06-18 00:15:00,8.91,
2022-06-18 00:30:00,8.94,
2022-06-18 00:45:00,8.96,
2022-06-18 01:00:00,8.99,
2022-06-18 01:15:00,9.01,
2022-06-18 01:30:00,9.04,
2022-06-18 01:45:00,9.07,
2022-06-18 02:00:00,9.08,
2022-06-18 02:15:00,9.11,
2022-06-18 02:30:00,9.13,
2022-06-18 02:45:00,9.15,
2022-06-18 03:00:00,9.16,
2022-06-18 03:15:00,9.19,
2022-06-18 03:30:00,9.2,
2022-06-18 03:45:00,9.22,
2022-06-18 04:00:00,9.23,
2022-06-18 04:15:00,9.25,
2022-06-18 04:30:00,9.26,
2022-06-18 04:45:00,9.29,
2022-06-18 05:00:00,9.31,
2022-06-18 05:15:00,9.34,
2022-06-18 05:30:00,9.37,
2022-06-18 05:45:00,9.39,
2022-06-18 06:00:00,9.42,
2022-06-18 06:15:00,9.44,
2022-06-18 06:30:00,9.47,
2022-06-18 06:45:00,9.5,
2022-06-18 07:00:00,9.53,
2022-06-18 07:15:00,9.55,
2022-06-18 07:30:00,9.58,
2022-06-18 07:45:00,9.59,
2022-06-18 08:00:00,9.6,
2022-06-18 08:15:00,9.6,
2022-06-18 08:30:00,9.52,
2022-06-18 08:45:00,9.45,
2022-06-18 09:00:00,9.4,
2022-06-18 09:15:00,9.36,
2022-06-18 09:30:00,9.34,
2022-06-18 09:45:00,9.34,
2022-06-18 10:00:00,9.35,
2022-06-18 10:15:00,9.3,
2022-06-18 10:30:00,9.31,
2022-06-18 10:45:00,9.26,
2022-06-18 11:00:00,9.19,
2022-06-18 11:15:00,9.13,
2022-06-18 11:30:00,9.09,
2022-06-18 11:45:00,9.02,
2022-06-18 12:00:00,8.98,
2022-06-18 12:15:00,8.86,
2022-06-18 12:30:00,8.72,
2022-06-18 12:45:00,8.74,
2022-06-18 13:00:00,8.75,
2022-06-18 13:15:00,8.72,
2022-06-18 13:30:00,8.64,
2022-06-18 13:45:00,8.59,
2022-06-18 14:00:00,8.62,
2022-06-18 14:15:00,8.62,
2022-06-18 14:30:00,8.63,
2022-06-18 14:45:00,8.63,
2022-06-18 15:00:00,8.67,
2022-06-18 15:15:00,8.72,
2022-06-18 15:30:00,8.74,
2022-06-18 15:45:00,8.8,
2022-06-18 16:00:00,8.77,
2022-06-18 16:15:00,8.74,
2022-06-18 16:30:00,8.79,
2022-06-18 16:45:00,8.76,
2022-06-18 17:00:00,8.74,
2022-06-18 17:15:00,8.71,
2022-06-18 17:30:00,8.72,
2022-06-18 17:45:00,8.75,
2022-06-18 18:00:00,8.75,
2022-06-18 18:15:00,8.76,
2022-06-18 18:30:00,8.77,
2022-06-18 18:45:00,8.77,
2022-06-18 19:00:00,8.81,
2022-06-18 19:15:00,8.85,
2022-06-18 19:30:00,8.86,
2022-06-18 19:45:00,8.86,
2022-06-18 20:00:00,8.87,
2022-06-18 20:15:00,8.87,
2022-06-18 20:30:00,8.89,
2022-06-18 20:45:00,8.91,
2022-06-18 21:00:00,8.93,
2022-06-18 21:15:00,8.96,
2022-06-18 21:30:00,8.98,
2022-06-18 21:45:00,9.0,
2022-06-18 22:00:00,9.03,
2022-06-18 22:15:00,9.06,
2022-06-18 22:30:00,9.08,
2022-06-18 22:45:00,9.11,
2022-06-18 23:00:00,9.12,
2022-06-18 23:15:00,9.14,
2022-06-18 23:30:00,9.17,
2022-06-18 23:45:00,9.18,
2022-06-19 00:00:00,9.2,
2022-06-19 00:15:00,9.22,
2022-06-19 00:30:00,9.23,
2022-06-19 00:45:00,9.25,
2022-06-19 01:00:00,9.26,
2022-06-19 01:15:00,9.27,
2022-06-19 01:30:00,9.28,
2022-06-19 01:45:00,9.29,
2022-06-19 02:00:00,9.3,
2022-06-19 02:15:00,9.3,
2022-06-19 02:30:00,9.3,
2022-06-19 02:45:00,9.31,
2022-06-19 03:00:00,9.31,
2022-06-19 03:15:00,9.32,
2022-06-19 03:30:00,9.32,
2022-06-19 03:45:00,9.33,
2022-06-19 04:00:00,9.34,
2022-06-19 04:15:00,9.34,
2022-06-19 04:30:00,9.35,
2022-06-19 04:45:00,9.36,
2022-06-19 05:00:00,9.37,
2022-06-19 05:15:00,9.38,
2022-06-19 05:30:00,9.4,
2022-06-19 05:45:00,9.41,
2022-06-19 06:00:00,9.43,
2022-06-19 06:15:00,9.47,
2022-06-19 06:30:00,9.47,
2022-06-19 06:45:00,9.47,
2022-06-19 07:00:00,9.48,
2022-06-19 07:15:00,9.54,
2022-06-19 07:30:00,9.57,
2022-06-19 07:45:00,9.57,
2022-06-19 08:00:00,9.61,
2022-06-19 08:15:00,9.59,
2022-06-19 08:30:00,9.56,
2022-06-19 08:45:00,9.55,
2022-06-19 09:00:00,9.54,
2022-06-19 09:15:00,9.54,
2022-06-19 09:30:00,9.52,
2022-06-19 09:45:00,9.5,
2022-06-19 10:00:00,9.48,
2022-06-19 10:15:00,9.49,
2022-06-19 10:30:00,9.47,
2022-06-19 10:45:00,9.43,
2022-06-19 11:00:00,9.39,
2022-06-19 11:15:00,9.38,
2022-06-19 11:30:00,9.36,
2022-06-19 11:45:00,9.31,
2022-06-19 12:00:00,9.29,
2022-06-19 12:15:00,9.28,
2022-06-19 12:30:00,9.21,
2022-06-19 12:45:00,9.08,
2022-06-19 13:00:00,9.05,
2022-06-19 13:15:00,9.07,
2022-06-19 13:30:00,9.1,
2022-06-19 13:45:00,9.1,
2022-06-19 14:00:00,9.02,
2022-06-19 14:15:00,8.98,
2022-06-19 14:30:00,9.01,
2022-06-19 14:45:00,8.99,
2022-06-19 15:00:00,8.94,
2022-06-19 15:15:00,8.94,
2022-06-19 15:30:00,8.86,
2022-06-19 15:45:00,8.88,
2022-06-19 16:00:00,8.87,
2022-06-19 16:15:00,8.84,
2022-06-19 16:30:00,8.81,
2022-06-19 16:45:00,8.8,
2022-06-19 17:00:00,8.79,
2022-06-19 17:15:00,8.79,
2022-06-19 17:30:00,8.79,
2022-06-19 17:45:00,8.85,
2022-06-19 18:00:00,8.86,
2022-06-19 18:15:00,8.87,
2022-06-19 18:30:00,8.82,
2022-06-19 18:45:00,8.79,
2022-06-19 19:00:00,8.79,
2022-06-19 19:15:00,8.79,
2022-06-19 19:30:00,8.81,
2022-06-19 19:45:00,8.85,
2022-06-19 20:00:00,8.88,
2022-06-19 20:15:00,8.91,
2022-06-19 20:30:00,8.94,
2022-06-19 20:45:00,8.98,
2022-06-19 21:00:00,9.02,
2022-06-19 21:15:00,9.06,
2022-06-19 21:30:00,9.1,
2022-06-19 21:45:00,9.14,
2022-06-19 22:00:00,9.18,
2022-06-19 22:15:00,9.22,
2022-06-19 22:30:00,9.25,
2022-06-19 22:45:00,9.3,
2022-06-19 23:00:00,9.33,
2022-06-19 23:15:00,9.37,
2022-06-19 23:30:00,9.39,
2022-06-19 23:45:00,9.43,
2022-06-20 00:00:00,9.46,
2022-06-20 00:15:00,9.49,
2022-06-20 00:30:00,9.52,
2022-06-20 00:45:00,9.55,
2022-06-20 01:00:00,9.58,
2022-06-20 01:15:00,9.61,
2022-06-20 01:30:00,9.63,
2022-06-20 01:45:00,9.65,
2022-06-20 02:00:00,9.67,
2022-06-20 02:15:00,9.7,
2022-06-20 02:30:00,9.72,
2022-06-20 02:45:00,9.74,
2022-06-20 03:00:00,9.76,
2022-06-20 03:15:00,9.78,
2022-06-20 03:30:00,9.79,
2022-06-20 03:45:00,9.81,
2022-06-20 04:00:00,9.83,
2022-06-20 04:15:00,9.85,
2022-06-20 04:30:00,9.87,
2022-06-20 04:45:00,9.88,
2022-06-20 05:00:00,9.9,
2022-06-20 05:15:00,9.92,
2022-06-20 05:30:00,9.97,
2022-06-20 05:45:00,9.98,
2022-06-20 06:00:00,9.99,
2022-06-20 06:15:00,10.03,
2022-06-20 06:30:00,10.06,
2022-06-20 06:45:00,10.07,
2022-06-20 07:00:00,10.09,
2022-06-20 07:15:00,10.14,
2022-06-20 07:30:00,10.12,
2022-06-20 07:45:00,10.05,
2022-06-20 08:00:00,9.99,
2022-06-20 08:15:00,9.96,
2022-06-20 08:30:00,9.97,
2022-06-20 08:45:00,10.0,
2022-06-20 09:00:00,10.0,
2022-06-20 09:15:00,10.02,
2022-06-20 09:30:00,10.03,
2022-06-20 09:45:00,10.03,
2022-06-20 10:00:00,10.03,
2022-06-20 10:15:00,10.04,
2022-06-20 10:30:00,10.05,
2022-06-20 10:45:00,10.04,
2022-06-20 11:00:00,10.04,
2022-06-20 11:15:00,9.99,
2022-06-20 11:30:00,9.92,
2022-06-20 11:45:00,9.85,
2022-06-20 12:00:00,9.77,
2022-06-20 12:15:00,9.66,
2022-06-20 12:30:00,9.57,
2022-06-20 12:45:00,9.49,
2022-06-20 13:00:00,9.48,
2022-06-20 13:15:00,9.4,
2022-06-20 13:30:00,9.33,
2022-06-20 13:45:00,9.32,
2022-06-20 14:00:00,9.35,
2022-06-20 14:15:00,9.3,
2022-06-20 14:30:00,9.25,
2022-06-20 14:45:00,9.25,
2022-06-20 15:00:00,9.29,
2022-06-20 15:15:00,9.42,
2022-06-20 15:30:00,9.54,
2022-06-20 15:45:00,9.55,
2022-06-20 16:00:00,9.52,
2022-06-20 16:15:00,9.44,
2022-06-20 16:30:00,9.41,
2022-06-20 16:45:00,9.38,
2022-06-20 17:00:00,9.35,
2022-06-20 17:15:00,9.3,
2022-06-20 17:30:00,9.3,
2022-06-20 17:45:00,9.29,
2022-06-20 18:00:00,9.28,
2022-06-20 18:15:00,9.26,
2022-06-20 18:30:00,9.25,
2022-06-20 18:45:00,9.23,
2022-06-20 19:00:00,9.23,
2022-06-20 19:15:00,9.23,
2022-06-20 19:30:00,9.24,
2022-06-20 19:45:00,9.26,
2022-06-20 20:00:00,9.27,
2022-06-20 20:15:00,9.28,
2022-06-20 20:30:00,9.29,
2022-06-20 20:45:00,9.31,
2022-06-20 21:00:00,9.34,
2022-06-20 21:15:00,9.36,
2022-06-20 21:30:00,9.38,
2022-06-20 21:45:00,9.42,
2022-06-20 22:00:00,9.45,
2022-06-20 22:15:00,9.48,
2022-06-20 22:30:00,9.51,
2022-06-20 22:45:00,9.55,
2022-06-20 23:00:00,9.58,
2022-06-20 23:15:00,9.6,
2022-06-20 23:30:00,9.62,
2022-06-20 23:45:00,9.65,
2022-06-21 00:00:00,9.68,
2022-06-21 00:15:00,9.72,
2022-06-21 00:30:00,9.74,
2022-06-21 00:45:00,9.75,
2022-06-21 01:00:00,9.78,
2022-06-21 01:15:00,9.8,
2022-06-21 01:30:00,9.82,
2022-06-21 01:45:00,9.83,
2022-06-21 02:00:00,9.85,
2022-06-21 02:15:00,9.87,
2022-06-21 02:30:00,9.88,
2022-06-21 02:45:00,9.9,
2022-06-21 03:00:00,9.91,
2022-06-21 03:15:00,9.92,
2022-06-21 03:30:00,9.94,
2022-06-21 03:45:00,9.95,
2022-06-21 04:00:00,9.97,
2022-06-21 04:15:00,9.99,
2022-06-21 04:30:00,10.0,
2022-06-21 04:45:00,10.01,
2022-06-21 05:00:00,10.03,
2022-06-21 05:15:00,10.05,
2022-06-21 05:30:00,10.07,
2022-06-21 05:45:00,10.09,
2022-06-21 06:00:00,10.11,
2022-06-21 06:15:00,10.13,
2022-06-21 06:30:00,10.14,
2022-06-21 06:45:00,10.17,
2022-06-21 07:00:00,10.19,
2022-06-21 07:15:00,10.22,
2022-06-21 07:30:00,10.22,
2022-06-21 07:45:00,10.23,
2022-06-21 08:00:00,10.2,
2022-06-21 08:15:00,10.17,
2022-06-21 08:30:00,10.13,
2022-06-21 08:45:00,10.09,
2022-06-21 09:00:00,10.05,
2022-06-21 09:15:00,10.0,
2022-06-21 09:30:00,9.96,
2022-06-21 09:45:00,9.9,
2022-06-21 10:00:00,9.85,
2022-06-21 10:15:00,9.79,
2022-06-21 10:30:00,9.73,
2022-06-21 10:45:00,9.66,
2022-06-21 11:00:00,9.6,
2022-06-21 11:15:00,9.53,
2022-06-21 11:30:00,9.46,
2022-06-21 11:45:00,9.39,
2022-06-21 12:00:00,9.32,
2022-06-21 12:15:00,9.25,
2022-06-21 12:30:00,9.19,
2022-06-21 12:45:00,9.12,
2022-06-21 13:00:00,9.06,
2022-06-21 13:15:00,9.0,
2022-06-21 13:30:00,8.94,
2022-06-21 13:45:00,8.9,
2022-06-21 14:00:00,8.84,
2022-06-21 14:15:00,8.8,
2022-06-21 14:30:00,8.75,
2022-06-21 14:45:00,8.71,
2022-06-21 15:00:00,8.66,
2022-06-21 15:15:00,8.64,
2022-06-21 15:30:00,8.62,
2022-06-21 15:45:00,8.59,
2022-06-21 16:00:00,8.57,
2022-06-21 16:15:00,8.55,
2022-06-21 16:30:00,8.53,
2022-06-21 16:45:00,8.51,
2022-06-21 17:00:00,8.5,
2022-06-21 17:15:00,8.5,
2022-06-21 17:30:00,8.49,
2022-06-21 17:45:00,8.48,
2022-06-21 18:00:00,8.48,
2022-06-21 18:15:00,8.47,
2022-06-21 18:30:00,8.47,
2022-06-21 18:45:00,8.46,
2022-06-21 19:00:00,8.47,
2022-06-21 19:15:00,8.5,
2022-06-21 19:30:00,8.53,
2022-06-21 19:45:00,8.57,
2022-06-21 20:00:00,8.61,
2022-06-21 20:15:00,8.65,
2022-06-21 20:30:00,8.69,
2022-06-21 20:45:00,8.74,
2022-06-21 21:00:00,8.79,
2022-06-21 21:15:00,8.84,
2022-06-21 21:30:00,8.88,
2022-06-21 21:45:00,8.93,
2022-06-21 22:00:00,8.98,
2022-06-21 22:15:00,9.02,
2022-06-21 22:30:00,9.07,
2022-06-21 22:45:00,9.11,
2022-06-21 23:00:00,9.15,
2022-06-21 23:15:00,9.19,
2022-06-21 23:30:00,9.23,
2022-06-21 23:45:00,9.26,
2022-06-22 00:00:00,9.3,
2022-06-22 00:15:00,9.33,
2022-06-22 00:30:00,9.36,
2022-06-22 00:45:00,9.39,
2022-06-22 01:00:00,9.42,
2022-06-22 01:15:00,9.44,
2022-06-22 01:30:00,9.47,
2022-06-22 01:45:00,9.49,
2022-06-22 02:00:00,9.51,
2022-06-22 02:15:00,9.54,
2022-06-22 02:30:00,9.55,
2022-06-22 02:45:00,9.56,
2022-06-22 03:00:00,9.59,
2022-06-22 03:15:00,9.6,
2022-06-22 03:30:00,9.62,
2022-06-22 03:45:00,9.64,
2022-06-22 04:00:00,9.66,
2022-06-22 04:15:00,9.67,
2022-06-22 04:30:00,9.69,
2022-06-22 04:45:00,9.71,
2022-06-22 05:00:00,9.73,
2022-06-22 05:15:00,9.76,
2022-06-22 05:30:00,9.79,
2022-06-22 05:45:00,9.81,
2022-06-22 06:00:00,9.83,
2022-06-22 06:15:00,9.85,
2022-06-22 06:30:00,9.88,
2022-06-22 06:45:00,9.9,
2022-06-22 07:00:00,9.93,
2022-06-22 07:15:00,9.96,
2022-06-22 07:30:00,9.97,
2022-06-22 07:45:00,9.97,
2022-06-22 08:00:00,9.95,
2022-06-22 08:15:00,9.93,
2022-06-22 08:30:00,9.89,
2022-06-22 08:45:00,9.86,
2022-06-22 09:00:00,9.82,
2022-06-22 09:15:00,9.77,
2022-06-22 09:30:00,9.71,
2022-06-22 09:45:00,9.67,
2022-06-22 10:00:00,9.62,
2022-06-22 10:15:00,9.55,
2022-06-22 10:30:00,9.49,
2022-06-22 10:45:00,9.43,
2022-06-22 11:00:00,9.37,
2022-06-22 11:15:00,9.3,
2022-06-22 11:30:00,9.23,
2022-06-22 11:45:00,9.16,
2022-06-22 12:00:00,9.1,
2022-06-22 12:15:00,9.03,
2022-06-22 12:30:00,8.96,
2022-06-22 12:45:00,8.9,
2022-06-22 13:00:00,8.84,
2022-06-22 13:15:00,8.78,
2022-06-22 13:30:00,8.73,
2022-06-22 13:45:00,8.68,
2022-06-22 14:00:00,8.63,
2022-06-22 14:15:00,8.62,
2022-06-22 14:30:00,8.58,
2022-06-22 14:45:00,8.53,
2022-06-22 15:00:00,8.5,
2022-06-22 15:15:00,8.49,
2022-06-22 15:30:00,8.43,
2022-06-22 15:45:00,8.44,
2022-06-22 16:00:00,8.42,
2022-06-22 16:15:00,8.4,
2022-06-22 16:30:00,8.38,
2022-06-22 16:45:00,8.37,
2022-06-22 17:00:00,8.36,
2022-06-22 17:15:00,8.34,
2022-06-22 17:30:00,8.36,
2022-06-22 17:45:00,8.35,
2022-06-22 18:00:00,8.38,
2022-06-22 18:15:00,8.36,
2022-06-22 18:30:00,8.35,
2022-06-22 18:45:00,8.32,
2022-06-22 19:00:00,8.32,
2022-06-22 19:15:00,8.32,
2022-06-22 19:30:00,8.34,
2022-06-22 19:45:00,8.36,
2022-06-22 20:00:00,8.4,
2022-06-22 20:15:00,8.44,
2022-06-22 20:30:00,8.48,
2022-06-22 20:45:00,8.53,
2022-06-22 21:00:00,8.58,
2022-06-22 21:15:00,8.64,
2022-06-22 21:30:00,8.69,
2022-06-22 21:45:00,8.74,
2022-06-22 22:00:00,8.79,
2022-06-22 22:15:00,8.84,
2022-06-22 22:30:00,8.88,
2022-06-22 22:45:00,8.93,
2022-06-22 23:00:00,8.97,
2022-06-22 23:15:00,9.01,
2022-06-22 23:30:00,9.05,
2022-06-22 23:45:00,9.09,
2022-06-23 00:00:00,9.13,
2022-06-23 00:15:00,9.15,
2022-06-23 00:30:00,9.19,
2022-06-23 00:45:00,9.22,
2022-06-23 01:00:00,9.24,
2022-06-23 01:15:00,9.27,
2022-06-23 01:30:00,9.29,
2022-06-23 01:45:00,9.31,
2022-06-23 02:00:00,9.32,
2022-06-23 02:15:00,9.35,
2022-06-23 02:30:00,9.37,
2022-06-23 02:45:00,9.39,
2022-06-23 03:00:00,9.4,
2022-06-23 03:15:00,9.42,
2022-06-23 03:30:00,9.44,
2022-06-23 03:45:00,9.46,
2022-06-23 04:00:00,9.47,
2022-06-23 04:15:00,9.49,
2022-06-23 04:30:00,9.5,
2022-06-23 04:45:00,9.52,
2022-06-23 05:00:00,9.53,
2022-06-23 05:15:00,9.55,
2022-06-23 05:30:00,9.58,
2022-06-23 05:45:00,9.61,
2022-06-23 06:00:00,9.64,
2022-06-23 06:15:00,9.65,
2022-06-23 06:30:00,9.66,
2022-06-23 06:45:00,9.68,
2022-06-23 07:00:00,9.71,
2022-06-23 07:15:00,9.7,
2022-06-23 07:30:00,9.7,
2022-06-23 07:45:00,9.68,
2022-06-23 08:00:00,9.66,
2022-06-23 08:15:00,9.66,
2022-06-23 08:30:00,9.66,
2022-06-23 08:45:00,9.7,
2022-06-23 09:00:00,9.69,
2022-06-23 09:15:00,9.66,
2022-06-23 09:30:00,,MNT
2022-06-23 09:45:00,,MNT
2022-06-23 10:00:00,,MNT
2022-06-23 10:15:00,,MNT
2022-06-23 10:30:00,,MNT
2022-06-23 10:45:00,,MNT
2022-06-23 11:00:00,9.6,
2022-06-23 11:15:00,9.51,
2022-06-23 11:30:00,9.43,
2022-06-23 11:45:00,9.35,
2022-06-23 12:00:00,9.27,
2022-06-23 12:15:00,9.21,
2022-06-23 12:30:00,9.14,
2022-06-23 12:45:00,9.07,
2022-06-23 13:00:00,9.01,
2022-06-23 13:15:00,8.95,
2022-06-23 13:30:00,8.89,
2022-06-23 13:45:00,8.84,
2022-06-23 14:00:00,8.78,
2022-06-23 14:15:00,8.73,
2022-06-23 14:30:00,8.68,
2022-06-23 14:45:00,8.64,
2022-06-23 15:00:00,8.6,
2022-06-23 15:15:00,8.56,
2022-06-23 15:30:00,8.52,
2022-06-23 15:45:00,8.48,
2022-06-23 16:00:00,8.45,
2022-06-23 16:15:00,8.42,
2022-06-23 16:30:00,8.39,
2022-06-23 16:45:00,8.37,
2022-06-23 17:00:00,8.35,
2022-06-23 17:15:00,8.34,
2022-06-23 17:30:00,8.31,
2022-06-23 17:45:00,8.31,
2022-06-23 18:00:00,8.25,
2022-06-23 18:15:00,8.24,
2022-06-23 18:30:00,8.25,
2022-06-23 18:45:00,8.27,
2022-06-23 19:00:00,8.27,
2022-06-23 19:15:00,8.27,
2022-06-23 19:30:00,8.3,
2022-06-23 19:45:00,8.34,
2022-06-23 20:00:00,8.38,
2022-06-23 20:15:00,8.43,
2022-06-23 20:30:00,8.47,
2022-06-23 20:45:00,8.51,
2022-06-23 21:00:00,8.55,
2022-06-23 21:15:00,8.59,
2022-06-23 21:30:00,8.62,
2022-06-23 21:45:00,8.66,
2022-06-23 22:00:00,8.7,
2022-06-23 22:15:00,8.74,
2022-06-23 22:30:00,8.78,
2022-06-23 22:45:00,8.82,
2022-06-23 23:00:00,8.86,
2022-06-23 23:15:00,8.9,
2022-06-23 23:30:00,8.93,
2022-06-23 23:45:00,8.98,
2022-06-24 00:00:00,9.01,
2022-06-24 00:15:00,9.05,
2022-06-24 00:30:00,9.08,
2022-06-24 00:45:00,9.11,
2022-06-24 01:00:00,9.15,
2022-06-24 01:15:00,9.17,
2022-06-24 01:30:00,9.2,
2022-06-24 01:45:00,9.23,
2022-06-24 02:00:00,9.25,
2022-06-24 02:15:00,9.28,
2022-06-24 02:30:00,9.3,
2022-06-24 02:45:00,9.32,
2022-06-24 03:00:00,9.33,
2022-06-24 03:15:00,9.35,
2022-06-24 03:30:00,9.36,
2022-06-24 03:45:00,9.37,
2022-06-24 04:00:00,9.37,
2022-06-24 04:15:00,9.4,
2022-06-24 04:30:00,9.4,
2022-06-24 04:45:00,9.41,
2022-06-24 05:00:00,9.44,
2022-06-24 05:15:00,9.47,
2022-06-24 05:30:00,9.48,
2022-06-24 05:45:00,9.51,
2022-06-24 06:00:00,9.54,
2022-06-24 06:15:00,9.57,
2022-06-24 06:30:00,9.59,
2022-06-24 06:45:00,9.62,
2022-06-24 07:00:00,9.64,
2022-06-24 07:15:00,9.68,
2022-06-24 07:30:00,9.69,
2022-06-24 07:45:00,9.72,
2022-06-24 08:00:00,9.7,
2022-06-24 08:15:00,9.66,
2022-06-24 08:30:00,9.68,
2022-06-24 08:45:00,9.66,
2022-06-24 09:00:00,9.64,
2022-06-24 09:15:00,9.6,
2022-06-24 09:30:00,9.5,
2022-06-24 09:45:00,9.48,
2022-06-24 10:00:00,9.47,
2022-06-24 10:15:00,9.42,
2022-06-24 10:30:00,9.38,
2022-06-24 10:45:00,9.31,
2022-06-24 11:00:00,9.28,
2022-06-24 11:15:00,9.26,
2022-06-24 11:30:00,9.19,
2022-06-24 11:45:00,9.12,
2022-06-24 12:00:00,9.06,
2022-06-24 12:15:00,9.04,
2022-06-24 12:30:00,9.0,
2022-06-24 12:45:00,8.94,
2022-06-24 13:00:00,8.89,
2022-06-24 13:15:00,8.74,
2022-06-24 13:30:00,8.73,
2022-06-24 13:45:00,8.73,
2022-06-24 14:00:00,8.63,
2022-06-24 14:15:00,8.49,
2022-06-24 14:30:00,8.35,
2022-06-24 14:45:00,8.43,
2022-06-24 15:00:00,8.38,
2022-06-24 15:15:00,8.3,
2022-06-24 15:30:00,8.3,
2022-06-24 15:45:00,8.34,
2022-06-24 16:00:00,8.47,
2022-06-24 16:15:00,8.57,
2022-06-24 16:30:00,8.59,
2022-06-24 16:45:00,8.6,
2022-06-24 17:00:00,8.66,
2022-06-24 17:15:00,8.73,
2022-06-24 17:30:00,8.66,
2022-06-24 17:45:00,8.73,
2022-06-24 18:00:00,8.73,
2022-06-24 18:15:00,8.7,
2022-06-24 18:30:00,8.69,
2022-06-24 18:45:00,8.65,
2022-06-24 19:00:00,8.65,
2022-06-24 19:15:00,8.66,
2022-06-24 19:30:00,8.67,
2022-06-24 19:45:00,8.69,
2022-06-24 20:00:00,8.72,
2022-06-24 20:15:00,8.74,
2022-06-24 20:30:00,8.77,
2022-06-24 20:45:00,8.81,
2022-06-24 21:00:00,8.84,
2022-06-24 21:15:00,8.88,
2022-06-24 21:30:00,8.92,
2022-06-24 21:45:00,8.96,
2022-06-24 22:00:00,9.0,
2022-06-24 22:15:00,9.04,
2022-06-24 22:30:00,9.08,
2022-06-24 22:45:00,9.12,
2022-06-24 23:00:00,9.15,
2022-06-24 23:15:00,9.19,
2022-06-24 23:30:00,9.23,
2022-06-24 23:45:00,9.26,
2022-06-25 00:00:00,9.3,
2022-06-25 00:15:00,9.34,
2022-06-25 00:30:00,9.37,
2022-06-25 00:45:00,9.41,
2022-06-25 01:00:00,9.43,
2022-06-25 01:15:00,9.46,
2022-06-25 01:30:00,9.49,
2022-06-25 01:45:00,9.52,
2022-06-25 02:00:00,9.54,
2022-06-25 02:15:00,9.56,
2022-06-25 02:30:00,9.59,
2022-06-25 02:45:00,9.61,
2022-06-25 03:00:00,9.63,
2022-06-25 03:15:00,9.66,
2022-06-25 03:30:00,9.67,
2022-06-25 03:45:00,9.69,
2022-06-25 04:00:00,9.71,
2022-06-25 04:15:00,9.73,
2022-06-25 04:30:00,9.75,
2022-06-25 04:45:00,9.77,
2022-06-25 05:00:00,9.79,
2022-06-25 05:15:00,9.82,
2022-06-25 05:30:00,9.85,
2022-06-25 05:45:00,9.88,
2022-06-25 06:00:00,9.91,
2022-06-25 06:15:00,9.93,
2022-06-25 06:30:00,9.95,
2022-06-25 06:45:00,9.98,
2022-06-25 07:00:00,10.01,
2022-06-25 07:15:00,10.04,
2022-06-25 07:30:00,10.06,
2022-06-25 07:45:00,10.06,
2022-06-25 08:00:00,10.05,
2022-06-25 08:15:00,10.03,
2022-06-25 08:30:00,10.0,
2022-06-25 08:45:00,9.96,
2022-06-25 09:00:00,9.92,
2022-06-25 09:15:00,9.88,
2022-06-25 09:30:00,9.83,
2022-06-25 09:45:00,9.77,
2022-06-25 10:00:00,9.72,
2022-06-25 10:15:00,9.67,
2022-06-25 10:30:00,9.61,
2022-06-25 10:45:00,9.55,
2022-06-25 11:00:00,9.49,
2022-06-25 11:15:00,9.42,
2022-06-25 11:30:00,9.36,
2022-06-25 11:45:00,9.29,
2022-06-25 12:00:00,9.22,
2022-06-25 12:15:00,9.16,
2022-06-25 12:30:00,9.1,
2022-06-25 12:45:00,9.04,
2022-06-25 13:00:00,8.99,
2022-06-25 13:15:00,8.92,
2022-06-25 13:30:00,8.87,
2022-06-25 13:45:00,8.82,
2022-06-25 14:00:00,8.77,
2022-06-25 14:15:00,8.72,
2022-06-25 14:30:00,8.69,
2022-06-25 14:45:00,8.65,
2022-06-25 15:00:00,8.61,
2022-06-25 15:15:00,8.57,
2022-06-25 15:30:00,8.55,
2022-06-25 15:45:00,8.52,
2022-06-25 16:00:00,8.49,
2022-06-25 16:15:00,8.47,
2022-06-25 16:30:00,8.45,
2022-06-25 16:45:00,8.43,
2022-06-25 17:00:00,8.42,
2022-06-25 17:15:00,8.4,
2022-06-25 17:30:00,8.39,
2022-06-25 17:45:00,8.38,
2022-06-25 18:00:00,8.38,
2022-06-25 18:15:00,8.37,
2022-06-25 18:30:00,8.37,
2022-06-25 18:45:00,8.35,
2022-06-25 19:00:00,8.37,
2022-06-25 19:15:00,8.39,
2022-06-25 19:30:00,8.42,
2022-06-25 19:45:00,8.46,
2022-06-25 20:00:00,8.49,
2022-06-25 20:15:00,8.54,
2022-06-25 20:30:00,8.58,
2022-06-25 20:45:00,8.63,
2022-06-25 21:00:00,8.69,
2022-06-25 21:15:00,8.74,
2022-06-25 21:30:00,8.79,
2022-06-25 21:45:00,8.84,
2022-06-25 22:00:00,8.89,
2022-06-25 22:15:00,8.95,
2022-06-25 22:30:00,9.0,
2022-06-25 22:45:00,9.04,
2022-06-25 23:00:00,9.09,
2022-06-25 23:15:00,9.13,
2022-06-25 23:30:00,9.17,
2022-06-25 23:45:00,9.21,
2022-06-26 00:00:00,9.25,
2022-06-26 00:15:00,9.28,
2022-06-26 00:30:00,9.32,
2022-06-26 00:45:00,9.35,
2022-06-26 01:00:00,9.38,
2022-06-26 01:15:00,9.41,
2022-06-26 01:30:00,9.43,
2022-06-26 01:45:00,9.46,
2022-06-26 02:00:00,9.49,
2022-06-26 02:15:00,9.5,
2022-06-26 02:30:00,9.53,
2022-06-26 02:45:00,9.54,
2022-06-26 03:00:00,9.56,
2022-06-26 03:15:00,9.59,
2022-06-26 03:30:00,9.6,
2022-06-26 03:45:00,9.62,
2022-06-26 04:00:00,9.64,
2022-06-26 04:15:00,9.66,
2022-06-26 04:30:00,9.68,
2022-06-26 04:45:00,9.69,
2022-06-26 05:00:00,9.71,
2022-06-26 05:15:00,9.74,
2022-06-26 05:30:00,9.76,
2022-06-26 05:45:00,9.79,
2022-06-26 06:00:00,9.81,
2022-06-26 06:15:00,9.84,
2022-06-26 06:30:00,9.86,
2022-06-26 06:45:00,9.88,
2022-06-26 07:00:00,9.91,
2022-06-26 07:15:00,9.93,
2022-06-26 07:30:00,9.96,
2022-06-26 07:45:00,9.97,
2022-06-26 08:00:00,9.96,
2022-06-26 08:15:00,9.93,
2022-06-26 08:30:00,9.9,
2022-06-26 08:45:00,9.87,
2022-06-26 09:00:00,9.83,
2022-06-26 09:15:00,9.79,
2022-06-26 09:30:00,9.74,
2022-06-26 09:45:00,9.69,
2022-06-26 10:00:00,9.64,
2022-06-26 10:15:00,9.6,
2022-06-26 10:30:00,9.54,
2022-06-26 10:45:00,9.48,
2022-06-26 11:00:00,9.41,
2022-06-26 11:15:00,9.35,
2022-06-26 11:30:00,9.29,
2022-06-26 11:45:00,9.23,
2022-06-26 12:00:00,9.16,
2022-06-26 12:15:00,9.09,
2022-06-26 12:30:00,9.03,
2022-06-26 12:45:00,8.96,
2022-06-26 13:00:00,8.91,
2022-06-26 13:15:00,8.86,
2022-06-26 13:30:00,8.8,
2022-06-26 13:45:00,8.75,
2022-06-26 14:00:00,8.7,
2022-06-26 14:15:00,8.65,
2022-06-26 14:30:00,8.61,
2022-06-26 14:45:00,8.57,
2022-06-26 15:00:00,8.53,
2022-06-26 15:15:00,8.5,
2022-06-26 15:30:00,8.46,
2022-06-26 15:45:00,8.43,
2022-06-26 16:00:00,8.4,
2022-06-26 16:15:00,8.38,
2022-06-26 16:30:00,8.36,
2022-06-26 16:45:00,8.35,
2022-06-26 17:00:00,8.33,
2022-06-26 17:15:00,8.32,
2022-06-26 17:30:00,8.31,
2022-06-26 17:45:00,8.3,
2022-06-26 18:00:00,8.29,
2022-06-26 18:15:00,8.28,
2022-06-26 18:30:00,8.28,
2022-06-26 18:45:00,8.26,
2022-06-26 19:00:00,8.28,
2022-06-26 19:15:00,8.31,
2022-06-26 19:30:00,8.35,
2022-06-26 19:45:00,8.39,
2022-06-26 20:00:00,8.43,
2022-06-26 20:15:00,8.47,
2022-06-26 20:30:00,8.52,
2022-06-26 20:45:00,8.57,
2022-06-26 21:00:00,8.63,
2022-06-26 21:15:00,8.68,
2022-06-26 21:30:00,8.73,
2022-06-26 21:45:00,8.79,
2022-06-26 22:00:00,8.84,
2022-06-26 22:15:00,8.88,
2022-06-26 22:30:00,8.94,
2022-06-26 22:45:00,8.98,
2022-06-26 23:00:00,9.03,
2022-06-26 23:15:00,9.07,
2022-06-26 23:30:00,9.11,
2022-06-26 23:45:00,9.15,
2022-06-27 00:00:00,9.19,
2022-06-27 00:15:00,9.23,
2022-06-27 00:30:00,9.25,
2022-06-27 00:45:00,9.29,
2022-06-27 01:00:00,9.32,
2022-06-27 01:15:00,9.35,
2022-06-27 01:30:00,9.38,
2022-06-27 01:45:00,9.42,
2022-06-27 02:00:00,9.43,
2022-06-27 02:15:00,9.46,
2022-06-27 02:30:00,9.48,
2022-06-27 02:45:00,9.5,
2022-06-27 03:00:00,9.52,
2022-06-27 03:15:00,9.54,
2022-06-27 03:30:00,9.56,
2022-06-27 03:45:00,9.58,
2022-06-27 04:00:00,9.6,
2022-06-27 04:15:00,9.61,
2022-06-27 04:30:00,9.62,
2022-06-27 04:45:00,9.64,
2022-06-27 05:00:00,9.67,
2022-06-27 05:15:00,9.69,
2022-06-27 05:30:00,9.71,
2022-06-27 05:45:00,9.73,
2022-06-27 06:00:00,9.75,
2022-06-27 06:15:00,9.78,
2022-06-27 06:30:00,9.8,
2022-06-27 06:45:00,9.82,
2022-06-27 07:00:00,9.86,
2022-06-27 07:15:00,9.88,
2022-06-27 07:30:00,9.9,
2022-06-27 07:45:00,9.91,
2022-06-27 08:00:00,9.9,
2022-06-27 08:15:00,9.88,
2022-06-27 08:30:00,9.84,
2022-06-27 08:45:00,9.81,
2022-06-27 09:00:00,9.77,
2022-06-27 09:15:00,9.72,
2022-06-27 09:30:00,9.67,
2022-06-27 09:45:00,9.62,
2022-06-27 10:00:00,9.57,
2022-06-27 10:15:00,9.51,
2022-06-27 10:30:00,9.45,
2022-06-27 10:45:00,9.38,
2022-06-27 11:00:00,9.32,
2022-06-27 11:15:00,9.26,
2022-06-27 11:30:00,9.2,
2022-06-27 11:45:00,9.13,
2022-06-27 12:00:00,9.07,
2022-06-27 12:15:00,9.01,
2022-06-27 12:30:00,8.95,
2022-06-27 12:45:00,8.89,
2022-06-27 13:00:00,8.84,
2022-06-27 13:15:00,8.78,
2022-06-27 13:30:00,8.73,
2022-06-27 13:45:00,8.68,
2022-06-27 14:00:00,8.63,
2022-06-27 14:15:00,8.59,
2022-06-27 14:30:00,8.55,
2022-06-27 14:45:00,8.51,
2022-06-27 15:00:00,8.46,
2022-06-27 15:15:00,8.42,
2022-06-27 15:30:00,8.39,
2022-06-27 15:45:00,8.36,
2022-06-27 16:00:00,8.32,
2022-06-27 16:15:00,8.3,
2022-06-27 16:30:00,8.28,
2022-06-27 16:45:00,8.18,
2022-06-27 17:00:00,8.18,
2022-06-27 17:15:00,8.23,
2022-06-27 17:30:00,8.21,
2022-06-27 17:45:00,8.2,
2022-06-27 18:00:00,8.19,
2022-06-27 18:15:00,8.19,
2022-06-27 18:30:00,8.18,
2022-06-27 18:45:00,8.16,
2022-06-27 19:00:00,8.17,
2022-06-27 19:15:00,8.19,
2022-06-27 19:30:00,8.22,
2022-06-27 19:45:00,8.26,
2022-06-27 20:00:00,8.3,
2022-06-27 20:15:00,8.33,
2022-06-27 20:30:00,8.37,
2022-06-27 20:45:00,8.43,
2022-06-27 21:00:00,8.48,
2022-06-27 21:15:00,8.54,
2022-06-27 21:30:00,8.59,
2022-06-27 21:45:00,8.64,
2022-06-27 22:00:00,8.69,
2022-06-27 22:15:00,8.75,
2022-06-27 22:30:00,8.79,
2022-06-27 22:45:00,8.84,
2022-06-27 23:00:00,8.89,
2022-06-27 23:15:00,8.93,
2022-06-27 23:30:00,8.97,
2022-06-27 23:45:00,9.01,
2022-06-28 00:00:00,9.05,
2022-06-28 00:15:00,9.09,
2022-06-28 00:30:00,9.12,
2022-06-28 00:45:00,9.15,
2022-06-28 01:00:00,9.18,
2022-06-28 01:15:00,9.21,
2022-06-28 01:30:00,9.24,
2022-06-28 01:45:00,9.26,
2022-06-28 02:00:00,9.29,
2022-06-28 02:15:00,9.31,
2022-06-28 02:30:00,9.34,
2022-06-28 02:45:00,9.36,
2022-06-28 03:00:00,9.37,
2022-06-28 03:15:00,9.39,
2022-06-28 03:30:00,9.4,
2022-06-28 03:45:00,9.42,
2022-06-28 04:00:00,9.44,
2022-06-28 04:15:00,9.45,
2022-06-28 04:30:00,9.47,
2022-06-28 04:45:00,9.48,
2022-06-28 05:00:00,9.51,
2022-06-28 05:15:00,9.53,
2022-06-28 05:30:00,9.56,
2022-06-28 05:45:00,9.58,
2022-06-28 06:00:00,9.61,
2022-06-28 06:15:00,9.63,
2022-06-28 06:30:00,9.65,
2022-06-28 06:45:00,9.67,
2022-06-28 07:00:00,9.7,
2022-06-28 07:15:00,9.72,
2022-06-28 07:30:00,9.74,
2022-06-28 07:45:00,9.75,
2022-06-28 08:00:00,9.74,
2022-06-28 08:15:00,9.72,
2022-06-28 08:30:00,9.7,
2022-06-28 08:45:00,9.68,
2022-06-28 09:00:00,9.65,
2022-06-28 09:15:00,9.63,
2022-06-28 09:30:00,9.6,
2022-06-28 09:45:00,9.52,
2022-06-28 10:00:00,9.43,
2022-06-28 10:15:00,9.35,
2022-06-28 10:30:00,9.39,
2022-06-28 10:45:00,9.37,
2022-06-28 11:00:00,9.33,
2022-06-28 11:15:00,9.25,
2022-06-28 11:30:00,9.18,
2022-06-28 11:45:00,9.12,
2022-06-28 12:00:00,9.16,
2022-06-28 12:15:00,9.12,
2022-06-28 12:30:00,9.14,
2022-06-28 12:45:00,9.07,
2022-06-28 13:00:00,9.01,
2022-06-28 13:15:00,8.9,
2022-06-28 13:30:00,8.87,
2022-06-28 13:45:00,8.83,
2022-06-28 14:00:00,8.78,
2022-06-28 14:15:00,8.73,
2022-06-28 14:30:00,8.68,
2022-06-28 14:45:00,8.62,
2022-06-28 15:00:00,8.57,
2022-06-28 15:15:00,8.52,
2022-06-28 15:30:00,8.48,
2022-06-28 15:45:00,8.44,
2022-06-28 16:00:00,8.41,
2022-06-28 16:15:00,8.38,
2022-06-28 16:30:00,8.35,
2022-06-28 16:45:00,8.28,
2022-06-28 17:00:00,8.3,
2022-06-28 17:15:00,8.28,
2022-06-28 17:30:00,8.26,
2022-06-28 17:45:00,8.22,
2022-06-28 18:00:00,8.2,
2022-06-28 18:15:00,8.15,
2022-06-28 18:30:00,8.19,
2022-06-28 18:45:00,8.18,
2022-06-28 19:00:00,8.18,
2022-06-28 19:15:00,8.17,
2022-06-28 19:30:00,8.19,
2022-06-28 19:45:00,8.22,
2022-06-28 20:00:00,8.25,
2022-06-28 20:15:00,8.28,
2022-06-28 20:30:00,8.32,
2022-06-28 20:45:00,8.35,
2022-06-28 21:00:00,8.4,
2022-06-28 21:15:00,8.45,
2022-06-28 21:30:00,8.49,
2022-06-28 21:45:00,8.54,
2022-06-28 22:00:00,8.59,
2022-06-28 22:15:00,8.63,
2022-06-28 22:30:00,8.67,
2022-06-28 22:45:00,8.72,
2022-06-28 23:00:00,8.76,
2022-06-28 23:15:00,8.8,
2022-06-28 23:30:00,8.84,
2022-06-28 23:45:00,8.87,
2022-06-29 00:00:00,8.91,
2022-06-29 00:15:00,8.94,
2022-06-29 00:30:00,8.98,
2022-06-29 00:45:00,9.01,
2022-06-29 01:00:00,9.04,
2022-06-29 01:15:00,9.07,
2022-06-29 01:30:00,9.1,
2022-06-29 01:45:00,9.12,
2022-06-29 02:00:00,9.14,
2022-06-29 02:15:00,9.17,
2022-06-29 02:30:00,9.19,
2022-06-29 02:45:00,9.21,
2022-06-29 03:00:00,9.22,
2022-06-29 03:15:00,9.24,
2022-06-29 03:30:00,9.25,
2022-06-29 03:45:00,9.26,
2022-06-29 04:00:00,9.27,
2022-06-29 04:15:00,9.28,
2022-06-29 04:30:00,9.3,
2022-06-29 04:45:00,9.31,
2022-06-29 05:00:00,9.33,
2022-06-29 05:15:00,9.33,
2022-06-29 05:30:00,9.35,
2022-06-29 05:45:00,9.39,
2022-06-29 06:00:00,9.42,
2022-06-29 06:15:00,9.47,
2022-06-29 06:30:00,9.51,
2022-06-29 06:45:00,9.48,
2022-06-29 07:00:00,9.49,
2022-06-29 07:15:00,9.5,
2022-06-29 07:30:00,9.54,
2022-06-29 07:45:00,9.6,
2022-06-29 08:00:00,9.61,
2022-06-29 08:15:00,9.6,
2022-06-29 08:30:00,9.56,
2022-06-29 08:45:00,9.54,
2022-06-29 09:00:00,9.5,
2022-06-29 09:15:00,9.45,
2022-06-29 09:30:00,9.43,
2022-06-29 09:45:00,9.34,
2022-06-29 10:00:00,9.26,
2022-06-29 10:15:00,9.28,
2022-06-29 10:30:00,9.26,
2022-06-29 10:45:00,9.26,
2022-06-29 11:00:00,9.23,
2022-06-29 11:15:00,9.22,
2022-06-29 11:30:00,9.14,
2022-06-29 11:45:00,9.08,
2022-06-29 12:00:00,9.04,
2022-06-29 12:15:00,8.97,
2022-06-29 12:30:00,8.9,
2022-06-29 12:45:00,8.85,
2022-06-29 13:00:00,8.79,
2022-06-29 13:15:00,8.74,
2022-06-29 13:30:00,8.7,
2022-06-29 13:45:00,8.64,
2022-06-29 14:00:00,8.6,
2022-06-29 14:15:00,8.55,
2022-06-29 14:30:00,8.51,
2022-06-29 14:45:00,8.47,
2022-06-29 15:00:00,8.42,
2022-06-29 15:15:00,8.39,
2022-06-29 15:30:00,8.35,
2022-06-29 15:45:00,8.31,
2022-06-29 16:00:00,8.24,
2022-06-29 16:15:00,8.26,
2022-06-29 16:30:00,8.24,
2022-06-29 16:45:00,8.21,
2022-06-29 17:00:00,8.19,
2022-06-29 17:15:00,8.16,
2022-06-29 17:30:00,8.14,
2022-06-29 17:45:00,8.13,
2022-06-29 18:00:00,8.11,
2022-06-29 18:15:00,8.1,
2022-06-29 18:30:00,8.1,
2022-06-29 18:45:00,8.07,
2022-06-29 19:00:00,8.09,
2022-06-29 19:15:00,8.11,
2022-06-29 19:30:00,8.14,
2022-06-29 19:45:00,8.17,
2022-06-29 20:00:00,8.2,
2022-06-29 20:15:00,8.23,
2022-06-29 20:30:00,8.27,
2022-06-29 20:45:00,8.32,
2022-06-29 21:00:00,8.38,
2022-06-29 21:15:00,8.43,
2022-06-29 21:30:00,8.48,
2022-06-29 21:45:00,8.53,
2022-06-29 22:00:00,8.58,
2022-06-29 22:15:00,8.63,
2022-06-29 22:30:00,8.68,
2022-06-29 22:45:00,8.73,
2022-06-29 23:00:00,8.78,
2022-06-29 23:15:00,8.82,
2022-06-29 23:30:00,8.86,
2022-06-29 23:45:00,8.9,
2022-06-30 00:00:00,8.93,
2022-06-30 00:15:00,8.96,
2022-06-30 00:30:00,9.0,
2022-06-30 00:45:00,9.02,
2022-06-30 01:00:00,9.06,
2022-06-30 01:15:00,9.08,
2022-06-30 01:30:00,9.11,
2022-06-30 01:45:00,9.13,
2022-06-30 02:00:00,9.16,
2022-06-30 02:15:00,9.18,
2022-06-30 02:30:00,9.19,
2022-06-30 02:45:00,9.21,
2022-06-30 03:00:00,9.23,
2022-06-30 03:15:00,9.24,
2022-06-30 03:30:00,9.26,
2022-06-30 03:45:00,9.27,
2022-06-30 04:00:00,9.28,
2022-06-30 04:15:00,9.3,
2022-06-30 04:30:00,9.31,
2022-06-30 04:45:00,9.32,
2022-06-30 05:00:00,9.33,
2022-06-30 05:15:00,9.36,
2022-06-30 05:30:00,9.39,
2022-06-30 05:45:00,9.42,
2022-06-30 06:00:00,9.44,
2022-06-30 06:15:00,9.46,
2022-06-30 06:30:00,9.49,
2022-06-30 06:45:00,9.52,
2022-06-30 07:00:00,9.55,
2022-06-30 07:15:00,9.59,
2022-06-30 07:30:00,9.61,
2022-06-30 07:45:00,9.61,
2022-06-30 08:00:00,9.63,
2022-06-30 08:15:00,9.62,
2022-06-30 08:30:00,9.59,
2022-06-30 08:45:00,9.55,
2022-06-30 09:00:00,9.56,
2022-06-30 09:15:00,9.53,
2022-06-30 09:30:00,9.47,
2022-06-30 09:45:00,9.4,
2022-06-30 10:00:00,9.32,
2022-06-30 10:15:00,9.4,
2022-06-30 10:30:00,9.43,
2022-06-30 10:45:00,9.42,
2022-06-30 11:00:00,9.43,
2022-06-30 11:15:00,9.24,
2022-06-30 11:30:00,9.2,
2022-06-30 11:45:00,9.2,
2022-06-30 12:00:00,9.18,
2022-06-30 12:15:00,9.18,
2022-06-30 12:30:00,9.2,
2022-06-30 12:45:00,9.24,
2022-06-30 13:00:00,9.22,
2022-06-30 13:15:00,9.16,
2022-06-30 13:30:00,9.1,
2022-06-30 13:45:00,9.01,
2022-06-30 14:00:00,9.0,
2022-06-30 14:15:00,8.98,
2022-06-30 14:30:00,8.87,
2022-06-30 14:45:00,8.76,
2022-06-30 15:00:00,8.65,
2022-06-30 15:15:00,8.73,
2022-06-30 15:30:00,8.71,
2022-06-30 15:45:00,8.57,
2022-06-30 16:00:00,8.52,
2022-06-30 16:15:00,8.47,
2022-06-30 16:30:00,8.47,
2022-06-30 16:45:00,8.49,
2022-06-30 17:00:00,8.45,
2022-06-30 17:15:00,8.42,
2022-06-30 17:30:00,8.37,
2022-06-30 17:45:00,8.34,
2022-06-30 18:00:00,8.34,
2022-06-30 18:15:00,8.32,
2022-06-30 18:30:00,8.3,
2022-06-30 18:45:00,8.26,
2022-06-30 19:00:00,8.25,
2022-06-30 19:15:00,8.25,
2022-06-30 19:30:00,8.27,
2022-06-30 19:45:00,8.28,
2022-06-30 20:00:00,8.3,
2022-06-30 20:15:00,8.33,
2022-06-30 20:30:00,8.36,
2022-06-30 20:45:00,8.4,
2022-06-30 21:00:00,8.45,
2022-06-30 21:15:00,8.49,
2022-06-30 21:30:00,8.53,
2022-06-30 21:45:00,8.58,
2022-06-30 22:00:00,8.63,
2022-06-30 22:15:00,8.67,
2022-06-30 22:30:00,8.71,
2022-06-30 22:45:00,8.75,
2022-06-30 23:00:00,8.79,
2022-06-30 23:15:00,8.83,
2022-06-30 23:30:00,8.87,
2022-06-30 23:45:00,8.91,
2022-07-01 00:00:00,8.95,
2022-07-01 00:15:00,8.98,
2022-07-01 00:30:00,9.01,
2022-07-01 00:45:00,9.05,
2022-07-01 01:00:00,9.07,
2022-07-01 01:15:00,9.11,
2022-07-01 01:30:00,9.13,
2022-07-01 01:45:00,9.16,
2022-07-01 02:00:00,9.19,
2022-07-01 02:15:00,9.21,
2022-07-01 02:30:00,9.23,
2022-07-01 02:45:00,9.25,
2022-07-01 03:00:00,9.27,
2022-07-01 03:15:00,9.3,
2022-07-01 03:30:00,9.31,
2022-07-01 03:45:00,9.33,
2022-07-01 04:00:00,9.35,
2022-07-01 04:15:00,9.36,
2022-07-01 04:30:00,9.38,
2022-07-01 04:45:00,9.39,
2022-07-01 05:00:00,9.41,
2022-07-01 05:15:00,9.44,
2022-07-01 05:30:00,9.46,
2022-07-01 05:45:00,9.48,
2022-07-01 06:00:00,9.52,
2022-07-01 06:15:00,9.54,
2022-07-01 06:30:00,9.56,
2022-07-01 06:45:00,9.59,
2022-07-01 07:00:00,9.64,
2022-07-01 07:15:00,9.62,
2022-07-01 07:30:00,9.65,
2022-07-01 07:45:00,9.68,
2022-07-01 08:00:00,9.73,
2022-07-01 08:15:00,9.65,
2022-07-01 08:30:00,9.62,
2022-07-01 08:45:00,9.64,
2022-07-01 09:00:00,9.55,
2022-07-01 09:15:00,9.56,
2022-07-01 09:30:00,9.55,
2022-07-01 09:45:00,9.53,
2022-07-01 10:00:00,9.47,
2022-07-01 10:15:00,9.42,
2022-07-01 10:30:00,9.4,
2022-07-01 10:45:00,9.33,
2022-07-01 11:00:00,9.26,
2022-07-01 11:15:00,9.2,
2022-07-01 11:30:00,9.14,
2022-07-01 11:45:00,9.1,
2022-07-01 12:00:00,9.03,
2022-07-01 12:15:00,8.96,
2022-07-01 12:30:00,8.84,
2022-07-01 12:45:00,8.7,
2022-07-01 13:00:00,8.63,
2022-07-01 13:15:00,8.65,
2022-07-01 13:30:00,8.76,
2022-07-01 13:45:00,8.73,
2022-07-01 14:00:00,8.78,
2022-07-01 14:15:00,8.71,
2022-07-01 14:30:00,8.63,
2022-07-01 14:45:00,8.55,
2022-07-01 15:00:00,8.51,
2022-07-01 15:15:00,8.46,
2022-07-01 15:30:00,8.35,
2022-07-01 15:45:00,8.19,
2022-07-01 16:00:00,8.29,
2022-07-01 16:15:00,8.15,
2022-07-01 16:30:00,8.23,
2022-07-01 16:45:00,8.33,
2022-07-01 17:00:00,8.3,
2022-07-01 17:15:00,8.34,
2022-07-01 17:30:00,8.33,
2022-07-01 17:45:00,8.33,
2022-07-01 18:00:00,8.31,
2022-07-01 18:15:00,8.29,
2022-07-01 18:30:00,8.27,
2022-07-01 18:45:00,8.23,
2022-07-01 19:00:00,8.24,
2022-07-01 19:15:00,8.26,
2022-07-01 19:30:00,8.28,
2022-07-01 19:45:00,8.3,
2022-07-01 20:00:00,8.33,
2022-07-01 20:15:00,8.36,
2022-07-01 20:30:00,8.4,
2022-07-01 20:45:00,8.43,
2022-07-01 21:00:00,8.47,
2022-07-01 21:15:00,8.52,
2022-07-01 21:30:00,8.55,
2022-07-01 21:45:00,8.6,
2022-07-01 22:00:00,8.64,
2022-07-01 22:15:00,8.68,
2022-07-01 22:30:00,8.72,
2022-07-01 22:45:00,8.76,
2022-07-01 23:00:00,8.8,
2022-07-01 23:15:00,8.83,
2022-07-01 23:30:00,8.87,
2022-07-01 23:45:00,8.9,
2022-07-02 00:00:00,8.92,
2022-07-02 00:15:00,8.95,
2022-07-02 00:30:00,8.98,
2022-07-02 00:45:00,9.0,
2022-07-02 01:00:00,9.03,
2022-07-02 01:15:00,9.05,
2022-07-02 01:30:00,9.07,
2022-07-02 01:45:00,9.09,
2022-07-02 02:00:00,9.12,
2022-07-02 02:15:00,9.13,
2022-07-02 02:30:00,9.15,
2022-07-02 02:45:00,9.18,
2022-07-02 03:00:00,9.19,
2022-07-02 03:15:00,9.21,
2022-07-02 03:30:00,9.23,
2022-07-02 03:45:00,9.25,
2022-07-02 04:00:00,9.26,
2022-07-02 04:15:00,9.27,
2022-07-02 04:30:00,9.3,
2022-07-02 04:45:00,9.31,
2022-07-02 05:00:00,9.32,
2022-07-02 05:15:00,9.35,
2022-07-02 05:30:00,9.36,
2022-07-02 05:45:00,9.39,
2022-07-02 06:00:00,9.41,
2022-07-02 06:15:00,9.44,
2022-07-02 06:30:00,9.49,
2022-07-02 06:45:00,9.54,
2022-07-02 07:00:00,9.56,
2022-07-02 07:15:00,9.55,
2022-07-02 07:30:00,9.55,
2022-07-02 07:45:00,9.55,
2022-07-02 08:00:00,9.52,
2022-07-02 08:15:00,9.52,
2022-07-02 08:30:00,9.5,
2022-07-02 08:45:00,9.47,
2022-07-02 09:00:00,9.45,
2022-07-02 09:15:00,9.4,
2022-07-02 09:30:00,9.36,
2022-07-02 09:45:00,9.3,
2022-07-02 10:00:00,9.25,
2022-07-02 10:15:00,9.21,
2022-07-02 10:30:00,9.15,
2022-07-02 10:45:00,9.09,
2022-07-02 11:00:00,9.03,
2022-07-02 11:15:00,8.96,
2022-07-02 11:30:00,8.9,
2022-07-02 11:45:00,8.83,
2022-07-02 12:00:00,8.78,
2022-07-02 12:15:00,8.73,
2022-07-02 12:30:00,8.66,
2022-07-02 12:45:00,8.6,
2022-07-02 13:00:00,8.54,
2022-07-02 13:15:00,8.49,
2022-07-02 13:30:00,8.44,
2022-07-02 13:45:00,8.38,
2022-07-02 14:00:00,8.35,
2022-07-02 14:15:00,8.24,
2022-07-02 14:30:00,8.26,
2022-07-02 14:45:00,8.21,
2022-07-02 15:00:00,8.07,
2022-07-02 15:15:00,8.04,
2022-07-02 15:30:00,8.07,
2022-07-02 15:45:00,8.07,
2022-07-02 16:00:00,8.13,
2022-07-02 16:15:00,8.02,
2022-07-02 16:30:00,8.05,
2022-07-02 16:45:00,8.04,
2022-07-02 17:00:00,8.04,
2022-07-02 17:15:00,8.02,
2022-07-02 17:30:00,8.01,
2022-07-02 17:45:00,8.0,
2022-07-02 18:00:00,7.99,
2022-07-02 18:15:00,7.97,
2022-07-02 18:30:00,7.95,
2022-07-02 18:45:00,7.92,
2022-07-02 19:00:00,7.92,
2022-07-02 19:15:00,7.95,
2022-07-02 19:30:00,7.98,
2022-07-02 19:45:00,8.02,
2022-07-02 20:00:00,8.05,
2022-07-02 20:15:00,8.09,
2022-07-02 20:30:00,8.13,
2022-07-02 20:45:00,8.17,
2022-07-02 21:00:00,8.21,
2022-07-02 21:15:00,8.26,
2022-07-02 21:30:00,8.3,
2022-07-02 21:45:00,8.34,
2022-07-02 22:00:00,8.38,
2022-07-02 22:15:00,8.42,
2022-07-02 22:30:00,8.46,
2022-07-02 22:45:00,8.5,
2022-07-02 23:00:00,8.54,
2022-07-02 23:15:00,8.57,
2022-07-02 23:30:00,8.61,
2022-07-02 23:45:00,8.64,
2022-07-03 00:00:00,8.68,
2022-07-03 00:15:00,8.71,
2022-07-03 00:30:00,8.76,
2022-07-03 00:45:00,8.79,
2022-07-03 01:00:00,8.83,
2022-07-03 01:15:00,8.86,
2022-07-03 01:30:00,8.91,
2022-07-03 01:45:00,8.93,
2022-07-03 02:00:00,8.96,
2022-07-03 02:15:00,8.99,
2022-07-03 02:30:00,9.02,
2022-07-03 02:45:00,9.04,
2022-07-03 03:00:00,9.06,
2022-07-03 03:15:00,9.08,
2022-07-03 03:30:00,9.09,
2022-07-03 03:45:00,9.11,
2022-07-03 04:00:00,9.12,
2022-07-03 04:15:00,9.14,
2022-07-03 04:30:00,9.16,
2022-07-03 04:45:00,9.17,
2022-07-03 05:00:00,9.2,
2022-07-03 05:15:00,9.22,
2022-07-03 05:30:00,9.25,
2022-07-03 05:45:00,9.28,
2022-07-03 06:00:00,9.31,
2022-07-03 06:15:00,9.34,
2022-07-03 06:30:00,9.36,
2022-07-03 06:45:00,9.39,
2022-07-03 07:00:00,9.43,
2022-07-03 07:15:00,9.45,
2022-07-03 07:30:00,9.47,
2022-07-03 07:45:00,9.49,
2022-07-03 08:00:00,9.5,
2022-07-03 08:15:00,9.48,
2022-07-03 08:30:00,9.46,
2022-07-03 08:45:00,9.43,
2022-07-03 09:00:00,9.39,
2022-07-03 09:15:00,9.34,
2022-07-03 09:30:00,9.29,
2022-07-03 09:45:00,9.24,
2022-07-03 10:00:00,9.19,
2022-07-03 10:15:00,9.14,
2022-07-03 10:30:00,9.08,
2022-07-03 10:45:00,9.03,
2022-07-03 11:00:00,8.97,
2022-07-03 11:15:00,8.92,
2022-07-03 11:30:00,8.86,
2022-07-03 11:45:00,8.8,
2022-07-03 12:00:00,8.74,
2022-07-03 12:15:00,8.69,
2022-07-03 12:30:00,8.64,
2022-07-03 12:45:00,8.58,
2022-07-03 13:00:00,8.52,
2022-07-03 13:15:00,8.46,
2022-07-03 13:30:00,8.42,
2022-07-03 13:45:00,8.36,
2022-07-03 14:00:00,8.32,
2022-07-03 14:15:00,8.27,
2022-07-03 14:30:00,8.23,
2022-07-03 14:45:00,8.2,
2022-07-03 15:00:00,8.16,
2022-07-03 15:15:00,8.12,
2022-07-03 15:30:00,8.09,
2022-07-03 15:45:00,8.06,
2022-07-03 16:00:00,8.03,
2022-07-03 16:15:00,8.0,
2022-07-03 16:30:00,7.98,
2022-07-03 16:45:00,7.96,
2022-07-03 17:00:00,7.94,
2022-07-03 17:15:00,7.93,
2022-07-03 17:30:00,7.91,
2022-07-03 17:45:00,7.9,
2022-07-03 18:00:00,7.89,
2022-07-03 18:15:00,7.88,
2022-07-03 18:30:00,7.87,
2022-07-03 18:45:00,7.85,
2022-07-03 19:00:00,7.86,
2022-07-03 19:15:00,7.89,
2022-07-03 19:30:00,7.93,
2022-07-03 19:45:00,7.96,
2022-07-03 20:00:00,8.0,
2022-07-03 20:15:00,8.02,
2022-07-03 20:30:00,8.07,
2022-07-03 20:45:00,8.12,
2022-07-03 21:00:00,8.17,
2022-07-03 21:15:00,8.22,
2022-07-03 21:30:00,8.27,
2022-07-03 21:45:00,8.33,
2022-07-03 22:00:00,8.38,
2022-07-03 22:15:00,8.42,
2022-07-03 22:30:00,8.48,
2022-07-03 22:45:00,8.53,
2022-07-03 23:00:00,8.58,
2022-07-03 23:15:00,8.63,
2022-07-03 23:30:00,8.68,
2022-07-03 23:45:00,8.72,
2022-07-04 00:00:00,8.77,
2022-07-04 00:15:00,8.81,
2022-07-04 00:30:00,8.86,
2022-07-04 00:45:00,8.9,
2022-07-04 01:00:00,8.93,
2022-07-04 01:15:00,8.97,
2022-07-04 01:30:00,9.01,
2022-07-04 01:45:00,9.05,
2022-07-04 02:00:00,9.08,
2022-07-04 02:15:00,9.11,
2022-07-04 02:30:00,9.14,
2022-07-04 02:45:00,9.16,
2022-07-04 03:00:00,9.19,
2022-07-04 03:15:00,9.22,
2022-07-04 03:30:00,9.24,
2022-07-04 03:45:00,9.27,
2022-07-04 04:00:00,9.29,
2022-07-04 04:15:00,9.31,
2022-07-04 04:30:00,9.33,
2022-07-04 04:45:00,9.35,
2022-07-04 05:00:00,9.37,
2022-07-04 05:15:00,9.4,
2022-07-04 05:30:00,9.43,
2022-07-04 05:45:00,9.47,
2022-07-04 06:00:00,9.49,
2022-07-04 06:15:00,9.52,
2022-07-04 06:30:00,9.54,
2022-07-04 06:45:00,9.56,
2022-07-04 07:00:00,9.59,
2022-07-04 07:15:00,9.61,
2022-07-04 07:30:00,9.62,
2022-07-04 07:45:00,9.63,
2022-07-04 08:00:00,9.64,
2022-07-04 08:15:00,9.62,
2022-07-04 08:30:00,9.59,
2022-07-04 08:45:00,9.55,
2022-07-04 09:00:00,9.51,
2022-07-04 09:15:00,9.46,
2022-07-04 09:30:00,9.42,
2022-07-04 09:45:00,9.36,
2022-07-04 10:00:00,9.3,
2022-07-04 10:15:00,9.25,
2022-07-04 10:30:00,9.19,
2022-07-04 10:45:00,9.14,
2022-07-04 11:00:00,9.08,
2022-07-04 11:15:00,9.02,
2022-07-04 11:30:00,8.96,
2022-07-04 11:45:00,8.91,
2022-07-04 12:00:00,8.85,
2022-07-04 12:15:00,8.79,
2022-07-04 12:30:00,8.74,
2022-07-04 12:45:00,8.68,
2022-07-04 13:00:00,8.62,
2022-07-04 13:15:00,8.56,
2022-07-04 13:30:00,8.51,
2022-07-04 13:45:00,8.46,
2022-07-04 14:00:00,8.41,
2022-07-04 14:15:00,8.36,
2022-07-04 14:30:00,8.3,
2022-07-04 14:45:00,8.26,
2022-07-04 15:00:00,8.23,
2022-07-04 15:15:00,8.2,
2022-07-04 15:30:00,8.16,
2022-07-04 15:45:00,8.13,
2022-07-04 16:00:00,8.1,
2022-07-04 16:15:00,8.07,
2022-07-04 16:30:00,8.05,
2022-07-04 16:45:00,8.02,
2022-07-04 17:00:00,8.0,
2022-07-04 17:15:00,7.99,
2022-07-04 17:30:00,7.97,
2022-07-04 17:45:00,7.95,
2022-07-04 18:00:00,7.94,
2022-07-04 18:15:00,7.93,
2022-07-04 18:30:00,7.93,
2022-07-04 18:45:00,7.89,
2022-07-04 19:00:00,7.91,
2022-07-04 19:15:00,7.94,
2022-07-04 19:30:00,7.97,
2022-07-04 19:45:00,8.01,
2022-07-04 20:00:00,8.05,
2022-07-04 20:15:00,8.09,
2022-07-04 20:30:00,8.13,
2022-07-04 20:45:00,8.18,
2022-07-04 21:00:00,8.24,
2022-07-04 21:15:00,8.29,
2022-07-04 21:30:00,8.34,
2022-07-04 21:45:00,8.4,
2022-07-04 22:00:00,8.45,
2022-07-04 22:15:00,8.49,
2022-07-04 22:30:00,8.55,
2022-07-04 22:45:00,8.59,
2022-07-04 23:00:00,8.65,
2022-07-04 23:15:00,8.69,
2022-07-04 23:30:00,8.74,
2022-07-04 23:45:00,8.79,
2022-07-05 00:00:00,8.83,
2022-07-05 00:15:00,8.88,
2022-07-05 00:30:00,8.92,
2022-07-05 00:45:00,8.96,
2022-07-05 01:00:00,9.0,
2022-07-05 01:15:00,9.04,
2022-07-05 01:30:00,9.07,
2022-07-05 01:45:00,9.11,
2022-07-05 02:00:00,9.14,
2022-07-05 02:15:00,9.17,
2022-07-05 02:30:00,9.2,
2022-07-05 02:45:00,9.24,
2022-07-05 03:00:00,9.26,
2022-07-05 03:15:00,9.29,
2022-07-05 03:30:00,9.31,
2022-07-05 03:45:00,9.34,
2022-07-05 04:00:00,9.35,
2022-07-05 04:15:00,9.38,
2022-07-05 04:30:00,9.4,
2022-07-05 04:45:00,9.42,
2022-07-05 05:00:00,9.44,
2022-07-05 05:15:00,9.48,
2022-07-05 05:30:00,9.51,
2022-07-05 05:45:00,9.53,
2022-07-05 06:00:00,9.57,
2022-07-05 06:15:00,9.59,
2022-07-05 06:30:00,9.61,
2022-07-05 06:45:00,9.64,
2022-07-05 07:00:00,9.67,
2022-07-05 07:15:00,9.69,
2022-07-05 07:30:00,9.71,
2022-07-05 07:45:00,9.72,
2022-07-05 08:00:00,9.72,
2022-07-05 08:15:00,9.71,
2022-07-05 08:30:00,9.67,
2022-07-05 08:45:00,9.63,
2022-07-05 09:00:00,9.59,
2022-07-05 09:15:00,9.53,
2022-07-05 09:30:00,9.48,
2022-07-05 09:45:00,9.42,
2022-07-05 10:00:00,9.36,
2022-07-05 10:15:00,9.3,
2022-07-05 10:30:00,9.24,
2022-07-05 10:45:00,9.19,
2022-07-05 11:00:00,9.12,
2022-07-05 11:15:00,9.06,
2022-07-05 11:30:00,8.99,
2022-07-05 11:45:00,8.93,
2022-07-05 12:00:00,8.87,
2022-07-05 12:15:00,8.81,
2022-07-05 12:30:00,8.75,
2022-07-05 12:45:00,8.68,
2022-07-05 13:00:00,8.63,
2022-07-05 13:15:00,8.57,
2022-07-05 13:30:00,8.51,
2022-07-05 13:45:00,8.45,
2022-07-05 14:00:00,8.4,
2022-07-05 14:15:00,8.36,
2022-07-05 14:30:00,8.31,
2022-07-05 14:45:00,8.27,
2022-07-05 15:00:00,8.23,
2022-07-05 15:15:00,8.19,
2022-07-05 15:30:00,8.15,
2022-07-05 15:45:00,8.12,
2022-07-05 16:00:00,8.08,
2022-07-05 16:15:00,8.05,
2022-07-05 16:30:00,8.03,
2022-07-05 16:45:00,8.01,
2022-07-05 17:00:00,7.99,
2022-07-05 17:15:00,7.97,
2022-07-05 17:30:00,7.95,
2022-07-05 17:45:00,7.93,
2022-07-05 18:00:00,7.91,
2022-07-05 18:15:00,7.9,
2022-07-05 18:30:00,7.89,
2022-07-05 18:45:00,7.86,
2022-07-05 19:00:00,7.87,
2022-07-05 19:15:00,7.9,
2022-07-05 19:30:00,7.93,
2022-07-05 19:45:00,7.97,
2022-07-05 20:00:00,8.01,
2022-07-05 20:15:00,8.04,
2022-07-05 20:30:00,8.09,
2022-07-05 20:45:00,8.14,
2022-07-05 21:00:00,8.2,
2022-07-05 21:15:00,8.25,
2022-07-05 21:30:00,8.31,
2022-07-05 21:45:00,8.36,
2022-07-05 22:00:00,8.41,
2022-07-05 22:15:00,8.45,
2022-07-05 22:30:00,8.51,
2022-07-05 22:45:00,8.55,
2022-07-05 23:00:00,8.6,
2022-07-05 23:15:00,8.64,
2022-07-05 23:30:00,8.69,
2022-07-05 23:45:00,8.73,
2022-07-06 00:00:00,8.77,
2022-07-06 00:15:00,8.81,
2022-07-06 00:30:00,8.85,
2022-07-06 00:45:00,8.89,
2022-07-06 01:00:00,8.93,
2022-07-06 01:15:00,8.96,
2022-07-06 01:30:00,8.99,
2022-07-06 01:45:00,9.03,
2022-07-06 02:00:00,9.06,
2022-07-06 02:15:00,9.07,
2022-07-06 02:30:00,9.11,
2022-07-06 02:45:00,9.13,
2022-07-06 03:00:00,9.16,
2022-07-06 03:15:00,9.19,
2022-07-06 03:30:00,9.2,
2022-07-06 03:45:00,9.23,
2022-07-06 04:00:00,9.25,
2022-07-06 04:15:00,9.27,
2022-07-06 04:30:00,9.28,
2022-07-06 04:45:00,9.3,
2022-07-06 05:00:00,9.33,
2022-07-06 05:15:00,9.35,
2022-07-06 05:30:00,9.39,
2022-07-06 05:45:00,9.42,
2022-07-06 06:00:00,9.44,
2022-07-06 06:15:00,9.48,
2022-07-06 06:30:00,9.51,
2022-07-06 06:45:00,9.53,
2022-07-06 07:00:00,9.56,
2022-07-06 07:15:00,9.59,
2022-07-06 07:30:00,9.6,
2022-07-06 07:45:00,9.6,
2022-07-06 08:00:00,9.61,
2022-07-06 08:15:00,9.6,
2022-07-06 08:30:00,9.58,
2022-07-06 08:45:00,9.53,
2022-07-06 09:00:00,9.48,
2022-07-06 09:15:00,9.43,
2022-07-06 09:30:00,9.37,
2022-07-06 09:45:00,9.31,
2022-07-06 10:00:00,9.25,
2022-07-06 10:15:00,9.19,
2022-07-06 10:30:00,9.13,
2022-07-06 10:45:00,9.07,
2022-07-06 11:00:00,9.01,
2022-07-06 11:15:00,8.95,
2022-07-06 11:30:00,8.89,
2022-07-06 11:45:00,8.83,
2022-07-06 12:00:00,8.78,
2022-07-06 12:15:00,8.71,
2022-07-06 12:30:00,8.66,
2022-07-06 12:45:00,8.6,
2022-07-06 13:00:00,8.55,
2022-07-06 13:15:00,8.49,
2022-07-06 13:30:00,8.42,
2022-07-06 13:45:00,8.37,
2022-07-06 14:00:00,8.32,
2022-07-06 14:15:00,8.18,
2022-07-06 14:30:00,8.13,
2022-07-06 14:45:00,8.07,
2022-07-06 15:00:00,8.12,
2022-07-06 15:15:00,8.14,
2022-07-06 15:30:00,8.11,
2022-07-06 15:45:00,8.07,
2022-07-06 16:00:00,8.03,
2022-07-06 16:15:00,8.0,
2022-07-06 16:30:00,7.99,
2022-07-06 16:45:00,7.97,
2022-07-06 17:00:00,7.92,
2022-07-06 17:15:00,7.9,
2022-07-06 17:30:00,7.89,
2022-07-06 17:45:00,7.89,
2022-07-06 18:00:00,7.87,
2022-07-06 18:15:00,7.85,
2022-07-06 18:30:00,7.85,
2022-07-06 18:45:00,7.82,
2022-07-06 19:00:00,7.82,
2022-07-06 19:15:00,7.84,
2022-07-06 19:30:00,7.87,
2022-07-06 19:45:00,7.91,
2022-07-06 20:00:00,7.96,
2022-07-06 20:15:00,8.0,
2022-07-06 20:30:00,8.05,
2022-07-06 20:45:00,8.09,
2022-07-06 21:00:00,8.14,
2022-07-06 21:15:00,8.2,
2022-07-06 21:30:00,8.26,
2022-07-06 21:45:00,8.31,
2022-07-06 22:00:00,8.35,
2022-07-06 22:15:00,8.41,
2022-07-06 22:30:00,8.46,
2022-07-06 22:45:00,8.5,
2022-07-06 23:00:00,8.55,
2022-07-06 23:15:00,8.6,
2022-07-06 23:30:00,8.64,
2022-07-06 23:45:00,8.68,
2022-07-07 00:00:00,8.73,
2022-07-07 00:15:00,8.77,
2022-07-07 00:30:00,8.81,
2022-07-07 00:45:00,8.85,
2022-07-07 01:00:00,8.88,
2022-07-07 01:15:00,8.92,
2022-07-07 01:30:00,8.96,
2022-07-07 01:45:00,8.99,
2022-07-07 02:00:00,9.03,
2022-07-07 02:15:00,9.06,
2022-07-07 02:30:00,9.09,
2022-07-07 02:45:00,9.12,
2022-07-07 03:00:00,9.15,
2022-07-07 03:15:00,9.17,
2022-07-07 03:30:00,9.2,
2022-07-07 03:45:00,9.22,
2022-07-07 04:00:00,9.25,
2022-07-07 04:15:00,9.27,
2022-07-07 04:30:00,9.29,
2022-07-07 04:45:00,9.31,
2022-07-07 05:00:00,9.34,
2022-07-07 05:15:00,9.36,
2022-07-07 05:30:00,9.38,
2022-07-07 05:45:00,9.42,
2022-07-07 06:00:00,9.45,
2022-07-07 06:15:00,9.47,
2022-07-07 06:30:00,9.5,
2022-07-07 06:45:00,9.52,
2022-07-07 07:00:00,9.55,
2022-07-07 07:15:00,9.58,
2022-07-07 07:30:00,9.6,
2022-07-07 07:45:00,9.61,
2022-07-07 08:00:00,9.62,
2022-07-07 08:15:00,9.6,
2022-07-07 08:30:00,9.58,
2022-07-07 08:45:00,9.54,
2022-07-07 09:00:00,9.5,
2022-07-07 09:15:00,9.45,
2022-07-07 09:30:00,9.4,
2022-07-07 09:45:00,9.34,
2022-07-07 10:00:00,9.27,
2022-07-07 10:15:00,9.21,
2022-07-07 10:30:00,9.15,
2022-07-07 10:45:00,9.09,
2022-07-07 11:00:00,9.03,
2022-07-07 11:15:00,8.97,
2022-07-07 11:30:00,8.91,
2022-07-07 11:45:00,8.85,
2022-07-07 12:00:00,8.79,
2022-07-07 12:15:00,8.74,
2022-07-07 12:30:00,8.68,
2022-07-07 12:45:00,8.63,
2022-07-07 13:00:00,8.58,
2022-07-07 13:15:00,8.52,
2022-07-07 13:30:00,8.47,
2022-07-07 13:45:00,8.42,
2022-07-07 14:00:00,8.36,
2022-07-07 14:15:00,8.32,
2022-07-07 14:30:00,8.27,
2022-07-07 14:45:00,8.24,
2022-07-07 15:00:00,8.2,
2022-07-07 15:15:00,8.16,
2022-07-07 15:30:00,8.11,
2022-07-07 15:45:00,8.09,
2022-07-07 16:00:00,8.05,
2022-07-07 16:15:00,8.02,
2022-07-07 16:30:00,8.0,
2022-07-07 16:45:00,7.98,
2022-07-07 17:00:00,7.97,
2022-07-07 17:15:00,7.94,
2022-07-07 17:30:00,7.92,
2022-07-07 17:45:00,7.9,
2022-07-07 18:00:00,7.88,
2022-07-07 18:15:00,7.87,
2022-07-07 18:30:00,7.86,
2022-07-07 18:45:00,7.82,
2022-07-07 19:00:00,7.83,
2022-07-07 19:15:00,7.86,
2022-07-07 19:30:00,7.9,
2022-07-07 19:45:00,7.94,
2022-07-07 20:00:00,7.98,
2022-07-07 20:15:00,8.01,
2022-07-07 20:30:00,8.05,
2022-07-07 20:45:00,8.09,
2022-07-07 21:00:00,8.15,
2022-07-07 21:15:00,8.2,
2022-07-07 21:30:00,8.26,
2022-07-07 21:45:00,8.31,
2022-07-07 22:00:00,8.36,
2022-07-07 22:15:00,8.41,
2022-07-07 22:30:00,8.46,
2022-07-07 22:45:00,8.51,
2022-07-07 23:00:00,8.57,
2022-07-07 23:15:00,8.61,
2022-07-07 23:30:00,8.66,
2022-07-07 23:45:00,8.71,
2022-07-08 00:00:00,8.76,
2022-07-08 00:15:00,8.8,
2022-07-08 00:30:00,8.84,
2022-07-08 00:45:00,8.89,
2022-07-08 01:00:00,8.93,
2022-07-08 01:15:00,8.97,
2022-07-08 01:30:00,9.0,
2022-07-08 01:45:00,9.04,
2022-07-08 02:00:00,9.07,
2022-07-08 02:15:00,9.11,
2022-07-08 02:30:00,9.14,
2022-07-08 02:45:00,9.17,
2022-07-08 03:00:00,9.2,
2022-07-08 03:15:00,9.23,
2022-07-08 03:30:00,9.26,
2022-07-08 03:45:00,9.29,
2022-07-08 04:00:00,9.31,
2022-07-08 04:15:00,9.34,
2022-07-08 04:30:00,9.36,
2022-07-08 04:45:00,9.38,
2022-07-08 05:00:00,9.41,
2022-07-08 05:15:00,9.44,
2022-07-08 05:30:00,9.47,
2022-07-08 05:45:00,9.5,
2022-07-08 06:00:00,9.53,
2022-07-08 06:15:00,9.55,
2022-07-08 06:30:00,9.58,
2022-07-08 06:45:00,9.6,
2022-07-08 07:00:00,9.63,
2022-07-08 07:15:00,9.66,
2022-07-08 07:30:00,9.67,
2022-07-08 07:45:00,9.68,
2022-07-08 08:00:00,9.69,
2022-07-08 08:15:00,9.67,
2022-07-08 08:30:00,9.64,
2022-07-08 08:45:00,9.61,
2022-07-08 09:00:00,9.56,
2022-07-08 09:15:00,9.51,
2022-07-08 09:30:00,9.46,
2022-07-08 09:45:00,9.38,LI
2022-07-08 10:00:00,9.3,LI
2022-07-08 10:15:00,9.22,
2022-07-08 10:30:00,9.16,
2022-07-08 10:45:00,9.09,
2022-07-08 11:00:00,9.03,
2022-07-08 11:15:00,8.97,
2022-07-08 11:30:00,8.9,
2022-07-08 11:45:00,8.83,
2022-07-08 12:00:00,8.78,
2022-07-08 12:15:00,8.72,
2022-07-08 12:30:00,8.66,
2022-07-08 12:45:00,8.6,
2022-07-08 13:00:00,8.55,
2022-07-08 13:15:00,8.49,
2022-07-08 13:30:00,8.44,
2022-07-08 13:45:00,8.39,
2022-07-08 14:00:00,8.34,
2022-07-08 14:15:00,8.3,
2022-07-08 14:30:00,8.25,
2022-07-08 14:45:00,8.21,
2022-07-08 15:00:00,8.17,
2022-07-08 15:15:00,8.12,
2022-07-08 15:30:00,8.09,
2022-07-08 15:45:00,8.05,
2022-07-08 16:00:00,8.02,
2022-07-08 16:15:00,7.98,
2022-07-08 16:30:00,7.96,
2022-07-08 16:45:00,7.94,
2022-07-08 17:00:00,7.92,
2022-07-08 17:15:00,7.9,
2022-07-08 17:30:00,7.88,
2022-07-08 17:45:00,7.86,
2022-07-08 18:00:00,7.84,
2022-07-08 18:15:00,7.82,
2022-07-08 18:30:00,7.81,
2022-07-08 18:45:00,7.76,
2022-07-08 19:00:00,7.77,
2022-07-08 19:15:00,7.79,
2022-07-08 19:30:00,7.81,
2022-07-08 19:45:00,7.85,
2022-07-08 20:00:00,7.88,
2022-07-08 20:15:00,7.91,
2022-07-08 20:30:00,7.95,
2022-07-08 20:45:00,8.0,
2022-07-08 21:00:00,8.05,
2022-07-08 21:15:00,8.11,
2022-07-08 21:30:00,8.16,
2022-07-08 21:45:00,8.21,
2022-07-08 22:00:00,8.26,
2022-07-08 22:15:00,8.31,
2022-07-08 22:30:00,8.35,
2022-07-08 22:45:00,8.4,
2022-07-08 23:00:00,8.45,
2022-07-08 23:15:00,8.49,
2022-07-08 23:30:00,8.54,
2022-07-08 23:45:00,8.58,
2022-07-09 00:00:00,8.62,
2022-07-09 00:15:00,8.66,
2022-07-09 00:30:00,8.7,
2022-07-09 00:45:00,8.75,
2022-07-09 01:00:00,8.78,
2022-07-09 01:15:00,8.82,
2022-07-09 01:30:00,8.86,
2022-07-09 01:45:00,8.9,
2022-07-09 02:00:00,8.93,
2022-07-09 02:15:00,8.97,
2022-07-09 02:30:00,9.0,
2022-07-09 02:45:00,9.03,
2022-07-09 03:00:00,9.06,
2022-07-09 03:15:00,9.09,
2022-07-09 03:30:00,9.11,
2022-07-09 03:45:00,9.13,
2022-07-09 04:00:00,9.16,
2022-07-09 04:15:00,9.18,
2022-07-09 04:30:00,9.21,
2022-07-09 04:45:00,9.22,
2022-07-09 05:00:00,9.25,
2022-07-09 05:15:00,9.27,
2022-07-09 05:30:00,9.31,
2022-07-09 05:45:00,9.33,
2022-07-09 06:00:00,9.36,
2022-07-09 06:15:00,9.39,
2022-07-09 06:30:00,9.42,
2022-07-09 06:45:00,9.44,
2022-07-09 07:00:00,9.48,
2022-07-09 07:15:00,9.51,
2022-07-09 07:30:00,9.54,
2022-07-09 07:45:00,9.54,
2022-07-09 08:00:00,9.53,
2022-07-09 08:15:00,9.53,
2022-07-09 08:30:00,9.5,
2022-07-09 08:45:00,9.47,
2022-07-09 09:00:00,9.42,
2022-07-09 09:15:00,9.38,
2022-07-09 09:30:00,9.34,
2022-07-09 09:45:00,9.28,
2022-07-09 10:00:00,9.22,
2022-07-09 10:15:00,9.16,
2022-07-09 10:30:00,9.1,
2022-07-09 10:45:00,9.04,
2022-07-09 11:00:00,8.98,
2022-07-09 11:15:00,8.92,
2022-07-09 11:30:00,8.86,
2022-07-09 11:45:00,8.8,
2022-07-09 12:00:00,8.73,
2022-07-09 12:15:00,8.68,
2022-07-09 12:30:00,8.61,
2022-07-09 12:45:00,8.55,
2022-07-09 13:00:00,8.5,
2022-07-09 13:15:00,8.45,
2022-07-09 13:30:00,8.39,
2022-07-09 13:45:00,8.34,
2022-07-09 14:00:00,8.29,
2022-07-09 14:15:00,8.24,
2022-07-09 14:30:00,8.2,
2022-07-09 14:45:00,8.15,
2022-07-09 15:00:00,8.12,
2022-07-09 15:15:00,8.08,
2022-07-09 15:30:00,8.05,
2022-07-09 15:45:00,8.01,
2022-07-09 16:00:00,7.98,
2022-07-09 16:15:00,7.95,
2022-07-09 16:30:00,7.93,
2022-07-09 16:45:00,7.91,
2022-07-09 17:00:00,7.89,
2022-07-09 17:15:00,7.85,
2022-07-09 17:30:00,7.84,
2022-07-09 17:45:00,7.82,
2022-07-09 18:00:00,7.8,
2022-07-09 18:15:00,7.78,
2022-07-09 18:30:00,7.75,
2022-07-09 18:45:00,7.72,
2022-07-09 19:00:00,7.75,
2022-07-09 19:15:00,7.79,
2022-07-09 19:30:00,7.8,
2022-07-09 19:45:00,7.81,
2022-07-09 20:00:00,7.84,
2022-07-09 20:15:00,7.86,
2022-07-09 20:30:00,7.89,
2022-07-09 20:45:00,7.94,
2022-07-09 21:00:00,7.99,
2022-07-09 21:15:00,8.04,
2022-07-09 21:30:00,8.1,
2022-07-09 21:45:00,8.15,
2022-07-09 22:00:00,8.2,
2022-07-09 22:15:00,8.26,
2022-07-09 22:30:00,8.3,
2022-07-09 22:45:00,8.35,
2022-07-09 23:00:00,8.4,
2022-07-09 23:15:00,8.45,
2022-07-09 23:30:00,8.49,
2022-07-09 23:45:00,8.54,
2022-07-10 00:00:00,8.59,
2022-07-10 00:15:00,8.63,
2022-07-10 00:30:00,8.67,
2022-07-10 00:45:00,8.71,
2022-07-10 01:00:00,8.75,
2022-07-10 01:15:00,8.79,
2022-07-10 01:30:00,8.83,
2022-07-10 01:45:00,8.86,
2022-07-10 02:00:00,8.9,
2022-07-10 02:15:00,8.93,
2022-07-10 02:30:00,8.97,
2022-07-10 02:45:00,9.0,
2022-07-10 03:00:00,9.03,
2022-07-10 03:15:00,9.06,
2022-07-10 03:30:00,9.08,
2022-07-10 03:45:00,9.1,
2022-07-10 04:00:00,9.13,
2022-07-10 04:15:00,9.15,
2022-07-10 04:30:00,9.17,
2022-07-10 04:45:00,9.19,
2022-07-10 05:00:00,9.22,
2022-07-10 05:15:00,9.24,
2022-07-10 05:30:00,9.28,
2022-07-10 05:45:00,9.32,
2022-07-10 06:00:00,9.34,
2022-07-10 06:15:00,9.37,
2022-07-10 06:30:00,9.4,
2022-07-10 06:45:00,9.43,
2022-07-10 07:00:00,9.45,
2022-07-10 07:15:00,9.48,
2022-07-10 07:30:00,9.5,
2022-07-10 07:45:00,9.52,
2022-07-10 08:00:00,9.53,
2022-07-10 08:15:00,9.52,
2022-07-10 08:30:00,9.49,
2022-07-10 08:45:00,9.46,
2022-07-10 09:00:00,9.42,
2022-07-10 09:15:00,9.38,
2022-07-10 09:30:00,9.33,
2022-07-10 09:45:00,9.27,
2022-07-10 10:00:00,9.21,
2022-07-10 10:15:00,9.15,
2022-07-10 10:30:00,9.1,
2022-07-10 10:45:00,9.03,
2022-07-10 11:00:00,8.97,
2022-07-10 11:15:00,8.91,
2022-07-10 11:30:00,8.84,
2022-07-10 11:45:00,8.79,
2022-07-10 12:00:00,8.73,
2022-07-10 12:15:00,8.67,
2022-07-10 12:30:00,8.61,
2022-07-10 12:45:00,8.56,
2022-07-10 13:00:00,8.5,
2022-07-10 13:15:00,8.46,
2022-07-10 13:30:00,8.41,
2022-07-10 13:45:00,8.36,
2022-07-10 14:00:00,8.32,
2022-07-10 14:15:00,8.27,
2022-07-10 14:30:00,8.22,
2022-07-10 14:45:00,8.18,
2022-07-10 15:00:00,8.14,
2022-07-10 15:15:00,8.1,
2022-07-10 15:30:00,8.06,
2022-07-10 15:45:00,8.02,
2022-07-10 16:00:00,7.98,
2022-07-10 16:15:00,7.94,
2022-07-10 16:30:00,7.91,
2022-07-10 16:45:00,7.89,
2022-07-10 17:00:00,7.87,
2022-07-10 17:15:00,7.84,
2022-07-10 17:30:00,7.82,
2022-07-10 17:45:00,7.8,
2022-07-10 18:00:00,7.78,
2022-07-10 18:15:00,7.75,
2022-07-10 18:30:00,7.74,
2022-07-10 18:45:00,7.7,
2022-07-10 19:00:00,7.71,
2022-07-10 19:15:00,7.73,
2022-07-10 19:30:00,7.76,
2022-07-10 19:45:00,7.79,
2022-07-10 20:00:00,7.82,
2022-07-10 20:15:00,7.85,
2022-07-10 20:30:00,7.89,
2022-07-10 20:45:00,7.93,
2022-07-10 21:00:00,7.98,
2022-07-10 21:15:00,8.04,
2022-07-10 21:30:00,8.09,
2022-07-10 21:45:00,8.14,
2022-07-10 22:00:00,8.19,
2022-07-10 22:15:00,8.23,
2022-07-10 22:30:00,8.28,
2022-07-10 22:45:00,8.33,
2022-07-10 23:00:00,8.37,
2022-07-10 23:15:00,8.42,
2022-07-10 23:30:00,8.46,
2022-07-10 23:45:00,8.51,
2022-07-11 00:00:00,8.55,
2022-07-11 00:15:00,8.59,
2022-07-11 00:30:00,8.64,
2022-07-11 00:45:00,8.69,
2022-07-11 01:00:00,8.73,
2022-07-11 01:15:00,8.76,
2022-07-11 01:30:00,8.8,
2022-07-11 01:45:00,8.84,
2022-07-11 02:00:00,8.88,
2022-07-11 02:15:00,8.92,
2022-07-11 02:30:00,8.95,
2022-07-11 02:45:00,8.98,
2022-07-11 03:00:00,9.02,
2022-07-11 03:15:00,9.05,
2022-07-11 03:30:00,9.08,
2022-07-11 03:45:00,9.12,
2022-07-11 04:00:00,9.14,
2022-07-11 04:15:00,9.17,
2022-07-11 04:30:00,9.2,
2022-07-11 04:45:00,9.22,
2022-07-11 05:00:00,9.25,
2022-07-11 05:15:00,9.28,
2022-07-11 05:30:00,9.32,
2022-07-11 05:45:00,9.35,
2022-07-11 06:00:00,9.39,
2022-07-11 06:15:00,9.42,
2022-07-11 06:30:00,9.45,
2022-07-11 06:45:00,9.48,
2022-07-11 07:00:00,9.51,
2022-07-11 07:15:00,9.55,
2022-07-11 07:30:00,9.56,
2022-07-11 07:45:00,9.58,
2022-07-11 08:00:00,9.59,
2022-07-11 08:15:00,9.59,
2022-07-11 08:30:00,9.56,
2022-07-11 08:45:00,9.53,
2022-07-11 09:00:00,9.49,
2022-07-11 09:15:00,9.45,
2022-07-11 09:30:00,9.4,
2022-07-11 09:45:00,9.34,
2022-07-11 10:00:00,9.28,
2022-07-11 10:15:00,9.22,
2022-07-11 10:30:00,9.16,
2022-07-11 10:45:00,9.1,
2022-07-11 11:00:00,9.03,
2022-07-11 11:15:00,8.96,
2022-07-11 11:30:00,8.9,
2022-07-11 11:45:00,8.83,
2022-07-11 12:00:00,8.76,
2022-07-11 12:15:00,8.7,
2022-07-11 12:30:00,8.64,
2022-07-11 12:45:00,8.58,
2022-07-11 13:00:00,8.51,
2022-07-11 13:15:00,8.46,
2022-07-11 13:30:00,8.4,
2022-07-11 13:45:00,8.35,
2022-07-11 14:00:00,8.3,
2022-07-11 14:15:00,8.26,
2022-07-11 14:30:00,8.21,
2022-07-11 14:45:00,8.16,
2022-07-11 15:00:00,8.12,
2022-07-11 15:15:00,8.08,
2022-07-11 15:30:00,8.05,
2022-07-11 15:45:00,8.01,
2022-07-11 16:00:00,7.97,
2022-07-11 16:15:00,7.93,
2022-07-11 16:30:00,7.9,
2022-07-11 16:45:00,7.88,
2022-07-11 17:00:00,7.87,
2022-07-11 17:15:00,7.84,
2022-07-11 17:30:00,7.82,
2022-07-11 17:45:00,7.8,
2022-07-11 18:00:00,7.77,
2022-07-11 18:15:00,7.75,
2022-07-11 18:30:00,7.73,
2022-07-11 18:45:00,7.68,
2022-07-11 19:00:00,7.69,
2022-07-11 19:15:00,7.71,
2022-07-11 19:30:00,7.74,
2022-07-11 19:45:00,7.78,
2022-07-11 20:00:00,7.81,
2022-07-11 20:15:00,7.85,
2022-07-11 20:30:00,7.89,
2022-07-11 20:45:00,7.94,
2022-07-11 21:00:00,7.99,
2022-07-11 21:15:00,8.04,
2022-07-11 21:30:00,8.09,
2022-07-11 21:45:00,8.15,
2022-07-11 22:00:00,8.19,
2022-07-11 22:15:00,8.24,
2022-07-11 22:30:00,8.29,
2022-07-11 22:45:00,8.34,
2022-07-11 23:00:00,8.39,
2022-07-11 23:15:00,8.43,
2022-07-11 23:30:00,8.47,
2022-07-11 23:45:00,8.52,
2022-07-12 00:00:00,8.56,
2022-07-12 00:15:00,8.6,
2022-07-12 00:30:00,8.64,
2022-07-12 00:45:00,8.68,
2022-07-12 01:00:00,8.72,
2022-07-12 01:15:00,8.76,
2022-07-12 01:30:00,8.79,
2022-07-12 01:45:00,8.83,
2022-07-12 02:00:00,8.86,
2022-07-12 02:15:00,8.9,
2022-07-12 02:30:00,8.93,
2022-07-12 02:45:00,8.96,
2022-07-12 03:00:00,8.99,
2022-07-12 03:15:00,9.02,
2022-07-12 03:30:00,9.05,
2022-07-12 03:45:00,9.08,
2022-07-12 04:00:00,9.09,
2022-07-12 04:15:00,9.11,
2022-07-12 04:30:00,9.14,
2022-07-12 04:45:00,9.16,
2022-07-12 05:00:00,9.18,
2022-07-12 05:15:00,9.21,
2022-07-12 05:30:00,9.24,
2022-07-12 05:45:00,9.27,
2022-07-12 06:00:00,9.31,
2022-07-12 06:15:00,9.33,
2022-07-12 06:30:00,9.36,
2022-07-12 06:45:00,9.39,
2022-07-12 07:00:00,9.42,
2022-07-12 07:15:00,9.46,
2022-07-12 07:30:00,9.47,
2022-07-12 07:45:00,9.49,
2022-07-12 08:00:00,9.5,
2022-07-12 08:15:00,9.5,
2022-07-12 08:30:00,9.48,
2022-07-12 08:45:00,9.44,
2022-07-12 09:00:00,9.39,
2022-07-12 09:15:00,9.35,
2022-07-12 09:30:00,9.3,
2022-07-12 09:45:00,9.24,
2022-07-12 10:00:00,9.19,
2022-07-12 10:15:00,9.14,
2022-07-12 10:30:00,9.08,
2022-07-12 10:45:00,9.02,
2022-07-12 11:00:00,8.95,
2022-07-12 11:15:00,8.89,
2022-07-12 11:30:00,8.81,
2022-07-12 11:45:00,8.74,
2022-07-12 12:00:00,8.67,
2022-07-12 12:15:00,8.6,
2022-07-12 12:30:00,8.54,
2022-07-12 12:45:00,8.48,
2022-07-12 13:00:00,8.42,
2022-07-12 13:15:00,8.37,
2022-07-12 13:30:00,8.31,
2022-07-12 13:45:00,8.27,
2022-07-12 14:00:00,8.21,
2022-07-12 14:15:00,8.17,
2022-07-12 14:30:00,8.12,
2022-07-12 14:45:00,8.08,
2022-07-12 15:00:00,8.03,
2022-07-12 15:15:00,7.99,
2022-07-12 15:30:00,7.95,
2022-07-12 15:45:00,7.91,
2022-07-12 16:00:00,7.88,
2022-07-12 16:15:00,7.84,
2022-07-12 16:30:00,7.82,
2022-07-12 16:45:00,7.79,
2022-07-12 17:00:00,7.77,
2022-07-12 17:15:00,7.74,
2022-07-12 17:30:00,7.72,
2022-07-12 17:45:00,7.69,
2022-07-12 18:00:00,7.66,
2022-07-12 18:15:00,7.65,
2022-07-12 18:30:00,7.57,
2022-07-12 18:45:00,7.55,
2022-07-12 19:00:00,7.56,
2022-07-12 19:15:00,7.59,
2022-07-12 19:30:00,7.63,
2022-07-12 19:45:00,7.64,
2022-07-12 20:00:00,7.66,
2022-07-12 20:15:00,7.69,
2022-07-12 20:30:00,7.72,
2022-07-12 20:45:00,7.77,
2022-07-12 21:00:00,7.83,
2022-07-12 21:15:00,7.88,
2022-07-12 21:30:00,7.93,
2022-07-12 21:45:00,7.98,
2022-07-12 22:00:00,8.02,
2022-07-12 22:15:00,8.07,
2022-07-12 22:30:00,8.11,
2022-07-12 22:45:00,8.16,
2022-07-12 23:00:00,8.21,
2022-07-12 23:15:00,8.26,
2022-07-12 23:30:00,8.3,
2022-07-12 23:45:00,8.34,
2022-07-13 00:00:00,8.39,
2022-07-13 00:15:00,8.43,
2022-07-13 00:30:00,8.46,
2022-07-13 00:45:00,8.5,
2022-07-13 01:00:00,8.53,
2022-07-13 01:15:00,8.57,
2022-07-13 01:30:00,8.61,
2022-07-13 01:45:00,8.64,
2022-07-13 02:00:00,8.67,
2022-07-13 02:15:00,8.7,
2022-07-13 02:30:00,8.72,
2022-07-13 02:45:00,8.74,
2022-07-13 03:00:00,8.77,
2022-07-13 03:15:00,8.79,
2022-07-13 03:30:00,8.81,
2022-07-13 03:45:00,8.83,
2022-07-13 04:00:00,8.84,
2022-07-13 04:15:00,8.86,
2022-07-13 04:30:00,8.87,
2022-07-13 04:45:00,8.89,
2022-07-13 05:00:00,8.9,
2022-07-13 05:15:00,8.93,
2022-07-13 05:30:00,8.96,
2022-07-13 05:45:00,9.0,
2022-07-13 06:00:00,9.03,
2022-07-13 06:15:00,9.05,
2022-07-13 06:30:00,9.09,
2022-07-13 06:45:00,9.14,
2022-07-13 07:00:00,9.2,
2022-07-13 07:15:00,9.23,
2022-07-13 07:30:00,9.22,
2022-07-13 07:45:00,9.19,
2022-07-13 08:00:00,9.15,
2022-07-13 08:15:00,9.2,
2022-07-13 08:30:00,9.24,
2022-07-13 08:45:00,9.25,
2022-07-13 09:00:00,9.25,
2022-07-13 09:15:00,9.23,
2022-07-13 09:30:00,9.21,
2022-07-13 09:45:00,9.16,
2022-07-13 10:00:00,9.12,
2022-07-13 10:15:00,9.09,
2022-07-13 10:30:00,9.05,
2022-07-13 10:45:00,8.99,
2022-07-13 11:00:00,8.9,
2022-07-13 11:15:00,8.85,
2022-07-13 11:30:00,8.8,
2022-07-13 11:45:00,8.75,
2022-07-13 12:00:00,8.69,
2022-07-13 12:15:00,8.61,
2022-07-13 12:30:00,8.48,
2022-07-13 12:45:00,8.4,
2022-07-13 13:00:00,8.33,
2022-07-13 13:15:00,8.28,
2022-07-13 13:30:00,8.24,
2022-07-13 13:45:00,8.19,
2022-07-13 14:00:00,8.16,
2022-07-13 14:15:00,8.12,
2022-07-13 14:30:00,8.09,
2022-07-13 14:45:00,8.05,
2022-07-13 15:00:00,8.02,
2022-07-13 15:15:00,7.98,
2022-07-13 15:30:00,7.95,
2022-07-13 15:45:00,7.92,
2022-07-13 16:00:00,7.88,
2022-07-13 16:15:00,7.84,
2022-07-13 16:30:00,7.81,
2022-07-13 16:45:00,7.79,
2022-07-13 17:00:00,7.76,
2022-07-13 17:15:00,7.6,
2022-07-13 17:30:00,7.65,
2022-07-13 17:45:00,7.64,
2022-07-13 18:00:00,7.68,
2022-07-13 18:15:00,7.64,
2022-07-13 18:30:00,7.66,
2022-07-13 18:45:00,7.65,
2022-07-13 19:00:00,7.63,
2022-07-13 19:15:00,7.63,
2022-07-13 19:30:00,7.63,
2022-07-13 19:45:00,7.65,
2022-07-13 20:00:00,7.67,
2022-07-13 20:15:00,7.7,
2022-07-13 20:30:00,7.74,
2022-07-13 20:45:00,7.77,
2022-07-13 21:00:00,7.81,
2022-07-13 21:15:00,7.85,
2022-07-13 21:30:00,7.9,
2022-07-13 21:45:00,7.94,
2022-07-13 22:00:00,7.97,
2022-07-13 22:15:00,8.01,
2022-07-13 22:30:00,8.04,
2022-07-13 22:45:00,8.08,
2022-07-13 23:00:00,8.12,
2022-07-13 23:15:00,8.15,
2022-07-13 23:30:00,8.18,
2022-07-13 23:45:00,8.21,
2022-07-14 00:00:00,8.24,
2022-07-14 00:15:00,8.27,
2022-07-14 00:30:00,8.3,
2022-07-14 00:45:00,8.33,
2022-07-14 01:00:00,8.36,
2022-07-14 01:15:00,8.4,
2022-07-14 01:30:00,8.43,
2022-07-14 01:45:00,8.46,
2022-07-14 02:00:00,8.49,
2022-07-14 02:15:00,8.52,
2022-07-14 02:30:00,8.56,
2022-07-14 02:45:00,8.58,
2022-07-14 03:00:00,8.61,
2022-07-14 03:15:00,8.65,
2022-07-14 03:30:00,8.68,
2022-07-14 03:45:00,8.69,
2022-07-14 04:00:00,8.72,
2022-07-14 04:15:00,8.74,
2022-07-14 04:30:00,8.76,
2022-07-14 04:45:00,8.78,
2022-07-14 05:00:00,8.8,
2022-07-14 05:15:00,8.82,
2022-07-14 05:30:00,8.84,
2022-07-14 05:45:00,8.87,
2022-07-14 06:00:00,8.9,
2022-07-14 06:15:00,8.93,
2022-07-14 06:30:00,8.96,
2022-07-14 06:45:00,9.0,
2022-07-14 07:00:00,9.03,
2022-07-14 07:15:00,9.07,
2022-07-14 07:30:00,9.11,
2022-07-14 07:45:00,9.13,
2022-07-14 08:00:00,9.15,
2022-07-14 08:15:00,9.16,
2022-07-14 08:30:00,9.16,
2022-07-14 08:45:00,9.13,
2022-07-14 09:00:00,9.11,
2022-07-14 09:15:00,9.08,
2022-07-14 09:30:00,9.04,
2022-07-14 09:45:00,9.01,
2022-07-14 10:00:00,8.96,
2022-07-14 10:15:00,8.91,
2022-07-14 10:30:00,8.85,
2022-07-14 10:45:00,8.79,
2022-07-14 11:00:00,8.72,
2022-07-14 11:15:00,8.67,
2022-07-14 11:30:00,8.6,
2022-07-14 11:45:00,8.53,
2022-07-14 12:00:00,8.47,
2022-07-14 12:15:00,8.38,
2022-07-14 12:30:00,8.33,
2022-07-14 12:45:00,8.3,
2022-07-14 13:00:00,8.25,
2022-07-14 13:15:00,8.21,
2022-07-14 13:30:00,8.16,
2022-07-14 13:45:00,8.12,
2022-07-14 14:00:00,8.07,
2022-07-14 14:15:00,8.02,
2022-07-14 14:30:00,7.98,
2022-07-14 14:45:00,7.95,
2022-07-14 15:00:00,7.91,
2022-07-14 15:15:00,7.87,
2022-07-14 15:30:00,7.84,
2022-07-14 15:45:00,7.81,
2022-07-14 16:00:00,7.77,
2022-07-14 16:15:00,7.75,
2022-07-14 16:30:00,7.73,
2022-07-14 16:45:00,7.71,
2022-07-14 17:00:00,7.68,
2022-07-14 17:15:00,7.65,
2022-07-14 17:30:00,7.63,
2022-07-14 17:45:00,7.5,
2022-07-14 18:00:00,7.48,
2022-07-14 18:15:00,7.61,
2022-07-14 18:30:00,7.54,
2022-07-14 18:45:00,7.53,
2022-07-14 19:00:00,7.54,
2022-07-14 19:15:00,7.52,
2022-07-14 19:30:00,7.5,
2022-07-14 19:45:00,7.5,
2022-07-14 20:00:00,7.52,
2022-07-14 20:15:00,7.55,
2022-07-14 20:30:00,7.59,
2022-07-14 20:45:00,7.62,
2022-07-14 21:00:00,7.66,
2022-07-14 21:15:00,7.72,
2022-07-14 21:30:00,7.76,
2022-07-14 21:45:00,7.8,
2022-07-14 22:00:00,7.84,
2022-07-14 22:15:00,7.87,
2022-07-14 22:30:00,7.92,
2022-07-14 22:45:00,7.96,
2022-07-14 23:00:00,8.0,
2022-07-14 23:15:00,8.03,
2022-07-14 23:30:00,8.08,
2022-07-14 23:45:00,8.11,
2022-07-15 00:00:00,8.14,
2022-07-15 00:15:00,8.18,
2022-07-15 00:30:00,8.21,
2022-07-15 00:45:00,8.25,
2022-07-15 01:00:00,8.27,
2022-07-15 01:15:00,8.31,
2022-07-15 01:30:00,8.34,
2022-07-15 01:45:00,8.37,
2022-07-15 02:00:00,8.4,
2022-07-15 02:15:00,8.42,
2022-07-15 02:30:00,8.45,
2022-07-15 02:45:00,8.47,
2022-07-15 03:00:00,8.5,
2022-07-15 03:15:00,8.52,
2022-07-15 03:30:00,8.55,
2022-07-15 03:45:00,8.56,
2022-07-15 04:00:00,8.58,
2022-07-15 04:15:00,8.6,
2022-07-15 04:30:00,8.63,
2022-07-15 04:45:00,8.65,
2022-07-15 05:00:00,8.66,
2022-07-15 05:15:00,8.68,
2022-07-15 05:30:00,8.71,
2022-07-15 05:45:00,8.76,
2022-07-15 06:00:00,8.8,
2022-07-15 06:15:00,8.85,
2022-07-15 06:30:00,8.88,
2022-07-15 06:45:00,8.92,
2022-07-15 07:00:00,8.96,
2022-07-15 07:15:00,9.0,
2022-07-15 07:30:00,9.03,
2022-07-15 07:45:00,9.07,
2022-07-15 08:00:00,9.11,
2022-07-15 08:15:00,9.13,
2022-07-15 08:30:00,9.13,
2022-07-15 08:45:00,9.13,
2022-07-15 09:00:00,9.13,
2022-07-15 09:15:00,9.07,
2022-07-15 09:30:00,9.08,
2022-07-15 09:45:00,9.08,
2022-07-15 10:00:00,9.1,
2022-07-15 10:15:00,9.08,
2022-07-15 10:30:00,9.02,
2022-07-15 10:45:00,8.98,
2022-07-15 11:00:00,8.97,
2022-07-15 11:15:00,8.94,
2022-07-15 11:30:00,8.92,
2022-07-15 11:45:00,8.91,
2022-07-15 12:00:00,8.92,
2022-07-15 12:15:00,8.9,
2022-07-15 12:30:00,8.86,
2022-07-15 12:45:00,8.81,
2022-07-15 13:00:00,8.78,
2022-07-15 13:15:00,8.83,
2022-07-15 13:30:00,8.87,
2022-07-15 13:45:00,8.91,
2022-07-15 14:00:00,8.93,
2022-07-15 14:15:00,8.92,
2022-07-15 14:30:00,8.89,
2022-07-15 14:45:00,8.76,
2022-07-15 15:00:00,8.66,
2022-07-15 15:15:00,8.61,
2022-07-15 15:30:00,8.64,
2022-07-15 15:45:00,8.63,
2022-07-15 16:00:00,8.69,
2022-07-15 16:15:00,8.69,
2022-07-15 16:30:00,8.65,
2022-07-15 16:45:00,8.6,
2022-07-15 17:00:00,8.55,
2022-07-15 17:15:00,8.51,
2022-07-15 17:30:00,8.46,
2022-07-15 17:45:00,8.42,
2022-07-15 18:00:00,8.38,
2022-07-15 18:15:00,8.35,
2022-07-15 18:30:00,8.3,
2022-07-15 18:45:00,8.23,
2022-07-15 19:00:00,8.2,
2022-07-15 19:15:00,8.19,
2022-07-15 19:30:00,8.2,
2022-07-15 19:45:00,8.21,
2022-07-15 20:00:00,8.22,
2022-07-15 20:15:00,8.23,
2022-07-15 20:30:00,8.25,
2022-07-15 20:45:00,8.27,
2022-07-15 21:00:00,8.3,
2022-07-15 21:15:00,8.34,
2022-07-15 21:30:00,8.36,
2022-07-15 21:45:00,8.4,
2022-07-15 22:00:00,8.43,
2022-07-15 22:15:00,8.45,
2022-07-15 22:30:00,8.48,
2022-07-15 22:45:00,8.51,
2022-07-15 23:00:00,8.54,
2022-07-15 23:15:00,8.56,
2022-07-15 23:30:00,8.59,
2022-07-15 23:45:00,8.62,
2022-07-16 00:00:00,8.64,
2022-07-16 00:15:00,8.67,
2022-07-16 00:30:00,8.69,
2022-07-16 00:45:00,8.71,
2022-07-16 01:00:00,8.74,
2022-07-16 01:15:00,8.76,
2022-07-16 01:30:00,8.79,
2022-07-16 01:45:00,8.81,
2022-07-16 02:00:00,8.83,
2022-07-16 02:15:00,8.85,
2022-07-16 02:30:00,8.87,
2022-07-16 02:45:00,8.89,
2022-07-16 03:00:00,8.9,
2022-07-16 03:15:00,8.92,
2022-07-16 03:30:00,8.95,
2022-07-16 03:45:00,8.96,
2022-07-16 04:00:00,8.98,
2022-07-16 04:15:00,9.0,
2022-07-16 04:30:00,9.01,
2022-07-16 04:45:00,9.04,
2022-07-16 05:00:00,9.05,
2022-07-16 05:15:00,9.08,
2022-07-16 05:30:00,9.1,
2022-07-16 05:45:00,9.14,
2022-07-16 06:00:00,9.18,
2022-07-16 06:15:00,9.2,
2022-07-16 06:30:00,9.24,
2022-07-16 06:45:00,9.26,
2022-07-16 07:00:00,9.3,
2022-07-16 07:15:00,9.33,
2022-07-16 07:30:00,9.36,
2022-07-16 07:45:00,9.38,
2022-07-16 08:00:00,9.38,
2022-07-16 08:15:00,9.38,
2022-07-16 08:30:00,9.37,
2022-07-16 08:45:00,9.34,
2022-07-16 09:00:00,9.31,
2022-07-16 09:15:00,9.27,
2022-07-16 09:30:00,9.22,
2022-07-16 09:45:00,9.17,
2022-07-16 10:00:00,9.12,
2022-07-16 10:15:00,9.07,
2022-07-16 10:30:00,9.04,
2022-07-16 10:45:00,8.96,
2022-07-16 11:00:00,8.88,
2022-07-16 11:15:00,8.8,
2022-07-16 11:30:00,8.72,
2022-07-16 11:45:00,8.65,
2022-07-16 12:00:00,8.58,
2022-07-16 12:15:00,8.52,
2022-07-16 12:30:00,8.43,
2022-07-16 12:45:00,8.39,
2022-07-16 13:00:00,8.34,
2022-07-16 13:15:00,8.3,
2022-07-16 13:30:00,8.17,
2022-07-16 13:45:00,8.09,
2022-07-16 14:00:00,8.06,
2022-07-16 14:15:00,8.09,
2022-07-16 14:30:00,8.13,
2022-07-16 14:45:00,8.16,
2022-07-16 15:00:00,8.18,
2022-07-16 15:15:00,8.16,
2022-07-16 15:30:00,8.12,
2022-07-16 15:45:00,8.08,
2022-07-16 16:00:00,8.02,
2022-07-16 16:15:00,7.96,
2022-07-16 16:30:00,7.91,
2022-07-16 16:45:00,7.87,
2022-07-16 17:00:00,7.85,
2022-07-16 17:15:00,7.82,
2022-07-16 17:30:00,7.78,
2022-07-16 17:45:00,7.76,
2022-07-16 18:00:00,7.73,
2022-07-16 18:15:00,7.71,
2022-07-16 18:30:00,7.68,
2022-07-16 18:45:00,7.63,
2022-07-16 19:00:00,7.64,
2022-07-16 19:15:00,7.67,
2022-07-16 19:30:00,7.69,
2022-07-16 19:45:00,7.72,
2022-07-16 20:00:00,7.75,
2022-07-16 20:15:00,7.79,
2022-07-16 20:30:00,7.83,
2022-07-16 20:45:00,7.88,
2022-07-16 21:00:00,7.93,
2022-07-16 21:15:00,7.97,
2022-07-16 21:30:00,8.02,
2022-07-16 21:45:00,8.06,
2022-07-16 22:00:00,8.11,
2022-07-16 22:15:00,8.15,
2022-07-16 22:30:00,8.2,
2022-07-16 22:45:00,8.24,
2022-07-16 23:00:00,8.28,
2022-07-16 23:15:00,8.32,
2022-07-16 23:30:00,8.36,
2022-07-16 23:45:00,8.4,
2022-07-17 00:00:00,8.44,
2022-07-17 00:15:00,8.48,
2022-07-17 00:30:00,8.52,
2022-07-17 00:45:00,8.55,
2022-07-17 01:00:00,8.58,
2022-07-17 01:15:00,8.62,
2022-07-17 01:30:00,8.65,
2022-07-17 01:45:00,8.69,
2022-07-17 02:00:00,8.71,
2022-07-17 02:15:00,8.75,
2022-07-17 02:30:00,8.78,
2022-07-17 02:45:00,8.81,
2022-07-17 03:00:00,8.84,
2022-07-17 03:15:00,8.86,
2022-07-17 03:30:00,8.89,
2022-07-17 03:45:00,8.91,
2022-07-17 04:00:00,8.94,
2022-07-17 04:15:00,8.96,
2022-07-17 04:30:00,8.98,
2022-07-17 04:45:00,9.0,
2022-07-17 05:00:00,9.03,
2022-07-17 05:15:00,9.05,
2022-07-17 05:30:00,9.08,
2022-07-17 05:45:00,9.11,
2022-07-17 06:00:00,9.14,
2022-07-17 06:15:00,9.17,
2022-07-17 06:30:00,9.21,
2022-07-17 06:45:00,9.23,
2022-07-17 07:00:00,9.26,
2022-07-17 07:15:00,9.29,
2022-07-17 07:30:00,9.32,
2022-07-17 07:45:00,9.34,
2022-07-17 08:00:00,9.35,
2022-07-17 08:15:00,9.36,
2022-07-17 08:30:00,9.35,
2022-07-17 08:45:00,9.31,
2022-07-17 09:00:00,9.29,
2022-07-17 09:15:00,9.24,
2022-07-17 09:30:00,9.19,
2022-07-17 09:45:00,9.13,
2022-07-17 10:00:00,9.08,
2022-07-17 10:15:00,9.02,
2022-07-17 10:30:00,8.95,
2022-07-17 10:45:00,8.89,
2022-07-17 11:00:00,8.83,
2022-07-17 11:15:00,8.75,
2022-07-17 11:30:00,8.67,
2022-07-17 11:45:00,8.61,
2022-07-17 12:00:00,8.55,
2022-07-17 12:15:00,8.48,
2022-07-17 12:30:00,8.41,
2022-07-17 12:45:00,8.32,
2022-07-17 13:00:00,8.3,
2022-07-17 13:15:00,8.12,
2022-07-17 13:30:00,8.02,
2022-07-17 13:45:00,7.92,
2022-07-17 14:00:00,7.87,
2022-07-17 14:15:00,7.94,
2022-07-17 14:30:00,8.12,
2022-07-17 14:45:00,8.04,
2022-07-17 15:00:00,8.01,
2022-07-17 15:15:00,8.07,
2022-07-17 15:30:00,8.02,
2022-07-17 15:45:00,7.99,
2022-07-17 16:00:00,7.96,
2022-07-17 16:15:00,7.92,
2022-07-17 16:30:00,7.86,
2022-07-17 16:45:00,7.67,
2022-07-17 17:00:00,7.69,
2022-07-17 17:15:00,7.68,
2022-07-17 17:30:00,7.71,
2022-07-17 17:45:00,7.62,
2022-07-17 18:00:00,7.67,
2022-07-17 18:15:00,7.58,
2022-07-17 18:30:00,7.58,
2022-07-17 18:45:00,7.54,
2022-07-17 19:00:00,7.5,
2022-07-17 19:15:00,7.51,
2022-07-17 19:30:00,7.52,
2022-07-17 19:45:00,7.55,
2022-07-17 20:00:00,7.56,
2022-07-17 20:15:00,7.59,
2022-07-17 20:30:00,7.61,
2022-07-17 20:45:00,7.65,
2022-07-17 21:00:00,7.69,
2022-07-17 21:15:00,7.73,
2022-07-17 21:30:00,7.75,
2022-07-17 21:45:00,7.78,
2022-07-17 22:00:00,7.81,
2022-07-17 22:15:00,7.84,
2022-07-17 22:30:00,7.87,
2022-07-17 22:45:00,7.9,
2022-07-17 23:00:00,7.93,
2022-07-17 23:15:00,7.96,
2022-07-17 23:30:00,7.97,
2022-07-17 23:45:00,8.0,
2022-07-18 00:00:00,8.04,
2022-07-18 00:15:00,8.05,
2022-07-18 00:30:00,8.1,
2022-07-18 00:45:00,8.13,
2022-07-18 01:00:00,8.16,
2022-07-18 01:15:00,8.19,
2022-07-18 01:30:00,8.23,
2022-07-18 01:45:00,8.27,
2022-07-18 02:00:00,8.3,
2022-07-18 02:15:00,8.33,
2022-07-18 02:30:00,8.35,
2022-07-18 02:45:00,8.39,
2022-07-18 03:00:00,8.42,
2022-07-18 03:15:00,8.44,
2022-07-18 03:30:00,8.47,
2022-07-18 03:45:00,8.49,
2022-07-18 04:00:00,8.53,
2022-07-18 04:15:00,8.54,
2022-07-18 04:30:00,8.57,
2022-07-18 04:45:00,8.6,
2022-07-18 05:00:00,8.63,
2022-07-18 05:15:00,8.66,
2022-07-18 05:30:00,8.69,
2022-07-18 05:45:00,8.73,
2022-07-18 06:00:00,8.77,
2022-07-18 06:15:00,8.82,
2022-07-18 06:30:00,8.87,
2022-07-18 06:45:00,8.89,
2022-07-18 07:00:00,8.93,
2022-07-18 07:15:00,8.95,
2022-07-18 07:30:00,9.01,
2022-07-18 07:45:00,9.04,
2022-07-18 08:00:00,9.09,
2022-07-18 08:15:00,9.07,
2022-07-18 08:30:00,8.99,
2022-07-18 08:45:00,9.04,
2022-07-18 09:00:00,9.04,
2022-07-18 09:15:00,9.01,
2022-07-18 09:30:00,8.98,
2022-07-18 09:45:00,8.94,
2022-07-18 10:00:00,8.91,
2022-07-18 10:15:00,8.86,
2022-07-18 10:30:00,8.81,
2022-07-18 10:45:00,8.78,
2022-07-18 11:00:00,8.72,
2022-07-18 11:15:00,8.63,
2022-07-18 11:30:00,8.6,
2022-07-18 11:45:00,8.6,
2022-07-18 12:00:00,8.5,
2022-07-18 12:15:00,8.47,
2022-07-18 12:30:00,8.45,
2022-07-18 12:45:00,8.41,
2022-07-18 13:00:00,8.43,
2022-07-18 13:15:00,8.42,
2022-07-18 13:30:00,8.4,
2022-07-18 13:45:00,8.28,
2022-07-18 14:00:00,8.28,
2022-07-18 14:15:00,8.24,
2022-07-18 14:30:00,8.26,
2022-07-18 14:45:00,8.27,
2022-07-18 15:00:00,8.19,
2022-07-18 15:15:00,8.18,
2022-07-18 15:30:00,8.11,
2022-07-18 15:45:00,8.03,
2022-07-18 16:00:00,7.98,
2022-07-18 16:15:00,7.92,
2022-07-18 16:30:00,7.88,
2022-07-18 16:45:00,7.84,
2022-07-18 17:00:00,7.81,
2022-07-18 17:15:00,7.78,
2022-07-18 17:30:00,7.75,
2022-07-18 17:45:00,7.69,
2022-07-18 18:00:00,7.62,
2022-07-18 18:15:00,7.61,
2022-07-18 18:30:00,7.6,
2022-07-18 18:45:00,7.56,
2022-07-18 19:00:00,7.56,
2022-07-18 19:15:00,7.58,
2022-07-18 19:30:00,7.57,
2022-07-18 19:45:00,7.58,
2022-07-18 20:00:00,7.59,
2022-07-18 20:15:00,7.62,
2022-07-18 20:30:00,7.65,
2022-07-18 20:45:00,7.69,
2022-07-18 21:00:00,7.73,
2022-07-18 21:15:00,7.77,
2022-07-18 21:30:00,7.82,
2022-07-18 21:45:00,7.86,
2022-07-18 22:00:00,7.89,
2022-07-18 22:15:00,7.93,
2022-07-18 22:30:00,7.97,
2022-07-18 22:45:00,8.01,
2022-07-18 23:00:00,8.05,
2022-07-18 23:15:00,8.09,
2022-07-18 23:30:00,8.11,
2022-07-18 23:45:00,8.16,
2022-07-19 00:00:00,8.21,
2022-07-19 00:15:00,8.24,
2022-07-19 00:30:00,8.27,
2022-07-19 00:45:00,8.32,
2022-07-19 01:00:00,8.34,
2022-07-19 01:15:00,8.39,
2022-07-19 01:30:00,8.41,
2022-07-19 01:45:00,8.45,
2022-07-19 02:00:00,8.48,
2022-07-19 02:15:00,8.51,
2022-07-19 02:30:00,8.55,
2022-07-19 02:45:00,8.57,
2022-07-19 03:00:00,8.6,
2022-07-19 03:15:00,8.64,
2022-07-19 03:30:00,8.65,
2022-07-19 03:45:00,8.69,
2022-07-19 04:00:00,8.71,
2022-07-19 04:15:00,8.74,
2022-07-19 04:30:00,8.77,
2022-07-19 04:45:00,8.79,
2022-07-19 05:00:00,8.82,
2022-07-19 05:15:00,8.85,
2022-07-19 05:30:00,8.88,
2022-07-19 05:45:00,8.93,
2022-07-19 06:00:00,8.97,
2022-07-19 06:15:00,9.01,
2022-07-19 06:30:00,9.05,
2022-07-19 06:45:00,9.09,
2022-07-19 07:00:00,9.12,
2022-07-19 07:15:00,9.16,
2022-07-19 07:30:00,9.2,
2022-07-19 07:45:00,9.22,
2022-07-19 08:00:00,9.23,
2022-07-19 08:15:00,9.23,
2022-07-19 08:30:00,9.22,
2022-07-19 08:45:00,9.19,
2022-07-19 09:00:00,9.16,
2022-07-19 09:15:00,9.13,
2022-07-19 09:30:00,9.09,
2022-07-19 09:45:00,9.05,
2022-07-19 10:00:00,9.01,
2022-07-19 10:15:00,8.96,
2022-07-19 10:30:00,8.92,
2022-07-19 10:45:00,8.89,
2022-07-19 11:00:00,8.85,
2022-07-19 11:15:00,8.75,
2022-07-19 11:30:00,8.68,
2022-07-19 11:45:00,8.6,
2022-07-19 12:00:00,8.54,
2022-07-19 12:15:00,8.5,
2022-07-19 12:30:00,8.44,
2022-07-19 12:45:00,8.4,
2022-07-19 13:00:00,8.36,
2022-07-19 13:15:00,8.3,
2022-07-19 13:30:00,8.28,
2022-07-19 13:45:00,8.26,
2022-07-19 14:00:00,8.11,
2022-07-19 14:15:00,8.05,
2022-07-19 14:30:00,8.01,
2022-07-19 14:45:00,8.03,
2022-07-19 15:00:00,8.16,
2022-07-19 15:15:00,8.11,
2022-07-19 15:30:00,8.14,
2022-07-19 15:45:00,8.1,
2022-07-19 16:00:00,8.16,
2022-07-19 16:15:00,8.1,
2022-07-19 16:30:00,8.05,
2022-07-19 16:45:00,8.07,
2022-07-19 17:00:00,8.05,
2022-07-19 17:15:00,7.94,
2022-07-19 17:30:00,7.93,
2022-07-19 17:45:00,8.07,
2022-07-19 18:00:00,7.94,
2022-07-19 18:15:00,7.94,
2022-07-19 18:30:00,7.93,
2022-07-19 18:45:00,7.92,
2022-07-19 19:00:00,7.92,
2022-07-19 19:15:00,7.93,
2022-07-19 19:30:00,7.95,
2022-07-19 19:45:00,7.96,
2022-07-19 20:00:00,7.98,
2022-07-19 20:15:00,7.99,
2022-07-19 20:30:00,8.02,
2022-07-19 20:45:00,8.05,
2022-07-19 21:00:00,8.09,
2022-07-19 21:15:00,8.12,
2022-07-19 21:30:00,8.16,
2022-07-19 21:45:00,8.2,
2022-07-19 22:00:00,8.22,
2022-07-19 22:15:00,8.25,
2022-07-19 22:30:00,8.3,
2022-07-19 22:45:00,8.33,
2022-07-19 23:00:00,8.36,
2022-07-19 23:15:00,8.4,
2022-07-19 23:30:00,8.42,
2022-07-19 23:45:00,8.46,
2022-07-20 00:00:00,8.51,
2022-07-20 00:15:00,8.52,
2022-07-20 00:30:00,8.55,
2022-07-20 00:45:00,8.58,
2022-07-20 01:00:00,8.61,
2022-07-20 01:15:00,8.64,
2022-07-20 01:30:00,8.67,
2022-07-20 01:45:00,8.69,
2022-07-20 02:00:00,8.71,
2022-07-20 02:15:00,8.73,
2022-07-20 02:30:00,8.75,
2022-07-20 02:45:00,8.77,
2022-07-20 03:00:00,8.78,
2022-07-20 03:15:00,8.8,
2022-07-20 03:30:00,8.82,
2022-07-20 03:45:00,8.83,
2022-07-20 04:00:00,8.85,
2022-07-20 04:15:00,8.86,
2022-07-20 04:30:00,8.88,
2022-07-20 04:45:00,8.89,
2022-07-20 05:00:00,8.91,
2022-07-20 05:15:00,8.93,
2022-07-20 05:30:00,8.96,
2022-07-20 05:45:00,9.0,
2022-07-20 06:00:00,9.04,
2022-07-20 06:15:00,9.06,
2022-07-20 06:30:00,9.1,
2022-07-20 06:45:00,9.13,
2022-07-20 07:00:00,9.15,
2022-07-20 07:15:00,9.2,
2022-07-20 07:30:00,9.23,
2022-07-20 07:45:00,9.26,
2022-07-20 08:00:00,9.27,
2022-07-20 08:15:00,9.28,
2022-07-20 08:30:00,9.28,
2022-07-20 08:45:00,9.26,
2022-07-20 09:00:00,9.23,
2022-07-20 09:15:00,9.19,
2022-07-20 09:30:00,9.15,
2022-07-20 09:45:00,9.1,
2022-07-20 10:00:00,9.05,
2022-07-20 10:15:00,8.99,
2022-07-20 10:30:00,8.94,
2022-07-20 10:45:00,8.89,
2022-07-20 11:00:00,8.82,
2022-07-20 11:15:00,8.73,
2022-07-20 11:30:00,8.62,
2022-07-20 11:45:00,8.59,
2022-07-20 12:00:00,8.58,
2022-07-20 12:15:00,8.39,
2022-07-20 12:30:00,8.46,
2022-07-20 12:45:00,8.43,
2022-07-20 13:00:00,8.41,
2022-07-20 13:15:00,8.33,
2022-07-20 13:30:00,8.29,
2022-07-20 13:45:00,8.18,
2022-07-20 14:00:00,8.21,
2022-07-20 14:15:00,8.12,
2022-07-20 14:30:00,8.12,
2022-07-20 14:45:00,8.07,
2022-07-20 15:00:00,8.07,
2022-07-20 15:15:00,7.98,
2022-07-20 15:30:00,7.8,
2022-07-20 15:45:00,7.75,
2022-07-20 16:00:00,7.68,
2022-07-20 16:15:00,7.78,
2022-07-20 16:30:00,7.88,
2022-07-20 16:45:00,7.9,
2022-07-20 17:00:00,7.88,
2022-07-20 17:15:00,7.82,
2022-07-20 17:30:00,7.84,
2022-07-20 17:45:00,7.76,
2022-07-20 18:00:00,7.79,
2022-07-20 18:15:00,7.71,
2022-07-20 18:30:00,7.6,
2022-07-20 18:45:00,7.58,
2022-07-20 19:00:00,7.59,
2022-07-20 19:15:00,7.6,
2022-07-20 19:30:00,7.61,
2022-07-20 19:45:00,7.62,
2022-07-20 20:00:00,7.62,
2022-07-20 20:15:00,7.65,
2022-07-20 20:30:00,7.67,
2022-07-20 20:45:00,7.71,
2022-07-20 21:00:00,7.74,
2022-07-20 21:15:00,7.78,
2022-07-20 21:30:00,7.83,
2022-07-20 21:45:00,7.87,
2022-07-20 22:00:00,7.91,
2022-07-20 22:15:00,7.96,
2022-07-20 22:30:00,8.0,
2022-07-20 22:45:00,8.04,
2022-07-20 23:00:00,8.07,
2022-07-20 23:15:00,8.11,
2022-07-20 23:30:00,8.15,
2022-07-20 23:45:00,8.2,
2022-07-21 00:00:00,8.23,
2022-07-21 00:15:00,8.27,
2022-07-21 00:30:00,8.31,
2022-07-21 00:45:00,8.34,
2022-07-21 01:00:00,8.38,
2022-07-21 01:15:00,8.41,
2022-07-21 01:30:00,8.44,
2022-07-21 01:45:00,8.48,
2022-07-21 02:00:00,8.52,
2022-07-21 02:15:00,8.55,
2022-07-21 02:30:00,8.58,
2022-07-21 02:45:00,8.61,
2022-07-21 03:00:00,8.64,
2022-07-21 03:15:00,8.67,
2022-07-21 03:30:00,8.7,
2022-07-21 03:45:00,8.72,
2022-07-21 04:00:00,8.75,
2022-07-21 04:15:00,8.77,
2022-07-21 04:30:00,8.8,
2022-07-21 04:45:00,8.83,
2022-07-21 05:00:00,8.85,
2022-07-21 05:15:00,8.88,
2022-07-21 05:30:00,8.91,
2022-07-21 05:45:00,8.95,
2022-07-21 06:00:00,9.0,
2022-07-21 06:15:00,9.03,
2022-07-21 06:30:00,9.06,
2022-07-21 06:45:00,9.1,
2022-07-21 07:00:00,9.13,
2022-07-21 07:15:00,9.17,
2022-07-21 07:30:00,9.21,
2022-07-21 07:45:00,9.23,
2022-07-21 08:00:00,9.25,
2022-07-21 08:15:00,9.26,
2022-07-21 08:30:00,9.27,
2022-07-21 08:45:00,9.25,
2022-07-21 09:00:00,9.22,
2022-07-21 09:15:00,9.18,
2022-07-21 09:30:00,9.14,
2022-07-21 09:45:00,9.08,
2022-07-21 10:00:00,9.05,
2022-07-21 10:15:00,9.03,
2022-07-21 10:30:00,8.97,
2022-07-21 10:45:00,8.92,
2022-07-21 11:00:00,8.82,
2022-07-21 11:15:00,8.86,
2022-07-21 11:30:00,8.79,
2022-07-21 11:45:00,8.56,
2022-07-21 12:00:00,8.58,
2022-07-21 12:15:00,8.6,
2022-07-21 12:30:00,8.59,
2022-07-21 12:45:00,8.6,
2022-07-21 13:00:00,8.46,
2022-07-21 13:15:00,8.33,
2022-07-21 13:30:00,8.29,
2022-07-21 13:45:00,8.36,
2022-07-21 14:00:00,8.38,
2022-07-21 14:15:00,8.43,
2022-07-21 14:30:00,8.43,
2022-07-21 14:45:00,8.44,
2022-07-21 15:00:00,8.44,
2022-07-21 15:15:00,8.4,
2022-07-21 15:30:00,8.33,
2022-07-21 15:45:00,8.25,
2022-07-21 16:00:00,8.19,
2022-07-21 16:15:00,8.13,
2022-07-21 16:30:00,8.08,
2022-07-21 16:45:00,8.03,
2022-07-21 17:00:00,7.99,
2022-07-21 17:15:00,7.95,
2022-07-21 17:30:00,7.9,
2022-07-21 17:45:00,7.86,
2022-07-21 18:00:00,7.82,
2022-07-21 18:15:00,7.77,
2022-07-21 18:30:00,7.75,
2022-07-21 18:45:00,7.68,
2022-07-21 19:00:00,7.68,
2022-07-21 19:15:00,7.69,
2022-07-21 19:30:00,7.69,
2022-07-21 19:45:00,7.72,
2022-07-21 20:00:00,7.74,
2022-07-21 20:15:00,7.77,
2022-07-21 20:30:00,7.8,
2022-07-21 20:45:00,7.84,
2022-07-21 21:00:00,7.89,
2022-07-21 21:15:00,7.93,
2022-07-21 21:30:00,7.98,
2022-07-21 21:45:00,8.01,
2022-07-21 22:00:00,8.06,
2022-07-21 22:15:00,8.09,
2022-07-21 22:30:00,8.12,
2022-07-21 22:45:00,8.16,
2022-07-21 23:00:00,8.19,
2022-07-21 23:15:00,8.23,
2022-07-21 23:30:00,8.25,
2022-07-21 23:45:00,8.29,
2022-07-22 00:00:00,8.33,
2022-07-22 00:15:00,8.35,
2022-07-22 00:30:00,8.39,
2022-07-22 00:45:00,8.41,
2022-07-22 01:00:00,8.44,
2022-07-22 01:15:00,8.48,
2022-07-22 01:30:00,8.51,
2022-07-22 01:45:00,8.54,
2022-07-22 02:00:00,8.55,
2022-07-22 02:15:00,8.59,
2022-07-22 02:30:00,8.61,
2022-07-22 02:45:00,8.63,
2022-07-22 03:00:00,8.66,
2022-07-22 03:15:00,8.68,
2022-07-22 03:30:00,8.71,
2022-07-22 03:45:00,8.73,
2022-07-22 04:00:00,8.74,
2022-07-22 04:15:00,8.77,
2022-07-22 04:30:00,8.79,
2022-07-22 04:45:00,8.82,
2022-07-22 05:00:00,8.85,
2022-07-22 05:15:00,8.86,
2022-07-22 05:30:00,8.9,
2022-07-22 05:45:00,8.93,
2022-07-22 06:00:00,8.96,
2022-07-22 06:15:00,8.99,
2022-07-22 06:30:00,9.03,
2022-07-22 06:45:00,9.05,
2022-07-22 07:00:00,9.08,
2022-07-22 07:15:00,9.13,
2022-07-22 07:30:00,9.16,
2022-07-22 07:45:00,9.17,
2022-07-22 08:00:00,9.19,
2022-07-22 08:15:00,9.2,
2022-07-22 08:30:00,9.2,
2022-07-22 08:45:00,9.19,
2022-07-22 09:00:00,9.16,
2022-07-22 09:15:00,9.12,
2022-07-22 09:30:00,9.08,
2022-07-22 09:45:00,9.04,
2022-07-22 10:00:00,8.97,
2022-07-22 10:15:00,8.92,
2022-07-22 10:30:00,8.86,
2022-07-22 10:45:00,8.78,
2022-07-22 11:00:00,8.72,
2022-07-22 11:15:00,8.64,
2022-07-22 11:30:00,8.56,
2022-07-22 11:45:00,8.49,
2022-07-22 12:00:00,8.41,
2022-07-22 12:15:00,8.35,
2022-07-22 12:30:00,8.3,
2022-07-22 12:45:00,8.24,
2022-07-22 13:00:00,8.19,
2022-07-22 13:15:00,8.13,
2022-07-22 13:30:00,8.09,
2022-07-22 13:45:00,8.04,
2022-07-22 14:00:00,8.0,
2022-07-22 14:15:00,7.96,
2022-07-22 14:30:00,7.92,
2022-07-22 14:45:00,7.89,
2022-07-22 15:00:00,7.81,
2022-07-22 15:15:00,7.79,
2022-07-22 15:30:00,7.65,
2022-07-22 15:45:00,7.72,
2022-07-22 16:00:00,7.71,
2022-07-22 16:15:00,7.69,
2022-07-22 16:30:00,7.65,
2022-07-22 16:45:00,7.63,
2022-07-22 17:00:00,7.47,
2022-07-22 17:15:00,7.46,
2022-07-22 17:30:00,7.53,
2022-07-22 17:45:00,7.52,
2022-07-22 18:00:00,7.45,
2022-07-22 18:15:00,7.39,
2022-07-22 18:30:00,7.38,
2022-07-22 18:45:00,7.37,
2022-07-22 19:00:00,7.36,
2022-07-22 19:15:00,7.36,
2022-07-22 19:30:00,7.35,
2022-07-22 19:45:00,7.36,
2022-07-22 20:00:00,7.39,
2022-07-22 20:15:00,7.42,
2022-07-22 20:30:00,7.45,
2022-07-22 20:45:00,7.5,
2022-07-22 21:00:00,7.54,
2022-07-22 21:15:00,7.59,
2022-07-22 21:30:00,7.63,
2022-07-22 21:45:00,7.68,
2022-07-22 22:00:00,7.72,
2022-07-22 22:15:00,7.75,
2022-07-22 22:30:00,7.79,
2022-07-22 22:45:00,7.82,
2022-07-22 23:00:00,7.87,
2022-07-22 23:15:00,7.9,
2022-07-22 23:30:00,7.93,
2022-07-22 23:45:00,7.96,
2022-07-23 00:00:00,8.0,
2022-07-23 00:15:00,8.03,
2022-07-23 00:30:00,8.06,
2022-07-23 00:45:00,8.1,
2022-07-23 01:00:00,8.12,
2022-07-23 01:15:00,8.15,
2022-07-23 01:30:00,8.19,
2022-07-23 01:45:00,8.21,
2022-07-23 02:00:00,8.24,
2022-07-23 02:15:00,8.28,
2022-07-23 02:30:00,8.3,
2022-07-23 02:45:00,8.33,
2022-07-23 03:00:00,8.36,
2022-07-23 03:15:00,8.38,
2022-07-23 03:30:00,8.41,
2022-07-23 03:45:00,8.43,
2022-07-23 04:00:00,8.45,
2022-07-23 04:15:00,8.47,
2022-07-23 04:30:00,8.49,
2022-07-23 04:45:00,8.51,
2022-07-23 05:00:00,8.53,
2022-07-23 05:15:00,8.55,
2022-07-23 05:30:00,8.57,
2022-07-23 05:45:00,8.6,
2022-07-23 06:00:00,8.66,
2022-07-23 06:15:00,8.66,
2022-07-23 06:30:00,8.73,
2022-07-23 06:45:00,8.73,
2022-07-23 07:00:00,8.73,
2022-07-23 07:15:00,8.76,
2022-07-23 07:30:00,8.82,
2022-07-23 07:45:00,8.89,
2022-07-23 08:00:00,8.92,
2022-07-23 08:15:00,8.93,
2022-07-23 08:30:00,9.01,
2022-07-23 08:45:00,9.02,
2022-07-23 09:00:00,9.02,
2022-07-23 09:15:00,9.04,
2022-07-23 09:30:00,8.97,
2022-07-23 09:45:00,8.94,
2022-07-23 10:00:00,8.96,
2022-07-23 10:15:00,8.97,
2022-07-23 10:30:00,8.96,
2022-07-23 10:45:00,8.91,
2022-07-23 11:00:00,8.9,
2022-07-23 11:15:00,8.89,
2022-07-23 11:30:00,8.86,
2022-07-23 11:45:00,8.82,
2022-07-23 12:00:00,8.76,
2022-07-23 12:15:00,8.72,
2022-07-23 12:30:00,8.64,
2022-07-23 12:45:00,8.57,
2022-07-23 13:00:00,8.51,
2022-07-23 13:15:00,8.42,
2022-07-23 13:30:00,8.36,
2022-07-23 13:45:00,8.31,
2022-07-23 14:00:00,8.22,
2022-07-23 14:15:00,8.16,
2022-07-23 14:30:00,8.11,
2022-07-23 14:45:00,8.05,
2022-07-23 15:00:00,8.01,
2022-07-23 15:15:00,7.97,
2022-07-23 15:30:00,7.92,
2022-07-23 15:45:00,7.88,
2022-07-23 16:00:00,7.83,
2022-07-23 16:15:00,7.79,
2022-07-23 16:30:00,7.77,
2022-07-23 16:45:00,7.75,
2022-07-23 17:00:00,7.71,
2022-07-23 17:15:00,7.69,
2022-07-23 17:30:00,7.68,
2022-07-23 17:45:00,7.63,
2022-07-23 18:00:00,7.59,
2022-07-23 18:15:00,7.57,
2022-07-23 18:30:00,7.54,
2022-07-23 18:45:00,7.47,
2022-07-23 19:00:00,7.47,
2022-07-23 19:15:00,7.48,
2022-07-23 19:30:00,7.51,
2022-07-23 19:45:00,7.54,
2022-07-23 20:00:00,7.55,
2022-07-23 20:15:00,7.59,
2022-07-23 20:30:00,7.62,
2022-07-23 20:45:00,7.66,
2022-07-23 21:00:00,7.7,
2022-07-23 21:15:00,7.76,
2022-07-23 21:30:00,7.8,
2022-07-23 21:45:00,7.84,
2022-07-23 22:00:00,7.89,
2022-07-23 22:15:00,7.93,
2022-07-23 22:30:00,7.97,
2022-07-23 22:45:00,8.01,
2022-07-23 23:00:00,8.05,
2022-07-23 23:15:00,8.09,
2022-07-23 23:30:00,8.13,
2022-07-23 23:45:00,8.17,
2022-07-24 00:00:00,8.2,
2022-07-24 00:15:00,8.24,
2022-07-24 00:30:00,8.28,
2022-07-24 00:45:00,8.31,
2022-07-24 01:00:00,8.34,
2022-07-24 01:15:00,8.36,
2022-07-24 01:30:00,8.4,
2022-07-24 01:45:00,8.42,
2022-07-24 02:00:00,8.45,
2022-07-24 02:15:00,8.48,
2022-07-24 02:30:00,8.5,
2022-07-24 02:45:00,8.52,
2022-07-24 03:00:00,8.55,
2022-07-24 03:15:00,8.57,
2022-07-24 03:30:00,8.58,
2022-07-24 03:45:00,8.61,
2022-07-24 04:00:00,8.63,
2022-07-24 04:15:00,8.65,
2022-07-24 04:30:00,8.67,
2022-07-24 04:45:00,8.68,
2022-07-24 05:00:00,8.71,
2022-07-24 05:15:00,8.73,
2022-07-24 05:30:00,8.76,
2022-07-24 05:45:00,8.81,
2022-07-24 06:00:00,8.85,
2022-07-24 06:15:00,8.88,
2022-07-24 06:30:00,8.91,
2022-07-24 06:45:00,8.97,
2022-07-24 07:00:00,9.01,
2022-07-24 07:15:00,9.03,
2022-07-24 07:30:00,9.06,
2022-07-24 07:45:00,9.1,
2022-07-24 08:00:00,9.12,
2022-07-24 08:15:00,9.14,
2022-07-24 08:30:00,9.13,
2022-07-24 08:45:00,9.11,
2022-07-24 09:00:00,9.08,
2022-07-24 09:15:00,9.05,
2022-07-24 09:30:00,9.03,
2022-07-24 09:45:00,9.02,
2022-07-24 10:00:00,8.99,
2022-07-24 10:15:00,8.96,
2022-07-24 10:30:00,8.94,
2022-07-24 10:45:00,8.91,
2022-07-24 11:00:00,8.9,
2022-07-24 11:15:00,8.76,
2022-07-24 11:30:00,8.74,
2022-07-24 11:45:00,8.7,
2022-07-24 12:00:00,8.61,
2022-07-24 12:15:00,8.55,
2022-07-24 12:30:00,8.46,
2022-07-24 12:45:00,8.39,
2022-07-24 13:00:00,8.34,
2022-07-24 13:15:00,8.28,
2022-07-24 13:30:00,8.24,
2022-07-24 13:45:00,8.19,
2022-07-24 14:00:00,8.15,
2022-07-24 14:15:00,8.09,
2022-07-24 14:30:00,8.05,
2022-07-24 14:45:00,8.01,
2022-07-24 15:00:00,7.97,
2022-07-24 15:15:00,7.94,
2022-07-24 15:30:00,7.9,
2022-07-24 15:45:00,7.83,
2022-07-24 16:00:00,7.83,
2022-07-24 16:15:00,7.79,
2022-07-24 16:30:00,7.77,
2022-07-24 16:45:00,7.74,
2022-07-24 17:00:00,7.68,
2022-07-24 17:15:00,7.68,
2022-07-24 17:30:00,7.64,
2022-07-24 17:45:00,7.62,
2022-07-24 18:00:00,7.58,
2022-07-24 18:15:00,7.56,
2022-07-24 18:30:00,7.53,
2022-07-24 18:45:00,7.47,
2022-07-24 19:00:00,7.47,
2022-07-24 19:15:00,7.48,
2022-07-24 19:30:00,7.51,
2022-07-24 19:45:00,7.52,
2022-07-24 20:00:00,7.56,
2022-07-24 20:15:00,7.59,
2022-07-24 20:30:00,7.63,
2022-07-24 20:45:00,7.68,
2022-07-24 21:00:00,7.72,
2022-07-24 21:15:00,7.78,
2022-07-24 21:30:00,7.84,
2022-07-24 21:45:00,7.89,
2022-07-24 22:00:00,7.93,
2022-07-24 22:15:00,7.97,
2022-07-24 22:30:00,8.02,
2022-07-24 22:45:00,8.05,
2022-07-24 23:00:00,8.1,
2022-07-24 23:15:00,8.13,
2022-07-24 23:30:00,8.18,
2022-07-24 23:45:00,8.21,
2022-07-25 00:00:00,8.24,
2022-07-25 00:15:00,8.27,
2022-07-25 00:30:00,8.3,
2022-07-25 00:45:00,8.33,
2022-07-25 01:00:00,8.36,
2022-07-25 01:15:00,8.38,
2022-07-25 01:30:00,8.4,
2022-07-25 01:45:00,8.43,
2022-07-25 02:00:00,8.46,
2022-07-25 02:15:00,8.49,
2022-07-25 02:30:00,8.51,
2022-07-25 02:45:00,8.54,
2022-07-25 03:00:00,8.56,
2022-07-25 03:15:00,8.58,
2022-07-25 03:30:00,8.61,
2022-07-25 03:45:00,8.64,
2022-07-25 04:00:00,8.65,
2022-07-25 04:15:00,8.67,
2022-07-25 04:30:00,8.69,
2022-07-25 04:45:00,8.72,
2022-07-25 05:00:00,8.74,
2022-07-25 05:15:00,8.76,
2022-07-25 05:30:00,8.79,
2022-07-25 05:45:00,8.83,
2022-07-25 06:00:00,8.87,
2022-07-25 06:15:00,8.9,
2022-07-25 06:30:00,8.94,
2022-07-25 06:45:00,8.97,
2022-07-25 07:00:00,8.99,
2022-07-25 07:15:00,9.03,
2022-07-25 07:30:00,9.06,
2022-07-25 07:45:00,9.09,
2022-07-25 08:00:00,9.1,
2022-07-25 08:15:00,9.12,
2022-07-25 08:30:00,9.12,
2022-07-25 08:45:00,9.1,
2022-07-25 09:00:00,9.07,
2022-07-25 09:15:00,9.04,
2022-07-25 09:30:00,9.0,
2022-07-25 09:45:00,8.94,
2022-07-25 10:00:00,8.9,
2022-07-25 10:15:00,8.84,
2022-07-25 10:30:00,8.79,
2022-07-25 10:45:00,8.72,
2022-07-25 11:00:00,8.61,
2022-07-25 11:15:00,8.51,
2022-07-25 11:30:00,8.43,
2022-07-25 11:45:00,8.4,
2022-07-25 12:00:00,8.37,
2022-07-25 12:15:00,8.34,
2022-07-25 12:30:00,8.3,
2022-07-25 12:45:00,8.25,
2022-07-25 13:00:00,8.19,
2022-07-25 13:15:00,8.13,
2022-07-25 13:30:00,8.08,
2022-07-25 13:45:00,8.03,
2022-07-25 14:00:00,7.99,
2022-07-25 14:15:00,7.94,
2022-07-25 14:30:00,7.9,
2022-07-25 14:45:00,7.86,
2022-07-25 15:00:00,7.83,
2022-07-25 15:15:00,7.78,
2022-07-25 15:30:00,7.75,
2022-07-25 15:45:00,7.71,
2022-07-25 16:00:00,7.67,
2022-07-25 16:15:00,7.64,
2022-07-25 16:30:00,7.6,
2022-07-25 16:45:00,7.58,
2022-07-25 17:00:00,7.54,
2022-07-25 17:15:00,7.52,
2022-07-25 17:30:00,7.51,
2022-07-25 17:45:00,7.49,
2022-07-25 18:00:00,7.46,
2022-07-25 18:15:00,7.43,
2022-07-25 18:30:00,7.4,
2022-07-25 18:45:00,7.34,
2022-07-25 19:00:00,7.34,
2022-07-25 19:15:00,7.36,
2022-07-25 19:30:00,7.38,
2022-07-25 19:45:00,7.42,
2022-07-25 20:00:00,7.45,
2022-07-25 20:15:00,7.49,
2022-07-25 20:30:00,7.53,
2022-07-25 20:45:00,7.58,
2022-07-25 21:00:00,7.63,
2022-07-25 21:15:00,7.69,
2022-07-25 21:30:00,7.74,
2022-07-25 21:45:00,7.79,
2022-07-25 22:00:00,7.84,
2022-07-25 22:15:00,7.9,
2022-07-25 22:30:00,7.94,
2022-07-25 22:45:00,7.99,
2022-07-25 23:00:00,8.03,
2022-07-25 23:15:00,8.08,
2022-07-25 23:30:00,8.13,
2022-07-25 23:45:00,8.17,
2022-07-26 00:00:00,8.21,
2022-07-26 00:15:00,8.25,
2022-07-26 00:30:00,8.29,
2022-07-26 00:45:00,8.33,
2022-07-26 01:00:00,8.37,
2022-07-26 01:15:00,8.41,
2022-07-26 01:30:00,8.45,
2022-07-26 01:45:00,8.49,
2022-07-26 02:00:00,8.52,
2022-07-26 02:15:00,8.55,
2022-07-26 02:30:00,8.59,
2022-07-26 02:45:00,8.62,
2022-07-26 03:00:00,8.66,
2022-07-26 03:15:00,8.69,
2022-07-26 03:30:00,8.73,
2022-07-26 03:45:00,8.76,
2022-07-26 04:00:00,8.79,
2022-07-26 04:15:00,8.82,
2022-07-26 04:30:00,8.85,
2022-07-26 04:45:00,8.88,
2022-07-26 05:00:00,8.91,
2022-07-26 05:15:00,8.94,
2022-07-26 05:30:00,8.98,
2022-07-26 05:45:00,9.02,
2022-07-26 06:00:00,9.07,
2022-07-26 06:15:00,9.1,
2022-07-26 06:30:00,9.14,
2022-07-26 06:45:00,9.17,
2022-07-26 07:00:00,9.2,
2022-07-26 07:15:00,9.24,
2022-07-26 07:30:00,9.28,
2022-07-26 07:45:00,9.3,
2022-07-26 08:00:00,9.32,
2022-07-26 08:15:00,9.33,
2022-07-26 08:30:00,9.33,
2022-07-26 08:45:00,9.32,
2022-07-26 09:00:00,9.29,
2022-07-26 09:15:00,9.25,
2022-07-26 09:30:00,9.2,
2022-07-26 09:45:00,9.15,
2022-07-26 10:00:00,9.09,
2022-07-26 10:15:00,9.03,
2022-07-26 10:30:00,8.97,
2022-07-26 10:45:00,8.89,
2022-07-26 11:00:00,8.82,
2022-07-26 11:15:00,8.76,
2022-07-26 11:30:00,8.68,
2022-07-26 11:45:00,8.62,
2022-07-26 12:00:00,8.54,
2022-07-26 12:15:00,8.47,
2022-07-26 12:30:00,8.41,
2022-07-26 12:45:00,8.35,
2022-07-26 13:00:00,8.29,
2022-07-26 13:15:00,8.24,
2022-07-26 13:30:00,8.19,
2022-07-26 13:45:00,8.15,
2022-07-26 14:00:00,8.11,
2022-07-26 14:15:00,8.06,
2022-07-26 14:30:00,8.02,
2022-07-26 14:45:00,7.98,
2022-07-26 15:00:00,7.94,
2022-07-26 15:15:00,7.9,
2022-07-26 15:30:00,7.86,
2022-07-26 15:45:00,7.81,
2022-07-26 16:00:00,7.78,
2022-07-26 16:15:00,7.75,
2022-07-26 16:30:00,7.73,
2022-07-26 16:45:00,7.7,
2022-07-26 17:00:00,7.67,
2022-07-26 17:15:00,7.65,
2022-07-26 17:30:00,7.63,
2022-07-26 17:45:00,7.59,
2022-07-26 18:00:00,7.55,
2022-07-26 18:15:00,7.52,
2022-07-26 18:30:00,7.48,
2022-07-26 18:45:00,7.43,
2022-07-26 19:00:00,7.43,
2022-07-26 19:15:00,7.45,
2022-07-26 19:30:00,7.47,
2022-07-26 19:45:00,7.49,
2022-07-26 20:00:00,7.52,
2022-07-26 20:15:00,7.57,
2022-07-26 20:30:00,7.6,
2022-07-26 20:45:00,7.65,
2022-07-26 21:00:00,7.71,
2022-07-26 21:15:00,7.75,
2022-07-26 21:30:00,7.8,
2022-07-26 21:45:00,7.85,
2022-07-26 22:00:00,7.9,
2022-07-26 22:15:00,7.94,
2022-07-26 22:30:00,7.98,
2022-07-26 22:45:00,8.03,
2022-07-26 23:00:00,8.07,
2022-07-26 23:15:00,8.11,
2022-07-26 23:30:00,8.15,
2022-07-26 23:45:00,8.18,
2022-07-27 00:00:00,8.22,
2022-07-27 00:15:00,8.27,
2022-07-27 00:30:00,8.3,
2022-07-27 00:45:00,8.34,
2022-07-27 01:00:00,8.38,
2022-07-27 01:15:00,8.4,
2022-07-27 01:30:00,8.44,
2022-07-27 01:45:00,8.47,
2022-07-27 02:00:00,8.49,
2022-07-27 02:15:00,8.54,
2022-07-27 02:30:00,8.56,
2022-07-27 02:45:00,8.58,
2022-07-27 03:00:00,8.61,
2022-07-27 03:15:00,8.65,
2022-07-27 03:30:00,8.67,
2022-07-27 03:45:00,8.7,
2022-07-27 04:00:00,8.73,
2022-07-27 04:15:00,8.76,
2022-07-27 04:30:00,8.79,
2022-07-27 04:45:00,8.82,
2022-07-27 05:00:00,8.84,
2022-07-27 05:15:00,8.86,
2022-07-27 05:30:00,8.9,
2022-07-27 05:45:00,8.94,
2022-07-27 06:00:00,8.98,
2022-07-27 06:15:00,9.02,
2022-07-27 06:30:00,9.04,
2022-07-27 06:45:00,9.08,
2022-07-27 07:00:00,9.1,
2022-07-27 07:15:00,9.14,
2022-07-27 07:30:00,9.18,
2022-07-27 07:45:00,9.2,
2022-07-27 08:00:00,9.21,
2022-07-27 08:15:00,9.23,
2022-07-27 08:30:00,9.23,
2022-07-27 08:45:00,9.22,
2022-07-27 09:00:00,9.19,
2022-07-27 09:15:00,9.15,
2022-07-27 09:30:00,9.11,
2022-07-27 09:45:00,9.07,
2022-07-27 10:00:00,9.03,
2022-07-27 10:15:00,8.97,
2022-07-27 10:30:00,8.9,
2022-07-27 10:45:00,8.82,
2022-07-27 11:00:00,8.75,
2022-07-27 11:15:00,8.68,
2022-07-27 11:30:00,8.62,
2022-07-27 11:45:00,8.55,
2022-07-27 12:00:00,8.48,
2022-07-27 12:15:00,8.4,
2022-07-27 12:30:00,8.35,
2022-07-27 12:45:00,8.33,
2022-07-27 13:00:00,8.26,
2022-07-27 13:15:00,8.28,
2022-07-27 13:30:00,8.26,
2022-07-27 13:45:00,8.21,
2022-07-27 14:00:00,8.16,
2022-07-27 14:15:00,8.03,
2022-07-27 14:30:00,8.01,
2022-07-27 14:45:00,8.05,
2022-07-27 15:00:00,8.06,
2022-07-27 15:15:00,8.01,
2022-07-27 15:30:00,7.93,
2022-07-27 15:45:00,7.85,
2022-07-27 16:00:00,7.69,
2022-07-27 16:15:00,7.77,
2022-07-27 16:30:00,7.78,
2022-07-27 16:45:00,7.81,
2022-07-27 17:00:00,7.78,
2022-07-27 17:15:00,7.62,
2022-07-27 17:30:00,7.53,
2022-07-27 17:45:00,7.59,
2022-07-27 18:00:00,7.68,
2022-07-27 18:15:00,7.66,
2022-07-27 18:30:00,7.59,
2022-07-27 18:45:00,7.49,
2022-07-27 19:00:00,7.46,
2022-07-27 19:15:00,7.45,
2022-07-27 19:30:00,7.46,
2022-07-27 19:45:00,7.48,
2022-07-27 20:00:00,7.49,
2022-07-27 20:15:00,7.53,
2022-07-27 20:30:00,7.57,
2022-07-27 20:45:00,7.62,
2022-07-27 21:00:00,7.66,
2022-07-27 21:15:00,7.71,
2022-07-27 21:30:00,7.75,
2022-07-27 21:45:00,7.8,
2022-07-27 22:00:00,7.85,
2022-07-27 22:15:00,7.89,
2022-07-27 22:30:00,7.93,
2022-07-27 22:45:00,7.98,
2022-07-27 23:00:00,8.02,
2022-07-27 23:15:00,8.05,
2022-07-27 23:30:00,8.09,
2022-07-27 23:45:00,8.13,
2022-07-28 00:00:00,8.17,
2022-07-28 00:15:00,8.2,
2022-07-28 00:30:00,8.23,
2022-07-28 00:45:00,8.26,
2022-07-28 01:00:00,8.29,
2022-07-28 01:15:00,8.32,
2022-07-28 01:30:00,8.36,
2022-07-28 01:45:00,8.38,
2022-07-28 02:00:00,8.42,
2022-07-28 02:15:00,8.44,
2022-07-28 02:30:00,8.47,
2022-07-28 02:45:00,8.48,
2022-07-28 03:00:00,8.5,
2022-07-28 03:15:00,8.54,
2022-07-28 03:30:00,8.55,
2022-07-28 03:45:00,8.58,
2022-07-28 04:00:00,8.6,
2022-07-28 04:15:00,8.62,
2022-07-28 04:30:00,8.63,
2022-07-28 04:45:00,8.66,
2022-07-28 05:00:00,8.68,
2022-07-28 05:15:00,8.7,
2022-07-28 05:30:00,8.73,
2022-07-28 05:45:00,8.76,
2022-07-28 06:00:00,8.8,
2022-07-28 06:15:00,8.84,
2022-07-28 06:30:00,8.87,
2022-07-28 06:45:00,8.9,
2022-07-28 07:00:00,8.94,
2022-07-28 07:15:00,8.97,
2022-07-28 07:30:00,9.01,
2022-07-28 07:45:00,9.03,
2022-07-28 08:00:00,9.05,
2022-07-28 08:15:00,9.07,
2022-07-28 08:30:00,9.07,
2022-07-28 08:45:00,9.07,
2022-07-28 09:00:00,9.05,
2022-07-28 09:15:00,9.02,
2022-07-28 09:30:00,8.98,
2022-07-28 09:45:00,8.93,
2022-07-28 10:00:00,8.88,
2022-07-28 10:15:00,8.83,
2022-07-28 10:30:00,8.77,
2022-07-28 10:45:00,8.71,
2022-07-28 11:00:00,8.64,
2022-07-28 11:15:00,8.57,
2022-07-28 11:30:00,8.5,
2022-07-28 11:45:00,8.44,
2022-07-28 12:00:00,8.4,
2022-07-28 12:15:00,8.35,
2022-07-28 12:30:00,8.31,
2022-07-28 12:45:00,8.19,
2022-07-28 13:00:00,8.17,
2022-07-28 13:15:00,8.15,
2022-07-28 13:30:00,7.95,
2022-07-28 13:45:00,7.84,
2022-07-28 14:00:00,7.78,
2022-07-28 14:15:00,7.82,
2022-07-28 14:30:00,7.83,
2022-07-28 14:45:00,8.02,
2022-07-28 15:00:00,8.04,
2022-07-28 15:15:00,7.98,
2022-07-28 15:30:00,7.94,
2022-07-28 15:45:00,7.9,
2022-07-28 16:00:00,7.78,
2022-07-28 16:15:00,7.62,
2022-07-28 16:30:00,7.54,
2022-07-28 16:45:00,7.49,
2022-07-28 17:00:00,7.46,
2022-07-28 17:15:00,7.47,
2022-07-28 17:30:00,7.48,
2022-07-28 17:45:00,7.57,
2022-07-28 18:00:00,7.77,
2022-07-28 18:15:00,7.75,
2022-07-28 18:30:00,7.7,
2022-07-28 18:45:00,7.7,
2022-07-28 19:00:00,7.72,
2022-07-28 19:15:00,7.73,
2022-07-28 19:30:00,7.75,
2022-07-28 19:45:00,7.77,
2022-07-28 20:00:00,7.8,
2022-07-28 20:15:00,7.83,
2022-07-28 20:30:00,7.86,
2022-07-28 20:45:00,7.89,
2022-07-28 21:00:00,7.91,
2022-07-28 21:15:00,7.94,
2022-07-28 21:30:00,7.97,
2022-07-28 21:45:00,7.99,
2022-07-28 22:00:00,8.01,
2022-07-28 22:15:00,8.04,
2022-07-28 22:30:00,8.06,
2022-07-28 22:45:00,8.09,
2022-07-28 23:00:00,8.12,
2022-07-28 23:15:00,8.14,
2022-07-28 23:30:00,8.17,
2022-07-28 23:45:00,8.2,
2022-07-29 00:00:00,8.22,
2022-07-29 00:15:00,8.25,
2022-07-29 00:30:00,8.27,
2022-07-29 00:45:00,8.3,
2022-07-29 01:00:00,8.33,
2022-07-29 01:15:00,8.35,
2022-07-29 01:30:00,8.38,
2022-07-29 01:45:00,8.41,
2022-07-29 02:00:00,8.43,
2022-07-29 02:15:00,8.46,
2022-07-29 02:30:00,8.48,
2022-07-29 02:45:00,8.51,
2022-07-29 03:00:00,8.53,
2022-07-29 03:15:00,8.56,
2022-07-29 03:30:00,8.58,
2022-07-29 03:45:00,8.6,
2022-07-29 04:00:00,8.63,
2022-07-29 04:15:00,8.65,
2022-07-29 04:30:00,8.67,
2022-07-29 04:45:00,8.69,
2022-07-29 05:00:00,8.72,
2022-07-29 05:15:00,8.74,
2022-07-29 05:30:00,8.76,
2022-07-29 05:45:00,8.8,
2022-07-29 06:00:00,8.84,
2022-07-29 06:15:00,8.87,
2022-07-29 06:30:00,8.9,
2022-07-29 06:45:00,8.93,
2022-07-29 07:00:00,8.97,
2022-07-29 07:15:00,8.99,
2022-07-29 07:30:00,9.04,
2022-07-29 07:45:00,9.06,
2022-07-29 08:00:00,9.08,
2022-07-29 08:15:00,9.1,
2022-07-29 08:30:00,9.12,
2022-07-29 08:45:00,9.11,
2022-07-29 09:00:00,9.1,
2022-07-29 09:15:00,9.06,
2022-07-29 09:30:00,9.02,
2022-07-29 09:45:00,8.97,
2022-07-29 10:00:00,8.93,
2022-07-29 10:15:00,8.87,
2022-07-29 10:30:00,8.81,
2022-07-29 10:45:00,8.74,
2022-07-29 11:00:00,8.68,
2022-07-29 11:15:00,8.62,
2022-07-29 11:30:00,8.57,
2022-07-29 11:45:00,8.52,
2022-07-29 12:00:00,8.48,
2022-07-29 12:15:00,8.42,
2022-07-29 12:30:00,8.17,
2022-07-29 12:45:00,8.12,
2022-07-29 13:00:00,8.09,
2022-07-29 13:15:00,8.09,
2022-07-29 13:30:00,8.08,
2022-07-29 13:45:00,8.15,
2022-07-29 14:00:00,8.19,
2022-07-29 14:15:00,8.1,
2022-07-29 14:30:00,8.18,
2022-07-29 14:45:00,8.32,
2022-07-29 15:00:00,8.09,
2022-07-29 15:15:00,7.93,
2022-07-29 15:30:00,7.84,
2022-07-29 15:45:00,7.79,
2022-07-29 16:00:00,7.77,
2022-07-29 16:15:00,7.89,
2022-07-29 16:30:00,8.1,
2022-07-29 16:45:00,7.88,
2022-07-29 17:00:00,7.73,
2022-07-29 17:15:00,7.66,
2022-07-29 17:30:00,7.64,
2022-07-29 17:45:00,7.67,
2022-07-29 18:00:00,7.79,
2022-07-29 18:15:00,7.84,
2022-07-29 18:30:00,7.83,
2022-07-29 18:45:00,7.83,
2022-07-29 19:00:00,7.79,
2022-07-29 19:15:00,7.76,
2022-07-29 19:30:00,7.74,
2022-07-29 19:45:00,7.75,
2022-07-29 20:00:00,7.76,
2022-07-29 20:15:00,7.78,
2022-07-29 20:30:00,7.81,
2022-07-29 20:45:00,7.85,
2022-07-29 21:00:00,7.89,
2022-07-29 21:15:00,7.93,
2022-07-29 21:30:00,7.96,
2022-07-29 21:45:00,8.0,
2022-07-29 22:00:00,8.03,
2022-07-29 22:15:00,8.07,
2022-07-29 22:30:00,8.11,
2022-07-29 22:45:00,8.14,
2022-07-29 23:00:00,8.17,
2022-07-29 23:15:00,8.2,
2022-07-29 23:30:00,8.23,
2022-07-29 23:45:00,8.26,
2022-07-30 00:00:00,8.28,
2022-07-30 00:15:00,8.32,
2022-07-30 00:30:00,8.36,
2022-07-30 00:45:00,8.37,
2022-07-30 01:00:00,8.4,
2022-07-30 01:15:00,8.43,
2022-07-30 01:30:00,8.46,
2022-07-30 01:45:00,8.48,
2022-07-30 02:00:00,8.51,
2022-07-30 02:15:00,8.54,
2022-07-30 02:30:00,8.56,
2022-07-30 02:45:00,8.58,
2022-07-30 03:00:00,8.6,
2022-07-30 03:15:00,8.63,
2022-07-30 03:30:00,8.64,
2022-07-30 03:45:00,8.67,
2022-07-30 04:00:00,8.69,
2022-07-30 04:15:00,8.71,
2022-07-30 04:30:00,8.72,
2022-07-30 04:45:00,8.75,
2022-07-30 05:00:00,8.77,
2022-07-30 05:15:00,8.79,
2022-07-30 05:30:00,8.82,
2022-07-30 05:45:00,8.85,
2022-07-30 06:00:00,8.9,
2022-07-30 06:15:00,8.94,
2022-07-30 06:30:00,8.98,
2022-07-30 06:45:00,9.02,
2022-07-30 07:00:00,9.05,
2022-07-30 07:15:00,9.08,
2022-07-30 07:30:00,9.11,
2022-07-30 07:45:00,9.13,
2022-07-30 08:00:00,9.15,
2022-07-30 08:15:00,9.16,
2022-07-30 08:30:00,9.17,
2022-07-30 08:45:00,9.17,
2022-07-30 09:00:00,9.15,
2022-07-30 09:15:00,9.12,
2022-07-30 09:30:00,9.08,
2022-07-30 09:45:00,9.04,
2022-07-30 10:00:00,8.99,
2022-07-30 10:15:00,8.94,
2022-07-30 10:30:00,8.88,
2022-07-30 10:45:00,8.81,
2022-07-30 11:00:00,8.75,
2022-07-30 11:15:00,8.68,
2022-07-30 11:30:00,8.62,
2022-07-30 11:45:00,8.41,
2022-07-30 12:00:00,8.4,
2022-07-30 12:15:00,8.45,
2022-07-30 12:30:00,8.39,
2022-07-30 12:45:00,8.38,
2022-07-30 13:00:00,8.38,
2022-07-30 13:15:00,8.36,
2022-07-30 13:30:00,8.27,
2022-07-30 13:45:00,8.22,
2022-07-30 14:00:00,8.07,
2022-07-30 14:15:00,7.96,
2022-07-30 14:30:00,8.1,
2022-07-30 14:45:00,8.13,
2022-07-30 15:00:00,8.06,
2022-07-30 15:15:00,7.99,
2022-07-30 15:30:00,7.92,
2022-07-30 15:45:00,7.85,
2022-07-30 16:00:00,7.72,
2022-07-30 16:15:00,7.76,
2022-07-30 16:30:00,7.55,
2022-07-30 16:45:00,7.51,
2022-07-30 17:00:00,7.53,
2022-07-30 17:15:00,7.56,
2022-07-30 17:30:00,7.55,
2022-07-30 17:45:00,7.64,
2022-07-30 18:00:00,7.62,
2022-07-30 18:15:00,7.57,
2022-07-30 18:30:00,7.5,
2022-07-30 18:45:00,7.47,
2022-07-30 19:00:00,7.46,
2022-07-30 19:15:00,7.44,
2022-07-30 19:30:00,7.45,
2022-07-30 19:45:00,7.47,
2022-07-30 20:00:00,7.5,
2022-07-30 20:15:00,7.53,
2022-07-30 20:30:00,7.57,
2022-07-30 20:45:00,7.6,
2022-07-30 21:00:00,7.65,
2022-07-30 21:15:00,7.69,
2022-07-30 21:30:00,7.74,
2022-07-30 21:45:00,7.78,
2022-07-30 22:00:00,7.82,
2022-07-30 22:15:00,7.86,
2022-07-30 22:30:00,7.9,
2022-07-30 22:45:00,7.94,
2022-07-30 23:00:00,7.99,
2022-07-30 23:15:00,8.02,
2022-07-30 23:30:00,8.06,
2022-07-30 23:45:00,8.1,
2022-07-31 00:00:00,8.14,
2022-07-31 00:15:00,8.18,
2022-07-31 00:30:00,8.2,
2022-07-31 00:45:00,8.24,
2022-07-31 01:00:00,8.27,
2022-07-31 01:15:00,8.3,
2022-07-31 01:30:00,8.33,
2022-07-31 01:45:00,8.36,
2022-07-31 02:00:00,8.38,
2022-07-31 02:15:00,8.41,
2022-07-31 02:30:00,8.44,
2022-07-31 02:45:00,8.46,
2022-07-31 03:00:00,8.49,
2022-07-31 03:15:00,8.51,
2022-07-31 03:30:00,8.53,
2022-07-31 03:45:00,8.56,
2022-07-31 04:00:00,8.58,
2022-07-31 04:15:00,8.61,
2022-07-31 04:30:00,8.63,
2022-07-31 04:45:00,8.65,
2022-07-31 05:00:00,8.66,
2022-07-31 05:15:00,8.69,
2022-07-31 05:30:00,8.72,
2022-07-31 05:45:00,8.76,
2022-07-31 06:00:00,8.8,
2022-07-31 06:15:00,8.85,
2022-07-31 06:30:00,8.89,
2022-07-31 06:45:00,8.92,
2022-07-31 07:00:00,8.95,
2022-07-31 07:15:00,8.99,
2022-07-31 07:30:00,9.03,
2022-07-31 07:45:00,9.06,
2022-07-31 08:00:00,9.08,
2022-07-31 08:15:00,9.09,
2022-07-31 08:30:00,9.1,
2022-07-31 08:45:00,9.1,
2022-07-31 09:00:00,9.08,
2022-07-31 09:15:00,9.06,
2022-07-31 09:30:00,9.02,
2022-07-31 09:45:00,8.99,
2022-07-31 10:00:00,8.95,
2022-07-31 10:15:00,8.9,
2022-07-31 10:30:00,8.85,
2022-07-31 10:45:00,8.81,
2022-07-31 11:00:00,8.75,
2022-07-31 11:15:00,8.71,
2022-07-31 11:30:00,8.65,
2022-07-31 11:45:00,8.57,
2022-07-31 12:00:00,8.5,
2022-07-31 12:15:00,8.46,
2022-07-31 12:30:00,8.4,
2022-07-31 12:45:00,8.35,
2022-07-31 13:00:00,8.3,
2022-07-31 13:15:00,8.26,
2022-07-31 13:30:00,8.2,
2022-07-31 13:45:00,8.16,
2022-07-31 14:00:00,8.12,
2022-07-31 14:15:00,8.07,
2022-07-31 14:30:00,8.02,
2022-07-31 14:45:00,7.97,
2022-07-31 15:00:00,7.92,
2022-07-31 15:15:00,7.89,
2022-07-31 15:30:00,7.84,
2022-07-31 15:45:00,7.8,
2022-07-31 16:00:00,7.77,
2022-07-31 16:15:00,7.72,
2022-07-31 16:30:00,7.69,
2022-07-31 16:45:00,7.65,
2022-07-31 17:00:00,7.6,
2022-07-31 17:15:00,7.56,
2022-07-31 17:30:00,7.54,
2022-07-31 17:45:00,7.55,
2022-07-31 18:00:00,7.52,
2022-07-31 18:15:00,7.48,
2022-07-31 18:30:00,7.4,
2022-07-31 18:45:00,7.39,
2022-07-31 19:00:00,7.38,
2022-07-31 19:15:00,7.36,
2022-07-31 19:30:00,7.36,
2022-07-31 19:45:00,7.36,
2022-07-31 20:00:00,7.38,
2022-07-31 20:15:00,7.4,
2022-07-31 20:30:00,7.45,
2022-07-31 20:45:00,7.48,
2022-07-31 21:00:00,7.53,
2022-07-31 21:15:00,7.58,
2022-07-31 21:30:00,7.62,
2022-07-31 21:45:00,7.67,
2022-07-31 22:00:00,7.7,
2022-07-31 22:15:00,7.75,
2022-07-31 22:30:00,7.79,
2022-07-31 22:45:00,7.83,
2022-07-31 23:00:00,7.88,
2022-07-31 23:15:00,7.92,
2022-07-31 23:30:00,7.95,
2022-07-31 23:45:00,7.99,
2022-08-01 00:00:00,8.03,
2022-08-01 00:15:00,8.07,
2022-08-01 00:30:00,8.1,
2022-08-01 00:45:00,8.14,
2022-08-01 01:00:00,8.18,
2022-08-01 01:15:00,8.22,
2022-08-01 01:30:00,8.25,
2022-08-01 01:45:00,8.29,
2022-08-01 02:00:00,8.31,
2022-08-01 02:15:00,8.35,
2022-08-01 02:30:00,8.37,
2022-08-01 02:45:00,8.4,
2022-08-01 03:00:00,8.43,
2022-08-01 03:15:00,8.46,
2022-08-01 03:30:00,8.48,
2022-08-01 03:45:00,8.51,
2022-08-01 04:00:00,8.54,
2022-08-01 04:15:00,8.56,
2022-08-01 04:30:00,8.59,
2022-08-01 04:45:00,8.61,
2022-08-01 05:00:00,8.64,
2022-08-01 05:15:00,8.66,
2022-08-01 05:30:00,8.68,
2022-08-01 05:45:00,8.72,
2022-08-01 06:00:00,8.76,
2022-08-01 06:15:00,8.81,
2022-08-01 06:30:00,8.86,
2022-08-01 06:45:00,8.9,
2022-08-01 07:00:00,8.94,
2022-08-01 07:15:00,8.99,
2022-08-01 07:30:00,9.04,
2022-08-01 07:45:00,9.07,
2022-08-01 08:00:00,9.1,
2022-08-01 08:15:00,9.1,
2022-08-01 08:30:00,9.1,
2022-08-01 08:45:00,9.13,
2022-08-01 09:00:00,9.11,
2022-08-01 09:15:00,9.1,
2022-08-01 09:30:00,9.09,
2022-08-01 09:45:00,9.07,
2022-08-01 10:00:00,9.08,
2022-08-01 10:15:00,9.06,
2022-08-01 10:30:00,8.97,
2022-08-01 10:45:00,8.88,
2022-08-01 11:00:00,8.83,
2022-08-01 11:15:00,8.8,
2022-08-01 11:30:00,8.76,
2022-08-01 11:45:00,8.75,
2022-08-01 12:00:00,8.76,
2022-08-01 12:15:00,8.73,
2022-08-01 12:30:00,8.65,
2022-08-01 12:45:00,8.52,
2022-08-01 13:00:00,8.47,
2022-08-01 13:15:00,8.41,
2022-08-01 13:30:00,8.37,
2022-08-01 13:45:00,8.25,
2022-08-01 14:00:00,8.21,
2022-08-01 14:15:00,8.22,
2022-08-01 14:30:00,8.16,
2022-08-01 14:45:00,8.11,
2022-08-01 15:00:00,7.96,
2022-08-01 15:15:00,7.96,
2022-08-01 15:30:00,8.01,
2022-08-01 15:45:00,7.97,
2022-08-01 16:00:00,7.89,
2022-08-01 16:15:00,7.8,
2022-08-01 16:30:00,7.76,
2022-08-01 16:45:00,7.74,
2022-08-01 17:00:00,7.67,
2022-08-01 17:15:00,7.67,
2022-08-01 17:30:00,7.61,
2022-08-01 17:45:00,7.54,
2022-08-01 18:00:00,7.51,
2022-08-01 18:15:00,7.46,
2022-08-01 18:30:00,7.44,
2022-08-01 18:45:00,7.44,
2022-08-01 19:00:00,7.43,
2022-08-01 19:15:00,7.44,
2022-08-01 19:30:00,7.47,
2022-08-01 19:45:00,7.48,
2022-08-01 20:00:00,7.5,
2022-08-01 20:15:00,7.53,
2022-08-01 20:30:00,7.56,
2022-08-01 20:45:00,7.59,
2022-08-01 21:00:00,7.62,
2022-08-01 21:15:00,7.65,
2022-08-01 21:30:00,7.67,
2022-08-01 21:45:00,7.69,
2022-08-01 22:00:00,7.72,
2022-08-01 22:15:00,7.75,
2022-08-01 22:30:00,7.78,
2022-08-01 22:45:00,7.79,
2022-08-01 23:00:00,7.81,
2022-08-01 23:15:00,7.84,
2022-08-01 23:30:00,7.86,
2022-08-01 23:45:00,7.89,
2022-08-02 00:00:00,7.91,
2022-08-02 00:15:00,7.93,
2022-08-02 00:30:00,7.95,
2022-08-02 00:45:00,7.97,
2022-08-02 01:00:00,7.99,
2022-08-02 01:15:00,8.01,
2022-08-02 01:30:00,8.03,
2022-08-02 01:45:00,8.05,
2022-08-02 02:00:00,8.07,
2022-08-02 02:15:00,8.09,
2022-08-02 02:30:00,8.11,
2022-08-02 02:45:00,8.12,
2022-08-02 03:00:00,8.14,
2022-08-02 03:15:00,8.16,
2022-08-02 03:30:00,8.18,
2022-08-02 03:45:00,8.2,
2022-08-02 04:00:00,8.21,
2022-08-02 04:15:00,8.23,
2022-08-02 04:30:00,8.25,
2022-08-02 04:45:00,8.27,
2022-08-02 05:00:00,8.28,
2022-08-02 05:15:00,8.3,
2022-08-02 05:30:00,8.32,
2022-08-02 05:45:00,8.34,
2022-08-02 06:00:00,8.37,
2022-08-02 06:15:00,8.43,
2022-08-02 06:30:00,8.49,
2022-08-02 06:45:00,8.55,
2022-08-02 07:00:00,8.59,
2022-08-02 07:15:00,8.63,
2022-08-02 07:30:00,8.67,
2022-08-02 07:45:00,8.62,
2022-08-02 08:00:00,8.66,
2022-08-02 08:15:00,8.62,
2022-08-02 08:30:00,8.66,
2022-08-02 08:45:00,8.66,
2022-08-02 09:00:00,8.69,
2022-08-02 09:15:00,8.71,
2022-08-02 09:30:00,8.74,
2022-08-02 09:45:00,8.8,
2022-08-02 10:00:00,8.86,
2022-08-02 10:15:00,8.88,
2022-08-02 10:30:00,8.78,
2022-08-02 10:45:00,8.69,
2022-08-02 11:00:00,8.79,
2022-08-02 11:15:00,8.72,
2022-08-02 11:30:00,8.68,
2022-08-02 11:45:00,8.71,
2022-08-02 12:00:00,8.66,
2022-08-02 12:15:00,8.68,
2022-08-02 12:30:00,8.63,
2022-08-02 12:45:00,8.64,
2022-08-02 13:00:00,8.68,
2022-08-02 13:15:00,8.65,
2022-08-02 13:30:00,8.6,
2022-08-02 13:45:00,8.56,
2022-08-02 14:00:00,8.45,
2022-08-02 14:15:00,8.39,
2022-08-02 14:30:00,8.35,
2022-08-02 14:45:00,8.35,
2022-08-02 15:00:00,8.35,
2022-08-02 15:15:00,8.31,
2022-08-02 15:30:00,8.15,
2022-08-02 15:45:00,8.13,
2022-08-02 16:00:00,7.94,
2022-08-02 16:15:00,7.74,
2022-08-02 16:30:00,7.62,
2022-08-02 16:45:00,7.59,
2022-08-02 17:00:00,7.59,
2022-08-02 17:15:00,7.64,
2022-08-02 17:30:00,7.61,
2022-08-02 17:45:00,7.62,
2022-08-02 18:00:00,7.73,
2022-08-02 18:15:00,7.93,
2022-08-02 18:30:00,7.9,
2022-08-02 18:45:00,7.83,
2022-08-02 19:00:00,7.81,
2022-08-02 19:15:00,7.8,
2022-08-02 19:30:00,7.8,
2022-08-02 19:45:00,7.79,
2022-08-02 20:00:00,7.81,
2022-08-02 20:15:00,7.83,
2022-08-02 20:30:00,7.86,
2022-08-02 20:45:00,7.88,
2022-08-02 21:00:00,7.92,
2022-08-02 21:15:00,7.94,
2022-08-02 21:30:00,7.97,
2022-08-02 21:45:00,8.0,
2022-08-02 22:00:00,8.03,
2022-08-02 22:15:00,8.06,
2022-08-02 22:30:00,8.08,
2022-08-02 22:45:00,8.11,
2022-08-02 23:00:00,8.13,
2022-08-02 23:15:00,8.16,
2022-08-02 23:30:00,8.18,
2022-08-02 23:45:00,8.2,
2022-08-03 00:00:00,8.23,
2022-08-03 00:15:00,8.26,
2022-08-03 00:30:00,8.28,
2022-08-03 00:45:00,8.3,
2022-08-03 01:00:00,8.33,
2022-08-03 01:15:00,8.35,
2022-08-03 01:30:00,8.38,
2022-08-03 01:45:00,8.4,
2022-08-03 02:00:00,8.43,
2022-08-03 02:15:00,8.45,
2022-08-03 02:30:00,8.47,
2022-08-03 02:45:00,8.5,
2022-08-03 03:00:00,8.52,
2022-08-03 03:15:00,8.53,
2022-08-03 03:30:00,8.55,
2022-08-03 03:45:00,8.58,
2022-08-03 04:00:00,8.6,
2022-08-03 04:15:00,8.62,
2022-08-03 04:30:00,8.64,
2022-08-03 04:45:00,8.66,
2022-08-03 05:00:00,8.67,
2022-08-03 05:15:00,8.7,
2022-08-03 05:30:00,8.72,
2022-08-03 05:45:00,8.76,
2022-08-03 06:00:00,8.79,
2022-08-03 06:15:00,8.83,
2022-08-03 06:30:00,8.86,
2022-08-03 06:45:00,8.9,
2022-08-03 07:00:00,8.93,
2022-08-03 07:15:00,8.96,
2022-08-03 07:30:00,8.99,
2022-08-03 07:45:00,9.02,
2022-08-03 08:00:00,9.05,
2022-08-03 08:15:00,9.06,
2022-08-03 08:30:00,9.07,
2022-08-03 08:45:00,9.07,
2022-08-03 09:00:00,9.06,
2022-08-03 09:15:00,9.03,
2022-08-03 09:30:00,8.99,
2022-08-03 09:45:00,8.96,
2022-08-03 10:00:00,8.93,
2022-08-03 10:15:00,8.87,
2022-08-03 10:30:00,8.8,
2022-08-03 10:45:00,8.69,
2022-08-03 11:00:00,8.64,
2022-08-03 11:15:00,8.56,
2022-08-03 11:30:00,8.49,
2022-08-03 11:45:00,8.45,
2022-08-03 12:00:00,8.36,
2022-08-03 12:15:00,8.35,
2022-08-03 12:30:00,8.32,
2022-08-03 12:45:00,8.25,
2022-08-03 13:00:00,8.18,
2022-08-03 13:15:00,8.13,
2022-08-03 13:30:00,8.09,
2022-08-03 13:45:00,8.05,
2022-08-03 14:00:00,8.01,
2022-08-03 14:15:00,7.97,
2022-08-03 14:30:00,7.93,
2022-08-03 14:45:00,7.89,
2022-08-03 15:00:00,7.85,
2022-08-03 15:15:00,7.82,
2022-08-03 15:30:00,7.78,
2022-08-03 15:45:00,7.76,
2022-08-03 16:00:00,7.74,
2022-08-03 16:15:00,7.71,
2022-08-03 16:30:00,7.69,
2022-08-03 16:45:00,7.66,
2022-08-03 17:00:00,7.64,
2022-08-03 17:15:00,7.61,
2022-08-03 17:30:00,7.58,
2022-08-03 17:45:00,7.55,
2022-08-03 18:00:00,7.51,
2022-08-03 18:15:00,7.48,
2022-08-03 18:30:00,7.4,
2022-08-03 18:45:00,7.39,
2022-08-03 19:00:00,7.39,
2022-08-03 19:15:00,7.4,
2022-08-03 19:30:00,7.42,
2022-08-03 19:45:00,7.44,
2022-08-03 20:00:00,7.46,
2022-08-03 20:15:00,7.49,
2022-08-03 20:30:00,7.53,
2022-08-03 20:45:00,7.57,
2022-08-03 21:00:00,7.61,
2022-08-03 21:15:00,7.66,
2022-08-03 21:30:00,7.7,
2022-08-03 21:45:00,7.75,
2022-08-03 22:00:00,7.79,
2022-08-03 22:15:00,7.83,
2022-08-03 22:30:00,7.86,
2022-08-03 22:45:00,7.9,
2022-08-03 23:00:00,7.94,
2022-08-03 23:15:00,7.98,
2022-08-03 23:30:00,8.01,
2022-08-03 23:45:00,8.05,
2022-08-04 00:00:00,8.08,
2022-08-04 00:15:00,8.11,
2022-08-04 00:30:00,8.14,
2022-08-04 00:45:00,8.18,
2022-08-04 01:00:00,8.21,
2022-08-04 01:15:00,8.24,
2022-08-04 01:30:00,8.27,
2022-08-04 01:45:00,8.3,
2022-08-04 02:00:00,8.33,
2022-08-04 02:15:00,8.36,
2022-08-04 02:30:00,8.39,
2022-08-04 02:45:00,8.41,
2022-08-04 03:00:00,8.43,
2022-08-04 03:15:00,8.46,
2022-08-04 03:30:00,8.48,
2022-08-04 03:45:00,8.5,
2022-08-04 04:00:00,8.51,
2022-08-04 04:15:00,8.53,
2022-08-04 04:30:00,8.55,
2022-08-04 04:45:00,8.58,
2022-08-04 05:00:00,8.6,
2022-08-04 05:15:00,8.62,
2022-08-04 05:30:00,8.65,
2022-08-04 05:45:00,8.68,
2022-08-04 06:00:00,8.72,
2022-08-04 06:15:00,8.76,
2022-08-04 06:30:00,8.78,
2022-08-04 06:45:00,8.81,
2022-08-04 07:00:00,8.84,
2022-08-04 07:15:00,8.87,
2022-08-04 07:30:00,8.91,
2022-08-04 07:45:00,8.94,
2022-08-04 08:00:00,9.0,
2022-08-04 08:15:00,9.05,
2022-08-04 08:30:00,9.03,
2022-08-04 08:45:00,9.02,
2022-08-04 09:00:00,9.01,
2022-08-04 09:15:00,8.98,
2022-08-04 09:30:00,8.95,
2022-08-04 09:45:00,8.9,
2022-08-04 10:00:00,8.86,
2022-08-04 10:15:00,8.81,
2022-08-04 10:30:00,8.77,
2022-08-04 10:45:00,8.7,
2022-08-04 11:00:00,8.67,
2022-08-04 11:15:00,8.65,
2022-08-04 11:30:00,8.61,
2022-08-04 11:45:00,8.56,
2022-08-04 12:00:00,8.51,
2022-08-04 12:15:00,8.4,
2022-08-04 12:30:00,8.28,
2022-08-04 12:45:00,8.21,
2022-08-04 13:00:00,8.14,
2022-08-04 13:15:00,8.07,
2022-08-04 13:30:00,8.03,
2022-08-04 13:45:00,7.98,
2022-08-04 14:00:00,7.95,
2022-08-04 14:15:00,7.94,
2022-08-04 14:30:00,7.94,
2022-08-04 14:45:00,7.91,
2022-08-04 15:00:00,7.87,
2022-08-04 15:15:00,7.79,
2022-08-04 15:30:00,7.84,
2022-08-04 15:45:00,7.77,
2022-08-04 16:00:00,7.77,
2022-08-04 16:15:00,7.8,
2022-08-04 16:30:00,7.77,
2022-08-04 16:45:00,7.72,
2022-08-04 17:00:00,7.67,
2022-08-04 17:15:00,7.58,
2022-08-04 17:30:00,7.54,
2022-08-04 17:45:00,7.49,
2022-08-04 18:00:00,7.5,
2022-08-04 18:15:00,7.47,
2022-08-04 18:30:00,7.42,
2022-08-04 18:45:00,7.39,
2022-08-04 19:00:00,7.37,
2022-08-04 19:15:00,7.33,
2022-08-04 19:30:00,7.32,
2022-08-04 19:45:00,7.31,
2022-08-04 20:00:00,7.33,
2022-08-04 20:15:00,7.36,
2022-08-04 20:30:00,7.39,
2022-08-04 20:45:00,7.43,
2022-08-04 21:00:00,7.47,
2022-08-04 21:15:00,7.5,
2022-08-04 21:30:00,7.55,
2022-08-04 21:45:00,7.59,
2022-08-04 22:00:00,7.63,
2022-08-04 22:15:00,7.66,
2022-08-04 22:30:00,7.69,
2022-08-04 22:45:00,7.73,
2022-08-04 23:00:00,7.77,
2022-08-04 23:15:00,7.81,
2022-08-04 23:30:00,7.84,
2022-08-04 23:45:00,7.88,
2022-08-05 00:00:00,7.91,
2022-08-05 00:15:00,7.95,
2022-08-05 00:30:00,7.98,
2022-08-05 00:45:00,8.01,
2022-08-05 01:00:00,8.04,
2022-08-05 01:15:00,8.07,
2022-08-05 01:30:00,8.1,
2022-08-05 01:45:00,8.11,
2022-08-05 02:00:00,8.14,
2022-08-05 02:15:00,8.16,
2022-08-05 02:30:00,8.19,
2022-08-05 02:45:00,8.22,
2022-08-05 03:00:00,8.25,
2022-08-05 03:15:00,8.27,
2022-08-05 03:30:00,8.29,
2022-08-05 03:45:00,8.32,
2022-08-05 04:00:00,8.33,
2022-08-05 04:15:00,8.35,
2022-08-05 04:30:00,8.37,
2022-08-05 04:45:00,8.39,
2022-08-05 05:00:00,8.4,
2022-08-05 05:15:00,8.42,
2022-08-05 05:30:00,8.44,
2022-08-05 05:45:00,8.47,
2022-08-05 06:00:00,8.5,
2022-08-05 06:15:00,8.56,
2022-08-05 06:30:00,8.61,
2022-08-05 06:45:00,8.65,
2022-08-05 07:00:00,8.6,
2022-08-05 07:15:00,8.64,
2022-08-05 07:30:00,8.65,
2022-08-05 07:45:00,8.66,
2022-08-05 08:00:00,8.63,
2022-08-05 08:15:00,8.7,
2022-08-05 08:30:00,8.77,
2022-08-05 08:45:00,8.84,
2022-08-05 09:00:00,8.85,
2022-08-05 09:15:00,8.89,
2022-08-05 09:30:00,8.96,
2022-08-05 09:45:00,8.92,
2022-08-05 10:00:00,8.91,
2022-08-05 10:15:00,8.94,
2022-08-05 10:30:00,8.89,
2022-08-05 10:45:00,8.81,
2022-08-05 11:00:00,8.73,
2022-08-05 11:15:00,8.7,
2022-08-05 11:30:00,8.67,
2022-08-05 11:45:00,8.66,
2022-08-05 12:00:00,8.57,
2022-08-05 12:15:00,8.51,
2022-08-05 12:30:00,8.38,
2022-08-05 12:45:00,8.27,
2022-08-05 13:00:00,8.36,
2022-08-05 13:15:00,8.47,
2022-08-05 13:30:00,8.44,
2022-08-05 13:45:00,8.41,
2022-08-05 14:00:00,8.27,
2022-08-05 14:15:00,8.25,
2022-08-05 14:30:00,8.28,
2022-08-05 14:45:00,8.22,
2022-08-05 15:00:00,8.15,
2022-08-05 15:15:00,8.07,
2022-08-05 15:30:00,8.11,
2022-08-05 15:45:00,8.04,
2022-08-05 16:00:00,8.02,
2022-08-05 16:15:00,7.97,
2022-08-05 16:30:00,7.84,
2022-08-05 16:45:00,7.77,
2022-08-05 17:00:00,7.76,
2022-08-05 17:15:00,7.75,
2022-08-05 17:30:00,7.73,
2022-08-05 17:45:00,7.73,
2022-08-05 18:00:00,7.77,
2022-08-05 18:15:00,7.79,
2022-08-05 18:30:00,7.79,
2022-08-05 18:45:00,7.83,
2022-08-05 19:00:00,7.81,
2022-08-05 19:15:00,7.8,
2022-08-05 19:30:00,7.8,
2022-08-05 19:45:00,7.81,
2022-08-05 20:00:00,7.82,
2022-08-05 20:15:00,7.84,
2022-08-05 20:30:00,7.85,
2022-08-05 20:45:00,7.88,
2022-08-05 21:00:00,7.9,
2022-08-05 21:15:00,7.93,
2022-08-05 21:30:00,7.95,
2022-08-05 21:45:00,7.98,
2022-08-05 22:00:00,8.0,
2022-08-05 22:15:00,8.03,
2022-08-05 22:30:00,8.05,
2022-08-05 22:45:00,8.07,
2022-08-05 23:00:00,8.1,
2022-08-05 23:15:00,8.11,
2022-08-05 23:30:00,8.13,
2022-08-05 23:45:00,8.14,
2022-08-06 00:00:00,8.16,
2022-08-06 00:15:00,8.17,
2022-08-06 00:30:00,8.18,
2022-08-06 00:45:00,8.2,
2022-08-06 01:00:00,8.21,
2022-08-06 01:15:00,8.22,
2022-08-06 01:30:00,8.24,
2022-08-06 01:45:00,8.25,
2022-08-06 02:00:00,8.26,
2022-08-06 02:15:00,8.27,
2022-08-06 02:30:00,8.29,
2022-08-06 02:45:00,8.3,
2022-08-06 03:00:00,8.31,
2022-08-06 03:15:00,8.31,
2022-08-06 03:30:00,8.32,
2022-08-06 03:45:00,8.33,
2022-08-06 04:00:00,8.34,
2022-08-06 04:15:00,8.35,
2022-08-06 04:30:00,8.35,
2022-08-06 04:45:00,8.37,
2022-08-06 05:00:00,8.38,
2022-08-06 05:15:00,8.39,
2022-08-06 05:30:00,8.4,
2022-08-06 05:45:00,8.42,
2022-08-06 06:00:00,8.45,
2022-08-06 06:15:00,8.45,
2022-08-06 06:30:00,8.46,
2022-08-06 06:45:00,8.51,
2022-08-06 07:00:00,8.53,
2022-08-06 07:15:00,8.5,
2022-08-06 07:30:00,8.52,
2022-08-06 07:45:00,8.56,
2022-08-06 08:00:00,8.64,
2022-08-06 08:15:00,8.71,
2022-08-06 08:30:00,8.8,
2022-08-06 08:45:00,8.89,
2022-08-06 09:00:00,8.9,
2022-08-06 09:15:00,8.79,
2022-08-06 09:30:00,8.61,
2022-08-06 09:45:00,8.52,
2022-08-06 10:00:00,8.5,
2022-08-06 10:15:00,8.49,
2022-08-06 10:30:00,8.47,
2022-08-06 10:45:00,8.46,
2022-08-06 11:00:00,8.5,
2022-08-06 11:15:00,8.59,
2022-08-06 11:30:00,8.71,
2022-08-06 11:45:00,8.79,
2022-08-06 12:00:00,8.76,
2022-08-06 12:15:00,8.75,
2022-08-06 12:30:00,8.72,
2022-08-06 12:45:00,8.63,
2022-08-06 13:00:00,8.52,
2022-08-06 13:15:00,8.48,
2022-08-06 13:30:00,8.48,
2022-08-06 13:45:00,8.44,
2022-08-06 14:00:00,8.39,
2022-08-06 14:15:00,8.36,
2022-08-06 14:30:00,8.28,
2022-08-06 14:45:00,8.27,
2022-08-06 15:00:00,8.31,
2022-08-06 15:15:00,8.36,
2022-08-06 15:30:00,8.35,
2022-08-06 15:45:00,8.37,
2022-08-06 16:00:00,8.34,
2022-08-06 16:15:00,8.33,
2022-08-06 16:30:00,8.36,
2022-08-06 16:45:00,8.38,
2022-08-06 17:00:00,8.39,
2022-08-06 17:15:00,8.44,
2022-08-06 17:30:00,8.46,
2022-08-06 17:45:00,8.49,
2022-08-06 18:00:00,8.45,
2022-08-06 18:15:00,8.43,
2022-08-06 18:30:00,8.35,
2022-08-06 18:45:00,8.3,
2022-08-06 19:00:00,8.27,
2022-08-06 19:15:00,8.27,
2022-08-06 19:30:00,8.25,
2022-08-06 19:45:00,8.26,
2022-08-06 20:00:00,8.26,
2022-08-06 20:15:00,8.27,
2022-08-06 20:30:00,8.29,
2022-08-06 20:45:00,8.31,
2022-08-06 21:00:00,8.34,
2022-08-06 21:15:00,8.36,
2022-08-06 21:30:00,8.38,
2022-08-06 21:45:00,8.4,
2022-08-06 22:00:00,8.41,
2022-08-06 22:15:00,8.43,
2022-08-06 22:30:00,8.45,
2022-08-06 22:45:00,8.47,
2022-08-06 23:00:00,8.48,
2022-08-06 23:15:00,8.49,
2022-08-06 23:30:00,8.51,
2022-08-06 23:45:00,8.53,
2022-08-07 00:00:00,8.54,
2022-08-07 00:15:00,8.55,
2022-08-07 00:30:00,8.56,
2022-08-07 00:45:00,8.57,
2022-08-07 01:00:00,8.58,
2022-08-07 01:15:00,8.59,
2022-08-07 01:30:00,8.6,
2022-08-07 01:45:00,8.61,
2022-08-07 02:00:00,8.62,
2022-08-07 02:15:00,8.62,
2022-08-07 02:30:00,8.63,
2022-08-07 02:45:00,8.64,
2022-08-07 03:00:00,8.65,
2022-08-07 03:15:00,8.66,
2022-08-07 03:30:00,8.67,
2022-08-07 03:45:00,8.68,
2022-08-07 04:00:00,8.69,
2022-08-07 04:15:00,8.69,
2022-08-07 04:30:00,8.71,
2022-08-07 04:45:00,8.72,
2022-08-07 05:00:00,8.73,
2022-08-07 05:15:00,8.75,
2022-08-07 05:30:00,8.76,
2022-08-07 05:45:00,8.8,
2022-08-07 06:00:00,8.84,
2022-08-07 06:15:00,8.88,
2022-08-07 06:30:00,8.92,
2022-08-07 06:45:00,8.96,
2022-08-07 07:00:00,9.0,
2022-08-07 07:15:00,9.04,
2022-08-07 07:30:00,9.06,
2022-08-07 07:45:00,9.11,
2022-08-07 08:00:00,9.14,
2022-08-07 08:15:00,9.16,
2022-08-07 08:30:00,9.18,
2022-08-07 08:45:00,9.18,
2022-08-07 09:00:00,9.17,
2022-08-07 09:15:00,9.14,
2022-08-07 09:30:00,9.11,
2022-08-07 09:45:00,9.07,
2022-08-07 10:00:00,9.03,
2022-08-07 10:15:00,8.99,
2022-08-07 10:30:00,8.93,
2022-08-07 10:45:00,8.87,
2022-08-07 11:00:00,8.81,
2022-08-07 11:15:00,8.75,
2022-08-07 11:30:00,8.68,
2022-08-07 11:45:00,8.62,
2022-08-07 12:00:00,8.56,
2022-08-07 12:15:00,8.5,
2022-08-07 12:30:00,8.44,
2022-08-07 12:45:00,8.38,
2022-08-07 13:00:00,8.34,
2022-08-07 13:15:00,8.29,
2022-08-07 13:30:00,8.23,
2022-08-07 13:45:00,8.19,
2022-08-07 14:00:00,8.15,
2022-08-07 14:15:00,8.12,
2022-08-07 14:30:00,8.07,
2022-08-07 14:45:00,8.04,
2022-08-07 15:00:00,8.0,
2022-08-07 15:15:00,7.96,
2022-08-07 15:30:00,7.91,
2022-08-07 15:45:00,7.88,
2022-08-07 16:00:00,7.85,
2022-08-07 16:15:00,7.82,
2022-08-07 16:30:00,7.79,
2022-08-07 16:45:00,7.76,
2022-08-07 17:00:00,7.73,
2022-08-07 17:15:00,7.7,
2022-08-07 17:30:00,7.68,
2022-08-07 17:45:00,7.65,
2022-08-07 18:00:00,7.62,
2022-08-07 18:15:00,7.59,
2022-08-07 18:30:00,7.52,
2022-08-07 18:45:00,7.52,
2022-08-07 19:00:00,7.53,
2022-08-07 19:15:00,7.55,
2022-08-07 19:30:00,7.57,
2022-08-07 19:45:00,7.6,
2022-08-07 20:00:00,7.63,
2022-08-07 20:15:00,7.67,
2022-08-07 20:30:00,7.72,
2022-08-07 20:45:00,7.76,
2022-08-07 21:00:00,7.81,
2022-08-07 21:15:00,7.85,
2022-08-07 21:30:00,7.89,
2022-08-07 21:45:00,7.94,
2022-08-07 22:00:00,7.99,
2022-08-07 22:15:00,8.04,
2022-08-07 22:30:00,8.08,
2022-08-07 22:45:00,8.11,
2022-08-07 23:00:00,8.14,
2022-08-07 23:15:00,8.17,
2022-08-07 23:30:00,8.2,
2022-08-07 23:45:00,8.23,
2022-08-08 00:00:00,8.26,
2022-08-08 00:15:00,8.29,
2022-08-08 00:30:00,8.33,
2022-08-08 00:45:00,8.36,
2022-08-08 01:00:00,8.39,
2022-08-08 01:15:00,8.42,
2022-08-08 01:30:00,8.45,
2022-08-08 01:45:00,8.48,
2022-08-08 02:00:00,8.51,
2022-08-08 02:15:00,8.54,
2022-08-08 02:30:00,8.57,
2022-08-08 02:45:00,8.6,
2022-08-08 03:00:00,8.63,
2022-08-08 03:15:00,8.66,
2022-08-08 03:30:00,8.69,
2022-08-08 03:45:00,8.72,
2022-08-08 04:00:00,8.75,
2022-08-08 04:15:00,8.78,
2022-08-08 04:30:00,8.8,
2022-08-08 04:45:00,8.83,
2022-08-08 05:00:00,8.86,
2022-08-08 05:15:00,8.89,
2022-08-08 05:30:00,8.92,
2022-08-08 05:45:00,8.96,
2022-08-08 06:00:00,9.01,
2022-08-08 06:15:00,9.05,
2022-08-08 06:30:00,9.09,
2022-08-08 06:45:00,9.13,
2022-08-08 07:00:00,9.17,
2022-08-08 07:15:00,9.2,
2022-08-08 07:30:00,9.24,
2022-08-08 07:45:00,9.28,
2022-08-08 08:00:00,9.31,
2022-08-08 08:15:00,9.32,
2022-08-08 08:30:00,9.34,
2022-08-08 08:45:00,9.34,
2022-08-08 09:00:00,9.33,
2022-08-08 09:15:00,9.3,
2022-08-08 09:30:00,9.26,
2022-08-08 09:45:00,9.21,
2022-08-08 10:00:00,9.16,
2022-08-08 10:15:00,9.1,
2022-08-08 10:30:00,9.04,
2022-08-08 10:45:00,8.97,
2022-08-08 11:00:00,8.9,
2022-08-08 11:15:00,8.82,
2022-08-08 11:30:00,8.76,
2022-08-08 11:45:00,8.69,
2022-08-08 12:00:00,8.61,
2022-08-08 12:15:00,8.53,
2022-08-08 12:30:00,8.46,
2022-08-08 12:45:00,8.4,
2022-08-08 13:00:00,8.33,
2022-08-08 13:15:00,8.28,
2022-08-08 13:30:00,8.23,
2022-08-08 13:45:00,8.17,
2022-08-08 14:00:00,8.13,
2022-08-08 14:15:00,8.08,
2022-08-08 14:30:00,8.04,
2022-08-08 14:45:00,8.0,
2022-08-08 15:00:00,7.95,
2022-08-08 15:15:00,7.92,
2022-08-08 15:30:00,7.87,
2022-08-08 15:45:00,7.84,
2022-08-08 16:00:00,7.79,
2022-08-08 16:15:00,7.76,
2022-08-08 16:30:00,7.73,
2022-08-08 16:45:00,7.7,
2022-08-08 17:00:00,7.67,
2022-08-08 17:15:00,7.64,
2022-08-08 17:30:00,7.61,
2022-08-08 17:45:00,7.58,
2022-08-08 18:00:00,7.55,
2022-08-08 18:15:00,7.52,
2022-08-08 18:30:00,7.44,
2022-08-08 18:45:00,7.44,
2022-08-08 19:00:00,7.45,
2022-08-08 19:15:00,7.47,
2022-08-08 19:30:00,7.5,
2022-08-08 19:45:00,7.53,
2022-08-08 20:00:00,7.56,
2022-08-08 20:15:00,7.6,
2022-08-08 20:30:00,7.64,
2022-08-08 20:45:00,7.69,
2022-08-08 21:00:00,7.74,
2022-08-08 21:15:00,7.79,
2022-08-08 21:30:00,7.83,
2022-08-08 21:45:00,7.88,
2022-08-08 22:00:00,7.92,
2022-08-08 22:15:00,7.97,
2022-08-08 22:30:00,8.01,
2022-08-08 22:45:00,8.05,
2022-08-08 23:00:00,8.08,
2022-08-08 23:15:00,8.11,
2022-08-08 23:30:00,8.15,
2022-08-08 23:45:00,8.19,
2022-08-09 00:00:00,8.22,
2022-08-09 00:15:00,8.26,
2022-08-09 00:30:00,8.3,
2022-08-09 00:45:00,8.33,
2022-08-09 01:00:00,8.35,
2022-08-09 01:15:00,8.38,
2022-08-09 01:30:00,8.41,
2022-08-09 01:45:00,8.44,
2022-08-09 02:00:00,8.47,
2022-08-09 02:15:00,8.5,
2022-08-09 02:30:00,8.53,
2022-08-09 02:45:00,8.55,
2022-08-09 03:00:00,8.58,
2022-08-09 03:15:00,8.6,
2022-08-09 03:30:00,8.63,
2022-08-09 03:45:00,8.66,
2022-08-09 04:00:00,8.68,
2022-08-09 04:15:00,8.71,
2022-08-09 04:30:00,8.73,
2022-08-09 04:45:00,8.76,
2022-08-09 05:00:00,8.78,
2022-08-09 05:15:00,8.81,
2022-08-09 05:30:00,8.83,
2022-08-09 05:45:00,8.87,
2022-08-09 06:00:00,8.9,
2022-08-09 06:15:00,8.94,
2022-08-09 06:30:00,8.97,
2022-08-09 06:45:00,9.01,
2022-08-09 07:00:00,9.04,
2022-08-09 07:15:00,9.07,
2022-08-09 07:30:00,9.1,
2022-08-09 07:45:00,9.14,
2022-08-09 08:00:00,9.17,
2022-08-09 08:15:00,9.19,
2022-08-09 08:30:00,9.19,
2022-08-09 08:45:00,9.2,
2022-08-09 09:00:00,9.19,
2022-08-09 09:15:00,9.16,
2022-08-09 09:30:00,9.12,
2022-08-09 09:45:00,9.09,
2022-08-09 10:00:00,9.03,
2022-08-09 10:15:00,8.97,
2022-08-09 10:30:00,8.91,
2022-08-09 10:45:00,8.85,
2022-08-09 11:00:00,8.78,
2022-08-09 11:15:00,8.7,
2022-08-09 11:30:00,8.63,
2022-08-09 11:45:00,8.56,
2022-08-09 12:00:00,8.49,
2022-08-09 12:15:00,8.41,
2022-08-09 12:30:00,8.35,
2022-08-09 12:45:00,8.28,
2022-08-09 13:00:00,8.23,
2022-08-09 13:15:00,8.17,
2022-08-09 13:30:00,8.12,
2022-08-09 13:45:00,8.07,
2022-08-09 14:00:00,8.03,
2022-08-09 14:15:00,7.97,
2022-08-09 14:30:00,7.94,
2022-08-09 14:45:00,7.9,
2022-08-09 15:00:00,7.86,
2022-08-09 15:15:00,7.81,
2022-08-09 15:30:00,7.77,
2022-08-09 15:45:00,7.72,
2022-08-09 16:00:00,7.68,
2022-08-09 16:15:00,7.65,
2022-08-09 16:30:00,7.62,
2022-08-09 16:45:00,7.59,
2022-08-09 17:00:00,7.55,
2022-08-09 17:15:00,7.52,
2022-08-09 17:30:00,7.5,
2022-08-09 17:45:00,7.46,
2022-08-09 18:00:00,7.43,
2022-08-09 18:15:00,7.39,
2022-08-09 18:30:00,7.32,
2022-08-09 18:45:00,7.32,
2022-08-09 19:00:00,7.33,
2022-08-09 19:15:00,7.36,
2022-08-09 19:30:00,7.38,
2022-08-09 19:45:00,7.41,
2022-08-09 20:00:00,7.44,
2022-08-09 20:15:00,7.49,
2022-08-09 20:30:00,7.53,
2022-08-09 20:45:00,7.58,
2022-08-09 21:00:00,7.62,
2022-08-09 21:15:00,7.68,
2022-08-09 21:30:00,7.72,
2022-08-09 21:45:00,7.77,
2022-08-09 22:00:00,7.81,
2022-08-09 22:15:00,7.85,
2022-08-09 22:30:00,7.89,
2022-08-09 22:45:00,7.93,
2022-08-09 23:00:00,7.97,
2022-08-09 23:15:00,8.0,
2022-08-09 23:30:00,8.04,
2022-08-09 23:45:00,8.07,
2022-08-10 00:00:00,8.11,
2022-08-10 00:15:00,8.15,
2022-08-10 00:30:00,8.17,
2022-08-10 00:45:00,8.2,
2022-08-10 01:00:00,8.23,
2022-08-10 01:15:00,8.26,
2022-08-10 01:30:00,8.29,
2022-08-10 01:45:00,8.31,
2022-08-10 02:00:00,8.34,
2022-08-10 02:15:00,8.36,
2022-08-10 02:30:00,8.39,
2022-08-10 02:45:00,8.41,
2022-08-10 03:00:00,8.42,
2022-08-10 03:15:00,8.45,
2022-08-10 03:30:00,8.46,
2022-08-10 03:45:00,8.48,
2022-08-10 04:00:00,8.49,
2022-08-10 04:15:00,8.5,
2022-08-10 04:30:00,8.52,
2022-08-10 04:45:00,8.54,
2022-08-10 05:00:00,8.55,
2022-08-10 05:15:00,8.57,
2022-08-10 05:30:00,8.59,
2022-08-10 05:45:00,8.62,
2022-08-10 06:00:00,8.66,
2022-08-10 06:15:00,8.7,
2022-08-10 06:30:00,8.75,
2022-08-10 06:45:00,8.78,
2022-08-10 07:00:00,8.82,
2022-08-10 07:15:00,8.84,
2022-08-10 07:30:00,8.88,
2022-08-10 07:45:00,8.92,
2022-08-10 08:00:00,8.95,
2022-08-10 08:15:00,8.98,
2022-08-10 08:30:00,9.0,
2022-08-10 08:45:00,9.01,
2022-08-10 09:00:00,9.0,
2022-08-10 09:15:00,8.98,
2022-08-10 09:30:00,8.95,
2022-08-10 09:45:00,8.92,
2022-08-10 10:00:00,8.86,
2022-08-10 10:15:00,8.8,
2022-08-10 10:30:00,8.75,
2022-08-10 10:45:00,8.73,
2022-08-10 11:00:00,8.65,
2022-08-10 11:15:00,8.49,
2022-08-10 11:30:00,8.44,
2022-08-10 11:45:00,8.45,
2022-08-10 12:00:00,8.37,
2022-08-10 12:15:00,8.44,
2022-08-10 12:30:00,8.53,
2022-08-10 12:45:00,8.57,
2022-08-10 13:00:00,8.56,
2022-08-10 13:15:00,8.54,
2022-08-10 13:30:00,8.48,
2022-08-10 13:45:00,8.41,
2022-08-10 14:00:00,8.27,
2022-08-10 14:15:00,8.23,
2022-08-10 14:30:00,8.23,
2022-08-10 14:45:00,8.2,
2022-08-10 15:00:00,8.11,
2022-08-10 15:15:00,8.08,
2022-08-10 15:30:00,8.08,
2022-08-10 15:45:00,8.07,
2022-08-10 16:00:00,8.09,
2022-08-10 16:15:00,8.03,
2022-08-10 16:30:00,7.97,
2022-08-10 16:45:00,7.91,
2022-08-10 17:00:00,7.88,
2022-08-10 17:15:00,7.88,
2022-08-10 17:30:00,7.81,
2022-08-10 17:45:00,7.75,
2022-08-10 18:00:00,7.69,
2022-08-10 18:15:00,7.57,
2022-08-10 18:30:00,7.55,
2022-08-10 18:45:00,7.51,
2022-08-10 19:00:00,7.49,
2022-08-10 19:15:00,7.49,
2022-08-10 19:30:00,7.48,
2022-08-10 19:45:00,7.49,
2022-08-10 20:00:00,7.5,
2022-08-10 20:15:00,7.52,
2022-08-10 20:30:00,7.55,
2022-08-10 20:45:00,7.58,
2022-08-10 21:00:00,7.61,
2022-08-10 21:15:00,7.65,
2022-08-10 21:30:00,7.68,
2022-08-10 21:45:00,7.71,
2022-08-10 22:00:00,7.75,
2022-08-10 22:15:00,7.78,
2022-08-10 22:30:00,7.82,
2022-08-10 22:45:00,7.84,
2022-08-10 23:00:00,7.87,
2022-08-10 23:15:00,7.89,
2022-08-10 23:30:00,7.92,
2022-08-10 23:45:00,7.95,
2022-08-11 00:00:00,7.97,
2022-08-11 00:15:00,7.99,
2022-08-11 00:30:00,8.02,
2022-08-11 00:45:00,8.03,
2022-08-11 01:00:00,8.06,
2022-08-11 01:15:00,8.07,
2022-08-11 01:30:00,8.09,
2022-08-11 01:45:00,8.11,
2022-08-11 02:00:00,8.13,
2022-08-11 02:15:00,8.15,
2022-08-11 02:30:00,8.17,
2022-08-11 02:45:00,8.18,
2022-08-11 03:00:00,8.21,
2022-08-11 03:15:00,8.23,
2022-08-11 03:30:00,8.24,
2022-08-11 03:45:00,8.27,
2022-08-11 04:00:00,8.3,
2022-08-11 04:15:00,8.32,
2022-08-11 04:30:00,8.34,
2022-08-11 04:45:00,8.36,
2022-08-11 05:00:00,8.38,
2022-08-11 05:15:00,8.41,
2022-08-11 05:30:00,8.43,
2022-08-11 05:45:00,8.47,
2022-08-11 06:00:00,8.51,
2022-08-11 06:15:00,8.57,
2022-08-11 06:30:00,8.61,
2022-08-11 06:45:00,8.67,
2022-08-11 07:00:00,8.74,
2022-08-11 07:15:00,8.78,
2022-08-11 07:30:00,8.85,
2022-08-11 07:45:00,8.91,
2022-08-11 08:00:00,8.86,
2022-08-11 08:15:00,8.81,
2022-08-11 08:30:00,8.78,
2022-08-11 08:45:00,8.86,
2022-08-11 09:00:00,8.89,
2022-08-11 09:15:00,8.92,
2022-08-11 09:30:00,8.9,
2022-08-11 09:45:00,8.83,
2022-08-11 10:00:00,8.82,
2022-08-11 10:15:00,8.8,
2022-08-11 10:30:00,8.79,
2022-08-11 10:45:00,8.74,
2022-08-11 11:00:00,8.68,
2022-08-11 11:15:00,8.63,
2022-08-11 11:30:00,8.56,
2022-08-11 11:45:00,8.55,
2022-08-11 12:00:00,8.55,
2022-08-11 12:15:00,8.47,
2022-08-11 12:30:00,8.34,
2022-08-11 12:45:00,8.4,
2022-08-11 13:00:00,8.41,
2022-08-11 13:15:00,8.41,
2022-08-11 13:30:00,8.5,
2022-08-11 13:45:00,8.47,
2022-08-11 14:00:00,8.39,
2022-08-11 14:15:00,8.28,
2022-08-11 14:30:00,8.24,
2022-08-11 14:45:00,8.2,
2022-08-11 15:00:00,8.17,
2022-08-11 15:15:00,8.11,
2022-08-11 15:30:00,8.05,
2022-08-11 15:45:00,8.02,
2022-08-11 16:00:00,7.91,
2022-08-11 16:15:00,7.94,
2022-08-11 16:30:00,7.94,
2022-08-11 16:45:00,7.96,
2022-08-11 17:00:00,7.93,
2022-08-11 17:15:00,7.88,
2022-08-11 17:30:00,7.79,
2022-08-11 17:45:00,7.73,
2022-08-11 18:00:00,7.67,
2022-08-11 18:15:00,7.59,
2022-08-11 18:30:00,7.49,
2022-08-11 18:45:00,7.47,
2022-08-11 19:00:00,7.45,
2022-08-11 19:15:00,7.45,
2022-08-11 19:30:00,7.46,
2022-08-11 19:45:00,7.48,
2022-08-11 20:00:00,7.5,
2022-08-11 20:15:00,7.54,
2022-08-11 20:30:00,7.57,
2022-08-11 20:45:00,7.6,
2022-08-11 21:00:00,7.64,
2022-08-11 21:15:00,7.68,
2022-08-11 21:30:00,7.7,
2022-08-11 21:45:00,7.74,
2022-08-11 22:00:00,7.77,
2022-08-11 22:15:00,7.8,
2022-08-11 22:30:00,7.83,
2022-08-11 22:45:00,7.86,
2022-08-11 23:00:00,7.89,
2022-08-11 23:15:00,7.92,
2022-08-11 23:30:00,7.95,
2022-08-11 23:45:00,7.98,
2022-08-12 00:00:00,8.0,
2022-08-12 00:15:00,8.03,
2022-08-12 00:30:00,8.05,
2022-08-12 00:45:00,8.07,
2022-08-12 01:00:00,8.09,
2022-08-12 01:15:00,8.13,
2022-08-12 01:30:00,8.15,
2022-08-12 01:45:00,8.16,
2022-08-12 02:00:00,8.18,
2022-08-12 02:15:00,8.19,
2022-08-12 02:30:00,8.21,
2022-08-12 02:45:00,8.23,
2022-08-12 03:00:00,8.25,
2022-08-12 03:15:00,8.26,
2022-08-12 03:30:00,8.28,
2022-08-12 03:45:00,8.29,
2022-08-12 04:00:00,8.31,
2022-08-12 04:15:00,8.32,
2022-08-12 04:30:00,8.33,
2022-08-12 04:45:00,8.34,
2022-08-12 05:00:00,8.35,
2022-08-12 05:15:00,8.37,
2022-08-12 05:30:00,8.38,
2022-08-12 05:45:00,8.41,
2022-08-12 06:00:00,8.46,
2022-08-12 06:15:00,8.51,
2022-08-12 06:30:00,8.57,
2022-08-12 06:45:00,8.62,
2022-08-12 07:00:00,8.65,
2022-08-12 07:15:00,8.67,
2022-08-12 07:30:00,8.68,
2022-08-12 07:45:00,8.71,
2022-08-12 08:00:00,8.74,
2022-08-12 08:15:00,8.75,
2022-08-12 08:30:00,8.75,
2022-08-12 08:45:00,8.74,
2022-08-12 09:00:00,8.79,
2022-08-12 09:15:00,8.85,
2022-08-12 09:30:00,8.84,
2022-08-12 09:45:00,8.85,
2022-08-12 10:00:00,8.85,
2022-08-12 10:15:00,8.85,
2022-08-12 10:30:00,8.8,
2022-08-12 10:45:00,8.79,
2022-08-12 11:00:00,8.74,
2022-08-12 11:15:00,8.7,
2022-08-12 11:30:00,8.7,
2022-08-12 11:45:00,8.64,
2022-08-12 12:00:00,8.49,
2022-08-12 12:15:00,8.42,
2022-08-12 12:30:00,8.4,
2022-08-12 12:45:00,8.4,
2022-08-12 13:00:00,8.41,
2022-08-12 13:15:00,8.37,
2022-08-12 13:30:00,8.3,
2022-08-12 13:45:00,8.22,
2022-08-12 14:00:00,8.15,
2022-08-12 14:15:00,8.1,
2022-08-12 14:30:00,8.03,
2022-08-12 14:45:00,7.85,
2022-08-12 15:00:00,7.63,
2022-08-12 15:15:00,7.73,
2022-08-12 15:30:00,7.84,
2022-08-12 15:45:00,7.88,
2022-08-12 16:00:00,7.84,
2022-08-12 16:15:00,7.77,
2022-08-12 16:30:00,7.71,
2022-08-12 16:45:00,7.58,
2022-08-12 17:00:00,7.45,
2022-08-12 17:15:00,7.49,
2022-08-12 17:30:00,7.62,
2022-08-12 17:45:00,7.43,
2022-08-12 18:00:00,7.39,
2022-08-12 18:15:00,7.44,
2022-08-12 18:30:00,7.46,
2022-08-12 18:45:00,7.44,
2022-08-12 19:00:00,7.4,
2022-08-12 19:15:00,7.39,
2022-08-12 19:30:00,7.4,
2022-08-12 19:45:00,7.41,
2022-08-12 20:00:00,7.43,
2022-08-12 20:15:00,7.46,
2022-08-12 20:30:00,7.49,
2022-08-12 20:45:00,7.53,
2022-08-12 21:00:00,7.57,
2022-08-12 21:15:00,7.61,
2022-08-12 21:30:00,7.65,
2022-08-12 21:45:00,7.69,
2022-08-12 22:00:00,7.72,
2022-08-12 22:15:00,7.76,
2022-08-12 22:30:00,7.79,
2022-08-12 22:45:00,7.83,
2022-08-12 23:00:00,7.85,
2022-08-12 23:15:00,7.89,
2022-08-12 23:30:00,7.92,
2022-08-12 23:45:00,7.95,
2022-08-13 00:00:00,7.97,
2022-08-13 00:15:00,8.0,
2022-08-13 00:30:00,8.03,
2022-08-13 00:45:00,8.05,
2022-08-13 01:00:00,8.08,
2022-08-13 01:15:00,8.11,
2022-08-13 01:30:00,8.13,
2022-08-13 01:45:00,8.16,
2022-08-13 02:00:00,8.18,
2022-08-13 02:15:00,8.2,
2022-08-13 02:30:00,8.22,
2022-08-13 02:45:00,8.24,
2022-08-13 03:00:00,8.25,
2022-08-13 03:15:00,8.27,
2022-08-13 03:30:00,8.29,
2022-08-13 03:45:00,8.29,
2022-08-13 04:00:00,8.3,
2022-08-13 04:15:00,8.31,
2022-08-13 04:30:00,8.33,
2022-08-13 04:45:00,8.34,
2022-08-13 05:00:00,8.35,
2022-08-13 05:15:00,8.36,
2022-08-13 05:30:00,8.38,
2022-08-13 05:45:00,8.43,
2022-08-13 06:00:00,8.48,
2022-08-13 06:15:00,8.47,
2022-08-13 06:30:00,8.46,
2022-08-13 06:45:00,8.48,
2022-08-13 07:00:00,8.48,
2022-08-13 07:15:00,8.48,
2022-08-13 07:30:00,8.5,
2022-08-13 07:45:00,8.5,
2022-08-13 08:00:00,8.5,
2022-08-13 08:15:00,8.51,
2022-08-13 08:30:00,8.53,
2022-08-13 08:45:00,8.56,
2022-08-13 09:00:00,8.61,
2022-08-13 09:15:00,8.67,
2022-08-13 09:30:00,8.79,
2022-08-13 09:45:00,8.89,
2022-08-13 10:00:00,8.94,
2022-08-13 10:15:00,8.93,
2022-08-13 10:30:00,8.9,
2022-08-13 10:45:00,8.89,
2022-08-13 11:00:00,8.9,
2022-08-13 11:15:00,8.85,
2022-08-13 11:30:00,8.64,
2022-08-13 11:45:00,8.54,
2022-08-13 12:00:00,8.61,
2022-08-13 12:15:00,8.64,
2022-08-13 12:30:00,8.73,
2022-08-13 12:45:00,8.67,
2022-08-13 13:00:00,8.62,
2022-08-13 13:15:00,8.66,
2022-08-13 13:30:00,8.74,
2022-08-13 13:45:00,8.68,
2022-08-13 14:00:00,8.6,
2022-08-13 14:15:00,8.6,
2022-08-13 14:30:00,8.59,
2022-08-13 14:45:00,8.5,
2022-08-13 15:00:00,8.37,
2022-08-13 15:15:00,8.35,
2022-08-13 15:30:00,8.3,
2022-08-13 15:45:00,8.28,
2022-08-13 16:00:00,8.19,
2022-08-13 16:15:00,8.18,
2022-08-13 16:30:00,8.13,
2022-08-13 16:45:00,8.07,
2022-08-13 17:00:00,8.06,
2022-08-13 17:15:00,8.06,
2022-08-13 17:30:00,8.02,
2022-08-13 17:45:00,7.99,
2022-08-13 18:00:00,8.03,
2022-08-13 18:15:00,7.98,
2022-08-13 18:30:00,7.91,
2022-08-13 18:45:00,7.88,
2022-08-13 19:00:00,7.88,
2022-08-13 19:15:00,7.87,
2022-08-13 19:30:00,7.87,
2022-08-13 19:45:00,7.88,
2022-08-13 20:00:00,7.9,
2022-08-13 20:15:00,7.92,
2022-08-13 20:30:00,7.95,
2022-08-13 20:45:00,7.97,
2022-08-13 21:00:00,8.0,
2022-08-13 21:15:00,8.03,
2022-08-13 21:30:00,8.05,
2022-08-13 21:45:00,8.08,
2022-08-13 22:00:00,8.11,
2022-08-13 22:15:00,8.13,
2022-08-13 22:30:00,8.15,
2022-08-13 22:45:00,8.17,
2022-08-13 23:00:00,8.19,
2022-08-13 23:15:00,8.21,
2022-08-13 23:30:00,8.24,
2022-08-13 23:45:00,8.26,
2022-08-14 00:00:00,8.27,
2022-08-14 00:15:00,8.29,
2022-08-14 00:30:00,8.32,
2022-08-14 00:45:00,8.33,
2022-08-14 01:00:00,8.34,
2022-08-14 01:15:00,8.36,
2022-08-14 01:30:00,8.37,
2022-08-14 01:45:00,8.38,
2022-08-14 02:00:00,8.39,
2022-08-14 02:15:00,8.41,
2022-08-14 02:30:00,8.42,
2022-08-14 02:45:00,8.43,
2022-08-14 03:00:00,8.44,
2022-08-14 03:15:00,8.45,
2022-08-14 03:30:00,8.47,
2022-08-14 03:45:00,8.48,
2022-08-14 04:00:00,8.49,
2022-08-14 04:15:00,8.5,
2022-08-14 04:30:00,8.52,
2022-08-14 04:45:00,8.53,
2022-08-14 05:00:00,8.54,
2022-08-14 05:15:00,8.56,
2022-08-14 05:30:00,8.58,
2022-08-14 05:45:00,8.6,
2022-08-14 06:00:00,8.64,
2022-08-14 06:15:00,8.7,
2022-08-14 06:30:00,8.76,
2022-08-14 06:45:00,8.81,
2022-08-14 07:00:00,8.84,
2022-08-14 07:15:00,8.87,
2022-08-14 07:30:00,8.93,
2022-08-14 07:45:00,8.98,
2022-08-14 08:00:00,8.99,
2022-08-14 08:15:00,8.97,
2022-08-14 08:30:00,8.96,
2022-08-14 08:45:00,8.96,
2022-08-14 09:00:00,8.97,
2022-08-14 09:15:00,8.99,
2022-08-14 09:30:00,8.99,
2022-08-14 09:45:00,8.98,
2022-08-14 10:00:00,8.96,
2022-08-14 10:15:00,8.95,
2022-08-14 10:30:00,8.93,
2022-08-14 10:45:00,8.88,
2022-08-14 11:00:00,8.82,
2022-08-14 11:15:00,8.78,
2022-08-14 11:30:00,8.72,
2022-08-14 11:45:00,8.67,
2022-08-14 12:00:00,8.59,
2022-08-14 12:15:00,8.5,
2022-08-14 12:30:00,8.44,
2022-08-14 12:45:00,8.32,
2022-08-14 13:00:00,8.31,
2022-08-14 13:15:00,8.21,
2022-08-14 13:30:00,8.21,
2022-08-14 13:45:00,8.09,
2022-08-14 14:00:00,8.03,
2022-08-14 14:15:00,7.94,
2022-08-14 14:30:00,7.94,
2022-08-14 14:45:00,7.94,
2022-08-14 15:00:00,7.9,
2022-08-14 15:15:00,7.86,
2022-08-14 15:30:00,7.81,
2022-08-14 15:45:00,7.78,
2022-08-14 16:00:00,7.75,
2022-08-14 16:15:00,7.71,
2022-08-14 16:30:00,7.67,
2022-08-14 16:45:00,7.64,
2022-08-14 17:00:00,7.63,
2022-08-14 17:15:00,7.59,
2022-08-14 17:30:00,7.56,
2022-08-14 17:45:00,7.54,
2022-08-14 18:00:00,7.39,
2022-08-14 18:15:00,7.36,
2022-08-14 18:30:00,7.35,
2022-08-14 18:45:00,7.32,
2022-08-14 19:00:00,7.34,
2022-08-14 19:15:00,7.35,
2022-08-14 19:30:00,7.34,
2022-08-14 19:45:00,7.37,
2022-08-14 20:00:00,7.37,
2022-08-14 20:15:00,7.42,
2022-08-14 20:30:00,7.45,
2022-08-14 20:45:00,7.49,
2022-08-14 21:00:00,7.54,
2022-08-14 21:15:00,7.58,
2022-08-14 21:30:00,7.62,
2022-08-14 21:45:00,7.66,
2022-08-14 22:00:00,7.7,
2022-08-14 22:15:00,7.74,
2022-08-14 22:30:00,7.78,
2022-08-14 22:45:00,7.81,
2022-08-14 23:00:00,7.85,
2022-08-14 23:15:00,7.89,
2022-08-14 23:30:00,7.92,
2022-08-14 23:45:00,7.96,
2022-08-15 00:00:00,7.99,
2022-08-15 00:15:00,8.02,
2022-08-15 00:30:00,8.05,
2022-08-15 00:45:00,8.08,
2022-08-15 01:00:00,8.11,
2022-08-15 01:15:00,8.14,
2022-08-15 01:30:00,8.16,
2022-08-15 01:45:00,8.19,
2022-08-15 02:00:00,8.22,
2022-08-15 02:15:00,8.25,
2022-08-15 02:30:00,8.27,
2022-08-15 02:45:00,8.3,
2022-08-15 03:00:00,8.32,
2022-08-15 03:15:00,8.35,
2022-08-15 03:30:00,8.36,
2022-08-15 03:45:00,8.38,
2022-08-15 04:00:00,8.4,
2022-08-15 04:15:00,8.42,
2022-08-15 04:30:00,8.45,
2022-08-15 04:45:00,8.47,
2022-08-15 05:00:00,8.49,
2022-08-15 05:15:00,8.51,
2022-08-15 05:30:00,8.53,
2022-08-15 05:45:00,8.55,
2022-08-15 06:00:00,8.58,
2022-08-15 06:15:00,8.61,
2022-08-15 06:30:00,8.65,
2022-08-15 06:45:00,8.68,
2022-08-15 07:00:00,8.72,
2022-08-15 07:15:00,8.74,
2022-08-15 07:30:00,8.78,
2022-08-15 07:45:00,8.81,
2022-08-15 08:00:00,8.85,
2022-08-15 08:15:00,8.87,
2022-08-15 08:30:00,8.89,
2022-08-15 08:45:00,8.9,
2022-08-15 09:00:00,8.9,
2022-08-15 09:15:00,8.88,
2022-08-15 09:30:00,8.85,
2022-08-15 09:45:00,8.82,
2022-08-15 10:00:00,8.77,
2022-08-15 10:15:00,8.73,
2022-08-15 10:30:00,8.67,
2022-08-15 10:45:00,8.61,
2022-08-15 11:00:00,8.56,
2022-08-15 11:15:00,8.5,
2022-08-15 11:30:00,8.44,
2022-08-15 11:45:00,8.41,
2022-08-15 12:00:00,8.36,
2022-08-15 12:15:00,8.3,
2022-08-15 12:30:00,8.21,
2022-08-15 12:45:00,8.15,
2022-08-15 13:00:00,8.1,
2022-08-15 13:15:00,8.04,
2022-08-15 13:30:00,8.0,
2022-08-15 13:45:00,7.94,
2022-08-15 14:00:00,7.88,
2022-08-15 14:15:00,7.86,
2022-08-15 14:30:00,7.82,
2022-08-15 14:45:00,7.78,
2022-08-15 15:00:00,7.74,
2022-08-15 15:15:00,7.67,
2022-08-15 15:30:00,7.58,
2022-08-15 15:45:00,7.6,
2022-08-15 16:00:00,7.35,
2022-08-15 16:15:00,7.39,
2022-08-15 16:30:00,7.53,
2022-08-15 16:45:00,7.56,
2022-08-15 17:00:00,7.55,
2022-08-15 17:15:00,7.51,
2022-08-15 17:30:00,7.48,
2022-08-15 17:45:00,7.44,
2022-08-15 18:00:00,7.3,
2022-08-15 18:15:00,7.27,
2022-08-15 18:30:00,7.28,
2022-08-15 18:45:00,7.28,
2022-08-15 19:00:00,7.3,
2022-08-15 19:15:00,7.3,
2022-08-15 19:30:00,7.33,
2022-08-15 19:45:00,7.35,
2022-08-15 20:00:00,7.39,
2022-08-15 20:15:00,7.43,
2022-08-15 20:30:00,7.48,
2022-08-15 20:45:00,7.51,
2022-08-15 21:00:00,7.56,
2022-08-15 21:15:00,7.61,
2022-08-15 21:30:00,7.65,
2022-08-15 21:45:00,7.69,
2022-08-15 22:00:00,7.74,
2022-08-15 22:15:00,7.78,
2022-08-15 22:30:00,7.82,
2022-08-15 22:45:00,7.86,
2022-08-15 23:00:00,7.9,
2022-08-15 23:15:00,7.94,
2022-08-15 23:30:00,7.98,
2022-08-15 23:45:00,8.01,
2022-08-16 00:00:00,8.05,
2022-08-16 00:15:00,8.07,
2022-08-16 00:30:00,8.11,
2022-08-16 00:45:00,8.13,
2022-08-16 01:00:00,8.17,
2022-08-16 01:15:00,8.19,
2022-08-16 01:30:00,8.22,
2022-08-16 01:45:00,8.25,
2022-08-16 02:00:00,8.28,
2022-08-16 02:15:00,8.31,
2022-08-16 02:30:00,8.34,
2022-08-16 02:45:00,8.36,
2022-08-16 03:00:00,8.39,
2022-08-16 03:15:00,8.42,
2022-08-16 03:30:00,8.43,
2022-08-16 03:45:00,8.46,
2022-08-16 04:00:00,8.49,
2022-08-16 04:15:00,8.5,
2022-08-16 04:30:00,8.53,
2022-08-16 04:45:00,8.55,
2022-08-16 05:00:00,8.57,
2022-08-16 05:15:00,8.6,
2022-08-16 05:30:00,8.62,
2022-08-16 05:45:00,8.64,
2022-08-16 06:00:00,8.68,
2022-08-16 06:15:00,8.71,
2022-08-16 06:30:00,8.74,
2022-08-16 06:45:00,8.77,
2022-08-16 07:00:00,8.8,
2022-08-16 07:15:00,8.83,
2022-08-16 07:30:00,8.87,
2022-08-16 07:45:00,8.9,
2022-08-16 08:00:00,8.93,
2022-08-16 08:15:00,8.95,
2022-08-16 08:30:00,8.96,
2022-08-16 08:45:00,8.97,
2022-08-16 09:00:00,8.98,
2022-08-16 09:15:00,8.96,
2022-08-16 09:30:00,8.92,
2022-08-16 09:45:00,8.89,
2022-08-16 10:00:00,8.85,
2022-08-16 10:15:00,8.8,
2022-08-16 10:30:00,8.69,
2022-08-16 10:45:00,8.67,
2022-08-16 11:00:00,8.61,
2022-08-16 11:15:00,8.54,
2022-08-16 11:30:00,8.48,
2022-08-16 11:45:00,8.42,
2022-08-16 12:00:00,8.37,
2022-08-16 12:15:00,8.29,
2022-08-16 12:30:00,8.2,
2022-08-16 12:45:00,8.19,
2022-08-16 13:00:00,8.13,
2022-08-16 13:15:00,8.09,
2022-08-16 13:30:00,8.04,
2022-08-16 13:45:00,7.99,
2022-08-16 14:00:00,7.96,
2022-08-16 14:15:00,7.93,
2022-08-16 14:30:00,7.87,
2022-08-16 14:45:00,7.75,
2022-08-16 15:00:00,7.76,
2022-08-16 15:15:00,7.61,
2022-08-16 15:30:00,7.7,
2022-08-16 15:45:00,7.69,
2022-08-16 16:00:00,7.7,
2022-08-16 16:15:00,7.69,
2022-08-16 16:30:00,7.67,
2022-08-16 16:45:00,7.66,
2022-08-16 17:00:00,7.61,
2022-08-16 17:15:00,7.57,
2022-08-16 17:30:00,7.53,
2022-08-16 17:45:00,7.5,
2022-08-16 18:00:00,7.47,
2022-08-16 18:15:00,7.38,
2022-08-16 18:30:00,7.38,
2022-08-16 18:45:00,7.38,
2022-08-16 19:00:00,7.39,
2022-08-16 19:15:00,7.4,
2022-08-16 19:30:00,7.41,
2022-08-16 19:45:00,7.43,
2022-08-16 20:00:00,7.46,
2022-08-16 20:15:00,7.5,
2022-08-16 20:30:00,7.53,
2022-08-16 20:45:00,7.57,
2022-08-16 21:00:00,7.62,
2022-08-16 21:15:00,7.66,
2022-08-16 21:30:00,7.7,
2022-08-16 21:45:00,7.74,
2022-08-16 22:00:00,7.78,
2022-08-16 22:15:00,7.8,
2022-08-16 22:30:00,7.85,
2022-08-16 22:45:00,7.88,
2022-08-16 23:00:00,7.91,
2022-08-16 23:15:00,7.94,
2022-08-16 23:30:00,7.97,
2022-08-16 23:45:00,8.01,
2022-08-17 00:00:00,8.03,
2022-08-17 00:15:00,8.06,
2022-08-17 00:30:00,8.08,
2022-08-17 00:45:00,8.11,
2022-08-17 01:00:00,8.13,
2022-08-17 01:15:00,8.16,
2022-08-17 01:30:00,8.18,
2022-08-17 01:45:00,8.21,
2022-08-17 02:00:00,8.23,
2022-08-17 02:15:00,8.26,
2022-08-17 02:30:00,8.28,
2022-08-17 02:45:00,8.31,
2022-08-17 03:00:00,8.33,
2022-08-17 03:15:00,8.35,
2022-08-17 03:30:00,8.38,
2022-08-17 03:45:00,8.39,
2022-08-17 04:00:00,8.42,
2022-08-17 04:15:00,8.44,
2022-08-17 04:30:00,8.47,
2022-08-17 04:45:00,8.49,
2022-08-17 05:00:00,8.52,
2022-08-17 05:15:00,8.53,
2022-08-17 05:30:00,8.56,
2022-08-17 05:45:00,8.58,
2022-08-17 06:00:00,8.62,
2022-08-17 06:15:00,8.66,
2022-08-17 06:30:00,8.69,
2022-08-17 06:45:00,8.73,
2022-08-17 07:00:00,8.77,
2022-08-17 07:15:00,8.8,
2022-08-17 07:30:00,8.84,
2022-08-17 07:45:00,8.87,
2022-08-17 08:00:00,8.91,
2022-08-17 08:15:00,8.93,
2022-08-17 08:30:00,8.95,
2022-08-17 08:45:00,8.97,
2022-08-17 09:00:00,8.97,
2022-08-17 09:15:00,8.96,
2022-08-17 09:30:00,8.94,
2022-08-17 09:45:00,8.91,
2022-08-17 10:00:00,8.86,
2022-08-17 10:15:00,8.81,
2022-08-17 10:30:00,8.75,
2022-08-17 10:45:00,8.69,
2022-08-17 11:00:00,8.64,
2022-08-17 11:15:00,8.57,
2022-08-17 11:30:00,8.5,
2022-08-17 11:45:00,8.46,
2022-08-17 12:00:00,8.41,
2022-08-17 12:15:00,8.33,
2022-08-17 12:30:00,8.11,
2022-08-17 12:45:00,8.03,
2022-08-17 13:00:00,8.0,
2022-08-17 13:15:00,8.02,
2022-08-17 13:30:00,8.08,
2022-08-17 13:45:00,8.11,
2022-08-17 14:00:00,8.05,
2022-08-17 14:15:00,7.92,
2022-08-17 14:30:00,7.99,
2022-08-17 14:45:00,7.97,
2022-08-17 15:00:00,7.76,
2022-08-17 15:15:00,7.75,
2022-08-17 15:30:00,7.83,
2022-08-17 15:45:00,7.82,
2022-08-17 16:00:00,7.79,
2022-08-17 16:15:00,7.77,
2022-08-17 16:30:00,7.73,
2022-08-17 16:45:00,7.54,
2022-08-17 17:00:00,7.55,
2022-08-17 17:15:00,7.61,
2022-08-17 17:30:00,7.57,
2022-08-17 17:45:00,7.5,
2022-08-17 18:00:00,7.4,
2022-08-17 18:15:00,7.34,
2022-08-17 18:30:00,7.34,
2022-08-17 18:45:00,7.33,
2022-08-17 19:00:00,7.35,
2022-08-17 19:15:00,7.37,
2022-08-17 19:30:00,7.38,
2022-08-17 19:45:00,7.41,
2022-08-17 20:00:00,7.44,
2022-08-17 20:15:00,7.48,
2022-08-17 20:30:00,7.53,
2022-08-17 20:45:00,7.58,
2022-08-17 21:00:00,7.63,
2022-08-17 21:15:00,7.67,
2022-08-17 21:30:00,7.71,
2022-08-17 21:45:00,7.76,
2022-08-17 22:00:00,7.79,
2022-08-17 22:15:00,7.83,
2022-08-17 22:30:00,7.86,
2022-08-17 22:45:00,7.9,
2022-08-17 23:00:00,7.94,
2022-08-17 23:15:00,7.97,
2022-08-17 23:30:00,8.0,
2022-08-17 23:45:00,8.03,
2022-08-18 00:00:00,8.07,
2022-08-18 00:15:00,8.1,
2022-08-18 00:30:00,8.13,
2022-08-18 00:45:00,8.16,
2022-08-18 01:00:00,8.18,
2022-08-18 01:15:00,8.22,
2022-08-18 01:30:00,8.25,
2022-08-18 01:45:00,8.27,
2022-08-18 02:00:00,8.3,
2022-08-18 02:15:00,8.32,
2022-08-18 02:30:00,8.35,
2022-08-18 02:45:00,8.37,
2022-08-18 03:00:00,8.39,
2022-08-18 03:15:00,8.41,
2022-08-18 03:30:00,8.42,
2022-08-18 03:45:00,8.43,
2022-08-18 04:00:00,8.45,
2022-08-18 04:15:00,8.46,
2022-08-18 04:30:00,8.48,
2022-08-18 04:45:00,8.5,
2022-08-18 05:00:00,8.51,
2022-08-18 05:15:00,8.53,
2022-08-18 05:30:00,8.56,
2022-08-18 05:45:00,8.58,
2022-08-18 06:00:00,8.62,
2022-08-18 06:15:00,8.66,
2022-08-18 06:30:00,8.71,
2022-08-18 06:45:00,8.75,
2022-08-18 07:00:00,8.79,
2022-08-18 07:15:00,8.86,
2022-08-18 07:30:00,8.89,
2022-08-18 07:45:00,8.93,
2022-08-18 08:00:00,8.97,
2022-08-18 08:15:00,8.98,
2022-08-18 08:30:00,9.02,
2022-08-18 08:45:00,9.05,
2022-08-18 09:00:00,9.06,
2022-08-18 09:15:00,8.98,
2022-08-18 09:30:00,8.93,
2022-08-18 09:45:00,8.88,
2022-08-18 10:00:00,8.82,
2022-08-18 10:15:00,8.86,
2022-08-18 10:30:00,8.82,
2022-08-18 10:45:00,8.57,
2022-08-18 11:00:00,8.7,
2022-08-18 11:15:00,8.72,
2022-08-18 11:30:00,8.54,
2022-08-18 11:45:00,8.56,
2022-08-18 12:00:00,8.67,
2022-08-18 12:15:00,8.69,
2022-08-18 12:30:00,8.74,
2022-08-18 12:45:00,8.66,
2022-08-18 13:00:00,8.66,
2022-08-18 13:15:00,8.62,
2022-08-18 13:30:00,8.56,
2022-08-18 13:45:00,8.5,
2022-08-18 14:00:00,8.44,
2022-08-18 14:15:00,8.37,
2022-08-18 14:30:00,8.31,
2022-08-18 14:45:00,8.33,
2022-08-18 15:00:00,8.27,
2022-08-18 15:15:00,8.2,
2022-08-18 15:30:00,8.17,
2022-08-18 15:45:00,8.21,
2022-08-18 16:00:00,8.2,
2022-08-18 16:15:00,8.15,
2022-08-18 16:30:00,8.09,
2022-08-18 16:45:00,8.02,
2022-08-18 17:00:00,7.92,
2022-08-18 17:15:00,7.86,
2022-08-18 17:30:00,7.82,
2022-08-18 17:45:00,7.82,
2022-08-18 18:00:00,7.81,
2022-08-18 18:15:00,7.79,
2022-08-18 18:30:00,7.74,
2022-08-18 18:45:00,7.72,
2022-08-18 19:00:00,7.71,
2022-08-18 19:15:00,7.7,
2022-08-18 19:30:00,7.7,
2022-08-18 19:45:00,7.72,
2022-08-18 20:00:00,7.74,
2022-08-18 20:15:00,7.78,
2022-08-18 20:30:00,7.81,
2022-08-18 20:45:00,7.84,
2022-08-18 21:00:00,7.89,
2022-08-18 21:15:00,7.92,
2022-08-18 21:30:00,7.95,
2022-08-18 21:45:00,7.99,
2022-08-18 22:00:00,8.02,
2022-08-18 22:15:00,8.05,
2022-08-18 22:30:00,8.08,
2022-08-18 22:45:00,8.1,
2022-08-18 23:00:00,8.12,
2022-08-18 23:15:00,8.15,
2022-08-18 23:30:00,8.17,
2022-08-18 23:45:00,8.19,
2022-08-19 00:00:00,8.21,
2022-08-19 00:15:00,8.23,
2022-08-19 00:30:00,8.25,
2022-08-19 00:45:00,8.27,
2022-08-19 01:00:00,8.27,
2022-08-19 01:15:00,8.29,
2022-08-19 01:30:00,8.31,
2022-08-19 01:45:00,8.32,
2022-08-19 02:00:00,8.33,
2022-08-19 02:15:00,8.34,
2022-08-19 02:30:00,8.35,
2022-08-19 02:45:00,8.35,
2022-08-19 03:00:00,8.37,
2022-08-19 03:15:00,8.37,
2022-08-19 03:30:00,8.38,
2022-08-19 03:45:00,8.38,
2022-08-19 04:00:00,8.39,
2022-08-19 04:15:00,8.4,
2022-08-19 04:30:00,8.4,
2022-08-19 04:45:00,8.42,
2022-08-19 05:00:00,8.43,
2022-08-19 05:15:00,8.45,
2022-08-19 05:30:00,8.46,
2022-08-19 05:45:00,8.48,
2022-08-19 06:00:00,8.51,
2022-08-19 06:15:00,8.53,
2022-08-19 06:30:00,8.57,
2022-08-19 06:45:00,8.61,
2022-08-19 07:00:00,8.65,
2022-08-19 07:15:00,8.7,
2022-08-19 07:30:00,8.73,
2022-08-19 07:45:00,8.78,
2022-08-19 08:00:00,8.85,
2022-08-19 08:15:00,8.87,
2022-08-19 08:30:00,8.9,
2022-08-19 08:45:00,8.9,
2022-08-19 09:00:00,8.88,
2022-08-19 09:15:00,8.88,
2022-08-19 09:30:00,8.84,
2022-08-19 09:45:00,8.81,
2022-08-19 10:00:00,8.77,
2022-08-19 10:15:00,8.74,
2022-08-19 10:30:00,8.75,
2022-08-19 10:45:00,8.69,
2022-08-19 11:00:00,8.62,
2022-08-19 11:15:00,8.63,
2022-08-19 11:30:00,8.51,
2022-08-19 11:45:00,8.47,
2022-08-19 12:00:00,8.46,
2022-08-19 12:15:00,8.42,
2022-08-19 12:30:00,8.36,
2022-08-19 12:45:00,8.3,
2022-08-19 13:00:00,8.17,
2022-08-19 13:15:00,8.17,
2022-08-19 13:30:00,8.21,
2022-08-19 13:45:00,8.04,
2022-08-19 14:00:00,7.95,
2022-08-19 14:15:00,8.03,
2022-08-19 14:30:00,8.11,
2022-08-19 14:45:00,7.99,
2022-08-19 15:00:00,7.88,
2022-08-19 15:15:00,7.81,
2022-08-19 15:30:00,7.77,
2022-08-19 15:45:00,7.78,
2022-08-19 16:00:00,7.76,
2022-08-19 16:15:00,7.79,
2022-08-19 16:30:00,7.82,
2022-08-19 16:45:00,7.78,
2022-08-19 17:00:00,7.77,
2022-08-19 17:15:00,7.78,
2022-08-19 17:30:00,7.77,
2022-08-19 17:45:00,7.76,
2022-08-19 18:00:00,7.75,
2022-08-19 18:15:00,7.73,
2022-08-19 18:30:00,7.69,
2022-08-19 18:45:00,7.64,
2022-08-19 19:00:00,7.63,
2022-08-19 19:15:00,7.63,
2022-08-19 19:30:00,7.65,
2022-08-19 19:45:00,7.66,
2022-08-19 20:00:00,7.69,
2022-08-19 20:15:00,7.72,
2022-08-19 20:30:00,7.74,
2022-08-19 20:45:00,7.77,
2022-08-19 21:00:00,7.79,
2022-08-19 21:15:00,7.81,
2022-08-19 21:30:00,7.84,
2022-08-19 21:45:00,7.87,
2022-08-19 22:00:00,7.89,
2022-08-19 22:15:00,7.92,
2022-08-19 22:30:00,7.94,
2022-08-19 22:45:00,7.96,
2022-08-19 23:00:00,7.98,
2022-08-19 23:15:00,8.0,
2022-08-19 23:30:00,8.02,
2022-08-19 23:45:00,8.03,
2022-08-20 00:00:00,8.05,
2022-08-20 00:15:00,8.07,
2022-08-20 00:30:00,8.08,
2022-08-20 00:45:00,8.1,
2022-08-20 01:00:00,8.12,
2022-08-20 01:15:00,8.14,
2022-08-20 01:30:00,8.15,
2022-08-20 01:45:00,8.16,
2022-08-20 02:00:00,8.18,
2022-08-20 02:15:00,8.19,
2022-08-20 02:30:00,8.2,
2022-08-20 02:45:00,8.22,
2022-08-20 03:00:00,8.23,
2022-08-20 03:15:00,8.24,
2022-08-20 03:30:00,8.25,
2022-08-20 03:45:00,8.26,
2022-08-20 04:00:00,8.27,
2022-08-20 04:15:00,8.29,
2022-08-20 04:30:00,8.3,
2022-08-20 04:45:00,8.31,
2022-08-20 05:00:00,8.33,
2022-08-20 05:15:00,8.35,
2022-08-20 05:30:00,8.37,
2022-08-20 05:45:00,8.38,
2022-08-20 06:00:00,8.43,
2022-08-20 06:15:00,8.49,
2022-08-20 06:30:00,8.53,
2022-08-20 06:45:00,8.57,
2022-08-20 07:00:00,8.61,
2022-08-20 07:15:00,8.62,
2022-08-20 07:30:00,8.64,
2022-08-20 07:45:00,8.69,
2022-08-20 08:00:00,8.73,
2022-08-20 08:15:00,8.76,
2022-08-20 08:30:00,8.79,
2022-08-20 08:45:00,8.8,
2022-08-20 09:00:00,8.81,
2022-08-20 09:15:00,8.81,
2022-08-20 09:30:00,8.86,
2022-08-20 09:45:00,8.83,
2022-08-20 10:00:00,8.85,
2022-08-20 10:15:00,8.88,
2022-08-20 10:30:00,8.84,
2022-08-20 10:45:00,8.79,
2022-08-20 11:00:00,8.77,
2022-08-20 11:15:00,8.73,
2022-08-20 11:30:00,8.77,
2022-08-20 11:45:00,8.85,
2022-08-20 12:00:00,8.91,
2022-08-20 12:15:00,8.91,
2022-08-20 12:30:00,8.91,
2022-08-20 12:45:00,8.89,
2022-08-20 13:00:00,8.84,
2022-08-20 13:15:00,8.75,
2022-08-20 13:30:00,8.67,
2022-08-20 13:45:00,8.6,
2022-08-20 14:00:00,8.46,
2022-08-20 14:15:00,8.32,
2022-08-20 14:30:00,8.26,
2022-08-20 14:45:00,8.2,
2022-08-20 15:00:00,8.16,
2022-08-20 15:15:00,8.18,
2022-08-20 15:30:00,8.1,
2022-08-20 15:45:00,8.08,
2022-08-20 16:00:00,8.21,
2022-08-20 16:15:00,8.29,
2022-08-20 16:30:00,8.32,
2022-08-20 16:45:00,8.26,
2022-08-20 17:00:00,8.18,
2022-08-20 17:15:00,8.17,
2022-08-20 17:30:00,8.1,
2022-08-20 17:45:00,8.02,
2022-08-20 18:00:00,8.0,
2022-08-20 18:15:00,7.98,
2022-08-20 18:30:00,7.97,
2022-08-20 18:45:00,7.97,
2022-08-20 19:00:00,7.95,
2022-08-20 19:15:00,7.94,
2022-08-20 19:30:00,7.95,
2022-08-20 19:45:00,7.96,
2022-08-20 20:00:00,7.99,
2022-08-20 20:15:00,8.01,
2022-08-20 20:30:00,8.04,
2022-08-20 20:45:00,8.08,
2022-08-20 21:00:00,8.1,
2022-08-20 21:15:00,8.14,
2022-08-20 21:30:00,8.17,
2022-08-20 21:45:00,8.19,
2022-08-20 22:00:00,8.23,
2022-08-20 22:15:00,8.25,
2022-08-20 22:30:00,8.28,
2022-08-20 22:45:00,8.31,
2022-08-20 23:00:00,8.34,
2022-08-20 23:15:00,8.36,
2022-08-20 23:30:00,8.38,
2022-08-20 23:45:00,8.41,
2022-08-21 00:00:00,8.44,
2022-08-21 00:15:00,8.45,
2022-08-21 00:30:00,8.48,
2022-08-21 00:45:00,8.51,
2022-08-21 01:00:00,8.52,
2022-08-21 01:15:00,8.54,
2022-08-21 01:30:00,8.56,
2022-08-21 01:45:00,8.58,
2022-08-21 02:00:00,8.6,
2022-08-21 02:15:00,8.61,
2022-08-21 02:30:00,8.64,
2022-08-21 02:45:00,8.65,
2022-08-21 03:00:00,8.67,
2022-08-21 03:15:00,8.69,
2022-08-21 03:30:00,8.7,
2022-08-21 03:45:00,8.72,
2022-08-21 04:00:00,8.74,
2022-08-21 04:15:00,8.76,
2022-08-21 04:30:00,8.78,
2022-08-21 04:45:00,8.79,
2022-08-21 05:00:00,8.8,
2022-08-21 05:15:00,8.82,
2022-08-21 05:30:00,8.83,
2022-08-21 05:45:00,8.84,
2022-08-21 06:00:00,8.88,
2022-08-21 06:15:00,8.91,
2022-08-21 06:30:00,8.93,
2022-08-21 06:45:00,8.97,
2022-08-21 07:00:00,9.0,
2022-08-21 07:15:00,9.03,
2022-08-21 07:30:00,9.06,
2022-08-21 07:45:00,9.09,
2022-08-21 08:00:00,9.12,
2022-08-21 08:15:00,9.14,
2022-08-21 08:30:00,9.15,
2022-08-21 08:45:00,9.16,
2022-08-21 09:00:00,9.16,
2022-08-21 09:15:00,9.14,
2022-08-21 09:30:00,9.12,
2022-08-21 09:45:00,9.08,
2022-08-21 10:00:00,9.06,
2022-08-21 10:15:00,9.02,
2022-08-21 10:30:00,8.95,
2022-08-21 10:45:00,8.92,
2022-08-21 11:00:00,8.87,
2022-08-21 11:15:00,8.8,
2022-08-21 11:30:00,8.71,
2022-08-21 11:45:00,8.67,
2022-08-21 12:00:00,8.61,
2022-08-21 12:15:00,8.55,
2022-08-21 12:30:00,8.57,
2022-08-21 12:45:00,8.47,
2022-08-21 13:00:00,8.41,
2022-08-21 13:15:00,8.39,
2022-08-21 13:30:00,8.46,
2022-08-21 13:45:00,8.48,
2022-08-21 14:00:00,8.44,
2022-08-21 14:15:00,8.38,
2022-08-21 14:30:00,8.33,
2022-08-21 14:45:00,8.22,
2022-08-21 15:00:00,8.18,
2022-08-21 15:15:00,8.15,
2022-08-21 15:30:00,8.14,
2022-08-21 15:45:00,7.97,
2022-08-21 16:00:00,7.83,
2022-08-21 16:15:00,7.82,
2022-08-21 16:30:00,7.98,
2022-08-21 16:45:00,8.03,
2022-08-21 17:00:00,7.9,
2022-08-21 17:15:00,7.86,
2022-08-21 17:30:00,7.84,
2022-08-21 17:45:00,7.82,
2022-08-21 18:00:00,7.79,
2022-08-21 18:15:00,7.77,
2022-08-21 18:30:00,7.78,
2022-08-21 18:45:00,7.76,
2022-08-21 19:00:00,7.73,
2022-08-21 19:15:00,7.71,
2022-08-21 19:30:00,7.71,
2022-08-21 19:45:00,7.73,
2022-08-21 20:00:00,7.75,
2022-08-21 20:15:00,7.79,
2022-08-21 20:30:00,7.81,
2022-08-21 20:45:00,7.84,
2022-08-21 21:00:00,7.88,
2022-08-21 21:15:00,7.91,
2022-08-21 21:30:00,7.95,
2022-08-21 21:45:00,7.97,
2022-08-21 22:00:00,8.01,
2022-08-21 22:15:00,8.04,
2022-08-21 22:30:00,8.07,
2022-08-21 22:45:00,8.11,
2022-08-21 23:00:00,8.14,
2022-08-21 23:15:00,8.17,
2022-08-21 23:30:00,8.19,
2022-08-21 23:45:00,8.22,
2022-08-22 00:00:00,8.25,
2022-08-22 00:15:00,8.27,
2022-08-22 00:30:00,8.3,
2022-08-22 00:45:00,8.33,
2022-08-22 01:00:00,8.35,
2022-08-22 01:15:00,8.38,
2022-08-22 01:30:00,8.4,
2022-08-22 01:45:00,8.42,
2022-08-22 02:00:00,8.44,
2022-08-22 02:15:00,8.46,
2022-08-22 02:30:00,8.49,
2022-08-22 02:45:00,8.51,
2022-08-22 03:00:00,8.52,
2022-08-22 03:15:00,8.55,
2022-08-22 03:30:00,8.57,
2022-08-22 03:45:00,8.59,
2022-08-22 04:00:00,8.61,
2022-08-22 04:15:00,8.63,
2022-08-22 04:30:00,8.65,
2022-08-22 04:45:00,8.67,
2022-08-22 05:00:00,8.69,
2022-08-22 05:15:00,8.71,
2022-08-22 05:30:00,8.73,
2022-08-22 05:45:00,8.76,
2022-08-22 06:00:00,8.79,
2022-08-22 06:15:00,8.82,
2022-08-22 06:30:00,8.86,
2022-08-22 06:45:00,8.89,
2022-08-22 07:00:00,8.93,
2022-08-22 07:15:00,8.96,
2022-08-22 07:30:00,8.99,
2022-08-22 07:45:00,9.03,
2022-08-22 08:00:00,9.06,
2022-08-22 08:15:00,9.09,
2022-08-22 08:30:00,9.1,
2022-08-22 08:45:00,9.11,
2022-08-22 09:00:00,9.11,
2022-08-22 09:15:00,9.1,
2022-08-22 09:30:00,9.08,
2022-08-22 09:45:00,9.04,
2022-08-22 10:00:00,9.0,
2022-08-22 10:15:00,8.95,
2022-08-22 10:30:00,8.9,
2022-08-22 10:45:00,8.84,
2022-08-22 11:00:00,8.78,
2022-08-22 11:15:00,8.72,
2022-08-22 11:30:00,8.68,
2022-08-22 11:45:00,8.6,
2022-08-22 12:00:00,8.39,
2022-08-22 12:15:00,8.19,
2022-08-22 12:30:00,8.13,
2022-08-22 12:45:00,8.17,
2022-08-22 13:00:00,8.4,
2022-08-22 13:15:00,8.42,
2022-08-22 13:30:00,8.39,
2022-08-22 13:45:00,8.29,
2022-08-22 14:00:00,8.2,
2022-08-22 14:15:00,8.13,
2022-08-22 14:30:00,8.06,
2022-08-22 14:45:00,8.01,
2022-08-22 15:00:00,7.91,
2022-08-22 15:15:00,7.73,
2022-08-22 15:30:00,7.72,
2022-08-22 15:45:00,7.75,
2022-08-22 16:00:00,7.72,
2022-08-22 16:15:00,7.69,
2022-08-22 16:30:00,7.64,
2022-08-22 16:45:00,7.61,
2022-08-22 17:00:00,7.6,
2022-08-22 17:15:00,7.61,
2022-08-22 17:30:00,7.65,
2022-08-22 17:45:00,7.68,
2022-08-22 18:00:00,7.71,
2022-08-22 18:15:00,7.75,
2022-08-22 18:30:00,7.74,
2022-08-22 18:45:00,7.74,
2022-08-22 19:00:00,7.74,
2022-08-22 19:15:00,7.73,
2022-08-22 19:30:00,7.74,
2022-08-22 19:45:00,7.74,
2022-08-22 20:00:00,7.78,
2022-08-22 20:15:00,7.82,
2022-08-22 20:30:00,7.85,
2022-08-22 20:45:00,7.88,
2022-08-22 21:00:00,7.92,
2022-08-22 21:15:00,7.96,
2022-08-22 21:30:00,7.99,
2022-08-22 21:45:00,8.02,
2022-08-22 22:00:00,8.05,
2022-08-22 22:15:00,8.07,
2022-08-22 22:30:00,8.11,
2022-08-22 22:45:00,8.13,
2022-08-22 23:00:00,8.16,
2022-08-22 23:15:00,8.18,
2022-08-22 23:30:00,8.21,
2022-08-22 23:45:00,8.24,
2022-08-23 00:00:00,8.26,
2022-08-23 00:15:00,8.29,
2022-08-23 00:30:00,8.31,
2022-08-23 00:45:00,8.34,
2022-08-23 01:00:00,8.36,
2022-08-23 01:15:00,8.39,
2022-08-23 01:30:00,8.41,
2022-08-23 01:45:00,8.43,
2022-08-23 02:00:00,8.45,
2022-08-23 02:15:00,8.48,
2022-08-23 02:30:00,8.49,
2022-08-23 02:45:00,8.52,
2022-08-23 03:00:00,8.53,
2022-08-23 03:15:00,8.54,
2022-08-23 03:30:00,8.57,
2022-08-23 03:45:00,8.59,
2022-08-23 04:00:00,8.6,
2022-08-23 04:15:00,8.61,
2022-08-23 04:30:00,8.63,
2022-08-23 04:45:00,8.65,
2022-08-23 05:00:00,8.66,
2022-08-23 05:15:00,8.68,
2022-08-23 05:30:00,8.7,
2022-08-23 05:45:00,8.72,
2022-08-23 06:00:00,8.75,
2022-08-23 06:15:00,8.79,
2022-08-23 06:30:00,8.83,
2022-08-23 06:45:00,8.87,
2022-08-23 07:00:00,8.9,
2022-08-23 07:15:00,8.93,
2022-08-23 07:30:00,8.96,
2022-08-23 07:45:00,8.99,
2022-08-23 08:00:00,9.02,
2022-08-23 08:15:00,9.06,
2022-08-23 08:30:00,9.07,
2022-08-23 08:45:00,9.08,
2022-08-23 09:00:00,9.08,
2022-08-23 09:15:00,9.07,
2022-08-23 09:30:00,9.05,
2022-08-23 09:45:00,9.02,
2022-08-23 10:00:00,8.99,
2022-08-23 10:15:00,8.93,
2022-08-23 10:30:00,8.87,
2022-08-23 10:45:00,8.81,
2022-08-23 11:00:00,8.74,
2022-08-23 11:15:00,8.67,
2022-08-23 11:30:00,8.62,
2022-08-23 11:45:00,8.59,
2022-08-23 12:00:00,8.45,
2022-08-23 12:15:00,8.36,
2022-08-23 12:30:00,8.36,
2022-08-23 12:45:00,8.34,
2022-08-23 13:00:00,8.28,
2022-08-23 13:15:00,8.23,
2022-08-23 13:30:00,8.18,
2022-08-23 13:45:00,8.16,
2022-08-23 14:00:00,8.11,
2022-08-23 14:15:00,8.046666666666667,LI
2022-08-23 14:30:00,7.983333333333333,LI
2022-08-23 14:45:00,7.92,
2022-08-23 15:00:00,7.9,
2022-08-23 15:15:00,7.86,
2022-08-23 15:30:00,7.81,
2022-08-23 15:45:00,7.76,
2022-08-23 16:00:00,7.71,
2022-08-23 16:15:00,7.69,
2022-08-23 16:30:00,7.67,
2022-08-23 16:45:00,7.64,
2022-08-23 17:00:00,7.6,
2022-08-23 17:15:00,7.54,
2022-08-23 17:30:00,7.48,
2022-08-23 17:45:00,7.44,
2022-08-23 18:00:00,7.38,
2022-08-23 18:15:00,7.31,
2022-08-23 18:30:00,7.3,
2022-08-23 18:45:00,7.32,
2022-08-23 19:00:00,7.32,
2022-08-23 19:15:00,7.34,
2022-08-23 19:30:00,7.37,
2022-08-23 19:45:00,7.4,
2022-08-23 20:00:00,7.43,
2022-08-23 20:15:00,7.49,
2022-08-23 20:30:00,7.54,
2022-08-23 20:45:00,7.58,
2022-08-23 21:00:00,7.62,
2022-08-23 21:15:00,7.67,
2022-08-23 21:30:00,7.71,
2022-08-23 21:45:00,7.75,
2022-08-23 22:00:00,7.79,
2022-08-23 22:15:00,7.83,
2022-08-23 22:30:00,7.87,
2022-08-23 22:45:00,7.9,
2022-08-23 23:00:00,7.93,
2022-08-23 23:15:00,7.97,
2022-08-23 23:30:00,8.0,
2022-08-23 23:45:00,8.02,
2022-08-24 00:00:00,8.07,
2022-08-24 00:15:00,8.09,
2022-08-24 00:30:00,8.12,
2022-08-24 00:45:00,8.15,
2022-08-24 01:00:00,8.18,
2022-08-24 01:15:00,8.2,
2022-08-24 01:30:00,8.23,
2022-08-24 01:45:00,8.26,
2022-08-24 02:00:00,8.29,
2022-08-24 02:15:00,8.3,
2022-08-24 02:30:00,8.32,
2022-08-24 02:45:00,8.35,
2022-08-24 03:00:00,8.37,
2022-08-24 03:15:00,8.39,
2022-08-24 03:30:00,8.42,
2022-08-24 03:45:00,8.43,
2022-08-24 04:00:00,8.45,
2022-08-24 04:15:00,8.47,
2022-08-24 04:30:00,8.49,
2022-08-24 04:45:00,8.51,
2022-08-24 05:00:00,8.52,
2022-08-24 05:15:00,8.54,
2022-08-24 05:30:00,8.56,
2022-08-24 05:45:00,8.59,
2022-08-24 06:00:00,8.61,
2022-08-24 06:15:00,8.65,
2022-08-24 06:30:00,8.7,
2022-08-24 06:45:00,8.73,
2022-08-24 07:00:00,8.77,
2022-08-24 07:15:00,8.8,
2022-08-24 07:30:00,8.84,
2022-08-24 07:45:00,8.87,
2022-08-24 08:00:00,8.91,
2022-08-24 08:15:00,8.94,
2022-08-24 08:30:00,8.95,
2022-08-24 08:45:00,8.97,
2022-08-24 09:00:00,8.98,
2022-08-24 09:15:00,8.97,
2022-08-24 09:30:00,8.96,
2022-08-24 09:45:00,8.94,
2022-08-24 10:00:00,8.92,
2022-08-24 10:15:00,8.87,
2022-08-24 10:30:00,8.88,
2022-08-24 10:45:00,8.85,
2022-08-24 11:00:00,8.78,
2022-08-24 11:15:00,8.72,
2022-08-24 11:30:00,8.7,
2022-08-24 11:45:00,8.6,
2022-08-24 12:00:00,8.4,
2022-08-24 12:15:00,8.4,
2022-08-24 12:30:00,8.4,
2022-08-24 12:45:00,8.39,
2022-08-24 13:00:00,8.22,
2022-08-24 13:15:00,8.07,
2022-08-24 13:30:00,8.16,
2022-08-24 13:45:00,8.21,
2022-08-24 14:00:00,8.12,
2022-08-24 14:15:00,7.96,
2022-08-24 14:30:00,8.08,
2022-08-24 14:45:00,8.07,
2022-08-24 15:00:00,8.05,
2022-08-24 15:15:00,7.9,
2022-08-24 15:30:00,7.89,
2022-08-24 15:45:00,7.89,
2022-08-24 16:00:00,7.96,
2022-08-24 16:15:00,8.04,
2022-08-24 16:30:00,8.0,
2022-08-24 16:45:00,7.87,
2022-08-24 17:00:00,7.8,
2022-08-24 17:15:00,7.84,
2022-08-24 17:30:00,7.83,
2022-08-24 17:45:00,7.79,
2022-08-24 18:00:00,7.82,
2022-08-24 18:15:00,7.79,
2022-08-24 18:30:00,7.85,
2022-08-24 18:45:00,7.83,
2022-08-24 19:00:00,7.78,
2022-08-24 19:15:00,7.77,
2022-08-24 19:30:00,7.76,
2022-08-24 19:45:00,7.77,
2022-08-24 20:00:00,7.79,
2022-08-24 20:15:00,7.83,
2022-08-24 20:30:00,7.85,
2022-08-24 20:45:00,7.87,
2022-08-24 21:00:00,7.9,
2022-08-24 21:15:00,7.92,
2022-08-24 21:30:00,7.95,
2022-08-24 21:45:00,7.98,
2022-08-24 22:00:00,7.99,
2022-08-24 22:15:00,8.0,
2022-08-24 22:30:00,8.03,
2022-08-24 22:45:00,8.04,
2022-08-24 23:00:00,8.06,
2022-08-24 23:15:00,8.07,
2022-08-24 23:30:00,8.1,
2022-08-24 23:45:00,8.11,
2022-08-25 00:00:00,8.14,
2022-08-25 00:15:00,8.16,
2022-08-25 00:30:00,8.17,
2022-08-25 00:45:00,8.19,
2022-08-25 01:00:00,8.2,
2022-08-25 01:15:00,8.22,
2022-08-25 01:30:00,8.24,
2022-08-25 01:45:00,8.25,
2022-08-25 02:00:00,8.26,
2022-08-25 02:15:00,8.28,
2022-08-25 02:30:00,8.29,
2022-08-25 02:45:00,8.31,
2022-08-25 03:00:00,8.34,
2022-08-25 03:15:00,8.35,
2022-08-25 03:30:00,8.38,
2022-08-25 03:45:00,8.4,
2022-08-25 04:00:00,8.43,
2022-08-25 04:15:00,8.44,
2022-08-25 04:30:00,8.47,
2022-08-25 04:45:00,8.49,
2022-08-25 05:00:00,8.51,
2022-08-25 05:15:00,8.53,
2022-08-25 05:30:00,8.56,
2022-08-25 05:45:00,8.57,
2022-08-25 06:00:00,8.61,
2022-08-25 06:15:00,8.65,
2022-08-25 06:30:00,8.68,
2022-08-25 06:45:00,8.73,
2022-08-25 07:00:00,8.76,
2022-08-25 07:15:00,8.79,
2022-08-25 07:30:00,8.82,
2022-08-25 07:45:00,8.86,
2022-08-25 08:00:00,8.9,
2022-08-25 08:15:00,8.93,
2022-08-25 08:30:00,8.95,
2022-08-25 08:45:00,8.97,
2022-08-25 09:00:00,8.99,
2022-08-25 09:15:00,8.98,
2022-08-25 09:30:00,8.97,
2022-08-25 09:45:00,8.94,
2022-08-25 10:00:00,8.9,
2022-08-25 10:15:00,8.85,
2022-08-25 10:30:00,8.81,
2022-08-25 10:45:00,8.75,
2022-08-25 11:00:00,8.69,
2022-08-25 11:15:00,8.63,
2022-08-25 11:30:00,8.56,
2022-08-25 11:45:00,8.49,
2022-08-25 12:00:00,8.43,
2022-08-25 12:15:00,8.36,
2022-08-25 12:30:00,8.29,
2022-08-25 12:45:00,8.22,
2022-08-25 13:00:00,8.16,
2022-08-25 13:15:00,8.11,
2022-08-25 13:30:00,8.05,
2022-08-25 13:45:00,7.99,
2022-08-25 14:00:00,7.95,
2022-08-25 14:15:00,7.92,
2022-08-25 14:30:00,7.87,
2022-08-25 14:45:00,7.82,
2022-08-25 15:00:00,7.78,
2022-08-25 15:15:00,7.73,
2022-08-25 15:30:00,7.69,
2022-08-25 15:45:00,7.65,
2022-08-25 16:00:00,7.62,
2022-08-25 16:15:00,7.58,
2022-08-25 16:30:00,7.55,
2022-08-25 16:45:00,7.51,
2022-08-25 17:00:00,7.48,
2022-08-25 17:15:00,7.45,
2022-08-25 17:30:00,7.41,
2022-08-25 17:45:00,7.37,
2022-08-25 18:00:00,7.29,
2022-08-25 18:15:00,7.24,
2022-08-25 18:30:00,7.25,
2022-08-25 18:45:00,7.25,
2022-08-25 19:00:00,7.28,
2022-08-25 19:15:00,7.28,
2022-08-25 19:30:00,7.32,
2022-08-25 19:45:00,7.36,
2022-08-25 20:00:00,7.4,
2022-08-25 20:15:00,7.45,
2022-08-25 20:30:00,7.49,
2022-08-25 20:45:00,7.54,
2022-08-25 21:00:00,7.59,
2022-08-25 21:15:00,7.63,
2022-08-25 21:30:00,7.68,
2022-08-25 21:45:00,7.71,
2022-08-25 22:00:00,7.76,
2022-08-25 22:15:00,7.8,
2022-08-25 22:30:00,7.83,
2022-08-25 22:45:00,7.86,
2022-08-25 23:00:00,7.9,
2022-08-25 23:15:00,7.94,
2022-08-25 23:30:00,7.96,
2022-08-25 23:45:00,7.99,
2022-08-26 00:00:00,8.03,
2022-08-26 00:15:00,8.05,
2022-08-26 00:30:00,8.08,
2022-08-26 00:45:00,8.1,
2022-08-26 01:00:00,8.13,
2022-08-26 01:15:00,8.15,
2022-08-26 01:30:00,8.16,
2022-08-26 01:45:00,8.19,
2022-08-26 02:00:00,8.2,
2022-08-26 02:15:00,8.23,
2022-08-26 02:30:00,8.25,
2022-08-26 02:45:00,8.27,
2022-08-26 03:00:00,8.28,
2022-08-26 03:15:00,8.31,
2022-08-26 03:30:00,8.32,
2022-08-26 03:45:00,8.35,
2022-08-26 04:00:00,8.36,
2022-08-26 04:15:00,8.37,
2022-08-26 04:30:00,8.4,
2022-08-26 04:45:00,8.42,
2022-08-26 05:00:00,8.44,
2022-08-26 05:15:00,8.46,
2022-08-26 05:30:00,8.48,
2022-08-26 05:45:00,8.5,
2022-08-26 06:00:00,8.54,
2022-08-26 06:15:00,8.59,
2022-08-26 06:30:00,8.62,
2022-08-26 06:45:00,8.67,
2022-08-26 07:00:00,8.71,
2022-08-26 07:15:00,8.74,
2022-08-26 07:30:00,8.77,
2022-08-26 07:45:00,8.81,
2022-08-26 08:00:00,8.84,
2022-08-26 08:15:00,8.88,
2022-08-26 08:30:00,8.91,
2022-08-26 08:45:00,8.92,
2022-08-26 09:00:00,8.92,
2022-08-26 09:15:00,8.92,
2022-08-26 09:30:00,8.92,
2022-08-26 09:45:00,8.88,
2022-08-26 10:00:00,8.86,
2022-08-26 10:15:00,8.81,
2022-08-26 10:30:00,8.77,
2022-08-26 10:45:00,8.71,
2022-08-26 11:00:00,8.64,
2022-08-26 11:15:00,8.58,
2022-08-26 11:30:00,8.5,
2022-08-26 11:45:00,8.42,
2022-08-26 12:00:00,8.35,
2022-08-26 12:15:00,8.29,
2022-08-26 12:30:00,8.24,
2022-08-26 12:45:00,8.19,
2022-08-26 13:00:00,8.14,
2022-08-26 13:15:00,8.09,
2022-08-26 13:30:00,8.04,
2022-08-26 13:45:00,8.01,
2022-08-26 14:00:00,7.97,
2022-08-26 14:15:00,7.92,
2022-08-26 14:30:00,7.87,
2022-08-26 14:45:00,7.84,
2022-08-26 15:00:00,7.78,
2022-08-26 15:15:00,7.75,
2022-08-26 15:30:00,7.76,
2022-08-26 15:45:00,7.73,
2022-08-26 16:00:00,7.65,
2022-08-26 16:15:00,7.58,
2022-08-26 16:30:00,7.53,
2022-08-26 16:45:00,7.51,
2022-08-26 17:00:00,7.49,
2022-08-26 17:15:00,7.51,
2022-08-26 17:30:00,7.51,
2022-08-26 17:45:00,7.48,
2022-08-26 18:00:00,7.38,
2022-08-26 18:15:00,7.34,
2022-08-26 18:30:00,7.32,
2022-08-26 18:45:00,7.32,
2022-08-26 19:00:00,7.34,
2022-08-26 19:15:00,7.34,
2022-08-26 19:30:00,7.37,
2022-08-26 19:45:00,7.41,
2022-08-26 20:00:00,7.45,
2022-08-26 20:15:00,7.49,
2022-08-26 20:30:00,7.53,
2022-08-26 20:45:00,7.58,
2022-08-26 21:00:00,7.62,
2022-08-26 21:15:00,7.66,
2022-08-26 21:30:00,7.7,
2022-08-26 21:45:00,7.74,
2022-08-26 22:00:00,7.78,
2022-08-26 22:15:00,7.82,
2022-08-26 22:30:00,7.86,
2022-08-26 22:45:00,7.89,
2022-08-26 23:00:00,7.92,
2022-08-26 23:15:00,7.95,
2022-08-26 23:30:00,7.98,
2022-08-26 23:45:00,8.02,
2022-08-27 00:00:00,8.05,
2022-08-27 00:15:00,8.09,
2022-08-27 00:30:00,8.12,
2022-08-27 00:45:00,8.14,
2022-08-27 01:00:00,8.17,
2022-08-27 01:15:00,8.2,
2022-08-27 01:30:00,8.22,
2022-08-27 01:45:00,8.25,
2022-08-27 02:00:00,8.28,
2022-08-27 02:15:00,8.32,
2022-08-27 02:30:00,8.34,
2022-08-27 02:45:00,8.37,
2022-08-27 03:00:00,8.39,
2022-08-27 03:15:00,8.42,
2022-08-27 03:30:00,8.44,
2022-08-27 03:45:00,8.47,
2022-08-27 04:00:00,8.5,
2022-08-27 04:15:00,8.52,
2022-08-27 04:30:00,8.54,
2022-08-27 04:45:00,8.57,
2022-08-27 05:00:00,8.58,
2022-08-27 05:15:00,8.61,
2022-08-27 05:30:00,8.63,
2022-08-27 05:45:00,8.66,
2022-08-27 06:00:00,8.69,
2022-08-27 06:15:00,8.72,
2022-08-27 06:30:00,8.76,
2022-08-27 06:45:00,8.81,
2022-08-27 07:00:00,8.84,
2022-08-27 07:15:00,8.87,
2022-08-27 07:30:00,8.91,
2022-08-27 07:45:00,8.93,
2022-08-27 08:00:00,8.97,
2022-08-27 08:15:00,9.0,
2022-08-27 08:30:00,9.02,
2022-08-27 08:45:00,9.03,
2022-08-27 09:00:00,9.04,
2022-08-27 09:15:00,9.03,
2022-08-27 09:30:00,9.01,
2022-08-27 09:45:00,8.98,
2022-08-27 10:00:00,8.94,
2022-08-27 10:15:00,8.89,
2022-08-27 10:30:00,8.85,
2022-08-27 10:45:00,8.79,
2022-08-27 11:00:00,8.73,
2022-08-27 11:15:00,8.67,
2022-08-27 11:30:00,8.61,
2022-08-27 11:45:00,8.54,
2022-08-27 12:00:00,8.48,
2022-08-27 12:15:00,8.43,
2022-08-27 12:30:00,8.35,
2022-08-27 12:45:00,8.28,
2022-08-27 13:00:00,8.23,
2022-08-27 13:15:00,8.18,
2022-08-27 13:30:00,8.13,
2022-08-27 13:45:00,8.07,
2022-08-27 14:00:00,8.04,
2022-08-27 14:15:00,8.0,
2022-08-27 14:30:00,7.95,
2022-08-27 14:45:00,7.9,
2022-08-27 15:00:00,7.87,
2022-08-27 15:15:00,7.83,
2022-08-27 15:30:00,7.8,
2022-08-27 15:45:00,7.76,
2022-08-27 16:00:00,7.74,
2022-08-27 16:15:00,7.72,
2022-08-27 16:30:00,7.67,
2022-08-27 16:45:00,7.62,
2022-08-27 17:00:00,7.58,
2022-08-27 17:15:00,7.54,
2022-08-27 17:30:00,7.51,
2022-08-27 17:45:00,7.47,
2022-08-27 18:00:00,7.38,
2022-08-27 18:15:00,7.36,
2022-08-27 18:30:00,7.35,
2022-08-27 18:45:00,7.36,
2022-08-27 19:00:00,7.37,
2022-08-27 19:15:00,7.38,
2022-08-27 19:30:00,7.41,
2022-08-27 19:45:00,7.44,
2022-08-27 20:00:00,7.48,
2022-08-27 20:15:00,7.53,
2022-08-27 20:30:00,7.58,
2022-08-27 20:45:00,7.61,
2022-08-27 21:00:00,7.66,
2022-08-27 21:15:00,7.71,
2022-08-27 21:30:00,7.75,
2022-08-27 21:45:00,7.79,
2022-08-27 22:00:00,7.84,
2022-08-27 22:15:00,7.88,
2022-08-27 22:30:00,7.92,
2022-08-27 22:45:00,7.96,
2022-08-27 23:00:00,7.99,
2022-08-27 23:15:00,8.03,
2022-08-27 23:30:00,8.07,
2022-08-27 23:45:00,8.09,
2022-08-28 00:00:00,8.13,
2022-08-28 00:15:00,8.16,
2022-08-28 00:30:00,8.2,
2022-08-28 00:45:00,8.23,
2022-08-28 01:00:00,8.26,
2022-08-28 01:15:00,8.3,
2022-08-28 01:30:00,8.32,
2022-08-28 01:45:00,8.36,
2022-08-28 02:00:00,8.39,
2022-08-28 02:15:00,8.42,
2022-08-28 02:30:00,8.44,
2022-08-28 02:45:00,8.48,
2022-08-28 03:00:00,8.51,
2022-08-28 03:15:00,8.53,
2022-08-28 03:30:00,8.56,
2022-08-28 03:45:00,8.59,
2022-08-28 04:00:00,8.61,
2022-08-28 04:15:00,8.64,
2022-08-28 04:30:00,8.66,
2022-08-28 04:45:00,8.69,
2022-08-28 05:00:00,8.71,
2022-08-28 05:15:00,8.73,
2022-08-28 05:30:00,8.75,
2022-08-28 05:45:00,8.78,
2022-08-28 06:00:00,8.81,
2022-08-28 06:15:00,8.84,
2022-08-28 06:30:00,8.89,
2022-08-28 06:45:00,8.94,
2022-08-28 07:00:00,8.98,
2022-08-28 07:15:00,9.02,
2022-08-28 07:30:00,9.04,
2022-08-28 07:45:00,9.08,
2022-08-28 08:00:00,9.11,
2022-08-28 08:15:00,9.15,
2022-08-28 08:30:00,9.16,
2022-08-28 08:45:00,9.17,
2022-08-28 09:00:00,9.17,
2022-08-28 09:15:00,9.16,
2022-08-28 09:30:00,9.15,
2022-08-28 09:45:00,9.1,
2022-08-28 10:00:00,9.07,
2022-08-28 10:15:00,9.03,
2022-08-28 10:30:00,8.97,
2022-08-28 10:45:00,8.91,
2022-08-28 11:00:00,8.86,
2022-08-28 11:15:00,8.79,
2022-08-28 11:30:00,8.72,
2022-08-28 11:45:00,8.66,
2022-08-28 12:00:00,8.61,
2022-08-28 12:15:00,8.56,
2022-08-28 12:30:00,8.5,
2022-08-28 12:45:00,8.41,
2022-08-28 13:00:00,8.38,
2022-08-28 13:15:00,8.3,
2022-08-28 13:30:00,8.25,
2022-08-28 13:45:00,8.2,
2022-08-28 14:00:00,8.15,
2022-08-28 14:15:00,8.11,
2022-08-28 14:30:00,8.06,
2022-08-28 14:45:00,8.02,
2022-08-28 15:00:00,7.98,
2022-08-28 15:15:00,7.94,
2022-08-28 15:30:00,7.9,
2022-08-28 15:45:00,7.86,
2022-08-28 16:00:00,7.83,
2022-08-28 16:15:00,7.79,
2022-08-28 16:30:00,7.75,
2022-08-28 16:45:00,7.7,
2022-08-28 17:00:00,7.68,
2022-08-28 17:15:00,7.65,
2022-08-28 17:30:00,7.63,
2022-08-28 17:45:00,7.6,
2022-08-28 18:00:00,7.5,
2022-08-28 18:15:00,7.47,
2022-08-28 18:30:00,7.47,
2022-08-28 18:45:00,7.46,
2022-08-28 19:00:00,7.46,
2022-08-28 19:15:00,7.46,
2022-08-28 19:30:00,7.5,
2022-08-28 19:45:00,7.53,
2022-08-28 20:00:00,7.58,
2022-08-28 20:15:00,7.62,
2022-08-28 20:30:00,7.67,
2022-08-28 20:45:00,7.72,
2022-08-28 21:00:00,7.77,
2022-08-28 21:15:00,7.82,
2022-08-28 21:30:00,7.86,
2022-08-28 21:45:00,7.91,
2022-08-28 22:00:00,7.95,
2022-08-28 22:15:00,7.98,
2022-08-28 22:30:00,8.03,
2022-08-28 22:45:00,8.07,
2022-08-28 23:00:00,8.12,
2022-08-28 23:15:00,8.15,
2022-08-28 23:30:00,8.19,
2022-08-28 23:45:00,8.22,
2022-08-29 00:00:00,8.26,
2022-08-29 00:15:00,8.29,
2022-08-29 00:30:00,8.32,
2022-08-29 00:45:00,8.35,
2022-08-29 01:00:00,8.38,
2022-08-29 01:15:00,8.42,
2022-08-29 01:30:00,8.45,
2022-08-29 01:45:00,8.48,
2022-08-29 02:00:00,8.51,
2022-08-29 02:15:00,8.52,
2022-08-29 02:30:00,8.56,
2022-08-29 02:45:00,8.59,
2022-08-29 03:00:00,8.6,
2022-08-29 03:15:00,8.64,
2022-08-29 03:30:00,8.66,
2022-08-29 03:45:00,8.69,
2022-08-29 04:00:00,8.71,
2022-08-29 04:15:00,8.74,
2022-08-29 04:30:00,8.77,
2022-08-29 04:45:00,8.8,
2022-08-29 05:00:00,8.82,
2022-08-29 05:15:00,8.84,
2022-08-29 05:30:00,8.87,
2022-08-29 05:45:00,8.88,
2022-08-29 06:00:00,8.91,
2022-08-29 06:15:00,8.95,
2022-08-29 06:30:00,8.99,
2022-08-29 06:45:00,9.02,
2022-08-29 07:00:00,9.06,
2022-08-29 07:15:00,9.09,
2022-08-29 07:30:00,9.13,
2022-08-29 07:45:00,9.16,
2022-08-29 08:00:00,9.2,
2022-08-29 08:15:00,9.22,
2022-08-29 08:30:00,9.24,
2022-08-29 08:45:00,9.25,
2022-08-29 09:00:00,9.26,
2022-08-29 09:15:00,9.25,
2022-08-29 09:30:00,9.23,
2022-08-29 09:45:00,9.19,
2022-08-29 10:00:00,9.15,
2022-08-29 10:15:00,9.1,
2022-08-29 10:30:00,9.05,
2022-08-29 10:45:00,8.99,
2022-08-29 11:00:00,8.92,
2022-08-29 11:15:00,8.85,
2022-08-29 11:30:00,8.78,
2022-08-29 11:45:00,8.71,
2022-08-29 12:00:00,8.63,
2022-08-29 12:15:00,8.57,
2022-08-29 12:30:00,8.5,
2022-08-29 12:45:00,8.44,
2022-08-29 13:00:00,8.37,
2022-08-29 13:15:00,8.32,
2022-08-29 13:30:00,8.26,
2022-08-29 13:45:00,8.19,
2022-08-29 14:00:00,8.15,
2022-08-29 14:15:00,8.1,
2022-08-29 14:30:00,8.06,
2022-08-29 14:45:00,8.01,
2022-08-29 15:00:00,7.96,
2022-08-29 15:15:00,7.92,
2022-08-29 15:30:00,7.87,
2022-08-29 15:45:00,7.84,
2022-08-29 16:00:00,7.8,
2022-08-29 16:15:00,7.76,
2022-08-29 16:30:00,7.72,
2022-08-29 16:45:00,7.68,
2022-08-29 17:00:00,7.65,
2022-08-29 17:15:00,7.61,
2022-08-29 17:30:00,7.56,
2022-08-29 17:45:00,7.51,
2022-08-29 18:00:00,7.41,
2022-08-29 18:15:00,7.39,
2022-08-29 18:30:00,7.39,
2022-08-29 18:45:00,7.4,
2022-08-29 19:00:00,7.42,
2022-08-29 19:15:00,7.44,
2022-08-29 19:30:00,7.48,
2022-08-29 19:45:00,7.53,
2022-08-29 20:00:00,7.57,
2022-08-29 20:15:00,7.64,
2022-08-29 20:30:00,7.68,
2022-08-29 20:45:00,7.73,
2022-08-29 21:00:00,7.78,
2022-08-29 21:15:00,7.83,
2022-08-29 21:30:00,7.88,
2022-08-29 21:45:00,7.92,
2022-08-29 22:00:00,7.95,
2022-08-29 22:15:00,8.0,
2022-08-29 22:30:00,8.03,
2022-08-29 22:45:00,8.07,
2022-08-29 23:00:00,8.11,
2022-08-29 23:15:00,8.14,
2022-08-29 23:30:00,8.19,
2022-08-29 23:45:00,8.22,
2022-08-30 00:00:00,8.25,
2022-08-30 00:15:00,8.28,
2022-08-30 00:30:00,8.31,
2022-08-30 00:45:00,8.35,
2022-08-30 01:00:00,8.38,
2022-08-30 01:15:00,8.41,
2022-08-30 01:30:00,8.44,
2022-08-30 01:45:00,8.46,
2022-08-30 02:00:00,8.5,
2022-08-30 02:15:00,8.53,
2022-08-30 02:30:00,8.55,
2022-08-30 02:45:00,8.58,
2022-08-30 03:00:00,8.6,
2022-08-30 03:15:00,8.63,
2022-08-30 03:30:00,8.65,
2022-08-30 03:45:00,8.67,
2022-08-30 04:00:00,8.68,
2022-08-30 04:15:00,8.71,
2022-08-30 04:30:00,8.73,
2022-08-30 04:45:00,8.75,
2022-08-30 05:00:00,8.77,
2022-08-30 05:15:00,8.8,
2022-08-30 05:30:00,8.82,
2022-08-30 05:45:00,8.84,
2022-08-30 06:00:00,8.87,
2022-08-30 06:15:00,8.9,
2022-08-30 06:30:00,8.94,
2022-08-30 06:45:00,8.98,
2022-08-30 07:00:00,9.02,
2022-08-30 07:15:00,9.05,
2022-08-30 07:30:00,9.08,
2022-08-30 07:45:00,9.12,
2022-08-30 08:00:00,9.15,
2022-08-30 08:15:00,9.18,
2022-08-30 08:30:00,9.21,
2022-08-30 08:45:00,9.2,
2022-08-30 09:00:00,9.21,
2022-08-30 09:15:00,9.21,
2022-08-30 09:30:00,9.19,
2022-08-30 09:45:00,9.16,
2022-08-30 10:00:00,9.11,
2022-08-30 10:15:00,9.07,
2022-08-30 10:30:00,9.02,
2022-08-30 10:45:00,8.95,
2022-08-30 11:00:00,8.88,
2022-08-30 11:15:00,8.83,
2022-08-30 11:30:00,8.75,
2022-08-30 11:45:00,8.68,
2022-08-30 12:00:00,8.62,
2022-08-30 12:15:00,8.49,
2022-08-30 12:30:00,8.32,
2022-08-30 12:45:00,8.34,
2022-08-30 13:00:00,8.37,
2022-08-30 13:15:00,8.34,
2022-08-30 13:30:00,8.3,
2022-08-30 13:45:00,8.23,
2022-08-30 14:00:00,8.18,
2022-08-30 14:15:00,8.13,
2022-08-30 14:30:00,8.08,
2022-08-30 14:45:00,8.04,
2022-08-30 15:00:00,7.98,
2022-08-30 15:15:00,7.93,
2022-08-30 15:30:00,7.87,
2022-08-30 15:45:00,7.82,
2022-08-30 16:00:00,7.77,
2022-08-30 16:15:00,7.71,
2022-08-30 16:30:00,7.67,
2022-08-30 16:45:00,7.62,
2022-08-30 17:00:00,7.57,
2022-08-30 17:15:00,7.53,
2022-08-30 17:30:00,7.48,
2022-08-30 17:45:00,7.42,
2022-08-30 18:00:00,7.32,
2022-08-30 18:15:00,7.3,
2022-08-30 18:30:00,7.3,
2022-08-30 18:45:00,7.31,
2022-08-30 19:00:00,7.32,
2022-08-30 19:15:00,7.34,
2022-08-30 19:30:00,7.38,
2022-08-30 19:45:00,7.42,
2022-08-30 20:00:00,7.46,
2022-08-30 20:15:00,7.5,
2022-08-30 20:30:00,7.55,
2022-08-30 20:45:00,7.61,
2022-08-30 21:00:00,7.66,
2022-08-30 21:15:00,7.7,
2022-08-30 21:30:00,7.75,
2022-08-30 21:45:00,7.8,
2022-08-30 22:00:00,7.84,
2022-08-30 22:15:00,7.88,
2022-08-30 22:30:00,7.92,
2022-08-30 22:45:00,7.96,
2022-08-30 23:00:00,8.0,
2022-08-30 23:15:00,8.04,
2022-08-30 23:30:00,8.08,
2022-08-30 23:45:00,8.11,
2022-08-31 00:00:00,8.16,
2022-08-31 00:15:00,8.18,
2022-08-31 00:30:00,8.22,
2022-08-31 00:45:00,8.25,
2022-08-31 01:00:00,8.29,
2022-08-31 01:15:00,8.32,
2022-08-31 01:30:00,8.35,
2022-08-31 01:45:00,8.38,
2022-08-31 02:00:00,8.4,
2022-08-31 02:15:00,8.43,
2022-08-31 02:30:00,8.45,
2022-08-31 02:45:00,8.48,
2022-08-31 03:00:00,8.51,
2022-08-31 03:15:00,8.52,
2022-08-31 03:30:00,8.55,
2022-08-31 03:45:00,8.57,
2022-08-31 04:00:00,8.59,
2022-08-31 04:15:00,8.61,
2022-08-31 04:30:00,8.63,
2022-08-31 04:45:00,8.65,
2022-08-31 05:00:00,8.68,
2022-08-31 05:15:00,8.69,
2022-08-31 05:30:00,8.71,
2022-08-31 05:45:00,8.73,
2022-08-31 06:00:00,8.75,
2022-08-31 06:15:00,8.79,
2022-08-31 06:30:00,8.82,
2022-08-31 06:45:00,8.86,
2022-08-31 07:00:00,8.89,
2022-08-31 07:15:00,8.92,
2022-08-31 07:30:00,8.95,
2022-08-31 07:45:00,8.99,
2022-08-31 08:00:00,9.02,
2022-08-31 08:15:00,9.05,
2022-08-31 08:30:00,9.09,
2022-08-31 08:45:00,9.09,
2022-08-31 09:00:00,9.09,
2022-08-31 09:15:00,9.09,
2022-08-31 09:30:00,9.07,
2022-08-31 09:45:00,9.05,
2022-08-31 10:00:00,9.01,
2022-08-31 10:15:00,8.97,
2022-08-31 10:30:00,8.91,
2022-08-31 10:45:00,8.86,
2022-08-31 11:00:00,8.82,
2022-08-31 11:15:00,8.77,
2022-08-31 11:30:00,8.58,
2022-08-31 11:45:00,8.53,
2022-08-31 12:00:00,8.54,
2022-08-31 12:15:00,8.39,
2022-08-31 12:30:00,8.36,
2022-08-31 12:45:00,8.41,
2022-08-31 13:00:00,8.32,
2022-08-31 13:15:00,8.31,
2022-08-31 13:30:00,8.4,
2022-08-31 13:45:00,8.13,
2022-08-31 14:00:00,8.18,
2022-08-31 14:15:00,8.11,
2022-08-31 14:30:00,8.02,
2022-08-31 14:45:00,7.99,
2022-08-31 15:00:00,7.93,
2022-08-31 15:15:00,7.88,
2022-08-31 15:30:00,7.84,
2022-08-31 15:45:00,7.81,
2022-08-31 16:00:00,7.78,
2022-08-31 16:15:00,7.74,
2022-08-31 16:30:00,7.7,
2022-08-31 16:45:00,7.67,
2022-08-31 17:00:00,7.65,
2022-08-31 17:15:00,7.61,
2022-08-31 17:30:00,7.58,
2022-08-31 17:45:00,7.53,
2022-08-31 18:00:00,7.43,
2022-08-31 18:15:00,7.42,
2022-08-31 18:30:00,7.42,
2022-08-31 18:45:00,7.42,
2022-08-31 19:00:00,7.43,
2022-08-31 19:15:00,7.44,
2022-08-31 19:30:00,7.47,
2022-08-31 19:45:00,7.51,
2022-08-31 20:00:00,7.56,
2022-08-31 20:15:00,7.59,
2022-08-31 20:30:00,7.63,
2022-08-31 20:45:00,7.68,
2022-08-31 21:00:00,7.71,
2022-08-31 21:15:00,7.75,
2022-08-31 21:30:00,7.8,
2022-08-31 21:45:00,7.83,
2022-08-31 22:00:00,7.87,
2022-08-31 22:15:00,7.91,
2022-08-31 22:30:00,7.95,
2022-08-31 22:45:00,7.98,
2022-08-31 23:00:00,8.01,
2022-08-31 23:15:00,8.04,
2022-08-31 23:30:00,8.07,
2022-08-31 23:45:00,8.1,
2022-09-01 00:00:00,8.14,
2022-09-01 00:15:00,8.16,
2022-09-01 00:30:00,8.2,
2022-09-01 00:45:00,8.22,
2022-09-01 01:00:00,8.25,
2022-09-01 01:15:00,8.28,
2022-09-01 01:30:00,8.3,
2022-09-01 01:45:00,8.33,
2022-09-01 02:00:00,8.35,
2022-09-01 02:15:00,8.38,
2022-09-01 02:30:00,8.4,
2022-09-01 02:45:00,8.43,
2022-09-01 03:00:00,8.45,
2022-09-01 03:15:00,8.48,
2022-09-01 03:30:00,8.49,
2022-09-01 03:45:00,8.52,
2022-09-01 04:00:00,8.54,
2022-09-01 04:15:00,8.56,
2022-09-01 04:30:00,8.58,
2022-09-01 04:45:00,8.6,
2022-09-01 05:00:00,8.62,
2022-09-01 05:15:00,8.63,
2022-09-01 05:30:00,8.66,
2022-09-01 05:45:00,8.68,
2022-09-01 06:00:00,8.7,
2022-09-01 06:15:00,8.74,
2022-09-01 06:30:00,8.78,
2022-09-01 06:45:00,8.82,
2022-09-01 07:00:00,8.86,
2022-09-01 07:15:00,8.9,
2022-09-01 07:30:00,8.92,
2022-09-01 07:45:00,8.99,
2022-09-01 08:00:00,9.02,
2022-09-01 08:15:00,9.02,
2022-09-01 08:30:00,9.05,
2022-09-01 08:45:00,9.05,
2022-09-01 09:00:00,9.06,
2022-09-01 09:15:00,9.06,
2022-09-01 09:30:00,9.04,
2022-09-01 09:45:00,9.01,
2022-09-01 10:00:00,8.97,
2022-09-01 10:15:00,8.92,
2022-09-01 10:30:00,8.89,
2022-09-01 10:45:00,8.83,
2022-09-01 11:00:00,8.76,
2022-09-01 11:15:00,8.69,
2022-09-01 11:30:00,8.62,
2022-09-01 11:45:00,8.56,
2022-09-01 12:00:00,8.5,
2022-09-01 12:15:00,8.43,
2022-09-01 12:30:00,8.37,
2022-09-01 12:45:00,8.3,
2022-09-01 13:00:00,8.24,
2022-09-01 13:15:00,8.18,
2022-09-01 13:30:00,8.13,
2022-09-01 13:45:00,8.08,
2022-09-01 14:00:00,8.04,
2022-09-01 14:15:00,7.99,
2022-09-01 14:30:00,7.94,
2022-09-01 14:45:00,7.89,
2022-09-01 15:00:00,7.85,
2022-09-01 15:15:00,7.8,
2022-09-01 15:30:00,7.77,
2022-09-01 15:45:00,7.72,
2022-09-01 16:00:00,7.68,
2022-09-01 16:15:00,7.64,
2022-09-01 16:30:00,7.58,
2022-09-01 16:45:00,7.55,
2022-09-01 17:00:00,7.5,
2022-09-01 17:15:00,7.46,
2022-09-01 17:30:00,7.42,
2022-09-01 17:45:00,7.37,
2022-09-01 18:00:00,7.27,
2022-09-01 18:15:00,7.26,
2022-09-01 18:30:00,7.27,
2022-09-01 18:45:00,7.29,
2022-09-01 19:00:00,7.3,
2022-09-01 19:15:00,7.31,
2022-09-01 19:30:00,7.35,
2022-09-01 19:45:00,7.4,
2022-09-01 20:00:00,7.45,
2022-09-01 20:15:00,7.51,
2022-09-01 20:30:00,7.56,
2022-09-01 20:45:00,7.62,
2022-09-01 21:00:00,7.67,
2022-09-01 21:15:00,7.71,
2022-09-01 21:30:00,7.77,
2022-09-01 21:45:00,7.83,
2022-09-01 22:00:00,7.87,
2022-09-01 22:15:00,7.92,
2022-09-01 22:30:00,7.98,
2022-09-01 22:45:00,8.02,
2022-09-01 23:00:00,8.06,
2022-09-01 23:15:00,8.1,
2022-09-01 23:30:00,8.15,
2022-09-01 23:45:00,8.19,
2022-09-02 00:00:00,8.23,
2022-09-02 00:15:00,8.28,
2022-09-02 00:30:00,8.31,
2022-09-02 00:45:00,8.35,
2022-09-02 01:00:00,8.39,
2022-09-02 01:15:00,8.42,
2022-09-02 01:30:00,8.46,
2022-09-02 01:45:00,8.49,
2022-09-02 02:00:00,8.53,
2022-09-02 02:15:00,8.56,
2022-09-02 02:30:00,8.59,
2022-09-02 02:45:00,8.62,
2022-09-02 03:00:00,8.66,
2022-09-02 03:15:00,8.68,
2022-09-02 03:30:00,8.72,
2022-09-02 03:45:00,8.74,
2022-09-02 04:00:00,8.77,
2022-09-02 04:15:00,8.8,
2022-09-02 04:30:00,8.82,
2022-09-02 04:45:00,8.84,
2022-09-02 05:00:00,8.87,
2022-09-02 05:15:00,8.89,
2022-09-02 05:30:00,8.92,
2022-09-02 05:45:00,8.94,
2022-09-02 06:00:00,8.98,
2022-09-02 06:15:00,9.02,
2022-09-02 06:30:00,9.06,
2022-09-02 06:45:00,9.1,
2022-09-02 07:00:00,9.15,
2022-09-02 07:15:00,9.19,
2022-09-02 07:30:00,9.21,
2022-09-02 07:45:00,9.25,
2022-09-02 08:00:00,9.29,
2022-09-02 08:15:00,9.33,
2022-09-02 08:30:00,9.34,
2022-09-02 08:45:00,9.35,
2022-09-02 09:00:00,9.35,
2022-09-02 09:15:00,9.34,
2022-09-02 09:30:00,9.32,
2022-09-02 09:45:00,9.29,
2022-09-02 10:00:00,9.24,
2022-09-02 10:15:00,9.19,
2022-09-02 10:30:00,9.14,
2022-09-02 10:45:00,9.08,
2022-09-02 11:00:00,9.01,
2022-09-02 11:15:00,8.94,
2022-09-02 11:30:00,8.87,
2022-09-02 11:45:00,8.79,
2022-09-02 12:00:00,8.71,
2022-09-02 12:15:00,8.64,
2022-09-02 12:30:00,8.58,
2022-09-02 12:45:00,8.51,
2022-09-02 13:00:00,8.43,
2022-09-02 13:15:00,8.37,
2022-09-02 13:30:00,8.32,
2022-09-02 13:45:00,8.26,
2022-09-02 14:00:00,8.2,
2022-09-02 14:15:00,8.15,
2022-09-02 14:30:00,8.1,
2022-09-02 14:45:00,8.05,
2022-09-02 15:00:00,8.0,
2022-09-02 15:15:00,7.95,
2022-09-02 15:30:00,7.91,
2022-09-02 15:45:00,7.86,
2022-09-02 16:00:00,7.82,
2022-09-02 16:15:00,7.79,
2022-09-02 16:30:00,7.73,
2022-09-02 16:45:00,7.69,
2022-09-02 17:00:00,7.65,
2022-09-02 17:15:00,7.61,
2022-09-02 17:30:00,7.55,
2022-09-02 17:45:00,7.5,
2022-09-02 18:00:00,7.41,
2022-09-02 18:15:00,7.4,
2022-09-02 18:30:00,7.41,
2022-09-02 18:45:00,7.42,
2022-09-02 19:00:00,7.44,
2022-09-02 19:15:00,7.47,
2022-09-02 19:30:00,7.51,
2022-09-02 19:45:00,7.56,
2022-09-02 20:00:00,7.62,
2022-09-02 20:15:00,7.67,
2022-09-02 20:30:00,7.73,
2022-09-02 20:45:00,7.78,
2022-09-02 21:00:00,7.83,
2022-09-02 21:15:00,7.88,
2022-09-02 21:30:00,7.92,
2022-09-02 21:45:00,7.97,
2022-09-02 22:00:00,8.01,
2022-09-02 22:15:00,8.05,
2022-09-02 22:30:00,8.1,
2022-09-02 22:45:00,8.14,
2022-09-02 23:00:00,8.18,
2022-09-02 23:15:00,8.21,
2022-09-02 23:30:00,8.25,
2022-09-02 23:45:00,8.28,
2022-09-03 00:00:00,8.32,
2022-09-03 00:15:00,8.36,
2022-09-03 00:30:00,8.38,
2022-09-03 00:45:00,8.42,
2022-09-03 01:00:00,8.44,
2022-09-03 01:15:00,8.47,
2022-09-03 01:30:00,8.5,
2022-09-03 01:45:00,8.54,
2022-09-03 02:00:00,8.57,
2022-09-03 02:15:00,8.59,
2022-09-03 02:30:00,8.62,
2022-09-03 02:45:00,8.65,
2022-09-03 03:00:00,8.67,
2022-09-03 03:15:00,8.7,
2022-09-03 03:30:00,8.72,
2022-09-03 03:45:00,8.73,
2022-09-03 04:00:00,8.76,
2022-09-03 04:15:00,8.78,
2022-09-03 04:30:00,8.8,
2022-09-03 04:45:00,8.82,
2022-09-03 05:00:00,8.84,
2022-09-03 05:15:00,8.85,
2022-09-03 05:30:00,8.87,
2022-09-03 05:45:00,8.89,
2022-09-03 06:00:00,8.92,
2022-09-03 06:15:00,8.95,
2022-09-03 06:30:00,8.99,
2022-09-03 06:45:00,9.02,
2022-09-03 07:00:00,9.06,
2022-09-03 07:15:00,9.1,
2022-09-03 07:30:00,9.13,
2022-09-03 07:45:00,9.17,
2022-09-03 08:00:00,9.21,
2022-09-03 08:15:00,9.25,
2022-09-03 08:30:00,9.26,
2022-09-03 08:45:00,9.28,
2022-09-03 09:00:00,9.28,
2022-09-03 09:15:00,9.27,
2022-09-03 09:30:00,9.26,
2022-09-03 09:45:00,9.22,
2022-09-03 10:00:00,9.18,
2022-09-03 10:15:00,9.14,
2022-09-03 10:30:00,9.08,
2022-09-03 10:45:00,9.02,
2022-09-03 11:00:00,8.95,
2022-09-03 11:15:00,8.88,
2022-09-03 11:30:00,8.81,
2022-09-03 11:45:00,8.74,
2022-09-03 12:00:00,8.67,
2022-09-03 12:15:00,8.59,
2022-09-03 12:30:00,8.53,
2022-09-03 12:45:00,8.45,
2022-09-03 13:00:00,8.37,
2022-09-03 13:15:00,8.31,
2022-09-03 13:30:00,8.26,
2022-09-03 13:45:00,8.19,
2022-09-03 14:00:00,8.15,
2022-09-03 14:15:00,8.09,
2022-09-03 14:30:00,8.05,
2022-09-03 14:45:00,7.99,
2022-09-03 15:00:00,7.95,
2022-09-03 15:15:00,7.9,
2022-09-03 15:30:00,7.85,
2022-09-03 15:45:00,7.8,
2022-09-03 16:00:00,7.76,
2022-09-03 16:15:00,7.71,
2022-09-03 16:30:00,7.67,
2022-09-03 16:45:00,7.62,
2022-09-03 17:00:00,7.58,
2022-09-03 17:15:00,7.53,
2022-09-03 17:30:00,7.48,
2022-09-03 17:45:00,7.41,
2022-09-03 18:00:00,7.32,
2022-09-03 18:15:00,7.32,
2022-09-03 18:30:00,7.32,
2022-09-03 18:45:00,7.34,
2022-09-03 19:00:00,7.35,
2022-09-03 19:15:00,7.37,
2022-09-03 19:30:00,7.41,
2022-09-03 19:45:00,7.46,
2022-09-03 20:00:00,7.5,
2022-09-03 20:15:00,7.55,
2022-09-03 20:30:00,7.6,
2022-09-03 20:45:00,7.66,
2022-09-03 21:00:00,7.71,
2022-09-03 21:15:00,7.75,
2022-09-03 21:30:00,7.79,
2022-09-03 21:45:00,7.84,
2022-09-03 22:00:00,7.87,
2022-09-03 22:15:00,7.92,
2022-09-03 22:30:00,7.95,
2022-09-03 22:45:00,7.99,
2022-09-03 23:00:00,8.04,
2022-09-03 23:15:00,8.07,
2022-09-03 23:30:00,8.1,
2022-09-03 23:45:00,8.14,
2022-09-04 00:00:00,8.18,
2022-09-04 00:15:00,8.21,
2022-09-04 00:30:00,8.24,
2022-09-04 00:45:00,8.27,
2022-09-04 01:00:00,8.3,
2022-09-04 01:15:00,8.33,
2022-09-04 01:30:00,8.37,
2022-09-04 01:45:00,8.39,
2022-09-04 02:00:00,8.41,
2022-09-04 02:15:00,8.44,
2022-09-04 02:30:00,8.46,
2022-09-04 02:45:00,8.48,
2022-09-04 03:00:00,8.51,
2022-09-04 03:15:00,8.53,
2022-09-04 03:30:00,8.56,
2022-09-04 03:45:00,8.58,
2022-09-04 04:00:00,8.6,
2022-09-04 04:15:00,8.62,
2022-09-04 04:30:00,8.64,
2022-09-04 04:45:00,8.66,
2022-09-04 05:00:00,8.68,
2022-09-04 05:15:00,8.7,
2022-09-04 05:30:00,8.71,
2022-09-04 05:45:00,8.74,
2022-09-04 06:00:00,8.76,
2022-09-04 06:15:00,8.79,
2022-09-04 06:30:00,8.83,
2022-09-04 06:45:00,8.87,
2022-09-04 07:00:00,8.91,
2022-09-04 07:15:00,8.95,
2022-09-04 07:30:00,8.99,
2022-09-04 07:45:00,9.01,
2022-09-04 08:00:00,9.06,
2022-09-04 08:15:00,9.1,
2022-09-04 08:30:00,9.11,
2022-09-04 08:45:00,9.13,
2022-09-04 09:00:00,9.14,
2022-09-04 09:15:00,9.13,
2022-09-04 09:30:00,9.12,
2022-09-04 09:45:00,9.1,
2022-09-04 10:00:00,9.07,
2022-09-04 10:15:00,9.02,
2022-09-04 10:30:00,8.98,
2022-09-04 10:45:00,8.92,
2022-09-04 11:00:00,8.86,
2022-09-04 11:15:00,8.8,
2022-09-04 11:30:00,8.72,
2022-09-04 11:45:00,8.64,
2022-09-04 12:00:00,8.58,
2022-09-04 12:15:00,8.5,
2022-09-04 12:30:00,8.44,
2022-09-04 12:45:00,8.38,
2022-09-04 13:00:00,8.3,
2022-09-04 13:15:00,8.25,
2022-09-04 13:30:00,8.19,
2022-09-04 13:45:00,8.13,
2022-09-04 14:00:00,8.09,
2022-09-04 14:15:00,8.04,
2022-09-04 14:30:00,8.0,
2022-09-04 14:45:00,7.95,
2022-09-04 15:00:00,7.9,
2022-09-04 15:15:00,7.85,
2022-09-04 15:30:00,7.81,
2022-09-04 15:45:00,7.77,
2022-09-04 16:00:00,7.71,
2022-09-04 16:15:00,7.66,
2022-09-04 16:30:00,7.63,
2022-09-04 16:45:00,7.58,
2022-09-04 17:00:00,7.54,
2022-09-04 17:15:00,7.48,
2022-09-04 17:30:00,7.43,
2022-09-04 17:45:00,7.35,
2022-09-04 18:00:00,7.28,
2022-09-04 18:15:00,7.27,
2022-09-04 18:30:00,7.27,
2022-09-04 18:45:00,7.26,
2022-09-04 19:00:00,7.28,
2022-09-04 19:15:00,7.3,
2022-09-04 19:30:00,7.34,
2022-09-04 19:45:00,7.37,
2022-09-04 20:00:00,7.42,
2022-09-04 20:15:00,7.47,
2022-09-04 20:30:00,7.51,
2022-09-04 20:45:00,7.56,
2022-09-04 21:00:00,7.6,
2022-09-04 21:15:00,7.65,
2022-09-04 21:30:00,7.69,
2022-09-04 21:45:00,7.73,
2022-09-04 22:00:00,7.77,
2022-09-04 22:15:00,7.81,
2022-09-04 22:30:00,7.85,
2022-09-04 22:45:00,7.89,
2022-09-04 23:00:00,7.92,
2022-09-04 23:15:00,7.96,
2022-09-04 23:30:00,7.99,
2022-09-04 23:45:00,8.02,
2022-09-05 00:00:00,8.06,
2022-09-05 00:15:00,8.08,
2022-09-05 00:30:00,8.13,
2022-09-05 00:45:00,8.15,
2022-09-05 01:00:00,8.19,
2022-09-05 01:15:00,8.22,
2022-09-05 01:30:00,8.24,
2022-09-05 01:45:00,8.27,
2022-09-05 02:00:00,8.3,
2022-09-05 02:15:00,8.32,
2022-09-05 02:30:00,8.34,
2022-09-05 02:45:00,8.38,
2022-09-05 03:00:00,8.41,
2022-09-05 03:15:00,8.43,
2022-09-05 03:30:00,8.45,
2022-09-05 03:45:00,8.48,
2022-09-05 04:00:00,8.5,
2022-09-05 04:15:00,8.52,
2022-09-05 04:30:00,8.54,
2022-09-05 04:45:00,8.56,
2022-09-05 05:00:00,8.58,
2022-09-05 05:15:00,8.6,
2022-09-05 05:30:00,8.62,
2022-09-05 05:45:00,8.64,
2022-09-05 06:00:00,8.68,
2022-09-05 06:15:00,8.72,
2022-09-05 06:30:00,8.76,
2022-09-05 06:45:00,8.8,
2022-09-05 07:00:00,8.84,
2022-09-05 07:15:00,8.88,
2022-09-05 07:30:00,8.91,
2022-09-05 07:45:00,8.95,
2022-09-05 08:00:00,8.98,
2022-09-05 08:15:00,9.02,
2022-09-05 08:30:00,9.05,
2022-09-05 08:45:00,9.07,
2022-09-05 09:00:00,9.07,
2022-09-05 09:15:00,9.07,
2022-09-05 09:30:00,9.07,
2022-09-05 09:45:00,9.05,
2022-09-05 10:00:00,9.01,
2022-09-05 10:15:00,8.97,
2022-09-05 10:30:00,8.92,
2022-09-05 10:45:00,8.87,
2022-09-05 11:00:00,8.81,
2022-09-05 11:15:00,8.75,
2022-09-05 11:30:00,8.68,
2022-09-05 11:45:00,8.61,
2022-09-05 12:00:00,8.55,
2022-09-05 12:15:00,8.48,
2022-09-05 12:30:00,8.4,
2022-09-05 12:45:00,8.35,
2022-09-05 13:00:00,8.28,
2022-09-05 13:15:00,8.23,
2022-09-05 13:30:00,8.17,
2022-09-05 13:45:00,8.13,
2022-09-05 14:00:00,8.08,
2022-09-05 14:15:00,8.05,
2022-09-05 14:30:00,8.01,
2022-09-05 14:45:00,7.95,
2022-09-05 15:00:00,7.92,
2022-09-05 15:15:00,7.87,
2022-09-05 15:30:00,7.82,
2022-09-05 15:45:00,7.78,
2022-09-05 16:00:00,7.72,
2022-09-05 16:15:00,7.69,
2022-09-05 16:30:00,7.64,
2022-09-05 16:45:00,7.6,
2022-09-05 17:00:00,7.54,
2022-09-05 17:15:00,7.49,
2022-09-05 17:30:00,7.44,
2022-09-05 17:45:00,7.35,
2022-09-05 18:00:00,7.29,
2022-09-05 18:15:00,7.27,
2022-09-05 18:30:00,7.27,
2022-09-05 18:45:00,7.28,
2022-09-05 19:00:00,7.3,
2022-09-05 19:15:00,7.3,
2022-09-05 19:30:00,7.35,
2022-09-05 19:45:00,7.4,
2022-09-05 20:00:00,7.45,
2022-09-05 20:15:00,7.49,
2022-09-05 20:30:00,7.53,
2022-09-05 20:45:00,7.59,
2022-09-05 21:00:00,7.63,
2022-09-05 21:15:00,7.67,
2022-09-05 21:30:00,7.72,
2022-09-05 21:45:00,7.78,
2022-09-05 22:00:00,7.82,
2022-09-05 22:15:00,7.86,
2022-09-05 22:30:00,7.9,
2022-09-05 22:45:00,7.93,
2022-09-05 23:00:00,7.97,
2022-09-05 23:15:00,8.0,
2022-09-05 23:30:00,8.05,
2022-09-05 23:45:00,8.06,
2022-09-06 00:00:00,8.1,
2022-09-06 00:15:00,8.13,
2022-09-06 00:30:00,8.16,
2022-09-06 00:45:00,8.19,
2022-09-06 01:00:00,8.22,
2022-09-06 01:15:00,8.25,
2022-09-06 01:30:00,8.28,
2022-09-06 01:45:00,8.31,
2022-09-06 02:00:00,8.33,
2022-09-06 02:15:00,8.35,
2022-09-06 02:30:00,8.38,
2022-09-06 02:45:00,8.4,
2022-09-06 03:00:00,8.43,
2022-09-06 03:15:00,8.45,
2022-09-06 03:30:00,8.47,
2022-09-06 03:45:00,8.51,
2022-09-06 04:00:00,8.52,
2022-09-06 04:15:00,8.54,
2022-09-06 04:30:00,8.55,
2022-09-06 04:45:00,8.57,
2022-09-06 05:00:00,8.6,
2022-09-06 05:15:00,8.62,
2022-09-06 05:30:00,8.63,
2022-09-06 05:45:00,8.66,
2022-09-06 06:00:00,8.69,
2022-09-06 06:15:00,8.72,
2022-09-06 06:30:00,8.77,
2022-09-06 06:45:00,8.82,
2022-09-06 07:00:00,8.87,
2022-09-06 07:15:00,8.93,
2022-09-06 07:30:00,8.97,
2022-09-06 07:45:00,9.03,
2022-09-06 08:00:00,9.07,
2022-09-06 08:15:00,9.11,
2022-09-06 08:30:00,9.15,
2022-09-06 08:45:00,9.16,
2022-09-06 09:00:00,9.17,
2022-09-06 09:15:00,9.17,
2022-09-06 09:30:00,9.18,
2022-09-06 09:45:00,9.16,
2022-09-06 10:00:00,9.15,
2022-09-06 10:15:00,9.11,
2022-09-06 10:30:00,9.07,
2022-09-06 10:45:00,9.01,
2022-09-06 11:00:00,8.97,
2022-09-06 11:15:00,8.92,
2022-09-06 11:30:00,8.88,
2022-09-06 11:45:00,8.83,
2022-09-06 12:00:00,8.78,
2022-09-06 12:15:00,8.72,
2022-09-06 12:30:00,8.66,
2022-09-06 12:45:00,8.36,
2022-09-06 13:00:00,8.55,
2022-09-06 13:15:00,8.35,
2022-09-06 13:30:00,8.18,
2022-09-06 13:45:00,8.17,
2022-09-06 14:00:00,8.31,
2022-09-06 14:15:00,8.34,
2022-09-06 14:30:00,8.3,
2022-09-06 14:45:00,8.26,
2022-09-06 15:00:00,8.23,
2022-09-06 15:15:00,8.18,
2022-09-06 15:30:00,8.13,
2022-09-06 15:45:00,8.07,
2022-09-06 16:00:00,7.98,
2022-09-06 16:15:00,7.92,
2022-09-06 16:30:00,7.84,
2022-09-06 16:45:00,7.76,
2022-09-06 17:00:00,7.69,
2022-09-06 17:15:00,7.64,
2022-09-06 17:30:00,7.58,
2022-09-06 17:45:00,7.5,
2022-09-06 18:00:00,7.46,
2022-09-06 18:15:00,7.45,
2022-09-06 18:30:00,7.44,
2022-09-06 18:45:00,7.44,
2022-09-06 19:00:00,7.44,
2022-09-06 19:15:00,7.46,
2022-09-06 19:30:00,7.5,
2022-09-06 19:45:00,7.54,
2022-09-06 20:00:00,7.58,
2022-09-06 20:15:00,7.62,
2022-09-06 20:30:00,7.67,
2022-09-06 20:45:00,7.71,
2022-09-06 21:00:00,7.76,
2022-09-06 21:15:00,7.8,
2022-09-06 21:30:00,7.83,
2022-09-06 21:45:00,7.87,
2022-09-06 22:00:00,7.91,
2022-09-06 22:15:00,7.94,
2022-09-06 22:30:00,7.99,
2022-09-06 22:45:00,8.02,
2022-09-06 23:00:00,8.05,
2022-09-06 23:15:00,8.09,
2022-09-06 23:30:00,8.12,
2022-09-06 23:45:00,8.14,
2022-09-07 00:00:00,8.17,
2022-09-07 00:15:00,8.21,
2022-09-07 00:30:00,8.23,
2022-09-07 00:45:00,8.27,
2022-09-07 01:00:00,8.3,
2022-09-07 01:15:00,8.32,
2022-09-07 01:30:00,8.35,
2022-09-07 01:45:00,8.38,
2022-09-07 02:00:00,8.4,
2022-09-07 02:15:00,8.42,
2022-09-07 02:30:00,8.44,
2022-09-07 02:45:00,8.47,
2022-09-07 03:00:00,8.49,
2022-09-07 03:15:00,8.5,
2022-09-07 03:30:00,8.52,
2022-09-07 03:45:00,8.55,
2022-09-07 04:00:00,8.56,
2022-09-07 04:15:00,8.57,
2022-09-07 04:30:00,8.59,
2022-09-07 04:45:00,8.6,
2022-09-07 05:00:00,8.62,
2022-09-07 05:15:00,8.63,
2022-09-07 05:30:00,8.65,
2022-09-07 05:45:00,8.66,
2022-09-07 06:00:00,8.69,
2022-09-07 06:15:00,8.72,
2022-09-07 06:30:00,8.77,
2022-09-07 06:45:00,8.8,
2022-09-07 07:00:00,8.85,
2022-09-07 07:15:00,8.89,
2022-09-07 07:30:00,8.93,
2022-09-07 07:45:00,8.96,
2022-09-07 08:00:00,9.0,
2022-09-07 08:15:00,9.03,
2022-09-07 08:30:00,9.06,
2022-09-07 08:45:00,9.08,
2022-09-07 09:00:00,9.09,
2022-09-07 09:15:00,9.09,
2022-09-07 09:30:00,9.08,
2022-09-07 09:45:00,9.06,
2022-09-07 10:00:00,9.02,
2022-09-07 10:15:00,8.98,
2022-09-07 10:30:00,8.93,
2022-09-07 10:45:00,8.88,
2022-09-07 11:00:00,8.82,
2022-09-07 11:15:00,8.76,
2022-09-07 11:30:00,8.69,
2022-09-07 11:45:00,8.64,
2022-09-07 12:00:00,8.59,
2022-09-07 12:15:00,8.53,
2022-09-07 12:30:00,8.47,
2022-09-07 12:45:00,8.37,
2022-09-07 13:00:00,8.28,
2022-09-07 13:15:00,8.21,
2022-09-07 13:30:00,8.12,
2022-09-07 13:45:00,8.01,
2022-09-07 14:00:00,7.92,
2022-09-07 14:15:00,7.95,
2022-09-07 14:30:00,7.98,
2022-09-07 14:45:00,7.98,
2022-09-07 15:00:00,7.95,
2022-09-07 15:15:00,7.92,
2022-09-07 15:30:00,7.88,
2022-09-07 15:45:00,7.83,
2022-09-07 16:00:00,7.79,
2022-09-07 16:15:00,7.73,
2022-09-07 16:30:00,7.7,
2022-09-07 16:45:00,7.66,
2022-09-07 17:00:00,7.6,
2022-09-07 17:15:00,7.55,
2022-09-07 17:30:00,7.49,
2022-09-07 17:45:00,7.4,
2022-09-07 18:00:00,7.35,
2022-09-07 18:15:00,7.36,
2022-09-07 18:30:00,7.36,
2022-09-07 18:45:00,7.36,
2022-09-07 19:00:00,7.36,
2022-09-07 19:15:00,7.4,
2022-09-07 19:30:00,7.44,
2022-09-07 19:45:00,7.47,
2022-09-07 20:00:00,7.52,
2022-09-07 20:15:00,7.56,
2022-09-07 20:30:00,7.6,
2022-09-07 20:45:00,7.64,
2022-09-07 21:00:00,7.7,
2022-09-07 21:15:00,7.73,
2022-09-07 21:30:00,7.77,
2022-09-07 21:45:00,7.8,
2022-09-07 22:00:00,7.84,
2022-09-07 22:15:00,7.88,
2022-09-07 22:30:00,7.91,
2022-09-07 22:45:00,7.95,
2022-09-07 23:00:00,7.98,
2022-09-07 23:15:00,8.02,
2022-09-07 23:30:00,8.05,
2022-09-07 23:45:00,8.08,
2022-09-08 00:00:00,8.1,
2022-09-08 00:15:00,8.13,
2022-09-08 00:30:00,8.16,
2022-09-08 00:45:00,8.18,
2022-09-08 01:00:00,8.21,
2022-09-08 01:15:00,8.24,
2022-09-08 01:30:00,8.26,
2022-09-08 01:45:00,8.29,
2022-09-08 02:00:00,8.31,
2022-09-08 02:15:00,8.33,
2022-09-08 02:30:00,8.35,
2022-09-08 02:45:00,8.37,
2022-09-08 03:00:00,8.4,
2022-09-08 03:15:00,8.41,
2022-09-08 03:30:00,8.43,
2022-09-08 03:45:00,8.45,
2022-09-08 04:00:00,8.47,
2022-09-08 04:15:00,8.47,
2022-09-08 04:30:00,8.49,
2022-09-08 04:45:00,8.51,
2022-09-08 05:00:00,8.52,
2022-09-08 05:15:00,8.54,
2022-09-08 05:30:00,8.55,
2022-09-08 05:45:00,8.55,
2022-09-08 06:00:00,8.57,
2022-09-08 06:15:00,8.61,
2022-09-08 06:30:00,8.65,
2022-09-08 06:45:00,8.66,
2022-09-08 07:00:00,8.71,
2022-09-08 07:15:00,8.73,
2022-09-08 07:30:00,8.73,
2022-09-08 07:45:00,8.79,
2022-09-08 08:00:00,8.84,
2022-09-08 08:15:00,8.89,
2022-09-08 08:30:00,8.95,
2022-09-08 08:45:00,8.99,
2022-09-08 09:00:00,9.02,
2022-09-08 09:15:00,9.03,
2022-09-08 09:30:00,9.01,
2022-09-08 09:45:00,9.01,
2022-09-08 10:00:00,8.99,
2022-09-08 10:15:00,8.95,
2022-09-08 10:30:00,8.92,
2022-09-08 10:45:00,8.87,
2022-09-08 11:00:00,8.83,
2022-09-08 11:15:00,8.78,
2022-09-08 11:30:00,8.73,
2022-09-08 11:45:00,8.67,
2022-09-08 12:00:00,8.61,
2022-09-08 12:15:00,8.55,
2022-09-08 12:30:00,8.47,
2022-09-08 12:45:00,8.41,
2022-09-08 13:00:00,8.35,
2022-09-08 13:15:00,8.28,
2022-09-08 13:30:00,8.23,
2022-09-08 13:45:00,8.13,
2022-09-08 14:00:00,8.12,
2022-09-08 14:15:00,8.06,
2022-09-08 14:30:00,8.02,
2022-09-08 14:45:00,7.96,
2022-09-08 15:00:00,7.89,
2022-09-08 15:15:00,7.74,
2022-09-08 15:30:00,7.8,
2022-09-08 15:45:00,7.8,
2022-09-08 16:00:00,7.78,
2022-09-08 16:15:00,7.73,
2022-09-08 16:30:00,7.71,
2022-09-08 16:45:00,7.64,
2022-09-08 17:00:00,7.44,
2022-09-08 17:15:00,7.4,
2022-09-08 17:30:00,7.39,
2022-09-08 17:45:00,7.39,
2022-09-08 18:00:00,7.38,
2022-09-08 18:15:00,7.4,
2022-09-08 18:30:00,7.41,
2022-09-08 18:45:00,7.41,
2022-09-08 19:00:00,7.43,
2022-09-08 19:15:00,7.44,
2022-09-08 19:30:00,7.46,
2022-09-08 19:45:00,7.49,
2022-09-08 20:00:00,7.53,
2022-09-08 20:15:00,7.57,
2022-09-08 20:30:00,7.61,
2022-09-08 20:45:00,7.65,
2022-09-08 21:00:00,7.7,
2022-09-08 21:15:00,7.73,
2022-09-08 21:30:00,7.78,
2022-09-08 21:45:00,7.82,
2022-09-08 22:00:00,7.86,
2022-09-08 22:15:00,7.91,
2022-09-08 22:30:00,7.95,
2022-09-08 22:45:00,7.99,
2022-09-08 23:00:00,8.02,
2022-09-08 23:15:00,8.07,
2022-09-08 23:30:00,8.1,
2022-09-08 23:45:00,8.14,
2022-09-09 00:00:00,8.18,
2022-09-09 00:15:00,8.21,
2022-09-09 00:30:00,8.25,
2022-09-09 00:45:00,8.29,
2022-09-09 01:00:00,8.32,
2022-09-09 01:15:00,8.36,
2022-09-09 01:30:00,8.4,
2022-09-09 01:45:00,8.44,
2022-09-09 02:00:00,8.47,
2022-09-09 02:15:00,8.5,
2022-09-09 02:30:00,8.54,
2022-09-09 02:45:00,8.58,
2022-09-09 03:00:00,8.61,
2022-09-09 03:15:00,8.65,
2022-09-09 03:30:00,8.68,
2022-09-09 03:45:00,8.71,
2022-09-09 04:00:00,8.74,
2022-09-09 04:15:00,8.77,
2022-09-09 04:30:00,8.79,
2022-09-09 04:45:00,8.82,
2022-09-09 05:00:00,8.85,
2022-09-09 05:15:00,8.89,
2022-09-09 05:30:00,8.91,
2022-09-09 05:45:00,8.94,
2022-09-09 06:00:00,8.97,
2022-09-09 06:15:00,9.0,
2022-09-09 06:30:00,9.05,
2022-09-09 06:45:00,9.11,
2022-09-09 07:00:00,9.18,
2022-09-09 07:15:00,9.25,
2022-09-09 07:30:00,9.3,
2022-09-09 07:45:00,9.36,
2022-09-09 08:00:00,9.4,
2022-09-09 08:15:00,9.45,
2022-09-09 08:30:00,9.47,
2022-09-09 08:45:00,9.49,
2022-09-09 09:00:00,9.49,
2022-09-09 09:15:00,9.5,
2022-09-09 09:30:00,9.49,
2022-09-09 09:45:00,9.47,
2022-09-09 10:00:00,9.44,
2022-09-09 10:15:00,9.4,
2022-09-09 10:30:00,9.35,
2022-09-09 10:45:00,9.29,
2022-09-09 11:00:00,9.24,
2022-09-09 11:15:00,9.18,
2022-09-09 11:30:00,9.12,
2022-09-09 11:45:00,9.06,
2022-09-09 12:00:00,9.0,
2022-09-09 12:15:00,8.94,
2022-09-09 12:30:00,8.89,
2022-09-09 12:45:00,8.83,
2022-09-09 13:00:00,8.77,
2022-09-09 13:15:00,8.72,
2022-09-09 13:30:00,8.66,
2022-09-09 13:45:00,8.6,
2022-09-09 14:00:00,8.56,
2022-09-09 14:15:00,8.52,
2022-09-09 14:30:00,8.47,
2022-09-09 14:45:00,8.42,
2022-09-09 15:00:00,8.38,
2022-09-09 15:15:00,8.34,
2022-09-09 15:30:00,8.3,
2022-09-09 15:45:00,8.26,
2022-09-09 16:00:00,8.23,
2022-09-09 16:15:00,8.19,
2022-09-09 16:30:00,8.15,
2022-09-09 16:45:00,8.11,
2022-09-09 17:00:00,8.09,
2022-09-09 17:15:00,8.07,
2022-09-09 17:30:00,8.03,
2022-09-09 17:45:00,7.97,
2022-09-09 18:00:00,7.93,
2022-09-09 18:15:00,7.89,
2022-09-09 18:30:00,7.86,
2022-09-09 18:45:00,7.85,
2022-09-09 19:00:00,7.84,
2022-09-09 19:15:00,7.86,
2022-09-09 19:30:00,7.9,
2022-09-09 19:45:00,7.94,
2022-09-09 20:00:00,7.99,
2022-09-09 20:15:00,8.01,
2022-09-09 20:30:00,8.08,
2022-09-09 20:45:00,8.12,
2022-09-09 21:00:00,8.17,
2022-09-09 21:15:00,8.21,
2022-09-09 21:30:00,8.26,
2022-09-09 21:45:00,8.3,
2022-09-09 22:00:00,8.35,
2022-09-09 22:15:00,8.38,
2022-09-09 22:30:00,8.44,
2022-09-09 22:45:00,8.48,
2022-09-09 23:00:00,8.52,
2022-09-09 23:15:00,8.57,
2022-09-09 23:30:00,8.61,
2022-09-09 23:45:00,8.66,
2022-09-10 00:00:00,8.69,
2022-09-10 00:15:00,8.73,
2022-09-10 00:30:00,8.76,
2022-09-10 00:45:00,8.8,
2022-09-10 01:00:00,8.84,
2022-09-10 01:15:00,8.86,
2022-09-10 01:30:00,8.9,
2022-09-10 01:45:00,8.93,
2022-09-10 02:00:00,8.95,
2022-09-10 02:15:00,8.98,
2022-09-10 02:30:00,9.02,
2022-09-10 02:45:00,9.05,
2022-09-10 03:00:00,9.07,
2022-09-10 03:15:00,9.1,
2022-09-10 03:30:00,9.12,
2022-09-10 03:45:00,9.15,
2022-09-10 04:00:00,9.16,
2022-09-10 04:15:00,9.19,
2022-09-10 04:30:00,9.21,
2022-09-10 04:45:00,9.22,
2022-09-10 05:00:00,9.23,
2022-09-10 05:15:00,9.25,
2022-09-10 05:30:00,9.27,
2022-09-10 05:45:00,9.29,
2022-09-10 06:00:00,9.31,
2022-09-10 06:15:00,9.34,
2022-09-10 06:30:00,9.39,
2022-09-10 06:45:00,9.44,
2022-09-10 07:00:00,9.49,
2022-09-10 07:15:00,9.53,
2022-09-10 07:30:00,9.57,
2022-09-10 07:45:00,9.6,
2022-09-10 08:00:00,9.64,
2022-09-10 08:15:00,9.67,
2022-09-10 08:30:00,9.69,
2022-09-10 08:45:00,9.7,
2022-09-10 09:00:00,9.69,
2022-09-10 09:15:00,9.68,
2022-09-10 09:30:00,9.66,
2022-09-10 09:45:00,9.66,
2022-09-10 10:00:00,9.59,
2022-09-10 10:15:00,9.59,
2022-09-10 10:30:00,9.51,LI
2022-09-10 10:45:00,9.43,
2022-09-10 11:00:00,9.36,
2022-09-10 11:15:00,9.29,
2022-09-10 11:30:00,9.22,
2022-09-10 11:45:00,9.15,
2022-09-10 12:00:00,9.08,
2022-09-10 12:15:00,9.02,
2022-09-10 12:30:00,8.94,
2022-09-10 12:45:00,8.87,
2022-09-10 13:00:00,8.81,
2022-09-10 13:15:00,8.75,
2022-09-10 13:30:00,8.68,
2022-09-10 13:45:00,8.63,
2022-09-10 14:00:00,8.57,
2022-09-10 14:15:00,8.52,
2022-09-10 14:30:00,8.46,
2022-09-10 14:45:00,8.41,
2022-09-10 15:00:00,8.36,
2022-09-10 15:15:00,8.31,
2022-09-10 15:30:00,8.26,
2022-09-10 15:45:00,8.22,
2022-09-10 16:00:00,8.17,
2022-09-10 16:15:00,8.14,
2022-09-10 16:30:00,8.1,
2022-09-10 16:45:00,8.07,
2022-09-10 17:00:00,8.03,
2022-09-10 17:15:00,7.99,
2022-09-10 17:30:00,7.97,
2022-09-10 17:45:00,7.88,
2022-09-10 18:00:00,7.86,
2022-09-10 18:15:00,7.86,
2022-09-10 18:30:00,7.86,
2022-09-10 18:45:00,7.85,
2022-09-10 19:00:00,7.86,
2022-09-10 19:15:00,7.88,
2022-09-10 19:30:00,7.92,
2022-09-10 19:45:00,7.95,
2022-09-10 20:00:00,8.0,
2022-09-10 20:15:00,8.05,
2022-09-10 20:30:00,8.09,
2022-09-10 20:45:00,8.14,
2022-09-10 21:00:00,8.19,
2022-09-10 21:15:00,8.24,
2022-09-10 21:30:00,8.27,
2022-09-10 21:45:00,8.32,
2022-09-10 22:00:00,8.37,
2022-09-10 22:15:00,8.41,
2022-09-10 22:30:00,8.45,
2022-09-10 22:45:00,8.5,
2022-09-10 23:00:00,8.53,
2022-09-10 23:15:00,8.57,
2022-09-10 23:30:00,8.61,
2022-09-10 23:45:00,8.65,
2022-09-11 00:00:00,8.69,
2022-09-11 00:15:00,8.72,
2022-09-11 00:30:00,8.76,
2022-09-11 00:45:00,8.79,
2022-09-11 01:00:00,8.82,
2022-09-11 01:15:00,8.86,
2022-09-11 01:30:00,8.9,
2022-09-11 01:45:00,8.92,
2022-09-11 02:00:00,8.95,
2022-09-11 02:15:00,8.98,
2022-09-11 02:30:00,9.01,
2022-09-11 02:45:00,9.04,
2022-09-11 03:00:00,9.07,
2022-09-11 03:15:00,9.1,
2022-09-11 03:30:00,9.12,
2022-09-11 03:45:00,9.15,
2022-09-11 04:00:00,9.17,
2022-09-11 04:15:00,9.2,
2022-09-11 04:30:00,9.22,
2022-09-11 04:45:00,9.24,
2022-09-11 05:00:00,9.26,
2022-09-11 05:15:00,9.28,
2022-09-11 05:30:00,9.3,
2022-09-11 05:45:00,9.32,
2022-09-11 06:00:00,9.35,
2022-09-11 06:15:00,9.39,
2022-09-11 06:30:00,9.43,
2022-09-11 06:45:00,9.48,
2022-09-11 07:00:00,9.52,
2022-09-11 07:15:00,9.56,
2022-09-11 07:30:00,9.6,
2022-09-11 07:45:00,9.63,
2022-09-11 08:00:00,9.66,
2022-09-11 08:15:00,9.7,
2022-09-11 08:30:00,9.72,
2022-09-11 08:45:00,9.74,
2022-09-11 09:00:00,9.73,
2022-09-11 09:15:00,9.72,
2022-09-11 09:30:00,9.69,
2022-09-11 09:45:00,9.66,
2022-09-11 10:00:00,9.62,
2022-09-11 10:15:00,9.56,
2022-09-11 10:30:00,9.5,
2022-09-11 10:45:00,9.44,
2022-09-11 11:00:00,9.37,
2022-09-11 11:15:00,9.29,
2022-09-11 11:30:00,9.22,
2022-09-11 11:45:00,9.14,
2022-09-11 12:00:00,9.07,
2022-09-11 12:15:00,9.0,
2022-09-11 12:30:00,8.93,
2022-09-11 12:45:00,8.86,
2022-09-11 13:00:00,8.79,
2022-09-11 13:15:00,8.73,
2022-09-11 13:30:00,8.66,
2022-09-11 13:45:00,8.59,
2022-09-11 14:00:00,8.54,
2022-09-11 14:15:00,8.49,
2022-09-11 14:30:00,8.43,
2022-09-11 14:45:00,8.37,
2022-09-11 15:00:00,8.32,
2022-09-11 15:15:00,8.27,
2022-09-11 15:30:00,8.22,
2022-09-11 15:45:00,8.17,
2022-09-11 16:00:00,8.13,
2022-09-11 16:15:00,8.08,
2022-09-11 16:30:00,8.04,
2022-09-11 16:45:00,8.0,
2022-09-11 17:00:00,7.96,
2022-09-11 17:15:00,7.92,
2022-09-11 17:30:00,7.87,
2022-09-11 17:45:00,7.8,
2022-09-11 18:00:00,7.78,
2022-09-11 18:15:00,7.78,
2022-09-11 18:30:00,7.79,
2022-09-11 18:45:00,7.79,
2022-09-11 19:00:00,7.82,
2022-09-11 19:15:00,7.85,
2022-09-11 19:30:00,7.89,
2022-09-11 19:45:00,7.95,
2022-09-11 20:00:00,8.0,
2022-09-11 20:15:00,8.05,
2022-09-11 20:30:00,8.1,
2022-09-11 20:45:00,8.14,
2022-09-11 21:00:00,8.2,
2022-09-11 21:15:00,8.24,
2022-09-11 21:30:00,8.3,
2022-09-11 21:45:00,8.33,
2022-09-11 22:00:00,8.38,
2022-09-11 22:15:00,8.42,
2022-09-11 22:30:00,8.46,
2022-09-11 22:45:00,8.51,
2022-09-11 23:00:00,8.54,
2022-09-11 23:15:00,8.59,
2022-09-11 23:30:00,8.64,
2022-09-11 23:45:00,8.67,
2022-09-12 00:00:00,8.72,
2022-09-12 00:15:00,8.75,
2022-09-12 00:30:00,8.79,
2022-09-12 00:45:00,8.82,
2022-09-12 01:00:00,8.87,
2022-09-12 01:15:00,8.9,
2022-09-12 01:30:00,8.93,
2022-09-12 01:45:00,8.96,
2022-09-12 02:00:00,8.99,
2022-09-12 02:15:00,9.02,
2022-09-12 02:30:00,9.05,
2022-09-12 02:45:00,9.07,
2022-09-12 03:00:00,9.09,
2022-09-12 03:15:00,9.12,
2022-09-12 03:30:00,9.15,
2022-09-12 03:45:00,9.18,
2022-09-12 04:00:00,9.2,
2022-09-12 04:15:00,9.23,
2022-09-12 04:30:00,9.25,
2022-09-12 04:45:00,9.27,
2022-09-12 05:00:00,9.29,
2022-09-12 05:15:00,9.31,
2022-09-12 05:30:00,9.33,
2022-09-12 05:45:00,9.36,
2022-09-12 06:00:00,9.37,
2022-09-12 06:15:00,9.41,
2022-09-12 06:30:00,9.45,
2022-09-12 06:45:00,9.49,
2022-09-12 07:00:00,9.54,
2022-09-12 07:15:00,9.58,
2022-09-12 07:30:00,9.63,
2022-09-12 07:45:00,9.65,
2022-09-12 08:00:00,9.69,
2022-09-12 08:15:00,9.72,
2022-09-12 08:30:00,9.74,
2022-09-12 08:45:00,9.75,
2022-09-12 09:00:00,9.74,
2022-09-12 09:15:00,9.73,
2022-09-12 09:30:00,9.71,
2022-09-12 09:45:00,9.67,
2022-09-12 10:00:00,9.62,
2022-09-12 10:15:00,9.56,
2022-09-12 10:30:00,9.51,
2022-09-12 10:45:00,9.44,
2022-09-12 11:00:00,9.36,
2022-09-12 11:15:00,9.29,
2022-09-12 11:30:00,9.21,
2022-09-12 11:45:00,9.13,
2022-09-12 12:00:00,9.05,
2022-09-12 12:15:00,8.97,
2022-09-12 12:30:00,8.9,
2022-09-12 12:45:00,8.82,
2022-09-12 13:00:00,8.76,
2022-09-12 13:15:00,8.69,
2022-09-12 13:30:00,8.62,
2022-09-12 13:45:00,8.57,
2022-09-12 14:00:00,8.51,
2022-09-12 14:15:00,8.46,
2022-09-12 14:30:00,8.4,
2022-09-12 14:45:00,8.34,
2022-09-12 15:00:00,8.29,
2022-09-12 15:15:00,8.24,
2022-09-12 15:30:00,8.19,
2022-09-12 15:45:00,8.15,
2022-09-12 16:00:00,8.09,
2022-09-12 16:15:00,8.02,
2022-09-12 16:30:00,8.02,
2022-09-12 16:45:00,8.01,
2022-09-12 17:00:00,7.97,
2022-09-12 17:15:00,7.92,
2022-09-12 17:30:00,7.87,
2022-09-12 17:45:00,7.78,
2022-09-12 18:00:00,7.76,
2022-09-12 18:15:00,7.75,
2022-09-12 18:30:00,7.72,
2022-09-12 18:45:00,7.72,
2022-09-12 19:00:00,7.74,
2022-09-12 19:15:00,7.77,
2022-09-12 19:30:00,7.81,
2022-09-12 19:45:00,7.86,
2022-09-12 20:00:00,7.9,
2022-09-12 20:15:00,7.95,
2022-09-12 20:30:00,8.0,
2022-09-12 20:45:00,8.04,
2022-09-12 21:00:00,8.09,
2022-09-12 21:15:00,8.13,
2022-09-12 21:30:00,8.17,
2022-09-12 21:45:00,8.21,
2022-09-12 22:00:00,8.25,
2022-09-12 22:15:00,8.29,
2022-09-12 22:30:00,8.34,
2022-09-12 22:45:00,8.38,
2022-09-12 23:00:00,8.41,
2022-09-12 23:15:00,8.44,
2022-09-12 23:30:00,8.48,
2022-09-12 23:45:00,8.51,
2022-09-13 00:00:00,8.54,
2022-09-13 00:15:00,8.57,
2022-09-13 00:30:00,8.6,
2022-09-13 00:45:00,8.63,
2022-09-13 01:00:00,8.66,
2022-09-13 01:15:00,8.68,
2022-09-13 01:30:00,8.7,
2022-09-13 01:45:00,8.73,
2022-09-13 02:00:00,8.75,
2022-09-13 02:15:00,8.77,
2022-09-13 02:30:00,8.8,
2022-09-13 02:45:00,8.81,
2022-09-13 03:00:00,8.84,
2022-09-13 03:15:00,8.86,
2022-09-13 03:30:00,8.89,
2022-09-13 03:45:00,8.91,
2022-09-13 04:00:00,8.92,
2022-09-13 04:15:00,8.94,
2022-09-13 04:30:00,8.95,
2022-09-13 04:45:00,8.97,
2022-09-13 05:00:00,8.97,
2022-09-13 05:15:00,8.99,
2022-09-13 05:30:00,8.99,
2022-09-13 05:45:00,9.0,
2022-09-13 06:00:00,9.02,
2022-09-13 06:15:00,9.02,
2022-09-13 06:30:00,9.05,
2022-09-13 06:45:00,9.1,
2022-09-13 07:00:00,9.16,
2022-09-13 07:15:00,9.22,
2022-09-13 07:30:00,9.26,
2022-09-13 07:45:00,9.28,
2022-09-13 08:00:00,9.28,
2022-09-13 08:15:00,9.29,
2022-09-13 08:30:00,9.35,
2022-09-13 08:45:00,9.43,
2022-09-13 09:00:00,9.45,
2022-09-13 09:15:00,9.43,
2022-09-13 09:30:00,9.38,
2022-09-13 09:45:00,9.39,
2022-09-13 10:00:00,9.37,
2022-09-13 10:15:00,9.33,
2022-09-13 10:30:00,9.19,
2022-09-13 10:45:00,9.12,
2022-09-13 11:00:00,9.07,
2022-09-13 11:15:00,9.16,
2022-09-13 11:30:00,9.17,
2022-09-13 11:45:00,9.19,
2022-09-13 12:00:00,9.14,
2022-09-13 12:15:00,9.15,
2022-09-13 12:30:00,9.18,
2022-09-13 12:45:00,9.18,
2022-09-13 13:00:00,9.12,
2022-09-13 13:15:00,8.95,
2022-09-13 13:30:00,8.95,
2022-09-13 13:45:00,9.05,
2022-09-13 14:00:00,9.03,
2022-09-13 14:15:00,9.01,
2022-09-13 14:30:00,8.99,
2022-09-13 14:45:00,8.95,
2022-09-13 15:00:00,8.92,
2022-09-13 15:15:00,8.91,
2022-09-13 15:30:00,8.8,
2022-09-13 15:45:00,8.63,
2022-09-13 16:00:00,8.42,
2022-09-13 16:15:00,8.3,
2022-09-13 16:30:00,8.24,
2022-09-13 16:45:00,8.23,
2022-09-13 17:00:00,8.23,
2022-09-13 17:15:00,8.22,
2022-09-13 17:30:00,8.24,
2022-09-13 17:45:00,8.28,
2022-09-13 18:00:00,8.28,
2022-09-13 18:15:00,8.27,
2022-09-13 18:30:00,8.27,
2022-09-13 18:45:00,8.24,
2022-09-13 19:00:00,8.22,
2022-09-13 19:15:00,8.22,
2022-09-13 19:30:00,8.23,
2022-09-13 19:45:00,8.24,
2022-09-13 20:00:00,8.25,
2022-09-13 20:15:00,8.28,
2022-09-13 20:30:00,8.29,
2022-09-13 20:45:00,8.29,
2022-09-13 21:00:00,8.32,
2022-09-13 21:15:00,8.33,
2022-09-13 21:30:00,8.34,
2022-09-13 21:45:00,8.35,
2022-09-13 22:00:00,8.36,
2022-09-13 22:15:00,8.37,
2022-09-13 22:30:00,8.37,
2022-09-13 22:45:00,8.39,
2022-09-13 23:00:00,8.4,
2022-09-13 23:15:00,8.41,
2022-09-13 23:30:00,8.42,
2022-09-13 23:45:00,8.43,
2022-09-14 00:00:00,8.44,
2022-09-14 00:15:00,8.46,
2022-09-14 00:30:00,8.47,
2022-09-14 00:45:00,8.48,
2022-09-14 01:00:00,8.49,
2022-09-14 01:15:00,8.5,
2022-09-14 01:30:00,8.5,
2022-09-14 01:45:00,8.52,
2022-09-14 02:00:00,8.52,
2022-09-14 02:15:00,8.54,
2022-09-14 02:30:00,8.54,
2022-09-14 02:45:00,8.54,
2022-09-14 03:00:00,8.55,
2022-09-14 03:15:00,8.56,
2022-09-14 03:30:00,8.56,
2022-09-14 03:45:00,8.56,
2022-09-14 04:00:00,8.57,
2022-09-14 04:15:00,8.57,
2022-09-14 04:30:00,8.58,
2022-09-14 04:45:00,8.58,
2022-09-14 05:00:00,8.59,
2022-09-14 05:15:00,8.59,
2022-09-14 05:30:00,8.6,
2022-09-14 05:45:00,8.6,
2022-09-14 06:00:00,8.61,
2022-09-14 06:15:00,8.62,
2022-09-14 06:30:00,8.63,
2022-09-14 06:45:00,8.64,
2022-09-14 07:00:00,8.67,
2022-09-14 07:15:00,8.73,
2022-09-14 07:30:00,8.79,
2022-09-14 07:45:00,8.88,
2022-09-14 08:00:00,8.95,
2022-09-14 08:15:00,9.02,
2022-09-14 08:30:00,9.04,
2022-09-14 08:45:00,9.05,
2022-09-14 09:00:00,8.97,
2022-09-14 09:15:00,8.89,
2022-09-14 09:30:00,8.92,
2022-09-14 09:45:00,9.02,
2022-09-14 10:00:00,9.05,
2022-09-14 10:15:00,9.01,
2022-09-14 10:30:00,8.92,
2022-09-14 10:45:00,8.89,
2022-09-14 11:00:00,8.88,
2022-09-14 11:15:00,8.89,
2022-09-14 11:30:00,9.02,
2022-09-14 11:45:00,9.02,
2022-09-14 12:00:00,9.04,
2022-09-14 12:15:00,9.03,
2022-09-14 12:30:00,8.99,
2022-09-14 12:45:00,8.99,
2022-09-14 13:00:00,9.07,
2022-09-14 13:15:00,9.06,
2022-09-14 13:30:00,8.99,
2022-09-14 13:45:00,8.95,
2022-09-14 14:00:00,8.88,
2022-09-14 14:15:00,8.87,
2022-09-14 14:30:00,8.79,
2022-09-14 14:45:00,8.72,
2022-09-14 15:00:00,8.7,
2022-09-14 15:15:00,8.64,
2022-09-14 15:30:00,8.62,
2022-09-14 15:45:00,8.65,
2022-09-14 16:00:00,8.63,
2022-09-14 16:15:00,8.56,
2022-09-14 16:30:00,8.49,
2022-09-14 16:45:00,8.42,
2022-09-14 17:00:00,8.37,
2022-09-14 17:15:00,8.41,
2022-09-14 17:30:00,8.4,
2022-09-14 17:45:00,8.34,
2022-09-14 18:00:00,8.31,
2022-09-14 18:15:00,8.26,
2022-09-14 18:30:00,8.21,
2022-09-14 18:45:00,8.17,
2022-09-14 19:00:00,8.16,
2022-09-14 19:15:00,8.17,
2022-09-14 19:30:00,8.19,
2022-09-14 19:45:00,8.22,
2022-09-14 20:00:00,8.24,
2022-09-14 20:15:00,8.26,
2022-09-14 20:30:00,8.28,
2022-09-14 20:45:00,8.31,
2022-09-14 21:00:00,8.34,
2022-09-14 21:15:00,8.36,
2022-09-14 21:30:00,8.39,
2022-09-14 21:45:00,8.42,
2022-09-14 22:00:00,8.45,
2022-09-14 22:15:00,8.47,
2022-09-14 22:30:00,8.5,
2022-09-14 22:45:00,8.52,
2022-09-14 23:00:00,8.55,
2022-09-14 23:15:00,8.56,
2022-09-14 23:30:00,8.59,
2022-09-14 23:45:00,8.62,
2022-09-15 00:00:00,8.64,
2022-09-15 00:15:00,8.67,
2022-09-15 00:30:00,8.69,
2022-09-15 00:45:00,8.71,
2022-09-15 01:00:00,8.74,
2022-09-15 01:15:00,8.76,
2022-09-15 01:30:00,8.79,
2022-09-15 01:45:00,8.81,
2022-09-15 02:00:00,8.82,
2022-09-15 02:15:00,8.85,
2022-09-15 02:30:00,8.86,
2022-09-15 02:45:00,8.88,
2022-09-15 03:00:00,8.9,
2022-09-15 03:15:00,8.91,
2022-09-15 03:30:00,8.92,
2022-09-15 03:45:00,8.93,
2022-09-15 04:00:00,8.95,
2022-09-15 04:15:00,8.96,
2022-09-15 04:30:00,8.97,
2022-09-15 04:45:00,8.99,
2022-09-15 05:00:00,8.99,
2022-09-15 05:15:00,8.99,
2022-09-15 05:30:00,9.01,
2022-09-15 05:45:00,9.02,
2022-09-15 06:00:00,9.03,
2022-09-15 06:15:00,9.05,
2022-09-15 06:30:00,9.07,
2022-09-15 06:45:00,9.12,
2022-09-15 07:00:00,9.18,
2022-09-15 07:15:00,9.23,
2022-09-15 07:30:00,9.31,
2022-09-15 07:45:00,9.36,
2022-09-15 08:00:00,9.38,
2022-09-15 08:15:00,9.38,
2022-09-15 08:30:00,9.41,
2022-09-15 08:45:00,9.43,
2022-09-15 09:00:00,9.35,
2022-09-15 09:15:00,9.3,
2022-09-15 09:30:00,9.25,
2022-09-15 09:45:00,9.22,
2022-09-15 10:00:00,9.18,
2022-09-15 10:15:00,9.22,
2022-09-15 10:30:00,9.3,
2022-09-15 10:45:00,9.35,
2022-09-15 11:00:00,9.39,
2022-09-15 11:15:00,9.4,
2022-09-15 11:30:00,9.36,
2022-09-15 11:45:00,9.28,
2022-09-15 12:00:00,9.19,
2022-09-15 12:15:00,9.16,
2022-09-15 12:30:00,9.13,
2022-09-15 12:45:00,9.2,
2022-09-15 13:00:00,9.2,
2022-09-15 13:15:00,9.08,
2022-09-15 13:30:00,9.06,
2022-09-15 13:45:00,9.01,
2022-09-15 14:00:00,8.86,
2022-09-15 14:15:00,8.87,
2022-09-15 14:30:00,8.76,
2022-09-15 14:45:00,8.75,
2022-09-15 15:00:00,8.69,
2022-09-15 15:15:00,8.59,
2022-09-15 15:30:00,8.59,
2022-09-15 15:45:00,8.57,
2022-09-15 16:00:00,8.59,
2022-09-15 16:15:00,8.6,
2022-09-15 16:30:00,8.59,
2022-09-15 16:45:00,8.53,
2022-09-15 17:00:00,8.43,
2022-09-15 17:15:00,8.35,
2022-09-15 17:30:00,8.27,
2022-09-15 17:45:00,8.19,
2022-09-15 18:00:00,8.15,
2022-09-15 18:15:00,8.13,
2022-09-15 18:30:00,8.12,
2022-09-15 18:45:00,8.12,
2022-09-15 19:00:00,8.13,
2022-09-15 19:15:00,8.16,
2022-09-15 19:30:00,8.2,
2022-09-15 19:45:00,8.21,
2022-09-15 20:00:00,8.24,
2022-09-15 20:15:00,8.27,
2022-09-15 20:30:00,8.3,
2022-09-15 20:45:00,8.33,
2022-09-15 21:00:00,8.37,
2022-09-15 21:15:00,8.39,
2022-09-15 21:30:00,8.42,
2022-09-15 21:45:00,8.44,
2022-09-15 22:00:00,8.47,
2022-09-15 22:15:00,8.49,
2022-09-15 22:30:00,8.52,
2022-09-15 22:45:00,8.54,
2022-09-15 23:00:00,8.55,
2022-09-15 23:15:00,8.57,
2022-09-15 23:30:00,8.59,
2022-09-15 23:45:00,8.6,
2022-09-16 00:00:00,8.63,
2022-09-16 00:15:00,8.65,
2022-09-16 00:30:00,8.66,
2022-09-16 00:45:00,8.68,
2022-09-16 01:00:00,8.69,
2022-09-16 01:15:00,8.7,
2022-09-16 01:30:00,8.71,
2022-09-16 01:45:00,8.72,
2022-09-16 02:00:00,8.73,
2022-09-16 02:15:00,8.73,
2022-09-16 02:30:00,8.74,
2022-09-16 02:45:00,8.77,
2022-09-16 03:00:00,8.78,
2022-09-16 03:15:00,8.8,
2022-09-16 03:30:00,8.81,
2022-09-16 03:45:00,8.82,
2022-09-16 04:00:00,8.83,
2022-09-16 04:15:00,8.83,
2022-09-16 04:30:00,8.83,
2022-09-16 04:45:00,8.84,
2022-09-16 05:00:00,8.83,
2022-09-16 05:15:00,8.83,
2022-09-16 05:30:00,8.83,
2022-09-16 05:45:00,8.83,
2022-09-16 06:00:00,8.83,
2022-09-16 06:15:00,8.83,
2022-09-16 06:30:00,8.84,
2022-09-16 06:45:00,8.84,
2022-09-16 07:00:00,8.87,
2022-09-16 07:15:00,8.87,
2022-09-16 07:30:00,8.87,
2022-09-16 07:45:00,8.87,
2022-09-16 08:00:00,8.92,
2022-09-16 08:15:00,8.97,
2022-09-16 08:30:00,8.96,
2022-09-16 08:45:00,8.96,
2022-09-16 09:00:00,9.0,
2022-09-16 09:15:00,9.05,
2022-09-16 09:30:00,9.18,
2022-09-16 09:45:00,9.25,
2022-09-16 10:00:00,9.3,
2022-09-16 10:15:00,9.29,
2022-09-16 10:30:00,9.26,
2022-09-16 10:45:00,9.22,
2022-09-16 11:00:00,9.25,
2022-09-16 11:15:00,9.18,
2022-09-16 11:30:00,9.1,
2022-09-16 11:45:00,9.1,
2022-09-16 12:00:00,9.04,
2022-09-16 12:15:00,9.06,
2022-09-16 12:30:00,9.03,
2022-09-16 12:45:00,9.02,
2022-09-16 13:00:00,9.07,
2022-09-16 13:15:00,9.01,
2022-09-16 13:30:00,8.97,
2022-09-16 13:45:00,8.88,
2022-09-16 14:00:00,8.77,
2022-09-16 14:15:00,8.7,
2022-09-16 14:30:00,8.64,
2022-09-16 14:45:00,8.54,
2022-09-16 15:00:00,8.55,
2022-09-16 15:15:00,8.5,
2022-09-16 15:30:00,8.43,
2022-09-16 15:45:00,8.42,
2022-09-16 16:00:00,8.42,
2022-09-16 16:15:00,8.4,
2022-09-16 16:30:00,8.33,
2022-09-16 16:45:00,8.32,
2022-09-16 17:00:00,8.29,
2022-09-16 17:15:00,8.22,
2022-09-16 17:30:00,8.14,
2022-09-16 17:45:00,8.11,
2022-09-16 18:00:00,8.09,
2022-09-16 18:15:00,8.06,
2022-09-16 18:30:00,8.06,
2022-09-16 18:45:00,8.05,
2022-09-16 19:00:00,8.07,
2022-09-16 19:15:00,8.09,
2022-09-16 19:30:00,8.12,
2022-09-16 19:45:00,8.15,
2022-09-16 20:00:00,8.18,
2022-09-16 20:15:00,8.21,
2022-09-16 20:30:00,8.25,
2022-09-16 20:45:00,8.28,
2022-09-16 21:00:00,8.32,
2022-09-16 21:15:00,8.35,
2022-09-16 21:30:00,8.38,
2022-09-16 21:45:00,8.42,
2022-09-16 22:00:00,8.45,
2022-09-16 22:15:00,8.48,
2022-09-16 22:30:00,8.51,
2022-09-16 22:45:00,8.55,
2022-09-16 23:00:00,8.57,
2022-09-16 23:15:00,8.6,
2022-09-16 23:30:00,8.63,
2022-09-16 23:45:00,8.66,
2022-09-17 00:00:00,8.68,
2022-09-17 00:15:00,8.71,
2022-09-17 00:30:00,8.74,
2022-09-17 00:45:00,8.77,
2022-09-17 01:00:00,8.79,
2022-09-17 01:15:00,8.81,
2022-09-17 01:30:00,8.85,
2022-09-17 01:45:00,8.87,
2022-09-17 02:00:00,8.9,
2022-09-17 02:15:00,8.93,
2022-09-17 02:30:00,8.95,
2022-09-17 02:45:00,8.97,
2022-09-17 03:00:00,8.99,
2022-09-17 03:15:00,9.02,
2022-09-17 03:30:00,9.04,
2022-09-17 03:45:00,9.05,
2022-09-17 04:00:00,9.07,
2022-09-17 04:15:00,9.08,
2022-09-17 04:30:00,9.1,
2022-09-17 04:45:00,9.12,
2022-09-17 05:00:00,9.12,
2022-09-17 05:15:00,9.14,
2022-09-17 05:30:00,9.15,
2022-09-17 05:45:00,9.17,
2022-09-17 06:00:00,9.18,
2022-09-17 06:15:00,9.19,
2022-09-17 06:30:00,9.21,
2022-09-17 06:45:00,9.25,
2022-09-17 07:00:00,9.31,
2022-09-17 07:15:00,9.36,
2022-09-17 07:30:00,9.39,
2022-09-17 07:45:00,9.46,
2022-09-17 08:00:00,9.48,
2022-09-17 08:15:00,9.52,
2022-09-17 08:30:00,9.54,
2022-09-17 08:45:00,9.55,
2022-09-17 09:00:00,9.55,
2022-09-17 09:15:00,9.59,
2022-09-17 09:30:00,9.61,
2022-09-17 09:45:00,9.59,
2022-09-17 10:00:00,9.56,
2022-09-17 10:15:00,9.52,
2022-09-17 10:30:00,9.47,
2022-09-17 10:45:00,9.45,
2022-09-17 11:00:00,9.4,
2022-09-17 11:15:00,9.33,
2022-09-17 11:30:00,9.23,
2022-09-17 11:45:00,9.26,
2022-09-17 12:00:00,9.17,
2022-09-17 12:15:00,9.16,
2022-09-17 12:30:00,9.24,
2022-09-17 12:45:00,9.25,
2022-09-17 13:00:00,9.21,
2022-09-17 13:15:00,9.24,
2022-09-17 13:30:00,9.24,
2022-09-17 13:45:00,9.2,
2022-09-17 14:00:00,9.17,
2022-09-17 14:15:00,9.1,
2022-09-17 14:30:00,9.09,
2022-09-17 14:45:00,9.0,
2022-09-17 15:00:00,8.95,
2022-09-17 15:15:00,8.92,
2022-09-17 15:30:00,8.9,
2022-09-17 15:45:00,8.81,
2022-09-17 16:00:00,8.8,
2022-09-17 16:15:00,8.79,
2022-09-17 16:30:00,8.7,
2022-09-17 16:45:00,8.61,
2022-09-17 17:00:00,8.55,
2022-09-17 17:15:00,8.48,
2022-09-17 17:30:00,8.43,
2022-09-17 17:45:00,8.41,
2022-09-17 18:00:00,8.37,
2022-09-17 18:15:00,8.35,
2022-09-17 18:30:00,8.32,
2022-09-17 18:45:00,8.32,
2022-09-17 19:00:00,8.32,
2022-09-17 19:15:00,8.32,
2022-09-17 19:30:00,8.34,
2022-09-17 19:45:00,8.36,
2022-09-17 20:00:00,8.38,
2022-09-17 20:15:00,8.4,
2022-09-17 20:30:00,8.41,
2022-09-17 20:45:00,8.44,
2022-09-17 21:00:00,8.46,
2022-09-17 21:15:00,8.48,
2022-09-17 21:30:00,8.5,
2022-09-17 21:45:00,8.52,
2022-09-17 22:00:00,8.54,
2022-09-17 22:15:00,8.55,
2022-09-17 22:30:00,8.57,
2022-09-17 22:45:00,8.58,
2022-09-17 23:00:00,8.6,
2022-09-17 23:15:00,8.61,
2022-09-17 23:30:00,8.63,
2022-09-17 23:45:00,8.63,
2022-09-18 00:00:00,8.65,
2022-09-18 00:15:00,8.66,
2022-09-18 00:30:00,8.68,
2022-09-18 00:45:00,8.69,
2022-09-18 01:00:00,8.69,
2022-09-18 01:15:00,8.71,
2022-09-18 01:30:00,8.72,
2022-09-18 01:45:00,8.73,
2022-09-18 02:00:00,8.75,
2022-09-18 02:15:00,8.76,
2022-09-18 02:30:00,8.77,
2022-09-18 02:45:00,8.79,
2022-09-18 03:00:00,8.81,
2022-09-18 03:15:00,8.83,
2022-09-18 03:30:00,8.85,
2022-09-18 03:45:00,8.86,
2022-09-18 04:00:00,8.88,
2022-09-18 04:15:00,8.9,
2022-09-18 04:30:00,8.91,
2022-09-18 04:45:00,8.93,
2022-09-18 05:00:00,8.94,
2022-09-18 05:15:00,8.96,
2022-09-18 05:30:00,8.98,
2022-09-18 05:45:00,9.0,
2022-09-18 06:00:00,9.02,
2022-09-18 06:15:00,9.04,
2022-09-18 06:30:00,9.07,
2022-09-18 06:45:00,9.11,
2022-09-18 07:00:00,9.15,
2022-09-18 07:15:00,9.19,
2022-09-18 07:30:00,9.22,
2022-09-18 07:45:00,9.25,
2022-09-18 08:00:00,9.3,
2022-09-18 08:15:00,9.34,
2022-09-18 08:30:00,9.36,
2022-09-18 08:45:00,9.4,
2022-09-18 09:00:00,9.4,
2022-09-18 09:15:00,9.37,
2022-09-18 09:30:00,9.43,
2022-09-18 09:45:00,9.43,
2022-09-18 10:00:00,9.37,
2022-09-18 10:15:00,9.3,
2022-09-18 10:30:00,9.25,
2022-09-18 10:45:00,9.2,
2022-09-18 11:00:00,9.14,
2022-09-18 11:15:00,9.09,
2022-09-18 11:30:00,9.02,
2022-09-18 11:45:00,8.98,
2022-09-18 12:00:00,8.92,
2022-09-18 12:15:00,8.86,
2022-09-18 12:30:00,8.8,
2022-09-18 12:45:00,8.72,
2022-09-18 13:00:00,8.64,
2022-09-18 13:15:00,8.58,
2022-09-18 13:30:00,8.57,
2022-09-18 13:45:00,8.54,
2022-09-18 14:00:00,8.5,
2022-09-18 14:15:00,8.45,
2022-09-18 14:30:00,8.4,
2022-09-18 14:45:00,8.35,
2022-09-18 15:00:00,8.32,
2022-09-18 15:15:00,8.27,
2022-09-18 15:30:00,8.25,
2022-09-18 15:45:00,8.21,
2022-09-18 16:00:00,8.18,
2022-09-18 16:15:00,8.14,
2022-09-18 16:30:00,8.07,
2022-09-18 16:45:00,8.05,
2022-09-18 17:00:00,8.02,
2022-09-18 17:15:00,7.96,
2022-09-18 17:30:00,7.88,
2022-09-18 17:45:00,7.85,
2022-09-18 18:00:00,7.84,
2022-09-18 18:15:00,7.84,
2022-09-18 18:30:00,7.85,
2022-09-18 18:45:00,7.85,
2022-09-18 19:00:00,7.88,
2022-09-18 19:15:00,7.91,
2022-09-18 19:30:00,7.94,
2022-09-18 19:45:00,7.98,
2022-09-18 20:00:00,8.02,
2022-09-18 20:15:00,8.06,
2022-09-18 20:30:00,8.1,
2022-09-18 20:45:00,8.13,
2022-09-18 21:00:00,8.17,
2022-09-18 21:15:00,8.22,
2022-09-18 21:30:00,8.25,
2022-09-18 21:45:00,8.29,
2022-09-18 22:00:00,8.33,
2022-09-18 22:15:00,8.37,
2022-09-18 22:30:00,8.4,
2022-09-18 22:45:00,8.43,
2022-09-18 23:00:00,8.46,
2022-09-18 23:15:00,8.5,
2022-09-18 23:30:00,8.53,
2022-09-18 23:45:00,8.56,
2022-09-19 00:00:00,8.59,
2022-09-19 00:15:00,8.63,
2022-09-19 00:30:00,8.66,
2022-09-19 00:45:00,8.68,
2022-09-19 01:00:00,8.71,
2022-09-19 01:15:00,8.75,
2022-09-19 01:30:00,8.77,
2022-09-19 01:45:00,8.8,
2022-09-19 02:00:00,8.83,
2022-09-19 02:15:00,8.85,
2022-09-19 02:30:00,8.87,
2022-09-19 02:45:00,8.91,
2022-09-19 03:00:00,8.93,
2022-09-19 03:15:00,8.95,
2022-09-19 03:30:00,8.97,
2022-09-19 03:45:00,9.0,
2022-09-19 04:00:00,9.01,
2022-09-19 04:15:00,9.04,
2022-09-19 04:30:00,9.06,
2022-09-19 04:45:00,9.07,
2022-09-19 05:00:00,9.1,
2022-09-19 05:15:00,9.12,
2022-09-19 05:30:00,9.14,
2022-09-19 05:45:00,9.16,
2022-09-19 06:00:00,9.18,
2022-09-19 06:15:00,9.19,
2022-09-19 06:30:00,9.24,
2022-09-19 06:45:00,9.28,
2022-09-19 07:00:00,9.31,
2022-09-19 07:15:00,9.35,
2022-09-19 07:30:00,9.37,
2022-09-19 07:45:00,9.42,
2022-09-19 08:00:00,9.45,
2022-09-19 08:15:00,9.48,
2022-09-19 08:30:00,9.51,
2022-09-19 08:45:00,9.53,
2022-09-19 09:00:00,9.54,
2022-09-19 09:15:00,9.53,
2022-09-19 09:30:00,9.53,
2022-09-19 09:45:00,9.49,
2022-09-19 10:00:00,9.46,
2022-09-19 10:15:00,9.41,
2022-09-19 10:30:00,9.36,
2022-09-19 10:45:00,9.31,
2022-09-19 11:00:00,9.24,
2022-09-19 11:15:00,9.18,
2022-09-19 11:30:00,9.12,
2022-09-19 11:45:00,9.05,
2022-09-19 12:00:00,8.98,
2022-09-19 12:15:00,8.92,
2022-09-19 12:30:00,8.85,
2022-09-19 12:45:00,8.79,
2022-09-19 13:00:00,8.73,
2022-09-19 13:15:00,8.68,
2022-09-19 13:30:00,8.63,
2022-09-19 13:45:00,8.57,
2022-09-19 14:00:00,8.53,
2022-09-19 14:15:00,8.47,
2022-09-19 14:30:00,8.43,
2022-09-19 14:45:00,8.38,
2022-09-19 15:00:00,8.34,
2022-09-19 15:15:00,8.29,
2022-09-19 15:30:00,8.27,
2022-09-19 15:45:00,8.22,
2022-09-19 16:00:00,8.18,
2022-09-19 16:15:00,8.14,
2022-09-19 16:30:00,8.11,
2022-09-19 16:45:00,8.06,
2022-09-19 17:00:00,8.03,
2022-09-19 17:15:00,7.98,
2022-09-19 17:30:00,7.89,
2022-09-19 17:45:00,7.87,
2022-09-19 18:00:00,7.87,
2022-09-19 18:15:00,7.87,
2022-09-19 18:30:00,7.87,
2022-09-19 18:45:00,7.9,
2022-09-19 19:00:00,7.92,
2022-09-19 19:15:00,7.96,
2022-09-19 19:30:00,8.0,
2022-09-19 19:45:00,8.04,
2022-09-19 20:00:00,8.09,
2022-09-19 20:15:00,8.14,
2022-09-19 20:30:00,8.18,
2022-09-19 20:45:00,8.22,
2022-09-19 21:00:00,8.26,
2022-09-19 21:15:00,8.3,
2022-09-19 21:30:00,8.34,
2022-09-19 21:45:00,8.38,
2022-09-19 22:00:00,8.41,
2022-09-19 22:15:00,8.45,
2022-09-19 22:30:00,8.49,
2022-09-19 22:45:00,8.52,
2022-09-19 23:00:00,8.55,
2022-09-19 23:15:00,8.59,
2022-09-19 23:30:00,8.62,
2022-09-19 23:45:00,8.65,
2022-09-20 00:00:00,8.68,
2022-09-20 00:15:00,8.7,
2022-09-20 00:30:00,8.73,
2022-09-20 00:45:00,8.77,
2022-09-20 01:00:00,8.79,
2022-09-20 01:15:00,8.82,
2022-09-20 01:30:00,8.84,
2022-09-20 01:45:00,8.87,
2022-09-20 02:00:00,8.9,
2022-09-20 02:15:00,8.91,
2022-09-20 02:30:00,8.94,
2022-09-20 02:45:00,8.96,
2022-09-20 03:00:00,8.98,
2022-09-20 03:15:00,9.01,
2022-09-20 03:30:00,9.02,
2022-09-20 03:45:00,9.05,
2022-09-20 04:00:00,9.06,
2022-09-20 04:15:00,9.08,
2022-09-20 04:30:00,9.1,
2022-09-20 04:45:00,9.12,
2022-09-20 05:00:00,9.13,
2022-09-20 05:15:00,9.15,
2022-09-20 05:30:00,9.17,
2022-09-20 05:45:00,9.19,
2022-09-20 06:00:00,9.19,
2022-09-20 06:15:00,9.22,
2022-09-20 06:30:00,9.24,
2022-09-20 06:45:00,9.27,
2022-09-20 07:00:00,9.31,
2022-09-20 07:15:00,9.34,
2022-09-20 07:30:00,9.41,
2022-09-20 07:45:00,9.43,
2022-09-20 08:00:00,9.46,
2022-09-20 08:15:00,9.53,
2022-09-20 08:30:00,9.51,
2022-09-20 08:45:00,9.5,
2022-09-20 09:00:00,9.49,
2022-09-20 09:15:00,9.53,
2022-09-20 09:30:00,9.5,
2022-09-20 09:45:00,9.49,
2022-09-20 10:00:00,9.47,
2022-09-20 10:15:00,9.42,
2022-09-20 10:30:00,9.36,
2022-09-20 10:45:00,9.31,
2022-09-20 11:00:00,9.25,
2022-09-20 11:15:00,9.19,
2022-09-20 11:30:00,9.11,
2022-09-20 11:45:00,9.04,
2022-09-20 12:00:00,9.03,
2022-09-20 12:15:00,8.97,
2022-09-20 12:30:00,8.97,
2022-09-20 12:45:00,8.92,
2022-09-20 13:00:00,8.84,
2022-09-20 13:15:00,8.78,
2022-09-20 13:30:00,8.65,
2022-09-20 13:45:00,8.64,
2022-09-20 14:00:00,8.61,
2022-09-20 14:15:00,8.56,
2022-09-20 14:30:00,8.51,
2022-09-20 14:45:00,8.45,
2022-09-20 15:00:00,8.39,
2022-09-20 15:15:00,8.34,
2022-09-20 15:30:00,8.28,
2022-09-20 15:45:00,8.23,
2022-09-20 16:00:00,8.17,
2022-09-20 16:15:00,8.14,
2022-09-20 16:30:00,8.09,
2022-09-20 16:45:00,7.96,
2022-09-20 17:00:00,7.95,
2022-09-20 17:15:00,7.92,
2022-09-20 17:30:00,7.82,
2022-09-20 17:45:00,7.79,
2022-09-20 18:00:00,7.79,
2022-09-20 18:15:00,7.78,
2022-09-20 18:30:00,7.77,
2022-09-20 18:45:00,7.79,
2022-09-20 19:00:00,7.81,
2022-09-20 19:15:00,7.83,
2022-09-20 19:30:00,7.87,
2022-09-20 19:45:00,7.92,
2022-09-20 20:00:00,7.96,
2022-09-20 20:15:00,7.99,
2022-09-20 20:30:00,8.03,
2022-09-20 20:45:00,8.07,
2022-09-20 21:00:00,8.11,
2022-09-20 21:15:00,8.15,
2022-09-20 21:30:00,8.18,
2022-09-20 21:45:00,8.23,
2022-09-20 22:00:00,8.26,
2022-09-20 22:15:00,8.3,
2022-09-20 22:30:00,8.33,
2022-09-20 22:45:00,8.37,
2022-09-20 23:00:00,8.4,
2022-09-20 23:15:00,8.43,
2022-09-20 23:30:00,8.46,
2022-09-20 23:45:00,8.48,
2022-09-21 00:00:00,8.5,
2022-09-21 00:15:00,8.52,
2022-09-21 00:30:00,8.56,
2022-09-21 00:45:00,8.59,
2022-09-21 01:00:00,8.61,
2022-09-21 01:15:00,8.63,
2022-09-21 01:30:00,8.67,
2022-09-21 01:45:00,8.69,
2022-09-21 02:00:00,8.72,
2022-09-21 02:15:00,8.73,
2022-09-21 02:30:00,8.76,
2022-09-21 02:45:00,8.78,
2022-09-21 03:00:00,8.8,
2022-09-21 03:15:00,8.82,
2022-09-21 03:30:00,8.84,
2022-09-21 03:45:00,8.86,
2022-09-21 04:00:00,8.88,
2022-09-21 04:15:00,8.89,
2022-09-21 04:30:00,8.9,
2022-09-21 04:45:00,8.92,
2022-09-21 05:00:00,8.94,
2022-09-21 05:15:00,8.95,
2022-09-21 05:30:00,8.97,
2022-09-21 05:45:00,8.98,
2022-09-21 06:00:00,9.0,
2022-09-21 06:15:00,9.03,
2022-09-21 06:30:00,9.05,
2022-09-21 06:45:00,9.08,
2022-09-21 07:00:00,9.1,
2022-09-21 07:15:00,9.15,
2022-09-21 07:30:00,9.2,
2022-09-21 07:45:00,9.28,
2022-09-21 08:00:00,9.35,
2022-09-21 08:15:00,9.34,
2022-09-21 08:30:00,9.32,
2022-09-21 08:45:00,9.32,
2022-09-21 09:00:00,9.32,
2022-09-21 09:15:00,9.32,
2022-09-21 09:30:00,9.3,
2022-09-21 09:45:00,9.28,
2022-09-21 10:00:00,9.26,
2022-09-21 10:15:00,9.22,
2022-09-21 10:30:00,9.17,
2022-09-21 10:45:00,9.1,
2022-09-21 11:00:00,9.02,
2022-09-21 11:15:00,9.05,
2022-09-21 11:30:00,9.06,
2022-09-21 11:45:00,8.93,
2022-09-21 12:00:00,8.91,
2022-09-21 12:15:00,8.84,
2022-09-21 12:30:00,8.83,
2022-09-21 12:45:00,8.64,
2022-09-21 13:00:00,8.42,
2022-09-21 13:15:00,8.24,
2022-09-21 13:30:00,8.18,
2022-09-21 13:45:00,8.19,
2022-09-21 14:00:00,8.23,
2022-09-21 14:15:00,8.37,
2022-09-21 14:30:00,8.51,
2022-09-21 14:45:00,8.6,
2022-09-21 15:00:00,8.53,
2022-09-21 15:15:00,8.43,
2022-09-21 15:30:00,8.34,
2022-09-21 15:45:00,8.27,
2022-09-21 16:00:00,8.29,
2022-09-21 16:15:00,8.41,
2022-09-21 16:30:00,8.45,
2022-09-21 16:45:00,8.49,
2022-09-21 17:00:00,8.56,
2022-09-21 17:15:00,8.53,
2022-09-21 17:30:00,8.37,
2022-09-21 17:45:00,8.32,
2022-09-21 18:00:00,8.29,
2022-09-21 18:15:00,8.27,
2022-09-21 18:30:00,8.25,
2022-09-21 18:45:00,8.25,
2022-09-21 19:00:00,8.27,
2022-09-21 19:15:00,8.29,
2022-09-21 19:30:00,8.31,
2022-09-21 19:45:00,8.34,
2022-09-21 20:00:00,8.35,
2022-09-21 20:15:00,8.37,
2022-09-21 20:30:00,8.4,
2022-09-21 20:45:00,8.42,
2022-09-21 21:00:00,8.44,
2022-09-21 21:15:00,8.46,
2022-09-21 21:30:00,8.48,
2022-09-21 21:45:00,8.49,
2022-09-21 22:00:00,8.51,
2022-09-21 22:15:00,8.52,
2022-09-21 22:30:00,8.54,
2022-09-21 22:45:00,8.56,
2022-09-21 23:00:00,8.57,
2022-09-21 23:15:00,8.58,
2022-09-21 23:30:00,8.6,
2022-09-21 23:45:00,8.6,
2022-09-22 00:00:00,8.61,
2022-09-22 00:15:00,8.63,
2022-09-22 00:30:00,8.66,
2022-09-22 00:45:00,8.68,
2022-09-22 01:00:00,8.69,
2022-09-22 01:15:00,8.71,
2022-09-22 01:30:00,8.73,
2022-09-22 01:45:00,8.74,
2022-09-22 02:00:00,8.76,
2022-09-22 02:15:00,8.78,
2022-09-22 02:30:00,8.79,
2022-09-22 02:45:00,8.81,
2022-09-22 03:00:00,8.82,
2022-09-22 03:15:00,8.83,
2022-09-22 03:30:00,8.85,
2022-09-22 03:45:00,8.85,
2022-09-22 04:00:00,8.86,
2022-09-22 04:15:00,8.88,
2022-09-22 04:30:00,8.89,
2022-09-22 04:45:00,8.91,
2022-09-22 05:00:00,8.93,
2022-09-22 05:15:00,8.94,
2022-09-22 05:30:00,8.97,
2022-09-22 05:45:00,8.99,
2022-09-22 06:00:00,9.0,
2022-09-22 06:15:00,9.03,
2022-09-22 06:30:00,9.08,
2022-09-22 06:45:00,9.11,
2022-09-22 07:00:00,9.16,
2022-09-22 07:15:00,9.21,
2022-09-22 07:30:00,9.24,
2022-09-22 07:45:00,9.28,
2022-09-22 08:00:00,9.33,
2022-09-22 08:15:00,9.37,
2022-09-22 08:30:00,9.42,
2022-09-22 08:45:00,9.45,
2022-09-22 09:00:00,9.47,
2022-09-22 09:15:00,9.57,
2022-09-22 09:30:00,9.49,
2022-09-22 09:45:00,9.35,
2022-09-22 10:00:00,9.39,
2022-09-22 10:15:00,9.5,
2022-09-22 10:30:00,9.49,
2022-09-22 10:45:00,9.46,
2022-09-22 11:00:00,9.42,
2022-09-22 11:15:00,9.4,
2022-09-22 11:30:00,9.27,
2022-09-22 11:45:00,9.13,
2022-09-22 12:00:00,9.02,
2022-09-22 12:15:00,8.97,
2022-09-22 12:30:00,8.97,
2022-09-22 12:45:00,8.98,
2022-09-22 13:00:00,8.95,
2022-09-22 13:15:00,9.01,
2022-09-22 13:30:00,8.89,
2022-09-22 13:45:00,8.89,
2022-09-22 14:00:00,8.73,
2022-09-22 14:15:00,8.63,
2022-09-22 14:30:00,8.77,
2022-09-22 14:45:00,8.76,
2022-09-22 15:00:00,8.68,
2022-09-22 15:15:00,8.49,
2022-09-22 15:30:00,8.48,
2022-09-22 15:45:00,8.51,
2022-09-22 16:00:00,8.52,
2022-09-22 16:15:00,8.51,
2022-09-22 16:30:00,8.44,
2022-09-22 16:45:00,8.35,
2022-09-22 17:00:00,8.31,
2022-09-22 17:15:00,8.31,
2022-09-22 17:30:00,8.28,
2022-09-22 17:45:00,8.24,
2022-09-22 18:00:00,8.21,
2022-09-22 18:15:00,8.17,
2022-09-22 18:30:00,8.16,
2022-09-22 18:45:00,8.15,
2022-09-22 19:00:00,8.15,
2022-09-22 19:15:00,8.18,
2022-09-22 19:30:00,8.21,
2022-09-22 19:45:00,8.24,
2022-09-22 20:00:00,8.27,
2022-09-22 20:15:00,8.31,
2022-09-22 20:30:00,8.35,
2022-09-22 20:45:00,8.38,
2022-09-22 21:00:00,8.41,
2022-09-22 21:15:00,8.44,
2022-09-22 21:30:00,8.47,
2022-09-22 21:45:00,8.49,
2022-09-22 22:00:00,8.51,
2022-09-22 22:15:00,8.55,
2022-09-22 22:30:00,8.58,
2022-09-22 22:45:00,8.61,
2022-09-22 23:00:00,8.63,
2022-09-22 23:15:00,8.67,
2022-09-22 23:30:00,8.68,
2022-09-22 23:45:00,8.71,
2022-09-23 00:00:00,8.74,
2022-09-23 00:15:00,8.77,
2022-09-23 00:30:00,8.79,
2022-09-23 00:45:00,8.8,
2022-09-23 01:00:00,8.83,
2022-09-23 01:15:00,8.86,
2022-09-23 01:30:00,8.89,
2022-09-23 01:45:00,8.91,
2022-09-23 02:00:00,8.94,
2022-09-23 02:15:00,8.97,
2022-09-23 02:30:00,9.0,
2022-09-23 02:45:00,9.03,
2022-09-23 03:00:00,9.05,
2022-09-23 03:15:00,9.08,
2022-09-23 03:30:00,9.11,
2022-09-23 03:45:00,9.13,
2022-09-23 04:00:00,9.16,
2022-09-23 04:15:00,9.18,
2022-09-23 04:30:00,9.21,
2022-09-23 04:45:00,9.24,
2022-09-23 05:00:00,9.26,
2022-09-23 05:15:00,9.28,
2022-09-23 05:30:00,9.31,
2022-09-23 05:45:00,9.33,
2022-09-23 06:00:00,9.35,
2022-09-23 06:15:00,9.37,
2022-09-23 06:30:00,9.41,
2022-09-23 06:45:00,9.46,
2022-09-23 07:00:00,9.5,
2022-09-23 07:15:00,9.55,
2022-09-23 07:30:00,9.58,
2022-09-23 07:45:00,9.62,
2022-09-23 08:00:00,9.68,
2022-09-23 08:15:00,9.72,
2022-09-23 08:30:00,9.75,
2022-09-23 08:45:00,9.78,
2022-09-23 09:00:00,9.79,
2022-09-23 09:15:00,9.79,
2022-09-23 09:30:00,9.79,
2022-09-23 09:45:00,9.77,
2022-09-23 10:00:00,9.74,
2022-09-23 10:15:00,9.7,
2022-09-23 10:30:00,9.65,
2022-09-23 10:45:00,9.6,
2022-09-23 11:00:00,9.53,
2022-09-23 11:15:00,9.48,
2022-09-23 11:30:00,9.42,
2022-09-23 11:45:00,9.36,
2022-09-23 12:00:00,9.29,
2022-09-23 12:15:00,9.22,
2022-09-23 12:30:00,9.16,
2022-09-23 12:45:00,9.1,
2022-09-23 13:00:00,9.04,
2022-09-23 13:15:00,8.98,
2022-09-23 13:30:00,8.92,
2022-09-23 13:45:00,8.87,
2022-09-23 14:00:00,8.81,
2022-09-23 14:15:00,8.76,
2022-09-23 14:30:00,8.71,
2022-09-23 14:45:00,8.67,
2022-09-23 15:00:00,8.62,
2022-09-23 15:15:00,8.57,
2022-09-23 15:30:00,8.54,
2022-09-23 15:45:00,8.49,
2022-09-23 16:00:00,8.46,
2022-09-23 16:15:00,8.42,
2022-09-23 16:30:00,8.39,
2022-09-23 16:45:00,8.35,
2022-09-23 17:00:00,8.31,
2022-09-23 17:15:00,8.26,
2022-09-23 17:30:00,8.17,
2022-09-23 17:45:00,8.15,
2022-09-23 18:00:00,8.16,
2022-09-23 18:15:00,8.16,
2022-09-23 18:30:00,8.16,
2022-09-23 18:45:00,8.17,
2022-09-23 19:00:00,8.2,
2022-09-23 19:15:00,8.24,
2022-09-23 19:30:00,8.27,
2022-09-23 19:45:00,8.32,
2022-09-23 20:00:00,8.36,
2022-09-23 20:15:00,8.41,
2022-09-23 20:30:00,8.46,
2022-09-23 20:45:00,8.5,
2022-09-23 21:00:00,8.53,
2022-09-23 21:15:00,8.58,
2022-09-23 21:30:00,8.62,
2022-09-23 21:45:00,8.66,
2022-09-23 22:00:00,8.7,
2022-09-23 22:15:00,8.74,
2022-09-23 22:30:00,8.78,
2022-09-23 22:45:00,8.82,
2022-09-23 23:00:00,8.85,
2022-09-23 23:15:00,8.89,
2022-09-23 23:30:00,8.92,
2022-09-23 23:45:00,8.96,
2022-09-24 00:00:00,8.99,
2022-09-24 00:15:00,9.02,
2022-09-24 00:30:00,9.05,
2022-09-24 00:45:00,9.08,
2022-09-24 01:00:00,9.11,
2022-09-24 01:15:00,9.14,
2022-09-24 01:30:00,9.17,
2022-09-24 01:45:00,9.2,
2022-09-24 02:00:00,9.23,
2022-09-24 02:15:00,9.26,
2022-09-24 02:30:00,9.28,
2022-09-24 02:45:00,9.3,
2022-09-24 03:00:00,9.33,
2022-09-24 03:15:00,9.36,
2022-09-24 03:30:00,9.38,
2022-09-24 03:45:00,9.41,
2022-09-24 04:00:00,9.43,
2022-09-24 04:15:00,9.45,
2022-09-24 04:30:00,9.48,
2022-09-24 04:45:00,9.48,
2022-09-24 05:00:00,9.52,
2022-09-24 05:15:00,9.52,
2022-09-24 05:30:00,9.54,
2022-09-24 05:45:00,9.56,
2022-09-24 06:00:00,9.58,
2022-09-24 06:15:00,9.61,
2022-09-24 06:30:00,9.63,
2022-09-24 06:45:00,9.67,
2022-09-24 07:00:00,9.71,
2022-09-24 07:15:00,9.75,
2022-09-24 07:30:00,9.78,
2022-09-24 07:45:00,9.8,
2022-09-24 08:00:00,9.86,
2022-09-24 08:15:00,9.89,
2022-09-24 08:30:00,9.92,
2022-09-24 08:45:00,9.94,
2022-09-24 09:00:00,9.94,
2022-09-24 09:15:00,9.93,
2022-09-24 09:30:00,9.92,
2022-09-24 09:45:00,9.89,
2022-09-24 10:00:00,9.85,
2022-09-24 10:15:00,9.8,
2022-09-24 10:30:00,9.74,
2022-09-24 10:45:00,9.68,
2022-09-24 11:00:00,9.62,
2022-09-24 11:15:00,9.55,
2022-09-24 11:30:00,9.48,
2022-09-24 11:45:00,9.41,
2022-09-24 12:00:00,9.33,
2022-09-24 12:15:00,9.26,
2022-09-24 12:30:00,9.19,
2022-09-24 12:45:00,9.12,
2022-09-24 13:00:00,9.05,
2022-09-24 13:15:00,8.99,
2022-09-24 13:30:00,8.93,
2022-09-24 13:45:00,8.88,
2022-09-24 14:00:00,8.81,
2022-09-24 14:15:00,8.76,
2022-09-24 14:30:00,8.7,
2022-09-24 14:45:00,8.63,
2022-09-24 15:00:00,8.58,
2022-09-24 15:15:00,8.55,
2022-09-24 15:30:00,8.5,
2022-09-24 15:45:00,8.47,
2022-09-24 16:00:00,8.44,
2022-09-24 16:15:00,8.41,
2022-09-24 16:30:00,8.37,
2022-09-24 16:45:00,8.33,
2022-09-24 17:00:00,8.29,
2022-09-24 17:15:00,8.24,
2022-09-24 17:30:00,8.15,
2022-09-24 17:45:00,8.15,
2022-09-24 18:00:00,8.15,
2022-09-24 18:15:00,8.15,
2022-09-24 18:30:00,8.14,
2022-09-24 18:45:00,8.16,
2022-09-24 19:00:00,8.18,
2022-09-24 19:15:00,8.22,
2022-09-24 19:30:00,8.26,
2022-09-24 19:45:00,8.3,
2022-09-24 20:00:00,8.35,
2022-09-24 20:15:00,8.39,
2022-09-24 20:30:00,8.43,
2022-09-24 20:45:00,8.46,
2022-09-24 21:00:00,8.51,
2022-09-24 21:15:00,8.54,
2022-09-24 21:30:00,8.57,
2022-09-24 21:45:00,8.61,
2022-09-24 22:00:00,8.64,
2022-09-24 22:15:00,8.68,
2022-09-24 22:30:00,8.71,
2022-09-24 22:45:00,8.74,
2022-09-24 23:00:00,8.77,
2022-09-24 23:15:00,8.8,
2022-09-24 23:30:00,8.83,
2022-09-24 23:45:00,8.86,
2022-09-25 00:00:00,8.89,
2022-09-25 00:15:00,8.91,
2022-09-25 00:30:00,8.95,
2022-09-25 00:45:00,8.98,
2022-09-25 01:00:00,9.01,
2022-09-25 01:15:00,9.03,
2022-09-25 01:30:00,9.06,
2022-09-25 01:45:00,9.08,
2022-09-25 02:00:00,9.11,
2022-09-25 02:15:00,9.14,
2022-09-25 02:30:00,9.16,
2022-09-25 02:45:00,9.19,
2022-09-25 03:00:00,9.21,
2022-09-25 03:15:00,9.23,
2022-09-25 03:30:00,9.25,
2022-09-25 03:45:00,9.27,
2022-09-25 04:00:00,9.29,
2022-09-25 04:15:00,9.31,
2022-09-25 04:30:00,9.32,
2022-09-25 04:45:00,9.34,
2022-09-25 05:00:00,9.36,
2022-09-25 05:15:00,9.38,
2022-09-25 05:30:00,9.39,
2022-09-25 05:45:00,9.42,
2022-09-25 06:00:00,9.43,
2022-09-25 06:15:00,9.45,
2022-09-25 06:30:00,9.48,
2022-09-25 06:45:00,9.52,
2022-09-25 07:00:00,9.55,
2022-09-25 07:15:00,9.59,
2022-09-25 07:30:00,9.62,
2022-09-25 07:45:00,9.65,
2022-09-25 08:00:00,9.69,
2022-09-25 08:15:00,9.72,
2022-09-25 08:30:00,9.76,
2022-09-25 08:45:00,9.77,
2022-09-25 09:00:00,9.79,
2022-09-25 09:15:00,9.78,
2022-09-25 09:30:00,9.77,
2022-09-25 09:45:00,9.74,
2022-09-25 10:00:00,9.71,
2022-09-25 10:15:00,9.66,
2022-09-25 10:30:00,9.61,
2022-09-25 10:45:00,9.56,
2022-09-25 11:00:00,9.49,
2022-09-25 11:15:00,9.43,
2022-09-25 11:30:00,9.36,
2022-09-25 11:45:00,9.3,
2022-09-25 12:00:00,9.22,
2022-09-25 12:15:00,9.15,
2022-09-25 12:30:00,9.08,
2022-09-25 12:45:00,9.01,
2022-09-25 13:00:00,8.95,
2022-09-25 13:15:00,8.88,
2022-09-25 13:30:00,8.82,
2022-09-25 13:45:00,8.77,
2022-09-25 14:00:00,8.71,
2022-09-25 14:15:00,8.65,
2022-09-25 14:30:00,8.59,
2022-09-25 14:45:00,8.54,
2022-09-25 15:00:00,8.49,
2022-09-25 15:15:00,8.44,
2022-09-25 15:30:00,8.4,
2022-09-25 15:45:00,8.35,
2022-09-25 16:00:00,8.3,
2022-09-25 16:15:00,8.26,
2022-09-25 16:30:00,8.22,
2022-09-25 16:45:00,8.15,
2022-09-25 17:00:00,8.1,
2022-09-25 17:15:00,8.04,
2022-09-25 17:30:00,7.95,
2022-09-25 17:45:00,7.94,
2022-09-25 18:00:00,7.94,
2022-09-25 18:15:00,7.94,
2022-09-25 18:30:00,7.95,
2022-09-25 18:45:00,7.95,
2022-09-25 19:00:00,7.99,
2022-09-25 19:15:00,8.02,
2022-09-25 19:30:00,8.05,
2022-09-25 19:45:00,8.1,
2022-09-25 20:00:00,8.14,
2022-09-25 20:15:00,8.18,
2022-09-25 20:30:00,8.21,
2022-09-25 20:45:00,8.25,
2022-09-25 21:00:00,8.29,
2022-09-25 21:15:00,8.33,
2022-09-25 21:30:00,8.37,
2022-09-25 21:45:00,8.41,
2022-09-25 22:00:00,8.45,
2022-09-25 22:15:00,8.48,
2022-09-25 22:30:00,8.52,
2022-09-25 22:45:00,8.55,
2022-09-25 23:00:00,8.59,
2022-09-25 23:15:00,8.61,
2022-09-25 23:30:00,8.66,
2022-09-25 23:45:00,8.69,
2022-09-26 00:00:00,8.72,
2022-09-26 00:15:00,8.75,
2022-09-26 00:30:00,8.78,
2022-09-26 00:45:00,8.82,
2022-09-26 01:00:00,8.84,
2022-09-26 01:15:00,8.87,
2022-09-26 01:30:00,8.9,
2022-09-26 01:45:00,8.92,
2022-09-26 02:00:00,8.94,
2022-09-26 02:15:00,8.97,
2022-09-26 02:30:00,9.0,
2022-09-26 02:45:00,9.02,
2022-09-26 03:00:00,9.02,
2022-09-26 03:15:00,9.06,
2022-09-26 03:30:00,9.08,
2022-09-26 03:45:00,9.1,
2022-09-26 04:00:00,9.12,
2022-09-26 04:15:00,9.14,
2022-09-26 04:30:00,9.17,
2022-09-26 04:45:00,9.18,
2022-09-26 05:00:00,9.2,
2022-09-26 05:15:00,9.22,
2022-09-26 05:30:00,9.24,
2022-09-26 05:45:00,9.26,
2022-09-26 06:00:00,9.28,
2022-09-26 06:15:00,9.29,
2022-09-26 06:30:00,9.32,
2022-09-26 06:45:00,9.35,
2022-09-26 07:00:00,9.39,
2022-09-26 07:15:00,9.41,
2022-09-26 07:30:00,9.44,
2022-09-26 07:45:00,9.46,
2022-09-26 08:00:00,9.51,
2022-09-26 08:15:00,9.54,
2022-09-26 08:30:00,9.57,
2022-09-26 08:45:00,9.6,
2022-09-26 09:00:00,9.61,
2022-09-26 09:15:00,9.61,
2022-09-26 09:30:00,9.6,
2022-09-26 09:45:00,9.59,
2022-09-26 10:00:00,9.55,
2022-09-26 10:15:00,9.51,
2022-09-26 10:30:00,9.46,
2022-09-26 10:45:00,9.41,
2022-09-26 11:00:00,9.35,
2022-09-26 11:15:00,9.29,
2022-09-26 11:30:00,9.23,
2022-09-26 11:45:00,9.16,
2022-09-26 12:00:00,9.1,
2022-09-26 12:15:00,9.03,
2022-09-26 12:30:00,8.97,
2022-09-26 12:45:00,8.9,
2022-09-26 13:00:00,8.84,
2022-09-26 13:15:00,8.78,
2022-09-26 13:30:00,8.72,
2022-09-26 13:45:00,8.67,
2022-09-26 14:00:00,8.61,
2022-09-26 14:15:00,8.56,
2022-09-26 14:30:00,8.51,
2022-09-26 14:45:00,8.46,
2022-09-26 15:00:00,8.4,
2022-09-26 15:15:00,8.35,
2022-09-26 15:30:00,8.32,
2022-09-26 15:45:00,8.26,
2022-09-26 16:00:00,8.22,
2022-09-26 16:15:00,8.17,
2022-09-26 16:30:00,8.13,
2022-09-26 16:45:00,8.07,
2022-09-26 17:00:00,8.02,
2022-09-26 17:15:00,7.95,
2022-09-26 17:30:00,7.86,
2022-09-26 17:45:00,7.85,
2022-09-26 18:00:00,7.86,
2022-09-26 18:15:00,7.85,
2022-09-26 18:30:00,7.85,
2022-09-26 18:45:00,7.86,
2022-09-26 19:00:00,7.9,
2022-09-26 19:15:00,7.94,
2022-09-26 19:30:00,7.98,
2022-09-26 19:45:00,8.02,
2022-09-26 20:00:00,8.06,
2022-09-26 20:15:00,8.11,
2022-09-26 20:30:00,8.15,
2022-09-26 20:45:00,8.18,
2022-09-26 21:00:00,8.23,
2022-09-26 21:15:00,8.26,
2022-09-26 21:30:00,8.3,
2022-09-26 21:45:00,8.34,
2022-09-26 22:00:00,8.37,
2022-09-26 22:15:00,8.41,
2022-09-26 22:30:00,8.45,
2022-09-26 22:45:00,8.47,
2022-09-26 23:00:00,8.51,
2022-09-26 23:15:00,8.53,
2022-09-26 23:30:00,8.57,
2022-09-26 23:45:00,8.59,
2022-09-27 00:00:00,8.62,
2022-09-27 00:15:00,8.65,
2022-09-27 00:30:00,8.67,
2022-09-27 00:45:00,8.71,
2022-09-27 01:00:00,8.73,
2022-09-27 01:15:00,8.76,
2022-09-27 01:30:00,8.78,
2022-09-27 01:45:00,8.82,
2022-09-27 02:00:00,8.84,
2022-09-27 02:15:00,8.86,
2022-09-27 02:30:00,8.89,
2022-09-27 02:45:00,8.9,
2022-09-27 03:00:00,8.93,
2022-09-27 03:15:00,8.95,
2022-09-27 03:30:00,8.98,
2022-09-27 03:45:00,9.0,
2022-09-27 04:00:00,9.02,
2022-09-27 04:15:00,9.04,
2022-09-27 04:30:00,9.07,
2022-09-27 04:45:00,9.08,
2022-09-27 05:00:00,9.11,
2022-09-27 05:15:00,9.13,
2022-09-27 05:30:00,9.15,
2022-09-27 05:45:00,9.17,
2022-09-27 06:00:00,9.19,
2022-09-27 06:15:00,9.22,
2022-09-27 06:30:00,9.25,
2022-09-27 06:45:00,9.29,
2022-09-27 07:00:00,9.33,
2022-09-27 07:15:00,9.36,
2022-09-27 07:30:00,9.39,
2022-09-27 07:45:00,9.42,
2022-09-27 08:00:00,9.47,
2022-09-27 08:15:00,9.51,
2022-09-27 08:30:00,9.54,
2022-09-27 08:45:00,9.57,
2022-09-27 09:00:00,9.59,
2022-09-27 09:15:00,9.58,
2022-09-27 09:30:00,9.58,
2022-09-27 09:45:00,9.57,
2022-09-27 10:00:00,9.53,
2022-09-27 10:15:00,9.49,
2022-09-27 10:30:00,9.44,
2022-09-27 10:45:00,9.39,
2022-09-27 11:00:00,9.34,
2022-09-27 11:15:00,9.28,
2022-09-27 11:30:00,9.23,
2022-09-27 11:45:00,9.17,
2022-09-27 12:00:00,9.1,
2022-09-27 12:15:00,9.04,
2022-09-27 12:30:00,8.97,
2022-09-27 12:45:00,8.91,
2022-09-27 13:00:00,8.85,
2022-09-27 13:15:00,8.79,
2022-09-27 13:30:00,8.74,
2022-09-27 13:45:00,8.69,
2022-09-27 14:00:00,8.62,
2022-09-27 14:15:00,8.58,
2022-09-27 14:30:00,8.53,
2022-09-27 14:45:00,8.48,
2022-09-27 15:00:00,8.43,
2022-09-27 15:15:00,8.4,
2022-09-27 15:30:00,8.36,
2022-09-27 15:45:00,8.32,
2022-09-27 16:00:00,8.26,
2022-09-27 16:15:00,8.22,
2022-09-27 16:30:00,8.17,
2022-09-27 16:45:00,8.12,
2022-09-27 17:00:00,8.06,
2022-09-27 17:15:00,7.99,
2022-09-27 17:30:00,7.91,
2022-09-27 17:45:00,7.91,
2022-09-27 18:00:00,7.91,
2022-09-27 18:15:00,7.91,
2022-09-27 18:30:00,7.92,
2022-09-27 18:45:00,7.94,
2022-09-27 19:00:00,7.98,
2022-09-27 19:15:00,8.02,
2022-09-27 19:30:00,8.08,
2022-09-27 19:45:00,8.12,
2022-09-27 20:00:00,8.16,
2022-09-27 20:15:00,8.19,
2022-09-27 20:30:00,8.25,
2022-09-27 20:45:00,8.3,
2022-09-27 21:00:00,8.33,
2022-09-27 21:15:00,8.37,
2022-09-27 21:30:00,8.41,
2022-09-27 21:45:00,8.44,
2022-09-27 22:00:00,8.49,
2022-09-27 22:15:00,8.52,
2022-09-27 22:30:00,8.55,
2022-09-27 22:45:00,8.59,
2022-09-27 23:00:00,8.62,
2022-09-27 23:15:00,8.67,
2022-09-27 23:30:00,8.7,
2022-09-27 23:45:00,8.73,
2022-09-28 00:00:00,8.78,
2022-09-28 00:15:00,8.8,
2022-09-28 00:30:00,8.83,
2022-09-28 00:45:00,8.86,
2022-09-28 01:00:00,8.9,
2022-09-28 01:15:00,8.93,
2022-09-28 01:30:00,8.96,
2022-09-28 01:45:00,8.98,
2022-09-28 02:00:00,9.01,
2022-09-28 02:15:00,9.04,
2022-09-28 02:30:00,9.07,
2022-09-28 02:45:00,9.09,
2022-09-28 03:00:00,9.11,
2022-09-28 03:15:00,9.14,
2022-09-28 03:30:00,9.16,
2022-09-28 03:45:00,9.18,
2022-09-28 04:00:00,9.19,
2022-09-28 04:15:00,9.22,
2022-09-28 04:30:00,9.22,
2022-09-28 04:45:00,9.23,
2022-09-28 05:00:00,9.25,
2022-09-28 05:15:00,9.26,
2022-09-28 05:30:00,9.26,
2022-09-28 05:45:00,9.27,
2022-09-28 06:00:00,9.28,
2022-09-28 06:15:00,9.27,
2022-09-28 06:30:00,9.29,
2022-09-28 06:45:00,9.32,
2022-09-28 07:00:00,9.35,
2022-09-28 07:15:00,9.4,
2022-09-28 07:30:00,9.48,
2022-09-28 07:45:00,9.53,
2022-09-28 08:00:00,9.55,
2022-09-28 08:15:00,9.58,
2022-09-28 08:30:00,9.63,
2022-09-28 08:45:00,9.68,
2022-09-28 09:00:00,9.7,
2022-09-28 09:15:00,9.65,
2022-09-28 09:30:00,9.64,
2022-09-28 09:45:00,9.59,
2022-09-28 10:00:00,9.56,
2022-09-28 10:15:00,9.52,
2022-09-28 10:30:00,9.48,
2022-09-28 10:45:00,9.42,
2022-09-28 11:00:00,9.37,
2022-09-28 11:15:00,9.31,
2022-09-28 11:30:00,9.25,
2022-09-28 11:45:00,9.2,
2022-09-28 12:00:00,9.15,
2022-09-28 12:15:00,9.11,
2022-09-28 12:30:00,9.0,
2022-09-28 12:45:00,8.94,
2022-09-28 13:00:00,8.9,
2022-09-28 13:15:00,8.84,
2022-09-28 13:30:00,8.79,
2022-09-28 13:45:00,8.73,
2022-09-28 14:00:00,8.69,
2022-09-28 14:15:00,8.63,
2022-09-28 14:30:00,8.61,
2022-09-28 14:45:00,8.57,
2022-09-28 15:00:00,8.51,
2022-09-28 15:15:00,8.52,
2022-09-28 15:30:00,8.48,
2022-09-28 15:45:00,8.39,
2022-09-28 16:00:00,8.32,
2022-09-28 16:15:00,8.29,
2022-09-28 16:30:00,8.13,
2022-09-28 16:45:00,8.06,
2022-09-28 17:00:00,8.06,
2022-09-28 17:15:00,8.05,
2022-09-28 17:30:00,8.03,
2022-09-28 17:45:00,7.99,
2022-09-28 18:00:00,7.93,
2022-09-28 18:15:00,7.88,
2022-09-28 18:30:00,7.85,
2022-09-28 18:45:00,7.86,
2022-09-28 19:00:00,7.87,
2022-09-28 19:15:00,7.9,
2022-09-28 19:30:00,7.93,
2022-09-28 19:45:00,7.97,
2022-09-28 20:00:00,8.0,
2022-09-28 20:15:00,8.04,
2022-09-28 20:30:00,8.07,
2022-09-28 20:45:00,8.1,
2022-09-28 21:00:00,8.13,
2022-09-28 21:15:00,8.16,
2022-09-28 21:30:00,8.19,
2022-09-28 21:45:00,8.22,
2022-09-28 22:00:00,8.24,
2022-09-28 22:15:00,8.27,
2022-09-28 22:30:00,8.29,
2022-09-28 22:45:00,8.33,
2022-09-28 23:00:00,8.35,
2022-09-28 23:15:00,8.37,
2022-09-28 23:30:00,8.39,
2022-09-28 23:45:00,8.4,
2022-09-29 00:00:00,8.43,
2022-09-29 00:15:00,8.44,
2022-09-29 00:30:00,8.47,
2022-09-29 00:45:00,8.49,
2022-09-29 01:00:00,8.51,
2022-09-29 01:15:00,8.53,
2022-09-29 01:30:00,8.55,
2022-09-29 01:45:00,8.57,
2022-09-29 02:00:00,8.59,
2022-09-29 02:15:00,8.61,
2022-09-29 02:30:00,8.62,
2022-09-29 02:45:00,8.64,
2022-09-29 03:00:00,8.65,
2022-09-29 03:15:00,8.66,
2022-09-29 03:30:00,8.67,
2022-09-29 03:45:00,8.68,
2022-09-29 04:00:00,8.7,
2022-09-29 04:15:00,8.7,
2022-09-29 04:30:00,8.72,
2022-09-29 04:45:00,8.74,
2022-09-29 05:00:00,8.76,
2022-09-29 05:15:00,8.78,
2022-09-29 05:30:00,8.8,
2022-09-29 05:45:00,8.81,
2022-09-29 06:00:00,8.84,
2022-09-29 06:15:00,8.86,
2022-09-29 06:30:00,8.88,
2022-09-29 06:45:00,8.93,
2022-09-29 07:00:00,8.98,
2022-09-29 07:15:00,9.02,
2022-09-29 07:30:00,9.05,
2022-09-29 07:45:00,9.08,
2022-09-29 08:00:00,9.14,
2022-09-29 08:15:00,9.18,
2022-09-29 08:30:00,9.22,
2022-09-29 08:45:00,9.28,
2022-09-29 09:00:00,9.36,
2022-09-29 09:15:00,9.34,
2022-09-29 09:30:00,9.36,
2022-09-29 09:45:00,9.36,
2022-09-29 10:00:00,9.37,
2022-09-29 10:15:00,9.35,
2022-09-29 10:30:00,9.27,
2022-09-29 10:45:00,9.2,
2022-09-29 11:00:00,9.18,
2022-09-29 11:15:00,9.14,
2022-09-29 11:30:00,9.04,
2022-09-29 11:45:00,8.98,
2022-09-29 12:00:00,8.93,
2022-09-29 12:15:00,8.89,
2022-09-29 12:30:00,8.86,
2022-09-29 12:45:00,8.83,
2022-09-29 13:00:00,8.72,
2022-09-29 13:15:00,8.71,
2022-09-29 13:30:00,8.71,
2022-09-29 13:45:00,8.69,
2022-09-29 14:00:00,8.58,
2022-09-29 14:15:00,8.57,
2022-09-29 14:30:00,8.513333333333334,LI
2022-09-29 14:45:00,8.456666666666667,LI
2022-09-29 15:00:00,8.4,
2022-09-29 15:15:00,8.440055970149253,
2022-09-29 15:30:00,8.450111940298507,
2022-09-29 15:45:00,8.420167910447761,
2022-09-29 16:00:00,8.320223880597014,
2022-09-29 16:15:00,8.24027985074627,
2022-09-29 16:30:00,8.130335820895523,
2022-09-29 16:45:00,8.030391791044776,
2022-09-29 17:00:00,8.07044776119403,
2022-09-29 17:15:00,8.050503731343284,
2022-09-29 17:30:00,7.990559701492537,
2022-09-29 17:45:00,7.950615671641791,
2022-09-29 18:00:00,7.910671641791045,
2022-09-29 18:15:00,7.870727611940299,
2022-09-29 18:30:00,7.860783582089552,
2022-09-29 18:45:00,7.860839552238806,
2022-09-29 19:00:00,7.87089552238806,
2022-09-29 19:15:00,7.900951492537314,
2022-09-29 19:30:00,7.921007462686567,
2022-09-29 19:45:00,7.951063432835821,
2022-09-29 20:00:00,7.981119402985075,
2022-09-29 20:15:00,8.011175373134328,
2022-09-29 20:30:00,8.051231343283582,
2022-09-29 20:45:00,8.091287313432836,
2022-09-29 21:00:00,8.121343283582089,
2022-09-29 21:15:00,8.151399253731343,
2022-09-29 21:30:00,8.181455223880597,
2022-09-29 21:45:00,8.221511194029851,
2022-09-29 22:00:00,8.241567164179104,
2022-09-29 22:15:00,8.271623134328358,
2022-09-29 22:30:00,8.29167910447761,
2022-09-29 22:45:00,8.311735074626867,
2022-09-29 23:00:00,8.33179104477612,
2022-09-29 23:15:00,8.341847014925373,
2022-09-29 23:30:00,8.361902985074627,
2022-09-29 23:45:00,8.381958955223881,
2022-09-30 00:00:00,8.402014925373134,
2022-09-30 00:15:00,8.412070895522389,
2022-09-30 00:30:00,8.432126865671641,
2022-09-30 00:45:00,8.452182835820896,
2022-09-30 01:00:00,8.47223880597015,
2022-09-30 01:15:00,8.482294776119403,
2022-09-30 01:30:00,8.482350746268658,
2022-09-30 01:45:00,8.50240671641791,
2022-09-30 02:00:00,8.522462686567163,
2022-09-30 02:15:00,8.542518656716418,
2022-09-30 02:30:00,8.572574626865672,
2022-09-30 02:45:00,8.592630597014924,
2022-09-30 03:00:00,8.612686567164179,
2022-09-30 03:15:00,8.642742537313433,
2022-09-30 03:30:00,8.672798507462687,
2022-09-30 03:45:00,8.69285447761194,
2022-09-30 04:00:00,8.722910447761194,
2022-09-30 04:15:00,8.752966417910448,
2022-09-30 04:30:00,8.773022388059701,
2022-09-30 04:45:00,8.793078358208954,
2022-09-30 05:00:00,8.82313432835821,
2022-09-30 05:15:00,8.843190298507462,
2022-09-30 05:30:00,8.873246268656716,
2022-09-30 05:45:00,8.89330223880597,
2022-09-30 06:00:00,8.913358208955223,
2022-09-30 06:15:00,8.943414179104478,
2022-09-30 06:30:00,8.983470149253732,
2022-09-30 06:45:00,9.023526119402984,
2022-09-30 07:00:00,9.06358208955224,
2022-09-30 07:15:00,9.113638059701492,
2022-09-30 07:30:00,9.153694029850747,
2022-09-30 07:45:00,9.20375,
2022-09-30 08:00:00,9.253805970149251,
2022-09-30 08:15:00,9.303861940298509,
2022-09-30 08:30:00,9.35391791044776,
2022-09-30 08:45:00,9.393973880597017,
2022-09-30 09:00:00,9.41402985074627,
2022-09-30 09:15:00,9.434085820895522,
2022-09-30 09:30:00,9.444141791044776,
2022-09-30 09:45:00,9.43419776119403,
2022-09-30 10:00:00,9.424253731343285,
2022-09-30 10:15:00,9.404309701492538,
2022-09-30 10:30:00,9.37436567164179,
2022-09-30 10:45:00,9.344421641791044,
2022-09-30 11:00:00,9.3444776119403,
2022-09-30 11:15:00,9.314533582089553,
2022-09-30 11:30:00,9.244589552238804,
2022-09-30 11:45:00,9.22464552238806,
2022-09-30 12:00:00,9.184701492537313,
2022-09-30 12:15:00,9.144757462686568,
2022-09-30 12:30:00,9.12481343283582,
2022-09-30 12:45:00,9.074869402985074,
2022-09-30 13:00:00,9.014925373134329,
2022-09-30 13:15:00,8.964981343283583,
2022-09-30 13:30:00,8.945037313432834,
2022-09-30 13:45:00,8.83509328358209,
2022-09-30 14:00:00,8.815149253731343,
2022-09-30 14:15:00,8.745205223880598,
2022-09-30 14:30:00,8.77526119402985,
2022-09-30 14:45:00,8.725317164179105,
2022-09-30 15:00:00,8.685373134328358,
2022-09-30 15:15:00,8.605429104477611,
2022-09-30 15:30:00,8.705485074626864,
2022-09-30 15:45:00,8.63554104477612,
2022-09-30 16:00:00,8.605597014925372,
2022-09-30 16:15:00,8.645652985074628,
2022-09-30 16:30:00,8.645708955223881,
2022-09-30 16:45:00,8.665764925373134,
2022-09-30 17:00:00,8.665820895522389,
2022-09-30 17:15:00,8.585876865671642,
2022-09-30 17:30:00,8.505932835820895,
2022-09-30 17:45:00,8.44598880597015,
2022-09-30 18:00:00,8.376044776119402,
2022-09-30 18:15:00,8.336100746268658,
2022-09-30 18:30:00,8.32615671641791,
2022-09-30 18:45:00,8.326212686567164,
2022-09-30 19:00:00,8.336268656716419,
2022-09-30 19:15:00,8.356324626865671,
2022-09-30 19:30:00,8.386380597014925,
2022-09-30 19:45:00,8.40643656716418,
2022-09-30 20:00:00,8.426492537313433,
2022-09-30 20:15:00,8.466548507462688,
2022-09-30 20:30:00,8.486604477611941,
2022-09-30 20:45:00,8.516660447761193,
2022-09-30 21:00:00,8.546716417910448,
2022-09-30 21:15:00,8.576772388059702,
2022-09-30 21:30:00,8.606828358208954,
2022-09-30 21:45:00,8.626884328358209,
2022-09-30 22:00:00,8.656940298507463,
2022-09-30 22:15:00,8.686996268656715,
2022-09-30 22:30:00,8.727052238805971,
2022-09-30 22:45:00,8.747108208955224,
2022-09-30 23:00:00,8.777164179104478,
2022-09-30 23:15:00,8.807220149253732,
2022-09-30 23:30:00,8.827276119402985,
2022-09-30 23:45:00,8.857332089552239,
2022-10-01 00:00:00,8.887388059701493,
2022-10-01 00:15:00,8.907444029850746,
2022-10-01 00:30:00,8.9375,
2022-10-01 00:45:00,8.967555970149254,
2022-10-01 01:00:00,8.997611940298508,
2022-10-01 01:15:00,9.01766791044776,
2022-10-01 01:30:00,9.047723880597012,
2022-10-01 01:45:00,9.06777985074627,
2022-10-01 02:00:00,9.077835820895524,
2022-10-01 02:15:00,9.087891791044775,
2022-10-01 02:30:00,9.09794776119403,
2022-10-01 02:45:00,9.108003731343285,
2022-10-01 03:00:00,9.128059701492536,
2022-10-01 03:15:00,9.138115671641792,
2022-10-01 03:30:00,9.158171641791045,
2022-10-01 03:45:00,9.1682276119403,
2022-10-01 04:00:00,9.198283582089552,
2022-10-01 04:15:00,9.208339552238805,
2022-10-01 04:30:00,9.23839552238806,
2022-10-01 04:45:00,9.258451492537311,
2022-10-01 05:00:00,9.278507462686568,
2022-10-01 05:15:00,9.29856343283582,
2022-10-01 05:30:00,9.318619402985076,
2022-10-01 05:45:00,9.32867537313433,
2022-10-01 06:00:00,9.338731343283582,
2022-10-01 06:15:00,9.358787313432837,
2022-10-01 06:30:00,9.37884328358209,
2022-10-01 06:45:00,9.418899253731343,
2022-10-01 07:00:00,9.4789552238806,
2022-10-01 07:15:00,9.559011194029852,
2022-10-01 07:30:00,9.629067164179103,
2022-10-01 07:45:00,9.699123134328358,
2022-10-01 08:00:00,9.739179104477612,
2022-10-01 08:15:00,9.779235074626865,
2022-10-01 08:30:00,9.77929104477612,
2022-10-01 08:45:00,9.759347014925371,
2022-10-01 09:00:00,9.769402985074626,
2022-10-01 09:15:00,9.79945895522388,
2022-10-01 09:30:00,9.799514925373131,
2022-10-01 09:45:00,9.769570895522389,
2022-10-01 10:00:00,9.729626865671642,
2022-10-01 10:15:00,9.719682835820896,
2022-10-01 10:30:00,9.57973880597015,
2022-10-01 10:45:00,9.509794776119405,
2022-10-01 11:00:00,9.529850746268655,
2022-10-01 11:15:00,9.43990671641791,
2022-10-01 11:30:00,9.359962686567163,
2022-10-01 11:45:00,9.33001865671642,
2022-10-01 12:00:00,9.340074626865672,
2022-10-01 12:15:00,9.370130597014924,
2022-10-01 12:30:00,9.41018656716418,
2022-10-01 12:45:00,9.450242537313432,
2022-10-01 13:00:00,9.490298507462686,
2022-10-01 13:15:00,9.47035447761194,
2022-10-01 13:30:00,9.430410447761194,
2022-10-01 13:45:00,9.320466417910447,
2022-10-01 14:00:00,9.2705223880597,
2022-10-01 14:15:00,9.210578358208954,
2022-10-01 14:30:00,9.120634328358207,
2022-10-01 14:45:00,9.080690298507465,
2022-10-01 15:00:00,9.020746268656715,
2022-10-01 15:15:00,8.900802238805971,
2022-10-01 15:30:00,8.850858208955223,
2022-10-01 15:45:00,8.81091417910448,
2022-10-01 16:00:00,8.810970149253732,
2022-10-01 16:15:00,8.771026119402984,
2022-10-01 16:30:00,8.73108208955224,
2022-10-01 16:45:00,8.701138059701492,
2022-10-01 17:00:00,8.661194029850746,
2022-10-01 17:15:00,8.651250000000001,
2022-10-01 17:30:00,8.631305970149253,
2022-10-01 17:45:00,8.571361940298509,
2022-10-01 18:00:00,8.54141791044776,
2022-10-01 18:15:00,8.511473880597014,
2022-10-01 18:30:00,8.50152985074627,
2022-10-01 18:45:00,8.511585820895522,
2022-10-01 19:00:00,8.521641791044775,
2022-10-01 19:15:00,8.55169776119403,
2022-10-01 19:30:00,8.591753731343283,
2022-10-01 19:45:00,8.621809701492536,
2022-10-01 20:00:00,8.651865671641792,
2022-10-01 20:15:00,8.691921641791044,
2022-10-01 20:30:00,8.711977611940299,
2022-10-01 20:45:00,8.752033582089553,
2022-10-01 21:00:00,8.782089552238805,
2022-10-01 21:15:00,8.82214552238806,
2022-10-01 21:30:00,8.852201492537313,
2022-10-01 21:45:00,8.892257462686567,
2022-10-01 22:00:00,8.922313432835821,
2022-10-01 22:15:00,8.942369402985074,
2022-10-01 22:30:00,8.98242537313433,
2022-10-01 22:45:00,9.022481343283582,
2022-10-01 23:00:00,9.042537313432836,
2022-10-01 23:15:00,9.08259328358209,
2022-10-01 23:30:00,9.112649253731345,
2022-10-01 23:45:00,9.132705223880595,
2022-10-02 00:00:00,9.162761194029851,
2022-10-02 00:15:00,9.192817164179104,
2022-10-02 00:30:00,9.22287313432836,
2022-10-02 00:45:00,9.252929104477612,
2022-10-02 01:00:00,9.272985074626863,
2022-10-02 01:15:00,9.30304104477612,
2022-10-02 01:30:00,9.323097014925374,
2022-10-02 01:45:00,9.353152985074626,
2022-10-02 02:00:00,9.37320895522388,
2022-10-02 02:15:00,9.393264925373137,
2022-10-02 02:30:00,9.40332089552239,
2022-10-02 02:45:00,9.423376865671642,
2022-10-02 03:00:00,9.433432835820897,
2022-10-02 03:15:00,9.45348880597015,
2022-10-02 03:30:00,9.473544776119404,
2022-10-02 03:45:00,9.483600746268657,
2022-10-02 04:00:00,9.493656716417911,
2022-10-02 04:15:00,9.503712686567164,
2022-10-02 04:30:00,9.523768656716417,
2022-10-02 04:45:00,9.523824626865672,
2022-10-02 05:00:00,9.543880597014924,
2022-10-02 05:15:00,9.55393656716418,
2022-10-02 05:30:00,9.563992537313434,
2022-10-02 05:45:00,9.564048507462688,
2022-10-02 06:00:00,9.57410447761194,
2022-10-02 06:15:00,9.584160447761194,
2022-10-02 06:30:00,9.604216417910449,
2022-10-02 06:45:00,9.6342723880597,
2022-10-02 07:00:00,9.664328358208955,
2022-10-02 07:15:00,9.714384328358207,
2022-10-02 07:30:00,9.744440298507463,
2022-10-02 07:45:00,9.774496268656716,
2022-10-02 08:00:00,9.80455223880597,
2022-10-02 08:15:00,9.864608208955223,
2022-10-02 08:30:00,9.964664179104476,
2022-10-02 08:45:00,9.994720149253732,
2022-10-02 09:00:00,10.024776119402985,
2022-10-02 09:15:00,10.04483208955224,
2022-10-02 09:30:00,10.034888059701492,
2022-10-02 09:45:00,10.004944029850746,
2022-10-02 10:00:00,10.005,
2022-10-02 10:15:00,9.955055970149251,
2022-10-02 10:30:00,9.855111940298508,
2022-10-02 10:45:00,9.77516791044776,
2022-10-02 11:00:00,9.695223880597014,
2022-10-02 11:15:00,9.635279850746269,
2022-10-02 11:30:00,9.565335820895523,
2022-10-02 11:45:00,9.485391791044776,
2022-10-02 12:00:00,9.42544776119403,
2022-10-02 12:15:00,9.355503731343283,
2022-10-02 12:30:00,9.295559701492536,
2022-10-02 12:45:00,9.235615671641792,
2022-10-02 13:00:00,9.175671641791045,
2022-10-02 13:15:00,9.1157276119403,
2022-10-02 13:30:00,9.075783582089551,
2022-10-02 13:45:00,9.015839552238806,
2022-10-02 14:00:00,8.95589552238806,
2022-10-02 14:15:00,8.895951492537314,
2022-10-02 14:30:00,8.776007462686566,
2022-10-02 14:45:00,8.666063432835822,
2022-10-02 15:00:00,8.606119402985074,
2022-10-02 15:15:00,8.686175373134327,
2022-10-02 15:30:00,8.686231343283582,
2022-10-02 15:45:00,8.686287313432835,
2022-10-02 16:00:00,8.646343283582091,
2022-10-02 16:15:00,8.596399253731343,
2022-10-02 16:30:00,8.546455223880596,
2022-10-02 16:45:00,8.476511194029852,
2022-10-02 17:00:00,8.416567164179105,
2022-10-02 17:15:00,8.326623134328358,
2022-10-02 17:30:00,8.286679104477612,
2022-10-02 17:45:00,8.286735074626865,
2022-10-02 18:00:00,8.28679104477612,
2022-10-02 18:15:00,8.276847014925373,
2022-10-02 18:30:00,8.286902985074626,
2022-10-02 18:45:00,8.30695895522388,
2022-10-02 19:00:00,8.337014925373134,
2022-10-02 19:15:00,8.377070895522387,
2022-10-02 19:30:00,8.417126865671642,
2022-10-02 19:45:00,8.457182835820895,
2022-10-02 20:00:00,8.49723880597015,
2022-10-02 20:15:00,8.527294776119403,
2022-10-02 20:30:00,8.577350746268657,
2022-10-02 20:45:00,8.60740671641791,
2022-10-02 21:00:00,8.637462686567163,
2022-10-02 21:15:00,8.677518656716417,
2022-10-02 21:30:00,8.717574626865671,
2022-10-02 21:45:00,8.747630597014926,
2022-10-02 22:00:00,8.77768656716418,
2022-10-02 22:15:00,8.817742537313434,
2022-10-02 22:30:00,8.857798507462686,
2022-10-02 22:45:00,8.88785447761194,
2022-10-02 23:00:00,8.917910447761194,
2022-10-02 23:15:00,8.947966417910447,
2022-10-02 23:30:00,8.978022388059703,
2022-10-02 23:45:00,9.008078358208955,
2022-10-03 00:00:00,9.03813432835821,
2022-10-03 00:15:00,9.068190298507464,
2022-10-03 00:30:00,9.098246268656716,
2022-10-03 00:45:00,9.12830223880597,
2022-10-03 01:00:00,9.158358208955224,
2022-10-03 01:15:00,9.178414179104475,
2022-10-03 01:30:00,9.208470149253731,
2022-10-03 01:45:00,9.228526119402986,
2022-10-03 02:00:00,9.258582089552238,
2022-10-03 02:15:00,9.288638059701492,
2022-10-03 02:30:00,9.308694029850743,
2022-10-03 02:45:00,9.32875,
2022-10-03 03:00:00,9.358805970149254,
2022-10-03 03:15:00,9.378861940298506,
2022-10-03 03:30:00,9.398917910447762,
2022-10-03 03:45:00,9.418973880597015,
2022-10-03 04:00:00,9.439029850746268,
2022-10-03 04:15:00,9.459085820895522,
2022-10-03 04:30:00,9.469141791044777,
2022-10-03 04:45:00,9.489197761194031,
2022-10-03 05:00:00,9.509253731343284,
2022-10-03 05:15:00,9.529309701492537,
2022-10-03 05:30:00,9.549365671641793,
2022-10-03 05:45:00,9.559421641791044,
2022-10-03 06:00:00,9.579477611940298,
2022-10-03 06:15:00,9.599533582089553,
2022-10-03 06:30:00,9.609589552238806,
2022-10-03 06:45:00,9.64964552238806,
2022-10-03 07:00:00,9.689701492537312,
2022-10-03 07:15:00,9.729757462686567,
2022-10-03 07:30:00,9.76981343283582,
2022-10-03 07:45:00,9.799869402985074,
2022-10-03 08:00:00,9.839925373134328,
2022-10-03 08:15:00,9.879981343283582,
2022-10-03 08:30:00,9.910037313432836,
2022-10-03 08:45:00,9.93009328358209,
2022-10-03 09:00:00,9.940149253731343,
2022-10-03 09:15:00,9.940205223880596,
2022-10-03 09:30:00,9.920261194029852,
2022-10-03 09:45:00,9.900317164179103,
2022-10-03 10:00:00,9.870373134328355,
2022-10-03 10:15:00,9.830429104477613,
2022-10-03 10:30:00,9.780485074626863,
2022-10-03 10:45:00,9.76054104477612,
2022-10-03 11:00:00,9.670597014925374,
2022-10-03 11:15:00,9.630652985074626,
2022-10-03 11:30:00,9.56070895522388,
2022-10-03 11:45:00,9.440764925373134,
2022-10-03 12:00:00,9.380820895522389,
2022-10-03 12:15:00,9.400876865671645,
2022-10-03 12:30:00,9.380932835820897,
2022-10-03 12:45:00,9.350988805970148,
2022-10-03 13:00:00,9.211044776119405,
2022-10-03 13:15:00,9.211100746268656,
2022-10-03 13:30:00,9.191156716417913,
2022-10-03 13:45:00,9.111212686567164,
2022-10-03 14:00:00,9.071268656716418,
2022-10-03 14:15:00,9.071324626865673,
2022-10-03 14:30:00,9.051380597014925,
2022-10-03 14:45:00,9.041436567164178,
2022-10-03 15:00:00,9.001492537313434,
2022-10-03 15:15:00,8.981548507462687,
2022-10-03 15:30:00,8.96160447761194,
2022-10-03 15:45:00,8.931660447761194,
2022-10-03 16:00:00,8.911716417910448,
2022-10-03 16:15:00,8.861772388059702,
2022-10-03 16:30:00,8.801828358208954,
2022-10-03 16:45:00,8.751884328358209,
2022-10-03 17:00:00,8.671940298507463,
2022-10-03 17:15:00,8.561996268656715,
2022-10-03 17:30:00,8.492052238805972,
2022-10-03 17:45:00,8.452108208955224,
2022-10-03 18:00:00,8.422164179104477,
2022-10-03 18:15:00,8.392220149253731,
2022-10-03 18:30:00,8.372276119402985,
2022-10-03 18:45:00,8.382332089552238,
2022-10-03 19:00:00,8.402388059701494,
2022-10-03 19:15:00,8.432444029850746,
2022-10-03 19:30:00,8.4525,
2022-10-03 19:45:00,8.482555970149255,
2022-10-03 20:00:00,8.512611940298507,
2022-10-03 20:15:00,8.552667910447761,
2022-10-03 20:30:00,8.582723880597015,
2022-10-03 20:45:00,8.622779850746268,
2022-10-03 21:00:00,8.652835820895524,
2022-10-03 21:15:00,8.672891791044776,
2022-10-03 21:30:00,8.712947761194028,
2022-10-03 21:45:00,8.743003731343284,
2022-10-03 22:00:00,8.783059701492537,
2022-10-03 22:15:00,8.81311567164179,
2022-10-03 22:30:00,8.833171641791045,
2022-10-03 22:45:00,8.863227611940298,
2022-10-03 23:00:00,8.893283582089552,
2022-10-03 23:15:00,8.913339552238806,
2022-10-03 23:30:00,8.943395522388059,
2022-10-03 23:45:00,8.973451492537313,
2022-10-04 00:00:00,9.003507462686567,
2022-10-04 00:15:00,9.03356343283582,
2022-10-04 00:30:00,9.063619402985074,
2022-10-04 00:45:00,9.083675373134328,
2022-10-04 01:00:00,9.113731343283582,
2022-10-04 01:15:00,9.133787313432835,
2022-10-04 01:30:00,9.16384328358209,
2022-10-04 01:45:00,9.193899253731344,
2022-10-04 02:00:00,9.223955223880596,
2022-10-04 02:15:00,9.234011194029852,
2022-10-04 02:30:00,9.264067164179105,
2022-10-04 02:45:00,9.284123134328356,
2022-10-04 03:00:00,9.314179104477612,
2022-10-04 03:15:00,9.334235074626866,
2022-10-04 03:30:00,9.36429104477612,
2022-10-04 03:45:00,9.384347014925371,
2022-10-04 04:00:00,9.404402985074627,
2022-10-04 04:15:00,9.424458955223882,
2022-10-04 04:30:00,9.444514925373134,
2022-10-04 04:45:00,9.464570895522389,
2022-10-04 05:00:00,9.484626865671643,
2022-10-04 05:15:00,9.504682835820896,
2022-10-04 05:30:00,9.514738805970149,
2022-10-04 05:45:00,9.544794776119405,
2022-10-04 06:00:00,9.564850746268656,
2022-10-04 06:15:00,9.584906716417912,
2022-10-04 06:30:00,9.604962686567164,
2022-10-04 06:45:00,9.655018656716418,
2022-10-04 07:00:00,9.695074626865672,
2022-10-04 07:15:00,9.725130597014925,
2022-10-04 07:30:00,9.76518656716418,
2022-10-04 07:45:00,9.795242537313433,
2022-10-04 08:00:00,9.825298507462689,
2022-10-04 08:15:00,9.87535447761194,
2022-10-04 08:30:00,9.915410447761197,
2022-10-04 08:45:00,9.935466417910447,
2022-10-04 09:00:00,9.955522388059702,
2022-10-04 09:15:00,9.955578358208957,
2022-10-04 09:30:00,9.935634328358208,
2022-10-04 09:45:00,9.915690298507464,
2022-10-04 10:00:00,9.875746268656716,
2022-10-04 10:15:00,9.83580223880597,
2022-10-04 10:30:00,9.785858208955224,
2022-10-04 10:45:00,9.725914179104477,
2022-10-04 11:00:00,9.675970149253732,
2022-10-04 11:15:00,9.616026119402983,
2022-10-04 11:30:00,9.546082089552238,
2022-10-04 11:45:00,9.476138059701492,
2022-10-04 12:00:00,9.416194029850748,
2022-10-04 12:15:00,9.36625,
2022-10-04 12:30:00,9.316305970149251,
2022-10-04 12:45:00,9.266361940298507,
2022-10-04 13:00:00,9.186417910447762,
2022-10-04 13:15:00,9.076473880597016,
2022-10-04 13:30:00,9.026529850746268,
2022-10-04 13:45:00,8.906585820895524,
2022-10-04 14:00:00,8.856641791044776,
2022-10-04 14:15:00,8.75669776119403,
2022-10-04 14:30:00,8.666753731343285,
2022-10-04 14:45:00,8.616809701492537,
2022-10-04 15:00:00,8.586865671641792,
2022-10-04 15:15:00,8.586921641791045,
2022-10-04 15:30:00,8.646977611940297,
2022-10-04 15:45:00,8.677033582089553,
2022-10-04 16:00:00,8.717089552238805,
2022-10-04 16:15:00,8.707145522388059,
2022-10-04 16:30:00,8.667201492537314,
2022-10-04 16:45:00,8.617257462686567,
2022-10-04 17:00:00,8.557313432835821,
2022-10-04 17:15:00,8.467369402985074,
2022-10-04 17:30:00,8.427425373134328,
2022-10-04 17:45:00,8.407481343283584,
2022-10-04 18:00:00,8.397537313432835,
2022-10-04 18:15:00,8.377593283582089,
2022-10-04 18:30:00,8.387649253731343,
2022-10-04 18:45:00,8.407705223880598,
2022-10-04 19:00:00,8.42776119402985,
2022-10-04 19:15:00,8.467817164179104,
2022-10-04 19:30:00,8.497873134328358,
2022-10-04 19:45:00,8.527929104477613,
2022-10-04 20:00:00,8.567985074626865,
2022-10-04 20:15:00,8.598041044776119,
2022-10-04 20:30:00,8.638097014925373,
2022-10-04 20:45:00,8.668152985074627,
2022-10-04 21:00:00,8.69820895522388,
2022-10-04 21:15:00,8.728264925373134,
2022-10-04 21:30:00,8.758320895522388,
2022-10-04 21:45:00,8.798376865671642,
2022-10-04 22:00:00,8.818432835820895,
2022-10-04 22:15:00,8.848488805970149,
2022-10-04 22:30:00,8.868544776119403,
2022-10-04 22:45:00,8.898600746268656,
2022-10-04 23:00:00,8.92865671641791,
2022-10-04 23:15:00,8.958712686567164,
2022-10-04 23:30:00,8.978768656716417,
2022-10-04 23:45:00,8.998824626865673,
2022-10-05 00:00:00,9.038880597014924,
2022-10-05 00:15:00,9.068936567164178,
2022-10-05 00:30:00,9.088992537313434,
2022-10-05 00:45:00,9.119048507462686,
2022-10-05 01:00:00,9.14910447761194,
2022-10-05 01:15:00,9.179160447761197,
2022-10-05 01:30:00,9.199216417910447,
2022-10-05 01:45:00,9.219272388059702,
2022-10-05 02:00:00,9.249328358208956,
2022-10-05 02:15:00,9.269384328358209,
2022-10-05 02:30:00,9.289440298507463,
2022-10-05 02:45:00,9.319496268656716,
2022-10-05 03:00:00,9.32955223880597,
2022-10-05 03:15:00,9.349608208955225,
2022-10-05 03:30:00,9.359664179104476,
2022-10-05 03:45:00,9.369720149253732,
2022-10-05 04:00:00,9.399776119402985,
2022-10-05 04:15:00,9.41983208955224,
2022-10-05 04:30:00,9.439888059701492,
2022-10-05 04:45:00,9.449944029850746,
2022-10-05 05:00:00,9.47,
2022-10-05 05:15:00,9.480055970149252,
2022-10-05 05:30:00,9.490111940298508,
2022-10-05 05:45:00,9.50016791044776,
2022-10-05 06:00:00,9.520223880597015,
2022-10-05 06:15:00,9.540279850746268,
2022-10-05 06:30:00,9.560335820895522,
2022-10-05 06:45:00,9.580391791044775,
2022-10-05 07:00:00,9.62044776119403,
2022-10-05 07:15:00,9.650503731343283,
2022-10-05 07:30:00,9.680559701492538,
2022-10-05 07:45:00,9.72061567164179,
2022-10-05 08:00:00,9.760671641791046,
2022-10-05 08:15:00,9.810727611940298,
2022-10-05 08:30:00,9.840783582089554,
2022-10-05 08:45:00,9.880839552238806,
2022-10-05 09:00:00,9.89089552238806,
2022-10-05 09:15:00,9.900951492537311,
2022-10-05 09:30:00,9.891007462686566,
2022-10-05 09:45:00,9.87106343283582,
2022-10-05 10:00:00,9.841119402985075,
2022-10-05 10:15:00,9.811175373134327,
2022-10-05 10:30:00,9.751231343283584,
2022-10-05 10:45:00,9.711287313432836,
2022-10-05 11:00:00,9.651343283582088,
2022-10-05 11:15:00,9.601399253731344,
2022-10-05 11:30:00,9.531455223880595,
2022-10-05 11:45:00,9.47151119402985,
2022-10-05 12:00:00,9.401567164179104,
2022-10-05 12:15:00,9.33162313432836,
2022-10-05 12:30:00,9.271679104477611,
2022-10-05 12:45:00,9.201735074626866,
2022-10-05 13:00:00,9.141791044776118,
2022-10-05 13:15:00,9.081847014925374,
2022-10-05 13:30:00,9.021902985074629,
2022-10-05 13:45:00,8.96195895522388,
2022-10-05 14:00:00,8.912014925373136,
2022-10-05 14:15:00,8.852070895522388,
2022-10-05 14:30:00,8.80212686567164,
2022-10-05 14:45:00,8.762182835820896,
2022-10-05 15:00:00,8.712238805970149,
2022-10-05 15:15:00,8.672294776119404,
2022-10-05 15:30:00,8.622350746268657,
2022-10-05 15:45:00,8.58240671641791,
2022-10-05 16:00:00,8.552462686567164,
2022-10-05 16:15:00,8.512518656716418,
2022-10-05 16:30:00,8.46257462686567,
2022-10-05 16:45:00,8.412630597014926,
2022-10-05 17:00:00,8.352686567164179,
2022-10-05 17:15:00,8.282742537313434,
2022-10-05 17:30:00,8.252798507462687,
2022-10-05 17:45:00,8.24285447761194,
2022-10-05 18:00:00,8.242910447761195,
2022-10-05 18:15:00,8.252966417910448,
2022-10-05 18:30:00,8.263022388059701,
2022-10-05 18:45:00,8.283078358208956,
2022-10-05 19:00:00,8.323134328358208,
2022-10-05 19:15:00,8.353190298507464,
2022-10-05 19:30:00,8.393246268656716,
2022-10-05 19:45:00,8.43330223880597,
2022-10-05 20:00:00,8.463358208955224,
2022-10-05 20:15:00,8.503414179104478,
2022-10-05 20:30:00,8.54347014925373,
2022-10-05 20:45:00,8.583526119402986,
2022-10-05 21:00:00,8.613582089552239,
2022-10-05 21:15:00,8.653638059701493,
2022-10-05 21:30:00,8.683694029850747,
2022-10-05 21:45:00,8.723749999999999,
2022-10-05 22:00:00,8.753805970149255,
2022-10-05 22:15:00,8.793861940298507,
2022-10-05 22:30:00,8.82391791044776,
2022-10-05 22:45:00,8.863973880597015,
2022-10-05 23:00:00,8.894029850746268,
2022-10-05 23:15:00,8.934085820895524,
2022-10-05 23:30:00,8.964141791044776,
2022-10-05 23:45:00,9.00419776119403,
2022-10-06 00:00:00,9.034253731343284,
2022-10-06 00:15:00,9.064309701492537,
2022-10-06 00:30:00,9.09436567164179,
2022-10-06 00:45:00,9.124421641791043,
2022-10-06 01:00:00,9.144477611940298,
2022-10-06 01:15:00,9.174533582089552,
2022-10-06 01:30:00,9.204589552238806,
2022-10-06 01:45:00,9.22464552238806,
2022-10-06 02:00:00,9.254701492537317,
2022-10-06 02:15:00,9.274757462686567,
2022-10-06 02:30:00,9.30481343283582,
2022-10-06 02:45:00,9.314869402985074,
2022-10-06 03:00:00,9.334925373134327,
2022-10-06 03:15:00,9.36498134328358,
2022-10-06 03:30:00,9.385037313432836,
2022-10-06 03:45:00,9.405093283582088,
2022-10-06 04:00:00,9.425149253731345,
2022-10-06 04:15:00,9.445205223880595,
2022-10-06 04:30:00,9.47526119402985,
2022-10-06 04:45:00,9.495317164179106,
2022-10-06 05:00:00,9.51537313432836,
2022-10-06 05:15:00,9.535429104477611,
2022-10-06 05:30:00,9.555485074626866,
2022-10-06 05:45:00,9.575541044776118,
2022-10-06 06:00:00,9.595597014925374,
2022-10-06 06:15:00,9.605652985074627,
2022-10-06 06:30:00,9.63570895522388,
2022-10-06 06:45:00,9.665764925373136,
2022-10-06 07:00:00,9.705820895522388,
2022-10-06 07:15:00,9.755876865671642,
2022-10-06 07:30:00,9.785932835820896,
2022-10-06 07:45:00,9.815988805970148,
2022-10-06 08:00:00,9.846044776119404,
2022-10-06 08:15:00,9.896100746268656,
2022-10-06 08:30:00,9.92615671641791,
2022-10-06 08:45:00,9.956212686567165,
2022-10-06 09:00:00,9.976268656716416,
2022-10-06 09:15:00,9.97632462686567,
2022-10-06 09:30:00,9.966380597014926,
2022-10-06 09:45:00,9.94643656716418,
2022-10-06 10:00:00,9.916492537313434,
2022-10-06 10:15:00,9.876548507462688,
2022-10-06 10:30:00,9.82660447761194,
2022-10-06 10:45:00,9.776660447761197,
2022-10-06 11:00:00,9.716716417910447,
2022-10-06 11:15:00,9.6567723880597,
2022-10-06 11:30:00,9.596828358208956,
2022-10-06 11:45:00,9.526884328358207,
2022-10-06 12:00:00,9.456940298507462,
2022-10-06 12:15:00,9.386996268656716,
2022-10-06 12:30:00,9.317052238805967,
2022-10-06 12:45:00,9.247108208955224,
2022-10-06 13:00:00,9.187164179104478,
2022-10-06 13:15:00,9.11722014925373,
2022-10-06 13:30:00,9.057276119402983,
2022-10-06 13:45:00,9.00733208955224,
2022-10-06 14:00:00,8.937388059701492,
2022-10-06 14:15:00,8.897444029850746,
2022-10-06 14:30:00,8.8475,
2022-10-06 14:45:00,8.787555970149254,
2022-10-06 15:00:00,8.737611940298507,
2022-10-06 15:15:00,8.687667910447761,
2022-10-06 15:30:00,8.637723880597015,
2022-10-06 15:45:00,8.58777985074627,
2022-10-06 16:00:00,8.547835820895521,
2022-10-06 16:15:00,8.487891791044776,
2022-10-06 16:30:00,8.43794776119403,
2022-10-06 16:45:00,8.378003731343284,
2022-10-06 17:00:00,8.318059701492537,
2022-10-06 17:15:00,8.22811567164179,
2022-10-06 17:30:00,8.208171641791045,
2022-10-06 17:45:00,8.198227611940299,
2022-10-06 18:00:00,8.188283582089552,
2022-10-06 18:15:00,8.188339552238807,
2022-10-06 18:30:00,8.20839552238806,
2022-10-06 18:45:00,8.228451492537314,
2022-10-06 19:00:00,8.268507462686568,
2022-10-06 19:15:00,8.30856343283582,
2022-10-06 19:30:00,8.358619402985076,
2022-10-06 19:45:00,8.398675373134328,
2022-10-06 20:00:00,8.428731343283582,
2022-10-06 20:15:00,8.478787313432836,
2022-10-06 20:30:00,8.50884328358209,
2022-10-06 20:45:00,8.548899253731342,
2022-10-06 21:00:00,8.588955223880598,
2022-10-06 21:15:00,8.62901119402985,
2022-10-06 21:30:00,8.669067164179106,
2022-10-06 21:45:00,8.719123134328358,
2022-10-06 22:00:00,8.73917910447761,
2022-10-06 22:15:00,8.779235074626866,
2022-10-06 22:30:00,8.819291044776119,
2022-10-06 22:45:00,8.859347014925373,
2022-10-06 23:00:00,8.889402985074627,
2022-10-06 23:15:00,8.92945895522388,
2022-10-06 23:30:00,8.959514925373135,
2022-10-06 23:45:00,8.989570895522387,
2022-10-07 00:00:00,9.019626865671642,
2022-10-07 00:15:00,9.049682835820896,
2022-10-07 00:30:00,9.08973880597015,
2022-10-07 00:45:00,9.109794776119402,
2022-10-07 01:00:00,9.139850746268657,
2022-10-07 01:15:00,9.16990671641791,
2022-10-07 01:30:00,9.199962686567163,
2022-10-07 01:45:00,9.240018656716416,
2022-10-07 02:00:00,9.260074626865672,
2022-10-07 02:15:00,9.280130597014926,
2022-10-07 02:30:00,9.30018656716418,
2022-10-07 02:45:00,9.320242537313431,
2022-10-07 03:00:00,9.350298507462687,
2022-10-07 03:15:00,9.37035447761194,
2022-10-07 03:30:00,9.400410447761194,
2022-10-07 03:45:00,9.420466417910449,
2022-10-07 04:00:00,9.430522388059702,
2022-10-07 04:15:00,9.460578358208956,
2022-10-07 04:30:00,9.480634328358208,
2022-10-07 04:45:00,9.49069029850746,
2022-10-07 05:00:00,9.510746268656716,
2022-10-07 05:15:00,9.53080223880597,
2022-10-07 05:30:00,9.540858208955225,
2022-10-07 05:45:00,9.560914179104476,
2022-10-07 06:00:00,9.590970149253732,
2022-10-07 06:15:00,9.601026119402986,
2022-10-07 06:30:00,9.61108208955224,
2022-10-07 06:45:00,9.651138059701491,
2022-10-07 07:00:00,9.681194029850747,
2022-10-07 07:15:00,9.73125,
2022-10-07 07:30:00,9.761305970149252,
2022-10-07 07:45:00,9.791361940298508,
2022-10-07 08:00:00,9.83141791044776,
2022-10-07 08:15:00,9.881473880597015,
2022-10-07 08:30:00,9.92152985074627,
2022-10-07 08:45:00,9.941585820895522,
2022-10-07 09:00:00,9.961641791044777,
2022-10-07 09:15:00,9.96169776119403,
2022-10-07 09:30:00,9.951753731343285,
2022-10-07 09:45:00,9.941809701492538,
2022-10-07 10:00:00,9.90186567164179,
2022-10-07 10:15:00,9.871921641791046,
2022-10-07 10:30:00,9.821977611940298,
2022-10-07 10:45:00,9.762033582089552,
2022-10-07 11:00:00,9.702089552238808,
2022-10-07 11:15:00,9.65214552238806,
2022-10-07 11:30:00,9.592201492537312,
2022-10-07 11:45:00,9.532257462686568,
2022-10-07 12:00:00,9.47231343283582,
2022-10-07 12:15:00,9.342369402985076,
2022-10-07 12:30:00,9.352425373134327,
2022-10-07 12:45:00,9.292481343283582,
2022-10-07 13:00:00,9.202537313432837,
2022-10-07 13:15:00,9.14259328358209,
2022-10-07 13:30:00,9.122649253731344,
2022-10-07 13:45:00,9.092705223880598,
2022-10-07 14:00:00,8.95276119402985,
2022-10-07 14:15:00,8.952817164179105,
2022-10-07 14:30:00,8.932873134328359,
2022-10-07 14:45:00,8.90292910447761,
2022-10-07 15:00:00,8.872985074626866,
2022-10-07 15:15:00,8.833041044776119,
2022-10-07 15:30:00,8.783097014925373,
2022-10-07 15:45:00,8.753152985074628,
2022-10-07 16:00:00,8.71320895522388,
2022-10-07 16:15:00,8.673264925373136,
2022-10-07 16:30:00,8.613320895522389,
2022-10-07 16:45:00,8.563376865671641,
2022-10-07 17:00:00,8.493432835820895,
2022-10-07 17:15:00,8.42348880597015,
2022-10-07 17:30:00,8.393544776119402,
2022-10-07 17:45:00,8.393600746268657,
2022-10-07 18:00:00,8.37365671641791,
2022-10-07 18:15:00,8.363712686567164,
2022-10-07 18:30:00,8.383768656716418,
2022-10-07 18:45:00,8.40382462686567,
2022-10-07 19:00:00,8.433880597014927,
2022-10-07 19:15:00,8.463936567164179,
2022-10-07 19:30:00,8.503992537313433,
2022-10-07 19:45:00,8.534048507462687,
2022-10-07 20:00:00,8.57410447761194,
2022-10-07 20:15:00,8.604160447761194,
2022-10-07 20:30:00,8.634216417910448,
2022-10-07 20:45:00,8.6642723880597,
2022-10-07 21:00:00,8.704328358208956,
2022-10-07 21:15:00,8.734384328358209,
2022-10-07 21:30:00,8.754440298507463,
2022-10-07 21:45:00,8.784496268656717,
2022-10-07 22:00:00,8.81455223880597,
2022-10-07 22:15:00,8.844608208955224,
2022-10-07 22:30:00,8.864664179104478,
2022-10-07 22:45:00,8.90472014925373,
2022-10-07 23:00:00,8.934776119402986,
2022-10-07 23:15:00,8.964832089552239,
2022-10-07 23:30:00,8.984888059701492,
2022-10-07 23:45:00,9.014944029850747,
2022-10-08 00:00:00,9.055,
2022-10-08 00:15:00,9.075055970149252,
2022-10-08 00:30:00,9.095111940298509,
2022-10-08 00:45:00,9.12516791044776,
2022-10-08 01:00:00,9.145223880597015,
2022-10-08 01:15:00,9.17527985074627,
2022-10-08 01:30:00,9.215335820895522,
2022-10-08 01:45:00,9.235391791044776,
2022-10-08 02:00:00,9.25544776119403,
2022-10-08 02:15:00,9.275503731343283,
2022-10-08 02:30:00,9.295559701492538,
2022-10-08 02:45:00,9.32561567164179,
2022-10-08 03:00:00,9.345671641791046,
2022-10-08 03:15:00,9.3657276119403,
2022-10-08 03:30:00,9.395783582089551,
2022-10-08 03:45:00,9.415839552238806,
2022-10-08 04:00:00,9.43589552238806,
2022-10-08 04:15:00,9.455951492537311,
2022-10-08 04:30:00,9.486007462686567,
2022-10-08 04:45:00,9.506063432835822,
2022-10-08 05:00:00,9.526119402985074,
2022-10-08 05:15:00,9.546175373134329,
2022-10-08 05:30:00,9.56623134328358,
2022-10-08 05:45:00,9.586287313432836,
2022-10-08 06:00:00,9.59634328358209,
2022-10-08 06:15:00,9.626399253731345,
2022-10-08 06:30:00,9.646455223880595,
2022-10-08 06:45:00,9.686511194029851,
2022-10-08 07:00:00,9.726567164179103,
2022-10-08 07:15:00,9.76662313432836,
2022-10-08 07:30:00,9.796679104477612,
2022-10-08 07:45:00,9.826735074626866,
2022-10-08 08:00:00,9.87679104477612,
2022-10-08 08:15:00,9.936847014925371,
2022-10-08 08:30:00,9.986902985074629,
2022-10-08 08:45:00,10.00695895522388,
2022-10-08 09:00:00,10.017014925373134,
2022-10-08 09:15:00,9.997070895522388,
2022-10-08 09:30:00,9.97712686567164,
2022-10-08 09:45:00,9.977182835820896,
2022-10-08 10:00:00,9.94723880597015,
2022-10-08 10:15:00,9.907294776119402,
2022-10-08 10:30:00,9.857350746268658,
2022-10-08 10:45:00,9.80740671641791,
2022-10-08 11:00:00,9.747462686567165,
2022-10-08 11:15:00,9.68751865671642,
2022-10-08 11:30:00,9.637574626865671,
2022-10-08 11:45:00,9.567630597014926,
2022-10-08 12:00:00,9.49768656716418,
2022-10-08 12:15:00,9.427742537313431,
2022-10-08 12:30:00,9.357798507462688,
2022-10-08 12:45:00,9.30785447761194,
2022-10-08 13:00:00,9.267910447761194,
2022-10-08 13:15:00,9.227966417910448,
2022-10-08 13:30:00,9.1380223880597,
2022-10-08 13:45:00,9.088078358208952,
2022-10-08 14:00:00,9.04813432835821,
2022-10-08 14:15:00,8.988190298507462,
2022-10-08 14:30:00,8.938246268656718,
2022-10-08 14:45:00,8.87830223880597,
2022-10-08 15:00:00,8.828358208955223,
2022-10-08 15:15:00,8.768414179104479,
2022-10-08 15:30:00,8.718470149253731,
2022-10-08 15:45:00,8.658526119402984,
2022-10-08 16:00:00,8.60858208955224,
2022-10-08 16:15:00,8.558638059701492,
2022-10-08 16:30:00,8.508694029850748,
2022-10-08 16:45:00,8.43875,
2022-10-08 17:00:00,8.368805970149253,
2022-10-08 17:15:00,8.328861940298507,
2022-10-08 17:30:00,8.30891791044776,
2022-10-08 17:45:00,8.278973880597015,
2022-10-08 18:00:00,8.249029850746268,
2022-10-08 18:15:00,8.239085820895522,
2022-10-08 18:30:00,8.249141791044776,
2022-10-08 18:45:00,8.28919776119403,
2022-10-08 19:00:00,8.319253731343283,
2022-10-08 19:15:00,8.359309701492538,
2022-10-08 19:30:00,8.39936567164179,
2022-10-08 19:45:00,8.439421641791045,
2022-10-08 20:00:00,8.479477611940299,
2022-10-08 20:15:00,8.519533582089553,
2022-10-08 20:30:00,8.559589552238807,
2022-10-08 20:45:00,8.589645522388059,
2022-10-08 21:00:00,8.639701492537313,
2022-10-08 21:15:00,8.679757462686569,
2022-10-08 21:30:00,8.709813432835821,
2022-10-08 21:45:00,8.739869402985073,
2022-10-08 22:00:00,8.76992537313433,
2022-10-08 22:15:00,8.799981343283582,
2022-10-08 22:30:00,8.840037313432836,
2022-10-08 22:45:00,8.86009328358209,
2022-10-08 23:00:00,8.890149253731343,
2022-10-08 23:15:00,8.920205223880597,
2022-10-08 23:30:00,8.96026119402985,
2022-10-08 23:45:00,8.990317164179103,
2022-10-09 00:00:00,9.02037313432836,
2022-10-09 00:15:00,9.050429104477612,
2022-10-09 00:30:00,9.080485074626864,
2022-10-09 00:45:00,9.11054104477612,
2022-10-09 01:00:00,9.140597014925373,
2022-10-09 01:15:00,9.170652985074629,
2022-10-09 01:30:00,9.19070895522388,
2022-10-09 01:45:00,9.220764925373134,
2022-10-09 02:00:00,9.250820895522388,
2022-10-09 02:15:00,9.280876865671642,
2022-10-09 02:30:00,9.310932835820894,
2022-10-09 02:45:00,9.330988805970147,
2022-10-09 03:00:00,9.341044776119402,
2022-10-09 03:15:00,9.371100746268658,
2022-10-09 03:30:00,9.39115671641791,
2022-10-09 03:45:00,9.411212686567165,
2022-10-09 04:00:00,9.43126865671642,
2022-10-09 04:15:00,9.451324626865672,
2022-10-09 04:30:00,9.481380597014924,
2022-10-09 04:45:00,9.49143656716418,
2022-10-09 05:00:00,9.511492537313432,
2022-10-09 05:15:00,9.541548507462688,
2022-10-09 05:30:00,9.55160447761194,
2022-10-09 05:45:00,9.571660447761191,
2022-10-09 06:00:00,9.581716417910448,
2022-10-09 06:15:00,9.601772388059702,
2022-10-09 06:30:00,9.611828358208957,
2022-10-09 06:45:00,9.64188432835821,
2022-10-09 07:00:00,9.681940298507463,
2022-10-09 07:15:00,9.721996268656715,
2022-10-09 07:30:00,9.75205223880597,
2022-10-09 07:45:00,9.782108208955224,
2022-10-09 08:00:00,9.812164179104478,
2022-10-09 08:15:00,9.862220149253732,
2022-10-09 08:30:00,9.902276119402984,
2022-10-09 08:45:00,9.93233208955224,
2022-10-09 09:00:00,9.952388059701493,
2022-10-09 09:15:00,9.952444029850747,
2022-10-09 09:30:00,9.9525,
2022-10-09 09:45:00,9.932555970149254,
2022-10-09 10:00:00,9.902611940298508,
2022-10-09 10:15:00,9.852667910447762,
2022-10-09 10:30:00,9.812723880597014,
2022-10-09 10:45:00,9.752779850746268,
2022-10-09 11:00:00,9.702835820895524,
2022-10-09 11:15:00,9.652891791044777,
2022-10-09 11:30:00,9.59294776119403,
2022-10-09 11:45:00,9.553003731343283,
2022-10-09 12:00:00,9.503059701492536,
2022-10-09 12:15:00,9.453115671641791,
2022-10-09 12:30:00,9.393171641791044,
2022-10-09 12:45:00,9.3132276119403,
2022-10-09 13:00:00,9.253283582089551,
2022-10-09 13:15:00,9.193339552238806,
2022-10-09 13:30:00,9.11339552238806,
2022-10-09 13:45:00,9.053451492537311,
2022-10-09 14:00:00,8.963507462686568,
2022-10-09 14:15:00,8.90356343283582,
2022-10-09 14:30:00,8.823619402985074,
2022-10-09 14:45:00,8.76367537313433,
2022-10-09 15:00:00,8.713731343283582,
2022-10-09 15:15:00,8.663787313432834,
2022-10-09 15:30:00,8.60384328358209,
2022-10-09 15:45:00,8.573899253731343,
2022-10-09 16:00:00,8.533955223880598,
2022-10-09 16:15:00,8.49401119402985,
2022-10-09 16:30:00,8.384067164179104,
2022-10-09 16:45:00,8.324123134328358,
2022-10-09 17:00:00,8.284179104477612,
2022-10-09 17:15:00,8.264235074626866,
2022-10-09 17:30:00,8.26429104477612,
2022-10-09 17:45:00,8.264347014925374,
2022-10-09 18:00:00,8.254402985074627,
2022-10-09 18:15:00,8.264458955223882,
2022-10-09 18:30:00,8.284514925373134,
2022-10-09 18:45:00,8.324570895522388,
2022-10-09 19:00:00,8.364626865671642,
2022-10-09 19:15:00,8.404682835820894,
2022-10-09 19:30:00,8.45473880597015,
2022-10-09 19:45:00,8.484794776119402,
2022-10-09 20:00:00,8.524850746268658,
2022-10-09 20:15:00,8.57490671641791,
2022-10-09 20:30:00,8.614962686567164,
2022-10-09 20:45:00,8.645018656716418,
2022-10-09 21:00:00,8.685074626865672,
2022-10-09 21:15:00,8.725130597014925,
2022-10-09 21:30:00,8.755186567164179,
2022-10-09 21:45:00,8.795242537313433,
2022-10-09 22:00:00,8.825298507462685,
2022-10-09 22:15:00,8.855354477611941,
2022-10-09 22:30:00,8.895410447761193,
2022-10-09 22:45:00,8.925466417910448,
2022-10-09 23:00:00,8.955522388059702,
2022-10-09 23:15:00,8.995578358208954,
2022-10-09 23:30:00,9.02563432835821,
2022-10-09 23:45:00,9.055690298507464,
2022-10-10 00:00:00,9.095746268656717,
2022-10-10 00:15:00,9.12580223880597,
2022-10-10 00:30:00,9.145858208955223,
2022-10-10 00:45:00,9.18591417910448,
2022-10-10 01:00:00,9.205970149253732,
2022-10-10 01:15:00,9.236026119402984,
2022-10-10 01:30:00,9.26608208955224,
2022-10-10 01:45:00,9.286138059701493,
2022-10-10 02:00:00,9.316194029850744,
2022-10-10 02:15:00,9.34625,
2022-10-10 02:30:00,9.376305970149254,
2022-10-10 02:45:00,9.396361940298508,
2022-10-10 03:00:00,9.41641791044776,
2022-10-10 03:15:00,9.436473880597015,
2022-10-10 03:30:00,9.45652985074627,
2022-10-10 03:45:00,9.476585820895522,
2022-10-10 04:00:00,9.506641791044776,
2022-10-10 04:15:00,9.516697761194033,
2022-10-10 04:30:00,9.546753731343284,
2022-10-10 04:45:00,9.566809701492538,
2022-10-10 05:00:00,9.58686567164179,
2022-10-10 05:15:00,9.596921641791043,
2022-10-10 05:30:00,9.6269776119403,
2022-10-10 05:45:00,9.647033582089552,
2022-10-10 06:00:00,9.657089552238803,
2022-10-10 06:15:00,9.67714552238806,
2022-10-10 06:30:00,9.697201492537314,
2022-10-10 06:45:00,9.727257462686566,
2022-10-10 07:00:00,9.777313432835822,
2022-10-10 07:15:00,9.817369402985074,
2022-10-10 07:30:00,9.85742537313433,
2022-10-10 07:45:00,9.887481343283582,
2022-10-10 08:00:00,9.927537313432834,
2022-10-10 08:15:00,9.97759328358209,
2022-10-10 08:30:00,10.017649253731344,
2022-10-10 08:45:00,10.047705223880596,
2022-10-10 09:00:00,10.06776119402985,
2022-10-10 09:15:00,10.077817164179104,
2022-10-10 09:30:00,10.06787313432836,
2022-10-10 09:45:00,10.047929104477612,
2022-10-10 10:00:00,10.017985074626866,
2022-10-10 10:15:00,9.96804104477612,
2022-10-10 10:30:00,9.918097014925372,
2022-10-10 10:45:00,9.858152985074629,
2022-10-10 11:00:00,9.80820895522388,
2022-10-10 11:15:00,9.738264925373134,
2022-10-10 11:30:00,9.678320895522388,
2022-10-10 11:45:00,9.628376865671642,
2022-10-10 12:00:00,9.558432835820897,
2022-10-10 12:15:00,9.48848880597015,
2022-10-10 12:30:00,9.418544776119402,
2022-10-10 12:45:00,9.358600746268657,
2022-10-10 13:00:00,9.298656716417913,
2022-10-10 13:15:00,9.228712686567164,
2022-10-10 13:30:00,9.178768656716418,
2022-10-10 13:45:00,9.118824626865672,
2022-10-10 14:00:00,9.048880597014923,
2022-10-10 14:15:00,8.99893656716418,
2022-10-10 14:30:00,8.938992537313434,
2022-10-10 14:45:00,8.889048507462686,
2022-10-10 15:00:00,8.83910447761194,
2022-10-10 15:15:00,8.809160447761194,
2022-10-10 15:30:00,8.749216417910448,
2022-10-10 15:45:00,8.719272388059702,
2022-10-10 16:00:00,8.679328358208954,
2022-10-10 16:15:00,8.61938432835821,
2022-10-10 16:30:00,8.579440298507462,
2022-10-10 16:45:00,8.519496268656717,
2022-10-10 17:00:00,8.449552238805971,
2022-10-10 17:15:00,8.389608208955224,
2022-10-10 17:30:00,8.369664179104477,
2022-10-10 17:45:00,8.34972014925373,
2022-10-10 18:00:00,8.329776119402984,
2022-10-10 18:15:00,8.31983208955224,
2022-10-10 18:30:00,8.329888059701492,
2022-10-10 18:45:00,8.359944029850746,
2022-10-10 19:00:00,8.4,
2022-10-10 19:15:00,8.430055970149253,
2022-10-10 19:30:00,8.460111940298507,
2022-10-10 19:45:00,8.500167910447761,
2022-10-10 20:00:00,8.540223880597015,
2022-10-10 20:15:00,8.57027985074627,
2022-10-10 20:30:00,8.620335820895523,
2022-10-10 20:45:00,8.650391791044775,
2022-10-10 21:00:00,8.690447761194031,
2022-10-10 21:15:00,8.730503731343283,
2022-10-10 21:30:00,8.770559701492537,
2022-10-10 21:45:00,8.800615671641792,
2022-10-10 22:00:00,8.830671641791044,
2022-10-10 22:15:00,8.8707276119403,
2022-10-10 22:30:00,8.890783582089552,
2022-10-10 22:45:00,8.940839552238806,
2022-10-10 23:00:00,8.96089552238806,
2022-10-10 23:15:00,9.000951492537313,
2022-10-10 23:30:00,9.041007462686569,
2022-10-10 23:45:00,9.06106343283582,
2022-10-11 00:00:00,9.091119402985074,
2022-10-11 00:15:00,9.13117537313433,
2022-10-11 00:30:00,9.161231343283582,
2022-10-11 00:45:00,9.191287313432836,
2022-10-11 01:00:00,9.21134328358209,
2022-10-11 01:15:00,9.231399253731343,
2022-10-11 01:30:00,9.261455223880596,
2022-10-11 01:45:00,9.281511194029852,
2022-10-11 02:00:00,9.311567164179104,
2022-10-11 02:15:00,9.341623134328358,
2022-10-11 02:30:00,9.351679104477611,
2022-10-11 02:45:00,9.371735074626866,
2022-10-11 03:00:00,9.40179104477612,
2022-10-11 03:15:00,9.421847014925373,
2022-10-11 03:30:00,9.421902985074626,
2022-10-11 03:45:00,9.441958955223882,
2022-10-11 04:00:00,9.462014925373134,
2022-10-11 04:15:00,9.482070895522387,
2022-10-11 04:30:00,9.492126865671642,
2022-10-11 04:45:00,9.512182835820894,
2022-10-11 05:00:00,9.51223880597015,
2022-10-11 05:15:00,9.532294776119404,
2022-10-11 05:30:00,9.542350746268657,
2022-10-11 05:45:00,9.562406716417913,
2022-10-11 06:00:00,9.582462686567164,
2022-10-11 06:15:00,9.602518656716416,
2022-10-11 06:30:00,9.612574626865673,
2022-10-11 06:45:00,9.642630597014923,
2022-10-11 07:00:00,9.68268656716418,
2022-10-11 07:15:00,9.762742537313432,
2022-10-11 07:30:00,9.832798507462686,
2022-10-11 07:45:00,9.87285447761194,
2022-10-11 08:00:00,9.922910447761192,
2022-10-11 08:15:00,9.972966417910447,
2022-10-11 08:30:00,10.0130223880597,
2022-10-11 08:45:00,10.043078358208955,
2022-10-11 09:00:00,10.04313432835821,
2022-10-11 09:15:00,10.033190298507463,
2022-10-11 09:30:00,10.013246268656715,
2022-10-11 09:45:00,10.00330223880597,
2022-10-11 10:00:00,9.963358208955224,
2022-10-11 10:15:00,9.933414179104476,
2022-10-11 10:30:00,9.893470149253732,
2022-10-11 10:45:00,9.823526119402985,
2022-10-11 11:00:00,9.75358208955224,
2022-10-11 11:15:00,9.743638059701492,
2022-10-11 11:30:00,9.683694029850743,
2022-10-11 11:45:00,9.67375,
2022-10-11 12:00:00,9.643805970149254,
2022-10-11 12:15:00,9.543861940298507,
2022-10-11 12:30:00,9.473917910447762,
2022-10-11 12:45:00,9.463973880597017,
2022-10-11 13:00:00,9.424029850746267,
2022-10-11 13:15:00,9.384085820895525,
2022-10-11 13:30:00,9.304141791044776,
2022-10-11 13:45:00,9.274197761194031,
2022-10-11 14:00:00,9.244253731343283,
2022-10-11 14:15:00,9.214309701492535,
2022-10-11 14:30:00,9.18436567164179,
2022-10-11 14:45:00,9.144421641791045,
2022-10-11 15:00:00,9.104477611940297,
2022-10-11 15:15:00,9.064533582089553,
2022-10-11 15:30:00,9.024589552238806,
2022-10-11 15:45:00,8.99464552238806,
2022-10-11 16:00:00,8.954701492537314,
2022-10-11 16:15:00,8.914757462686566,
2022-10-11 16:30:00,8.874813432835822,
2022-10-11 16:45:00,8.834869402985074,
2022-10-11 17:00:00,8.754925373134327,
2022-10-11 17:15:00,8.724981343283583,
2022-10-11 17:30:00,8.695037313432836,
2022-10-11 17:45:00,8.65509328358209,
2022-10-11 18:00:00,8.615149253731344,
2022-10-11 18:15:00,8.595205223880596,
2022-10-11 18:30:00,8.615261194029852,
2022-10-11 18:45:00,8.625317164179105,
2022-10-11 19:00:00,8.655373134328357,
2022-10-11 19:15:00,8.685429104477612,
2022-10-11 19:30:00,8.715485074626866,
2022-10-11 19:45:00,8.74554104477612,
2022-10-11 20:00:00,8.775597014925374,
2022-10-11 20:15:00,8.805652985074627,
2022-10-11 20:30:00,8.83570895522388,
2022-10-11 20:45:00,8.875764925373135,
2022-10-11 21:00:00,8.905820895522387,
2022-10-11 21:15:00,8.945876865671643,
2022-10-11 21:30:00,8.965932835820896,
2022-10-11 21:45:00,9.00598880597015,
2022-10-11 22:00:00,9.036044776119404,
2022-10-11 22:15:00,9.066100746268656,
2022-10-11 22:30:00,9.09615671641791,
2022-10-11 22:45:00,9.126212686567165,
2022-10-11 23:00:00,9.166268656716417,
2022-10-11 23:15:00,9.186324626865671,
2022-10-11 23:30:00,9.216380597014926,
2022-10-11 23:45:00,9.246436567164178,
2022-10-12 00:00:00,9.266492537313432,
2022-10-12 00:15:00,9.296548507462688,
2022-10-12 00:30:00,9.32660447761194,
2022-10-12 00:45:00,9.346660447761192,
2022-10-12 01:00:00,9.366716417910448,
2022-10-12 01:15:00,9.396772388059702,
2022-10-12 01:30:00,9.416828358208956,
2022-10-12 01:45:00,9.446884328358207,
2022-10-12 02:00:00,9.466940298507463,
2022-10-12 02:15:00,9.486996268656716,
2022-10-12 02:30:00,9.50705223880597,
2022-10-12 02:45:00,9.537108208955225,
2022-10-12 03:00:00,9.557164179104475,
2022-10-12 03:15:00,9.577220149253732,
2022-10-12 03:30:00,9.607276119402984,
2022-10-12 03:45:00,9.62733208955224,
2022-10-12 04:00:00,9.637388059701491,
2022-10-12 04:15:00,9.667444029850746,
2022-10-12 04:30:00,9.6875,
2022-10-12 04:45:00,9.717555970149254,
2022-10-12 05:00:00,9.727611940298509,
2022-10-12 05:15:00,9.75766791044776,
2022-10-12 05:30:00,9.777723880597016,
2022-10-12 05:45:00,9.797779850746268,
2022-10-12 06:00:00,9.817835820895525,
2022-10-12 06:15:00,9.847891791044775,
2022-10-12 06:30:00,9.867947761194031,
2022-10-12 06:45:00,9.898003731343284,
2022-10-12 07:00:00,9.938059701492536,
2022-10-12 07:15:00,9.988115671641792,
2022-10-12 07:30:00,10.018171641791044,
2022-10-12 07:45:00,10.058227611940298,
2022-10-12 08:00:00,10.088283582089552,
2022-10-12 08:15:00,10.138339552238806,
2022-10-12 08:30:00,10.17839552238806,
2022-10-12 08:45:00,10.208451492537314,
2022-10-12 09:00:00,10.228507462686569,
2022-10-12 09:15:00,10.228563432835822,
2022-10-12 09:30:00,10.228619402985077,
2022-10-12 09:45:00,10.198675373134328,
2022-10-12 10:00:00,10.158731343283582,
2022-10-12 10:15:00,10.118787313432836,
2022-10-12 10:30:00,10.058843283582087,
2022-10-12 10:45:00,9.998899253731343,
2022-10-12 11:00:00,9.938955223880596,
2022-10-12 11:15:00,9.869011194029852,
2022-10-12 11:30:00,9.799067164179103,
2022-10-12 11:45:00,9.729123134328358,
2022-10-12 12:00:00,9.659179104477612,
2022-10-12 12:15:00,9.589235074626863,
2022-10-12 12:30:00,9.519291044776118,
2022-10-12 12:45:00,9.459347014925374,
2022-10-12 13:00:00,9.389402985074629,
2022-10-12 13:15:00,9.32945895522388,
2022-10-12 13:30:00,9.269514925373134,
2022-10-12 13:45:00,9.209570895522388,
2022-10-12 14:00:00,9.149626865671642,
2022-10-12 14:15:00,9.099682835820897,
2022-10-12 14:30:00,9.049738805970147,
2022-10-12 14:45:00,9.009794776119405,
2022-10-12 15:00:00,8.969850746268657,
2022-10-12 15:15:00,8.91990671641791,
2022-10-12 15:30:00,8.869962686567165,
2022-10-12 15:45:00,8.840018656716417,
2022-10-12 16:00:00,8.800074626865673,
2022-10-12 16:15:00,8.750130597014925,
2022-10-12 16:30:00,8.710186567164179,
2022-10-12 16:45:00,8.660242537313433,
2022-10-12 17:00:00,8.580298507462686,
2022-10-12 17:15:00,8.530354477611942,
2022-10-12 17:30:00,8.530410447761195,
2022-10-12 17:45:00,8.520466417910447,
2022-10-12 18:00:00,8.510522388059702,
2022-10-12 18:15:00,8.510578358208955,
2022-10-12 18:30:00,8.53063432835821,
2022-10-12 18:45:00,8.570690298507463,
2022-10-12 19:00:00,8.590746268656716,
2022-10-12 19:15:00,8.640802238805971,
2022-10-12 19:30:00,8.680858208955224,
2022-10-12 19:45:00,8.700914179104478,
2022-10-12 20:00:00,8.740970149253732,
2022-10-12 20:15:00,8.781026119402986,
2022-10-12 20:30:00,8.821082089552238,
2022-10-12 20:45:00,8.861138059701492,
2022-10-12 21:00:00,8.901194029850746,
2022-10-12 21:15:00,8.931249999999999,
2022-10-12 21:30:00,8.971305970149254,
2022-10-12 21:45:00,9.001361940298507,
2022-10-12 22:00:00,9.031417910447765,
2022-10-12 22:15:00,9.071473880597017,
2022-10-12 22:30:00,9.101529850746267,
2022-10-12 22:45:00,9.131585820895523,
2022-10-12 23:00:00,9.171641791044776,
2022-10-12 23:15:00,9.20169776119403,
2022-10-12 23:30:00,9.241753731343284,
2022-10-12 23:45:00,9.261809701492536,
2022-10-13 00:00:00,9.291865671641792,
2022-10-13 00:15:00,9.331921641791045,
2022-10-13 00:30:00,9.361977611940295,
2022-10-13 00:45:00,9.382033582089552,
2022-10-13 01:00:00,9.422089552238806,
2022-10-13 01:15:00,9.442145522388058,
2022-10-13 01:30:00,9.472201492537314,
2022-10-13 01:45:00,9.492257462686569,
2022-10-13 02:00:00,9.52231343283582,
2022-10-13 02:15:00,9.552369402985075,
2022-10-13 02:30:00,9.572425373134328,
2022-10-13 02:45:00,9.592481343283582,
2022-10-13 03:00:00,9.622537313432836,
2022-10-13 03:15:00,9.64259328358209,
2022-10-13 03:30:00,9.662649253731344,
2022-10-13 03:45:00,9.682705223880596,
2022-10-13 04:00:00,9.702761194029852,
2022-10-13 04:15:00,9.732817164179105,
2022-10-13 04:30:00,9.762873134328355,
2022-10-13 04:45:00,9.772929104477612,
2022-10-13 05:00:00,9.802985074626866,
2022-10-13 05:15:00,9.82304104477612,
2022-10-13 05:30:00,9.843097014925371,
2022-10-13 05:45:00,9.873152985074627,
2022-10-13 06:00:00,9.88320895522388,
2022-10-13 06:15:00,9.913264925373134,
2022-10-13 06:30:00,9.933320895522389,
2022-10-13 06:45:00,9.963376865671645,
2022-10-13 07:00:00,10.003432835820895,
2022-10-13 07:15:00,10.04348880597015,
2022-10-13 07:30:00,10.083544776119403,
2022-10-13 07:45:00,10.123600746268655,
2022-10-13 08:00:00,10.15365671641791,
2022-10-13 08:15:00,10.213712686567163,
2022-10-13 08:30:00,10.253768656716415,
2022-10-13 08:45:00,10.273824626865672,
2022-10-13 09:00:00,10.303880597014926,
2022-10-13 09:15:00,10.30393656716418,
2022-10-13 09:30:00,10.293992537313434,
2022-10-13 09:45:00,10.254048507462686,
2022-10-13 10:00:00,10.22410447761194,
2022-10-13 10:15:00,10.184160447761194,
2022-10-13 10:30:00,10.124216417910448,
2022-10-13 10:45:00,10.054272388059704,
2022-10-13 11:00:00,9.994328358208955,
2022-10-13 11:15:00,9.924384328358208,
2022-10-13 11:30:00,9.854440298507464,
2022-10-13 11:45:00,9.774496268656716,
2022-10-13 12:00:00,9.70455223880597,
2022-10-13 12:15:00,9.624608208955223,
2022-10-13 12:30:00,9.554664179104478,
2022-10-13 12:45:00,9.484720149253732,
2022-10-13 13:00:00,9.414776119402983,
2022-10-13 13:15:00,9.354832089552238,
2022-10-13 13:30:00,9.284888059701494,
2022-10-13 13:45:00,9.224944029850748,
2022-10-13 14:00:00,9.165,
2022-10-13 14:15:00,9.105055970149252,
2022-10-13 14:30:00,9.045111940298508,
2022-10-13 14:45:00,8.995167910447762,
2022-10-13 15:00:00,8.955223880597016,
2022-10-13 15:15:00,8.905279850746268,
2022-10-13 15:30:00,8.865335820895522,
2022-10-13 15:45:00,8.825391791044776,
2022-10-13 16:00:00,8.78544776119403,
2022-10-13 16:15:00,8.755503731343284,
2022-10-13 16:30:00,8.715559701492538,
2022-10-13 16:45:00,8.65561567164179,
2022-10-13 17:00:00,8.585671641791045,
2022-10-13 17:15:00,8.555727611940299,
2022-10-13 17:30:00,8.545783582089554,
2022-10-13 17:45:00,8.545839552238807,
2022-10-13 18:00:00,8.54589552238806,
2022-10-13 18:15:00,8.535951492537315,
2022-10-13 18:30:00,8.566007462686567,
2022-10-13 18:45:00,8.59606343283582,
2022-10-13 19:00:00,8.626119402985076,
2022-10-13 19:15:00,8.666175373134328,
2022-10-13 19:30:00,8.716231343283583,
2022-10-13 19:45:00,8.766287313432835,
2022-10-13 20:00:00,8.79634328358209,
2022-10-13 20:15:00,8.846399253731343,
2022-10-13 20:30:00,8.876455223880598,
2022-10-13 20:45:00,8.91651119402985,
2022-10-13 21:00:00,8.956567164179106,
2022-10-13 21:15:00,8.996623134328358,
2022-10-13 21:30:00,9.016679104477612,
2022-10-13 21:45:00,9.066735074626866,
2022-10-13 22:00:00,9.106791044776118,
2022-10-13 22:15:00,9.146847014925374,
2022-10-13 22:30:00,9.186902985074626,
2022-10-13 22:45:00,9.22695895522388,
2022-10-13 23:00:00,9.257014925373134,
2022-10-13 23:15:00,9.297070895522388,
2022-10-13 23:30:00,9.337126865671642,
2022-10-13 23:45:00,9.367182835820897,
2022-10-14 00:00:00,9.397238805970147,
2022-10-14 00:15:00,9.437294776119405,
2022-10-14 00:30:00,9.457350746268656,
2022-10-14 00:45:00,9.49740671641791,
2022-10-14 01:00:00,9.527462686567164,
2022-10-14 01:15:00,9.567518656716418,
2022-10-14 01:30:00,9.597574626865672,
2022-10-14 01:45:00,9.627630597014926,
2022-10-14 02:00:00,9.65768656716418,
2022-10-14 02:15:00,9.677742537313431,
2022-10-14 02:30:00,9.707798507462687,
2022-10-14 02:45:00,9.74785447761194,
2022-10-14 03:00:00,9.767910447761194,
2022-10-14 03:15:00,9.797966417910448,
2022-10-14 03:30:00,9.8280223880597,
2022-10-14 03:45:00,9.848078358208957,
2022-10-14 04:00:00,9.87813432835821,
2022-10-14 04:15:00,9.898190298507464,
2022-10-14 04:30:00,9.928246268656716,
2022-10-14 04:45:00,9.938302238805967,
2022-10-14 05:00:00,9.958358208955223,
2022-10-14 05:15:00,9.978414179104478,
2022-10-14 05:30:00,10.01847014925373,
2022-10-14 05:45:00,10.028526119402985,
2022-10-14 06:00:00,10.05858208955224,
2022-10-14 06:15:00,10.078638059701492,
2022-10-14 06:30:00,10.088694029850746,
2022-10-14 06:45:00,10.11875,
2022-10-14 07:00:00,10.168805970149254,
2022-10-14 07:15:00,10.208861940298508,
2022-10-14 07:30:00,10.24891791044776,
2022-10-14 07:45:00,10.278973880597016,
2022-10-14 08:00:00,10.309029850746269,
2022-10-14 08:15:00,10.359085820895524,
2022-10-14 08:30:00,10.389141791044777,
2022-10-14 08:45:00,10.429197761194027,
2022-10-14 09:00:00,10.439253731343284,
2022-10-14 09:15:00,10.449309701492536,
2022-10-14 09:30:00,10.42936567164179,
2022-10-14 09:45:00,10.399421641791044,
2022-10-14 10:00:00,10.359477611940298,
2022-10-14 10:15:00,10.309533582089554,
2022-10-14 10:30:00,10.249589552238806,
2022-10-14 10:45:00,10.17964552238806,
2022-10-14 11:00:00,10.099701492537314,
2022-10-14 11:15:00,10.019757462686568,
2022-10-14 11:30:00,9.94981343283582,
2022-10-14 11:45:00,9.879869402985076,
2022-10-14 12:00:00,9.799925373134329,
2022-10-14 12:15:00,9.719981343283582,
2022-10-14 12:30:00,9.640037313432837,
2022-10-14 12:45:00,9.57009328358209,
2022-10-14 13:00:00,9.490149253731344,
2022-10-14 13:15:00,9.410205223880595,
2022-10-14 13:30:00,9.35026119402985,
2022-10-14 13:45:00,9.280317164179104,
2022-10-14 14:00:00,9.22037313432836,
2022-10-14 14:15:00,9.160429104477611,
2022-10-14 14:30:00,9.100485074626866,
2022-10-14 14:45:00,9.04054104477612,
2022-10-14 15:00:00,8.990597014925374,
2022-10-14 15:15:00,8.940652985074626,
2022-10-14 15:30:00,8.89070895522388,
2022-10-14 15:45:00,8.850764925373134,
2022-10-14 16:00:00,8.810820895522388,
2022-10-14 16:15:00,8.78087686567164,
2022-10-14 16:30:00,8.730932835820896,
2022-10-14 16:45:00,8.690988805970148,
2022-10-14 17:00:00,8.621044776119403,
2022-10-14 17:15:00,8.591100746268657,
2022-10-14 17:30:00,8.58115671641791,
2022-10-14 17:45:00,8.581212686567165,
2022-10-14 18:00:00,8.581268656716418,
2022-10-14 18:15:00,8.59132462686567,
2022-10-14 18:30:00,8.611380597014925,
2022-10-14 18:45:00,8.651436567164179,
2022-10-14 19:00:00,8.681492537313433,
2022-10-14 19:15:00,8.721548507462687,
2022-10-14 19:30:00,8.76160447761194,
2022-10-14 19:45:00,8.791660447761195,
2022-10-14 20:00:00,8.831716417910448,
2022-10-14 20:15:00,8.881772388059701,
2022-10-14 20:30:00,8.911828358208956,
2022-10-14 20:45:00,8.951884328358208,
2022-10-14 21:00:00,8.991940298507464,
2022-10-14 21:15:00,9.021996268656716,
2022-10-14 21:30:00,9.06205223880597,
2022-10-14 21:45:00,9.102108208955224,
2022-10-14 22:00:00,9.142164179104478,
2022-10-14 22:15:00,9.18222014925373,
2022-10-14 22:30:00,9.222276119402986,
2022-10-14 22:45:00,9.25233208955224,
2022-10-14 23:00:00,9.282388059701493,
2022-10-14 23:15:00,9.322444029850748,
2022-10-14 23:30:00,9.3525,
2022-10-14 23:45:00,9.392555970149257,
2022-10-15 00:00:00,9.422611940298507,
2022-10-15 00:15:00,9.46266791044776,
2022-10-15 00:30:00,9.482723880597016,
2022-10-15 00:45:00,9.512779850746268,
2022-10-15 01:00:00,9.542835820895522,
2022-10-15 01:15:00,9.572891791044777,
2022-10-15 01:30:00,9.59294776119403,
2022-10-15 01:45:00,9.623003731343283,
2022-10-15 02:00:00,9.643059701492538,
2022-10-15 02:15:00,9.68311567164179,
2022-10-15 02:30:00,9.713171641791046,
2022-10-15 02:45:00,9.7432276119403,
2022-10-15 03:00:00,9.763283582089551,
2022-10-15 03:15:00,9.793339552238807,
2022-10-15 03:30:00,9.81339552238806,
2022-10-15 03:45:00,9.833451492537314,
2022-10-15 04:00:00,9.853507462686569,
2022-10-15 04:15:00,9.88356343283582,
2022-10-15 04:30:00,9.913619402985075,
2022-10-15 04:45:00,9.923675373134328,
2022-10-15 05:00:00,9.94373134328358,
2022-10-15 05:15:00,9.973787313432837,
2022-10-15 05:30:00,9.98384328358209,
2022-10-15 05:45:00,10.003899253731344,
2022-10-15 06:00:00,10.023955223880597,
2022-10-15 06:15:00,10.03401119402985,
2022-10-15 06:30:00,10.054067164179106,
2022-10-15 06:45:00,10.084123134328358,
2022-10-15 07:00:00,10.12417910447761,
2022-10-15 07:15:00,10.184235074626866,
2022-10-15 07:30:00,10.23429104477612,
2022-10-15 07:45:00,10.304347014925376,
2022-10-15 08:00:00,10.344402985074629,
2022-10-15 08:15:00,10.39445895522388,
2022-10-15 08:30:00,10.404514925373135,
2022-10-15 08:45:00,10.414570895522388,
2022-10-15 09:00:00,10.40462686567164,
2022-10-15 09:15:00,10.384682835820897,
2022-10-15 09:30:00,10.344738805970149,
2022-10-15 09:45:00,10.324794776119402,
2022-10-15 10:00:00,10.264850746268657,
2022-10-15 10:15:00,10.22490671641791,
2022-10-15 10:30:00,10.164962686567163,
2022-10-15 10:45:00,10.105018656716418,
2022-10-15 11:00:00,10.03507462686567,
2022-10-15 11:15:00,9.965130597014928,
2022-10-15 11:30:00,9.91518656716418,
2022-10-15 11:45:00,9.845242537313432,
2022-10-15 12:00:00,9.765298507462688,
2022-10-15 12:15:00,9.68535447761194,
2022-10-15 12:30:00,9.605410447761194,
2022-10-15 12:45:00,9.565466417910448,
2022-10-15 13:00:00,9.4355223880597,
2022-10-15 13:15:00,9.345578358208956,
2022-10-15 13:30:00,9.345634328358209,
2022-10-15 13:45:00,9.305690298507464,
2022-10-15 14:00:00,9.235746268656715,
2022-10-15 14:15:00,9.22580223880597,
2022-10-15 14:30:00,9.185858208955224,
2022-10-15 14:45:00,9.135914179104478,
2022-10-15 15:00:00,9.075970149253733,
2022-10-15 15:15:00,9.016026119402984,
2022-10-15 15:30:00,8.926082089552239,
2022-10-15 15:45:00,8.916138059701492,
2022-10-15 16:00:00,8.876194029850746,
2022-10-15 16:15:00,8.82625,
2022-10-15 16:30:00,8.776305970149254,
2022-10-15 16:45:00,8.716361940298508,
2022-10-15 17:00:00,8.646417910447761,
2022-10-15 17:15:00,8.606473880597015,
2022-10-15 17:30:00,8.586529850746269,
2022-10-15 17:45:00,8.586585820895522,
2022-10-15 18:00:00,8.586641791044777,
2022-10-15 18:15:00,8.57669776119403,
2022-10-15 18:30:00,8.606753731343282,
2022-10-15 18:45:00,8.636809701492538,
2022-10-15 19:00:00,8.67686567164179,
2022-10-15 19:15:00,8.716921641791046,
2022-10-15 19:30:00,8.746977611940299,
2022-10-15 19:45:00,8.78703358208955,
2022-10-15 20:00:00,8.827089552238807,
2022-10-15 20:15:00,8.867145522388059,
2022-10-15 20:30:00,8.887201492537313,
2022-10-15 20:45:00,8.927257462686567,
2022-10-15 21:00:00,8.95731343283582,
2022-10-15 21:15:00,8.977369402985076,
2022-10-15 21:30:00,9.017425373134328,
2022-10-15 21:45:00,9.03748134328358,
2022-10-15 22:00:00,9.057537313432835,
2022-10-15 22:15:00,9.09759328358209,
2022-10-15 22:30:00,9.117649253731342,
2022-10-15 22:45:00,9.137705223880598,
2022-10-15 23:00:00,9.16776119402985,
2022-10-15 23:15:00,9.197817164179105,
2022-10-15 23:30:00,9.21787313432836,
2022-10-15 23:45:00,9.247929104477612,
2022-10-16 00:00:00,9.257985074626866,
2022-10-16 00:15:00,9.28804104477612,
2022-10-16 00:30:00,9.308097014925371,
2022-10-16 00:45:00,9.338152985074627,
2022-10-16 01:00:00,9.36820895522388,
2022-10-16 01:15:00,9.388264925373136,
2022-10-16 01:30:00,9.418320895522388,
2022-10-16 01:45:00,9.43837686567164,
2022-10-16 02:00:00,9.458432835820895,
2022-10-16 02:15:00,9.47848880597015,
2022-10-16 02:30:00,9.498544776119402,
2022-10-16 02:45:00,9.518600746268657,
2022-10-16 03:00:00,9.52865671641791,
2022-10-16 03:15:00,9.548712686567166,
2022-10-16 03:30:00,9.56876865671642,
2022-10-16 03:45:00,9.578824626865671,
2022-10-16 04:00:00,9.598880597014926,
2022-10-16 04:15:00,9.618936567164178,
2022-10-16 04:30:00,9.648992537313433,
2022-10-16 04:45:00,9.669048507462689,
2022-10-16 05:00:00,9.68910447761194,
2022-10-16 05:15:00,9.709160447761192,
2022-10-16 05:30:00,9.749216417910448,
2022-10-16 05:45:00,9.7692723880597,
2022-10-16 06:00:00,9.799328358208957,
2022-10-16 06:15:00,9.81938432835821,
2022-10-16 06:30:00,9.849440298507462,
2022-10-16 06:45:00,9.869496268656716,
2022-10-16 07:00:00,9.91955223880597,
2022-10-16 07:15:00,9.959608208955222,
2022-10-16 07:30:00,9.999664179104478,
2022-10-16 07:45:00,10.02972014925373,
2022-10-16 08:00:00,10.069776119402986,
2022-10-16 08:15:00,10.109832089552238,
2022-10-16 08:30:00,10.149888059701492,
2022-10-16 08:45:00,10.189944029850746,
2022-10-16 09:00:00,10.22,
2022-10-16 09:15:00,10.240055970149252,
2022-10-16 09:30:00,10.230111940298508,
2022-10-16 09:45:00,10.21016791044776,
2022-10-16 10:00:00,10.190223880597015,
2022-10-16 10:15:00,10.160279850746267,
2022-10-16 10:30:00,10.11033582089552,
2022-10-16 10:45:00,10.070391791044775,
2022-10-16 11:00:00,10.01044776119403,
2022-10-16 11:15:00,9.960503731343282,
2022-10-16 11:30:00,9.900559701492538,
2022-10-16 11:45:00,9.830615671641793,
2022-10-16 12:00:00,9.770671641791044,
2022-10-16 12:15:00,9.710727611940298,
2022-10-16 12:30:00,9.650783582089552,
2022-10-16 12:45:00,9.590839552238808,
2022-10-16 13:00:00,9.52089552238806,
2022-10-16 13:15:00,9.450951492537312,
2022-10-16 13:30:00,9.401007462686568,
2022-10-16 13:45:00,9.34106343283582,
2022-10-16 14:00:00,9.281119402985077,
2022-10-16 14:15:00,9.22117537313433,
2022-10-16 14:30:00,9.18123134328358,
2022-10-16 14:45:00,9.131287313432836,
2022-10-16 15:00:00,9.08134328358209,
2022-10-16 15:15:00,9.051399253731343,
2022-10-16 15:30:00,9.011455223880596,
2022-10-16 15:45:00,8.981511194029851,
2022-10-16 16:00:00,8.951567164179103,
2022-10-16 16:15:00,8.921623134328359,
2022-10-16 16:30:00,8.87167910447761,
2022-10-16 16:45:00,8.831735074626867,
2022-10-16 17:00:00,8.76179104477612,
2022-10-16 17:15:00,8.731847014925373,
2022-10-16 17:30:00,8.711902985074627,
2022-10-16 17:45:00,8.71195895522388,
2022-10-16 18:00:00,8.722014925373134,
2022-10-16 18:15:00,8.72207089552239,
2022-10-16 18:30:00,8.752126865671642,
2022-10-16 18:45:00,8.792182835820896,
2022-10-16 19:00:00,8.83223880597015,
2022-10-16 19:15:00,8.862294776119402,
2022-10-16 19:30:00,8.902350746268658,
2022-10-16 19:45:00,8.95240671641791,
2022-10-16 20:00:00,8.982462686567164,
2022-10-16 20:15:00,9.022518656716418,
2022-10-16 20:30:00,9.062574626865672,
2022-10-16 20:45:00,9.102630597014926,
2022-10-16 21:00:00,9.132686567164178,
2022-10-16 21:15:00,9.162742537313433,
2022-10-16 21:30:00,9.202798507462688,
2022-10-16 21:45:00,9.23285447761194,
2022-10-16 22:00:00,9.272910447761191,
2022-10-16 22:15:00,9.302966417910447,
2022-10-16 22:30:00,9.3330223880597,
2022-10-16 22:45:00,9.363078358208956,
2022-10-16 23:00:00,9.40313432835821,
2022-10-16 23:15:00,9.433190298507462,
2022-10-16 23:30:00,9.463246268656716,
2022-10-16 23:45:00,9.49330223880597,
2022-10-17 00:00:00,9.533358208955224,
2022-10-17 00:15:00,9.56341417910448,
2022-10-17 00:30:00,9.583470149253731,
2022-10-17 00:45:00,9.613526119402986,
2022-10-17 01:00:00,9.64358208955224,
2022-10-17 01:15:00,9.663638059701492,
2022-10-17 01:30:00,9.703694029850746,
2022-10-17 01:45:00,9.72375,
2022-10-17 02:00:00,9.743805970149252,
2022-10-17 02:15:00,9.773861940298508,
2022-10-17 02:30:00,9.79391791044776,
2022-10-17 02:45:00,9.813973880597016,
2022-10-17 03:00:00,9.83402985074627,
2022-10-17 03:15:00,9.854085820895522,
2022-10-17 03:30:00,9.874141791044776,
2022-10-17 03:45:00,9.89419776119403,
2022-10-17 04:00:00,9.914253731343283,
2022-10-17 04:15:00,9.934309701492538,
2022-10-17 04:30:00,9.95436567164179,
2022-10-17 04:45:00,9.974421641791045,
2022-10-17 05:00:00,9.9944776119403,
2022-10-17 05:15:00,10.004533582089552,
2022-10-17 05:30:00,10.024589552238806,
2022-10-17 05:45:00,10.04464552238806,
2022-10-17 06:00:00,10.054701492537314,
2022-10-17 06:15:00,10.064757462686568,
2022-10-17 06:30:00,10.08481343283582,
2022-10-17 06:45:00,10.104869402985074,
2022-10-17 07:00:00,10.134925373134328,
2022-10-17 07:15:00,10.164981343283582,
2022-10-17 07:30:00,10.205037313432836,
2022-10-17 07:45:00,10.23509328358209,
2022-10-17 08:00:00,10.255149253731345,
2022-10-17 08:15:00,10.295205223880595,
2022-10-17 08:30:00,10.33526119402985,
2022-10-17 08:45:00,10.355317164179104,
2022-10-17 09:00:00,10.385373134328358,
2022-10-17 09:15:00,10.38542910447761,
2022-10-17 09:30:00,10.375485074626866,
2022-10-17 09:45:00,10.34554104477612,
2022-10-17 10:00:00,10.305597014925374,
2022-10-17 10:15:00,10.265652985074627,
2022-10-17 10:30:00,10.20570895522388,
2022-10-17 10:45:00,10.145764925373134,
2022-10-17 11:00:00,10.075820895522387,
2022-10-17 11:15:00,10.005876865671642,
2022-10-17 11:30:00,9.935932835820896,
2022-10-17 11:45:00,9.85598880597015,
2022-10-17 12:00:00,9.786044776119402,
2022-10-17 12:15:00,9.706100746268657,
2022-10-17 12:30:00,9.646156716417911,
2022-10-17 12:45:00,9.566212686567164,
2022-10-17 13:00:00,9.49626865671642,
2022-10-17 13:15:00,9.426324626865672,
2022-10-17 13:30:00,9.346380597014925,
2022-10-17 13:45:00,9.28643656716418,
2022-10-17 14:00:00,9.226492537313431,
2022-10-17 14:15:00,9.166548507462688,
2022-10-17 14:30:00,9.09660447761194,
2022-10-17 14:45:00,9.046660447761193,
2022-10-17 15:00:00,8.996716417910449,
2022-10-17 15:15:00,8.9567723880597,
2022-10-17 15:30:00,8.916828358208955,
2022-10-17 15:45:00,8.886884328358208,
2022-10-17 16:00:00,8.846940298507462,
2022-10-17 16:15:00,8.796996268656716,
2022-10-17 16:30:00,8.74705223880597,
2022-10-17 16:45:00,8.697108208955223,
2022-10-17 17:00:00,8.637164179104477,
2022-10-17 17:15:00,8.607220149253731,
2022-10-17 17:30:00,8.597276119402984,
2022-10-17 17:45:00,8.58733208955224,
2022-10-17 18:00:00,8.587388059701492,
2022-10-17 18:15:00,8.607444029850747,
2022-10-17 18:30:00,8.6375,
2022-10-17 18:45:00,8.657555970149254,
2022-10-17 19:00:00,8.687611940298508,
2022-10-17 19:15:00,8.727667910447762,
2022-10-17 19:30:00,8.767723880597014,
2022-10-17 19:45:00,8.797779850746268,
2022-10-17 20:00:00,8.837835820895522,
2022-10-17 20:15:00,8.867891791044777,
2022-10-17 20:30:00,8.91794776119403,
2022-10-17 20:45:00,8.948003731343283,
2022-10-17 21:00:00,8.978059701492539,
2022-10-17 21:15:00,9.008115671641791,
2022-10-17 21:30:00,9.048171641791043,
2022-10-17 21:45:00,9.0782276119403,
2022-10-17 22:00:00,9.098283582089552,
2022-10-17 22:15:00,9.138339552238804,
2022-10-17 22:30:00,9.17839552238806,
2022-10-17 22:45:00,9.198451492537313,
2022-10-17 23:00:00,9.238507462686568,
2022-10-17 23:15:00,9.26856343283582,
2022-10-17 23:30:00,9.288619402985072,
2022-10-17 23:45:00,9.31867537313433,
2022-10-18 00:00:00,9.338731343283582,
2022-10-18 00:15:00,9.368787313432836,
2022-10-18 00:30:00,9.40884328358209,
2022-10-18 00:45:00,9.428899253731345,
2022-10-18 01:00:00,9.458955223880595,
2022-10-18 01:15:00,9.489011194029851,
2022-10-18 01:30:00,9.519067164179104,
2022-10-18 01:45:00,9.549123134328358,
2022-10-18 02:00:00,9.579179104477612,
2022-10-18 02:15:00,9.609235074626865,
2022-10-18 02:30:00,9.62929104477612,
2022-10-18 02:45:00,9.649347014925374,
2022-10-18 03:00:00,9.679402985074628,
2022-10-18 03:15:00,9.69945895522388,
2022-10-18 03:30:00,9.729514925373136,
2022-10-18 03:45:00,9.759570895522389,
2022-10-18 04:00:00,9.769626865671642,
2022-10-18 04:15:00,9.799682835820894,
2022-10-18 04:30:00,9.81973880597015,
2022-10-18 04:45:00,9.839794776119405,
2022-10-18 05:00:00,9.869850746268655,
2022-10-18 05:15:00,9.88990671641791,
2022-10-18 05:30:00,9.909962686567164,
2022-10-18 05:45:00,9.93001865671642,
2022-10-18 06:00:00,9.950074626865671,
2022-10-18 06:15:00,9.970130597014924,
2022-10-18 06:30:00,10.00018656716418,
2022-10-18 06:45:00,10.020242537313433,
2022-10-18 07:00:00,10.050298507462688,
2022-10-18 07:15:00,10.09035447761194,
2022-10-18 07:30:00,10.130410447761191,
2022-10-18 07:45:00,10.160466417910447,
2022-10-18 08:00:00,10.1905223880597,
2022-10-18 08:15:00,10.240578358208955,
2022-10-18 08:30:00,10.28063432835821,
2022-10-18 08:45:00,10.320690298507463,
2022-10-18 09:00:00,10.340746268656716,
2022-10-18 09:15:00,10.34080223880597,
2022-10-18 09:30:00,10.320858208955224,
2022-10-18 09:45:00,10.300914179104478,
2022-10-18 10:00:00,10.260970149253732,
2022-10-18 10:15:00,10.211026119402984,
2022-10-18 10:30:00,10.17108208955224,
2022-10-18 10:45:00,10.101138059701492,
2022-10-18 11:00:00,10.031194029850743,
2022-10-18 11:15:00,9.96125,
2022-10-18 11:30:00,9.881305970149253,
2022-10-18 11:45:00,9.811361940298507,
2022-10-18 12:00:00,9.741417910447762,
2022-10-18 12:15:00,9.661473880597017,
2022-10-18 12:30:00,9.60152985074627,
2022-10-18 12:45:00,9.521585820895522,
2022-10-18 13:00:00,9.451641791044777,
2022-10-18 13:15:00,9.38169776119403,
2022-10-18 13:30:00,9.311753731343284,
2022-10-18 13:45:00,9.251809701492538,
2022-10-18 14:00:00,9.181865671641791,
2022-10-18 14:15:00,9.111921641791044,
2022-10-18 14:30:00,9.0619776119403,
2022-10-18 14:45:00,9.002033582089553,
2022-10-18 15:00:00,8.962089552238805,
2022-10-18 15:15:00,8.91214552238806,
2022-10-18 15:30:00,8.862201492537313,
2022-10-18 15:45:00,8.832257462686568,
2022-10-18 16:00:00,8.79231343283582,
2022-10-18 16:15:00,8.742369402985075,
2022-10-18 16:30:00,8.682425373134329,
2022-10-18 16:45:00,8.632481343283581,
2022-10-18 17:00:00,8.562537313432836,
2022-10-18 17:15:00,8.54259328358209,
2022-10-18 17:30:00,8.532649253731343,
2022-10-18 17:45:00,8.532705223880598,
2022-10-18 18:00:00,8.53276119402985,
2022-10-18 18:15:00,8.542817164179104,
2022-10-18 18:30:00,8.57287313432836,
2022-10-18 18:45:00,8.602929104477612,
2022-10-18 19:00:00,8.642985074626864,
2022-10-18 19:15:00,8.69304104477612,
2022-10-18 19:30:00,8.733097014925374,
2022-10-18 19:45:00,8.763152985074626,
2022-10-18 20:00:00,8.80320895522388,
2022-10-18 20:15:00,8.833264925373134,
2022-10-18 20:30:00,8.873320895522388,
2022-10-18 20:45:00,8.913376865671642,
2022-10-18 21:00:00,8.943432835820895,
2022-10-18 21:15:00,8.98348880597015,
2022-10-18 21:30:00,9.013544776119405,
2022-10-18 21:45:00,9.053600746268655,
2022-10-18 22:00:00,9.083656716417911,
2022-10-18 22:15:00,9.123712686567163,
2022-10-18 22:30:00,9.15376865671642,
2022-10-18 22:45:00,9.193824626865672,
2022-10-18 23:00:00,9.223880597014924,
2022-10-18 23:15:00,9.26393656716418,
2022-10-18 23:30:00,9.293992537313432,
2022-10-18 23:45:00,9.324048507462686,
2022-10-19 00:00:00,9.35410447761194,
2022-10-19 00:15:00,9.384160447761191,
2022-10-19 00:30:00,9.414216417910447,
2022-10-19 00:45:00,9.4442723880597,
2022-10-19 01:00:00,9.484328358208955,
2022-10-19 01:15:00,9.50438432835821,
2022-10-19 01:30:00,9.554440298507462,
2022-10-19 01:45:00,9.584496268656716,
2022-10-19 02:00:00,9.60455223880597,
2022-10-19 02:15:00,9.634608208955225,
2022-10-19 02:30:00,9.65466417910448,
2022-10-19 02:45:00,9.684720149253732,
2022-10-19 03:00:00,9.704776119402984,
2022-10-19 03:15:00,9.73483208955224,
2022-10-19 03:30:00,9.754888059701493,
2022-10-19 03:45:00,9.794944029850743,
2022-10-19 04:00:00,9.805,
2022-10-19 04:15:00,9.835055970149254,
2022-10-19 04:30:00,9.855111940298508,
2022-10-19 04:45:00,9.87516791044776,
2022-10-19 05:00:00,9.895223880597014,
2022-10-19 05:15:00,9.92527985074627,
2022-10-19 05:30:00,9.935335820895522,
2022-10-19 05:45:00,9.955391791044775,
2022-10-19 06:00:00,9.97544776119403,
2022-10-19 06:15:00,9.995503731343284,
2022-10-19 06:30:00,10.015559701492537,
2022-10-19 06:45:00,10.04561567164179,
2022-10-19 07:00:00,10.065671641791043,
2022-10-19 07:15:00,10.1157276119403,
2022-10-19 07:30:00,10.145783582089551,
2022-10-19 07:45:00,10.175839552238806,
2022-10-19 08:00:00,10.20589552238806,
2022-10-19 08:15:00,10.255951492537314,
2022-10-19 08:30:00,10.296007462686566,
2022-10-19 08:45:00,10.336063432835822,
2022-10-19 09:00:00,10.356119402985074,
2022-10-19 09:15:00,10.366175373134327,
2022-10-19 09:30:00,10.366231343283582,
2022-10-19 09:45:00,10.326287313432836,
2022-10-19 10:00:00,10.30634328358209,
2022-10-19 10:15:00,10.256399253731344,
2022-10-19 10:30:00,10.206455223880596,
2022-10-19 10:45:00,10.13651119402985,
2022-10-19 11:00:00,10.066567164179103,
2022-10-19 11:15:00,9.99662313432836,
2022-10-19 11:30:00,9.926679104477612,
2022-10-19 11:45:00,9.856735074626863,
2022-10-19 12:00:00,9.78679104477612,
2022-10-19 12:15:00,9.706847014925373,
2022-10-19 12:30:00,9.636902985074626,
2022-10-19 12:45:00,9.576958955223882,
2022-10-19 13:00:00,9.507014925373134,
2022-10-19 13:15:00,9.437070895522387,
2022-10-19 13:30:00,9.377126865671642,
2022-10-19 13:45:00,9.317182835820896,
2022-10-19 14:00:00,9.25723880597015,
2022-10-19 14:15:00,9.197294776119405,
2022-10-19 14:30:00,9.147350746268655,
2022-10-19 14:45:00,9.077406716417912,
2022-10-19 15:00:00,9.027462686567164,
2022-10-19 15:15:00,8.977518656716416,
2022-10-19 15:30:00,8.947574626865672,
2022-10-19 15:45:00,8.907630597014926,
2022-10-19 16:00:00,8.86768656716418,
2022-10-19 16:15:00,8.817742537313434,
2022-10-19 16:30:00,8.767798507462686,
2022-10-19 16:45:00,8.70785447761194,
2022-10-19 17:00:00,8.637910447761193,
2022-10-19 17:15:00,8.617966417910447,
2022-10-19 17:30:00,8.618022388059702,
2022-10-19 17:45:00,8.598078358208955,
2022-10-19 18:00:00,8.60813432835821,
2022-10-19 18:15:00,8.638190298507462,
2022-10-19 18:30:00,8.658246268656717,
2022-10-19 18:45:00,8.69830223880597,
2022-10-19 19:00:00,8.738358208955225,
2022-10-19 19:15:00,8.778414179104477,
2022-10-19 19:30:00,8.808470149253731,
2022-10-19 19:45:00,8.848526119402985,
2022-10-19 20:00:00,8.898582089552239,
2022-10-19 20:15:00,8.928638059701493,
2022-10-19 20:30:00,8.958694029850745,
2022-10-19 20:45:00,8.998750000000001,
2022-10-19 21:00:00,9.038805970149252,
2022-10-19 21:15:00,9.068861940298508,
2022-10-19 21:30:00,9.108917910447762,
2022-10-19 21:45:00,9.138973880597014,
2022-10-19 22:00:00,9.17902985074627,
2022-10-19 22:15:00,9.209085820895522,
2022-10-19 22:30:00,9.249141791044776,
2022-10-19 22:45:00,9.27919776119403,
2022-10-19 23:00:00,9.319253731343284,
2022-10-19 23:15:00,9.349309701492537,
2022-10-19 23:30:00,9.38936567164179,
2022-10-19 23:45:00,9.419421641791043,
2022-10-20 00:00:00,9.4494776119403,
2022-10-20 00:15:00,9.479533582089552,
2022-10-20 00:30:00,9.509589552238806,
2022-10-20 00:45:00,9.53964552238806,
2022-10-20 01:00:00,9.569701492537314,
2022-10-20 01:15:00,9.599757462686568,
2022-10-20 01:30:00,9.62981343283582,
2022-10-20 01:45:00,9.669869402985077,
2022-10-20 02:00:00,9.689925373134328,
2022-10-20 02:15:00,9.719981343283582,
2022-10-20 02:30:00,9.740037313432836,
2022-10-20 02:45:00,9.77009328358209,
2022-10-20 03:00:00,9.790149253731345,
2022-10-20 03:15:00,9.820205223880595,
2022-10-20 03:30:00,9.840261194029852,
2022-10-20 03:45:00,9.860317164179104,
2022-10-20 04:00:00,9.890373134328357,
2022-10-20 04:15:00,9.920429104477613,
2022-10-20 04:30:00,9.930485074626866,
2022-10-20 04:45:00,9.96054104477612,
2022-10-20 05:00:00,9.980597014925372,
2022-10-20 05:15:00,10.000652985074629,
2022-10-20 05:30:00,10.01070895522388,
2022-10-20 05:45:00,10.040764925373134,
2022-10-20 06:00:00,10.050820895522389,
2022-10-20 06:15:00,10.070876865671645,
2022-10-20 06:30:00,10.100932835820895,
2022-10-20 06:45:00,10.11098880597015,
2022-10-20 07:00:00,10.151044776119402,
2022-10-20 07:15:00,10.191100746268656,
2022-10-20 07:30:00,10.23115671641791,
2022-10-20 07:45:00,10.261212686567164,
2022-10-20 08:00:00,10.291268656716417,
2022-10-20 08:15:00,10.331324626865673,
2022-10-20 08:30:00,10.381380597014925,
2022-10-20 08:45:00,10.41143656716418,
2022-10-20 09:00:00,10.441492537313431,
2022-10-20 09:15:00,10.441548507462686,
2022-10-20 09:30:00,10.45160447761194,
2022-10-20 09:45:00,10.401660447761191,
2022-10-20 10:00:00,10.381716417910448,
2022-10-20 10:15:00,10.331772388059704,
2022-10-20 10:30:00,10.271828358208955,
2022-10-20 10:45:00,10.21188432835821,
2022-10-20 11:00:00,10.141940298507462,
2022-10-20 11:15:00,10.061996268656715,
2022-10-20 11:30:00,9.992052238805972,
2022-10-20 11:45:00,9.912108208955225,
2022-10-20 12:00:00,9.842164179104476,
2022-10-20 12:15:00,9.772220149253732,
2022-10-20 12:30:00,9.702276119402985,
2022-10-20 12:45:00,9.622332089552238,
2022-10-20 13:00:00,9.552388059701492,
2022-10-20 13:15:00,9.482444029850743,
2022-10-20 13:30:00,9.4225,
2022-10-20 13:45:00,9.362555970149254,
2022-10-20 14:00:00,9.292611940298508,
2022-10-20 14:15:00,9.23266791044776,
2022-10-20 14:30:00,9.182723880597017,
2022-10-20 14:45:00,9.132779850746267,
2022-10-20 15:00:00,9.082835820895523,
2022-10-20 15:15:00,9.032891791044776,
2022-10-20 15:30:00,9.002947761194031,
2022-10-20 15:45:00,8.963003731343283,
2022-10-20 16:00:00,8.933059701492537,
2022-10-20 16:15:00,8.883115671641791,
2022-10-20 16:30:00,8.833171641791045,
2022-10-20 16:45:00,8.783227611940298,
2022-10-20 17:00:00,8.733283582089552,
2022-10-20 17:15:00,8.703339552238806,
2022-10-20 17:30:00,8.69339552238806,
2022-10-20 17:45:00,8.693451492537314,
2022-10-20 18:00:00,8.693507462686567,
2022-10-20 18:15:00,8.713563432835821,
2022-10-20 18:30:00,8.743619402985075,
2022-10-20 18:45:00,8.773675373134328,
2022-10-20 19:00:00,8.813731343283582,
2022-10-20 19:15:00,8.843787313432836,
2022-10-20 19:30:00,8.88384328358209,
2022-10-20 19:45:00,8.923899253731344,
2022-10-20 20:00:00,8.953955223880596,
2022-10-20 20:15:00,8.994011194029852,
2022-10-20 20:30:00,9.034067164179104,
2022-10-20 20:45:00,9.064123134328357,
2022-10-20 21:00:00,9.104179104477613,
2022-10-20 21:15:00,9.144235074626865,
2022-10-20 21:30:00,9.17429104477612,
2022-10-20 21:45:00,9.214347014925371,
2022-10-20 22:00:00,9.244402985074627,
2022-10-20 22:15:00,9.27445895522388,
2022-10-20 22:30:00,9.314514925373134,
2022-10-20 22:45:00,9.344570895522388,
2022-10-20 23:00:00,9.384626865671642,
2022-10-20 23:15:00,9.424682835820896,
2022-10-20 23:30:00,9.454738805970148,
2022-10-20 23:45:00,9.484794776119402,
2022-10-21 00:00:00,9.514850746268657,
2022-10-21 00:15:00,9.55490671641791,
2022-10-21 00:30:00,9.584962686567165,
2022-10-21 00:45:00,9.615018656716416,
2022-10-21 01:00:00,9.645074626865672,
2022-10-21 01:15:00,9.665130597014926,
2022-10-21 01:30:00,9.695186567164178,
2022-10-21 01:45:00,9.725242537313433,
2022-10-21 02:00:00,9.745298507462689,
2022-10-21 02:15:00,9.78535447761194,
2022-10-21 02:30:00,9.805410447761194,
2022-10-21 02:45:00,9.825466417910448,
2022-10-21 03:00:00,9.855522388059702,
2022-10-21 03:15:00,9.875578358208957,
2022-10-21 03:30:00,9.905634328358207,
2022-10-21 03:45:00,9.925690298507464,
2022-10-21 04:00:00,9.945746268656716,
2022-10-21 04:15:00,9.945802238805973,
2022-10-21 04:30:00,9.965858208955224,
2022-10-21 04:45:00,9.975914179104477,
2022-10-21 05:00:00,9.985970149253731,
2022-10-21 05:15:00,10.006026119402986,
2022-10-21 05:30:00,10.00608208955224,
2022-10-21 05:45:00,10.016138059701492,
2022-10-21 06:00:00,10.026194029850746,
2022-10-21 06:15:00,10.03625,
2022-10-21 06:30:00,10.036305970149254,
2022-10-21 06:45:00,10.046361940298508,
2022-10-21 07:00:00,10.05641791044776,
2022-10-21 07:15:00,10.076473880597016,
2022-10-21 07:30:00,10.106529850746268,
2022-10-21 07:45:00,10.146585820895522,
2022-10-21 08:00:00,10.176641791044776,
2022-10-21 08:15:00,10.18669776119403,
2022-10-21 08:30:00,10.216753731343283,
2022-10-21 08:45:00,10.266809701492535,
2022-10-21 09:00:00,10.286865671641792,
2022-10-21 09:15:00,10.276921641791043,
2022-10-21 09:30:00,10.3369776119403,
2022-10-21 09:45:00,10.357033582089551,
2022-10-21 10:00:00,10.357089552238806,
2022-10-21 10:15:00,10.32714552238806,
2022-10-21 10:30:00,10.257201492537314,
2022-10-21 10:45:00,10.197257462686569,
2022-10-21 11:00:00,10.13731343283582,
2022-10-21 11:15:00,10.047369402985074,
2022-10-21 11:30:00,9.967425373134327,
2022-10-21 11:45:00,9.907481343283582,
2022-10-21 12:00:00,9.837537313432836,
2022-10-21 12:15:00,9.76759328358209,
2022-10-21 12:30:00,9.707649253731343,
2022-10-21 12:45:00,9.637705223880596,
2022-10-21 13:00:00,9.577761194029852,
2022-10-21 13:15:00,9.517817164179103,
2022-10-21 13:30:00,9.457873134328358,
2022-10-21 13:45:00,9.397929104477612,
2022-10-21 14:00:00,9.327985074626866,
2022-10-21 14:15:00,9.27804104477612,
2022-10-21 14:30:00,9.228097014925371,
2022-10-21 14:45:00,9.178152985074629,
2022-10-21 15:00:00,9.12820895522388,
2022-10-21 15:15:00,9.088264925373135,
2022-10-21 15:30:00,9.048320895522387,
2022-10-21 15:45:00,9.018376865671645,
2022-10-21 16:00:00,8.988432835820895,
2022-10-21 16:15:00,8.948488805970149,
2022-10-21 16:30:00,8.908544776119403,
2022-10-21 16:45:00,8.858600746268657,
2022-10-21 17:00:00,8.798656716417911,
2022-10-21 17:15:00,8.788712686567164,
2022-10-21 17:30:00,8.778768656716418,
2022-10-21 17:45:00,8.758824626865673,
2022-10-21 18:00:00,8.758880597014926,
2022-10-21 18:15:00,8.758936567164179,
2022-10-21 18:30:00,8.768992537313434,
2022-10-21 18:45:00,8.789048507462686,
2022-10-21 19:00:00,8.819104477611939,
2022-10-21 19:15:00,8.839160447761195,
2022-10-21 19:30:00,8.859216417910448,
2022-10-21 19:45:00,8.879272388059702,
2022-10-21 20:00:00,8.909328358208954,
2022-10-21 20:15:00,8.929384328358209,
2022-10-21 20:30:00,8.959440298507463,
2022-10-21 20:45:00,8.979496268656716,
2022-10-21 21:00:00,8.99955223880597,
2022-10-21 21:15:00,9.019608208955225,
2022-10-21 21:30:00,9.039664179104475,
2022-10-21 21:45:00,9.059720149253732,
2022-10-21 22:00:00,9.069776119402984,
2022-10-21 22:15:00,9.08983208955224,
2022-10-21 22:30:00,9.109888059701492,
2022-10-21 22:45:00,9.139944029850746,
2022-10-21 23:00:00,9.15,
2022-10-21 23:15:00,9.170055970149257,
2022-10-21 23:30:00,9.180111940298508,
2022-10-21 23:45:00,9.190167910447762,
2022-10-22 00:00:00,9.200223880597015,
2022-10-22 00:15:00,9.210279850746268,
2022-10-22 00:30:00,9.210335820895525,
2022-10-22 00:45:00,9.230391791044775,
2022-10-22 01:00:00,9.240447761194028,
2022-10-22 01:15:00,9.250503731343285,
2022-10-22 01:30:00,9.270559701492536,
2022-10-22 01:45:00,9.280615671641792,
2022-10-22 02:00:00,9.290671641791045,
2022-10-22 02:15:00,9.290727611940298,
2022-10-22 02:30:00,9.300783582089553,
2022-10-22 02:45:00,9.300839552238806,
2022-10-22 03:00:00,9.31089552238806,
2022-10-22 03:15:00,9.310951492537312,
2022-10-22 03:30:00,9.311007462686566,
2022-10-22 03:45:00,9.32106343283582,
2022-10-22 04:00:00,9.321119402985074,
2022-10-22 04:15:00,9.321175373134327,
2022-10-22 04:30:00,9.321231343283582,
2022-10-22 04:45:00,9.321287313432835,
2022-10-22 05:00:00,9.33134328358209,
2022-10-22 05:15:00,9.321399253731345,
2022-10-22 05:30:00,9.331455223880598,
2022-10-22 05:45:00,9.32151119402985,
2022-10-22 06:00:00,9.321567164179104,
2022-10-22 06:15:00,9.321623134328355,
2022-10-22 06:30:00,9.321679104477612,
2022-10-22 06:45:00,9.321735074626863,
2022-10-22 07:00:00,9.311791044776118,
2022-10-22 07:15:00,9.331847014925374,
2022-10-22 07:30:00,9.351902985074627,
2022-10-22 07:45:00,9.37195895522388,
2022-10-22 08:00:00,9.392014925373134,
2022-10-22 08:15:00,9.412070895522389,
2022-10-22 08:30:00,9.442126865671645,
2022-10-22 08:45:00,9.462182835820895,
2022-10-22 09:00:00,9.482238805970148,
2022-10-22 09:15:00,9.502294776119404,
2022-10-22 09:30:00,9.542350746268657,
2022-10-22 09:45:00,9.56240671641791,
2022-10-22 10:00:00,9.562462686567164,
2022-10-22 10:15:00,9.572518656716417,
2022-10-22 10:30:00,9.592574626865671,
2022-10-22 10:45:00,9.652630597014925,
2022-10-22 11:00:00,9.67268656716418,
2022-10-22 11:15:00,9.692742537313434,
2022-10-22 11:30:00,9.722798507462686,
2022-10-22 11:45:00,9.70285447761194,
2022-10-22 12:00:00,9.632910447761194,
2022-10-22 12:15:00,9.542966417910447,
2022-10-22 12:30:00,9.493022388059702,
2022-10-22 12:45:00,9.433078358208956,
2022-10-22 13:00:00,9.393134328358208,
2022-10-22 13:15:00,9.383190298507463,
2022-10-22 13:30:00,9.403246268656716,
2022-10-22 13:45:00,9.38330223880597,
2022-10-22 14:00:00,9.373358208955224,
2022-10-22 14:15:00,9.323414179104477,
2022-10-22 14:30:00,9.313470149253732,
2022-10-22 14:45:00,9.333526119402986,
2022-10-22 15:00:00,9.35358208955224,
2022-10-22 15:15:00,9.383638059701491,
2022-10-22 15:30:00,9.413694029850744,
2022-10-22 15:45:00,9.38375,
2022-10-22 16:00:00,9.373805970149254,
2022-10-22 16:15:00,9.363861940298507,
2022-10-22 16:30:00,9.39391791044776,
2022-10-22 16:45:00,9.423973880597016,
2022-10-22 17:00:00,9.444029850746269,
2022-10-22 17:15:00,9.474085820895525,
2022-10-22 17:30:00,9.514141791044777,
2022-10-22 17:45:00,9.53419776119403,
2022-10-22 18:00:00,9.564253731343284,
2022-10-22 18:15:00,9.574309701492536,
2022-10-22 18:30:00,9.60436567164179,
2022-10-22 18:45:00,9.644421641791045,
2022-10-22 19:00:00,9.644477611940298,
2022-10-22 19:15:00,9.654533582089552,
2022-10-22 19:30:00,9.684589552238808,
2022-10-22 19:45:00,9.69464552238806,
2022-10-22 20:00:00,9.724701492537314,
2022-10-22 20:15:00,9.754757462686568,
2022-10-22 20:30:00,9.76481343283582,
2022-10-22 20:45:00,9.784869402985075,
2022-10-22 21:00:00,9.804925373134328,
2022-10-22 21:15:00,9.814981343283582,
2022-10-22 21:30:00,9.815037313432835,
2022-10-22 21:45:00,9.815093283582089,
2022-10-22 22:00:00,9.825149253731343,
2022-10-22 22:15:00,9.825205223880596,
2022-10-22 22:30:00,9.82526119402985,
2022-10-22 22:45:00,9.835317164179106,
2022-10-22 23:00:00,9.83537313432836,
2022-10-22 23:15:00,9.845429104477612,
2022-10-22 23:30:00,9.855485074626866,
2022-10-22 23:45:00,9.85554104477612,
2022-10-23 00:00:00,9.865597014925374,
2022-10-23 00:15:00,9.875652985074629,
2022-10-23 00:30:00,9.88570895522388,
2022-10-23 00:45:00,9.875764925373137,
2022-10-23 01:00:00,9.885820895522388,
2022-10-23 01:15:00,9.88587686567164,
2022-10-23 01:30:00,9.895932835820895,
2022-10-23 01:45:00,9.895988805970148,
2022-10-23 02:00:00,9.906044776119405,
2022-10-23 02:15:00,9.916100746268656,
2022-10-23 02:30:00,9.916156716417907,
2022-10-23 02:45:00,9.916212686567164,
2022-10-23 03:00:00,9.916268656716417,
2022-10-23 03:15:00,9.91632462686567,
2022-10-23 03:30:00,9.916380597014925,
2022-10-23 03:45:00,9.92643656716418,
2022-10-23 04:00:00,9.936492537313434,
2022-10-23 04:15:00,9.946548507462689,
2022-10-23 04:30:00,9.94660447761194,
2022-10-23 04:45:00,9.946660447761197,
2022-10-23 05:00:00,9.956716417910448,
2022-10-23 05:15:00,9.9667723880597,
2022-10-23 05:30:00,9.966828358208955,
2022-10-23 05:45:00,9.976884328358208,
2022-10-23 06:00:00,9.976940298507463,
2022-10-23 06:15:00,9.986996268656716,
2022-10-23 06:30:00,9.997052238805969,
2022-10-23 06:45:00,9.997108208955224,
2022-10-23 07:00:00,10.017164179104478,
2022-10-23 07:15:00,10.027220149253733,
2022-10-23 07:30:00,10.067276119402983,
2022-10-23 07:45:00,10.12733208955224,
2022-10-23 08:00:00,10.187388059701494,
2022-10-23 08:15:00,10.247444029850746,
2022-10-23 08:30:00,10.2875,
2022-10-23 08:45:00,10.297555970149254,
2022-10-23 09:00:00,10.307611940298507,
2022-10-23 09:15:00,10.33766791044776,
2022-10-23 09:30:00,10.357723880597016,
2022-10-23 09:45:00,10.367779850746269,
2022-10-23 10:00:00,10.377835820895523,
2022-10-23 10:15:00,10.377891791044776,
2022-10-23 10:30:00,10.36794776119403,
2022-10-23 10:45:00,10.378003731343284,
2022-10-23 11:00:00,10.368059701492538,
2022-10-23 11:15:00,10.37811567164179,
2022-10-23 11:30:00,10.348171641791046,
2022-10-23 11:45:00,10.3382276119403,
2022-10-23 12:00:00,10.338283582089552,
2022-10-23 12:15:00,10.318339552238806,
2022-10-23 12:30:00,10.30839552238806,
2022-10-23 12:45:00,10.298451492537314,
2022-10-23 13:00:00,10.288507462686567,
2022-10-23 13:15:00,10.26856343283582,
2022-10-23 13:30:00,10.218619402985077,
2022-10-23 13:45:00,10.178675373134327,
2022-10-23 14:00:00,10.16873134328358,
2022-10-23 14:15:00,10.148787313432836,
2022-10-23 14:30:00,10.12884328358209,
2022-10-23 14:45:00,10.138899253731344,
2022-10-23 15:00:00,10.198955223880596,
2022-10-23 15:15:00,10.16901119402985,
2022-10-23 15:30:00,10.109067164179104,
2022-10-23 15:45:00,10.169123134328355,
2022-10-23 16:00:00,10.15917910447761,
2022-10-23 16:15:00,10.069235074626866,
2022-10-23 16:30:00,10.04929104477612,
2022-10-23 16:45:00,10.039347014925374,
2022-10-23 17:00:00,9.999402985074626,
2022-10-23 17:15:00,9.96945895522388,
2022-10-23 17:30:00,9.959514925373137,
2022-10-23 17:45:00,9.949570895522388,
2022-10-23 18:00:00,9.929626865671642,
2022-10-23 18:15:00,9.939682835820896,
2022-10-23 18:30:00,9.94973880597015,
2022-10-23 18:45:00,9.969794776119404,
2022-10-23 19:00:00,9.999850746268656,
2022-10-23 19:15:00,10.00990671641791,
2022-10-23 19:30:00,10.039962686567163,
2022-10-23 19:45:00,10.080018656716415,
2022-10-23 20:00:00,10.090074626865672,
2022-10-23 20:15:00,10.120130597014926,
2022-10-23 20:30:00,10.14018656716418,
2022-10-23 20:45:00,10.160242537313431,
2022-10-23 21:00:00,10.180298507462687,
2022-10-23 21:15:00,10.20035447761194,
2022-10-23 21:30:00,10.200410447761197,
2022-10-23 21:45:00,10.220466417910448,
2022-10-23 22:00:00,10.2205223880597,
2022-10-23 22:15:00,10.240578358208955,
2022-10-23 22:30:00,10.240634328358208,
2022-10-23 22:45:00,10.260690298507464,
2022-10-23 23:00:00,10.270746268656715,
2022-10-23 23:15:00,10.27080223880597,
2022-10-23 23:30:00,10.280858208955223,
2022-10-23 23:45:00,10.290914179104478,
2022-10-24 00:00:00,10.31097014925373,
2022-10-24 00:15:00,10.321026119402983,
2022-10-24 00:30:00,10.34108208955224,
2022-10-24 00:45:00,10.341138059701493,
2022-10-24 01:00:00,10.351194029850747,
2022-10-24 01:15:00,10.37125,
2022-10-24 01:30:00,10.381305970149254,
2022-10-24 01:45:00,10.381361940298508,
2022-10-24 02:00:00,10.39141791044776,
2022-10-24 02:15:00,10.411473880597017,
2022-10-24 02:30:00,10.421529850746268,
2022-10-24 02:45:00,10.431585820895522,
2022-10-24 03:00:00,10.451641791044777,
2022-10-24 03:15:00,10.47169776119403,
2022-10-24 03:30:00,10.481753731343284,
2022-10-24 03:45:00,10.491809701492537,
2022-10-24 04:00:00,10.511865671641791,
2022-10-24 04:15:00,10.521921641791046,
2022-10-24 04:30:00,10.5419776119403,
2022-10-24 04:45:00,10.552033582089551,
2022-10-24 05:00:00,10.552089552238806,
2022-10-24 05:15:00,10.57214552238806,
2022-10-24 05:30:00,10.592201492537315,
2022-10-24 05:45:00,10.592257462686568,
2022-10-24 06:00:00,10.60231343283582,
2022-10-24 06:15:00,10.622369402985075,
2022-10-24 06:30:00,10.632425373134328,
2022-10-24 06:45:00,10.63248134328358,
2022-10-24 07:00:00,10.652537313432836,
2022-10-24 07:15:00,10.68259328358209,
2022-10-24 07:30:00,10.732649253731342,
2022-10-24 07:45:00,10.792705223880596,
2022-10-24 08:00:00,10.81276119402985,
2022-10-24 08:15:00,10.842817164179106,
2022-10-24 08:30:00,10.882873134328358,
2022-10-24 08:45:00,10.892929104477613,
2022-10-24 09:00:00,10.892985074626866,
2022-10-24 09:15:00,10.88304104477612,
2022-10-24 09:30:00,10.883097014925372,
2022-10-24 09:45:00,10.893152985074629,
2022-10-24 10:00:00,10.87320895522388,
2022-10-24 10:15:00,10.843264925373136,
2022-10-24 10:30:00,10.813320895522388,
2022-10-24 10:45:00,10.783376865671642,
2022-10-24 11:00:00,10.723432835820896,
2022-10-24 11:15:00,10.653488805970149,
2022-10-24 11:30:00,10.593544776119405,
2022-10-24 11:45:00,10.533600746268656,
2022-10-24 12:00:00,10.44365671641791,
2022-10-24 12:15:00,10.383712686567163,
2022-10-24 12:30:00,10.35376865671642,
2022-10-24 12:45:00,10.343824626865672,
2022-10-24 13:00:00,10.323880597014924,
2022-10-24 13:15:00,10.30393656716418,
2022-10-24 13:30:00,10.283992537313432,
2022-10-24 13:45:00,10.224048507462689,
2022-10-24 14:00:00,10.17410447761194,
2022-10-24 14:15:00,10.174160447761194,
2022-10-24 14:30:00,10.154216417910447,
2022-10-24 14:45:00,10.1542723880597,
2022-10-24 15:00:00,10.144328358208956,
2022-10-24 15:15:00,10.134384328358207,
2022-10-24 15:30:00,10.114440298507462,
2022-10-24 15:45:00,10.064496268656717,
2022-10-24 16:00:00,9.96455223880597,
2022-10-24 16:15:00,9.914608208955224,
2022-10-24 16:30:00,9.914664179104475,
2022-10-24 16:45:00,9.91472014925373,
2022-10-24 17:00:00,9.884776119402986,
2022-10-24 17:15:00,9.824832089552238,
2022-10-24 17:30:00,9.784888059701492,
2022-10-24 17:45:00,9.754944029850746,
2022-10-24 18:00:00,9.755,
2022-10-24 18:15:00,9.745055970149252,
2022-10-24 18:30:00,9.755111940298509,
2022-10-24 18:45:00,9.765167910447762,
2022-10-24 19:00:00,9.775223880597016,
2022-10-24 19:15:00,9.785279850746267,
2022-10-24 19:30:00,9.805335820895522,
2022-10-24 19:45:00,9.815391791044776,
2022-10-24 20:00:00,9.835447761194027,
2022-10-24 20:15:00,9.875503731343285,
2022-10-24 20:30:00,9.895559701492536,
2022-10-24 20:45:00,9.92561567164179,
2022-10-24 21:00:00,9.935671641791046,
2022-10-24 21:15:00,9.9557276119403,
2022-10-24 21:30:00,9.975783582089552,
2022-10-24 21:45:00,9.985839552238806,
2022-10-24 22:00:00,9.99589552238806,
2022-10-24 22:15:00,10.005951492537312,
2022-10-24 22:30:00,10.016007462686568,
2022-10-24 22:45:00,10.03606343283582,
2022-10-24 23:00:00,10.036119402985076,
2022-10-24 23:15:00,10.056175373134328,
2022-10-24 23:30:00,10.06623134328358,
2022-10-24 23:45:00,10.086287313432836,
2022-10-25 00:00:00,10.09634328358209,
2022-10-25 00:15:00,10.116399253731345,
2022-10-25 00:30:00,10.136455223880596,
2022-10-25 00:45:00,10.14651119402985,
2022-10-25 01:00:00,10.156567164179105,
2022-10-25 01:15:00,10.166623134328358,
2022-10-25 01:30:00,10.186679104477612,
2022-10-25 01:45:00,10.196735074626869,
2022-10-25 02:00:00,10.21679104477612,
2022-10-25 02:15:00,10.226847014925372,
2022-10-25 02:30:00,10.246902985074628,
2022-10-25 02:45:00,10.25695895522388,
2022-10-25 03:00:00,10.267014925373136,
2022-10-25 03:15:00,10.267070895522387,
2022-10-25 03:30:00,10.277126865671642,
2022-10-25 03:45:00,10.297182835820896,
2022-10-25 04:00:00,10.317238805970147,
2022-10-25 04:15:00,10.337294776119402,
2022-10-25 04:30:00,10.367350746268658,
2022-10-25 04:45:00,10.37740671641791,
2022-10-25 05:00:00,10.397462686567165,
2022-10-25 05:15:00,10.407518656716418,
2022-10-25 05:30:00,10.41757462686567,
2022-10-25 05:45:00,10.427630597014923,
2022-10-25 06:00:00,10.43768656716418,
2022-10-25 06:15:00,10.457742537313433,
2022-10-25 06:30:00,10.467798507462687,
2022-10-25 06:45:00,10.46785447761194,
2022-10-25 07:00:00,10.487910447761193,
2022-10-25 07:15:00,10.537966417910448,
2022-10-25 07:30:00,10.5680223880597,
2022-10-25 07:45:00,10.598078358208957,
2022-10-25 08:00:00,10.638134328358207,
2022-10-25 08:15:00,10.698190298507464,
2022-10-25 08:30:00,10.738246268656717,
2022-10-25 08:45:00,10.76830223880597,
2022-10-25 09:00:00,10.768358208955224,
2022-10-25 09:15:00,10.77841417910448,
2022-10-25 09:30:00,10.788470149253731,
2022-10-25 09:45:00,10.778526119402986,
2022-10-25 10:00:00,10.76858208955224,
2022-10-25 10:15:00,10.768638059701493,
2022-10-25 10:30:00,10.728694029850748,
2022-10-25 10:45:00,10.70875,
2022-10-25 11:00:00,10.678805970149252,
2022-10-25 11:15:00,10.668861940298507,
2022-10-25 11:30:00,10.64891791044776,
2022-10-25 11:45:00,10.628973880597016,
2022-10-25 12:00:00,10.60902985074627,
2022-10-25 12:15:00,10.549085820895522,
2022-10-25 12:30:00,10.519141791044778,
2022-10-25 12:45:00,10.49919776119403,
2022-10-25 13:00:00,10.459253731343283,
2022-10-25 13:15:00,10.409309701492536,
2022-10-25 13:30:00,10.40936567164179,
2022-10-25 13:45:00,10.379421641791044,
2022-10-25 14:00:00,10.3894776119403,
2022-10-25 14:15:00,10.419533582089551,
2022-10-25 14:30:00,10.409589552238806,
2022-10-25 14:45:00,10.35964552238806,
2022-10-25 15:00:00,10.339701492537312,
2022-10-25 15:15:00,10.319757462686567,
2022-10-25 15:30:00,10.26981343283582,
2022-10-25 15:45:00,10.279869402985074,
2022-10-25 16:00:00,10.299925373134329,
2022-10-25 16:15:00,10.24998134328358,
2022-10-25 16:30:00,10.210037313432837,
2022-10-25 16:45:00,10.15009328358209,
2022-10-25 17:00:00,10.120149253731345,
2022-10-25 17:15:00,10.080205223880595,
2022-10-25 17:30:00,10.040261194029853,
2022-10-25 17:45:00,10.020317164179104,
2022-10-25 18:00:00,10.000373134328358,
2022-10-25 18:15:00,10.000429104477613,
2022-10-25 18:30:00,10.010485074626866,
2022-10-25 18:45:00,10.03054104477612,
2022-10-25 19:00:00,10.050597014925373,
2022-10-25 19:15:00,10.060652985074627,
2022-10-25 19:30:00,10.09070895522388,
2022-10-25 19:45:00,10.100764925373134,
2022-10-25 20:00:00,10.120820895522389,
2022-10-25 20:15:00,10.15087686567164,
2022-10-25 20:30:00,10.170932835820896,
2022-10-25 20:45:00,10.19098880597015,
2022-10-25 21:00:00,10.211044776119405,
2022-10-25 21:15:00,10.231100746268655,
2022-10-25 21:30:00,10.26115671641791,
2022-10-25 21:45:00,10.281212686567164,
2022-10-25 22:00:00,10.29126865671642,
2022-10-25 22:15:00,10.33132462686567,
2022-10-25 22:30:00,10.351380597014929,
2022-10-25 22:45:00,10.36143656716418,
2022-10-25 23:00:00,10.391492537313432,
2022-10-25 23:15:00,10.411548507462689,
2022-10-25 23:30:00,10.44160447761194,
2022-10-25 23:45:00,10.461660447761194,
2022-10-26 00:00:00,10.491716417910448,
2022-10-26 00:15:00,10.521772388059702,
2022-10-26 00:30:00,10.551828358208954,
2022-10-26 00:45:00,10.581884328358209,
2022-10-26 01:00:00,10.601940298507463,
2022-10-26 01:15:00,10.631996268656716,
2022-10-26 01:30:00,10.65205223880597,
2022-10-26 01:45:00,10.692108208955224,
2022-10-26 02:00:00,10.70216417910448,
2022-10-26 02:15:00,10.722220149253731,
2022-10-26 02:30:00,10.742276119402984,
2022-10-26 02:45:00,10.75233208955224,
2022-10-26 03:00:00,10.782388059701493,
2022-10-26 03:15:00,10.792444029850747,
2022-10-26 03:30:00,10.8025,
2022-10-26 03:45:00,10.812555970149251,
2022-10-26 04:00:00,10.822611940298508,
2022-10-26 04:15:00,10.83266791044776,
2022-10-26 04:30:00,10.832723880597014,
2022-10-26 04:45:00,10.842779850746268,
2022-10-26 05:00:00,10.84283582089552,
2022-10-26 05:15:00,10.852891791044778,
2022-10-26 05:30:00,10.85294776119403,
2022-10-26 05:45:00,10.853003731343284,
2022-10-26 06:00:00,10.85305970149254,
2022-10-26 06:15:00,10.84311567164179,
2022-10-26 06:30:00,10.853171641791045,
2022-10-26 06:45:00,10.8532276119403,
2022-10-26 07:00:00,10.853283582089553,
2022-10-26 07:15:00,10.873339552238807,
2022-10-26 07:30:00,10.91339552238806,
2022-10-26 07:45:00,10.963451492537311,
2022-10-26 08:00:00,11.013507462686569,
2022-10-26 08:15:00,11.05356343283582,
2022-10-26 08:30:00,11.063619402985074,
2022-10-26 08:45:00,11.073675373134328,
2022-10-26 09:00:00,11.09373134328358,
2022-10-26 09:15:00,11.073787313432836,
2022-10-26 09:30:00,11.04384328358209,
2022-10-26 09:45:00,11.013899253731342,
2022-10-26 10:00:00,10.943955223880598,
2022-10-26 10:15:00,10.92401119402985,
2022-10-26 10:30:00,10.934067164179105,
2022-10-26 10:45:00,10.914123134328358,
2022-10-26 11:00:00,10.764179104477613,
2022-10-26 11:15:00,10.684235074626864,
2022-10-26 11:30:00,10.62429104477612,
2022-10-26 11:45:00,10.624347014925371,
2022-10-26 12:00:00,10.684402985074628,
2022-10-26 12:15:00,10.79445895522388,
2022-10-26 12:30:00,10.864514925373134,
2022-10-26 12:45:00,10.924570895522388,
2022-10-26 13:00:00,10.99462686567164,
2022-10-26 13:15:00,11.024682835820895,
2022-10-26 13:30:00,11.014738805970149,
2022-10-26 13:45:00,10.974794776119404,
2022-10-26 14:00:00,10.934850746268657,
2022-10-26 14:15:00,10.854906716417911,
2022-10-26 14:30:00,10.774962686567164,
2022-10-26 14:45:00,10.645018656716418,
2022-10-26 15:00:00,10.545074626865672,
2022-10-26 15:15:00,10.475130597014925,
2022-10-26 15:30:00,10.48518656716418,
2022-10-26 15:45:00,10.635242537313433,
2022-10-26 16:00:00,10.615298507462688,
2022-10-26 16:15:00,10.57535447761194,
2022-10-26 16:30:00,10.645410447761192,
2022-10-26 16:45:00,10.675466417910448,
2022-10-26 17:00:00,10.6555223880597,
2022-10-26 17:15:00,10.625578358208957,
2022-10-26 17:30:00,10.595634328358209,
2022-10-26 17:45:00,10.565690298507462,
2022-10-26 18:00:00,10.545746268656718,
2022-10-26 18:15:00,10.525802238805973,
2022-10-26 18:30:00,10.515858208955224,
2022-10-26 18:45:00,10.515914179104476,
2022-10-26 19:00:00,10.51597014925373,
2022-10-26 19:15:00,10.526026119402983,
2022-10-26 19:30:00,10.53608208955224,
2022-10-26 19:45:00,10.556138059701492,
2022-10-26 20:00:00,10.566194029850744,
2022-10-26 20:15:00,10.57625,
2022-10-26 20:30:00,10.596305970149253,
2022-10-26 20:45:00,10.596361940298507,
2022-10-26 21:00:00,10.606417910447762,
2022-10-26 21:15:00,10.616473880597017,
2022-10-26 21:30:00,10.63652985074627,
2022-10-26 21:45:00,10.646585820895522,
2022-10-26 22:00:00,10.666641791044777,
2022-10-26 22:15:00,10.67669776119403,
2022-10-26 22:30:00,10.686753731343282,
2022-10-26 22:45:00,10.70680970149254,
2022-10-26 23:00:00,10.716865671641791,
2022-10-26 23:15:00,10.726921641791044,
2022-10-26 23:30:00,10.7269776119403,
2022-10-26 23:45:00,10.737033582089552,
2022-10-27 00:00:00,10.747089552238805,
2022-10-27 00:15:00,10.76714552238806,
2022-10-27 00:30:00,10.767201492537312,
2022-10-27 00:45:00,10.777257462686569,
2022-10-27 01:00:00,10.787313432835822,
2022-10-27 01:15:00,10.797369402985074,
2022-10-27 01:30:00,10.807425373134327,
2022-10-27 01:45:00,10.807481343283582,
2022-10-27 02:00:00,10.807537313432835,
2022-10-27 02:15:00,10.80759328358209,
2022-10-27 02:30:00,10.817649253731345,
2022-10-27 02:45:00,10.807705223880598,
2022-10-27 03:00:00,10.807761194029853,
2022-10-27 03:15:00,10.817817164179104,
2022-10-27 03:30:00,10.81787313432836,
2022-10-27 03:45:00,10.817929104477612,
2022-10-27 04:00:00,10.817985074626865,
2022-10-27 04:15:00,10.82804104477612,
2022-10-27 04:30:00,10.828097014925373,
2022-10-27 04:45:00,10.818152985074628,
2022-10-27 05:00:00,10.82820895522388,
2022-10-27 05:15:00,10.838264925373132,
2022-10-27 05:30:00,10.828320895522388,
2022-10-27 05:45:00,10.83837686567164,
2022-10-27 06:00:00,10.838432835820894,
2022-10-27 06:15:00,10.83848880597015,
2022-10-27 06:30:00,10.848544776119402,
2022-10-27 06:45:00,10.838600746268655,
2022-10-27 07:00:00,10.84865671641791,
2022-10-27 07:15:00,10.878712686567164,
2022-10-27 07:30:00,10.89876865671642,
2022-10-27 07:45:00,10.928824626865673,
2022-10-27 08:00:00,10.978880597014925,
2022-10-27 08:15:00,11.02893656716418,
2022-10-27 08:30:00,11.078992537313432,
2022-10-27 08:45:00,11.109048507462688,
2022-10-27 09:00:00,11.12910447761194,
2022-10-27 09:15:00,11.129160447761194,
2022-10-27 09:30:00,11.149216417910448,
2022-10-27 09:45:00,11.139272388059702,
2022-10-27 10:00:00,11.109328358208955,
2022-10-27 10:15:00,11.089384328358207,
2022-10-27 10:30:00,11.049440298507465,
2022-10-27 10:45:00,10.999496268656715,
2022-10-27 11:00:00,10.96955223880597,
2022-10-27 11:15:00,10.919608208955225,
2022-10-27 11:30:00,10.87966417910448,
2022-10-27 11:45:00,10.829720149253731,
2022-10-27 12:00:00,10.789776119402983,
2022-10-27 12:15:00,10.73983208955224,
2022-10-27 12:30:00,10.689888059701492,
2022-10-27 12:45:00,10.629944029850746,
2022-10-27 13:00:00,10.58662935323383,LI
2022-10-27 13:15:00,10.543314676616916,LI
2022-10-27 13:30:00,10.5,
2022-10-27 13:45:00,10.48,
2022-10-27 14:00:00,10.44,
2022-10-27 14:15:00,10.42,
2022-10-27 14:30:00,10.37,
2022-10-27 14:45:00,10.32,
2022-10-27 15:00:00,10.3,
2022-10-27 15:15:00,10.27,
2022-10-27 15:30:00,10.24,
2022-10-27 15:45:00,10.22,
2022-10-27 16:00:00,10.21,
2022-10-27 16:15:00,10.19,
2022-10-27 16:30:00,10.16,
2022-10-27 16:45:00,10.12,
2022-10-27 17:00:00,10.09,
2022-10-27 17:15:00,10.06,
2022-10-27 17:30:00,10.04,
2022-10-27 17:45:00,10.02,
2022-10-27 18:00:00,10.04,
2022-10-27 18:15:00,10.05,
2022-10-27 18:30:00,10.08,
2022-10-27 18:45:00,10.11,
2022-10-27 19:00:00,10.14,
2022-10-27 19:15:00,10.16,
2022-10-27 19:30:00,10.2,
2022-10-27 19:45:00,10.23,
2022-10-27 20:00:00,10.26,
2022-10-27 20:15:00,10.29,
2022-10-27 20:30:00,10.34,
2022-10-27 20:45:00,10.37,
2022-10-27 21:00:00,10.42,
2022-10-27 21:15:00,10.45,
2022-10-27 21:30:00,10.49,
2022-10-27 21:45:00,10.53,
2022-10-27 22:00:00,10.57,
2022-10-27 22:15:00,10.62,
2022-10-27 22:30:00,10.65,
2022-10-27 22:45:00,10.68,
2022-10-27 23:00:00,10.72,
2022-10-27 23:15:00,10.76,
2022-10-27 23:30:00,10.79,
2022-10-27 23:45:00,10.84,
2022-10-28 00:00:00,10.87,
2022-10-28 00:15:00,10.9,
2022-10-28 00:30:00,10.94,
2022-10-28 00:45:00,10.98,
2022-10-28 01:00:00,11.01,
2022-10-28 01:15:00,11.04,
2022-10-28 01:30:00,11.07,
2022-10-28 01:45:00,11.1,
2022-10-28 02:00:00,11.13,
2022-10-28 02:15:00,11.16,
2022-10-28 02:30:00,11.19,
2022-10-28 02:45:00,11.21,
2022-10-28 03:00:00,11.25,
2022-10-28 03:15:00,11.27,
2022-10-28 03:30:00,11.3,
2022-10-28 03:45:00,11.33,
2022-10-28 04:00:00,11.35,
2022-10-28 04:15:00,11.38,
2022-10-28 04:30:00,11.4,
2022-10-28 04:45:00,11.43,
2022-10-28 05:00:00,11.45,
2022-10-28 05:15:00,11.47,
2022-10-28 05:30:00,11.5,
2022-10-28 05:45:00,11.53,
2022-10-28 06:00:00,11.54,
2022-10-28 06:15:00,11.55,
2022-10-28 06:30:00,11.57,
2022-10-28 06:45:00,11.58,
2022-10-28 07:00:00,11.61,
2022-10-28 07:15:00,11.64,
2022-10-28 07:30:00,11.68,
2022-10-28 07:45:00,11.72,
2022-10-28 08:00:00,11.74,
2022-10-28 08:15:00,11.77,
2022-10-28 08:30:00,11.79,
2022-10-28 08:45:00,11.82,
2022-10-28 09:00:00,11.83,
2022-10-28 09:15:00,11.84,
2022-10-28 09:30:00,11.83,
2022-10-28 09:45:00,11.83,
2022-10-28 10:00:00,11.81,
2022-10-28 10:15:00,11.76,
2022-10-28 10:30:00,11.69,
2022-10-28 10:45:00,11.61,
2022-10-28 11:00:00,11.54,
2022-10-28 11:15:00,11.45,
2022-10-28 11:30:00,11.35,
2022-10-28 11:45:00,11.26,
2022-10-28 12:00:00,11.15,
2022-10-28 12:15:00,11.05,
2022-10-28 12:30:00,10.96,
2022-10-28 12:45:00,10.87,
2022-10-28 13:00:00,10.77,
2022-10-28 13:15:00,10.68,
2022-10-28 13:30:00,10.61,
2022-10-28 13:45:00,10.53,
2022-10-28 14:00:00,10.46,
2022-10-28 14:15:00,10.39,
2022-10-28 14:30:00,10.33,
2022-10-28 14:45:00,10.28,
2022-10-28 15:00:00,10.23,
2022-10-28 15:15:00,10.19,
2022-10-28 15:30:00,10.17,
2022-10-28 15:45:00,10.13,
2022-10-28 16:00:00,10.12,
2022-10-28 16:15:00,10.06,
2022-10-28 16:30:00,10.03,
2022-10-28 16:45:00,10.05,
2022-10-28 17:00:00,10.04,
2022-10-28 17:15:00,10.01,
2022-10-28 17:30:00,10.0,
2022-10-28 17:45:00,10.0,
2022-10-28 18:00:00,10.01,
2022-10-28 18:15:00,10.02,
2022-10-28 18:30:00,10.05,
2022-10-28 18:45:00,10.08,
2022-10-28 19:00:00,10.1,
2022-10-28 19:15:00,10.14,
2022-10-28 19:30:00,10.16,
2022-10-28 19:45:00,10.2,
2022-10-28 20:00:00,10.23,
2022-10-28 20:15:00,10.26,
2022-10-28 20:30:00,10.27,
2022-10-28 20:45:00,10.3,
2022-10-28 21:00:00,10.34,
2022-10-28 21:15:00,10.36,
2022-10-28 21:30:00,10.39,
2022-10-28 21:45:00,10.41,
2022-10-28 22:00:00,10.45,
2022-10-28 22:15:00,10.48,
2022-10-28 22:30:00,10.51,
2022-10-28 22:45:00,10.53,
2022-10-28 23:00:00,10.55,
2022-10-28 23:15:00,10.58,
2022-10-28 23:30:00,10.61,
2022-10-28 23:45:00,10.64,
2022-10-29 00:00:00,10.66,
2022-10-29 00:15:00,10.68,
2022-10-29 00:30:00,10.71,
2022-10-29 00:45:00,10.73,
2022-10-29 01:00:00,10.76,
2022-10-29 01:15:00,10.79,
2022-10-29 01:30:00,10.82,
2022-10-29 01:45:00,10.84,
2022-10-29 02:00:00,10.85,
2022-10-29 02:15:00,10.88,
2022-10-29 02:30:00,10.89,
2022-10-29 02:45:00,10.91,
2022-10-29 03:00:00,10.93,
2022-10-29 03:15:00,10.94,
2022-10-29 03:30:00,10.96,
2022-10-29 03:45:00,10.98,
2022-10-29 04:00:00,10.99,
2022-10-29 04:15:00,11.01,
2022-10-29 04:30:00,11.02,
2022-10-29 04:45:00,11.02,
2022-10-29 05:00:00,11.03,
2022-10-29 05:15:00,11.04,
2022-10-29 05:30:00,11.04,
2022-10-29 05:45:00,11.04,
2022-10-29 06:00:00,11.04,
2022-10-29 06:15:00,11.04,
2022-10-29 06:30:00,11.03,
2022-10-29 06:45:00,11.03,
2022-10-29 07:00:00,11.03,
2022-10-29 07:15:00,11.04,
2022-10-29 07:30:00,11.07,
2022-10-29 07:45:00,11.09,
2022-10-29 08:00:00,11.12,
2022-10-29 08:15:00,11.15,
2022-10-29 08:30:00,11.19,
2022-10-29 08:45:00,11.22,
2022-10-29 09:00:00,11.24,
2022-10-29 09:15:00,11.23,
2022-10-29 09:30:00,11.21,
2022-10-29 09:45:00,11.17,
2022-10-29 10:00:00,11.12,
2022-10-29 10:15:00,11.08,
2022-10-29 10:30:00,11.04,
2022-10-29 10:45:00,10.99,
2022-10-29 11:00:00,10.94,
2022-10-29 11:15:00,10.88,
2022-10-29 11:30:00,10.81,
2022-10-29 11:45:00,10.76,
2022-10-29 12:00:00,10.72,
2022-10-29 12:15:00,10.66,
2022-10-29 12:30:00,10.62,
2022-10-29 12:45:00,10.57,
2022-10-29 13:00:00,10.51,
2022-10-29 13:15:00,10.46,
2022-10-29 13:30:00,10.4,
2022-10-29 13:45:00,10.35,
2022-10-29 14:00:00,10.3,
2022-10-29 14:15:00,10.26,
2022-10-29 14:30:00,10.21,
2022-10-29 14:45:00,10.16,
2022-10-29 15:00:00,10.13,
2022-10-29 15:15:00,10.11,
2022-10-29 15:30:00,10.04,
2022-10-29 15:45:00,9.94,
2022-10-29 16:00:00,9.91,
2022-10-29 16:15:00,9.93,
2022-10-29 16:30:00,9.93,
2022-10-29 16:45:00,9.89,
2022-10-29 17:00:00,9.82,
2022-10-29 17:15:00,9.77,
2022-10-29 17:30:00,9.72,
2022-10-29 17:45:00,9.7,
2022-10-29 18:00:00,9.7,
2022-10-29 18:15:00,9.7,
2022-10-29 18:30:00,9.72,
2022-10-29 18:45:00,9.73,
2022-10-29 19:00:00,9.75,
2022-10-29 19:15:00,9.77,
2022-10-29 19:30:00,9.81,
2022-10-29 19:45:00,9.83,
2022-10-29 20:00:00,9.85,
2022-10-29 20:15:00,9.87,
2022-10-29 20:30:00,9.89,
2022-10-29 20:45:00,9.9,
2022-10-29 21:00:00,9.93,
2022-10-29 21:15:00,9.95,
2022-10-29 21:30:00,9.96,
2022-10-29 21:45:00,9.99,
2022-10-29 22:00:00,10.01,
2022-10-29 22:15:00,10.04,
2022-10-29 22:30:00,10.06,
2022-10-29 22:45:00,10.1,
2022-10-29 23:00:00,10.12,
2022-10-29 23:15:00,10.16,
2022-10-29 23:30:00,10.19,
2022-10-29 23:45:00,10.2,
2022-10-30 00:00:00,10.23,
2022-10-30 00:15:00,10.26,
2022-10-30 00:30:00,10.29,
2022-10-30 00:45:00,10.32,
2022-10-30 01:00:00,10.36,
2022-10-30 01:15:00,10.38,
2022-10-30 01:30:00,10.41,
2022-10-30 01:45:00,10.44,
2022-10-30 02:00:00,10.46,
2022-10-30 02:15:00,10.5,
2022-10-30 02:30:00,10.51,
2022-10-30 02:45:00,10.54,
2022-10-30 03:00:00,10.57,
2022-10-30 03:15:00,10.6,
2022-10-30 03:30:00,10.62,
2022-10-30 03:45:00,10.64,
2022-10-30 04:00:00,10.67,
2022-10-30 04:15:00,10.7,
2022-10-30 04:30:00,10.72,
2022-10-30 04:45:00,10.74,
2022-10-30 05:00:00,10.77,
2022-10-30 05:15:00,10.79,
2022-10-30 05:30:00,10.82,
2022-10-30 05:45:00,10.84,
2022-10-30 06:00:00,10.87,
2022-10-30 06:15:00,10.89,
2022-10-30 06:30:00,10.92,
2022-10-30 06:45:00,10.94,
2022-10-30 07:00:00,10.96,
2022-10-30 07:15:00,11.01,
2022-10-30 07:30:00,11.05,
2022-10-30 07:45:00,11.09,
2022-10-30 08:00:00,11.13,
2022-10-30 08:15:00,11.17,
2022-10-30 08:30:00,11.2,
2022-10-30 08:45:00,11.25,
2022-10-30 09:00:00,11.27,
2022-10-30 09:15:00,11.28,
2022-10-30 09:30:00,11.3,
2022-10-30 09:45:00,11.28,
2022-10-30 10:00:00,11.24,
2022-10-30 10:15:00,11.2,
2022-10-30 10:30:00,11.15,
2022-10-30 10:45:00,11.09,
2022-10-30 11:00:00,11.01,
2022-10-30 11:15:00,10.95,
2022-10-30 11:30:00,10.87,
2022-10-30 11:45:00,10.8,
2022-10-30 12:00:00,10.74,
2022-10-30 12:15:00,10.65,
2022-10-30 12:30:00,10.59,
2022-10-30 12:45:00,10.5,
2022-10-30 13:00:00,10.43,
2022-10-30 13:15:00,10.35,
2022-10-30 13:30:00,10.29,
2022-10-30 13:45:00,10.21,
2022-10-30 14:00:00,10.15,
2022-10-30 14:15:00,10.09,
2022-10-30 14:30:00,10.05,
2022-10-30 14:45:00,9.99,
2022-10-30 15:00:00,9.95,
2022-10-30 15:15:00,9.92,
2022-10-30 15:30:00,9.88,
2022-10-30 15:45:00,9.85,
2022-10-30 16:00:00,9.82,
2022-10-30 16:15:00,9.79,
2022-10-30 16:30:00,9.74,
2022-10-30 16:45:00,9.7,
2022-10-30 17:00:00,9.67,
2022-10-30 17:15:00,9.66,
2022-10-30 17:30:00,9.63,
2022-10-30 17:45:00,9.64,
2022-10-30 18:00:00,9.65,
2022-10-30 18:15:00,9.69,
2022-10-30 18:30:00,9.71,
2022-10-30 18:45:00,9.74,
2022-10-30 19:00:00,9.77,
2022-10-30 19:15:00,9.8,
2022-10-30 19:30:00,9.84,
2022-10-30 19:45:00,9.88,
2022-10-30 20:00:00,9.91,
2022-10-30 20:15:00,9.94,
2022-10-30 20:30:00,9.97,
2022-10-30 20:45:00,10.0,
2022-10-30 21:00:00,10.04,
2022-10-30 21:15:00,10.06,
2022-10-30 21:30:00,10.1,
2022-10-30 21:45:00,10.12,
2022-10-30 22:00:00,10.15,
2022-10-30 22:15:00,10.19,
2022-10-30 22:30:00,10.21,
2022-10-30 22:45:00,10.24,
2022-10-30 23:00:00,10.27,
2022-10-30 23:15:00,10.3,
2022-10-30 23:30:00,10.33,
2022-10-30 23:45:00,10.35,
2022-10-31 00:00:00,10.38,
2022-10-31 00:15:00,10.41,
2022-10-31 00:30:00,10.43,
2022-10-31 00:45:00,10.46,
2022-10-31 01:00:00,10.48,
2022-10-31 01:15:00,10.51,
2022-10-31 01:30:00,10.53,
2022-10-31 01:45:00,10.55,
2022-10-31 02:00:00,10.58,
2022-10-31 02:15:00,10.6,
2022-10-31 02:30:00,10.62,
2022-10-31 02:45:00,10.64,
2022-10-31 03:00:00,10.65,
2022-10-31 03:15:00,10.68,
2022-10-31 03:30:00,10.69,
2022-10-31 03:45:00,10.71,
2022-10-31 04:00:00,10.73,
2022-10-31 04:15:00,10.75,
2022-10-31 04:30:00,10.77,
2022-10-31 04:45:00,10.78,
2022-10-31 05:00:00,10.79,
2022-10-31 05:15:00,10.82,
2022-10-31 05:30:00,10.83,
2022-10-31 05:45:00,10.84,
2022-10-31 06:00:00,10.86,
2022-10-31 06:15:00,10.87,
2022-10-31 06:30:00,10.88,
2022-10-31 06:45:00,10.9,
2022-10-31 07:00:00,10.91,
2022-10-31 07:15:00,10.95,
2022-10-31 07:30:00,10.98,
2022-10-31 07:45:00,11.01,
2022-10-31 08:00:00,11.04,
2022-10-31 08:15:00,11.06,
2022-10-31 08:30:00,11.08,
2022-10-31 08:45:00,11.13,
2022-10-31 09:00:00,11.15,
2022-10-31 09:15:00,11.16,
2022-10-31 09:30:00,11.17,
2022-10-31 09:45:00,11.15,
2022-10-31 10:00:00,11.12,
2022-10-31 10:15:00,11.07,
2022-10-31 10:30:00,11.02,
2022-10-31 10:45:00,10.98,
2022-10-31 11:00:00,10.9,
2022-10-31 11:15:00,10.82,
2022-10-31 11:30:00,10.73,
2022-10-31 11:45:00,10.65,
2022-10-31 12:00:00,10.57,
2022-10-31 12:15:00,10.5,
2022-10-31 12:30:00,10.42,
2022-10-31 12:45:00,10.35,
2022-10-31 13:00:00,10.27,
2022-10-31 13:15:00,10.21,
2022-10-31 13:30:00,10.13,
2022-10-31 13:45:00,10.08,
2022-10-31 14:00:00,10.03,
2022-10-31 14:15:00,9.97,
2022-10-31 14:30:00,9.93,
2022-10-31 14:45:00,9.88,
2022-10-31 15:00:00,9.84,
2022-10-31 15:15:00,9.8,
2022-10-31 15:30:00,9.75,
2022-10-31 15:45:00,9.72,
2022-10-31 16:00:00,9.72,
2022-10-31 16:15:00,9.67,
2022-10-31 16:30:00,9.61,
2022-10-31 16:45:00,9.55,
2022-10-31 17:00:00,9.51,
2022-10-31 17:15:00,9.47,
2022-10-31 17:30:00,9.45,
2022-10-31 17:45:00,9.45,
2022-10-31 18:00:00,9.46,
2022-10-31 18:15:00,9.47,
2022-10-31 18:30:00,9.5,
2022-10-31 18:45:00,9.52,
2022-10-31 19:00:00,9.55,
2022-10-31 19:15:00,9.58,
2022-10-31 19:30:00,9.62,
2022-10-31 19:45:00,9.64,
2022-10-31 20:00:00,9.67,
2022-10-31 20:15:00,9.7,
2022-10-31 20:30:00,9.73,
2022-10-31 20:45:00,9.76,
2022-10-31 21:00:00,9.78,
2022-10-31 21:15:00,9.81,
2022-10-31 21:30:00,9.83,
2022-10-31 21:45:00,9.86,
2022-10-31 22:00:00,9.89,
2022-10-31 22:15:00,9.91,
2022-10-31 22:30:00,9.94,
2022-10-31 22:45:00,9.95,
2022-10-31 23:00:00,9.98,
2022-10-31 23:15:00,10.0,
2022-10-31 23:30:00,10.02,
2022-10-31 23:45:00,10.05,
2022-11-01 00:00:00,10.06,
2022-11-01 00:15:00,10.08,
2022-11-01 00:30:00,10.1,
2022-11-01 00:45:00,10.12,
2022-11-01 01:00:00,10.13,
2022-11-01 01:15:00,10.15,
2022-11-01 01:30:00,10.16,
2022-11-01 01:45:00,10.18,
2022-11-01 02:00:00,10.2,
2022-11-01 02:15:00,10.21,
2022-11-01 02:30:00,10.23,
2022-11-01 02:45:00,10.24,
2022-11-01 03:00:00,10.25,
2022-11-01 03:15:00,10.26,
2022-11-01 03:30:00,10.28,
2022-11-01 03:45:00,10.28,
2022-11-01 04:00:00,10.29,
2022-11-01 04:15:00,10.3,
2022-11-01 04:30:00,10.32,
2022-11-01 04:45:00,10.34,
2022-11-01 05:00:00,10.34,
2022-11-01 05:15:00,10.35,
2022-11-01 05:30:00,10.36,
2022-11-01 05:45:00,10.36,
2022-11-01 06:00:00,10.37,
2022-11-01 06:15:00,10.38,
2022-11-01 06:30:00,10.38,
2022-11-01 06:45:00,10.39,
2022-11-01 07:00:00,10.4,
2022-11-01 07:15:00,10.41,
2022-11-01 07:30:00,10.45,
2022-11-01 07:45:00,10.48,
2022-11-01 08:00:00,10.52,
2022-11-01 08:15:00,10.62,
2022-11-01 08:30:00,10.64,
2022-11-01 08:45:00,10.61,
2022-11-01 09:00:00,10.64,
2022-11-01 09:15:00,10.68,
2022-11-01 09:30:00,10.66,
2022-11-01 09:45:00,10.68,
2022-11-01 10:00:00,10.68,
2022-11-01 10:15:00,10.66,
2022-11-01 10:30:00,10.68,
2022-11-01 10:45:00,10.66,
2022-11-01 11:00:00,10.64,
2022-11-01 11:15:00,10.58,
2022-11-01 11:30:00,10.5,
2022-11-01 11:45:00,10.41,
2022-11-01 12:00:00,10.36,
2022-11-01 12:15:00,10.28,
2022-11-01 12:30:00,10.2,
2022-11-01 12:45:00,10.14,
2022-11-01 13:00:00,10.08,
2022-11-01 13:15:00,10.01,
2022-11-01 13:30:00,9.95,
2022-11-01 13:45:00,9.9,
2022-11-01 14:00:00,9.84,
2022-11-01 14:15:00,9.78,
2022-11-01 14:30:00,9.67,
2022-11-01 14:45:00,9.64,
2022-11-01 15:00:00,9.56,
2022-11-01 15:15:00,9.59,
2022-11-01 15:30:00,9.58,
2022-11-01 15:45:00,9.54,
2022-11-01 16:00:00,9.53,
2022-11-01 16:15:00,9.51,
2022-11-01 16:30:00,9.43,
2022-11-01 16:45:00,9.39,
2022-11-01 17:00:00,9.39,
2022-11-01 17:15:00,9.38,
2022-11-01 17:30:00,9.36,
2022-11-01 17:45:00,9.35,
2022-11-01 18:00:00,9.36,
2022-11-01 18:15:00,9.38,
2022-11-01 18:30:00,9.41,
2022-11-01 18:45:00,9.43,
2022-11-01 19:00:00,9.45,
2022-11-01 19:15:00,9.49,
2022-11-01 19:30:00,9.5,
2022-11-01 19:45:00,9.53,
2022-11-01 20:00:00,9.56,
2022-11-01 20:15:00,9.6,
2022-11-01 20:30:00,9.62,
2022-11-01 20:45:00,9.65,
2022-11-01 21:00:00,9.68,
2022-11-01 21:15:00,9.71,
2022-11-01 21:30:00,9.74,
2022-11-01 21:45:00,9.77,
2022-11-01 22:00:00,9.8,
2022-11-01 22:15:00,9.82,
2022-11-01 22:30:00,9.84,
2022-11-01 22:45:00,9.86,
2022-11-01 23:00:00,9.88,
2022-11-01 23:15:00,9.9,
2022-11-01 23:30:00,9.91,
2022-11-01 23:45:00,9.92,
2022-11-02 00:00:00,9.93,
2022-11-02 00:15:00,9.93,
2022-11-02 00:30:00,9.96,
2022-11-02 00:45:00,9.98,
2022-11-02 01:00:00,9.98,
2022-11-02 01:15:00,9.99,
2022-11-02 01:30:00,9.98,
2022-11-02 01:45:00,9.98,
2022-11-02 02:00:00,9.98,
2022-11-02 02:15:00,9.98,
2022-11-02 02:30:00,9.99,
2022-11-02 02:45:00,9.99,
2022-11-02 03:00:00,10.0,
2022-11-02 03:15:00,10.01,
2022-11-02 03:30:00,10.01,
2022-11-02 03:45:00,10.01,
2022-11-02 04:00:00,10.03,
2022-11-02 04:15:00,10.03,
2022-11-02 04:30:00,10.03,
2022-11-02 04:45:00,10.05,
2022-11-02 05:00:00,10.05,
2022-11-02 05:15:00,10.06,
2022-11-02 05:30:00,10.07,
2022-11-02 05:45:00,10.1,
2022-11-02 06:00:00,10.13,
2022-11-02 06:15:00,10.15,
2022-11-02 06:30:00,10.16,
2022-11-02 06:45:00,10.19,
2022-11-02 07:00:00,10.23,
2022-11-02 07:15:00,10.25,
2022-11-02 07:30:00,10.29,
2022-11-02 07:45:00,10.33,
2022-11-02 08:00:00,10.36,
2022-11-02 08:15:00,10.41,
2022-11-02 08:30:00,10.47,
2022-11-02 08:45:00,10.55,
2022-11-02 09:00:00,10.62,
2022-11-02 09:15:00,10.68,
2022-11-02 09:30:00,10.73,
2022-11-02 09:45:00,10.77,
2022-11-02 10:00:00,10.8,
2022-11-02 10:15:00,10.81,
2022-11-02 10:30:00,10.82,
2022-11-02 10:45:00,10.82,
2022-11-02 11:00:00,10.82,
2022-11-02 11:15:00,10.81,
2022-11-02 11:30:00,10.78,
2022-11-02 11:45:00,10.75,
2022-11-02 12:00:00,10.73,
2022-11-02 12:15:00,10.71,
2022-11-02 12:30:00,10.69,
2022-11-02 12:45:00,10.66,
2022-11-02 13:00:00,10.64,
2022-11-02 13:15:00,10.63,
2022-11-02 13:30:00,10.6,
2022-11-02 13:45:00,10.57,
2022-11-02 14:00:00,10.55,
2022-11-02 14:15:00,10.52,
2022-11-02 14:30:00,10.52,
2022-11-02 14:45:00,10.49,
2022-11-02 15:00:00,10.46,
2022-11-02 15:15:00,10.43,
2022-11-02 15:30:00,10.42,
2022-11-02 15:45:00,10.38,
2022-11-02 16:00:00,10.35,
2022-11-02 16:15:00,10.32,
2022-11-02 16:30:00,10.28,
2022-11-02 16:45:00,10.23,
2022-11-02 17:00:00,10.2,
2022-11-02 17:15:00,10.17,
2022-11-02 17:30:00,10.15,
2022-11-02 17:45:00,10.15,
2022-11-02 18:00:00,10.15,
2022-11-02 18:15:00,10.16,
2022-11-02 18:30:00,10.17,
2022-11-02 18:45:00,10.17,
2022-11-02 19:00:00,10.21,
2022-11-02 19:15:00,10.21,
2022-11-02 19:30:00,10.22,
2022-11-02 19:45:00,10.25,
2022-11-02 20:00:00,10.26,
2022-11-02 20:15:00,10.28,
2022-11-02 20:30:00,10.28,
2022-11-02 20:45:00,10.29,
2022-11-02 21:00:00,10.31,
2022-11-02 21:15:00,10.31,
2022-11-02 21:30:00,10.33,
2022-11-02 21:45:00,10.33,
2022-11-02 22:00:00,10.35,
2022-11-02 22:15:00,10.36,
2022-11-02 22:30:00,10.36,
2022-11-02 22:45:00,10.38,
2022-11-02 23:00:00,10.38,
2022-11-02 23:15:00,10.4,
2022-11-02 23:30:00,10.42,
2022-11-02 23:45:00,10.43,
2022-11-03 00:00:00,10.45,
2022-11-03 00:15:00,10.47,
2022-11-03 00:30:00,10.49,
2022-11-03 00:45:00,10.51,
2022-11-03 01:00:00,10.53,
2022-11-03 01:15:00,10.54,
2022-11-03 01:30:00,10.56,
2022-11-03 01:45:00,10.58,
2022-11-03 02:00:00,10.61,
2022-11-03 02:15:00,10.63,
2022-11-03 02:30:00,10.65,
2022-11-03 02:45:00,10.68,
2022-11-03 03:00:00,10.71,
2022-11-03 03:15:00,10.73,
2022-11-03 03:30:00,10.77,
2022-11-03 03:45:00,10.79,
2022-11-03 04:00:00,10.83,
2022-11-03 04:15:00,10.85,
2022-11-03 04:30:00,10.89,
2022-11-03 04:45:00,10.92,
2022-11-03 05:00:00,10.93,
2022-11-03 05:15:00,10.97,
2022-11-03 05:30:00,11.0,
2022-11-03 05:45:00,11.03,
2022-11-03 06:00:00,11.07,
2022-11-03 06:15:00,11.09,
2022-11-03 06:30:00,11.11,
2022-11-03 06:45:00,11.15,
2022-11-03 07:00:00,11.18,
2022-11-03 07:15:00,11.23,
2022-11-03 07:30:00,11.28,
2022-11-03 07:45:00,11.34,
2022-11-03 08:00:00,11.39,
2022-11-03 08:15:00,11.43,
2022-11-03 08:30:00,11.48,
2022-11-03 08:45:00,11.56,
2022-11-03 09:00:00,11.61,
2022-11-03 09:15:00,11.63,
2022-11-03 09:30:00,11.62,
2022-11-03 09:45:00,11.61,
2022-11-03 10:00:00,11.59,
2022-11-03 10:15:00,11.54,
2022-11-03 10:30:00,11.51,
2022-11-03 10:45:00,11.46,
2022-11-03 11:00:00,11.41,
2022-11-03 11:15:00,11.34,
2022-11-03 11:30:00,11.28,
2022-11-03 11:45:00,11.21,
2022-11-03 12:00:00,11.13,
2022-11-03 12:15:00,11.05,
2022-11-03 12:30:00,10.99,
2022-11-03 12:45:00,10.91,
2022-11-03 13:00:00,10.85,
2022-11-03 13:15:00,10.77,
2022-11-03 13:30:00,10.7,
2022-11-03 13:45:00,10.65,
2022-11-03 14:00:00,10.59,
2022-11-03 14:15:00,10.54,
2022-11-03 14:30:00,10.5,
2022-11-03 14:45:00,10.46,
2022-11-03 15:00:00,10.42,
2022-11-03 15:15:00,10.35,
2022-11-03 15:30:00,10.28,
2022-11-03 15:45:00,10.31,
2022-11-03 16:00:00,10.37,
2022-11-03 16:15:00,10.38,
2022-11-03 16:30:00,10.35,
2022-11-03 16:45:00,10.34,
2022-11-03 17:00:00,10.33,
2022-11-03 17:15:00,10.31,
2022-11-03 17:30:00,10.3,
2022-11-03 17:45:00,10.3,
2022-11-03 18:00:00,10.31,
2022-11-03 18:15:00,10.33,
2022-11-03 18:30:00,10.35,
2022-11-03 18:45:00,10.38,
2022-11-03 19:00:00,10.41,
2022-11-03 19:15:00,10.45,
2022-11-03 19:30:00,10.48,
2022-11-03 19:45:00,10.51,
2022-11-03 20:00:00,10.54,
2022-11-03 20:15:00,10.57,
2022-11-03 20:30:00,10.61,
2022-11-03 20:45:00,10.65,
2022-11-03 21:00:00,10.68,
2022-11-03 21:15:00,10.72,
2022-11-03 21:30:00,10.76,
2022-11-03 21:45:00,10.8,
2022-11-03 22:00:00,10.83,
2022-11-03 22:15:00,10.87,
2022-11-03 22:30:00,10.91,
2022-11-03 22:45:00,10.94,
2022-11-03 23:00:00,10.97,
2022-11-03 23:15:00,11.0,
2022-11-03 23:30:00,11.03,
2022-11-03 23:45:00,11.06,
2022-11-04 00:00:00,11.08,
2022-11-04 00:15:00,11.11,
2022-11-04 00:30:00,11.13,
2022-11-04 00:45:00,11.15,
2022-11-04 01:00:00,11.17,
2022-11-04 01:15:00,11.19,
2022-11-04 01:30:00,11.21,
2022-11-04 01:45:00,11.24,
2022-11-04 02:00:00,11.26,
2022-11-04 02:15:00,11.28,
2022-11-04 02:30:00,11.31,
2022-11-04 02:45:00,11.34,
2022-11-04 03:00:00,11.36,
2022-11-04 03:15:00,11.39,
2022-11-04 03:30:00,11.41,
2022-11-04 03:45:00,11.44,
2022-11-04 04:00:00,11.46,
2022-11-04 04:15:00,11.48,
2022-11-04 04:30:00,11.5,
2022-11-04 04:45:00,11.52,
2022-11-04 05:00:00,11.55,
2022-11-04 05:15:00,11.56,
2022-11-04 05:30:00,11.56,
2022-11-04 05:45:00,11.56,
2022-11-04 06:00:00,11.57,
2022-11-04 06:15:00,11.57,
2022-11-04 06:30:00,11.57,
2022-11-04 06:45:00,11.56,
2022-11-04 07:00:00,11.56,
2022-11-04 07:15:00,11.57,
2022-11-04 07:30:00,11.6,
2022-11-04 07:45:00,11.64,
2022-11-04 08:00:00,11.68,
2022-11-04 08:15:00,11.72,
2022-11-04 08:30:00,11.74,
2022-11-04 08:45:00,11.78,
2022-11-04 09:00:00,11.8,
2022-11-04 09:15:00,11.84,
2022-11-04 09:30:00,11.84,
2022-11-04 09:45:00,11.85,
2022-11-04 10:00:00,11.87,
2022-11-04 10:15:00,11.87,
2022-11-04 10:30:00,11.88,
2022-11-04 10:45:00,11.87,
2022-11-04 11:00:00,11.88,
2022-11-04 11:15:00,11.87,
2022-11-04 11:30:00,11.88,
2022-11-04 11:45:00,11.87,
2022-11-04 12:00:00,11.87,
2022-11-04 12:15:00,11.84,
2022-11-04 12:30:00,11.77,
2022-11-04 12:45:00,11.7,
2022-11-04 13:00:00,11.58,
2022-11-04 13:15:00,11.5,
2022-11-04 13:30:00,11.42,
2022-11-04 13:45:00,11.35,
2022-11-04 14:00:00,11.29,
2022-11-04 14:15:00,11.27,
2022-11-04 14:30:00,11.21,
2022-11-04 14:45:00,11.18,
2022-11-04 15:00:00,11.14,
2022-11-04 15:15:00,11.11,
2022-11-04 15:30:00,11.1,
2022-11-04 15:45:00,11.09,
2022-11-04 16:00:00,11.09,
2022-11-04 16:15:00,11.08,
2022-11-04 16:30:00,11.05,
2022-11-04 16:45:00,11.02,
2022-11-04 17:00:00,10.99,
2022-11-04 17:15:00,10.97,
2022-11-04 17:30:00,10.94,
2022-11-04 17:45:00,10.92,
2022-11-04 18:00:00,10.92,
2022-11-04 18:15:00,10.92,
2022-11-04 18:30:00,10.93,
2022-11-04 18:45:00,10.93,
2022-11-04 19:00:00,10.95,
2022-11-04 19:15:00,10.96,
2022-11-04 19:30:00,10.99,
2022-11-04 19:45:00,10.99,
2022-11-04 20:00:00,11.0,
2022-11-04 20:15:00,11.01,
2022-11-04 20:30:00,11.02,
2022-11-04 20:45:00,11.02,
2022-11-04 21:00:00,11.03,
2022-11-04 21:15:00,11.03,
2022-11-04 21:30:00,11.04,
2022-11-04 21:45:00,11.04,
2022-11-04 22:00:00,11.03,
2022-11-04 22:15:00,11.04,
2022-11-04 22:30:00,11.05,
2022-11-04 22:45:00,11.06,
2022-11-04 23:00:00,11.07,
2022-11-04 23:15:00,11.08,
2022-11-04 23:30:00,11.08,
2022-11-04 23:45:00,11.08,
2022-11-05 00:00:00,11.09,
2022-11-05 00:15:00,11.09,
2022-11-05 00:30:00,11.09,
2022-11-05 00:45:00,11.09,
2022-11-05 01:00:00,11.09,
2022-11-05 01:15:00,11.09,
2022-11-05 01:30:00,11.09,
2022-11-05 01:45:00,11.09,
2022-11-05 02:00:00,11.1,
2022-11-05 02:15:00,11.12,
2022-11-05 02:30:00,11.14,
2022-11-05 02:45:00,11.16,
2022-11-05 03:00:00,11.19,
2022-11-05 03:15:00,11.21,
2022-11-05 03:30:00,11.23,
2022-11-05 03:45:00,11.24,
2022-11-05 04:00:00,11.26,
2022-11-05 04:15:00,11.28,
2022-11-05 04:30:00,11.3,
2022-11-05 04:45:00,11.32,
2022-11-05 05:00:00,11.33,
2022-11-05 05:15:00,11.35,
2022-11-05 05:30:00,11.37,
2022-11-05 05:45:00,11.39,
2022-11-05 06:00:00,11.4,
2022-11-05 06:15:00,11.41,
2022-11-05 06:30:00,11.41,
2022-11-05 06:45:00,11.42,
2022-11-05 07:00:00,11.42,
2022-11-05 07:15:00,11.42,
2022-11-05 07:30:00,11.43,
2022-11-05 07:45:00,11.45,
2022-11-05 08:00:00,11.48,
2022-11-05 08:15:00,11.49,
2022-11-05 08:30:00,11.52,
2022-11-05 08:45:00,11.57,
2022-11-05 09:00:00,11.62,
2022-11-05 09:15:00,11.64,
2022-11-05 09:30:00,11.64,
2022-11-05 09:45:00,11.67,
2022-11-05 10:00:00,11.69,
2022-11-05 10:15:00,11.68,
2022-11-05 10:30:00,11.68,
2022-11-05 10:45:00,11.69,
2022-11-05 11:00:00,11.66,
2022-11-05 11:15:00,11.65,
2022-11-05 11:30:00,11.63,
2022-11-05 11:45:00,11.64,
2022-11-05 12:00:00,11.64,
2022-11-05 12:15:00,11.63,
2022-11-05 12:30:00,11.64,
2022-11-05 12:45:00,11.63,
2022-11-05 13:00:00,11.61,
2022-11-05 13:15:00,11.61,
2022-11-05 13:30:00,11.59,
2022-11-05 13:45:00,11.59,
2022-11-05 14:00:00,11.56,
2022-11-05 14:15:00,11.49,
2022-11-05 14:30:00,11.43,
2022-11-05 14:45:00,11.39,
2022-11-05 15:00:00,11.34,
2022-11-05 15:15:00,11.28,
2022-11-05 15:30:00,11.26,
2022-11-05 15:45:00,11.27,
2022-11-05 16:00:00,11.23,
2022-11-05 16:15:00,11.24,
2022-11-05 16:30:00,11.27,
2022-11-05 16:45:00,11.29,
2022-11-05 17:00:00,11.3,
2022-11-05 17:15:00,11.31,
2022-11-05 17:30:00,11.35,
2022-11-05 17:45:00,11.36,
2022-11-05 18:00:00,11.38,
2022-11-05 18:15:00,11.39,
2022-11-05 18:30:00,11.41,
2022-11-05 18:45:00,11.42,
2022-11-05 19:00:00,11.42,
2022-11-05 19:15:00,11.42,
2022-11-05 19:30:00,11.43,
2022-11-05 19:45:00,11.42,
2022-11-05 20:00:00,11.42,
2022-11-05 20:15:00,11.41,
2022-11-05 20:30:00,11.4,
2022-11-05 20:45:00,11.39,
2022-11-05 21:00:00,11.38,
2022-11-05 21:15:00,11.37,
2022-11-05 21:30:00,11.36,
2022-11-05 21:45:00,11.35,
2022-11-05 22:00:00,11.35,
2022-11-05 22:15:00,11.35,
2022-11-05 22:30:00,11.33,
2022-11-05 22:45:00,11.33,
2022-11-05 23:00:00,11.33,
2022-11-05 23:15:00,11.32,
2022-11-05 23:30:00,11.31,
2022-11-05 23:45:00,11.3,
2022-11-06 00:00:00,11.3,
2022-11-06 00:15:00,11.3,
2022-11-06 00:30:00,11.3,
2022-11-06 00:45:00,11.29,
2022-11-06 01:00:00,11.29,
2022-11-06 01:15:00,11.28,
2022-11-06 01:30:00,11.29,
2022-11-06 01:45:00,11.29,
2022-11-06 02:00:00,11.28,
2022-11-06 02:15:00,11.28,
2022-11-06 02:30:00,11.28,
2022-11-06 02:45:00,11.28,
2022-11-06 03:00:00,11.28,
2022-11-06 03:15:00,11.27,
2022-11-06 03:30:00,11.27,
2022-11-06 03:45:00,11.27,
2022-11-06 04:00:00,11.27,
2022-11-06 04:15:00,11.27,
2022-11-06 04:30:00,11.27,
2022-11-06 04:45:00,11.27,
2022-11-06 05:00:00,11.27,
2022-11-06 05:15:00,11.28,
2022-11-06 05:30:00,11.28,
2022-11-06 05:45:00,11.29,
2022-11-06 06:00:00,11.28,
2022-11-06 06:15:00,11.28,
2022-11-06 06:30:00,11.28,
2022-11-06 06:45:00,11.29,
2022-11-06 07:00:00,11.3,
2022-11-06 07:15:00,11.32,
2022-11-06 07:30:00,11.36,
2022-11-06 07:45:00,11.39,
2022-11-06 08:00:00,11.43,
2022-11-06 08:15:00,11.47,
2022-11-06 08:30:00,11.5,
2022-11-06 08:45:00,11.54,
2022-11-06 09:00:00,11.6,
2022-11-06 09:15:00,11.63,
2022-11-06 09:30:00,11.66,
2022-11-06 09:45:00,11.66,
2022-11-06 10:00:00,11.65,
2022-11-06 10:15:00,11.62,
2022-11-06 10:30:00,11.59,
2022-11-06 10:45:00,11.53,
2022-11-06 11:00:00,11.47,
2022-11-06 11:15:00,11.41,
2022-11-06 11:30:00,11.34,
2022-11-06 11:45:00,11.26,
2022-11-06 12:00:00,11.18,
2022-11-06 12:15:00,11.11,
2022-11-06 12:30:00,11.03,
2022-11-06 12:45:00,10.97,
2022-11-06 13:00:00,10.88,
2022-11-06 13:15:00,10.81,
2022-11-06 13:30:00,10.75,
2022-11-06 13:45:00,10.68,
2022-11-06 14:00:00,10.64,
2022-11-06 14:15:00,10.59,
2022-11-06 14:30:00,10.53,
2022-11-06 14:45:00,10.48,
2022-11-06 15:00:00,10.44,
2022-11-06 15:15:00,10.43,
2022-11-06 15:30:00,10.36,
2022-11-06 15:45:00,10.33,
2022-11-06 16:00:00,10.32,
2022-11-06 16:15:00,10.3,
2022-11-06 16:30:00,10.28,
2022-11-06 16:45:00,10.24,
2022-11-06 17:00:00,10.2,
2022-11-06 17:15:00,10.17,
2022-11-06 17:30:00,10.13,
2022-11-06 17:45:00,10.13,
2022-11-06 18:00:00,10.12,
2022-11-06 18:15:00,10.12,
2022-11-06 18:30:00,10.13,
2022-11-06 18:45:00,10.14,
2022-11-06 19:00:00,10.15,
2022-11-06 19:15:00,10.17,
2022-11-06 19:30:00,10.18,
2022-11-06 19:45:00,10.19,
2022-11-06 20:00:00,10.2,
2022-11-06 20:15:00,10.22,
2022-11-06 20:30:00,10.22,
2022-11-06 20:45:00,10.24,
2022-11-06 21:00:00,10.24,
2022-11-06 21:15:00,10.25,
2022-11-06 21:30:00,10.26,
2022-11-06 21:45:00,10.27,
2022-11-06 22:00:00,10.28,
2022-11-06 22:15:00,10.29,
2022-11-06 22:30:00,10.3,
2022-11-06 22:45:00,10.31,
2022-11-06 23:00:00,10.32,
2022-11-06 23:15:00,10.32,
2022-11-06 23:30:00,10.33,
2022-11-06 23:45:00,10.33,
2022-11-07 00:00:00,10.34,
2022-11-07 00:15:00,10.34,
2022-11-07 00:30:00,10.33,
2022-11-07 00:45:00,10.34,
2022-11-07 01:00:00,10.34,
2022-11-07 01:15:00,10.34,
2022-11-07 01:30:00,10.35,
2022-11-07 01:45:00,10.35,
2022-11-07 02:00:00,10.36,
2022-11-07 02:15:00,10.36,
2022-11-07 02:30:00,10.37,
2022-11-07 02:45:00,10.38,
2022-11-07 03:00:00,10.38,
2022-11-07 03:15:00,10.39,
2022-11-07 03:30:00,10.4,
2022-11-07 03:45:00,10.4,
2022-11-07 04:00:00,10.4,
2022-11-07 04:15:00,10.4,
2022-11-07 04:30:00,10.41,
2022-11-07 04:45:00,10.4,
2022-11-07 05:00:00,10.41,
2022-11-07 05:15:00,10.4,
2022-11-07 05:30:00,10.4,
2022-11-07 05:45:00,10.4,
2022-11-07 06:00:00,10.4,
2022-11-07 06:15:00,10.39,
2022-11-07 06:30:00,10.39,
2022-11-07 06:45:00,10.4,
2022-11-07 07:00:00,10.39,
2022-11-07 07:15:00,10.4,
2022-11-07 07:30:00,10.4,
2022-11-07 07:45:00,10.41,
2022-11-07 08:00:00,10.42,
2022-11-07 08:15:00,10.43,
2022-11-07 08:30:00,10.44,
2022-11-07 08:45:00,10.44,
2022-11-07 09:00:00,10.46,
2022-11-07 09:15:00,10.46,
2022-11-07 09:30:00,10.46,
2022-11-07 09:45:00,10.48,
2022-11-07 10:00:00,10.5,
2022-11-07 10:15:00,10.55,
2022-11-07 10:30:00,10.62,
2022-11-07 10:45:00,10.62,
2022-11-07 11:00:00,10.59,
2022-11-07 11:15:00,10.59,
2022-11-07 11:30:00,10.59,
2022-11-07 11:45:00,10.58,
2022-11-07 12:00:00,10.55,
2022-11-07 12:15:00,10.53,
2022-11-07 12:30:00,10.51,
2022-11-07 12:45:00,10.52,
2022-11-07 13:00:00,10.56,
2022-11-07 13:15:00,10.57,
2022-11-07 13:30:00,10.5,
2022-11-07 13:45:00,10.47,
2022-11-07 14:00:00,10.43,
2022-11-07 14:15:00,10.41,
2022-11-07 14:30:00,10.43,
2022-11-07 14:45:00,10.45,
2022-11-07 15:00:00,10.41,
2022-11-07 15:15:00,10.33,
2022-11-07 15:30:00,10.29,
2022-11-07 15:45:00,10.27,
2022-11-07 16:00:00,10.25,
2022-11-07 16:15:00,10.22,
2022-11-07 16:30:00,10.18,
2022-11-07 16:45:00,10.13,
2022-11-07 17:00:00,10.1,
2022-11-07 17:15:00,10.08,
2022-11-07 17:30:00,10.07,
2022-11-07 17:45:00,10.06,
2022-11-07 18:00:00,10.06,
2022-11-07 18:15:00,10.06,
2022-11-07 18:30:00,10.06,
2022-11-07 18:45:00,10.08,
2022-11-07 19:00:00,10.09,
2022-11-07 19:15:00,10.1,
2022-11-07 19:30:00,10.12,
2022-11-07 19:45:00,10.13,
2022-11-07 20:00:00,10.13,
2022-11-07 20:15:00,10.14,
2022-11-07 20:30:00,10.14,
2022-11-07 20:45:00,10.15,
2022-11-07 21:00:00,10.16,
2022-11-07 21:15:00,10.15,
2022-11-07 21:30:00,10.15,
2022-11-07 21:45:00,10.16,
2022-11-07 22:00:00,10.16,
2022-11-07 22:15:00,10.16,
2022-11-07 22:30:00,10.17,
2022-11-07 22:45:00,10.18,
2022-11-07 23:00:00,10.19,
2022-11-07 23:15:00,10.19,
2022-11-07 23:30:00,10.21,
2022-11-07 23:45:00,10.22,
2022-11-08 00:00:00,10.23,
2022-11-08 00:15:00,10.25,
2022-11-08 00:30:00,10.26,
2022-11-08 00:45:00,10.27,
2022-11-08 01:00:00,10.27,
2022-11-08 01:15:00,10.28,
2022-11-08 01:30:00,10.29,
2022-11-08 01:45:00,10.29,
2022-11-08 02:00:00,10.29,
2022-11-08 02:15:00,10.3,
2022-11-08 02:30:00,10.3,
2022-11-08 02:45:00,10.29,
2022-11-08 03:00:00,10.28,
2022-11-08 03:15:00,10.29,
2022-11-08 03:30:00,10.28,
2022-11-08 03:45:00,10.28,
2022-11-08 04:00:00,10.27,
2022-11-08 04:15:00,10.27,
2022-11-08 04:30:00,10.27,
2022-11-08 04:45:00,10.26,
2022-11-08 05:00:00,10.27,
2022-11-08 05:15:00,10.26,
2022-11-08 05:30:00,10.26,
2022-11-08 05:45:00,10.27,
2022-11-08 06:00:00,10.27,
2022-11-08 06:15:00,10.27,
2022-11-08 06:30:00,10.27,
2022-11-08 06:45:00,10.27,
2022-11-08 07:00:00,10.27,
2022-11-08 07:15:00,10.28,
2022-11-08 07:30:00,10.3,
2022-11-08 07:45:00,10.34,
2022-11-08 08:00:00,10.37,
2022-11-08 08:15:00,10.41,
2022-11-08 08:30:00,10.49,
2022-11-08 08:45:00,10.53,
2022-11-08 09:00:00,10.55,
2022-11-08 09:15:00,10.65,
2022-11-08 09:30:00,10.69,
2022-11-08 09:45:00,10.75,
2022-11-08 10:00:00,10.82,
2022-11-08 10:15:00,10.81,
2022-11-08 10:30:00,10.72,
2022-11-08 10:45:00,10.66,
2022-11-08 11:00:00,10.67,
2022-11-08 11:15:00,10.85,
2022-11-08 11:30:00,10.88,
2022-11-08 11:45:00,10.92,
2022-11-08 12:00:00,10.92,
2022-11-08 12:15:00,10.85,
2022-11-08 12:30:00,10.86,
2022-11-08 12:45:00,10.81,
2022-11-08 13:00:00,10.79,
2022-11-08 13:15:00,10.77,
2022-11-08 13:30:00,10.74,
2022-11-08 13:45:00,10.69,
2022-11-08 14:00:00,10.68,
2022-11-08 14:15:00,10.66,
2022-11-08 14:30:00,10.64,
2022-11-08 14:45:00,10.61,
2022-11-08 15:00:00,10.54,
2022-11-08 15:15:00,10.47,
2022-11-08 15:30:00,10.42,
2022-11-08 15:45:00,10.34,
2022-11-08 16:00:00,10.29,
2022-11-08 16:15:00,10.27,
2022-11-08 16:30:00,10.2,
2022-11-08 16:45:00,10.14,
2022-11-08 17:00:00,10.11,
2022-11-08 17:15:00,10.09,
2022-11-08 17:30:00,10.09,
2022-11-08 17:45:00,10.08,
2022-11-08 18:00:00,10.09,
2022-11-08 18:15:00,10.11,
2022-11-08 18:30:00,10.13,
2022-11-08 18:45:00,10.17,
2022-11-08 19:00:00,10.19,
2022-11-08 19:15:00,10.22,
2022-11-08 19:30:00,10.24,
2022-11-08 19:45:00,10.25,
2022-11-08 20:00:00,10.26,
2022-11-08 20:15:00,10.28,
2022-11-08 20:30:00,10.28,
2022-11-08 20:45:00,10.29,
2022-11-08 21:00:00,10.3,
2022-11-08 21:15:00,10.3,
2022-11-08 21:30:00,10.3,
2022-11-08 21:45:00,10.3,
2022-11-08 22:00:00,10.31,
2022-11-08 22:15:00,10.35,
2022-11-08 22:30:00,10.4,
2022-11-08 22:45:00,10.47,
2022-11-08 23:00:00,10.52,
2022-11-08 23:15:00,10.56,
2022-11-08 23:30:00,10.61,
2022-11-08 23:45:00,10.66,
2022-11-09 00:00:00,10.68,
2022-11-09 00:15:00,10.71,
2022-11-09 00:30:00,10.72,
2022-11-09 00:45:00,10.72,
2022-11-09 01:00:00,10.74,
2022-11-09 01:15:00,10.75,
2022-11-09 01:30:00,10.75,
2022-11-09 01:45:00,10.75,
2022-11-09 02:00:00,10.75,
2022-11-09 02:15:00,10.75,
2022-11-09 02:30:00,10.78,
2022-11-09 02:45:00,10.9,
2022-11-09 03:00:00,10.96,
2022-11-09 03:15:00,11.0,
2022-11-09 03:30:00,11.09,
2022-11-09 03:45:00,11.15,
2022-11-09 04:00:00,11.2,
2022-11-09 04:15:00,11.24,
2022-11-09 04:30:00,11.28,
2022-11-09 04:45:00,11.31,
2022-11-09 05:00:00,11.32,
2022-11-09 05:15:00,11.34,
2022-11-09 05:30:00,11.35,
2022-11-09 05:45:00,11.33,
2022-11-09 06:00:00,11.34,
2022-11-09 06:15:00,11.31,
2022-11-09 06:30:00,11.3,
2022-11-09 06:45:00,11.28,
2022-11-09 07:00:00,11.25,
2022-11-09 07:15:00,11.22,
2022-11-09 07:30:00,11.21,
2022-11-09 07:45:00,11.2,
2022-11-09 08:00:00,11.21,
2022-11-09 08:15:00,11.24,
2022-11-09 08:30:00,11.3,
2022-11-09 08:45:00,11.31,
2022-11-09 09:00:00,11.33,
2022-11-09 09:15:00,11.38,
2022-11-09 09:30:00,11.41,
2022-11-09 09:45:00,11.43,
2022-11-09 10:00:00,11.44,
2022-11-09 10:15:00,11.43,
2022-11-09 10:30:00,11.45,
2022-11-09 10:45:00,11.41,
2022-11-09 11:00:00,11.38,
2022-11-09 11:15:00,11.37,
2022-11-09 11:30:00,11.34,
2022-11-09 11:45:00,11.31,
2022-11-09 12:00:00,11.23,
2022-11-09 12:15:00,11.16,
2022-11-09 12:30:00,11.14,
2022-11-09 12:45:00,11.14,
2022-11-09 13:00:00,11.12,
2022-11-09 13:15:00,11.17,
2022-11-09 13:30:00,11.16,
2022-11-09 13:45:00,11.12,
2022-11-09 14:00:00,11.16,
2022-11-09 14:15:00,11.16,
2022-11-09 14:30:00,11.09,
2022-11-09 14:45:00,11.14,
2022-11-09 15:00:00,11.12,
2022-11-09 15:15:00,11.06,
2022-11-09 15:30:00,11.01,
2022-11-09 15:45:00,10.91,
2022-11-09 16:00:00,10.81,
2022-11-09 16:15:00,10.79,
2022-11-09 16:30:00,10.78,
2022-11-09 16:45:00,10.74,
2022-11-09 17:00:00,10.7,
2022-11-09 17:15:00,10.68,
2022-11-09 17:30:00,10.69,
2022-11-09 17:45:00,10.72,
2022-11-09 18:00:00,10.76,
2022-11-09 18:15:00,10.79,
2022-11-09 18:30:00,10.84,
2022-11-09 18:45:00,10.89,
2022-11-09 19:00:00,10.91,
2022-11-09 19:15:00,10.94,
2022-11-09 19:30:00,10.96,
2022-11-09 19:45:00,10.98,
2022-11-09 20:00:00,10.98,
2022-11-09 20:15:00,10.97,
2022-11-09 20:30:00,10.98,
2022-11-09 20:45:00,10.99,
2022-11-09 21:00:00,10.99,
2022-11-09 21:15:00,10.99,
2022-11-09 21:30:00,10.99,
2022-11-09 21:45:00,11.0,
2022-11-09 22:00:00,11.0,
2022-11-09 22:15:00,10.99,
2022-11-09 22:30:00,10.99,
2022-11-09 22:45:00,10.99,
2022-11-09 23:00:00,10.98,
2022-11-09 23:15:00,10.99,
2022-11-09 23:30:00,10.99,
2022-11-09 23:45:00,11.0,
2022-11-10 00:00:00,11.01,
2022-11-10 00:15:00,11.02,
2022-11-10 00:30:00,11.02,
2022-11-10 00:45:00,11.05,
2022-11-10 01:00:00,11.07,
2022-11-10 01:15:00,11.07,
2022-11-10 01:30:00,11.09,
2022-11-10 01:45:00,11.1,
2022-11-10 02:00:00,11.11,
2022-11-10 02:15:00,11.12,
2022-11-10 02:30:00,11.13,
2022-11-10 02:45:00,11.13,
2022-11-10 03:00:00,11.15,
2022-11-10 03:15:00,11.15,
2022-11-10 03:30:00,11.17,
2022-11-10 03:45:00,11.18,
2022-11-10 04:00:00,11.19,
2022-11-10 04:15:00,11.21,
2022-11-10 04:30:00,11.22,
2022-11-10 04:45:00,11.24,
2022-11-10 05:00:00,11.26,
2022-11-10 05:15:00,11.27,
2022-11-10 05:30:00,11.29,
2022-11-10 05:45:00,11.3,
2022-11-10 06:00:00,11.32,
2022-11-10 06:15:00,11.34,
2022-11-10 06:30:00,11.35,
2022-11-10 06:45:00,11.37,
2022-11-10 07:00:00,11.37,
2022-11-10 07:15:00,11.38,
2022-11-10 07:30:00,11.41,
2022-11-10 07:45:00,11.46,
2022-11-10 08:00:00,11.5,
2022-11-10 08:15:00,11.53,
2022-11-10 08:30:00,11.57,
2022-11-10 08:45:00,11.62,
2022-11-10 09:00:00,11.66,
2022-11-10 09:15:00,11.69,
2022-11-10 09:30:00,11.7,
2022-11-10 09:45:00,11.71,
2022-11-10 10:00:00,11.71,
2022-11-10 10:15:00,11.71,
2022-11-10 10:30:00,11.71,
2022-11-10 10:45:00,11.71,
2022-11-10 11:00:00,11.71,
2022-11-10 11:15:00,11.7,
2022-11-10 11:30:00,11.68,
2022-11-10 11:45:00,11.65,
2022-11-10 12:00:00,11.62,
2022-11-10 12:15:00,11.58,
2022-11-10 12:30:00,11.57,
2022-11-10 12:45:00,11.53,
2022-11-10 13:00:00,11.48,
2022-11-10 13:15:00,11.44,
2022-11-10 13:30:00,11.38,
2022-11-10 13:45:00,11.34,
2022-11-10 14:00:00,11.31,
2022-11-10 14:15:00,11.28,
2022-11-10 14:30:00,11.24,
2022-11-10 14:45:00,11.21,
2022-11-10 15:00:00,11.18,
2022-11-10 15:15:00,11.13,
2022-11-10 15:30:00,11.09,
2022-11-10 15:45:00,11.07,
2022-11-10 16:00:00,11.08,
2022-11-10 16:15:00,11.08,
2022-11-10 16:30:00,11.03,
2022-11-10 16:45:00,10.99,
2022-11-10 17:00:00,10.96,
2022-11-10 17:15:00,10.95,
2022-11-10 17:30:00,10.92,
2022-11-10 17:45:00,10.9,
2022-11-10 18:00:00,10.91,
2022-11-10 18:15:00,10.92,
2022-11-10 18:30:00,10.93,
2022-11-10 18:45:00,10.96,
2022-11-10 19:00:00,10.97,
2022-11-10 19:15:00,10.99,
2022-11-10 19:30:00,11.02,
2022-11-10 19:45:00,11.04,
2022-11-10 20:00:00,11.07,
2022-11-10 20:15:00,11.1,
2022-11-10 20:30:00,11.12,
2022-11-10 20:45:00,11.16,
2022-11-10 21:00:00,11.17,
2022-11-10 21:15:00,11.2,
2022-11-10 21:30:00,11.22,
2022-11-10 21:45:00,11.24,
2022-11-10 22:00:00,11.26,
2022-11-10 22:15:00,11.29,
2022-11-10 22:30:00,11.31,
2022-11-10 22:45:00,11.33,
2022-11-10 23:00:00,11.36,
2022-11-10 23:15:00,11.39,
2022-11-10 23:30:00,11.42,
2022-11-10 23:45:00,11.46,
2022-11-11 00:00:00,11.48,
2022-11-11 00:15:00,11.5,
2022-11-11 00:30:00,11.51,
2022-11-11 00:45:00,11.53,
2022-11-11 01:00:00,11.54,
2022-11-11 01:15:00,11.55,
2022-11-11 01:30:00,11.56,
2022-11-11 01:45:00,11.57,
2022-11-11 02:00:00,11.58,
2022-11-11 02:15:00,11.59,
2022-11-11 02:30:00,11.61,
2022-11-11 02:45:00,11.62,
2022-11-11 03:00:00,11.62,
2022-11-11 03:15:00,11.63,
2022-11-11 03:30:00,11.62,
2022-11-11 03:45:00,11.61,
2022-11-11 04:00:00,11.61,
2022-11-11 04:15:00,11.6,
2022-11-11 04:30:00,11.61,
2022-11-11 04:45:00,11.6,
2022-11-11 05:00:00,11.61,
2022-11-11 05:15:00,11.62,
2022-11-11 05:30:00,11.61,
2022-11-11 05:45:00,11.62,
2022-11-11 06:00:00,11.62,
2022-11-11 06:15:00,11.61,
2022-11-11 06:30:00,11.61,
2022-11-11 06:45:00,11.6,
2022-11-11 07:00:00,11.59,
2022-11-11 07:15:00,11.61,
2022-11-11 07:30:00,11.63,
2022-11-11 07:45:00,11.65,
2022-11-11 08:00:00,11.68,
2022-11-11 08:15:00,11.69,
2022-11-11 08:30:00,11.73,
2022-11-11 08:45:00,11.74,
2022-11-11 09:00:00,11.77,
2022-11-11 09:15:00,11.82,
2022-11-11 09:30:00,11.85,
2022-11-11 09:45:00,11.88,
2022-11-11 10:00:00,11.89,
2022-11-11 10:15:00,11.9,
2022-11-11 10:30:00,11.92,
2022-11-11 10:45:00,11.92,
2022-11-11 11:00:00,11.93,
2022-11-11 11:15:00,11.93,
2022-11-11 11:30:00,11.93,
2022-11-11 11:45:00,11.91,
2022-11-11 12:00:00,11.9,
2022-11-11 12:15:00,11.89,
2022-11-11 12:30:00,11.88,
2022-11-11 12:45:00,11.86,
2022-11-11 13:00:00,11.85,
2022-11-11 13:15:00,11.82,
2022-11-11 13:30:00,11.82,
2022-11-11 13:45:00,11.83,
2022-11-11 14:00:00,11.83,
2022-11-11 14:15:00,11.82,
2022-11-11 14:30:00,11.81,
2022-11-11 14:45:00,11.79,
2022-11-11 15:00:00,11.76,
2022-11-11 15:15:00,11.71,
2022-11-11 15:30:00,11.62,
2022-11-11 15:45:00,11.48,
2022-11-11 16:00:00,11.42,
2022-11-11 16:15:00,11.37,
2022-11-11 16:30:00,11.31,
2022-11-11 16:45:00,11.27,
2022-11-11 17:00:00,11.25,
2022-11-11 17:15:00,11.23,
2022-11-11 17:30:00,11.22,
2022-11-11 17:45:00,11.22,
2022-11-11 18:00:00,11.22,
2022-11-11 18:15:00,11.24,
2022-11-11 18:30:00,11.26,
2022-11-11 18:45:00,11.26,
2022-11-11 19:00:00,11.29,
2022-11-11 19:15:00,11.31,
2022-11-11 19:30:00,11.33,
2022-11-11 19:45:00,11.34,
2022-11-11 20:00:00,11.36,
2022-11-11 20:15:00,11.38,
2022-11-11 20:30:00,11.4,
2022-11-11 20:45:00,11.43,
2022-11-11 21:00:00,11.47,
2022-11-11 21:15:00,11.5,
2022-11-11 21:30:00,11.53,
2022-11-11 21:45:00,11.55,
2022-11-11 22:00:00,11.57,
2022-11-11 22:15:00,11.6,
2022-11-11 22:30:00,11.6,
2022-11-11 22:45:00,11.6,
2022-11-11 23:00:00,11.61,
2022-11-11 23:15:00,11.61,
2022-11-11 23:30:00,11.61,
2022-11-11 23:45:00,11.6,
2022-11-12 00:00:00,11.61,
2022-11-12 00:15:00,11.61,
2022-11-12 00:30:00,11.61,
2022-11-12 00:45:00,11.59,
2022-11-12 01:00:00,11.59,
2022-11-12 01:15:00,11.6,
2022-11-12 01:30:00,11.57,
2022-11-12 01:45:00,11.57,
2022-11-12 02:00:00,11.57,
2022-11-12 02:15:00,11.57,
2022-11-12 02:30:00,11.57,
2022-11-12 02:45:00,11.57,
2022-11-12 03:00:00,11.57,
2022-11-12 03:15:00,11.56,
2022-11-12 03:30:00,11.56,
2022-11-12 03:45:00,11.56,
2022-11-12 04:00:00,11.55,
2022-11-12 04:15:00,11.55,
2022-11-12 04:30:00,11.55,
2022-11-12 04:45:00,11.55,
2022-11-12 05:00:00,11.55,
2022-11-12 05:15:00,11.55,
2022-11-12 05:30:00,11.55,
2022-11-12 05:45:00,11.55,
2022-11-12 06:00:00,11.56,
2022-11-12 06:15:00,11.55,
2022-11-12 06:30:00,11.55,
2022-11-12 06:45:00,11.54,
2022-11-12 07:00:00,11.55,
2022-11-12 07:15:00,11.55,
2022-11-12 07:30:00,11.55,
2022-11-12 07:45:00,11.57,
2022-11-12 08:00:00,11.6,
2022-11-12 08:15:00,11.65,
2022-11-12 08:30:00,11.68,
2022-11-12 08:45:00,11.73,
2022-11-12 09:00:00,11.76,
2022-11-12 09:15:00,11.8,
2022-11-12 09:30:00,11.84,
2022-11-12 09:45:00,11.86,
2022-11-12 10:00:00,11.88,
2022-11-12 10:15:00,11.9,
2022-11-12 10:30:00,11.91,
2022-11-12 10:45:00,11.91,
2022-11-12 11:00:00,11.91,
2022-11-12 11:15:00,11.91,
2022-11-12 11:30:00,11.9,
2022-11-12 11:45:00,11.88,
2022-11-12 12:00:00,11.86,
2022-11-12 12:15:00,11.84,
2022-11-12 12:30:00,11.83,
2022-11-12 12:45:00,11.82,
2022-11-12 13:00:00,11.8,
2022-11-12 13:15:00,11.79,
2022-11-12 13:30:00,11.8,
2022-11-12 13:45:00,11.8,
2022-11-12 14:00:00,11.78,
2022-11-12 14:15:00,11.78,
2022-11-12 14:30:00,11.75,
2022-11-12 14:45:00,11.73,
2022-11-12 15:00:00,11.76,
2022-11-12 15:15:00,11.77,
2022-11-12 15:30:00,11.77,
2022-11-12 15:45:00,11.76,
2022-11-12 16:00:00,11.75,
2022-11-12 16:15:00,11.72,
2022-11-12 16:30:00,11.7,
2022-11-12 16:45:00,11.68,
2022-11-12 17:00:00,11.62,
2022-11-12 17:15:00,11.57,
2022-11-12 17:30:00,11.52,
2022-11-12 17:45:00,11.47,
2022-11-12 18:00:00,11.42,
2022-11-12 18:15:00,11.36,
2022-11-12 18:30:00,11.29,
2022-11-12 18:45:00,11.26,
2022-11-12 19:00:00,11.22,
2022-11-12 19:15:00,11.2,
2022-11-12 19:30:00,11.18,
2022-11-12 19:45:00,11.18,
2022-11-12 20:00:00,11.18,
2022-11-12 20:15:00,11.17,
2022-11-12 20:30:00,11.17,
2022-11-12 20:45:00,11.17,
2022-11-12 21:00:00,11.18,
2022-11-12 21:15:00,11.19,
2022-11-12 21:30:00,11.2,
2022-11-12 21:45:00,11.22,
2022-11-12 22:00:00,11.22,
2022-11-12 22:15:00,11.24,
2022-11-12 22:30:00,11.24,
2022-11-12 22:45:00,11.26,
2022-11-12 23:00:00,11.26,
2022-11-12 23:15:00,11.27,
2022-11-12 23:30:00,11.28,
2022-11-12 23:45:00,11.28,
2022-11-13 00:00:00,11.29,
2022-11-13 00:15:00,11.3,
2022-11-13 00:30:00,11.31,
2022-11-13 00:45:00,11.33,
2022-11-13 01:00:00,11.34,
2022-11-13 01:15:00,11.36,
2022-11-13 01:30:00,11.38,
2022-11-13 01:45:00,11.4,
2022-11-13 02:00:00,11.42,
2022-11-13 02:15:00,11.44,
2022-11-13 02:30:00,11.46,
2022-11-13 02:45:00,11.49,
2022-11-13 03:00:00,11.51,
2022-11-13 03:15:00,11.51,
2022-11-13 03:30:00,11.51,
2022-11-13 03:45:00,11.52,
2022-11-13 04:00:00,11.51,
2022-11-13 04:15:00,11.51,
2022-11-13 04:30:00,11.51,
2022-11-13 04:45:00,11.51,
2022-11-13 05:00:00,11.51,
2022-11-13 05:15:00,11.51,
2022-11-13 05:30:00,11.51,
2022-11-13 05:45:00,11.5,
2022-11-13 06:00:00,11.5,
2022-11-13 06:15:00,11.49,
2022-11-13 06:30:00,11.49,
2022-11-13 06:45:00,11.49,
2022-11-13 07:00:00,11.48,
2022-11-13 07:15:00,11.49,
2022-11-13 07:30:00,11.5,
2022-11-13 07:45:00,11.52,
2022-11-13 08:00:00,11.55,
2022-11-13 08:15:00,11.57,
2022-11-13 08:30:00,11.59,
2022-11-13 08:45:00,11.62,
2022-11-13 09:00:00,11.64,
2022-11-13 09:15:00,11.68,
2022-11-13 09:30:00,11.69,
2022-11-13 09:45:00,11.72,
2022-11-13 10:00:00,11.77,
2022-11-13 10:15:00,11.78,
2022-11-13 10:30:00,11.79,
2022-11-13 10:45:00,11.81,
2022-11-13 11:00:00,11.83,
2022-11-13 11:15:00,11.83,
2022-11-13 11:30:00,11.84,
2022-11-13 11:45:00,11.83,
2022-11-13 12:00:00,11.81,
2022-11-13 12:15:00,11.8,
2022-11-13 12:30:00,11.78,
2022-11-13 12:45:00,11.73,
2022-11-13 13:00:00,11.72,
2022-11-13 13:15:00,11.73,
2022-11-13 13:30:00,11.71,
2022-11-13 13:45:00,11.7,
2022-11-13 14:00:00,11.68,
2022-11-13 14:15:00,11.65,
2022-11-13 14:30:00,11.6,
2022-11-13 14:45:00,11.51,
2022-11-13 15:00:00,11.45,
2022-11-13 15:15:00,11.36,
2022-11-13 15:30:00,11.29,
2022-11-13 15:45:00,11.24,
2022-11-13 16:00:00,11.19,
2022-11-13 16:15:00,11.13,
2022-11-13 16:30:00,11.08,
2022-11-13 16:45:00,11.05,
2022-11-13 17:00:00,11.04,
2022-11-13 17:15:00,11.02,
2022-11-13 17:30:00,11.02,
2022-11-13 17:45:00,11.01,
2022-11-13 18:00:00,11.02,
2022-11-13 18:15:00,11.03,
2022-11-13 18:30:00,11.04,
2022-11-13 18:45:00,11.07,
2022-11-13 19:00:00,11.09,
2022-11-13 19:15:00,11.11,
2022-11-13 19:30:00,11.13,
2022-11-13 19:45:00,11.16,
2022-11-13 20:00:00,11.19,
2022-11-13 20:15:00,11.22,
2022-11-13 20:30:00,11.24,
2022-11-13 20:45:00,11.26,
2022-11-13 21:00:00,11.3,
2022-11-13 21:15:00,11.32,
2022-11-13 21:30:00,11.34,
2022-11-13 21:45:00,11.38,
2022-11-13 22:00:00,11.4,
2022-11-13 22:15:00,11.42,
2022-11-13 22:30:00,11.44,
2022-11-13 22:45:00,11.47,
2022-11-13 23:00:00,11.49,
2022-11-13 23:15:00,11.51,
2022-11-13 23:30:00,11.53,
2022-11-13 23:45:00,11.54,
2022-11-14 00:00:00,11.55,
2022-11-14 00:15:00,11.56,
2022-11-14 00:30:00,11.55,
2022-11-14 00:45:00,11.56,
2022-11-14 01:00:00,11.55,
2022-11-14 01:15:00,11.55,
2022-11-14 01:30:00,11.54,
2022-11-14 01:45:00,11.54,
2022-11-14 02:00:00,11.54,
2022-11-14 02:15:00,11.53,
2022-11-14 02:30:00,11.54,
2022-11-14 02:45:00,11.54,
2022-11-14 03:00:00,11.54,
2022-11-14 03:15:00,11.54,
2022-11-14 03:30:00,11.55,
2022-11-14 03:45:00,11.54,
2022-11-14 04:00:00,11.54,
2022-11-14 04:15:00,11.54,
2022-11-14 04:30:00,11.53,
2022-11-14 04:45:00,11.53,
2022-11-14 05:00:00,11.54,
2022-11-14 05:15:00,11.54,
2022-11-14 05:30:00,11.54,
2022-11-14 05:45:00,11.55,
2022-11-14 06:00:00,11.55,
2022-11-14 06:15:00,11.54,
2022-11-14 06:30:00,11.55,
2022-11-14 06:45:00,11.55,
2022-11-14 07:00:00,11.55,
2022-11-14 07:15:00,11.55,
2022-11-14 07:30:00,11.56,
2022-11-14 07:45:00,11.57,
2022-11-14 08:00:00,11.62,
2022-11-14 08:15:00,11.68,
2022-11-14 08:30:00,11.74,
2022-11-14 08:45:00,11.77,
2022-11-14 09:00:00,11.83,
2022-11-14 09:15:00,11.85,
2022-11-14 09:30:00,11.87,
2022-11-14 09:45:00,11.89,
2022-11-14 10:00:00,11.9,
2022-11-14 10:15:00,11.92,
2022-11-14 10:30:00,11.93,
2022-11-14 10:45:00,11.94,
2022-11-14 11:00:00,11.94,
2022-11-14 11:15:00,11.94,
2022-11-14 11:30:00,11.94,
2022-11-14 11:45:00,11.93,
2022-11-14 12:00:00,11.91,
2022-11-14 12:15:00,11.9,
2022-11-14 12:30:00,11.87,
2022-11-14 12:45:00,11.83,
2022-11-14 13:00:00,11.83,
2022-11-14 13:15:00,11.83,
2022-11-14 13:30:00,11.83,
2022-11-14 13:45:00,11.81,
2022-11-14 14:00:00,11.81,
2022-11-14 14:15:00,11.8,
2022-11-14 14:30:00,11.78,
2022-11-14 14:45:00,11.74,
2022-11-14 15:00:00,11.71,
2022-11-14 15:15:00,11.64,
2022-11-14 15:30:00,11.56,
2022-11-14 15:45:00,11.49,
2022-11-14 16:00:00,11.44,
2022-11-14 16:15:00,11.36,
2022-11-14 16:30:00,11.29,
2022-11-14 16:45:00,11.25,
2022-11-14 17:00:00,11.2,
2022-11-14 17:15:00,11.16,
2022-11-14 17:30:00,11.14,
2022-11-14 17:45:00,11.14,
2022-11-14 18:00:00,11.14,
2022-11-14 18:15:00,11.16,
2022-11-14 18:30:00,11.17,
2022-11-14 18:45:00,11.19,
2022-11-14 19:00:00,11.22,
2022-11-14 19:15:00,11.24,
2022-11-14 19:30:00,11.28,
2022-11-14 19:45:00,11.3,
2022-11-14 20:00:00,11.33,
2022-11-14 20:15:00,11.36,
2022-11-14 20:30:00,11.4,
2022-11-14 20:45:00,11.43,
2022-11-14 21:00:00,11.47,
2022-11-14 21:15:00,11.5,
2022-11-14 21:30:00,11.54,
2022-11-14 21:45:00,11.57,
2022-11-14 22:00:00,11.6,
2022-11-14 22:15:00,11.63,
2022-11-14 22:30:00,11.63,
2022-11-14 22:45:00,11.65,
2022-11-14 23:00:00,11.65,
2022-11-14 23:15:00,11.65,
2022-11-14 23:30:00,11.64,
2022-11-14 23:45:00,11.65,
2022-11-15 00:00:00,11.65,
2022-11-15 00:15:00,11.64,
2022-11-15 00:30:00,11.63,
2022-11-15 00:45:00,11.63,
2022-11-15 01:00:00,11.63,
2022-11-15 01:15:00,11.63,
2022-11-15 01:30:00,11.63,
2022-11-15 01:45:00,11.62,
2022-11-15 02:00:00,11.61,
2022-11-15 02:15:00,11.61,
2022-11-15 02:30:00,11.61,
2022-11-15 02:45:00,11.61,
2022-11-15 03:00:00,11.61,
2022-11-15 03:15:00,11.61,
2022-11-15 03:30:00,11.62,
2022-11-15 03:45:00,11.61,
2022-11-15 04:00:00,11.62,
2022-11-15 04:15:00,11.62,
2022-11-15 04:30:00,11.62,
2022-11-15 04:45:00,11.62,
2022-11-15 05:00:00,11.62,
2022-11-15 05:15:00,11.63,
2022-11-15 05:30:00,11.64,
2022-11-15 05:45:00,11.63,
2022-11-15 06:00:00,11.63,
2022-11-15 06:15:00,11.65,
2022-11-15 06:30:00,11.65,
2022-11-15 06:45:00,11.65,
2022-11-15 07:00:00,11.66,
2022-11-15 07:15:00,11.66,
2022-11-15 07:30:00,11.68,
2022-11-15 07:45:00,11.68,
2022-11-15 08:00:00,11.7,
2022-11-15 08:15:00,11.73,
2022-11-15 08:30:00,11.76,
2022-11-15 08:45:00,11.78,
2022-11-15 09:00:00,11.79,
2022-11-15 09:15:00,11.84,
2022-11-15 09:30:00,11.87,
2022-11-15 09:45:00,11.9,
2022-11-15 10:00:00,11.94,
2022-11-15 10:15:00,11.96,
2022-11-15 10:30:00,11.95,
2022-11-15 10:45:00,11.97,
2022-11-15 11:00:00,11.97,
2022-11-15 11:15:00,11.99,
2022-11-15 11:30:00,11.97,
2022-11-15 11:45:00,11.98,
2022-11-15 12:00:00,11.98,
2022-11-15 12:15:00,11.97,
2022-11-15 12:30:00,11.98,
2022-11-15 12:45:00,11.98,
2022-11-15 13:00:00,11.97,
2022-11-15 13:15:00,11.96,
2022-11-15 13:30:00,11.94,
2022-11-15 13:45:00,11.94,
2022-11-15 14:00:00,11.94,
2022-11-15 14:15:00,11.94,
2022-11-15 14:30:00,11.93,
2022-11-15 14:45:00,11.92,
2022-11-15 15:00:00,11.93,
2022-11-15 15:15:00,11.91,
2022-11-15 15:30:00,11.91,
2022-11-15 15:45:00,11.91,
2022-11-15 16:00:00,11.89,
2022-11-15 16:15:00,11.88,
2022-11-15 16:30:00,11.85,
2022-11-15 16:45:00,11.83,
2022-11-15 17:00:00,11.81,
2022-11-15 17:15:00,11.78,
2022-11-15 17:30:00,11.75,
2022-11-15 17:45:00,11.72,
2022-11-15 18:00:00,11.71,
2022-11-15 18:15:00,11.7,
2022-11-15 18:30:00,11.7,
2022-11-15 18:45:00,11.69,
2022-11-15 19:00:00,11.7,
2022-11-15 19:15:00,11.7,
2022-11-15 19:30:00,11.7,
2022-11-15 19:45:00,11.7,
2022-11-15 20:00:00,11.7,
2022-11-15 20:15:00,11.71,
2022-11-15 20:30:00,11.7,
2022-11-15 20:45:00,11.7,
2022-11-15 21:00:00,11.71,
2022-11-15 21:15:00,11.71,
2022-11-15 21:30:00,11.7,
2022-11-15 21:45:00,11.7,
2022-11-15 22:00:00,11.7,
2022-11-15 22:15:00,11.71,
2022-11-15 22:30:00,11.7,
2022-11-15 22:45:00,11.71,
2022-11-15 23:00:00,11.7,
2022-11-15 23:15:00,11.71,
2022-11-15 23:30:00,11.7,
2022-11-15 23:45:00,11.7,
2022-11-16 00:00:00,11.7,
2022-11-16 00:15:00,11.7,
2022-11-16 00:30:00,11.68,
2022-11-16 00:45:00,11.69,
2022-11-16 01:00:00,11.69,
2022-11-16 01:15:00,11.68,
2022-11-16 01:30:00,11.69,
2022-11-16 01:45:00,11.68,
2022-11-16 02:00:00,11.68,
2022-11-16 02:15:00,11.69,
2022-11-16 02:30:00,11.69,
2022-11-16 02:45:00,11.68,
2022-11-16 03:00:00,11.68,
2022-11-16 03:15:00,11.68,
2022-11-16 03:30:00,11.68,
2022-11-16 03:45:00,11.69,
2022-11-16 04:00:00,11.68,
2022-11-16 04:15:00,11.68,
2022-11-16 04:30:00,11.68,
2022-11-16 04:45:00,11.68,
2022-11-16 05:00:00,11.68,
2022-11-16 05:15:00,11.7,
2022-11-16 05:30:00,11.69,
2022-11-16 05:45:00,11.7,
2022-11-16 06:00:00,11.7,
2022-11-16 06:15:00,11.7,
2022-11-16 06:30:00,11.7,
2022-11-16 06:45:00,11.7,
2022-11-16 07:00:00,11.7,
2022-11-16 07:15:00,11.69,
2022-11-16 07:30:00,11.7,
2022-11-16 07:45:00,11.7,
2022-11-16 08:00:00,11.73,
2022-11-16 08:15:00,11.75,
2022-11-16 08:30:00,11.77,
2022-11-16 08:45:00,11.79,
2022-11-16 09:00:00,11.81,
2022-11-16 09:15:00,11.84,
2022-11-16 09:30:00,11.88,
2022-11-16 09:45:00,11.89,
2022-11-16 10:00:00,11.93,
2022-11-16 10:15:00,11.96,
2022-11-16 10:30:00,11.96,
2022-11-16 10:45:00,11.98,
2022-11-16 11:00:00,11.98,
2022-11-16 11:15:00,11.99,
2022-11-16 11:30:00,11.99,
2022-11-16 11:45:00,11.98,
2022-11-16 12:00:00,11.98,
2022-11-16 12:15:00,11.99,
2022-11-16 12:30:00,11.99,
2022-11-16 12:45:00,11.98,
2022-11-16 13:00:00,11.97,
2022-11-16 13:15:00,11.97,
2022-11-16 13:30:00,11.96,
2022-11-16 13:45:00,11.95,
2022-11-16 14:00:00,11.94,
2022-11-16 14:15:00,11.93,
2022-11-16 14:30:00,11.93,
2022-11-16 14:45:00,11.92,
2022-11-16 15:00:00,11.91,
2022-11-16 15:15:00,11.92,
2022-11-16 15:30:00,11.9,
2022-11-16 15:45:00,11.89,
2022-11-16 16:00:00,11.88,
2022-11-16 16:15:00,11.87,
2022-11-16 16:30:00,11.85,
2022-11-16 16:45:00,11.83,
2022-11-16 17:00:00,11.81,
2022-11-16 17:15:00,11.77,
2022-11-16 17:30:00,11.74,
2022-11-16 17:45:00,11.71,
2022-11-16 18:00:00,11.7,
2022-11-16 18:15:00,11.69,
2022-11-16 18:30:00,11.67,
2022-11-16 18:45:00,11.65,
2022-11-16 19:00:00,11.65,
2022-11-16 19:15:00,11.65,
2022-11-16 19:30:00,11.64,
2022-11-16 19:45:00,11.63,
2022-11-16 20:00:00,11.63,
2022-11-16 20:15:00,11.62,
2022-11-16 20:30:00,11.63,
2022-11-16 20:45:00,11.62,
2022-11-16 21:00:00,11.63,
2022-11-16 21:15:00,11.62,
2022-11-16 21:30:00,11.63,
2022-11-16 21:45:00,11.62,
2022-11-16 22:00:00,11.63,
2022-11-16 22:15:00,11.62,
2022-11-16 22:30:00,11.62,
2022-11-16 22:45:00,11.63,
2022-11-16 23:00:00,11.61,
2022-11-16 23:15:00,11.61,
2022-11-16 23:30:00,11.61,
2022-11-16 23:45:00,11.61,
2022-11-17 00:00:00,11.6,
2022-11-17 00:15:00,11.6,
2022-11-17 00:30:00,11.61,
2022-11-17 00:45:00,11.61,
2022-11-17 01:00:00,11.61,
2022-11-17 01:15:00,11.61,
2022-11-17 01:30:00,11.61,
2022-11-17 01:45:00,11.63,
2022-11-17 02:00:00,11.6,
2022-11-17 02:15:00,11.6,
2022-11-17 02:30:00,11.62,
2022-11-17 02:45:00,11.6,
2022-11-17 03:00:00,11.6,
2022-11-17 03:15:00,11.62,
2022-11-17 03:30:00,11.62,
2022-11-17 03:45:00,11.63,
2022-11-17 04:00:00,11.62,
2022-11-17 04:15:00,11.63,
2022-11-17 04:30:00,11.62,
2022-11-17 04:45:00,11.62,
2022-11-17 05:00:00,11.62,
2022-11-17 05:15:00,11.62,
2022-11-17 05:30:00,11.61,
2022-11-17 05:45:00,11.6,
2022-11-17 06:00:00,11.56,
2022-11-17 06:15:00,11.53,
2022-11-17 06:30:00,11.49,
2022-11-17 06:45:00,11.5,
2022-11-17 07:00:00,11.53,
2022-11-17 07:15:00,11.55,
2022-11-17 07:30:00,11.54,
2022-11-17 07:45:00,11.54,
2022-11-17 08:00:00,11.53,
2022-11-17 08:15:00,11.55,
2022-11-17 08:30:00,11.56,
2022-11-17 08:45:00,11.61,
2022-11-17 09:00:00,11.63,
2022-11-17 09:15:00,11.65,
2022-11-17 09:30:00,11.69,
2022-11-17 09:45:00,11.73,
2022-11-17 10:00:00,11.76,
2022-11-17 10:15:00,11.79,
2022-11-17 10:30:00,11.8,
2022-11-17 10:45:00,11.81,
2022-11-17 11:00:00,11.88,
2022-11-17 11:15:00,11.85,
2022-11-17 11:30:00,11.87,
2022-11-17 11:45:00,11.89,
2022-11-17 12:00:00,11.89,
2022-11-17 12:15:00,11.88,
2022-11-17 12:30:00,11.87,
2022-11-17 12:45:00,11.86,
2022-11-17 13:00:00,11.86,
2022-11-17 13:15:00,11.85,
2022-11-17 13:30:00,11.84,
2022-11-17 13:45:00,11.83,
2022-11-17 14:00:00,11.81,
2022-11-17 14:15:00,11.8,
2022-11-17 14:30:00,11.82,
2022-11-17 14:45:00,11.8,
2022-11-17 15:00:00,11.79,
2022-11-17 15:15:00,11.79,
2022-11-17 15:30:00,11.79,
2022-11-17 15:45:00,11.79,
2022-11-17 16:00:00,11.78,
2022-11-17 16:15:00,11.76,
2022-11-17 16:30:00,11.74,
2022-11-17 16:45:00,11.71,
2022-11-17 17:00:00,11.68,
2022-11-17 17:15:00,11.64,
2022-11-17 17:30:00,11.6,
2022-11-17 17:45:00,11.58,
2022-11-17 18:00:00,11.56,
2022-11-17 18:15:00,11.55,
2022-11-17 18:30:00,11.54,
2022-11-17 18:45:00,11.52,
2022-11-17 19:00:00,11.52,
2022-11-17 19:15:00,11.51,
2022-11-17 19:30:00,11.51,
2022-11-17 19:45:00,11.51,
2022-11-17 20:00:00,11.5,
2022-11-17 20:15:00,11.51,
2022-11-17 20:30:00,11.49,
2022-11-17 20:45:00,11.5,
2022-11-17 21:00:00,11.49,
2022-11-17 21:15:00,11.49,
2022-11-17 21:30:00,11.49,
2022-11-17 21:45:00,11.5,
2022-11-17 22:00:00,11.49,
2022-11-17 22:15:00,11.49,
2022-11-17 22:30:00,11.49,
2022-11-17 22:45:00,11.49,
2022-11-17 23:00:00,11.48,
2022-11-17 23:15:00,11.49,
2022-11-17 23:30:00,11.49,
2022-11-17 23:45:00,11.49,
2022-11-18 00:00:00,11.48,
2022-11-18 00:15:00,11.49,
2022-11-18 00:30:00,11.48,
2022-11-18 00:45:00,11.49,
2022-11-18 01:00:00,11.48,
2022-11-18 01:15:00,11.48,
2022-11-18 01:30:00,11.47,
2022-11-18 01:45:00,11.47,
2022-11-18 02:00:00,11.48,
2022-11-18 02:15:00,11.48,
2022-11-18 02:30:00,11.48,
2022-11-18 02:45:00,11.48,
2022-11-18 03:00:00,11.48,
2022-11-18 03:15:00,11.48,
2022-11-18 03:30:00,11.48,
2022-11-18 03:45:00,11.49,
2022-11-18 04:00:00,11.49,
2022-11-18 04:15:00,11.49,
2022-11-18 04:30:00,11.48,
2022-11-18 04:45:00,11.49,
2022-11-18 05:00:00,11.48,
2022-11-18 05:15:00,11.48,
2022-11-18 05:30:00,11.49,
2022-11-18 05:45:00,11.49,
2022-11-18 06:00:00,11.49,
2022-11-18 06:15:00,11.49,
2022-11-18 06:30:00,11.5,
2022-11-18 06:45:00,11.49,
2022-11-18 07:00:00,11.5,
2022-11-18 07:15:00,11.5,
2022-11-18 07:30:00,11.51,
2022-11-18 07:45:00,11.53,
2022-11-18 08:00:00,11.54,
2022-11-18 08:15:00,11.57,
2022-11-18 08:30:00,11.6,
2022-11-18 08:45:00,11.61,
2022-11-18 09:00:00,11.63,
2022-11-18 09:15:00,11.66,
2022-11-18 09:30:00,11.7,
2022-11-18 09:45:00,11.73,
2022-11-18 10:00:00,11.75,
2022-11-18 10:15:00,11.77,
2022-11-18 10:30:00,11.79,
2022-11-18 10:45:00,11.8,
2022-11-18 11:00:00,11.81,
2022-11-18 11:15:00,11.82,
2022-11-18 11:30:00,11.84,
2022-11-18 11:45:00,11.83,
2022-11-18 12:00:00,11.82,
2022-11-18 12:15:00,11.8,
2022-11-18 12:30:00,11.78,
2022-11-18 12:45:00,11.76,
2022-11-18 13:00:00,11.73,
2022-11-18 13:15:00,11.7,
2022-11-18 13:30:00,11.67,
2022-11-18 13:45:00,11.66,
2022-11-18 14:00:00,11.62,
2022-11-18 14:15:00,11.54,
2022-11-18 14:30:00,11.38,
2022-11-18 14:45:00,11.36,
2022-11-18 15:00:00,11.37,
2022-11-18 15:15:00,11.37,
2022-11-18 15:30:00,11.35,
2022-11-18 15:45:00,11.34,
2022-11-18 16:00:00,11.32,
2022-11-18 16:15:00,11.3,
2022-11-18 16:30:00,11.26,
2022-11-18 16:45:00,11.24,
2022-11-18 17:00:00,11.22,
2022-11-18 17:15:00,11.23,
2022-11-18 17:30:00,11.21,
2022-11-18 17:45:00,11.22,
2022-11-18 18:00:00,11.23,
2022-11-18 18:15:00,11.25,
2022-11-18 18:30:00,11.27,
2022-11-18 18:45:00,11.29,
2022-11-18 19:00:00,11.32,
2022-11-18 19:15:00,11.34,
2022-11-18 19:30:00,11.35,
2022-11-18 19:45:00,11.39,
2022-11-18 20:00:00,11.41,
2022-11-18 20:15:00,11.43,
2022-11-18 20:30:00,11.46,
2022-11-18 20:45:00,11.49,
2022-11-18 21:00:00,11.51,
2022-11-18 21:15:00,11.53,
2022-11-18 21:30:00,11.56,
2022-11-18 21:45:00,11.58,
2022-11-18 22:00:00,11.61,
2022-11-18 22:15:00,11.63,
2022-11-18 22:30:00,11.63,
2022-11-18 22:45:00,11.64,
2022-11-18 23:00:00,11.66,
2022-11-18 23:15:00,11.65,
2022-11-18 23:30:00,11.65,
2022-11-18 23:45:00,11.64,
2022-11-19 00:00:00,11.65,
2022-11-19 00:15:00,11.65,
2022-11-19 00:30:00,11.65,
2022-11-19 00:45:00,11.65,
2022-11-19 01:00:00,11.65,
2022-11-19 01:15:00,11.64,
2022-11-19 01:30:00,11.64,
2022-11-19 01:45:00,11.63,
2022-11-19 02:00:00,11.63,
2022-11-19 02:15:00,11.62,
2022-11-19 02:30:00,11.62,
2022-11-19 02:45:00,11.63,
2022-11-19 03:00:00,11.63,
2022-11-19 03:15:00,11.62,
2022-11-19 03:30:00,11.62,
2022-11-19 03:45:00,11.61,
2022-11-19 04:00:00,11.62,
2022-11-19 04:15:00,11.62,
2022-11-19 04:30:00,11.63,
2022-11-19 04:45:00,11.62,
2022-11-19 05:00:00,11.61,
2022-11-19 05:15:00,11.61,
2022-11-19 05:30:00,11.61,
2022-11-19 05:45:00,11.61,
2022-11-19 06:00:00,11.61,
2022-11-19 06:15:00,11.61,
2022-11-19 06:30:00,11.6,
2022-11-19 06:45:00,11.59,
2022-11-19 07:00:00,11.59,
2022-11-19 07:15:00,11.58,
2022-11-19 07:30:00,11.59,
2022-11-19 07:45:00,11.58,
2022-11-19 08:00:00,11.62,
2022-11-19 08:15:00,11.66,
2022-11-19 08:30:00,11.69,
2022-11-19 08:45:00,11.72,
2022-11-19 09:00:00,11.74,
2022-11-19 09:15:00,11.76,
2022-11-19 09:30:00,11.79,
2022-11-19 09:45:00,11.83,
2022-11-19 10:00:00,11.87,
2022-11-19 10:15:00,11.9,
2022-11-19 10:30:00,11.92,
2022-11-19 10:45:00,11.94,
2022-11-19 11:00:00,11.96,
2022-11-19 11:15:00,11.96,
2022-11-19 11:30:00,11.98,
2022-11-19 11:45:00,11.99,
2022-11-19 12:00:00,12.0,
2022-11-19 12:15:00,12.0,
2022-11-19 12:30:00,11.99,
2022-11-19 12:45:00,11.98,
2022-11-19 13:00:00,11.98,
2022-11-19 13:15:00,11.96,
2022-11-19 13:30:00,11.95,
2022-11-19 13:45:00,11.95,
2022-11-19 14:00:00,11.94,
2022-11-19 14:15:00,11.94,
2022-11-19 14:30:00,11.92,
2022-11-19 14:45:00,11.92,
2022-11-19 15:00:00,11.91,
2022-11-19 15:15:00,11.9,
2022-11-19 15:30:00,11.9,
2022-11-19 15:45:00,11.89,
2022-11-19 16:00:00,11.87,
2022-11-19 16:15:00,11.85,
2022-11-19 16:30:00,11.8,
2022-11-19 16:45:00,11.77,
2022-11-19 17:00:00,11.76,
2022-11-19 17:15:00,11.72,
2022-11-19 17:30:00,11.69,
2022-11-19 17:45:00,11.68,
2022-11-19 18:00:00,11.67,
2022-11-19 18:15:00,11.67,
2022-11-19 18:30:00,11.66,
2022-11-19 18:45:00,11.66,
2022-11-19 19:00:00,11.67,
2022-11-19 19:15:00,11.66,
2022-11-19 19:30:00,11.66,
2022-11-19 19:45:00,11.66,
2022-11-19 20:00:00,11.66,
2022-11-19 20:15:00,11.66,
2022-11-19 20:30:00,11.67,
2022-11-19 20:45:00,11.66,
2022-11-19 21:00:00,11.66,
2022-11-19 21:15:00,11.66,
2022-11-19 21:30:00,11.66,
2022-11-19 21:45:00,11.65,
2022-11-19 22:00:00,11.65,
2022-11-19 22:15:00,11.65,
2022-11-19 22:30:00,11.64,
2022-11-19 22:45:00,11.65,
2022-11-19 23:00:00,11.66,
2022-11-19 23:15:00,11.66,
2022-11-19 23:30:00,11.65,
2022-11-19 23:45:00,11.65,
2022-11-20 00:00:00,11.65,
2022-11-20 00:15:00,11.66,
2022-11-20 00:30:00,11.64,
2022-11-20 00:45:00,11.65,
2022-11-20 01:00:00,11.65,
2022-11-20 01:15:00,11.64,
2022-11-20 01:30:00,11.64,
2022-11-20 01:45:00,11.64,
2022-11-20 02:00:00,11.64,
2022-11-20 02:15:00,11.64,
2022-11-20 02:30:00,11.63,
2022-11-20 02:45:00,11.63,
2022-11-20 03:00:00,11.62,
2022-11-20 03:15:00,11.63,
2022-11-20 03:30:00,11.63,
2022-11-20 03:45:00,11.64,
2022-11-20 04:00:00,11.64,
2022-11-20 04:15:00,11.64,
2022-11-20 04:30:00,11.65,
2022-11-20 04:45:00,11.65,
2022-11-20 05:00:00,11.64,
2022-11-20 05:15:00,11.65,
2022-11-20 05:30:00,11.64,
2022-11-20 05:45:00,11.65,
2022-11-20 06:00:00,11.65,
2022-11-20 06:15:00,11.65,
2022-11-20 06:30:00,11.65,
2022-11-20 06:45:00,11.65,
2022-11-20 07:00:00,11.65,
2022-11-20 07:15:00,11.65,
2022-11-20 07:30:00,11.66,
2022-11-20 07:45:00,11.66,
2022-11-20 08:00:00,11.68,
2022-11-20 08:15:00,11.7,
2022-11-20 08:30:00,11.72,
2022-11-20 08:45:00,11.73,
2022-11-20 09:00:00,11.75,
2022-11-20 09:15:00,11.77,
2022-11-20 09:30:00,11.82,
2022-11-20 09:45:00,11.85,
2022-11-20 10:00:00,11.88,
2022-11-20 10:15:00,11.89,
2022-11-20 10:30:00,11.9,
2022-11-20 10:45:00,11.92,
2022-11-20 11:00:00,11.94,
2022-11-20 11:15:00,11.94,
2022-11-20 11:30:00,11.93,
2022-11-20 11:45:00,11.94,
2022-11-20 12:00:00,11.94,
2022-11-20 12:15:00,11.96,
2022-11-20 12:30:00,11.95,
2022-11-20 12:45:00,11.95,
2022-11-20 13:00:00,11.94,
2022-11-20 13:15:00,11.93,
2022-11-20 13:30:00,11.92,
2022-11-20 13:45:00,11.92,
2022-11-20 14:00:00,11.91,
2022-11-20 14:15:00,11.9,
2022-11-20 14:30:00,11.9,
2022-11-20 14:45:00,11.89,
2022-11-20 15:00:00,11.88,
2022-11-20 15:15:00,11.87,
2022-11-20 15:30:00,11.86,
2022-11-20 15:45:00,11.85,
2022-11-20 16:00:00,11.84,
2022-11-20 16:15:00,11.81,
2022-11-20 16:30:00,11.78,
2022-11-20 16:45:00,11.75,
2022-11-20 17:00:00,11.74,
2022-11-20 17:15:00,11.71,
2022-11-20 17:30:00,11.68,
2022-11-20 17:45:00,11.66,
2022-11-20 18:00:00,11.65,
2022-11-20 18:15:00,11.65,
2022-11-20 18:30:00,11.63,
2022-11-20 18:45:00,11.63,
2022-11-20 19:00:00,11.63,
2022-11-20 19:15:00,11.62,
2022-11-20 19:30:00,11.63,
2022-11-20 19:45:00,11.62,
2022-11-20 20:00:00,11.63,
2022-11-20 20:15:00,11.62,
2022-11-20 20:30:00,11.62,
2022-11-20 20:45:00,11.62,
2022-11-20 21:00:00,11.61,
2022-11-20 21:15:00,11.61,
2022-11-20 21:30:00,11.61,
2022-11-20 21:45:00,11.61,
2022-11-20 22:00:00,11.62,
2022-11-20 22:15:00,11.62,
2022-11-20 22:30:00,11.62,
2022-11-20 22:45:00,11.62,
2022-11-20 23:00:00,11.62,
2022-11-20 23:15:00,11.62,
2022-11-20 23:30:00,11.62,
2022-11-20 23:45:00,11.62,
2022-11-21 00:00:00,11.62,
2022-11-21 00:15:00,11.63,
2022-11-21 00:30:00,11.62,
2022-11-21 00:45:00,11.62,
2022-11-21 01:00:00,11.61,
2022-11-21 01:15:00,11.62,
2022-11-21 01:30:00,11.62,
2022-11-21 01:45:00,11.62,
2022-11-21 02:00:00,11.61,
2022-11-21 02:15:00,11.61,
2022-11-21 02:30:00,11.62,
2022-11-21 02:45:00,11.62,
2022-11-21 03:00:00,11.61,
2022-11-21 03:15:00,11.61,
2022-11-21 03:30:00,11.6,
2022-11-21 03:45:00,11.6,
2022-11-21 04:00:00,11.6,
2022-11-21 04:15:00,11.6,
2022-11-21 04:30:00,11.6,
2022-11-21 04:45:00,11.6,
2022-11-21 05:00:00,11.6,
2022-11-21 05:15:00,11.6,
2022-11-21 05:30:00,11.59,
2022-11-21 05:45:00,11.6,
2022-11-21 06:00:00,11.6,
2022-11-21 06:15:00,11.6,
2022-11-21 06:30:00,11.61,
2022-11-21 06:45:00,11.61,
2022-11-21 07:00:00,11.61,
2022-11-21 07:15:00,11.61,
2022-11-21 07:30:00,11.62,
2022-11-21 07:45:00,11.63,
2022-11-21 08:00:00,11.64,
2022-11-21 08:15:00,11.65,
2022-11-21 08:30:00,11.67,
2022-11-21 08:45:00,11.69,
2022-11-21 09:00:00,11.7,
2022-11-21 09:15:00,11.73,
2022-11-21 09:30:00,11.76,
2022-11-21 09:45:00,11.8,
2022-11-21 10:00:00,11.83,
2022-11-21 10:15:00,11.84,
2022-11-21 10:30:00,11.85,
2022-11-21 10:45:00,11.86,
2022-11-21 11:00:00,11.88,
2022-11-21 11:15:00,11.88,
2022-11-21 11:30:00,11.89,
2022-11-21 11:45:00,11.89,
2022-11-21 12:00:00,11.92,
2022-11-21 12:15:00,11.91,
2022-11-21 12:30:00,11.9,
2022-11-21 12:45:00,11.9,
2022-11-21 13:00:00,11.88,
2022-11-21 13:15:00,11.88,
2022-11-21 13:30:00,11.87,
2022-11-21 13:45:00,11.86,
2022-11-21 14:00:00,11.84,
2022-11-21 14:15:00,11.85,
2022-11-21 14:30:00,11.83,
2022-11-21 14:45:00,11.82,
2022-11-21 15:00:00,11.82,
2022-11-21 15:15:00,11.81,
2022-11-21 15:30:00,11.79,
2022-11-21 15:45:00,11.78,
2022-11-21 16:00:00,11.76,
2022-11-21 16:15:00,11.74,
2022-11-21 16:30:00,11.72,
2022-11-21 16:45:00,11.7,
2022-11-21 17:00:00,11.67,
2022-11-21 17:15:00,11.65,
2022-11-21 17:30:00,11.62,
2022-11-21 17:45:00,11.6,
2022-11-21 18:00:00,11.58,
2022-11-21 18:15:00,11.57,
2022-11-21 18:30:00,11.57,
2022-11-21 18:45:00,11.56,
2022-11-21 19:00:00,11.56,
2022-11-21 19:15:00,11.55,
2022-11-21 19:30:00,11.55,
2022-11-21 19:45:00,11.55,
2022-11-21 20:00:00,11.55,
2022-11-21 20:15:00,11.55,
2022-11-21 20:30:00,11.55,
2022-11-21 20:45:00,11.55,
2022-11-21 21:00:00,11.55,
2022-11-21 21:15:00,11.56,
2022-11-21 21:30:00,11.56,
2022-11-21 21:45:00,11.56,
2022-11-21 22:00:00,11.56,
2022-11-21 22:15:00,11.56,
2022-11-21 22:30:00,11.56,
2022-11-21 22:45:00,11.55,
2022-11-21 23:00:00,11.56,
2022-11-21 23:15:00,11.55,
2022-11-21 23:30:00,11.56,
2022-11-21 23:45:00,11.55,
2022-11-22 00:00:00,11.55,
2022-11-22 00:15:00,11.56,
2022-11-22 00:30:00,11.56,
2022-11-22 00:45:00,11.55,
2022-11-22 01:00:00,11.56,
2022-11-22 01:15:00,11.56,
2022-11-22 01:30:00,11.56,
2022-11-22 01:45:00,11.56,
2022-11-22 02:00:00,11.56,
2022-11-22 02:15:00,11.56,
2022-11-22 02:30:00,11.56,
2022-11-22 02:45:00,11.56,
2022-11-22 03:00:00,11.56,
2022-11-22 03:15:00,11.56,
2022-11-22 03:30:00,11.56,
2022-11-22 03:45:00,11.55,
2022-11-22 04:00:00,11.56,
2022-11-22 04:15:00,11.57,
2022-11-22 04:30:00,11.56,
2022-11-22 04:45:00,11.55,
2022-11-22 05:00:00,11.56,
2022-11-22 05:15:00,11.56,
2022-11-22 05:30:00,11.57,
2022-11-22 05:45:00,11.57,
2022-11-22 06:00:00,11.56,
2022-11-22 06:15:00,11.57,
2022-11-22 06:30:00,11.57,
2022-11-22 06:45:00,11.56,
2022-11-22 07:00:00,11.56,
2022-11-22 07:15:00,11.56,
2022-11-22 07:30:00,11.57,
2022-11-22 07:45:00,11.57,
2022-11-22 08:00:00,11.58,
2022-11-22 08:15:00,11.62,
2022-11-22 08:30:00,11.64,
2022-11-22 08:45:00,11.65,
2022-11-22 09:00:00,11.67,
2022-11-22 09:15:00,11.67,
2022-11-22 09:30:00,11.69,
2022-11-22 09:45:00,11.73,
2022-11-22 10:00:00,11.75,
2022-11-22 10:15:00,11.77,
2022-11-22 10:30:00,11.79,
2022-11-22 10:45:00,11.81,
2022-11-22 11:00:00,11.81,
2022-11-22 11:15:00,11.82,
2022-11-22 11:30:00,11.82,
2022-11-22 11:45:00,11.83,
2022-11-22 12:00:00,11.85,
2022-11-22 12:15:00,11.84,
2022-11-22 12:30:00,11.83,
2022-11-22 12:45:00,11.83,
2022-11-22 13:00:00,11.82,
2022-11-22 13:15:00,11.82,
2022-11-22 13:30:00,11.82,
2022-11-22 13:45:00,11.82,
2022-11-22 14:00:00,11.81,
2022-11-22 14:15:00,11.8,
2022-11-22 14:30:00,11.79,
2022-11-22 14:45:00,11.79,
2022-11-22 15:00:00,11.77,
2022-11-22 15:15:00,11.77,
2022-11-22 15:30:00,11.76,
2022-11-22 15:45:00,11.75,
2022-11-22 16:00:00,11.73,
2022-11-22 16:15:00,11.71,
2022-11-22 16:30:00,11.67,
2022-11-22 16:45:00,11.65,
2022-11-22 17:00:00,11.62,
2022-11-22 17:15:00,11.6,
2022-11-22 17:30:00,11.58,
2022-11-22 17:45:00,11.56,
2022-11-22 18:00:00,11.54,
2022-11-22 18:15:00,11.53,
2022-11-22 18:30:00,11.53,
2022-11-22 18:45:00,11.52,
2022-11-22 19:00:00,11.52,
2022-11-22 19:15:00,11.51,
2022-11-22 19:30:00,11.51,
2022-11-22 19:45:00,11.5,
2022-11-22 20:00:00,11.5,
2022-11-22 20:15:00,11.5,
2022-11-22 20:30:00,11.5,
2022-11-22 20:45:00,11.5,
2022-11-22 21:00:00,11.49,
2022-11-22 21:15:00,11.5,
2022-11-22 21:30:00,11.49,
2022-11-22 21:45:00,11.49,
2022-11-22 22:00:00,11.49,
2022-11-22 22:15:00,11.49,
2022-11-22 22:30:00,11.49,
2022-11-22 22:45:00,11.49,
2022-11-22 23:00:00,11.48,
2022-11-22 23:15:00,11.48,
2022-11-22 23:30:00,11.48,
2022-11-22 23:45:00,11.48,
2022-11-23 00:00:00,11.48,
2022-11-23 00:15:00,11.48,
2022-11-23 00:30:00,11.48,
2022-11-23 00:45:00,11.49,
2022-11-23 01:00:00,11.48,
2022-11-23 01:15:00,11.48,
2022-11-23 01:30:00,11.48,
2022-11-23 01:45:00,11.47,
2022-11-23 02:00:00,11.47,
2022-11-23 02:15:00,11.47,
2022-11-23 02:30:00,11.47,
2022-11-23 02:45:00,11.46,
2022-11-23 03:00:00,11.46,
2022-11-23 03:15:00,11.45,
2022-11-23 03:30:00,11.46,
2022-11-23 03:45:00,11.46,
2022-11-23 04:00:00,11.47,
2022-11-23 04:15:00,11.46,
2022-11-23 04:30:00,11.46,
2022-11-23 04:45:00,11.46,
2022-11-23 05:00:00,11.46,
2022-11-23 05:15:00,11.46,
2022-11-23 05:30:00,11.46,
2022-11-23 05:45:00,11.47,
2022-11-23 06:00:00,11.46,
2022-11-23 06:15:00,11.46,
2022-11-23 06:30:00,11.46,
2022-11-23 06:45:00,11.47,
2022-11-23 07:00:00,11.47,
2022-11-23 07:15:00,11.47,
2022-11-23 07:30:00,11.47,
2022-11-23 07:45:00,11.47,
2022-11-23 08:00:00,11.47,
2022-11-23 08:15:00,11.48,
2022-11-23 08:30:00,11.48,
2022-11-23 08:45:00,11.49,
2022-11-23 09:00:00,11.54,
2022-11-23 09:15:00,11.57,
2022-11-23 09:30:00,11.62,
2022-11-23 09:45:00,11.66,
2022-11-23 10:00:00,11.67,
2022-11-23 10:15:00,11.7,
2022-11-23 10:30:00,11.71,
2022-11-23 10:45:00,11.73,
2022-11-23 11:00:00,11.75,
2022-11-23 11:15:00,11.77,
2022-11-23 11:30:00,11.79,
2022-11-23 11:45:00,11.8,
2022-11-23 12:00:00,11.79,
2022-11-23 12:15:00,11.79,
2022-11-23 12:30:00,11.79,
2022-11-23 12:45:00,11.78,
2022-11-23 13:00:00,11.78,
2022-11-23 13:15:00,11.77,
2022-11-23 13:30:00,11.77,
2022-11-23 13:45:00,11.76,
2022-11-23 14:00:00,11.75,
2022-11-23 14:15:00,11.75,
2022-11-23 14:30:00,11.73,
2022-11-23 14:45:00,11.72,
2022-11-23 15:00:00,11.73,
2022-11-23 15:15:00,11.71,
2022-11-23 15:30:00,11.71,
2022-11-23 15:45:00,11.71,
2022-11-23 16:00:00,11.68,
2022-11-23 16:15:00,11.64,
2022-11-23 16:30:00,11.6,
2022-11-23 16:45:00,11.57,
2022-11-23 17:00:00,11.55,
2022-11-23 17:15:00,11.51,
2022-11-23 17:30:00,11.48,
2022-11-23 17:45:00,11.47,
2022-11-23 18:00:00,11.44,
2022-11-23 18:15:00,11.42,
2022-11-23 18:30:00,11.4,
2022-11-23 18:45:00,11.38,
2022-11-23 19:00:00,11.37,
2022-11-23 19:15:00,11.36,
2022-11-23 19:30:00,11.36,
2022-11-23 19:45:00,11.36,
2022-11-23 20:00:00,11.37,
2022-11-23 20:15:00,11.39,
2022-11-23 20:30:00,11.36,
2022-11-23 20:45:00,11.36,
2022-11-23 21:00:00,11.36,
2022-11-23 21:15:00,11.37,
2022-11-23 21:30:00,11.37,
2022-11-23 21:45:00,11.38,
2022-11-23 22:00:00,11.4,
2022-11-23 22:15:00,11.4,
2022-11-23 22:30:00,11.43,
2022-11-23 22:45:00,11.43,
2022-11-23 23:00:00,11.43,
2022-11-23 23:15:00,11.46,
2022-11-23 23:30:00,11.45,
2022-11-23 23:45:00,11.48,
2022-11-24 00:00:00,11.47,
2022-11-24 00:15:00,11.53,
2022-11-24 00:30:00,11.56,
2022-11-24 00:45:00,11.58,
2022-11-24 01:00:00,11.58,
2022-11-24 01:15:00,11.62,
2022-11-24 01:30:00,11.63,
2022-11-24 01:45:00,11.65,
2022-11-24 02:00:00,11.64,
2022-11-24 02:15:00,11.63,
2022-11-24 02:30:00,11.64,
2022-11-24 02:45:00,11.63,
2022-11-24 03:00:00,11.63,
2022-11-24 03:15:00,11.63,
2022-11-24 03:30:00,11.63,
2022-11-24 03:45:00,11.63,
2022-11-24 04:00:00,11.63,
2022-11-24 04:15:00,11.62,
2022-11-24 04:30:00,11.64,
2022-11-24 04:45:00,11.64,
2022-11-24 05:00:00,11.62,
2022-11-24 05:15:00,11.61,
2022-11-24 05:30:00,11.61,
2022-11-24 05:45:00,11.62,
2022-11-24 06:00:00,11.6,
2022-11-24 06:15:00,11.61,
2022-11-24 06:30:00,11.62,
2022-11-24 06:45:00,11.61,
2022-11-24 07:00:00,11.63,
2022-11-24 07:15:00,11.62,
2022-11-24 07:30:00,11.63,
2022-11-24 07:45:00,11.63,
2022-11-24 08:00:00,11.64,
2022-11-24 08:15:00,11.67,
2022-11-24 08:30:00,11.68,
2022-11-24 08:45:00,11.69,
2022-11-24 09:00:00,11.72,
2022-11-24 09:15:00,11.71,
2022-11-24 09:30:00,11.71,
2022-11-24 09:45:00,11.74,
2022-11-24 10:00:00,11.77,
2022-11-24 10:15:00,11.77,
2022-11-24 10:30:00,11.78,
2022-11-24 10:45:00,11.87,
2022-11-24 11:00:00,11.92,
2022-11-24 11:15:00,11.95,
2022-11-24 11:30:00,11.96,
2022-11-24 11:45:00,11.97,
2022-11-24 12:00:00,11.97,
2022-11-24 12:15:00,11.96,
2022-11-24 12:30:00,11.96,
2022-11-24 12:45:00,11.96,
2022-11-24 13:00:00,11.97,
2022-11-24 13:15:00,11.96,
2022-11-24 13:30:00,11.94,
2022-11-24 13:45:00,11.96,
2022-11-24 14:00:00,11.95,
2022-11-24 14:15:00,11.88,
2022-11-24 14:30:00,11.9,
2022-11-24 14:45:00,11.89,
2022-11-24 15:00:00,11.87,
2022-11-24 15:15:00,11.85,
2022-11-24 15:30:00,11.83,
2022-11-24 15:45:00,11.81,
2022-11-24 16:00:00,11.76,
2022-11-24 16:15:00,11.69,
2022-11-24 16:30:00,11.65,
2022-11-24 16:45:00,11.59,
2022-11-24 17:00:00,11.56,
2022-11-24 17:15:00,11.52,
2022-11-24 17:30:00,11.49,
2022-11-24 17:45:00,11.47,
2022-11-24 18:00:00,11.46,
2022-11-24 18:15:00,11.46,
2022-11-24 18:30:00,11.47,
2022-11-24 18:45:00,11.47,
2022-11-24 19:00:00,11.46,
2022-11-24 19:15:00,11.47,
2022-11-24 19:30:00,11.47,
2022-11-24 19:45:00,11.47,
2022-11-24 20:00:00,11.48,
2022-11-24 20:15:00,11.5,
2022-11-24 20:30:00,11.49,
2022-11-24 20:45:00,11.53,
2022-11-24 21:00:00,11.52,
2022-11-24 21:15:00,11.54,
2022-11-24 21:30:00,11.55,
2022-11-24 21:45:00,11.56,
2022-11-24 22:00:00,11.57,
2022-11-24 22:15:00,11.58,
2022-11-24 22:30:00,11.59,
2022-11-24 22:45:00,11.61,
2022-11-24 23:00:00,11.62,
2022-11-24 23:15:00,11.64,
2022-11-24 23:30:00,11.65,
2022-11-24 23:45:00,11.67,
2022-11-25 00:00:00,11.67,
2022-11-25 00:15:00,11.69,
2022-11-25 00:30:00,11.71,
2022-11-25 00:45:00,11.72,
2022-11-25 01:00:00,11.73,
2022-11-25 01:15:00,11.73,
2022-11-25 01:30:00,11.73,
2022-11-25 01:45:00,11.72,
2022-11-25 02:00:00,11.72,
2022-11-25 02:15:00,11.73,
2022-11-25 02:30:00,11.73,
2022-11-25 02:45:00,11.72,
2022-11-25 03:00:00,11.72,
2022-11-25 03:15:00,11.72,
2022-11-25 03:30:00,11.72,
2022-11-25 03:45:00,11.72,
2022-11-25 04:00:00,11.71,
2022-11-25 04:15:00,11.71,
2022-11-25 04:30:00,11.7,
2022-11-25 04:45:00,11.71,
2022-11-25 05:00:00,11.7,
2022-11-25 05:15:00,11.7,
2022-11-25 05:30:00,11.7,
2022-11-25 05:45:00,11.69,
2022-11-25 06:00:00,11.68,
2022-11-25 06:15:00,11.67,
2022-11-25 06:30:00,11.67,
2022-11-25 06:45:00,11.68,
2022-11-25 07:00:00,11.68,
2022-11-25 07:15:00,11.67,
2022-11-25 07:30:00,11.68,
2022-11-25 07:45:00,11.68,
2022-11-25 08:00:00,11.69,
2022-11-25 08:15:00,11.72,
2022-11-25 08:30:00,11.73,
2022-11-25 08:45:00,11.75,
2022-11-25 09:00:00,11.78,
2022-11-25 09:15:00,11.79,
2022-11-25 09:30:00,11.8,
2022-11-25 09:45:00,11.83,
2022-11-25 10:00:00,11.85,
2022-11-25 10:15:00,11.86,
2022-11-25 10:30:00,11.86,
2022-11-25 10:45:00,11.88,
2022-11-25 11:00:00,11.92,
2022-11-25 11:15:00,11.96,
2022-11-25 11:30:00,11.97,
2022-11-25 11:45:00,11.97,
2022-11-25 12:00:00,11.96,
2022-11-25 12:15:00,11.96,
2022-11-25 12:30:00,11.92,
2022-11-25 12:45:00,11.91,
2022-11-25 13:00:00,11.88,
2022-11-25 13:15:00,11.86,
2022-11-25 13:30:00,11.76,
2022-11-25 13:45:00,11.81,
2022-11-25 14:00:00,11.81,
2022-11-25 14:15:00,11.79,
2022-11-25 14:30:00,11.75,
2022-11-25 14:45:00,11.72,
2022-11-25 15:00:00,11.65,
2022-11-25 15:15:00,11.58,
2022-11-25 15:30:00,11.51,
2022-11-25 15:45:00,11.43,
2022-11-25 16:00:00,11.38,
2022-11-25 16:15:00,11.33,
2022-11-25 16:30:00,11.28,
2022-11-25 16:45:00,11.25,
2022-11-25 17:00:00,11.23,
2022-11-25 17:15:00,11.21,
2022-11-25 17:30:00,11.18,
2022-11-25 17:45:00,11.18,
2022-11-25 18:00:00,11.17,
2022-11-25 18:15:00,11.18,
2022-11-25 18:30:00,11.17,
2022-11-25 18:45:00,11.17,
2022-11-25 19:00:00,11.18,
2022-11-25 19:15:00,11.18,
2022-11-25 19:30:00,11.19,
2022-11-25 19:45:00,11.19,
2022-11-25 20:00:00,11.19,
2022-11-25 20:15:00,11.19,
2022-11-25 20:30:00,11.19,
2022-11-25 20:45:00,11.23,
2022-11-25 21:00:00,11.26,
2022-11-25 21:15:00,11.3,
2022-11-25 21:30:00,11.36,
2022-11-25 21:45:00,11.39,
2022-11-25 22:00:00,11.4,
2022-11-25 22:15:00,11.41,
2022-11-25 22:30:00,11.4,
2022-11-25 22:45:00,11.4,
2022-11-25 23:00:00,11.4,
2022-11-25 23:15:00,11.4,
2022-11-25 23:30:00,11.39,
2022-11-25 23:45:00,11.4,
2022-11-26 00:00:00,11.41,
2022-11-26 00:15:00,11.41,
2022-11-26 00:30:00,11.41,
2022-11-26 00:45:00,11.43,
2022-11-26 01:00:00,11.43,
2022-11-26 01:15:00,11.43,
2022-11-26 01:30:00,11.45,
2022-11-26 01:45:00,11.46,
2022-11-26 02:00:00,11.47,
2022-11-26 02:15:00,11.48,
2022-11-26 02:30:00,11.49,
2022-11-26 02:45:00,11.51,
2022-11-26 03:00:00,11.52,
2022-11-26 03:15:00,11.53,
2022-11-26 03:30:00,11.53,
2022-11-26 03:45:00,11.55,
2022-11-26 04:00:00,11.56,
2022-11-26 04:15:00,11.56,
2022-11-26 04:30:00,11.57,
2022-11-26 04:45:00,11.57,
2022-11-26 05:00:00,11.57,
2022-11-26 05:15:00,11.57,
2022-11-26 05:30:00,11.57,
2022-11-26 05:45:00,11.56,
2022-11-26 06:00:00,11.58,
2022-11-26 06:15:00,11.57,
2022-11-26 06:30:00,11.58,
2022-11-26 06:45:00,11.57,
2022-11-26 07:00:00,11.56,
2022-11-26 07:15:00,11.56,
2022-11-26 07:30:00,11.56,
2022-11-26 07:45:00,11.58,
2022-11-26 08:00:00,11.59,
2022-11-26 08:15:00,11.62,
2022-11-26 08:30:00,11.65,
2022-11-26 08:45:00,11.65,
2022-11-26 09:00:00,11.67,
2022-11-26 09:15:00,11.72,
2022-11-26 09:30:00,11.75,
2022-11-26 09:45:00,11.77,
2022-11-26 10:00:00,11.79,
2022-11-26 10:15:00,11.79,
2022-11-26 10:30:00,11.77,
2022-11-26 10:45:00,11.76,
2022-11-26 11:00:00,11.75,
2022-11-26 11:15:00,11.73,
2022-11-26 11:30:00,11.71,
2022-11-26 11:45:00,11.67,
2022-11-26 12:00:00,11.66,
2022-11-26 12:15:00,11.65,
2022-11-26 12:30:00,11.62,
2022-11-26 12:45:00,11.58,
2022-11-26 13:00:00,11.52,
2022-11-26 13:15:00,11.47,
2022-11-26 13:30:00,11.46,
2022-11-26 13:45:00,11.42,
2022-11-26 14:00:00,11.39,
2022-11-26 14:15:00,11.38,
2022-11-26 14:30:00,11.35,
2022-11-26 14:45:00,11.34,
2022-11-26 15:00:00,11.34,
2022-11-26 15:15:00,11.34,
2022-11-26 15:30:00,11.31,
2022-11-26 15:45:00,11.29,
2022-11-26 16:00:00,11.29,
2022-11-26 16:15:00,11.25,
2022-11-26 16:30:00,11.22,
2022-11-26 16:45:00,11.19,
2022-11-26 17:00:00,11.13,
2022-11-26 17:15:00,11.1,
2022-11-26 17:30:00,11.07,
2022-11-26 17:45:00,11.07,
2022-11-26 18:00:00,11.06,
2022-11-26 18:15:00,11.05,
2022-11-26 18:30:00,11.04,
2022-11-26 18:45:00,11.04,
2022-11-26 19:00:00,11.04,
2022-11-26 19:15:00,11.04,
2022-11-26 19:30:00,11.05,
2022-11-26 19:45:00,11.05,
2022-11-26 20:00:00,11.05,
2022-11-26 20:15:00,11.04,
2022-11-26 20:30:00,11.04,
2022-11-26 20:45:00,11.06,
2022-11-26 21:00:00,11.06,
2022-11-26 21:15:00,11.06,
2022-11-26 21:30:00,11.06,
2022-11-26 21:45:00,11.06,
2022-11-26 22:00:00,11.06,
2022-11-26 22:15:00,11.07,
2022-11-26 22:30:00,11.07,
2022-11-26 22:45:00,11.08,
2022-11-26 23:00:00,11.07,
2022-11-26 23:15:00,11.08,
2022-11-26 23:30:00,11.08,
2022-11-26 23:45:00,11.08,
2022-11-27 00:00:00,11.09,
2022-11-27 00:15:00,11.09,
2022-11-27 00:30:00,11.1,
2022-11-27 00:45:00,11.11,
2022-11-27 01:00:00,11.12,
2022-11-27 01:15:00,11.14,
2022-11-27 01:30:00,11.15,
2022-11-27 01:45:00,11.16,
2022-11-27 02:00:00,11.17,
2022-11-27 02:15:00,11.17,
2022-11-27 02:30:00,11.18,
2022-11-27 02:45:00,11.2,
2022-11-27 03:00:00,11.21,
2022-11-27 03:15:00,11.22,
2022-11-27 03:30:00,11.24,
2022-11-27 03:45:00,11.25,
2022-11-27 04:00:00,11.26,
2022-11-27 04:15:00,11.29,
2022-11-27 04:30:00,11.3,
2022-11-27 04:45:00,11.32,
2022-11-27 05:00:00,11.33,
2022-11-27 05:15:00,11.35,
2022-11-27 05:30:00,11.37,
2022-11-27 05:45:00,11.38,
2022-11-27 06:00:00,11.39,
2022-11-27 06:15:00,11.4,
2022-11-27 06:30:00,11.42,
2022-11-27 06:45:00,11.43,
2022-11-27 07:00:00,11.45,
2022-11-27 07:15:00,11.46,
2022-11-27 07:30:00,11.46,
2022-11-27 07:45:00,11.48,
2022-11-27 08:00:00,11.5,
2022-11-27 08:15:00,11.52,
2022-11-27 08:30:00,11.54,
2022-11-27 08:45:00,11.59,
2022-11-27 09:00:00,11.63,
2022-11-27 09:15:00,11.67,
2022-11-27 09:30:00,11.7,
2022-11-27 09:45:00,11.71,
2022-11-27 10:00:00,11.7,
2022-11-27 10:15:00,11.71,
2022-11-27 10:30:00,11.68,
2022-11-27 10:45:00,11.64,
2022-11-27 11:00:00,11.62,
2022-11-27 11:15:00,11.56,
2022-11-27 11:30:00,11.49,
2022-11-27 11:45:00,11.42,
2022-11-27 12:00:00,11.34,
2022-11-27 12:15:00,11.27,
2022-11-27 12:30:00,11.21,
2022-11-27 12:45:00,11.18,
2022-11-27 13:00:00,11.14,
2022-11-27 13:15:00,11.13,
2022-11-27 13:30:00,11.12,
2022-11-27 13:45:00,11.13,
2022-11-27 14:00:00,11.13,
2022-11-27 14:15:00,11.14,
2022-11-27 14:30:00,11.14,
2022-11-27 14:45:00,11.12,
2022-11-27 15:00:00,11.12,
2022-11-27 15:15:00,11.11,
2022-11-27 15:30:00,11.12,
2022-11-27 15:45:00,11.15,
2022-11-27 16:00:00,11.13,
2022-11-27 16:15:00,11.11,
2022-11-27 16:30:00,11.08,
2022-11-27 16:45:00,11.02,
2022-11-27 17:00:00,10.99,
2022-11-27 17:15:00,10.96,
2022-11-27 17:30:00,10.95,
2022-11-27 17:45:00,10.95,
2022-11-27 18:00:00,10.94,
2022-11-27 18:15:00,10.94,
2022-11-27 18:30:00,10.95,
2022-11-27 18:45:00,10.96,
2022-11-27 19:00:00,10.96,
2022-11-27 19:15:00,10.97,
2022-11-27 19:30:00,10.96,
2022-11-27 19:45:00,10.98,
2022-11-27 20:00:00,10.98,
2022-11-27 20:15:00,10.99,
2022-11-27 20:30:00,10.99,
2022-11-27 20:45:00,11.0,
2022-11-27 21:00:00,11.0,
2022-11-27 21:15:00,11.01,
2022-11-27 21:30:00,11.02,
2022-11-27 21:45:00,11.0,
2022-11-27 22:00:00,11.0,
2022-11-27 22:15:00,11.01,
2022-11-27 22:30:00,11.01,
2022-11-27 22:45:00,11.01,
2022-11-27 23:00:00,11.01,
2022-11-27 23:15:00,11.0,
2022-11-27 23:30:00,11.01,
2022-11-27 23:45:00,11.0,
2022-11-28 00:00:00,11.0,
2022-11-28 00:15:00,11.01,
2022-11-28 00:30:00,10.99,
2022-11-28 00:45:00,10.99,
2022-11-28 01:00:00,11.0,
2022-11-28 01:15:00,11.0,
2022-11-28 01:30:00,11.0,
2022-11-28 01:45:00,11.0,
2022-11-28 02:00:00,11.0,
2022-11-28 02:15:00,10.99,
2022-11-28 02:30:00,10.99,
2022-11-28 02:45:00,10.99,
2022-11-28 03:00:00,10.99,
2022-11-28 03:15:00,10.99,
2022-11-28 03:30:00,11.0,
2022-11-28 03:45:00,11.0,
2022-11-28 04:00:00,10.99,
2022-11-28 04:15:00,11.0,
2022-11-28 04:30:00,11.0,
2022-11-28 04:45:00,11.0,
2022-11-28 05:00:00,11.0,
2022-11-28 05:15:00,11.01,
2022-11-28 05:30:00,11.01,
2022-11-28 05:45:00,11.0,
2022-11-28 06:00:00,11.01,
2022-11-28 06:15:00,11.01,
2022-11-28 06:30:00,11.01,
2022-11-28 06:45:00,11.0,
2022-11-28 07:00:00,11.01,
2022-11-28 07:15:00,11.0,
2022-11-28 07:30:00,11.02,
2022-11-28 07:45:00,11.03,
2022-11-28 08:00:00,11.05,
2022-11-28 08:15:00,11.08,
2022-11-28 08:30:00,11.08,
2022-11-28 08:45:00,11.12,
2022-11-28 09:00:00,11.15,
2022-11-28 09:15:00,11.2,
2022-11-28 09:30:00,11.27,
2022-11-28 09:45:00,11.3,
2022-11-28 10:00:00,11.32,
2022-11-28 10:15:00,11.31,
2022-11-28 10:30:00,11.33,
2022-11-28 10:45:00,11.35,
2022-11-28 11:00:00,11.38,
2022-11-28 11:15:00,11.41,
2022-11-28 11:30:00,11.45,
2022-11-28 11:45:00,11.5,
2022-11-28 12:00:00,11.54,
2022-11-28 12:15:00,11.54,
2022-11-28 12:30:00,11.53,
2022-11-28 12:45:00,11.56,
2022-11-28 13:00:00,11.57,
2022-11-28 13:15:00,11.57,
2022-11-28 13:30:00,11.57,
2022-11-28 13:45:00,11.57,
2022-11-28 14:00:00,11.57,
2022-11-28 14:15:00,11.56,
2022-11-28 14:30:00,11.54,
2022-11-28 14:45:00,11.52,
2022-11-28 15:00:00,11.5,
2022-11-28 15:15:00,11.49,
2022-11-28 15:30:00,11.47,
2022-11-28 15:45:00,11.45,
2022-11-28 16:00:00,11.45,
2022-11-28 16:15:00,11.42,
2022-11-28 16:30:00,11.39,
2022-11-28 16:45:00,11.36,
2022-11-28 17:00:00,11.32,
2022-11-28 17:15:00,11.29,
2022-11-28 17:30:00,11.28,
2022-11-28 17:45:00,11.27,
2022-11-28 18:00:00,11.27,
2022-11-28 18:15:00,11.27,
2022-11-28 18:30:00,11.27,
2022-11-28 18:45:00,11.27,
2022-11-28 19:00:00,11.27,
2022-11-28 19:15:00,11.28,
2022-11-28 19:30:00,11.28,
2022-11-28 19:45:00,11.29,
2022-11-28 20:00:00,11.29,
2022-11-28 20:15:00,11.3,
2022-11-28 20:30:00,11.3,
2022-11-28 20:45:00,11.32,
2022-11-28 21:00:00,11.33,
2022-11-28 21:15:00,11.34,
2022-11-28 21:30:00,11.35,
2022-11-28 21:45:00,11.36,
2022-11-28 22:00:00,11.36,
2022-11-28 22:15:00,11.37,
2022-11-28 22:30:00,11.37,
2022-11-28 22:45:00,11.37,
2022-11-28 23:00:00,11.38,
2022-11-28 23:15:00,11.34,
2022-11-28 23:30:00,11.36,
2022-11-28 23:45:00,11.36,
2022-11-29 00:00:00,11.34,
2022-11-29 00:15:00,11.35,
2022-11-29 00:30:00,11.34,
2022-11-29 00:45:00,11.35,
2022-11-29 01:00:00,11.35,
2022-11-29 01:15:00,11.35,
2022-11-29 01:30:00,11.35,
2022-11-29 01:45:00,11.35,
2022-11-29 02:00:00,11.36,
2022-11-29 02:15:00,11.35,
2022-11-29 02:30:00,11.36,
2022-11-29 02:45:00,11.36,
2022-11-29 03:00:00,11.38,
2022-11-29 03:15:00,11.36,
2022-11-29 03:30:00,11.38,
2022-11-29 03:45:00,11.38,
2022-11-29 04:00:00,11.38,
2022-11-29 04:15:00,11.38,
2022-11-29 04:30:00,11.39,
2022-11-29 04:45:00,11.39,
2022-11-29 05:00:00,11.39,
2022-11-29 05:15:00,11.39,
2022-11-29 05:30:00,11.39,
2022-11-29 05:45:00,11.41,
2022-11-29 06:00:00,11.39,
2022-11-29 06:15:00,11.4,
2022-11-29 06:30:00,11.39,
2022-11-29 06:45:00,11.4,
2022-11-29 07:00:00,11.41,
2022-11-29 07:15:00,11.42,
2022-11-29 07:30:00,11.42,
2022-11-29 07:45:00,11.43,
2022-11-29 08:00:00,11.44,
2022-11-29 08:15:00,11.47,
2022-11-29 08:30:00,11.51,
2022-11-29 08:45:00,11.56,
2022-11-29 09:00:00,11.62,
2022-11-29 09:15:00,11.67,
2022-11-29 09:30:00,11.7,
2022-11-29 09:45:00,11.73,
2022-11-29 10:00:00,11.78,
2022-11-29 10:15:00,11.81,
2022-11-29 10:30:00,11.82,
2022-11-29 10:45:00,11.82,
2022-11-29 11:00:00,11.82,
2022-11-29 11:15:00,11.83,
2022-11-29 11:30:00,11.84,
2022-11-29 11:45:00,11.85,
2022-11-29 12:00:00,11.84,
2022-11-29 12:15:00,11.83,
2022-11-29 12:30:00,11.84,
2022-11-29 12:45:00,11.82,
2022-11-29 13:00:00,11.8,
2022-11-29 13:15:00,11.79,
2022-11-29 13:30:00,11.8,
2022-11-29 13:45:00,11.78,
2022-11-29 14:00:00,11.82,
2022-11-29 14:15:00,11.82,
2022-11-29 14:30:00,11.79,
2022-11-29 14:45:00,11.8,
2022-11-29 15:00:00,11.8,
2022-11-29 15:15:00,11.78,
2022-11-29 15:30:00,11.77,
2022-11-29 15:45:00,11.76,
2022-11-29 16:00:00,11.74,
2022-11-29 16:15:00,11.71,
2022-11-29 16:30:00,11.67,
2022-11-29 16:45:00,11.63,
2022-11-29 17:00:00,11.6,
2022-11-29 17:15:00,11.56,
2022-11-29 17:30:00,11.53,
2022-11-29 17:45:00,11.51,
2022-11-29 18:00:00,11.5,
2022-11-29 18:15:00,11.5,
2022-11-29 18:30:00,11.49,
2022-11-29 18:45:00,11.5,
2022-11-29 19:00:00,11.5,
2022-11-29 19:15:00,11.49,
2022-11-29 19:30:00,11.5,
2022-11-29 19:45:00,11.5,
2022-11-29 20:00:00,11.51,
2022-11-29 20:15:00,11.52,
2022-11-29 20:30:00,11.52,
2022-11-29 20:45:00,11.52,
2022-11-29 21:00:00,11.52,
2022-11-29 21:15:00,11.53,
2022-11-29 21:30:00,11.54,
2022-11-29 21:45:00,11.54,
2022-11-29 22:00:00,11.55,
2022-11-29 22:15:00,11.55,
2022-11-29 22:30:00,11.55,
2022-11-29 22:45:00,11.55,
2022-11-29 23:00:00,11.54,
2022-11-29 23:15:00,11.53,
2022-11-29 23:30:00,11.54,
2022-11-29 23:45:00,11.53,
2022-11-30 00:00:00,11.53,
2022-11-30 00:15:00,11.54,
2022-11-30 00:30:00,11.53,
2022-11-30 00:45:00,11.53,
2022-11-30 01:00:00,11.53,
2022-11-30 01:15:00,11.52,
2022-11-30 01:30:00,11.52,
2022-11-30 01:45:00,11.51,
2022-11-30 02:00:00,11.5,
2022-11-30 02:15:00,11.49,
2022-11-30 02:30:00,11.48,
2022-11-30 02:45:00,11.48,
2022-11-30 03:00:00,11.48,
2022-11-30 03:15:00,11.48,
2022-11-30 03:30:00,11.47,
2022-11-30 03:45:00,11.46,
2022-11-30 04:00:00,11.46,
2022-11-30 04:15:00,11.45,
2022-11-30 04:30:00,11.47,
2022-11-30 04:45:00,11.47,
2022-11-30 05:00:00,11.47,
2022-11-30 05:15:00,11.48,
2022-11-30 05:30:00,11.47,
2022-11-30 05:45:00,11.47,
2022-11-30 06:00:00,11.47,
2022-11-30 06:15:00,11.47,
2022-11-30 06:30:00,11.46,
2022-11-30 06:45:00,11.46,
2022-11-30 07:00:00,11.46,
2022-11-30 07:15:00,11.47,
2022-11-30 07:30:00,11.46,
2022-11-30 07:45:00,11.46,
2022-11-30 08:00:00,11.48,
2022-11-30 08:15:00,11.5,
2022-11-30 08:30:00,11.53,
2022-11-30 08:45:00,11.56,
2022-11-30 09:00:00,11.59,
2022-11-30 09:15:00,11.63,
2022-11-30 09:30:00,11.66,
2022-11-30 09:45:00,11.68,
2022-11-30 10:00:00,11.71,
2022-11-30 10:15:00,11.73,
2022-11-30 10:30:00,11.75,
2022-11-30 10:45:00,11.75,
2022-11-30 11:00:00,11.76,
2022-11-30 11:15:00,11.76,
2022-11-30 11:30:00,11.77,
2022-11-30 11:45:00,11.78,
2022-11-30 12:00:00,11.77,
2022-11-30 12:15:00,11.78,
2022-11-30 12:30:00,11.76,
2022-11-30 12:45:00,11.74,
2022-11-30 13:00:00,11.75,
2022-11-30 13:15:00,11.73,
2022-11-30 13:30:00,11.75,
2022-11-30 13:45:00,11.74,
2022-11-30 14:00:00,11.73,
2022-11-30 14:15:00,11.72,
2022-11-30 14:30:00,11.71,
2022-11-30 14:45:00,11.68,
2022-11-30 15:00:00,11.67,
2022-11-30 15:15:00,11.64,
2022-11-30 15:30:00,11.6,
2022-11-30 15:45:00,11.54,
2022-11-30 16:00:00,11.44,
2022-11-30 16:15:00,11.38,
2022-11-30 16:30:00,11.3,
2022-11-30 16:45:00,11.24,
2022-11-30 17:00:00,11.19,
2022-11-30 17:15:00,11.16,
2022-11-30 17:30:00,11.14,
2022-11-30 17:45:00,11.12,
2022-11-30 18:00:00,11.13,
2022-11-30 18:15:00,11.13,
2022-11-30 18:30:00,11.13,
2022-11-30 18:45:00,11.15,
2022-11-30 19:00:00,11.16,
2022-11-30 19:15:00,11.17,
2022-11-30 19:30:00,11.18,
2022-11-30 19:45:00,11.2,
2022-11-30 20:00:00,11.21,
2022-11-30 20:15:00,11.23,
2022-11-30 20:30:00,11.26,
2022-11-30 20:45:00,11.27,
2022-11-30 21:00:00,11.28,
2022-11-30 21:15:00,11.3,
2022-11-30 21:30:00,11.31,
2022-11-30 21:45:00,11.32,
2022-11-30 22:00:00,11.34,
2022-11-30 22:15:00,11.35,
2022-11-30 22:30:00,11.36,
2022-11-30 22:45:00,11.37,
2022-11-30 23:00:00,11.39,
2022-11-30 23:15:00,11.4,
2022-11-30 23:30:00,11.4,
2022-11-30 23:45:00,11.42,
2022-12-01 00:00:00,11.43,
2022-12-01 00:15:00,11.44,
2022-12-01 00:30:00,11.46,
2022-12-01 00:45:00,11.46,
2022-12-01 01:00:00,11.45,
2022-12-01 01:15:00,11.46,
2022-12-01 01:30:00,11.45,
2022-12-01 01:45:00,11.45,
2022-12-01 02:00:00,11.45,
2022-12-01 02:15:00,11.44,
2022-12-01 02:30:00,11.45,
2022-12-01 02:45:00,11.44,
2022-12-01 03:00:00,11.43,
2022-12-01 03:15:00,11.43,
2022-12-01 03:30:00,11.42,
2022-12-01 03:45:00,11.42,
2022-12-01 04:00:00,11.42,
2022-12-01 04:15:00,11.42,
2022-12-01 04:30:00,11.42,
2022-12-01 04:45:00,11.41,
2022-12-01 05:00:00,11.42,
2022-12-01 05:15:00,11.41,
2022-12-01 05:30:00,11.41,
2022-12-01 05:45:00,11.4,
2022-12-01 06:00:00,11.4,
2022-12-01 06:15:00,11.4,
2022-12-01 06:30:00,11.4,
2022-12-01 06:45:00,11.4,
2022-12-01 07:00:00,11.39,
2022-12-01 07:15:00,11.4,
2022-12-01 07:30:00,11.39,
2022-12-01 07:45:00,11.41,
2022-12-01 08:00:00,11.43,
2022-12-01 08:15:00,11.46,
2022-12-01 08:30:00,11.52,
2022-12-01 08:45:00,11.55,
2022-12-01 09:00:00,11.59,
2022-12-01 09:15:00,11.61,
2022-12-01 09:30:00,11.64,
2022-12-01 09:45:00,11.66,
2022-12-01 10:00:00,11.67,
2022-12-01 10:15:00,11.67,
2022-12-01 10:30:00,11.68,
2022-12-01 10:45:00,11.71,
2022-12-01 11:00:00,11.73,
2022-12-01 11:15:00,11.72,
2022-12-01 11:30:00,11.73,
2022-12-01 11:45:00,11.72,
2022-12-01 12:00:00,11.72,
2022-12-01 12:15:00,11.69,
2022-12-01 12:30:00,11.69,
2022-12-01 12:45:00,11.68,
2022-12-01 13:00:00,11.66,
2022-12-01 13:15:00,11.6,
2022-12-01 13:30:00,11.52,
2022-12-01 13:45:00,11.45,
2022-12-01 14:00:00,11.41,
2022-12-01 14:15:00,11.37,
2022-12-01 14:30:00,11.31,
2022-12-01 14:45:00,11.24,
2022-12-01 15:00:00,11.21,
2022-12-01 15:15:00,11.16,
2022-12-01 15:30:00,11.1,
2022-12-01 15:45:00,11.07,
2022-12-01 16:00:00,11.04,
2022-12-01 16:15:00,10.99,
2022-12-01 16:30:00,10.94,
2022-12-01 16:45:00,10.9,
2022-12-01 17:00:00,10.89,
2022-12-01 17:15:00,10.87,
2022-12-01 17:30:00,10.85,
2022-12-01 17:45:00,10.85,
2022-12-01 18:00:00,10.84,
2022-12-01 18:15:00,10.83,
2022-12-01 18:30:00,10.82,
2022-12-01 18:45:00,10.82,
2022-12-01 19:00:00,10.81,
2022-12-01 19:15:00,10.8,
2022-12-01 19:30:00,10.81,
2022-12-01 19:45:00,10.8,
2022-12-01 20:00:00,10.8,
2022-12-01 20:15:00,10.8,
2022-12-01 20:30:00,10.79,
2022-12-01 20:45:00,10.8,
2022-12-01 21:00:00,10.79,
2022-12-01 21:15:00,10.8,
2022-12-01 21:30:00,10.8,
2022-12-01 21:45:00,10.81,
2022-12-01 22:00:00,10.83,
2022-12-01 22:15:00,10.83,
2022-12-01 22:30:00,10.85,
2022-12-01 22:45:00,10.86,
2022-12-01 23:00:00,10.87,
2022-12-01 23:15:00,10.89,
2022-12-01 23:30:00,10.91,
2022-12-01 23:45:00,10.93,
2022-12-02 00:00:00,10.96,
2022-12-02 00:15:00,11.0,
2022-12-02 00:30:00,11.03,
2022-12-02 00:45:00,11.06,
2022-12-02 01:00:00,11.1,
2022-12-02 01:15:00,11.13,
2022-12-02 01:30:00,11.17,
2022-12-02 01:45:00,11.22,
2022-12-02 02:00:00,11.26,
2022-12-02 02:15:00,11.29,
2022-12-02 02:30:00,11.32,
2022-12-02 02:45:00,11.34,
2022-12-02 03:00:00,11.37,
2022-12-02 03:15:00,11.4,
2022-12-02 03:30:00,11.4,
2022-12-02 03:45:00,11.42,
2022-12-02 04:00:00,11.4,
2022-12-02 04:15:00,11.42,
2022-12-02 04:30:00,11.4,
2022-12-02 04:45:00,11.37,
2022-12-02 05:00:00,11.41,
2022-12-02 05:15:00,11.44,
2022-12-02 05:30:00,11.44,
2022-12-02 05:45:00,11.45,
2022-12-02 06:00:00,11.44,
2022-12-02 06:15:00,11.44,
2022-12-02 06:30:00,11.45,
2022-12-02 06:45:00,11.44,
2022-12-02 07:00:00,11.44,
2022-12-02 07:15:00,11.44,
2022-12-02 07:30:00,11.47,
2022-12-02 07:45:00,11.49,
2022-12-02 08:00:00,11.51,
2022-12-02 08:15:00,11.54,
2022-12-02 08:30:00,11.57,
2022-12-02 08:45:00,11.6,
2022-12-02 09:00:00,11.63,
2022-12-02 09:15:00,11.66,
2022-12-02 09:30:00,11.63,
2022-12-02 09:45:00,11.66,
2022-12-02 10:00:00,11.71,
2022-12-02 10:15:00,11.77,
2022-12-02 10:30:00,11.81,
2022-12-02 10:45:00,11.82,
2022-12-02 11:00:00,11.85,
2022-12-02 11:15:00,11.86,
2022-12-02 11:30:00,11.88,
2022-12-02 11:45:00,11.9,
2022-12-02 12:00:00,11.91,
2022-12-02 12:15:00,11.9,
2022-12-02 12:30:00,11.92,
2022-12-02 12:45:00,11.91,
2022-12-02 13:00:00,11.88,
2022-12-02 13:15:00,11.85,
2022-12-02 13:30:00,11.84,
2022-12-02 13:45:00,11.88,
2022-12-02 14:00:00,11.91,
2022-12-02 14:15:00,11.9,
2022-12-02 14:30:00,11.9,
2022-12-02 14:45:00,11.88,
2022-12-02 15:00:00,11.89,
2022-12-02 15:15:00,11.89,
2022-12-02 15:30:00,11.87,
2022-12-02 15:45:00,11.86,
2022-12-02 16:00:00,11.88,
2022-12-02 16:15:00,11.83,
2022-12-02 16:30:00,11.79,
2022-12-02 16:45:00,11.75,
2022-12-02 17:00:00,11.73,
2022-12-02 17:15:00,11.69,
2022-12-02 17:30:00,11.68,
2022-12-02 17:45:00,11.65,
2022-12-02 18:00:00,11.64,
2022-12-02 18:15:00,11.62,
2022-12-02 18:30:00,11.62,
2022-12-02 18:45:00,11.61,
2022-12-02 19:00:00,11.61,
2022-12-02 19:15:00,11.59,
2022-12-02 19:30:00,11.59,
2022-12-02 19:45:00,11.58,
2022-12-02 20:00:00,11.57,
2022-12-02 20:15:00,11.57,
2022-12-02 20:30:00,11.58,
2022-12-02 20:45:00,11.57,
2022-12-02 21:00:00,11.57,
2022-12-02 21:15:00,11.57,
2022-12-02 21:30:00,11.56,
2022-12-02 21:45:00,11.56,
2022-12-02 22:00:00,11.56,
2022-12-02 22:15:00,11.55,
2022-12-02 22:30:00,11.55,
2022-12-02 22:45:00,11.55,
2022-12-02 23:00:00,11.55,
2022-12-02 23:15:00,11.55,
2022-12-02 23:30:00,11.55,
2022-12-02 23:45:00,11.55,
2022-12-03 00:00:00,11.55,
2022-12-03 00:15:00,11.55,
2022-12-03 00:30:00,11.55,
2022-12-03 00:45:00,11.56,
2022-12-03 01:00:00,11.56,
2022-12-03 01:15:00,11.56,
2022-12-03 01:30:00,11.56,
2022-12-03 01:45:00,11.56,
2022-12-03 02:00:00,11.56,
2022-12-03 02:15:00,11.55,
2022-12-03 02:30:00,11.55,
2022-12-03 02:45:00,11.54,
2022-12-03 03:00:00,11.54,
2022-12-03 03:15:00,11.54,
2022-12-03 03:30:00,11.53,
2022-12-03 03:45:00,11.53,
2022-12-03 04:00:00,11.53,
2022-12-03 04:15:00,11.53,
2022-12-03 04:30:00,11.52,
2022-12-03 04:45:00,11.53,
2022-12-03 05:00:00,11.53,
2022-12-03 05:15:00,11.52,
2022-12-03 05:30:00,11.52,
2022-12-03 05:45:00,11.52,
2022-12-03 06:00:00,11.51,
2022-12-03 06:15:00,11.51,
2022-12-03 06:30:00,11.52,
2022-12-03 06:45:00,11.51,
2022-12-03 07:00:00,11.51,
2022-12-03 07:15:00,11.49,
2022-12-03 07:30:00,11.49,
2022-12-03 07:45:00,11.48,
2022-12-03 08:00:00,11.49,
2022-12-03 08:15:00,11.49,
2022-12-03 08:30:00,11.53,
2022-12-03 08:45:00,11.56,
2022-12-03 09:00:00,11.61,
2022-12-03 09:15:00,11.65,
2022-12-03 09:30:00,11.7,
2022-12-03 09:45:00,11.75,
2022-12-03 10:00:00,11.77,
2022-12-03 10:15:00,11.81,
2022-12-03 10:30:00,11.84,
2022-12-03 10:45:00,11.85,
2022-12-03 11:00:00,11.87,
2022-12-03 11:15:00,11.91,
2022-12-03 11:30:00,11.92,
2022-12-03 11:45:00,11.95,
2022-12-03 12:00:00,11.97,
2022-12-03 12:15:00,11.98,
2022-12-03 12:30:00,11.99,
2022-12-03 12:45:00,12.01,
2022-12-03 13:00:00,11.96,
2022-12-03 13:15:00,11.93,
2022-12-03 13:30:00,11.9,
2022-12-03 13:45:00,11.85,
2022-12-03 14:00:00,11.82,
2022-12-03 14:15:00,11.81,
2022-12-03 14:30:00,11.81,
2022-12-03 14:45:00,11.81,
2022-12-03 15:00:00,11.8,
2022-12-03 15:15:00,11.79,
2022-12-03 15:30:00,11.77,
2022-12-03 15:45:00,11.74,
2022-12-03 16:00:00,11.71,
2022-12-03 16:15:00,11.69,
2022-12-03 16:30:00,11.66,
2022-12-03 16:45:00,11.64,
2022-12-03 17:00:00,11.62,
2022-12-03 17:15:00,11.59,
2022-12-03 17:30:00,11.57,
2022-12-03 17:45:00,11.56,
2022-12-03 18:00:00,11.55,
2022-12-03 18:15:00,11.53,
2022-12-03 18:30:00,11.53,
2022-12-03 18:45:00,11.52,
2022-12-03 19:00:00,11.51,
2022-12-03 19:15:00,11.51,
2022-12-03 19:30:00,11.51,
2022-12-03 19:45:00,11.51,
2022-12-03 20:00:00,11.51,
2022-12-03 20:15:00,11.52,
2022-12-03 20:30:00,11.51,
2022-12-03 20:45:00,11.51,
2022-12-03 21:00:00,11.51,
2022-12-03 21:15:00,11.51,
2022-12-03 21:30:00,11.52,
2022-12-03 21:45:00,11.53,
2022-12-03 22:00:00,11.53,
2022-12-03 22:15:00,11.53,
2022-12-03 22:30:00,11.54,
2022-12-03 22:45:00,11.53,
2022-12-03 23:00:00,11.53,
2022-12-03 23:15:00,11.53,
2022-12-03 23:30:00,11.53,
2022-12-03 23:45:00,11.53,
2022-12-04 00:00:00,11.53,
2022-12-04 00:15:00,11.52,
2022-12-04 00:30:00,11.52,
2022-12-04 00:45:00,11.52,
2022-12-04 01:00:00,11.52,
2022-12-04 01:15:00,11.52,
2022-12-04 01:30:00,11.51,
2022-12-04 01:45:00,11.5,
2022-12-04 02:00:00,11.49,
2022-12-04 02:15:00,11.49,
2022-12-04 02:30:00,11.49,
2022-12-04 02:45:00,11.48,
2022-12-04 03:00:00,11.47,
2022-12-04 03:15:00,11.47,
2022-12-04 03:30:00,11.46,
2022-12-04 03:45:00,11.47,
2022-12-04 04:00:00,11.46,
2022-12-04 04:15:00,11.46,
2022-12-04 04:30:00,11.46,
2022-12-04 04:45:00,11.47,
2022-12-04 05:00:00,11.46,
2022-12-04 05:15:00,11.46,
2022-12-04 05:30:00,11.44,
2022-12-04 05:45:00,11.45,
2022-12-04 06:00:00,11.45,
2022-12-04 06:15:00,11.45,
2022-12-04 06:30:00,11.44,
2022-12-04 06:45:00,11.45,
2022-12-04 07:00:00,11.45,
2022-12-04 07:15:00,11.44,
2022-12-04 07:30:00,11.45,
2022-12-04 07:45:00,11.45,
2022-12-04 08:00:00,11.46,
2022-12-04 08:15:00,11.48,
2022-12-04 08:30:00,11.5,
2022-12-04 08:45:00,11.51,
2022-12-04 09:00:00,11.54,
2022-12-04 09:15:00,11.58,
2022-12-04 09:30:00,11.63,
2022-12-04 09:45:00,11.66,
2022-12-04 10:00:00,11.67,
2022-12-04 10:15:00,11.69,
2022-12-04 10:30:00,11.68,
2022-12-04 10:45:00,11.7,
2022-12-04 11:00:00,11.72,
2022-12-04 11:15:00,11.7,
2022-12-04 11:30:00,11.68,
2022-12-04 11:45:00,11.68,
2022-12-04 12:00:00,11.69,
2022-12-04 12:15:00,11.71,
2022-12-04 12:30:00,11.73,
2022-12-04 12:45:00,11.74,
2022-12-04 13:00:00,11.78,
2022-12-04 13:15:00,11.75,
2022-12-04 13:30:00,11.78,
2022-12-04 13:45:00,11.76,
2022-12-04 14:00:00,11.67,
2022-12-04 14:15:00,11.66,
2022-12-04 14:30:00,11.64,
2022-12-04 14:45:00,11.62,
2022-12-04 15:00:00,11.61,
2022-12-04 15:15:00,11.64,
2022-12-04 15:30:00,11.64,
2022-12-04 15:45:00,11.63,
2022-12-04 16:00:00,11.61,
2022-12-04 16:15:00,11.59,
2022-12-04 16:30:00,11.56,
2022-12-04 16:45:00,11.53,
2022-12-04 17:00:00,11.52,
2022-12-04 17:15:00,11.5,
2022-12-04 17:30:00,11.49,
2022-12-04 17:45:00,11.47,
2022-12-04 18:00:00,11.47,
2022-12-04 18:15:00,11.47,
2022-12-04 18:30:00,11.46,
2022-12-04 18:45:00,11.45,
2022-12-04 19:00:00,11.45,
2022-12-04 19:15:00,11.45,
2022-12-04 19:30:00,11.44,
2022-12-04 19:45:00,11.43,
2022-12-04 20:00:00,11.42,
2022-12-04 20:15:00,11.42,
2022-12-04 20:30:00,11.41,
2022-12-04 20:45:00,11.4,
2022-12-04 21:00:00,11.39,
2022-12-04 21:15:00,11.39,
2022-12-04 21:30:00,11.39,
2022-12-04 21:45:00,11.39,
2022-12-04 22:00:00,11.39,
2022-12-04 22:15:00,11.38,
2022-12-04 22:30:00,11.4,
2022-12-04 22:45:00,11.41,
2022-12-04 23:00:00,11.41,
2022-12-04 23:15:00,11.41,
2022-12-04 23:30:00,11.42,
2022-12-04 23:45:00,11.42,
2022-12-05 00:00:00,11.43,
2022-12-05 00:15:00,11.44,
2022-12-05 00:30:00,11.43,
2022-12-05 00:45:00,11.43,
2022-12-05 01:00:00,11.42,
2022-12-05 01:15:00,11.42,
2022-12-05 01:30:00,11.42,
2022-12-05 01:45:00,11.41,
2022-12-05 02:00:00,11.39,
2022-12-05 02:15:00,11.4,
2022-12-05 02:30:00,11.39,
2022-12-05 02:45:00,11.37,
2022-12-05 03:00:00,11.38,
2022-12-05 03:15:00,11.37,
2022-12-05 03:30:00,11.36,
2022-12-05 03:45:00,11.37,
2022-12-05 04:00:00,11.36,
2022-12-05 04:15:00,11.36,
2022-12-05 04:30:00,11.35,
2022-12-05 04:45:00,11.35,
2022-12-05 05:00:00,11.35,
2022-12-05 05:15:00,11.35,
2022-12-05 05:30:00,11.36,
2022-12-05 05:45:00,11.37,
2022-12-05 06:00:00,11.37,
2022-12-05 06:15:00,11.38,
2022-12-05 06:30:00,11.38,
2022-12-05 06:45:00,11.4,
2022-12-05 07:00:00,11.4,
2022-12-05 07:15:00,11.41,
2022-12-05 07:30:00,11.42,
2022-12-05 07:45:00,11.43,
2022-12-05 08:00:00,11.45,
2022-12-05 08:15:00,11.49,
2022-12-05 08:30:00,11.53,
2022-12-05 08:45:00,11.57,
2022-12-05 09:00:00,11.59,
2022-12-05 09:15:00,11.62,
2022-12-05 09:30:00,11.66,
2022-12-05 09:45:00,11.69,
2022-12-05 10:00:00,11.69,
2022-12-05 10:15:00,11.7,
2022-12-05 10:30:00,11.7,
2022-12-05 10:45:00,11.71,
2022-12-05 11:00:00,11.69,
2022-12-05 11:15:00,11.68,
2022-12-05 11:30:00,11.67,
2022-12-05 11:45:00,11.63,
2022-12-05 12:00:00,11.6,
2022-12-05 12:15:00,11.57,
2022-12-05 12:30:00,11.53,
2022-12-05 12:45:00,11.5,
2022-12-05 13:00:00,11.48,
2022-12-05 13:15:00,11.44,
2022-12-05 13:30:00,11.41,
2022-12-05 13:45:00,11.39,
2022-12-05 14:00:00,11.36,
2022-12-05 14:15:00,11.33,
2022-12-05 14:30:00,11.32,
2022-12-05 14:45:00,11.29,
2022-12-05 15:00:00,11.27,
2022-12-05 15:15:00,11.23,
2022-12-05 15:30:00,11.21,
2022-12-05 15:45:00,11.19,
2022-12-05 16:00:00,11.16,
2022-12-05 16:15:00,11.14,
2022-12-05 16:30:00,11.11,
2022-12-05 16:45:00,11.08,
2022-12-05 17:00:00,11.05,
2022-12-05 17:15:00,11.04,
2022-12-05 17:30:00,11.03,
2022-12-05 17:45:00,11.04,
2022-12-05 18:00:00,11.05,
2022-12-05 18:15:00,11.07,
2022-12-05 18:30:00,11.08,
2022-12-05 18:45:00,11.11,
2022-12-05 19:00:00,11.12,
2022-12-05 19:15:00,11.14,
2022-12-05 19:30:00,11.17,
2022-12-05 19:45:00,11.19,
2022-12-05 20:00:00,11.21,
2022-12-05 20:15:00,11.23,
2022-12-05 20:30:00,11.26,
2022-12-05 20:45:00,11.27,
2022-12-05 21:00:00,11.3,
2022-12-05 21:15:00,11.32,
2022-12-05 21:30:00,11.34,
2022-12-05 21:45:00,11.35,
2022-12-05 22:00:00,11.36,
2022-12-05 22:15:00,11.38,
2022-12-05 22:30:00,11.39,
2022-12-05 22:45:00,11.4,
2022-12-05 23:00:00,11.41,
2022-12-05 23:15:00,11.43,
2022-12-05 23:30:00,11.43,
2022-12-05 23:45:00,11.43,
2022-12-06 00:00:00,11.44,
2022-12-06 00:15:00,11.45,
2022-12-06 00:30:00,11.45,
2022-12-06 00:45:00,11.46,
2022-12-06 01:00:00,11.47,
2022-12-06 01:15:00,11.47,
2022-12-06 01:30:00,11.47,
2022-12-06 01:45:00,11.49,
2022-12-06 02:00:00,11.49,
2022-12-06 02:15:00,11.49,
2022-12-06 02:30:00,11.5,
2022-12-06 02:45:00,11.5,
2022-12-06 03:00:00,11.5,
2022-12-06 03:15:00,11.51,
2022-12-06 03:30:00,11.51,
2022-12-06 03:45:00,11.5,
2022-12-06 04:00:00,11.5,
2022-12-06 04:15:00,11.51,
2022-12-06 04:30:00,11.51,
2022-12-06 04:45:00,11.51,
2022-12-06 05:00:00,11.5,
2022-12-06 05:15:00,11.51,
2022-12-06 05:30:00,11.51,
2022-12-06 05:45:00,11.5,
2022-12-06 06:00:00,11.5,
2022-12-06 06:15:00,11.5,
2022-12-06 06:30:00,11.51,
2022-12-06 06:45:00,11.51,
2022-12-06 07:00:00,11.51,
2022-12-06 07:15:00,11.5,
2022-12-06 07:30:00,11.51,
2022-12-06 07:45:00,11.52,
2022-12-06 08:00:00,11.54,
2022-12-06 08:15:00,11.58,
2022-12-06 08:30:00,11.61,
2022-12-06 08:45:00,11.66,
2022-12-06 09:00:00,11.7,
2022-12-06 09:15:00,11.74,
2022-12-06 09:30:00,11.78,
2022-12-06 09:45:00,11.8,
2022-12-06 10:00:00,11.8,
2022-12-06 10:15:00,11.82,
2022-12-06 10:30:00,11.82,
2022-12-06 10:45:00,11.8,
2022-12-06 11:00:00,11.77,
2022-12-06 11:15:00,11.76,
2022-12-06 11:30:00,11.72,
2022-12-06 11:45:00,11.68,
2022-12-06 12:00:00,11.66,
2022-12-06 12:15:00,11.64,
2022-12-06 12:30:00,11.6,
2022-12-06 12:45:00,11.56,
2022-12-06 13:00:00,11.53,
2022-12-06 13:15:00,11.5,
2022-12-06 13:30:00,11.47,
2022-12-06 13:45:00,11.45,
2022-12-06 14:00:00,11.42,
2022-12-06 14:15:00,11.41,
2022-12-06 14:30:00,11.39,
2022-12-06 14:45:00,11.36,
2022-12-06 15:00:00,11.32,
2022-12-06 15:15:00,11.29,
2022-12-06 15:30:00,11.25,
2022-12-06 15:45:00,11.23,
2022-12-06 16:00:00,11.2,
2022-12-06 16:15:00,11.16,
2022-12-06 16:30:00,11.13,
2022-12-06 16:45:00,11.11,
2022-12-06 17:00:00,11.09,
2022-12-06 17:15:00,11.08,
2022-12-06 17:30:00,11.08,
2022-12-06 17:45:00,11.09,
2022-12-06 18:00:00,11.12,
2022-12-06 18:15:00,11.14,
2022-12-06 18:30:00,11.16,
2022-12-06 18:45:00,11.18,
2022-12-06 19:00:00,11.2,
2022-12-06 19:15:00,11.22,
2022-12-06 19:30:00,11.24,
2022-12-06 19:45:00,11.26,
2022-12-06 20:00:00,11.27,
2022-12-06 20:15:00,11.29,
2022-12-06 20:30:00,11.31,
2022-12-06 20:45:00,11.33,
2022-12-06 21:00:00,11.36,
2022-12-06 21:15:00,11.38,
2022-12-06 21:30:00,11.41,
2022-12-06 21:45:00,11.42,
2022-12-06 22:00:00,11.44,
2022-12-06 22:15:00,11.47,
2022-12-06 22:30:00,11.49,
2022-12-06 22:45:00,11.51,
2022-12-06 23:00:00,11.53,
2022-12-06 23:15:00,11.55,
2022-12-06 23:30:00,11.57,
2022-12-06 23:45:00,11.58,
2022-12-07 00:00:00,11.58,
2022-12-07 00:15:00,11.58,
2022-12-07 00:30:00,11.59,
2022-12-07 00:45:00,11.56,
2022-12-07 01:00:00,11.57,
2022-12-07 01:15:00,11.57,
2022-12-07 01:30:00,11.58,
2022-12-07 01:45:00,11.57,
2022-12-07 02:00:00,11.56,
2022-12-07 02:15:00,11.56,
2022-12-07 02:30:00,11.56,
2022-12-07 02:45:00,11.56,
2022-12-07 03:00:00,11.56,
2022-12-07 03:15:00,11.56,
2022-12-07 03:30:00,11.55,
2022-12-07 03:45:00,11.54,
2022-12-07 04:00:00,11.54,
2022-12-07 04:15:00,11.52,
2022-12-07 04:30:00,11.51,
2022-12-07 04:45:00,11.52,
2022-12-07 05:00:00,11.52,
2022-12-07 05:15:00,11.52,
2022-12-07 05:30:00,11.52,
2022-12-07 05:45:00,11.52,
2022-12-07 06:00:00,11.51,
2022-12-07 06:15:00,11.51,
2022-12-07 06:30:00,11.51,
2022-12-07 06:45:00,11.51,
2022-12-07 07:00:00,11.5,
2022-12-07 07:15:00,11.51,
2022-12-07 07:30:00,11.51,
2022-12-07 07:45:00,11.5,
2022-12-07 08:00:00,11.52,
2022-12-07 08:15:00,11.52,
2022-12-07 08:30:00,11.55,
2022-12-07 08:45:00,11.58,
2022-12-07 09:00:00,11.59,
2022-12-07 09:15:00,11.62,
2022-12-07 09:30:00,11.64,
2022-12-07 09:45:00,11.67,
2022-12-07 10:00:00,11.7,
2022-12-07 10:15:00,11.73,
2022-12-07 10:30:00,11.78,
2022-12-07 10:45:00,11.8,
2022-12-07 11:00:00,11.82,
2022-12-07 11:15:00,11.85,
2022-12-07 11:30:00,11.88,
2022-12-07 11:45:00,11.89,
2022-12-07 12:00:00,11.91,
2022-12-07 12:15:00,11.91,
2022-12-07 12:30:00,11.9,
2022-12-07 12:45:00,11.89,
2022-12-07 13:00:00,11.9,
2022-12-07 13:15:00,11.88,
2022-12-07 13:30:00,11.9,
2022-12-07 13:45:00,11.88,
2022-12-07 14:00:00,11.87,
2022-12-07 14:15:00,11.86,
2022-12-07 14:30:00,11.85,
2022-12-07 14:45:00,11.83,
2022-12-07 15:00:00,11.81,
2022-12-07 15:15:00,11.8,
2022-12-07 15:30:00,11.79,
2022-12-07 15:45:00,11.77,
2022-12-07 16:00:00,11.74,
2022-12-07 16:15:00,11.71,
2022-12-07 16:30:00,11.69,
2022-12-07 16:45:00,11.68,
2022-12-07 17:00:00,11.65,
2022-12-07 17:15:00,11.62,
2022-12-07 17:30:00,11.6,
2022-12-07 17:45:00,11.59,
2022-12-07 18:00:00,11.57,
2022-12-07 18:15:00,11.54,
2022-12-07 18:30:00,11.55,
2022-12-07 18:45:00,11.54,
2022-12-07 19:00:00,11.55,
2022-12-07 19:15:00,11.53,
2022-12-07 19:30:00,11.53,
2022-12-07 19:45:00,11.53,
2022-12-07 20:00:00,11.53,
2022-12-07 20:15:00,11.54,
2022-12-07 20:30:00,11.53,
2022-12-07 20:45:00,11.54,
2022-12-07 21:00:00,11.55,
2022-12-07 21:15:00,11.54,
2022-12-07 21:30:00,11.54,
2022-12-07 21:45:00,11.55,
2022-12-07 22:00:00,11.55,
2022-12-07 22:15:00,11.53,
2022-12-07 22:30:00,11.54,
2022-12-07 22:45:00,11.54,
2022-12-07 23:00:00,11.53,
2022-12-07 23:15:00,11.53,
2022-12-07 23:30:00,11.53,
2022-12-07 23:45:00,11.52,
2022-12-08 00:00:00,11.52,
2022-12-08 00:15:00,11.53,
2022-12-08 00:30:00,11.53,
2022-12-08 00:45:00,11.53,
2022-12-08 01:00:00,11.52,
2022-12-08 01:15:00,11.52,
2022-12-08 01:30:00,11.51,
2022-12-08 01:45:00,11.52,
2022-12-08 02:00:00,11.52,
2022-12-08 02:15:00,11.52,
2022-12-08 02:30:00,11.5,
2022-12-08 02:45:00,11.51,
2022-12-08 03:00:00,11.51,
2022-12-08 03:15:00,11.52,
2022-12-08 03:30:00,11.51,
2022-12-08 03:45:00,11.53,
2022-12-08 04:00:00,11.53,
2022-12-08 04:15:00,11.53,
2022-12-08 04:30:00,11.54,
2022-12-08 04:45:00,11.53,
2022-12-08 05:00:00,11.54,
2022-12-08 05:15:00,11.56,
2022-12-08 05:30:00,11.55,
2022-12-08 05:45:00,11.55,
2022-12-08 06:00:00,11.56,
2022-12-08 06:15:00,11.56,
2022-12-08 06:30:00,11.57,
2022-12-08 06:45:00,11.58,
2022-12-08 07:00:00,11.58,
2022-12-08 07:15:00,11.58,
2022-12-08 07:30:00,11.59,
2022-12-08 07:45:00,11.59,
2022-12-08 08:00:00,11.59,
2022-12-08 08:15:00,11.62,
2022-12-08 08:30:00,11.66,
2022-12-08 08:45:00,11.7,
2022-12-08 09:00:00,11.76,
2022-12-08 09:15:00,11.79,
2022-12-08 09:30:00,11.8,
2022-12-08 09:45:00,11.83,
2022-12-08 10:00:00,11.88,
2022-12-08 10:15:00,11.91,
2022-12-08 10:30:00,11.94,
2022-12-08 10:45:00,11.95,
2022-12-08 11:00:00,11.98,
2022-12-08 11:15:00,12.0,
2022-12-08 11:30:00,12.0,
2022-12-08 11:45:00,11.99,
2022-12-08 12:00:00,12.0,
2022-12-08 12:15:00,12.0,
2022-12-08 12:30:00,12.0,
2022-12-08 12:45:00,11.99,
2022-12-08 13:00:00,11.98,
2022-12-08 13:15:00,11.98,
2022-12-08 13:30:00,11.97,
2022-12-08 13:45:00,11.95,
2022-12-08 14:00:00,11.93,
2022-12-08 14:15:00,11.91,
2022-12-08 14:30:00,11.9,
2022-12-08 14:45:00,11.87,
2022-12-08 15:00:00,11.79,
2022-12-08 15:15:00,11.77,
2022-12-08 15:30:00,11.8,
2022-12-08 15:45:00,,ICE
2022-12-08 16:00:00,,ICE
2022-12-08 16:15:00,,ICE
2022-12-08 16:30:00,,ICE
2022-12-08 16:45:00,,ICE
2022-12-08 17:00:00,,ICE
2022-12-08 17:15:00,,ICE
2022-12-08 17:30:00,,ICE
2022-12-08 17:45:00,,ICE
2022-12-08 18:00:00,,ICE
2022-12-08 18:15:00,,ICE
2022-12-08 18:30:00,,ICE
2022-12-08 18:45:00,,ICE
2022-12-08 19:00:00,,ICE
2022-12-08 19:15:00,,ICE
2022-12-08 19:30:00,,ICE
2022-12-08 19:45:00,,ICE
2022-12-08 20:00:00,,ICE
2022-12-08 20:15:00,,ICE
2022-12-08 20:30:00,,ICE
2022-12-08 20:45:00,,ICE
2022-12-08 21:00:00,,ICE
2022-12-08 21:15:00,,ICE
2022-12-08 21:30:00,,ICE
2022-12-08 21:45:00,,ICE
2022-12-08 22:00:00,,ICE
2022-12-08 22:15:00,,ICE
2022-12-08 22:30:00,,ICE
2022-12-08 22:45:00,,ICE
2022-12-08 23:00:00,,ICE
2022-12-08 23:15:00,,ICE
2022-12-08 23:30:00,,ICE
2022-12-08 23:45:00,,ICE
2022-12-09 00:00:00,,ICE
2022-12-09 00:15:00,,ICE
2022-12-09 00:30:00,,ICE
2022-12-09 00:45:00,,ICE
2022-12-09 01:00:00,,ICE
2022-12-09 01:15:00,,ICE
2022-12-09 01:30:00,,ICE
2022-12-09 01:45:00,,ICE
2022-12-09 02:00:00,,ICE
2022-12-09 02:15:00,,ICE
2022-12-09 02:30:00,,ICE
2022-12-09 02:45:00,,ICE
2022-12-09 03:00:00,,ICE
2022-12-09 03:15:00,,ICE
2022-12-09 03:30:00,,ICE
2022-12-09 03:45:00,,ICE
2022-12-09 04:00:00,,ICE
2022-12-09 04:15:00,,ICE
2022-12-09 04:30:00,,ICE
2022-12-09 04:45:00,,ICE
2022-12-09 05:00:00,,ICE
2022-12-09 05:15:00,,ICE
2022-12-09 05:30:00,,ICE
2022-12-09 05:45:00,,ICE
2022-12-09 06:00:00,,ICE
2022-12-09 06:15:00,,ICE
2022-12-09 06:30:00,,ICE
2022-12-09 06:45:00,,ICE
2022-12-09 07:00:00,,ICE
2022-12-09 07:15:00,,ICE
2022-12-09 07:30:00,,ICE
2022-12-09 07:45:00,,ICE
2022-12-09 08:00:00,,ICE
2022-12-09 08:15:00,,ICE
2022-12-09 08:30:00,,ICE
2022-12-09 08:45:00,,ICE
2022-12-09 09:00:00,,ICE
2022-12-09 09:15:00,,ICE
2022-12-09 09:30:00,,ICE
2022-12-09 09:45:00,,ICE
2022-12-09 10:00:00,,ICE
2022-12-09 10:15:00,,ICE
2022-12-09 10:30:00,,ICE
2022-12-09 10:45:00,,ICE
2022-12-09 11:00:00,,ICE
2022-12-09 11:15:00,,ICE
2022-12-09 11:30:00,,ICE
2022-12-09 11:45:00,,ICE
2022-12-09 12:00:00,,ICE
2022-12-09 12:15:00,,ICE
2022-12-09 12:30:00,,ICE
2022-12-09 12:45:00,,ICE
2022-12-09 13:00:00,,ICE
2022-12-09 13:15:00,,ICE
2022-12-09 13:30:00,,ICE
2022-12-09 13:45:00,,ICE
2022-12-09 14:00:00,,ICE
2022-12-09 14:15:00,,ICE
2022-12-09 14:30:00,,ICE
2022-12-09 14:45:00,,ICE
2022-12-09 15:00:00,,ICE
2022-12-09 15:15:00,,ICE
2022-12-09 15:30:00,,ICE
2022-12-09 15:45:00,,ICE
2022-12-09 16:00:00,,ICE
2022-12-09 16:15:00,,ICE
2022-12-09 16:30:00,,ICE
2022-12-09 16:45:00,,ICE
2022-12-09 17:00:00,,ICE
2022-12-09 17:15:00,,ICE
2022-12-09 17:30:00,,ICE
2022-12-09 17:45:00,,ICE
2022-12-09 18:00:00,,ICE
2022-12-09 18:15:00,,ICE
2022-12-09 18:30:00,,ICE
2022-12-09 18:45:00,,ICE
2022-12-09 19:00:00,,ICE
2022-12-09 19:15:00,,ICE
2022-12-09 19:30:00,,ICE
2022-12-09 19:45:00,,ICE
2022-12-09 20:00:00,,ICE
2022-12-09 20:15:00,,ICE
2022-12-09 20:30:00,,ICE
2022-12-09 20:45:00,,ICE
2022-12-09 21:00:00,,ICE
2022-12-09 21:15:00,,ICE
2022-12-09 21:30:00,,ICE
2022-12-09 21:45:00,,ICE
2022-12-09 22:00:00,,ICE
2022-12-09 22:15:00,,ICE
2022-12-09 22:30:00,,ICE
2022-12-09 22:45:00,,ICE
2022-12-09 23:00:00,,ICE
2022-12-09 23:15:00,,ICE
2022-12-09 23:30:00,,ICE
2022-12-09 23:45:00,,ICE
2022-12-10 00:00:00,,ICE
2022-12-10 00:15:00,,ICE
2022-12-10 00:30:00,,ICE
2022-12-10 00:45:00,,ICE
2022-12-10 01:00:00,,ICE
2022-12-10 01:15:00,,ICE
2022-12-10 01:30:00,,ICE
2022-12-10 01:45:00,,ICE
2022-12-10 02:00:00,,ICE
2022-12-10 02:15:00,,ICE
2022-12-10 02:30:00,,ICE
2022-12-10 02:45:00,,ICE
2022-12-10 03:00:00,,ICE
2022-12-10 03:15:00,,ICE
2022-12-10 03:30:00,,ICE
2022-12-10 03:45:00,,ICE
2022-12-10 04:00:00,,ICE
2022-12-10 04:15:00,,ICE
2022-12-10 04:30:00,,ICE
2022-12-10 04:45:00,,ICE
2022-12-10 05:00:00,,ICE
2022-12-10 05:15:00,,ICE
2022-12-10 05:30:00,,ICE
2022-12-10 05:45:00,,ICE
2022-12-10 06:00:00,,ICE
2022-12-10 06:15:00,,ICE
2022-12-10 06:30:00,,ICE
2022-12-10 06:45:00,,ICE
2022-12-10 07:00:00,,ICE
2022-12-10 07:15:00,,ICE
2022-12-10 07:30:00,,ICE
2022-12-10 07:45:00,,ICE
2022-12-10 08:00:00,,ICE
2022-12-10 08:15:00,,ICE
2022-12-10 08:30:00,,ICE
2022-12-10 08:45:00,,ICE
2022-12-10 09:00:00,,ICE
2022-12-10 09:15:00,,ICE
2022-12-10 09:30:00,,ICE
2022-12-10 09:45:00,,ICE
2022-12-10 10:00:00,,ICE
2022-12-10 10:15:00,,ICE
2022-12-10 10:30:00,,ICE
2022-12-10 10:45:00,,ICE
2022-12-10 11:00:00,,ICE
2022-12-10 11:15:00,,ICE
2022-12-10 11:30:00,,ICE
2022-12-10 11:45:00,,ICE
2022-12-10 12:00:00,,ICE
2022-12-10 12:15:00,,ICE
2022-12-10 12:30:00,,ICE
2022-12-10 12:45:00,,ICE
2022-12-10 13:00:00,,ICE
2022-12-10 13:15:00,,ICE
2022-12-10 13:30:00,,ICE
2022-12-10 13:45:00,,ICE
2022-12-10 14:00:00,,ICE
2022-12-10 14:15:00,,ICE
2022-12-10 14:30:00,,ICE
2022-12-10 14:45:00,,ICE
2022-12-10 15:00:00,,ICE
2022-12-10 15:15:00,,ICE
2022-12-10 15:30:00,,ICE
2022-12-10 15:45:00,,ICE
2022-12-10 16:00:00,,ICE
2022-12-10 16:15:00,,ICE
2022-12-10 16:30:00,,ICE
2022-12-10 16:45:00,,ICE
2022-12-10 17:00:00,,ICE
2022-12-10 17:15:00,,ICE
2022-12-10 17:30:00,,ICE
2022-12-10 17:45:00,,ICE
2022-12-10 18:00:00,,ICE
2022-12-10 18:15:00,,ICE
2022-12-10 18:30:00,,ICE
2022-12-10 18:45:00,,ICE
2022-12-10 19:00:00,,ICE
2022-12-10 19:15:00,,ICE
2022-12-10 19:30:00,,ICE
2022-12-10 19:45:00,,ICE
2022-12-10 20:00:00,,ICE
2022-12-10 20:15:00,,ICE
2022-12-10 20:30:00,,ICE
2022-12-10 20:45:00,,ICE
2022-12-10 21:00:00,,ICE
2022-12-10 21:15:00,,ICE
2022-12-10 21:30:00,,ICE
2022-12-10 21:45:00,,ICE
2022-12-10 22:00:00,,ICE
2022-12-10 22:15:00,,ICE
2022-12-10 22:30:00,,ICE
2022-12-10 22:45:00,,ICE
2022-12-10 23:00:00,,ICE
2022-12-10 23:15:00,,ICE
2022-12-10 23:30:00,,ICE
2022-12-10 23:45:00,,ICE
2022-12-11 00:00:00,,ICE
2022-12-11 00:15:00,,ICE
2022-12-11 00:30:00,,ICE
2022-12-11 00:45:00,,ICE
2022-12-11 01:00:00,,ICE
2022-12-11 01:15:00,,ICE
2022-12-11 01:30:00,,ICE
2022-12-11 01:45:00,,ICE
2022-12-11 02:00:00,,ICE
2022-12-11 02:15:00,,ICE
2022-12-11 02:30:00,,ICE
2022-12-11 02:45:00,,ICE
2022-12-11 03:00:00,,ICE
2022-12-11 03:15:00,,ICE
2022-12-11 03:30:00,,ICE
2022-12-11 03:45:00,,ICE
2022-12-11 04:00:00,,ICE
2022-12-11 04:15:00,,ICE
2022-12-11 04:30:00,,ICE
2022-12-11 04:45:00,,ICE
2022-12-11 05:00:00,,ICE
2022-12-11 05:15:00,,ICE
2022-12-11 05:30:00,,ICE
2022-12-11 05:45:00,,ICE
2022-12-11 06:00:00,,ICE
2022-12-11 06:15:00,,ICE
2022-12-11 06:30:00,,ICE
2022-12-11 06:45:00,,ICE
2022-12-11 07:00:00,,ICE
2022-12-11 07:15:00,,ICE
2022-12-11 07:30:00,,ICE
2022-12-11 07:45:00,,ICE
2022-12-11 08:00:00,,ICE
2022-12-11 08:15:00,,ICE
2022-12-11 08:30:00,,ICE
2022-12-11 08:45:00,,ICE
2022-12-11 09:00:00,,ICE
2022-12-11 09:15:00,,ICE
2022-12-11 09:30:00,,ICE
2022-12-11 09:45:00,,ICE
2022-12-11 10:00:00,,ICE
2022-12-11 10:15:00,,ICE
2022-12-11 10:30:00,,ICE
2022-12-11 10:45:00,,ICE
2022-12-11 11:00:00,,ICE
2022-12-11 11:15:00,,ICE
2022-12-11 11:30:00,,ICE
2022-12-11 11:45:00,,ICE
2022-12-11 12:00:00,,ICE
2022-12-11 12:15:00,,ICE
2022-12-11 12:30:00,,ICE
2022-12-11 12:45:00,,ICE
2022-12-11 13:00:00,,ICE
2022-12-11 13:15:00,,ICE
2022-12-11 13:30:00,,ICE
2022-12-11 13:45:00,,ICE
2022-12-11 14:00:00,,ICE
2022-12-11 14:15:00,,ICE
2022-12-11 14:30:00,,ICE
2022-12-11 14:45:00,,ICE
2022-12-11 15:00:00,,ICE
2022-12-11 15:15:00,,ICE
2022-12-11 15:30:00,,ICE
2022-12-11 15:45:00,,ICE
2022-12-11 16:00:00,,ICE
2022-12-11 16:15:00,,ICE
2022-12-11 16:30:00,,ICE
2022-12-11 16:45:00,,ICE
2022-12-11 17:00:00,,ICE
2022-12-11 17:15:00,,ICE
2022-12-11 17:30:00,,ICE
2022-12-11 17:45:00,,ICE
2022-12-11 18:00:00,,ICE
2022-12-11 18:15:00,,ICE
2022-12-11 18:30:00,,ICE
2022-12-11 18:45:00,,ICE
2022-12-11 19:00:00,,ICE
2022-12-11 19:15:00,,ICE
2022-12-11 19:30:00,,ICE
2022-12-11 19:45:00,,ICE
2022-12-11 20:00:00,,ICE
2022-12-11 20:15:00,,ICE
2022-12-11 20:30:00,,ICE
2022-12-11 20:45:00,,ICE
2022-12-11 21:00:00,,ICE
2022-12-11 21:15:00,,ICE
2022-12-11 21:30:00,,ICE
2022-12-11 21:45:00,,ICE
2022-12-11 22:00:00,,ICE
2022-12-11 22:15:00,,ICE
2022-12-11 22:30:00,,ICE
2022-12-11 22:45:00,,ICE
2022-12-11 23:00:00,,ICE
2022-12-11 23:15:00,,ICE
2022-12-11 23:30:00,,ICE
2022-12-11 23:45:00,,ICE
2022-12-12 00:00:00,,ICE
2022-12-12 00:15:00,,ICE
2022-12-12 00:30:00,,ICE
2022-12-12 00:45:00,,ICE
2022-12-12 01:00:00,,ICE
2022-12-12 01:15:00,,ICE
2022-12-12 01:30:00,,ICE
2022-12-12 01:45:00,,ICE
2022-12-12 02:00:00,,ICE
2022-12-12 02:15:00,,ICE
2022-12-12 02:30:00,,ICE
2022-12-12 02:45:00,,ICE
2022-12-12 03:00:00,,ICE
2022-12-12 03:15:00,,ICE
2022-12-12 03:30:00,,ICE
2022-12-12 03:45:00,,ICE
2022-12-12 04:00:00,,ICE
2022-12-12 04:15:00,,ICE
2022-12-12 04:30:00,,ICE
2022-12-12 04:45:00,,ICE
2022-12-12 05:00:00,,ICE
2022-12-12 05:15:00,,ICE
2022-12-12 05:30:00,,ICE
2022-12-12 05:45:00,,ICE
2022-12-12 06:00:00,,ICE
2022-12-12 06:15:00,,ICE
2022-12-12 06:30:00,,ICE
2022-12-12 06:45:00,,ICE
2022-12-12 07:00:00,,ICE
2022-12-12 07:15:00,,ICE
2022-12-12 07:30:00,,ICE
2022-12-12 07:45:00,,ICE
2022-12-12 08:00:00,,ICE
2022-12-12 08:15:00,,ICE
2022-12-12 08:30:00,,ICE
2022-12-12 08:45:00,,ICE
2022-12-12 09:00:00,,ICE
2022-12-12 09:15:00,,ICE
2022-12-12 09:30:00,,ICE
2022-12-12 09:45:00,,ICE
2022-12-12 10:00:00,,ICE
2022-12-12 10:15:00,,ICE
2022-12-12 10:30:00,,ICE
2022-12-12 10:45:00,,ICE
2022-12-12 11:00:00,,ICE
2022-12-12 11:15:00,,ICE
2022-12-12 11:30:00,,ICE
2022-12-12 11:45:00,,ICE
2022-12-12 12:00:00,,ICE
2022-12-12 12:15:00,,ICE
2022-12-12 12:30:00,,ICE
2022-12-12 12:45:00,,ICE
2022-12-12 13:00:00,,ICE
2022-12-12 13:15:00,,ICE
2022-12-12 13:30:00,,ICE
2022-12-12 13:45:00,,ICE
2022-12-12 14:00:00,,ICE
2022-12-12 14:15:00,,ICE
2022-12-12 14:30:00,,ICE
2022-12-12 14:45:00,,ICE
2022-12-12 15:00:00,,ICE
2022-12-12 15:15:00,,ICE
2022-12-12 15:30:00,,ICE
2022-12-12 15:45:00,,ICE
2022-12-12 16:00:00,,ICE
2022-12-12 16:15:00,,ICE
2022-12-12 16:30:00,,ICE
2022-12-12 16:45:00,,ICE
2022-12-12 17:00:00,,ICE
2022-12-12 17:15:00,,ICE
2022-12-12 17:30:00,,ICE
2022-12-12 17:45:00,,ICE
2022-12-12 18:00:00,,ICE
2022-12-12 18:15:00,,ICE
2022-12-12 18:30:00,,ICE
2022-12-12 18:45:00,,ICE
2022-12-12 19:00:00,,ICE
2022-12-12 19:15:00,,ICE
2022-12-12 19:30:00,,ICE
2022-12-12 19:45:00,,ICE
2022-12-12 20:00:00,,ICE
2022-12-12 20:15:00,,ICE
2022-12-12 20:30:00,,ICE
2022-12-12 20:45:00,,ICE
2022-12-12 21:00:00,,ICE
2022-12-12 21:15:00,,ICE
2022-12-12 21:30:00,,ICE
2022-12-12 21:45:00,,ICE
2022-12-12 22:00:00,,ICE
2022-12-12 22:15:00,,ICE
2022-12-12 22:30:00,,ICE
2022-12-12 22:45:00,,ICE
2022-12-12 23:00:00,,ICE
2022-12-12 23:15:00,,ICE
2022-12-12 23:30:00,,ICE
2022-12-12 23:45:00,,ICE
2022-12-13 00:00:00,,ICE
2022-12-13 00:15:00,,ICE
2022-12-13 00:30:00,,ICE
2022-12-13 00:45:00,,ICE
2022-12-13 01:00:00,,ICE
2022-12-13 01:15:00,,ICE
2022-12-13 01:30:00,,ICE
2022-12-13 01:45:00,,ICE
2022-12-13 02:00:00,,ICE
2022-12-13 02:15:00,,ICE
2022-12-13 02:30:00,,ICE
2022-12-13 02:45:00,,ICE
2022-12-13 03:00:00,,ICE
2022-12-13 03:15:00,,ICE
2022-12-13 03:30:00,,ICE
2022-12-13 03:45:00,,ICE
2022-12-13 04:00:00,,ICE
2022-12-13 04:15:00,,ICE
2022-12-13 04:30:00,,ICE
2022-12-13 04:45:00,,ICE
2022-12-13 05:00:00,,ICE
2022-12-13 05:15:00,,ICE
2022-12-13 05:30:00,,ICE
2022-12-13 05:45:00,,ICE
2022-12-13 06:00:00,,ICE
2022-12-13 06:15:00,,ICE
2022-12-13 06:30:00,,ICE
2022-12-13 06:45:00,,ICE
2022-12-13 07:00:00,,ICE
2022-12-13 07:15:00,,ICE
2022-12-13 07:30:00,,ICE
2022-12-13 07:45:00,,ICE
2022-12-13 08:00:00,,ICE
2022-12-13 08:15:00,,ICE
2022-12-13 08:30:00,,ICE
2022-12-13 08:45:00,,ICE
2022-12-13 09:00:00,,ICE
2022-12-13 09:15:00,,ICE
2022-12-13 09:30:00,,ICE
2022-12-13 09:45:00,,ICE
2022-12-13 10:00:00,,ICE
2022-12-13 10:15:00,,ICE
2022-12-13 10:30:00,,ICE
2022-12-13 10:45:00,,ICE
2022-12-13 11:00:00,,ICE
2022-12-13 11:15:00,,ICE
2022-12-13 11:30:00,,ICE
2022-12-13 11:45:00,,ICE
2022-12-13 12:00:00,,ICE
2022-12-13 12:15:00,,ICE
2022-12-13 12:30:00,,ICE
2022-12-13 12:45:00,,ICE
2022-12-13 13:00:00,,ICE
2022-12-13 13:15:00,,ICE
2022-12-13 13:30:00,,ICE
2022-12-13 13:45:00,,ICE
2022-12-13 14:00:00,,ICE
2022-12-13 14:15:00,,ICE
2022-12-13 14:30:00,,ICE
2022-12-13 14:45:00,,ICE
2022-12-13 15:00:00,,ICE
2022-12-13 15:15:00,,ICE
2022-12-13 15:30:00,,ICE
2022-12-13 15:45:00,,ICE
2022-12-13 16:00:00,,ICE
2022-12-13 16:15:00,,ICE
2022-12-13 16:30:00,,ICE
2022-12-13 16:45:00,,ICE
2022-12-13 17:00:00,,ICE
2022-12-13 17:15:00,,ICE
2022-12-13 17:30:00,,ICE
2022-12-13 17:45:00,,ICE
2022-12-13 18:00:00,,ICE
2022-12-13 18:15:00,,ICE
2022-12-13 18:30:00,,ICE
2022-12-13 18:45:00,,ICE
2022-12-13 19:00:00,,ICE
2022-12-13 19:15:00,,ICE
2022-12-13 19:30:00,,ICE
2022-12-13 19:45:00,,ICE
2022-12-13 20:00:00,,ICE
2022-12-13 20:15:00,,ICE
2022-12-13 20:30:00,,ICE
2022-12-13 20:45:00,,ICE
2022-12-13 21:00:00,,ICE
2022-12-13 21:15:00,,ICE
2022-12-13 21:30:00,,ICE
2022-12-13 21:45:00,,ICE
2022-12-13 22:00:00,,ICE
2022-12-13 22:15:00,,ICE
2022-12-13 22:30:00,,ICE
2022-12-13 22:45:00,,ICE
2022-12-13 23:00:00,,ICE
2022-12-13 23:15:00,,ICE
2022-12-13 23:30:00,,ICE
2022-12-13 23:45:00,,ICE
2022-12-14 00:00:00,,ICE
2022-12-14 00:15:00,,ICE
2022-12-14 00:30:00,,ICE
2022-12-14 00:45:00,,ICE
2022-12-14 01:00:00,,ICE
2022-12-14 01:15:00,,ICE
2022-12-14 01:30:00,,ICE
2022-12-14 01:45:00,,ICE
2022-12-14 02:00:00,,ICE
2022-12-14 02:15:00,,ICE
2022-12-14 02:30:00,,ICE
2022-12-14 02:45:00,,ICE
2022-12-14 03:00:00,,ICE
2022-12-14 03:15:00,,ICE
2022-12-14 03:30:00,,ICE
2022-12-14 03:45:00,,ICE
2022-12-14 04:00:00,,ICE
2022-12-14 04:15:00,,ICE
2022-12-14 04:30:00,,ICE
2022-12-14 04:45:00,,ICE
2022-12-14 05:00:00,,ICE
2022-12-14 05:15:00,,ICE
2022-12-14 05:30:00,,ICE
2022-12-14 05:45:00,,ICE
2022-12-14 06:00:00,,ICE
2022-12-14 06:15:00,,ICE
2022-12-14 06:30:00,,ICE
2022-12-14 06:45:00,,ICE
2022-12-14 07:00:00,,ICE
2022-12-14 07:15:00,,ICE
2022-12-14 07:30:00,,ICE
2022-12-14 07:45:00,,ICE
2022-12-14 08:00:00,,ICE
2022-12-14 08:15:00,,ICE
2022-12-14 08:30:00,,ICE
2022-12-14 08:45:00,,ICE
2022-12-14 09:00:00,,ICE
2022-12-14 09:15:00,,ICE
2022-12-14 09:30:00,,ICE
2022-12-14 09:45:00,,ICE
2022-12-14 10:00:00,,ICE
2022-12-14 10:15:00,,ICE
2022-12-14 10:30:00,,ICE
2022-12-14 10:45:00,,ICE
2022-12-14 11:00:00,,ICE
2022-12-14 11:15:00,,ICE
2022-12-14 11:30:00,,ICE
2022-12-14 11:45:00,,ICE
2022-12-14 12:00:00,,ICE
2022-12-14 12:15:00,,ICE
2022-12-14 12:30:00,,ICE
2022-12-14 12:45:00,,ICE
2022-12-14 13:00:00,,ICE
2022-12-14 13:15:00,,ICE
2022-12-14 13:30:00,,ICE
2022-12-14 13:45:00,,ICE
2022-12-14 14:00:00,,ICE
2022-12-14 14:15:00,,ICE
2022-12-14 14:30:00,,ICE
2022-12-14 14:45:00,,ICE
2022-12-14 15:00:00,,ICE
2022-12-14 15:15:00,,ICE
2022-12-14 15:30:00,,ICE
2022-12-14 15:45:00,,ICE
2022-12-14 16:00:00,,ICE
2022-12-14 16:15:00,,ICE
2022-12-14 16:30:00,,ICE
2022-12-14 16:45:00,,ICE
2022-12-14 17:00:00,,ICE
2022-12-14 17:15:00,,ICE
2022-12-14 17:30:00,,ICE
2022-12-14 17:45:00,,ICE
2022-12-14 18:00:00,,ICE
2022-12-14 18:15:00,,ICE
2022-12-14 18:30:00,,ICE
2022-12-14 18:45:00,,ICE
2022-12-14 19:00:00,,ICE
2022-12-14 19:15:00,,ICE
2022-12-14 19:30:00,,ICE
2022-12-14 19:45:00,,ICE
2022-12-14 20:00:00,,ICE
2022-12-14 20:15:00,,ICE
2022-12-14 20:30:00,,ICE
2022-12-14 20:45:00,,ICE
2022-12-14 21:00:00,,ICE
2022-12-14 21:15:00,,ICE
2022-12-14 21:30:00,,ICE
2022-12-14 21:45:00,,ICE
2022-12-14 22:00:00,,ICE
2022-12-14 22:15:00,,ICE
2022-12-14 22:30:00,,ICE
2022-12-14 22:45:00,,ICE
2022-12-14 23:00:00,,ICE
2022-12-14 23:15:00,,ICE
2022-12-14 23:30:00,,ICE
2022-12-14 23:45:00,,ICE
2022-12-15 00:00:00,,ICE
2022-12-15 00:15:00,,ICE
2022-12-15 00:30:00,,ICE
2022-12-15 00:45:00,,ICE
2022-12-15 01:00:00,,ICE
2022-12-15 01:15:00,,ICE
2022-12-15 01:30:00,,ICE
2022-12-15 01:45:00,,ICE
2022-12-15 02:00:00,,ICE
2022-12-15 02:15:00,,ICE
2022-12-15 02:30:00,,ICE
2022-12-15 02:45:00,,ICE
2022-12-15 03:00:00,,ICE
2022-12-15 03:15:00,,ICE
2022-12-15 03:30:00,,ICE
2022-12-15 03:45:00,,ICE
2022-12-15 04:00:00,,ICE
2022-12-15 04:15:00,,ICE
2022-12-15 04:30:00,,ICE
2022-12-15 04:45:00,,ICE
2022-12-15 05:00:00,,ICE
2022-12-15 05:15:00,,ICE
2022-12-15 05:30:00,,ICE
2022-12-15 05:45:00,,ICE
2022-12-15 06:00:00,,ICE
2022-12-15 06:15:00,,ICE
2022-12-15 06:30:00,,ICE
2022-12-15 06:45:00,,ICE
2022-12-15 07:00:00,,ICE
2022-12-15 07:15:00,,ICE
2022-12-15 07:30:00,,ICE
2022-12-15 07:45:00,,ICE
2022-12-15 08:00:00,,ICE
2022-12-15 08:15:00,,ICE
2022-12-15 08:30:00,,ICE
2022-12-15 08:45:00,,ICE
2022-12-15 09:00:00,,ICE
2022-12-15 09:15:00,,ICE
2022-12-15 09:30:00,,ICE
2022-12-15 09:45:00,,ICE
2022-12-15 10:00:00,,ICE
2022-12-15 10:15:00,,ICE
2022-12-15 10:30:00,,ICE
2022-12-15 10:45:00,,ICE
2022-12-15 11:00:00,,ICE
2022-12-15 11:15:00,,ICE
2022-12-15 11:30:00,,ICE
2022-12-15 11:45:00,,ICE
2022-12-15 12:00:00,,ICE
2022-12-15 12:15:00,,ICE
2022-12-15 12:30:00,,ICE
2022-12-15 12:45:00,,ICE
2022-12-15 13:00:00,,ICE
2022-12-15 13:15:00,,ICE
2022-12-15 13:30:00,,ICE
2022-12-15 13:45:00,,ICE
2022-12-15 14:00:00,,ICE
2022-12-15 14:15:00,,ICE
2022-12-15 14:30:00,,ICE
2022-12-15 14:45:00,,ICE
2022-12-15 15:00:00,,ICE
2022-12-15 15:15:00,,ICE
2022-12-15 15:30:00,,ICE
2022-12-15 15:45:00,,ICE
2022-12-15 16:00:00,,ICE
2022-12-15 16:15:00,,ICE
2022-12-15 16:30:00,,ICE
2022-12-15 16:45:00,,ICE
2022-12-15 17:00:00,,ICE
2022-12-15 17:15:00,,ICE
2022-12-15 17:30:00,,ICE
2022-12-15 17:45:00,,ICE
2022-12-15 18:00:00,,ICE
2022-12-15 18:15:00,,ICE
2022-12-15 18:30:00,,ICE
2022-12-15 18:45:00,,ICE
2022-12-15 19:00:00,,ICE
2022-12-15 19:15:00,,ICE
2022-12-15 19:30:00,,ICE
2022-12-15 19:45:00,,ICE
2022-12-15 20:00:00,,ICE
2022-12-15 20:15:00,,ICE
2022-12-15 20:30:00,,ICE
2022-12-15 20:45:00,,ICE
2022-12-15 21:00:00,,ICE
2022-12-15 21:15:00,,ICE
2022-12-15 21:30:00,,ICE
2022-12-15 21:45:00,,ICE
2022-12-15 22:00:00,,ICE
2022-12-15 22:15:00,,ICE
2022-12-15 22:30:00,,ICE
2022-12-15 22:45:00,,ICE
2022-12-15 23:00:00,,ICE
2022-12-15 23:15:00,,ICE
2022-12-15 23:30:00,,ICE
2022-12-15 23:45:00,,ICE
2022-12-16 00:00:00,,ICE
2022-12-16 00:15:00,,ICE
2022-12-16 00:30:00,,ICE
2022-12-16 00:45:00,,ICE
2022-12-16 01:00:00,,ICE
2022-12-16 01:15:00,,ICE
2022-12-16 01:30:00,,ICE
2022-12-16 01:45:00,,ICE
2022-12-16 02:00:00,,ICE
2022-12-16 02:15:00,,ICE
2022-12-16 02:30:00,,ICE
2022-12-16 02:45:00,,ICE
2022-12-16 03:00:00,,ICE
2022-12-16 03:15:00,,ICE
2022-12-16 03:30:00,,ICE
2022-12-16 03:45:00,,ICE
2022-12-16 04:00:00,,ICE
2022-12-16 04:15:00,,ICE
2022-12-16 04:30:00,,ICE
2022-12-16 04:45:00,,ICE
2022-12-16 05:00:00,,ICE
2022-12-16 05:15:00,,ICE
2022-12-16 05:30:00,,ICE
2022-12-16 05:45:00,,ICE
2022-12-16 06:00:00,,ICE
2022-12-16 06:15:00,,ICE
2022-12-16 06:30:00,,ICE
2022-12-16 06:45:00,,ICE
2022-12-16 07:00:00,,ICE
2022-12-16 07:15:00,,ICE
2022-12-16 07:30:00,,ICE
2022-12-16 07:45:00,,ICE
2022-12-16 08:00:00,,ICE
2022-12-16 08:15:00,,ICE
2022-12-16 08:30:00,,ICE
2022-12-16 08:45:00,,ICE
2022-12-16 09:00:00,,ICE
2022-12-16 09:15:00,,ICE
2022-12-16 09:30:00,,ICE
2022-12-16 09:45:00,,ICE
2022-12-16 10:00:00,,ICE
2022-12-16 10:15:00,,ICE
2022-12-16 10:30:00,,ICE
2022-12-16 10:45:00,,ICE
2022-12-16 11:00:00,,ICE
2022-12-16 11:15:00,,ICE
2022-12-16 11:30:00,,ICE
2022-12-16 11:45:00,,ICE
2022-12-16 12:00:00,,ICE
2022-12-16 12:15:00,,ICE
2022-12-16 12:30:00,,ICE
2022-12-16 12:45:00,,ICE
2022-12-16 13:00:00,,ICE
2022-12-16 13:15:00,,ICE
2022-12-16 13:30:00,,ICE
2022-12-16 13:45:00,,ICE
2022-12-16 14:00:00,,ICE
2022-12-16 14:15:00,,ICE
2022-12-16 14:30:00,,ICE
2022-12-16 14:45:00,,ICE
2022-12-16 15:00:00,,ICE
2022-12-16 15:15:00,,ICE
2022-12-16 15:30:00,,ICE
2022-12-16 15:45:00,,ICE
2022-12-16 16:00:00,,ICE
2022-12-16 16:15:00,,ICE
2022-12-16 16:30:00,,ICE
2022-12-16 16:45:00,,ICE
2022-12-16 17:00:00,,ICE
2022-12-16 17:15:00,,ICE
2022-12-16 17:30:00,,ICE
2022-12-16 17:45:00,,ICE
2022-12-16 18:00:00,,ICE
2022-12-16 18:15:00,,ICE
2022-12-16 18:30:00,,ICE
2022-12-16 18:45:00,,ICE
2022-12-16 19:00:00,,ICE
2022-12-16 19:15:00,,ICE
2022-12-16 19:30:00,,ICE
2022-12-16 19:45:00,,ICE
2022-12-16 20:00:00,,ICE
2022-12-16 20:15:00,,ICE
2022-12-16 20:30:00,,ICE
2022-12-16 20:45:00,,ICE
2022-12-16 21:00:00,,ICE
2022-12-16 21:15:00,,ICE
2022-12-16 21:30:00,,ICE
2022-12-16 21:45:00,,ICE
2022-12-16 22:00:00,,ICE
2022-12-16 22:15:00,,ICE
2022-12-16 22:30:00,,ICE
2022-12-16 22:45:00,,ICE
2022-12-16 23:00:00,,ICE
2022-12-16 23:15:00,,ICE
2022-12-16 23:30:00,,ICE
2022-12-16 23:45:00,,ICE
2022-12-17 00:00:00,,ICE
2022-12-17 00:15:00,,ICE
2022-12-17 00:30:00,,ICE
2022-12-17 00:45:00,,ICE
2022-12-17 01:00:00,,ICE
2022-12-17 01:15:00,,ICE
2022-12-17 01:30:00,,ICE
2022-12-17 01:45:00,,ICE
2022-12-17 02:00:00,,ICE
2022-12-17 02:15:00,,ICE
2022-12-17 02:30:00,,ICE
2022-12-17 02:45:00,,ICE
2022-12-17 03:00:00,,ICE
2022-12-17 03:15:00,,ICE
2022-12-17 03:30:00,,ICE
2022-12-17 03:45:00,,ICE
2022-12-17 04:00:00,,ICE
2022-12-17 04:15:00,,ICE
2022-12-17 04:30:00,,ICE
2022-12-17 04:45:00,,ICE
2022-12-17 05:00:00,,ICE
2022-12-17 05:15:00,,ICE
2022-12-17 05:30:00,,ICE
2022-12-17 05:45:00,,ICE
2022-12-17 06:00:00,,ICE
2022-12-17 06:15:00,,ICE
2022-12-17 06:30:00,,ICE
2022-12-17 06:45:00,,ICE
2022-12-17 07:00:00,,ICE
2022-12-17 07:15:00,,ICE
2022-12-17 07:30:00,,ICE
2022-12-17 07:45:00,,ICE
2022-12-17 08:00:00,,ICE
2022-12-17 08:15:00,,ICE
2022-12-17 08:30:00,,ICE
2022-12-17 08:45:00,,ICE
2022-12-17 09:00:00,,ICE
2022-12-17 09:15:00,,ICE
2022-12-17 09:30:00,,ICE
2022-12-17 09:45:00,,ICE
2022-12-17 10:00:00,,ICE
2022-12-17 10:15:00,,ICE
2022-12-17 10:30:00,,ICE
2022-12-17 10:45:00,,ICE
2022-12-17 11:00:00,,ICE
2022-12-17 11:15:00,,ICE
2022-12-17 11:30:00,,ICE
2022-12-17 11:45:00,,ICE
2022-12-17 12:00:00,,ICE
2022-12-17 12:15:00,,ICE
2022-12-17 12:30:00,,ICE
2022-12-17 12:45:00,,ICE
2022-12-17 13:00:00,,ICE
2022-12-17 13:15:00,,ICE
2022-12-17 13:30:00,,ICE
2022-12-17 13:45:00,,ICE
2022-12-17 14:00:00,,ICE
2022-12-17 14:15:00,,ICE
2022-12-17 14:30:00,,ICE
2022-12-17 14:45:00,,ICE
2022-12-17 15:00:00,,ICE
2022-12-17 15:15:00,,ICE
2022-12-17 15:30:00,,ICE
2022-12-17 15:45:00,,ICE
2022-12-17 16:00:00,,ICE
2022-12-17 16:15:00,,ICE
2022-12-17 16:30:00,,ICE
2022-12-17 16:45:00,,ICE
2022-12-17 17:00:00,,ICE
2022-12-17 17:15:00,,ICE
2022-12-17 17:30:00,,ICE
2022-12-17 17:45:00,,ICE
2022-12-17 18:00:00,,ICE
2022-12-17 18:15:00,,ICE
2022-12-17 18:30:00,,ICE
2022-12-17 18:45:00,,ICE
2022-12-17 19:00:00,,ICE
2022-12-17 19:15:00,,ICE
2022-12-17 19:30:00,,ICE
2022-12-17 19:45:00,,ICE
2022-12-17 20:00:00,,ICE
2022-12-17 20:15:00,,ICE
2022-12-17 20:30:00,,ICE
2022-12-17 20:45:00,,ICE
2022-12-17 21:00:00,,ICE
2022-12-17 21:15:00,,ICE
2022-12-17 21:30:00,,ICE
2022-12-17 21:45:00,,ICE
2022-12-17 22:00:00,,ICE
2022-12-17 22:15:00,,ICE
2022-12-17 22:30:00,,ICE
2022-12-17 22:45:00,,ICE
2022-12-17 23:00:00,,ICE
2022-12-17 23:15:00,,ICE
2022-12-17 23:30:00,,ICE
2022-12-17 23:45:00,,ICE
2022-12-18 00:00:00,,ICE
2022-12-18 00:15:00,,ICE
2022-12-18 00:30:00,,ICE
2022-12-18 00:45:00,,ICE
2022-12-18 01:00:00,,ICE
2022-12-18 01:15:00,,ICE
2022-12-18 01:30:00,,ICE
2022-12-18 01:45:00,,ICE
2022-12-18 02:00:00,,ICE
2022-12-18 02:15:00,,ICE
2022-12-18 02:30:00,,ICE
2022-12-18 02:45:00,,ICE
2022-12-18 03:00:00,,ICE
2022-12-18 03:15:00,,ICE
2022-12-18 03:30:00,,ICE
2022-12-18 03:45:00,,ICE
2022-12-18 04:00:00,,ICE
2022-12-18 04:15:00,,ICE
2022-12-18 04:30:00,,ICE
2022-12-18 04:45:00,,ICE
2022-12-18 05:00:00,,ICE
2022-12-18 05:15:00,,ICE
2022-12-18 05:30:00,,ICE
2022-12-18 05:45:00,,ICE
2022-12-18 06:00:00,,ICE
2022-12-18 06:15:00,,ICE
2022-12-18 06:30:00,,ICE
2022-12-18 06:45:00,,ICE
2022-12-18 07:00:00,,ICE
2022-12-18 07:15:00,,ICE
2022-12-18 07:30:00,,ICE
2022-12-18 07:45:00,,ICE
2022-12-18 08:00:00,,ICE
2022-12-18 08:15:00,,ICE
2022-12-18 08:30:00,,ICE
2022-12-18 08:45:00,,ICE
2022-12-18 09:00:00,,ICE
2022-12-18 09:15:00,,ICE
2022-12-18 09:30:00,,ICE
2022-12-18 09:45:00,,ICE
2022-12-18 10:00:00,,ICE
2022-12-18 10:15:00,,ICE
2022-12-18 10:30:00,,ICE
2022-12-18 10:45:00,,ICE
2022-12-18 11:00:00,,ICE
2022-12-18 11:15:00,,ICE
2022-12-18 11:30:00,,ICE
2022-12-18 11:45:00,,ICE
2022-12-18 12:00:00,,ICE
2022-12-18 12:15:00,,ICE
2022-12-18 12:30:00,,ICE
2022-12-18 12:45:00,,ICE
2022-12-18 13:00:00,,ICE
2022-12-18 13:15:00,,ICE
2022-12-18 13:30:00,,ICE
2022-12-18 13:45:00,,ICE
2022-12-18 14:00:00,,ICE
2022-12-18 14:15:00,,ICE
2022-12-18 14:30:00,,ICE
2022-12-18 14:45:00,,ICE
2022-12-18 15:00:00,,ICE
2022-12-18 15:15:00,,ICE
2022-12-18 15:30:00,,ICE
2022-12-18 15:45:00,,ICE
2022-12-18 16:00:00,,ICE
2022-12-18 16:15:00,,ICE
2022-12-18 16:30:00,,ICE
2022-12-18 16:45:00,,ICE
2022-12-18 17:00:00,,ICE
2022-12-18 17:15:00,,ICE
2022-12-18 17:30:00,,ICE
2022-12-18 17:45:00,,ICE
2022-12-18 18:00:00,,ICE
2022-12-18 18:15:00,,ICE
2022-12-18 18:30:00,,ICE
2022-12-18 18:45:00,,ICE
2022-12-18 19:00:00,,ICE
2022-12-18 19:15:00,,ICE
2022-12-18 19:30:00,,ICE
2022-12-18 19:45:00,,ICE
2022-12-18 20:00:00,,ICE
2022-12-18 20:15:00,,ICE
2022-12-18 20:30:00,,ICE
2022-12-18 20:45:00,,ICE
2022-12-18 21:00:00,,ICE
2022-12-18 21:15:00,,ICE
2022-12-18 21:30:00,,ICE
2022-12-18 21:45:00,,ICE
2022-12-18 22:00:00,,ICE
2022-12-18 22:15:00,,ICE
2022-12-18 22:30:00,,ICE
2022-12-18 22:45:00,,ICE
2022-12-18 23:00:00,,ICE
2022-12-18 23:15:00,,ICE
2022-12-18 23:30:00,,ICE
2022-12-18 23:45:00,,ICE
2022-12-19 00:00:00,,ICE
2022-12-19 00:15:00,,ICE
2022-12-19 00:30:00,,ICE
2022-12-19 00:45:00,,ICE
2022-12-19 01:00:00,,ICE
2022-12-19 01:15:00,,ICE
2022-12-19 01:30:00,,ICE
2022-12-19 01:45:00,,ICE
2022-12-19 02:00:00,,ICE
2022-12-19 02:15:00,,ICE
2022-12-19 02:30:00,,ICE
2022-12-19 02:45:00,,ICE
2022-12-19 03:00:00,,ICE
2022-12-19 03:15:00,,ICE
2022-12-19 03:30:00,,ICE
2022-12-19 03:45:00,,ICE
2022-12-19 04:00:00,,ICE
2022-12-19 04:15:00,,ICE
2022-12-19 04:30:00,,ICE
2022-12-19 04:45:00,,ICE
2022-12-19 05:00:00,,ICE
2022-12-19 05:15:00,,ICE
2022-12-19 05:30:00,,ICE
2022-12-19 05:45:00,,ICE
2022-12-19 06:00:00,,ICE
2022-12-19 06:15:00,,ICE
2022-12-19 06:30:00,,ICE
2022-12-19 06:45:00,,ICE
2022-12-19 07:00:00,,ICE
2022-12-19 07:15:00,,ICE
2022-12-19 07:30:00,,ICE
2022-12-19 07:45:00,,ICE
2022-12-19 08:00:00,,ICE
2022-12-19 08:15:00,,ICE
2022-12-19 08:30:00,,ICE
2022-12-19 08:45:00,,ICE
2022-12-19 09:00:00,,ICE
2022-12-19 09:15:00,,ICE
2022-12-19 09:30:00,,ICE
2022-12-19 09:45:00,,ICE
2022-12-19 10:00:00,,ICE
2022-12-19 10:15:00,,ICE
2022-12-19 10:30:00,,ICE
2022-12-19 10:45:00,,ICE
2022-12-19 11:00:00,,ICE
2022-12-19 11:15:00,,ICE
2022-12-19 11:30:00,,ICE
2022-12-19 11:45:00,,ICE
2022-12-19 12:00:00,,ICE
2022-12-19 12:15:00,,ICE
2022-12-19 12:30:00,,ICE
2022-12-19 12:45:00,,ICE
2022-12-19 13:00:00,,ICE
2022-12-19 13:15:00,,ICE
2022-12-19 13:30:00,,ICE
2022-12-19 13:45:00,,ICE
2022-12-19 14:00:00,,ICE
2022-12-19 14:15:00,,ICE
2022-12-19 14:30:00,,ICE
2022-12-19 14:45:00,,ICE
2022-12-19 15:00:00,,ICE
2022-12-19 15:15:00,,ICE
2022-12-19 15:30:00,,ICE
2022-12-19 15:45:00,,ICE
2022-12-19 16:00:00,,ICE
2022-12-19 16:15:00,,ICE
2022-12-19 16:30:00,,ICE
2022-12-19 16:45:00,,ICE
2022-12-19 17:00:00,,ICE
2022-12-19 17:15:00,,ICE
2022-12-19 17:30:00,,ICE
2022-12-19 17:45:00,,ICE
2022-12-19 18:00:00,,ICE
2022-12-19 18:15:00,,ICE
2022-12-19 18:30:00,,ICE
2022-12-19 18:45:00,,ICE
2022-12-19 19:00:00,,ICE
2022-12-19 19:15:00,,ICE
2022-12-19 19:30:00,,ICE
2022-12-19 19:45:00,,ICE
2022-12-19 20:00:00,,ICE
2022-12-19 20:15:00,,ICE
2022-12-19 20:30:00,,ICE
2022-12-19 20:45:00,,ICE
2022-12-19 21:00:00,,ICE
2022-12-19 21:15:00,,ICE
2022-12-19 21:30:00,,ICE
2022-12-19 21:45:00,,ICE
2022-12-19 22:00:00,,ICE
2022-12-19 22:15:00,,ICE
2022-12-19 22:30:00,,ICE
2022-12-19 22:45:00,,ICE
2022-12-19 23:00:00,,ICE
2022-12-19 23:15:00,,ICE
2022-12-19 23:30:00,,ICE
2022-12-19 23:45:00,,ICE
2022-12-20 00:00:00,,ICE
2022-12-20 00:15:00,,ICE
2022-12-20 00:30:00,,ICE
2022-12-20 00:45:00,,ICE
2022-12-20 01:00:00,,ICE
2022-12-20 01:15:00,,ICE
2022-12-20 01:30:00,,ICE
2022-12-20 01:45:00,,ICE
2022-12-20 02:00:00,,ICE
2022-12-20 02:15:00,,ICE
2022-12-20 02:30:00,,ICE
2022-12-20 02:45:00,,ICE
2022-12-20 03:00:00,,ICE
2022-12-20 03:15:00,,ICE
2022-12-20 03:30:00,,ICE
2022-12-20 03:45:00,,ICE
2022-12-20 04:00:00,,ICE
2022-12-20 04:15:00,,ICE
2022-12-20 04:30:00,,ICE
2022-12-20 04:45:00,,ICE
2022-12-20 05:00:00,,ICE
2022-12-20 05:15:00,,ICE
2022-12-20 05:30:00,,ICE
2022-12-20 05:45:00,,ICE
2022-12-20 06:00:00,,ICE
2022-12-20 06:15:00,,ICE
2022-12-20 06:30:00,,ICE
2022-12-20 06:45:00,,ICE
2022-12-20 07:00:00,,ICE
2022-12-20 07:15:00,,ICE
2022-12-20 07:30:00,,ICE
2022-12-20 07:45:00,,ICE
2022-12-20 08:00:00,,ICE
2022-12-20 08:15:00,,ICE
2022-12-20 08:30:00,,ICE
2022-12-20 08:45:00,,ICE
2022-12-20 09:00:00,,ICE
2022-12-20 09:15:00,,ICE
2022-12-20 09:30:00,,ICE
2022-12-20 09:45:00,,ICE
2022-12-20 10:00:00,,ICE
2022-12-20 10:15:00,,ICE
2022-12-20 10:30:00,,ICE
2022-12-20 10:45:00,,ICE
2022-12-20 11:00:00,,ICE
2022-12-20 11:15:00,,ICE
2022-12-20 11:30:00,,ICE
2022-12-20 11:45:00,,ICE
2022-12-20 12:00:00,,ICE
2022-12-20 12:15:00,,ICE
2022-12-20 12:30:00,,ICE
2022-12-20 12:45:00,,ICE
2022-12-20 13:00:00,,ICE
2022-12-20 13:15:00,,ICE
2022-12-20 13:30:00,,ICE
2022-12-20 13:45:00,,ICE
2022-12-20 14:00:00,,ICE
2022-12-20 14:15:00,,ICE
2022-12-20 14:30:00,,ICE
2022-12-20 14:45:00,,ICE
2022-12-20 15:00:00,,ICE
2022-12-20 15:15:00,,ICE
2022-12-20 15:30:00,,ICE
2022-12-20 15:45:00,,ICE
2022-12-20 16:00:00,,ICE
2022-12-20 16:15:00,,ICE
2022-12-20 16:30:00,,ICE
2022-12-20 16:45:00,,ICE
2022-12-20 17:00:00,,ICE
2022-12-20 17:15:00,,ICE
2022-12-20 17:30:00,,ICE
2022-12-20 17:45:00,,ICE
2022-12-20 18:00:00,,ICE
2022-12-20 18:15:00,,ICE
2022-12-20 18:30:00,,ICE
2022-12-20 18:45:00,,ICE
2022-12-20 19:00:00,,ICE
2022-12-20 19:15:00,,ICE
2022-12-20 19:30:00,,ICE
2022-12-20 19:45:00,,ICE
2022-12-20 20:00:00,,ICE
2022-12-20 20:15:00,,ICE
2022-12-20 20:30:00,,ICE
2022-12-20 20:45:00,,ICE
2022-12-20 21:00:00,,ICE
2022-12-20 21:15:00,,ICE
2022-12-20 21:30:00,,ICE
2022-12-20 21:45:00,,ICE
2022-12-20 22:00:00,,ICE
2022-12-20 22:15:00,,ICE
2022-12-20 22:30:00,,ICE
2022-12-20 22:45:00,,ICE
2022-12-20 23:00:00,,ICE
2022-12-20 23:15:00,,ICE
2022-12-20 23:30:00,,ICE
2022-12-20 23:45:00,,ICE
2022-12-21 00:00:00,,ICE
2022-12-21 00:15:00,,ICE
2022-12-21 00:30:00,,ICE
2022-12-21 00:45:00,,ICE
2022-12-21 01:00:00,,ICE
2022-12-21 01:15:00,,ICE
2022-12-21 01:30:00,,ICE
2022-12-21 01:45:00,,ICE
2022-12-21 02:00:00,,ICE
2022-12-21 02:15:00,,ICE
2022-12-21 02:30:00,,ICE
2022-12-21 02:45:00,,ICE
2022-12-21 03:00:00,,ICE
2022-12-21 03:15:00,,ICE
2022-12-21 03:30:00,,ICE
2022-12-21 03:45:00,,ICE
2022-12-21 04:00:00,,ICE
2022-12-21 04:15:00,,ICE
2022-12-21 04:30:00,,ICE
2022-12-21 04:45:00,,ICE
2022-12-21 05:00:00,,ICE
2022-12-21 05:15:00,,ICE
2022-12-21 05:30:00,,ICE
2022-12-21 05:45:00,,ICE
2022-12-21 06:00:00,,ICE
2022-12-21 06:15:00,,ICE
2022-12-21 06:30:00,,ICE
2022-12-21 06:45:00,,ICE
2022-12-21 07:00:00,,ICE
2022-12-21 07:15:00,,ICE
2022-12-21 07:30:00,,ICE
2022-12-21 07:45:00,,ICE
2022-12-21 08:00:00,,ICE
2022-12-21 08:15:00,,ICE
2022-12-21 08:30:00,,ICE
2022-12-21 08:45:00,,ICE
2022-12-21 09:00:00,,ICE
2022-12-21 09:15:00,,ICE
2022-12-21 09:30:00,,ICE
2022-12-21 09:45:00,,ICE
2022-12-21 10:00:00,,ICE
2022-12-21 10:15:00,,ICE
2022-12-21 10:30:00,,ICE
2022-12-21 10:45:00,,ICE
2022-12-21 11:00:00,,ICE
2022-12-21 11:15:00,,ICE
2022-12-21 11:30:00,,ICE
2022-12-21 11:45:00,,ICE
2022-12-21 12:00:00,,ICE
2022-12-21 12:15:00,,ICE
2022-12-21 12:30:00,,ICE
2022-12-21 12:45:00,,ICE
2022-12-21 13:00:00,,ICE
2022-12-21 13:15:00,,ICE
2022-12-21 13:30:00,,ICE
2022-12-21 13:45:00,,ICE
2022-12-21 14:00:00,,ICE
2022-12-21 14:15:00,,ICE
2022-12-21 14:30:00,,ICE
2022-12-21 14:45:00,,ICE
2022-12-21 15:00:00,,ICE
2022-12-21 15:15:00,,ICE
2022-12-21 15:30:00,,ICE
2022-12-21 15:45:00,,ICE
2022-12-21 16:00:00,,ICE
2022-12-21 16:15:00,,ICE
2022-12-21 16:30:00,,ICE
2022-12-21 16:45:00,,ICE
2022-12-21 17:00:00,,ICE
2022-12-21 17:15:00,,ICE
2022-12-21 17:30:00,,ICE
2022-12-21 17:45:00,,ICE
2022-12-21 18:00:00,,ICE
2022-12-21 18:15:00,,ICE
2022-12-21 18:30:00,,ICE
2022-12-21 18:45:00,,ICE
2022-12-21 19:00:00,,ICE
2022-12-21 19:15:00,,ICE
2022-12-21 19:30:00,,ICE
2022-12-21 19:45:00,,ICE
2022-12-21 20:00:00,,ICE
2022-12-21 20:15:00,,ICE
2022-12-21 20:30:00,,ICE
2022-12-21 20:45:00,,ICE
2022-12-21 21:00:00,,ICE
2022-12-21 21:15:00,,ICE
2022-12-21 21:30:00,,ICE
2022-12-21 21:45:00,,ICE
2022-12-21 22:00:00,,ICE
2022-12-21 22:15:00,,ICE
2022-12-21 22:30:00,,ICE
2022-12-21 22:45:00,,ICE
2022-12-21 23:00:00,,ICE
2022-12-21 23:15:00,,ICE
2022-12-21 23:30:00,,ICE
2022-12-21 23:45:00,,ICE
2022-12-22 00:00:00,,ICE
2022-12-22 00:15:00,,ICE
2022-12-22 00:30:00,,ICE
2022-12-22 00:45:00,,ICE
2022-12-22 01:00:00,,ICE
2022-12-22 01:15:00,,ICE
2022-12-22 01:30:00,,ICE
2022-12-22 01:45:00,,ICE
2022-12-22 02:00:00,,ICE
2022-12-22 02:15:00,,ICE
2022-12-22 02:30:00,,ICE
2022-12-22 02:45:00,,ICE
2022-12-22 03:00:00,,ICE
2022-12-22 03:15:00,,ICE
2022-12-22 03:30:00,,ICE
2022-12-22 03:45:00,,ICE
2022-12-22 04:00:00,,ICE
2022-12-22 04:15:00,,ICE
2022-12-22 04:30:00,,ICE
2022-12-22 04:45:00,,ICE
2022-12-22 05:00:00,,ICE
2022-12-22 05:15:00,,ICE
2022-12-22 05:30:00,,ICE
2022-12-22 05:45:00,,ICE
2022-12-22 06:00:00,,ICE
2022-12-22 06:15:00,,ICE
2022-12-22 06:30:00,,ICE
2022-12-22 06:45:00,,ICE
2022-12-22 07:00:00,,ICE
2022-12-22 07:15:00,,ICE
2022-12-22 07:30:00,,ICE
2022-12-22 07:45:00,,ICE
2022-12-22 08:00:00,,ICE
2022-12-22 08:15:00,,ICE
2022-12-22 08:30:00,,ICE
2022-12-22 08:45:00,,ICE
2022-12-22 09:00:00,,ICE
2022-12-22 09:15:00,,ICE
2022-12-22 09:30:00,,ICE
2022-12-22 09:45:00,,ICE
2022-12-22 10:00:00,,ICE
2022-12-22 10:15:00,,ICE
2022-12-22 10:30:00,,ICE
2022-12-22 10:45:00,,ICE
2022-12-22 11:00:00,,ICE
2022-12-22 11:15:00,,ICE
2022-12-22 11:30:00,,ICE
2022-12-22 11:45:00,,ICE
2022-12-22 12:00:00,,ICE
2022-12-22 12:15:00,,ICE
2022-12-22 12:30:00,,ICE
2022-12-22 12:45:00,,ICE
2022-12-22 13:00:00,,ICE
2022-12-22 13:15:00,,ICE
2022-12-22 13:30:00,,ICE
2022-12-22 13:45:00,,ICE
2022-12-22 14:00:00,,ICE
2022-12-22 14:15:00,,ICE
2022-12-22 14:30:00,,ICE
2022-12-22 14:45:00,,ICE
2022-12-22 15:00:00,,ICE
2022-12-22 15:15:00,,ICE
2022-12-22 15:30:00,,ICE
2022-12-22 15:45:00,,ICE
2022-12-22 16:00:00,,ICE
2022-12-22 16:15:00,,ICE
2022-12-22 16:30:00,,ICE
2022-12-22 16:45:00,,ICE
2022-12-22 17:00:00,,ICE
2022-12-22 17:15:00,,ICE
2022-12-22 17:30:00,,ICE
2022-12-22 17:45:00,,ICE
2022-12-22 18:00:00,,ICE
2022-12-22 18:15:00,,ICE
2022-12-22 18:30:00,,ICE
2022-12-22 18:45:00,,ICE
2022-12-22 19:00:00,,ICE
2022-12-22 19:15:00,,ICE
2022-12-22 19:30:00,,ICE
2022-12-22 19:45:00,,ICE
2022-12-22 20:00:00,,ICE
2022-12-22 20:15:00,,ICE
2022-12-22 20:30:00,,ICE
2022-12-22 20:45:00,,ICE
2022-12-22 21:00:00,,ICE
2022-12-22 21:15:00,,ICE
2022-12-22 21:30:00,,ICE
2022-12-22 21:45:00,,ICE
2022-12-22 22:00:00,,ICE
2022-12-22 22:15:00,,ICE
2022-12-22 22:30:00,,ICE
2022-12-22 22:45:00,,ICE
2022-12-22 23:00:00,,ICE
2022-12-22 23:15:00,,ICE
2022-12-22 23:30:00,,ICE
2022-12-22 23:45:00,,ICE
2022-12-23 00:00:00,,ICE
2022-12-23 00:15:00,,ICE
2022-12-23 00:30:00,,ICE
2022-12-23 00:45:00,,ICE
2022-12-23 01:00:00,,ICE
2022-12-23 01:15:00,,ICE
2022-12-23 01:30:00,,ICE
2022-12-23 01:45:00,,ICE
2022-12-23 02:00:00,,ICE
2022-12-23 02:15:00,,ICE
2022-12-23 02:30:00,,ICE
2022-12-23 02:45:00,,ICE
2022-12-23 03:00:00,,ICE
2022-12-23 03:15:00,,ICE
2022-12-23 03:30:00,,ICE
2022-12-23 03:45:00,,ICE
2022-12-23 04:00:00,,ICE
2022-12-23 04:15:00,,ICE
2022-12-23 04:30:00,,ICE
2022-12-23 04:45:00,,ICE
2022-12-23 05:00:00,,ICE
2022-12-23 05:15:00,,ICE
2022-12-23 05:30:00,,ICE
2022-12-23 05:45:00,,ICE
2022-12-23 06:00:00,,ICE
2022-12-23 06:15:00,,ICE
2022-12-23 06:30:00,,ICE
2022-12-23 06:45:00,,ICE
2022-12-23 07:00:00,,ICE
2022-12-23 07:15:00,,ICE
2022-12-23 07:30:00,,ICE
2022-12-23 07:45:00,,ICE
2022-12-23 08:00:00,,ICE
2022-12-23 08:15:00,,ICE
2022-12-23 08:30:00,,ICE
2022-12-23 08:45:00,,ICE
2022-12-23 09:00:00,,ICE
2022-12-23 09:15:00,,ICE
2022-12-23 09:30:00,,ICE
2022-12-23 09:45:00,,ICE
2022-12-23 10:00:00,,ICE
2022-12-23 10:15:00,,ICE
2022-12-23 10:30:00,,ICE
2022-12-23 10:45:00,,ICE
2022-12-23 11:00:00,,ICE
2022-12-23 11:15:00,,ICE
2022-12-23 11:30:00,,ICE
2022-12-23 11:45:00,,ICE
2022-12-23 12:00:00,,ICE
2022-12-23 12:15:00,,ICE
2022-12-23 12:30:00,,ICE
2022-12-23 12:45:00,,ICE
2022-12-23 13:00:00,,ICE
2022-12-23 13:15:00,,ICE
2022-12-23 13:30:00,,ICE
2022-12-23 13:45:00,,ICE
2022-12-23 14:00:00,,ICE
2022-12-23 14:15:00,,ICE
2022-12-23 14:30:00,,ICE
2022-12-23 14:45:00,,ICE
2022-12-23 15:00:00,,ICE
2022-12-23 15:15:00,,ICE
2022-12-23 15:30:00,,ICE
2022-12-23 15:45:00,,ICE
2022-12-23 16:00:00,,ICE
2022-12-23 16:15:00,,ICE
2022-12-23 16:30:00,,ICE
2022-12-23 16:45:00,,ICE
2022-12-23 17:00:00,,ICE
2022-12-23 17:15:00,,ICE
2022-12-23 17:30:00,,ICE
2022-12-23 17:45:00,,ICE
2022-12-23 18:00:00,,ICE
2022-12-23 18:15:00,,ICE
2022-12-23 18:30:00,,ICE
2022-12-23 18:45:00,,ICE
2022-12-23 19:00:00,,ICE
2022-12-23 19:15:00,,ICE
2022-12-23 19:30:00,,ICE
2022-12-23 19:45:00,,ICE
2022-12-23 20:00:00,,ICE
2022-12-23 20:15:00,,ICE
2022-12-23 20:30:00,,ICE
2022-12-23 20:45:00,,ICE
2022-12-23 21:00:00,,ICE
2022-12-23 21:15:00,,ICE
2022-12-23 21:30:00,,ICE
2022-12-23 21:45:00,,ICE
2022-12-23 22:00:00,,ICE
2022-12-23 22:15:00,,ICE
2022-12-23 22:30:00,,ICE
2022-12-23 22:45:00,,ICE
2022-12-23 23:00:00,,ICE
2022-12-23 23:15:00,,ICE
2022-12-23 23:30:00,,ICE
2022-12-23 23:45:00,,ICE
2022-12-24 00:00:00,,ICE
2022-12-24 00:15:00,,ICE
2022-12-24 00:30:00,,ICE
2022-12-24 00:45:00,,ICE
2022-12-24 01:00:00,,ICE
2022-12-24 01:15:00,,ICE
2022-12-24 01:30:00,,ICE
2022-12-24 01:45:00,,ICE
2022-12-24 02:00:00,,ICE
2022-12-24 02:15:00,,ICE
2022-12-24 02:30:00,,ICE
2022-12-24 02:45:00,,ICE
2022-12-24 03:00:00,,ICE
2022-12-24 03:15:00,,ICE
2022-12-24 03:30:00,,ICE
2022-12-24 03:45:00,,ICE
2022-12-24 04:00:00,,ICE
2022-12-24 04:15:00,,ICE
2022-12-24 04:30:00,,ICE
2022-12-24 04:45:00,,ICE
2022-12-24 05:00:00,,ICE
2022-12-24 05:15:00,,ICE
2022-12-24 05:30:00,,ICE
2022-12-24 05:45:00,,ICE
2022-12-24 06:00:00,,ICE
2022-12-24 06:15:00,,ICE
2022-12-24 06:30:00,,ICE
2022-12-24 06:45:00,,ICE
2022-12-24 07:00:00,,ICE
2022-12-24 07:15:00,,ICE
2022-12-24 07:30:00,,ICE
2022-12-24 07:45:00,,ICE
2022-12-24 08:00:00,,ICE
2022-12-24 08:15:00,,ICE
2022-12-24 08:30:00,,ICE
2022-12-24 08:45:00,,ICE
2022-12-24 09:00:00,,ICE
2022-12-24 09:15:00,,ICE
2022-12-24 09:30:00,,ICE
2022-12-24 09:45:00,,ICE
2022-12-24 10:00:00,,ICE
2022-12-24 10:15:00,,ICE
2022-12-24 10:30:00,,ICE
2022-12-24 10:45:00,,ICE
2022-12-24 11:00:00,,ICE
2022-12-24 11:15:00,,ICE
2022-12-24 11:30:00,,ICE
2022-12-24 11:45:00,,ICE
2022-12-24 12:00:00,,ICE
2022-12-24 12:15:00,,ICE
2022-12-24 12:30:00,,ICE
2022-12-24 12:45:00,,ICE
2022-12-24 13:00:00,,ICE
2022-12-24 13:15:00,,ICE
2022-12-24 13:30:00,,ICE
2022-12-24 13:45:00,,ICE
2022-12-24 14:00:00,,ICE
2022-12-24 14:15:00,,ICE
2022-12-24 14:30:00,,ICE
2022-12-24 14:45:00,,ICE
2022-12-24 15:00:00,,ICE
2022-12-24 15:15:00,,ICE
2022-12-24 15:30:00,,ICE
2022-12-24 15:45:00,,ICE
2022-12-24 16:00:00,,ICE
2022-12-24 16:15:00,,ICE
2022-12-24 16:30:00,,ICE
2022-12-24 16:45:00,,ICE
2022-12-24 17:00:00,,ICE
2022-12-24 17:15:00,,ICE
2022-12-24 17:30:00,,ICE
2022-12-24 17:45:00,,ICE
2022-12-24 18:00:00,,ICE
2022-12-24 18:15:00,,ICE
2022-12-24 18:30:00,,ICE
2022-12-24 18:45:00,,ICE
2022-12-24 19:00:00,,ICE
2022-12-24 19:15:00,,ICE
2022-12-24 19:30:00,,ICE
2022-12-24 19:45:00,,ICE
2022-12-24 20:00:00,,ICE
2022-12-24 20:15:00,,ICE
2022-12-24 20:30:00,,ICE
2022-12-24 20:45:00,,ICE
2022-12-24 21:00:00,,ICE
2022-12-24 21:15:00,,ICE
2022-12-24 21:30:00,,ICE
2022-12-24 21:45:00,,ICE
2022-12-24 22:00:00,,ICE
2022-12-24 22:15:00,,ICE
2022-12-24 22:30:00,,ICE
2022-12-24 22:45:00,,ICE
2022-12-24 23:00:00,,ICE
2022-12-24 23:15:00,,ICE
2022-12-24 23:30:00,,ICE
2022-12-24 23:45:00,,ICE
2022-12-25 00:00:00,,ICE
2022-12-25 00:15:00,,ICE
2022-12-25 00:30:00,,ICE
2022-12-25 00:45:00,,ICE
2022-12-25 01:00:00,,ICE
2022-12-25 01:15:00,,ICE
2022-12-25 01:30:00,,ICE
2022-12-25 01:45:00,,ICE
2022-12-25 02:00:00,,ICE
2022-12-25 02:15:00,,ICE
2022-12-25 02:30:00,,ICE
2022-12-25 02:45:00,,ICE
2022-12-25 03:00:00,,ICE
2022-12-25 03:15:00,,ICE
2022-12-25 03:30:00,,ICE
2022-12-25 03:45:00,,ICE
2022-12-25 04:00:00,,ICE
2022-12-25 04:15:00,,ICE
2022-12-25 04:30:00,,ICE
2022-12-25 04:45:00,,ICE
2022-12-25 05:00:00,,ICE
2022-12-25 05:15:00,,ICE
2022-12-25 05:30:00,,ICE
2022-12-25 05:45:00,,ICE
2022-12-25 06:00:00,,ICE
2022-12-25 06:15:00,,ICE
2022-12-25 06:30:00,,ICE
2022-12-25 06:45:00,,ICE
2022-12-25 07:00:00,,ICE
2022-12-25 07:15:00,,ICE
2022-12-25 07:30:00,,ICE
2022-12-25 07:45:00,,ICE
2022-12-25 08:00:00,,ICE
2022-12-25 08:15:00,,ICE
2022-12-25 08:30:00,,ICE
2022-12-25 08:45:00,,ICE
2022-12-25 09:00:00,,ICE
2022-12-25 09:15:00,,ICE
2022-12-25 09:30:00,,ICE
2022-12-25 09:45:00,,ICE
2022-12-25 10:00:00,,ICE
2022-12-25 10:15:00,,ICE
2022-12-25 10:30:00,,ICE
2022-12-25 10:45:00,,ICE
2022-12-25 11:00:00,,ICE
2022-12-25 11:15:00,,ICE
2022-12-25 11:30:00,,ICE
2022-12-25 11:45:00,,ICE
2022-12-25 12:00:00,,ICE
2022-12-25 12:15:00,,ICE
2022-12-25 12:30:00,,ICE
2022-12-25 12:45:00,,ICE
2022-12-25 13:00:00,,ICE
2022-12-25 13:15:00,,ICE
2022-12-25 13:30:00,,ICE
2022-12-25 13:45:00,,ICE
2022-12-25 14:00:00,,ICE
2022-12-25 14:15:00,,ICE
2022-12-25 14:30:00,,ICE
2022-12-25 14:45:00,,ICE
2022-12-25 15:00:00,,ICE
2022-12-25 15:15:00,,ICE
2022-12-25 15:30:00,,ICE
2022-12-25 15:45:00,,ICE
2022-12-25 16:00:00,,ICE
2022-12-25 16:15:00,,ICE
2022-12-25 16:30:00,,ICE
2022-12-25 16:45:00,,ICE
2022-12-25 17:00:00,,ICE
2022-12-25 17:15:00,,ICE
2022-12-25 17:30:00,,ICE
2022-12-25 17:45:00,,ICE
2022-12-25 18:00:00,,ICE
2022-12-25 18:15:00,,ICE
2022-12-25 18:30:00,,ICE
2022-12-25 18:45:00,,ICE
2022-12-25 19:00:00,,ICE
2022-12-25 19:15:00,,ICE
2022-12-25 19:30:00,,ICE
2022-12-25 19:45:00,,ICE
2022-12-25 20:00:00,,ICE
2022-12-25 20:15:00,,ICE
2022-12-25 20:30:00,,ICE
2022-12-25 20:45:00,,ICE
2022-12-25 21:00:00,,ICE
2022-12-25 21:15:00,,ICE
2022-12-25 21:30:00,,ICE
2022-12-25 21:45:00,,ICE
2022-12-25 22:00:00,,ICE
2022-12-25 22:15:00,,ICE
2022-12-25 22:30:00,,ICE
2022-12-25 22:45:00,,ICE
2022-12-25 23:00:00,,ICE
2022-12-25 23:15:00,,ICE
2022-12-25 23:30:00,,ICE
2022-12-25 23:45:00,,ICE
2022-12-26 00:00:00,,ICE
2022-12-26 00:15:00,,ICE
2022-12-26 00:30:00,,ICE
2022-12-26 00:45:00,,ICE
2022-12-26 01:00:00,,ICE
2022-12-26 01:15:00,,ICE
2022-12-26 01:30:00,,ICE
2022-12-26 01:45:00,,ICE
2022-12-26 02:00:00,,ICE
2022-12-26 02:15:00,,ICE
2022-12-26 02:30:00,,ICE
2022-12-26 02:45:00,,ICE
2022-12-26 03:00:00,,ICE
2022-12-26 03:15:00,,ICE
2022-12-26 03:30:00,,ICE
2022-12-26 03:45:00,,ICE
2022-12-26 04:00:00,,ICE
2022-12-26 04:15:00,,ICE
2022-12-26 04:30:00,,ICE
2022-12-26 04:45:00,,ICE
2022-12-26 05:00:00,,ICE
2022-12-26 05:15:00,,ICE
2022-12-26 05:30:00,,ICE
2022-12-26 05:45:00,,ICE
2022-12-26 06:00:00,,ICE
2022-12-26 06:15:00,,ICE
2022-12-26 06:30:00,,ICE
2022-12-26 06:45:00,,ICE
2022-12-26 07:00:00,,ICE
2022-12-26 07:15:00,,ICE
2022-12-26 07:30:00,,ICE
2022-12-26 07:45:00,,ICE
2022-12-26 08:00:00,,ICE
2022-12-26 08:15:00,,ICE
2022-12-26 08:30:00,,ICE
2022-12-26 08:45:00,,ICE
2022-12-26 09:00:00,,ICE
2022-12-26 09:15:00,,ICE
2022-12-26 09:30:00,,ICE
2022-12-26 09:45:00,,ICE
2022-12-26 10:00:00,,ICE
2022-12-26 10:15:00,,ICE
2022-12-26 10:30:00,,ICE
2022-12-26 10:45:00,,ICE
2022-12-26 11:00:00,,ICE
2022-12-26 11:15:00,,ICE
2022-12-26 11:30:00,,ICE
2022-12-26 11:45:00,,ICE
2022-12-26 12:00:00,,ICE
2022-12-26 12:15:00,,ICE
2022-12-26 12:30:00,,ICE
2022-12-26 12:45:00,,ICE
2022-12-26 13:00:00,,ICE
2022-12-26 13:15:00,,ICE
2022-12-26 13:30:00,,ICE
2022-12-26 13:45:00,,ICE
2022-12-26 14:00:00,,ICE
2022-12-26 14:15:00,,ICE
2022-12-26 14:30:00,,ICE
2022-12-26 14:45:00,,ICE
2022-12-26 15:00:00,,ICE
2022-12-26 15:15:00,,ICE
2022-12-26 15:30:00,,ICE
2022-12-26 15:45:00,,ICE
2022-12-26 16:00:00,,ICE
2022-12-26 16:15:00,,ICE
2022-12-26 16:30:00,,ICE
2022-12-26 16:45:00,,ICE
2022-12-26 17:00:00,,ICE
2022-12-26 17:15:00,,ICE
2022-12-26 17:30:00,,ICE
2022-12-26 17:45:00,,ICE
2022-12-26 18:00:00,,ICE
2022-12-26 18:15:00,,ICE
2022-12-26 18:30:00,,ICE
2022-12-26 18:45:00,,ICE
2022-12-26 19:00:00,,ICE
2022-12-26 19:15:00,,ICE
2022-12-26 19:30:00,,ICE
2022-12-26 19:45:00,,ICE
2022-12-26 20:00:00,,ICE
2022-12-26 20:15:00,,ICE
2022-12-26 20:30:00,,ICE
2022-12-26 20:45:00,,ICE
2022-12-26 21:00:00,,ICE
2022-12-26 21:15:00,,ICE
2022-12-26 21:30:00,,ICE
2022-12-26 21:45:00,,ICE
2022-12-26 22:00:00,,ICE
2022-12-26 22:15:00,,ICE
2022-12-26 22:30:00,,ICE
2022-12-26 22:45:00,,ICE
2022-12-26 23:00:00,,ICE
2022-12-26 23:15:00,,ICE
2022-12-26 23:30:00,,ICE
2022-12-26 23:45:00,,ICE
2022-12-27 00:00:00,,ICE
2022-12-27 00:15:00,,ICE
2022-12-27 00:30:00,,ICE
2022-12-27 00:45:00,,ICE
2022-12-27 01:00:00,,ICE
2022-12-27 01:15:00,,ICE
2022-12-27 01:30:00,,ICE
2022-12-27 01:45:00,,ICE
2022-12-27 02:00:00,,ICE
2022-12-27 02:15:00,,ICE
2022-12-27 02:30:00,,ICE
2022-12-27 02:45:00,,ICE
2022-12-27 03:00:00,,ICE
2022-12-27 03:15:00,,ICE
2022-12-27 03:30:00,,ICE
2022-12-27 03:45:00,,ICE
2022-12-27 04:00:00,,ICE
2022-12-27 04:15:00,,ICE
2022-12-27 04:30:00,,ICE
2022-12-27 04:45:00,,ICE
2022-12-27 05:00:00,,ICE
2022-12-27 05:15:00,,ICE
2022-12-27 05:30:00,,ICE
2022-12-27 05:45:00,,ICE
2022-12-27 06:00:00,,ICE
2022-12-27 06:15:00,,ICE
2022-12-27 06:30:00,,ICE
2022-12-27 06:45:00,,ICE
2022-12-27 07:00:00,,ICE
2022-12-27 07:15:00,,ICE
2022-12-27 07:30:00,,ICE
2022-12-27 07:45:00,,ICE
2022-12-27 08:00:00,,ICE
2022-12-27 08:15:00,,ICE
2022-12-27 08:30:00,,ICE
2022-12-27 08:45:00,,ICE
2022-12-27 09:00:00,,ICE
2022-12-27 09:15:00,,ICE
2022-12-27 09:30:00,,ICE
2022-12-27 09:45:00,,ICE
2022-12-27 10:00:00,,ICE
2022-12-27 10:15:00,,ICE
2022-12-27 10:30:00,,ICE
2022-12-27 10:45:00,,ICE
2022-12-27 11:00:00,,ICE
2022-12-27 11:15:00,,ICE
2022-12-27 11:30:00,,ICE
2022-12-27 11:45:00,,ICE
2022-12-27 12:00:00,,ICE
2022-12-27 12:15:00,,ICE
2022-12-27 12:30:00,,ICE
2022-12-27 12:45:00,,ICE
2022-12-27 13:00:00,,ICE
2022-12-27 13:15:00,,ICE
2022-12-27 13:30:00,,ICE
2022-12-27 13:45:00,,ICE
2022-12-27 14:00:00,,ICE
2022-12-27 14:15:00,,ICE
2022-12-27 14:30:00,,ICE
2022-12-27 14:45:00,,ICE
2022-12-27 15:00:00,,ICE
2022-12-27 15:15:00,,ICE
2022-12-27 15:30:00,,ICE
2022-12-27 15:45:00,,ICE
2022-12-27 16:00:00,,ICE
2022-12-27 16:15:00,,ICE
2022-12-27 16:30:00,,ICE
2022-12-27 16:45:00,,ICE
2022-12-27 17:00:00,,ICE
2022-12-27 17:15:00,,ICE
2022-12-27 17:30:00,,ICE
2022-12-27 17:45:00,,ICE
2022-12-27 18:00:00,,ICE
2022-12-27 18:15:00,,ICE
2022-12-27 18:30:00,,ICE
2022-12-27 18:45:00,,ICE
2022-12-27 19:00:00,,ICE
2022-12-27 19:15:00,,ICE
2022-12-27 19:30:00,,ICE
2022-12-27 19:45:00,,ICE
2022-12-27 20:00:00,,ICE
2022-12-27 20:15:00,,ICE
2022-12-27 20:30:00,,ICE
2022-12-27 20:45:00,,ICE
2022-12-27 21:00:00,,ICE
2022-12-27 21:15:00,,ICE
2022-12-27 21:30:00,,ICE
2022-12-27 21:45:00,,ICE
2022-12-27 22:00:00,,ICE
2022-12-27 22:15:00,,ICE
2022-12-27 22:30:00,,ICE
2022-12-27 22:45:00,,ICE
2022-12-27 23:00:00,,ICE
2022-12-27 23:15:00,,ICE
2022-12-27 23:30:00,,ICE
2022-12-27 23:45:00,,ICE
2022-12-28 00:00:00,,ICE
2022-12-28 00:15:00,,ICE
2022-12-28 00:30:00,,ICE
2022-12-28 00:45:00,,ICE
2022-12-28 01:00:00,,ICE
2022-12-28 01:15:00,,ICE
2022-12-28 01:30:00,,ICE
2022-12-28 01:45:00,,ICE
2022-12-28 02:00:00,,ICE
2022-12-28 02:15:00,,ICE
2022-12-28 02:30:00,,ICE
2022-12-28 02:45:00,,ICE
2022-12-28 03:00:00,,ICE
2022-12-28 03:15:00,,ICE
2022-12-28 03:30:00,,ICE
2022-12-28 03:45:00,,ICE
2022-12-28 04:00:00,,ICE
2022-12-28 04:15:00,,ICE
2022-12-28 04:30:00,,ICE
2022-12-28 04:45:00,,ICE
2022-12-28 05:00:00,,ICE
2022-12-28 05:15:00,,ICE
2022-12-28 05:30:00,,ICE
2022-12-28 05:45:00,,ICE
2022-12-28 06:00:00,,ICE
2022-12-28 06:15:00,,ICE
2022-12-28 06:30:00,,ICE
2022-12-28 06:45:00,,ICE
2022-12-28 07:00:00,,ICE
2022-12-28 07:15:00,,ICE
2022-12-28 07:30:00,,ICE
2022-12-28 07:45:00,,ICE
2022-12-28 08:00:00,,ICE
2022-12-28 08:15:00,,ICE
2022-12-28 08:30:00,,ICE
2022-12-28 08:45:00,,ICE
2022-12-28 09:00:00,,ICE
2022-12-28 09:15:00,,ICE
2022-12-28 09:30:00,,ICE
2022-12-28 09:45:00,,ICE
2022-12-28 10:00:00,,ICE
2022-12-28 10:15:00,,ICE
2022-12-28 10:30:00,,ICE
2022-12-28 10:45:00,,ICE
2022-12-28 11:00:00,,ICE
2022-12-28 11:15:00,,ICE
2022-12-28 11:30:00,,ICE
2022-12-28 11:45:00,,ICE
2022-12-28 12:00:00,,ICE
2022-12-28 12:15:00,,ICE
2022-12-28 12:30:00,,ICE
2022-12-28 12:45:00,,ICE
2022-12-28 13:00:00,,ICE
2022-12-28 13:15:00,,ICE
2022-12-28 13:30:00,,ICE
2022-12-28 13:45:00,,ICE
2022-12-28 14:00:00,,ICE
2022-12-28 14:15:00,,ICE
2022-12-28 14:30:00,,ICE
2022-12-28 14:45:00,,ICE
2022-12-28 15:00:00,,ICE
2022-12-28 15:15:00,,ICE
2022-12-28 15:30:00,,ICE
2022-12-28 15:45:00,,ICE
2022-12-28 16:00:00,,ICE
2022-12-28 16:15:00,,ICE
2022-12-28 16:30:00,,ICE
2022-12-28 16:45:00,,ICE
2022-12-28 17:00:00,,ICE
2022-12-28 17:15:00,,ICE
2022-12-28 17:30:00,,ICE
2022-12-28 17:45:00,,ICE
2022-12-28 18:00:00,,ICE
2022-12-28 18:15:00,,ICE
2022-12-28 18:30:00,,ICE
2022-12-28 18:45:00,,ICE
2022-12-28 19:00:00,,ICE
2022-12-28 19:15:00,,ICE
2022-12-28 19:30:00,,ICE
2022-12-28 19:45:00,,ICE
2022-12-28 20:00:00,,ICE
2022-12-28 20:15:00,,ICE
2022-12-28 20:30:00,,ICE
2022-12-28 20:45:00,,ICE
2022-12-28 21:00:00,,ICE
2022-12-28 21:15:00,,ICE
2022-12-28 21:30:00,,ICE
2022-12-28 21:45:00,,ICE
2022-12-28 22:00:00,,ICE
2022-12-28 22:15:00,,ICE
2022-12-28 22:30:00,,ICE
2022-12-28 22:45:00,,ICE
2022-12-28 23:00:00,,ICE
2022-12-28 23:15:00,,ICE
2022-12-28 23:30:00,,ICE
2022-12-28 23:45:00,,ICE
2022-12-29 00:00:00,,ICE
2022-12-29 00:15:00,,ICE
2022-12-29 00:30:00,,ICE
2022-12-29 00:45:00,,ICE
2022-12-29 01:00:00,,ICE
2022-12-29 01:15:00,,ICE
2022-12-29 01:30:00,,ICE
2022-12-29 01:45:00,,ICE
2022-12-29 02:00:00,,ICE
2022-12-29 02:15:00,,ICE
2022-12-29 02:30:00,,ICE
2022-12-29 02:45:00,,ICE
2022-12-29 03:00:00,,ICE
2022-12-29 03:15:00,,ICE
2022-12-29 03:30:00,,ICE
2022-12-29 03:45:00,,ICE
2022-12-29 04:00:00,,ICE
2022-12-29 04:15:00,,ICE
2022-12-29 04:30:00,,ICE
2022-12-29 04:45:00,,ICE
2022-12-29 05:00:00,,ICE
2022-12-29 05:15:00,,ICE
2022-12-29 05:30:00,,ICE
2022-12-29 05:45:00,,ICE
2022-12-29 06:00:00,,ICE
2022-12-29 06:15:00,,ICE
2022-12-29 06:30:00,,ICE
2022-12-29 06:45:00,,ICE
2022-12-29 07:00:00,,ICE
2022-12-29 07:15:00,,ICE
2022-12-29 07:30:00,,ICE
2022-12-29 07:45:00,,ICE
2022-12-29 08:00:00,,ICE
2022-12-29 08:15:00,,ICE
2022-12-29 08:30:00,,ICE
2022-12-29 08:45:00,,ICE
2022-12-29 09:00:00,,ICE
2022-12-29 09:15:00,,ICE
2022-12-29 09:30:00,,ICE
2022-12-29 09:45:00,,ICE
2022-12-29 10:00:00,,ICE
2022-12-29 10:15:00,,ICE
2022-12-29 10:30:00,,ICE
2022-12-29 10:45:00,,ICE
2022-12-29 11:00:00,,ICE
2022-12-29 11:15:00,,ICE
2022-12-29 11:30:00,,ICE
2022-12-29 11:45:00,,ICE
2022-12-29 12:00:00,,ICE
2022-12-29 12:15:00,,ICE
2022-12-29 12:30:00,,ICE
2022-12-29 12:45:00,,ICE
2022-12-29 13:00:00,,ICE
2022-12-29 13:15:00,,ICE
2022-12-29 13:30:00,,ICE
2022-12-29 13:45:00,,ICE
2022-12-29 14:00:00,,ICE
2022-12-29 14:15:00,,ICE
2022-12-29 14:30:00,,ICE
2022-12-29 14:45:00,,ICE
2022-12-29 15:00:00,,ICE
2022-12-29 15:15:00,,ICE
2022-12-29 15:30:00,,ICE
2022-12-29 15:45:00,,ICE
2022-12-29 16:00:00,,ICE
2022-12-29 16:15:00,,ICE
2022-12-29 16:30:00,,ICE
2022-12-29 16:45:00,,ICE
2022-12-29 17:00:00,,ICE
2022-12-29 17:15:00,,ICE
2022-12-29 17:30:00,,ICE
2022-12-29 17:45:00,,ICE
2022-12-29 18:00:00,,ICE
2022-12-29 18:15:00,,ICE
2022-12-29 18:30:00,,ICE
2022-12-29 18:45:00,,ICE
2022-12-29 19:00:00,,ICE
2022-12-29 19:15:00,,ICE
2022-12-29 19:30:00,,ICE
2022-12-29 19:45:00,,ICE
2022-12-29 20:00:00,,ICE
2022-12-29 20:15:00,,ICE
2022-12-29 20:30:00,,ICE
2022-12-29 20:45:00,,ICE
2022-12-29 21:00:00,,ICE
2022-12-29 21:15:00,,ICE
2022-12-29 21:30:00,,ICE
2022-12-29 21:45:00,,ICE
2022-12-29 22:00:00,,ICE
2022-12-29 22:15:00,,ICE
2022-12-29 22:30:00,,ICE
2022-12-29 22:45:00,,ICE
2022-12-29 23:00:00,,ICE
2022-12-29 23:15:00,,ICE
2022-12-29 23:30:00,,ICE
2022-12-29 23:45:00,,ICE
2022-12-30 00:00:00,,ICE
2022-12-30 00:15:00,,ICE
2022-12-30 00:30:00,,ICE
2022-12-30 00:45:00,,ICE
2022-12-30 01:00:00,,ICE
2022-12-30 01:15:00,,ICE
2022-12-30 01:30:00,,ICE
2022-12-30 01:45:00,,ICE
2022-12-30 02:00:00,,ICE
2022-12-30 02:15:00,,ICE
2022-12-30 02:30:00,,ICE
2022-12-30 02:45:00,,ICE
2022-12-30 03:00:00,,ICE
2022-12-30 03:15:00,,ICE
2022-12-30 03:30:00,,ICE
2022-12-30 03:45:00,,ICE
2022-12-30 04:00:00,,ICE
2022-12-30 04:15:00,,ICE
2022-12-30 04:30:00,,ICE
2022-12-30 04:45:00,,ICE
2022-12-30 05:00:00,,ICE
2022-12-30 05:15:00,,ICE
2022-12-30 05:30:00,,ICE
2022-12-30 05:45:00,,ICE
2022-12-30 06:00:00,,ICE
2022-12-30 06:15:00,,ICE
2022-12-30 06:30:00,,ICE
2022-12-30 06:45:00,,ICE
2022-12-30 07:00:00,,ICE
2022-12-30 07:15:00,,ICE
2022-12-30 07:30:00,,ICE
2022-12-30 07:45:00,,ICE
2022-12-30 08:00:00,,ICE
2022-12-30 08:15:00,,ICE
2022-12-30 08:30:00,,ICE
2022-12-30 08:45:00,,ICE
2022-12-30 09:00:00,,ICE
2022-12-30 09:15:00,,ICE
2022-12-30 09:30:00,,ICE
2022-12-30 09:45:00,,ICE
2022-12-30 10:00:00,,ICE
2022-12-30 10:15:00,,ICE
2022-12-30 10:30:00,,ICE
2022-12-30 10:45:00,,ICE
2022-12-30 11:00:00,,ICE
2022-12-30 11:15:00,,ICE
2022-12-30 11:30:00,,ICE
2022-12-30 11:45:00,,ICE
2022-12-30 12:00:00,,ICE
2022-12-30 12:15:00,,ICE
2022-12-30 12:30:00,,ICE
2022-12-30 12:45:00,,ICE
2022-12-30 13:00:00,,ICE
2022-12-30 13:15:00,,ICE
2022-12-30 13:30:00,,ICE
2022-12-30 13:45:00,,ICE
2022-12-30 14:00:00,,ICE
2022-12-30 14:15:00,,ICE
2022-12-30 14:30:00,,ICE
2022-12-30 14:45:00,,ICE
2022-12-30 15:00:00,,ICE
2022-12-30 15:15:00,,ICE
2022-12-30 15:30:00,,ICE
2022-12-30 15:45:00,,ICE
2022-12-30 16:00:00,,ICE
2022-12-30 16:15:00,,ICE
2022-12-30 16:30:00,,ICE
2022-12-30 16:45:00,,ICE
2022-12-30 17:00:00,,ICE
2022-12-30 17:15:00,,ICE
2022-12-30 17:30:00,,ICE
2022-12-30 17:45:00,,ICE
2022-12-30 18:00:00,,ICE
2022-12-30 18:15:00,,ICE
2022-12-30 18:30:00,,ICE
2022-12-30 18:45:00,,ICE
2022-12-30 19:00:00,,ICE
2022-12-30 19:15:00,,ICE
2022-12-30 19:30:00,,ICE
2022-12-30 19:45:00,,ICE
2022-12-30 20:00:00,,ICE
2022-12-30 20:15:00,,ICE
2022-12-30 20:30:00,,ICE
2022-12-30 20:45:00,,ICE
2022-12-30 21:00:00,,ICE
2022-12-30 21:15:00,,ICE
2022-12-30 21:30:00,,ICE
2022-12-30 21:45:00,,ICE
2022-12-30 22:00:00,,ICE
2022-12-30 22:15:00,,ICE
2022-12-30 22:30:00,,ICE
2022-12-30 22:45:00,,ICE
2022-12-30 23:00:00,,ICE
2022-12-30 23:15:00,,ICE
2022-12-30 23:30:00,,ICE
2022-12-30 23:45:00,,ICE
2022-12-31 00:00:00,,ICE
2022-12-31 00:15:00,,ICE
2022-12-31 00:30:00,,ICE
2022-12-31 00:45:00,,ICE
2022-12-31 01:00:00,,ICE
2022-12-31 01:15:00,,ICE
2022-12-31 01:30:00,,ICE
2022-12-31 01:45:00,,ICE
2022-12-31 02:00:00,,ICE
2022-12-31 02:15:00,,ICE
2022-12-31 02:30:00,,ICE
2022-12-31 02:45:00,,ICE
2022-12-31 03:00:00,,ICE
2022-12-31 03:15:00,,ICE
2022-12-31 03:30:00,,ICE
2022-12-31 03:45:00,,ICE
2022-12-31 04:00:00,,ICE
2022-12-31 04:15:00,,ICE
2022-12-31 04:30:00,,ICE
2022-12-31 04:45:00,,ICE
2022-12-31 05:00:00,,ICE
2022-12-31 05:15:00,,ICE
2022-12-31 05:30:00,,ICE
2022-12-31 05:45:00,,ICE
2022-12-31 06:00:00,,ICE
2022-12-31 06:15:00,,ICE
2022-12-31 06:30:00,,ICE
2022-12-31 06:45:00,,ICE
2022-12-31 07:00:00,,ICE
2022-12-31 07:15:00,,ICE
2022-12-31 07:30:00,,ICE
2022-12-31 07:45:00,,ICE
2022-12-31 08:00:00,,ICE
2022-12-31 08:15:00,,ICE
2022-12-31 08:30:00,,ICE
2022-12-31 08:45:00,,ICE
2022-12-31 09:00:00,,ICE
2022-12-31 09:15:00,,ICE
2022-12-31 09:30:00,,ICE
2022-12-31 09:45:00,,ICE
2022-12-31 10:00:00,,ICE
2022-12-31 10:15:00,,ICE
2022-12-31 10:30:00,,ICE
2022-12-31 10:45:00,,ICE
2022-12-31 11:00:00,,ICE
2022-12-31 11:15:00,,ICE
2022-12-31 11:30:00,,ICE
2022-12-31 11:45:00,,ICE
2022-12-31 12:00:00,,ICE
2022-12-31 12:15:00,,ICE
2022-12-31 12:30:00,,ICE
2022-12-31 12:45:00,,ICE
2022-12-31 13:00:00,,ICE
2022-12-31 13:15:00,,ICE
2022-12-31 13:30:00,,ICE
2022-12-31 13:45:00,,ICE
2022-12-31 14:00:00,,ICE
2022-12-31 14:15:00,,ICE
2022-12-31 14:30:00,,ICE
2022-12-31 14:45:00,,ICE
2022-12-31 15:00:00,,ICE
2022-12-31 15:15:00,,ICE
2022-12-31 15:30:00,,ICE
2022-12-31 15:45:00,,ICE
2022-12-31 16:00:00,,ICE
2022-12-31 16:15:00,,ICE
2022-12-31 16:30:00,,ICE
2022-12-31 16:45:00,,ICE
2022-12-31 17:00:00,,ICE
2022-12-31 17:15:00,,ICE
2022-12-31 17:30:00,,ICE
2022-12-31 17:45:00,,ICE
2022-12-31 18:00:00,,ICE
2022-12-31 18:15:00,,ICE
2022-12-31 18:30:00,,ICE
2022-12-31 18:45:00,,ICE
2022-12-31 19:00:00,,ICE
2022-12-31 19:15:00,,ICE
2022-12-31 19:30:00,,ICE
2022-12-31 19:45:00,,ICE
2022-12-31 20:00:00,,ICE
2022-12-31 20:15:00,,ICE
2022-12-31 20:30:00,,ICE
2022-12-31 20:45:00,,ICE
2022-12-31 21:00:00,,ICE
2022-12-31 21:15:00,,ICE
2022-12-31 21:30:00,,ICE
2022-12-31 21:45:00,,ICE
2022-12-31 22:00:00,,ICE
2022-12-31 22:15:00,,ICE
2022-12-31 22:30:00,,ICE
2022-12-31 22:45:00,,ICE
2022-12-31 23:00:00,,ICE
2022-12-31 23:15:00,,ICE
2022-12-31 23:30:00,,ICE
2022-12-31 23:45:00,,ICE
